Energy Loss (eV)	Original	Background_fit	Background_subtracted
1.058402921468904765e+02	1.446087890625000000e+03	1.400215920617163647e+03	4.587197000783635303e+01
1.059652921468904765e+02	1.448308593750000000e+03	1.393979073825042633e+03	5.432951992495736704e+01
1.060902921468904765e+02	1.442275390625000000e+03	1.387777311005658703e+03	5.449807961934129708e+01
1.062152921468904765e+02	1.431619140625000000e+03	1.381610393812814891e+03	5.000874681218510887e+01
1.063402921468904765e+02	1.426662109375000000e+03	1.375478085797351696e+03	5.118402357764830413e+01
1.064652921468904765e+02	1.421736328125000000e+03	1.369380152389841442e+03	5.235617573515855838e+01
1.065902921468904765e+02	1.417654296875000000e+03	1.363316360883463176e+03	5.433793599153682408e+01
1.067152921468904765e+02	1.416500000000000000e+03	1.357286480417048779e+03	5.921351958295122131e+01
1.068402921468904765e+02	1.403269531250000000e+03	1.351290281958309833e+03	5.197924929169016650e+01
1.069652921468904765e+02	1.392212890625000000e+03	1.345327538287228435e+03	4.688535233777156463e+01
1.070902921468904765e+02	1.388572265625000000e+03	1.339398023979624213e+03	4.917424164537578690e+01
1.072152921468904765e+02	1.410542968750000000e+03	1.333501515390886880e+03	7.704145335911312031e+01
1.073402921468904765e+02	1.395097656250000000e+03	1.327637790639875220e+03	6.745986561012477978e+01
1.074652921468904765e+02	1.383888671875000000e+03	1.321806629592978652e+03	6.208204228202134800e+01
1.075902921468904765e+02	1.365316406250000000e+03	1.316007813848344767e+03	4.930859240165523261e+01
1.077152921468904765e+02	1.358277343750000000e+03	1.310241126720263765e+03	4.803621702973623542e+01
1.078402921468904765e+02	1.357287109375000000e+03	1.304506353223714086e+03	5.278075615128591380e+01
1.079652921468904765e+02	1.354800781250000000e+03	1.298803280059062672e+03	5.599750119093732792e+01
1.080902921468904765e+02	1.353503906250000000e+03	1.293131695596923009e+03	6.037221065307699064e+01
1.082152921468904765e+02	1.323876953125000000e+03	1.287491389863163477e+03	3.638556326183652345e+01
1.083402921468904765e+02	1.327140625000000000e+03	1.281882154524070984e+03	4.525847047592901617e+01
1.084652921468904765e+02	1.316318359375000000e+03	1.276303782871660815e+03	4.001457650333918536e+01
1.085902921468904765e+02	1.312375000000000000e+03	1.270756069809137443e+03	4.161893019086255663e+01
1.087152921468904765e+02	1.330312500000000000e+03	1.265238811836500417e+03	6.507368816349958252e+01
1.088402921468904765e+02	1.321222656250000000e+03	1.259751807036295759e+03	6.147084921370424127e+01
1.089652921468904765e+02	1.323417968750000000e+03	1.254294855059511292e+03	6.912311369048870802e+01
1.090902921468904765e+02	1.305781250000000000e+03	1.248867757111612264e+03	5.691349288838773646e+01
1.092152921468904765e+02	1.284158203125000000e+03	1.243470315938717931e+03	4.068788718628206880e+01
1.093402921468904765e+02	1.282912109375000000e+03	1.238102335813917307e+03	4.480977356108269305e+01
1.094652921468904765e+02	1.284839843750000000e+03	1.232763622523720642e+03	5.207622122627935823e+01
1.095902921468904765e+02	1.283048828125000000e+03	1.227453983354646653e+03	5.559484477035334749e+01
1.097152921468904765e+02	1.266484375000000000e+03	1.222173227079945264e+03	4.431114792005473646e+01
1.098402921468904765e+02	1.270736328125000000e+03	1.216921163946451088e+03	5.381516417854891188e+01
1.099652921468904765e+02	1.264998046875000000e+03	1.211697605661568105e+03	5.330044121343189545e+01
1.100902921468904765e+02	1.256382812500000000e+03	1.206502365380384845e+03	4.988044711961515532e+01
1.102152921468904765e+02	1.262611328125000000e+03	1.201335257692917594e+03	6.127607043208240611e+01
1.103402921468904765e+02	1.237339843750000000e+03	1.196196098611478192e+03	4.114374513852180826e+01
1.104652921468904765e+02	1.234068359375000000e+03	1.191084705558172118e+03	4.298365381682788211e+01
1.105902921468904765e+02	1.229472656250000000e+03	1.186000897352513221e+03	4.347175889748677946e+01
1.107152921468904765e+02	1.219789062500000000e+03	1.180944494199168730e+03	3.884456830083126988e+01
1.108402921468904765e+02	1.222498046875000000e+03	1.175915317675819097e+03	4.658272919918090338e+01
1.109652921468904765e+02	1.225160156250000000e+03	1.170913190721142655e+03	5.424696552885734491e+01
1.110902921468904765e+02	1.218751953125000000e+03	1.165937937622915115e+03	5.281401550208488516e+01
1.112152921468904765e+02	1.214496093750000000e+03	1.160989384006228192e+03	5.350670974377180755e+01
1.113402921468904765e+02	1.212908203125000000e+03	1.156067356821824433e+03	5.684084630317556730e+01
1.114652921468904765e+02	1.210734375000000000e+03	1.151171684334546171e+03	5.956269066545382884e+01
1.115902921468904765e+02	1.202089843750000000e+03	1.146302196111896819e+03	5.578764763810318073e+01
1.117152921468904765e+02	1.187824218750000000e+03	1.141458723012716973e+03	4.636549573728302676e+01
1.118402921468904765e+02	1.190533203125000000e+03	1.136641097175969890e+03	5.389210594903011042e+01
1.119652921468904765e+02	1.189199218750000000e+03	1.131849152009635191e+03	5.735006674036480945e+01
1.120902921468904765e+02	1.186490234375000000e+03	1.127082722179715574e+03	5.940751219528442562e+01
1.122152921468904765e+02	1.177750000000000000e+03	1.122341643599346526e+03	5.540835640065347434e+01
1.123402921468904765e+02	1.179132812500000000e+03	1.117625753418013574e+03	6.150705908198642646e+01
1.124652921468904765e+02	1.176146484375000000e+03	1.112934890010876643e+03	6.321159436412335708e+01
1.125902921468904765e+02	1.176513671875000000e+03	1.108268892968195587e+03	6.824477890680441305e+01
1.127152921468904765e+02	1.144013671875000000e+03	1.103627603084860084e+03	4.038606879013991602e+01
1.128402921468904765e+02	1.136162109375000000e+03	1.099010862350020716e+03	3.715124702497928411e+01
1.129652921468904765e+02	1.134511718750000000e+03	1.094418513936820773e+03	4.009320481317922713e+01
1.130902921468904765e+02	1.131816406250000000e+03	1.089850402192227875e+03	4.196600405777212472e+01
1.132152921468904765e+02	1.130222656250000000e+03	1.085306372626963139e+03	4.491628362303686117e+01
1.133402921468904765e+02	1.127054687500000000e+03	1.080786271905529020e+03	4.626841559447098007e+01
1.134652921468904765e+02	1.126511718750000000e+03	1.076289947836332431e+03	5.022177091366756940e+01
1.135902921468904765e+02	1.109951171875000000e+03	1.071817249361904032e+03	3.813392251309596759e+01
1.137152921468904765e+02	1.114158203125000000e+03	1.067368026549210299e+03	4.679017657578970102e+01
1.138402921468904765e+02	1.105310546875000000e+03	1.062942130580060621e+03	4.236841629493937944e+01
1.139652921468904765e+02	1.106980468750000000e+03	1.058539413741606722e+03	4.844105500839327760e+01
1.140902921468904765e+02	1.113949218750000000e+03	1.054159729416930304e+03	5.978948933306969593e+01
1.142152921468904765e+02	1.113226562500000000e+03	1.049802932075725948e+03	6.342363042427405162e+01
1.143402921468904765e+02	1.104361328125000000e+03	1.045468877265068386e+03	5.889245085993161410e+01
1.144652921468904765e+02	1.080097656250000000e+03	1.041157421600272073e+03	3.894023464972792681e+01
1.145902921468904765e+02	1.072439453125000000e+03	1.036868422755835354e+03	3.557103036916464589e+01
1.147152921468904765e+02	1.077345703125000000e+03	1.032601739456473751e+03	4.474396366852624851e+01
1.148402921468904765e+02	1.087152343750000000e+03	1.028357231468236023e+03	5.879511228176397708e+01
1.149652921468904765e+02	1.079636718750000000e+03	1.024134759589707301e+03	5.550195916029269938e+01
1.150902921468904765e+02	1.060263671875000000e+03	1.019934185643294427e+03	4.032948623170557312e+01
1.152152921468904765e+02	1.070806640625000000e+03	1.015755372466595873e+03	5.505126815840412746e+01
1.153402921468904765e+02	1.067218750000000000e+03	1.011598183903851350e+03	5.562056609614865010e+01
1.154652921468904765e+02	1.074892578125000000e+03	1.007462484797474758e+03	6.743009332752524188e+01
1.155902921468904765e+02	1.066115234375000000e+03	1.003348140979666368e+03	6.276709339533363163e+01
1.157152921468904765e+02	1.048330078125000000e+03	9.992550192641042486e+02	4.907505886089575142e+01
1.158402921468904765e+02	1.038173828125000000e+03	9.951829874377156102e+02	4.299084068728438979e+01
1.159652921468904765e+02	1.042560546875000000e+03	9.911319142525237567e+02	5.142863262247624334e+01
1.160902921468904765e+02	1.035675781250000000e+03	9.871016694175742714e+02	4.857411183242572861e+01
1.162152921468904765e+02	1.036832031250000000e+03	9.830921235909363531e+02	5.373990765906364686e+01
1.163402921468904765e+02	1.025199218750000000e+03	9.791031483717787296e+02	4.609607037822127040e+01
1.164652921468904765e+02	1.036888671875000000e+03	9.751346162925212866e+02	6.175405558247871340e+01
1.165902921468904765e+02	1.018095703125000000e+03	9.711864008110609348e+02	4.690930231393906524e+01
1.167152921468904765e+02	1.013935546875000000e+03	9.672583763030687578e+02	4.667717057193124219e+01
1.168402921468904765e+02	1.013357421875000000e+03	9.633504180543602615e+02	5.000700382063973848e+01
1.169652921468904765e+02	9.957148437500000000e+02	9.594624022533380412e+02	3.625244149666195881e+01
1.170902921468904765e+02	1.000103515625000000e+03	9.555942059835040254e+02	4.450930964149597457e+01
1.172152921468904765e+02	1.001123046875000000e+03	9.517457072160412963e+02	4.937733965895870369e+01
1.173402921468904765e+02	9.840644531250000000e+02	9.479167848024676459e+02	3.614766832253235407e+01
1.174652921468904765e+02	9.860722656250000000e+02	9.441073184673545029e+02	4.196494715764549710e+01
1.175902921468904765e+02	9.761406250000000000e+02	9.403171888011158899e+02	3.582343619888411013e+01
1.177152921468904765e+02	9.643300781250000000e+02	9.365462772528642290e+02	2.778380087213577099e+01
1.178402921468904765e+02	9.551406250000000000e+02	9.327944661233316310e+02	2.234615887666836898e+01
1.179652921468904765e+02	9.485839843750000000e+02	9.290616385578583731e+02	1.952234581714162687e+01
1.180902921468904765e+02	9.552734375000000000e+02	9.253476785394445869e+02	2.992575896055541307e+01
1.182152921468904765e+02	9.527988281250000000e+02	9.216524708818690215e+02	3.114635724313097853e+01
1.183402921468904765e+02	9.411542968750000000e+02	9.179759012228685151e+02	2.317839565213148489e+01
1.184652921468904765e+02	9.556113281250000000e+02	9.143178560173830647e+02	4.129347210761693532e+01
1.185902921468904765e+02	9.358359375000000000e+02	9.106782225308617171e+02	2.515771496913828287e+01
1.187152921468904765e+02	9.347246093750000000e+02	9.070568888326316710e+02	2.766772054236832901e+01
1.188402921468904765e+02	9.206933593750000000e+02	9.034537437893267224e+02	1.723961558567327756e+01
1.189652921468904765e+02	9.185683593750000000e+02	8.998686770583783527e+02	1.869968231662164726e+01
1.190902921468904765e+02	9.271464843750000000e+02	8.963015790815646824e+02	3.084490529343531762e+01
1.192152921468904765e+02	9.159296875000000000e+02	8.927523410786210434e+02	2.317734642137895662e+01
1.193402921468904765e+02	9.113476562500000000e+02	8.892208550409063719e+02	2.212680120909362813e+01
1.194652921468904765e+02	9.270410156250000000e+02	8.857070137251303095e+02	4.133400189986969053e+01
1.195902921468904765e+02	9.273242187500000000e+02	8.822107106471368070e+02	4.511350810286319302e+01
1.197152921468904765e+02	9.098417968750000000e+02	8.787318400757437757e+02	3.110995679925622426e+01
1.198402921468904765e+02	9.012031250000000000e+02	8.752702970266411739e+02	2.593282797335882606e+01
1.199652921468904765e+02	9.028242187500000000e+02	8.718259772563420711e+02	3.099824149365792891e+01
1.200902921468904765e+02	8.912597656250000000e+02	8.683987772561921474e+02	2.286098836880785257e+01
1.202152921468904765e+02	8.928417968750000000e+02	8.649885942464306936e+02	2.785320262856930640e+01
1.203402921468904765e+02	8.892148437500000000e+02	8.615953261703077715e+02	2.761951757969222854e+01
1.204652921468904765e+02	8.778398437500000000e+02	8.582188716882544668e+02	1.962097206174553321e+01
1.205902921468904765e+02	8.823632812500000000e+02	8.548591301721055515e+02	2.750415107789444846e+01
1.207152921468904765e+02	8.880605468750000000e+02	8.515160016993751242e+02	3.654454517562487581e+01
1.208402921468904765e+02	8.756269531250000000e+02	8.481893870475842050e+02	2.743756607741579501e+01
1.209652921468904765e+02	8.664648437500000000e+02	8.448791876886391492e+02	2.158565606136085080e+01
1.210902921468904765e+02	8.634882812500000000e+02	8.415853057832621289e+02	2.190297546673787110e+01
1.212152921468904765e+02	8.687968750000000000e+02	8.383076441754705002e+02	3.048923082452949984e+01
1.213402921468904765e+02	8.580039062500000000e+02	8.350461063871071019e+02	2.295779986289289809e+01
1.214652921468904765e+02	8.556347656250000000e+02	8.318005966124196675e+02	2.383416901258033249e+01
1.215902921468904765e+02	8.519316406250000000e+02	8.285710197126892353e+02	2.336062091231076465e+01
1.217152921468904765e+02	8.440468750000000000e+02	8.253572812109058532e+02	1.868959378909414681e+01
1.218402921468904765e+02	8.477636718750000000e+02	8.221592872864939636e+02	2.560438458850603638e+01
1.219652921468904765e+02	8.383710937500000000e+02	8.189769447700841738e+02	1.939414897991582620e+01
1.220902921468904765e+02	8.306972656250000000e+02	8.158101611383318641e+02	1.488710448666813591e+01
1.222152921468904765e+02	8.273281250000000000e+02	8.126588445087822947e+02	1.466928049121770528e+01
1.223402921468904765e+02	8.294492187500000000e+02	8.095229036347827787e+02	1.992631511521722132e+01
1.224652921468904765e+02	8.274804687500000000e+02	8.064022479004381694e+02	2.107822084956183062e+01
1.225902921468904765e+02	8.160097656250000000e+02	8.032967873156145515e+02	1.271297830938544848e+01
1.227152921468904765e+02	8.134453125000000000e+02	8.002064325109843139e+02	1.323887998901568608e+01
1.228402921468904765e+02	8.142480468750000000e+02	7.971310947331177204e+02	1.711695214188227965e+01
1.229652921468904765e+02	8.086308593750000000e+02	7.940706858396177950e+02	1.456017353538220505e+01
1.230902921468904765e+02	8.123320312500000000e+02	7.910251182942972719e+02	2.130691295570272814e+01
1.232152921468904765e+02	8.239707031250000000e+02	7.879943051624004511e+02	3.597639796259954892e+01
1.233402921468904765e+02	8.181679687500000000e+02	7.849781601058655269e+02	3.318980864413447307e+01
1.234652921468904765e+02	8.118789062500000000e+02	7.819765973786306859e+02	2.990230887136931415e+01
1.235902921468904765e+02	7.934882812500000000e+02	7.789895318219807905e+02	1.449874942801920952e+01
1.237152921468904765e+02	7.853378906250000000e+02	7.760168788599359004e+02	9.321011765064099563e+00
1.238402921468904765e+02	7.768300781250000000e+02	7.730585544946793561e+02	3.771523630320643861e+00
1.239652921468904765e+02	7.773261718750000000e+02	7.701144753020286089e+02	7.211696572971391106e+00
1.240902921468904765e+02	7.875195312500000000e+02	7.671845584269437950e+02	2.033497282305620502e+01
1.242152921468904765e+02	7.717402343750000000e+02	7.642687215790768960e+02	7.471512795923104022e+00
1.243402921468904765e+02	7.582441406250000000e+02	7.613668830283604620e+02	-3.122742403360462049e+00
1.244652921468904765e+02	7.729433593750000000e+02	7.584789616006345341e+02	1.446439777436546592e+01
1.245902921468904765e+02	7.699648437500000000e+02	7.556048766733126740e+02	1.435996707668732597e+01
1.247152921468904765e+02	7.670019531250000000e+02	7.527445481710852846e+02	1.425740495391471541e+01
1.248402921468904765e+02	7.602324218750000000e+02	7.498978965616614687e+02	1.033452531333853130e+01
1.249652921468904765e+02	7.633085937500000000e+02	7.470648428515476098e+02	1.624375089845239017e+01
1.250902921468904765e+02	7.594960937500000000e+02	7.442453085818635827e+02	1.525078516813641727e+01
1.252152921468904765e+02	7.556113281250000000e+02	7.414392158241950028e+02	1.417211230080499718e+01
1.253402921468904765e+02	7.563945312500000000e+02	7.386464871764820828e+02	1.774804407351791724e+01
1.254652921468904765e+02	7.589902343750000000e+02	7.358670457589441867e+02	2.312318861605581333e+01
1.255902921468904765e+02	7.579062500000000000e+02	7.331008152100403095e+02	2.480543478995969053e+01
1.257152921468904765e+02	7.506210937500000000e+02	7.303477196824642306e+02	2.027337406753576943e+01
1.258402921468904765e+02	7.513320312500000000e+02	7.276076838391754791e+02	2.372434741082452092e+01
1.259652921468904765e+02	7.419531250000000000e+02	7.248806328494633817e+02	1.707249215053661828e+01
1.260902921468904765e+02	7.257675781250000000e+02	7.221664923850472633e+02	3.601085739952736731e+00
1.262152921468904765e+02	7.329003906250000000e+02	7.194651886162082519e+02	1.343520200879174809e+01
1.263402921468904765e+02	7.363222656250000000e+02	7.167766482079570096e+02	1.954561741704299038e+01
1.264652921468904765e+02	7.338378906250000000e+02	7.141007983162327264e+02	1.973709230876727361e+01
1.265902921468904765e+02	7.213886718750000000e+02	7.114375665841361069e+02	9.951105290863893060e+00
1.267152921468904765e+02	7.265195312500000000e+02	7.087868811381946443e+02	1.773265011180535566e+01
1.268402921468904765e+02	7.215429687500000000e+02	7.061486705846604082e+02	1.539429816533959183e+01
1.269652921468904765e+02	7.258476562500000000e+02	7.035228640058390965e+02	2.232479224416090346e+01
1.270902921468904765e+02	7.119667968750000000e+02	7.009093909564516025e+02	1.105740591854839749e+01
1.272152921468904765e+02	7.103593750000000000e+02	6.983081814600266171e+02	1.205119353997338294e+01
1.273402921468904765e+02	7.044335937500000000e+02	6.957191660053241549e+02	8.714427744675845133e+00
1.274652921468904765e+02	7.028417968750000000e+02	6.931422755427897755e+02	9.699521332210224500e+00
1.275902921468904765e+02	6.995937500000000000e+02	6.905774414810395001e+02	9.016308518960499896e+00
1.277152921468904765e+02	6.905664062500000000e+02	6.880245956833751961e+02	2.541810566624803869e+00
1.278402921468904765e+02	6.964843750000000000e+02	6.854836704643287248e+02	1.100070453567127515e+01
1.279652921468904765e+02	6.969042968750000000e+02	6.829545985862373527e+02	1.394969828876264728e+01
1.280902921468904765e+02	6.778242187500000000e+02	6.804373132558466750e+02	-2.613094505846675020e+00
1.282152921468904765e+02	6.825058593750000000e+02	6.779317481209442349e+02	4.574111254055765130e+00
1.283402921468904765e+02	6.756582031250000000e+02	6.754378372670204271e+02	2.203658579795728656e-01
1.284652921468904765e+02	6.649101562500000000e+02	6.729555152139594156e+02	-8.045358963959415632e+00
1.285902921468904765e+02	6.723437500000000000e+02	6.704847169127566531e+02	1.859033087243346927e+00
1.287152921468904765e+02	6.781347656250000000e+02	6.680253777422656185e+02	1.010938788273438149e+01
1.288402921468904765e+02	6.885839843750000000e+02	6.655774335059718396e+02	2.300655086902816038e+01
1.289652921468904765e+02	6.744687500000000000e+02	6.631408204287938588e+02	1.132792957120614119e+01
1.290902921468904765e+02	6.660996093750000000e+02	6.607154751539122799e+02	5.384134221087720107e+00
1.292152921468904765e+02	6.565468750000000000e+02	6.583013347396246218e+02	-1.754459739624621761e+00
1.293402921468904765e+02	6.619726562500000000e+02	6.558983366562281390e+02	6.074319593771861037e+00
1.294652921468904765e+02	6.634121093750000000e+02	6.535064187829278808e+02	9.905690592072119216e+00
1.295902921468904765e+02	6.613828125000000000e+02	6.511255194047714667e+02	1.025729309522853328e+01
1.297152921468904765e+02	6.587773437500000000e+02	6.487555772096092142e+02	1.002176654039078585e+01
1.298402921468904765e+02	6.393789062500000000e+02	6.463965312850814371e+02	-7.017625035081437090e+00
1.299652921468904765e+02	6.546621093750000000e+02	6.440483211156291645e+02	1.061378825937083548e+01
1.300902921468904765e+02	6.517675781250000000e+02	6.417108865795311203e+02	1.005669154546887967e+01
1.302152921468904765e+02	6.538847656250000000e+02	6.393841679459659417e+02	1.450059767903405827e+01
1.303402921468904765e+02	6.432441406250000000e+02	6.370681058720979308e+02	6.176034752902069158e+00
1.304652921468904765e+02	6.412187500000000000e+02	6.347626414001890680e+02	6.456108599810931992e+00
1.305902921468904765e+02	6.353964843750000000e+02	6.324677159547333076e+02	2.928768420266692374e+00
1.307152921468904765e+02	6.267656250000000000e+02	6.301832713396164536e+02	-3.417646339616453588e+00
1.308402921468904765e+02	6.315722656250000000e+02	6.279092497352985447e+02	3.663015889701455308e+00
1.309652921468904765e+02	6.294003906250000000e+02	6.256455936960214785e+02	3.754796928978521464e+00
1.310902921468904765e+02	6.271992187500000000e+02	6.233922461470380085e+02	3.806972602961991470e+00
1.312152921468904765e+02	6.138496093750000000e+02	6.211491503818655247e+02	-7.299541006865524650e+00
1.313402921468904765e+02	6.026777343750000000e+02	6.189162500595618894e+02	-1.623851568456188943e+01
1.314652921468904765e+02	6.141953125000000000e+02	6.166934892020246934e+02	-2.498176702024693441e+00
1.315902921468904765e+02	6.132910156250000000e+02	6.144808121913114292e+02	-1.189796566311429160e+00
1.317152921468904765e+02	6.203535156250000000e+02	6.122781637669844486e+02	8.075351858015551443e+00
1.318402921468904765e+02	6.142832031250000000e+02	6.100854890234755885e+02	4.197714101524411490e+00
1.319652921468904765e+02	6.109140625000000000e+02	6.079027334074743294e+02	3.011329092525670603e+00
1.320902921468904765e+02	6.070585937500000000e+02	6.057298427153369857e+02	1.328751034663014252e+00
1.322152921468904765e+02	6.054589843750000000e+02	6.035667630905168153e+02	1.892221284483184718e+00
1.323402921468904765e+02	6.082519531250000000e+02	6.014134410210173201e+02	6.838512103982679946e+00
1.324652921468904765e+02	5.987148437500000000e+02	5.992698233368638512e+02	-5.549795868638511820e-01
1.325902921468904765e+02	5.977558593750000000e+02	5.971358572075986331e+02	6.200021674013669326e-01
1.327152921468904765e+02	5.848691406250000000e+02	5.950114901397953417e+02	-1.014234951479534175e+01
1.328402921468904765e+02	5.970468750000000000e+02	5.928966699745935784e+02	4.150205025406421555e+00
1.329652921468904765e+02	5.960546875000000000e+02	5.907913448852553984e+02	5.263342614744601633e+00
1.330902921468904765e+02	5.834453125000000000e+02	5.886954633747404841e+02	-5.250150874740484142e+00
1.332152921468904765e+02	5.837988281250000000e+02	5.866089742733016692e+02	-2.810146148301669200e+00
1.333402921468904765e+02	5.850449218750000000e+02	5.845318267361004700e+02	5.130951388995299567e-01
1.334652921468904765e+02	5.832460937500000000e+02	5.824639702408420590e+02	7.821235091579410437e-01
1.335902921468904765e+02	5.826250000000000000e+02	5.804053545854299045e+02	2.219645414570095454e+00
1.337152921468904765e+02	5.811601562500000000e+02	5.783559298856388295e+02	2.804226364361170454e+00
1.338402921468904765e+02	5.837656250000000000e+02	5.763156465728079638e+02	7.449978427192036179e+00
1.339652921468904765e+02	5.867734375000000000e+02	5.742844553915526831e+02	1.248898210844731693e+01
1.340902921468904765e+02	5.748457031250000000e+02	5.722623073974941690e+02	2.583395727505831019e+00
1.342152921468904765e+02	5.646210937500000000e+02	5.702491539550088646e+02	-5.628060205008864614e+00
1.343402921468904765e+02	5.665742187500000000e+02	5.682449467349950964e+02	-1.670727984995096449e+00
1.344652921468904765e+02	5.644960937500000000e+02	5.662496377126590232e+02	-1.753543962659023236e+00
1.345902921468904765e+02	5.658593750000000000e+02	5.642631791653174105e+02	1.596195834682589521e+00
1.347152921468904765e+02	5.714921875000000000e+02	5.622855236702196180e+02	9.206663829780382002e+00
1.348402921468904765e+02	5.718632812500000000e+02	5.603166241023861858e+02	1.154665714761381423e+01
1.349652921468904765e+02	5.604726562500000000e+02	5.583564336324653823e+02	2.116222617534617711e+00
1.350902921468904765e+02	5.532675781250000000e+02	5.564049057246072607e+02	-3.137327599607260709e+00
1.352152921468904765e+02	5.506523437500000000e+02	5.544619941343553364e+02	-3.809650384355336428e+00
1.353402921468904765e+02	5.489238281250000000e+02	5.525276529065538398e+02	-3.603824781553839784e+00
1.354652921468904765e+02	5.460332031250000000e+02	5.506018363732740681e+02	-4.568633248274068137e+00
1.355902921468904765e+02	5.567871093750000000e+02	5.486844991517552899e+02	8.102610223244710141e+00
1.357152921468904765e+02	5.489023437500000000e+02	5.467755961423642930e+02	2.126747607635707027e+00
1.358402921468904765e+02	5.423554687500000000e+02	5.448750825265700541e+02	-2.519613776570054142e+00
1.359652921468904765e+02	5.306718750000000000e+02	5.429829137649348922e+02	-1.231103876493489224e+01
1.360902921468904765e+02	5.497734375000000000e+02	5.410990455951230160e+02	8.674391904876983972e+00
1.362152921468904765e+02	5.519042968750000000e+02	5.392234340299228279e+02	1.268086284507717210e+01
1.363402921468904765e+02	5.389882812500000000e+02	5.373560353552874176e+02	1.632245894712582412e+00
1.364652921468904765e+02	5.322011718750000000e+02	5.354968061283897214e+02	-3.295634253389721380e+00
1.365902921468904765e+02	5.353144531250000000e+02	5.336457031756932565e+02	1.668749949306743474e+00
1.367152921468904765e+02	5.299472656250000000e+02	5.318026835910379759e+02	-1.855417966037975930e+00
1.368402921468904765e+02	5.214921875000000000e+02	5.299677047337432896e+02	-8.475517233743289580e+00
1.369652921468904765e+02	5.310878906250000000e+02	5.281407242267237052e+02	2.947166398276294785e+00
1.370902921468904765e+02	5.290175781250000000e+02	5.263216999546209536e+02	2.695878170379046423e+00
1.372152921468904765e+02	5.202402343750000000e+02	5.245105900619518025e+02	-4.270355686951802454e+00
1.373402921468904765e+02	5.126367187500000000e+02	5.227073529512684900e+02	-1.007063420126848996e+01
1.374652921468904765e+02	5.198046875000000000e+02	5.209119472813357561e+02	-1.107259781335756088e+00
1.375902921468904765e+02	5.158222656250000000e+02	5.191243319653218578e+02	-3.302066340321857751e+00
1.377152921468904765e+02	5.176738281250000000e+02	5.173444661690032262e+02	3.293619559967737587e-01
1.378402921468904765e+02	5.121992187500000000e+02	5.155723093089841313e+02	-3.373090558984131349e+00
1.379652921468904765e+02	5.129277343750000000e+02	5.138078210509312385e+02	-8.800866759312384602e-01
1.380902921468904765e+02	5.119199218750000000e+02	5.120509613078202165e+02	-1.310394328202164616e-01
1.382152921468904765e+02	5.115976562500000000e+02	5.103016902381975228e+02	1.295966011802477169e+00
1.383402921468904765e+02	5.105839843750000000e+02	5.085599682444566270e+02	2.024016130543373038e+00
1.384652921468904765e+02	5.143339843750000000e+02	5.068257559711262275e+02	7.508228403873772550e+00
1.385902921468904765e+02	5.065625000000000000e+02	5.050990143031727939e+02	1.463485696827206084e+00
1.387152921468904765e+02	4.945507812500000000e+02	5.033797043643175471e+02	-8.828923114317547061e+00
1.388402921468904765e+02	4.992226562500000000e+02	5.016677875153643527e+02	-2.445131265364352657e+00
1.389652921468904765e+02	4.972675781250000000e+02	4.999632253525434180e+02	-2.695647227543418012e+00
1.390902921468904765e+02	5.095234375000000000e+02	4.982659797058661297e+02	1.125745779413387027e+01
1.392152921468904765e+02	5.084785156250000000e+02	4.965760126374936476e+02	1.190250298750635238e+01
1.393402921468904765e+02	4.988847656250000000e+02	4.948932864401185725e+02	3.991479184881427500e+00
1.394652921468904765e+02	4.968671875000000000e+02	4.932177636353587786e+02	3.649423864641221371e+00
1.395902921468904765e+02	4.873789062500000000e+02	4.915494069721637516e+02	-4.170500722163751561e+00
1.397152921468904765e+02	4.881835937500000000e+02	4.898881794252344548e+02	-1.704585675234454811e+00
1.398402921468904765e+02	4.985351562500000000e+02	4.882340441934543378e+02	1.030111205654566220e+01
1.399652921468904765e+02	4.933378906250000000e+02	4.865869646983335315e+02	6.750925926666468513e+00
1.400902921468904765e+02	4.853808593750000000e+02	4.849469045824643558e+02	4.339547925356441738e-01
1.402152921468904765e+02	4.871093750000000000e+02	4.833138277079903560e+02	3.795547292009644025e+00
1.403402921468904765e+02	4.781523437500000000e+02	4.816876981550853998e+02	-3.535354405085399776e+00
1.404652921468904765e+02	4.822734375000000000e+02	4.800684802204461334e+02	2.204957279553866556e+00
1.405902921468904765e+02	4.789648437500000000e+02	4.784561384157958059e+02	5.087053342041940596e-01
1.407152921468904765e+02	4.775468750000000000e+02	4.768506374663990641e+02	6.962375336009358762e-01
1.408402921468904765e+02	4.734707031250000000e+02	4.752519423095894240e+02	-1.781239184589423985e+00
1.409652921468904765e+02	4.699140625000000000e+02	4.736600180933074853e+02	-3.745955593307485287e+00
1.410902921468904765e+02	4.694062500000000000e+02	4.720748301746504012e+02	-2.668580174650401204e+00
1.412152921468904765e+02	4.706738281250000000e+02	4.704963441184331714e+02	1.774840065668286115e-01
1.413402921468904765e+02	4.734863281250000000e+02	4.689245256957607921e+02	4.561802429239207868e+00
1.414652921468904765e+02	4.723964843750000000e+02	4.673593408826112636e+02	5.037143492388736377e+00
1.415902921468904765e+02	4.631699218750000000e+02	4.658007558584299659e+02	-2.630833983429965883e+00
1.417152921468904765e+02	4.559453125000000000e+02	4.642487370047344939e+02	-8.303424504734493894e+00
1.418402921468904765e+02	4.546757812500000000e+02	4.627032509037310319e+02	-8.027469653731031940e+00
1.419652921468904765e+02	4.556367187500000000e+02	4.611642643369401640e+02	-5.527545586940163957e+00
1.420902921468904765e+02	4.585527343750000000e+02	4.596317442838345642e+02	-1.079009908834564158e+00
1.422152921468904765e+02	4.522968750000000000e+02	4.581056579204865216e+02	-5.808782920486521562e+00
1.423402921468904765e+02	4.569414062500000000e+02	4.565859726182257532e+02	3.554336317742468054e-01
1.424652921468904765e+02	4.588750000000000000e+02	4.550726559423081881e+02	3.802344057691811940e+00
1.425902921468904765e+02	4.535468750000000000e+02	4.535656756505942440e+02	-1.880065059424396168e-02
1.427152921468904765e+02	4.514707031250000000e+02	4.520649996922378477e+02	-5.942965672378477393e-01
1.428402921468904765e+02	4.527675781250000000e+02	4.505705962063851189e+02	2.196981918614881124e+00
1.429652921468904765e+02	4.391855468750000000e+02	4.490824335208833418e+02	-9.896886645883341771e+00
1.430902921468904765e+02	4.420742187500000000e+02	4.476004801509996014e+02	-5.526261400999601392e+00
1.432152921468904765e+02	4.497949218750000000e+02	4.461247047981492528e+02	3.670217076850747162e+00
1.433402921468904765e+02	4.541562500000000000e+02	4.446550763486343385e+02	9.501173651365661499e+00
1.434652921468904765e+02	4.433066406250000000e+02	4.431915638723912707e+02	1.150767526087292936e-01
1.435902921468904765e+02	4.363320312500000000e+02	4.417341366217485188e+02	-5.402105371748518792e+00
1.437152921468904765e+02	4.453125000000000000e+02	4.402827640301933343e+02	5.029735969806665707e+00
1.438402921468904765e+02	4.370117187500000000e+02	4.388374157111483100e+02	-1.825696961148310038e+00
1.439652921468904765e+02	4.355195312500000000e+02	4.373980614567568068e+02	-1.878530206756806820e+00
1.440902921468904765e+02	4.393261718750000000e+02	4.359646712366779298e+02	3.361500638322070245e+00
1.442152921468904765e+02	4.339960937500000000e+02	4.345372151968906564e+02	-5.411214468906564434e-01
1.443402921468904765e+02	4.285625000000000000e+02	4.331156636585069464e+02	-4.553163658506946376e+00
1.444652921468904765e+02	4.271054687500000000e+02	4.316999871165939453e+02	-4.594518366593945302e+00
1.445902921468904765e+02	4.244863281250000000e+02	4.302901562390048298e+02	-5.803828114004829786e+00
1.447152921468904765e+02	4.233964843750000000e+02	4.288861418652190878e+02	-5.489657490219087776e+00
1.448402921468904765e+02	4.283144531250000000e+02	4.274879150051909278e+02	8.265381198090722137e-01
1.449652921468904765e+02	4.275644531250000000e+02	4.260954468382068967e+02	1.469006286793103300e+00
1.450902921468904765e+02	4.234101562500000000e+02	4.247087087117519104e+02	-1.298552461751910414e+00
1.452152921468904765e+02	4.228320312500000000e+02	4.233276721403838678e+02	-4.956408903838678270e-01
1.453402921468904765e+02	4.177285156250000000e+02	4.219523088046166777e+02	-4.223793179616677662e+00
1.454652921468904765e+02	4.137714843750000000e+02	4.205825905498120392e+02	-6.811106174812039171e+00
1.455902921468904765e+02	4.142480468750000000e+02	4.192184893850789535e+02	-4.970442510078953546e+00
1.457152921468904765e+02	4.142441406250000000e+02	4.178599774821823303e+02	-3.615836857182330277e+00
1.458402921468904765e+02	4.095625000000000000e+02	4.165070271744586989e+02	-6.944527174458698937e+00
1.459652921468904765e+02	4.076386718750000000e+02	4.151596109557415843e+02	-7.520939080741584348e+00
1.460902921468904765e+02	4.067421875000000000e+02	4.138177014792934187e+02	-7.075513979293418743e+00
1.462152921468904765e+02	4.097617187500000000e+02	4.124812715567462647e+02	-2.719552806746264650e+00
1.463402921468904765e+02	4.086484375000000000e+02	4.111502941570505527e+02	-2.501856657050552712e+00
1.464652921468904765e+02	4.136777343750000000e+02	4.098247424054311523e+02	3.852991969568847708e+00
1.465902921468904765e+02	4.081425781250000000e+02	4.085045895823520823e+02	-3.620114573520822887e-01
1.467152921468904765e+02	4.080273437500000000e+02	4.071898091224876453e+02	8.375346275123547457e-01
1.468402921468904765e+02	4.095566406250000000e+02	4.058803746137028838e+02	3.676266011297116165e+00
1.469652921468904765e+02	4.079121093750000000e+02	4.045762597960402900e+02	3.335849578959710016e+00
1.470902921468904765e+02	4.022519531250000000e+02	4.032774385607148133e+02	-1.025485435714813320e+00
1.472152921468904765e+02	4.088671875000000000e+02	4.019838849491160317e+02	6.883302550883968252e+00
1.473402921468904765e+02	4.041367187500000000e+02	4.006955731518177686e+02	3.441145598182231424e+00
1.474652921468904765e+02	4.027910156250000000e+02	3.994124775075953266e+02	3.378538117404673358e+00
1.475902921468904765e+02	4.004218750000000000e+02	3.981345725024497142e+02	2.287302497550285807e+00
1.477152921468904765e+02	4.070312500000000000e+02	3.968618327686393172e+02	1.016941723136068276e+01
1.478402921468904765e+02	3.977734375000000000e+02	3.955942330837186773e+02	2.179204416281322665e+00
1.479652921468904765e+02	3.923046875000000000e+02	3.943317483695843748e+02	-2.027060869584374814e+00
1.480902921468904765e+02	3.948574218750000000e+02	3.930743536915279037e+02	1.783068183472096280e+00
1.482152921468904765e+02	3.930761718750000000e+02	3.918220242572957090e+02	1.254147617704290951e+00
1.483402921468904765e+02	3.935859375000000000e+02	3.905747354161563862e+02	3.011202083843613764e+00
1.484652921468904765e+02	3.836992187500000000e+02	3.893324626579739629e+02	-5.633243907973962905e+00
1.485902921468904765e+02	3.861542968750000000e+02	3.880951816122889682e+02	-1.940884737288968154e+00
1.487152921468904765e+02	3.906269531250000000e+02	3.868628680474056409e+02	3.764085077594359063e+00
1.488402921468904765e+02	3.889023437500000000e+02	3.856354978694863007e+02	3.266845880513699285e+00
1.489652921468904765e+02	3.832187500000000000e+02	3.844130471216518004e+02	-1.194297121651800353e+00
1.490902921468904765e+02	3.851445312500000000e+02	3.831954919830894823e+02	1.949039266910517654e+00
1.492152921468904765e+02	3.796308593750000000e+02	3.819828087681665920e+02	-2.351949393166592017e+00
1.493402921468904765e+02	3.761738281250000000e+02	3.807749739255510804e+02	-4.601145800551080356e+00
1.494652921468904765e+02	3.773242187500000000e+02	3.795719640373386596e+02	-2.247745287338659637e+00
1.495902921468904765e+02	3.798828125000000000e+02	3.783737558181859413e+02	1.509056681814058720e+00
1.497152921468904765e+02	3.854531250000000000e+02	3.771803261144501676e+02	8.272798885549832448e+00
1.498402921468904765e+02	3.747578125000000000e+02	3.759916519033351960e+02	-1.233839403335196039e+00
1.499652921468904765e+02	3.673437500000000000e+02	3.748077102920438506e+02	-7.463960292043850586e+00
1.500902921468904765e+02	3.662675781250000000e+02	3.736284785169362408e+02	-7.360900391936240794e+00
1.502152921468904765e+02	3.695410156250000000e+02	3.724539339426941638e+02	-2.912918317694163761e+00
1.503402921468904765e+02	3.699296875000000000e+02	3.712840540614923270e+02	-1.354366561492327037e+00
1.504652921468904765e+02	3.713183593750000000e+02	3.701188164921743464e+02	1.199542882825653578e+00
1.505902921468904765e+02	3.708398437500000000e+02	3.689581989794359629e+02	1.881644770564037117e+00
1.507152921468904765e+02	3.723789062500000000e+02	3.678021793930133754e+02	4.576726856986624625e+00
1.508402921468904765e+02	3.706777343750000000e+02	3.666507357268781107e+02	4.026998648121889346e+00
1.509652921468904765e+02	3.695097656250000000e+02	3.655038460984370090e+02	4.005919526562990995e+00
1.510902921468904765e+02	3.668261718750000000e+02	3.643614887477388606e+02	2.464683127261139362e+00
1.512152921468904765e+02	3.658808593750000000e+02	3.632236420366859875e+02	2.657217338314012522e+00
1.513402921468904765e+02	3.570722656250000000e+02	3.620902844482520209e+02	-5.018018823252020866e+00
1.514652921468904765e+02	3.544316406250000000e+02	3.609613945857054773e+02	-6.529753960705477311e+00
1.515902921468904765e+02	3.613730468750000000e+02	3.598369511718382796e+02	1.536095703161720394e+00
1.517152921468904765e+02	3.626132812500000000e+02	3.587169330482007581e+02	3.896348201799241906e+00
1.518402921468904765e+02	3.599023437500000000e+02	3.576013191743410289e+02	2.301024575658971116e+00
1.519652921468904765e+02	3.555332031250000000e+02	3.564900886270513070e+02	-9.568855020513069576e-01
1.520902921468904765e+02	3.479765625000000000e+02	3.553832205996183120e+02	-7.406658099618312008e+00
1.522152921468904765e+02	3.474707031250000000e+02	3.542806944010798134e+02	-6.809991276079813360e+00
1.523402921468904765e+02	3.550820312500000000e+02	3.531824894554864613e+02	1.899541794513538662e+00
1.524652921468904765e+02	3.565429687500000000e+02	3.520885853011685640e+02	4.454383448831435999e+00
1.525902921468904765e+02	3.521699218750000000e+02	3.509989615900085482e+02	1.170960284991451772e+00
1.527152921468904765e+02	3.511074218750000000e+02	3.499135980867184799e+02	1.193823788281520137e+00
1.528402921468904765e+02	3.498750000000000000e+02	3.488324746681228703e+02	1.042525331877129702e+00
1.529652921468904765e+02	3.501308593750000000e+02	3.477555713224461442e+02	2.375288052553855778e+00
1.530902921468904765e+02	3.545136718750000000e+02	3.466828681486059622e+02	7.830803726394037767e+00
1.532152921468904765e+02	3.520156250000000000e+02	3.456143453555110341e+02	6.401279644488965914e+00
1.533402921468904765e+02	3.455937500000000000e+02	3.445499832613643321e+02	1.043766738635667934e+00
1.534652921468904765e+02	3.356035156250000000e+02	3.434897622929707950e+02	-7.886246667970794988e+00
1.535902921468904765e+02	3.480546875000000000e+02	3.424336629850504892e+02	5.621024514949510831e+00
1.537152921468904765e+02	3.430253906250000000e+02	3.413816659795565442e+02	1.643724645443455756e+00
1.538402921468904765e+02	3.381875000000000000e+02	3.403337520249975228e+02	-2.146252024997522767e+00
1.539652921468904765e+02	3.431582031250000000e+02	3.392899019757653036e+02	3.868301149234696368e+00
1.540902921468904765e+02	3.437539062500000000e+02	3.382500967914672856e+02	5.503809458532714416e+00
1.542152921468904765e+02	3.381074218750000000e+02	3.372143175362632519e+02	8.931043387367481046e-01
1.543402921468904765e+02	3.247031250000000000e+02	3.361825453782075215e+02	-1.147942037820752148e+01
1.544652921468904765e+02	3.245957031250000000e+02	3.351547615885949654e+02	-1.055905846359496536e+01
1.545902921468904765e+02	3.355292968750000000e+02	3.341309475413124801e+02	1.398349333687519902e+00
1.547152921468904765e+02	3.310722656250000000e+02	3.331110847121944403e+02	-2.038819087194440272e+00
1.548402921468904765e+02	3.298261718750000000e+02	3.320951546783830395e+02	-2.268982803383039482e+00
1.549652921468904765e+02	3.308789062500000000e+02	3.310831391176931220e+02	-2.042328676931219889e-01
1.550902921468904765e+02	3.381855468750000000e+02	3.300750198079811639e+02	8.110527067018836078e+00
1.552152921468904765e+02	3.316757812500000000e+02	3.290707786265192567e+02	2.605002623480743296e+00
1.553402921468904765e+02	3.223378906250000000e+02	3.280703975493732969e+02	-5.732506924373296897e+00
1.554652921468904765e+02	3.263261718750000000e+02	3.270738586507852119e+02	-7.476867757852119212e-01
1.555902921468904765e+02	3.270175781250000000e+02	3.260811441025601880e+02	9.364340224398119972e-01
1.557152921468904765e+02	3.273613281250000000e+02	3.250922361734575929e+02	2.269091951542407060e+00
1.558402921468904765e+02	3.215878906250000000e+02	3.241071172285865600e+02	-2.519226603586560032e+00
1.559652921468904765e+02	3.200566406250000000e+02	3.231257697288058353e+02	-3.069129103805835257e+00
1.560902921468904765e+02	3.244882812500000000e+02	3.221481762301273761e+02	2.340105019872623870e+00
1.562152921468904765e+02	3.202089843750000000e+02	3.211743193831250096e+02	-9.653350081250096082e-01
1.563402921468904765e+02	3.155273437500000000e+02	3.202041819323462164e+02	-4.676838182346216399e+00
1.564652921468904765e+02	3.221445312500000000e+02	3.192377467157288038e+02	2.906784534271196208e+00
1.565902921468904765e+02	3.144394531250000000e+02	3.182749966640212733e+02	-3.835543539021273318e+00
1.567152921468904765e+02	3.254511718750000000e+02	3.173159148002074517e+02	8.135257074792548337e+00
1.568402921468904765e+02	3.248222656250000000e+02	3.163604842389351006e+02	8.461781386064899380e+00
1.569652921468904765e+02	3.215410156250000000e+02	3.154086881859482219e+02	6.132327439051778128e+00
1.570902921468904765e+02	3.179218750000000000e+02	3.144605099375239092e+02	3.461365062476090770e+00
1.572152921468904765e+02	3.133300781250000000e+02	3.135159328799124978e+02	-1.858547549124978104e-01
1.573402921468904765e+02	3.069492187500000000e+02	3.125749404887822038e+02	-5.625721738782203829e+00
1.574652921468904765e+02	3.108886718750000000e+02	3.116375163286670045e+02	-7.488444536670044727e-01
1.575902921468904765e+02	3.088007812500000000e+02	3.107036440524190084e+02	-1.902862802419008403e+00
1.577152921468904765e+02	3.044667968750000000e+02	3.097733074006642369e+02	-5.306510525664236866e+00
1.578402921468904765e+02	3.060566406250000000e+02	3.088464902012620996e+02	-2.789849576262099617e+00
1.579652921468904765e+02	3.101093750000000000e+02	3.079231763687690204e+02	2.186198631230979572e+00
1.580902921468904765e+02	3.076269531250000000e+02	3.070033499039054163e+02	6.236032210945836596e-01
1.582152921468904765e+02	3.051054687500000000e+02	3.060869948930265423e+02	-9.815261430265422860e-01
1.583402921468904765e+02	3.071230468750000000e+02	3.051740955075970874e+02	1.948951367402912638e+00
1.584652921468904765e+02	3.030566406250000000e+02	3.042646360036689543e+02	-1.207995378668954345e+00
1.585902921468904765e+02	2.997988281250000000e+02	3.033586007213635298e+02	-3.559772596363529829e+00
1.587152921468904765e+02	3.050527343750000000e+02	3.024559740843564555e+02	2.596760290643544522e+00
1.588402921468904765e+02	2.965117187500000000e+02	3.015567405993667194e+02	-5.045021849366719380e+00
1.589652921468904765e+02	3.018320312500000000e+02	3.006608848556491012e+02	1.171146394350898845e+00
1.590902921468904765e+02	3.044121093750000000e+02	2.997683915244899708e+02	4.643717850510029166e+00
1.592152921468904765e+02	2.998437500000000000e+02	2.988792453587065552e+02	9.645046412934448199e-01
1.593402921468904765e+02	2.964238281250000000e+02	2.979934311921500125e+02	-1.569603067150012521e+00
1.594652921468904765e+02	2.916738281250000000e+02	2.971109339392112929e+02	-5.437105814211292909e+00
1.595902921468904765e+02	2.938222656250000000e+02	2.962317385943309773e+02	-2.409472969330977321e+00
1.597152921468904765e+02	2.972304687500000000e+02	2.953558302315122432e+02	1.874638518487756755e+00
1.598402921468904765e+02	2.857246093750000000e+02	2.944831940038371840e+02	-8.758584628837184027e+00
1.599652921468904765e+02	2.889101562500000000e+02	2.936138151429863115e+02	-4.703658892986311457e+00
1.600902921468904765e+02	2.966328125000000000e+02	2.927476789587616963e+02	3.885133541238303678e+00
1.602152921468904765e+02	2.996972656250000000e+02	2.918847708386128375e+02	7.812494786387162549e+00
1.603402921468904765e+02	2.897773437500000000e+02	2.910250762471666803e+02	-1.247732497166680332e+00
1.604652921468904765e+02	2.900703125000000000e+02	2.901685807257593979e+02	-9.826822575939786475e-02
1.605902921468904765e+02	2.857421875000000000e+02	2.893152698919730597e+02	-3.573082391973059657e+00
1.607152921468904765e+02	2.930722656250000000e+02	2.884651294391742908e+02	4.607136185825709163e+00
1.608402921468904765e+02	2.942558593750000000e+02	2.876181451360561709e+02	6.637714238943829059e+00
1.609652921468904765e+02	2.959648437500000000e+02	2.867743028261839981e+02	9.190540923816001850e+00
1.610902921468904765e+02	2.900332031250000000e+02	2.859335884275432704e+02	4.099614697456729573e+00
1.612152921468904765e+02	2.873066406250000000e+02	2.850959879320913615e+02	2.210652692908638528e+00
1.613402921468904765e+02	2.867812500000000000e+02	2.842614874053117546e+02	2.519762594688245372e+00
1.614652921468904765e+02	2.850585937500000000e+02	2.834300729857719148e+02	1.628520764228085227e+00
1.615902921468904765e+02	2.847500000000000000e+02	2.826017308846833203e+02	2.148269115316679745e+00
1.617152921468904765e+02	2.851835937500000000e+02	2.817764473854654739e+02	3.407146364534526128e+00
1.618402921468904765e+02	2.807617187500000000e+02	2.809542088433119602e+02	-1.924900933119602087e-01
1.619652921468904765e+02	2.838164062500000000e+02	2.801350016847599704e+02	3.681404565240029569e+00
1.620902921468904765e+02	2.842265625000000000e+02	2.793188124072625556e+02	4.907750092737444447e+00
1.622152921468904765e+02	2.887832031250000000e+02	2.785056275787640629e+02	1.027757554623593705e+01
1.623402921468904765e+02	2.850976562500000000e+02	2.776954338372777897e+02	7.402222412722210265e+00
1.624652921468904765e+02	2.861562500000000000e+02	2.768882178904672173e+02	9.268032109532782670e+00
1.625902921468904765e+02	2.763554687500000000e+02	2.760839665152295197e+02	2.715022347704802996e-01
1.627152921468904765e+02	2.822226562500000000e+02	2.752826665572823117e+02	6.939989692717688285e+00
1.628402921468904765e+02	2.914121093750000000e+02	2.744843049307527849e+02	1.692780444424721509e+01
1.629652921468904765e+02	2.800449218750000000e+02	2.736888686177700265e+02	6.356053257229973497e+00
1.630902921468904765e+02	2.833750000000000000e+02	2.728963446680594416e+02	1.047865533194055843e+01
1.632152921468904765e+02	2.820175781250000000e+02	2.721067201985408701e+02	9.910857926459129885e+00
1.633402921468904765e+02	2.809550781250000000e+02	2.713199823929282388e+02	9.635095732071761176e+00
1.634652921468904765e+02	2.841328125000000000e+02	2.705361185013330783e+02	1.359669399866692174e+01
1.635902921468904765e+02	2.840800781250000000e+02	2.697551158398696884e+02	1.432496228513031156e+01
1.637152921468904765e+02	2.788125000000000000e+02	2.689769617902633740e+02	9.835538209736625959e+00
1.638402921468904765e+02	2.801972656250000000e+02	2.682016437994618627e+02	1.199562182553813727e+01
1.639652921468904765e+02	2.897382812500000000e+02	2.674291493792480310e+02	2.230913187075196902e+01
1.640902921468904765e+02	2.863359375000000000e+02	2.666594661058563247e+02	1.967647139414367530e+01
1.642152921468904765e+02	2.906542968750000000e+02	2.658925816195914535e+02	2.476171525540854645e+01
1.643402921468904765e+02	2.899375000000000000e+02	2.651284836244493590e+02	2.480901637555064099e+01
1.644652921468904765e+02	2.979785156250000000e+02	2.643671598877409679e+02	3.361135573725903214e+01
1.645902921468904765e+02	3.064746093750000000e+02	2.636085982397184466e+02	4.286601113528155338e+01
1.647152921468904765e+02	3.039277343750000000e+02	2.628527865732036162e+02	4.107494780179638383e+01
1.648402921468904765e+02	2.998945312500000000e+02	2.620997128432194359e+02	3.779481840678056415e+01
1.649652921468904765e+02	2.974863281250000000e+02	2.613493650666234771e+02	3.613696305837652289e+01
1.650902921468904765e+02	2.988300781250000000e+02	2.606017313217438982e+02	3.822834680325610179e+01
1.652152921468904765e+02	3.027695312500000000e+02	2.598567997480179201e+02	4.291273150198207986e+01
1.653402921468904765e+02	2.963730468750000000e+02	2.591145585456327467e+02	3.725848832936725330e+01
1.654652921468904765e+02	2.947812500000000000e+02	2.583749959751687584e+02	3.640625402483124162e+01
1.655902921468904765e+02	2.922832031250000000e+02	2.576381003572448662e+02	3.464510276775513375e+01
1.657152921468904765e+02	2.945468750000000000e+02	2.569038600721669354e+02	3.764301492783306458e+01
1.658402921468904765e+02	3.001210937500000000e+02	2.561722635595777433e+02	4.394883019042225669e+01
1.659652921468904765e+02	3.003027343750000000e+02	2.554432993181093252e+02	4.485943505689067479e+01
1.660902921468904765e+02	2.961289062500000000e+02	2.547169559050384180e+02	4.141195034496158200e+01
1.662152921468904765e+02	2.988183593750000000e+02	2.539932219359431542e+02	4.482513743905684578e+01
1.663402921468904765e+02	2.964140625000000000e+02	2.532720860843625985e+02	4.314197641563740149e+01
1.664652921468904765e+02	2.913066406250000000e+02	2.525535370814584724e+02	3.875310354354152764e+01
1.665902921468904765e+02	2.940156250000000000e+02	2.518375637156788969e+02	4.217806128432110313e+01
1.667152921468904765e+02	2.962187500000000000e+02	2.511241548324245798e+02	4.509459516757542019e+01
1.668402921468904765e+02	2.947226562500000000e+02	2.504132993337171058e+02	4.430935691628289419e+01
1.669652921468904765e+02	2.952480468750000000e+02	2.497049861778693014e+02	4.554306069713069860e+01
1.670902921468904765e+02	2.961464843750000000e+02	2.489992043791579874e+02	4.714727999584201257e+01
1.672152921468904765e+02	2.883828125000000000e+02	2.482959430074985505e+02	4.008686949250144949e+01
1.673402921468904765e+02	2.923125000000000000e+02	2.475951911881221292e+02	4.471730881187787077e+01
1.674652921468904765e+02	2.882792968750000000e+02	2.468969381012544773e+02	4.138235877374552274e+01
1.675902921468904765e+02	2.850742187500000000e+02	2.462011729817969012e+02	3.887304576820309876e+01
1.677152921468904765e+02	2.808457031250000000e+02	2.455078851190098419e+02	3.533781800599015810e+01
1.678402921468904765e+02	2.841328125000000000e+02	2.448170638561979047e+02	3.931574864380209533e+01
1.679652921468904765e+02	2.859609375000000000e+02	2.441286985903971924e+02	4.183223890960280755e+01
1.680902921468904765e+02	2.910878906250000000e+02	2.434427787720647984e+02	4.764511185293520157e+01
1.682152921468904765e+02	2.929414062500000000e+02	2.427592939047700042e+02	5.018211234522999575e+01
1.683402921468904765e+02	2.816035156250000000e+02	2.420782335448878939e+02	3.952528208011210609e+01
1.684652921468904765e+02	2.848828125000000000e+02	2.413995873012946163e+02	4.348322519870538372e+01
1.685902921468904765e+02	2.828730468750000000e+02	2.407233448350648928e+02	4.214970203993510722e+01
1.687152921468904765e+02	2.816972656250000000e+02	2.400494958591711452e+02	4.164776976582885482e+01
1.688402921468904765e+02	2.848320312500000000e+02	2.393780301381850961e+02	4.545400111181490388e+01
1.689652921468904765e+02	2.811542968750000000e+02	2.387089374879806769e+02	4.244535938701932309e+01
1.690902921468904765e+02	2.836328125000000000e+02	2.380422077754394650e+02	4.559060472456053503e+01
1.692152921468904765e+02	2.795644531250000000e+02	2.373778309181576844e+02	4.218662220684231556e+01
1.693402921468904765e+02	2.844687500000000000e+02	2.367157968841549689e+02	4.775295311584503111e+01
1.694652921468904765e+02	2.889062500000000000e+02	2.360560956915856252e+02	5.285015430841437478e+01
1.695902921468904765e+02	2.921542968750000000e+02	2.353987174084510343e+02	5.675557946654896568e+01
1.697152921468904765e+02	2.957617187500000000e+02	2.347436521523142687e+02	6.101806659768573127e+01
1.698402921468904765e+02	2.964433593750000000e+02	2.340908900900166429e+02	6.235246928498335706e+01
1.699652921468904765e+02	2.911992187500000000e+02	2.334404214373958553e+02	5.775879731260414474e+01
1.700902921468904765e+02	2.907050781250000000e+02	2.327922364590061477e+02	5.791284166599385230e+01
1.702152921468904765e+02	2.915976562500000000e+02	2.321463254678401142e+02	5.945133078215988576e+01
1.703402921468904765e+02	2.965917968750000000e+02	2.315026788250523566e+02	6.508911804994764339e+01
1.704652921468904765e+02	2.992050781250000000e+02	2.308612869396849874e+02	6.834379118531501263e+01
1.705902921468904765e+02	3.017226562500000000e+02	2.302221402683947815e+02	7.150051598160521849e+01
1.707152921468904765e+02	2.968632812500000000e+02	2.295852293151822323e+02	6.727805193481776769e+01
1.708402921468904765e+02	2.874531250000000000e+02	2.289505446311220282e+02	5.850258036887797175e+01
1.709652921468904765e+02	2.893457031250000000e+02	2.283180768140957753e+02	6.102762631090422474e+01
1.710902921468904765e+02	2.886582031250000000e+02	2.276878165085259127e+02	6.097038661647408730e+01
1.712152921468904765e+02	2.953613281250000000e+02	2.270597544051115904e+02	6.830157371988840964e+01
1.713402921468904765e+02	2.967324218750000000e+02	2.264338812405663930e+02	7.029854063443360701e+01
1.714652921468904765e+02	2.982636718750000000e+02	2.258101877973572584e+02	7.245348407764274157e+01
1.715902921468904765e+02	3.010585937500000000e+02	2.251886649034456696e+02	7.586992884655433045e+01
1.717152921468904765e+02	2.999335937500000000e+02	2.245693034320298409e+02	7.536429031797015909e+01
1.718402921468904765e+02	2.952109375000000000e+02	2.239520943012892644e+02	7.125884319871073558e+01
1.719652921468904765e+02	3.022929687500000000e+02	2.233370284741301930e+02	7.895594027586980701e+01
1.720902921468904765e+02	2.972812500000000000e+02	2.227240969579333409e+02	7.455715304206665905e+01
1.722152921468904765e+02	2.949042968750000000e+02	2.221132908043027214e+02	7.279100607069727857e+01
1.723402921468904765e+02	2.976542968750000000e+02	2.215046011088164164e+02	7.614969576618358360e+01
1.724652921468904765e+02	2.984902343750000000e+02	2.208980190107786825e+02	7.759221536422131749e+01
1.725902921468904765e+02	3.021914062500000000e+02	2.202935356929739044e+02	8.189787055702609564e+01
1.727152921468904765e+02	3.012324218750000000e+02	2.196911423814216846e+02	8.154127949357831540e+01
1.728402921468904765e+02	3.018203125000000000e+02	2.190908303451341226e+02	8.272948215486587742e+01
1.729652921468904765e+02	2.983769531250000000e+02	2.184925908958739456e+02	7.988436222912605444e+01
1.730902921468904765e+02	2.981660156250000000e+02	2.178964153879146295e+02	8.026960023708537051e+01
1.732152921468904765e+02	2.910625000000000000e+02	2.173022952178019125e+02	7.376020478219808751e+01
1.733402921468904765e+02	2.895996093750000000e+02	2.167102218241167577e+02	7.288938755088324228e+01
1.734652921468904765e+02	2.984589843750000000e+02	2.161201866872399080e+02	8.233879768776009200e+01
1.735902921468904765e+02	2.980761718750000000e+02	2.155321813291178046e+02	8.254399054588219542e+01
1.737152921468904765e+02	2.988554687500000000e+02	2.149461973130302113e+02	8.390927143696978874e+01
1.738402921468904765e+02	2.989218750000000000e+02	2.143622262433590038e+02	8.455964875664099623e+01
1.739652921468904765e+02	2.991367187500000000e+02	2.137802597653585508e+02	8.535645898464144921e+01
1.740902921468904765e+02	3.001445312500000000e+02	2.132002895649277434e+02	8.694424168507225659e+01
1.742152921468904765e+02	2.951093750000000000e+02	2.126223073683831615e+02	8.248706763161683853e+01
1.743402921468904765e+02	2.956386718750000000e+02	2.120463049422336894e+02	8.359236693276631058e+01
1.744652921468904765e+02	2.952460937500000000e+02	2.114722740929567806e+02	8.377381965704321942e+01
1.745902921468904765e+02	3.037070312500000000e+02	2.109002066667759436e+02	9.280682458322405637e+01
1.747152921468904765e+02	2.893359375000000000e+02	2.103300945494396785e+02	7.900584295056032147e+01
1.748402921468904765e+02	2.932597656250000000e+02	2.097619296660017483e+02	8.349783595899825173e+01
1.749652921468904765e+02	2.909199218750000000e+02	2.091957039806028718e+02	8.172421789439712825e+01
1.750902921468904765e+02	2.972109375000000000e+02	2.086314094962538093e+02	8.857952800374619073e+01
1.752152921468904765e+02	2.977597656250000000e+02	2.080690382546197554e+02	8.969072737038024457e+01
1.753402921468904765e+02	2.890253906250000000e+02	2.075085823358061532e+02	8.151680828919384680e+01
1.754652921468904765e+02	2.899882812500000000e+02	2.069500338581457299e+02	8.303824739185427006e+01
1.755902921468904765e+02	2.842285156250000000e+02	2.063933849779869263e+02	7.783513064701307371e+01
1.757152921468904765e+02	2.892226562500000000e+02	2.058386278894836892e+02	8.338402836051631084e+01
1.758402921468904765e+02	2.953691406250000000e+02	2.052857548243866006e+02	9.008338580061339940e+01
1.759652921468904765e+02	2.867753906250000000e+02	2.047347580518350298e+02	8.204063257316497015e+01
1.760902921468904765e+02	2.823339843750000000e+02	2.041856298781510191e+02	7.814835449684898094e+01
1.762152921468904765e+02	2.881816406250000000e+02	2.036383626466340502e+02	8.454327797836594982e+01
1.763402921468904765e+02	2.895117187500000000e+02	2.030929487373574602e+02	8.641877001264253977e+01
1.764652921468904765e+02	2.955859375000000000e+02	2.025493805669657092e+02	9.303655693303429075e+01
1.765902921468904765e+02	2.902949218750000000e+02	2.020076505884732683e+02	8.828727128652673173e+01
1.767152921468904765e+02	2.886992187500000000e+02	2.014677512910645021e+02	8.723146745893549792e+01
1.768402921468904765e+02	2.891210937500000000e+02	2.009296751998950583e+02	8.819141855010494169e+01
1.769652921468904765e+02	2.917812500000000000e+02	2.003934148758942229e+02	9.138783512410577714e+01
1.770902921468904765e+02	2.860117187500000000e+02	1.998589629155685259e+02	8.615275583443147411e+01
1.772152921468904765e+02	2.826875000000000000e+02	1.993263119508067689e+02	8.336118804919323111e+01
1.773402921468904765e+02	2.862480468750000000e+02	1.987954546486862171e+02	8.745259222631378293e+01
1.774652921468904765e+02	2.914921875000000000e+02	1.982663837112796159e+02	9.322580378872038409e+01
1.775902921468904765e+02	2.857753906250000000e+02	1.977390918754639699e+02	8.803629874953603007e+01
1.777152921468904765e+02	2.826542968750000000e+02	1.972135719127300888e+02	8.544072496226991120e+01
1.778402921468904765e+02	2.799296875000000000e+02	1.966898166289933840e+02	8.323987087100661597e+01
1.779652921468904765e+02	2.889316406250000000e+02	1.961678188644061152e+02	9.276382176059388485e+01
1.780902921468904765e+02	2.929863281250000000e+02	1.956475714931702328e+02	9.733875663182976723e+01
1.782152921468904765e+02	2.886777343750000000e+02	1.951290674233520406e+02	9.354866695164795942e+01
1.783402921468904765e+02	2.897148437500000000e+02	1.946122995966973690e+02	9.510254415330263100e+01
1.784652921468904765e+02	2.818730468750000000e+02	1.940972609884484257e+02	8.777578588655157432e+01
1.785902921468904765e+02	2.782265625000000000e+02	1.935839446071612997e+02	8.464261789283870030e+01
1.787152921468904765e+02	2.814199218750000000e+02	1.930723434945249721e+02	8.834757838047502787e+01
1.788402921468904765e+02	2.807949218750000000e+02	1.925624507251811792e+02	8.823247114981882078e+01
1.789652921468904765e+02	2.806152343750000000e+02	1.920542594065455546e+02	8.856097496845444539e+01
1.790902921468904765e+02	2.828964843750000000e+02	1.915477626786296526e+02	9.134872169637034744e+01
1.792152921468904765e+02	2.793671875000000000e+02	1.910429537138643354e+02	8.832423378613566456e+01
1.793402921468904765e+02	2.818222656250000000e+02	1.905398257169240139e+02	9.128243990807598607e+01
1.794652921468904765e+02	2.777929687500000000e+02	1.900383719245520808e+02	8.775459682544791917e+01
1.795902921468904765e+02	2.869882812500000000e+02	1.895385856053872828e+02	9.744969564461271716e+01
1.797152921468904765e+02	2.835019531250000000e+02	1.890404600597914566e+02	9.446149306520854338e+01
1.798402921468904765e+02	2.894726562500000000e+02	1.885439886196778048e+02	1.009286676303221952e+02
1.799652921468904765e+02	2.848554687500000000e+02	1.880491646483407635e+02	9.680630410165923649e+01
1.800902921468904765e+02	2.818828125000000000e+02	1.875559815402866661e+02	9.432683095971333387e+01
1.802152921468904765e+02	2.846699218750000000e+02	1.870644327210651170e+02	9.760548915393488301e+01
1.803402921468904765e+02	2.857714843750000000e+02	1.865745116471020708e+02	9.919697272789792919e+01
1.804652921468904765e+02	2.844824218750000000e+02	1.860862118055333951e+02	9.839621006946660486e+01
1.805902921468904765e+02	2.809062500000000000e+02	1.855995267140396265e+02	9.530672328596037346e+01
1.807152921468904765e+02	2.802812500000000000e+02	1.851144499206816363e+02	9.516680007931836371e+01
1.808402921468904765e+02	2.847558593750000000e+02	1.846309750037375466e+02	1.001248843712624534e+02
1.809652921468904765e+02	2.842050781250000000e+02	1.841490955715402720e+02	1.000559825534597280e+02
1.810902921468904765e+02	2.899492187500000000e+02	1.836688052623163401e+02	1.062804134876836599e+02
1.812152921468904765e+02	2.842890625000000000e+02	1.831900977440255360e+02	1.010989647559744640e+02
1.813402921468904765e+02	2.863242187500000000e+02	1.827129667142015421e+02	1.036112520357984579e+02
1.814652921468904765e+02	2.894042968750000000e+02	1.822374058997936004e+02	1.071668909752063996e+02
1.815902921468904765e+02	2.817832031250000000e+02	1.817634090570090279e+02	1.000197940679909721e+02
1.817152921468904765e+02	2.790214843750000000e+02	1.812909699711568692e+02	9.773051440384313082e+01
1.818402921468904765e+02	2.764023437500000000e+02	1.808200824564921163e+02	9.558226129350788369e+01
1.819652921468904765e+02	2.767773437500000000e+02	1.803507403560613795e+02	9.642660339393862046e+01
1.820902921468904765e+02	2.800722656250000000e+02	1.798829375415490972e+02	1.001893280834509028e+02
1.822152921468904765e+02	2.806953125000000000e+02	1.794166679131248259e+02	1.012786445868751741e+02
1.823402921468904765e+02	2.870078125000000000e+02	1.789519253992912695e+02	1.080558871007087305e+02
1.824652921468904765e+02	2.810234375000000000e+02	1.784887039567337297e+02	1.025347335432662703e+02
1.825902921468904765e+02	2.774921875000000000e+02	1.780269975701697263e+02	9.946518992983027374e+01
1.827152921468904765e+02	2.797929687500000000e+02	1.775668002522000961e+02	1.022261684977999039e+02
1.828402921468904765e+02	2.764648437500000000e+02	1.771081060431606886e+02	9.935673770683931139e+01
1.829652921468904765e+02	2.776992187500000000e+02	1.766509090109752549e+02	1.010483097390247451e+02
1.830902921468904765e+02	2.784375000000000000e+02	1.761952032510086781e+02	1.022422967489913219e+02
1.832152921468904765e+02	2.779960937500000000e+02	1.757409828859217384e+02	1.022551108640782616e+02
1.833402921468904765e+02	2.814609375000000000e+02	1.752882420655261910e+02	1.061726954344738090e+02
1.834652921468904765e+02	2.809121093750000000e+02	1.748369749666410371e+02	1.060751344083589629e+02
1.835902921468904765e+02	2.789414062500000000e+02	1.743871757929496766e+02	1.045542304570503234e+02
1.837152921468904765e+02	2.744941406250000000e+02	1.739388387748574587e+02	1.005553018501425413e+02
1.838402921468904765e+02	2.675546875000000000e+02	1.734919581693509087e+02	9.406272933064909125e+01
1.839652921468904765e+02	2.738945312500000000e+02	1.730465282598567853e+02	1.008480029901432147e+02
1.840902921468904765e+02	2.799277343750000000e+02	1.726025433561028706e+02	1.073251910188971294e+02
1.842152921468904765e+02	2.782070312500000000e+02	1.721599977939791017e+02	1.060470334560208983e+02
1.843402921468904765e+02	2.845292968750000000e+02	1.717188859353996122e+02	1.128104109396003878e+02
1.844652921468904765e+02	2.794941406250000000e+02	1.712792021681656252e+02	1.082149384568343748e+02
1.845902921468904765e+02	2.767128906250000000e+02	1.708409409058292283e+02	1.058719497191707717e+02
1.847152921468904765e+02	2.758789062500000000e+02	1.704040965875577456e+02	1.054748096624422544e+02
1.848402921468904765e+02	2.783066406250000000e+02	1.699686636779993023e+02	1.083379769470006977e+02
1.849652921468904765e+02	2.761816406250000000e+02	1.695346366671486749e+02	1.066470039578513251e+02
1.850902921468904765e+02	2.701132812500000000e+02	1.691020100702143907e+02	1.010112711797856093e+02
1.852152921468904765e+02	2.694687500000000000e+02	1.686707784274863116e+02	1.007979715725136884e+02
1.853402921468904765e+02	2.697636718750000000e+02	1.682409363042042401e+02	1.015227355707957599e+02
1.854652921468904765e+02	2.732480468750000000e+02	1.678124782904269807e+02	1.054355685845730193e+02
1.855902921468904765e+02	2.761152343750000000e+02	1.673853990009026518e+02	1.087298353740973482e+02
1.857152921468904765e+02	2.698281250000000000e+02	1.669596930749392243e+02	1.028684319250607757e+02
1.858402921468904765e+02	2.730957031250000000e+02	1.665353551762762265e+02	1.065603479487237735e+02
1.859652921468904765e+02	2.770996093750000000e+02	1.661123799929570453e+02	1.109872293820429547e+02
1.860902921468904765e+02	2.724003906250000000e+02	1.656907622372019659e+02	1.067096283877980341e+02
1.862152921468904765e+02	2.703496093750000000e+02	1.652704966452820372e+02	1.050791127297179628e+02
1.863402921468904765e+02	2.719160156250000000e+02	1.648515779773935890e+02	1.070644376476064110e+02
1.864652921468904765e+02	2.789453125000000000e+02	1.644340010175335465e+02	1.145113114824664535e+02
1.865902921468904765e+02	2.833085937500000000e+02	1.640177605733754831e+02	1.192908331766245169e+02
1.867152921468904765e+02	2.755957031250000000e+02	1.636028514761464123e+02	1.119928516488535877e+02
1.868402921468904765e+02	2.728750000000000000e+02	1.631892685805041197e+02	1.096857314194958803e+02
1.869652921468904765e+02	2.719941406250000000e+02	1.627770067644156313e+02	1.092171338605843687e+02
1.870902921468904765e+02	2.619335937500000000e+02	1.623660609290358821e+02	9.956753282096411795e+01
1.872152921468904765e+02	2.694414062500000000e+02	1.619564259985874060e+02	1.074849802514125940e+02
1.873402921468904765e+02	2.765195312500000000e+02	1.615480969202408801e+02	1.149714343297591199e+02
1.874652921468904765e+02	2.718027343750000000e+02	1.611410686639957248e+02	1.106616657110042752e+02
1.875902921468904765e+02	2.626601562500000000e+02	1.607353362225623528e+02	1.019248200274376472e+02
1.877152921468904765e+02	2.635683593750000000e+02	1.603308946112441049e+02	1.032374647637558951e+02
1.878402921468904765e+02	2.729648437500000000e+02	1.599277388678207217e+02	1.130371048821792783e+02
1.879652921468904765e+02	2.638789062500000000e+02	1.595258640524319276e+02	1.043530421975680724e+02
1.880902921468904765e+02	2.565117187500000000e+02	1.591252652474618969e+02	9.738645350253810307e+01
1.882152921468904765e+02	2.692382812500000000e+02	1.587259375574245723e+02	1.105123436925754277e+02
1.883402921468904765e+02	2.671132812500000000e+02	1.583278761088492672e+02	1.087854051411507328e+02
1.884652921468904765e+02	2.642246093750000000e+02	1.579310760501672064e+02	1.062935333248327936e+02
1.885902921468904765e+02	2.629843750000000000e+02	1.575355325515986635e+02	1.054488424484013365e+02
1.887152921468904765e+02	2.615253906250000000e+02	1.571412408050408658e+02	1.043841498199591342e+02
1.888402921468904765e+02	2.647714843750000000e+02	1.567481960239561545e+02	1.080232883510438455e+02
1.889652921468904765e+02	2.633906250000000000e+02	1.563563934432613678e+02	1.070342315567386322e+02
1.890902921468904765e+02	2.677207031250000000e+02	1.559658283192173940e+02	1.117548748057826060e+02
1.892152921468904765e+02	2.660195312500000000e+02	1.555764959293195773e+02	1.104430353206804227e+02
1.893402921468904765e+02	2.622089843750000000e+02	1.551883915721888059e+02	1.070205928028111941e+02
1.894652921468904765e+02	2.696542968750000000e+02	1.548015105674629410e+02	1.148527863075370590e+02
1.895902921468904765e+02	2.627500000000000000e+02	1.544158482556893830e+02	1.083341517443106170e+02
1.897152921468904765e+02	2.607246093750000000e+02	1.540313999982176938e+02	1.066932093767823062e+02
1.898402921468904765e+02	2.602539062500000000e+02	1.536481611770931579e+02	1.066057450729068421e+02
1.899652921468904765e+02	2.615078125000000000e+02	1.532661271949510535e+02	1.082416853050489465e+02
1.900902921468904765e+02	2.591914062500000000e+02	1.528852934749111796e+02	1.063061127750888204e+02
1.902152921468904765e+02	2.575644531250000000e+02	1.525056554604733208e+02	1.050587976645266792e+02
1.903402921468904765e+02	2.653203125000000000e+02	1.521272086154131387e+02	1.131931038845868613e+02
1.904652921468904765e+02	2.668984375000000000e+02	1.517499484236787453e+02	1.151484890763212547e+02
1.905902921468904765e+02	2.527128906250000000e+02	1.513738703892877595e+02	1.013390202357122405e+02
1.907152921468904765e+02	2.525000000000000000e+02	1.509989700362251597e+02	1.015010299637748403e+02
1.908402921468904765e+02	2.568476562500000000e+02	1.506252429083414484e+02	1.062224133416585516e+02
1.909652921468904765e+02	2.605859375000000000e+02	1.502526845692516702e+02	1.103332529307483298e+02
1.910902921468904765e+02	2.531621093750000000e+02	1.498812906022348557e+02	1.032808187727651443e+02
1.912152921468904765e+02	2.533398437500000000e+02	1.495110566101340908e+02	1.038287871398659092e+02
1.913402921468904765e+02	2.547773437500000000e+02	1.491419782152570122e+02	1.056353655347429878e+02
1.914652921468904765e+02	2.593867187500000000e+02	1.487740510592772409e+02	1.106126676907227591e+02
1.915902921468904765e+02	2.499179687500000000e+02	1.484072708031359582e+02	1.015106979468640418e+02
1.917152921468904765e+02	2.529609375000000000e+02	1.480416331269442765e+02	1.049193043730557235e+02
1.918402921468904765e+02	2.524335937500000000e+02	1.476771337298861511e+02	1.047564600201138489e+02
1.919652921468904765e+02	2.548300781250000000e+02	1.473137683301218033e+02	1.075163097948781967e+02
1.920902921468904765e+02	2.528730468750000000e+02	1.469515326646917117e+02	1.059215142103082883e+02
1.922152921468904765e+02	2.496621093750000000e+02	1.465904224894211723e+02	1.030716868855788277e+02
1.923402921468904765e+02	2.477441406250000000e+02	1.462304335788252558e+02	1.015137070461747442e+02
1.924652921468904765e+02	2.486816406250000000e+02	1.458715617260146189e+02	1.028100788989853811e+02
1.925902921468904765e+02	2.484921875000000000e+02	1.455138027426015697e+02	1.029783847573984303e+02
1.927152921468904765e+02	2.510585937500000000e+02	1.451571524586067596e+02	1.059014412913932404e+02
1.928402921468904765e+02	2.485410156250000000e+02	1.448016067223663015e+02	1.037394089026336985e+02
1.929652921468904765e+02	2.534570312500000000e+02	1.444471614004397964e+02	1.090098698495602036e+02
1.930902921468904765e+02	2.452753906250000000e+02	1.440938123775183897e+02	1.011815782474816103e+02
1.932152921468904765e+02	2.464140625000000000e+02	1.437415555563335374e+02	1.026725069436664626e+02
1.933402921468904765e+02	2.461660156250000000e+02	1.433903868575664831e+02	1.027756287674335169e+02
1.934652921468904765e+02	2.469277343750000000e+02	1.430403022197580469e+02	1.038874321552419531e+02
1.935902921468904765e+02	2.437890625000000000e+02	1.426912975992187853e+02	1.010977649007812147e+02
1.937152921468904765e+02	2.516542968750000000e+02	1.423433689699401441e+02	1.093109279050598559e+02
1.938402921468904765e+02	2.497675781250000000e+02	1.419965123235055557e+02	1.077710658014944443e+02
1.939652921468904765e+02	2.479707031250000000e+02	1.416507236690023035e+02	1.063199794559976965e+02
1.940902921468904765e+02	2.435175781250000000e+02	1.413059990329341531e+02	1.022115790920658469e+02
1.942152921468904765e+02	2.395800781250000000e+02	1.409623344591337855e+02	9.861774366586621454e+01
1.943402921468904765e+02	2.355351562500000000e+02	1.406197260086764231e+02	9.491543024132357687e+01
1.944652921468904765e+02	2.348007812500000000e+02	1.402781697597935988e+02	9.452261149020640119e+01
1.945902921468904765e+02	2.364140625000000000e+02	1.399376618077873502e+02	9.647640069221264980e+01
1.947152921468904765e+02	2.441132812500000000e+02	1.395981982649452675e+02	1.045150829850547325e+02
1.948402921468904765e+02	2.448144531250000000e+02	1.392597752604553989e+02	1.055546778645446011e+02
1.949652921468904765e+02	2.442089843750000000e+02	1.389223889403224064e+02	1.052865954346775936e+02
1.950902921468904765e+02	2.403750000000000000e+02	1.385860354672834092e+02	1.017889645327165908e+02
1.952152921468904765e+02	2.412812500000000000e+02	1.382507110207249923e+02	1.030305389792750077e+02
1.953402921468904765e+02	2.392187500000000000e+02	1.379164117966001299e+02	1.013023382033998701e+02
1.954652921468904765e+02	2.473515625000000000e+02	1.375831340073460467e+02	1.097684284926539533e+02
1.955902921468904765e+02	2.430449218750000000e+02	1.372508738818020504e+02	1.057940479931979496e+02
1.957152921468904765e+02	2.431015625000000000e+02	1.369196276651283313e+02	1.061819348348716687e+02
1.958402921468904765e+02	2.463398437500000000e+02	1.365893916187247044e+02	1.097504521312752956e+02
1.959652921468904765e+02	2.457500000000000000e+02	1.362601620201503181e+02	1.094898379798496819e+02
1.960902921468904765e+02	2.385996093750000000e+02	1.359319351630434483e+02	1.026676742119565517e+02
1.962152921468904765e+02	2.446640625000000000e+02	1.356047073570417467e+02	1.090593551429582533e+02
1.963402921468904765e+02	2.423730468750000000e+02	1.352784749277033143e+02	1.070945719472966857e+02
1.964652921468904765e+02	2.416523437500000000e+02	1.349532342164276315e+02	1.066991095335723685e+02
1.965902921468904765e+02	2.485625000000000000e+02	1.346289815803775127e+02	1.139335184196224873e+02
1.967152921468904765e+02	2.437578125000000000e+02	1.343057133924010316e+02	1.094520991075989684e+02
1.968402921468904765e+02	2.398828125000000000e+02	1.339834260409541571e+02	1.058993864590458429e+02
1.969652921468904765e+02	2.308964843750000000e+02	1.336621159300237309e+02	9.723436844497626907e+01
1.970902921468904765e+02	2.361914062500000000e+02	1.333417794790509276e+02	1.028496267709490724e+02
1.972152921468904765e+02	2.313808593750000000e+02	1.330224131228549425e+02	9.835844625214505754e+01
1.973402921468904765e+02	2.355546875000000000e+02	1.327040133115574747e+02	1.028506741884425253e+02
1.974652921468904765e+02	2.383691406250000000e+02	1.323865765105071830e+02	1.059825641144928170e+02
1.975902921468904765e+02	2.366171875000000000e+02	1.320700992002049361e+02	1.045470882997950639e+02
1.977152921468904765e+02	2.372792968750000000e+02	1.317545778762292628e+02	1.055247189987707372e+02
1.978402921468904765e+02	2.305078125000000000e+02	1.314400090491623985e+02	9.906780345083760153e+01
1.979652921468904765e+02	2.279316406250000000e+02	1.311263892445164458e+02	9.680525138048355416e+01
1.980902921468904765e+02	2.278085937500000000e+02	1.308137150026601603e+02	9.699487874733983972e+01
1.982152921468904765e+02	2.303417968750000000e+02	1.305019828787462757e+02	9.983981399625372433e+01
1.983402921468904765e+02	2.360058593750000000e+02	1.301911894426388017e+02	1.058146699323611983e+02
1.984652921468904765e+02	2.355039062500000000e+02	1.298813312788412873e+02	1.056225749711587127e+02
1.985902921468904765e+02	2.331230468750000000e+02	1.295724049864248286e+02	1.035506418885751714e+02
1.987152921468904765e+02	2.337421875000000000e+02	1.292644071789570148e+02	1.044777803210429852e+02
1.988402921468904765e+02	2.324179687500000000e+02	1.289573344844311862e+02	1.034606342655688138e+02
1.989652921468904765e+02	2.292382812500000000e+02	1.286511835451956358e+02	1.005870977048043642e+02
1.990902921468904765e+02	2.304941406250000000e+02	1.283459510178838627e+02	1.021481896071161373e+02
1.992152921468904765e+02	2.319570312500000000e+02	1.280416335733446829e+02	1.039153976766553171e+02
1.993402921468904765e+02	2.286992187500000000e+02	1.277382278965729654e+02	1.009609908534270346e+02
1.994652921468904765e+02	2.349296875000000000e+02	1.274357306866407100e+02	1.074939568133592900e+02
1.995902921468904765e+02	2.288691406250000000e+02	1.271341386566285365e+02	1.017350019683714635e+02
1.997152921468904765e+02	2.272558593750000000e+02	1.268334485335574584e+02	1.004224108414425416e+02
1.998402921468904765e+02	2.270468750000000000e+02	1.265336570583211255e+02	1.005132179416788745e+02
1.999652921468904765e+02	2.238652343750000000e+02	1.262347609856182800e+02	9.763047338938172004e+01
2.000902921468904765e+02	2.262500000000000000e+02	1.259367570838859081e+02	1.003132429161140919e+02
2.002152921468904765e+02	2.287539062500000000e+02	1.256396421352323642e+02	1.031142641147676358e+02
2.003402921468904765e+02	2.228730468750000000e+02	1.253434129353711484e+02	9.752963393962885164e+01
2.004652921468904765e+02	2.261914062500000000e+02	1.250480662935548679e+02	1.011433399564451321e+02
2.005902921468904765e+02	2.296972656250000000e+02	1.247535990325097259e+02	1.049436665924902741e+02
2.007152921468904765e+02	2.272812500000000000e+02	1.244600079883702364e+02	1.028212420116297636e+02
2.008402921468904765e+02	2.218691406250000000e+02	1.241672900106142805e+02	9.770185061438571950e+01
2.009652921468904765e+02	2.225351562500000000e+02	1.238754419619986464e+02	9.865971428800135357e+01
2.010902921468904765e+02	2.230664062500000000e+02	1.235844607184948956e+02	9.948194553150510444e+01
2.012152921468904765e+02	2.223789062500000000e+02	1.232943431692253426e+02	9.908456308077465735e+01
2.013402921468904765e+02	2.203847656250000000e+02	1.230050862163997891e+02	9.737967940860021088e+01
2.014652921468904765e+02	2.236503906250000000e+02	1.227166867752522563e+02	1.009337038497477437e+02
2.015902921468904765e+02	2.127617187500000000e+02	1.224291417739782304e+02	9.033257697602176961e+01
2.017152921468904765e+02	2.250351562500000000e+02	1.221424481536722197e+02	1.028927080963277803e+02
2.018402921468904765e+02	2.210722656250000000e+02	1.218566028682656395e+02	9.921566275673436053e+01
2.019652921468904765e+02	2.308476562500000000e+02	1.215716028844649657e+02	1.092760533655350343e+02
2.020902921468904765e+02	2.225390625000000000e+02	1.212874451816904013e+02	1.012516173183095987e+02
2.022152921468904765e+02	2.222773437500000000e+02	1.210041267520146988e+02	1.012732169979853012e+02
2.023402921468904765e+02	2.278144531250000000e+02	1.207216446001024650e+02	1.070928085248975350e+02
2.024652921468904765e+02	2.272714843750000000e+02	1.204399957431495949e+02	1.068314886318504051e+02
2.025902921468904765e+02	2.220566406250000000e+02	1.201591772108232163e+02	1.018974634141767837e+02
2.027152921468904765e+02	2.222890625000000000e+02	1.198791860452019336e+02	1.024098764547980664e+02
2.028402921468904765e+02	2.232695312500000000e+02	1.196000193007162977e+02	1.036695119492837023e+02
2.029652921468904765e+02	2.181816406250000000e+02	1.193216740440896757e+02	9.885996658091032430e+01
2.030902921468904765e+02	2.200527343750000000e+02	1.190441473542793744e+02	1.010085870207206256e+02
2.032152921468904765e+02	2.166484375000000000e+02	1.187674363224182628e+02	9.788100117758173724e+01
2.033402921468904765e+02	2.195390625000000000e+02	1.184915380517564216e+02	1.010475244482435784e+02
2.034652921468904765e+02	2.279902343750000000e+02	1.182164496576033486e+02	1.097737847173966514e+02
2.035902921468904765e+02	2.180273437500000000e+02	1.179421682672703895e+02	1.000851754827296105e+02
2.037152921468904765e+02	2.161367187500000000e+02	1.176686910200133838e+02	9.846802772998661624e+01
2.038402921468904765e+02	2.174863281250000000e+02	1.173960150669758349e+02	1.000903130580241651e+02
2.039652921468904765e+02	2.219179687500000000e+02	1.171241375711322092e+02	1.047938311788677908e+02
2.040902921468904765e+02	2.203847656250000000e+02	1.168530557072315617e+02	1.035317099177684383e+02
2.042152921468904765e+02	2.169843750000000000e+02	1.165827666617415304e+02	1.004016083382584696e+02
2.043402921468904765e+02	2.146171875000000000e+02	1.163132676327926163e+02	9.830391986720738373e+01
2.044652921468904765e+02	2.177246093750000000e+02	1.160445558301227038e+02	1.016800535448772962e+02
2.045902921468904765e+02	2.165957031250000000e+02	1.157766284750219370e+02	1.008190746499780630e+02
2.047152921468904765e+02	2.157890625000000000e+02	1.155094828002778513e+02	1.002795796997221487e+02
2.048402921468904765e+02	2.236796875000000000e+02	1.152431160501208893e+02	1.084365714498791107e+02
2.049652921468904765e+02	2.209980468750000000e+02	1.149775254801700441e+02	1.060205213948299559e+02
2.050902921468904765e+02	2.115800781250000000e+02	1.147127083573789292e+02	9.686736976762107076e+01
2.052152921468904765e+02	2.132832031250000000e+02	1.144486619599821182e+02	9.883454116501788178e+01
2.053402921468904765e+02	2.146113281250000000e+02	1.141853835774417263e+02	1.004259445475582737e+02
2.054652921468904765e+02	2.119218750000000000e+02	1.139228705103942900e+02	9.799900448960570998e+01
2.055902921468904765e+02	2.167031250000000000e+02	1.136611200705979456e+02	1.030420049294020544e+02
2.057152921468904765e+02	2.107832031250000000e+02	1.134001295808799057e+02	9.738307354412009431e+01
2.058402921468904765e+02	2.123789062500000000e+02	1.131398963750841773e+02	9.923900987491582271e+01
2.059652921468904765e+02	2.132011718750000000e+02	1.128804177980195220e+02	1.003207540769804780e+02
2.060902921468904765e+02	2.103710937500000000e+02	1.126216912054078421e+02	9.774940254459215794e+01
2.062152921468904765e+02	2.090507812500000000e+02	1.123637139638327085e+02	9.668706728616729151e+01
2.063402921468904765e+02	2.114414062500000000e+02	1.121064834506881454e+02	9.933492279931185465e+01
2.064652921468904765e+02	2.071718750000000000e+02	1.118499970541277690e+02	9.532187794587223095e+01
2.065902921468904765e+02	2.091796875000000000e+02	1.115942521730142261e+02	9.758543532698577394e+01
2.067152921468904765e+02	2.109550781250000000e+02	1.113392462168687587e+02	9.961583190813124133e+01
2.068402921468904765e+02	2.068750000000000000e+02	1.110849766058211543e+02	9.579002339417884571e+01
2.069652921468904765e+02	2.106796875000000000e+02	1.108314407705599507e+02	9.984824672944004931e+01
2.070902921468904765e+02	2.153710937500000000e+02	1.105786361522828116e+02	1.047924575977171884e+02
2.072152921468904765e+02	2.153007812500000000e+02	1.103265602026472862e+02	1.049742210473527138e+02
2.073402921468904765e+02	2.164179687500000000e+02	1.100752103837218243e+02	1.063427583662781757e+02
2.074652921468904765e+02	2.108593750000000000e+02	1.098245841679368624e+02	1.010347908320631376e+02
2.075902921468904765e+02	2.111484375000000000e+02	1.095746790380364359e+02	1.015737584619635641e+02
2.077152921468904765e+02	2.133613281250000000e+02	1.093254924870298339e+02	1.040358356379701661e+02
2.078402921468904765e+02	2.131074218750000000e+02	1.090770220181436940e+02	1.040303998568563060e+02
2.079652921468904765e+02	2.141152343750000000e+02	1.088292651447741406e+02	1.052859692302258594e+02
2.080902921468904765e+02	2.118398437500000000e+02	1.085822193904393487e+02	1.032576243595606513e+02
2.082152921468904765e+02	2.071484375000000000e+02	1.083358822887322503e+02	9.881255521126774966e+01
2.083402921468904765e+02	2.033574218750000000e+02	1.080902513832736389e+02	9.526717049172636109e+01
2.084652921468904765e+02	2.031132812500000000e+02	1.078453242276652730e+02	9.526795702233472696e+01
2.085902921468904765e+02	2.051816406250000000e+02	1.076010983854434215e+02	9.758054223955657847e+01
2.087152921468904765e+02	2.069082031250000000e+02	1.073575714300326638e+02	9.955063169496733622e+01
2.088402921468904765e+02	2.067050781250000000e+02	1.071147409446998040e+02	9.959033718030019600e+01
2.089652921468904765e+02	2.016250000000000000e+02	1.068726045225080838e+02	9.475239547749191615e+01
2.090902921468904765e+02	2.053398437500000000e+02	1.066311597662716935e+02	9.870868398372830654e+01
2.092152921468904765e+02	2.009101562500000000e+02	1.063904042885104104e+02	9.451975196148958958e+01
2.093402921468904765e+02	2.012539062500000000e+02	1.061503357114045940e+02	9.510357053859540599e+01
2.094652921468904765e+02	2.102832031250000000e+02	1.059109516667503215e+02	1.043722514582496785e+02
2.095902921468904765e+02	2.079277343750000000e+02	1.056722497959148370e+02	1.022554845790851630e+02
2.097152921468904765e+02	1.973886718750000000e+02	1.054342277497921287e+02	9.195444412520787125e+01
2.098402921468904765e+02	1.985058593750000000e+02	1.051968831887588465e+02	9.330897618624115353e+01
2.099652921468904765e+02	1.973496093750000000e+02	1.049602137826304187e+02	9.238939559236958132e+01
2.100902921468904765e+02	2.026445312500000000e+02	1.047242172106173399e+02	9.792031403938266010e+01
2.102152921468904765e+02	2.077246093750000000e+02	1.044888911612817566e+02	1.032357182137182434e+02
2.103402921468904765e+02	2.039082031250000000e+02	1.042542333324942376e+02	9.965396979250576237e+01
2.104652921468904765e+02	1.993203125000000000e+02	1.040202414313908434e+02	9.530007106860915655e+01
2.105902921468904765e+02	1.982402343750000000e+02	1.037869131743302660e+02	9.445332120066973403e+01
2.107152921468904765e+02	1.932910156250000000e+02	1.035542462868513951e+02	8.973676933814860490e+01
2.108402921468904765e+02	1.951171875000000000e+02	1.033222385036308708e+02	9.179494899636912919e+01
2.109652921468904765e+02	2.012421875000000000e+02	1.030908875684411328e+02	9.815129993155886723e+01
2.110902921468904765e+02	1.919511718750000000e+02	1.028601912341084130e+02	8.909098064089158697e+01
2.112152921468904765e+02	1.979863281250000000e+02	1.026301472624711266e+02	9.535618086252887338e+01
2.113402921468904765e+02	1.978164062500000000e+02	1.024007534243384470e+02	9.541565282566155304e+01
2.114652921468904765e+02	1.958886718750000000e+02	1.021720074994490233e+02	9.371666437555097673e+01
2.115902921468904765e+02	1.935117187500000000e+02	1.019439072764299539e+02	9.156781147357004613e+01
2.117152921468904765e+02	1.900019531250000000e+02	1.017164505527560863e+02	8.828550257224391373e+01
2.118402921468904765e+02	1.968222656250000000e+02	1.014896351347092747e+02	9.533263049029072533e+01
2.119652921468904765e+02	1.947226562500000000e+02	1.012634588373380922e+02	9.345919741266190783e+01
2.120902921468904765e+02	1.960019531250000000e+02	1.010379194844176425e+02	9.496403364058235752e+01
2.122152921468904765e+02	1.978261718750000000e+02	1.008130149084095564e+02	9.701315696659044363e+01
2.123402921468904765e+02	1.930214843750000000e+02	1.005887429504222581e+02	9.243274142457774190e+01
2.124652921468904765e+02	1.915488281250000000e+02	1.003651014601714024e+02	9.118372666482859756e+01
2.125902921468904765e+02	1.892207031250000000e+02	1.001420882959405105e+02	8.907861482905948947e+01
2.127152921468904765e+02	1.911289062500000000e+02	9.991970132454184750e+01	9.120920492545815250e+01
2.128402921468904765e+02	1.949628906250000000e+02	9.969793842127748462e+01	9.526495220372251538e+01
2.129652921468904765e+02	1.904003906250000000e+02	9.947679746990041849e+01	9.092359315509958151e+01
2.130902921468904765e+02	1.901562500000000000e+02	9.925627636257628694e+01	9.089997363742371306e+01
2.132152921468904765e+02	1.906835937500000000e+02	9.903637299984471554e+01	9.164722075015528446e+01
2.133402921468904765e+02	1.948300781250000000e+02	9.881708529058141721e+01	9.601299283441858279e+01
2.134652921468904765e+02	1.904765625000000000e+02	9.859841115196006456e+01	9.187815134803993544e+01
2.135902921468904765e+02	1.936445312500000000e+02	9.838034850941464526e+01	9.526418274058535474e+01
2.137152921468904765e+02	1.910429687500000000e+02	9.816289529660180335e+01	9.288007345339819665e+01
2.138402921468904765e+02	1.864785156250000000e+02	9.794604945536352147e+01	8.853246616963647853e+01
2.139652921468904765e+02	1.918437500000000000e+02	9.772980893568991689e+01	9.411394106431008311e+01
2.140902921468904765e+02	1.907792968750000000e+02	9.751417169568229326e+01	9.326512517931770674e+01
2.142152921468904765e+02	1.929804687500000000e+02	9.729913570151622082e+01	9.568133304848377918e+01
2.143402921468904765e+02	1.876757812500000000e+02	9.708469892740504292e+01	9.059108232259495708e+01
2.144652921468904765e+02	1.877089843750000000e+02	9.687085935556342520e+01	9.083812501943657480e+01
2.145902921468904765e+02	1.890644531250000000e+02	9.665761497617104681e+01	9.240683814882895319e+01
2.147152921468904765e+02	1.900703125000000000e+02	9.644496378733660436e+01	9.362534871266339564e+01
2.148402921468904765e+02	1.941152343750000000e+02	9.623290379506192949e+01	9.788233057993807051e+01
2.149652921468904765e+02	1.889042968750000000e+02	9.602143301320630542e+01	9.288286386179369458e+01
2.150902921468904765e+02	1.926777343750000000e+02	9.581054946345093981e+01	9.686718491154906019e+01
2.152152921468904765e+02	1.910332031250000000e+02	9.560025117526360816e+01	9.543295194973639184e+01
2.153402921468904765e+02	1.880039062500000000e+02	9.539053618586362404e+01	9.261337006413637596e+01
2.154652921468904765e+02	1.890722656250000000e+02	9.518140254018672408e+01	9.389086308481327592e+01
2.155902921468904765e+02	1.938593750000000000e+02	9.497284829085037927e+01	9.888652670914962073e+01
2.157152921468904765e+02	1.890214843750000000e+02	9.476487149811914890e+01	9.425661287688085110e+01
2.158402921468904765e+02	1.928828125000000000e+02	9.455747022987024764e+01	9.832534227012975236e+01
2.159652921468904765e+02	1.908593750000000000e+02	9.435064256155929741e+01	9.650873243844070259e+01
2.160902921468904765e+02	1.924414062500000000e+02	9.414438657618617867e+01	9.829701967381382133e+01
2.162152921468904765e+02	1.872656250000000000e+02	9.393870036426120862e+01	9.332692463573879138e+01
2.163402921468904765e+02	1.919394531250000000e+02	9.373358202377131931e+01	9.820587110122868069e+01
2.164652921468904765e+02	1.872500000000000000e+02	9.352902966014652009e+01	9.372097033985347991e+01
2.165902921468904765e+02	1.907539062500000000e+02	9.332504138622654466e+01	9.742886486377345534e+01
2.167152921468904765e+02	1.886738281250000000e+02	9.312161532222748406e+01	9.555221280277251594e+01
2.168402921468904765e+02	1.851406250000000000e+02	9.291874959570886006e+01	9.222187540429113994e+01
2.169652921468904765e+02	1.860292968750000000e+02	9.271644234154062758e+01	9.331285453345937242e+01
2.170902921468904765e+02	1.834472656250000000e+02	9.251469170187054658e+01	9.093257392312945342e+01
2.172152921468904765e+02	1.894511718750000000e+02	9.231349582609152549e+01	9.713767604890847451e+01
2.173402921468904765e+02	1.858183593750000000e+02	9.211285287080920625e+01	9.370550650419079375e+01
2.174652921468904765e+02	1.883085937500000000e+02	9.191276099980984782e+01	9.639583275019015218e+01
2.175902921468904765e+02	1.876503906250000000e+02	9.171321838402809590e+01	9.593717224097190410e+01
2.177152921468904765e+02	1.867304687500000000e+02	9.151422320151522172e+01	9.521624554848477828e+01
2.178402921468904765e+02	1.942812500000000000e+02	9.131577363740724707e+01	1.029654763625927529e+02
2.179652921468904765e+02	1.908203125000000000e+02	9.111786788389336778e+01	9.970244461610663222e+01
2.180902921468904765e+02	1.884394531250000000e+02	9.092050414018461879e+01	9.751894898481538121e+01
2.182152921468904765e+02	1.903222656250000000e+02	9.072368061248245397e+01	9.959858501251754603e+01
2.183402921468904765e+02	1.865390625000000000e+02	9.052739551394773798e+01	9.601166698605226202e+01
2.184652921468904765e+02	1.819628906250000000e+02	9.033164706466972405e+01	9.163124356033027595e+01
2.185902921468904765e+02	1.774375000000000000e+02	9.013643349163527319e+01	8.730106650836472681e+01
2.187152921468904765e+02	1.764316406250000000e+02	8.994175302869820143e+01	8.648988759630179857e+01
2.188402921468904765e+02	1.831953125000000000e+02	8.974760391654872649e+01	9.344770858345127351e+01
2.189652921468904765e+02	1.799511718750000000e+02	8.955398440268319860e+01	9.039718747231680140e+01
2.190902921468904765e+02	1.844746093750000000e+02	8.936089274137388827e+01	9.511371663362611173e+01
2.192152921468904765e+02	1.852988281250000000e+02	8.916832719363885928e+01	9.613050093136114072e+01
2.193402921468904765e+02	1.787734375000000000e+02	8.897628602721219693e+01	8.979715147278780307e+01
2.194652921468904765e+02	1.792226562500000000e+02	8.878476751651419363e+01	9.043788873348580637e+01
2.195902921468904765e+02	1.818867187500000000e+02	8.859376994262174776e+01	9.329294880737825224e+01
2.197152921468904765e+02	1.832031250000000000e+02	8.840329159323894714e+01	9.479983340676105286e+01
2.198402921468904765e+02	1.812128906250000000e+02	8.821333076266773787e+01	9.299955986233226213e+01
2.199652921468904765e+02	1.828945312500000000e+02	8.802388575177882046e+01	9.487064549822117954e+01
2.200902921468904765e+02	1.833398437500000000e+02	8.783495486798254603e+01	9.550488888201745397e+01
2.202152921468904765e+02	1.760898437500000000e+02	8.764653642520018195e+01	8.844330732479981805e+01
2.203402921468904765e+02	1.757832031250000000e+02	8.745862874383506380e+01	8.832457438116493620e+01
2.204652921468904765e+02	1.765332031250000000e+02	8.727123015074408841e+01	8.926197297425591159e+01
2.205902921468904765e+02	1.780214843750000000e+02	8.708433897920924949e+01	9.093714539579075051e+01
2.207152921468904765e+02	1.809316406250000000e+02	8.689795356890935807e+01	9.403368705609064193e+01
2.208402921468904765e+02	1.763867187500000000e+02	8.671207226589190498e+01	8.967464648410809502e+01
2.209652921468904765e+02	1.770371093750000000e+02	8.652669342254499441e+01	9.051041595245500559e+01
2.210902921468904765e+02	1.802011718750000000e+02	8.634181539756947643e+01	9.385935647743052357e+01
2.212152921468904765e+02	1.847187500000000000e+02	8.615743655595129269e+01	9.856131344404870731e+01
2.213402921468904765e+02	1.848476562500000000e+02	8.597355526893375099e+01	9.887410098106624901e+01
2.214652921468904765e+02	1.798945312500000000e+02	8.579016991399016945e+01	9.410436133600983055e+01
2.215902921468904765e+02	1.859023437500000000e+02	8.560727887479644949e+01	1.002950648752035505e+02
2.217152921468904765e+02	1.855410156250000000e+02	8.542488054120400420e+01	1.001161350837959958e+02
2.218402921468904765e+02	1.815507812500000000e+02	8.524297330921258720e+01	9.630780794078741280e+01
2.219652921468904765e+02	1.774238281250000000e+02	8.506155558094340563e+01	9.236227254405659437e+01
2.220902921468904765e+02	1.789824218750000000e+02	8.488062576461237541e+01	9.410179611038762459e+01
2.222152921468904765e+02	1.778027343750000000e+02	8.470018227450339054e+01	9.310255210049660946e+01
2.223402921468904765e+02	1.759707031250000000e+02	8.452022353094184837e+01	9.145047959405815163e+01
2.224652921468904765e+02	1.751777343750000000e+02	8.434074796026823151e+01	9.083698641473176849e+01
2.225902921468904765e+02	1.800332031250000000e+02	8.416175399481181785e+01	9.587144913018818215e+01
2.227152921468904765e+02	1.765097656250000000e+02	8.398324007286460358e+01	9.252652555213539642e+01
2.228402921468904765e+02	1.777265625000000000e+02	8.380520463865525471e+01	9.392135786134474529e+01
2.229652921468904765e+02	1.732714843750000000e+02	8.362764614232318650e+01	8.964383823267681350e+01
2.230902921468904765e+02	1.737167968750000000e+02	8.345056303989291280e+01	9.026623383510708720e+01
2.232152921468904765e+02	1.790332031250000000e+02	8.327395379324833868e+01	9.575924933175166132e+01
2.233402921468904765e+02	1.779257812500000000e+02	8.309781687010728035e+01	9.482796437989271965e+01
2.234652921468904765e+02	1.731093750000000000e+02	8.292215074399608454e+01	9.018722425600391546e+01
2.235902921468904765e+02	1.753300781250000000e+02	8.274695389422437586e+01	9.258312423077562414e+01
2.237152921468904765e+02	1.754023437500000000e+02	8.257222480585997459e+01	9.283011894414002541e+01
2.238402921468904765e+02	1.773613281250000000e+02	8.239796196970382880e+01	9.496336615529617120e+01
2.239652921468904765e+02	1.754960937500000000e+02	8.222416388226513106e+01	9.327192986773486894e+01
2.240902921468904765e+02	1.744609375000000000e+02	8.205082904573662006e+01	9.241010845426337994e+01
2.242152921468904765e+02	1.753691406250000000e+02	8.187795596796991049e+01	9.349118465703008951e+01
2.243402921468904765e+02	1.724394531250000000e+02	8.170554316245096516e+01	9.073390996254903484e+01
2.244652921468904765e+02	1.709296875000000000e+02	8.153358914827569492e+01	8.939609835172430508e+01
2.245902921468904765e+02	1.707675781250000000e+02	8.136209245012568658e+01	8.940548567487431342e+01
2.247152921468904765e+02	1.706347656250000000e+02	8.119105159824403017e+01	8.944371402675596983e+01
2.248402921468904765e+02	1.682246093750000000e+02	8.102046512841130266e+01	8.720414424658869734e+01
2.249652921468904765e+02	1.737832031250000000e+02	8.085033158192165104e+01	9.293287154307834896e+01
2.250902921468904765e+02	1.787675781250000000e+02	8.068064950555890391e+01	9.808692861944109609e+01
2.252152921468904765e+02	1.712402343750000000e+02	8.051141745157296725e+01	9.072881692342703275e+01
2.253402921468904765e+02	1.776425781250000000e+02	8.034263397765620596e+01	9.729994414734379404e+01
2.254652921468904765e+02	1.716523437500000000e+02	8.017429764691998173e+01	9.147804610308001827e+01
2.255902921468904765e+02	1.674960937500000000e+02	8.000640702787131886e+01	8.748968672212868114e+01
2.257152921468904765e+02	1.674824218750000000e+02	7.983896069438965526e+01	8.764346118061034474e+01
2.258402921468904765e+02	1.690722656250000000e+02	7.967195722570370719e+01	8.940030839929629281e+01
2.259652921468904765e+02	1.678359375000000000e+02	7.950539520636849034e+01	8.833054229363150966e+01
2.260902921468904765e+02	1.688574218750000000e+02	7.933927322624238343e+01	8.951814864875761657e+01
2.262152921468904765e+02	1.697109375000000000e+02	7.917358988046440516e+01	9.053734761953559484e+01
2.263402921468904765e+02	1.720566406250000000e+02	7.900834376943144832e+01	9.304829685556855168e+01
2.264652921468904765e+02	1.691738281250000000e+02	7.884353349877578410e+01	9.033029462622421590e+01
2.265902921468904765e+02	1.673281250000000000e+02	7.867915767934253779e+01	8.864896732065746221e+01
2.267152921468904765e+02	1.756757812500000000e+02	7.851521492716743467e+01	9.716056632283256533e+01
2.268402921468904765e+02	1.755390625000000000e+02	7.835170386345444626e+01	9.718735863654555374e+01
2.269652921468904765e+02	1.709511718750000000e+02	7.818862311455374936e+01	9.276254876044625064e+01
2.270902921468904765e+02	1.751015625000000000e+02	7.802597131193964231e+01	9.707559118806035769e+01
2.272152921468904765e+02	1.730214843750000000e+02	7.786374709218863188e+01	9.515773728281136812e+01
2.273402921468904765e+02	1.721757812500000000e+02	7.770194909695767649e+01	9.447383215304232351e+01
2.274652921468904765e+02	1.707460937500000000e+02	7.754057597296234405e+01	9.320551777703765595e+01
2.275902921468904765e+02	1.743457031250000000e+02	7.737962637195536786e+01	9.696607675304463214e+01
2.277152921468904765e+02	1.763847656250000000e+02	7.721909895070503183e+01	9.916566667429496817e+01
2.278402921468904765e+02	1.749414062500000000e+02	7.705899237097382581e+01	9.788241387902617419e+01
2.279652921468904765e+02	1.705703125000000000e+02	7.689930529949711513e+01	9.367100720050288487e+01
2.280902921468904765e+02	1.715156250000000000e+02	7.674003640796195214e+01	9.477558859203804786e+01
2.282152921468904765e+02	1.759921875000000000e+02	7.658118437298605841e+01	9.941100312701394159e+01
2.283402921468904765e+02	1.735859375000000000e+02	7.642274787609672160e+01	9.716318962390327840e+01
2.284652921468904765e+02	1.714863281250000000e+02	7.626472560371000498e+01	9.522160252128999502e+01
2.285902921468904765e+02	1.712832031250000000e+02	7.610711624710987167e+01	9.517608687789012833e+01
2.287152921468904765e+02	1.694082031250000000e+02	7.594991850242757891e+01	9.345828462257242109e+01
2.288402921468904765e+02	1.686308593750000000e+02	7.579313107062104393e+01	9.283772830437895607e+01
2.289652921468904765e+02	1.686835937500000000e+02	7.563675265745433762e+01	9.304684109254566238e+01
2.290902921468904765e+02	1.694648437500000000e+02	7.548078197347734886e+01	9.398406177652265114e+01
2.292152921468904765e+02	1.690664062500000000e+02	7.532521773400543452e+01	9.374118851599456548e+01
2.293402921468904765e+02	1.598007812500000000e+02	7.517005865909925433e+01	8.463072259090074567e+01
2.294652921468904765e+02	1.647109375000000000e+02	7.501530347354463402e+01	8.969563402645536598e+01
2.295902921468904765e+02	1.638671875000000000e+02	7.486095090683261333e+01	8.900623659316738667e+01
2.297152921468904765e+02	1.663554687500000000e+02	7.470699969313950817e+01	9.164846905686049183e+01
2.298402921468904765e+02	1.641660156250000000e+02	7.455344857130707226e+01	8.961256705369292774e+01
2.299652921468904765e+02	1.668691406250000000e+02	7.440029628482280089e+01	9.246884434017719911e+01
2.300902921468904765e+02	1.601542968750000000e+02	7.424754158180033414e+01	8.590675529319966586e+01
2.302152921468904765e+02	1.605000000000000000e+02	7.409518321495984594e+01	8.640481678504015406e+01
2.303402921468904765e+02	1.631171875000000000e+02	7.394321994160870304e+01	8.917396755839129696e+01
2.304652921468904765e+02	1.639003906250000000e+02	7.379165052362202459e+01	9.010874010137797541e+01
2.305902921468904765e+02	1.613925781250000000e+02	7.364047372742348330e+01	8.775210439757651670e+01
2.307152921468904765e+02	1.604843750000000000e+02	7.348968832396614914e+01	8.699468667603385086e+01
2.308402921468904765e+02	1.620078125000000000e+02	7.333929308871334740e+01	8.866851941128665260e+01
2.309652921468904765e+02	1.601582031250000000e+02	7.318928680161975819e+01	8.696891632338024181e+01
2.310902921468904765e+02	1.582109375000000000e+02	7.303966824711250183e+01	8.517126925288749817e+01
2.312152921468904765e+02	1.558066406250000000e+02	7.289043621407230944e+01	8.291620441092769056e+01
2.313402921468904765e+02	1.567148437500000000e+02	7.274158949581479305e+01	8.397325425418520695e+01
2.314652921468904765e+02	1.581699218750000000e+02	7.259312689007191466e+01	8.557679498492808534e+01
2.315902921468904765e+02	1.644433593750000000e+02	7.244504719897335576e+01	9.199831217602664424e+01
2.317152921468904765e+02	1.671054687500000000e+02	7.229734922902811434e+01	9.480811952097188566e+01
2.318402921468904765e+02	1.650898437500000000e+02	7.215003179110611597e+01	9.293981195889388403e+01
2.319652921468904765e+02	1.600039062500000000e+02	7.200309370041998136e+01	8.800081254958001864e+01
2.320902921468904765e+02	1.562480468750000000e+02	7.185653377650677953e+01	8.439151309849322047e+01
2.322152921468904765e+02	1.565605468750000000e+02	7.171035084321000852e+01	8.485019603178999148e+01
2.323402921468904765e+02	1.600058593750000000e+02	7.156454372866146230e+01	8.844131564633853770e+01
2.324652921468904765e+02	1.586640625000000000e+02	7.141911126526342457e+01	8.724495123473657543e+01
2.325902921468904765e+02	1.583339843750000000e+02	7.127405228967076312e+01	8.705993208532923688e+01
2.327152921468904765e+02	1.618984375000000000e+02	7.112936564277310936e+01	9.076907185722689064e+01
2.328402921468904765e+02	1.608574218750000000e+02	7.098505016967729375e+01	8.987237170532270625e+01
2.329652921468904765e+02	1.567285156250000000e+02	7.084110471968969591e+01	8.588741090531030409e+01
2.330902921468904765e+02	1.581542968750000000e+02	7.069752814629867999e+01	8.745676872870132001e+01
2.332152921468904765e+02	1.617324218750000000e+02	7.055431930715727162e+01	9.117810256784272838e+01
2.333402921468904765e+02	1.589238281250000000e+02	7.041147706406569284e+01	8.851235106093430716e+01
2.334652921468904765e+02	1.582695312500000000e+02	7.026900028295420952e+01	8.800053096704579048e+01
2.335902921468904765e+02	1.583476562500000000e+02	7.012688783386582259e+01	8.822076841613417741e+01
2.337152921468904765e+02	1.588886718750000000e+02	6.998513859093931444e+01	8.890353328406068556e+01
2.338402921468904765e+02	1.605058593750000000e+02	6.984375143239206807e+01	9.066210794260793193e+01
2.339652921468904765e+02	1.580507812500000000e+02	6.970272524050324137e+01	8.834805600949675863e+01
2.340902921468904765e+02	1.540488281250000000e+02	6.956205890159677097e+01	8.448676922340322903e+01
2.342152921468904765e+02	1.492480468750000000e+02	6.942175130602477395e+01	7.982629556897522605e+01
2.343402921468904765e+02	1.594531250000000000e+02	6.928180134815062274e+01	9.017132365184937726e+01
2.344652921468904765e+02	1.561601562500000000e+02	6.914220792633250312e+01	8.701794832366749688e+01
2.345902921468904765e+02	1.566992187500000000e+02	6.900296994290677333e+01	8.769624880709322667e+01
2.347152921468904765e+02	1.571660156250000000e+02	6.886408630417143684e+01	8.830192932082856316e+01
2.348402921468904765e+02	1.594218750000000000e+02	6.872555592036987093e+01	9.069631907963012907e+01
2.349652921468904765e+02	1.584902343750000000e+02	6.858737770567441316e+01	8.990285666932558684e+01
2.350902921468904765e+02	1.590664062500000000e+02	6.844955057817011834e+01	9.061685567182988166e+01
2.352152921468904765e+02	1.587304687500000000e+02	6.831207345983865764e+01	9.041839529016134236e+01
2.353402921468904765e+02	1.580214843750000000e+02	6.817494527654213243e+01	8.984653909845786757e+01
2.354652921468904765e+02	1.578945312500000000e+02	6.803816495800712971e+01	8.985636629199287029e+01
2.355902921468904765e+02	1.630156250000000000e+02	6.790173143780876330e+01	9.511389356219123670e+01
2.357152921468904765e+02	1.584375000000000000e+02	6.776564365335471507e+01	9.067185634664528493e+01
2.358402921468904765e+02	1.549218750000000000e+02	6.762990054586960298e+01	8.729197445413039702e+01
2.359652921468904765e+02	1.536601562500000000e+02	6.749450106037910757e+01	8.616565518962089243e+01
2.360902921468904765e+02	1.550214843750000000e+02	6.735944414569441108e+01	8.766204022930558892e+01
2.362152921468904765e+02	1.550410156250000000e+02	6.722472875439655127e+01	8.781628687060344873e+01
2.363402921468904765e+02	1.561386718750000000e+02	6.709035384282100267e+01	8.904831803217899733e+01
2.364652921468904765e+02	1.549296875000000000e+02	6.695631837104214412e+01	8.797336912895785588e+01
2.365902921468904765e+02	1.528476562500000000e+02	6.682262130285799628e+01	8.602503494714200372e+01
2.367152921468904765e+02	1.599472656250000000e+02	6.668926160577484552e+01	9.325800401922515448e+01
2.368402921468904765e+02	1.564941406250000000e+02	6.655623825099206670e+01	8.993790237400793330e+01
2.369652921468904765e+02	1.528242187500000000e+02	6.642355021338697441e+01	8.640066853661302559e+01
2.370902921468904765e+02	1.517382812500000000e+02	6.629119647149975947e+01	8.544708477850024053e+01
2.372152921468904765e+02	1.496035156250000000e+02	6.615917600751841121e+01	8.344433961748158879e+01
2.373402921468904765e+02	1.494140625000000000e+02	6.602748780726383870e+01	8.338657469273616130e+01
2.374652921468904765e+02	1.471542968750000000e+02	6.589613086017502042e+01	8.125816601482497958e+01
2.375902921468904765e+02	1.555449218750000000e+02	6.576510415929409703e+01	8.977981771570590297e+01
2.377152921468904765e+02	1.506015625000000000e+02	6.563440670125177689e+01	8.496715579874822311e+01
2.378402921468904765e+02	1.454570312500000000e+02	6.550403748625252831e+01	7.995299376374747169e+01
2.379652921468904765e+02	1.498515625000000000e+02	6.537399551806012710e+01	8.447756698193987290e+01
2.380902921468904765e+02	1.513300781250000000e+02	6.524427980398299098e+01	8.608579832101700902e+01
2.382152921468904765e+02	1.531816406250000000e+02	6.511488935485979823e+01	8.806675127014020177e+01
2.383402921468904765e+02	1.538457031250000000e+02	6.498582318504503519e+01	8.885987993995496481e+01
2.384652921468904765e+02	1.520683593750000000e+02	6.485708031239475702e+01	8.721127906260524298e+01
2.385902921468904765e+02	1.512031250000000000e+02	6.472865975825217788e+01	8.647446524174782212e+01
2.387152921468904765e+02	1.477304687500000000e+02	6.460056054743361642e+01	8.312990820256638358e+01
2.388402921468904765e+02	1.515566406250000000e+02	6.447278170821429910e+01	8.708385891678570090e+01
2.389652921468904765e+02	1.531113281250000000e+02	6.434532227231420620e+01	8.876600585268579380e+01
2.390902921468904765e+02	1.496972656250000000e+02	6.421818127488425887e+01	8.547908435011574113e+01
2.392152921468904765e+02	1.456699218750000000e+02	6.409135775449217931e+01	8.157856412050782069e+01
2.393402921468904765e+02	1.515312500000000000e+02	6.396485075310874890e+01	8.756639924689125110e+01
2.394652921468904765e+02	1.480917968750000000e+02	6.383865931609392419e+01	8.425313755890607581e+01
2.395902921468904765e+02	1.486484375000000000e+02	6.371278249218312340e+01	8.493565500781687660e+01
2.397152921468904765e+02	1.486484375000000000e+02	6.358721933347351296e+01	8.506121816652648704e+01
2.398402921468904765e+02	1.473535156250000000e+02	6.346196889541037933e+01	8.389154672958962067e+01
2.399652921468904765e+02	1.518964843750000000e+02	6.333703023677361443e+01	8.855945413822638557e+01
2.400902921468904765e+02	1.505000000000000000e+02	6.321240241966415851e+01	8.728759758033584149e+01
2.402152921468904765e+02	1.430683593750000000e+02	6.308808450949058511e+01	7.998027486550941489e+01
2.403402921468904765e+02	1.442617187500000000e+02	6.296407557495574281e+01	8.129764317504425719e+01
2.404652921468904765e+02	1.470449218750000000e+02	6.284037468804336868e+01	8.420454718695663132e+01
2.405902921468904765e+02	1.497773437500000000e+02	6.271698092400494318e+01	8.706036282599505682e+01
2.407152921468904765e+02	1.488125000000000000e+02	6.259389336134637460e+01	8.621860663865362540e+01
2.408402921468904765e+02	1.453769531250000000e+02	6.247111108181493933e+01	8.290584204318506067e+01
2.409652921468904765e+02	1.469667968750000000e+02	6.234863317038619357e+01	8.461816370461380643e+01
2.410902921468904765e+02	1.451093750000000000e+02	6.222645871525094208e+01	8.288291628474905792e+01
2.412152921468904765e+02	1.457929687500000000e+02	6.210458680780234886e+01	8.368838194219765114e+01
2.413402921468904765e+02	1.446132812500000000e+02	6.198301654262289162e+01	8.263026470737710838e+01
2.414652921468904765e+02	1.487929687500000000e+02	6.186174701747162885e+01	8.693122173252837115e+01
2.415902921468904765e+02	1.498867187500000000e+02	6.174077733327146689e+01	8.814594141672853311e+01
2.417152921468904765e+02	1.467187500000000000e+02	6.162010659409625646e+01	8.509864340590374354e+01
2.418402921468904765e+02	1.451835937500000000e+02	6.149973390715838661e+01	8.368385984284161339e+01
2.419652921468904765e+02	1.417519531250000000e+02	6.137965838279589548e+01	8.037229474220410452e+01
2.420902921468904765e+02	1.442558593750000000e+02	6.125987913446014943e+01	8.299598024053985057e+01
2.422152921468904765e+02	1.429765625000000000e+02	6.114039527870318125e+01	8.183616722129681875e+01
2.423402921468904765e+02	1.458046875000000000e+02	6.102120593516536928e+01	8.478348156483463072e+01
2.424652921468904765e+02	1.439570312500000000e+02	6.090231022656303139e+01	8.305472102343696861e+01
2.425902921468904765e+02	1.449902343750000000e+02	6.078370727867601886e+01	8.420652709632398114e+01
2.427152921468904765e+02	1.463144531250000000e+02	6.066539622033555190e+01	8.564905690466444810e+01
2.428402921468904765e+02	1.429687500000000000e+02	6.054737618341196992e+01	8.242137381658803008e+01
2.429652921468904765e+02	1.449277343750000000e+02	6.042964630280252436e+01	8.449808807219747564e+01
2.430902921468904765e+02	1.452910156250000000e+02	6.031220571641935635e+01	8.497880990858064365e+01
2.432152921468904765e+02	1.455292968750000000e+02	6.019505356517734640e+01	8.533424330982265360e+01
2.433402921468904765e+02	1.452617187500000000e+02	6.007818899298226256e+01	8.518352975701773744e+01
2.434652921468904765e+02	1.440351562500000000e+02	5.996161114671868120e+01	8.407354510328131880e+01
2.435902921468904765e+02	1.445722656250000000e+02	5.984531917623814934e+01	8.472694644876185066e+01
2.437152921468904765e+02	1.394941406250000000e+02	5.972931223434738968e+01	7.976482839065261032e+01
2.438402921468904765e+02	1.418906250000000000e+02	5.961358947679642029e+01	8.227703552320357971e+01
2.439652921468904765e+02	1.380351562500000000e+02	5.949815006226697278e+01	7.853700618773302722e+01
2.440902921468904765e+02	1.380175781250000000e+02	5.938299315236068310e+01	7.863458497263931690e+01
2.442152921468904765e+02	1.409941406250000000e+02	5.926811791158755227e+01	8.172602271341244773e+01
2.443402921468904765e+02	1.364843750000000000e+02	5.915352350735429354e+01	7.733085149264570646e+01
2.444652921468904765e+02	1.372265625000000000e+02	5.903920910995293525e+01	7.818735339004706475e+01
2.445902921468904765e+02	1.363554687500000000e+02	5.892517389254922477e+01	7.743029485745077523e+01
2.447152921468904765e+02	1.385390625000000000e+02	5.881141703117130248e+01	7.972764546882869752e+01
2.448402921468904765e+02	1.391699218750000000e+02	5.869793770469831884e+01	8.047198417030168116e+01
2.449652921468904765e+02	1.425234375000000000e+02	5.858473509484909414e+01	8.393870240515090586e+01
2.450902921468904765e+02	1.448144531250000000e+02	5.847180838617086351e+01	8.634264473882913649e+01
2.452152921468904765e+02	1.400937500000000000e+02	5.835915676602806457e+01	8.173459323397193543e+01
2.453402921468904765e+02	1.417578125000000000e+02	5.824677942459122448e+01	8.351103307540877552e+01
2.454652921468904765e+02	1.393222656250000000e+02	5.813467555482577609e+01	8.118759007017422391e+01
2.455902921468904765e+02	1.370234375000000000e+02	5.802284435248103023e+01	7.900059314751896977e+01
2.457152921468904765e+02	1.374277343750000000e+02	5.791128501607914814e+01	7.951644935892085186e+01
2.458402921468904765e+02	1.381328125000000000e+02	5.779999674690421330e+01	8.033281575309578670e+01
2.459652921468904765e+02	1.421601562500000000e+02	5.768897874899127487e+01	8.447117750100872513e+01
2.460902921468904765e+02	1.367871093750000000e+02	5.757823022911549060e+01	7.920887914588450940e+01
2.462152921468904765e+02	1.329160156250000000e+02	5.746775039678129815e+01	7.544826522821870185e+01
2.463402921468904765e+02	1.358730468750000000e+02	5.735753846421171431e+01	7.851550841078828569e+01
2.464652921468904765e+02	1.326445312500000000e+02	5.724759364633750636e+01	7.539693760366249364e+01
2.465902921468904765e+02	1.372246093750000000e+02	5.713791516078659072e+01	8.008669421421340928e+01
2.467152921468904765e+02	1.325957031250000000e+02	5.702850222787338907e+01	7.556720089712661093e+01
2.468402921468904765e+02	1.317089843750000000e+02	5.691935407058824126e+01	7.478963030441175874e+01
2.469652921468904765e+02	1.376464843750000000e+02	5.681046991458688922e+01	8.083601446041311078e+01
2.470902921468904765e+02	1.390507812500000000e+02	5.670184898817996100e+01	8.234893226182003900e+01
2.472152921468904765e+02	1.395566406250000000e+02	5.659349052232252575e+01	8.296315010267747425e+01
2.473402921468904765e+02	1.379667968750000000e+02	5.648539375060380507e+01	8.148140312439619493e+01
2.474652921468904765e+02	1.413925781250000000e+02	5.637755790923667121e+01	8.501502021576332879e+01
2.475902921468904765e+02	1.388593750000000000e+02	5.626998223704742941e+01	8.258939276295257059e+01
2.477152921468904765e+02	1.374570312500000000e+02	5.616266597546558614e+01	8.129436527453441386e+01
2.478402921468904765e+02	1.348339843750000000e+02	5.605560836851356044e+01	7.877837600648643956e+01
2.479652921468904765e+02	1.366250000000000000e+02	5.594880866279660836e+01	8.067619133720339164e+01
2.480902921468904765e+02	1.333066406250000000e+02	5.584226610749261965e+01	7.746437451750738035e+01
2.482152921468904765e+02	1.344238281250000000e+02	5.573597995434211327e+01	7.868784817065788673e+01
2.483402921468904765e+02	1.354531250000000000e+02	5.562994945763814769e+01	7.982317554236185231e+01
2.484652921468904765e+02	1.340839843750000000e+02	5.552417387421638750e+01	7.855981050078361250e+01
2.485902921468904765e+02	1.360390625000000000e+02	5.541865246344511320e+01	8.062041003655488680e+01
2.487152921468904765e+02	1.359628906250000000e+02	5.531338448721533041e+01	8.064950613778466959e+01
2.488402921468904765e+02	1.331093750000000000e+02	5.520836920993096442e+01	7.790100579006903558e+01
2.489652921468904765e+02	1.340429687500000000e+02	5.510360589849898361e+01	7.893936285150101639e+01
2.490902921468904765e+02	1.348203125000000000e+02	5.499909382231970767e+01	7.982121867768029233e+01
2.492152921468904765e+02	1.279023437500000000e+02	5.489483225327694527e+01	7.300751149672305473e+01
2.493402921468904765e+02	1.287500000000000000e+02	5.479082046572850118e+01	7.395917953427149882e+01
2.494652921468904765e+02	1.277031250000000000e+02	5.468705773649634239e+01	7.301606726350365761e+01
2.495902921468904765e+02	1.269843750000000000e+02	5.458354334485717629e+01	7.240083165514282371e+01
2.497152921468904765e+02	1.290312500000000000e+02	5.448027657253275891e+01	7.455097342746724109e+01
2.498402921468904765e+02	1.320039062500000000e+02	5.437725670368045883e+01	7.762664954631954117e+01
2.499652921468904765e+02	1.310175781250000000e+02	5.427448302488373599e+01	7.674309510011626401e+01
2.500902921468904765e+02	1.345703125000000000e+02	5.417195482514276250e+01	8.039835767485723750e+01
2.502152921468904765e+02	1.343789062500000000e+02	5.406967139586502924e+01	8.030923485413497076e+01
2.503402921468904765e+02	1.290507812500000000e+02	5.396763203085592409e+01	7.508314921914407591e+01
2.504652921468904765e+02	1.273652343750000000e+02	5.386583602630950907e+01	7.349939834869049093e+01
2.505902921468904765e+02	1.271328125000000000e+02	5.376428268079922645e+01	7.336852981920077355e+01
2.507152921468904765e+02	1.325820312500000000e+02	5.366297129526863330e+01	7.891905995473136670e+01
2.508402921468904765e+02	1.312089843750000000e+02	5.356190117302232068e+01	7.764708320197767932e+01
2.509652921468904765e+02	1.306914062500000000e+02	5.346107161971664823e+01	7.723033463028335177e+01
2.510902921468904765e+02	1.246269531250000000e+02	5.336048194335070605e+01	7.126647118164929395e+01
2.512152921468904765e+02	1.300625000000000000e+02	5.326013145425724815e+01	7.680236854574275185e+01
2.513402921468904765e+02	1.270917968750000000e+02	5.316001946509364018e+01	7.393177740990635982e+01
2.514652921468904765e+02	1.300781250000000000e+02	5.306014529083287812e+01	7.701797970916712188e+01
2.515902921468904765e+02	1.288398437500000000e+02	5.296050824875467811e+01	7.587933550124532189e+01
2.517152921468904765e+02	1.312343750000000000e+02	5.286110765843653780e+01	7.837326734156346220e+01
2.518402921468904765e+02	1.298554687500000000e+02	5.276194284174482618e+01	7.709352590825517382e+01
2.519652921468904765e+02	1.278496093750000000e+02	5.266301312282604385e+01	7.518659625217395615e+01
2.520902921468904765e+02	1.275058593750000000e+02	5.256431782809798392e+01	7.494154154690201608e+01
2.522152921468904765e+02	1.283085937500000000e+02	5.246585628624092124e+01	7.584273746375907876e+01
2.523402921468904765e+02	1.265078125000000000e+02	5.236762782818902906e+01	7.414018467181097094e+01
2.524652921468904765e+02	1.284296875000000000e+02	5.226963178712156832e+01	7.616005571287843168e+01
2.525902921468904765e+02	1.272578125000000000e+02	5.217186749845433269e+01	7.508594500154566731e+01
2.527152921468904765e+02	1.322402343750000000e+02	5.207433429983097994e+01	8.016590007516902006e+01
2.528402921468904765e+02	1.277910156250000000e+02	5.197703153111453389e+01	7.581398409388546611e+01
2.529652921468904765e+02	1.302421875000000000e+02	5.187995853437882943e+01	7.836222896562117057e+01
2.530902921468904765e+02	1.281425781250000000e+02	5.178311465390001445e+01	7.635946347109998555e+01
2.532152921468904765e+02	1.277167968750000000e+02	5.168649923614806596e+01	7.603029763885193404e+01
2.533402921468904765e+02	1.236074218750000000e+02	5.159011162977841991e+01	7.201731024522158009e+01
2.534652921468904765e+02	1.261484375000000000e+02	5.149395118562357254e+01	7.465448631437642746e+01
2.535902921468904765e+02	1.238769531250000000e+02	5.139801725668475285e+01	7.247893586831524715e+01
2.537152921468904765e+02	1.264980468750000000e+02	5.130230919812356660e+01	7.519573767687643340e+01
2.538402921468904765e+02	1.228515625000000000e+02	5.120682636725376824e+01	7.164473613274623176e+01
2.539652921468904765e+02	1.271347656250000000e+02	5.111156812353299017e+01	7.602319750146700983e+01
2.540902921468904765e+02	1.284843750000000000e+02	5.101653382855457153e+01	7.746784117144542847e+01
2.542152921468904765e+02	1.257773437500000000e+02	5.092172284603938692e+01	7.485562090396061308e+01
2.543402921468904765e+02	1.255429687500000000e+02	5.082713454182768942e+01	7.471583420817231058e+01
2.544652921468904765e+02	1.272656250000000000e+02	5.073276828387099613e+01	7.653285671612900387e+01
2.545902921468904765e+02	1.237929687500000000e+02	5.063862344222414436e+01	7.315434530777585564e+01
2.547152921468904765e+02	1.253437500000000000e+02	5.054469938903707771e+01	7.479905061096292229e+01
2.548402921468904765e+02	1.244726562500000000e+02	5.045099549854705856e+01	7.402166075145294144e+01
2.549652921468904765e+02	1.267402343750000000e+02	5.035751114707052523e+01	7.638272322792947477e+01
2.550902921468904765e+02	1.256191406250000000e+02	5.026424571299529021e+01	7.535489491200470979e+01
2.552152921468904765e+02	1.268750000000000000e+02	5.017119857677261052e+01	7.670380142322738948e+01
2.553402921468904765e+02	1.233261718750000000e+02	5.007836912090931492e+01	7.324780275409068508e+01
2.554652921468904765e+02	1.257929687500000000e+02	4.998575672996003050e+01	7.580721202003996950e+01
2.555902921468904765e+02	1.202265625000000000e+02	4.989336079051932415e+01	7.033320170948067585e+01
2.557152921468904765e+02	1.228125000000000000e+02	4.980118069121402868e+01	7.301131930878597132e+01
2.558402921468904765e+02	1.239746093750000000e+02	4.970921582269542682e+01	7.426539355230457318e+01
2.559652921468904765e+02	1.234492187500000000e+02	4.961746557763169108e+01	7.383175317236830892e+01
2.560902921468904765e+02	1.252656250000000000e+02	4.952592935070006774e+01	7.573969564929993226e+01
2.562152921468904765e+02	1.222031250000000000e+02	4.943460653857937359e+01	7.276851846142062641e+01
2.563402921468904765e+02	1.189550781250000000e+02	4.934349653994242146e+01	6.961158158505757854e+01
2.564652921468904765e+02	1.226191406250000000e+02	4.925259875544833221e+01	7.336654186955166779e+01
2.565902921468904765e+02	1.252050781250000000e+02	4.916191258773510242e+01	7.604316553726489758e+01
2.567152921468904765e+02	1.206171875000000000e+02	4.907143744141214370e+01	7.154575005858785630e+01
2.568402921468904765e+02	1.211152343750000000e+02	4.898117272305273673e+01	7.213406165194726327e+01
2.569652921468904765e+02	1.246347656250000000e+02	4.889111784118665582e+01	7.574364778381334418e+01
2.570902921468904765e+02	1.218808593750000000e+02	4.880127220629270823e+01	7.307958716870729177e+01
2.572152921468904765e+02	1.206835937500000000e+02	4.871163523079150082e+01	7.197195851920849918e+01
2.573402921468904765e+02	1.225917968750000000e+02	4.862220632903793671e+01	7.396959054596206329e+01
2.574652921468904765e+02	1.192792968750000000e+02	4.853298491731405306e+01	7.074631195768594694e+01
2.575902921468904765e+02	1.172343750000000000e+02	4.844397041382163138e+01	6.879040458617836862e+01
2.577152921468904765e+02	1.203339843750000000e+02	4.835516223867506369e+01	7.197882213632493631e+01
2.578402921468904765e+02	1.244921875000000000e+02	4.826655981389407657e+01	7.622562768610592343e+01
2.579652921468904765e+02	1.194589843750000000e+02	4.817816256339654046e+01	7.128082181160345954e+01
2.580902921468904765e+02	1.135898437500000000e+02	4.808996991299139268e+01	6.549987383700860732e+01
2.582152921468904765e+02	1.165136718750000000e+02	4.800198129037144668e+01	6.851169058462855332e+01
2.583402921468904765e+02	1.184492187500000000e+02	4.791419612510630088e+01	7.053502262489369912e+01
2.584652921468904765e+02	1.197226562500000000e+02	4.782661384863536114e+01	7.189604240136463886e+01
2.585902921468904765e+02	1.184121093750000000e+02	4.773923389426072106e+01	7.067287548073927894e+01
2.587152921468904765e+02	1.166875000000000000e+02	4.765205569714021294e+01	6.903544430285978706e+01
2.588402921468904765e+02	1.207890625000000000e+02	4.756507869428040181e+01	7.322398380571959819e+01
2.589652921468904765e+02	1.180644531250000000e+02	4.747830232452970733e+01	7.058615080047029267e+01
2.590902921468904765e+02	1.185449218750000000e+02	4.739172602857142635e+01	7.115319584642857365e+01
2.592152921468904765e+02	1.189980468750000000e+02	4.730534924891688320e+01	7.169269762608311680e+01
2.593402921468904765e+02	1.198613281250000000e+02	4.721917142989858007e+01	7.264215669510141993e+01
2.594652921468904765e+02	1.185253906250000000e+02	4.713319201766339006e+01	7.139219860733660994e+01
2.595902921468904765e+02	1.170214843750000000e+02	4.704741046016566486e+01	6.997407391483433514e+01
2.597152921468904765e+02	1.112441406250000000e+02	4.696182620716064093e+01	6.428231441783935907e+01
2.598402921468904765e+02	1.138105468750000000e+02	4.687643871019753306e+01	6.693410816480246694e+01
2.599652921468904765e+02	1.163632812500000000e+02	4.679124742261294045e+01	6.957203382738705955e+01
2.600902921468904765e+02	1.145156250000000000e+02	4.670625179952412509e+01	6.780937320047587491e+01
2.602152921468904765e+02	1.121621093750000000e+02	4.662145129782228992e+01	6.554065807717771008e+01
2.603402921468904765e+02	1.086074218750000000e+02	4.653684537616613426e+01	6.207057649883386574e+01
2.604652921468904765e+02	1.144941406250000000e+02	4.645243349497506813e+01	6.804170713002493187e+01
2.605902921468904765e+02	1.138242187500000000e+02	4.636821511642273208e+01	6.745600363357726792e+01
2.607152921468904765e+02	1.145859375000000000e+02	4.628418970443048863e+01	6.830174779556951137e+01
2.608402921468904765e+02	1.163437500000000000e+02	4.620035672466082133e+01	7.014339327533917867e+01
2.609652921468904765e+02	1.149902343750000000e+02	4.611671564451090433e+01	6.887351873048909567e+01
2.610902921468904765e+02	1.165644531250000000e+02	4.603326593310615067e+01	7.053118719189384933e+01
2.612152921468904765e+02	1.122519531250000000e+02	4.595000706129377477e+01	6.630194606370622523e+01
2.613402921468904765e+02	1.129511718750000000e+02	4.586693850163629804e+01	6.708423337336370196e+01
2.614652921468904765e+02	1.157187500000000000e+02	4.578405972840536720e+01	6.993469027159463280e+01
2.615902921468904765e+02	1.147656250000000000e+02	4.570137021757517459e+01	6.906425478242482541e+01
2.617152921468904765e+02	1.146933593750000000e+02	4.561886944681634759e+01	6.907448992818365241e+01
2.618402921468904765e+02	1.116015625000000000e+02	4.553655689548946839e+01	6.606500560451053161e+01
2.619652921468904765e+02	1.146679687500000000e+02	4.545443204463892073e+01	6.921353670536107927e+01
2.620902921468904765e+02	1.163359375000000000e+02	4.537249437698659449e+01	7.096344312301340551e+01
2.622152921468904765e+02	1.158339843750000000e+02	4.529074337692567553e+01	7.054324099807432447e+01
2.623402921468904765e+02	1.195957031250000000e+02	4.520917853051446400e+01	7.438652459448553600e+01
2.624652921468904765e+02	1.171933593750000000e+02	4.512779932547020678e+01	7.206556004952979322e+01
2.625902921468904765e+02	1.125585937500000000e+02	4.504660525116293002e+01	6.751198849883706998e+01
2.627152921468904765e+02	1.104511718750000000e+02	4.496559579860932843e+01	6.548557607639067157e+01
2.628402921468904765e+02	1.096308593750000000e+02	4.488477046046673991e+01	6.474608891453326009e+01
2.629652921468904765e+02	1.141093750000000000e+02	4.480412873102696381e+01	6.930524626897303619e+01
2.630902921468904765e+02	1.143125000000000000e+02	4.472367010621036343e+01	6.958882989378963657e+01
2.632152921468904765e+02	1.132558593750000000e+02	4.464339408355968430e+01	6.861246529144031570e+01
2.633402921468904765e+02	1.119414062500000000e+02	4.456330016223421353e+01	6.737810608776578647e+01
2.634652921468904765e+02	1.150234375000000000e+02	4.448338784300372595e+01	7.054004965699627405e+01
2.635902921468904765e+02	1.124746093750000000e+02	4.440365662824261506e+01	6.807095274675738494e+01
2.637152921468904765e+02	1.115234375000000000e+02	4.432410602192391025e+01	6.719933147807608975e+01
2.638402921468904765e+02	1.124667968750000000e+02	4.424473552961339351e+01	6.822206134538660649e+01
2.639652921468904765e+02	1.097324218750000000e+02	4.416554465846380140e+01	6.556687721653619860e+01
2.640902921468904765e+02	1.153125000000000000e+02	4.408653291720889911e+01	7.122596708279110089e+01
2.642152921468904765e+02	1.134414062500000000e+02	4.400769981615773929e+01	6.943370643384226071e+01
2.643402921468904765e+02	1.124843750000000000e+02	4.392904486718877877e+01	6.855533013281122123e+01
2.644652921468904765e+02	1.107050781250000000e+02	4.385056758374419417e+01	6.685451054125580583e+01
2.645902921468904765e+02	1.099257812500000000e+02	4.377226748082409813e+01	6.615351376917590187e+01
2.647152921468904765e+02	1.109101562500000000e+02	4.369414407498084074e+01	6.721601217501915926e+01
2.648402921468904765e+02	1.113808593750000000e+02	4.361619688431323993e+01	6.776466249068676007e+01
2.649652921468904765e+02	1.071699218750000000e+02	4.353842542846104635e+01	6.363149644653895365e+01
2.650902921468904765e+02	1.074453125000000000e+02	4.346082922859911690e+01	6.398448327140088310e+01
2.652152921468904765e+02	1.086738281250000000e+02	4.338340780743195069e+01	6.529042031756804931e+01
2.653402921468904765e+02	1.125585937500000000e+02	4.330616068918799044e+01	6.925243306081200956e+01
2.654652921468904765e+02	1.108554687500000000e+02	4.322908739961405900e+01	6.762638135038594100e+01
2.655902921468904765e+02	1.133359375000000000e+02	4.315218746596978860e+01	7.018375003403021140e+01
2.657152921468904765e+02	1.096640625000000000e+02	4.307546041702215689e+01	6.658860208297784311e+01
2.658402921468904765e+02	1.098652343750000000e+02	4.299890578303987354e+01	6.686632859196012646e+01
2.659652921468904765e+02	1.100957031250000000e+02	4.292252309578799441e+01	6.717318002921200559e+01
2.660902921468904765e+02	1.065625000000000000e+02	4.284631188852233663e+01	6.371618811147766337e+01
2.662152921468904765e+02	1.067011718750000000e+02	4.277027169598415668e+01	6.393090017901584332e+01
2.663402921468904765e+02	1.109824218750000000e+02	4.269440205439462943e+01	6.828801982060537057e+01
2.664652921468904765e+02	1.125488281250000000e+02	4.261870250144950489e+01	6.993012562355049511e+01
2.665902921468904765e+02	1.103476562500000000e+02	4.254317257631373650e+01	6.780448367368626350e+01
2.667152921468904765e+02	1.100312500000000000e+02	4.246781181961610230e+01	6.756343818038389770e+01
2.668402921468904765e+02	1.108789062500000000e+02	4.239261977344385457e+01	6.848628647655614543e+01
2.669652921468904765e+02	1.046992187500000000e+02	4.231759598133744049e+01	6.238162276866255951e+01
2.670902921468904765e+02	1.063437500000000000e+02	4.224273998828520860e+01	6.410101001171479140e+01
2.672152921468904765e+02	1.094316406250000000e+02	4.216805134071813654e+01	6.726358928428186346e+01
2.673402921468904765e+02	1.091621093750000000e+02	4.209352958650458731e+01	6.706857978849541269e+01
2.674652921468904765e+02	1.072539062500000000e+02	4.201917427494510093e+01	6.523473197505489907e+01
2.675902921468904765e+02	1.073906250000000000e+02	4.194498495676708671e+01	6.544564004323291329e+01
2.677152921468904765e+02	1.051386718750000000e+02	4.187096118411985657e+01	6.326771069088014343e+01
2.678402921468904765e+02	1.071914062500000000e+02	4.179710251056924619e+01	6.539430373943075381e+01
2.679652921468904765e+02	1.042382812500000000e+02	4.172340849109259153e+01	6.251487275890740847e+01
2.680902921468904765e+02	1.064003906250000000e+02	4.164987868207359156e+01	6.475051194292640844e+01
2.682152921468904765e+02	1.054277343750000000e+02	4.157651264129719237e+01	6.385122173370280763e+01
2.683402921468904765e+02	1.085839843750000000e+02	4.150330992794452811e+01	6.708067444705547189e+01
2.684652921468904765e+02	1.061933593750000000e+02	4.143027010258786902e+01	6.476308927241213098e+01
2.685902921468904765e+02	1.053613281250000000e+02	4.135739272718555526e+01	6.400393539781444474e+01
2.687152921468904765e+02	1.035527343750000000e+02	4.128467736507703023e+01	6.226805700992296977e+01
2.688402921468904765e+02	1.043886718750000000e+02	4.121212358097780282e+01	6.317654829402219718e+01
2.689652921468904765e+02	1.020742187500000000e+02	4.113973094097449490e+01	6.093448780902550510e+01
2.690902921468904765e+02	1.035371093750000000e+02	4.106749901251989598e+01	6.246961036248010402e+01
2.692152921468904765e+02	1.041875000000000000e+02	4.099542736442800361e+01	6.319207263557199639e+01
2.693402921468904765e+02	1.011367187500000000e+02	4.092351556686912062e+01	6.021320318313087938e+01
2.694652921468904765e+02	9.810742187500000000e+01	4.085176319136499501e+01	5.725565868363500499e+01
2.695902921468904765e+02	1.007460937500000000e+02	4.078016981078388881e+01	5.996592393921611119e+01
2.697152921468904765e+02	1.004511718750000000e+02	4.070873499933577477e+01	5.974243687566422523e+01
2.698402921468904765e+02	1.002070312500000000e+02	4.063745833256746920e+01	5.956957291743253080e+01
2.699652921468904765e+02	1.053476562500000000e+02	4.056633938735782863e+01	6.478131686264217137e+01
2.700902921468904765e+02	1.050410156250000000e+02	4.049537774191298922e+01	6.454563788308701078e+01
2.702152921468904765e+02	1.007421875000000000e+02	4.042457297576151376e+01	6.031761452423848624e+01
2.703402921468904765e+02	1.013964843750000000e+02	4.035392466974970915e+01	6.104255970525029085e+01
2.704652921468904765e+02	1.062656250000000000e+02	4.028343240603688002e+01	6.598219259396311998e+01
2.705902921468904765e+02	1.034804687500000000e+02	4.021309576809054676e+01	6.326737298190945324e+01
2.707152921468904765e+02	9.985742187500000000e+01	4.014291434068184117e+01	5.971450753431815883e+01
2.708402921468904765e+02	1.044335937500000000e+02	4.007288770988077431e+01	6.436070604011922569e+01
2.709652921468904765e+02	9.957226562500000000e+01	4.000301546305154687e+01	5.956925016194845313e+01
2.710902921468904765e+02	1.035097656250000000e+02	3.993329718884800172e+01	6.357646843615199828e+01
2.712152921468904765e+02	1.034960937500000000e+02	3.986373247720892010e+01	6.363236127279107990e+01
2.713402921468904765e+02	1.052070312500000000e+02	3.979432091935342442e+01	6.541271033064657558e+01
2.714652921468904765e+02	1.029375000000000000e+02	3.972506210777643787e+01	6.321243789222356213e+01
2.715902921468904765e+02	1.029609375000000000e+02	3.965595563624408726e+01	6.330498186375591274e+01
2.717152921468904765e+02	1.022441406250000000e+02	3.958700109978916259e+01	6.265713952521083741e+01
2.718402921468904765e+02	1.055078125000000000e+02	3.951819809470656253e+01	6.598961440529343747e+01
2.719652921468904765e+02	1.027910156250000000e+02	3.944954621854883214e+01	6.334146940645116786e+01
2.720902921468904765e+02	1.049687500000000000e+02	3.938104507012161548e+01	6.558770492987838452e+01
2.722152921468904765e+02	1.073359375000000000e+02	3.931269424947925017e+01	6.802324325052074983e+01
2.723402921468904765e+02	1.073320312500000000e+02	3.924449335792021998e+01	6.808753789207978002e+01
2.724652921468904765e+02	1.005410156250000000e+02	3.917644199798279914e+01	6.136457362701720086e+01
2.725902921468904765e+02	1.001972656250000000e+02	3.910853977344054755e+01	6.108872585155945245e+01
2.727152921468904765e+02	1.000097656250000000e+02	3.904078628929801198e+01	6.096897933570198802e+01
2.728402921468904765e+02	1.009062500000000000e+02	3.897318115178623543e+01	6.193306884821376457e+01
2.729652921468904765e+02	9.929296875000000000e+01	3.890572396835846547e+01	6.038724478164153453e+01
2.730902921468904765e+02	1.040351562500000000e+02	3.883841434768578438e+01	6.519674190231421562e+01
2.732152921468904765e+02	1.021035156250000000e+02	3.877125189965269669e+01	6.333226372534730331e+01
2.733402921468904765e+02	1.034453125000000000e+02	3.870423623535296542e+01	6.474107626464703458e+01
2.734652921468904765e+02	1.021679687500000000e+02	3.863736696708519247e+01	6.353060178291480753e+01
2.735902921468904765e+02	1.041308593750000000e+02	3.857064370834856959e+01	6.556021566665143041e+01
2.737152921468904765e+02	9.683203125000000000e+01	3.850406607383864355e+01	5.832796517616135645e+01
2.738402921468904765e+02	9.627929687500000000e+01	3.843763367944301024e+01	5.784166319555698976e+01
2.739652921468904765e+02	9.928906250000000000e+01	3.837134614223715090e+01	6.091771635776284910e+01
2.740902921468904765e+02	1.018242187500000000e+02	3.830520308048017597e+01	6.351901566951982403e+01
2.742152921468904765e+02	1.036425781250000000e+02	3.823920411361063998e+01	6.540337401138936002e+01
2.743402921468904765e+02	1.015878906250000000e+02	3.817334886224237067e+01	6.341454176275762933e+01
2.744652921468904765e+02	1.046347656250000000e+02	3.810763694816027680e+01	6.652712867683972320e+01
2.745902921468904765e+02	9.901953125000000000e+01	3.804206799431626251e+01	6.097746325568373749e+01
2.747152921468904765e+02	1.005839843750000000e+02	3.797664162482501382e+01	6.260734275017498618e+01
2.748402921468904765e+02	9.982226562500000000e+01	3.791135746495996273e+01	6.191090816004003727e+01
2.749652921468904765e+02	1.037929687500000000e+02	3.784621514114914476e+01	6.594675360885085524e+01
2.750902921468904765e+02	1.033671875000000000e+02	3.778121428097114176e+01	6.558597321902885824e+01
2.752152921468904765e+02	1.012148437500000000e+02	3.771635451315101051e+01	6.349848923684898949e+01
2.753402921468904765e+02	9.933593750000000000e+01	3.765163546755620416e+01	6.168430203244379584e+01
2.754652921468904765e+02	9.894921875000000000e+01	3.758705677519259325e+01	6.136216197480740675e+01
2.755902921468904765e+02	9.888085937500000000e+01	3.752261806820042267e+01	6.135824130679957733e+01
2.757152921468904765e+02	9.881250000000000000e+01	3.745831897985031844e+01	6.135418102014968156e+01
2.758402921468904765e+02	1.008027343750000000e+02	3.739415914453930156e+01	6.340857523046069844e+01
2.759652921468904765e+02	1.010566406250000000e+02	3.733013819778680187e+01	6.372650242721319813e+01
2.760902921468904765e+02	1.003378906250000000e+02	3.726625577623074292e+01	6.307163484876925708e+01
2.762152921468904765e+02	1.018242187500000000e+02	3.720251151762356301e+01	6.462170723237643699e+01
2.763402921468904765e+02	9.951367187500000000e+01	3.713890506082834975e+01	6.237476681417165025e+01
2.764652921468904765e+02	9.633789062500000000e+01	3.707543604581486107e+01	5.926245457918513893e+01
2.765902921468904765e+02	9.790234375000000000e+01	3.701210411365570963e+01	6.089023963634429037e+01
2.767152921468904765e+02	9.740820312500000000e+01	3.694890890652244764e+01	6.045929421847755236e+01
2.768402921468904765e+02	9.823242187500000000e+01	3.688585006768169450e+01	6.134657180731830550e+01
2.769652921468904765e+02	9.893164062500000000e+01	3.682292724149134244e+01	6.210871338350865756e+01
2.770902921468904765e+02	9.818750000000000000e+01	3.676014007339667700e+01	6.142735992660332300e+01
2.772152921468904765e+02	9.940820312500000000e+01	3.669748820992658267e+01	6.271071491507341733e+01
2.773402921468904765e+02	9.951367187500000000e+01	3.663497129868978419e+01	6.287870057631021581e+01
2.774652921468904765e+02	1.035722656250000000e+02	3.657258898837096694e+01	6.699967663662903306e+01
2.775902921468904765e+02	1.009492187500000000e+02	3.651034092872713188e+01	6.443887782127286812e+01
2.777152921468904765e+02	1.024023437500000000e+02	3.644822677058371596e+01	6.595411697941628404e+01
2.778402921468904765e+02	9.922070312500000000e+01	3.638624616583098970e+01	6.283445695916901030e+01
2.779652921468904765e+02	9.961132812500000000e+01	3.632439876742017759e+01	6.328692935757982241e+01
2.780902921468904765e+02	1.008593750000000000e+02	3.626268422935987701e+01	6.459669077064012299e+01
2.782152921468904765e+02	9.880273437500000000e+01	3.620110220671232781e+01	6.260163216828767219e+01
2.783402921468904765e+02	9.311132812500000000e+01	3.613965235558968914e+01	5.697167576941031086e+01
2.784652921468904765e+02	9.409765625000000000e+01	3.607833433315042271e+01	5.801932191684957729e+01
2.785902921468904765e+02	9.586523437500000000e+01	3.601714779759562646e+01	5.984808657740437354e+01
2.787152921468904765e+02	9.728125000000000000e+01	3.595609240816540364e+01	6.132515759183459636e+01
2.788402921468904765e+02	9.681640625000000000e+01	3.589516782513521065e+01	6.092123842486478935e+01
2.789652921468904765e+02	9.665625000000000000e+01	3.583437370981228298e+01	6.082187629018771702e+01
2.790902921468904765e+02	9.465429687500000000e+01	3.577370972453204701e+01	5.888058715046795299e+01
2.792152921468904765e+02	9.561718750000000000e+01	3.571317553265451039e+01	5.990401196734548961e+01
2.793402921468904765e+02	9.508203125000000000e+01	3.565277079856069520e+01	5.942926045143930480e+01
2.794652921468904765e+02	9.536718750000000000e+01	3.559249518764912068e+01	5.977469231235087932e+01
2.795902921468904765e+02	1.010644531250000000e+02	3.553234836633224347e+01	6.553210475866775653e+01
2.797152921468904765e+02	1.021425781250000000e+02	3.547233000203291908e+01	6.667024812296708092e+01
2.798402921468904765e+02	1.007089843750000000e+02	3.541243976318091313e+01	6.529654461181908687e+01
2.799652921468904765e+02	1.048476562500000000e+02	3.535267731920941969e+01	6.949497893079058031e+01
2.800902921468904765e+02	1.004003906250000000e+02	3.529304234055152278e+01	6.510734828444847722e+01
2.802152921468904765e+02	9.985937500000000000e+01	3.523353449863679998e+01	6.462584050136320002e+01
2.803402921468904765e+02	1.006230468750000000e+02	3.517415346588779812e+01	6.544889340911220188e+01
2.804652921468904765e+02	1.066132812500000000e+02	3.511489891571665112e+01	7.149838233428334888e+01
2.805902921468904765e+02	1.102402343750000000e+02	3.505577052252159831e+01	7.518446385247840169e+01
2.807152921468904765e+02	1.126035156250000000e+02	3.499676796168361648e+01	7.760674766331638352e+01
2.808402921468904765e+02	1.182968750000000000e+02	3.493789090956296661e+01	8.335898409043703339e+01
2.809652921468904765e+02	1.245800781250000000e+02	3.487913904349586858e+01	8.970093908150413142e+01
2.810902921468904765e+02	1.278359375000000000e+02	3.482051204179106207e+01	9.301542545820893793e+01
2.812152921468904765e+02	1.413535156250000000e+02	3.476200958372649552e+01	1.065915060412735045e+02
2.813402921468904765e+02	1.522500000000000000e+02	3.470363134954595807e+01	1.175463686504540419e+02
2.814652921468904765e+02	1.631699218750000000e+02	3.464537702045572587e+01	1.285245448545442741e+02
2.815902921468904765e+02	1.743808593750000000e+02	3.458724627862125089e+01	1.397936130963787491e+02
2.817152921468904765e+02	1.899570312500000000e+02	3.452923880716383565e+01	1.554277924428361644e+02
2.818402921468904765e+02	2.020742187500000000e+02	3.447135429015744990e+01	1.676028644598425501e+02
2.819652921468904765e+02	2.141582031250000000e+02	3.441359241262523483e+01	1.797446107123747652e+02
2.820902921468904765e+02	2.232851562500000000e+02	3.435595286053643349e+01	1.889292033894635665e+02
2.822152921468904765e+02	2.382246093750000000e+02	3.429843532080298019e+01	2.039261740541970198e+02
2.823402921468904765e+02	2.549316406250000000e+02	3.424103948127640251e+01	2.206906011437235975e+02
2.824652921468904765e+02	2.620390625000000000e+02	3.418376503074438233e+01	2.278552974692556177e+02
2.825902921468904765e+02	2.649609375000000000e+02	3.412661165892779991e+01	2.308343258410722001e+02
2.827152921468904765e+02	2.799160156250000000e+02	3.406957905647726648e+01	2.458464365685227335e+02
2.828402921468904765e+02	2.876425781250000000e+02	3.401266691497011152e+01	2.536299112100298885e+02
2.829652921468904765e+02	2.845878906250000000e+02	3.395587492690714271e+01	2.506320156980928573e+02
2.830902921468904765e+02	2.843300781250000000e+02	3.389920278570940582e+01	2.504308753392905942e+02
2.832152921468904765e+02	2.759824218750000000e+02	3.384265018571517203e+01	2.421397716892848280e+02
2.833402921468904765e+02	2.723046875000000000e+02	3.378621682217658417e+01	2.385184706778234158e+02
2.834652921468904765e+02	2.776503906250000000e+02	3.372990239125675771e+01	2.439204882337432423e+02
2.835902921468904765e+02	2.726738281250000000e+02	3.367370659002648381e+01	2.390001215349735162e+02
2.837152921468904765e+02	2.694296875000000000e+02	3.361762911646121665e+01	2.358120583835387833e+02
2.838402921468904765e+02	2.755000000000000000e+02	3.356166966943786178e+01	2.419383303305621382e+02
2.839652921468904765e+02	2.673789062500000000e+02	3.350582794873182024e+01	2.338730783012681798e+02
2.840902921468904765e+02	2.657460937500000000e+02	3.345010365501389060e+01	2.322959900949861094e+02
2.842152921468904765e+02	2.627167968750000000e+02	3.339449648984708574e+01	2.293223003851529143e+02
2.843402921468904765e+02	2.610214843750000000e+02	3.333900615568376224e+01	2.276824782193162378e+02
2.844652921468904765e+02	2.563867187500000000e+02	3.328363235586240876e+01	2.231030863941375912e+02
2.845902921468904765e+02	2.523691406250000000e+02	3.322837479460474697e+01	2.191407658303952530e+02
2.847152921468904765e+02	2.493125000000000000e+02	3.317323317701266205e+01	2.161392668229873379e+02
2.848402921468904765e+02	2.510742187500000000e+02	3.311820720906519000e+01	2.179560115409348100e+02
2.849652921468904765e+02	2.530195312500000000e+02	3.306329659761556172e+01	2.199562346523844383e+02
2.850902921468904765e+02	2.560000000000000000e+02	3.300850105038816196e+01	2.229914989496118380e+02
2.852152921468904765e+02	2.515332031250000000e+02	3.295382027597565866e+01	2.185793828490243413e+02
2.853402921468904765e+02	2.592089843750000000e+02	3.289925398383590505e+01	2.263097303911640950e+02
2.854652921468904765e+02	2.564101562500000000e+02	3.284480188428915426e+01	2.235653543657108457e+02
2.855902921468904765e+02	2.571074218750000000e+02	3.279046368851498983e+01	2.243169581864850102e+02
2.857152921468904765e+02	2.523984375000000000e+02	3.273623910854945507e+01	2.196621983914505449e+02
2.858402921468904765e+02	2.529042968750000000e+02	3.268212785728215408e+01	2.202221690177178459e+02
2.859652921468904765e+02	2.523125000000000000e+02	3.262812964845332431e+01	2.196843703515466757e+02
2.860902921468904765e+02	2.495898437500000000e+02	3.257424419665096593e+01	2.170155995533490341e+02
2.862152921468904765e+02	2.463691406250000000e+02	3.252047121730797130e+01	2.138486694076920287e+02
2.863402921468904765e+02	2.512363281250000000e+02	3.246681042669919748e+01	2.187695176983008025e+02
2.864652921468904765e+02	2.559121093750000000e+02	3.241326154193865250e+01	2.234988478330613475e+02
2.865902921468904765e+02	2.562285156250000000e+02	3.235982428097665320e+01	2.238686913440233468e+02
2.867152921468904765e+02	2.586816406250000000e+02	3.230649836259703989e+01	2.263751422624029601e+02
2.868402921468904765e+02	2.625976562500000000e+02	3.225328350641416364e+01	2.303443727435858364e+02
2.869652921468904765e+02	2.666015625000000000e+02	3.220017943287032836e+01	2.344013830671296716e+02
2.870902921468904765e+02	2.712929687500000000e+02	3.214718586323280647e+01	2.391457828867671935e+02
2.872152921468904765e+02	2.658476562500000000e+02	3.209430251959111047e+01	2.337533537304088895e+02
2.873402921468904765e+02	2.705917968750000000e+02	3.204152912485415072e+01	2.385502677501458493e+02
2.874652921468904765e+02	2.788125000000000000e+02	3.198886540274762069e+01	2.468236345972523793e+02
2.875902921468904765e+02	2.859882812500000000e+02	3.193631107781101264e+01	2.540519701721889874e+02
2.877152921468904765e+02	2.880019531250000000e+02	3.188386587539508810e+01	2.561180872496049119e+02
2.878402921468904765e+02	2.848183593750000000e+02	3.183152952165897887e+01	2.529868298533410211e+02
2.879652921468904765e+02	2.908769531250000000e+02	3.177930174356748694e+01	2.590976513814325131e+02
2.880902921468904765e+02	3.030390625000000000e+02	3.172718226888849813e+01	2.713118802311115019e+02
2.882152921468904765e+02	3.105722656250000000e+02	3.167517082619002622e+01	2.788970947988099738e+02
2.883402921468904765e+02	3.087050781250000000e+02	3.162326714483776868e+01	2.770818109801622313e+02
2.884652921468904765e+02	3.126445312500000000e+02	3.157147095499226452e+01	2.810730602950077355e+02
2.885902921468904765e+02	3.234941406250000000e+02	3.151978198760627947e+01	2.919743586373937205e+02
2.887152921468904765e+02	3.248574218750000000e+02	3.146819997442202066e+01	2.933892219005779793e+02
2.888402921468904765e+02	3.273867187500000000e+02	3.141672464796880604e+01	2.959699941020311940e+02
2.889652921468904765e+02	3.383671875000000000e+02	3.136535574155988115e+01	3.070018317584401188e+02
2.890902921468904765e+02	3.476445312500000000e+02	3.131409298929031593e+01	3.163304382607096841e+02
2.892152921468904765e+02	3.384492187500000000e+02	3.126293612603410565e+01	3.071862826239658943e+02
2.893402921468904765e+02	3.448105468750000000e+02	3.121188488744155620e+01	3.135986619875584438e+02
2.894652921468904765e+02	3.551191406250000000e+02	3.116093900993666921e+01	3.239582016150633308e+02
2.895902921468904765e+02	3.585332031250000000e+02	3.111009823071469782e+01	3.274231048942853022e+02
2.897152921468904765e+02	3.587304687500000000e+02	3.105936228773941821e+01	3.276711064622605818e+02
2.898402921468904765e+02	3.642910156250000000e+02	3.100873091974057161e+01	3.332822847052594284e+02
2.899652921468904765e+02	3.644414062500000000e+02	3.095820386621130638e+01	3.334832023837886936e+02
2.900902921468904765e+02	3.641757812500000000e+02	3.090778086740567687e+01	3.332680003825943231e+02
2.902152921468904765e+02	3.662656250000000000e+02	3.085746166433597182e+01	3.354081633356640282e+02
2.903402921468904765e+02	3.650234375000000000e+02	3.080724599877027003e+01	3.342161915012297300e+02
2.904652921468904765e+02	3.667773437500000000e+02	3.075713361322999617e+01	3.360202101367700038e+02
2.905902921468904765e+02	3.583515625000000000e+02	3.070712425098702170e+01	3.276444382490129783e+02
2.907152921468904765e+02	3.688457031250000000e+02	3.065721765606178906e+01	3.381884854689382109e+02
2.908402921468904765e+02	3.703300781250000000e+02	3.060741357322007161e+01	3.397226645517799284e+02
2.909652921468904765e+02	3.655468750000000000e+02	3.055771174797121148e+01	3.349891632520287885e+02
2.910902921468904765e+02	3.691738281250000000e+02	3.050811192656499315e+01	3.386657161984350068e+02
2.912152921468904765e+02	3.728144531250000000e+02	3.045861385598959714e+01	3.423558392690104029e+02
2.913402921468904765e+02	3.689589843750000000e+02	3.040921728396904200e+01	3.385497670910309580e+02
2.914652921468904765e+02	3.739179687500000000e+02	3.035992195896051271e+01	3.435580467910394873e+02
2.915902921468904765e+02	3.781132812500000000e+02	3.031072763015231430e+01	3.478025536198476857e+02
2.917152921468904765e+02	3.754609375000000000e+02	3.026163404746108654e+01	3.451993034525389135e+02
2.918402921468904765e+02	3.852832031250000000e+02	3.021264096152947332e+01	3.550705621634705267e+02
2.919652921468904765e+02	3.830878906250000000e+02	3.016374812372379211e+01	3.529241425012762079e+02
2.920902921468904765e+02	3.795097656250000000e+02	3.011495528613153283e+01	3.493948103388684672e+02
2.922152921468904765e+02	3.789414062500000000e+02	3.006626220155908413e+01	3.488751440484409159e+02
2.923402921468904765e+02	3.841562500000000000e+02	3.001766862352911858e+01	3.541385813764708814e+02
2.924652921468904765e+02	3.880917968750000000e+02	2.996917430627843260e+01	3.581226225687215674e+02
2.925902921468904765e+02	3.923671875000000000e+02	2.992077900475550223e+01	3.624464084952444978e+02
2.927152921468904765e+02	3.797636718750000000e+02	2.987248247461803885e+01	3.498911894003819611e+02
2.928402921468904765e+02	3.751855468750000000e+02	2.982428447223071544e+01	3.453612624027692846e+02
2.929652921468904765e+02	3.850585937500000000e+02	2.977618475466277914e+01	3.552824089953372209e+02
2.930902921468904765e+02	3.863554687500000000e+02	2.972818307968589124e+01	3.566272856703141088e+02
2.932152921468904765e+02	3.848769531250000000e+02	2.968027920577145551e+01	3.551966739192285445e+02
2.933402921468904765e+02	3.787890625000000000e+02	2.963247289208851498e+01	3.491565896079114850e+02
2.934652921468904765e+02	3.837792968750000000e+02	2.958476389850159194e+01	3.541945329764984081e+02
2.935902921468904765e+02	3.828828125000000000e+02	2.953715198556795940e+01	3.533456605144320406e+02
2.937152921468904765e+02	3.754746093750000000e+02	2.948963691453582214e+01	3.459849724604641779e+02
2.938402921468904765e+02	3.799218750000000000e+02	2.944221844734164506e+01	3.504796565526583549e+02
2.939652921468904765e+02	3.880742187500000000e+02	2.939489634660816364e+01	3.586793224033918364e+02
2.940902921468904765e+02	3.879160156250000000e+02	2.934767037564182601e+01	3.585683452493581740e+02
2.942152921468904765e+02	3.875800781250000000e+02	2.930054029843091712e+01	3.582795378265690829e+02
2.943402921468904765e+02	3.828789062500000000e+02	2.925350587964288707e+01	3.536254003703571129e+02
2.944652921468904765e+02	3.846074218750000000e+02	2.920656688462241846e+01	3.554008549903775815e+02
2.945902921468904765e+02	3.816250000000000000e+02	2.915972307938903896e+01	3.524652769206109610e+02
2.947152921468904765e+02	3.798945312500000000e+02	2.911297423063496126e+01	3.507815570193650387e+02
2.948402921468904765e+02	3.831582031250000000e+02	2.906632010572286617e+01	3.540918830192771338e+02
2.949652921468904765e+02	3.846191406250000000e+02	2.901976047268351522e+01	3.555993801523164848e+02
2.950902921468904765e+02	3.901718750000000000e+02	2.897329510021398846e+01	3.611985798997860115e+02
2.952152921468904765e+02	3.939550781250000000e+02	2.892692375767495605e+01	3.650281543673250439e+02
2.953402921468904765e+02	3.832734375000000000e+02	2.888064621508880236e+01	3.543927912849111976e+02
2.954652921468904765e+02	3.858964843750000000e+02	2.883446224313740913e+01	3.570620221318625909e+02
2.955902921468904765e+02	3.851953125000000000e+02	2.878837161316005222e+01	3.564069408868399478e+02
2.957152921468904765e+02	3.949023437500000000e+02	2.874237409715101421e+01	3.661599696528489858e+02
2.958402921468904765e+02	3.876406250000000000e+02	2.869646946775759488e+01	3.589441555322424051e+02
2.959652921468904765e+02	3.910097656250000000e+02	2.865065749827800801e+01	3.623591081267219920e+02
2.960902921468904765e+02	3.930371093750000000e+02	2.860493796265910760e+01	3.644321714123408924e+02
2.962152921468904765e+02	3.847949218750000000e+02	2.855931063549445525e+01	3.562356112395055447e+02
2.963402921468904765e+02	3.891132812500000000e+02	2.851377529202193273e+01	3.605995059579780673e+02
2.964652921468904765e+02	3.806113281250000000e+02	2.846833170812186609e+01	3.521429964168781339e+02
2.965902921468904765e+02	3.824140625000000000e+02	2.842297966031469514e+01	3.539910828396853049e+02
2.967152921468904765e+02	3.814003906250000000e+02	2.837771892575915444e+01	3.530226716992408456e+02
2.968402921468904765e+02	3.832929687500000000e+02	2.833254928224999958e+01	3.549604194677500004e+02
2.969652921468904765e+02	3.918691406250000000e+02	2.828747050821584708e+01	3.635816701167841529e+02
2.970902921468904765e+02	3.923535156250000000e+02	2.824248238271735545e+01	3.641110332422826446e+02
2.972152921468904765e+02	3.823691406250000000e+02	2.819758468544495145e+01	3.541715559395550486e+02
2.973402921468904765e+02	3.733691406250000000e+02	2.815277719671678369e+01	3.452163634282832163e+02
2.974652921468904765e+02	3.873828125000000000e+02	2.810805969747690369e+01	3.592747528025230963e+02
2.975902921468904765e+02	3.819980468750000000e+02	2.806343196929270789e+01	3.539346149057072921e+02
2.977152921468904765e+02	3.787441406250000000e+02	2.801889379435363026e+01	3.507252468306463697e+02
2.978402921468904765e+02	3.797128906250000000e+02	2.797444495546835697e+01	3.517384456695316430e+02
2.979652921468904765e+02	3.740683593750000000e+02	2.793008523606346216e+01	3.461382741389365378e+02
2.980902921468904765e+02	3.668417968750000000e+02	2.788581442018079315e+01	3.389559824548192069e+02
2.982152921468904765e+02	3.772773437500000000e+02	2.784163229247610616e+01	3.494357114575238938e+02
2.983402921468904765e+02	3.807675781250000000e+02	2.779753863821639470e+01	3.529700394867836053e+02
2.984652921468904765e+02	3.834667968750000000e+02	2.775353324327841165e+01	3.557132636317215884e+02
2.985902921468904765e+02	3.799414062500000000e+02	2.770961589414650916e+01	3.522317903558534908e+02
2.987152921468904765e+02	3.846191406250000000e+02	2.766578637791059236e+01	3.569533542470894076e+02
2.988402921468904765e+02	3.782949218750000000e+02	2.762204448226424347e+01	3.506728773927357565e+02
2.989652921468904765e+02	3.786132812500000000e+02	2.757838999550267545e+01	3.510348912544973246e+02
2.990902921468904765e+02	3.735898437500000000e+02	2.753482270652085617e+01	3.460550210434791438e+02
2.992152921468904765e+02	3.699941406250000000e+02	2.749134240481157576e+01	3.425027982201884242e+02
2.993402921468904765e+02	3.663164062500000000e+02	2.744794888046340020e+01	3.388684573695365998e+02
2.994652921468904765e+02	3.605742187500000000e+02	2.740464192415873868e+01	3.331695768258412613e+02
2.995902921468904765e+02	3.664980468750000000e+02	2.736142132717213826e+01	3.391366255478278617e+02
2.997152921468904765e+02	3.707265625000000000e+02	2.731828688136812389e+01	3.434082756186318761e+02
2.998402921468904765e+02	3.834882812500000000e+02	2.727523837919920879e+01	3.562130428708007912e+02
2.999652921468904765e+02	3.783613281250000000e+02	2.723227561370441663e+01	3.511290525112955834e+02
3.000902921468904765e+02	3.731777343750000000e+02	2.718939837850689401e+01	3.459883359964931060e+02
3.002152921468904765e+02	3.715937500000000000e+02	2.714660646781231890e+01	3.444471435321876811e+02
3.003402921468904765e+02	3.698593750000000000e+02	2.710389967640685427e+01	3.427554753235931457e+02
3.004652921468904765e+02	3.651054687500000000e+02	2.706127779965549962e+01	3.380441909503445004e+02
3.005902921468904765e+02	3.610078125000000000e+02	2.701874063349981725e+01	3.339890718665001828e+02
3.007152921468904765e+02	3.603222656250000000e+02	2.697628797445651117e+01	3.333459776505434888e+02
3.008402921468904765e+02	3.572480468750000000e+02	2.693391961961532388e+01	3.303141272553846761e+02
3.009652921468904765e+02	3.590468750000000000e+02	2.689163536663716059e+01	3.321552396333628394e+02
3.010902921468904765e+02	3.609765625000000000e+02	2.684943501375244068e+01	3.341271274862475593e+02
3.012152921468904765e+02	3.574277343750000000e+02	2.680731835975893773e+01	3.306204160152410623e+02
3.013402921468904765e+02	3.605097656250000000e+02	2.676528520402041522e+01	3.337444804209795848e+02
3.014652921468904765e+02	3.582128906250000000e+02	2.672333534646423914e+01	3.314895552785357609e+02
3.015902921468904765e+02	3.558183593750000000e+02	2.668146858758001372e+01	3.291368907874199863e+02
3.017152921468904765e+02	3.485488281250000000e+02	2.663968472841764878e+01	3.219091433965823512e+02
3.018402921468904765e+02	3.507714843750000000e+02	2.659798357058548390e+01	3.241735008044145161e+02
3.019652921468904765e+02	3.493300781250000000e+02	2.655636491624835571e+01	3.227737132087516443e+02
3.020902921468904765e+02	3.520449218750000000e+02	2.651482856812623368e+01	3.255300933068737663e+02
3.022152921468904765e+02	3.451171875000000000e+02	2.647337432949194636e+01	3.186438131705080536e+02
3.023402921468904765e+02	3.469375000000000000e+02	2.643200200416981716e+01	3.205054979958301828e+02
3.024652921468904765e+02	3.376289062500000000e+02	2.639071139653361797e+01	3.112381948534663820e+02
3.025902921468904765e+02	3.402128906250000000e+02	2.634950231150480704e+01	3.138633883134951930e+02
3.027152921468904765e+02	3.367343750000000000e+02	2.630837455455105101e+01	3.104260004454489490e+02
3.028402921468904765e+02	3.328652343750000000e+02	2.626732793168412172e+01	3.065979064433158783e+02
3.029652921468904765e+02	3.397519531250000000e+02	2.622636224945830463e+01	3.135255908755416954e+02
3.030902921468904765e+02	3.397207031250000000e+02	2.618547731496869346e+01	3.135352258100313065e+02
3.032152921468904765e+02	3.353027343750000000e+02	2.614467293584948493e+01	3.091580614391505151e+02
3.033402921468904765e+02	3.364140625000000000e+02	2.610394892027215974e+01	3.103101135797278403e+02
3.034652921468904765e+02	3.354199218750000000e+02	2.606330507694360676e+01	3.093566167980563932e+02
3.035902921468904765e+02	3.395351562500000000e+02	2.602274121510487248e+01	3.135124150348951275e+02
3.037152921468904765e+02	3.392910156250000000e+02	2.598225714452894408e+01	3.133087584804710559e+02
3.038402921468904765e+02	3.357832031250000000e+02	2.594185267551944207e+01	3.098413504494805579e+02
3.039652921468904765e+02	3.347910156250000000e+02	2.590152761890857391e+01	3.088894880060914261e+02
3.040902921468904765e+02	3.302656250000000000e+02	2.586128178605576977e+01	3.044043432139442302e+02
3.042152921468904765e+02	3.245683593750000000e+02	2.582111498884574985e+01	2.987472443861542502e+02
3.043402921468904765e+02	3.282265625000000000e+02	2.578102703968704645e+01	3.024455354603129535e+02
3.044652921468904765e+02	3.219804687500000000e+02	2.574101775151012816e+01	2.962394509984898718e+02
3.045902921468904765e+02	3.240957031250000000e+02	2.570108693776592190e+01	2.983946161872340781e+02
3.047152921468904765e+02	3.178554687500000000e+02	2.566123441242405079e+01	2.921942343375759492e+02
3.048402921468904765e+02	3.218085937500000000e+02	2.562145998997107199e+01	2.961871337600289280e+02
3.049652921468904765e+02	3.142421875000000000e+02	2.558176348540916933e+01	2.886604240145908307e+02
3.050902921468904765e+02	3.110078125000000000e+02	2.554214471425410693e+01	2.854656677857458931e+02
3.052152921468904765e+02	3.104609375000000000e+02	2.550260349253386494e+01	2.849583340074661351e+02
3.053402921468904765e+02	3.107343750000000000e+02	2.546313963678699110e+01	2.852712353632130089e+02
3.054652921468904765e+02	3.121523437500000000e+02	2.542375296406072493e+01	2.867285907859392751e+02
3.055902921468904765e+02	3.109882812500000000e+02	2.538444329190974713e+01	2.856038379580902529e+02
3.057152921468904765e+02	3.074980468750000000e+02	2.534521043839430376e+01	2.821528364366056962e+02
3.058402921468904765e+02	3.086308593750000000e+02	2.530605422207861466e+01	2.833248051529213853e+02
3.059652921468904765e+02	3.076523437500000000e+02	2.526697446202950914e+01	2.823853692879704909e+02
3.060902921468904765e+02	3.069863281250000000e+02	2.522797097781443654e+01	2.817583571471855635e+02
3.062152921468904765e+02	3.005781250000000000e+02	2.518904358950021560e+01	2.753890814104997844e+02
3.063402921468904765e+02	3.037031250000000000e+02	2.515019211765144291e+01	2.785529328823485571e+02
3.064652921468904765e+02	3.071855468750000000e+02	2.511141638332850334e+01	2.820741304916714967e+02
3.065902921468904765e+02	3.066953125000000000e+02	2.507271620808660373e+01	2.816225962919133963e+02
3.067152921468904765e+02	2.997753906250000000e+02	2.503409141397366966e+01	2.747412992110263303e+02
3.068402921468904765e+02	2.974472656250000000e+02	2.499554182352920861e+01	2.724517238014707914e+02
3.069652921468904765e+02	3.002832031250000000e+02	2.495706725978232043e+01	2.753261358652176796e+02
3.070902921468904765e+02	2.956718750000000000e+02	2.491866754625061731e+01	2.707532074537493827e+02
3.072152921468904765e+02	2.915429687500000000e+02	2.488034250693823424e+01	2.666626262430617658e+02
3.073402921468904765e+02	2.859707031250000000e+02	2.484209196633463534e+01	2.611286111586653647e+02
3.074652921468904765e+02	2.912890625000000000e+02	2.480391574941296540e+01	2.664851467505870346e+02
3.075902921468904765e+02	2.891914062500000000e+02	2.476581368162834451e+01	2.644255925683716555e+02
3.077152921468904765e+02	2.926562500000000000e+02	2.472778558891667444e+01	2.679284644110833256e+02
3.078402921468904765e+02	2.949355468750000000e+02	2.468983129769276275e+01	2.702457155773072373e+02
3.079652921468904765e+02	2.953730468750000000e+02	2.465195063484918592e+01	2.707210962401508141e+02
3.080902921468904765e+02	2.913105468750000000e+02	2.461414342775435671e+01	2.666964034472456433e+02
3.082152921468904765e+02	2.869394531250000000e+02	2.457640950425155779e+01	2.623630436207484422e+02
3.083402921468904765e+02	2.911367187500000000e+02	2.453874869265683856e+01	2.665979700573431614e+02
3.084652921468904765e+02	2.867148437500000000e+02	2.450116082175804877e+01	2.622136829282419512e+02
3.085902921468904765e+02	2.893261718750000000e+02	2.446364572081296274e+01	2.648625261541870373e+02
3.087152921468904765e+02	2.825664062500000000e+02	2.442620321954814244e+01	2.581402030304518576e+02
3.088402921468904765e+02	2.747402343750000000e+02	2.438883314815706171e+01	2.503514012268429383e+02
3.089652921468904765e+02	2.813808593750000000e+02	2.435153533729908304e+01	2.570293240377009170e+02
3.090902921468904765e+02	2.807988281250000000e+02	2.431430961809769542e+01	2.564845185069023046e+02
3.092152921468904765e+02	2.718242187500000000e+02	2.427715582213909329e+01	2.475470629278609067e+02
3.093402921468904765e+02	2.747910156250000000e+02	2.424007378147075542e+01	2.505509418435292446e+02
3.094652921468904765e+02	2.704179687500000000e+02	2.420306332860005227e+01	2.462149054213999477e+02
3.095902921468904765e+02	2.778183593750000000e+02	2.416612429649273963e+01	2.536522350785072604e+02
3.097152921468904765e+02	2.738457031250000000e+02	2.412925651857148068e+01	2.497164466064285193e+02
3.098402921468904765e+02	2.726562500000000000e+02	2.409245982871453862e+01	2.485637901712854614e+02
3.099652921468904765e+02	2.801132812500000000e+02	2.405573406125421343e+01	2.560575471887457866e+02
3.100902921468904765e+02	2.803652343750000000e+02	2.401907905097544926e+01	2.563461553240245507e+02
3.102152921468904765e+02	2.789101562500000000e+02	2.398249463311458385e+01	2.549276616168854162e+02
3.103402921468904765e+02	2.738164062500000000e+02	2.394598064335758636e+01	2.498704256066424136e+02
3.104652921468904765e+02	2.776601562500000000e+02	2.390953691783903423e+01	2.537506193321609658e+02
