Energy Loss (eV)	Intensity
1.350000000000000284e+02	1.651878339604593293e+03
1.350625000000000284e+02	1.651740262686772894e+03
1.351250000000000284e+02	1.650654605594024815e+03
1.351875000000000284e+02	1.648189684425110727e+03
1.352500000000000284e+02	1.645896972576531880e+03
1.353125000000000284e+02	1.644475154860606381e+03
1.353750000000000284e+02	1.642863117073616650e+03
1.354375000000000284e+02	1.640008202623908346e+03
1.355000000000000284e+02	1.637512522981962320e+03
1.355625000000000284e+02	1.636912930644134121e+03
1.356250000000000284e+02	1.637646186998908206e+03
1.356875000000000284e+02	1.637054140237793035e+03
1.357500000000000284e+02	1.634005911169826732e+03
1.358125000000000284e+02	1.629934391741072886e+03
1.358750000000000284e+02	1.627458271956998715e+03
1.359375000000000284e+02	1.627325854500730429e+03
1.360000000000000284e+02	1.627894968089469330e+03
1.360625000000000284e+02	1.627112834047013166e+03
1.361250000000000284e+02	1.624629042524600663e+03
1.361875000000000284e+02	1.621748877938230180e+03
1.362500000000000284e+02	1.620189298423835226e+03
1.363125000000000284e+02	1.620522597735970976e+03
1.363750000000000284e+02	1.621324217132836793e+03
1.364375000000000284e+02	1.620464512185679268e+03
1.365000000000000284e+02	1.617443486470482412e+03
1.365625000000000284e+02	1.613959978065781343e+03
1.366250000000000284e+02	1.611807529997268375e+03
1.366875000000000284e+02	1.611619752232144265e+03
1.367500000000000284e+02	1.612461378370992861e+03
1.368125000000000284e+02	1.612882172330540925e+03
1.368750000000000284e+02	1.611531310290635702e+03
1.369375000000000284e+02	1.608970293640672026e+03
1.370000000000000284e+02	1.606729943262574579e+03
1.370625000000000284e+02	1.605817128667093584e+03
1.371250000000000284e+02	1.605156763643405384e+03
1.371875000000000284e+02	1.603514594319425669e+03
1.372500000000000284e+02	1.600677781523324938e+03
1.373125000000000284e+02	1.597684155612246286e+03
1.373750000000000284e+02	1.595838133336371811e+03
1.374375000000000284e+02	1.595696856710096426e+03
1.375000000000000284e+02	1.596601026466838448e+03
1.375625000000000284e+02	1.597173275715198315e+03
1.376250000000000284e+02	1.597008862928208600e+03
1.376875000000000284e+02	1.596183927751459123e+03
1.377500000000000284e+02	1.594852087622997033e+03
1.378125000000000284e+02	1.592856833454811976e+03
1.378750000000000284e+02	1.590526420098398148e+03
1.379375000000000284e+02	1.588292793048470912e+03
1.380000000000000284e+02	1.586567212463558462e+03
1.380625000000000284e+02	1.585103065392676626e+03
1.381250000000000284e+02	1.583384098624272610e+03
1.381875000000000284e+02	1.581735530316145514e+03
1.382500000000000284e+02	1.581354058832909232e+03
1.383125000000000284e+02	1.582466118941327977e+03
1.383750000000000284e+02	1.583398282502735128e+03
1.384375000000000284e+02	1.582278419050657476e+03
1.385000000000000284e+02	1.578715518631561281e+03
1.385625000000000284e+02	1.574040820358055271e+03
1.386250000000000284e+02	1.570475352541910979e+03
1.386875000000000284e+02	1.569307709024236146e+03
1.387500000000000284e+02	1.569584435655066954e+03
1.388125000000000284e+02	1.568705857871721491e+03
1.388750000000000284e+02	1.566021684880650128e+03
1.389375000000000284e+02	1.563124054049746064e+03
1.390000000000000284e+02	1.561877752961007218e+03
1.390625000000000284e+02	1.561784001161626975e+03
1.391250000000000284e+02	1.562084323250730449e+03
1.391875000000000284e+02	1.562644889326714292e+03
1.392500000000000284e+02	1.563541937568332287e+03
1.393125000000000284e+02	1.563964153061225716e+03
1.393750000000000284e+02	1.563376898391947407e+03
1.394375000000000284e+02	1.561951866299199537e+03
1.395000000000000284e+02	1.559979207976495445e+03
1.395625000000000284e+02	1.557588909211007376e+03
1.396250000000000284e+02	1.555271792410715761e+03
1.396875000000000284e+02	1.553699526489615209e+03
1.397500000000000284e+02	1.552716595002734493e+03
1.398125000000000284e+02	1.551294246788449072e+03
1.398750000000000284e+02	1.549272518312683587e+03
1.399375000000000284e+02	1.547918081177115027e+03
1.400000000000000284e+02	1.547820373360059875e+03
1.400625000000000284e+02	1.547263927546466221e+03
1.401250000000000284e+02	1.544216454058856925e+03
1.401875000000000284e+02	1.539577372790635536e+03
1.402500000000000284e+02	1.536544428503098970e+03
1.403125000000000284e+02	1.536782817693150037e+03
1.403750000000000284e+02	1.538370149508018812e+03
1.404375000000000284e+02	1.538713797649418439e+03
1.405000000000000284e+02	1.537521863634294505e+03
1.405625000000000284e+02	1.536294624817785461e+03
1.406250000000000284e+02	1.535601000227770783e+03
1.406875000000000284e+02	1.534740080516583021e+03
1.407500000000000284e+02	1.533131170166728680e+03
1.408125000000000284e+02	1.531614248656160271e+03
1.408750000000000284e+02	1.531196014167275507e+03
1.409375000000000284e+02	1.531510162581998429e+03
1.410000000000000284e+02	1.531084274735788313e+03
1.410625000000000284e+02	1.529651913014760794e+03
1.411250000000000284e+02	1.528165203193332218e+03
1.411875000000000284e+02	1.527173921260023235e+03
1.412500000000000284e+02	1.526267941440416962e+03
1.413125000000000284e+02	1.525374889303937152e+03
1.413750000000000284e+02	1.524881766262756400e+03
1.414375000000000284e+02	1.524461925769862773e+03
1.415000000000000284e+02	1.523200335618623740e+03
1.415625000000000284e+02	1.520574916613521737e+03
1.416250000000000284e+02	1.517659891308310307e+03
1.416875000000000284e+02	1.515777778585096030e+03
1.417500000000000284e+02	1.516014906887756752e+03
1.418125000000000284e+02	1.517663697180212921e+03
1.418750000000000284e+02	1.519013696610788656e+03
1.419375000000000284e+02	1.517897422102771088e+03
1.420000000000000284e+02	1.514396517173835264e+03
1.420625000000000284e+02	1.510385475696976755e+03
1.421250000000000284e+02	1.507755685860060112e+03
1.421875000000000284e+02	1.506448238543186562e+03
1.422500000000000284e+02	1.505798834206451829e+03
1.423125000000000284e+02	1.505907469205540792e+03
1.423750000000000284e+02	1.506892007060861715e+03
1.424375000000000284e+02	1.507642406158893664e+03
1.425000000000000284e+02	1.506885647640307525e+03
1.425625000000000284e+02	1.504803907343295577e+03
1.426250000000000284e+02	1.502824081199892134e+03
1.426875000000000284e+02	1.501818428252552167e+03
1.427500000000000284e+02	1.501351293139578502e+03
1.428125000000000284e+02	1.500266771228135440e+03
1.428750000000000284e+02	1.498174804573616711e+03
1.429375000000000284e+02	1.495654144815963491e+03
1.430000000000000284e+02	1.493359181008565656e+03
1.430625000000000284e+02	1.491706880990343961e+03
1.431250000000000284e+02	1.491125621219024879e+03
1.431875000000000284e+02	1.491790263461189397e+03
1.432500000000000284e+02	1.492656520658711315e+03
1.433125000000000284e+02	1.492233298423835095e+03
1.433750000000000284e+02	1.490591438798288436e+03
1.434375000000000284e+02	1.489388914609148515e+03
1.435000000000000284e+02	1.489455268130467630e+03
1.435625000000000284e+02	1.489657824662902385e+03
1.436250000000000284e+02	1.489128204696612329e+03
1.436875000000000284e+02	1.488098690164906657e+03
1.437500000000000284e+02	1.486659992483601854e+03
1.438125000000000284e+02	1.484820869670190859e+03
1.438750000000000284e+02	1.483496986128827984e+03
1.439375000000000284e+02	1.483332479523507118e+03
1.440000000000000284e+02	1.483240304300292792e+03
1.440625000000000284e+02	1.482262139850584390e+03
1.441250000000000284e+02	1.481069108965015857e+03
1.441875000000000284e+02	1.480344614203718493e+03
1.442500000000000284e+02	1.479366016968842359e+03
1.443125000000000284e+02	1.477439477974673309e+03
1.443750000000000284e+02	1.475560695722486798e+03
1.444375000000000284e+02	1.474992918754556740e+03
1.445000000000000284e+02	1.475394453056670500e+03
1.445625000000000284e+02	1.475282195836371557e+03
1.446250000000000284e+02	1.474164622357872986e+03
1.446875000000000284e+02	1.472962685609512846e+03
1.447500000000000284e+02	1.472223387755103431e+03
1.448125000000000284e+02	1.471236620376276733e+03
1.448750000000000284e+02	1.469348442465380458e+03
1.449375000000000284e+02	1.467212061930577192e+03
1.450000000000000284e+02	1.465810777947340966e+03
1.450625000000000284e+02	1.465254495034622323e+03
1.451250000000000284e+02	1.465079230070154381e+03
1.451875000000000284e+02	1.464874519109877383e+03
1.452500000000000284e+02	1.464264793709002788e+03
1.453125000000000284e+02	1.463036952373361373e+03
1.453750000000000284e+02	1.461546341631743417e+03
1.454375000000000284e+02	1.460453282320518838e+03
1.455000000000000284e+02	1.459785415747996922e+03
1.455625000000000284e+02	1.458807014918915456e+03
1.456250000000000284e+02	1.457035966221757917e+03
1.456875000000000284e+02	1.454951580357144394e+03
1.457500000000000284e+02	1.453485933946794376e+03
1.458125000000000284e+02	1.453015273893040558e+03
1.458750000000000284e+02	1.453016945676932664e+03
1.459375000000000284e+02	1.452562197590198139e+03
1.460000000000000284e+02	1.451409798902151351e+03
1.460625000000000284e+02	1.450292398164177484e+03
1.461250000000000284e+02	1.449707762208456188e+03
1.461875000000000284e+02	1.449449616686408035e+03
1.462500000000000284e+02	1.449049588784622301e+03
1.463125000000000284e+02	1.448510258860241720e+03
1.463750000000000284e+02	1.447708903744534837e+03
1.464375000000000284e+02	1.446512333204265133e+03
1.465000000000000284e+02	1.445009487222122289e+03
1.465625000000000284e+02	1.443654895840926883e+03
1.466250000000000284e+02	1.442740890442785485e+03
1.466875000000000284e+02	1.441833805143040536e+03
1.467500000000000284e+02	1.440475419005103504e+03
1.468125000000000284e+02	1.438626225286991257e+03
1.468750000000000284e+02	1.437034290816327712e+03
1.469375000000000284e+02	1.436174616595299995e+03
1.470000000000000284e+02	1.436153674426021553e+03
1.470625000000000284e+02	1.436307228999637118e+03
1.471250000000000284e+02	1.436190949640125154e+03
1.471875000000000284e+02	1.435758658892129688e+03
1.472500000000000284e+02	1.435424680234148582e+03
1.473125000000000284e+02	1.434953066463193863e+03
1.473750000000000284e+02	1.433896444264760930e+03
1.474375000000000284e+02	1.432317302250365856e+03
1.475000000000000284e+02	1.431230538401969170e+03
1.475625000000000284e+02	1.431081404040635334e+03
1.476250000000000284e+02	1.431305417775147134e+03
1.476875000000000284e+02	1.430849851243623561e+03
1.477500000000000284e+02	1.429527298218842589e+03
1.478125000000000284e+02	1.427733346164359773e+03
1.478750000000000284e+02	1.426370860923835153e+03
1.479375000000000284e+02	1.425546944970846653e+03
1.480000000000000284e+02	1.424878829787719951e+03
1.480625000000000284e+02	1.423872866003099261e+03
1.481250000000000284e+02	1.422940391991619435e+03
1.481875000000000284e+02	1.422297121583455919e+03
1.482500000000000284e+02	1.422165605571247625e+03
1.483125000000000284e+02	1.422511244396867369e+03
1.483750000000000284e+02	1.422912633996903651e+03
1.484375000000000284e+02	1.422346158208820498e+03
1.485000000000000284e+02	1.420632067351495380e+03
1.485625000000000284e+02	1.418449542114614815e+03
1.486250000000000284e+02	1.416612547831633947e+03
1.486875000000000284e+02	1.415268458477588865e+03
1.487500000000000284e+02	1.414199115957545018e+03
1.488125000000000284e+02	1.413006917046284343e+03
1.488750000000000284e+02	1.412184303298106443e+03
1.489375000000000284e+02	1.412477596118806105e+03
1.490000000000000284e+02	1.413437917661262418e+03
1.490625000000000284e+02	1.413483852405249081e+03
1.491250000000000284e+02	1.412159465584002646e+03
1.491875000000000284e+02	1.410217934060678999e+03
1.492500000000000284e+02	1.408200533801021493e+03
1.493125000000000284e+02	1.406679551065963324e+03
1.493750000000000284e+02	1.406509067374272490e+03
1.494375000000000284e+02	1.407427241321976680e+03
1.495000000000000284e+02	1.407775864773142985e+03
1.495625000000000284e+02	1.406745974603682043e+03
1.496250000000000284e+02	1.405000540611335055e+03
1.496875000000000284e+02	1.403379327828900841e+03
1.497500000000000284e+02	1.402363194651969479e+03
1.498125000000000284e+02	1.402065412764214443e+03
1.498750000000000284e+02	1.401882379646502613e+03
1.499375000000000284e+02	1.401031325437319083e+03
1.500000000000000284e+02	1.399584146068696555e+03
1.500625000000000284e+02	1.398450753097668894e+03
1.501250000000000284e+02	1.398002337304119465e+03
1.501875000000000284e+02	1.397729754783164481e+03
1.502500000000000284e+02	1.397182118258018818e+03
1.503125000000000284e+02	1.397061934311225741e+03
1.503750000000000284e+02	1.397654781728317630e+03
1.504375000000000284e+02	1.397629489044279808e+03
1.505000000000000284e+02	1.395887019565416722e+03
1.505625000000000284e+02	1.393301611743806006e+03
1.506250000000000284e+02	1.391324161329265053e+03
1.506875000000000284e+02	1.390252686019498469e+03
1.507500000000000284e+02	1.389701844638303101e+03
1.508125000000000284e+02	1.389421617073616517e+03
1.508750000000000284e+02	1.389345657730504172e+03
1.509375000000000284e+02	1.389774847508200992e+03
1.510000000000000284e+02	1.390354777355139504e+03
1.510625000000000284e+02	1.390364107165635460e+03
1.511250000000000284e+02	1.389131902992894993e+03
1.511875000000000284e+02	1.387379897048106386e+03
1.512500000000000284e+02	1.385896449366801562e+03
1.513125000000000284e+02	1.385161301157071193e+03
1.513750000000000284e+02	1.384725483463922501e+03
1.514375000000000284e+02	1.384560038629738756e+03
1.515000000000000284e+02	1.384712594410533256e+03
1.515625000000000284e+02	1.384925284211007238e+03
1.516250000000000284e+02	1.384036790246903593e+03
1.516875000000000284e+02	1.381862276808492425e+03
1.517500000000000284e+02	1.379771941713740489e+03
1.518125000000000284e+02	1.379527419210096241e+03
1.518750000000000284e+02	1.380780624453354221e+03
1.519375000000000284e+02	1.381355837395227354e+03
1.520000000000000284e+02	1.380142137481779628e+03
1.520625000000000284e+02	1.378429404928936947e+03
1.521250000000000284e+02	1.377798732211189190e+03
1.521875000000000284e+02	1.377439761160715534e+03
1.522500000000000284e+02	1.376246849558128361e+03
1.523125000000000284e+02	1.374771375979411005e+03
1.523750000000000284e+02	1.374430309743988118e+03
1.524375000000000284e+02	1.374785398984148287e+03
1.525000000000000284e+02	1.374588745421830708e+03
1.525625000000000284e+02	1.373529304436954590e+03
1.526250000000000284e+02	1.372184092975584463e+03
1.526875000000000284e+02	1.370781331359330807e+03
1.527500000000000284e+02	1.369469038219753429e+03
1.528125000000000284e+02	1.368849972599309012e+03
1.528750000000000284e+02	1.369265245900146965e+03
1.529375000000000284e+02	1.370138378667093093e+03
1.530000000000000284e+02	1.370205654405066980e+03
1.530625000000000284e+02	1.368964639372268039e+03
1.531250000000000284e+02	1.367177287809768131e+03
1.531875000000000284e+02	1.366301642743259436e+03
1.532500000000000284e+02	1.366671079833273780e+03
1.533125000000000284e+02	1.367480613793733028e+03
1.533750000000000284e+02	1.367592640465562454e+03
1.534375000000000284e+02	1.366359401603499691e+03
1.535000000000000284e+02	1.363968393494899146e+03
1.535625000000000284e+02	1.361416014076167357e+03
1.536250000000000284e+02	1.360038218271684855e+03
1.536875000000000284e+02	1.359993471232690808e+03
1.537500000000000284e+02	1.360614441258200941e+03
1.538125000000000284e+02	1.360690572726859727e+03
1.538750000000000284e+02	1.359732183149600132e+03
1.539375000000000284e+02	1.357934651125183336e+03
1.540000000000000284e+02	1.356330395977588751e+03
1.540625000000000284e+02	1.355597210140307197e+03
1.541250000000000284e+02	1.355928170075620756e+03
1.541875000000000284e+02	1.356973135910168821e+03
1.542500000000000284e+02	1.358016641604410779e+03
1.543125000000000284e+02	1.358287961165271099e+03
1.543750000000000284e+02	1.357544686680030281e+03
1.544375000000000284e+02	1.355977229386845465e+03
1.545000000000000284e+02	1.353977542729593097e+03
1.545625000000000284e+02	1.352097238497632588e+03
1.546250000000000284e+02	1.350915592884476382e+03
1.546875000000000284e+02	1.350291776922377267e+03
1.547500000000000284e+02	1.349845642469935683e+03
1.548125000000000284e+02	1.349264513802843794e+03
1.548750000000000284e+02	1.348714530999454610e+03
1.549375000000000284e+02	1.348153032844389145e+03
1.550000000000000284e+02	1.347886236128827932e+03
1.550625000000000284e+02	1.348332373496721175e+03
1.551250000000000284e+02	1.349812970276058195e+03
1.551875000000000284e+02	1.351276357575620750e+03
1.552500000000000284e+02	1.351169591768405098e+03
1.553125000000000284e+02	1.348753883518587145e+03
1.553750000000000284e+02	1.345438399120810118e+03
1.554375000000000284e+02	1.343042416977953053e+03
1.555000000000000284e+02	1.342332653698980948e+03
1.555625000000000284e+02	1.342340836848580011e+03
1.556250000000000284e+02	1.342176738816509896e+03
1.556875000000000284e+02	1.341683693330904816e+03
1.557500000000000284e+02	1.341285595207727056e+03
1.558125000000000284e+02	1.340974376571611856e+03
1.558750000000000284e+02	1.340454100081998149e+03
1.559375000000000284e+02	1.339645505603135234e+03
1.560000000000000284e+02	1.338649687340562195e+03
1.560625000000000284e+02	1.337711525783528941e+03
1.561250000000000284e+02	1.336767827828900636e+03
1.561875000000000284e+02	1.335899230434585661e+03
1.562500000000000284e+02	1.335188893790999828e+03
1.563125000000000284e+02	1.335238814253827513e+03
1.563750000000000284e+02	1.336071979477952937e+03
1.564375000000000284e+02	1.336958758860241687e+03
1.565000000000000284e+02	1.336746450505650046e+03
1.565625000000000284e+02	1.335429146547013033e+03
1.566250000000000284e+02	1.333854311702807308e+03
1.566875000000000284e+02	1.332671609534439995e+03
1.567500000000000284e+02	1.331792169346757873e+03
1.568125000000000284e+02	1.330764932489068087e+03
1.568750000000000284e+02	1.329554246902333261e+03
1.569375000000000284e+02	1.328606604523507031e+03
1.570000000000000284e+02	1.328555828626094353e+03
1.570625000000000284e+02	1.328890379122632339e+03
1.571250000000000284e+02	1.328850643494899032e+03
1.571875000000000284e+02	1.328274877619352310e+03
1.572500000000000284e+02	1.327653394610970281e+03
1.573125000000000284e+02	1.326833379350402083e+03
1.573750000000000284e+02	1.326008718135023173e+03
1.574375000000000284e+02	1.325733719661079931e+03
1.575000000000000284e+02	1.326167036124272272e+03
1.575625000000000284e+02	1.326431152514578116e+03
1.576250000000000284e+02	1.325892992369716922e+03
1.576875000000000284e+02	1.324770327555576841e+03
1.577500000000000284e+02	1.323764293982326308e+03
1.578125000000000284e+02	1.323084205106597437e+03
1.578750000000000284e+02	1.322519547763302853e+03
1.579375000000000284e+02	1.322069729318514192e+03
1.580000000000000284e+02	1.321908194651969097e+03
1.580625000000000284e+02	1.321691752619352428e+03
1.581250000000000284e+02	1.321123689299381795e+03
1.581875000000000284e+02	1.320355985992166097e+03
1.582500000000000284e+02	1.319736915429119108e+03
1.583125000000000284e+02	1.319205303047559710e+03
1.583750000000000284e+02	1.318747332930941639e+03
1.584375000000000284e+02	1.318148228908529063e+03
1.585000000000000284e+02	1.317262563934950322e+03
1.585625000000000284e+02	1.316075785873725636e+03
1.586250000000000284e+02	1.314881709775875834e+03
1.586875000000000284e+02	1.313959656295555078e+03
1.587500000000000284e+02	1.313608696269134043e+03
1.588125000000000284e+02	1.313889990980321727e+03
1.588750000000000284e+02	1.314496162536444217e+03
1.589375000000000284e+02	1.314867940278791139e+03
1.590000000000000284e+02	1.314685883450256370e+03
1.590625000000000284e+02	1.314165940415453406e+03
1.591250000000000284e+02	1.313920738884840830e+03
1.591875000000000284e+02	1.313943896387574114e+03
1.592500000000000284e+02	1.313817685655066725e+03
1.593125000000000284e+02	1.313391068991436896e+03
1.593750000000000284e+02	1.313055062796101538e+03
1.594375000000000284e+02	1.312642705174928324e+03
1.595000000000000284e+02	1.311802791226313275e+03
1.595625000000000284e+02	1.310594272480868767e+03
1.596250000000000284e+02	1.309368457088193736e+03
1.596875000000000284e+02	1.308296293481233079e+03
1.597500000000000284e+02	1.307515440347121967e+03
1.598125000000000284e+02	1.307171221118805761e+03
1.598750000000000284e+02	1.306990316713740185e+03
1.599375000000000284e+02	1.306802961871356729e+03
1.600000000000000284e+02	1.306334571496903209e+03
1.600625000000000284e+02	1.305264558673470674e+03
1.601250000000000284e+02	1.303769067032617841e+03
1.601875000000000284e+02	1.302916416180759143e+03
1.602500000000000284e+02	1.303148033482144001e+03
1.603125000000000284e+02	1.303420819629192010e+03
1.603750000000000284e+02	1.302846832247632392e+03
1.604375000000000284e+02	1.301727704446065218e+03
1.605000000000000284e+02	1.300976649690234581e+03
1.605625000000000284e+02	1.300470000501094546e+03
1.606250000000000284e+02	1.299970336484148447e+03
1.606875000000000284e+02	1.299667472303208342e+03
1.607500000000000284e+02	1.299929923993259081e+03
1.608125000000000284e+02	1.299881946884112040e+03
1.608750000000000284e+02	1.298772769952625140e+03
1.609375000000000284e+02	1.297198915019133892e+03
1.610000000000000284e+02	1.296506088010205303e+03
1.610625000000000284e+02	1.296989752072705187e+03
1.611250000000000284e+02	1.297499355502916615e+03
1.611875000000000284e+02	1.296963027765125162e+03
1.612500000000000284e+02	1.295474146342020276e+03
1.613125000000000284e+02	1.294533025282435347e+03
1.613750000000000284e+02	1.295045724717566827e+03
1.614375000000000284e+02	1.296603145225948765e+03
1.615000000000000284e+02	1.297724730434585808e+03
1.615625000000000284e+02	1.297751681486881580e+03
1.616250000000000284e+02	1.297208339855139684e+03
1.616875000000000284e+02	1.296960149166364090e+03
1.617500000000000284e+02	1.296665211324709617e+03
1.618125000000000284e+02	1.295706932238521404e+03
1.618750000000000284e+02	1.294286217360606315e+03
1.619375000000000284e+02	1.293067165611334985e+03
1.620000000000000284e+02	1.291796933673470448e+03
1.620625000000000284e+02	1.290342585049199442e+03
1.621250000000000284e+02	1.289359778425657169e+03
1.621875000000000284e+02	1.289615012572887281e+03
1.622500000000000284e+02	1.290325992984694949e+03
1.623125000000000284e+02	1.290172924198251849e+03
1.623750000000000284e+02	1.288885938661626369e+03
1.624375000000000284e+02	1.287748600150329139e+03
1.625000000000000284e+02	1.287643337600219866e+03
1.625625000000000284e+02	1.288477417205722759e+03
1.626250000000000284e+02	1.289499053571429613e+03
1.626875000000000284e+02	1.290150281773871484e+03
1.627500000000000284e+02	1.289732252437136594e+03
1.628125000000000284e+02	1.288360236743805899e+03
1.628750000000000284e+02	1.286590792820700699e+03
1.629375000000000284e+02	1.285245362609330641e+03
1.630000000000000284e+02	1.284383214285715667e+03
1.630625000000000284e+02	1.284036161101495509e+03
1.631250000000000284e+02	1.283764127414359791e+03
1.631875000000000284e+02	1.283717313251641144e+03
1.632500000000000284e+02	1.283981037308675013e+03
1.633125000000000284e+02	1.284465043185132345e+03
1.633750000000000284e+02	1.284346180575802919e+03
1.634375000000000284e+02	1.283218306031342308e+03
1.635000000000000284e+02	1.282004462850766686e+03
1.635625000000000284e+02	1.282115932261298440e+03
1.636250000000000284e+02	1.283946955425474926e+03
1.636875000000000284e+02	1.285138576803936985e+03
1.637500000000000284e+02	1.284307891126094091e+03
1.638125000000000284e+02	1.282115848168733010e+03
1.638750000000000284e+02	1.280626991344753151e+03
1.639375000000000284e+02	1.279896577396138127e+03
1.640000000000000284e+02	1.279809301339286776e+03
1.640625000000000284e+02	1.280320988406524521e+03
1.641250000000000284e+02	1.281208014098944204e+03
1.641875000000000284e+02	1.281474113474855130e+03
1.642500000000000284e+02	1.280733981413995252e+03
1.643125000000000284e+02	1.279704884042457479e+03
1.643750000000000284e+02	1.279194770271502648e+03
1.644375000000000284e+02	1.279274710686954677e+03
1.645000000000000284e+02	1.279616148505832143e+03
1.645625000000000284e+02	1.280082530270591633e+03
1.646250000000000284e+02	1.280494695699709609e+03
1.646875000000000284e+02	1.280687352701349482e+03
1.647500000000000284e+02	1.280906765101130986e+03
1.648125000000000284e+02	1.281534409894315786e+03
1.648750000000000284e+02	1.282540836985241640e+03
1.649375000000000284e+02	1.283383045758929711e+03
1.650000000000000284e+02	1.283588846802114858e+03
1.650625000000000284e+02	1.283176725491983689e+03
1.651250000000000284e+02	1.283079593818332341e+03
1.651875000000000284e+02	1.284173612609330576e+03
1.652500000000000284e+02	1.286297575892858049e+03
1.653125000000000284e+02	1.288090626047741353e+03
1.653750000000000284e+02	1.288616904723944344e+03
1.654375000000000284e+02	1.288188189413266400e+03
1.655000000000000284e+02	1.287893571633565443e+03
1.655625000000000284e+02	1.287982998223397772e+03
1.656250000000000284e+02	1.288130266376641202e+03
1.656875000000000284e+02	1.288156507835278262e+03
1.657500000000000284e+02	1.288525985035533267e+03
1.658125000000000284e+02	1.289099619442421044e+03
1.658750000000000284e+02	1.289558924995445977e+03
1.659375000000000284e+02	1.289493891012209588e+03
1.660000000000000284e+02	1.288924466039541812e+03
1.660625000000000284e+02	1.287887765738885719e+03
1.661250000000000284e+02	1.287152748086735755e+03
1.661875000000000284e+02	1.287392683673470628e+03
1.662500000000000284e+02	1.288482047763302944e+03
1.663125000000000284e+02	1.289415354455176157e+03
1.663750000000000284e+02	1.289576924722122385e+03
1.664375000000000284e+02	1.289382705994899425e+03
1.665000000000000284e+02	1.289760903061225918e+03
1.665625000000000284e+02	1.291060842725037901e+03
1.666250000000000284e+02	1.292336732165635340e+03
1.666875000000000284e+02	1.292468428548652810e+03
1.667500000000000284e+02	1.291445235513849184e+03
1.668125000000000284e+02	1.290569789700256251e+03
1.668750000000000284e+02	1.290583804824163053e+03
1.669375000000000284e+02	1.291295041886845411e+03
1.670000000000000284e+02	1.291871580425475031e+03
1.670625000000000284e+02	1.291969425747085552e+03
1.671250000000000284e+02	1.291353530589468846e+03
1.671875000000000284e+02	1.290505698478499653e+03
1.672500000000000284e+02	1.289969429209184909e+03
1.673125000000000284e+02	1.289960751480504086e+03
1.673750000000000284e+02	1.289821877141036339e+03
1.674375000000000284e+02	1.289106504099855556e+03
1.675000000000000284e+02	1.288041291135205029e+03
1.675625000000000284e+02	1.287235570790817292e+03
1.676250000000000284e+02	1.286937628780977775e+03
1.676875000000000284e+02	1.286671330949345247e+03
1.677500000000000284e+02	1.285934967679483634e+03
1.678125000000000284e+02	1.284659353452989308e+03
1.678750000000000284e+02	1.283344198546830739e+03
1.679375000000000284e+02	1.282157020932034811e+03
1.680000000000000284e+02	1.281376855799017449e+03
1.680625000000000284e+02	1.281061394838740398e+03
1.681250000000000284e+02	1.281041836324709720e+03
1.681875000000000284e+02	1.280801210686954391e+03
1.682500000000000284e+02	1.280513983509476475e+03
1.683125000000000284e+02	1.280252085914724375e+03
1.683750000000000284e+02	1.279727503826531574e+03
1.684375000000000284e+02	1.278934842087282505e+03
1.685000000000000284e+02	1.278365045257836528e+03
1.685625000000000284e+02	1.277877473897596019e+03
1.686250000000000284e+02	1.276941673719935579e+03
1.686875000000000284e+02	1.276164834730322127e+03
1.687500000000000284e+02	1.276373488178754997e+03
1.688125000000000284e+02	1.277060063661626828e+03
1.688750000000000284e+02	1.277144631536991028e+03
1.689375000000000284e+02	1.276812290155795836e+03
1.690000000000000284e+02	1.276716809242894669e+03
1.690625000000000284e+02	1.276422910213193518e+03
1.691250000000000284e+02	1.275347720321611632e+03
1.691875000000000284e+02	1.273876089877916456e+03
1.692500000000000284e+02	1.272928160372632419e+03
1.693125000000000284e+02	1.272843790429119053e+03
1.693750000000000284e+02	1.273585779154519969e+03
1.694375000000000284e+02	1.274590114978135261e+03
1.695000000000000284e+02	1.274986156819425332e+03
1.695625000000000284e+02	1.274405774166364154e+03
1.696250000000000284e+02	1.273774363930394657e+03
1.696875000000000284e+02	1.274175887117348111e+03
1.697500000000000284e+02	1.275670794255649753e+03
1.698125000000000284e+02	1.277104100742530136e+03
1.698750000000000284e+02	1.277591455448251963e+03
1.699375000000000284e+02	1.276990314367712472e+03
1.700000000000000284e+02	1.275816038151422390e+03
1.700625000000000284e+02	1.274553537673106121e+03
1.701250000000000284e+02	1.273808093795555124e+03
1.701875000000000284e+02	1.273760809926203819e+03
1.702500000000000284e+02	1.274192073865708153e+03
1.703125000000000284e+02	1.274463570312501133e+03
1.703750000000000284e+02	1.274429163515853816e+03
1.704375000000000284e+02	1.274226487654884750e+03
1.705000000000000284e+02	1.274390046670008587e+03
1.705625000000000284e+02	1.274724132243077293e+03
1.706250000000000284e+02	1.274875551544279688e+03
1.706875000000000284e+02	1.274727503689869991e+03
1.707500000000000284e+02	1.275240592132836355e+03
1.708125000000000284e+02	1.276640287194789835e+03
1.708750000000000284e+02	1.277646840606779733e+03
1.709375000000000284e+02	1.276996522389760685e+03
1.710000000000000284e+02	1.275435030817238612e+03
1.710625000000000284e+02	1.275223729204629308e+03
1.711250000000000284e+02	1.277308186702807234e+03
1.711875000000000284e+02	1.280468837645773647e+03
1.712500000000000284e+02	1.281709831222668527e+03
1.713125000000000284e+02	1.280002426863157098e+03
1.713750000000000284e+02	1.277235527742348040e+03
1.714375000000000284e+02	1.276056872357872635e+03
1.715000000000000284e+02	1.276320806532435427e+03
1.715625000000000284e+02	1.276929364363157219e+03
1.716250000000000284e+02	1.277578934379556813e+03
1.716875000000000284e+02	1.278413326621721353e+03
1.717500000000000284e+02	1.278791392447158614e+03
1.718125000000000284e+02	1.278215991208091737e+03
1.718750000000000284e+02	1.277050810404520007e+03
1.719375000000000284e+02	1.276138478657982205e+03
1.720000000000000284e+02	1.275998416659075701e+03
1.720625000000000284e+02	1.276397969797741553e+03
1.721250000000000284e+02	1.277142959183674748e+03
1.721875000000000284e+02	1.278033114454264933e+03
1.722500000000000284e+02	1.278544404587282543e+03
1.723125000000000284e+02	1.278149349649235774e+03
1.723750000000000284e+02	1.277567033914906233e+03
1.724375000000000284e+02	1.277887054118077003e+03
1.725000000000000284e+02	1.278889022731415253e+03
1.725625000000000284e+02	1.279382376594388916e+03
1.726250000000000284e+02	1.278904334730321807e+03
1.726875000000000284e+02	1.278088104386845316e+03
1.727500000000000284e+02	1.277530107461735724e+03
1.728125000000000284e+02	1.277324849467020158e+03
1.728750000000000284e+02	1.277468786192603147e+03
1.729375000000000284e+02	1.278059966130650082e+03
1.730000000000000284e+02	1.278751511115161520e+03
1.730625000000000284e+02	1.278822923811043438e+03
1.731250000000000284e+02	1.278204486424928291e+03
1.731875000000000284e+02	1.277802491549746264e+03
1.732500000000000284e+02	1.278026471870445903e+03
1.733125000000000284e+02	1.278327949025146609e+03
1.733750000000000284e+02	1.277999409734877190e+03
1.734375000000000284e+02	1.277215584866983590e+03
1.735000000000000284e+02	1.276368466608966173e+03
1.735625000000000284e+02	1.276047377300475091e+03
1.736250000000000284e+02	1.276473600423652897e+03
1.736875000000000284e+02	1.277299675769862915e+03
1.737500000000000284e+02	1.277566209411444333e+03
1.738125000000000284e+02	1.277006483304483936e+03
1.738750000000000284e+02	1.276279774576349837e+03
1.739375000000000284e+02	1.276249661557034642e+03
1.740000000000000284e+02	1.276637657069971738e+03
1.740625000000000284e+02	1.276527851562500928e+03
1.741250000000000284e+02	1.275515627482690661e+03
1.741875000000000284e+02	1.274328895339833707e+03
1.742500000000000284e+02	1.273407331473215663e+03
1.743125000000000284e+02	1.272847935541182096e+03
1.743750000000000284e+02	1.272917798902151389e+03
1.744375000000000284e+02	1.274050283687136698e+03
1.745000000000000284e+02	1.275578673218842596e+03
1.745625000000000284e+02	1.276408870444607828e+03
1.746250000000000284e+02	1.276143477929119399e+03
1.746875000000000284e+02	1.275564103589651268e+03
1.747500000000000284e+02	1.275370253439323506e+03
1.748125000000000284e+02	1.275580803298106275e+03
1.748750000000000284e+02	1.275465847029884571e+03
1.749375000000000284e+02	1.274723176521502410e+03
1.750000000000000284e+02	1.273588420667821993e+03
1.750625000000000284e+02	1.272676885750729980e+03
1.751250000000000284e+02	1.272379374385023084e+03
1.751875000000000284e+02	1.272695940461006785e+03
1.752500000000000284e+02	1.273121548879374359e+03
1.753125000000000284e+02	1.273166064299381560e+03
1.753750000000000284e+02	1.272763083637027648e+03
1.754375000000000284e+02	1.272116577327807363e+03
1.755000000000000284e+02	1.271353283504920910e+03
1.755625000000000284e+02	1.270696889326713972e+03
1.756250000000000284e+02	1.270326208249819047e+03
1.756875000000000284e+02	1.270380460071976358e+03
1.757500000000000284e+02	1.270615076690052092e+03
1.758125000000000284e+02	1.270938325938412390e+03
1.758750000000000284e+02	1.271024739363157096e+03
1.759375000000000284e+02	1.270484881127005337e+03
1.760000000000000284e+02	1.269130283778244575e+03
1.760625000000000284e+02	1.267979685746174709e+03
1.761250000000000284e+02	1.268127818422012979e+03
1.761875000000000284e+02	1.269294914313047684e+03
1.762500000000000284e+02	1.269886466426750303e+03
1.763125000000000284e+02	1.269112210891947143e+03
1.763750000000000284e+02	1.267700725924746166e+03
1.764375000000000284e+02	1.267142178753645567e+03
1.765000000000000284e+02	1.268018058582362755e+03
1.765625000000000284e+02	1.269944976106961803e+03
1.766250000000000284e+02	1.271558167638485202e+03
1.766875000000000284e+02	1.271887349740343780e+03
1.767500000000000284e+02	1.270738989773142521e+03
1.768125000000000284e+02	1.269209845093842432e+03
1.768750000000000284e+02	1.268079884930759363e+03
1.769375000000000284e+02	1.267436827806123574e+03
1.770000000000000284e+02	1.266926880170372897e+03
1.770625000000000284e+02	1.266526638028426532e+03
1.771250000000000284e+02	1.266302540998543464e+03
1.771875000000000284e+02	1.266229567351495461e+03
1.772500000000000284e+02	1.266240942465380158e+03
1.773125000000000284e+02	1.266184423970482385e+03
1.773750000000000284e+02	1.266119357393404925e+03
1.774375000000000284e+02	1.266189733327260456e+03
1.775000000000000284e+02	1.266390178708091298e+03
1.775625000000000284e+02	1.266672076006743282e+03
1.776250000000000284e+02	1.266947742483601814e+03
1.776875000000000284e+02	1.266895583135934430e+03
1.777500000000000284e+02	1.266172458409258070e+03
1.778125000000000284e+02	1.265539602724126553e+03
1.778750000000000284e+02	1.265844526102406462e+03
1.779375000000000284e+02	1.266716192328718535e+03
1.780000000000000284e+02	1.266778458591473736e+03
1.780625000000000284e+02	1.265901059356779569e+03
1.781250000000000284e+02	1.264869073068514354e+03
1.781875000000000284e+02	1.264172551635387435e+03
1.782500000000000284e+02	1.263704908664359664e+03
1.783125000000000284e+02	1.263512621082362784e+03
1.783750000000000284e+02	1.263556422102770739e+03
1.784375000000000284e+02	1.263412975537537477e+03
1.785000000000000284e+02	1.262925359466109057e+03
1.785625000000000284e+02	1.262169748223397619e+03
1.786250000000000284e+02	1.261520793595117993e+03
1.786875000000000284e+02	1.261114297171101725e+03
1.787500000000000284e+02	1.261170949981779586e+03
1.788125000000000284e+02	1.261492165747996751e+03
1.788750000000000284e+02	1.261793006719206460e+03
1.789375000000000284e+02	1.261685845777151371e+03
1.790000000000000284e+02	1.261186152491801295e+03
1.790625000000000284e+02	1.260920789836918175e+03
1.791250000000000284e+02	1.261453569173652568e+03
1.791875000000000284e+02	1.262368384930759021e+03
1.792500000000000284e+02	1.262205862313230000e+03
1.793125000000000284e+02	1.260656304824162817e+03
1.793750000000000284e+02	1.258884420462829212e+03
1.794375000000000284e+02	1.257993705129374348e+03
1.795000000000000284e+02	1.257624304323069737e+03
1.795625000000000284e+02	1.257525740046466126e+03
1.796250000000000284e+02	1.258063303913084383e+03
1.796875000000000284e+02	1.259191515215015670e+03
1.797500000000000284e+02	1.260026672330540578e+03
1.798125000000000284e+02	1.260140179140853888e+03
1.798750000000000284e+02	1.259843990183127971e+03
1.799375000000000284e+02	1.259648201963375641e+03
1.800000000000000284e+02	1.259592644223762136e+03
1.800625000000000284e+02	1.259439744442421215e+03
1.801250000000000284e+02	1.258997317146502610e+03
1.801875000000000284e+02	1.258647673401058000e+03
1.802500000000000284e+02	1.258604074913448585e+03
1.803125000000000284e+02	1.258522057056305584e+03
1.803750000000000284e+02	1.257972358122267906e+03
1.804375000000000284e+02	1.257138678024782621e+03
1.805000000000000284e+02	1.256349066326531783e+03
1.805625000000000284e+02	1.255876161260933941e+03
1.806250000000000284e+02	1.255916358258929677e+03
1.806875000000000284e+02	1.256231407502734328e+03
1.807500000000000284e+02	1.256339506309221406e+03
1.808125000000000284e+02	1.256413306486881766e+03
1.808750000000000284e+02	1.257221106869534651e+03
1.809375000000000284e+02	1.258508649895227109e+03
1.810000000000000284e+02	1.259228459753098832e+03
1.810625000000000284e+02	1.258741244875183384e+03
1.811250000000000284e+02	1.257734145613156898e+03
1.811875000000000284e+02	1.256950750341655748e+03
1.812500000000000284e+02	1.256632455425474973e+03
1.813125000000000284e+02	1.256657757675839321e+03
1.813750000000000284e+02	1.257339691850402005e+03
1.814375000000000284e+02	1.258876810996721360e+03
1.815000000000000284e+02	1.260449077578353808e+03
1.815625000000000284e+02	1.260776873041181943e+03
1.816250000000000284e+02	1.259358670599491006e+03
1.816875000000000284e+02	1.257201016171648462e+03
1.817500000000000284e+02	1.255808285258747446e+03
1.818125000000000284e+02	1.255885920645044962e+03
1.818750000000000284e+02	1.256564441759294141e+03
1.819375000000000284e+02	1.256694155794461494e+03
1.820000000000000284e+02	1.255998632766947139e+03
1.820625000000000284e+02	1.254956843294461805e+03
1.821250000000000284e+02	1.254051514713922643e+03
1.821875000000000284e+02	1.253654766627187655e+03
1.822500000000000284e+02	1.253733522048106352e+03
1.823125000000000284e+02	1.253695894041546353e+03
1.823750000000000284e+02	1.253362077646684838e+03
1.824375000000000284e+02	1.253285409188230005e+03
1.825000000000000284e+02	1.253934120011845152e+03
1.825625000000000284e+02	1.254726978247996612e+03
1.826250000000000284e+02	1.255101874681123718e+03
1.826875000000000284e+02	1.254966613133200781e+03
1.827500000000000284e+02	1.254638655999454386e+03
1.828125000000000284e+02	1.254328283049381298e+03
1.828750000000000284e+02	1.254237095298834902e+03
1.829375000000000284e+02	1.254077304368623572e+03
1.830000000000000284e+02	1.253732637618441458e+03
1.830625000000000284e+02	1.253515274462464731e+03
1.831250000000000284e+02	1.253671675359877327e+03
1.831875000000000284e+02	1.253498124772231449e+03
1.832500000000000284e+02	1.252928158778244324e+03
1.833125000000000284e+02	1.252639713374636813e+03
1.833750000000000284e+02	1.252893984625548001e+03
1.834375000000000284e+02	1.252794675792639737e+03
1.835000000000000284e+02	1.252316280475584335e+03
1.835625000000000284e+02	1.252353966996174677e+03
1.836250000000000284e+02	1.253134831792093109e+03
1.836875000000000284e+02	1.253726090151240442e+03
1.837500000000000284e+02	1.253667636547923848e+03
1.838125000000000284e+02	1.253456780862792584e+03
1.838750000000000284e+02	1.253290013438412188e+03
1.839375000000000284e+02	1.252712934470664550e+03
1.840000000000000284e+02	1.251781729136298509e+03
1.840625000000000284e+02	1.251301488292639533e+03
1.841250000000000284e+02	1.251726700938412250e+03
1.841875000000000284e+02	1.252292131514213906e+03
1.842500000000000284e+02	1.252340206290999731e+03
1.843125000000000284e+02	1.251741372471757813e+03
1.843750000000000284e+02	1.251067647025329052e+03
1.844375000000000284e+02	1.250598825391764876e+03
1.845000000000000284e+02	1.250589822954629653e+03
1.845625000000000284e+02	1.250702281659986511e+03
1.846250000000000284e+02	1.250509299016036039e+03
1.846875000000000284e+02	1.249747953694425405e+03
1.847500000000000284e+02	1.248866256855868187e+03
1.848125000000000284e+02	1.248576359511662758e+03
1.848750000000000284e+02	1.248968671419461771e+03
1.849375000000000284e+02	1.249324825915635301e+03
1.850000000000000284e+02	1.248784561247267902e+03
1.850625000000000284e+02	1.247456938206087216e+03
1.851250000000000284e+02	1.246264500592202239e+03
1.851875000000000284e+02	1.246189496537901960e+03
1.852500000000000284e+02	1.247196732757836799e+03
1.853125000000000284e+02	1.248513152879010022e+03
1.853750000000000284e+02	1.249441125182216865e+03
1.854375000000000284e+02	1.249744052592020125e+03
1.855000000000000284e+02	1.249180544825074094e+03
1.855625000000000284e+02	1.247911940096575336e+03
1.856250000000000284e+02	1.246704546647231382e+03
1.856875000000000284e+02	1.246298809721211228e+03
1.857500000000000284e+02	1.246239628074891698e+03
1.858125000000000284e+02	1.245940966198980504e+03
1.858750000000000284e+02	1.245524429300292468e+03
1.859375000000000284e+02	1.245805019314869924e+03
1.860000000000000284e+02	1.246618217998361388e+03
1.860625000000000284e+02	1.247033853703536352e+03
1.861250000000000284e+02	1.246304197225766529e+03
1.861875000000000284e+02	1.245085352974673242e+03
1.862500000000000284e+02	1.244374368804665892e+03
1.863125000000000284e+02	1.244314117346939838e+03
1.863750000000000284e+02	1.244200321679119043e+03
1.864375000000000284e+02	1.243848806190781033e+03
1.865000000000000284e+02	1.243663906933310045e+03
1.865625000000000284e+02	1.244163545348944353e+03
1.866250000000000284e+02	1.245172310267858393e+03
1.866875000000000284e+02	1.246069702942785625e+03
1.867500000000000284e+02	1.246008433514031822e+03
1.868125000000000284e+02	1.245220994897960281e+03
1.868750000000000284e+02	1.244565229113521355e+03
1.869375000000000284e+02	1.244614014782253435e+03
1.870000000000000284e+02	1.244708233441145694e+03
1.870625000000000284e+02	1.244264304505285509e+03
1.871250000000000284e+02	1.243646693057581388e+03
1.871875000000000284e+02	1.243521510067420877e+03
1.872500000000000284e+02	1.243557667387938636e+03
1.873125000000000284e+02	1.242949505056488078e+03
1.873750000000000284e+02	1.241917412536444317e+03
1.874375000000000284e+02	1.241252200870081197e+03
1.875000000000000284e+02	1.241047900555759270e+03
1.875625000000000284e+02	1.240682092702260888e+03
1.876250000000000284e+02	1.240090376070518687e+03
1.876875000000000284e+02	1.239581958728135078e+03
1.877500000000000284e+02	1.239360284598215458e+03
1.878125000000000284e+02	1.239832019383200986e+03
1.878750000000000284e+02	1.241353695631378741e+03
1.879375000000000284e+02	1.243139564139942877e+03
1.880000000000000284e+02	1.243518932557399239e+03
1.880625000000000284e+02	1.242040292889031662e+03
1.881250000000000284e+02	1.239862185768951804e+03
1.881875000000000284e+02	1.238431754282071324e+03
1.882500000000000284e+02	1.238078708090380132e+03
1.883125000000000284e+02	1.238388948774600067e+03
1.883750000000000284e+02	1.238920952510022744e+03
1.884375000000000284e+02	1.239296917820700855e+03
1.885000000000000284e+02	1.239017643176021465e+03
1.885625000000000284e+02	1.238147179004191912e+03
1.886250000000000284e+02	1.237459815529337902e+03
1.886875000000000284e+02	1.237549473396502435e+03
1.887500000000000284e+02	1.238351795918368680e+03
1.888125000000000284e+02	1.239545499703900532e+03
1.888750000000000284e+02	1.240337186247267709e+03
1.889375000000000284e+02	1.239658453785533084e+03
1.890000000000000284e+02	1.237412459798652890e+03
1.890625000000000284e+02	1.235111700778973500e+03
1.891250000000000284e+02	1.234282141103317826e+03
1.891875000000000284e+02	1.234805039586371322e+03
1.892500000000000284e+02	1.235810577942785358e+03
1.893125000000000284e+02	1.237048985445518611e+03
1.893750000000000284e+02	1.238361806350219695e+03
1.894375000000000284e+02	1.238729831609877237e+03
1.895000000000000284e+02	1.237610201872267908e+03
1.895625000000000284e+02	1.235940446337464664e+03
1.896250000000000284e+02	1.234809786465926891e+03
1.896875000000000284e+02	1.234458123109512826e+03
1.897500000000000284e+02	1.234495547603864225e+03
1.898125000000000284e+02	1.234635491162537619e+03
1.898750000000000284e+02	1.234371073432945650e+03
1.899375000000000284e+02	1.233857979295737096e+03
1.900000000000000284e+02	1.233594776421283996e+03
1.900625000000000284e+02	1.233873319697523129e+03
1.901250000000000284e+02	1.234122037172012824e+03
1.901875000000000284e+02	1.233911347234876985e+03
1.902500000000000284e+02	1.233297338602406398e+03
1.903125000000000284e+02	1.232609609283893406e+03
1.903750000000000284e+02	1.232125376047741611e+03
1.904375000000000284e+02	1.231833891923288320e+03
1.905000000000000284e+02	1.231512203375547642e+03
1.905625000000000284e+02	1.231015789928025924e+03
1.906250000000000284e+02	1.230415613497632421e+03
1.906875000000000284e+02	1.229704380625912563e+03
1.907500000000000284e+02	1.229304957953718258e+03
1.908125000000000284e+02	1.229823121629009620e+03
1.908750000000000284e+02	1.230943057375183344e+03
1.909375000000000284e+02	1.231398845116619214e+03
1.910000000000000284e+02	1.231068957543733177e+03
1.910625000000000284e+02	1.230755836780248956e+03
1.911250000000000284e+02	1.230604654723944350e+03
1.911875000000000284e+02	1.229964910919279191e+03
1.912500000000000284e+02	1.229217706655431130e+03
1.913125000000000284e+02	1.229158606095117648e+03
1.913750000000000284e+02	1.229605255625912150e+03
1.914375000000000284e+02	1.229596357985606119e+03
1.915000000000000284e+02	1.229041494579082837e+03
1.915625000000000284e+02	1.228795577715015952e+03
1.916250000000000284e+02	1.229079715037355527e+03
1.916875000000000284e+02	1.229183893995992321e+03
1.917500000000000284e+02	1.228549294096210815e+03
1.918125000000000284e+02	1.227374431486881576e+03
1.918750000000000284e+02	1.226698101676386159e+03
1.919375000000000284e+02	1.227312007334184727e+03
1.920000000000000284e+02	1.229184135568514193e+03
1.920625000000000284e+02	1.230129672284986555e+03
1.921250000000000284e+02	1.229215576940599021e+03
1.921875000000000284e+02	1.227183564846028730e+03
1.922500000000000284e+02	1.226237284461553600e+03
1.923125000000000284e+02	1.226370654906160098e+03
1.923750000000000284e+02	1.226570058172377230e+03
1.924375000000000284e+02	1.225690644838740354e+03
1.925000000000000284e+02	1.224426578762756435e+03
1.925625000000000284e+02	1.223852409985423719e+03
1.926250000000000284e+02	1.223989827282253373e+03
1.926875000000000284e+02	1.223916238474855163e+03
1.927500000000000284e+02	1.223288086005832156e+03
1.928125000000000284e+02	1.222693313046648655e+03
1.928750000000000284e+02	1.222514411898689332e+03
1.929375000000000284e+02	1.222632595412719866e+03
1.930000000000000284e+02	1.222516698729046311e+03
1.930625000000000284e+02	1.222069212805212373e+03
1.931250000000000284e+02	1.221745190073798767e+03
1.931875000000000284e+02	1.221896745353499909e+03
1.932500000000000284e+02	1.222098439367712444e+03
1.933125000000000284e+02	1.221828956928754906e+03
1.933750000000000284e+02	1.221245493326349560e+03
1.934375000000000284e+02	1.220823099672013086e+03
1.935000000000000284e+02	1.220862865297013059e+03
1.935625000000000284e+02	1.221471190688776915e+03
1.936250000000000284e+02	1.222427285919279711e+03
1.936875000000000284e+02	1.223220855229592871e+03
1.937500000000000284e+02	1.223351298628827635e+03
1.938125000000000284e+02	1.222874999749454446e+03
1.938750000000000284e+02	1.221752800245992148e+03
1.939375000000000284e+02	1.220054689436043418e+03
1.940000000000000284e+02	1.218256863269862606e+03
1.940625000000000284e+02	1.217373695403608963e+03
1.941250000000000284e+02	1.217531996378463418e+03
1.941875000000000284e+02	1.217997684356779700e+03
1.942500000000000284e+02	1.218180987358783796e+03
1.943125000000000284e+02	1.218354815916546158e+03
1.943750000000000284e+02	1.218819004145409508e+03
1.944375000000000284e+02	1.219306754646502668e+03
1.945000000000000284e+02	1.219492178776422179e+03
1.945625000000000284e+02	1.219382931350219678e+03
1.946250000000000284e+02	1.219079882083638267e+03
1.946875000000000284e+02	1.218183197180212574e+03
1.947500000000000284e+02	1.216464743280795574e+03
1.948125000000000284e+02	1.214369666180758941e+03
1.948750000000000284e+02	1.213074458728135141e+03
1.949375000000000284e+02	1.213198327555576952e+03
1.950000000000000284e+02	1.214384640374454420e+03
1.950625000000000284e+02	1.215671035258747452e+03
1.951250000000000284e+02	1.216599926567056627e+03
1.951875000000000284e+02	1.216881758450256257e+03
1.952500000000000284e+02	1.216444053867530329e+03
1.953125000000000284e+02	1.215777438479410876e+03
1.953750000000000284e+02	1.215600063433856803e+03
1.954375000000000284e+02	1.215620670553936861e+03
1.955000000000000284e+02	1.215081001867712530e+03
1.955625000000000284e+02	1.214271976038630783e+03
1.956250000000000284e+02	1.213879664290270739e+03
1.956875000000000284e+02	1.213739152332362437e+03
1.957500000000000284e+02	1.213216393995992348e+03
1.958125000000000284e+02	1.212630664313047873e+03
1.958750000000000284e+02	1.212517069811407737e+03
1.959375000000000284e+02	1.212819332930941528e+03
1.960000000000000284e+02	1.212959854204629664e+03
1.960625000000000284e+02	1.212670936201714085e+03
1.961250000000000284e+02	1.212099356892311789e+03
1.961875000000000284e+02	1.211784142561043609e+03
1.962500000000000284e+02	1.211889526079629377e+03
1.963125000000000284e+02	1.211776023164177559e+03
1.963750000000000284e+02	1.211154376343842159e+03
1.964375000000000284e+02	1.210710280840015912e+03
1.965000000000000284e+02	1.210778194059767884e+03
1.965625000000000284e+02	1.210542848669826071e+03
1.966250000000000284e+02	1.209817083181487760e+03
1.966875000000000284e+02	1.209580275464651095e+03
1.967500000000000284e+02	1.210233835208638311e+03
1.968125000000000284e+02	1.210729852906342330e+03
1.968750000000000284e+02	1.210159538174199497e+03
1.969375000000000284e+02	1.209195434425110307e+03
1.970000000000000284e+02	1.209098043162355225e+03
1.970625000000000284e+02	1.210077198364615015e+03
1.971250000000000284e+02	1.210961180393587028e+03
1.971875000000000284e+02	1.211089233942238479e+03
1.972500000000000284e+02	1.210648231231779391e+03
1.973125000000000284e+02	1.210080315893769466e+03
1.973750000000000284e+02	1.209346524963558068e+03
1.974375000000000284e+02	1.208793070130285287e+03
1.975000000000000284e+02	1.208554488839286705e+03
1.975625000000000284e+02	1.208558151831269470e+03
1.976250000000000284e+02	1.208472070722486478e+03
1.976875000000000284e+02	1.208265596824891873e+03
1.977500000000000284e+02	1.207625242825256009e+03
1.978125000000000284e+02	1.206600090629556234e+03
1.978750000000000284e+02	1.205642864021502646e+03
1.979375000000000284e+02	1.205422904632836435e+03
1.980000000000000284e+02	1.205713262891764771e+03
1.980625000000000284e+02	1.205923887117347931e+03
1.981250000000000284e+02	1.205661294711189385e+03
1.981875000000000284e+02	1.205235161670919751e+03
1.982500000000000284e+02	1.204845432306852445e+03
1.983125000000000284e+02	1.204537875273324744e+03
1.983750000000000284e+02	1.204241471187136540e+03
1.984375000000000284e+02	1.203949529405066642e+03
1.985000000000000284e+02	1.203432481117894895e+03
1.985625000000000284e+02	1.202686571929665888e+03
1.986250000000000284e+02	1.202321449184585617e+03
1.986875000000000284e+02	1.202782129054301549e+03
1.987500000000000284e+02	1.203672950756196542e+03
1.988125000000000284e+02	1.204017127254920979e+03
1.988750000000000284e+02	1.203731745786262309e+03
1.989375000000000284e+02	1.203237862996539207e+03
1.990000000000000284e+02	1.203149230457362592e+03
1.990625000000000284e+02	1.203362379874272165e+03
1.991250000000000284e+02	1.203561318444789777e+03
1.991875000000000284e+02	1.203142581769315939e+03
1.992500000000000284e+02	1.202197755033711019e+03
1.993125000000000284e+02	1.201398643130467462e+03
1.993750000000000284e+02	1.201395362244899161e+03
1.994375000000000284e+02	1.202103704673835182e+03
1.995000000000000284e+02	1.202700117984694998e+03
1.995625000000000284e+02	1.202561906045008072e+03
1.996250000000000284e+02	1.201822081382107172e+03
1.996875000000000284e+02	1.201107814937136709e+03
1.997500000000000284e+02	1.200494466745627960e+03
1.998125000000000284e+02	1.199962271797559424e+03
1.998750000000000284e+02	1.199979842520045167e+03
1.999375000000000284e+02	1.200730453375547768e+03
2.000000000000000284e+02	1.201524077100037630e+03
2.000625000000000284e+02	1.201744188319971954e+03
2.001250000000000284e+02	1.201404935062865661e+03
2.001875000000000284e+02	1.200593892857143828e+03
2.002500000000000284e+02	1.199260830903790975e+03
2.003125000000000284e+02	1.197907312021684902e+03
2.003750000000000284e+02	1.197254722599308707e+03
2.004375000000000284e+02	1.197468053935861235e+03
2.005000000000000284e+02	1.197787150532982196e+03
2.005625000000000284e+02	1.197479980320700861e+03
2.006250000000000284e+02	1.196508135887391745e+03
2.006875000000000284e+02	1.195379685336189141e+03
2.007500000000000284e+02	1.194656609602770914e+03
2.008125000000000284e+02	1.194727431486881414e+03
2.008750000000000284e+02	1.195416564914359469e+03
2.009375000000000284e+02	1.196028530247814615e+03
2.010000000000000284e+02	1.196261949867894828e+03
2.010625000000000284e+02	1.196611547740526021e+03
2.011250000000000284e+02	1.197345744009658574e+03
2.011875000000000284e+02	1.197857937591109021e+03
2.012500000000000284e+02	1.197560541727406417e+03
2.013125000000000284e+02	1.196734735855504141e+03
2.013750000000000284e+02	1.196053059379556544e+03
2.014375000000000284e+02	1.195866711757472103e+03
2.015000000000000284e+02	1.195867141627187721e+03
2.015625000000000284e+02	1.195266908778244670e+03
2.016250000000000284e+02	1.193772048811043305e+03
2.016875000000000284e+02	1.192503568581451418e+03
2.017500000000000284e+02	1.192706303229775131e+03
2.018125000000000284e+02	1.193875051362063687e+03
2.018750000000000284e+02	1.194468245558492526e+03
2.019375000000000284e+02	1.193899482211189252e+03
2.020000000000000284e+02	1.192980766672741538e+03
2.020625000000000284e+02	1.192594673833820252e+03
2.021250000000000284e+02	1.192847618668003861e+03
2.021875000000000284e+02	1.192998211939687508e+03
2.022500000000000284e+02	1.192437150487428198e+03
2.023125000000000284e+02	1.191576332930941362e+03
2.023750000000000284e+02	1.191345582862610172e+03
2.024375000000000284e+02	1.192062264258383038e+03
2.025000000000000284e+02	1.192779977929119013e+03
2.025625000000000284e+02	1.192697843089469188e+03
2.026250000000000284e+02	1.191993089764031993e+03
2.026875000000000284e+02	1.191812309425110698e+03
2.027500000000000284e+02	1.192353985878281037e+03
2.028125000000000284e+02	1.192893155225037390e+03
2.028750000000000284e+02	1.192863064618259159e+03
2.029375000000000284e+02	1.192722990410897637e+03
2.030000000000000284e+02	1.192654053366436983e+03
2.030625000000000284e+02	1.192181346164359866e+03
2.031250000000000284e+02	1.191229316394862735e+03
2.031875000000000284e+02	1.190420808081269570e+03
2.032500000000000284e+02	1.190048289745810052e+03
2.033125000000000284e+02	1.189577882470846362e+03
2.033750000000000284e+02	1.188587793390124716e+03
2.034375000000000284e+02	1.187434625409986438e+03
2.035000000000000284e+02	1.186964644724855134e+03
2.035625000000000284e+02	1.187582277104593004e+03
2.036250000000000284e+02	1.188802844888849449e+03
2.036875000000000284e+02	1.189698097599308767e+03
2.037500000000000284e+02	1.189567119624636689e+03
2.038125000000000284e+02	1.188365774325802704e+03
2.038750000000000284e+02	1.186933968818332005e+03
2.039375000000000284e+02	1.186421008427479137e+03
2.040000000000000284e+02	1.187077593271684691e+03
2.040625000000000284e+02	1.188031794005103166e+03
2.041250000000000284e+02	1.188487042182945743e+03
2.041875000000000284e+02	1.188570767993805930e+03
2.042500000000000284e+02	1.188537049084367027e+03
2.043125000000000284e+02	1.188382242893587090e+03
2.043750000000000284e+02	1.187945871674563705e+03
2.044375000000000284e+02	1.187311114180941331e+03
2.045000000000000284e+02	1.186402625819971945e+03
2.045625000000000284e+02	1.185473744533528588e+03
2.046250000000000284e+02	1.185096312021684980e+03
2.046875000000000284e+02	1.185560451553390521e+03
2.047500000000000284e+02	1.186436187090015892e+03
2.048125000000000284e+02	1.187032126366618968e+03
2.048750000000000284e+02	1.186983629851495152e+03
2.049375000000000284e+02	1.186352103794643881e+03
2.050000000000000284e+02	1.185898010363521507e+03
2.050625000000000284e+02	1.185976002391582597e+03
2.051250000000000284e+02	1.185924105662355032e+03
2.051875000000000284e+02	1.185092984876094306e+03
2.052500000000000284e+02	1.184324448774600341e+03
2.053125000000000284e+02	1.184450781956087212e+03
2.053750000000000284e+02	1.184978980707909386e+03
2.054375000000000284e+02	1.185080279291181796e+03
2.055000000000000284e+02	1.185084512846210828e+03
2.055625000000000284e+02	1.185301018335460412e+03
2.056250000000000284e+02	1.185444469000547997e+03
2.056875000000000284e+02	1.185162315734330832e+03
2.057500000000000284e+02	1.184794842269498304e+03
2.058125000000000284e+02	1.184280457657617717e+03
2.058750000000000284e+02	1.183659267264942855e+03
2.059375000000000284e+02	1.183171187500000997e+03
2.060000000000000284e+02	1.183220818103135116e+03
2.060625000000000284e+02	1.183328126093295396e+03
2.061250000000000284e+02	1.183207739613703552e+03
2.061875000000000284e+02	1.182894608350037743e+03
2.062500000000000284e+02	1.182673548537719853e+03
2.063125000000000284e+02	1.182472281250001288e+03
2.063750000000000284e+02	1.182198181509658298e+03
2.064375000000000284e+02	1.181734060860059344e+03
2.065000000000000284e+02	1.181162526056852357e+03
2.065625000000000284e+02	1.180813964969024710e+03
2.066250000000000284e+02	1.180908242187501401e+03
2.066875000000000284e+02	1.181312273915817514e+03
2.067500000000000284e+02	1.181692948842930946e+03
2.068125000000000284e+02	1.181831045918368545e+03
2.068750000000000284e+02	1.181690030635023049e+03
2.069375000000000284e+02	1.181413372357872959e+03
2.070000000000000284e+02	1.181097487062683285e+03
2.070625000000000284e+02	1.180667846278244497e+03
2.071250000000000284e+02	1.179860256946976278e+03
2.071875000000000284e+02	1.178764730662355305e+03
2.072500000000000284e+02	1.177806720184949882e+03
2.073125000000000284e+02	1.177699362723215245e+03
2.073750000000000284e+02	1.178476785782617753e+03
2.074375000000000284e+02	1.179623906819425429e+03
2.075000000000000284e+02	1.180266847257654035e+03
2.075625000000000284e+02	1.180309719182763502e+03
2.076250000000000284e+02	1.180012859101677350e+03
2.076875000000000284e+02	1.179741512003463413e+03
2.077500000000000284e+02	1.179301490684221335e+03
2.078125000000000284e+02	1.178876664654702381e+03
2.078750000000000284e+02	1.178659333705358222e+03
2.079375000000000284e+02	1.178585106755649576e+03
2.080000000000000284e+02	1.178170799881560924e+03
2.080625000000000284e+02	1.177726309903426909e+03
2.081250000000000284e+02	1.177685934174563954e+03
2.081875000000000284e+02	1.177898490820883126e+03
2.082500000000000284e+02	1.177892870945700679e+03
2.083125000000000284e+02	1.177920702555576554e+03
2.083750000000000284e+02	1.178283907548288198e+03
2.084375000000000284e+02	1.178617962827989231e+03
2.085000000000000284e+02	1.178133799836006801e+03
2.085625000000000284e+02	1.176890040725219478e+03
2.086250000000000284e+02	1.175974730662355341e+03
2.086875000000000284e+02	1.176221676658164370e+03
2.087500000000000284e+02	1.176815628165999669e+03
2.088125000000000284e+02	1.176591063752734499e+03
2.088750000000000284e+02	1.175826677979228634e+03
2.089375000000000284e+02	1.175522175883747423e+03
2.090000000000000284e+02	1.175364085550292202e+03
2.090625000000000284e+02	1.174698729455175908e+03
2.091250000000000284e+02	1.174097800109330365e+03
2.091875000000000284e+02	1.174587972530977822e+03
2.092500000000000284e+02	1.175634728475766224e+03
2.093125000000000284e+02	1.176147409324891669e+03
2.093750000000000284e+02	1.175988889668368301e+03
2.094375000000000284e+02	1.175945769246538930e+03
2.095000000000000284e+02	1.176139766034986224e+03
2.095625000000000284e+02	1.175981150965744291e+03
2.096250000000000284e+02	1.175040725400875772e+03
2.096875000000000284e+02	1.173860622585642204e+03
2.097500000000000284e+02	1.173264914700255986e+03
2.098125000000000284e+02	1.173425802569243160e+03
2.098750000000000284e+02	1.173641432671283837e+03
2.099375000000000284e+02	1.173339525510205021e+03
2.100000000000000284e+02	1.172559472508200543e+03
2.100625000000000284e+02	1.172097475013667236e+03
2.101250000000000284e+02	1.172281651512391818e+03
2.101875000000000284e+02	1.172894244966291126e+03
2.102500000000000284e+02	1.173292875455540525e+03
2.103125000000000284e+02	1.173663564367712297e+03
2.103750000000000284e+02	1.173981479796830627e+03
2.104375000000000284e+02	1.174177408687136449e+03
2.105000000000000284e+02	1.174161569811407617e+03
2.105625000000000284e+02	1.174379866800292575e+03
2.106250000000000284e+02	1.174747581655431077e+03
2.106875000000000284e+02	1.174761054664724043e+03
2.107500000000000284e+02	1.174106844957180328e+03
2.108125000000000284e+02	1.173012878803754575e+03
2.108750000000000284e+02	1.172179619738521524e+03
2.109375000000000284e+02	1.172055532935496558e+03
2.110000000000000284e+02	1.172605410759840652e+03
2.110625000000000284e+02	1.173118922672194685e+03
2.111250000000000284e+02	1.173239679755831730e+03
2.111875000000000284e+02	1.173101942328718224e+03
2.112500000000000284e+02	1.172999751867712348e+03
2.113125000000000284e+02	1.172711930325256162e+03
2.113750000000000284e+02	1.171978806008565243e+03
2.114375000000000284e+02	1.171038934948980568e+03
2.115000000000000284e+02	1.170356188616072359e+03
2.115625000000000284e+02	1.170224455721575396e+03
2.116250000000000284e+02	1.170716835436407564e+03
2.116875000000000284e+02	1.171589662878098579e+03
2.117500000000000284e+02	1.172071531500547735e+03
2.118125000000000284e+02	1.171661075505649706e+03
2.118750000000000284e+02	1.170756894223761947e+03
2.119375000000000284e+02	1.170052466700074092e+03
2.120000000000000284e+02	1.169670970207727123e+03
2.120625000000000284e+02	1.169260392720482287e+03
2.121250000000000284e+02	1.168514394064323369e+03
2.121875000000000284e+02	1.167767837008018432e+03
2.122500000000000284e+02	1.167600052387027290e+03
2.123125000000000284e+02	1.168185211780248892e+03
2.123750000000000284e+02	1.168746280361699519e+03
2.124375000000000284e+02	1.168932384429665944e+03
2.125000000000000284e+02	1.168718508199709504e+03
2.125625000000000284e+02	1.168484156523324600e+03
2.126250000000000284e+02	1.168339040178572532e+03
2.126875000000000284e+02	1.168686320950256231e+03
2.127500000000000284e+02	1.169163389713922697e+03
2.128125000000000284e+02	1.169158442169279624e+03
2.128750000000000284e+02	1.168356726266400528e+03
2.129375000000000284e+02	1.167433810677843439e+03
2.130000000000000284e+02	1.166962942875365343e+03
2.130625000000000284e+02	1.167013822180212628e+03
2.131250000000000284e+02	1.167308199549017218e+03
2.131875000000000284e+02	1.167454051635387259e+03
2.132500000000000284e+02	1.167021627778791299e+03
2.133125000000000284e+02	1.165997632607508194e+03
2.133750000000000284e+02	1.165244099193696229e+03
2.134375000000000284e+02	1.165405945608601769e+03
2.135000000000000284e+02	1.166132122972850993e+03
2.135625000000000284e+02	1.166592854637391838e+03
2.136250000000000284e+02	1.166601189527151291e+03
2.136875000000000284e+02	1.166435150145773605e+03
2.137500000000000284e+02	1.166089487495445610e+03
2.138125000000000284e+02	1.165615850993076720e+03
2.138750000000000284e+02	1.165411260750729980e+03
2.139375000000000284e+02	1.165876009179119364e+03
2.140000000000000284e+02	1.166386576439505461e+03
2.140625000000000284e+02	1.166034212213011187e+03
2.141250000000000284e+02	1.164792109716655659e+03
2.141875000000000284e+02	1.163705129395955737e+03
2.142500000000000284e+02	1.163563227109148329e+03
2.143125000000000284e+02	1.164129912126458748e+03
2.143750000000000284e+02	1.164578094911626522e+03
2.144375000000000284e+02	1.164433450482872558e+03
2.145000000000000284e+02	1.164064427979228412e+03
2.145625000000000284e+02	1.164084523073069477e+03
2.146250000000000284e+02	1.164599715925657165e+03
2.146875000000000284e+02	1.165090760819060961e+03
2.147500000000000284e+02	1.165177622357872679e+03
2.148125000000000284e+02	1.164962701530613231e+03
2.148750000000000284e+02	1.164822711985241313e+03
2.149375000000000284e+02	1.164816096483237061e+03
2.150000000000000284e+02	1.164414417023506985e+03
2.150625000000000284e+02	1.163370509839651277e+03
2.151250000000000284e+02	1.162120248132289817e+03
2.151875000000000284e+02	1.161511162764214077e+03
2.152500000000000284e+02	1.161529831609877192e+03
2.153125000000000284e+02	1.162035028812865676e+03
2.153750000000000284e+02	1.162725816189869875e+03
2.154375000000000284e+02	1.163392611106050936e+03
2.155000000000000284e+02	1.163244508359148313e+03
2.155625000000000284e+02	1.162385274303025653e+03
2.156250000000000284e+02	1.161504003575984825e+03
2.156875000000000284e+02	1.161658712577442657e+03
2.157500000000000284e+02	1.162353737472668854e+03
2.158125000000000284e+02	1.162784196656342147e+03
2.158750000000000284e+02	1.162401187796101567e+03
2.159375000000000284e+02	1.162091907457180241e+03
2.160000000000000284e+02	1.162111004897049270e+03
2.160625000000000284e+02	1.162507295075620732e+03
2.161250000000000284e+02	1.162885846232690710e+03
2.161875000000000284e+02	1.163241028858419668e+03
2.162500000000000284e+02	1.162913310632289722e+03
2.163125000000000284e+02	1.162002563251641050e+03
2.163750000000000284e+02	1.161110146683674429e+03
2.164375000000000284e+02	1.161028008381925247e+03
2.165000000000000284e+02	1.161245969364978919e+03
2.165625000000000284e+02	1.161227112540999542e+03
2.166250000000000284e+02	1.160754469364979286e+03
2.166875000000000284e+02	1.160441253507653983e+03
2.167500000000000284e+02	1.160450866754738627e+03
2.168125000000000284e+02	1.160753676931487917e+03
2.168750000000000284e+02	1.160964997699527430e+03
2.169375000000000284e+02	1.161032138757289886e+03
2.170000000000000284e+02	1.160782595891036181e+03
2.170625000000000284e+02	1.160472710937501006e+03
2.171250000000000284e+02	1.160471121856779519e+03
2.171875000000000284e+02	1.160823392082726969e+03
2.172500000000000284e+02	1.160927485741619421e+03
2.173125000000000284e+02	1.160805072316874430e+03
2.173750000000000284e+02	1.160987935541181741e+03
2.174375000000000284e+02	1.161421361311043256e+03
2.175000000000000284e+02	1.161289663424745868e+03
2.175625000000000284e+02	1.160672694538084215e+03
2.176250000000000284e+02	1.160196349990890212e+03
2.176875000000000284e+02	1.160025629031524659e+03
2.177500000000000284e+02	1.159791916567967519e+03
2.178125000000000284e+02	1.159649215174016945e+03
2.178750000000000284e+02	1.159818100583091109e+03
2.179375000000000284e+02	1.160223854614614766e+03
2.180000000000000284e+02	1.160612932967384495e+03
2.180625000000000284e+02	1.160617687454447150e+03
2.181250000000000284e+02	1.159894950619534711e+03
2.181875000000000284e+02	1.158712727359695236e+03
2.182500000000000284e+02	1.157967150122996600e+03
2.183125000000000284e+02	1.157822200551203650e+03
2.183750000000000284e+02	1.157707450756196295e+03
2.184375000000000284e+02	1.157193124134476420e+03
2.185000000000000284e+02	1.156579701917821694e+03
2.185625000000000284e+02	1.156105174722122229e+03
2.186250000000000284e+02	1.156138504760387377e+03
2.186875000000000284e+02	1.156768915383565172e+03
2.187500000000000284e+02	1.157648914996356780e+03
2.188125000000000284e+02	1.158004867324162888e+03
2.188750000000000284e+02	1.157610152150146860e+03
2.189375000000000284e+02	1.156784836096939898e+03
2.190000000000000284e+02	1.156085601243623387e+03
2.190625000000000284e+02	1.155856750842748625e+03
2.191250000000000284e+02	1.156039249954446859e+03
2.191875000000000284e+02	1.156430810814505094e+03
2.192500000000000284e+02	1.156822996811225494e+03
2.193125000000000284e+02	1.157085118736335062e+03
2.193750000000000284e+02	1.157047098874818857e+03
2.194375000000000284e+02	1.156787527537355345e+03
2.195000000000000284e+02	1.156415406136115962e+03
2.195625000000000284e+02	1.155900056008565343e+03
2.196250000000000284e+02	1.155465597781524593e+03
2.196875000000000284e+02	1.155829487768769468e+03
2.197500000000000284e+02	1.157081427273142481e+03
2.198125000000000284e+02	1.157994610308856863e+03
2.198750000000000284e+02	1.157626865980321782e+03
2.199375000000000284e+02	1.156712560108419439e+03
2.200000000000000284e+02	1.156328189732143755e+03
2.200625000000000284e+02	1.156640508108601580e+03
2.201250000000000284e+02	1.157351337213011220e+03
2.201875000000000284e+02	1.158090613497632376e+03
2.202500000000000284e+02	1.158042834570883088e+03
2.203125000000000284e+02	1.156835854272960205e+03
2.203750000000000284e+02	1.155410456313776649e+03
2.204375000000000284e+02	1.154821036534257928e+03
2.205000000000000284e+02	1.154923683696247508e+03
2.205625000000000284e+02	1.154992820039177559e+03
2.206250000000000284e+02	1.155042688342748761e+03
2.206875000000000284e+02	1.155220145977588345e+03
2.207500000000000284e+02	1.155254337964651313e+03
2.208125000000000284e+02	1.154777112244898944e+03
2.208750000000000284e+02	1.154142672307763405e+03
2.209375000000000284e+02	1.153801571132471963e+03
2.210000000000000284e+02	1.153976711962464606e+03
2.210625000000000284e+02	1.154320159871538863e+03
2.211250000000000284e+02	1.154352324936225386e+03
2.211875000000000284e+02	1.153884057466290869e+03
2.212500000000000284e+02	1.153255057192967342e+03
2.213125000000000284e+02	1.152608624362245791e+03
2.213750000000000284e+02	1.151895008518587019e+03
2.214375000000000284e+02	1.151427831222668374e+03
2.215000000000000284e+02	1.151630416271866807e+03
2.215625000000000284e+02	1.152221445358055007e+03
2.216250000000000284e+02	1.152547823524053456e+03
2.216875000000000284e+02	1.152367690210460296e+03
2.217500000000000284e+02	1.151940683969570955e+03
2.218125000000000284e+02	1.151598286055941117e+03
2.218750000000000284e+02	1.151689135044643990e+03
2.219375000000000284e+02	1.152386827897231342e+03
2.220000000000000284e+02	1.153203140807217096e+03
2.220625000000000284e+02	1.153244471984330630e+03
2.221250000000000284e+02	1.152305527696793888e+03
2.221875000000000284e+02	1.151389182215744540e+03
2.222500000000000284e+02	1.151199666499636578e+03
2.223125000000000284e+02	1.151362766444972067e+03
2.223750000000000284e+02	1.151142586074163091e+03
2.224375000000000284e+02	1.150699305165817577e+03
2.225000000000000284e+02	1.150470777605686180e+03
2.225625000000000284e+02	1.150576324275693423e+03
2.226250000000000284e+02	1.150917890146684840e+03
2.226875000000000284e+02	1.151535142219388945e+03
2.227500000000000284e+02	1.152123220367165686e+03
2.228125000000000284e+02	1.152034408254374284e+03
2.228750000000000284e+02	1.151115872061772279e+03
2.229375000000000284e+02	1.150189652377916445e+03
2.230000000000000284e+02	1.150047872790635211e+03
2.230625000000000284e+02	1.150456271342020045e+03
2.231250000000000284e+02	1.150525741253645265e+03
2.231875000000000284e+02	1.150044774143586892e+03
2.232500000000000284e+02	1.149651150419097121e+03
2.233125000000000284e+02	1.149623732256743097e+03
2.233750000000000284e+02	1.149649961871356936e+03
2.234375000000000284e+02	1.149411024508018500e+03
2.235000000000000284e+02	1.149172762390671778e+03
2.235625000000000284e+02	1.149174916772960160e+03
2.236250000000000284e+02	1.149562497904520114e+03
2.236875000000000284e+02	1.150100156045008134e+03
2.237500000000000284e+02	1.150407510158528567e+03
2.238125000000000284e+02	1.150150514554483379e+03
2.238750000000000284e+02	1.149193695631378660e+03
2.239375000000000284e+02	1.147753996469570893e+03
2.240000000000000284e+02	1.146511027195700763e+03
2.240625000000000284e+02	1.146297958819243149e+03
2.241250000000000284e+02	1.147029511046830521e+03
2.241875000000000284e+02	1.147822401580722726e+03
2.242500000000000284e+02	1.148070130170372749e+03
2.243125000000000284e+02	1.148253286944242973e+03
2.243750000000000284e+02	1.148940388187865437e+03
2.244375000000000284e+02	1.149767624430576689e+03
2.245000000000000284e+02	1.149944100879192092e+03
2.245625000000000284e+02	1.149567327601130728e+03
2.246250000000000284e+02	1.149356852838011491e+03
2.246875000000000284e+02	1.149556664495263249e+03
2.247500000000000284e+02	1.149839430143040317e+03
2.248125000000000284e+02	1.150038815962100216e+03
2.248750000000000284e+02	1.150158906272778040e+03
2.249375000000000284e+02	1.150069308901240220e+03
2.250000000000000284e+02	1.149679578398324566e+03
2.250625000000000284e+02	1.148992739682034426e+03
2.251250000000000284e+02	1.148307280247814560e+03
2.251875000000000284e+02	1.147977401102406475e+03
2.252500000000000284e+02	1.148365878507654088e+03
2.253125000000000284e+02	1.149003439663812969e+03
2.253750000000000284e+02	1.149211115433674422e+03
2.254375000000000284e+02	1.148861238269862497e+03
2.255000000000000284e+02	1.148544519383200850e+03
2.255625000000000284e+02	1.148316644610970343e+03
2.256250000000000284e+02	1.147772031113339381e+03
2.256875000000000284e+02	1.147181313843842418e+03
2.257500000000000284e+02	1.147207893813776536e+03
2.258125000000000284e+02	1.147717534347668789e+03
2.258750000000000284e+02	1.147857515579446954e+03
2.259375000000000284e+02	1.147377253257107441e+03
2.260000000000000284e+02	1.146734956905977924e+03
2.260625000000000284e+02	1.146313711552479162e+03
2.261250000000000284e+02	1.146076548947705078e+03
2.261875000000000284e+02	1.145840722849855410e+03
2.262500000000000284e+02	1.145872398483055122e+03
2.263125000000000284e+02	1.146562735582180267e+03
2.263750000000000284e+02	1.147847215333456006e+03
2.264375000000000284e+02	1.148927509065234062e+03
2.265000000000000284e+02	1.149319367164724099e+03
2.265625000000000284e+02	1.148949386798470414e+03
2.266250000000000284e+02	1.148250539085277978e+03
2.266875000000000284e+02	1.147574122767858171e+03
2.267500000000000284e+02	1.147361018358237288e+03
2.268125000000000284e+02	1.147462889098944288e+03
2.268750000000000284e+02	1.147635574731232964e+03
2.269375000000000284e+02	1.147493048742712290e+03
2.270000000000000284e+02	1.147101181874089889e+03
2.270625000000000284e+02	1.146663668185132110e+03
2.271250000000000284e+02	1.146622829127187515e+03
2.271875000000000284e+02	1.146975868371903289e+03
2.272500000000000284e+02	1.147303763438411806e+03
2.273125000000000284e+02	1.147154668504009805e+03
2.273750000000000284e+02	1.146678876412172940e+03
2.274375000000000284e+02	1.146252898004738654e+03
2.275000000000000284e+02	1.146065619077989368e+03
2.275625000000000284e+02	1.146166553389213959e+03
2.276250000000000284e+02	1.146643908892129502e+03
2.276875000000000284e+02	1.147166283345482043e+03
2.277500000000000284e+02	1.147315959844206418e+03
2.278125000000000284e+02	1.147058477587464495e+03
2.278750000000000284e+02	1.146845246424017205e+03
2.279375000000000284e+02	1.146631817009840688e+03
2.280000000000000284e+02	1.146435481231779704e+03
2.280625000000000284e+02	1.146572651557945619e+03
2.281250000000000284e+02	1.147360043982325806e+03
2.281875000000000284e+02	1.147991721118805799e+03
2.282500000000000284e+02	1.147628671419461625e+03
2.283125000000000284e+02	1.146514776398506910e+03
2.283750000000000284e+02	1.145889232735059522e+03
2.284375000000000284e+02	1.146285158368259317e+03
2.285000000000000284e+02	1.146934184971757986e+03
2.285625000000000284e+02	1.146911058810132545e+03
2.286250000000000284e+02	1.146019443740890438e+03
2.286875000000000284e+02	1.145002221187136456e+03
2.287500000000000284e+02	1.144641775783528601e+03
2.288125000000000284e+02	1.145367994715744544e+03
2.288750000000000284e+02	1.146388857165635272e+03
2.289375000000000284e+02	1.146773638780066449e+03
2.290000000000000284e+02	1.146313376389395899e+03
2.290625000000000284e+02	1.145621165110241691e+03
2.291250000000000284e+02	1.145008144793186148e+03
2.291875000000000284e+02	1.144524822362428267e+03
2.292500000000000284e+02	1.144373358099490815e+03
2.293125000000000284e+02	1.144683908322705065e+03
2.293750000000000284e+02	1.145185690051021538e+03
2.294375000000000284e+02	1.145268141239979286e+03
2.295000000000000284e+02	1.144810302364250447e+03
2.295625000000000284e+02	1.144199801453171858e+03
2.296250000000000284e+02	1.143857373405613089e+03
2.296875000000000284e+02	1.143779116823069216e+03
2.297500000000000284e+02	1.143723086370262990e+03
2.298125000000000284e+02	1.143547598442056369e+03
2.298750000000000284e+02	1.143130564026057982e+03
2.299375000000000284e+02	1.142790709411444368e+03
2.300000000000000284e+02	1.142810219273871553e+03
2.300625000000000284e+02	1.143006450801750361e+03
2.301250000000000284e+02	1.142504690870992135e+03
2.301875000000000284e+02	1.141169159028791000e+03
2.302500000000000284e+02	1.139979471756560770e+03
2.303125000000000284e+02	1.139844926088740067e+03
2.303750000000000284e+02	1.140573775578536242e+03
2.304375000000000284e+02	1.141321700870081258e+03
2.305000000000000284e+02	1.141661418617894697e+03
2.305625000000000284e+02	1.141422510477406377e+03
2.306250000000000284e+02	1.140809174129920848e+03
2.306875000000000284e+02	1.140186075072887434e+03
2.307500000000000284e+02	1.139824378530431204e+03
2.308125000000000284e+02	1.139484575118441398e+03
2.308750000000000284e+02	1.139065541886845040e+03
2.309375000000000284e+02	1.138915273391947039e+03
2.310000000000000284e+02	1.139240922079993879e+03
2.310625000000000284e+02	1.139710839262938407e+03
2.311250000000000284e+02	1.139920230935678774e+03
2.311875000000000284e+02	1.139757463010205129e+03
2.312500000000000284e+02	1.139130484101677666e+03
2.313125000000000284e+02	1.138045383336371287e+03
2.313750000000000284e+02	1.136884871606232764e+03
2.314375000000000284e+02	1.136340357575620601e+03
2.315000000000000284e+02	1.136879481687318730e+03
2.315625000000000284e+02	1.138147521820336351e+03
2.316250000000000284e+02	1.138978992643040328e+03
2.316875000000000284e+02	1.138597763073980559e+03
2.317500000000000284e+02	1.137680125569425172e+03
2.318125000000000284e+02	1.137207961188047648e+03
2.318750000000000284e+02	1.137266901193514059e+03
2.319375000000000284e+02	1.137389868440234068e+03
2.320000000000000284e+02	1.137518394269316104e+03
2.320625000000000284e+02	1.137445731436772348e+03
2.321250000000000284e+02	1.137123412559221151e+03
2.321875000000000284e+02	1.136927416340197851e+03
2.322500000000000284e+02	1.137112875159439909e+03
2.323125000000000284e+02	1.137028477724126560e+03
2.323750000000000284e+02	1.136308363657070913e+03
2.324375000000000284e+02	1.135539932420737387e+03
2.325000000000000284e+02	1.135521129760387339e+03
2.325625000000000284e+02	1.136052050132107524e+03
2.326250000000000284e+02	1.136401606960642539e+03
2.326875000000000284e+02	1.135974280133929597e+03
2.327500000000000284e+02	1.135208845526604819e+03
2.328125000000000284e+02	1.134845262686772003e+03
2.328750000000000284e+02	1.135169887891765029e+03
2.329375000000000284e+02	1.135638701781159853e+03
2.330000000000000284e+02	1.135845802569243006e+03
2.330625000000000284e+02	1.135705087896320265e+03
2.331250000000000284e+02	1.135185828967748876e+03
2.331875000000000284e+02	1.134511071314687797e+03
2.332500000000000284e+02	1.134084556076896206e+03
2.333125000000000284e+02	1.134144014691145458e+03
2.333750000000000284e+02	1.134424567602042089e+03
2.334375000000000284e+02	1.134691940301568138e+03
2.335000000000000284e+02	1.134754356368440995e+03
2.335625000000000284e+02	1.134572426475948305e+03
2.336250000000000284e+02	1.134389390101130630e+03
2.336875000000000284e+02	1.134455694925292391e+03
2.337500000000000284e+02	1.134576794073433803e+03
2.338125000000000284e+02	1.134463691554301249e+03
2.338750000000000284e+02	1.134357708819243271e+03
2.339375000000000284e+02	1.134630610126641159e+03
2.340000000000000284e+02	1.135056500797194985e+03
2.340625000000000284e+02	1.135043985035533069e+03
2.341250000000000284e+02	1.134414285554847993e+03
2.341875000000000284e+02	1.133733988474855323e+03
2.342500000000000284e+02	1.133516118280795581e+03
2.343125000000000284e+02	1.133642155361699224e+03
2.343750000000000284e+02	1.133626837827989220e+03
2.344375000000000284e+02	1.133411765625000953e+03
2.345000000000000284e+02	1.133088150464651108e+03
2.345625000000000284e+02	1.132577263916728498e+03
2.346250000000000284e+02	1.131957931532435396e+03
2.346875000000000284e+02	1.131821371583455630e+03
2.347500000000000284e+02	1.132446945790817153e+03
2.348125000000000284e+02	1.133283265488339111e+03
2.348750000000000284e+02	1.133414883860241616e+03
2.349375000000000284e+02	1.132574293367348218e+03
2.350000000000000284e+02	1.131418573159622156e+03
2.350625000000000284e+02	1.130952789791364012e+03
2.351250000000000284e+02	1.131440644064323351e+03
2.351875000000000284e+02	1.132238600264213801e+03
2.352500000000000284e+02	1.132809251070518485e+03
2.353125000000000284e+02	1.133214292365161555e+03
2.353750000000000284e+02	1.133656408618805699e+03
2.354375000000000284e+02	1.134070796487792450e+03
2.355000000000000284e+02	1.134260911716473174e+03
2.355625000000000284e+02	1.134075273164177133e+03
2.356250000000000284e+02	1.133546901626276622e+03
2.356875000000000284e+02	1.132864720093842152e+03
2.357500000000000284e+02	1.132096758336371295e+03
2.358125000000000284e+02	1.131352786602588594e+03
2.358750000000000284e+02	1.131101228088557946e+03
2.359375000000000284e+02	1.131719013939505658e+03
2.360000000000000284e+02	1.132729048719935236e+03
2.360625000000000284e+02	1.133068380922012693e+03
2.361250000000000284e+02	1.132415677637573935e+03
2.361875000000000284e+02	1.131453142333273718e+03
2.362500000000000284e+02	1.130693998770044800e+03
2.363125000000000284e+02	1.129814539563594280e+03
2.363750000000000284e+02	1.128925883632471596e+03
2.364375000000000284e+02	1.128862340060132283e+03
2.365000000000000284e+02	1.129814721961553687e+03
2.365625000000000284e+02	1.130690706974308569e+03
2.366250000000000284e+02	1.130765174722122083e+03
2.366875000000000284e+02	1.130375973191509502e+03
2.367500000000000284e+02	1.129967547672194769e+03
2.368125000000000284e+02	1.129658268973215172e+03
2.368750000000000284e+02	1.129738626002187630e+03
2.369375000000000284e+02	1.130446982028973480e+03
2.370000000000000284e+02	1.131169724990890245e+03
2.370625000000000284e+02	1.131173811133382969e+03
2.371250000000000284e+02	1.130503481300110252e+03
2.371875000000000284e+02	1.129499643153244733e+03
2.372500000000000284e+02	1.128203436976130888e+03
2.373125000000000284e+02	1.127077264805030154e+03
2.373750000000000284e+02	1.127000472872632145e+03
2.374375000000000284e+02	1.127973989089833367e+03
2.375000000000000284e+02	1.128994363133200750e+03
2.375625000000000284e+02	1.129485056509658534e+03
2.376250000000000284e+02	1.129575387276786842e+03
2.376875000000000284e+02	1.129389556737428393e+03
2.377500000000000284e+02	1.128781936793915065e+03
2.378125000000000284e+02	1.127986042091837589e+03
2.378750000000000284e+02	1.127600252961006845e+03
2.379375000000000284e+02	1.127967986607143757e+03
2.380000000000000284e+02	1.128641179277515675e+03
2.380625000000000284e+02	1.128936373132289646e+03
2.381250000000000284e+02	1.128904338237975026e+03
2.381875000000000284e+02	1.128925493166910655e+03
2.382500000000000284e+02	1.128964271068696235e+03
2.383125000000000284e+02	1.128800395408164150e+03
2.383750000000000284e+02	1.128610521729228367e+03
2.384375000000000284e+02	1.128506959502552036e+03
2.385000000000000284e+02	1.128431822567420795e+03
2.385625000000000284e+02	1.128478073227953018e+03
2.386250000000000284e+02	1.128467047717748756e+03
2.386875000000000284e+02	1.127774526603499453e+03
2.387500000000000284e+02	1.126466418071247290e+03
2.388125000000000284e+02	1.125592130193149615e+03
2.388750000000000284e+02	1.125709627892676053e+03
2.389375000000000284e+02	1.126074765215015759e+03
2.390000000000000284e+02	1.125904048241619421e+03
2.390625000000000284e+02	1.125321847986517014e+03
2.391250000000000284e+02	1.124817071383018401e+03
2.391875000000000284e+02	1.124702211529702254e+03
2.392500000000000284e+02	1.124904067078171465e+03
2.393125000000000284e+02	1.125416106004009634e+03
2.393750000000000284e+02	1.125967525282435417e+03
2.394375000000000284e+02	1.126381089741254982e+03
2.395000000000000284e+02	1.126214691485970434e+03
2.395625000000000284e+02	1.125819239363157067e+03
2.396250000000000284e+02	1.125595091335642337e+03
2.396875000000000284e+02	1.125651828899417978e+03
2.397500000000000284e+02	1.125460908436589762e+03
2.398125000000000284e+02	1.125248862654884306e+03
2.398750000000000284e+02	1.125281651808492370e+03
2.399375000000000284e+02	1.125300908846575567e+03
2.400000000000000284e+02	1.124801342679483469e+03
2.400625000000000284e+02	1.123964970344388803e+03
2.401250000000000284e+02	1.123347265283346360e+03
2.401875000000000284e+02	1.123402328261662660e+03
2.402500000000000284e+02	1.124216939117165566e+03
2.403125000000000284e+02	1.125110190187683202e+03
2.403750000000000284e+02	1.124961714627369929e+03
2.404375000000000284e+02	1.123547435632289535e+03
2.405000000000000284e+02	1.121976524075256293e+03
2.405625000000000284e+02	1.121440051977041776e+03
2.406250000000000284e+02	1.121731862244899048e+03
2.406875000000000284e+02	1.122328891171648138e+03
2.407500000000000284e+02	1.123015032024417906e+03
2.408125000000000284e+02	1.123667316053207742e+03
2.408750000000000284e+02	1.123571904746720975e+03
2.409375000000000284e+02	1.123046740205904825e+03
2.410000000000000284e+02	1.122893681623543443e+03
2.410625000000000284e+02	1.123253477063594573e+03
2.411250000000000284e+02	1.123385313114979226e+03
2.411875000000000284e+02	1.123339515351677392e+03
2.412500000000000284e+02	1.123421348510387361e+03
2.413125000000000284e+02	1.123599787422559530e+03
2.413750000000000284e+02	1.123535337531888672e+03
2.414375000000000284e+02	1.123106681145226958e+03
2.415000000000000284e+02	1.122242902264031500e+03
2.415625000000000284e+02	1.121500904837829239e+03
2.416250000000000284e+02	1.121543991390307156e+03
2.416875000000000284e+02	1.122475437181123425e+03
2.417500000000000284e+02	1.123483763278973129e+03
2.418125000000000284e+02	1.123771517082727087e+03
2.418750000000000284e+02	1.123014525373543620e+03
2.419375000000000284e+02	1.121902126662719866e+03
2.420000000000000284e+02	1.121250857279520005e+03
2.420625000000000284e+02	1.121007349444242891e+03
2.421250000000000284e+02	1.120713580015489242e+03
2.421875000000000284e+02	1.120380670872814335e+03
2.422500000000000284e+02	1.120294192192056471e+03
2.423125000000000284e+02	1.120371276307399057e+03
2.423750000000000284e+02	1.120697222485423708e+03
2.424375000000000284e+02	1.120999296373907782e+03
2.425000000000000284e+02	1.120901228156888692e+03
2.425625000000000284e+02	1.120407165292457194e+03
2.426250000000000284e+02	1.120122001434949880e+03
2.426875000000000284e+02	1.119934615684221171e+03
2.427500000000000284e+02	1.119575436497814280e+03
2.428125000000000284e+02	1.119335723510387425e+03
2.428750000000000284e+02	1.119612150327989411e+03
2.429375000000000284e+02	1.120045356231779351e+03
2.430000000000000284e+02	1.120259938593295601e+03
2.430625000000000284e+02	1.120339001070518634e+03
2.431250000000000284e+02	1.120237728657982188e+03
2.431875000000000284e+02	1.119888813411079809e+03
2.432500000000000284e+02	1.119596172079993721e+03
2.433125000000000284e+02	1.119758866413084206e+03
2.433750000000000284e+02	1.120127159233783914e+03
2.434375000000000284e+02	1.120287224262027394e+03
2.435000000000000284e+02	1.120082619351313042e+03
2.435625000000000284e+02	1.119640152514578403e+03
2.436250000000000284e+02	1.119110531773871116e+03
2.436875000000000284e+02	1.118876777059038886e+03
2.437500000000000284e+02	1.119184136502370166e+03
2.438125000000000284e+02	1.119903847280431137e+03
2.438750000000000284e+02	1.120423405953900556e+03
2.439375000000000284e+02	1.120301872380649911e+03
2.440000000000000284e+02	1.119486862017129397e+03
2.440625000000000284e+02	1.118391034985423630e+03
2.441250000000000284e+02	1.117328711461371086e+03
2.441875000000000284e+02	1.116422022663083908e+03
2.442500000000000284e+02	1.116036333249818881e+03
2.443125000000000284e+02	1.116488119305759483e+03
2.443750000000000284e+02	1.117489895453718418e+03
2.444375000000000284e+02	1.117996410714286867e+03
2.445000000000000284e+02	1.117760204446065245e+03
2.445625000000000284e+02	1.117081544027880227e+03
2.446250000000000284e+02	1.116584421533346358e+03
2.446875000000000284e+02	1.116390646956998125e+03
2.447500000000000284e+02	1.116754199457909181e+03
2.448125000000000284e+02	1.117334455152151349e+03
2.448750000000000284e+02	1.117673694333091589e+03
2.449375000000000284e+02	1.117622181737428036e+03
2.450000000000000284e+02	1.117678288105868432e+03
2.450625000000000284e+02	1.118129343043915014e+03
2.451250000000000284e+02	1.118431113634293979e+03
2.451875000000000284e+02	1.118062882356961609e+03
2.452500000000000284e+02	1.117137992825256333e+03
2.453125000000000284e+02	1.116458960664177539e+03
2.453750000000000284e+02	1.116182324959002472e+03
2.454375000000000284e+02	1.116001822931852303e+03
2.455000000000000284e+02	1.115721378348215467e+03
2.455625000000000284e+02	1.115589207384294014e+03
2.456250000000000284e+02	1.115652600605868201e+03
2.456875000000000284e+02	1.115581377801568124e+03
2.457500000000000284e+02	1.115369203580540443e+03
2.458125000000000284e+02	1.115226880694243164e+03
2.458750000000000284e+02	1.115383883678025995e+03
2.459375000000000284e+02	1.115533674744899145e+03
2.460000000000000284e+02	1.115594895043732777e+03
2.460625000000000284e+02	1.115523573387391707e+03
2.461250000000000284e+02	1.115496769679301451e+03
2.461875000000000284e+02	1.115543824116254655e+03
2.462500000000000284e+02	1.115828654359512711e+03
2.463125000000000284e+02	1.115858162900875868e+03
2.463750000000000284e+02	1.115256394292092864e+03
2.464375000000000284e+02	1.114219349353134930e+03
2.465000000000000284e+02	1.113643929186407604e+03
2.465625000000000284e+02	1.113521393381014150e+03
2.466250000000000284e+02	1.113516384293003739e+03
2.466875000000000284e+02	1.113450091631742907e+03
2.467500000000000284e+02	1.113648868394680449e+03
2.468125000000000284e+02	1.113813918709002564e+03
2.468750000000000284e+02	1.113780950573980817e+03
2.469375000000000284e+02	1.113854185951167437e+03
2.470000000000000284e+02	1.114405002459913476e+03
2.470625000000000284e+02	1.114781918002916427e+03
2.471250000000000284e+02	1.114572560062865477e+03
2.471875000000000284e+02	1.114176188843842056e+03
2.472500000000000284e+02	1.114162144246538901e+03
2.473125000000000284e+02	1.114291563843842141e+03
2.473750000000000284e+02	1.114339004259294143e+03
2.474375000000000284e+02	1.114141687773324520e+03
2.475000000000000284e+02	1.113561516399417769e+03
2.475625000000000284e+02	1.112804550655977664e+03
2.476250000000000284e+02	1.112505420348944426e+03
2.476875000000000284e+02	1.112809298469388978e+03
2.477500000000000284e+02	1.112921609397777956e+03
2.478125000000000284e+02	1.112224351357508340e+03
2.478750000000000284e+02	1.110990908801021305e+03
2.479375000000000284e+02	1.110091803753645308e+03
2.480000000000000284e+02	1.110147688411079798e+03
2.480625000000000284e+02	1.111063010340744313e+03
2.481250000000000284e+02	1.112177483190598650e+03
2.481875000000000284e+02	1.112709310586735683e+03
2.482500000000000284e+02	1.112803877095481994e+03
2.483125000000000284e+02	1.112846532183856652e+03
2.483750000000000284e+02	1.112872123018404636e+03
2.484375000000000284e+02	1.112413744533528643e+03
2.485000000000000284e+02	1.111923480070154255e+03
2.485625000000000284e+02	1.111678806054119150e+03
2.486250000000000284e+02	1.111563697476312882e+03
2.486875000000000284e+02	1.111448639987245997e+03
2.487500000000000284e+02	1.112036936019498171e+03
2.488125000000000284e+02	1.112763570563047551e+03
2.488750000000000284e+02	1.112580295030066736e+03
2.489375000000000284e+02	1.111282149621903500e+03
2.490000000000000284e+02	1.110221075027333427e+03
2.490625000000000284e+02	1.109875666590744459e+03
2.491250000000000284e+02	1.110304715174017247e+03
2.491875000000000284e+02	1.111100655430030201e+03
2.492500000000000284e+02	1.111958833887574201e+03
2.493125000000000284e+02	1.112158744624636711e+03
2.493750000000000284e+02	1.111795257812501177e+03
2.494375000000000284e+02	1.111180218340015472e+03
2.495000000000000284e+02	1.110500933855686299e+03
2.495625000000000284e+02	1.109740795986699595e+03
2.496250000000000284e+02	1.109287557602953029e+03
2.496875000000000284e+02	1.109437186520591467e+03
2.497500000000000284e+02	1.109855417114614738e+03
2.498125000000000284e+02	1.110099610217748932e+03
2.498750000000000284e+02	1.110121231300110594e+03
2.499375000000000284e+02	1.110043371082362683e+03
2.500000000000000284e+02	1.109705255785350801e+03
2.500625000000000284e+02	1.108984714262938269e+03
2.501250000000000284e+02	1.108216037126458559e+03
2.501875000000000284e+02	1.107871016627187601e+03
2.502500000000000284e+02	1.108101616504191952e+03
2.503125000000000284e+02	1.108609510477406047e+03
2.503750000000000284e+02	1.108956174312136227e+03
2.504375000000000284e+02	1.108912198341837666e+03
2.505000000000000284e+02	1.108620869784075239e+03
2.505625000000000284e+02	1.108389788606961702e+03
2.506250000000000284e+02	1.108121519656524470e+03
2.506875000000000284e+02	1.107565902810678836e+03
2.507500000000000284e+02	1.106888577236699120e+03
2.508125000000000284e+02	1.106850979660168605e+03
2.508750000000000284e+02	1.107394485741619292e+03
2.509375000000000284e+02	1.107619387777879865e+03
2.510000000000000284e+02	1.107049891467748694e+03
2.510625000000000284e+02	1.106665670098397186e+03
2.511250000000000284e+02	1.107005685951167379e+03
2.511875000000000284e+02	1.107595983008383200e+03
2.512500000000000284e+02	1.107848728862974667e+03
2.513125000000000284e+02	1.107963376548834731e+03
2.513750000000000284e+02	1.108029967747814453e+03
2.514375000000000284e+02	1.107892228999636700e+03
2.515000000000000284e+02	1.107588832498178817e+03
2.515625000000000284e+02	1.107232533322704967e+03
2.516250000000000284e+02	1.106893920303390132e+03
2.516875000000000284e+02	1.106603039950802668e+03
2.517500000000000284e+02	1.106463433787355143e+03
2.518125000000000284e+02	1.106249696588011147e+03
2.518750000000000284e+02	1.105765339217384508e+03
2.519375000000000284e+02	1.105338879623725688e+03
2.520000000000000284e+02	1.105456325118441328e+03
2.520625000000000284e+02	1.105997776261845047e+03
2.521250000000000284e+02	1.106201415611334824e+03
2.521875000000000284e+02	1.105967363953171571e+03
2.522500000000000284e+02	1.105837851220846460e+03
2.523125000000000284e+02	1.106215976630831847e+03
2.523750000000000284e+02	1.106737804869716456e+03
2.524375000000000284e+02	1.106976136092384422e+03
2.525000000000000284e+02	1.106899018927661473e+03
2.525625000000000284e+02	1.106572644610970428e+03
2.526250000000000284e+02	1.106150960709731180e+03
2.526875000000000284e+02	1.105616210003645392e+03
2.527500000000000284e+02	1.105218183331815908e+03
2.528125000000000284e+02	1.105031694105321776e+03
2.528750000000000284e+02	1.105156913105868398e+03
2.529375000000000284e+02	1.105138107438958741e+03
2.530000000000000284e+02	1.104853837964651120e+03
2.530625000000000284e+02	1.104485168800110387e+03
2.531250000000000284e+02	1.104309406728317299e+03
2.531875000000000284e+02	1.104126426179847840e+03
2.532500000000000284e+02	1.104068624772231260e+03
2.533125000000000284e+02	1.104447935404519967e+03
2.533750000000000284e+02	1.105056792023506887e+03
2.534375000000000284e+02	1.105311094478864106e+03
2.535000000000000284e+02	1.105232325983965893e+03
2.535625000000000284e+02	1.105086135067420855e+03
2.536250000000000284e+02	1.104875695676932537e+03
2.536875000000000284e+02	1.104425652924563792e+03
2.537500000000000284e+02	1.103981493668004077e+03
2.538125000000000284e+02	1.103632713146867218e+03
2.538750000000000284e+02	1.103456149986334822e+03
2.539375000000000284e+02	1.103458893882107532e+03
2.540000000000000284e+02	1.103875881787537764e+03
2.540625000000000284e+02	1.104495025624089749e+03
2.541250000000000284e+02	1.104830825778973121e+03
2.541875000000000284e+02	1.104512814026057640e+03
2.542500000000000284e+02	1.103837541750183391e+03
2.543125000000000284e+02	1.103243201234512526e+03
2.543750000000000284e+02	1.102765857302296808e+03
2.544375000000000284e+02	1.102293312135569522e+03
2.545000000000000284e+02	1.101852287650329345e+03
2.545625000000000284e+02	1.101712701439505508e+03
2.546250000000000284e+02	1.101741438684403192e+03
2.546875000000000284e+02	1.101633798423834833e+03
2.547500000000000284e+02	1.100949854614614651e+03
2.548125000000000284e+02	1.100232166772959999e+03
2.548750000000000284e+02	1.100236141513302755e+03
2.549375000000000284e+02	1.101291184151786865e+03
2.550000000000000284e+02	1.102384346893222528e+03
2.550625000000000284e+02	1.102754626161626447e+03
2.551250000000000284e+02	1.102194980275146918e+03
2.551875000000000284e+02	1.101430707612063998e+03
2.552500000000000284e+02	1.100944517082727089e+03
2.553125000000000284e+02	1.100971385021866809e+03
2.553750000000000284e+02	1.101145155111152462e+03
2.554375000000000284e+02	1.101212704149964338e+03
2.555000000000000284e+02	1.101082774986334925e+03
2.555625000000000284e+02	1.100947583659804422e+03
2.556250000000000284e+02	1.101038663493076911e+03
2.556875000000000284e+02	1.101288385477406337e+03
2.557500000000000284e+02	1.101490391171648298e+03
2.558125000000000284e+02	1.101354142014396075e+03
2.558750000000000284e+02	1.100835414267493661e+03
2.559375000000000284e+02	1.100078846665452602e+03
2.560000000000000000e+02	1.099637024986334836e+03
2.560625000000000000e+02	1.099871420758929617e+03
2.561250000000000000e+02	1.100418127391582857e+03
2.561875000000000000e+02	1.100730885682399048e+03
2.562500000000000000e+02	1.100761068080358200e+03
2.563125000000000000e+02	1.101041129692056529e+03
2.563750000000000000e+02	1.101457846050474927e+03
2.564375000000000000e+02	1.101540964171830183e+03
2.565000000000000000e+02	1.100988849717566609e+03
2.565625000000000000e+02	1.100213014212828966e+03
2.566250000000000000e+02	1.099539134702989259e+03
2.566875000000000000e+02	1.099065402309585352e+03
2.567500000000000000e+02	1.098874052387027177e+03
2.568125000000000000e+02	1.099139068012026883e+03
2.568750000000000000e+02	1.099826710960277524e+03
2.569375000000000000e+02	1.100331722644862111e+03
2.570000000000000000e+02	1.100084860992165659e+03
2.570625000000000000e+02	1.099169232894498009e+03
2.571250000000000000e+02	1.098401867620263374e+03
2.571875000000000000e+02	1.098339592132836060e+03
2.572500000000000000e+02	1.098940355981232869e+03
2.573125000000000000e+02	1.099538584753098803e+03
2.573750000000000000e+02	1.099440115502005256e+03
2.574375000000000000e+02	1.098483182853499557e+03
2.575000000000000000e+02	1.097538222234877139e+03
2.575625000000000000e+02	1.097401588602406264e+03
2.576250000000000000e+02	1.097799440483783883e+03
2.576875000000000000e+02	1.097778821200802668e+03
2.577500000000000000e+02	1.097417046715562265e+03
2.578125000000000000e+02	1.097468490342566611e+03
2.578750000000000000e+02	1.097973124225584115e+03
2.579375000000000000e+02	1.097991157844388908e+03
2.580000000000000000e+02	1.097535491618077003e+03
2.580625000000000000e+02	1.097482436885022707e+03
2.581250000000000000e+02	1.097946577601130684e+03
2.581875000000000000e+02	1.097977958523142661e+03
2.582500000000000000e+02	1.097348854250183422e+03
2.583125000000000000e+02	1.096743047102770788e+03
2.583750000000000000e+02	1.096529523551385637e+03
2.584375000000000000e+02	1.096588791066874137e+03
2.585000000000000000e+02	1.096854149713011338e+03
2.585625000000000000e+02	1.097192672034439738e+03
2.586250000000000000e+02	1.097369724694789511e+03
2.586875000000000000e+02	1.097267701120627635e+03
2.587500000000000000e+02	1.097118848237063730e+03
2.588125000000000000e+02	1.096929573546830397e+03
2.588750000000000000e+02	1.096742781295554778e+03
2.589375000000000000e+02	1.096623718590562248e+03
2.590000000000000000e+02	1.096859930507471745e+03
2.590625000000000000e+02	1.097016408345482205e+03
2.591250000000000000e+02	1.096488704901604706e+03
2.591875000000000000e+02	1.095364482302297120e+03
2.592500000000000000e+02	1.094714813843842194e+03
2.593125000000000000e+02	1.094951923628827672e+03
2.593750000000000000e+02	1.095633169847850922e+03
2.594375000000000000e+02	1.096053550268769186e+03
2.595000000000000000e+02	1.096042316463193401e+03
2.595625000000000000e+02	1.095676431464104553e+03
2.596250000000000000e+02	1.095537514964468983e+03
2.596875000000000000e+02	1.095763210254192018e+03
2.597500000000000000e+02	1.096075316713739994e+03
2.598125000000000000e+02	1.095894266923288114e+03
2.598750000000000000e+02	1.095508704377734375e+03
2.599375000000000000e+02	1.095279512777879972e+03
2.600000000000000000e+02	1.095596381969753338e+03
2.600625000000000000e+02	1.096086809561772043e+03
2.601250000000000000e+02	1.096307472530977520e+03
2.601875000000000000e+02	1.096037084866983605e+03
2.602500000000000000e+02	1.095817469866072543e+03
2.603125000000000000e+02	1.095965372061772541e+03
2.603750000000000000e+02	1.096137456131560612e+03
2.604375000000000000e+02	1.095946576462282337e+03
2.605000000000000000e+02	1.095500690574891451e+03
2.605625000000000000e+02	1.095106320335278042e+03
2.606250000000000000e+02	1.094824799949891712e+03
2.606875000000000000e+02	1.094719740706998209e+03
2.607500000000000000e+02	1.094775531409439736e+03
2.608125000000000000e+02	1.094672937477223968e+03
2.608750000000000000e+02	1.094260497380649667e+03
2.609375000000000000e+02	1.093782698911261832e+03
2.610000000000000000e+02	1.093709456541546388e+03
2.610625000000000000e+02	1.093894595708820134e+03
2.611250000000000000e+02	1.094011537468113147e+03
2.611875000000000000e+02	1.093858737336006925e+03
2.612500000000000000e+02	1.093628198706269131e+03
2.613125000000000000e+02	1.093330761684585468e+03
2.613750000000000000e+02	1.092996304414177303e+03
2.614375000000000000e+02	1.092852180256925294e+03
2.615000000000000000e+02	1.092992434037901603e+03
2.615625000000000000e+02	1.093127194606415287e+03
2.616250000000000000e+02	1.093084839240161500e+03
2.616875000000000000e+02	1.093130917547377067e+03
2.617500000000000000e+02	1.093309131354774763e+03
2.618125000000000000e+02	1.093352271273689212e+03
2.618750000000000000e+02	1.093188395339833505e+03
2.619375000000000000e+02	1.093063178913084357e+03
2.620000000000000000e+02	1.092976606550656925e+03
2.620625000000000000e+02	1.092831441258200812e+03
2.621250000000000000e+02	1.092571318900329061e+03
2.621875000000000000e+02	1.092428683491254787e+03
2.622500000000000000e+02	1.092436129236517218e+03
2.623125000000000000e+02	1.092635507903608868e+03
2.623750000000000000e+02	1.092654755352588381e+03
2.624375000000000000e+02	1.092351530635022755e+03
2.625000000000000000e+02	1.091915302569242840e+03
2.625625000000000000e+02	1.091913332429847742e+03
2.626250000000000000e+02	1.092193775920190319e+03
2.626875000000000000e+02	1.092222488770955806e+03
2.627500000000000000e+02	1.091946204764942649e+03
2.628125000000000000e+02	1.091827614431487973e+03
2.628750000000000000e+02	1.091782280247814469e+03
2.629375000000000000e+02	1.091484355662355483e+03
2.630000000000000000e+02	1.091251483053936909e+03
2.630625000000000000e+02	1.091529468545008285e+03
2.631250000000000000e+02	1.091846451166181851e+03
2.631875000000000000e+02	1.091613685313412134e+03
2.632500000000000000e+02	1.091079196314687806e+03
2.633125000000000000e+02	1.090789790451895897e+03
2.633750000000000000e+02	1.090659193877552070e+03
2.634375000000000000e+02	1.090394740524782264e+03
2.635000000000000000e+02	1.090106687249454353e+03
2.635625000000000000e+02	1.090135746970664059e+03
2.636250000000000000e+02	1.090650483304483487e+03
2.636875000000000000e+02	1.091293107051750212e+03
2.637500000000000000e+02	1.091510124772231393e+03
2.638125000000000000e+02	1.091155833819243071e+03
2.638750000000000000e+02	1.090749032320518381e+03
2.639375000000000000e+02	1.090654738315416353e+03
2.640000000000000000e+02	1.090670182124636540e+03
2.640625000000000000e+02	1.090496214149053458e+03
2.641250000000000000e+02	1.090220074389578485e+03
2.641875000000000000e+02	1.090093712850766224e+03
2.642500000000000000e+02	1.090104847849855105e+03
2.643125000000000000e+02	1.090129832338740016e+03
2.643750000000000000e+02	1.090075903175110170e+03
2.644375000000000000e+02	1.089936037490890158e+03
2.645000000000000000e+02	1.089667624772231193e+03
2.645625000000000000e+02	1.089654286238157056e+03
2.646250000000000000e+02	1.090082603862974793e+03
2.646875000000000000e+02	1.090758283231597261e+03
2.647500000000000000e+02	1.091135774462464724e+03
2.648125000000000000e+02	1.091173916977953013e+03
2.648750000000000000e+02	1.090666144451531636e+03
2.649375000000000000e+02	1.089513072635751996e+03
2.650000000000000000e+02	1.088106218818332081e+03
2.650625000000000000e+02	1.087518855958455788e+03
2.651250000000000000e+02	1.088098112290452718e+03
2.651875000000000000e+02	1.089143925815416424e+03
2.652500000000000000e+02	1.089699907024417826e+03
2.653125000000000000e+02	1.089540583432034509e+03
2.653750000000000000e+02	1.088819944264760579e+03
2.654375000000000000e+02	1.087879681555212301e+03
2.655000000000000000e+02	1.087222778676203689e+03
2.655625000000000000e+02	1.087184160919279293e+03
2.656250000000000000e+02	1.087449822817967515e+03
2.656875000000000000e+02	1.087675310131196511e+03
2.657500000000000000e+02	1.087881240000911930e+03
2.658125000000000000e+02	1.088212965515671613e+03
2.658750000000000000e+02	1.088575233031159769e+03
2.659375000000000000e+02	1.088890013096757457e+03
2.660000000000000000e+02	1.088941980138484723e+03
2.660625000000000000e+02	1.088493013848397595e+03
2.661250000000000000e+02	1.087839896888667226e+03
2.661875000000000000e+02	1.087463869647413503e+03
2.662500000000000000e+02	1.087606257561954180e+03
2.663125000000000000e+02	1.087728650419097221e+03
2.663750000000000000e+02	1.087703888461188853e+03
2.664375000000000000e+02	1.087392832748725368e+03
2.665000000000000000e+02	1.087104049198251687e+03
2.665625000000000000e+02	1.086773607530066329e+03
2.666250000000000000e+02	1.086638246606232769e+03
2.666875000000000000e+02	1.086581697362428258e+03
2.667500000000000000e+02	1.086601323797377290e+03
2.668125000000000000e+02	1.086464065825438183e+03
2.668750000000000000e+02	1.086210696314687539e+03
2.669375000000000000e+02	1.086020824549017107e+03
2.670000000000000000e+02	1.086222584912537513e+03
2.670625000000000000e+02	1.086640368827442671e+03
2.671250000000000000e+02	1.086749089331269261e+03
2.671875000000000000e+02	1.086353214650146583e+03
2.672500000000000000e+02	1.086060225605868254e+03
2.673125000000000000e+02	1.086297911306488004e+03
2.673750000000000000e+02	1.086694716882289640e+03
2.674375000000000000e+02	1.086793088579629284e+03
2.675000000000000000e+02	1.086648838647960247e+03
2.675625000000000000e+02	1.086551359124454393e+03
2.676250000000000000e+02	1.086573602473579740e+03
2.676875000000000000e+02	1.086804462691327672e+03
2.677500000000000000e+02	1.086953538561407640e+03
2.678125000000000000e+02	1.086867694811407546e+03
2.678750000000000000e+02	1.086617795576713888e+03
2.679375000000000000e+02	1.086394150669643750e+03
2.680000000000000000e+02	1.085876150145773636e+03
2.680625000000000000e+02	1.085157090060132077e+03
2.681250000000000000e+02	1.084803552865343136e+03
2.681875000000000000e+02	1.085035990502005234e+03
2.682500000000000000e+02	1.085301756969753114e+03
2.683125000000000000e+02	1.085128181828536071e+03
2.683750000000000000e+02	1.084770335345299600e+03
2.684375000000000000e+02	1.084384382653062175e+03
2.685000000000000000e+02	1.083904646752005419e+03
2.685625000000000000e+02	1.083287221437683229e+03
2.686250000000000000e+02	1.083097443057581131e+03
2.686875000000000000e+02	1.083544389349490984e+03
2.687500000000000000e+02	1.084416234898871153e+03
2.688125000000000000e+02	1.085064252391582613e+03
2.688750000000000000e+02	1.085191775692420606e+03
2.689375000000000000e+02	1.084609234579993426e+03
2.690000000000000000e+02	1.083794963966837486e+03
2.690625000000000000e+02	1.083271987495445501e+03
2.691250000000000000e+02	1.083340785919279369e+03
2.691875000000000000e+02	1.083602389508929718e+03
2.692500000000000000e+02	1.084045867848033140e+03
2.693125000000000000e+02	1.084562050337100118e+03
2.693750000000000000e+02	1.084724644451531731e+03
2.694375000000000000e+02	1.083997175747085521e+03
2.695000000000000000e+02	1.082861488679847753e+03
2.695625000000000000e+02	1.082133481482326033e+03
2.696250000000000000e+02	1.082246471733783892e+03
2.696875000000000000e+02	1.082931214376822936e+03
2.697500000000000000e+02	1.083570824799563979e+03
2.698125000000000000e+02	1.083589767469935623e+03
2.698750000000000000e+02	1.083159985217748726e+03
2.699375000000000000e+02	1.082922243098579656e+03
2.700000000000000000e+02	1.083106270613156994e+03
2.700625000000000000e+02	1.083273834297559461e+03
2.701250000000000000e+02	1.083114811634476155e+03
2.701875000000000000e+02	1.082883600810861026e+03
2.702500000000000000e+02	1.082872743713557838e+03
2.703125000000000000e+02	1.082948879373178897e+03
2.703750000000000000e+02	1.082730892173834718e+03
2.704375000000000000e+02	1.082290905817238581e+03
2.705000000000000000e+02	1.082037881878645067e+03
2.705625000000000000e+02	1.082278681259111863e+03
2.706250000000000000e+02	1.082791126844935434e+03
2.706875000000000000e+02	1.083013920918368285e+03
2.707500000000000000e+02	1.082505528243440949e+03
2.708125000000000000e+02	1.081453432466290906e+03
2.708750000000000000e+02	1.080815474945336518e+03
2.709375000000000000e+02	1.081207659051568271e+03
2.710000000000000000e+02	1.082067199549017005e+03
2.710625000000000000e+02	1.082264090675110310e+03
2.711250000000000000e+02	1.081766407889942911e+03
2.711875000000000000e+02	1.081360894633747421e+03
2.712500000000000000e+02	1.081549554778608808e+03
2.713125000000000000e+02	1.082171758814687564e+03
2.713750000000000000e+02	1.082864188319972072e+03
2.714375000000000000e+02	1.082849802819789829e+03
2.715000000000000000e+02	1.081948175952078145e+03
2.715625000000000000e+02	1.080911674129920812e+03
2.716250000000000000e+02	1.080855130033710793e+03
2.716875000000000000e+02	1.081439545918368367e+03
2.717500000000000000e+02	1.081967695335277767e+03
2.718125000000000000e+02	1.081834440324344996e+03
2.718750000000000000e+02	1.081199137550110208e+03
2.719375000000000000e+02	1.080225294528973336e+03
2.720000000000000000e+02	1.079518764121721006e+03
2.720625000000000000e+02	1.079458268312683231e+03
2.721250000000000000e+02	1.079973471483237063e+03
2.721875000000000000e+02	1.080382855594024022e+03
2.722500000000000000e+02	1.080255333910350600e+03
2.723125000000000000e+02	1.079930330676021413e+03
2.723750000000000000e+02	1.079897420531159923e+03
2.724375000000000000e+02	1.079931047899964597e+03
2.725000000000000000e+02	1.079596944105321654e+03
2.725625000000000000e+02	1.079086321223579716e+03
2.726250000000000000e+02	1.079059224193696309e+03
2.726875000000000000e+02	1.079422130990343476e+03
2.727500000000000000e+02	1.079659323091291071e+03
2.728125000000000000e+02	1.079541026831269164e+03
2.728750000000000000e+02	1.079543720822704927e+03
2.729375000000000000e+02	1.079670770749818757e+03
2.730000000000000000e+02	1.079531402286808543e+03
2.730625000000000000e+02	1.078947119077989328e+03
2.731250000000000000e+02	1.078367074161808659e+03
2.731875000000000000e+02	1.078057655270591567e+03
2.732500000000000000e+02	1.077897939572705127e+03
2.733125000000000000e+02	1.077794278881196306e+03
2.733750000000000000e+02	1.077957459343112987e+03
2.734375000000000000e+02	1.078394165246903185e+03
2.735000000000000000e+02	1.078605465287901779e+03
2.735625000000000000e+02	1.078217808491254800e+03
2.736250000000000000e+02	1.077665450391764807e+03
2.736875000000000000e+02	1.077579198774600172e+03
2.737500000000000000e+02	1.077937573524053505e+03
2.738125000000000000e+02	1.078122027172923481e+03
2.738750000000000000e+02	1.077821643176021098e+03
2.739375000000000000e+02	1.077203973829264896e+03
2.740000000000000000e+02	1.076807129760387397e+03
2.740625000000000000e+02	1.076870793207909173e+03
2.741250000000000000e+02	1.077126980958455988e+03
2.741875000000000000e+02	1.077083503006560932e+03
2.742500000000000000e+02	1.076983872813412063e+03
2.743125000000000000e+02	1.077301475901968843e+03
2.743750000000000000e+02	1.077887050473761747e+03
2.744375000000000000e+02	1.078091472303207865e+03
2.745000000000000000e+02	1.078006159279337453e+03
2.745625000000000000e+02	1.078015509156341977e+03
2.746250000000000000e+02	1.078169788584184516e+03
2.746875000000000000e+02	1.078105228840197924e+03
2.747500000000000000e+02	1.077761027150146674e+03
2.748125000000000000e+02	1.077052111037719442e+03
2.748750000000000000e+02	1.076178888506743078e+03
2.749375000000000000e+02	1.075557850993076954e+03
2.750000000000000000e+02	1.075677136046830583e+03
2.750625000000000000e+02	1.076169391763849490e+03
2.751250000000000000e+02	1.076275693604228309e+03
2.751875000000000000e+02	1.075661605343477731e+03
2.752500000000000000e+02	1.075062758951349224e+03
2.753125000000000000e+02	1.075172913310861077e+03
2.753750000000000000e+02	1.075756324754009711e+03
2.754375000000000000e+02	1.076006519474308561e+03
2.755000000000000000e+02	1.075644994966291051e+03
2.755625000000000000e+02	1.075220006992529989e+03
2.756250000000000000e+02	1.075157579992712272e+03
2.756875000000000000e+02	1.075418722394315864e+03
2.757500000000000000e+02	1.075584088534075363e+03
2.758125000000000000e+02	1.075547689846028561e+03
2.758750000000000000e+02	1.075245131400328773e+03
2.759375000000000000e+02	1.074760239932581044e+03
2.760000000000000000e+02	1.074379971961553338e+03
2.760625000000000000e+02	1.074661490638667146e+03
2.761250000000000000e+02	1.075547247653973272e+03
2.761875000000000000e+02	1.076257474717566311e+03
2.762500000000000000e+02	1.076160973601495243e+03
2.763125000000000000e+02	1.075719529678390245e+03
2.763750000000000000e+02	1.075440067100948681e+03
2.764375000000000000e+02	1.075227763347304062e+03
2.765000000000000000e+02	1.074790607028973227e+03
2.765625000000000000e+02	1.074491245740708109e+03
2.766250000000000000e+02	1.074589457839833358e+03
2.766875000000000000e+02	1.074845067237610465e+03
2.767500000000000000e+02	1.075029175291545926e+03
2.768125000000000000e+02	1.075075691964286534e+03
2.768750000000000000e+02	1.074957021524235643e+03
2.769375000000000000e+02	1.074563764098943921e+03
2.770000000000000000e+02	1.074218094524417893e+03
2.770625000000000000e+02	1.074068441599855305e+03
2.771250000000000000e+02	1.074000831837646729e+03
2.771875000000000000e+02	1.073790064709366789e+03
2.772500000000000000e+02	1.073546658641582326e+03
2.773125000000000000e+02	1.073420421624454093e+03
2.773750000000000000e+02	1.073486661465926545e+03
2.774375000000000000e+02	1.073751655976677284e+03
2.775000000000000000e+02	1.074141181577989300e+03
2.775625000000000000e+02	1.074470318763667137e+03
2.776250000000000000e+02	1.074627119670190496e+03
2.776875000000000000e+02	1.074613301749272068e+03
2.777500000000000000e+02	1.074486446291910397e+03
2.778125000000000000e+02	1.074374400077442715e+03
2.778750000000000000e+02	1.074322609375000866e+03
2.779375000000000000e+02	1.074237966107872580e+03
2.780000000000000000e+02	1.073913592656706442e+03
2.780625000000000000e+02	1.073529246036808672e+03
2.781250000000000000e+02	1.073209782092748810e+03
2.781875000000000000e+02	1.073061831313776565e+03
2.782500000000000000e+02	1.073189079742165859e+03
2.783125000000000000e+02	1.073775474899782466e+03
2.783750000000000000e+02	1.074475334707544789e+03
2.784375000000000000e+02	1.074620458910350862e+03
2.785000000000000000e+02	1.074021662080904662e+03
2.785625000000000000e+02	1.073012403698980052e+03
2.786250000000000000e+02	1.072281755307034246e+03
2.786875000000000000e+02	1.072161976835824589e+03
2.787500000000000000e+02	1.072593087167457270e+03
2.788125000000000000e+02	1.073006222644862646e+03
2.788750000000000000e+02	1.073157505557581317e+03
2.789375000000000000e+02	1.073057676840379827e+03
2.790000000000000000e+02	1.072852449936225639e+03
2.790625000000000000e+02	1.072517525578535924e+03
2.791250000000000000e+02	1.072082671875000869e+03
2.791875000000000000e+02	1.071728845048288122e+03
2.792500000000000000e+02	1.071765204127187644e+03
2.793125000000000000e+02	1.072298646501458506e+03
2.793750000000000000e+02	1.072866935655066300e+03
2.794375000000000000e+02	1.072949743371903196e+03
2.795000000000000000e+02	1.072702792911808501e+03
2.795625000000000000e+02	1.072725256127005196e+03
2.796250000000000000e+02	1.072991865046466046e+03
2.796875000000000000e+02	1.073076587668550474e+03
2.797500000000000000e+02	1.072918253302661242e+03
2.798125000000000000e+02	1.072937533277151033e+03
2.798750000000000000e+02	1.073203768244352432e+03
2.799375000000000000e+02	1.073689765283346787e+03
2.800000000000000000e+02	1.074209048697158551e+03
2.800625000000000000e+02	1.074596962235788169e+03
2.801250000000000000e+02	1.074663930689687504e+03
2.801875000000000000e+02	1.074685166249089889e+03
2.802500000000000000e+02	1.074730861652697968e+03
2.803125000000000000e+02	1.074613665656888770e+03
2.803750000000000000e+02	1.074181188456633663e+03
2.804375000000000000e+02	1.073826307602952966e+03
2.805000000000000000e+02	1.073954895544826286e+03
2.805625000000000000e+02	1.074665661648142304e+03
2.806250000000000000e+02	1.075442035623178981e+03
2.806875000000000000e+02	1.075704561953353732e+03
2.807500000000000000e+02	1.075415896774782141e+03
2.808125000000000000e+02	1.075104892788812776e+03
2.808750000000000000e+02	1.075071005284257581e+03
2.809375000000000000e+02	1.075221215606779197e+03
2.810000000000000000e+02	1.075566457019862355e+03
2.810625000000000000e+02	1.076127971278244559e+03
2.811250000000000000e+02	1.076758099535350993e+03
2.811875000000000000e+02	1.077194250683309974e+03
2.812500000000000000e+02	1.077503402332362384e+03
2.813125000000000000e+02	1.078035019246538923e+03
2.813750000000000000e+02	1.079146861265489406e+03
2.814375000000000000e+02	1.080679514395044635e+03
2.815000000000000000e+02	1.081975594159986258e+03
2.815625000000000000e+02	1.082710066987063783e+03
2.816250000000000000e+02	1.083348574662901910e+03
2.816875000000000000e+02	1.084630312841655496e+03
2.817500000000000000e+02	1.086803161716473369e+03
2.818125000000000000e+02	1.089555417410715336e+03
2.818750000000000000e+02	1.092560162604775314e+03
2.819375000000000000e+02	1.095741059561772317e+03
2.820000000000000000e+02	1.099375152036262079e+03
2.820625000000000000e+02	1.103441301885934081e+03
2.821250000000000000e+02	1.108148896865890265e+03
2.821875000000000000e+02	1.113886028767311473e+03
2.822500000000000000e+02	1.120889924744898963e+03
2.823125000000000000e+02	1.128247210276968872e+03
2.823750000000000000e+02	1.135240806008565187e+03
2.824375000000000000e+02	1.142285269428754873e+03
2.825000000000000000e+02	1.150437606983419528e+03
2.825625000000000000e+02	1.159958758700802719e+03
2.826250000000000000e+02	1.170241132356961543e+03
2.826875000000000000e+02	1.180485282889942482e+03
2.827500000000000000e+02	1.190285645954811571e+03
2.828125000000000000e+02	1.200232438843842374e+03
2.828750000000000000e+02	1.211313092702260519e+03
2.829375000000000000e+02	1.223616609397778120e+03
2.830000000000000000e+02	1.235884398870263340e+03
2.830625000000000000e+02	1.247365833933127988e+03
2.831250000000000000e+02	1.258307805302479210e+03
2.831875000000000000e+02	1.268984141080540439e+03
2.832500000000000000e+02	1.279049869191874222e+03
2.833125000000000000e+02	1.288556912103681952e+03
2.833750000000000000e+02	1.297877256924199401e+03
2.834375000000000000e+02	1.307071113201531944e+03
2.835000000000000000e+02	1.315832539609148398e+03
2.835625000000000000e+02	1.323663357438959110e+03
2.836250000000000000e+02	1.330330534438776795e+03
2.836875000000000000e+02	1.336477468021138066e+03
2.837500000000000000e+02	1.343148150419097419e+03
2.838125000000000000e+02	1.350115537969206798e+03
2.838750000000000000e+02	1.355905895590380396e+03
2.839375000000000000e+02	1.359779419938959109e+03
2.840000000000000000e+02	1.362070081587100731e+03
2.840625000000000000e+02	1.363250211711918155e+03
2.841250000000000000e+02	1.363365345845482125e+03
2.841875000000000000e+02	1.362728115137573923e+03
2.842500000000000000e+02	1.361467643631561032e+03
2.843125000000000000e+02	1.359333585550292810e+03
2.843750000000000000e+02	1.355945364682034779e+03
2.844375000000000000e+02	1.351435384088011460e+03
2.845000000000000000e+02	1.346005132812501415e+03
2.845625000000000000e+02	1.339596997631196700e+03
2.846250000000000000e+02	1.332834973829264982e+03
2.846875000000000000e+02	1.326931205266036159e+03
2.847500000000000000e+02	1.322163038014760559e+03
2.848125000000000000e+02	1.316979058536808679e+03
2.848750000000000000e+02	1.310957556145227045e+03
2.849375000000000000e+02	1.305436990638667339e+03
2.850000000000000000e+02	1.301569517697705123e+03
2.850625000000000000e+02	1.298081827646684815e+03
2.851250000000000000e+02	1.293655091198980926e+03
2.851875000000000000e+02	1.288710667820701019e+03
2.852500000000000000e+02	1.285261524690234410e+03
2.853125000000000000e+02	1.284208264326714016e+03
2.853750000000000000e+02	1.284166802318696682e+03
2.854375000000000000e+02	1.282432943604228512e+03
2.855000000000000000e+02	1.277930628484877388e+03
2.855625000000000000e+02	1.272178358145044967e+03
2.856250000000000000e+02	1.267611944105321754e+03
2.856875000000000000e+02	1.265102718317238669e+03
2.857500000000000000e+02	1.264038542820700741e+03
2.858125000000000000e+02	1.263371094410533033e+03
2.858750000000000000e+02	1.262631660281524319e+03
2.859375000000000000e+02	1.261784810882836382e+03
2.860000000000000000e+02	1.261126170622268091e+03
2.860625000000000000e+02	1.260530925678754784e+03
2.861250000000000000e+02	1.260032223943150029e+03
2.861875000000000000e+02	1.259777129509840961e+03
2.862500000000000000e+02	1.259758664404155525e+03
2.863125000000000000e+02	1.259158098760933854e+03
2.863750000000000000e+02	1.258129955425474691e+03
2.864375000000000000e+02	1.257524054163630808e+03
2.865000000000000000e+02	1.257775220184950285e+03
2.865625000000000000e+02	1.257979250614979264e+03
2.866250000000000000e+02	1.257961197772413925e+03
2.866875000000000000e+02	1.258130530726130928e+03
2.867500000000000000e+02	1.258735639782253429e+03
2.868125000000000000e+02	1.259116269679301467e+03
2.868750000000000000e+02	1.258774588852953002e+03
2.869375000000000000e+02	1.257873775578536424e+03
2.870000000000000000e+02	1.257266455288813404e+03
2.870625000000000000e+02	1.257626453808310316e+03
2.871250000000000000e+02	1.258537172786079964e+03
2.871875000000000000e+02	1.259368416362975040e+03
2.872500000000000000e+02	1.260024048401057826e+03
2.873125000000000000e+02	1.260812506218113413e+03
2.873750000000000000e+02	1.261212100150329206e+03
2.874375000000000000e+02	1.261035500956633769e+03
2.875000000000000000e+02	1.261177261730139662e+03
2.875625000000000000e+02	1.262932517014396353e+03
2.876250000000000000e+02	1.265734999817785592e+03
2.876875000000000000e+02	1.268105646478682047e+03
2.877500000000000000e+02	1.269346974899782481e+03
2.878125000000000000e+02	1.270261277036262072e+03
2.878750000000000000e+02	1.271196933126823296e+03
2.879375000000000000e+02	1.272217146137027157e+03
2.880000000000000000e+02	1.273524317351495029e+03
2.880625000000000000e+02	1.275810786716473558e+03
2.881250000000000000e+02	1.278932507151969048e+03
2.881875000000000000e+02	1.282022946997996769e+03
2.882500000000000000e+02	1.284102074845117841e+03
2.883125000000000000e+02	1.285308503598762400e+03
2.883750000000000000e+02	1.286767005170373068e+03
2.884375000000000000e+02	1.289433217702260663e+03
2.885000000000000000e+02	1.293132341176203681e+03
2.885625000000000000e+02	1.297373012231232906e+03
2.886250000000000000e+02	1.301972773300839208e+03
2.886875000000000000e+02	1.306774686543368716e+03
2.887500000000000000e+02	1.311157549653791193e+03
2.888125000000000000e+02	1.314800386730139735e+03
2.888750000000000000e+02	1.318014435131196478e+03
2.889375000000000000e+02	1.321532650692421157e+03
2.890000000000000000e+02	1.325770717975584148e+03
2.890625000000000000e+02	1.330912500182216945e+03
2.891250000000000000e+02	1.337048602997450189e+03
2.891875000000000000e+02	1.344171645658710986e+03
2.892500000000000000e+02	1.351934505466473638e+03
2.893125000000000000e+02	1.359585638210642628e+03
2.893750000000000000e+02	1.366409799175475200e+03
2.894375000000000000e+02	1.372563225901969190e+03
2.895000000000000000e+02	1.379128632812501337e+03
2.895625000000000000e+02	1.386778577601131019e+03
2.896250000000000000e+02	1.394495487472668628e+03
2.896875000000000000e+02	1.401236901466837935e+03
2.897500000000000000e+02	1.407670038014760848e+03
2.898125000000000000e+02	1.415371290269680685e+03
2.898750000000000000e+02	1.423754085163084255e+03
2.899375000000000000e+02	1.430798800724309103e+03
2.900000000000000000e+02	1.435864947339651735e+03
2.900625000000000000e+02	1.440865946200803137e+03
2.901250000000000000e+02	1.447518515647778486e+03
2.901875000000000000e+02	1.455328617665817546e+03
2.902500000000000000e+02	1.462378989613703880e+03
2.903125000000000000e+02	1.467723232917275254e+03
2.903750000000000000e+02	1.472058210983055233e+03
2.904375000000000000e+02	1.476104548583274209e+03
2.905000000000000000e+02	1.479942206086007445e+03
2.905625000000000000e+02	1.483314330061043620e+03
2.906250000000000000e+02	1.486254037559221615e+03
2.906875000000000000e+02	1.488429693627005690e+03
2.907500000000000000e+02	1.489782470093842448e+03
2.908125000000000000e+02	1.491134688912173488e+03
2.908750000000000000e+02	1.493647572043551008e+03
2.909375000000000000e+02	1.496960803981415665e+03
2.910000000000000000e+02	1.499261694082545091e+03
2.910625000000000000e+02	1.499957257698616559e+03
2.911250000000000000e+02	1.500238864180941619e+03
2.911875000000000000e+02	1.500946556509658421e+03
2.912500000000000000e+02	1.501366350833638307e+03
2.913125000000000000e+02	1.501076706017676088e+03
2.913750000000000000e+02	1.500314259497997227e+03
2.914375000000000000e+02	1.499237177273142834e+03
2.915000000000000000e+02	1.497811535509294345e+03
2.915625000000000000e+02	1.496537681555212657e+03
2.916250000000000000e+02	1.495747444036991055e+03
2.916875000000000000e+02	1.495452406363886439e+03
2.917500000000000000e+02	1.495223042137391985e+03
2.918125000000000000e+02	1.494872557079082526e+03
2.918750000000000000e+02	1.494256504600948574e+03
2.919375000000000000e+02	1.493283435586736005e+03
2.920000000000000000e+02	1.491773236106050945e+03
2.920625000000000000e+02	1.490263750159439951e+03
2.921250000000000000e+02	1.489389541044097541e+03
2.921875000000000000e+02	1.488528548218842388e+03
2.922500000000000000e+02	1.486785622585642841e+03
2.923125000000000000e+02	1.484535188456633932e+03
2.923750000000000000e+02	1.483107903881196762e+03
2.924375000000000000e+02	1.482895920030066918e+03
2.925000000000000000e+02	1.483326681623543664e+03
2.925625000000000000e+02	1.483382223054848055e+03
2.926250000000000000e+02	1.482405229705722832e+03
2.926875000000000000e+02	1.480959329263849895e+03
2.927500000000000000e+02	1.479783477564687928e+03
2.928125000000000000e+02	1.478590690415453537e+03
2.928750000000000000e+02	1.476555800268769872e+03
2.929375000000000000e+02	1.474319799836007405e+03
2.930000000000000000e+02	1.473176961575256428e+03
2.930625000000000000e+02	1.473307807147413769e+03
2.931250000000000000e+02	1.473632749590015919e+03
2.931875000000000000e+02	1.473160161944243328e+03
2.932500000000000000e+02	1.471839445517493914e+03
2.933125000000000000e+02	1.470241648893040519e+03
2.933750000000000000e+02	1.468937232803390316e+03
2.934375000000000000e+02	1.468166455471029167e+03
2.935000000000000000e+02	1.467542609511663386e+03
2.935625000000000000e+02	1.466729738998725907e+03
2.936250000000000000e+02	1.465850898688047891e+03
2.936875000000000000e+02	1.465694718727224426e+03
2.937500000000000000e+02	1.466363043321794521e+03
2.938125000000000000e+02	1.467291644702078656e+03
2.938750000000000000e+02	1.467602418207909523e+03
2.939375000000000000e+02	1.467084150555759607e+03
2.940000000000000000e+02	1.466257014691145741e+03
2.940625000000000000e+02	1.466048392629374575e+03
2.941250000000000000e+02	1.466638568308128242e+03
2.941875000000000000e+02	1.467226316668186882e+03
2.942500000000000000e+02	1.466937532343295970e+03
2.943125000000000000e+02	1.466128397275876068e+03
2.943750000000000000e+02	1.465723163037537915e+03
2.944375000000000000e+02	1.465896732325074481e+03
2.945000000000000000e+02	1.465744594205540579e+03
2.945625000000000000e+02	1.465248775350766664e+03
2.946250000000000000e+02	1.465216739249272450e+03
2.946875000000000000e+02	1.466097653288995616e+03
2.947500000000000000e+02	1.466860643198798698e+03
2.948125000000000000e+02	1.466953332657617921e+03
2.948750000000000000e+02	1.466522059607326582e+03
2.949375000000000000e+02	1.466202334661991472e+03
2.950000000000000000e+02	1.465656276990708648e+03
2.950625000000000000e+02	1.464954722622086138e+03
2.951250000000000000e+02	1.464509245717931663e+03
2.951875000000000000e+02	1.465174595663266700e+03
2.952500000000000000e+02	1.466244677045373010e+03
2.953125000000000000e+02	1.466340964171830819e+03
2.953750000000000000e+02	1.465006019656524813e+03
2.954375000000000000e+02	1.463759986629921059e+03
2.955000000000000000e+02	1.463699986447705214e+03
2.955625000000000000e+02	1.464114375728864161e+03
2.956250000000000000e+02	1.464190399576349591e+03
2.956875000000000000e+02	1.464072179277515943e+03
2.957500000000000000e+02	1.464127818923106133e+03
2.958125000000000000e+02	1.464217431190781099e+03
2.958750000000000000e+02	1.464492751981597621e+03
2.959375000000000000e+02	1.464839941531524346e+03
2.960000000000000000e+02	1.464657050815416596e+03
2.960625000000000000e+02	1.464269306213558139e+03
2.961250000000000000e+02	1.464797734807763845e+03
2.961875000000000000e+02	1.466205386821247885e+03
2.962500000000000000e+02	1.466670261365708257e+03
2.963125000000000000e+02	1.465760105252370295e+03
2.963750000000000000e+02	1.464736895522049508e+03
2.964375000000000000e+02	1.464375651990708320e+03
2.965000000000000000e+02	1.464236904017858478e+03
2.965625000000000000e+02	1.464345915133018480e+03
2.966250000000000000e+02	1.464650869624636925e+03
2.966875000000000000e+02	1.463830980958456166e+03
2.967500000000000000e+02	1.461622415110241946e+03
2.968125000000000000e+02	1.459847914859695265e+03
2.968750000000000000e+02	1.459890589513485338e+03
2.969375000000000000e+02	1.460401643494899190e+03
2.970000000000000000e+02	1.459967932466291359e+03
2.970625000000000000e+02	1.458900642242165986e+03
2.971250000000000000e+02	1.458511320130285640e+03
2.971875000000000000e+02	1.459201058992348408e+03
2.972500000000000000e+02	1.460122882334185078e+03
2.973125000000000000e+02	1.459718862837100687e+03
2.973750000000000000e+02	1.457917677478135602e+03
2.974375000000000000e+02	1.456492702555577125e+03
2.975000000000000000e+02	1.456692623997814508e+03
2.975625000000000000e+02	1.457408920030066838e+03
2.976250000000000000e+02	1.457178394223762098e+03
2.976875000000000000e+02	1.456077251024964880e+03
2.977500000000000000e+02	1.455150106209002843e+03
2.978125000000000000e+02	1.454766605001823791e+03
2.978750000000000000e+02	1.454534944014214034e+03
2.979375000000000000e+02	1.453691816690963378e+03
2.980000000000000000e+02	1.452232020749819185e+03
2.980625000000000000e+02	1.450767643904884835e+03
2.981250000000000000e+02	1.450123298423835195e+03
2.981875000000000000e+02	1.450088621515125396e+03
2.982500000000000000e+02	1.450073171738339624e+03
2.983125000000000000e+02	1.449730385067421366e+03
2.983750000000000000e+02	1.449677142674928291e+03
2.984375000000000000e+02	1.450183150965744744e+03
2.985000000000000000e+02	1.450505211871357005e+03
2.985625000000000000e+02	1.449635395932034726e+03
2.986250000000000000e+02	1.447886424949891762e+03
2.986875000000000000e+02	1.446077796237245821e+03
2.987500000000000000e+02	1.444627737427114880e+03
2.988125000000000000e+02	1.443647516809403442e+03
2.988750000000000000e+02	1.443631571975219913e+03
2.989375000000000000e+02	1.444241361903244524e+03
2.990000000000000000e+02	1.444890172626641061e+03
2.990625000000000000e+02	1.445344360035533555e+03
2.991250000000000000e+02	1.445751414290270986e+03
2.991875000000000000e+02	1.445050720617712614e+03
2.992500000000000000e+02	1.442810350560314873e+03
2.993125000000000000e+02	1.440457045667822058e+03
2.993750000000000000e+02	1.440077956495992566e+03
2.994375000000000000e+02	1.441280954127187897e+03
2.995000000000000000e+02	1.442220479227406486e+03
2.995625000000000000e+02	1.441886270317056642e+03
2.996250000000000000e+02	1.441025195153062441e+03
2.996875000000000000e+02	1.440413706245445837e+03
2.997500000000000000e+02	1.440245765511116588e+03
2.998125000000000000e+02	1.440031373952260765e+03
2.998750000000000000e+02	1.439394252095482443e+03
2.999375000000000000e+02	1.438504088898507234e+03
3.000000000000000000e+02	1.438103378940416860e+03
3.000625000000000000e+02	1.438333758769133965e+03
3.001250000000000000e+02	1.438694979865161713e+03
3.001875000000000000e+02	1.438993859192785521e+03
3.002500000000000000e+02	1.439466443900329523e+03
3.003125000000000000e+02	1.439713265716109390e+03
3.003750000000000000e+02	1.439254709024236035e+03
3.004375000000000000e+02	1.438359203694425560e+03
3.005000000000000000e+02	1.437536883131378772e+03
3.005625000000000000e+02	1.436591136730139851e+03
3.006250000000000000e+02	1.435503395818150238e+03
3.006875000000000000e+02	1.434605708295373006e+03
3.007500000000000000e+02	1.434117641467749081e+03
3.008125000000000000e+02	1.434021648574162782e+03
3.008750000000000000e+02	1.434745403425657059e+03
3.009375000000000000e+02	1.436006973601495474e+03
3.010000000000000000e+02	1.436268713511298756e+03
3.010625000000000000e+02	1.434063903106779890e+03
3.011250000000000000e+02	1.430236921829447510e+03
3.011875000000000000e+02	1.427425899325803130e+03
3.012500000000000000e+02	1.427486343271684746e+03
3.013125000000000000e+02	1.429462261206269432e+03
3.013750000000000000e+02	1.430571057739615071e+03
3.014375000000000000e+02	1.429435795804483860e+03
3.015000000000000000e+02	1.426888688023871509e+03
3.015625000000000000e+02	1.424399333659804370e+03
3.016250000000000000e+02	1.422819943194243251e+03
3.016875000000000000e+02	1.422813464171830674e+03
3.017500000000000000e+02	1.424012745854593049e+03
3.018125000000000000e+02	1.424643086188047619e+03
3.018750000000000000e+02	1.423460561201713972e+03
3.019375000000000000e+02	1.421388348738157219e+03
3.020000000000000000e+02	1.420084438547741684e+03
3.020625000000000000e+02	1.419709406409440135e+03
3.021250000000000000e+02	1.419221544050657485e+03
3.021875000000000000e+02	1.418174839946247857e+03
3.022500000000000000e+02	1.417210670326167474e+03
3.023125000000000000e+02	1.416864974512574463e+03
3.023750000000000000e+02	1.416509521296466573e+03
3.024375000000000000e+02	1.415534275851859775e+03
3.025000000000000000e+02	1.414324437591109017e+03
3.025625000000000000e+02	1.413542170098397492e+03
3.026250000000000000e+02	1.412929749043368702e+03
3.026875000000000000e+02	1.412287450915635418e+03
3.027500000000000000e+02	1.411778623063959003e+03
3.028125000000000000e+02	1.411353269405978153e+03
3.028750000000000000e+02	1.410384120672377321e+03
3.029375000000000000e+02	1.408836812181123605e+03
3.030000000000000000e+02	1.407191787878099149e+03
3.030625000000000000e+02	1.406138805826349653e+03
3.031250000000000000e+02	1.405775334001458987e+03
3.031875000000000000e+02	1.405896598760934239e+03
3.032500000000000000e+02	1.405923185153973691e+03
3.033125000000000000e+02	1.405520817260387503e+03
3.033750000000000000e+02	1.404547065278791479e+03
3.034375000000000000e+02	1.403279708500365814e+03
3.035000000000000000e+02	1.402022846187137020e+03
3.035625000000000000e+02	1.401056731687319143e+03
3.036250000000000000e+02	1.400433902127370175e+03
3.036875000000000000e+02	1.399737952965562499e+03
3.037500000000000000e+02	1.398481981049563956e+03
3.038125000000000000e+02	1.397120405771685000e+03
3.038750000000000000e+02	1.396894877232144154e+03
3.039375000000000000e+02	1.397985552090926831e+03
3.040000000000000000e+02	1.398930746947887656e+03
3.040625000000000000e+02	1.398250690392676233e+03
3.041250000000000000e+02	1.396046249316692411e+03
3.041875000000000000e+02	1.393619924881561019e+03
3.042500000000000000e+02	1.392075497266765069e+03
3.043125000000000000e+02	1.391427735286079951e+03
3.043750000000000000e+02	1.391061671055030047e+03
3.044375000000000000e+02	1.390561873291728716e+03
3.045000000000000000e+02	1.389892159666546604e+03
3.045625000000000000e+02	1.389199275054666032e+03
3.046250000000000000e+02	1.388839432944607324e+03
3.046875000000000000e+02	1.389010101061407795e+03
3.047500000000000000e+02	1.388989883427479526e+03
3.048125000000000000e+02	1.388217706951531909e+03
3.048750000000000000e+02	1.386981564641036130e+03
3.049375000000000000e+02	1.385959137504556793e+03
3.050000000000000000e+02	1.384992554254738934e+03
3.050625000000000000e+02	1.384154445563048057e+03
3.051250000000000000e+02	1.383610814048835209e+03
3.051875000000000000e+02	1.383225790497450362e+03
3.052500000000000000e+02	1.382715000000001510e+03
3.053125000000000000e+02	1.382262986197158625e+03
3.053750000000000000e+02	1.381977289062501313e+03
3.054375000000000000e+02	1.381372169437865978e+03
3.055000000000000000e+02	1.380614760272413605e+03
3.055625000000000000e+02	1.380052814139943166e+03
3.056250000000000000e+02	1.379396682785169105e+03
3.056875000000000000e+02	1.377523651421283830e+03
3.057500000000000000e+02	1.374842598464833827e+03
3.058125000000000000e+02	1.372644148619717043e+03
3.058750000000000000e+02	1.371436661534257837e+03
3.059375000000000000e+02	1.370222056122450340e+03
3.060000000000000000e+02	1.368564060609512808e+03
3.060625000000000000e+02	1.366838031363886103e+03
3.061250000000000000e+02	1.365615508245263754e+03
3.061875000000000000e+02	1.364712200460096028e+03
3.062500000000000000e+02	1.363907822954629410e+03
3.063125000000000000e+02	1.363252984579994063e+03
3.063750000000000000e+02	1.363265361698252036e+03
3.064375000000000000e+02	1.363375843453900870e+03
3.065000000000000000e+02	1.362256112540999766e+03
3.065625000000000000e+02	1.359730982985606261e+03
3.066250000000000000e+02	1.357929455744352481e+03
3.066875000000000000e+02	1.357914585573069417e+03
3.067500000000000000e+02	1.357845874430576714e+03
3.068125000000000000e+02	1.355879361743805703e+03
3.068750000000000000e+02	1.353173617415270655e+03
3.069375000000000000e+02	1.351543434242894818e+03
3.070000000000000000e+02	1.350880444515307317e+03
3.070625000000000000e+02	1.350293252027151311e+03
3.071250000000000000e+02	1.349707735946611820e+03
3.071875000000000000e+02	1.349088896410351026e+03
3.072500000000000000e+02	1.348084769952625265e+03
3.073125000000000000e+02	1.346748394451532022e+03
3.073750000000000000e+02	1.345220890898325024e+03
3.074375000000000000e+02	1.343303929596393573e+03
3.075000000000000000e+02	1.341107866618076969e+03
3.075625000000000000e+02	1.339490407639396381e+03
3.076250000000000000e+02	1.338466149986335267e+03
3.076875000000000000e+02	1.337572471665453349e+03
3.077500000000000000e+02	1.336832327578354125e+03
3.078125000000000000e+02	1.336668379600948811e+03
3.078750000000000000e+02	1.336252647754192367e+03
3.079375000000000000e+02	1.334760978657982378e+03
3.080000000000000000e+02	1.332360550382654083e+03
3.080625000000000000e+02	1.329978930120263385e+03
3.081250000000000000e+02	1.328444395795372884e+03
3.081875000000000000e+02	1.327980289609148258e+03
3.082500000000000000e+02	1.327730094843295774e+03
3.083125000000000000e+02	1.326404165360788284e+03
3.083750000000000000e+02	1.324190362472668767e+03
3.084375000000000000e+02	1.322445773801932773e+03
3.085000000000000000e+02	1.321828373975037721e+03
3.085625000000000000e+02	1.321573147093660054e+03
3.086250000000000000e+02	1.320651706473215427e+03
3.086875000000000000e+02	1.319008964240161731e+03
3.087500000000000000e+02	1.316908038789177681e+03
3.088125000000000000e+02	1.314869984466109145e+03
3.088750000000000000e+02	1.313374427250365670e+03
3.089375000000000000e+02	1.312965591016764847e+03
3.090000000000000000e+02	1.312920169779520165e+03
3.090625000000000000e+02	1.312268777970117753e+03
3.091250000000000000e+02	1.310828372881743007e+03
3.091875000000000000e+02	1.309374988657071071e+03
3.092500000000000000e+02	1.307926372858966261e+03
3.093125000000000000e+02	1.306153489590926711e+03
3.093750000000000000e+02	1.304417823911262076e+03
3.094375000000000000e+02	1.303745452008929988e+03
3.095000000000000000e+02	1.304217787855322058e+03
3.095625000000000000e+02	1.304681701690052250e+03
3.096250000000000000e+02	1.304333616116983649e+03
3.096875000000000000e+02	1.303595386297377217e+03
3.097500000000000000e+02	1.303078212372450253e+03
3.098125000000000000e+02	1.302409959502552283e+03
3.098750000000000000e+02	1.301257058719024371e+03
3.099375000000000000e+02	1.300029993098579780e+03
3.100000000000000000e+02	1.299386957930941435e+03
3.100625000000000000e+02	1.298792980411808685e+03
3.101250000000000000e+02	1.297450031751094457e+03
3.101875000000000000e+02	1.295327622016218356e+03
3.102500000000000000e+02	1.293676769884294117e+03
3.103125000000000000e+02	1.293030892697704985e+03
3.103750000000000000e+02	1.292866868736334936e+03
3.104375000000000000e+02	1.292221795280613151e+03
3.105000000000000000e+02	1.290933687704993872e+03
3.105625000000000000e+02	1.289442156842202166e+03
3.106250000000000000e+02	1.288330517447158400e+03
3.106875000000000000e+02	1.287745498906706871e+03
3.107500000000000000e+02	1.287274602245810456e+03
3.108125000000000000e+02	1.286616959593660113e+03
3.108750000000000000e+02	1.286081872653973505e+03
3.109375000000000000e+02	1.286056435905613625e+03
3.110000000000000000e+02	1.286331334274782648e+03
3.110625000000000000e+02	1.286316023619717043e+03
3.111250000000000000e+02	1.286098135295190787e+03
3.111875000000000000e+02	1.286024880079265131e+03
3.112500000000000000e+02	1.285819139668368507e+03
3.113125000000000000e+02	1.284609533208820267e+03
3.113750000000000000e+02	1.282491966927843350e+03
3.114375000000000000e+02	1.280193267287719664e+03
3.115000000000000000e+02	1.278370995900147136e+03
3.115625000000000000e+02	1.277299669437865532e+03
3.116250000000000000e+02	1.277318468112246137e+03
3.116875000000000000e+02	1.277925613383747532e+03
3.117500000000000000e+02	1.278118296647231546e+03
3.118125000000000000e+02	1.277306265670555149e+03
3.118750000000000000e+02	1.275982694538084388e+03
3.119375000000000000e+02	1.274949967223944441e+03
3.120000000000000000e+02	1.274564452965562396e+03
3.120625000000000000e+02	1.274585268335460569e+03
3.121250000000000000e+02	1.274610697157435652e+03
3.121875000000000000e+02	1.274289960459184840e+03
3.122500000000000000e+02	1.273462416066874312e+03
3.123125000000000000e+02	1.272506660167639666e+03
3.123750000000000000e+02	1.272145350491983663e+03
3.124375000000000000e+02	1.272245178958638235e+03
3.125000000000000000e+02	1.271982828967748901e+03
3.125625000000000000e+02	1.271043697066327695e+03
3.126250000000000000e+02	1.270107878325438378e+03
3.126875000000000000e+02	1.269754105958455966e+03
3.127500000000000000e+02	1.269785031181670092e+03
3.128125000000000000e+02	1.269394828648871453e+03
3.128750000000000000e+02	1.268130632334185066e+03
3.129375000000000000e+02	1.266614499407799940e+03
3.130000000000000000e+02	1.265813353270773860e+03
3.130625000000000000e+02	1.266105086598033267e+03
3.131250000000000000e+02	1.266857906477770939e+03
3.131875000000000000e+02	1.267449277104592966e+03
3.132500000000000000e+02	1.267301514759476504e+03
3.133125000000000000e+02	1.266568157320518594e+03
3.133750000000000000e+02	1.265453839969024557e+03
3.134375000000000000e+02	1.264364711370263649e+03
3.135000000000000000e+02	1.263384290087464706e+03
3.135625000000000000e+02	1.262927746241801515e+03
3.136250000000000000e+02	1.263069850264213983e+03
3.136875000000000000e+02	1.263287338260751767e+03
3.137500000000000000e+02	1.262974985263303097e+03
3.138125000000000000e+02	1.262405141513302851e+03
3.138750000000000000e+02	1.262513729045190757e+03
3.139375000000000000e+02	1.263521725788084268e+03
3.140000000000000000e+02	1.264432322362428295e+03
3.140625000000000000e+02	1.263823044187318828e+03
3.141250000000000000e+02	1.261996901831269270e+03
3.141875000000000000e+02	1.260642791681852486e+03
3.142500000000000000e+02	1.260671604113521425e+03
3.143125000000000000e+02	1.261061313752734122e+03
3.143750000000000000e+02	1.260998739203718287e+03
3.144375000000000000e+02	1.260550505147596141e+03
3.145000000000000000e+02	1.259931491754738545e+03
3.145625000000000000e+02	1.259357924380467466e+03
3.146250000000000000e+02	1.259391864841473307e+03
3.146875000000000000e+02	1.259884202122814713e+03
3.147500000000000000e+02	1.259704837896320214e+03
3.148125000000000000e+02	1.258827349808674626e+03
3.148750000000000000e+02	1.258459063570518538e+03
3.149375000000000000e+02	1.259086299949892009e+03
3.150000000000000000e+02	1.259440554550839352e+03
3.150625000000000000e+02	1.258882928411990861e+03
3.151250000000000000e+02	1.258073543276240343e+03
3.151875000000000000e+02	1.257947512367894888e+03
3.152500000000000000e+02	1.258088320585824704e+03
3.153125000000000000e+02	1.257755891741072446e+03
3.153750000000000000e+02	1.256794333249819147e+03
3.154375000000000000e+02	1.256085859762209566e+03
3.155000000000000000e+02	1.256155838192421015e+03
3.155625000000000000e+02	1.256734914267493878e+03
3.156250000000000000e+02	1.256944635454629406e+03
3.156875000000000000e+02	1.256388217292275158e+03
3.157500000000000000e+02	1.255426560404519932e+03
3.158125000000000000e+02	1.255026036055941404e+03
3.158750000000000000e+02	1.255492609352224463e+03
3.159375000000000000e+02	1.256090180735241802e+03
3.160000000000000000e+02	1.256055398893040547e+03
3.160625000000000000e+02	1.255661274325802879e+03
3.161250000000000000e+02	1.255515816918732980e+03
3.161875000000000000e+02	1.255559367711371351e+03
3.162500000000000000e+02	1.255519197225766675e+03
3.163125000000000000e+02	1.255244387846211339e+03
3.163750000000000000e+02	1.254769275532982192e+03
3.164375000000000000e+02	1.254264426726495230e+03
3.165000000000000000e+02	1.254223957703171664e+03
3.165625000000000000e+02	1.254578050040999642e+03
3.166250000000000000e+02	1.254808236083273641e+03
3.166875000000000000e+02	1.254664847918186297e+03
3.167500000000000000e+02	1.254362649394133769e+03
3.168125000000000000e+02	1.253928186270044989e+03
3.168750000000000000e+02	1.253513905771685131e+03
3.169375000000000000e+02	1.253521640670555371e+03
3.170000000000000000e+02	1.254011393608783919e+03
3.170625000000000000e+02	1.254010784097122269e+03
3.171250000000000000e+02	1.253045062090015790e+03
3.171875000000000000e+02	1.251787667934585670e+03
3.172500000000000000e+02	1.251650268882107412e+03
3.173125000000000000e+02	1.252584100355321652e+03
3.173750000000000000e+02	1.253833867346939769e+03
3.174375000000000000e+02	1.254391951598944161e+03
3.175000000000000000e+02	1.254351160440963213e+03
3.175625000000000000e+02	1.253986354386845051e+03
3.176250000000000000e+02	1.253864513506743151e+03
3.176875000000000000e+02	1.253846301521502255e+03
3.177500000000000000e+02	1.253876934675656912e+03
3.178125000000000000e+02	1.253791793207908995e+03
3.178750000000000000e+02	1.253919127573798505e+03
3.179375000000000000e+02	1.254405628917639660e+03
3.180000000000000000e+02	1.255248380648689363e+03
3.180625000000000000e+02	1.255901171738339144e+03
3.181250000000000000e+02	1.256345530976677537e+03
3.181875000000000000e+02	1.256508330152151075e+03
3.182500000000000000e+02	1.255873664381378831e+03
3.183125000000000000e+02	1.254199383222486631e+03
3.183750000000000000e+02	1.253087551088740383e+03
3.184375000000000000e+02	1.253762081427661542e+03
3.185000000000000000e+02	1.254922419096211115e+03
3.185625000000000000e+02	1.254631437408893362e+03
3.186250000000000000e+02	1.253291742346939827e+03
3.186875000000000000e+02	1.252404220207727121e+03
3.187500000000000000e+02	1.252222994829629442e+03
3.188125000000000000e+02	1.252272116823069837e+03
3.188750000000000000e+02	1.252735921282800064e+03
3.189375000000000000e+02	1.253896243485788091e+03
3.190000000000000000e+02	1.255100726129738632e+03
3.190625000000000000e+02	1.255112323615161358e+03
3.191250000000000000e+02	1.253760798059403442e+03
3.191875000000000000e+02	1.252294054755832121e+03
3.192500000000000000e+02	1.252049584821429789e+03
3.193125000000000000e+02	1.252895338078536270e+03
3.193750000000000000e+02	1.253871040406342445e+03
3.194375000000000000e+02	1.254156419437865679e+03
3.195000000000000000e+02	1.253862759293004046e+03
3.195625000000000000e+02	1.253427046806670205e+03
3.196250000000000000e+02	1.253533239317603147e+03
3.196875000000000000e+02	1.254041625911079791e+03
3.197500000000000000e+02	1.254505688707180525e+03
3.198125000000000000e+02	1.254576824435132494e+03
3.198750000000000000e+02	1.254715458295372855e+03
3.199375000000000000e+02	1.254975526444060961e+03
3.200000000000000000e+02	1.254926141854957223e+03
3.200625000000000000e+02	1.254559508313594279e+03
3.201250000000000000e+02	1.254511408960460358e+03
3.201875000000000000e+02	1.255017762459002597e+03
3.202500000000000000e+02	1.255381702213922154e+03
3.203125000000000000e+02	1.255013015442785218e+03
3.203750000000000000e+02	1.253978269292092818e+03
3.204375000000000000e+02	1.252922648232508436e+03
3.205000000000000000e+02	1.252243253553208206e+03
3.205625000000000000e+02	1.252007482666728492e+03
3.206250000000000000e+02	1.252424597530977735e+03
3.206875000000000000e+02	1.253438703216108934e+03
3.207500000000000000e+02	1.254115474284804350e+03
3.208125000000000000e+02	1.253724113042092995e+03
3.208750000000000000e+02	1.253078612973762120e+03
3.209375000000000000e+02	1.253221924904337811e+03
3.210000000000000000e+02	1.253901993668004025e+03
3.210625000000000000e+02	1.254284333773689241e+03
3.211250000000000000e+02	1.254223950141218211e+03
3.211875000000000000e+02	1.253923373291728694e+03
3.212500000000000000e+02	1.253397613839286805e+03
3.213125000000000000e+02	1.252777584525329075e+03
3.213750000000000000e+02	1.252741295508383246e+03
3.214375000000000000e+02	1.253895062386116479e+03
3.215000000000000000e+02	1.255745016832180681e+03
3.215625000000000000e+02	1.256975979318514419e+03
3.216250000000000000e+02	1.257086323022960642e+03
3.216875000000000000e+02	1.256881585869170067e+03
3.217500000000000000e+02	1.256999040474673166e+03
3.218125000000000000e+02	1.256929399280248845e+03
3.218750000000000000e+02	1.256287457042639744e+03
3.219375000000000000e+02	1.255445500660533298e+03
3.220000000000000000e+02	1.255018310131196358e+03
3.220625000000000000e+02	1.255179346802114878e+03
3.221250000000000000e+02	1.256047853840198059e+03
3.221875000000000000e+02	1.257243183491254968e+03
3.222500000000000000e+02	1.257853343818332178e+03
3.223125000000000000e+02	1.257513450824527354e+03
3.223750000000000000e+02	1.256863434948980512e+03
3.224375000000000000e+02	1.256859707839833618e+03
3.225000000000000000e+02	1.257335548742712490e+03
3.225625000000000000e+02	1.257863732370627986e+03
3.226250000000000000e+02	1.257885607256743015e+03
3.226875000000000000e+02	1.257543035213193434e+03
3.227500000000000000e+02	1.256980412627552141e+03
3.228125000000000000e+02	1.256746250637756248e+03
3.228750000000000000e+02	1.256527197704082937e+03
3.229375000000000000e+02	1.255817693718113333e+03
3.230000000000000000e+02	1.254836118736335266e+03
3.230625000000000000e+02	1.254894776170737487e+03
3.231250000000000000e+02	1.256270658641582941e+03
3.231875000000000000e+02	1.257536196383018478e+03
3.232500000000000000e+02	1.257328001229957408e+03
3.233125000000000000e+02	1.256100920576714088e+03
3.233750000000000000e+02	1.255218729500730205e+03
3.234375000000000000e+02	1.255389919528973678e+03
3.235000000000000000e+02	1.256214324913448763e+03
3.235625000000000000e+02	1.257113767469935283e+03
3.236250000000000000e+02	1.257758660714286634e+03
3.236875000000000000e+02	1.257918545599490926e+03
3.237500000000000000e+02	1.257529702213922519e+03
3.238125000000000000e+02	1.256909554869716885e+03
3.238750000000000000e+02	1.256796167365161409e+03
3.239375000000000000e+02	1.256903060928390232e+03
3.240000000000000000e+02	1.256524749954447088e+03
3.240625000000000000e+02	1.255285758176932632e+03
3.241250000000000000e+02	1.254230038880285292e+03
3.241875000000000000e+02	1.254128600150329248e+03
3.242500000000000000e+02	1.254886290702442693e+03
3.243125000000000000e+02	1.255377304550839426e+03
3.243750000000000000e+02	1.255226244077989577e+03
3.244375000000000000e+02	1.255093241618076945e+03
3.245000000000000000e+02	1.255505398164177450e+03
3.245625000000000000e+02	1.255914494761298556e+03
3.246250000000000000e+02	1.255648481004009909e+03
3.246875000000000000e+02	1.255094397868076840e+03
3.247500000000000000e+02	1.254837779017858338e+03
3.248125000000000000e+02	1.255259794574527405e+03
3.248750000000000000e+02	1.255869514053390276e+03
3.249375000000000000e+02	1.256194031591655630e+03
3.250000000000000000e+02	1.256024246697340914e+03
3.250625000000000000e+02	1.255954714832362697e+03
3.251250000000000000e+02	1.255908824617348273e+03
3.251875000000000000e+02	1.255352385386298693e+03
3.252500000000000000e+02	1.254151876024964622e+03
3.253125000000000000e+02	1.253062476972486365e+03
3.253750000000000000e+02	1.252583975195882886e+03
3.254375000000000000e+02	1.252599972690416507e+03
3.255000000000000000e+02	1.253005473806487998e+03
3.255625000000000000e+02	1.253810702555576881e+03
3.256250000000000000e+02	1.254599471209913645e+03
3.256875000000000000e+02	1.254396940665999409e+03
3.257500000000000000e+02	1.252765482803390341e+03
3.258125000000000000e+02	1.250542454696611912e+03
3.258750000000000000e+02	1.249308641148871402e+03
3.259375000000000000e+02	1.249713379714833536e+03
3.260000000000000000e+02	1.250888907935496718e+03
3.260625000000000000e+02	1.251620581997085765e+03
3.261250000000000000e+02	1.251594724877005319e+03
3.261875000000000000e+02	1.251306931509658625e+03
3.262500000000000000e+02	1.251289239682034804e+03
3.263125000000000000e+02	1.251711286465927060e+03
3.263750000000000000e+02	1.252110919437865505e+03
3.264375000000000000e+02	1.251920075163995307e+03
3.265000000000000000e+02	1.251584739363157041e+03
3.265625000000000000e+02	1.251731488657070940e+03
3.266250000000000000e+02	1.251846224580904845e+03
3.266875000000000000e+02	1.250879530088375759e+03
3.267500000000000000e+02	1.249622774553572526e+03
3.268125000000000000e+02	1.249322746674563859e+03
3.268750000000000000e+02	1.249690779678390300e+03
3.269375000000000000e+02	1.249624080607690757e+03
3.270000000000000000e+02	1.249474714672923710e+03
3.270625000000000000e+02	1.249920209866983669e+03
3.271250000000000000e+02	1.250243424380467332e+03
3.271875000000000000e+02	1.249571368144133885e+03
3.272500000000000000e+02	1.248579415360788516e+03
3.273125000000000000e+02	1.248575933787355325e+03
3.273750000000000000e+02	1.249272879988157001e+03
3.274375000000000000e+02	1.249545594296648233e+03
3.275000000000000000e+02	1.249136510819060959e+03
3.275625000000000000e+02	1.248750159484330425e+03
3.276250000000000000e+02	1.248148465697887332e+03
3.276875000000000000e+02	1.246891410486517088e+03
3.277500000000000000e+02	1.245561785805394720e+03
3.278125000000000000e+02	1.245437937317785327e+03
3.278750000000000000e+02	1.246206615228682040e+03
3.279375000000000000e+02	1.246851775532982174e+03
3.280000000000000000e+02	1.246965147685861211e+03
3.280625000000000000e+02	1.247000888529520125e+03
3.281250000000000000e+02	1.246940449845117655e+03
3.281875000000000000e+02	1.246538048264396139e+03
3.282500000000000000e+02	1.245849693718113485e+03
3.283125000000000000e+02	1.245384519018769424e+03
3.283750000000000000e+02	1.245446590470117599e+03
3.284375000000000000e+02	1.245389373063958828e+03
3.285000000000000000e+02	1.244568729409621938e+03
3.285625000000000000e+02	1.243522285440963060e+03
3.286250000000000000e+02	1.243317810495628237e+03
3.286875000000000000e+02	1.243687458568696456e+03
3.287500000000000000e+02	1.243558255420919295e+03
3.288125000000000000e+02	1.242834969683856798e+03
3.288750000000000000e+02	1.242282728862974864e+03
3.289375000000000000e+02	1.242215821542457434e+03
3.290000000000000000e+02	1.241891445790817670e+03
3.290625000000000000e+02	1.240863298674381667e+03
3.291250000000000000e+02	1.239600698979592835e+03
3.291875000000000000e+02	1.238966480867348082e+03
3.292500000000000000e+02	1.238720826895044866e+03
3.293125000000000000e+02	1.238234852678572224e+03
3.293750000000000000e+02	1.237411850947522908e+03
3.294375000000000000e+02	1.237011416135205309e+03
3.295000000000000000e+02	1.237513088716291122e+03
3.295625000000000000e+02	1.238880989431488160e+03
3.296250000000000000e+02	1.240147106915088443e+03
3.296875000000000000e+02	1.240428419073433815e+03
3.297500000000000000e+02	1.239561577327807299e+03
3.298125000000000000e+02	1.238427873177844049e+03
3.298750000000000000e+02	1.237473334821429944e+03
3.299375000000000000e+02	1.236738810381742951e+03
3.300000000000000000e+02	1.236201115934767813e+03
3.300625000000000000e+02	1.235894719729410781e+03
3.301250000000000000e+02	1.235228827031706714e+03
3.301875000000000000e+02	1.233802455197705285e+03
3.302500000000000000e+02	1.232660088465744593e+03
3.303125000000000000e+02	1.233366229364068204e+03
3.303750000000000000e+02	1.235682896820336282e+03
3.304375000000000000e+02	1.237353200961189259e+03
3.305000000000000000e+02	1.236996998473944586e+03
3.305625000000000000e+02	1.235616148551385777e+03
3.306250000000000000e+02	1.234714924312136645e+03
3.306875000000000000e+02	1.234410211279155874e+03
3.307500000000000000e+02	1.234007223715380405e+03
3.308125000000000000e+02	1.233391373861152715e+03
3.308750000000000000e+02	1.232622013073980725e+03
3.309375000000000000e+02	1.231910404382289926e+03
3.310000000000000000e+02	1.231603022184768179e+03
3.310625000000000000e+02	1.232046105912902021e+03
3.311250000000000000e+02	1.232457535349855334e+03
3.311875000000000000e+02	1.232020469888849448e+03
3.312500000000000000e+02	1.230970540930212337e+03
3.313125000000000000e+02	1.230488455425474513e+03
3.313750000000000000e+02	1.230837134429665639e+03
3.314375000000000000e+02	1.231406454309403443e+03
3.315000000000000000e+02	1.231657650145773687e+03
3.315625000000000000e+02	1.231579903721757546e+03
3.316250000000000000e+02	1.231122581792092888e+03
3.316875000000000000e+02	1.230090791659075421e+03
3.317500000000000000e+02	1.228724680188594448e+03
3.318125000000000000e+02	1.227609154632836635e+03
3.318750000000000000e+02	1.227344314436043533e+03
3.319375000000000000e+02	1.227822607256743140e+03
3.320000000000000000e+02	1.228542187203900539e+03
3.320625000000000000e+02	1.228773506901422707e+03
3.321250000000000000e+02	1.228250262481779373e+03
3.321875000000000000e+02	1.227128153926750429e+03
3.322500000000000000e+02	1.226115832725948621e+03
3.323125000000000000e+02	1.225635857028973533e+03
3.323750000000000000e+02	1.225658035737063756e+03
3.324375000000000000e+02	1.225782449047924047e+03
3.325000000000000000e+02	1.225738101676386123e+03
3.325625000000000000e+02	1.225186974034257673e+03
3.326250000000000000e+02	1.224168262960095944e+03
3.326875000000000000e+02	1.223237447089104535e+03
3.327500000000000000e+02	1.222973504418732773e+03
3.328125000000000000e+02	1.223270199116254844e+03
3.328750000000000000e+02	1.223713917775146911e+03
3.329375000000000000e+02	1.223845806464104498e+03
3.330000000000000000e+02	1.223454192374272225e+03
3.330625000000000000e+02	1.222639196360241840e+03
3.331250000000000000e+02	1.221934214672924099e+03
3.331875000000000000e+02	1.221492638096757901e+03
3.332500000000000000e+02	1.221180924949891960e+03
3.333125000000000000e+02	1.220861324047923972e+03
3.333750000000000000e+02	1.220692551498725834e+03
3.334375000000000000e+02	1.220472506650875857e+03
3.335000000000000000e+02	1.219883813843842290e+03
3.335625000000000000e+02	1.218826370626823518e+03
3.336250000000000000e+02	1.217665723237063958e+03
3.336875000000000000e+02	1.216923019679301433e+03
3.337500000000000000e+02	1.217099601608055309e+03
3.338125000000000000e+02	1.218018275373543474e+03
3.338750000000000000e+02	1.218831316280977717e+03
3.339375000000000000e+02	1.218905359397778284e+03
3.340000000000000000e+02	1.218317966221757615e+03
3.340625000000000000e+02	1.217383684630103289e+03
3.341250000000000000e+02	1.216346651967930939e+03
3.341875000000000000e+02	1.215528428867530010e+03
3.342500000000000000e+02	1.214991318285350872e+03
3.343125000000000000e+02	1.214775130603135494e+03
3.343750000000000000e+02	1.214920067624819012e+03
3.344375000000000000e+02	1.215328653380103333e+03
3.345000000000000000e+02	1.215440372266765053e+03
3.345625000000000000e+02	1.214899245194060995e+03
3.346250000000000000e+02	1.213941245307945792e+03
3.346875000000000000e+02	1.213110309470664333e+03
3.347500000000000000e+02	1.212781259794097423e+03
3.348125000000000000e+02	1.212638708773688904e+03
3.348750000000000000e+02	1.212421287422559317e+03
3.349375000000000000e+02	1.212321291659075541e+03
3.350000000000000000e+02	1.212682934698434110e+03
3.350625000000000000e+02	1.213081319401422434e+03
3.351250000000000000e+02	1.212953583135933968e+03
3.351875000000000000e+02	1.212514122653973345e+03
3.352500000000000000e+02	1.212350962531888854e+03
3.353125000000000000e+02	1.212684472599308492e+03
3.353750000000000000e+02	1.213242216335642297e+03
3.354375000000000000e+02	1.213842836438594304e+03
3.355000000000000000e+02	1.214192426658164550e+03
3.355625000000000000e+02	1.213759782867165995e+03
3.356250000000000000e+02	1.212296032252187615e+03
3.356875000000000000e+02	1.210382245330722981e+03
3.357500000000000000e+02	1.209004213602406480e+03
3.358125000000000000e+02	1.208694488520409323e+03
3.358750000000000000e+02	1.209119859261116289e+03
3.359375000000000000e+02	1.209274460960278020e+03
3.360000000000000000e+02	1.208462796943332251e+03
3.360625000000000000e+02	1.207382775396320540e+03
3.361250000000000000e+02	1.207249638005650013e+03
3.361875000000000000e+02	1.208146322043550526e+03
3.362500000000000000e+02	1.208904922899964276e+03
3.363125000000000000e+02	1.208788150350766500e+03
3.363750000000000000e+02	1.208090323432945752e+03
3.364375000000000000e+02	1.207566700665088774e+03
3.365000000000000000e+02	1.207430649599126355e+03
3.365625000000000000e+02	1.207282712213011109e+03
3.366250000000000000e+02	1.206649182762391774e+03
3.366875000000000000e+02	1.205949272184767779e+03
3.367500000000000000e+02	1.205872604591837899e+03
3.368125000000000000e+02	1.206363217565598916e+03
3.368750000000000000e+02	1.206713177478135094e+03
3.369375000000000000e+02	1.206804126708273543e+03
3.370000000000000000e+02	1.206805271615343599e+03
3.370625000000000000e+02	1.206348094843295257e+03
3.371250000000000000e+02	1.205210955676021513e+03
3.371875000000000000e+02	1.204152236128827553e+03
3.372500000000000000e+02	1.204003783527698033e+03
3.373125000000000000e+02	1.204549223077624902e+03
3.373750000000000000e+02	1.204998127505467664e+03
3.374375000000000000e+02	1.204952788834731336e+03
3.375000000000000000e+02	1.204406955106597252e+03
3.375625000000000000e+02	1.203814496446794010e+03
3.376250000000000000e+02	1.203678091176203907e+03
3.376875000000000000e+02	1.204008100332544927e+03
3.377500000000000000e+02	1.204204672421648411e+03
3.378125000000000000e+02	1.204154292182945937e+03
3.378750000000000000e+02	1.204317760796283892e+03
3.379375000000000000e+02	1.204523085891947176e+03
3.380000000000000000e+02	1.204252067829811494e+03
3.380625000000000000e+02	1.203649071086917957e+03
3.381250000000000000e+02	1.203568510705175868e+03
3.381875000000000000e+02	1.203864941007654124e+03
3.382500000000000000e+02	1.204128294005103271e+03
3.383125000000000000e+02	1.204106184311225661e+03
3.383750000000000000e+02	1.203993728407435583e+03
3.384375000000000000e+02	1.203531088215197769e+03
3.385000000000000000e+02	1.202914233076713799e+03
3.385625000000000000e+02	1.202337378553208055e+03
3.386250000000000000e+02	1.201948251207180419e+03
3.386875000000000000e+02	1.201680211962464909e+03
3.387500000000000000e+02	1.201684020658711006e+03
3.388125000000000000e+02	1.202031943422012773e+03
3.388750000000000000e+02	1.202391007539177508e+03
3.389375000000000000e+02	1.202043044323980666e+03
3.390000000000000000e+02	1.200704841973397606e+03
3.390625000000000000e+02	1.199352126161626302e+03
3.391250000000000000e+02	1.199148032366072357e+03
3.391875000000000000e+02	1.199601042160168618e+03
3.392500000000000000e+02	1.199780537741437001e+03
3.393125000000000000e+02	1.199756152901786891e+03
3.393750000000000000e+02	1.200092946610788431e+03
3.394375000000000000e+02	1.200193646205358164e+03
3.395000000000000000e+02	1.199927406751094395e+03
3.395625000000000000e+02	1.199759476972486482e+03
3.396250000000000000e+02	1.199877457976495407e+03
3.396875000000000000e+02	1.199536799357690597e+03
3.397500000000000000e+02	1.198836294415088560e+03
3.398125000000000000e+02	1.198442898460278229e+03
3.398750000000000000e+02	1.198852584160897550e+03
3.399375000000000000e+02	1.199654622175657096e+03
3.400000000000000000e+02	1.200333915019133656e+03
3.400625000000000000e+02	1.200292377300474755e+03
3.401250000000000000e+02	1.199525376389396115e+03
3.401875000000000000e+02	1.198550299949891723e+03
3.402500000000000000e+02	1.197977755147595872e+03
3.403125000000000000e+02	1.197917160099308830e+03
3.403750000000000000e+02	1.198028469319425312e+03
3.404375000000000000e+02	1.198082997266765005e+03
3.405000000000000000e+02	1.197961534871539016e+03
3.405625000000000000e+02	1.198064768608784107e+03
3.406250000000000000e+02	1.198425598510387317e+03
3.406875000000000000e+02	1.198524650942967583e+03
3.407500000000000000e+02	1.198060202942785509e+03
3.408125000000000000e+02	1.197858482826167119e+03
3.408750000000000000e+02	1.198584453876640964e+03
3.409375000000000000e+02	1.199405915087464564e+03
3.410000000000000000e+02	1.199457097758747295e+03
3.410625000000000000e+02	1.198755399963558148e+03
3.411250000000000000e+02	1.198043015237792815e+03
3.411875000000000000e+02	1.197334994624636920e+03
3.412500000000000000e+02	1.196953259475219966e+03
3.413125000000000000e+02	1.197086518449345022e+03
3.413750000000000000e+02	1.197927288561407750e+03
3.414375000000000000e+02	1.198561155657799645e+03
3.415000000000000000e+02	1.198313679368623525e+03
3.415625000000000000e+02	1.197163493895773627e+03
3.416250000000000000e+02	1.196271087304119192e+03
3.416875000000000000e+02	1.196209010568514259e+03
3.417500000000000000e+02	1.196681428753645378e+03
3.418125000000000000e+02	1.197009099717566642e+03
3.418750000000000000e+02	1.197103089331269530e+03
3.419375000000000000e+02	1.196907654883383202e+03
3.420000000000000000e+02	1.196527960686954430e+03
3.420625000000000000e+02	1.196220908573251791e+03
3.421250000000000000e+02	1.196262535030977688e+03
3.421875000000000000e+02	1.196528673970482032e+03
3.422500000000000000e+02	1.196741895066509642e+03
3.423125000000000000e+02	1.196506880808128017e+03
3.423750000000000000e+02	1.195968285099308559e+03
3.424375000000000000e+02	1.195677099877005503e+03
3.425000000000000000e+02	1.195746094410533260e+03
3.425625000000000000e+02	1.195586540839104600e+03
3.426250000000000000e+02	1.195179566736517245e+03
3.426875000000000000e+02	1.194931150350766529e+03
3.427500000000000000e+02	1.194745232074527394e+03
3.428125000000000000e+02	1.194190191303754773e+03
3.428750000000000000e+02	1.193334019132654248e+03
3.429375000000000000e+02	1.192467949047923867e+03
3.430000000000000000e+02	1.192041491982507978e+03
3.430625000000000000e+02	1.192471373542274932e+03
3.431250000000000000e+02	1.193679770066509718e+03
3.431875000000000000e+02	1.194440908345482057e+03
3.432500000000000000e+02	1.194110302455358578e+03
3.433125000000000000e+02	1.193268705698798613e+03
3.433750000000000000e+02	1.192977874817785505e+03
3.434375000000000000e+02	1.193048338192421170e+03
3.435000000000000000e+02	1.193086647116437234e+03
3.435625000000000000e+02	1.193094774508018645e+03
3.436250000000000000e+02	1.193207884406888752e+03
3.436875000000000000e+02	1.193347341950620375e+03
3.437500000000000000e+02	1.193610605434585523e+03
3.438125000000000000e+02	1.194121623223397592e+03
3.438750000000000000e+02	1.194321565483783843e+03
3.439375000000000000e+02	1.193944422831633574e+03
3.440000000000000000e+02	1.193244143950438229e+03
3.440625000000000000e+02	1.192973894200985114e+03
3.441250000000000000e+02	1.193287105821794285e+03
3.441875000000000000e+02	1.194018241526968950e+03
3.442500000000000000e+02	1.194605840492894458e+03
3.443125000000000000e+02	1.194743251526057747e+03
3.443750000000000000e+02	1.194455442602041785e+03
3.444375000000000000e+02	1.194244771774782294e+03
3.445000000000000000e+02	1.194473868280795614e+03
3.445625000000000000e+02	1.194911700710642435e+03
3.446250000000000000e+02	1.194731955767129193e+03
3.446875000000000000e+02	1.193556622243987931e+03
3.447500000000000000e+02	1.191813681168003995e+03
3.448125000000000000e+02	1.190669887208455748e+03
3.448750000000000000e+02	1.190914238543186229e+03
3.449375000000000000e+02	1.192316839695700764e+03
3.450000000000000000e+02	1.193801726471393295e+03
3.450625000000000000e+02	1.194749879327625194e+03
3.451250000000000000e+02	1.195103082771502841e+03
3.451875000000000000e+02	1.194736298469388885e+03
3.452500000000000000e+02	1.193820661443149675e+03
3.453125000000000000e+02	1.193119692465380012e+03
3.453750000000000000e+02	1.193061874248361164e+03
3.454375000000000000e+02	1.193082187773324677e+03
3.455000000000000000e+02	1.192744737677661305e+03
3.455625000000000000e+02	1.192203967861699311e+03
3.456250000000000000e+02	1.191637933650693412e+03
3.456875000000000000e+02	1.191002534734877372e+03
3.457500000000000000e+02	1.190579164791364292e+03
3.458125000000000000e+02	1.190777544938958954e+03
3.458750000000000000e+02	1.191578035235970674e+03
3.459375000000000000e+02	1.192413840584002855e+03
3.460000000000000000e+02	1.192436298514942791e+03
3.460625000000000000e+02	1.191408603726313231e+03
3.461250000000000000e+02	1.189904471711006863e+03
3.461875000000000000e+02	1.189037082065416598e+03
3.462500000000000000e+02	1.189045151216291288e+03
3.463125000000000000e+02	1.189680154291182134e+03
3.463750000000000000e+02	1.190434667251276551e+03
3.464375000000000000e+02	1.191155862495445717e+03
3.465000000000000000e+02	1.191474678662537599e+03
3.465625000000000000e+02	1.191443383883018669e+03
3.466250000000000000e+02	1.191310655862792828e+03
3.466875000000000000e+02	1.191116251434950073e+03
3.467500000000000000e+02	1.190475743918550506e+03
3.468125000000000000e+02	1.189577875706087070e+03
3.468750000000000000e+02	1.189200944492530425e+03
3.469375000000000000e+02	1.189568690939323233e+03
3.470000000000000000e+02	1.190077337759658349e+03
3.470625000000000000e+02	1.190417918094024117e+03
3.471250000000000000e+02	1.190833726357508340e+03
3.471875000000000000e+02	1.191263622562865294e+03
3.472500000000000000e+02	1.191033396023142586e+03
3.473125000000000000e+02	1.189884243349126336e+03
3.473750000000000000e+02	1.188741657684950269e+03
3.474375000000000000e+02	1.188574621811225597e+03
3.475000000000000000e+02	1.189182355685132279e+03
3.475625000000000000e+02	1.189331818444789860e+03
3.476250000000000000e+02	1.188920110992165746e+03
3.476875000000000000e+02	1.188650638506743007e+03
3.477500000000000000e+02	1.189027479910715329e+03
3.478125000000000000e+02	1.189391267469935656e+03
3.478750000000000000e+02	1.189202849193696693e+03
3.479375000000000000e+02	1.188617299927114800e+03
3.480000000000000000e+02	1.188464545576714045e+03
3.480625000000000000e+02	1.189251806646320347e+03
3.481250000000000000e+02	1.190291128484876936e+03
3.481875000000000000e+02	1.190418156477770708e+03
3.482500000000000000e+02	1.189205771410350962e+03
3.483125000000000000e+02	1.187891338237974878e+03
3.483750000000000000e+02	1.187708334274782374e+03
3.484375000000000000e+02	1.188549493986881316e+03
3.485000000000000000e+02	1.189061750227770744e+03
3.485625000000000000e+02	1.188630380010934005e+03
3.486250000000000000e+02	1.187876188547741549e+03
3.486875000000000000e+02	1.187598310655066598e+03
3.487500000000000000e+02	1.187727475309767897e+03
3.488125000000000000e+02	1.187528525487428169e+03
3.488750000000000000e+02	1.186951625706087043e+03
3.489375000000000000e+02	1.186729477906342254e+03
3.490000000000000000e+02	1.187208287559221162e+03
3.490625000000000000e+02	1.187555641809403369e+03
3.491250000000000000e+02	1.187206826325620568e+03
3.491875000000000000e+02	1.186860108122267775e+03
3.492500000000000000e+02	1.187303803320883162e+03
3.493125000000000000e+02	1.188020539062501030e+03
3.493750000000000000e+02	1.188070900965744386e+03
3.494375000000000000e+02	1.187620154723944324e+03
3.495000000000000000e+02	1.187380408573251771e+03
3.495625000000000000e+02	1.187358063502187633e+03
3.496250000000000000e+02	1.187176075710642635e+03
3.496875000000000000e+02	1.187004726266400212e+03
3.497500000000000000e+02	1.186959516741072548e+03
3.498125000000000000e+02	1.186750082224855305e+03
3.498750000000000000e+02	1.186398613884840870e+03
3.499375000000000000e+02	1.186494914631925440e+03
