Energy Loss (eV)	Intensity
1.500146484375000568e+02	1.038481860721479052e+03
1.500771484375000568e+02	1.038381784150100657e+03
1.501396484375000568e+02	1.038330307469229865e+03
1.502021484375000568e+02	1.038230017459760120e+03
1.502646484375000568e+02	1.038185067841507362e+03
1.503271484375000568e+02	1.038160274991128517e+03
1.503896484375000568e+02	1.038123188180640682e+03
1.504521484375000568e+02	1.038224252781729547e+03
1.505146484375000568e+02	1.038285727761014869e+03
1.505771484375000568e+02	1.038256271454788475e+03
1.506396484375000568e+02	1.038233827903060273e+03
1.507021484375000568e+02	1.038167867024745874e+03
1.507646484375000568e+02	1.038082342344348262e+03
1.508271484375000568e+02	1.037944457637908727e+03
1.508896484375000568e+02	1.037888075210115176e+03
1.509521484375000568e+02	1.037825897031848172e+03
1.510146484375000568e+02	1.037629223632819048e+03
1.510771484375000568e+02	1.037593923487813981e+03
1.511396484375000568e+02	1.037495008433955263e+03
1.512021484375000568e+02	1.037375183845295396e+03
1.512646484375000568e+02	1.037414144250124991e+03
1.513271484375000568e+02	1.037389689127610382e+03
1.513896484375000568e+02	1.037389801580262201e+03
1.514521484375000568e+02	1.037574471398562082e+03
1.515146484375000568e+02	1.037756735691885979e+03
1.515771484375000568e+02	1.037827198375361831e+03
1.516396484375000568e+02	1.037889481608079450e+03
1.517021484375000568e+02	1.037853963586062264e+03
1.517646484375000568e+02	1.037849887547354911e+03
1.518271484375000568e+02	1.037792463082984796e+03
1.518896484375000568e+02	1.037724500621455263e+03
1.519521484375000568e+02	1.037757730010068144e+03
1.520146484375000568e+02	1.037571724076710780e+03
1.520771484375000568e+02	1.037460998905072529e+03
1.521396484375000568e+02	1.037370203006635165e+03
1.522021484375000568e+02	1.037095096472544128e+03
1.522646484375000568e+02	1.036862678296644617e+03
1.523271484375000568e+02	1.036739113547591387e+03
1.523896484375000568e+02	1.036580642607724258e+03
1.524521484375000568e+02	1.036614941406256548e+03
1.525146484375000568e+02	1.036423440089376754e+03
1.525771484375000568e+02	1.036457959354291461e+03
1.526396484375000568e+02	1.036541194291554802e+03
1.527021484375000568e+02	1.036567732747402488e+03
1.527646484375000568e+02	1.036423530717336007e+03
1.528271484375000568e+02	1.036280483176497910e+03
1.528896484375000568e+02	1.036254498475977016e+03
1.529521484375000568e+02	1.036392196007937173e+03
1.530146484375000568e+02	1.036449011230474980e+03
1.530771484375000568e+02	1.036392477509476066e+03
1.531396484375000568e+02	1.036381625088785086e+03
1.532021484375000568e+02	1.036228206380214715e+03
1.532646484375000568e+02	1.036141580477634079e+03
1.533271484375000568e+02	1.036158106578486240e+03
1.533896484375000568e+02	1.035937578420934642e+03
1.534521484375000568e+02	1.036002610455143895e+03
1.535146484375000568e+02	1.036070178962482942e+03
1.535771484375000568e+02	1.036073252175077641e+03
1.536396484375000568e+02	1.036108217921408141e+03
1.537021484375000568e+02	1.035965586159452414e+03
1.537646484375000568e+02	1.036012892104646198e+03
1.538271484375000568e+02	1.035894653690229234e+03
1.538896484375000568e+02	1.035768979714139959e+03
1.539521484375000568e+02	1.035570755652231810e+03
1.540146484375000568e+02	1.035525578169395658e+03
1.540771484375000568e+02	1.035534677216507589e+03
1.541396484375000568e+02	1.035477517237814027e+03
1.542021484375000568e+02	1.035293750739826464e+03
1.542646484375000568e+02	1.035127505030783141e+03
1.543271484375000568e+02	1.035126376435257271e+03
1.543896484375000568e+02	1.034970576615773098e+03
1.544521484375000568e+02	1.034985544655546164e+03
1.545146484375000568e+02	1.035053708348136070e+03
1.545771484375000568e+02	1.034969969223491262e+03
1.546396484375000568e+02	1.035111481637672114e+03
1.547021484375000568e+02	1.035056444942596499e+03
1.547646484375000568e+02	1.035026249556114408e+03
1.548271484375000568e+02	1.034912180027823524e+03
1.548896484375000568e+02	1.034851268421526129e+03
1.549521484375000568e+02	1.034930885268709062e+03
1.550146484375000568e+02	1.034802477657440022e+03
1.550771484375000568e+02	1.034603882575763919e+03
1.551396484375000568e+02	1.034481981682061360e+03
1.552021484375000568e+02	1.034364299982250941e+03
1.552646484375000568e+02	1.034239245605474935e+03
1.553271484375000568e+02	1.034152437707155968e+03
1.553896484375000568e+02	1.034218901293211729e+03
1.554521484375000568e+02	1.034159060946383988e+03
1.555146484375000568e+02	1.034083847508292365e+03
1.555771484375000568e+02	1.034069666267170305e+03
1.556396484375000568e+02	1.034083157256161485e+03
1.557021484375000568e+02	1.034079184422354956e+03
1.557646484375000568e+02	1.033892193788477016e+03
1.558271484375000568e+02	1.033768202163240403e+03
1.558896484375000568e+02	1.033718764426497728e+03
1.559521484375000568e+02	1.033660719622994066e+03
1.560146484375000568e+02	1.033594238281256366e+03
1.560771484375000568e+02	1.033780171712246101e+03
1.561396484375000568e+02	1.033827318596123632e+03
1.562021484375000568e+02	1.033747356252965574e+03
1.562646484375000568e+02	1.033622336277823479e+03
1.563271484375000568e+02	1.033543568374177539e+03
1.563896484375000568e+02	1.033421422969940068e+03
1.564521484375000568e+02	1.033449269057771744e+03
1.565146484375000568e+02	1.033439259292146517e+03
1.565771484375000568e+02	1.033446300529717519e+03
1.566396484375000568e+02	1.033309734182653528e+03
1.567021484375000568e+02	1.033203632146668269e+03
1.567646484375000568e+02	1.033161901485565068e+03
1.568271484375000568e+02	1.033033747632582163e+03
1.568896484375000568e+02	1.032875536739471045e+03
1.569521484375000568e+02	1.032603154222899320e+03
1.570146484375000568e+02	1.032424707771076100e+03
1.570771484375000568e+02	1.032340438195437173e+03
1.571396484375000568e+02	1.032269896721124042e+03
1.572021484375000568e+02	1.032250921076000850e+03
1.572646484375000568e+02	1.032321130001190113e+03
1.573271484375000568e+02	1.032252612674604052e+03
1.573896484375000568e+02	1.032129913515039561e+03
1.574521484375000568e+02	1.032053153483079313e+03
1.575146484375000568e+02	1.032069991418093423e+03
1.575771484375000568e+02	1.032050282981185319e+03
1.576396484375000568e+02	1.032251573967217610e+03
1.577021484375000568e+02	1.032204030539778842e+03
1.577646484375000568e+02	1.032144429524745874e+03
1.578271484375000568e+02	1.032123509262553625e+03
1.578896484375000568e+02	1.032013257945674013e+03
1.579521484375000568e+02	1.032044827178036485e+03
1.580146484375000568e+02	1.031988876065347085e+03
1.580771484375000568e+02	1.031833947384002386e+03
1.581396484375000568e+02	1.031796135179930616e+03
1.582021484375000568e+02	1.031681051358316154e+03
1.582646484375000568e+02	1.031719898940584017e+03
1.583271484375000568e+02	1.031743764426497819e+03
1.583896484375000568e+02	1.031778588497283863e+03
1.584521484375000568e+02	1.031894004868022421e+03
1.585146484375000568e+02	1.031903315133765773e+03
1.585771484375000568e+02	1.031787180397733664e+03
1.586396484375000568e+02	1.031896539121691831e+03
1.587021484375000568e+02	1.032006289210470413e+03
1.587646484375000568e+02	1.031954852849793497e+03
1.588271484375000568e+02	1.031984313964850116e+03
1.588896484375000568e+02	1.031689634750835012e+03
1.589521484375000568e+02	1.031463799863879558e+03
1.590146484375000568e+02	1.031438396292028301e+03
1.590771484375000568e+02	1.031294228293685364e+03
1.591396484375000568e+02	1.031246312736748678e+03
1.592021484375000568e+02	1.031113139574461911e+03
1.592646484375000568e+02	1.030976629083813350e+03
1.593271484375000568e+02	1.030915752988879376e+03
1.593896484375000568e+02	1.030903239672117934e+03
1.594521484375000568e+02	1.030972746138145340e+03
1.595146484375000568e+02	1.030915506258884079e+03
1.595771484375000568e+02	1.031008397327776265e+03
1.596396484375000568e+02	1.031036424671526220e+03
1.597021484375000568e+02	1.030984848854764778e+03
1.597646484375000568e+02	1.030993515846952278e+03
1.598271484375000568e+02	1.030904082327184369e+03
1.598896484375000568e+02	1.030920291415133988e+03
1.599521484375000568e+02	1.030832797703604911e+03
1.600146484375000568e+02	1.030748908765394617e+03
1.600771484375000568e+02	1.030596985603107669e+03
1.601396484375000568e+02	1.030507313861275179e+03
1.602021484375000568e+02	1.030506858502018531e+03
1.602646484375000568e+02	1.030428827829078273e+03
1.603271484375000568e+02	1.030343438535754331e+03
1.603896484375000568e+02	1.030249338600858664e+03
1.604521484375000568e+02	1.030133460952302812e+03
1.605146484375000568e+02	1.030031153453486240e+03
1.605771484375000568e+02	1.030014989494561178e+03
1.606396484375000568e+02	1.030038245368732532e+03
1.607021484375000568e+02	1.030117995013619066e+03
1.607646484375000568e+02	1.030249600127255235e+03
1.608271484375000568e+02	1.030261954752610563e+03
1.608896484375000568e+02	1.030230222759831122e+03
1.609521484375000568e+02	1.030341052246100162e+03
1.610146484375000568e+02	1.030231008448751709e+03
1.610771484375000568e+02	1.030392020670579086e+03
1.611396484375000568e+02	1.030369564911819907e+03
1.612021484375000568e+02	1.030376667554457072e+03
1.612646484375000568e+02	1.030455873061677948e+03
1.613271484375000568e+02	1.030421199544276988e+03
1.613896484375000568e+02	1.030462124171408050e+03
1.614521484375000568e+02	1.030489301831800958e+03
1.615146484375000568e+02	1.030409970925077459e+03
1.615771484375000568e+02	1.030326285067478011e+03
1.616396484375000568e+02	1.030279073449343514e+03
1.617021484375000568e+02	1.030207061582629194e+03
1.617646484375000568e+02	1.030231144575645430e+03
1.618271484375000568e+02	1.030220916193188259e+03
1.618896484375000568e+02	1.030156453450527124e+03
1.619521484375000568e+02	1.030054495146786621e+03
1.620146484375000568e+02	1.029884455270484523e+03
1.620771484375000568e+02	1.029711411354765005e+03
1.621396484375000568e+02	1.029713070031374627e+03
1.622021484375000568e+02	1.029585075239707976e+03
1.622646484375000568e+02	1.029577495043211911e+03
1.623271484375000568e+02	1.029464087653889010e+03
1.623896484375000568e+02	1.029404896869087679e+03
1.624521484375000568e+02	1.029429182202894481e+03
1.625146484375000568e+02	1.029441263464731719e+03
1.625771484375000568e+02	1.029552035245034631e+03
1.626396484375000568e+02	1.029584066864944816e+03
1.627021484375000568e+02	1.029610714074343832e+03
1.627646484375000568e+02	1.029652926728226021e+03
1.628271484375000568e+02	1.029736425041435950e+03
1.628896484375000568e+02	1.029803514145366307e+03
1.629521484375000568e+02	1.029786874482132134e+03
1.630146484375000568e+02	1.029811893717454268e+03
1.630771484375000568e+02	1.029898468572449701e+03
1.631396484375000568e+02	1.029903186774982714e+03
1.632021484375000568e+02	1.029922639234144981e+03
1.632646484375000568e+02	1.029964847819016768e+03
1.633271484375000568e+02	1.029945379083812895e+03
1.633896484375000568e+02	1.029902456202657731e+03
1.634521484375000568e+02	1.029936324055996010e+03
1.635146484375000568e+02	1.029695451956090665e+03
1.635771484375000568e+02	1.029567891438808374e+03
1.636396484375000568e+02	1.029529490337956076e+03
1.637021484375000568e+02	1.029585751065347040e+03
1.637646484375000568e+02	1.029591281590323661e+03
1.638271484375000568e+02	1.029437740071620965e+03
1.638896484375000568e+02	1.029431690192951464e+03
1.639521484375000568e+02	1.029349058209049872e+03
1.640146484375000568e+02	1.029327510949343377e+03
1.640771484375000568e+02	1.029186093602042320e+03
1.641396484375000568e+02	1.029113145493022557e+03
1.642021484375000568e+02	1.029164759780427630e+03
1.642646484375000568e+02	1.029210905317833067e+03
1.643271484375000568e+02	1.029224691125124764e+03
1.643896484375000568e+02	1.029214036976213720e+03
1.644521484375000568e+02	1.029236437988287662e+03
1.645146484375000568e+02	1.029251628713903074e+03
1.645771484375000568e+02	1.029259885105948570e+03
1.646396484375000568e+02	1.029232239139447529e+03
1.647021484375000568e+02	1.029057991536464669e+03
1.647646484375000568e+02	1.029011452044868975e+03
1.648271484375000568e+02	1.029049859434192058e+03
1.648896484375000568e+02	1.029138898259949428e+03
1.649521484375000568e+02	1.029201809969821852e+03
1.650146484375000568e+02	1.029187633537529791e+03
1.650771484375000568e+02	1.029282473292501663e+03
1.651396484375000568e+02	1.029236377692951464e+03
1.652021484375000568e+02	1.029311424301616171e+03
1.652646484375000568e+02	1.029296053429812218e+03
1.653271484375000568e+02	1.029346166992193730e+03
1.653896484375000568e+02	1.029406595495981719e+03
1.654521484375000568e+02	1.029480866773207026e+03
1.655146484375000568e+02	1.029573149709997097e+03
1.655771484375000568e+02	1.029524712579906463e+03
1.656396484375000568e+02	1.029668178858907595e+03
1.657021484375000568e+02	1.029607835064518440e+03
1.657646484375000568e+02	1.029494276381990403e+03
1.658271484375000568e+02	1.029347161680285808e+03
1.658896484375000568e+02	1.029287673117903978e+03
1.659521484375000568e+02	1.029235428503794310e+03
1.660146484375000568e+02	1.029364690237340710e+03
1.660771484375000568e+02	1.029455346679693776e+03
1.661396484375000568e+02	1.029462133049248678e+03
1.662021484375000568e+02	1.029495678341033909e+03
1.662646484375000568e+02	1.029461630711417001e+03
1.663271484375000568e+02	1.029332420765276311e+03
1.663896484375000568e+02	1.029247268214376618e+03
1.664521484375000568e+02	1.029230551239944816e+03
1.665146484375000568e+02	1.029132562440820493e+03
1.665771484375000568e+02	1.029125810102989362e+03
1.666396484375000568e+02	1.029105883419158545e+03
1.667021484375000568e+02	1.029090652373349258e+03
1.667646484375000568e+02	1.028999078554102198e+03
1.668271484375000568e+02	1.029134298798538566e+03
1.668896484375000568e+02	1.029190275435020340e+03
1.669521484375000568e+02	1.029326379024627386e+03
1.670146484375000568e+02	1.029345902136606583e+03
1.670771484375000568e+02	1.029466088127373723e+03
1.671396484375000568e+02	1.029536330714376390e+03
1.672021484375000568e+02	1.029670744924840619e+03
1.672646484375000568e+02	1.029639804169632043e+03
1.673271484375000568e+02	1.029546881288476698e+03
1.673896484375000568e+02	1.029454017962837725e+03
1.674521484375000568e+02	1.029328793797354820e+03
1.675146484375000568e+02	1.029067423132700469e+03
1.675771484375000568e+02	1.028778073952421209e+03
1.676396484375000568e+02	1.028587852154362508e+03
1.677021484375000568e+02	1.028341064453131366e+03
1.677646484375000568e+02	1.028159969075526760e+03
1.678271484375000568e+02	1.028029715983079313e+03
1.678896484375000568e+02	1.027896074144774275e+03
1.679521484375000568e+02	1.027960225793093286e+03
1.680146484375000568e+02	1.028011366965560455e+03
1.680771484375000568e+02	1.028057578346952596e+03
1.681396484375000568e+02	1.027987755977752613e+03
1.682021484375000568e+02	1.027902672600029973e+03
1.682646484375000568e+02	1.027945885120745061e+03
1.683271484375000568e+02	1.027984531102042411e+03
1.683896484375000568e+02	1.028017205255688168e+03
1.684521484375000568e+02	1.028059844785754649e+03
1.685146484375000568e+02	1.027954776648325605e+03
1.685771484375000568e+02	1.027974353767170214e+03
1.686396484375000568e+02	1.028095394250124627e+03
1.687021484375000568e+02	1.028078190474082930e+03
1.687646484375000568e+02	1.028057739997638691e+03
1.688271484375000568e+02	1.028121591648917274e+03
1.688896484375000568e+02	1.028318164802326464e+03
1.689521484375000568e+02	1.028443995990181520e+03
1.690146484375000568e+02	1.028583242705380371e+03
1.690771484375000568e+02	1.028704030169869156e+03
1.691396484375000568e+02	1.028865280983671255e+03
1.692021484375000568e+02	1.028878203790844282e+03
1.692646484375000568e+02	1.028935097434310364e+03
1.693271484375000568e+02	1.028904626834760393e+03
1.693896484375000568e+02	1.028957672304102061e+03
1.694521484375000568e+02	1.029081988340442194e+03
1.695146484375000568e+02	1.029038782848017490e+03
1.695771484375000568e+02	1.028937664609973126e+03
1.696396484375000568e+02	1.028889356948396426e+03
1.697021484375000568e+02	1.028725696910517854e+03
1.697646484375000568e+02	1.028715886526402983e+03
1.698271484375000568e+02	1.028763060783623814e+03
1.698896484375000568e+02	1.028628525242667592e+03
1.699521484375000568e+02	1.028627733265275992e+03
1.700146484375000568e+02	1.028605338541673063e+03
1.700771484375000568e+02	1.028717576645366307e+03
1.701396484375000568e+02	1.028688362630214669e+03
1.702021484375000568e+02	1.028642789713548154e+03
1.702646484375000568e+02	1.028730394398088720e+03
1.703271484375000568e+02	1.028779860247994066e+03
1.703896484375000568e+02	1.028756490811440699e+03
1.704521484375000568e+02	1.028639736106185410e+03
1.705146484375000568e+02	1.028575199011606628e+03
1.705771484375000568e+02	1.028547498298420351e+03
1.706396484375000568e+02	1.028556211529362372e+03
1.707021484375000568e+02	1.028469524961535626e+03
1.707646484375000568e+02	1.028512805915607714e+03
1.708271484375000568e+02	1.028506938032676771e+03
1.708896484375000568e+02	1.028559578080617030e+03
1.709521484375000568e+02	1.028529560990773234e+03
1.710146484375000568e+02	1.028490842137198342e+03
1.710771484375000568e+02	1.028543076023917138e+03
1.711396484375000568e+02	1.028743909061322483e+03
1.712021484375000568e+02	1.028822163159925822e+03
1.712646484375000568e+02	1.028933733576000577e+03
1.713271484375000568e+02	1.028967335464021517e+03
1.713896484375000568e+02	1.029025805664068685e+03
1.714521484375000568e+02	1.029242505622639101e+03
1.715146484375000568e+02	1.029380668131516586e+03
1.715771484375000568e+02	1.029336976947212634e+03
1.716396484375000568e+02	1.029307881303273234e+03
1.717021484375000568e+02	1.029329196629386161e+03
1.717646484375000568e+02	1.029241914136488276e+03
1.718271484375000568e+02	1.029207988577184551e+03
1.718896484375000568e+02	1.029248574366720504e+03
1.719521484375000568e+02	1.029296299789897603e+03
1.720146484375000568e+02	1.029308425440939118e+03
1.720771484375000568e+02	1.029362683845295351e+03
1.721396484375000568e+02	1.029189426121573661e+03
1.722021484375000568e+02	1.029167824485091614e+03
1.722646484375000568e+02	1.029272316302681702e+03
1.723271484375000568e+02	1.029235529119324610e+03
1.723896484375000568e+02	1.029168140018353824e+03
1.724521484375000568e+02	1.029109252559783727e+03
1.725146484375000568e+02	1.029099234286228011e+03
1.725771484375000568e+02	1.029148707904243793e+03
1.726396484375000568e+02	1.029144325949935137e+03
1.727021484375000568e+02	1.029238574958576237e+03
1.727646484375000568e+02	1.029193212150811178e+03
1.728271484375000568e+02	1.029209777092217792e+03
1.728896484375000568e+02	1.029099498771904791e+03
1.729521484375000568e+02	1.029048809999414516e+03
1.730146484375000568e+02	1.029086298902113413e+03
1.730771484375000568e+02	1.029199934895839533e+03
1.731396484375000568e+02	1.029225863739944771e+03
1.732021484375000568e+02	1.029308628521549736e+03
1.732646484375000568e+02	1.029224827252018713e+03
1.733271484375000568e+02	1.029181687233671028e+03
1.733896484375000568e+02	1.029243569113997637e+03
1.734521484375000568e+02	1.029221609034689209e+03
1.735146484375000568e+02	1.029213118119679621e+03
1.735771484375000568e+02	1.029112296179575651e+03
1.736396484375000568e+02	1.029058047762790466e+03
1.737021484375000568e+02	1.029051347952184187e+03
1.737646484375000568e+02	1.028862799257226698e+03
1.738271484375000568e+02	1.028799771395603102e+03
1.738896484375000568e+02	1.028797969933718377e+03
1.739521484375000568e+02	1.028770155288239948e+03
1.740146484375000568e+02	1.028640971975621596e+03
1.740771484375000568e+02	1.028496584990536576e+03
1.741396484375000568e+02	1.028470741225740085e+03
1.742021484375000568e+02	1.028435231711654069e+03
1.742646484375000568e+02	1.028521560206563890e+03
1.743271484375000568e+02	1.028488401100858709e+03
1.743896484375000568e+02	1.028511901485564977e+03
1.744521484375000568e+02	1.028463989627728779e+03
1.745146484375000568e+02	1.028447901130451328e+03
1.745771484375000568e+02	1.028482398940583835e+03
1.746396484375000568e+02	1.028467637310612417e+03
1.747021484375000568e+02	1.028502549789897330e+03
1.747646484375000568e+02	1.028443360854646471e+03
1.748271484375000568e+02	1.028545527787648552e+03
1.748896484375000568e+02	1.028601412316530968e+03
1.749521484375000568e+02	1.028556492660991125e+03
1.750146484375000568e+02	1.028734396084878426e+03
1.750771484375000568e+02	1.028743705610801726e+03
1.751396484375000568e+02	1.028719007087482623e+03
1.752021484375000568e+02	1.028629105631516950e+03
1.752646484375000568e+02	1.028668656412766722e+03
1.753271484375000568e+02	1.028792912893590710e+03
1.753896484375000568e+02	1.028816901559546977e+03
1.754521484375000568e+02	1.028849568684902124e+03
1.755146484375000568e+02	1.028801680131398371e+03
1.755771484375000568e+02	1.028349472138382225e+03
1.756396484375000568e+02	1.028505530524982760e+03
1.757021484375000568e+02	1.028771283883765818e+03
1.757646484375000568e+02	1.029060009765631321e+03
1.758271484375000568e+02	1.029103342507108209e+03
1.758896484375000568e+02	1.029162356105001663e+03
1.759521484375000568e+02	1.029224494702894617e+03
1.760146484375000568e+02	1.029356840376426590e+03
1.760771484375000568e+02	1.029285935650456167e+03
1.761396484375000568e+02	1.029317628802681384e+03
1.762021484375000568e+02	1.029297309274390727e+03
1.762646484375000568e+02	1.029176544004504422e+03
1.763271484375000568e+02	1.029063900109499855e+03
1.763896484375000568e+02	1.028988719593401129e+03
1.764521484375000568e+02	1.028905809067241080e+03
1.765146484375000568e+02	1.028769003018472176e+03
1.765771484375000568e+02	1.028509481534097176e+03
1.766396484375000568e+02	1.028339695416080986e+03
1.767021484375000568e+02	1.028147304095650043e+03
1.767646484375000568e+02	1.028040750029598939e+03
1.768271484375000568e+02	1.028490162982368929e+03
1.768896484375000568e+02	1.028666930412529837e+03
1.769521484375000568e+02	1.028701104551379331e+03
1.770146484375000568e+02	1.028648830714376800e+03
1.770771484375000568e+02	1.028657117808954808e+03
1.771396484375000568e+02	1.028716982569845641e+03
1.772021484375000568e+02	1.028698864746100298e+03
1.772646484375000568e+02	1.028639741654835916e+03
1.773271484375000568e+02	1.028617917332510842e+03
1.773896484375000568e+02	1.028509793368259125e+03
1.774521484375000568e+02	1.028418855054457026e+03
1.775146484375000568e+02	1.028305793161109477e+03
1.775771484375000568e+02	1.028243476266578455e+03
1.776396484375000568e+02	1.028215888006043315e+03
1.777021484375000568e+02	1.028084612852160490e+03
1.777646484375000568e+02	1.028050627737340164e+03
1.778271484375000568e+02	1.028024359685730815e+03
1.778896484375000568e+02	1.028132556892170214e+03
1.779521484375000568e+02	1.028307623845887065e+03
1.780146484375000568e+02	1.028337558815702323e+03
1.780771484375000568e+02	1.028516706616957208e+03
1.781396484375000568e+02	1.028574079293921841e+03
1.782021484375000568e+02	1.028651506273680752e+03
1.782646484375000568e+02	1.028652298990891722e+03
1.783271484375000568e+02	1.028703281841862690e+03
1.783896484375000568e+02	1.028709223706800913e+03
1.784521484375000568e+02	1.028638557202894845e+03
1.785146484375000568e+02	1.028600918856540375e+03
1.785771484375000568e+02	1.028559119392170032e+03
1.786396484375000568e+02	1.028453595525574201e+03
1.787021484375000568e+02	1.028459982392288339e+03
1.787646484375000568e+02	1.028381794137672159e+03
1.788271484375000568e+02	1.028391633004859614e+03
1.788896484375000568e+02	1.028205570105356628e+03
1.789521484375000568e+02	1.028139229699343332e+03
1.790146484375000568e+02	1.028096102997757271e+03
1.790771484375000568e+02	1.028213766571976066e+03
1.791396484375000568e+02	1.028345818167028028e+03
1.792021484375000568e+02	1.028491753595531918e+03
1.792646484375000568e+02	1.028529695638027079e+03
1.793271484375000568e+02	1.028546506199698342e+03
1.793896484375000568e+02	1.028574131451237690e+03
1.794521484375000568e+02	1.028576258064045078e+03
1.795146484375000568e+02	1.028577326734144435e+03
1.795771484375000568e+02	1.028585896439991984e+03
1.796396484375000568e+02	1.028536901485565068e+03
1.797021484375000568e+02	1.028600746848372864e+03
1.797646484375000568e+02	1.028680796860209966e+03
1.798271484375000568e+02	1.028568045321384261e+03
1.798896484375000568e+02	1.028572708037411758e+03
1.799521484375000568e+02	1.028471287212956213e+03
1.800146484375000568e+02	1.028482113739944680e+03
1.800771484375000568e+02	1.028285669685138600e+03
1.801396484375000568e+02	1.028150659549603915e+03
1.802021484375000568e+02	1.028115192205262247e+03
1.802646484375000568e+02	1.028063666326355815e+03
1.803271484375000568e+02	1.028176339444253699e+03
1.803896484375000568e+02	1.028106553326237417e+03
1.804521484375000568e+02	1.027961318877254826e+03
1.805146484375000568e+02	1.027814567057298063e+03
1.805771484375000568e+02	1.027673915793685183e+03
1.806396484375000568e+02	1.027624347478699519e+03
1.807021484375000568e+02	1.027477731045815972e+03
1.807646484375000568e+02	1.027501771499177494e+03
1.808271484375000568e+02	1.027428965805522466e+03
1.808896484375000568e+02	1.027457662316531014e+03
1.809521484375000568e+02	1.027520759721242484e+03
1.810146484375000568e+02	1.027344520152705400e+03
1.810771484375000568e+02	1.027509497810139010e+03
1.811396484375000568e+02	1.027626554731895567e+03
1.812021484375000568e+02	1.027737352775811360e+03
1.812646484375000568e+02	1.027887167820792456e+03
1.813271484375000568e+02	1.027879169256043269e+03
1.813896484375000568e+02	1.027988776189636837e+03
1.814521484375000568e+02	1.028077073715678580e+03
1.815146484375000568e+02	1.028105826083102784e+03
1.815771484375000568e+02	1.028065045720886928e+03
1.816396484375000568e+02	1.028068805116602107e+03
1.817021484375000568e+02	1.028025625887790284e+03
1.817646484375000568e+02	1.028040221058244697e+03
1.818271484375000568e+02	1.028071297940347222e+03
1.818896484375000568e+02	1.027989721679693730e+03
1.819521484375000568e+02	1.027971823582511206e+03
1.820146484375000568e+02	1.028085504705262110e+03
1.820771484375000568e+02	1.028076513671881230e+03
1.821396484375000568e+02	1.028014295913239948e+03
1.822021484375000568e+02	1.027981752337837634e+03
1.822646484375000568e+02	1.028094903749414698e+03
1.823271484375000568e+02	1.028051051284333653e+03
1.823896484375000568e+02	1.028128075062151311e+03
1.824521484375000568e+02	1.028072972523088538e+03
1.825146484375000568e+02	1.027995385742193548e+03
1.825771484375000568e+02	1.027994986979172836e+03
1.826396484375000568e+02	1.027898322457984477e+03
1.827021484375000568e+02	1.027867852968164470e+03
1.827646484375000568e+02	1.027868838038595413e+03
1.828271484375000568e+02	1.027816634114589760e+03
1.828896484375000568e+02	1.027741586026284722e+03
1.829521484375000568e+02	1.027721984863287844e+03
1.830146484375000568e+02	1.027594318921644799e+03
1.830771484375000568e+02	1.027472651441175685e+03
1.831396484375000568e+02	1.027432193640513105e+03
1.832021484375000568e+02	1.027608530865299826e+03
1.832646484375000568e+02	1.027548950195318866e+03
1.833271484375000568e+02	1.027423903216744066e+03
1.833896484375000568e+02	1.027405705862340710e+03
1.834521484375000568e+02	1.027370116817596454e+03
1.835146484375000568e+02	1.027214240426734477e+03
1.835771484375000568e+02	1.027206051728226157e+03
1.836396484375000568e+02	1.027105666651876618e+03
1.837021484375000568e+02	1.027052889737222131e+03
1.837646484375000568e+02	1.027031774162529928e+03
1.838271484375000568e+02	1.027071694483907777e+03
1.838896484375000568e+02	1.027200165349793224e+03
1.839521484375000568e+02	1.027153495279954313e+03
1.840146484375000568e+02	1.027226084946147466e+03
1.840771484375000568e+02	1.027293105616720368e+03
1.841396484375000568e+02	1.027259810384120783e+03
1.842021484375000568e+02	1.027242238547591569e+03
1.842646484375000568e+02	1.027417844090323797e+03
1.843271484375000568e+02	1.027561553770129422e+03
1.843896484375000568e+02	1.027670325816767445e+03
1.844521484375000568e+02	1.027633718039779069e+03
1.845146484375000568e+02	1.027458146898680297e+03
1.845771484375000568e+02	1.027421916060020749e+03
1.846396484375000568e+02	1.027364077296407913e+03
1.847021484375000568e+02	1.027213526500361695e+03
1.847646484375000568e+02	1.027154713763618929e+03
1.848271484375000568e+02	1.027039355098846045e+03
1.848896484375000568e+02	1.026998819247165557e+03
1.849521484375000568e+02	1.027104778867785626e+03
1.850146484375000568e+02	1.027144687721952323e+03
1.850771484375000568e+02	1.027207306093164334e+03
1.851396484375000568e+02	1.027222581528178580e+03
1.852021484375000568e+02	1.027325133537530292e+03
1.852646484375000568e+02	1.027260502115891768e+03
1.853271484375000568e+02	1.027202573094229592e+03
1.853896484375000568e+02	1.027307644190938845e+03
1.854521484375000568e+02	1.027282468483671209e+03
1.855146484375000568e+02	1.027113230942241216e+03
1.855771484375000568e+02	1.026858732836180707e+03
1.856396484375000568e+02	1.026784607303510029e+03
1.857021484375000568e+02	1.026651066820555570e+03
1.857646484375000568e+02	1.026577056329907009e+03
1.858271484375000568e+02	1.026501736357723757e+03
1.858896484375000568e+02	1.026424563876071488e+03
1.859521484375000568e+02	1.026412708259357487e+03
1.860146484375000568e+02	1.026414398378320584e+03
1.860771484375000568e+02	1.026547297437269435e+03
1.861396484375000568e+02	1.026621411132818821e+03
1.862021484375000568e+02	1.026624928607369156e+03
1.862646484375000568e+02	1.026714393939399997e+03
1.863271484375000568e+02	1.026767595880687850e+03
1.863896484375000568e+02	1.026721811745389914e+03
1.864521484375000568e+02	1.026735750325527079e+03
1.865146484375000568e+02	1.026804661236393486e+03
1.865771484375000568e+02	1.026768960108908004e+03
1.866396484375000568e+02	1.026587148955380144e+03
1.867021484375000568e+02	1.026506038041554575e+03
1.867646484375000568e+02	1.026411376213311314e+03
1.868271484375000568e+02	1.026388102953367934e+03
1.868896484375000568e+02	1.026273448967217519e+03
1.869521484375000568e+02	1.026151050914423877e+03
1.870146484375000568e+02	1.026063880504267672e+03
1.870771484375000568e+02	1.026067307720768440e+03
1.871396484375000568e+02	1.026025979521786667e+03
1.872021484375000568e+02	1.025956767504149184e+03
1.872646484375000568e+02	1.026038061153533818e+03
1.873271484375000568e+02	1.025979308712127477e+03
1.873896484375000568e+02	1.026004155569371960e+03
1.874521484375000568e+02	1.026072996567241034e+03
1.875146484375000568e+02	1.026063436982132316e+03
1.875771484375000568e+02	1.026042109079078273e+03
1.876396484375000568e+02	1.026134529252492030e+03
1.877021484375000568e+02	1.026198565858789379e+03
1.877646484375000568e+02	1.026148159327657822e+03
1.878271484375000568e+02	1.026166362970531964e+03
1.878896484375000568e+02	1.026208346280190653e+03
1.879521484375000568e+02	1.026220125325527079e+03
1.880146484375000568e+02	1.026173514811204313e+03
1.880771484375000568e+02	1.026065809585115176e+03
1.881396484375000568e+02	1.025934448982013919e+03
1.882021484375000568e+02	1.025991849772141904e+03
1.882646484375000568e+02	1.026069809052444725e+03
1.883271484375000568e+02	1.026024166592691017e+03
1.883896484375000568e+02	1.026154524369679621e+03
1.884521484375000568e+02	1.026228119821265864e+03
1.885146484375000568e+02	1.026200766823515096e+03
1.885771484375000568e+02	1.026168039402823524e+03
1.886396484375000568e+02	1.026174125902586411e+03
1.887021484375000568e+02	1.026100714296289425e+03
1.887646484375000568e+02	1.026106897712482578e+03
1.888271484375000568e+02	1.026082956764921164e+03
1.888896484375000568e+02	1.026117382442596181e+03
1.889521484375000568e+02	1.026081231504504331e+03
1.890146484375000568e+02	1.026206967625479592e+03
1.890771484375000568e+02	1.026167220791909585e+03
1.891396484375000568e+02	1.026149587550314209e+03
1.892021484375000568e+02	1.025999880519063936e+03
1.892646484375000568e+02	1.025839131673183374e+03
1.893271484375000568e+02	1.025877103308481537e+03
1.893896484375000568e+02	1.025945819276758357e+03
1.894521484375000568e+02	1.025939687647970231e+03
1.895146484375000568e+02	1.025914089873348985e+03
1.895771484375000568e+02	1.025940743741128699e+03
1.896396484375000568e+02	1.025865969016341296e+03
1.897021484375000568e+02	1.025854620916199565e+03
1.897646484375000568e+02	1.025699837239589442e+03
1.898271484375000568e+02	1.025682428163477198e+03
1.898896484375000568e+02	1.025537900982487145e+03
1.899521484375000568e+02	1.025573900627373632e+03
1.900146484375000568e+02	1.025511270788950696e+03
1.900771484375000568e+02	1.025459748979054666e+03
1.901396484375000568e+02	1.025450785319016859e+03
1.902021484375000568e+02	1.025470479329433374e+03
1.902646484375000568e+02	1.025442825594821670e+03
1.903271484375000568e+02	1.025487111594466569e+03
1.903896484375000568e+02	1.025433636659570539e+03
1.904521484375000568e+02	1.025438382975266450e+03
1.905146484375000568e+02	1.025588447339613367e+03
1.905771484375000568e+02	1.025583544182061132e+03
1.906396484375000568e+02	1.025534107185138737e+03
1.907021484375000568e+02	1.025483563047473353e+03
1.907646484375000568e+02	1.025539100230829945e+03
1.908271484375000568e+02	1.025586167214139550e+03
1.908896484375000568e+02	1.025562868060493656e+03
1.909521484375000568e+02	1.025369020774154023e+03
1.910146484375000568e+02	1.025300218616838947e+03
1.910771484375000568e+02	1.025203161621100207e+03
1.911396484375000568e+02	1.025221099668566922e+03
1.912021484375000568e+02	1.025006310665252613e+03
1.912646484375000568e+02	1.024883625192359659e+03
1.913271484375000568e+02	1.024913734759712497e+03
1.913896484375000568e+02	1.024926046105593286e+03
1.914521484375000568e+02	1.025039107259121010e+03
1.915146484375000568e+02	1.025107433712127204e+03
1.915771484375000568e+02	1.025099819113997455e+03
1.916396484375000568e+02	1.025071084132345050e+03
1.917021484375000568e+02	1.025090409342454222e+03
1.917646484375000568e+02	1.024976383463547791e+03
1.918271484375000568e+02	1.024921131850740039e+03
1.918896484375000568e+02	1.024927474698159813e+03
1.919521484375000568e+02	1.025033564527113185e+03
1.920146484375000568e+02	1.025034301387908727e+03
1.920771484375000568e+02	1.025001304302800008e+03
1.921396484375000568e+02	1.024904886881516632e+03
1.922021484375000568e+02	1.024929199218756366e+03
1.922646484375000568e+02	1.024923104580972222e+03
1.923271484375000568e+02	1.024928965435612326e+03
1.923896484375000568e+02	1.024871244673301817e+03
1.924521484375000568e+02	1.024932985987813936e+03
1.925146484375000568e+02	1.024978147934428762e+03
1.925771484375000568e+02	1.024933396587956167e+03
1.926396484375000568e+02	1.024977357806587634e+03
1.927021484375000568e+02	1.025030128432771335e+03
1.927646484375000568e+02	1.024889713541673018e+03
1.928271484375000568e+02	1.024771444054812264e+03
1.928896484375000568e+02	1.024719511644774002e+03
1.929521484375000568e+02	1.024613547585233391e+03
1.930146484375000568e+02	1.024593585759949292e+03
1.930771484375000568e+02	1.024522655140276356e+03
1.931396484375000568e+02	1.024489743874296209e+03
1.932021484375000568e+02	1.024440417480474935e+03
1.932646484375000568e+02	1.024479701926497683e+03
1.933271484375000568e+02	1.024533666622283818e+03
1.933896484375000568e+02	1.024541800944016813e+03
1.934521484375000568e+02	1.024452770256280019e+03
1.935146484375000568e+02	1.024438047466862145e+03
1.935771484375000568e+02	1.024500215287648416e+03
1.936396484375000568e+02	1.024481519664424013e+03
1.937021484375000568e+02	1.024527444365536439e+03
1.937646484375000568e+02	1.024564070638027033e+03
1.938271484375000568e+02	1.024679674183244970e+03
1.938896484375000568e+02	1.024586095451592655e+03
1.939521484375000568e+02	1.024500128728699565e+03
1.940146484375000568e+02	1.024574485455143531e+03
1.940771484375000568e+02	1.024541963704433556e+03
1.941396484375000568e+02	1.024520798561796255e+03
1.942021484375000568e+02	1.024518683786109250e+03
1.942646484375000568e+02	1.024503139796407822e+03
1.943271484375000568e+02	1.024469707327184551e+03
1.943896484375000568e+02	1.024456342477515818e+03
1.944521484375000568e+02	1.024445579205143758e+03
1.945146484375000568e+02	1.024370201526994833e+03
1.945771484375000568e+02	1.024281889574461957e+03
1.946396484375000568e+02	1.024177802808363367e+03
1.947021484375000568e+02	1.024221449973372728e+03
1.947646484375000568e+02	1.024308893007227198e+03
1.948271484375000568e+02	1.024260642311796119e+03
1.948896484375000568e+02	1.024279227331919174e+03
1.949521484375000568e+02	1.024230510549840346e+03
1.950146484375000568e+02	1.024124911221597358e+03
1.950771484375000568e+02	1.024032544315228733e+03
1.951396484375000568e+02	1.024078102065583835e+03
1.952021484375000568e+02	1.024078031412766904e+03
1.952646484375000568e+02	1.024099289032913475e+03
1.953271484375000568e+02	1.024106986120981674e+03
1.953896484375000568e+02	1.024091264944371687e+03
1.954521484375000568e+02	1.024128110943424872e+03
1.955146484375000568e+02	1.024111386570792320e+03
1.955771484375000568e+02	1.024060911606303534e+03
1.956396484375000568e+02	1.023954598721597222e+03
1.957021484375000568e+02	1.023945923591388691e+03
1.957646484375000568e+02	1.023916397002255394e+03
1.958271484375000568e+02	1.023936733176497683e+03
1.958896484375000568e+02	1.024024705181706167e+03
1.959521484375000568e+02	1.024069873786701237e+03
1.960146484375000568e+02	1.024099119614116262e+03
1.960771484375000568e+02	1.024043729654954177e+03
1.961396484375000568e+02	1.024023126775574383e+03
1.962021484375000568e+02	1.024009468217336007e+03
1.962646484375000568e+02	1.024047922955143804e+03
1.963271484375000568e+02	1.024045747144300549e+03
1.963896484375000568e+02	1.024055096990418178e+03
1.964521484375000568e+02	1.024111344031138060e+03
1.965146484375000568e+02	1.024096397816057561e+03
1.965771484375000568e+02	1.024061724668566967e+03
1.966396484375000568e+02	1.024049650065110427e+03
1.967021484375000568e+02	1.023978667658031782e+03
1.967646484375000568e+02	1.023923566968519708e+03
1.968271484375000568e+02	1.023945350600740198e+03
1.968896484375000568e+02	1.023921896084878426e+03
1.969521484375000568e+02	1.023929525849320044e+03
1.970146484375000568e+02	1.023989473839968582e+03
1.970771484375000568e+02	1.023992831143472131e+03
1.971396484375000568e+02	1.024041786887435364e+03
1.972021484375000568e+02	1.024060658217927312e+03
1.972646484375000568e+02	1.024061335523206935e+03
1.973271484375000568e+02	1.024089622543803443e+03
1.973896484375000568e+02	1.024083026677918269e+03
1.974521484375000568e+02	1.023977788751782100e+03
1.975146484375000568e+02	1.023987045380569839e+03
1.975771484375000568e+02	1.023926038337482396e+03
1.976396484375000568e+02	1.023803963586062082e+03
1.977021484375000568e+02	1.023727974816530946e+03
1.977646484375000568e+02	1.023627876420460666e+03
1.978271484375000568e+02	1.023523360188808056e+03
1.978896484375000568e+02	1.023425505297117979e+03
1.979521484375000568e+02	1.023419429154835711e+03
1.980146484375000568e+02	1.023396412612459130e+03
1.980771484375000568e+02	1.023387683845295101e+03
1.981396484375000568e+02	1.023371708910399093e+03
1.982021484375000568e+02	1.023266268643472131e+03
1.982646484375000568e+02	1.023305382191057561e+03
1.983271484375000568e+02	1.023301091974437895e+03
1.983896484375000568e+02	1.023249864243022444e+03
1.984521484375000568e+02	1.023143846176616080e+03
1.985146484375000568e+02	1.023040190355711843e+03
1.985771484375000568e+02	1.023009895833339556e+03
1.986396484375000568e+02	1.022907037908386883e+03
1.987021484375000568e+02	1.023020782285754308e+03
1.987646484375000568e+02	1.023049140329078227e+03
1.988271484375000568e+02	1.023038871256516700e+03
1.988896484375000568e+02	1.023065762976450287e+03
1.989521484375000568e+02	1.023003935842809142e+03
1.990146484375000568e+02	1.022936537863997842e+03
1.990771484375000568e+02	1.022899296431114294e+03
1.991396484375000568e+02	1.022922812721952482e+03
1.992021484375000568e+02	1.022911750192359591e+03
1.992646484375000568e+02	1.022971010520247887e+03
1.993271484375000568e+02	1.022860199159570811e+03
1.993896484375000568e+02	1.022808518658268440e+03
1.994521484375000568e+02	1.022836051432297722e+03
1.995146484375000568e+02	1.022748464503438868e+03
1.995771484375000568e+02	1.022644910037885097e+03
1.996396484375000568e+02	1.022576276929457094e+03
1.997021484375000568e+02	1.022598767089850071e+03
1.997646484375000568e+02	1.022565315755214442e+03
1.998271484375000568e+02	1.022577044862695629e+03
1.998896484375000568e+02	1.022639049923065045e+03
1.999521484375000568e+02	1.022653028453486741e+03
2.000146484375000568e+02	1.022603103915134284e+03
2.000771484375000568e+02	1.022535315311322506e+03
2.001396484375000568e+02	1.022504155939281873e+03
2.002021484375000568e+02	1.022431396114471340e+03
2.002646484375000568e+02	1.022438881983907550e+03
2.003271484375000568e+02	1.022402234256634870e+03
2.003896484375000568e+02	1.022315149295697552e+03
2.004521484375000568e+02	1.022340556936559551e+03
2.005146484375000568e+02	1.022324951911701191e+03
2.005771484375000568e+02	1.022350843024982623e+03
2.006396484375000568e+02	1.022356553326237304e+03
2.007021484375000568e+02	1.022396916799840710e+03
2.007646484375000568e+02	1.022411826393827141e+03
2.008271484375000568e+02	1.022526226621691762e+03
2.008896484375000568e+02	1.022548288056351112e+03
2.009521484375000568e+02	1.022538792835588765e+03
2.010146484375000568e+02	1.022569125088784858e+03
2.010771484375000568e+02	1.022480589710588674e+03
2.011396484375000568e+02	1.022491064823041370e+03
2.012021484375000568e+02	1.022460243548775338e+03
2.012646484375000568e+02	1.022544866388500509e+03
2.013271484375000568e+02	1.022532129646076214e+03
2.013896484375000568e+02	1.022513149931942849e+03
2.014521484375000568e+02	1.022522895211890386e+03
2.015146484375000568e+02	1.022372657359736650e+03
2.015771484375000568e+02	1.022335614938453205e+03
2.016396484375000568e+02	1.022356407581682333e+03
2.017021484375000568e+02	1.022451905776521471e+03
2.017646484375000568e+02	1.022469637044277079e+03
2.018271484375000568e+02	1.022557812869916120e+03
2.018896484375000568e+02	1.022652068906848285e+03
2.019521484375000568e+02	1.022698520359854570e+03
2.020146484375000568e+02	1.022711691006753313e+03
2.020771484375000568e+02	1.022692812278060273e+03
2.021396484375000568e+02	1.022647730232014055e+03
2.022021484375000568e+02	1.022569874896431429e+03
2.022646484375000568e+02	1.022479096383765864e+03
2.023271484375000568e+02	1.022486556729409813e+03
2.023896484375000568e+02	1.022414132413003472e+03
2.024521484375000568e+02	1.022358703983197529e+03
2.025146484375000568e+02	1.022221475127255417e+03
2.025771484375000568e+02	1.022142029918330195e+03
2.026396484375000568e+02	1.021921695963547791e+03
2.027021484375000568e+02	1.021862533661819839e+03
2.027646484375000568e+02	1.021805600807889846e+03
2.028271484375000568e+02	1.021725217137198456e+03
2.028896484375000568e+02	1.021900308504977829e+03
2.029521484375000568e+02	1.021974156975029928e+03
2.030146484375000568e+02	1.021969293767762110e+03
2.030771484375000568e+02	1.022051226251781827e+03
2.031396484375000568e+02	1.022068755918566694e+03
2.032021484375000568e+02	1.022199282374532800e+03
2.032646484375000568e+02	1.022244716574935069e+03
2.033271484375000568e+02	1.022333703613287639e+03
2.033896484375000568e+02	1.022375359182653028e+03
2.034521484375000568e+02	1.022428292939163384e+03
2.035146484375000568e+02	1.022458735795460598e+03
2.035771484375000568e+02	1.022372290039068616e+03
2.036396484375000568e+02	1.022387983472425731e+03
2.037021484375000568e+02	1.022381615471123609e+03
2.037646484375000568e+02	1.022358725437979842e+03
2.038271484375000568e+02	1.022179871715205195e+03
2.038896484375000568e+02	1.022215767415370919e+03
2.039521484375000568e+02	1.021543464059546864e+03
2.040146484375000568e+02	1.021831633966625418e+03
2.040771484375000568e+02	1.022120483398443753e+03
2.041396484375000568e+02	1.022325287420105496e+03
2.042021484375000568e+02	1.022284532211772330e+03
2.042646484375000568e+02	1.022299758078841478e+03
2.043271484375000568e+02	1.022309130119561132e+03
2.043896484375000568e+02	1.022441054835470368e+03
2.044521484375000568e+02	1.022295515210706981e+03
2.045146484375000568e+02	1.022295756022141859e+03
2.045771484375000568e+02	1.022220593261724844e+03
2.046396484375000568e+02	1.022146261689163339e+03
2.047021484375000568e+02	1.021965884306942939e+03
2.047646484375000568e+02	1.021806560354527960e+03
2.048271484375000568e+02	1.021772421357132203e+03
2.048896484375000568e+02	1.021553133138027192e+03
2.049521484375000568e+02	1.021420992764565995e+03
2.050146484375000568e+02	1.021204372706563845e+03
2.050771484375000568e+02	1.021051516261251550e+03
2.051396484375000568e+02	1.020738541296762833e+03
2.052021484375000568e+02	1.021331902521313054e+03
2.052646484375000568e+02	1.021384971664897421e+03
2.053271484375000568e+02	1.021431983531611422e+03
2.053896484375000568e+02	1.021392704634239408e+03
2.054521484375000568e+02	1.021477468409688868e+03
2.055146484375000568e+02	1.021672464266696807e+03
2.055771484375000568e+02	1.021756373180048968e+03
2.056396484375000568e+02	1.021761734656137833e+03
2.057021484375000568e+02	1.021812459309901897e+03
2.057646484375000568e+02	1.021803148674248746e+03
2.058271484375000568e+02	1.021748431951355769e+03
2.058896484375000568e+02	1.021714301091980474e+03
2.059521484375000568e+02	1.021709607303510211e+03
2.060146484375000568e+02	1.021658207194016768e+03
2.060771484375000568e+02	1.021516757664542183e+03
2.061396484375000568e+02	1.021496738503202209e+03
2.062021484375000568e+02	1.021440287642051771e+03
2.062646484375000568e+02	1.021254948286583044e+03
2.063271484375000568e+02	1.021117290704906736e+03
2.063896484375000568e+02	1.021023072768709198e+03
2.064521484375000568e+02	1.020950522312979729e+03
2.065146484375000568e+02	1.020859935783623655e+03
2.065771484375000568e+02	1.020867432010541279e+03
2.066396484375000568e+02	1.020920565888382043e+03
2.067021484375000568e+02	1.020903272224201487e+03
2.067646484375000568e+02	1.020991829796999582e+03
2.068271484375000568e+02	1.021116529430048786e+03
2.068896484375000568e+02	1.021191414018117030e+03
2.069521484375000568e+02	1.021334532211772284e+03
2.070146484375000568e+02	1.021447781279598985e+03
2.070771484375000568e+02	1.021524786931824224e+03
2.071396484375000568e+02	1.021575586677326328e+03
2.072021484375000568e+02	1.021591799464376663e+03
2.072646484375000568e+02	1.021662153024390705e+03
2.073271484375000568e+02	1.021705573434546977e+03
2.073896484375000568e+02	1.021737664609973308e+03
2.074521484375000568e+02	1.021699346738879512e+03
2.075146484375000568e+02	1.021579285037885029e+03
2.075771484375000568e+02	1.021542797481658795e+03
2.076396484375000568e+02	1.021465636837127363e+03
2.077021484375000568e+02	1.021479139663240062e+03
2.077646484375000568e+02	1.021414695785991057e+03
2.078271484375000568e+02	1.021425915157439931e+03
2.078896484375000568e+02	1.021359043190702323e+03
2.079521484375000568e+02	1.021449095569963674e+03
2.080146484375000568e+02	1.021514843010186155e+03
2.080771484375000568e+02	1.021555874911227647e+03
2.081396484375000568e+02	1.021491155451000850e+03
2.082021484375000568e+02	1.021450405051498024e+03
2.082646484375000568e+02	1.021493777003438936e+03
2.083271484375000568e+02	1.021493988961890523e+03
2.083896484375000568e+02	1.021464574455498678e+03
2.084521484375000568e+02	1.021459790778888987e+03
2.085146484375000568e+02	1.021512903201947552e+03
2.085771484375000568e+02	1.021521040482960757e+03
2.086396484375000568e+02	1.021525234892880235e+03
2.087021484375000568e+02	1.021492850748703972e+03
2.087646484375000568e+02	1.021557746656019617e+03
2.088271484375000568e+02	1.021517563328604751e+03
2.088896484375000568e+02	1.021602800588903165e+03
2.089521484375000568e+02	1.021492969489826237e+03
2.090146484375000568e+02	1.021422621478462474e+03
2.090771484375000568e+02	1.021358030007108596e+03
2.091396484375000568e+02	1.021380529045342541e+03
2.092021484375000568e+02	1.021414878521549554e+03
2.092646484375000568e+02	1.021391636334049736e+03
2.093271484375000568e+02	1.021402085552799804e+03
2.093896484375000568e+02	1.021529605749887764e+03
2.094521484375000568e+02	1.021659815192951328e+03
2.095146484375000568e+02	1.021636813446975907e+03
2.095771484375000568e+02	1.021654465923893554e+03
2.096396484375000568e+02	1.021687588038595322e+03
2.097021484375000568e+02	1.021754073819253335e+03
2.097646484375000568e+02	1.021718458880806338e+03
2.098271484375000568e+02	1.021653322531966523e+03
2.098896484375000568e+02	1.021617374674485632e+03
2.099521484375000568e+02	1.021534605823869811e+03
2.100146484375000568e+02	1.021475714296289539e+03
2.100771484375000568e+02	1.021442993903888919e+03
2.101396484375000568e+02	1.021312737112340528e+03
2.102021484375000568e+02	1.021193041622283545e+03
2.102646484375000568e+02	1.021132067131279882e+03
2.103271484375000568e+02	1.021185384854409676e+03
2.103896484375000568e+02	1.021142929539542479e+03
2.104521484375000568e+02	1.021122834916554552e+03
2.105146484375000568e+02	1.021169492039542320e+03
2.105771484375000568e+02	1.021131190444490244e+03
2.106396484375000568e+02	1.021172475733907731e+03
2.107021484375000568e+02	1.021020616196147330e+03
2.107646484375000568e+02	1.021012607273917183e+03
2.108271484375000568e+02	1.020821916060020385e+03
2.108896484375000568e+02	1.020743752219466387e+03
2.109521484375000568e+02	1.020727183209049713e+03
2.110146484375000568e+02	1.020698753773088697e+03
2.110771484375000568e+02	1.020652083333339533e+03
2.111396484375000568e+02	1.020649786931824679e+03
2.112021484375000568e+02	1.020560895700171955e+03
2.112646484375000568e+02	1.020599036754267559e+03
2.113271484375000568e+02	1.020631996848372751e+03
2.113896484375000568e+02	1.020608250473491125e+03
2.114521484375000568e+02	1.020670249985209921e+03
2.115146484375000568e+02	1.020718053089494902e+03
2.115771484375000568e+02	1.020741352982960962e+03
2.116396484375000568e+02	1.020901689009239021e+03
2.117021484375000568e+02	1.021075441672591865e+03
2.117646484375000568e+02	1.021189898126781827e+03
2.118271484375000568e+02	1.021237965346834017e+03
2.118896484375000568e+02	1.021204338304930729e+03
2.119521484375000568e+02	1.021219285629741421e+03
2.120146484375000568e+02	1.021051798872520408e+03
2.120771484375000568e+02	1.021174186567832976e+03
2.121396484375000568e+02	1.021099946363050890e+03
2.122021484375000568e+02	1.021011705803154882e+03
2.122646484375000568e+02	1.020793185887198433e+03
2.123271484375000568e+02	1.020669131007345186e+03
2.123896484375000568e+02	1.020539608117312127e+03
2.124521484375000568e+02	1.020575273363524161e+03
2.125146484375000568e+02	1.020437018007227039e+03
2.125771484375000568e+02	1.020356908069963652e+03
2.126396484375000568e+02	1.020355904873940858e+03
2.127021484375000568e+02	1.020393973055759147e+03
2.127646484375000568e+02	1.020518162582866353e+03
2.128271484375000568e+02	1.020638040808481605e+03
2.128896484375000568e+02	1.020718595007700287e+03
2.129521484375000568e+02	1.020739241536464647e+03
2.130146484375000568e+02	1.020755764678036712e+03
2.130771484375000568e+02	1.020784186345887065e+03
2.131396484375000568e+02	1.020758912982368997e+03
2.132021484375000568e+02	1.020717360987814004e+03
2.132646484375000568e+02	1.020812820342099144e+03
2.133271484375000568e+02	1.020738146972662435e+03
2.133896484375000568e+02	1.020600046978581076e+03
2.134521484375000568e+02	1.020524089651403074e+03
2.135146484375000568e+02	1.020576133034452369e+03
2.135771484375000568e+02	1.020701818107842428e+03
2.136396484375000568e+02	1.020683808297828477e+03
2.137021484375000568e+02	1.020616157670460780e+03
2.137646484375000568e+02	1.020644303385422972e+03
2.138271484375000568e+02	1.020699150686559165e+03
2.138896484375000568e+02	1.020754555442122523e+03
2.139521484375000568e+02	1.020837006909925663e+03
2.140146484375000568e+02	1.020997166859026152e+03
2.140771484375000568e+02	1.020980610425550708e+03
2.141396484375000568e+02	1.020993947901876254e+03
2.142021484375000568e+02	1.021076431551852806e+03
2.142646484375000568e+02	1.021036550440939095e+03
2.143271484375000568e+02	1.020998515551024298e+03
2.143896484375000568e+02	1.020902704412292906e+03
2.144521484375000568e+02	1.020957552453249491e+03
2.145146484375000568e+02	1.020837186686204063e+03
2.145771484375000568e+02	1.020797689541909790e+03
2.146396484375000568e+02	1.020842154208102897e+03
2.147021484375000568e+02	1.020880690696029092e+03
2.147646484375000568e+02	1.020829267652113231e+03
2.148271484375000568e+02	1.020615566554220209e+03
2.148896484375000568e+02	1.020574046371928830e+03
2.149521484375000568e+02	1.020474156605119902e+03
2.150146484375000568e+02	1.020437158573041188e+03
2.150771484375000568e+02	1.020373677571620760e+03
2.151396484375000568e+02	1.020386018880214465e+03
2.152021484375000568e+02	1.020336636260067962e+03
2.152646484375000568e+02	1.020254538796170664e+03
2.153271484375000568e+02	1.020227452133647375e+03
2.153896484375000568e+02	1.020191562721952437e+03
2.154521484375000568e+02	1.020147191273088652e+03
2.155146484375000568e+02	1.020066242749769458e+03
2.155771484375000568e+02	1.020056960227279092e+03
2.156396484375000568e+02	1.020058850467572711e+03
2.157021484375000568e+02	1.020024945253320652e+03
2.157646484375000568e+02	1.020098903216743679e+03
2.158271484375000568e+02	1.020083408055167183e+03
2.158896484375000568e+02	1.020068156664305434e+03
2.159521484375000568e+02	1.020024562766341546e+03
2.160146484375000568e+02	1.019906136067714556e+03
2.160771484375000568e+02	1.019944826808126663e+03
2.161396484375000568e+02	1.019864614035872705e+03
2.162021484375000568e+02	1.019930399946739158e+03
2.162646484375000568e+02	1.019961022209404973e+03
2.163271484375000568e+02	1.019945895478225793e+03
2.163896484375000568e+02	1.020004939408741848e+03
2.164521484375000568e+02	1.020161169063689840e+03
2.165146484375000568e+02	1.020171982643827278e+03
2.165771484375000568e+02	1.020183156516341569e+03
2.166396484375000568e+02	1.020149116284925753e+03
2.167021484375000568e+02	1.020033789062506230e+03
2.167646484375000568e+02	1.020005446555403864e+03
2.168271484375000568e+02	1.019932024961535717e+03
2.168896484375000568e+02	1.019920302512435228e+03
2.169521484375000568e+02	1.019937114553746937e+03
2.170146484375000568e+02	1.019885292376900338e+03
2.170771484375000568e+02	1.019765692323633289e+03
2.171396484375000568e+02	1.019755246803983482e+03
2.172021484375000568e+02	1.019720186730593355e+03
2.172646484375000568e+02	1.019794776130451282e+03
2.173271484375000568e+02	1.019820124585706822e+03
2.173896484375000568e+02	1.019911150938098103e+03
2.174521484375000568e+02	1.019942187500005957e+03
2.175146484375000568e+02	1.019929857658623632e+03
2.175771484375000568e+02	1.019931502278652033e+03
2.176396484375000568e+02	1.020102245353936269e+03
2.177021484375000568e+02	1.020077749541317758e+03
2.177646484375000568e+02	1.020187135638619225e+03
2.178271484375000568e+02	1.020194003018472245e+03
2.178896484375000568e+02	1.020222602613050640e+03
2.179521484375000568e+02	1.020233775745744765e+03
2.180146484375000568e+02	1.020259728264092473e+03
2.180771484375000568e+02	1.020150398393117143e+03
2.181396484375000568e+02	1.020065009099793542e+03
2.182021484375000568e+02	1.020035899029362326e+03
2.182646484375000568e+02	1.019853249659689254e+03
2.183271484375000568e+02	1.019840671978581327e+03
2.183896484375000568e+02	1.019827520197094259e+03
2.184521484375000568e+02	1.019845968350503426e+03
2.185146484375000568e+02	1.019784035422591728e+03
2.185771484375000568e+02	1.019761906664305343e+03
2.186396484375000568e+02	1.019679086026284835e+03
2.187021484375000568e+02	1.019621194735446579e+03
2.187646484375000568e+02	1.019540801447094054e+03
2.188271484375000568e+02	1.019704273940584017e+03
2.188896484375000568e+02	1.019650808993259034e+03
2.189521484375000568e+02	1.019811691006753335e+03
2.190146484375000568e+02	1.019842519679220118e+03
2.190771484375000568e+02	1.019761781634712634e+03
2.191396484375000568e+02	1.019671236535280968e+03
2.192021484375000568e+02	1.019604839163121710e+03
2.192646484375000568e+02	1.019467288115536803e+03
2.193271484375000568e+02	1.019433357747401942e+03
2.193896484375000568e+02	1.019430473558836752e+03
2.194521484375000568e+02	1.019273204086772353e+03
2.195146484375000568e+02	1.019334643924603824e+03
2.195771484375000568e+02	1.019445636911109546e+03
2.196396484375000568e+02	1.019451219223491080e+03
2.197021484375000568e+02	1.019416597863405855e+03
2.197646484375000568e+02	1.019497452059665193e+03
2.198271484375000568e+02	1.019439327725503631e+03
2.198896484375000568e+02	1.019448174493969304e+03
2.199521484375000568e+02	1.019364281486748837e+03
2.200146484375000568e+02	1.019418120783031668e+03
2.200771484375000568e+02	1.019500751287293156e+03
2.201396484375000568e+02	1.019518460360446625e+03
2.202021484375000568e+02	1.019546617542619856e+03
2.202646484375000568e+02	1.019479445948751732e+03
2.203271484375000568e+02	1.019512424908268599e+03
2.203896484375000568e+02	1.019479361609263037e+03
2.204521484375000568e+02	1.019474498771904905e+03
2.205146484375000568e+02	1.019428584798183238e+03
2.205771484375000568e+02	1.019435749955616984e+03
2.206396484375000568e+02	1.019431636555996079e+03
2.207021484375000568e+02	1.019472248609144458e+03
2.207646484375000568e+02	1.019537004690465551e+03
2.208271484375000568e+02	1.019512126390867934e+03
2.208896484375000568e+02	1.019436004083813145e+03
2.209521484375000568e+02	1.019425744998822438e+03
2.210146484375000568e+02	1.019368701541791438e+03
2.210771484375000568e+02	1.019358991403296955e+03
2.211396484375000568e+02	1.019409195593637833e+03
2.212021484375000568e+02	1.019466702178036712e+03
2.212646484375000568e+02	1.019502567175668901e+03
2.213271484375000568e+02	1.019456669477989294e+03
2.213896484375000568e+02	1.019594082179220322e+03
2.214521484375000568e+02	1.019600720214849844e+03
2.215146484375000568e+02	1.019603252618969123e+03
2.215771484375000568e+02	1.019511093232132339e+03
2.216396484375000568e+02	1.019464346221005371e+03
2.217021484375000568e+02	1.019393382309428603e+03
2.217646484375000568e+02	1.019441200210114971e+03
2.218271484375000568e+02	1.019336623683126390e+03
2.218896484375000568e+02	1.019263413307890005e+03
2.219521484375000568e+02	1.019219940370508198e+03
2.220146484375000568e+02	1.019185745146786758e+03
2.220771484375000568e+02	1.019044736180167320e+03
2.221396484375000568e+02	1.019039139071384170e+03
2.222021484375000568e+02	1.019000143895010865e+03
2.222646484375000568e+02	1.018972296697449337e+03
2.223271484375000568e+02	1.018892638420342564e+03
2.223896484375000568e+02	1.018737123061677721e+03
2.224521484375000568e+02	1.018713785067477602e+03
2.225146484375000568e+02	1.018764216382581935e+03
2.225771484375000568e+02	1.018741708096596994e+03
2.226396484375000568e+02	1.018672376598017536e+03
2.227021484375000568e+02	1.018605039654362486e+03
2.227646484375000568e+02	1.018552670010659654e+03
2.228271484375000568e+02	1.018555655184665511e+03
2.228896484375000568e+02	1.018610719992903682e+03
2.229521484375000568e+02	1.018657118178865062e+03
2.230146484375000568e+02	1.018612394575645340e+03
2.230771484375000568e+02	1.018706574781019413e+03
2.231396484375000568e+02	1.018787849195081890e+03
2.232021484375000568e+02	1.018880422881161735e+03
2.232646484375000568e+02	1.018967419063689817e+03
2.233271484375000568e+02	1.019018124852042320e+03
2.233896484375000568e+02	1.019064793442241239e+03
2.234521484375000568e+02	1.019035979669750304e+03
2.235146484375000568e+02	1.018959791888619179e+03
2.235771484375000568e+02	1.018942123875479865e+03
2.236396484375000568e+02	1.018995375014802903e+03
2.237021484375000568e+02	1.018950051787411553e+03
2.237646484375000568e+02	1.018896259099793156e+03
2.238271484375000568e+02	1.018884720865891495e+03
2.238896484375000568e+02	1.018839728707984250e+03
2.239521484375000568e+02	1.018881593646431270e+03
2.240146484375000568e+02	1.018754124866838879e+03
2.240771484375000568e+02	1.018743263568306247e+03
2.241396484375000568e+02	1.018619427305285626e+03
2.242021484375000568e+02	1.018563298635778210e+03
2.242646484375000568e+02	1.018563084087955758e+03
2.243271484375000568e+02	1.018497929983434346e+03
2.243896484375000568e+02	1.018531940622047159e+03
2.244521484375000568e+02	1.018621357495863435e+03
2.245146484375000568e+02	1.018614004794040284e+03
2.245771484375000568e+02	1.018672522342572393e+03
2.246396484375000568e+02	1.018686608146904973e+03
2.247021484375000568e+02	1.018794829767407009e+03
2.247646484375000568e+02	1.018853837816649047e+03
2.248271484375000568e+02	1.018902240915015682e+03
2.248896484375000568e+02	1.018898363148088606e+03
2.249521484375000568e+02	1.019028629187387651e+03
2.250146484375000568e+02	1.019066907848017649e+03
2.250771484375000568e+02	1.019059356874414561e+03
2.251396484375000568e+02	1.018945655406611650e+03
2.252021484375000568e+02	1.018754388612695834e+03
2.252646484375000568e+02	1.018728175677681634e+03
2.253271484375000568e+02	1.018645279208102806e+03
2.253896484375000568e+02	1.018554420794868861e+03
2.254521484375000568e+02	1.018505328554101879e+03
2.255146484375000568e+02	1.018362383108434301e+03
2.255771484375000568e+02	1.018284645774154114e+03
2.256396484375000568e+02	1.018346529134120829e+03
2.257021484375000568e+02	1.018385102243140977e+03
2.257646484375000568e+02	1.018452960759949178e+03
2.258271484375000568e+02	1.018432973780782618e+03
2.258896484375000568e+02	1.018488795794868906e+03
2.259521484375000568e+02	1.018461425781256366e+03
2.260146484375000568e+02	1.018448079427089510e+03
2.260771484375000568e+02	1.018560424434783954e+03
2.261396484375000568e+02	1.018648716412174736e+03
2.262021484375000568e+02	1.018529632383410558e+03
2.262646484375000568e+02	1.018541156560730769e+03
2.263271484375000568e+02	1.018468924227633806e+03
2.263896484375000568e+02	1.018488590494798018e+03
2.264521484375000568e+02	1.018599337491128267e+03
2.265146484375000568e+02	1.018636301121573752e+03
2.265771484375000568e+02	1.018597275612577278e+03
2.266396484375000568e+02	1.018644846413358664e+03
2.267021484375000568e+02	1.018525371389684324e+03
2.267646484375000568e+02	1.018524784342454154e+03
2.268271484375000568e+02	1.018607142962837543e+03
2.268896484375000568e+02	1.018697601133410558e+03
2.269521484375000568e+02	1.018666284919513942e+03
2.270146484375000568e+02	1.018647518273562127e+03
2.270771484375000568e+02	1.018673215553983482e+03
2.271396484375000568e+02	1.018665588378912503e+03
2.272021484375000568e+02	1.018779579116365198e+03
2.272646484375000568e+02	1.018805200565229029e+03
2.273271484375000568e+02	1.018775043649390909e+03
2.273896484375000568e+02	1.018717232259120806e+03
2.274521484375000568e+02	1.018807127056705895e+03
2.275146484375000568e+02	1.018770065030190722e+03
2.275771484375000568e+02	1.018768007220650247e+03
2.276396484375000568e+02	1.018741165438571556e+03
2.277021484375000568e+02	1.018762794448396335e+03
2.277646484375000568e+02	1.018784471176616080e+03
2.278271484375000568e+02	1.018801427112932402e+03
2.278896484375000568e+02	1.018766852731421977e+03
2.279521484375000568e+02	1.018856070593637810e+03
2.280146484375000568e+02	1.018863254616483459e+03
2.280771484375000568e+02	1.018937318004267695e+03
2.281396484375000568e+02	1.018750149813571852e+03
2.282021484375000568e+02	1.018745405717335530e+03
2.282646484375000568e+02	1.018690777402942103e+03
2.283271484375000568e+02	1.018698303962482669e+03
2.283896484375000568e+02	1.018677608975503517e+03
2.284521484375000568e+02	1.018611019250124286e+03
2.285146484375000568e+02	1.018561463881990107e+03
2.285771484375000568e+02	1.018456830018945766e+03
2.286396484375000568e+02	1.018382200668803421e+03
2.287021484375000568e+02	1.018382279089731583e+03
2.287646484375000568e+02	1.018296255770602670e+03
2.288271484375000568e+02	1.018267103160517536e+03
2.288896484375000568e+02	1.018375551905783027e+03
2.289521484375000568e+02	1.018394056655427676e+03
2.290146484375000568e+02	1.018505595259239044e+03
2.290771484375000568e+02	1.018595859966862463e+03
2.291396484375000568e+02	1.018698158217927812e+03
2.292021484375000568e+02	1.018797099165489158e+03
2.292646484375000568e+02	1.018811930708457908e+03
2.293271484375000568e+02	1.018765666799840801e+03
2.293896484375000568e+02	1.018870423842927721e+03
2.294521484375000568e+02	1.018918361964376572e+03
2.295146484375000568e+02	1.018841018954196670e+03
2.295771484375000568e+02	1.018767449766222967e+03
2.296396484375000568e+02	1.018826069779835734e+03
2.297021484375000568e+02	1.018712532921999582e+03
2.297646484375000568e+02	1.018566910067477920e+03
2.298271484375000568e+02	1.018458325195318821e+03
2.298896484375000568e+02	1.018319593764802789e+03
2.299521484375000568e+02	1.018191474313453114e+03
2.300146484375000568e+02	1.018170406457155650e+03
2.300771484375000568e+02	1.018161324425905832e+03
2.301396484375000568e+02	1.018189782344939999e+03
2.302021484375000568e+02	1.018222305205380394e+03
2.302646484375000568e+02	1.018116250887790443e+03
2.303271484375000568e+02	1.018094631865536599e+03
2.303896484375000568e+02	1.018216753595531827e+03
2.304521484375000568e+02	1.018205684407558238e+03
2.305146484375000568e+02	1.018249389278533954e+03
2.305771484375000568e+02	1.018304745205972267e+03
2.306396484375000568e+02	1.018332853560020453e+03
2.307021484375000568e+02	1.018291849402231946e+03
2.307646484375000568e+02	1.018490910570555570e+03
2.308271484375000568e+02	1.018590393066412275e+03
2.308896484375000568e+02	1.018513272002255462e+03
2.309521484375000568e+02	1.018498610247993838e+03
2.310146484375000568e+02	1.018423265121928466e+03
2.310771484375000568e+02	1.018428664328841364e+03
2.311396484375000568e+02	1.018393197724319521e+03
2.312021484375000568e+02	1.018322911857842200e+03
2.312646484375000568e+02	1.018176733028533476e+03
2.313271484375000568e+02	1.018044749866838515e+03
2.313896484375000568e+02	1.017891110691885956e+03
2.314521484375000568e+02	1.017735833185375554e+03
2.315146484375000568e+02	1.017636430959996687e+03
2.315771484375000568e+02	1.017629955684783567e+03
2.316396484375000568e+02	1.017571174020484477e+03
2.317021484375000568e+02	1.017532778838193053e+03
2.317646484375000568e+02	1.017569057395247683e+03
2.318271484375000568e+02	1.017655347419513646e+03
2.318896484375000568e+02	1.017740256569608619e+03
2.319521484375000568e+02	1.017841721413358641e+03
2.320146484375000568e+02	1.017832666755451328e+03
2.320771484375000568e+02	1.017897793116720095e+03
2.321396484375000568e+02	1.017981528172354842e+03
2.322021484375000568e+02	1.018005091441767604e+03
2.322646484375000568e+02	1.018065493681942826e+03
2.323271484375000568e+02	1.018036911473136115e+03
2.323896484375000568e+02	1.017971941583813077e+03
2.324521484375000568e+02	1.017950816391459739e+03
2.325146484375000568e+02	1.017968455551616103e+03
2.325771484375000568e+02	1.017912138597899229e+03
2.326396484375000568e+02	1.017827441776166324e+03
2.327021484375000568e+02	1.017846404474438259e+03
2.327646484375000568e+02	1.017889564837837838e+03
2.328271484375000568e+02	1.017893629039423899e+03
2.328896484375000568e+02	1.017973700136133175e+03
2.329521484375000568e+02	1.018078447561559301e+03
2.330146484375000568e+02	1.018166878255214669e+03
2.330771484375000568e+02	1.017999213571265614e+03
2.331396484375000568e+02	1.017919001908741848e+03
2.332021484375000568e+02	1.017919180205380371e+03
2.332646484375000568e+02	1.017957857998940995e+03
2.333271484375000568e+02	1.017889585552799531e+03
2.333896484375000568e+02	1.017887001361275111e+03
2.334521484375000568e+02	1.017844861579669896e+03
2.335146484375000568e+02	1.017763993326829222e+03
2.335771484375000568e+02	1.017582212875834898e+03
2.336396484375000568e+02	1.017542661354764618e+03
2.337021484375000568e+02	1.017407495487103688e+03
2.337646484375000568e+02	1.017309489302208021e+03
2.338271484375000568e+02	1.017343957889447665e+03
2.338896484375000568e+02	1.017350168678983550e+03
2.339521484375000568e+02	1.017280899695200333e+03
2.340146484375000568e+02	1.017260364509357373e+03
2.340771484375000568e+02	1.017334591397378290e+03
2.341396484375000568e+02	1.017330138050432197e+03
2.342021484375000568e+02	1.017428528201947529e+03
2.342646484375000568e+02	1.017356545928036553e+03
2.343271484375000568e+02	1.017479722641459830e+03
2.343896484375000568e+02	1.017545255903770340e+03
2.344521484375000568e+02	1.017686040704906873e+03
2.345146484375000568e+02	1.017826030569371596e+03
2.345771484375000568e+02	1.017967196377847245e+03
2.346396484375000568e+02	1.018028026234025901e+03
2.347021484375000568e+02	1.018052752130687850e+03
2.347646484375000568e+02	1.017979717832629490e+03
2.348271484375000568e+02	1.017905954441885910e+03
2.348896484375000568e+02	1.017792323996810183e+03
2.349521484375000568e+02	1.017817646928273234e+03
2.350146484375000568e+02	1.017682471442951282e+03
2.350771484375000568e+02	1.017448930220176635e+03
2.351396484375000568e+02	1.017443350497165511e+03
2.352021484375000568e+02	1.017438081498585689e+03
2.352646484375000568e+02	1.017467580344466455e+03
2.353271484375000568e+02	1.017515032774035717e+03
2.353896484375000568e+02	1.017574880888974235e+03
2.354521484375000568e+02	1.017502483945910626e+03
2.355146484375000568e+02	1.017539677660399207e+03
2.355771484375000568e+02	1.017533743563571647e+03
2.356396484375000568e+02	1.017591341515749605e+03
2.357021484375000568e+02	1.017630827932653119e+03
2.357646484375000568e+02	1.017550524902349821e+03
2.358271484375000568e+02	1.017517857776994788e+03
2.358896484375000568e+02	1.017478402062624809e+03
2.359521484375000568e+02	1.017235725911464783e+03
2.360146484375000568e+02	1.017118314245981765e+03
2.360771484375000568e+02	1.017080863074106674e+03
2.361396484375000568e+02	1.017007169226450287e+03
2.362021484375000568e+02	1.016937817382818594e+03
2.362646484375000568e+02	1.016964794182061269e+03
2.363271484375000568e+02	1.017176167805995988e+03
2.363896484375000568e+02	1.017349665971242189e+03
2.364521484375000568e+02	1.017512430456918878e+03
2.365146484375000568e+02	1.017582092655072643e+03
2.365771484375000568e+02	1.017638732910162503e+03
2.366396484375000568e+02	1.017709602124769276e+03
2.367021484375000568e+02	1.017813540187032913e+03
2.367646484375000568e+02	1.017772334058363299e+03
2.368271484375000568e+02	1.017743494392170305e+03
2.368896484375000568e+02	1.017747527891223172e+03
2.369521484375000568e+02	1.017682931611038498e+03
2.370146484375000568e+02	1.017633775005924576e+03
2.370771484375000568e+02	1.017572750946976043e+03
2.371396484375000568e+02	1.017482356031019549e+03
2.372021484375000568e+02	1.017429198848846454e+03
2.372646484375000568e+02	1.017376549923064886e+03
2.373271484375000568e+02	1.017352816864944657e+03
2.373896484375000568e+02	1.017475691731777147e+03
2.374521484375000568e+02	1.017431402402941671e+03
2.375146484375000568e+02	1.017410741447686405e+03
2.375771484375000568e+02	1.017468466648917456e+03
2.376396484375000568e+02	1.017443177009357555e+03
2.377021484375000568e+02	1.017366018584286508e+03
2.377646484375000568e+02	1.017288219105119879e+03
2.378271484375000568e+02	1.017113157700053648e+03
2.378896484375000568e+02	1.017053537079788498e+03
2.379521484375000568e+02	1.016948567338429484e+03
2.380146484375000568e+02	1.016913857569845391e+03
2.380771484375000568e+02	1.016847222345531577e+03
2.381396484375000568e+02	1.016795077607132043e+03
2.382021484375000568e+02	1.016831064305167388e+03
2.382646484375000568e+02	1.016679612038358641e+03
2.383271484375000568e+02	1.016610203968400924e+03
2.383896484375000568e+02	1.016573918013145544e+03
2.384521484375000568e+02	1.016625323671289493e+03
2.385146484375000568e+02	1.016805283425077391e+03
2.385771484375000568e+02	1.016954093054575196e+03
2.386396484375000568e+02	1.016964693936440767e+03
2.387021484375000568e+02	1.017024769546052653e+03
2.387646484375000568e+02	1.017136098040962679e+03
2.388271484375000568e+02	1.017089591101450196e+03
2.388896484375000568e+02	1.017000403201947393e+03
2.389521484375000568e+02	1.016820239997638851e+03
2.390146484375000568e+02	1.016729587624295732e+03
2.390771484375000568e+02	1.016769946289068912e+03
2.391396484375000568e+02	1.016836378062861399e+03
2.392021484375000568e+02	1.016847851192596181e+03
2.392646484375000568e+02	1.016801531797473217e+03
2.393271484375000568e+02	1.016773103101332026e+03
2.393896484375000568e+02	1.016767322887079899e+03
2.394521484375000568e+02	1.016613548694963697e+03
2.395146484375000568e+02	1.016703321052326260e+03
2.395771484375000568e+02	1.016671237275101021e+03
2.396396484375000568e+02	1.016658398067596181e+03
2.397021484375000568e+02	1.016777466930048831e+03
2.397646484375000568e+02	1.016847011866719981e+03
2.398271484375000568e+02	1.016832866506871710e+03
2.398896484375000568e+02	1.016871592018827300e+03
2.399521484375000568e+02	1.016864426861393326e+03
2.400146484375000568e+02	1.016745328776048041e+03
2.400771484375000568e+02	1.016567295143827323e+03
2.401396484375000568e+02	1.016553131658386746e+03
2.402021484375000568e+02	1.016556890314281645e+03
2.402646484375000568e+02	1.016577730305995829e+03
2.403271484375000568e+02	1.016639481608079109e+03
2.403896484375000568e+02	1.016598097182771312e+03
2.404521484375000568e+02	1.016574678918093582e+03
2.405146484375000568e+02	1.016605443966033704e+03
2.405771484375000568e+02	1.016661980276403028e+03
2.406396484375000568e+02	1.016679937559191899e+03
2.407021484375000568e+02	1.016690602065583789e+03
2.407646484375000568e+02	1.016485153290725975e+03
2.408271484375000568e+02	1.016488299375598103e+03
2.408896484375000568e+02	1.016591252737340483e+03
2.409521484375000568e+02	1.016589604788121733e+03
2.410146484375000568e+02	1.016611170543330331e+03
2.410771484375000568e+02	1.016639385431469350e+03
2.411396484375000568e+02	1.016612086440583994e+03
2.412021484375000568e+02	1.016621810265749559e+03
2.412646484375000568e+02	1.016580652965205331e+03
2.413271484375000568e+02	1.016630636689163339e+03
2.413896484375000568e+02	1.016560653039187173e+03
2.414521484375000568e+02	1.016601590983079177e+03
2.415146484375000568e+02	1.016551816998112372e+03
2.415771484375000568e+02	1.016498299523562082e+03
2.416396484375000568e+02	1.016448058342217450e+03
2.417021484375000568e+02	1.016369940740418201e+03
2.417646484375000568e+02	1.016411803829314863e+03
2.418271484375000568e+02	1.016431764914778796e+03
2.418896484375000568e+02	1.016397999526521403e+03
2.419521484375000568e+02	1.016311466101450492e+03
2.420146484375000568e+02	1.016271351577302539e+03
2.420771484375000568e+02	1.016248039476805388e+03
2.421396484375000568e+02	1.016170729758528978e+03
2.422021484375000568e+02	1.016247733191294174e+03
2.422646484375000568e+02	1.016275620339139891e+03
2.423271484375000568e+02	1.016252847567477943e+03
2.423896484375000568e+02	1.016228185295342314e+03
2.424521484375000568e+02	1.016121597567477920e+03
2.425146484375000568e+02	1.016096794359618002e+03
2.425771484375000568e+02	1.016142434599911439e+03
2.426396484375000568e+02	1.016206069853817667e+03
2.427021484375000568e+02	1.016187463748822665e+03
2.427646484375000568e+02	1.016174002722544174e+03
2.428271484375000568e+02	1.016238122558600026e+03
2.428896484375000568e+02	1.016227734744916233e+03
2.429521484375000568e+02	1.016314746463666324e+03
2.430146484375000568e+02	1.016361644767998655e+03
2.430771484375000568e+02	1.016318909061322415e+03
2.431396484375000568e+02	1.016263477672236718e+03
2.432021484375000568e+02	1.016162696422236422e+03
2.432646484375000568e+02	1.016193467018827278e+03
2.433271484375000568e+02	1.016169800544513691e+03
2.433896484375000568e+02	1.016263414787529655e+03
2.434521484375000568e+02	1.016140606504504490e+03
2.435146484375000568e+02	1.015990316125124309e+03
2.435771484375000568e+02	1.015872152802444816e+03
2.436396484375000568e+02	1.015812463378912526e+03
2.437021484375000568e+02	1.015828084309902238e+03
2.437646484375000568e+02	1.015811408395484591e+03
2.438271484375000568e+02	1.015911002604172722e+03
2.438896484375000568e+02	1.015945272919632316e+03
2.439521484375000568e+02	1.015953170498940949e+03
2.440146484375000568e+02	1.016033498683126481e+03
2.440771484375000568e+02	1.015986681019182242e+03
2.441396484375000568e+02	1.015922274872757271e+03
2.442021484375000568e+02	1.015896033454669805e+03
2.442646484375000568e+02	1.015859935043803944e+03
2.443271484375000568e+02	1.015947427645602943e+03
2.443896484375000568e+02	1.015920668723372842e+03
2.444521484375000568e+02	1.015920742335470322e+03
2.445146484375000568e+02	1.015906977243140773e+03
2.445771484375000568e+02	1.015953500088784381e+03
2.446396484375000568e+02	1.015920171564281873e+03
2.447021484375000568e+02	1.016010645271076328e+03
2.447646484375000568e+02	1.016093251361275179e+03
2.448271484375000568e+02	1.016250058075882293e+03
2.448896484375000568e+02	1.016344495368732396e+03
2.449521484375000568e+02	1.016395411265986127e+03
2.450146484375000568e+02	1.016418825091743884e+03
2.450771484375000568e+02	1.016384964266696670e+03
2.451396484375000568e+02	1.016296851325763896e+03
2.452021484375000568e+02	1.016229950875953023e+03
2.452646484375000568e+02	1.016039824884594509e+03
2.453271484375000568e+02	1.015913329338311087e+03
2.453896484375000568e+02	1.015932798443424872e+03
2.454521484375000568e+02	1.015875914047709898e+03
2.455146484375000568e+02	1.015819512754504558e+03
2.455771484375000568e+02	1.015664223410872751e+03
2.456396484375000568e+02	1.015544138035636024e+03
2.457021484375000568e+02	1.015523977938571647e+03
2.457646484375000568e+02	1.015521955640394367e+03
2.458271484375000568e+02	1.015581032122993975e+03
2.458896484375000568e+02	1.015701241788003131e+03
2.459521484375000568e+02	1.015783267119442826e+03
2.460146484375000568e+02	1.015824222079196488e+03
2.460771484375000568e+02	1.015834222597070720e+03
2.461396484375000568e+02	1.015904821777350207e+03
2.462021484375000568e+02	1.015952530554575333e+03
2.462646484375000568e+02	1.016043738902704945e+03
2.463271484375000568e+02	1.016028511925905946e+03
2.463896484375000568e+02	1.016156247410635729e+03
2.464521484375000568e+02	1.016260317530782686e+03
2.465146484375000568e+02	1.016322875236748700e+03
2.465771484375000568e+02	1.016398949455498382e+03
2.466396484375000568e+02	1.016339868903889055e+03
2.467021484375000568e+02	1.016364079145958158e+03
2.467646484375000568e+02	1.016184569942596340e+03
2.468271484375000568e+02	1.016053027343756185e+03
2.468896484375000568e+02	1.016046980054456981e+03
2.469521484375000568e+02	1.015882219534215551e+03
2.470146484375000568e+02	1.015827438077065608e+03
2.470771484375000568e+02	1.015763945238524229e+03
2.471396484375000568e+02	1.015761552660399389e+03
2.472021484375000568e+02	1.015724540201829086e+03
2.472646484375000568e+02	1.015741131406847899e+03
2.473271484375000568e+02	1.015724512458576328e+03
2.473896484375000568e+02	1.015670777476923831e+03
2.474521484375000568e+02	1.015550067693543269e+03
2.475146484375000568e+02	1.015517054332392490e+03
2.475771484375000568e+02	1.015616121049367280e+03
2.476396484375000568e+02	1.015569722863406014e+03
2.477021484375000568e+02	1.015486868933481446e+03
2.477646484375000568e+02	1.015578348795579132e+03
2.478271484375000568e+02	1.015507773289542001e+03
2.478896484375000568e+02	1.015503355823870038e+03
2.479521484375000568e+02	1.015551508493140886e+03
2.480146484375000568e+02	1.015709726784452073e+03
2.480771484375000568e+02	1.015785516912293133e+03
2.481396484375000568e+02	1.015748127145484432e+03
2.482021484375000568e+02	1.015822717285162298e+03
2.482646484375000568e+02	1.015914557069726698e+03
2.483271484375000568e+02	1.016009459709404837e+03
2.483896484375000568e+02	1.015998875103581213e+03
2.484521484375000568e+02	1.015980870102397375e+03
2.485146484375000568e+02	1.015939743134475862e+03
2.485771484375000568e+02	1.015842036946620851e+03
2.486396484375000568e+02	1.015725542288121687e+03
2.487021484375000568e+02	1.015747547866365039e+03
2.487646484375000568e+02	1.015673511112103711e+03
2.488271484375000568e+02	1.015591876775574519e+03
2.488896484375000568e+02	1.015557500295934460e+03
2.489521484375000568e+02	1.015528929554338447e+03
2.490146484375000568e+02	1.015530084413476629e+03
2.490771484375000568e+02	1.015596310517288657e+03
2.491396484375000568e+02	1.015764252263855724e+03
2.492021484375000568e+02	1.015885643421525970e+03
2.492646484375000568e+02	1.015897727272733732e+03
2.493271484375000568e+02	1.015808352568661348e+03
2.493896484375000568e+02	1.015929528438689886e+03
2.494521484375000568e+02	1.016021056759002477e+03
2.495146484375000568e+02	1.016095708673656759e+03
2.495771484375000568e+02	1.016098058342217314e+03
2.496396484375000568e+02	1.016152709221123587e+03
2.497021484375000568e+02	1.016226931300313709e+03
2.497646484375000568e+02	1.016170598070555343e+03
2.498271484375000568e+02	1.016143238784333789e+03
2.498896484375000568e+02	1.016116185783623678e+03
2.499521484375000568e+02	1.016000029592809256e+03
2.500146484375000568e+02	1.015997210508410944e+03
2.500771484375000568e+02	1.015939995043211979e+03
2.501396484375000568e+02	1.015941598603225771e+03
2.502021484375000568e+02	1.015894374778060296e+03
2.502646484375000568e+02	1.015865050899627477e+03
2.503271484375000568e+02	1.015933507930877340e+03
2.503896484375000568e+02	1.015971009410517468e+03
2.504521484375000568e+02	1.016032475142051794e+03
2.505146484375000568e+02	1.015989646587956145e+03
2.505771484375000568e+02	1.016069988088902733e+03
2.506396484375000568e+02	1.016193343838784699e+03
2.507021484375000568e+02	1.016330146928273507e+03
2.507646484375000568e+02	1.016421066376663475e+03
2.508271484375000568e+02	1.016569514234144208e+03
2.508896484375000568e+02	1.016623362778178489e+03
2.509521484375000568e+02	1.016512950550432151e+03
2.510146484375000568e+02	1.016464642888855565e+03
2.510771484375000568e+02	1.016424806906966296e+03
2.511396484375000568e+02	1.016386035896076464e+03
2.512021484375000568e+02	1.016367687988287457e+03
2.512646484375000568e+02	1.016374683357013964e+03
2.513271484375000568e+02	1.016352891586772330e+03
2.513896484375000568e+02	1.016230362585825219e+03
2.514521484375000568e+02	1.016297452799485427e+03
2.515146484375000568e+02	1.016309065015394594e+03
2.515771484375000568e+02	1.016287300988405946e+03
2.516396484375000568e+02	1.016408922600029769e+03
2.517021484375000568e+02	1.016435635653415602e+03
2.517646484375000568e+02	1.016520817057298018e+03
2.518271484375000568e+02	1.016605644457274252e+03
2.518896484375000568e+02	1.016615715258055388e+03
2.519521484375000568e+02	1.016648368326829086e+03
2.520146484375000568e+02	1.016582758123230860e+03
2.520771484375000568e+02	1.016454853589613208e+03
2.521396484375000568e+02	1.016461564867430639e+03
2.522021484375000568e+02	1.016427256451237440e+03
2.522646484375000568e+02	1.016403380237932424e+03
2.523271484375000568e+02	1.016349634158978915e+03
2.523896484375000568e+02	1.016425938091862122e+03
2.524521484375000568e+02	1.016425955847544287e+03
2.525146484375000568e+02	1.016360602361511951e+03
2.525771484375000568e+02	1.016348910984854570e+03
2.526396484375000568e+02	1.016362109005096158e+03
2.527021484375000568e+02	1.016407066391459693e+03
2.527646484375000568e+02	1.016321376731185296e+03
2.528271484375000568e+02	1.016456366151757948e+03
2.528896484375000568e+02	1.016386848958339783e+03
2.529521484375000568e+02	1.016286010002373700e+03
2.530146484375000568e+02	1.016149165852871079e+03
2.530771484375000568e+02	1.016166610810256998e+03
2.531396484375000568e+02	1.016072494969229751e+03
2.532021484375000568e+02	1.015917880341507271e+03
2.532646484375000568e+02	1.015824832800669242e+03
2.533271484375000568e+02	1.015858326305048877e+03
2.533896484375000568e+02	1.015810232451474008e+03
2.534521484375000568e+02	1.015831252959286417e+03
2.535146484375000568e+02	1.015821938624532663e+03
2.535771484375000568e+02	1.015813492838547859e+03
2.536396484375000568e+02	1.015758282655664175e+03
2.537021484375000568e+02	1.015809961677326214e+03
2.537646484375000568e+02	1.015914862985328341e+03
2.538271484375000568e+02	1.015909050218993002e+03
2.538896484375000568e+02	1.016008685117785603e+03
2.539521484375000568e+02	1.015892956542975185e+03
2.540146484375000568e+02	1.015846246892761997e+03
2.540771484375000568e+02	1.015773800011843264e+03
2.541396484375000568e+02	1.015882678962482714e+03
2.542021484375000568e+02	1.015829522890039243e+03
2.542646484375000568e+02	1.015851958673657009e+03
2.543271484375000568e+02	1.015787650923301612e+03
2.543896484375000568e+02	1.015665399354882993e+03
2.544521484375000568e+02	1.015652853116128767e+03
2.545146484375000568e+02	1.015657323478936064e+03
2.545771484375000568e+02	1.015671103737577141e+03
2.546396484375000568e+02	1.015693437426024275e+03
2.547021484375000568e+02	1.015695433090678648e+03
2.547646484375000568e+02	1.015660990397141745e+03
2.548271484375000568e+02	1.015722249718874536e+03
2.548896484375000568e+02	1.015752099239471136e+03
2.549521484375000568e+02	1.015797219016341501e+03
2.550146484375000568e+02	1.015792872943306520e+03
2.550771484375000568e+02	1.015779517711298922e+03
2.551396484375000568e+02	1.015700417628439141e+03
2.552021484375000568e+02	1.015713385934547205e+03
2.552646484375000568e+02	1.015836137251426408e+03
2.553271484375000568e+02	1.015742076157084853e+03
2.553896484375000568e+02	1.015551550662885006e+03
2.554521484375000568e+02	1.015577453243377477e+03
2.555146484375000568e+02	1.015464871863169037e+03
2.555771484375000568e+02	1.015317791193187986e+03
2.556396484375000568e+02	1.015299093720413566e+03
2.557021484375000568e+02	1.015269907818424940e+03
2.557646484375000568e+02	1.015218377500598081e+03
2.558271484375000568e+02	1.015182664905900879e+03
2.558896484375000568e+02	1.015035332697094304e+03
2.559521484375000568e+02	1.014968258389565790e+03
2.560146484375000568e+02	1.014836852287529950e+03
2.560771484375000568e+02	1.014840089000361218e+03
2.561396484375000568e+02	1.015027596398562196e+03
2.562021484375000568e+02	1.014991506865536508e+03
2.562646484375000568e+02	1.014945659845531509e+03
2.563271484375000568e+02	1.015014880741009847e+03
2.563896484375000568e+02	1.014980407714850116e+03
2.564521484375000568e+02	1.014869524591625350e+03
2.565146484375000568e+02	1.014760289047710103e+03
2.565771484375000568e+02	1.014780931137553580e+03
2.566396484375000568e+02	1.014826865456327255e+03
2.567021484375000568e+02	1.014815350896668065e+03
2.567646484375000568e+02	1.014900036621099844e+03
2.568271484375000568e+02	1.014872141335233437e+03
2.568896484375000568e+02	1.014888150671762901e+03
2.569521484375000568e+02	1.014891897120626368e+03
2.570146484375000568e+02	1.014837652033031532e+03
2.570771484375000568e+02	1.014843913500243048e+03
2.571396484375000568e+02	1.015052449174366984e+03
2.572021484375000568e+02	1.015114148319134983e+03
2.572646484375000568e+02	1.015388057454433579e+03
2.573271484375000568e+02	1.015455289343637787e+03
2.573896484375000568e+02	1.015308562307653119e+03
2.574521484375000568e+02	1.015197420247402192e+03
2.575146484375000568e+02	1.015117584043566808e+03
2.575771484375000568e+02	1.014916064823041438e+03
2.576396484375000568e+02	1.014833462431942621e+03
2.577021484375000568e+02	1.014809895833339510e+03
2.577646484375000568e+02	1.014712256969111536e+03
2.578271484375000568e+02	1.014615632028297000e+03
2.578896484375000568e+02	1.014573211115063145e+03
2.579521484375000568e+02	1.014543754808836752e+03
2.580146484375000568e+02	1.014346248002492075e+03
2.580771484375000568e+02	1.014443113384831236e+03
2.581396484375000568e+02	1.014523588053391677e+03
2.582021484375000568e+02	1.014615996759594168e+03
2.582646484375000568e+02	1.014774576453012969e+03
2.583271484375000568e+02	1.015010984478581008e+03
2.583896484375000568e+02	1.015097388435138782e+03
2.584521484375000568e+02	1.015133411754267740e+03
2.585146484375000568e+02	1.014983850837482578e+03
2.585771484375000568e+02	1.014880156915844395e+03
2.586396484375000568e+02	1.014789601458931429e+03
2.587021484375000568e+02	1.014717855187624764e+03
2.587646484375000568e+02	1.014634686464258039e+03
2.588271484375000568e+02	1.014661947724319475e+03
2.588896484375000568e+02	1.014639815266933397e+03
2.589521484375000568e+02	1.014544314112814050e+03
2.590146484375000568e+02	1.014443307217690631e+03
2.590771484375000568e+02	1.014349061538240107e+03
2.591396484375000568e+02	1.014299850556350975e+03
2.592021484375000568e+02	1.014267051003202255e+03
2.592646484375000568e+02	1.014362696052326214e+03
2.593271484375000568e+02	1.014445881791554484e+03
2.593896484375000568e+02	1.014573618386014687e+03
2.594521484375000568e+02	1.014599344519419219e+03
2.595146484375000568e+02	1.014676536606303785e+03
2.595771484375000568e+02	1.014687388657084739e+03
2.596396484375000568e+02	1.014662077932653119e+03
2.597021484375000568e+02	1.014630310798419828e+03
2.597646484375000568e+02	1.014681059126426590e+03
2.598271484375000568e+02	1.014732502515394458e+03
2.598896484375000568e+02	1.014812110114826282e+03
2.599521484375000568e+02	1.014831729773325492e+03
2.600146484375000568e+02	1.014991186153533590e+03
2.600771484375000568e+02	1.014927925988405718e+03
2.601396484375000568e+02	1.014834832208813168e+03
2.602021484375000568e+02	1.014768652713666370e+03
2.602646484375000568e+02	1.014770143081208744e+03
2.603271484375000568e+02	1.014790500340323320e+03
2.603896484375000568e+02	1.014893678237458971e+03
2.604521484375000568e+02	1.014981442353225816e+03
2.605146484375000568e+02	1.015089216382581753e+03
2.605771484375000568e+02	1.015103650272259983e+03
2.606396484375000568e+02	1.015084737511843400e+03
2.607021484375000568e+02	1.015012581010304757e+03
2.607646484375000568e+02	1.015093617572212679e+03
2.608271484375000568e+02	1.015133086603344395e+03
2.608896484375000568e+02	1.015207860218401038e+03
2.609521484375000568e+02	1.015231981312151333e+03
2.610146484375000568e+02	1.015303925855238390e+03
2.610771484375000568e+02	1.015246422969940113e+03
2.611396484375000568e+02	1.015126118238050708e+03
2.612021484375000568e+02	1.015195443818069634e+03
2.612646484375000568e+02	1.015048096812861331e+03
2.613271484375000568e+02	1.015015172600030041e+03
2.613896484375000568e+02	1.015050344386251595e+03
2.614521484375000568e+02	1.015082022372165625e+03
2.615146484375000568e+02	1.015068616092572483e+03
2.615771484375000568e+02	1.015153355453959989e+03
2.616396484375000568e+02	1.015098071289068912e+03
2.617021484375000568e+02	1.014958577473964397e+03
2.617646484375000568e+02	1.014838681492667092e+03
2.618271484375000568e+02	1.014727443255806406e+03
2.618896484375000568e+02	1.014707045306587588e+03
2.619521484375000568e+02	1.014776768169987236e+03
2.620146484375000568e+02	1.014799734404599008e+03
2.620771484375000568e+02	1.014742080965915079e+03
2.621396484375000568e+02	1.014616010816175617e+03
2.622021484375000568e+02	1.014574550559310183e+03
2.622646484375000568e+02	1.014422714695792479e+03
2.623271484375000568e+02	1.014501775938098035e+03
2.623896484375000568e+02	1.014477935975977061e+03
2.624521484375000568e+02	1.014362877308245174e+03
2.625146484375000568e+02	1.014349280524982419e+03
2.625771484375000568e+02	1.014368764796407845e+03
2.626396484375000568e+02	1.014279670114234477e+03
2.627021484375000568e+02	1.014179856918803466e+03
2.627646484375000568e+02	1.014025996167738526e+03
2.628271484375000568e+02	1.013793745561085984e+03
2.628896484375000568e+02	1.013671021987459198e+03
2.629521484375000568e+02	1.013571098928746551e+03
2.630146484375000568e+02	1.013543492542619674e+03
2.630771484375000568e+02	1.013527920069845095e+03
2.631396484375000568e+02	1.013513941539423740e+03
2.632021484375000568e+02	1.013605957771076191e+03
2.632646484375000568e+02	1.013603472345531827e+03
2.633271484375000568e+02	1.013663789136488049e+03
2.633896484375000568e+02	1.013755771706327209e+03
2.634521484375000568e+02	1.013835408158741870e+03
2.635146484375000568e+02	1.014032546164779092e+03
2.635771484375000568e+02	1.013971337150811337e+03
2.636396484375000568e+02	1.013947172407676248e+03
2.637021484375000568e+02	1.013914820075763600e+03
2.637646484375000568e+02	1.013845720880688191e+03
2.638271484375000568e+02	1.013770196718164357e+03
2.638896484375000568e+02	1.013644929273206799e+03
2.639521484375000568e+02	1.013483258611512042e+03
2.640146484375000568e+02	1.013376063491365358e+03
2.640771484375000568e+02	1.013378525982487531e+03
2.641396484375000568e+02	1.013216513154007316e+03
2.642021484375000568e+02	1.013141155820910399e+03
2.642646484375000568e+02	1.013090518465915579e+03
2.643271484375000568e+02	1.013201912434902169e+03
2.643896484375000568e+02	1.013239435369324383e+03
2.644521484375000568e+02	1.013302081483789266e+03
2.645146484375000568e+02	1.013464595910280764e+03
2.645771484375000568e+02	1.013576334635422768e+03
2.646396484375000568e+02	1.013662003580735472e+03
2.647021484375000568e+02	1.013728839296289266e+03
2.647646484375000568e+02	1.013705627811322529e+03
2.648271484375000568e+02	1.013647467595886837e+03
2.648896484375000568e+02	1.013569564541909699e+03
2.649521484375000568e+02	1.013663191731777260e+03
2.650146484375000568e+02	1.013731067634357601e+03
2.650771484375000568e+02	1.013659961677326464e+03
2.651396484375000568e+02	1.013588974831327278e+03
2.652021484375000568e+02	1.013464332904243861e+03
2.652646484375000568e+02	1.013468368252847085e+03
2.653271484375000568e+02	1.013291202799485404e+03
2.653896484375000568e+02	1.013263253136843332e+03
2.654521484375000568e+02	1.013206946170697620e+03
2.655146484375000568e+02	1.013193366773206890e+03
2.655771484375000568e+02	1.013196158114352784e+03
2.656396484375000568e+02	1.013325133907439749e+03
2.657021484375000568e+02	1.013368804376781782e+03
2.657646484375000568e+02	1.013412770034333789e+03
2.658271484375000568e+02	1.013409474875716342e+03
2.658896484375000568e+02	1.013429660496573320e+03
2.659521484375000568e+02	1.013528243741128449e+03
2.660146484375000568e+02	1.013459016927089579e+03
2.660771484375000568e+02	1.013597235662293201e+03
2.661396484375000568e+02	1.013712762636132879e+03
2.662021484375000568e+02	1.013616944469111331e+03
2.662646484375000568e+02	1.013552344119916256e+03
2.663271484375000568e+02	1.013399737363879353e+03
2.663896484375000568e+02	1.013338618238050685e+03
2.664521484375000568e+02	1.013276532537293178e+03
2.665146484375000568e+02	1.013128659150100816e+03
2.665771484375000568e+02	1.013124573123822643e+03
2.666396484375000568e+02	1.013011449085588879e+03
2.667021484375000568e+02	1.013032573168211798e+03
2.667646484375000568e+02	1.013070941716980769e+03
2.668271484375000568e+02	1.013069597833813077e+03
2.668896484375000568e+02	1.013024874230593468e+03
2.669521484375000568e+02	1.013134185236156782e+03
2.670146484375000568e+02	1.013037195194134938e+03
2.670771484375000568e+02	1.013077665571739203e+03
2.671396484375000568e+02	1.013146540601332049e+03
2.672021484375000568e+02	1.013072541577894413e+03
2.672646484375000568e+02	1.013251914654362167e+03
2.673271484375000568e+02	1.013146474757345231e+03
2.673896484375000568e+02	1.013091297496455013e+03
2.674521484375000568e+02	1.013105638908623632e+03
2.675146484375000568e+02	1.013081813003083880e+03
2.675771484375000568e+02	1.013172120990181384e+03
2.676396484375000568e+02	1.013098204456682424e+03
2.677021484375000568e+02	1.013080544211653887e+03
2.677646484375000568e+02	1.013169376627610291e+03
2.678271484375000568e+02	1.013142842610683488e+03
2.678896484375000568e+02	1.013211576334641791e+03
2.679521484375000568e+02	1.013094540127846926e+03
2.680146484375000568e+02	1.013100889263737372e+03
2.680771484375000568e+02	1.013010071170697529e+03
2.681396484375000568e+02	1.013024519486867121e+03
2.682021484375000568e+02	1.012942577385186155e+03
2.682646484375000568e+02	1.012954651988642809e+03
2.683271484375000568e+02	1.012925925145011092e+03
2.683896484375000568e+02	1.013029415246218264e+03
2.684521484375000568e+02	1.013179244347780809e+03
2.685146484375000568e+02	1.013142748653533886e+03
2.685771484375000568e+02	1.013242530406611195e+03
2.686396484375000568e+02	1.013252141409215596e+03
2.687021484375000568e+02	1.013172091767288293e+03
2.687646484375000568e+02	1.013227178030309119e+03
2.688271484375000568e+02	1.013132580936322370e+03
2.688896484375000568e+02	1.013152768776639846e+03
2.689521484375000568e+02	1.013249478426852988e+03
2.690146484375000568e+02	1.013338941909333926e+03
2.690771484375000568e+02	1.013337306167146153e+03
2.691396484375000568e+02	1.013238258315583721e+03
2.692021484375000568e+02	1.013324541311559187e+03
2.692646484375000568e+02	1.013355073686086143e+03
2.693271484375000568e+02	1.013404992305877386e+03
2.693896484375000568e+02	1.013439749792856446e+03
2.694521484375000568e+02	1.013534107185138851e+03
2.695146484375000568e+02	1.013561864124650924e+03
2.695771484375000568e+02	1.013718817693543315e+03
2.696396484375000568e+02	1.013692311419868929e+03
2.697021484375000568e+02	1.013647813831682470e+03
2.697646484375000568e+02	1.013570797452065904e+03
2.698271484375000568e+02	1.013373587683481560e+03
2.698896484375000568e+02	1.013228922895957794e+03
2.699521484375000568e+02	1.013242879601686923e+03
2.700146484375000568e+02	1.012999748461180388e+03
2.700771484375000568e+02	1.012946021987458948e+03
2.701396484375000568e+02	1.012950465716743906e+03
2.702021484375000568e+02	1.012924816894537457e+03
2.702646484375000568e+02	1.012772455018945607e+03
2.703271484375000568e+02	1.012701493326829109e+03
2.703896484375000568e+02	1.012714687278059955e+03
2.704521484375000568e+02	1.012740667909570448e+03
2.705146484375000568e+02	1.012560847981776988e+03
2.705771484375000568e+02	1.012510501376071261e+03
2.706396484375000568e+02	1.012508160585352130e+03
2.707021484375000568e+02	1.012414152388145340e+03
2.707646484375000568e+02	1.012400180886014709e+03
2.708271484375000568e+02	1.012271318285399161e+03
2.708896484375000568e+02	1.012234444173183192e+03
2.709521484375000568e+02	1.012154390092335689e+03
2.710146484375000568e+02	1.012103520433836593e+03
2.710771484375000568e+02	1.012095563668922068e+03
2.711396484375000568e+02	1.012012565104172836e+03
2.712021484375000568e+02	1.011969507205853915e+03
2.712646484375000568e+02	1.012038148082392354e+03
2.713271484375000568e+02	1.012141747676971136e+03
2.713896484375000568e+02	1.012181455300077118e+03
2.714521484375000568e+02	1.012158453184191899e+03
2.715146484375000568e+02	1.012157110780664198e+03
2.715771484375000568e+02	1.012157946407440136e+03
2.716396484375000568e+02	1.012267866654835871e+03
2.717021484375000568e+02	1.012229592433126413e+03
2.717646484375000568e+02	1.012308553059902124e+03
2.718271484375000568e+02	1.012307565400100771e+03
2.718896484375000568e+02	1.012288292347307333e+03
2.719521484375000568e+02	1.012189338822804302e+03
2.720146484375000568e+02	1.012095456764920755e+03
2.720771484375000568e+02	1.012130666281966683e+03
2.721396484375000568e+02	1.012116866048183283e+03
2.722021484375000568e+02	1.012168421149982350e+03
2.722646484375000568e+02	1.012126260283505303e+03
2.723271484375000568e+02	1.012083434318779837e+03
2.723896484375000568e+02	1.012111833792028051e+03
2.724521484375000568e+02	1.012073567338429484e+03
2.725146484375000568e+02	1.012145644309310342e+03
2.725771484375000568e+02	1.012109044670342428e+03
2.726396484375000568e+02	1.012073666844229820e+03
2.727021484375000568e+02	1.012027753240418178e+03
2.727646484375000568e+02	1.012124688905664584e+03
2.728271484375000568e+02	1.012235009765631276e+03
2.728896484375000568e+02	1.012200758685493952e+03
2.729521484375000568e+02	1.012238515772970231e+03
2.730146484375000568e+02	1.012175399502847085e+03
2.730771484375000568e+02	1.012190605394774252e+03
2.731396484375000568e+02	1.012175711337009147e+03
2.732021484375000568e+02	1.012171455522023507e+03
2.732646484375000568e+02	1.012311307779954063e+03
2.733271484375000568e+02	1.012418308327420846e+03
2.733896484375000568e+02	1.012512943522141768e+03
2.734521484375000568e+02	1.012482180693661576e+03
2.735146484375000568e+02	1.012471602746218537e+03
2.735771484375000568e+02	1.012430911162411462e+03
2.736396484375000568e+02	1.012416223884357350e+03
2.737021484375000568e+02	1.012417187130096181e+03
2.737646484375000568e+02	1.012434781531137673e+03
2.738271484375000568e+02	1.012377760268708698e+03
2.738896484375000568e+02	1.012285456986866848e+03
2.739521484375000568e+02	1.012356900671762787e+03
2.740146484375000568e+02	1.012347606682061269e+03
2.740771484375000568e+02	1.012399330462837725e+03
2.741396484375000568e+02	1.012410085597188754e+03
2.742021484375000568e+02	1.012376370516696625e+03
2.742646484375000568e+02	1.012444034090915466e+03
2.743271484375000568e+02	1.012469546786227738e+03
2.743896484375000568e+02	1.012603339547828341e+03
2.744521484375000568e+02	1.012716048916909585e+03
2.745146484375000568e+02	1.012742924360801794e+03
2.745771484375000568e+02	1.012764892208221113e+03
2.746396484375000568e+02	1.012721829870981651e+03
2.747021484375000568e+02	1.012715491092572279e+03
2.747646484375000568e+02	1.012673463023798604e+03
2.748271484375000568e+02	1.012613725142051521e+03
2.748896484375000568e+02	1.012579118578368139e+03
2.749521484375000568e+02	1.012543355305995988e+03
2.750146484375000568e+02	1.012403398733434415e+03
2.750771484375000568e+02	1.012383927408860359e+03
2.751396484375000568e+02	1.012334202621928625e+03
2.752021484375000568e+02	1.012246859463784631e+03
2.752646484375000568e+02	1.012217005504267490e+03
2.753271484375000568e+02	1.012134410881279791e+03
2.753896484375000568e+02	1.012098368326829018e+03
2.754521484375000568e+02	1.012087208880806202e+03
2.755146484375000568e+02	1.012078939541909676e+03
2.755771484375000568e+02	1.012171135549840415e+03
2.756396484375000568e+02	1.012118602405901015e+03
2.757021484375000568e+02	1.012107877604173041e+03
2.757646484375000568e+02	1.012191606371336661e+03
2.758271484375000568e+02	1.012250296297946647e+03
2.758896484375000568e+02	1.012249144028178648e+03
2.759521484375000568e+02	1.012211820475266677e+03
2.760146484375000568e+02	1.012199725156847990e+03
2.760771484375000568e+02	1.012161626272496733e+03
2.761396484375000568e+02	1.012130169492785626e+03
2.762021484375000568e+02	1.012108753921052539e+03
2.762646484375000568e+02	1.012043963808008129e+03
2.763271484375000568e+02	1.011938096294986849e+03
2.763896484375000568e+02	1.011913238710351948e+03
2.764521484375000568e+02	1.011921614953249446e+03
2.765146484375000568e+02	1.011898693847662457e+03
2.765771484375000568e+02	1.011858817175668946e+03
2.766396484375000568e+02	1.011896552808363026e+03
2.767021484375000568e+02	1.012017477879385979e+03
2.767646484375000568e+02	1.012017385401876254e+03
2.768271484375000568e+02	1.012051185191767786e+03
2.768896484375000568e+02	1.011981072813098081e+03
2.769521484375000568e+02	1.012017721650100953e+03
2.770146484375000568e+02	1.011942278127965551e+03
2.770771484375000568e+02	1.011835061922946693e+03
2.771396484375000568e+02	1.011699251302089579e+03
2.772021484375000568e+02	1.011652061138737281e+03
2.772646484375000568e+02	1.011588220584759938e+03
2.773271484375000568e+02	1.011604130415489067e+03
2.773896484375000568e+02	1.011593451482605474e+03
2.774521484375000568e+02	1.011520416814636633e+03
2.775146484375000568e+02	1.011549534653178739e+03
2.775771484375000568e+02	1.011531589207511161e+03
2.776396484375000568e+02	1.011597955507226857e+03
2.777021484375000568e+02	1.011729482939755144e+03
2.777646484375000568e+02	1.011854312041317826e+03
2.778271484375000568e+02	1.012093396366009870e+03
2.778896484375000568e+02	1.012142121286109500e+03
2.779521484375000568e+02	1.012140504779243997e+03
2.780146484375000568e+02	1.012205109567359614e+03
2.780771484375000568e+02	1.012209097197567758e+03
2.781396484375000568e+02	1.012337238103699406e+03
2.782021484375000568e+02	1.012382335685967291e+03
2.782646484375000568e+02	1.012443570963547813e+03
2.783271484375000568e+02	1.012446302009357737e+03
2.783896484375000568e+02	1.012530405125479547e+03
2.784521484375000568e+02	1.012578971724082976e+03
2.785146484375000568e+02	1.012634770803746846e+03
2.785771484375000568e+02	1.012596023467099144e+03
2.786396484375000568e+02	1.012503544108079154e+03
2.787021484375000568e+02	1.012489783454670146e+03
2.787646484375000568e+02	1.012413739938452750e+03
2.788271484375000568e+02	1.012445265521431224e+03
2.788896484375000568e+02	1.012491712905427676e+03
2.789521484375000568e+02	1.012355317826710689e+03
2.790146484375000568e+02	1.012233403986156759e+03
2.790771484375000568e+02	1.012020904725976834e+03
2.791396484375000568e+02	1.012055782433718377e+03
2.792021484375000568e+02	1.012050532670460711e+03
2.792646484375000568e+02	1.012062299878675844e+03
2.793271484375000568e+02	1.012127528335115244e+03
2.793896484375000568e+02	1.012182970821502522e+03
2.794521484375000568e+02	1.012232467743850748e+03
2.795146484375000568e+02	1.012279358280072529e+03
2.795771484375000568e+02	1.012283734685730565e+03
2.796396484375000568e+02	1.012380233487222085e+03
2.797021484375000568e+02	1.012452668900929552e+03
2.797646484375000568e+02	1.012414011082510797e+03
2.798271484375000568e+02	1.012403992439045055e+03
2.798896484375000568e+02	1.012517159016933533e+03
2.799521484375000568e+02	1.012564235617904274e+03
2.800146484375000568e+02	1.012583978456445379e+03
2.800771484375000568e+02	1.012596261689163271e+03
2.801396484375000568e+02	1.012500950298893486e+03
2.802021484375000568e+02	1.012533977716625486e+03
2.802646484375000568e+02	1.012655015240299690e+03
2.803271484375000568e+02	1.012767785644537412e+03
2.803896484375000568e+02	1.012876623165252454e+03
2.804521484375000568e+02	1.013011587062032618e+03
2.805146484375000568e+02	1.013086645877728643e+03
2.805771484375000568e+02	1.013059208540489294e+03
2.806396484375000568e+02	1.013147230853462588e+03
2.807021484375000568e+02	1.013262521824698410e+03
2.807646484375000568e+02	1.013339907744442826e+03
2.808271484375000568e+02	1.013415212550314095e+03
2.808896484375000568e+02	1.013427401086061877e+03
2.809521484375000568e+02	1.013384546268353574e+03
2.810146484375000568e+02	1.013434278453486286e+03
2.810771484375000568e+02	1.013517159386843105e+03
2.811396484375000568e+02	1.013583386230474957e+03
2.812021484375000568e+02	1.013649842418330195e+03
2.812646484375000568e+02	1.013790265817359227e+03
2.813271484375000568e+02	1.013944646661938123e+03
2.813896484375000568e+02	1.014149773245153142e+03
2.814521484375000568e+02	1.014442670602515705e+03
2.815146484375000568e+02	1.014686146869087565e+03
2.815771484375000568e+02	1.014915363103699178e+03
2.816396484375000568e+02	1.015188465095295214e+03
2.817021484375000568e+02	1.015387317634357487e+03
2.817646484375000568e+02	1.015626818107842610e+03
2.818271484375000568e+02	1.015995304731895203e+03
2.818896484375000568e+02	1.016230338911582862e+03
2.819521484375000568e+02	1.016478592566294310e+03
2.820146484375000568e+02	1.016644301165962702e+03
2.820771484375000568e+02	1.016892262961653955e+03
2.821396484375000568e+02	1.017140749289778796e+03
2.822021484375000568e+02	1.017408170572923041e+03
2.822646484375000568e+02	1.017702417732013942e+03
2.823271484375000568e+02	1.018063644131753563e+03
2.823896484375000568e+02	1.018332953805640841e+03
2.824521484375000568e+02	1.018775119850858687e+03
2.825146484375000568e+02	1.019197465376426635e+03
2.825771484375000568e+02	1.019614836351805593e+03
2.826396484375000568e+02	1.019979730779480633e+03
2.827021484375000568e+02	1.020317137932061314e+03
2.827646484375000568e+02	1.020785204708221272e+03
2.828271484375000568e+02	1.021342801180759011e+03
2.828896484375000568e+02	1.021713750665844600e+03
2.829521484375000568e+02	1.022122053666554621e+03
2.830146484375000568e+02	1.022647866728817917e+03
2.830771484375000568e+02	1.023025145374650947e+03
2.831396484375000568e+02	1.023491345954670010e+03
2.832021484375000568e+02	1.023924376701592564e+03
2.832646484375000568e+02	1.024368732614234432e+03
2.833271484375000568e+02	1.024768260978936269e+03
2.833896484375000568e+02	1.025165473336890727e+03
2.834521484375000568e+02	1.025718907581682288e+03
2.835146484375000568e+02	1.026195716071857305e+03
2.835771484375000568e+02	1.026527763597899138e+03
2.836396484375000568e+02	1.027049547600030110e+03
2.837021484375000568e+02	1.027373648718637924e+03
2.837646484375000568e+02	1.027669037420105496e+03
2.838271484375000568e+02	1.027917788973727966e+03
2.838896484375000568e+02	1.028237150435020340e+03
2.839521484375000568e+02	1.028593472567477875e+03
2.840146484375000568e+02	1.028831263316767718e+03
2.840771484375000568e+02	1.028942241876781736e+03
2.841396484375000568e+02	1.029169278601450515e+03
2.842021484375000568e+02	1.029348373135659813e+03
2.842646484375000568e+02	1.029224509499296346e+03
2.843271484375000568e+02	1.029254735588311178e+03
2.843896484375000568e+02	1.029263081498585734e+03
2.844521484375000568e+02	1.029331756406848172e+03
2.845146484375000568e+02	1.029400707637908909e+03
2.845771484375000568e+02	1.029574554258410672e+03
2.846396484375000568e+02	1.029703910688926726e+03
2.847021484375000568e+02	1.029650770522615403e+03
2.847646484375000568e+02	1.029666991077776174e+03
2.848271484375000568e+02	1.029790868770721318e+03
2.848896484375000568e+02	1.029767764559665466e+03
2.849521484375000568e+02	1.029812395315465665e+03
2.850146484375000568e+02	1.029914433519774548e+03
2.850771484375000568e+02	1.029929634972780832e+03
2.851396484375000568e+02	1.030020073538122006e+03
2.852021484375000568e+02	1.030146654163713492e+03
2.852646484375000568e+02	1.030222340346834017e+03
2.853271484375000568e+02	1.030208224579788521e+03
2.853896484375000568e+02	1.030082105601924241e+03
2.854521484375000568e+02	1.029918038663003472e+03
2.855146484375000568e+02	1.029945345421999718e+03
2.855771484375000568e+02	1.029976011334049872e+03
2.856396484375000568e+02	1.030051834753794310e+03
2.857021484375000568e+02	1.030025200491246778e+03
2.857646484375000568e+02	1.030077759158978779e+03
2.858271484375000568e+02	1.029951471132226970e+03
2.858896484375000568e+02	1.029879444099201464e+03
2.859521484375000568e+02	1.029874860913832208e+03
2.860146484375000568e+02	1.029866313402586911e+03
2.860771484375000568e+02	1.029769549005688077e+03
2.861396484375000568e+02	1.029793840997875805e+03
2.862021484375000568e+02	1.029961692116483391e+03
2.862646484375000568e+02	1.030053861490891677e+03
2.863271484375000568e+02	1.030118133729883311e+03
2.863896484375000568e+02	1.030173018761843650e+03
2.864521484375000568e+02	1.030218947162056566e+03
2.865146484375000568e+02	1.030178515994916324e+03
2.865771484375000568e+02	1.030253894412885074e+03
2.866396484375000568e+02	1.030371451822922836e+03
2.867021484375000568e+02	1.030431358383647193e+03
2.867646484375000568e+02	1.030482879823633311e+03
2.868271484375000568e+02	1.030498403098372592e+03
2.868896484375000568e+02	1.030605552349674781e+03
2.869521484375000568e+02	1.030699139959168178e+03
2.870146484375000568e+02	1.030648975719111377e+03
2.870771484375000568e+02	1.030753755696620829e+03
2.871396484375000568e+02	1.030908240485920032e+03
2.872021484375000568e+02	1.031111619984026447e+03
2.872646484375000568e+02	1.031294847153178807e+03
2.873271484375000568e+02	1.031570865515513105e+03
2.873896484375000568e+02	1.031797278941767672e+03
2.874521484375000568e+02	1.031883098070555661e+03
2.875146484375000568e+02	1.031999158824580263e+03
2.875771484375000568e+02	1.032123401618732714e+03
2.876396484375000568e+02	1.032325357333102829e+03
2.877021484375000568e+02	1.032542083925195811e+03
2.877646484375000568e+02	1.032751984567359614e+03
2.878271484375000568e+02	1.032811743533978870e+03
2.878896484375000568e+02	1.032932761822331258e+03
2.879521484375000568e+02	1.032952884558481628e+03
2.880146484375000568e+02	1.033037074973372683e+03
2.880771484375000568e+02	1.033178157552089488e+03
2.881396484375000568e+02	1.033282028290725975e+03
2.882021484375000568e+02	1.033513667436085825e+03
2.882646484375000568e+02	1.033741931152349935e+03
2.883271484375000568e+02	1.033928286650692826e+03
2.883896484375000568e+02	1.034230052231303716e+03
2.884521484375000568e+02	1.034570528527468468e+03
2.885146484375000568e+02	1.034840444483907504e+03
2.885771484375000568e+02	1.035022785718519799e+03
2.886396484375000568e+02	1.035464588512080127e+03
2.887021484375000568e+02	1.035866502426616307e+03
2.887646484375000568e+02	1.036180903394300685e+03
2.888271484375000568e+02	1.036561642178628517e+03
2.888896484375000568e+02	1.036935425174604006e+03
2.889521484375000568e+02	1.037202838689637019e+03
2.890146484375000568e+02	1.037429759262553489e+03
2.890771484375000568e+02	1.037750894072567917e+03
2.891396484375000568e+02	1.038015206261843559e+03
2.892021484375000568e+02	1.038264512310612645e+03
2.892646484375000568e+02	1.038626155229054575e+03
2.893271484375000568e+02	1.038898084975740403e+03
2.893896484375000568e+02	1.039096924937861786e+03
2.894521484375000568e+02	1.039197113222070584e+03
2.895146484375000568e+02	1.039395902506516904e+03
2.895771484375000568e+02	1.039796925307771744e+03
2.896396484375000568e+02	1.040140213290134170e+03
2.897021484375000568e+02	1.040403848544040557e+03
2.897646484375000568e+02	1.040694665157440113e+03
2.898271484375000568e+02	1.041060530229054621e+03
2.898896484375000568e+02	1.041210839473846136e+03
2.899521484375000568e+02	1.041533895966507089e+03
2.900146484375000568e+02	1.041833788322686360e+03
2.900771484375000568e+02	1.042132465894301049e+03
2.901396484375000568e+02	1.042408955522023462e+03
2.902021484375000568e+02	1.042780486875598399e+03
2.902646484375000568e+02	1.043176701956090483e+03
2.903271484375000568e+02	1.043553087639092382e+03
2.903896484375000568e+02	1.043788317501190249e+03
2.904521484375000568e+02	1.044143987112340710e+03
2.905146484375000568e+02	1.044417300692477966e+03
2.905771484375000568e+02	1.044654116728818053e+03
2.906396484375000568e+02	1.044942675041436360e+03
2.907021484375000568e+02	1.045231237423065068e+03
2.907646484375000568e+02	1.045584908780190972e+03
2.908271484375000568e+02	1.045758469830143667e+03
2.908896484375000568e+02	1.045892156427563123e+03
2.909521484375000568e+02	1.045987943152231992e+03
2.910146484375000568e+02	1.046066600452776356e+03
2.910771484375000568e+02	1.046132957874651311e+03
2.911396484375000568e+02	1.046311918131516904e+03
2.912021484375000568e+02	1.046478112053154746e+03
2.912646484375000568e+02	1.046539017740891722e+03
2.913271484375000568e+02	1.046738952266815204e+03
2.913896484375000568e+02	1.046938686301497910e+03
2.914521484375000568e+02	1.047261628491957254e+03
2.915146484375000568e+02	1.047420328776048109e+03
2.915771484375000568e+02	1.047659953169395749e+03
2.916396484375000568e+02	1.047873913944135211e+03
2.917021484375000568e+02	1.048179912775219464e+03
2.917646484375000568e+02	1.048229157788832254e+03
2.918271484375000568e+02	1.048427721058245197e+03
2.918896484375000568e+02	1.048576361638855815e+03
2.919521484375000568e+02	1.048703251139329268e+03
2.920146484375000568e+02	1.048836417273325651e+03
2.920771484375000568e+02	1.048930453583694998e+03
2.921396484375000568e+02	1.048920792273325333e+03
2.922021484375000568e+02	1.049017845939873951e+03
2.922646484375000568e+02	1.049049068196620965e+03
2.923271484375000568e+02	1.049168462209996505e+03
2.923896484375000568e+02	1.049280790201829177e+03
2.924521484375000568e+02	1.049309076112695948e+03
2.925146484375000568e+02	1.049430424730712048e+03
2.925771484375000568e+02	1.049358748372402033e+03
2.926396484375000568e+02	1.049464857806588043e+03
2.927021484375000568e+02	1.049474560916791233e+03
2.927646484375000568e+02	1.049555691435849212e+03
2.928271484375000568e+02	1.049531925825645885e+03
2.928896484375000568e+02	1.049625963615655110e+03
2.929521484375000568e+02	1.049665816613405923e+03
2.930146484375000568e+02	1.049822472034807561e+03
2.930771484375000568e+02	1.049744876006161576e+03
2.931396484375000568e+02	1.049715921297946807e+03
2.932021484375000568e+02	1.049825085449225071e+03
2.932646484375000568e+02	1.049715433016696807e+03
2.933271484375000568e+02	1.049710382265039470e+03
2.933896484375000568e+02	1.049783777225385165e+03
2.934521484375000568e+02	1.049918581321029251e+03
2.935146484375000568e+02	1.050066644472070948e+03
2.935771484375000568e+02	1.050102095910280923e+03
2.936396484375000568e+02	1.050095563668922296e+03
2.937021484375000568e+02	1.050011530835707163e+03
2.937646484375000568e+02	1.049986833792028392e+03
2.938271484375000568e+02	1.050080827562743025e+03
2.938896484375000568e+02	1.050164237467454313e+03
2.939521484375000568e+02	1.050130999940820857e+03
2.940146484375000568e+02	1.050194091057061314e+03
2.940771484375000568e+02	1.050332923842927812e+03
2.941396484375000568e+02	1.050344708067004603e+03
2.942021484375000568e+02	1.050244529400456258e+03
2.942646484375000568e+02	1.050074364864471363e+03
2.943271484375000568e+02	1.050147704338310859e+03
2.943896484375000568e+02	1.050226866935967792e+03
2.944521484375000568e+02	1.050098858457629376e+03
2.945146484375000568e+02	1.050159329131161485e+03
2.945771484375000568e+02	1.050117990204788839e+03
2.946396484375000568e+02	1.050194898940584153e+03
2.947021484375000568e+02	1.050201795913240176e+03
2.947646484375000568e+02	1.050077465820318821e+03
2.948271484375000568e+02	1.050042653586654069e+03
2.948896484375000568e+02	1.049940620930996147e+03
2.949521484375000568e+02	1.050008509410517718e+03
2.950146484375000568e+02	1.050026005045579495e+03
2.950771484375000568e+02	1.050095534815939345e+03
2.951396484375000568e+02	1.050074812825527260e+03
2.952021484375000568e+02	1.050211539713547836e+03
2.952646484375000568e+02	1.050319704367904251e+03
2.953271484375000568e+02	1.050284648733434324e+03
2.953896484375000568e+02	1.050312690503676095e+03
2.954521484375000568e+02	1.050394844193898507e+03
2.955146484375000568e+02	1.050571973765986513e+03
2.955771484375000568e+02	1.050572076600977198e+03
2.956396484375000568e+02	1.050462948700882635e+03
2.957021484375000568e+02	1.050414504912411985e+03
2.957646484375000568e+02	1.050306954678628699e+03
2.958271484375000568e+02	1.050232605350385256e+03
2.958896484375000568e+02	1.050202101089021653e+03
2.959521484375000568e+02	1.050154142992430707e+03
2.960146484375000568e+02	1.050266631525219509e+03
2.960771484375000568e+02	1.050175322561559597e+03
2.961396484375000568e+02	1.050277059289187264e+03
2.962021484375000568e+02	1.050388503196029205e+03
2.962646484375000568e+02	1.050452731415726021e+03
2.963271484375000568e+02	1.050449978545224212e+03
2.963896484375000568e+02	1.050511297052563123e+03
2.964521484375000568e+02	1.050468744081445720e+03
2.965146484375000568e+02	1.050439452755096227e+03
2.965771484375000568e+02	1.050475440192951510e+03
2.966396484375000568e+02	1.050454548783742212e+03
2.967021484375000568e+02	1.050469055545697756e+03
2.967646484375000568e+02	1.050367918812151174e+03
2.968271484375000568e+02	1.050223482259121056e+03
2.968896484375000568e+02	1.050180340021312986e+03
2.969521484375000568e+02	1.050064672481658818e+03
2.970146484375000568e+02	1.050008372913713856e+03
2.970771484375000568e+02	1.050095731608079404e+03
2.971396484375000568e+02	1.050124888287174826e+03
2.972021484375000568e+02	1.050075349934902533e+03
2.972646484375000568e+02	1.049951442649154387e+03
2.973271484375000568e+02	1.049927781353581167e+03
2.973896484375000568e+02	1.049887468557653392e+03
2.974521484375000568e+02	1.049794369599319680e+03
2.975146484375000568e+02	1.049653705388855769e+03
2.975771484375000568e+02	1.049598215923894031e+03
2.976396484375000568e+02	1.049548781516341478e+03
2.977021484375000568e+02	1.049622776470768940e+03
2.977646484375000568e+02	1.049593791429930661e+03
2.978271484375000568e+02	1.049488253506753608e+03
2.978896484375000568e+02	1.049489336973254467e+03
2.979521484375000568e+02	1.049452242764565881e+03
2.980146484375000568e+02	1.049421231726450515e+03
2.980771484375000568e+02	1.049463940799603961e+03
2.981396484375000568e+02	1.049413819099201419e+03
2.982021484375000568e+02	1.049493998579551771e+03
2.982646484375000568e+02	1.049567663574224980e+03
2.983271484375000568e+02	1.049516635594229911e+03
2.983896484375000568e+02	1.049266614139447938e+03
2.984521484375000568e+02	1.049153073212601157e+03
2.985146484375000568e+02	1.049054818818069862e+03
2.985771484375000568e+02	1.048951033158742348e+03
2.986396484375000568e+02	1.048899636378439482e+03
2.987021484375000568e+02	1.048839022179812446e+03
2.987646484375000568e+02	1.048915325742785626e+03
2.988271484375000568e+02	1.048963745857013919e+03
2.988896484375000568e+02	1.049005850127255371e+03
2.989521484375000568e+02	1.049042467151995197e+03
2.990146484375000568e+02	1.048972986209760393e+03
2.990771484375000568e+02	1.048949413692596409e+03
2.991396484375000568e+02	1.048952848677208522e+03
2.992021484375000568e+02	1.048913819839021471e+03
2.992646484375000568e+02	1.048907743326829404e+03
2.993271484375000568e+02	1.048868215110091569e+03
2.993896484375000568e+02	1.048793192175669446e+03
2.994521484375000568e+02	1.048703531531137969e+03
2.995146484375000568e+02	1.048498262902468696e+03
2.995771484375000568e+02	1.048194617808955627e+03
2.996396484375000568e+02	1.047980294892288612e+03
2.997021484375000568e+02	1.047807082297591478e+03
2.997646484375000568e+02	1.047564490485920260e+03
2.998271484375000568e+02	1.047420923961298968e+03
2.998896484375000568e+02	1.047385278320319003e+03
2.999521484375000568e+02	1.047470569217573029e+03
3.000146484375000568e+02	1.047466552364471454e+03
3.000771484375000568e+02	1.047431568492548877e+03
3.001396484375000568e+02	1.047462884336535808e+03
3.002021484375000568e+02	1.047321036044040511e+03
3.002646484375000568e+02	1.047342137562151493e+03
3.003271484375000568e+02	1.047337657581682379e+03
3.003896484375000568e+02	1.047364067308836866e+03
3.004521484375000568e+02	1.047307780317833021e+03
3.005146484375000568e+02	1.047254882442596681e+03
3.005771484375000568e+02	1.047123449337127795e+03
3.006396484375000568e+02	1.047041618578368343e+03
3.007021484375000568e+02	1.047021153305522375e+03
3.007646484375000568e+02	1.046814387650929802e+03
3.008271484375000568e+02	1.046745113488405877e+03
3.008896484375000568e+02	1.046697950698396426e+03
3.009521484375000568e+02	1.046537257708931747e+03
3.010146484375000568e+02	1.046496304968637787e+03
3.010771484375000568e+02	1.046419918915726157e+03
3.011396484375000568e+02	1.046313553133884170e+03
3.012021484375000568e+02	1.046272116921171573e+03
3.012646484375000568e+02	1.046182963423301999e+03
3.013271484375000568e+02	1.046141665926853193e+03
3.013896484375000568e+02	1.046034875858197665e+03
3.014521484375000568e+02	1.046030850867075287e+03
3.015146484375000568e+02	1.045827472478699747e+03
3.015771484375000568e+02	1.045697480172828364e+03
3.016396484375000568e+02	1.045456517444963765e+03
3.017021484375000568e+02	1.045381918057534676e+03
3.017646484375000568e+02	1.045178289979883402e+03
3.018271484375000568e+02	1.045129062721952323e+03
3.018896484375000568e+02	1.045033240116010347e+03
3.019521484375000568e+02	1.044862304687506366e+03
3.020146484375000568e+02	1.044883619643709153e+03
3.020771484375000568e+02	1.044714920691294310e+03
3.021396484375000568e+02	1.044556086499769663e+03
3.022021484375000568e+02	1.044485810250953591e+03
3.022646484375000568e+02	1.044335923073515005e+03
3.023271484375000568e+02	1.044210131835943912e+03
3.023896484375000568e+02	1.044159729373822756e+03
3.024521484375000568e+02	1.043973792243732987e+03
3.025146484375000568e+02	1.043894641853107487e+03
3.025771484375000568e+02	1.043861159815939345e+03
3.026396484375000568e+02	1.043754040527350071e+03
3.027021484375000568e+02	1.043602782093401402e+03
3.027646484375000568e+02	1.043512910600148189e+03
3.028271484375000568e+02	1.043318106726450651e+03
3.028896484375000568e+02	1.043256856652468514e+03
3.029521484375000568e+02	1.043116150272260484e+03
3.030146484375000568e+02	1.043065605764684506e+03
3.030771484375000568e+02	1.042903224505806747e+03
3.031396484375000568e+02	1.042855794640749764e+03
3.032021484375000568e+02	1.042803563343401265e+03
3.032646484375000568e+02	1.042621178459404973e+03
3.033271484375000568e+02	1.042556017326592382e+03
3.033896484375000568e+02	1.042541805013026988e+03
3.034521484375000568e+02	1.042464191228699747e+03
3.035146484375000568e+02	1.042389244495745061e+03
3.035771484375000568e+02	1.042215839547828637e+03
3.036396484375000568e+02	1.042083976976805388e+03
3.037021484375000568e+02	1.042092253343992979e+03
3.037646484375000568e+02	1.042159234064282145e+03
3.038271484375000568e+02	1.042042241876781873e+03
3.038896484375000568e+02	1.041997648111985427e+03
3.039521484375000568e+02	1.041938550544513873e+03
3.040146484375000568e+02	1.041816536458339897e+03
3.040771484375000568e+02	1.041704367897733619e+03
3.041396484375000568e+02	1.041595140121928807e+03
3.042021484375000568e+02	1.041412896913476970e+03
3.042646484375000568e+02	1.041278518214376618e+03
3.043271484375000568e+02	1.041211886319253608e+03
3.043896484375000568e+02	1.041117870353936723e+03
3.044521484375000568e+02	1.040928300337364362e+03
3.045146484375000568e+02	1.040857787346123814e+03
3.045771484375000568e+02	1.040720385002373632e+03
3.046396484375000568e+02	1.040617325476450560e+03
3.047021484375000568e+02	1.040430026707511161e+03
3.047646484375000568e+02	1.040132509543685273e+03
3.048271484375000568e+02	1.039985044167264732e+03
3.048896484375000568e+02	1.039993061967335734e+03
3.049521484375000568e+02	1.040041031161227920e+03
3.050146484375000568e+02	1.039965495531493161e+03
3.050771484375000568e+02	1.039879394901166506e+03
3.051396484375000568e+02	1.039777403675432652e+03
3.052021484375000568e+02	1.039622116181351203e+03
3.052646484375000568e+02	1.039438207637908590e+03
3.053271484375000568e+02	1.039335267223017581e+03
3.053896484375000568e+02	1.039187827370389869e+03
3.054521484375000568e+02	1.039259078702066063e+03
3.055146484375000568e+02	1.039284264766815113e+03
3.055771484375000568e+02	1.039176518110801680e+03
3.056396484375000568e+02	1.039095819276758220e+03
3.057021484375000568e+02	1.038949004572094282e+03
3.057646484375000568e+02	1.038838662997165329e+03
3.058271484375000568e+02	1.038705514618851112e+03
3.058896484375000568e+02	1.038552538692596272e+03
3.059521484375000568e+02	1.038364196037530064e+03
3.060146484375000568e+02	1.038343499201000895e+03
3.060771484375000568e+02	1.038413733649982987e+03
3.061396484375000568e+02	1.038411612585825424e+03
3.062021484375000568e+02	1.038333411014447620e+03
3.062646484375000568e+02	1.038241954086772466e+03
3.063271484375000568e+02	1.038208686227515727e+03
3.063896484375000568e+02	1.038188049686322529e+03
3.064521484375000568e+02	1.038126510342691063e+03
3.065146484375000568e+02	1.038009855513145567e+03
3.065771484375000568e+02	1.037933094741365267e+03
3.066396484375000568e+02	1.037922706557771562e+03
3.067021484375000568e+02	1.037724458821621056e+03
3.067646484375000568e+02	1.037592136452420846e+03
3.068271484375000568e+02	1.037460973381280155e+03
3.068896484375000568e+02	1.037242279977515864e+03
3.069521484375000568e+02	1.037221083392525316e+03
3.070146484375000568e+02	1.036953385786582885e+03
3.070771484375000568e+02	1.036890630918566785e+03
3.071396484375000568e+02	1.036646502870507902e+03
3.072021484375000568e+02	1.036597262665726248e+03
3.072646484375000568e+02	1.036538435502492121e+03
3.073271484375000568e+02	1.036413481001426590e+03
3.073896484375000568e+02	1.036362092359144526e+03
3.074521484375000568e+02	1.036284101266578318e+03
3.075146484375000568e+02	1.036220401278415466e+03
3.075771484375000568e+02	1.036151330566412753e+03
3.076396484375000568e+02	1.036081957267998860e+03
3.077021484375000568e+02	1.035962697531966569e+03
3.077646484375000568e+02	1.035899718498467564e+03
3.078271484375000568e+02	1.035800891113287662e+03
3.078896484375000568e+02	1.035759096827657913e+03
3.079521484375000568e+02	1.035823238118496192e+03
3.080146484375000568e+02	1.035748548473017536e+03
3.080771484375000568e+02	1.035773800011843377e+03
3.081396484375000568e+02	1.035783299301616125e+03
3.082021484375000568e+02	1.035514490855830218e+03
3.082646484375000568e+02	1.035503908469466523e+03
3.083271484375000568e+02	1.035341395892525270e+03
3.083896484375000568e+02	1.035379267652113185e+03
3.084521484375000568e+02	1.035206303636962048e+03
3.085146484375000568e+02	1.035119397712482851e+03
3.085771484375000568e+02	1.034928444232368975e+03
3.086396484375000568e+02	1.034854455936322665e+03
3.087021484375000568e+02	1.034774037494087679e+03
3.087646484375000568e+02	1.034707323848846499e+03
3.088271484375000568e+02	1.034618371951947438e+03
3.088896484375000568e+02	1.034596484005096272e+03
3.089521484375000568e+02	1.034549290512553625e+03
3.090146484375000568e+02	1.034420626553628381e+03
3.090771484375000568e+02	1.034347647002255371e+03
3.091396484375000568e+02	1.034287827000479865e+03
3.092021484375000568e+02	1.034146728145721454e+03
3.092646484375000568e+02	1.034053705388855633e+03
3.093271484375000568e+02	1.033840192575172068e+03
3.093896484375000568e+02	1.033620235928628517e+03
3.094521484375000568e+02	1.033617231889210871e+03
3.095146484375000568e+02	1.033524024547236422e+03
3.095771484375000568e+02	1.033514635860565022e+03
3.096396484375000568e+02	1.033420572546762969e+03
3.097021484375000568e+02	1.033424866462482896e+03
3.097646484375000568e+02	1.033338061523443912e+03
3.098271484375000568e+02	1.033406315104173018e+03
3.098896484375000568e+02	1.033248636141696807e+03
3.099521484375000568e+02	1.033096901633529114e+03
3.100146484375000568e+02	1.033036722079196579e+03
3.100771484375000568e+02	1.032993489583339851e+03
3.101396484375000568e+02	1.032804022031848262e+03
3.102021484375000568e+02	1.032591798724556611e+03
3.102646484375000568e+02	1.032499446244679802e+03
3.103271484375000568e+02	1.032420225571147284e+03
3.103896484375000568e+02	1.032267713142170123e+03
3.104521484375000568e+02	1.032105237556232623e+03
3.105146484375000568e+02	1.032009024695200424e+03
3.105771484375000568e+02	1.031983323345768667e+03
3.106396484375000568e+02	1.032044587106421886e+03
3.107021484375000568e+02	1.032052648555877568e+03
3.107646484375000568e+02	1.032116139174959017e+03
3.108271484375000568e+02	1.032184742690584017e+03
3.108896484375000568e+02	1.032117366536464715e+03
3.109521484375000568e+02	1.032130087372757316e+03
3.110146484375000568e+02	1.032080529415252386e+03
3.110771484375000568e+02	1.031951067560375350e+03
3.111396484375000568e+02	1.031897980291199474e+03
3.112021484375000568e+02	1.031980795010659676e+03
3.112646484375000568e+02	1.031901340184073433e+03
3.113271484375000568e+02	1.031813304554338401e+03
3.113896484375000568e+02	1.031797830477634307e+03
3.114521484375000568e+02	1.031794371078960012e+03
3.115146484375000568e+02	1.031804775908505235e+03
3.115771484375000568e+02	1.031717284416436314e+03
3.116396484375000568e+02	1.031648770419040375e+03
3.117021484375000568e+02	1.031719899680404069e+03
3.117646484375000568e+02	1.031566542746810455e+03
3.118271484375000568e+02	1.031539458303746869e+03
3.118896484375000568e+02	1.031457159608789652e+03
3.119521484375000568e+02	1.031478741640039289e+03
3.120146484375000568e+02	1.031443166281966569e+03
3.120771484375000568e+02	1.031328916607487599e+03
3.121396484375000568e+02	1.031228806744206622e+03
3.122021484375000568e+02	1.031136928488997910e+03
3.122646484375000568e+02	1.031142972819016904e+03
3.123271484375000568e+02	1.031178829308718377e+03
3.123896484375000568e+02	1.031236920350977016e+03
3.124521484375000568e+02	1.031258374023443821e+03
3.125146484375000568e+02	1.031265388627492030e+03
3.125771484375000568e+02	1.031266097745034813e+03
3.126396484375000568e+02	1.031252106267761974e+03
3.127021484375000568e+02	1.031282277240181429e+03
3.127646484375000568e+02	1.031236237866957026e+03
3.128271484375000568e+02	1.031260467344348172e+03
3.128896484375000568e+02	1.031218027565702414e+03
3.129521484375000568e+02	1.031019770211891000e+03
3.130146484375000568e+02	1.030991015625006185e+03
3.130771484375000568e+02	1.030859808534570448e+03
3.131396484375000568e+02	1.030836607037174645e+03
3.132021484375000568e+02	1.030696960079315204e+03
3.132646484375000568e+02	1.030526262502965665e+03
3.133271484375000568e+02	1.030394199440702096e+03
3.133896484375000568e+02	1.030406080951119066e+03
3.134521484375000568e+02	1.030441993297236422e+03
3.135146484375000568e+02	1.030429562470413430e+03
3.135771484375000568e+02	1.030377074825408954e+03
3.136396484375000568e+02	1.030368804376781782e+03
3.137021484375000568e+02	1.030329131525219509e+03
3.137646484375000568e+02	1.030409722715442058e+03
3.138271484375000568e+02	1.030459159712364226e+03
3.138896484375000568e+02	1.030519605971833926e+03
3.139521484375000568e+02	1.030647303355830218e+03
3.140146484375000568e+02	1.030646336410991353e+03
3.140771484375000568e+02	1.030603384306943099e+03
3.141396484375000568e+02	1.030522879305759034e+03
3.142021484375000568e+02	1.030573189660280832e+03
3.142646484375000568e+02	1.030496072295224167e+03
3.143271484375000568e+02	1.030409760446265636e+03
3.143896484375000568e+02	1.030289284815939027e+03
3.144521484375000568e+02	1.030208238636369970e+03
3.145146484375000568e+02	1.030204508833457794e+03
3.145771484375000568e+02	1.030061437988287707e+03
3.146396484375000568e+02	1.029944124348964579e+03
3.147021484375000568e+02	1.029864378773088674e+03
3.147646484375000568e+02	1.029798484108671119e+03
3.148271484375000568e+02	1.029685974860920396e+03
3.148896484375000568e+02	1.029762148955380326e+03
3.149521484375000568e+02	1.029808183519774730e+03
3.150146484375000568e+02	1.029738473233315972e+03
3.150771484375000568e+02	1.029817254823633220e+03
3.151396484375000568e+02	1.029856472315939300e+03
3.152021484375000568e+02	1.029797766113287480e+03
3.152646484375000568e+02	1.029819050736867212e+03
3.153271484375000568e+02	1.029798819247165511e+03
3.153896484375000568e+02	1.029791762103462816e+03
3.154521484375000568e+02	1.029666756184902397e+03
3.155146484375000568e+02	1.029625519723609841e+03
3.155771484375000568e+02	1.029686473869561269e+03
3.156396484375000568e+02	1.029733366995153347e+03
3.157021484375000568e+02	1.029700920706090528e+03
3.157646484375000568e+02	1.029647031841862372e+03
3.158271484375000568e+02	1.029664298502610336e+03
3.158896484375000568e+02	1.029611068078249673e+03
3.159521484375000568e+02	1.029621537272141722e+03
3.160146484375000568e+02	1.029596378210825378e+03
3.160771484375000568e+02	1.029708399177326328e+03
3.161396484375000568e+02	1.029656724594585057e+03
3.162021484375000568e+02	1.029690130430285762e+03
3.162646484375000568e+02	1.029723647978817780e+03
3.163271484375000568e+02	1.029679780347425776e+03
3.163896484375000568e+02	1.029635987807771471e+03
3.164521484375000568e+02	1.029591708096597358e+03
3.165146484375000568e+02	1.029636305190583698e+03
3.165771484375000568e+02	1.029687453761251390e+03
3.166396484375000568e+02	1.029799041933008311e+03
3.167021484375000568e+02	1.029924910111867121e+03
3.167646484375000568e+02	1.030057282788832026e+03
3.168271484375000568e+02	1.030100152033031691e+03
3.168896484375000568e+02	1.030187206291436041e+03
3.169521484375000568e+02	1.030201440059784090e+03
3.170146484375000568e+02	1.030107191051142763e+03
3.170771484375000568e+02	1.030021232466270476e+03
3.171396484375000568e+02	1.030032835064518622e+03
3.172021484375000568e+02	1.029971065266933238e+03
3.172646484375000568e+02	1.029955610425550731e+03
3.173271484375000568e+02	1.029825667687624900e+03
3.173896484375000568e+02	1.029796866122165511e+03
3.174521484375000568e+02	1.029732808430995874e+03
3.175146484375000568e+02	1.029598920232605678e+03
3.175771484375000568e+02	1.029545210034925731e+03
3.176396484375000568e+02	1.029503948419750714e+03
3.177021484375000568e+02	1.029577033395484477e+03
3.177646484375000568e+02	1.029541504646076419e+03
3.178271484375000568e+02	1.029503948789660626e+03
3.178896484375000568e+02	1.029489766438808829e+03
3.179521484375000568e+02	1.029443397105830172e+03
3.180146484375000568e+02	1.029364662863997864e+03
3.180771484375000568e+02	1.029257715953486468e+03
3.181396484375000568e+02	1.029186869303391859e+03
3.182021484375000568e+02	1.029194569350740267e+03
3.182646484375000568e+02	1.029125114302207976e+03
3.183271484375000568e+02	1.029136412094585012e+03
3.183896484375000568e+02	1.029186067708339806e+03
3.184521484375000568e+02	1.029223535896076328e+03
3.185146484375000568e+02	1.029176396410399093e+03
3.185771484375000568e+02	1.029207641601568866e+03
3.186396484375000568e+02	1.029156951349438259e+03
3.187021484375000568e+02	1.029048048724556338e+03
3.187646484375000568e+02	1.029058806818188032e+03
3.188271484375000568e+02	1.028929134484499855e+03
3.188896484375000568e+02	1.028907205107724167e+03
3.189521484375000568e+02	1.028832051595058374e+03
3.190146484375000568e+02	1.028750357333102784e+03
3.190771484375000568e+02	1.028674492483434278e+03
3.191396484375000568e+02	1.028538665956445811e+03
3.192021484375000568e+02	1.028460170676497910e+03
3.192646484375000568e+02	1.028629198109025992e+03
3.193271484375000568e+02	1.028717128314400043e+03
3.193896484375000568e+02	1.028732439260777937e+03
3.194521484375000568e+02	1.028776390121928671e+03
3.195146484375000568e+02	1.028881286621099889e+03
3.195771484375000568e+02	1.029007369717691063e+03
3.196396484375000568e+02	1.028948947975858573e+03
3.197021484375000568e+02	1.028865122292264687e+03
3.197646484375000568e+02	1.028798508522733528e+03
3.198271484375000568e+02	1.028843031634712816e+03
3.198896484375000568e+02	1.028821973026166233e+03
3.199521484375000568e+02	1.028765691583812895e+03
3.200146484375000568e+02	1.028817260002373814e+03
3.200771484375000568e+02	1.028901433031493298e+03
3.201396484375000568e+02	1.028967325476450696e+03
3.202021484375000568e+02	1.028893628299603961e+03
3.202646484375000568e+02	1.028867444957392763e+03
3.203271484375000568e+02	1.028902816495034813e+03
3.203896484375000568e+02	1.028917126834760211e+03
3.204521484375000568e+02	1.029089975807889687e+03
3.205146484375000568e+02	1.029007207697094600e+03
3.205771484375000568e+02	1.029056767134239180e+03
3.206396484375000568e+02	1.029046444424722040e+03
3.207021484375000568e+02	1.028921501020957749e+03
3.207646484375000568e+02	1.028899795069845368e+03
3.208271484375000568e+02	1.028800974343046164e+03
3.208896484375000568e+02	1.028717985395957840e+03
3.209521484375000568e+02	1.028683006702776538e+03
3.210146484375000568e+02	1.028731632856895658e+03
3.210771484375000568e+02	1.028730359626545123e+03
3.211396484375000568e+02	1.028666710685967473e+03
3.212021484375000568e+02	1.028782648999769663e+03
3.212646484375000568e+02	1.028745039136488458e+03
3.213271484375000568e+02	1.028685309392762065e+03
3.213896484375000568e+02	1.028575729462600975e+03
3.214521484375000568e+02	1.028666577888264101e+03
3.215146484375000568e+02	1.028709741950763828e+03
3.215771484375000568e+02	1.028630335212482805e+03
3.216396484375000568e+02	1.028752266438808192e+03
3.217021484375000568e+02	1.028702903423893531e+03
3.217646484375000568e+02	1.028646387828486468e+03
3.218271484375000568e+02	1.028515801817004331e+03
3.218896484375000568e+02	1.028529251376071670e+03
3.219521484375000568e+02	1.028735070060967473e+03
3.220146484375000568e+02	1.028767850008884125e+03
3.220771484375000568e+02	1.028817079116365221e+03
3.221396484375000568e+02	1.028798809999414516e+03
3.222021484375000568e+02	1.028858470200053716e+03
3.222646484375000568e+02	1.028814665083458067e+03
3.223271484375000568e+02	1.028713001967927767e+03
3.223896484375000568e+02	1.028744337787056338e+03
3.224521484375000568e+02	1.028672722463903256e+03
3.225146484375000568e+02	1.028650876316885842e+03
3.225771484375000568e+02	1.028596622721360518e+03
3.226396484375000568e+02	1.028534374260186496e+03
3.227021484375000568e+02	1.028490602805404023e+03
3.227646484375000568e+02	1.028414937337246101e+03
3.228271484375000568e+02	1.028360574988169219e+03
3.228896484375000568e+02	1.028245692027704990e+03
3.229521484375000568e+02	1.028248709753794174e+03
3.230146484375000568e+02	1.028316915246218741e+03
3.230771484375000568e+02	1.028437411221597358e+03
3.231396484375000568e+02	1.028612827370389596e+03
3.232021484375000568e+02	1.028552662242549104e+03
3.232646484375000568e+02	1.028547588556469236e+03
3.233271484375000568e+02	1.028402863103699474e+03
3.233896484375000568e+02	1.028275087668685273e+03
3.234521484375000568e+02	1.028162725275219600e+03
3.235146484375000568e+02	1.028106659120508311e+03
3.235771484375000568e+02	1.027960540586535672e+03
3.236396484375000568e+02	1.027920855158032055e+03
3.237021484375000568e+02	1.027837225156848035e+03
3.237646484375000568e+02	1.027675479033505326e+03
3.238271484375000568e+02	1.027619114361393713e+03
3.238896484375000568e+02	1.027628903660635842e+03
3.239521484375000568e+02	1.027528653971360200e+03
3.240146484375000568e+02	1.027437389396905019e+03
3.240771484375000568e+02	1.027461439837837816e+03
3.241396484375000568e+02	1.027591576038713811e+03
3.242021484375000568e+02	1.027718620531493343e+03
3.242646484375000568e+02	1.027861739095058510e+03
3.243271484375000568e+02	1.028000604802918133e+03
3.243896484375000568e+02	1.028008673650574337e+03
3.244521484375000568e+02	1.027947543057534403e+03
3.245146484375000568e+02	1.027865128210825560e+03
3.245771484375000568e+02	1.027850627367430661e+03
3.246396484375000568e+02	1.027908785733315881e+03
3.247021484375000568e+02	1.027938736239352920e+03
3.247646484375000568e+02	1.027970077237222313e+03
3.248271484375000568e+02	1.028017885890157913e+03
3.248896484375000568e+02	1.027989838571265864e+03
3.249521484375000568e+02	1.027976456705735700e+03
3.250146484375000568e+02	1.027820033957747683e+03
3.250771484375000568e+02	1.027661912582865853e+03
3.251396484375000568e+02	1.027470745294750714e+03
3.252021484375000568e+02	1.027364149798775316e+03
3.252646484375000568e+02	1.027303314763855724e+03
3.253271484375000568e+02	1.027315429317596227e+03
3.253896484375000568e+02	1.027266969622993884e+03
3.254521484375000568e+02	1.027280080714376254e+03
3.255146484375000568e+02	1.027339392829670032e+03
3.255771484375000568e+02	1.027289454604646153e+03
3.256396484375000568e+02	1.027258213112577323e+03
3.257021484375000568e+02	1.027287991240536712e+03
3.257646484375000568e+02	1.027255878610328409e+03
3.258271484375000568e+02	1.027335432942714306e+03
3.258896484375000568e+02	1.027391062233671164e+03
3.259521484375000568e+02	1.027538613799130417e+03
3.260146484375000568e+02	1.027523993104883175e+03
3.260771484375000568e+02	1.027579208096597313e+03
3.261396484375000568e+02	1.027480933357014010e+03
3.262021484375000568e+02	1.027272413219111513e+03
3.262646484375000568e+02	1.027167616595650088e+03
3.263271484375000568e+02	1.027120686109144572e+03
3.263896484375000568e+02	1.027088375946976157e+03
3.264521484375000568e+02	1.027031148274745874e+03
3.265146484375000568e+02	1.026983538633410490e+03
3.265771484375000568e+02	1.026881739021076328e+03
3.266396484375000568e+02	1.027026896898680661e+03
3.267021484375000568e+02	1.027111534164897193e+03
3.267646484375000568e+02	1.027036591131043224e+03
3.268271484375000568e+02	1.027056907700053671e+03
3.268896484375000568e+02	1.027042626213311223e+03
3.269521484375000568e+02	1.027095456395010842e+03
3.270146484375000568e+02	1.027202200224911621e+03
3.270771484375000568e+02	1.027243719297473262e+03
3.271396484375000568e+02	1.027257451837719145e+03
3.272021484375000568e+02	1.027247780169868975e+03
3.272646484375000568e+02	1.027228913648207026e+03
3.273271484375000568e+02	1.027099891246455172e+03
3.273896484375000568e+02	1.026970350970650316e+03
3.274521484375000568e+02	1.026950534150101021e+03
3.275146484375000568e+02	1.026942647668093514e+03
3.275771484375000568e+02	1.026873441938926817e+03
3.276396484375000568e+02	1.026743814364353057e+03
3.277021484375000568e+02	1.026579153349911849e+03
3.277646484375000568e+02	1.026430700313690068e+03
3.278271484375000568e+02	1.026332861698041370e+03
3.278896484375000568e+02	1.026165669389210962e+03
3.279521484375000568e+02	1.026076055353344373e+03
3.280146484375000568e+02	1.026088390373467519e+03
3.280771484375000568e+02	1.026051231060612281e+03
3.281396484375000568e+02	1.025966079249532868e+03
3.282021484375000568e+02	1.025901342033623450e+03
3.282646484375000568e+02	1.025908878950645430e+03
3.283271484375000568e+02	1.025844133966625805e+03
3.283896484375000568e+02	1.025881040261014959e+03
3.284521484375000568e+02	1.025800768303154882e+03
3.285146484375000568e+02	1.025724560916791461e+03
3.285771484375000568e+02	1.025662526263619156e+03
3.286396484375000568e+02	1.025680886378439254e+03
3.287021484375000568e+02	1.025677688506161530e+03
3.287646484375000568e+02	1.025695001775574383e+03
3.288271484375000568e+02	1.025556338778415466e+03
3.288896484375000568e+02	1.025459387207037707e+03
3.289521484375000568e+02	1.025380508330380508e+03
3.290146484375000568e+02	1.025423978678391677e+03
3.290771484375000568e+02	1.025516538307889959e+03
3.291396484375000568e+02	1.025501693078249673e+03
3.292021484375000568e+02	1.025628954338311360e+03
3.292646484375000568e+02	1.025702210582392809e+03
3.293271484375000568e+02	1.025810390403060183e+03
3.293896484375000568e+02	1.025927457682297927e+03
3.294521484375000568e+02	1.026044305234973535e+03
3.295146484375000568e+02	1.026085427763974167e+03
3.295771484375000568e+02	1.026122576719348217e+03
3.296396484375000568e+02	1.026132741477278842e+03
3.297021484375000568e+02	1.026095394989944680e+03
3.297646484375000568e+02	1.026125027373348985e+03
3.298271484375000568e+02	1.026102131791554484e+03
3.298896484375000568e+02	1.026031243341625668e+03
3.299521484375000568e+02	1.026035282389329041e+03
3.300146484375000568e+02	1.025947790897260120e+03
3.300771484375000568e+02	1.025779686760186223e+03
3.301396484375000568e+02	1.025762050559310410e+03
3.302021484375000568e+02	1.025754835464021653e+03
3.302646484375000568e+02	1.025626386792738458e+03
3.303271484375000568e+02	1.025539173473017627e+03
3.303896484375000568e+02	1.025440385668211775e+03
3.304521484375000568e+02	1.025479947176852647e+03
3.305146484375000568e+02	1.025525481622875532e+03
3.305771484375000568e+02	1.025458546031611604e+03
3.306396484375000568e+02	1.025574761038121551e+03
3.307021484375000568e+02	1.025648528497875532e+03
3.307646484375000568e+02	1.025673468942359477e+03
3.308271484375000568e+02	1.025600661029243838e+03
3.308896484375000568e+02	1.025611429480356719e+03
3.309521484375000568e+02	1.025747752426616444e+03
3.310146484375000568e+02	1.025764153867785581e+03
3.310771484375000568e+02	1.025684821481421977e+03
3.311396484375000568e+02	1.025744560842809278e+03
3.312021484375000568e+02	1.025838037109381276e+03
3.312646484375000568e+02	1.025780038544632134e+03
3.313271484375000568e+02	1.025829593172946716e+03
3.313896484375000568e+02	1.025800912198159722e+03
3.314521484375000568e+02	1.025766718084168133e+03
3.315146484375000568e+02	1.025608130992548922e+03
3.315771484375000568e+02	1.025428451630569953e+03
3.316396484375000568e+02	1.025564532655664379e+03
3.317021484375000568e+02	1.025611474979291415e+03
3.317646484375000568e+02	1.025586325905546119e+03
3.318271484375000568e+02	1.025604811789778978e+03
3.318896484375000568e+02	1.025544263435138873e+03
3.319521484375000568e+02	1.025500062884712634e+03
3.320146484375000568e+02	1.025472639604054621e+03
3.320771484375000568e+02	1.025552424760304575e+03
3.321396484375000568e+02	1.025568182558008175e+03
3.322021484375000568e+02	1.025610735899035490e+03
3.322646484375000568e+02	1.025602680368140682e+03
3.323271484375000568e+02	1.025667635461061991e+03
3.323896484375000568e+02	1.025796543560612463e+03
3.324521484375000568e+02	1.025695949855001572e+03
3.325146484375000568e+02	1.025577095170460780e+03
3.325771484375000568e+02	1.025513500606658681e+03
3.326396484375000568e+02	1.025337629468519708e+03
3.327021484375000568e+02	1.025122335168093286e+03
3.327646484375000568e+02	1.025029906116838902e+03
3.328271484375000568e+02	1.024910030110683465e+03
3.328896484375000568e+02	1.024895905095886746e+03
3.329521484375000568e+02	1.024869153571857623e+03
3.330146484375000568e+02	1.024800568921644526e+03
3.330771484375000568e+02	1.024806465657558647e+03
3.331396484375000568e+02	1.024847945149746010e+03
3.332021484375000568e+02	1.024845995353936132e+03
3.332646484375000568e+02	1.024800126139329222e+03
3.333271484375000568e+02	1.024802381110920123e+03
3.333896484375000568e+02	1.024914318107842291e+03
3.334521484375000568e+02	1.024958703243377386e+03
3.335146484375000568e+02	1.024954933120271562e+03
3.335771484375000568e+02	1.025009957608315972e+03
3.336396484375000568e+02	1.024877437337245965e+03
3.337021484375000568e+02	1.024797094726568730e+03
3.337646484375000568e+02	1.024778275923301862e+03
3.338271484375000568e+02	1.024710749215797023e+03
3.338896484375000568e+02	1.024624688535754558e+03
3.339521484375000568e+02	1.024629477391104729e+03
3.340146484375000568e+02	1.024588602701829132e+03
3.340771484375000568e+02	1.024663510964139959e+03
3.341396484375000568e+02	1.024632452207629512e+03
3.342021484375000568e+02	1.024598702725503244e+03
3.342646484375000568e+02	1.024620504483315926e+03
3.343271484375000568e+02	1.024619447650337861e+03
3.343896484375000568e+02	1.024499270537411803e+03
3.344521484375000568e+02	1.024401272120626345e+03
3.345146484375000568e+02	1.024350202710707208e+03
3.345771484375000568e+02	1.024271855024864180e+03
3.346396484375000568e+02	1.024178833747638919e+03
3.347021484375000568e+02	1.024066915986038339e+03
3.347646484375000568e+02	1.023979482199935205e+03
3.348271484375000568e+02	1.023873390521431588e+03
3.348896484375000568e+02	1.023900205300077346e+03
3.349521484375000568e+02	1.023964852627847222e+03
3.350146484375000568e+02	1.023883395478225793e+03
3.350771484375000568e+02	1.023812174109262969e+03
3.351396484375000568e+02	1.023835646010896539e+03
3.352021484375000568e+02	1.023798455625597967e+03
3.352646484375000568e+02	1.023723187810730678e+03
3.353271484375000568e+02	1.023728336218638105e+03
3.353896484375000568e+02	1.023839746463666188e+03
3.354521484375000568e+02	1.023983965509594555e+03
3.355146484375000568e+02	1.023988702207629444e+03
3.355771484375000568e+02	1.023958310029007407e+03
3.356396484375000568e+02	1.023933386600385234e+03
3.357021484375000568e+02	1.023895042465678785e+03
3.357646484375000568e+02	1.023912524414068798e+03
3.358271484375000568e+02	1.023859478204906850e+03
3.358896484375000568e+02	1.023811510490654996e+03
3.359521484375000568e+02	1.023823355379978011e+03
3.360146484375000568e+02	1.023808223470058465e+03
3.360771484375000568e+02	1.023828891453604911e+03
3.361396484375000568e+02	1.023778336218637833e+03
3.362021484375000568e+02	1.023678270004741194e+03
3.362646484375000568e+02	1.023637655732132316e+03
3.363271484375000568e+02	1.023636406176024252e+03
3.363896484375000568e+02	1.023534028764210916e+03
3.364521484375000568e+02	1.023572512724911462e+03
3.365146484375000568e+02	1.023687984582155764e+03
3.365771484375000568e+02	1.023693931625834807e+03
3.366396484375000568e+02	1.023709689053628381e+03
3.367021484375000568e+02	1.023751416015631207e+03
3.367646484375000568e+02	1.023738710345650134e+03
3.368271484375000568e+02	1.023676825136133289e+03
3.368896484375000568e+02	1.023713126627610336e+03
3.369521484375000568e+02	1.023714993563571852e+03
3.370146484375000568e+02	1.023634642814873814e+03
3.370771484375000568e+02	1.023598400509002204e+03
3.371396484375000568e+02	1.023561667702420777e+03
3.372021484375000568e+02	1.023464588512080013e+03
3.372646484375000568e+02	1.023499266098491148e+03
3.373271484375000568e+02	1.023551572487577459e+03
3.373896484375000568e+02	1.023605240145602806e+03
3.374521484375000568e+02	1.023551638331564050e+03
3.375146484375000568e+02	1.023498934659097358e+03
3.375771484375000568e+02	1.023417665793685273e+03
3.376396484375000568e+02	1.023474775834523371e+03
3.377021484375000568e+02	1.023461610736275134e+03
3.377646484375000568e+02	1.023465273215560160e+03
3.378271484375000568e+02	1.023480411413950378e+03
3.378896484375000568e+02	1.023489698745271198e+03
3.379521484375000568e+02	1.023425953997994270e+03
3.380146484375000568e+02	1.023404235839850003e+03
3.380771484375000568e+02	1.023408580063335194e+03
3.381396484375000568e+02	1.023394436183126572e+03
3.382021484375000568e+02	1.023286881510422972e+03
3.382646484375000568e+02	1.023197540098254308e+03
3.383271484375000568e+02	1.023167371345294896e+03
3.383896484375000568e+02	1.023156338778415375e+03
3.384521484375000568e+02	1.023191324499887855e+03
3.385146484375000568e+02	1.023149223928746551e+03
3.385771484375000568e+02	1.023043243963074701e+03
3.386396484375000568e+02	1.022930200195318662e+03
3.387021484375000568e+02	1.022849977805404137e+03
3.387646484375000568e+02	1.022845480439163453e+03
3.388271484375000568e+02	1.022763884203368093e+03
3.388896484375000568e+02	1.022810367098728079e+03
3.389521484375000568e+02	1.022975496789187332e+03
3.390146484375000568e+02	1.022951115278770430e+03
3.390771484375000568e+02	1.022990446333458181e+03
3.391396484375000568e+02	1.023127969637790216e+03
3.392021484375000568e+02	1.023202112556232578e+03
3.392646484375000568e+02	1.023335329737813709e+03
3.393271484375000568e+02	1.023430051861393508e+03
3.393896484375000568e+02	1.023420348011370038e+03
3.394521484375000568e+02	1.023551193329788362e+03
3.395146484375000568e+02	1.023582724831327255e+03
3.395771484375000568e+02	1.023613461026284767e+03
3.396396484375000568e+02	1.023570921741838902e+03
3.397021484375000568e+02	1.023569434703486422e+03
3.397646484375000568e+02	1.023443877618969395e+03
3.398271484375000568e+02	1.023352778024390545e+03
3.398896484375000568e+02	1.023318797718401015e+03
3.399521484375000568e+02	1.023255556418685273e+03
3.400146484375000568e+02	1.023160414817122842e+03
3.400771484375000568e+02	1.023222002988879353e+03
3.401396484375000568e+02	1.023270851828841614e+03
3.402021484375000568e+02	1.023199513568306429e+03
3.402646484375000568e+02	1.023255786132818798e+03
3.403271484375000568e+02	1.023239288515039675e+03
3.403896484375000568e+02	1.023153292569253267e+03
3.404521484375000568e+02	1.023228957297591592e+03
3.405146484375000568e+02	1.023244704737813890e+03
3.405771484375000568e+02	1.023202455832747773e+03
3.406396484375000568e+02	1.023148249215797023e+03
3.407021484375000568e+02	1.023024960049722267e+03
3.407646484375000568e+02	1.023041224624177630e+03
3.408271484375000568e+02	1.023009210759949610e+03
3.408896484375000568e+02	1.022943423739352852e+03
3.409521484375000568e+02	1.022843275035517877e+03
3.410146484375000568e+02	1.022805937056114090e+03
3.410771484375000568e+02	1.022876970510778051e+03
3.411396484375000568e+02	1.022853658780190926e+03
3.412021484375000568e+02	1.022897564882226902e+03
3.412646484375000568e+02	1.022908331853699337e+03
3.413271484375000568e+02	1.022901353870745197e+03
3.413896484375000568e+02	1.022906471946029114e+03
3.414521484375000568e+02	1.022906021765512946e+03
3.415146484375000568e+02	1.022844792036583158e+03
3.415771484375000568e+02	1.022931001790370942e+03
3.416396484375000568e+02	1.023100077681114385e+03
3.417021484375000568e+02	1.023052350038476789e+03
3.417646484375000568e+02	1.023013576068306406e+03
3.418271484375000568e+02	1.022932615337956008e+03
3.418896484375000568e+02	1.022897382516578318e+03
3.419521484375000568e+02	1.023001082726687059e+03
3.420146484375000568e+02	1.023014226000242957e+03
3.420771484375000568e+02	1.022923384232960871e+03
3.421396484375000568e+02	1.022961074366720254e+03
3.422021484375000568e+02	1.022897843794395385e+03
3.422646484375000568e+02	1.022935479181469645e+03
3.423271484375000568e+02	1.022863737718993320e+03
3.423896484375000568e+02	1.022834671667856583e+03
3.424521484375000568e+02	1.022746892385777983e+03
3.425146484375000568e+02	1.022730452843874900e+03
3.425771484375000568e+02	1.022596523215560296e+03
3.426396484375000568e+02	1.022612269176142490e+03
3.427021484375000568e+02	1.022598106430522535e+03
3.427646484375000568e+02	1.022645718291317849e+03
3.428271484375000568e+02	1.022490091589731378e+03
3.428896484375000568e+02	1.022391748046881276e+03
3.429521484375000568e+02	1.022439100600740176e+03
3.430146484375000568e+02	1.022438522431350862e+03
3.430771484375000568e+02	1.022422157981185478e+03
3.431396484375000568e+02	1.022490149665607646e+03
3.432021484375000568e+02	1.022510623446384216e+03
3.432646484375000568e+02	1.022504708214968332e+03
3.433271484375000568e+02	1.022526967181587565e+03
3.433896484375000568e+02	1.022469891912293292e+03
3.434521484375000568e+02	1.022425220096478938e+03
3.435146484375000568e+02	1.022294897460943616e+03
3.435771484375000568e+02	1.022286140210707231e+03
3.436396484375000568e+02	1.022311866714021335e+03
3.437021484375000568e+02	1.022359100156848285e+03
3.437646484375000568e+02	1.022369608191294105e+03
3.438271484375000568e+02	1.022406297348491080e+03
3.438896484375000568e+02	1.022312843646431475e+03
3.439521484375000568e+02	1.022342813387790329e+03
3.440146484375000568e+02	1.022276226621692103e+03
3.440771484375000568e+02	1.022399070416081145e+03
3.441396484375000568e+02	1.022565472597070425e+03
3.442021484375000568e+02	1.022607786606303421e+03
3.442646484375000568e+02	1.022627747321857669e+03
3.443271484375000568e+02	1.022735578317359568e+03
3.443896484375000568e+02	1.022808894856777215e+03
3.444521484375000568e+02	1.022786730957037435e+03
3.445146484375000568e+02	1.022698636511606992e+03
3.445771484375000568e+02	1.022722473514447529e+03
3.446396484375000568e+02	1.022638391113287412e+03
3.447021484375000568e+02	1.022582589444253244e+03
3.447646484375000568e+02	1.022640866181350816e+03
3.448271484375000568e+02	1.022630872321857510e+03
3.448896484375000568e+02	1.022546055279362577e+03
3.449521484375000568e+02	1.022424077074461820e+03
3.450146484375000568e+02	1.022310046386724935e+03
3.450771484375000568e+02	1.022349128491957003e+03
3.451396484375000568e+02	1.022429145581800981e+03
3.452021484375000568e+02	1.022459512236630303e+03
3.452646484375000568e+02	1.022447398052799826e+03
3.453271484375000568e+02	1.022451836233434392e+03
3.453896484375000568e+02	1.022427740293567012e+03
3.454521484375000568e+02	1.022496369332984614e+03
3.455146484375000568e+02	1.022621602376308260e+03
3.455771484375000568e+02	1.022646223958339419e+03
3.456396484375000568e+02	1.022700826748940926e+03
3.457021484375000568e+02	1.022737200372875463e+03
3.457646484375000568e+02	1.022791864938453386e+03
3.458271484375000568e+02	1.022766140654599099e+03
3.458896484375000568e+02	1.022736211973254512e+03
3.459521484375000568e+02	1.022575938091862326e+03
3.460146484375000568e+02	1.022387740441530809e+03
3.460771484375000568e+02	1.022261623313216660e+03
3.461396484375000568e+02	1.022132503255214601e+03
3.462021484375000568e+02	1.022168235455143417e+03
3.462646484375000568e+02	1.022167156797473240e+03
3.463271484375000568e+02	1.022198185591270544e+03
3.463896484375000568e+02	1.022075946599793042e+03
3.464521484375000568e+02	1.022034343187743161e+03
3.465146484375000568e+02	1.022067474180285672e+03
3.465771484375000568e+02	1.022076128965441967e+03
3.466396484375000568e+02	1.022191979240654973e+03
3.467021484375000568e+02	1.022184356134594054e+03
3.467646484375000568e+02	1.022238993326829359e+03
3.468271484375000568e+02	1.022406026944253426e+03
3.468896484375000568e+02	1.022514352139566199e+03
3.469521484375000568e+02	1.022554382324224889e+03
3.470146484375000568e+02	1.022556520404243997e+03
3.470771484375000568e+02	1.022480366284925594e+03
3.471396484375000568e+02	1.022395457874651242e+03
3.472021484375000568e+02	1.022457931980948615e+03
3.472646484375000568e+02	1.022480952592335939e+03
3.473271484375000568e+02	1.022494708806824406e+03
3.473896484375000568e+02	1.022665230305995919e+03
3.474521484375000568e+02	1.022696751819963765e+03
3.475146484375000568e+02	1.022754431152349980e+03
3.475771484375000568e+02	1.022669370709049986e+03
3.476396484375000568e+02	1.022804312041318099e+03
3.477021484375000568e+02	1.022765084931350998e+03
3.477646484375000568e+02	1.022665096398562241e+03
3.478271484375000568e+02	1.022684110884239431e+03
3.478896484375000568e+02	1.022591681463074337e+03
3.479521484375000568e+02	1.022659438624532868e+03
3.480146484375000568e+02	1.022693924597543969e+03
3.480771484375000568e+02	1.022605115116010097e+03
3.481396484375000568e+02	1.022500706158268486e+03
3.482021484375000568e+02	1.022463180634475748e+03
3.482646484375000568e+02	1.022494869347780764e+03
3.483271484375000568e+02	1.022553376538832026e+03
3.483896484375000568e+02	1.022740652003438981e+03
3.484521484375000568e+02	1.022665140047946807e+03
3.485146484375000568e+02	1.022655222020010797e+03
3.485771484375000568e+02	1.022666535348609614e+03
3.486396484375000568e+02	1.022514045484144276e+03
3.487021484375000568e+02	1.022487788159925799e+03
3.487646484375000568e+02	1.022461666592690790e+03
3.488271484375000568e+02	1.022478300707274457e+03
3.488896484375000568e+02	1.022439261141696875e+03
3.489521484375000568e+02	1.022301244377373678e+03
3.490146484375000568e+02	1.022265554347189095e+03
3.490771484375000568e+02	1.022231699440702300e+03
3.491396484375000568e+02	1.022182577237222290e+03
3.492021484375000568e+02	1.022165719696975998e+03
3.492646484375000568e+02	1.021982398570673809e+03
3.493271484375000568e+02	1.021975034771549645e+03
3.493896484375000568e+02	1.022023778926971090e+03
3.494521484375000568e+02	1.022114209354291006e+03
3.495146484375000568e+02	1.022130293782558397e+03
3.495771484375000568e+02	1.022202044862695629e+03
3.496396484375000568e+02	1.022107942338429552e+03
3.497021484375000568e+02	1.022209143436322506e+03
3.497646484375000568e+02	1.022237118622757180e+03
3.498271484375000568e+02	1.022154957904244156e+03
3.498896484375000568e+02	1.022265504039423831e+03
3.499521484375000568e+02	1.022394203139802585e+03
3.500146484375000568e+02	1.022455415852870715e+03
3.500771484375000568e+02	1.022389960641578227e+03
3.501396484375000568e+02	1.022348712343164379e+03
3.502021484375000568e+02	1.022416855320792251e+03
3.502646484375000568e+02	1.022383769087364271e+03
3.503271484375000568e+02	1.022284932454433374e+03
3.503896484375000568e+02	1.022389848558836775e+03
3.504521484375000568e+02	1.022281609552563168e+03
3.505146484375000568e+02	1.022227257191057447e+03
3.505771484375000568e+02	1.022218244332984341e+03
3.506396484375000568e+02	1.022225139826000714e+03
3.507021484375000568e+02	1.022203508966625463e+03
3.507646484375000568e+02	1.022221816924130394e+03
3.508271484375000568e+02	1.022217057291672859e+03
3.508896484375000568e+02	1.022263334147141677e+03
3.509521484375000568e+02	1.022168275035517695e+03
3.510146484375000568e+02	1.022156244451355633e+03
3.510771484375000568e+02	1.022227084443069884e+03
3.511396484375000568e+02	1.022238294936677676e+03
3.512021484375000568e+02	1.022073013583102920e+03
3.512646484375000568e+02	1.021916151751899861e+03
3.513271484375000568e+02	1.021917685398917456e+03
3.513896484375000568e+02	1.021808190917974798e+03
3.514521484375000568e+02	1.021775746478462679e+03
3.515146484375000568e+02	1.021700604063098126e+03
3.515771484375000568e+02	1.021639574085588606e+03
3.516396484375000568e+02	1.021440646824698547e+03
3.517021484375000568e+02	1.021298046135186041e+03
3.517646484375000568e+02	1.021290732273917342e+03
3.518271484375000568e+02	1.021249198404954427e+03
3.518896484375000568e+02	1.021165879498112304e+03
3.519521484375000568e+02	1.021122761304456844e+03
3.520146484375000568e+02	1.021232529888737304e+03
3.520771484375000568e+02	1.021215890595413498e+03
3.521396484375000568e+02	1.021273798532203273e+03
3.522021484375000568e+02	1.021380334842572552e+03
3.522646484375000568e+02	1.021346168471833835e+03
3.523271484375000568e+02	1.021403530051497796e+03
3.523896484375000568e+02	1.021335306063571352e+03
3.524521484375000568e+02	1.021405389589258220e+03
3.525146484375000568e+02	1.021511429850266609e+03
3.525771484375000568e+02	1.021497359212246010e+03
3.526396484375000568e+02	1.021461080655191040e+03
3.527021484375000568e+02	1.021424316776166393e+03
3.527646484375000568e+02	1.021439717980593286e+03
3.528271484375000568e+02	1.021501142282203205e+03
3.528896484375000568e+02	1.021578699470294850e+03
3.529521484375000568e+02	1.021645097952184187e+03
3.530146484375000568e+02	1.021739475689518372e+03
3.530771484375000568e+02	1.021723263272378517e+03
3.531396484375000568e+02	1.021776556211535535e+03
3.532021484375000568e+02	1.021688543146312895e+03
3.532646484375000568e+02	1.021590804036464533e+03
3.533271484375000568e+02	1.021562467447922700e+03
3.533896484375000568e+02	1.021496461440583744e+03
3.534521484375000568e+02	1.021481605853462725e+03
3.535146484375000568e+02	1.021447665497757157e+03
3.535771484375000568e+02	1.021317346561322438e+03
3.536396484375000568e+02	1.021280834221123882e+03
3.537021484375000568e+02	1.021097059215205036e+03
3.537646484375000568e+02	1.020927951882108687e+03
3.538271484375000568e+02	1.020836458333339806e+03
3.538896484375000568e+02	1.020900638464731742e+03
3.539521484375000568e+02	1.021011999511724980e+03
3.540146484375000568e+02	1.020964643628675844e+03
3.540771484375000568e+02	1.021072078820437127e+03
3.541396484375000568e+02	1.021165764456090642e+03
3.542021484375000568e+02	1.021292280717335757e+03
3.542646484375000568e+02	1.021315696022733846e+03
3.543271484375000568e+02	1.021332022002255371e+03
3.543896484375000568e+02	1.021284008419158567e+03
3.544521484375000568e+02	1.021414296283150293e+03
3.545146484375000568e+02	1.021431019546052539e+03
3.545771484375000568e+02	1.021469955536820066e+03
3.546396484375000568e+02	1.021435073760067667e+03
3.547021484375000568e+02	1.021297480542738413e+03
3.547646484375000568e+02	1.021194758374769549e+03
3.548271484375000568e+02	1.021043351976805639e+03
3.548896484375000568e+02	1.020983748742312059e+03
3.549521484375000568e+02	1.020951417865181497e+03
3.550146484375000568e+02	1.021057425574106446e+03
3.550771484375000568e+02	1.021068882057890050e+03
3.551396484375000568e+02	1.021138870516696556e+03
3.552021484375000568e+02	1.021045483398443707e+03
3.552646484375000568e+02	1.021116823508528910e+03
3.553271484375000568e+02	1.021253479743732669e+03
3.553896484375000568e+02	1.021426616506871596e+03
3.554521484375000568e+02	1.021541107732605724e+03
3.555146484375000568e+02	1.021593438535754217e+03
3.555771484375000568e+02	1.021651348322094464e+03
3.556396484375000568e+02	1.021637882856895658e+03
3.557021484375000568e+02	1.021553220066885842e+03
3.557646484375000568e+02	1.021400063994442803e+03
3.558271484375000568e+02	1.021401406397970163e+03
3.558896484375000568e+02	1.021317824855001618e+03
3.559521484375000568e+02	1.021296592758647421e+03
3.560146484375000568e+02	1.021267416104409790e+03
3.560771484375000568e+02	1.021212076083102943e+03
3.561396484375000568e+02	1.021058435428509938e+03
3.562021484375000568e+02	1.021086715050905809e+03
3.562646484375000568e+02	1.021039947324817035e+03
3.563271484375000568e+02	1.021058181300314004e+03
3.563896484375000568e+02	1.021009082401166211e+03
3.564521484375000568e+02	1.021003203790844395e+03
3.565146484375000568e+02	1.021027768036819793e+03
3.565771484375000568e+02	1.021039435369324224e+03
3.566396484375000568e+02	1.020952687396431543e+03
3.567021484375000568e+02	1.020957732599438032e+03
3.567646484375000568e+02	1.020875727243140773e+03
3.568271484375000568e+02	1.020804825106540193e+03
3.568896484375000568e+02	1.020836591500953091e+03
3.569521484375000568e+02	1.020768737792974889e+03
3.570146484375000568e+02	1.020898562159688936e+03
3.570771484375000568e+02	1.020827303429812105e+03
3.571396484375000568e+02	1.020873815548065295e+03
3.572021484375000568e+02	1.020886598159333971e+03
3.572646484375000568e+02	1.020790040172236445e+03
3.573271484375000568e+02	1.020824127012317035e+03
3.573896484375000568e+02	1.020921338260541233e+03
3.574521484375000568e+02	1.021095597700645385e+03
3.575146484375000568e+02	1.021145461573751845e+03
3.575771484375000568e+02	1.021217311049958880e+03
3.576396484375000568e+02	1.021181931374296028e+03
3.577021484375000568e+02	1.021222931832984386e+03
3.577646484375000568e+02	1.021274889766814795e+03
3.578271484375000568e+02	1.021180753210825401e+03
3.578896484375000568e+02	1.021198078687269685e+03
3.579521484375000568e+02	1.021121997810138851e+03
3.580146484375000568e+02	1.021171036044040306e+03
3.580771484375000568e+02	1.021116348544040534e+03
3.581396484375000568e+02	1.020951572857487463e+03
3.582021484375000568e+02	1.020928406131635143e+03
3.582646484375000568e+02	1.020793317945081981e+03
3.583271484375000568e+02	1.020731749748467678e+03
3.583896484375000568e+02	1.020636776455972154e+03
3.584521484375000568e+02	1.020561473499650901e+03
3.585146484375000568e+02	1.020525194942596272e+03
3.585771484375000568e+02	1.020640003181232260e+03
3.586396484375000568e+02	1.020688555723254467e+03
3.587021484375000568e+02	1.020666023763027056e+03
3.587646484375000568e+02	1.020728870368732601e+03
3.588271484375000568e+02	1.020661012221833744e+03
3.588896484375000568e+02	1.020824318625716501e+03
3.589521484375000568e+02	1.020832875754622819e+03
3.590146484375000568e+02	1.020753915497757248e+03
3.590771484375000568e+02	1.020763454737814186e+03
3.591396484375000568e+02	1.020762918738168992e+03
3.592021484375000568e+02	1.020761753891459989e+03
3.592646484375000568e+02	1.020670352080379985e+03
3.593271484375000568e+02	1.020573668323870038e+03
3.593896484375000568e+02	1.020558031486748519e+03
3.594521484375000568e+02	1.020422678444608664e+03
3.595146484375000568e+02	1.020446861313335035e+03
3.595771484375000568e+02	1.020425488281256094e+03
3.596396484375000568e+02	1.020586142060257316e+03
3.597021484375000568e+02	1.020595519279717337e+03
3.597646484375000568e+02	1.020789504542501504e+03
3.598271484375000568e+02	1.020757693019064050e+03
3.598896484375000568e+02	1.020794270093519799e+03
3.599521484375000568e+02	1.020786140950526828e+03
3.600146484375000568e+02	1.020775103574816853e+03
3.600771484375000568e+02	1.020787249201000577e+03
3.601396484375000568e+02	1.020708163174722245e+03
3.602021484375000568e+02	1.020648462283978802e+03
3.602646484375000568e+02	1.020476976799248860e+03
3.603271484375000568e+02	1.020479293175905923e+03
3.603896484375000568e+02	1.020426459665015955e+03
3.604521484375000568e+02	1.020415875059191990e+03
3.605146484375000568e+02	1.020434540719703136e+03
3.605771484375000568e+02	1.020519716205025134e+03
3.606396484375000568e+02	1.020615428947686155e+03
3.607021484375000568e+02	1.020826458555285512e+03
3.607646484375000568e+02	1.020894613000124650e+03
3.608271484375000568e+02	1.021032098943543019e+03
3.608896484375000568e+02	1.021075454619442894e+03
3.609521484375000568e+02	1.021151737097544242e+03
3.610146484375000568e+02	1.021047482392288430e+03
3.610771484375000568e+02	1.020852276056469350e+03
3.611396484375000568e+02	1.020782393022023371e+03
3.612021484375000568e+02	1.020702539802326328e+03
3.612646484375000568e+02	1.020608510890157731e+03
3.613271484375000568e+02	1.020448770049130076e+03
3.613896484375000568e+02	1.020250980631516654e+03
3.614521484375000568e+02	1.020145220762316853e+03
3.615146484375000568e+02	1.020241549775101134e+03
3.615771484375000568e+02	1.020204853219702954e+03
3.616396484375000568e+02	1.020207624215797182e+03
3.617021484375000568e+02	1.020206143835825515e+03
3.617646484375000568e+02	1.020227582341980565e+03
3.618271484375000568e+02	1.020304263583102625e+03
3.618896484375000568e+02	1.020281194883410535e+03
3.619521484375000568e+02	1.020272625917383152e+03
3.620146484375000568e+02	1.020293829160754285e+03
3.620771484375000568e+02	1.020326107880569680e+03
3.621396484375000568e+02	1.020232082667501572e+03
3.622021484375000568e+02	1.020173745265157777e+03
3.622646484375000568e+02	1.020199709250716637e+03
3.623271484375000568e+02	1.020339705403651919e+03
3.623896484375000568e+02	1.020318239894063936e+03
3.624521484375000568e+02	1.020412288041554461e+03
3.625146484375000568e+02	1.020303945090560205e+03
3.625771484375000568e+02	1.020303341027468491e+03
3.626396484375000568e+02	1.020387433046289630e+03
3.627021484375000568e+02	1.020318214000361309e+03
3.627646484375000568e+02	1.020257239879267559e+03
3.628271484375000568e+02	1.020155510179930502e+03
3.628896484375000568e+02	1.020162716767288202e+03
3.629521484375000568e+02	1.020071318655309369e+03
3.630146484375000568e+02	1.020197449100385143e+03
3.630771484375000568e+02	1.020239733886725048e+03
3.631396484375000568e+02	1.020302143258765796e+03
3.632021484375000568e+02	1.020352594549011883e+03
3.632646484375000568e+02	1.020396473647615267e+03
3.633271484375000568e+02	1.020400091367785535e+03
3.633896484375000568e+02	1.020367964311085871e+03
3.634521484375000568e+02	1.020389095421999627e+03
3.635146484375000568e+02	1.020430287124177653e+03
3.635771484375000568e+02	1.020372949218756162e+03
3.636396484375000568e+02	1.020335789166081099e+03
3.637021484375000568e+02	1.020186691746573388e+03
3.637646484375000568e+02	1.020273656116838652e+03
3.638271484375000568e+02	1.020185303104291393e+03
3.638896484375000568e+02	1.020212040201829154e+03
3.639521484375000568e+02	1.020291958895602875e+03
3.640146484375000568e+02	1.020344631865536485e+03
3.640771484375000568e+02	1.020496988192477716e+03
3.641396484375000568e+02	1.020539691347070629e+03
3.642021484375000568e+02	1.020834595096478779e+03
3.642646484375000568e+02	1.020931639885186428e+03
3.643271484375000568e+02	1.020958569335943707e+03
3.643896484375000568e+02	1.021016668146313123e+03
3.644521484375000568e+02	1.020938432173301521e+03
3.645146484375000568e+02	1.020737380519064118e+03
3.645771484375000568e+02	1.020584351695673718e+03
3.646396484375000568e+02	1.020507298694963424e+03
3.647021484375000568e+02	1.020330151367193935e+03
3.647646484375000568e+02	1.020064770877728847e+03
3.648271484375000568e+02	1.020043548399035444e+03
3.648896484375000568e+02	1.020028711307416415e+03
3.649521484375000568e+02	1.020170567368022375e+03
3.650146484375000568e+02	1.020105721398562196e+03
3.650771484375000568e+02	1.020195939497520726e+03
3.651396484375000568e+02	1.020287031323988344e+03
3.652021484375000568e+02	1.020376019102160740e+03
3.652646484375000568e+02	1.020487447472780786e+03
3.653271484375000568e+02	1.020580932247283954e+03
3.653896484375000568e+02	1.020676921682652960e+03
3.654521484375000568e+02	1.020721453672473103e+03
3.655146484375000568e+02	1.020771733694371733e+03
3.655771484375000568e+02	1.020858576364234636e+03
3.656396484375000568e+02	1.020730961470176680e+03
3.657021484375000568e+02	1.020565804776284494e+03
3.657646484375000568e+02	1.020533234937269413e+03
3.658271484375000568e+02	1.020345543323869833e+03
3.658896484375000568e+02	1.020170446407439954e+03
3.659521484375000568e+02	1.020085322339613299e+03
3.660146484375000568e+02	1.020122189793448342e+03
3.660771484375000568e+02	1.020090439675077164e+03
3.661396484375000568e+02	1.020101517001071670e+03
3.662021484375000568e+02	1.020054520670579109e+03
3.662646484375000568e+02	1.020024606045815972e+03
3.663271484375000568e+02	1.019950014796407800e+03
3.663896484375000568e+02	1.020031636555995874e+03
3.664521484375000568e+02	1.020078440903178489e+03
3.665146484375000568e+02	1.020066630045579245e+03
3.665771484375000568e+02	1.020092384662056475e+03
3.666396484375000568e+02	1.020230011911109614e+03
3.667021484375000568e+02	1.020319846413358505e+03
3.667646484375000568e+02	1.020509149354882993e+03
3.668271484375000568e+02	1.020547791637080422e+03
3.668896484375000568e+02	1.020570144930759284e+03
3.669521484375000568e+02	1.020730886378438981e+03
3.670146484375000568e+02	1.020796224328249764e+03
3.670771484375000568e+02	1.020773842181587611e+03
3.671396484375000568e+02	1.020639614405782936e+03
3.672021484375000568e+02	1.020613805782440068e+03
3.672646484375000568e+02	1.020581375769419083e+03
3.673271484375000568e+02	1.020519408069963561e+03
3.673896484375000568e+02	1.020441644841980519e+03
3.674521484375000568e+02	1.020377542761606492e+03
3.675146484375000568e+02	1.020204073449343355e+03
3.675771484375000568e+02	1.020240282463311132e+03
3.676396484375000568e+02	1.020112875828604842e+03
3.677021484375000568e+02	1.020094427305285421e+03
3.677646484375000568e+02	1.020069471324580149e+03
3.678271484375000568e+02	1.020092532626071716e+03
3.678896484375000568e+02	1.020221089680995760e+03
3.679521484375000568e+02	1.020411221590915488e+03
3.680146484375000568e+02	1.020474822813098058e+03
3.680771484375000568e+02	1.020454674923064886e+03
3.681396484375000568e+02	1.020476479270247978e+03
3.682021484375000568e+02	1.020357366758410649e+03
3.682646484375000568e+02	1.020333362926142399e+03
3.683271484375000568e+02	1.020339328465323661e+03
3.683896484375000568e+02	1.020476035378202141e+03
3.684521484375000568e+02	1.020597857481066967e+03
3.685146484375000568e+02	1.020580136200882293e+03
3.685771484375000568e+02	1.020472849712956076e+03
3.686396484375000568e+02	1.020431797466862690e+03
3.687021484375000568e+02	1.020369195741601743e+03
3.687646484375000568e+02	1.020397958466507362e+03
3.688271484375000568e+02	1.020263639692832840e+03
3.688896484375000568e+02	1.020278330300077414e+03
3.689521484375000568e+02	1.020221523585470209e+03
3.690146484375000568e+02	1.020299333792028051e+03
3.690771484375000568e+02	1.020449792850385052e+03
3.691396484375000568e+02	1.020445707933836843e+03
3.692021484375000568e+02	1.020398176343519594e+03
3.692646484375000568e+02	1.020290180738050708e+03
3.693271484375000568e+02	1.020224114805285694e+03
3.693896484375000568e+02	1.020157513242785626e+03
3.694521484375000568e+02	1.020324134780427812e+03
3.695146484375000568e+02	1.020361544892288180e+03
3.695771484375000568e+02	1.020342158277113072e+03
3.696396484375000568e+02	1.020298274739589715e+03
3.697021484375000568e+02	1.020199951541791052e+03
3.697646484375000568e+02	1.020041112911346090e+03
3.698271484375000568e+02	1.020025058445792183e+03
3.698896484375000568e+02	1.019986532685257203e+03
3.699521484375000568e+02	1.019876401959049872e+03
