cycle_number,half_cycle,time_s,current_mA,voltage_V,capacity_mAh
0,0,187425.98832569318,0.0,2.8818052,0.0
0,0,187426.98832584964,0.0,2.7817268,0.0
0,0,187427.9883260061,0.0,2.733123,0.0
0,0,187428.98832616257,0.0,2.6963742,0.0
0,0,187429.98832631903,0.0,2.6670516,0.0
0,0,187430.9883264755,0.0,2.642864,0.0
0,0,187431.98832663195,0.0,2.6224375,0.0
0,0,187432.9883267884,0.0,2.6049316,0.0
0,0,187433.98832694488,0.0,2.5892012,0.0
0,0,187434.98832710134,0.0,2.5754752,0.0
1,1,187435.94012725074,-0.5605,2.5636585,0.0
1,1,187435.94052725052,-0.5605,2.5399983,-6.210276484489442e-08
1,1,187440.94052803284,-0.5605,2.3176036,-0.0007787253099878629
1,1,187445.94052881515,-0.5605,2.2283754,-0.0015573920111589961
1,1,187450.94052959746,-0.5605,2.1702075,-0.0023360606027113067
1,1,187455.94053037977,-0.5605,2.1309195,-0.003114732356329759
1,1,187460.94053116208,-0.5605,2.1003752,-0.0038934055726296372
1,1,187465.9405319444,-0.5605,2.0743551,-0.004672081322726276
1,1,187470.9405327267,-0.5605,2.0511603,-0.005450757809324397
1,1,187475.940533509,-0.5605,2.0294166,-0.006229435839345058
1,1,187480.94053429132,-0.5605,2.0087798,-0.007008113650232553
1,1,187485.94053507363,-0.5605,1.988315,-0.007786794011900822
1,1,187490.94053585595,-0.5605,1.9688047,-0.008565472480363316
1,1,187495.94053663826,-0.5605,1.9492754,-0.009344147182746065
1,1,187500.94053742057,-0.5605,1.930395,-0.010122822334160406
1,1,187505.94053820288,-0.5605,1.9120684,-0.0109014997446537
1,1,187510.9405389852,-0.5605,1.8947344,-0.011680175594657657
1,1,187515.9405397675,-0.5605,1.8781639,-0.012458850242118038
1,1,187520.9405405498,-0.5605,1.8630253,-0.013237521178311768
1,1,187525.94054133212,-0.5605,1.8491277,-0.014016192206246982
1,1,187530.94054211443,-0.5605,1.8365853,-0.014794864402244484
1,1,187535.94054289674,-0.5605,1.8254747,-0.01557353581171234
1,1,187540.94054367905,-0.5605,1.8158723,-0.01635220731711387
1,1,187545.94054446137,-0.5605,1.807549,-0.017130880772355524
1,1,187550.94054524368,-0.5605,1.8005047,-0.017909558621038987
1,1,187555.940546026,-0.5605,1.794663,-0.018688233750578424
1,1,187560.9405468083,-0.5605,1.7899477,-0.019466908273451853
1,1,187565.94054759084,-0.5605,1.7863969,-0.02024558200115627
1,1,187570.94054837315,-0.5605,1.7832851,-0.021024252796911527
1,1,187575.94054915546,-0.5605,1.7810707,-0.02180292614361312
1,1,187580.94054993778,-0.5605,1.7790662,-0.022581600561936692
1,1,187585.9405507201,-0.5605,1.7780545,-0.023360273709247505
1,1,187590.9405515024,-0.5605,1.7768708,-0.02413894643902447
1,1,187595.9405522847,-0.5605,1.7762218,-0.024917620674772392
1,1,187600.94055306702,-0.5605,1.7757255,-0.02569629512493809
1,1,187605.94055384933,-0.5605,1.7752863,-0.026474970667292673
1,1,187610.94055463164,-0.5605,1.7750764,-0.02725364209040337
1,1,187615.94055541395,-0.5605,1.7748282,-0.0280323137772878
1,1,187620.94055619626,-0.5605,1.7748663,-0.028810990805725255
1,1,187625.94055697857,-0.5605,1.7748473,-0.0295896686849561
1,1,187630.94055776088,-0.5605,1.7748091,-0.030368348306616146
1,1,187635.9405585432,-0.5605,1.774771,-0.03114702416231566
1,1,187640.9405593255,-0.5605,1.7749237,-0.03192570221364167
1,1,187645.94056010782,-0.5605,1.7749237,-0.03270438239711854
1,1,187650.94056089013,-0.5605,1.7748473,-0.03348306249329447
1,1,187655.94056167244,-0.5605,1.7748663,-0.0342617379857997
1,1,187660.94056245475,-0.5605,1.7749428,-0.03504041327506965
1,1,187665.94056323706,-0.5605,1.7750955,-0.03581908973891535
1,1,187670.94056401937,-0.5605,1.7751336,-0.036597766362872375
1,1,187675.94056480168,-0.5605,1.7750573,-0.03737644216403033
1,1,187680.940565584,-0.5605,1.7751145,-0.03815512280892662
1,1,187685.9405663663,-0.5605,1.7753627,-0.03893380241141053
1,1,187690.94056714862,-0.5605,1.7753054,-0.039712484782414285
1,1,187695.94056793093,-0.5605,1.7753627,-0.04049116666293474
1,1,187700.94056871324,-0.5605,1.7752863,-0.04126984903505443
1,1,187705.94056949555,-0.5605,1.7751719,-0.042048530635635045
1,1,187710.94057027786,-0.5605,1.7755154,-0.042827211935361216
1,1,187715.94057106017,-0.5605,1.7753627,-0.04360589353757764
1,1,187720.94057184248,-0.5605,1.7753627,-0.044384578381925804
1,1,187725.9405726248,-0.5605,1.7752291,-0.04516326140390169
1,1,187730.9405734071,-0.5605,1.775439,-0.04594194257617326
1,1,187735.94057418942,-0.5605,1.7753627,-0.04672062141863503
1,1,187740.94057497173,-0.5605,1.7753246,-0.04749930227615765
1,1,187745.94057575404,-0.5605,1.7753246,-0.04827798467347355
1,1,187750.94057653635,-0.5605,1.7753437,-0.04905666720678076
1,1,187755.94057731866,-0.5605,1.7753246,-0.04983534629769787
1,1,187760.94057810097,-0.5605,1.7753437,-0.050614025278270226
1,1,187765.94057888328,-0.5605,1.7753818,-0.05139270395941865
1,1,187770.9405796656,-0.5605,1.7751719,-0.05217138780390221
1,1,187775.9405804479,-0.5605,1.7752291,-0.05295007012002665
1,1,187780.9405812302,-0.5605,1.7752672,-0.05372875546762014
1,1,187785.94058201252,-0.5605,1.7752672,-0.05450744264621865
1,1,187790.94058279484,-0.5605,1.7752291,-0.05528613173532153
1,1,187795.94058357715,-0.5605,1.7750955,-0.05606482061135767
1,1,187800.94058435946,-0.5605,1.775019,-0.056843508916974046
1,1,187805.94058514177,-0.5605,1.7750382,-0.05762219811985888
1,1,187810.94058592408,-0.5605,1.7750382,-0.05840088348851268
1,1,187815.9405867064,-0.5605,1.7749428,-0.059179570089641524
1,1,187820.9405874887,-0.5605,1.7748854,-0.059958257131612944
1,1,187825.940588271,-0.5605,1.7748282,-0.0607369459008773
1,1,187830.94058905332,-0.5605,1.7747136,-0.06151563027413684
1,1,187835.94058983563,-0.5605,1.7745991,-0.06229431434673731
1,1,187840.94059061795,-0.5605,1.7746181,-0.06307299725659354
1,1,187845.94059140026,-0.5605,1.7744845,-0.0638516800115638
1,1,187850.94059218257,-0.5605,1.7745228,-0.06463036683591535
1,1,187855.94059296488,-0.5605,1.7743318,-0.06540905393415686
1,1,187860.9405937472,-0.5605,1.7743891,-0.0661877393713262
1,1,187865.94059452927,-0.5605,1.7743891,-0.06696642424823175
1,1,187870.94059531158,-0.5605,1.7742746,-0.06774510941909416
1,1,187875.9405960939,-0.5605,1.7742937,-0.06852378851221995
1,1,187880.9405968762,-0.5605,1.7741791,-0.06930247269926797
1,1,187885.9405976585,-0.5605,1.774141,-0.07008115599919355
1,1,187890.94059844082,-0.5605,1.7738546,-0.0708598431808915
1,1,187895.94059922313,-0.5605,1.7738928,-0.07163853010382583
1,1,187900.94060000544,-0.5605,1.7737591,-0.0724172148780988
1,1,187905.94060078776,-0.5605,1.7737973,-0.07319590033346411
1,1,187910.94060157007,-0.5605,1.77374,-0.07397459111275603
1,1,187915.94060235238,-0.5605,1.7735683,-0.07475327882785264
1,1,187920.9406031347,-0.5605,1.7732246,-0.07553196543597178
1,1,187925.940603917,-0.5605,1.7735492,-0.0763106547580063
1,1,187930.9406046993,-0.5605,1.7733201,-0.07708934448484576
1,1,187935.94060548162,-0.5605,1.7732246,-0.07786803090931968
1,1,187940.94060626393,-0.5605,1.7732246,-0.07864671817662645
1,1,187945.94060704624,-0.5605,1.7729573,-0.07942540112118585
1,1,187950.94060782855,-0.5605,1.7729001,-0.08020408366948693
1,1,187955.94060861086,-0.5605,1.7729764,-0.08098276645307073
1,1,187960.94060939318,-0.5605,1.7728237,-0.08176144884230357
1,1,187965.9406101755,-0.5605,1.7727665,-0.08254013441176873
1,1,187970.9406109578,-0.5605,1.7725564,-0.08331881939156845
1,1,187975.9406117401,-0.5605,1.7725564,-0.08409750540982679
1,1,187980.94061252242,-0.5605,1.7723846,-0.08487618920150063
1,1,187985.94061330473,-0.5605,1.7724037,-0.0856548697423537
1,1,187990.94061408704,-0.5605,1.7723465,-0.08643355191978806
1,1,187995.94061486935,-0.5605,1.7720983,-0.08721223439418932
1,1,188000.94061565166,-0.5605,1.7720983,-0.08799091696768993
1,1,188005.94061643397,-0.5605,1.7719647,-0.08876959765857452
1,1,188010.94061721629,-0.5605,1.7718883,-0.08954827927578483
1,1,188015.9406179986,-0.5605,1.7717355,-0.09032696036208002
1,1,188020.9406187809,-0.5605,1.7717737,-0.0911056400770412
1,1,188025.94061956322,-0.5605,1.7714683,-0.09188431966552463
1,1,188030.94062034553,-0.5605,1.7715638,-0.09266300064220687
1,1,188035.94062112784,-0.5605,1.7713728,-0.09344168316052351
1,1,188040.94062191015,-0.5605,1.7711247,-0.09422036186818607
1,1,188045.94062269246,-0.5605,1.7711247,-0.09499903895039022
1,1,188050.94062347477,-0.5605,1.7709337,-0.09577771309681726
1,1,188055.94062425708,-0.5605,1.7708575,-0.09655638656018502
1,1,188060.9406250394,-0.5605,1.7707047,-0.09733506176657471
1,1,188065.9406258217,-0.5605,1.7706283,-0.09811373542155814
1,1,188070.94062660402,-0.5605,1.7704756,-0.09889241152662362
1,1,188075.94062738633,-0.5605,1.7704566,-0.0996710853106147
1,1,188080.94062816864,-0.5605,1.7703801,-0.10044976075025061
1,1,188085.94062895095,-0.5605,1.7702084,-0.1012284377367595
1,1,188090.94062973326,-0.5605,1.7700747,-0.10200711448359481
1,1,188095.94063051557,-0.5605,1.7699792,-0.10278579111220432
1,1,188100.94063129788,-0.5605,1.7698265,-0.10356446964186754
1,1,188105.9406320802,-0.5605,1.769712,-0.10434314775902688
1,1,188110.9406328625,-0.5605,1.769731,-0.10512182763643721
1,1,188115.94063364482,-0.5605,1.7694829,-0.10590050770048955
1,1,188120.94063442713,-0.5605,1.7693301,-0.10667918757252552
1,1,188125.94063520944,-0.5605,1.7691393,-0.10745786689330132
1,1,188130.94063599175,-0.5605,1.7689675,-0.10823654278577689
1,1,188135.94063677406,-0.5605,1.7689866,-0.10901521801166723
1,1,188140.94063755637,-0.5605,1.7687956,-0.10979389459205326
1,1,188145.94063833868,-0.5605,1.7687575,-0.11057256996792213
1,1,188150.940639121,-0.5605,1.7686429,-0.11135124708847526
1,1,188155.9406399033,-0.5605,1.7684139,-0.11212992483793685
1,1,188160.9406406856,-0.5605,1.7683947,-0.11290860061907096
1,1,188165.94064146793,-0.5605,1.768242,-0.11368727663748784
1,1,188170.94064225024,-0.5605,1.7680511,-0.11446595428182672
1,1,188175.94064303255,-0.5605,1.7678794,-0.11524463027393478
1,1,188180.94064381486,-0.5605,1.7676884,-0.11602330744702277
1,1,188185.94064459717,-0.5605,1.7676121,-0.11680198617025207
1,1,188190.94064537948,-0.5605,1.7674594,-0.11758066628347162
1,1,188195.9406461618,-0.5605,1.767383,-0.1183593437624043
1,1,188200.9406469441,-0.5605,1.7673066,-0.11913802260161431
1,1,188205.9406477264,-0.5605,1.7672303,-0.11991670352977837
1,1,188210.94064850872,-0.5605,1.7670202,-0.12069538506688005
1,1,188215.94064929103,-0.5605,1.7668866,-0.12147406935918324
1,1,188220.94065007335,-0.5605,1.7666767,-0.12225275353167116
1,1,188225.94065085566,-0.5605,1.7665621,-0.12303143581439381
1,1,188230.94065163797,-0.5605,1.7664285,-0.12381011797498655
1,1,188235.94065242028,-0.5605,1.7661421,-0.12458879686597643
1,1,188240.94065320236,-0.5605,1.7660657,-0.12536747636348
1,1,188245.94065398467,-0.5605,1.766104,-0.12614615507306315
1,1,188250.94065476698,-0.5605,1.7658939,-0.12692483099565233
1,1,188255.9406555493,-0.5605,1.7656648,-0.12770350665842153
1,1,188260.9406563316,-0.5605,1.7655312,-0.12848218660467856
1,1,188265.9406571139,-0.5605,1.7653022,-0.1292608658747904
1,1,188270.94065789622,-0.5605,1.7651876,-0.13003954337030973
1,1,188275.94065867853,-0.5605,1.7653022,-0.13081822368329094
1,1,188280.94065946084,-0.5605,1.7649013,-0.13159690619911743
1,1,188285.94066024316,-0.5605,1.7648058,-0.1323755869696272
1,1,188290.94066102547,-0.5605,1.7645957,-0.13315426967010557
1,1,188295.94066180778,-0.5605,1.7645004,-0.13393294908081815
1,1,188300.9406625901,-0.5605,1.7643094,-0.13471163126161356
1,1,188305.9406633724,-0.5605,1.7641567,-0.13549031475665496
1,1,188310.9406641547,-0.5605,1.7640421,-0.13626899692793018
1,1,188315.94066493702,-0.5605,1.7639658,-0.13704768132318051
1,1,188320.94066571933,-0.5605,1.7637558,-0.13782636334227183
1,1,188325.94066650164,-0.5605,1.763794,-0.13860504834491005
1,1,188330.94066728395,-0.5605,1.7634504,-0.13938373275243895
1,1,188335.94066806627,-0.5605,1.7632403,-0.14016241686917336
1,1,188340.94066884858,-0.5605,1.763164,-0.14094109759463527
1,1,188345.9406696309,-0.5605,1.7629158,-0.14171977741766298
1,1,188350.9406704132,-0.5605,1.7629158,-0.1424984555758833
1,1,188355.9406711955,-0.5605,1.7627058,-0.14327713396240596
1,1,188360.94067197782,-0.5605,1.7624959,-0.14405581497760273
1,1,188365.94067276013,-0.5605,1.7623432,-0.1448344945958289
1,1,188370.94067354244,-0.5605,1.7620186,-0.14561317303917135
1,1,188375.94067432475,-0.5605,1.7619423,-0.14639185157666926
1,1,188380.94067510706,-0.5605,1.7618468,-0.14717053163557572
1,1,188385.94067588937,-0.5605,1.7616941,-0.1479492130793365
1,1,188390.9406766717,-0.5605,1.7614459,-0.14872789402712375
1,1,188395.940677454,-0.5605,1.7612741,-0.1495065738868911
1,1,188400.9406782363,-0.5605,1.7611405,-0.15028525372131324
1,1,188405.94067901862,-0.5605,1.761045,-0.1510639354839059
1,1,188410.94067980093,-0.5605,1.7608923,-0.1518426183159847
1,1,188415.94068058324,-0.5605,1.760625,-0.15262130338341318
1,1,188420.94068136555,-0.5605,1.7604914,-0.15339998953796083
1,1,188425.94068214786,-0.5605,1.7603768,-0.15417867528134904
1,1,188430.94068293017,-0.5605,1.7602241,-0.15495735917070497
1,1,188435.94068371248,-0.5605,1.7600905,-0.15573604599794402
1,1,188440.9406844948,-0.5605,1.7597086,-0.15651473410638492
1,1,188445.9406852771,-0.5605,1.7597086,-0.157293417233967
1,1,188450.94068605942,-0.5605,1.759575,-0.1580720995525253
1,1,188455.94068684173,-0.5605,1.7593842,-0.15885078354862653
1,1,188460.94068762357,-0.5605,1.759346,-0.15962946744471446
1,1,188465.94068840588,-0.5605,1.7590405,-0.1604081534230774
1,1,188470.9406891882,-0.5605,1.7589068,-0.1611868396751482
1,1,188475.9406899705,-0.5605,1.7587732,-0.16196552404277512
1,1,188480.94069075282,-0.5605,1.7585824,-0.16274420666714498
1,1,188485.94069153513,-0.5605,1.7584869,-0.1635228901654812
1,1,188490.94069231744,-0.5605,1.7581624,-0.16430157353471705
1,1,188495.94069309975,-0.5605,1.7580669,-0.16508025494285083
1,1,188500.94069388206,-0.5605,1.7579333,-0.1658589359085327
1,1,188505.94069466437,-0.5605,1.7577424,-0.1666376157652867
1,1,188510.94069544668,-0.5605,1.7575514,-0.16741629649283146
1,1,188515.940696229,-0.5605,1.7573415,-0.16819497838554107
1,1,188520.9406970113,-0.5605,1.7572651,-0.16897366103404748
1,1,188525.94069779362,-0.5605,1.7570361,-0.1697523462548056
1,1,188530.94069857593,-0.5605,1.7566733,-0.1705310295061898
1,1,188535.94069935824,-0.5605,1.7565969,-0.17130971299919803
1,1,188540.94070014055,-0.5605,1.7564251,-0.17208839485642963
1,1,188545.94070092286,-0.5605,1.7562343,-0.17286707774007637
1,1,188550.94070170517,-0.5605,1.7559288,-0.17364576244016475
1,1,188555.94070248748,-0.5605,1.7557951,-0.17442444485409378
1,1,188560.9407032698,-0.5605,1.7557379,-0.17520312831480953
1,1,188565.9407040521,-0.5605,1.7555088,-0.17598181072006608
1,1,188570.94070483441,-0.5605,1.7552798,-0.17676049459589507
1,1,188575.94070561673,-0.5605,1.7551843,-0.17753917779876444
1,1,188580.94070639904,-0.5605,1.7550125,-0.1783178616348636
1,1,188585.94070718135,-0.5605,1.7548597,-0.179096541495727
1,1,188590.94070796366,-0.5605,1.7546879,-0.17987522182238086
1,1,188595.94070874597,-0.5605,1.7545352,-0.18065390080502283
1,1,188600.94070952828,-0.5605,1.7542107,-0.18143258142435204
1,1,188605.9407103106,-0.5605,1.754058,-0.18221126260708423
1,1,188610.9407110929,-0.5605,1.7538861,-0.1829899436642526
1,1,188615.9407118752,-0.5605,1.7537525,-0.1837686258819201
1,1,188620.94071265752,-0.5605,1.7535807,-0.18454731289447665
1,1,188625.94071343984,-0.5605,1.7532753,-0.18532599705832853
1,1,188630.94071422215,-0.5605,1.7531798,-0.18610468101794508
1,1,188635.94071500446,-0.5605,1.752817,-0.18688336565904803
1,1,188640.94071578677,-0.5605,1.7526453,-0.1876620543742311
1,1,188645.94071656908,-0.5605,1.752569,-0.1884407425116465
1,1,188650.9407173514,-0.5605,1.752378,-0.18921943093932325
1,1,188655.9407181337,-0.5605,1.7521489,-0.18999811822070004
1,1,188660.940718916,-0.5605,1.7520344,-0.1907768038853207
1,1,188665.94071969832,-0.5605,1.7517289,-0.19155548835953395
1,1,188670.94072048063,-0.5605,1.7515571,-0.19233416778074028
1,1,188675.94072126294,-0.5605,1.7513663,-0.1931128487533694
1,1,188680.94072204526,-0.5605,1.7513089,-0.19389152869145726
1,1,188685.94072282757,-0.5605,1.7510035,-0.19467021031822418
1,1,188690.94072360988,-0.5605,1.7508317,-0.1954488910966978
1,1,188695.9407243922,-0.5605,1.7505454,-0.19622756918147527
1,1,188700.9407251745,-0.5605,1.7505071,-0.19700624680119744
1,1,188705.9407259568,-0.5605,1.7502781,-0.19778492512732404
1,1,188710.94072673912,-0.5605,1.7501826,-0.19856360460840652
1,1,188715.94072752143,-0.5605,1.749839,-0.199342285455548
1,1,188720.94072830374,-0.5605,1.7498963,-0.20012096608776506
1,1,188725.94072908605,-0.5605,1.7493808,-0.20089964999339305
1,1,188730.94072986837,-0.5605,1.7491708,-0.20167833297989424
1,1,188735.94073065068,-0.5605,1.7490945,-0.20245701892407061
1,1,188740.940731433,-0.5605,1.7488272,-0.20323570516535297
1,1,188745.9407322153,-0.5605,1.7486554,-0.20401438646814216
1,1,188750.9407329976,-0.5605,1.7485026,-0.20479306837693176
1,1,188755.94073377992,-0.5605,1.7483308,-0.20557175223239252
1,1,188760.94073456223,-0.5605,1.7481209,-0.20635043717275053
1,1,188765.94073534454,-0.5605,1.7477772,-0.2071291172832051
1,1,188770.94073612685,-0.5605,1.7476436,-0.20790779710857396
1,1,188775.94073690916,-0.5605,1.7473191,-0.20868647703286997
1,1,188780.94073769148,-0.5605,1.747109,-0.20946515652158185
1,1,188785.9407384738,-0.5605,1.7469754,-0.2102438383957279
1,1,188790.9407392561,-0.5605,1.74667,-0.21102252131797197
1,1,188795.9407400384,-0.5605,1.7465554,-0.21180120113577436
1,1,188800.94074082072,-0.5605,1.7463073,-0.21257988224604385
1,1,188805.94074160303,-0.5605,1.7460591,-0.21335856607741108
1,1,188810.94074238534,-0.5605,1.7457918,-0.21413724923274904
1,1,188815.94074316765,-0.5605,1.7457155,-0.2149159271066254
1,1,188820.94074394996,-0.5605,1.7454864,-0.21569460554361997
1,1,188825.94074473227,-0.5605,1.7453146,-0.21647328386720013
1,1,188830.94074551458,-0.5605,1.7449901,-0.21725196308473407
1,1,188835.9407462969,-0.5605,1.7447419,-0.21803064211189077
1,1,188840.94074707944,-0.5605,1.7444746,-0.21880932452294555
1,1,188845.94074786175,-0.5605,1.7443601,-0.21958800572579099
1,1,188850.94074864406,-0.5605,1.7440928,-0.22036668904882661
1,1,188855.94074942637,-0.5605,1.7438637,-0.22114537017266278
1,1,188860.94075020868,-0.5605,1.7437683,-0.22192405042285382
1,1,188865.940750991,-0.5605,1.7434247,-0.22270273025631898
1,1,188870.9407517733,-0.5605,1.743291,-0.22348140734213254
1,1,188875.94075255562,-0.5605,1.7431002,-0.22426008549482288
1,1,188880.94075333793,-0.5605,1.7428329,-0.22503876036637355
1,1,188885.94075412024,-0.5605,1.7425656,-0.225817434092664
1,1,188890.94075490255,-0.5605,1.7424129,-0.2265961069003641
1,1,188895.94075568486,-0.5605,1.7420692,-0.22737478259001834
1,1,188900.94075646717,-0.5605,1.7419547,-0.22815345731772313
1,1,188905.94075724948,-0.5605,1.7416683,-0.22893213215579916
1,1,188910.9407580318,-0.5605,1.7414583,-0.22971080524404178
1,1,188915.9407588141,-0.5605,1.7411338,-0.23048947805869577
1,1,188920.94075959641,-0.5605,1.740962,-0.23126815009354218
1,1,188925.94076037873,-0.5605,1.7408093,-0.23204682049359543
1,1,188930.94076116104,-0.5605,1.7405802,-0.2328254943316777
1,1,188935.94076194335,-0.5605,1.7404466,-0.2336041670759651
1,1,188940.94076272566,-0.5605,1.7400647,-0.23438283955629663
1,1,188945.94076350797,-0.5605,1.7398739,-0.23516151400602192
1,1,188950.94076429028,-0.5605,1.7397212,-0.2359401923560268
1,1,188955.9407650726,-0.5605,1.739473,-0.23671887087428567
1,1,188960.9407658549,-0.5605,1.7393012,-0.23749754726923833
1,1,188965.9407666372,-0.5605,1.7390912,-0.2382762242646581
1,1,188970.94076741952,-0.5605,1.7387667,-0.23905489912454284
1,1,188975.94076820184,-0.5605,1.7385185,-0.23983357214604148
1,1,188980.94076898415,-0.5605,1.7381176,-0.24061224781706925
1,1,188985.94076976646,-0.5605,1.737984,-0.24139091837661128
1,1,188990.94077054877,-0.5605,1.7377357,-0.2421695880677269
1,1,188995.94077133108,-0.5605,1.7374494,-0.24294825841992093
1,1,189000.9407721134,-0.5605,1.7372584,-0.243726927719689
1,1,189005.9407728957,-0.5605,1.7370294,-0.2445055986554291
1,1,189010.940773678,-0.5605,1.7368385,-0.24528427001099448
1,1,189015.94077446032,-0.5605,1.736514,-0.24606294096434111
1,1,189020.94077524263,-0.5605,1.7364185,-0.24684161428548557
1,1,189025.94077602495,-0.5605,1.7361321,-0.2476202893344296
1,1,189030.94077680726,-0.5605,1.7359222,-0.24839896388740998
1,1,189035.94077758957,-0.5605,1.7357312,-0.24917763868497142
1,1,189040.94077837188,-0.5605,1.7354258,-0.24995631421483222
1,1,189045.9407791542,-0.5605,1.7351204,-0.2507349878216485
1,1,189050.9407799365,-0.5605,1.7350631,-0.25151366254503527
1,1,189055.9407807188,-0.5605,1.7345668,-0.25229233782126836
1,1,189060.94078150112,-0.5605,1.7344332,-0.2530710191001263
1,1,189065.94078228343,-0.5605,1.7341276,-0.2538496974676417
1,1,189070.94078306574,-0.5605,1.7338986,-0.25462837471257643
1,1,189075.94078384805,-0.5605,1.7336504,-0.25540704889733923
1,1,189080.94078463037,-0.5605,1.7334023,-0.25618572526186373
1,1,189085.94078541268,-0.5605,1.7330395,-0.25696440204715726
1,1,189090.940786195,-0.5605,1.7329441,-0.2577430760750207
1,1,189095.9407869773,-0.5605,1.7327341,-0.25852175054906473
1,1,189100.9407877596,-0.5605,1.732295,-0.2593004256402519
1,1,189105.94078854192,-0.5605,1.7320468,-0.26007910196510287
1,1,189110.94078932423,-0.5605,1.7318751,-0.26085777815498246
1,1,189115.94079010654,-0.5605,1.7314742,-0.2616364544475939
1,1,189120.94079088885,-0.5605,1.7314932,-0.26241513135919964
1,1,189125.94079167116,-0.5605,1.7311114,-0.2631938117446435
1,1,189130.94079245348,-0.5605,1.7308823,-0.2639724921375744
1,1,189135.9407932358,-0.5605,1.7305197,-0.2647511716463366
1,1,189140.94079401786,-0.5605,1.730367,-0.2655298500899042
1,1,189145.94079480018,-0.5605,1.7300614,-0.2663085235556098
1,1,189150.9407955825,-0.5605,1.7298706,-0.26708719954031696
1,1,189155.9407963648,-0.5605,1.7295651,-0.26786587696950953
1,1,189160.9407971471,-0.5605,1.7292024,-0.2686445533786315
1,1,189165.94079792942,-0.5605,1.7289923,-0.2694232283043827
1,1,189170.94079871173,-0.5605,1.7285533,-0.2702019039864969
1,1,189175.94079949404,-0.5605,1.7284197,-0.27098058130771235
1,1,189180.94080027635,-0.5605,1.7283051,-0.2717592612414954
1,1,189185.94080105866,-0.5605,1.7279615,-0.27253794013918753
1,1,189190.94080184097,-0.5605,1.7275797,-0.2733166168987948
1,1,189195.94080262328,-0.5605,1.7272934,-0.27409529104810604
1,1,189200.9408034056,-0.5605,1.7270833,-0.27487396354754084
1,1,189205.9408041879,-0.5605,1.726797,-0.2756526326798265
1,1,189210.94080497022,-0.5605,1.7266443,-0.27643130694326407
1,1,189215.94080575253,-0.5605,1.7262625,-0.27720998451685885
1,1,189220.94080653484,-0.5605,1.7258998,-0.277988660241448
1,1,189225.94080731715,-0.5605,1.7258234,-0.27876734009558934
1,1,189230.94080809946,-0.5605,1.725327,-0.27954601677298524
1,1,189235.94080888177,-0.5605,1.7251171,-0.280324689489881
1,1,189240.94080966408,-0.5605,1.7247543,-0.2811033616043559
1,1,189245.9408104464,-0.5605,1.7246588,-0.2818820325440696
1,1,189250.9408112287,-0.5605,1.7243916,-0.28266070672716015
1,1,189255.94081201102,-0.5605,1.7239907,-0.28343937994437063
1,1,189260.94081279333,-0.5605,1.7237426,-0.2842180529610347
1,1,189265.94081357564,-0.5605,1.7233799,-0.284996727680173
1,1,189270.94081435795,-0.5605,1.7232844,-0.2857754019481008
1,1,189275.94081514026,-0.5605,1.7228835,-0.2865540773470135
1,1,189280.94081592257,-0.5605,1.7224635,-0.2873327585619024
1,1,189285.94081670488,-0.5605,1.7222153,-0.2881114331798055
1,1,189290.9408174872,-0.5605,1.7218717,-0.28889010902031903
1,1,189295.9408182695,-0.5605,1.721719,-0.2896687838923465
1,1,189300.94081905182,-0.5605,1.7214327,-0.2904474624757102
1,1,189305.94081983413,-0.5605,1.7210318,-0.2912261374193891
1,1,189310.94082061644,-0.5605,1.7208408,-0.2920048112323745
1,1,189315.94082139875,-0.5605,1.7205163,-0.29278348630547496
1,1,189320.94082218106,-0.5605,1.7201726,-0.29356216271088825
1,1,189325.94082296337,-0.5605,1.7198863,-0.2943408397603198
1,1,189330.94082374568,-0.5605,1.7196764,-0.2951195151678619
1,1,189335.940824528,-0.5605,1.7192945,-0.29589819147736135
1,1,189340.9408253103,-0.5605,1.7190273,-0.2966768699309459
1,1,189345.9408260926,-0.5605,1.7186645,-0.29745554710851746
1,1,189350.94082687492,-0.5605,1.7183782,-0.298234225198262
1,1,189355.94082765724,-0.5605,1.7179964,-0.2990129010930986
1,1,189360.94082843955,-0.5605,1.7178437,-0.2997915764551392
1,1,189365.94082922186,-0.5605,1.7174618,-0.30057025246793007
1,1,189370.94083000417,-0.5605,1.7170992,-0.301348927585734
1,1,189375.94083078648,-0.5605,1.7168319,-0.30212760540785366
1,1,189380.9408315688,-0.5605,1.7164692,-0.3029062809878386
1,1,189385.9408323511,-0.5605,1.7163928,-0.3036849561729362
1,1,189390.9408331334,-0.5605,1.7159728,-0.30446363073562227
1,1,189395.94083391572,-0.5605,1.7156674,-0.3052423066542742
1,1,189400.94083469803,-0.5605,1.7152855,-0.3060209827515083
1,1,189405.94083548035,-0.5605,1.7149037,-0.30679965688741845
1,1,189410.94083626266,-0.5605,1.7146747,-0.3075783314455116
1,1,189415.94083704497,-0.5605,1.7142547,-0.30835700590831683
1,1,189420.94083782728,-0.5605,1.7140828,-0.3091356787496671
1,1,189425.9408386096,-0.5605,1.7136438,-0.3099143505273261
1,1,189430.9408393919,-0.5605,1.7133193,-0.3106930218145349
1,1,189435.9408401742,-0.5605,1.713052,-0.3114716943644979
1,1,189440.94084095652,-0.5605,1.7127084,-0.31225036631846415
1,1,189445.94084173883,-0.5605,1.7124792,-0.3130290370201169
1,1,189450.94084252114,-0.5605,1.7120783,-0.3138077066289715
1,1,189455.94084330346,-0.5605,1.711792,-0.3145863771347137
1,1,189460.94084408577,-0.5605,1.7115247,-0.3153650496890676
1,1,189465.94084486808,-0.5605,1.7110666,-0.3161437224057746
1,1,189470.9408456504,-0.5605,1.7107229,-0.3169223988974954
1,1,189475.9408464327,-0.5605,1.7103794,-0.31770107767330924
1,1,189480.940847215,-0.5605,1.7101121,-0.3184797542968027
1,1,189485.94084799732,-0.5605,1.7097493,-0.3192584319828019
1,1,189490.94084877963,-0.5605,1.7094249,-0.3200371096529794
1,1,189495.94084956194,-0.5605,1.7089858,-0.32081578602044436
1,1,189500.94085034425,-0.5605,1.7087758,-0.32159446246870016
1,1,189505.94085112656,-0.5605,1.7084703,-0.32237313638444065
1,1,189510.94085190888,-0.5605,1.7080504,-0.323151808301197
1,1,189515.9408526912,-0.5605,1.7077067,-0.32393048194017
1,1,189520.94085347326,-0.5605,1.7073439,-0.3247091566956704
1,1,189525.94085425558,-0.5605,1.7071531,-0.32548783168494355
1,1,189530.9408550379,-0.5605,1.706695,-0.32626650707253796
1,1,189535.9408558202,-0.5605,1.7063513,-0.3270451835953227
1,1,189540.9408566025,-0.5605,1.7061031,-0.3278238582591578
1,1,189545.94085738482,-0.5605,1.7056068,-0.32860253542273554
1,1,189550.94085816713,-0.5605,1.7053777,-0.32938121417255845
1,1,189555.94085894944,-0.5605,1.7049387,-0.3301598922091224
1,1,189560.94085973175,-0.5605,1.7046905,-0.33093856778915376
1,1,189565.94086051406,-0.5605,1.7041368,-0.33171724311798795
1,1,189570.94086129637,-0.5605,1.7038887,-0.33249592065503514
1,1,189575.94086207869,-0.5605,1.7034878,-0.3332745943934982
1,1,189580.940862861,-0.5605,1.7030678,-0.33405326764109383
1,1,189585.9408636433,-0.5605,1.7027432,-0.3348319454927509
1,1,189590.94086442562,-0.5605,1.7024759,-0.3356106233510539
1,1,189595.94086520793,-0.5605,1.7020751,-0.3363892996374367
1,1,189600.94086599024,-0.5605,1.701655,-0.3371679742165968
1,1,189605.94086677255,-0.5605,1.7012541,-0.33794664967587906
1,1,189610.94086755486,-0.5605,1.7008342,-0.33872532307698316
1,1,189615.94086833717,-0.5605,1.7005287,-0.33950399994966046
1,1,189620.94086911948,-0.5605,1.7002424,-0.34028267523511574
1,1,189625.9408699018,-0.5605,1.6998034,-0.34106135025996953
1,1,189630.9408706841,-0.5605,1.6994406,-0.34184002618401904
1,1,189635.94087146642,-0.5605,1.6990206,-0.34261870017137785
1,1,189640.94087224873,-0.5605,1.698677,-0.34339737423416306
1,1,189645.94087303104,-0.5605,1.6981997,-0.3441760494138366
1,1,189650.94087381335,-0.5605,1.6978753,-0.3449547259060773
1,1,189655.94087459566,-0.5605,1.6975888,-0.345733400672237
1,1,189660.94087537797,-0.5605,1.6971498,-0.34651207555039387
1,1,189665.94087616028,-0.5605,1.6966916,-0.34729074849323094
1,1,189670.9408769426,-0.5605,1.6962143,-0.34806942326252654
1,1,189675.9408777249,-0.5605,1.6958708,-0.3488480997232298
1,1,189680.94087850722,-0.5605,1.6956226,-0.3496267730759382
1,1,189685.94087928953,-0.5605,1.6952026,-0.3504054483265744
1,1,189690.94088007184,-0.5605,1.6949353,-0.35118412409917177
1,1,189695.94088085415,-0.5605,1.6944199,-0.35196280128532975
1,1,189700.94088163646,-0.5605,1.6939999,-0.3527414797108802
1,1,189705.94088241877,-0.5605,1.693599,-0.3535201584317419
1,1,189710.94088320108,-0.5605,1.6930072,-0.35429883705985543
1,1,189715.9408839834,-0.5605,1.6926826,-0.3550775137496955
1,1,189720.9408847657,-0.5605,1.6923772,-0.35585618787067136
1,1,189725.940885548,-0.5605,1.6919382,-0.35663486307828624
1,1,189730.94088633033,-0.5605,1.6914799,-0.35741353908477225
1,1,189735.94088711264,-0.5605,1.6912317,-0.35819221144529184
1,1,189740.94088789448,-0.5605,1.690659,-0.3589708840923541
1,1,189745.9408886768,-0.5605,1.69022,-0.3597495576858156
1,1,189750.9408894591,-0.5605,1.6898,-0.3605282299638821
1,1,189755.9408902414,-0.5605,1.6894563,-0.3613069030512936
1,1,189760.94089102373,-0.5605,1.6889791,-0.36208557546916936
1,1,189765.94089180604,-0.5605,1.6885973,-0.3628642484239605
1,1,189770.94089258835,-0.5605,1.6882155,-0.3636429224885768
1,1,189775.94089337066,-0.5605,1.6877,-0.36442159756958153
1,1,189780.94089415297,-0.5605,1.687261,-0.3652002700670163
1,1,189785.94089493528,-0.5605,1.6870128,-0.3659789420168532
1,1,189790.9408957176,-0.5605,1.6864592,-0.3667576139083571
1,1,189795.9408964999,-0.5605,1.6862301,-0.36753628644592234
1,1,189800.9408972822,-0.5605,1.6856002,-0.36831495732068686
1,1,189805.94089806452,-0.5605,1.6852756,-0.3690936298089789
1,1,189810.94089884683,-0.5605,1.684722,-0.36987230222188766
1,1,189815.94089962915,-0.5605,1.6843402,-0.3706509755123986
1,1,189820.94090041146,-0.5605,1.6838248,-0.3714296506400241
1,1,189825.94090119377,-0.5605,1.6833856,-0.37220832289787464
1,1,189830.94090197608,-0.5605,1.6829084,-0.37298699317496686
1,1,189835.9409027584,-0.5605,1.6825647,-0.3737656669133306
1,1,189840.9409035407,-0.5605,1.6820111,-0.3745443392019703
1,1,189845.940904323,-0.5605,1.6815149,-0.3753230088181827
1,1,189850.94090510532,-0.5605,1.6812093,-0.37610167853311366
1,1,189855.94090588763,-0.5605,1.6808658,-0.3768803503656288
1,1,189860.94090666994,-0.5605,1.6802931,-0.37765902609496643
1,1,189865.94090745226,-0.5605,1.6798922,-0.37843769888301027
1,1,189870.94090823457,-0.5605,1.6793194,-0.37921637419678106
1,1,189875.94090901688,-0.5605,1.6789185,-0.3799950482746263
1,1,189880.9409097992,-0.5605,1.6784413,-0.38077372324326964
1,1,189885.9409105815,-0.5605,1.677964,-0.3815523986616896
1,1,189890.9409113638,-0.5605,1.6775059,-0.3823310713754793
1,1,189895.94091214612,-0.5605,1.6771623,-0.38310974545749027
1,1,189900.94091292843,-0.5605,1.6766468,-0.3838884180523223
1,1,189905.94091371074,-0.5605,1.6762269,-0.3846670913086865
1,1,189910.94091449305,-0.5605,1.6755968,-0.3854457633455396
1,1,189915.94091527537,-0.5605,1.6751195,-0.386224434660246
1,1,189920.94091605768,-0.5605,1.6746423,-0.38700310554527906
1,1,189925.94091684,-0.5605,1.6740696,-0.38778177960556415
1,1,189930.9409176223,-0.5605,1.6737069,-0.3885604516271386
1,1,189935.9409184046,-0.5605,1.6732869,-0.3893391224773261
1,1,189940.94091918692,-0.5605,1.6729051,-0.3901177955147922
1,1,189945.94091996923,-0.5605,1.6723133,-0.39089646940117745
1,1,189950.94092075154,-0.5605,1.6717597,-0.391675142117593
1,1,189955.94092153385,-0.5605,1.6713206,-0.3924538147534662
1,1,189960.94092231616,-0.5605,1.6708815,-0.39323248697638513
1,1,189965.94092309847,-0.5605,1.6703279,-0.39401115744539766
1,1,189970.9409238808,-0.5605,1.6698315,-0.3947898300060266
1,1,189975.9409246631,-0.5605,1.6692207,-0.3955685013697313
1,1,189980.9409254454,-0.5605,1.6688579,-0.39634717045978046
1,1,189985.94092622772,-0.5605,1.6683998,-0.3971258388437563
1,1,189990.94092701003,-0.5605,1.6678653,-0.39790450561020446
1,1,189995.94092779234,-0.5605,1.6673117,-0.3986831738132603
1,1,190000.94092857465,-0.5605,1.6668534,-0.39946184431366794
1,1,190005.94092935696,-0.5605,1.6663572,-0.40024051402388355
1,1,190010.94093013927,-0.5605,1.6658798,-0.4010191849568189
1,1,190015.94093092158,-0.5605,1.665269,-0.40179785547158126
1,1,190020.9409317039,-0.5605,1.6646771,-0.40257652499760527
1,1,190025.9409324862,-0.5605,1.664219,-0.40335519734184616
1,1,190030.94093326852,-0.5605,1.6636273,-0.40413386975981136
1,1,190035.94093405083,-0.5605,1.6632454,-0.4049125408648187
1,1,190040.94093483314,-0.5605,1.6626726,-0.4056912098917697
1,1,190045.94093561545,-0.5605,1.6620809,-0.4064698790745968
1,1,190050.94093639776,-0.5605,1.6617564,-0.40724854925267245
1,1,190055.94093718007,-0.5605,1.66105,-0.4080272178527151
1,1,190060.94093796238,-0.5605,1.6604391,-0.40880588828773645
1,1,190065.9409387447,-0.5605,1.6600001,-0.40958455919516434
1,1,190070.940939527,-0.5605,1.6593319,-0.41036323322888896
1,1,190075.94094030932,-0.5605,1.6588355,-0.41114190627204067
1,1,190080.94094109163,-0.5605,1.6583965,-0.4119205779089334
1,1,190085.94094187394,-0.5605,1.6578238,-0.4126992504533432
1,1,190090.94094265625,-0.5605,1.6570792,-0.4134779250549014
1,1,190095.94094343856,-0.5605,1.6567357,-0.4142566038852104
1,1,190100.94094422087,-0.5605,1.6559529,-0.4150352830268709
1,1,190105.94094500318,-0.5605,1.655762,-0.41581395962144946
1,1,190110.9409457855,-0.5605,1.6549984,-0.4165926351347567
1,1,190115.9409465678,-0.5605,1.654502,-0.41737131310765957
1,1,190120.94094735035,-0.5605,1.6540439,-0.4181499931237103
1,1,190125.94094813266,-0.5605,1.6535285,-0.41892867479189255
1,1,190130.94094891497,-0.5605,1.6529175,-0.4197073575893841
1,1,190135.94094969728,-0.5605,1.6524212,-0.420486038837986
1,1,190140.9409504796,-0.5605,1.6518294,-0.4212647167998355
1,1,190145.9409512619,-0.5605,1.6511612,-0.42204339587057643
1,1,190150.9409520442,-0.5605,1.650493,-0.4228220745074651
1,1,190155.94095282652,-0.5605,1.6499013,-0.42360075515884177
1,1,190160.94095360884,-0.5605,1.6493095,-0.42437943600959266
1,1,190165.94095439115,-0.5605,1.6488513,-0.42515811974670176
1,1,190170.94095517346,-0.5605,1.6482023,-0.4259368035443626
1,1,190175.94095595577,-0.5605,1.6476486,-0.42671548456238395
1,1,190180.94095673808,-0.5605,1.6471332,-0.42749416764891496
1,1,190185.9409575204,-0.5605,1.646446,-0.4282728485454885
1,1,190190.9409583027,-0.5605,1.6457969,-0.42905152962670406
1,1,190195.940959085,-0.5605,1.6452433,-0.42983021110296593
1,1,190200.94095986732,-0.5605,1.644766,-0.4306088910987478
1,1,190205.94096064963,-0.5605,1.6440978,-0.43138757213690226
1,1,190210.94096143194,-0.5605,1.6435442,-0.4321662543795474
1,1,190215.94096221426,-0.5605,1.6428951,-0.4329449385095472
1,1,190220.94096299657,-0.5605,1.6422461,-0.4337236256280278
1,1,190225.94096377888,-0.5605,1.6416733,-0.43450230891035346
1,1,190230.9409645612,-0.5605,1.6409861,-0.435280990804583
1,1,190235.9409653435,-0.5605,1.6404706,-0.43605967333234036
1,1,190240.9409661258,-0.5605,1.6398026,-0.4368383554325735
1,1,190245.94096690812,-0.5605,1.639058,-0.43761703914928785
1,1,190250.94096769043,-0.5605,1.6385616,-0.4383957205447788
1,1,190255.94096847274,-0.5605,1.6379317,-0.4391744039321444
1,1,190260.94096925505,-0.5605,1.6374162,-0.43995308419931284
1,1,190265.94097003737,-0.5605,1.6365572,-0.44073176751917287
1,1,190270.94097081968,-0.5605,1.6359081,-0.44151044960556446
1,1,190275.940971602,-0.5605,1.6354691,-0.4422891323238547
1,1,190280.9409723843,-0.5605,1.6345718,-0.4430678143775896
1,1,190285.9409731666,-0.5605,1.6340373,-0.44384649897128364
1,1,190290.94097394892,-0.5605,1.6334072,-0.44462518339242557
1,1,190295.94097473123,-0.5605,1.6328346,-0.44540386578751623
1,1,190300.94097551354,-0.5605,1.6321092,-0.44618255065687845
1,1,190305.94097629585,-0.5605,1.6314601,-0.446961237045073
1,1,190310.94097707816,-0.5605,1.6307919,-0.44773992427119963
1,1,190315.94097786047,-0.5605,1.630181,-0.4485186127887635
1,1,190320.9409786428,-0.5605,1.6293983,-0.4492973005874225
1,1,190325.9409794251,-0.5605,1.6288255,-0.4500759860190453
1,1,190330.9409802074,-0.5605,1.6281383,-0.4508546743872532
1,1,190335.94098098972,-0.5605,1.6273748,-0.4516333639501004
1,1,190340.94098177203,-0.5605,1.6266875,-0.45241205349241714
1,1,190345.94098255434,-0.5605,1.625962,-0.4531907423667214
1,1,190350.94098333665,-0.5605,1.6253321,-0.4539694282622538
1,1,190355.94098411896,-0.5605,1.6245685,-0.4547481159041228
1,1,190360.94098490127,-0.5605,1.6239003,-0.4555268032727144
1,1,190365.94098568358,-0.5605,1.6230985,-0.45630549262022324
1,1,190370.9409864659,-0.5605,1.622354,-0.45708418289034247
1,1,190375.9409872482,-0.5605,1.6218004,-0.45786286679162924
1,1,190380.94098803052,-0.5605,1.6210558,-0.4586415508774421
1,1,190385.94098881283,-0.5605,1.6203686,-0.45942023625025497
1,1,190390.94098959514,-0.5605,1.6195668,-0.46019891833238813
1,1,190395.94099037745,-0.5605,1.6187459,-0.46097760103535
1,1,190400.94099115976,-0.5605,1.6180396,-0.4617562844897245
1,1,190405.94099194207,-0.5605,1.617295,-0.46253496728579546
1,1,190410.94099272438,-0.5605,1.6166651,-0.4633136482792498
1,1,190415.9409935067,-0.5605,1.615806,-0.464092331982775
1,1,190420.94099428877,-0.5605,1.6150615,-0.4648710152579051
1,1,190425.94099507108,-0.5605,1.6142979,-0.46564969733815736
1,1,190430.9409958534,-0.5605,1.6136678,-0.46642838507141354
1,1,190435.9409966357,-0.5605,1.6126752,-0.4672070715020135
1,1,190440.94099741802,-0.5605,1.6120261,-0.4679857578525843
1,1,190445.94099820033,-0.5605,1.6113771,-0.46876444526532307
1,1,190450.94099898264,-0.5605,1.6106135,-0.4695431291702325
1,1,190455.94099976495,-0.5605,1.6097926,-0.4703218119768535
1,1,190460.94100054726,-0.5605,1.6089908,-0.47110049562248935
1,1,190465.94100132957,-0.5605,1.6082271,-0.4718791794710757
1,1,190470.94100211188,-0.5605,1.6072726,-0.47265786464884896
1,1,190475.9410028942,-0.5605,1.6065663,-0.47343655151641056
1,1,190480.9410036765,-0.5605,1.6057073,-0.474215237611592
1,1,190485.94100445881,-0.5605,1.6049436,-0.4749939225772588
1,1,190490.94100524113,-0.5605,1.6040846,-0.4757726098388303
1,1,190495.94100602344,-0.5605,1.6033782,-0.47655129493301135
1,1,190500.94100680575,-0.5605,1.6025001,-0.47732998280308003
1,1,190505.94100758806,-0.5605,1.6016601,-0.47810867111340516
1,1,190510.94100837037,-0.5605,1.6008393,-0.47888735805002536
1,1,190515.94100915268,-0.5605,1.5998465,-0.47966604655993994
1,1,190520.941009935,-0.5605,1.599102,-0.48044473506395036
1,1,190525.9410107173,-0.5605,1.5982047,-0.4812234216994214
1,1,190530.9410114996,-0.5605,1.5973457,-0.4820021081115075
1,1,190535.94101228192,-0.5605,1.5966203,-0.48278079901333665
1,1,190540.94101306424,-0.5605,1.595723,-0.4835594897238349
1,1,190545.94101384655,-0.5605,1.5948257,-0.48433818024466785
1,1,190550.94101462886,-0.5605,1.5940622,-0.4851168701685801
1,1,190555.94101541117,-0.5605,1.5929167,-0.48589555891356884
1,1,190560.94101619348,-0.5605,1.5922104,-0.4866742468567724
1,1,190565.9410169758,-0.5605,1.5913322,-0.4874529355620777
1,1,190570.9410177581,-0.5605,1.5905877,-0.4882316228253744
1,1,190575.9410185404,-0.5605,1.5895568,-0.489010309402317
1,1,190580.94101932272,-0.5605,1.5887359,-0.48978899651738356
1,1,190585.94102010503,-0.5605,1.5878005,-0.4905676830991409
1,1,190590.94102088735,-0.5605,1.5867697,-0.49134637077737536
1,1,190595.94102166966,-0.5605,1.586006,-0.4921250551238095
1,1,190600.94102245197,-0.5605,1.5850706,-0.4929037420845828
1,1,190605.94102323428,-0.5605,1.5840015,-0.49368242710698995
1,1,190610.9410240166,-0.5605,1.5831616,-0.49446111434398443
1,1,190615.9410247989,-0.5605,1.582188,-0.4952397992283836
1,1,190620.9410255812,-0.5605,1.5812716,-0.4960184862477947
1,1,190625.94102636352,-0.5605,1.5802217,-0.4967971708750363
1,1,190630.94102714583,-0.5605,1.5792481,-0.4975758557310206
1,1,190635.94102792814,-0.5605,1.5782745,-0.49835454082623476
1,1,190640.94102871045,-0.5605,1.5772628,-0.49913322723960896
1,1,190645.94102949277,-0.5605,1.5763655,-0.4999119168416628
1,1,190650.94103027508,-0.5605,1.5753728,-0.5006906052939795
1,1,190655.9410310574,-0.5605,1.5743228,-0.5014692921251293
1,1,190660.9410318397,-0.5605,1.5732919,-0.5022479794378879
1,1,190665.941032622,-0.5605,1.5723183,-0.5030266638233631
1,1,190670.94103340432,-0.5605,1.5713829,-0.5038053482224215
1,1,190675.94103418663,-0.5605,1.5701993,-0.5045840323216918
1,1,190680.94103496894,-0.5605,1.5691494,-0.5053627149273193
1,1,190685.94103575125,-0.5605,1.5682521,-0.5061414007356402
1,1,190690.94103653356,-0.5605,1.5670685,-0.5069200836309463
1,1,190695.94103731588,-0.5605,1.5659803,-0.5076987672661746
1,1,190700.9410380982,-0.5605,1.5650067,-0.5084774516676503
1,1,190705.9410388805,-0.5605,1.5638804,-0.509256134248383
1,1,190710.9410396628,-0.5605,1.5628304,-0.5100348141798547
1,1,190715.94104044512,-0.5605,1.5617042,-0.5108134934287142
1,1,190720.94104122743,-0.5605,1.5606732,-0.5115921755783496
1,1,190725.94104200974,-0.5605,1.559566,-0.5123708587825335
1,1,190730.94104279205,-0.5605,1.558516,-0.5131495408579545
1,1,190735.94104357436,-0.5605,1.5573133,-0.5139282230720126
1,1,190740.94104435667,-0.5605,1.556187,-0.5147069046033524
1,1,190745.94104513898,-0.5605,1.5552897,-0.5154855885137323
1,1,190750.9410459213,-0.5605,1.5540107,-0.5162642718020548
1,1,190755.9410467036,-0.5605,1.552808,-0.5170429528354045
1,1,190760.94104748592,-0.5605,1.5514526,-0.5178216366535726
1,1,190765.94104826823,-0.5605,1.5502881,-0.518600322353658
1,1,190770.94104905054,-0.5605,1.5491618,-0.5193790068379114
1,1,190775.94104983285,-0.5605,1.5479972,-0.5201576888634301
1,1,190780.94105061516,-0.5605,1.54689,-0.5209363697389102
1,1,190785.94105139747,-0.5605,1.545611,-0.521715050615864
1,1,190790.94105217978,-0.5605,1.544351,-0.5224937305060298
1,1,190795.9410529621,-0.5605,1.5430529,-0.5232724115389092
1,1,190800.94105374417,-0.5605,1.5418884,-0.5240510912003057
1,1,190805.94105452648,-0.5605,1.5406666,-0.5248297728565902
1,1,190810.9410553088,-0.5605,1.5394639,-0.5256084531421831
1,1,190815.9410560911,-0.5605,1.5379939,-0.5263871318835421
1,1,190820.94105687342,-0.5605,1.5368104,-0.52716581330512
1,1,190825.94105765573,-0.5605,1.5355122,-0.527944494586041
1,1,190830.94105843804,-0.5605,1.5342904,-0.5287231764127285
1,1,190835.94105922035,-0.5605,1.5330114,-0.5295018594392277
1,1,190840.94106000266,-0.5605,1.5317323,-0.5302805414160792
1,1,190845.94106078497,-0.5605,1.530396,-0.5310592240066797
1,1,190850.94106156728,-0.5605,1.5290406,-0.5318379068686966
1,1,190855.9410623496,-0.5605,1.5277616,-0.5326165909327537
1,1,190860.9410631319,-0.5605,1.5262535,-0.5333952783330418
1,1,190865.94106391422,-0.5605,1.5248407,-0.5341739640337233
1,1,190870.94106469653,-0.5605,1.5235808,-0.5349526498096457
1,1,190875.94106547884,-0.5605,1.5220917,-0.5357313338649609
1,1,190880.94106626115,-0.5605,1.5206409,-0.5365100213930578
1,1,190885.94106704346,-0.5605,1.5193428,-0.5372887057242464
1,1,190890.94106782577,-0.5605,1.5178728,-0.5380673883217146
1,1,190895.94106860808,-0.5605,1.5164219,-0.5388460710151199
1,1,190900.9410693904,-0.5605,1.5150284,-0.5396247518391514
1,1,190905.9410701727,-0.5605,1.5135584,-0.5404034317642917
1,1,190910.941070955,-0.5605,1.5120693,-0.541182112695595
1,1,190915.94107173732,-0.5605,1.5106567,-0.5419607946638602
1,1,190920.94107251964,-0.5605,1.5090148,-0.5427394771080353
1,1,190925.94107330195,-0.5605,1.5075831,-0.5435181599931754
1,1,190930.94107408426,-0.5605,1.5062087,-0.5442968428104855
1,1,190935.94107486657,-0.5605,1.5044714,-0.5450755269719896
1,1,190940.94107564888,-0.5605,1.5030587,-0.5458542126492332
1,1,190945.9410764312,-0.5605,1.5014169,-0.5466328990613722
1,1,190950.9410772135,-0.5605,1.4999852,-0.5474115852046447
1,1,190955.9410779958,-0.5605,1.4983052,-0.5481902729041084
1,1,190960.94107877812,-0.5605,1.4965872,-0.5489689601552722
1,1,190965.94107956043,-0.5605,1.4951172,-0.5497476495795915
1,1,190970.94108034275,-0.5605,1.4934372,-0.5505263364516269
1,1,190975.94108112506,-0.5605,1.4918528,-0.5513050210071342
1,1,190980.94108190737,-0.5605,1.4901537,-0.5520837084827459
1,1,190985.94108268968,-0.5605,1.488531,-0.5528623968192541
1,1,190990.941083472,-0.5605,1.4868128,-0.5536410856522226
1,1,190995.9410842543,-0.5605,1.485152,-0.5544197735188077
1,1,191000.9410850366,-0.5605,1.4833575,-0.5551984575924214
1,1,191005.94108581892,-0.5605,1.4815822,-0.5559771403391364
1,1,191010.94108660123,-0.5605,1.4801122,-0.5567558221515386
1,1,191015.94108738354,-0.5605,1.4780505,-0.5575345058339671
1,1,191020.9410881654,-0.5605,1.4765232,-0.5583131903499003
1,1,191025.9410889477,-0.5605,1.4747287,-0.5590918751351837
1,1,191030.94108973,-0.5605,1.472667,-0.5598705592934293
1,1,191035.94109051232,-0.5605,1.4710062,-0.5606492424428697
1,1,191040.94109129463,-0.5605,1.4691734,-0.5614279258743858
1,1,191045.94109207694,-0.5605,1.4673216,-0.5622066112122008
1,1,191050.94109285926,-0.5605,1.4653935,-0.5629852939337759
1,1,191055.94109364157,-0.5605,1.46358,-0.5637639745202067
1,1,191060.94109442388,-0.5605,1.4617282,-0.5645426560185819
1,1,191065.9410952062,-0.5605,1.4597046,-0.5653213394576049
1,1,191070.9410959885,-0.5605,1.4579102,-0.5661000243171456
1,1,191075.9410967708,-0.5605,1.4558866,-0.5668787091591394
1,1,191080.94109755312,-0.5605,1.4540731,-0.5676573906901482
1,1,191085.94109833543,-0.5605,1.451954,-0.5684360712326735
1,1,191090.94109911774,-0.5605,1.4499304,-0.5692147520695265
1,1,191095.94109990005,-0.5605,1.4479069,-0.5699934371912615
1,1,191100.94110068236,-0.5605,1.4459214,-0.5707721199396686
1,1,191105.94110146468,-0.5605,1.4438215,-0.571550803701656
1,1,191110.941102247,-0.5605,1.4417025,-0.5723294880419508
1,1,191115.9411030293,-0.5605,1.4397553,-0.5731081717139419
1,1,191120.9411038116,-0.5605,1.4376744,-0.5738868516743915
1,1,191125.94110459392,-0.5605,1.4355745,-0.5746655320661899
1,1,191130.94110537623,-0.5605,1.4334364,-0.5754442121405704
1,1,191135.94110615854,-0.5605,1.4311455,-0.576222892830604
1,1,191140.94110694085,-0.5605,1.4289883,-0.5770015733220448
1,1,191145.94110772316,-0.5605,1.426812,-0.5777802557851709
1,1,191150.94110850547,-0.5605,1.4245212,-0.5785589362248186
1,1,191155.94110928779,-0.5605,1.4224595,-0.5793376151541343
1,1,191160.9411100701,-0.5605,1.4200732,-0.5801162948953645
1,1,191165.9411108524,-0.5605,1.4178396,-0.5808949769105021
1,1,191170.94111163472,-0.5605,1.4156443,-0.5816736581832207
1,1,191175.94111241703,-0.5605,1.4132389,-0.5824523412941399
1,1,191180.94111319934,-0.5605,1.4108908,-0.5832310232109563
1,1,191185.94111398165,-0.5605,1.4084663,-0.5840097046577933
1,1,191190.94111476396,-0.5605,1.4061755,-0.5847883835075368
1,1,191195.94111554627,-0.5605,1.403961,-0.585567064058271
1,1,191200.94111632858,-0.5605,1.4014028,-0.5863457439729111
1,1,191205.9411171109,-0.5605,1.3989975,-0.5871244217661357
1,1,191210.9411178932,-0.5605,1.3964967,-0.5879030986131896
1,1,191215.94111867552,-0.5605,1.3940722,-0.5886817764793802
1,1,191220.94111945783,-0.5605,1.391686,-0.5894604555474291
1,1,191225.94112024014,-0.5605,1.3891088,-0.5902391348618603
1,1,191230.94112102245,-0.5605,1.3867797,-0.5910178157674342
1,1,191235.94112180476,-0.5605,1.3841453,-0.5917964956919686
1,1,191240.94112258707,-0.5605,1.3815681,-0.5925751757379707
1,1,191245.94112336938,-0.5605,1.3791245,-0.5933538536923464
1,1,191250.9411241517,-0.5605,1.3763946,-0.594132531266312
1,1,191255.941124934,-0.5605,1.3738365,-0.594911209999194
1,1,191260.94112571632,-0.5605,1.3711829,-0.5956898886813259
1,1,191265.94112649863,-0.5605,1.3685294,-0.5964685703926585
1,1,191270.94112728094,-0.5605,1.365914,-0.5972472530785934
1,1,191275.94112806325,-0.5605,1.3631078,-0.5980259379336539
1,1,191280.94112884556,-0.5605,1.3604923,-0.5988046254483961
1,1,191285.94112962787,-0.5605,1.3577243,-0.5995833096765482
1,1,191290.94113041018,-0.5605,1.3549944,-0.600361991146376
1,1,191295.9411311925,-0.5605,1.3523027,-0.6011406739443809
1,1,191300.9411319748,-0.5605,1.3495345,-0.6019193543216557
1,1,191305.9411327571,-0.5605,1.3467855,-0.6026980314335065
1,1,191310.94113353943,-0.5605,1.3439602,-0.6034767083990743
1,1,191315.94113432174,-0.5605,1.3410012,-0.6042553893450303
1,1,191320.94113510405,-0.5605,1.3381758,-0.6050340687978436
1,1,191325.94113588636,-0.5605,1.3353313,-0.6058127458532819
1,1,191330.94113666867,-0.5605,1.3325251,-0.6065914251221786
1,1,191335.94113745098,-0.5605,1.3295661,-0.6073701022212078
1,1,191340.9411382333,-0.5605,1.3266453,-0.6081487796173661
1,1,191345.9411390156,-0.5605,1.3238199,-0.6089274576998488
1,1,191350.9411397979,-0.5605,1.3208227,-0.6097061344095637
1,1,191355.94114058022,-0.5605,1.3178065,-0.6104848130290974
1,1,191360.94114136253,-0.5605,1.3148093,-0.6112634927386743
1,1,191365.94114214485,-0.5605,1.3118503,-0.6120421724747421
1,1,191370.94114292716,-0.5605,1.3087577,-0.6128208509562614
1,1,191375.94114370947,-0.5605,1.3056269,-0.6135995318081944
1,1,191380.94114449178,-0.5605,1.302477,-0.6143782130691908
1,1,191385.9411452741,-0.5605,1.2995561,-0.6151568958104885
1,1,191390.9411460564,-0.5605,1.2964063,-0.6159355755395826
1,1,191395.9411468387,-0.5605,1.2930654,-0.6167142576049768
1,1,191400.94114762126,-0.5605,1.2898774,-0.6174929405807326
1,1,191405.94114840357,-0.5605,1.2866129,-0.6182716206165025
1,1,191410.94114918588,-0.5605,1.2835394,-0.6190503018358552
1,1,191415.9411499682,-0.5605,1.2803513,-0.6198289826033782
1,1,191420.9411507505,-0.5605,1.277125,-0.6206076659988368
1,1,191425.9411515328,-0.5605,1.2738034,-0.6213863477528828
1,1,191430.94115231512,-0.5605,1.2705961,-0.6221650306434106
1,1,191435.94115309743,-0.5605,1.2673317,-0.6229437126518294
1,1,191440.94115387974,-0.5605,1.2640291,-0.6237223980001579
1,1,191445.94115466205,-0.5605,1.2606502,-0.6245010781787836
1,1,191450.94115544436,-0.5605,1.2574239,-0.6252797595966827
1,1,191455.94115622668,-0.5605,1.2540067,-0.6260584430490042
1,1,191460.941157009,-0.5605,1.2508186,-0.6268371243716947
1,1,191465.9411577913,-0.5605,1.2472869,-0.6276158073746236
1,1,191470.9411585736,-0.5605,1.2440416,-0.6283944887120828
1,1,191475.94115935592,-0.5605,1.240548,-0.6291731721724177
1,1,191480.94116013823,-0.5605,1.2372073,-0.6299518559693136
1,1,191485.94116092054,-0.5605,1.2338091,-0.630730539623751
1,1,191490.94116170285,-0.5605,1.2304301,-0.6315092236361409
1,1,191495.94116248516,-0.5605,1.2268603,-0.6322879074439776
1,1,191500.94116326747,-0.5605,1.2234432,-0.633066591500253
1,1,191505.9411640498,-0.5605,1.2198732,-0.633845276584586
1,1,191510.9411648321,-0.5605,1.216437,-0.6346239608095061
1,1,191515.9411656144,-0.5605,1.2129244,-0.6354026460245918
1,1,191520.94116639672,-0.5605,1.2094499,-0.6361813257875845
1,1,191525.94116717903,-0.5605,1.2061855,-0.636960006611255
1,1,191530.94116796134,-0.5605,1.2026156,-0.6377386891276047
1,1,191534.44676851155,-0.5605,1.1999048,-0.638284637375097
1,1,191534.44696851168,-0.5605,1.2000003,-0.6382846685228949
1,2,191534.44776851172,0.5605,1.2451731,6.186605162090725e-08
1,2,191539.4477692945,0.5605,1.3461365,0.0007783565464052889
1,2,191544.4477700768,0.5605,1.3793344,0.0015566495622628264
1,2,191549.44777085911,0.5605,1.4058318,0.0023349438577989737
1,2,191554.44777164143,0.5605,1.4287593,0.0031132402467827
1,2,191559.44777242374,0.5605,1.4497586,0.0038915330549909007
1,2,191564.44777320605,0.5605,1.4692116,0.004669826784733269
1,2,191569.44777398836,0.5605,1.4873856,0.005448121019446188
1,2,191574.44777477067,0.5605,1.5049105,0.006226415630330643
1,2,191579.44777555298,0.5605,1.5218245,0.0070047087659902045
1,2,191584.4477763353,0.5605,1.5381467,0.0077829973514212504
1,2,191589.4477771176,0.5605,1.5539725,0.008561287245220608
1,2,191594.4477778999,0.5605,1.5696075,0.009339579218688939
1,2,191599.44777868222,0.5605,1.5845743,0.010117869931290548
1,2,191604.44777946454,0.5605,1.5995411,0.010896161808056965
1,2,191609.44778024685,0.5605,1.6140497,0.011674459986481403
1,2,191614.44778102916,0.5605,1.6285583,0.012452756966855792
1,2,191619.44778181147,0.5605,1.6426661,0.013231053701844481
1,2,191624.44778259378,0.5605,1.656831,0.014009350542747313
1,2,191629.4477833761,0.5605,1.6705761,0.014787644714898534
1,2,191634.4477841584,0.5605,1.6842829,0.015565942385044364
1,2,191639.4477849407,0.5605,1.6977416,0.016344238935841457
1,2,191644.44778572302,0.5605,1.7111048,0.01712253527721432
1,2,191649.44778650533,0.5605,1.7244871,0.01790082963094778
1,2,191654.44778728765,0.5605,1.7374876,0.018679123499635197
1,2,191659.44778806996,0.5605,1.7504499,0.019457418426063328
1,2,191664.44778885227,0.5605,1.763164,0.02023571283105016
1,2,191669.44778963458,0.5605,1.7758591,0.0210140084489584
1,2,191674.4477904169,0.5605,1.7883632,0.02179230365221037
1,2,191679.4477911992,0.5605,1.8007337,0.02257059688919452
1,2,191684.4477919815,0.5605,1.8128752,0.023348890410257714
1,2,191689.44779276382,0.5605,1.8248256,0.024127181470361025
1,2,191694.44779354613,0.5605,1.8366234,0.024905474472224718
1,2,191699.44779432844,0.5605,1.8482113,0.02568376423383422
1,2,191704.44779511075,0.5605,1.8594936,0.026462054400828158
1,2,191709.44779589307,0.5605,1.8706806,0.02724034631277125
1,2,191714.44779667538,0.5605,1.8815238,0.028018634756353175
1,2,191719.4477974577,0.5605,1.8922144,0.02879692475586137
1,2,191724.44779824,0.5605,1.9026568,0.02957521459103956
1,2,191729.4477990223,0.5605,1.9129847,0.030353503780424604
1,2,191734.44779980462,0.5605,1.9226444,0.03113179237833951
1,2,191739.44780058693,0.5605,1.9321895,0.03191007941018211
1,2,191744.44780136924,0.5605,1.9416965,0.03268836716184352
1,2,191749.44780215155,0.5605,1.9506499,0.033466656186944915
1,2,191754.44780293386,0.5605,1.959565,0.03424494771232208
1,2,191759.44780371618,0.5605,1.9680984,0.03502323846933246
1,2,191764.4478044985,0.5605,1.9762881,0.035801532532701894
1,2,191769.4478052808,0.5605,1.9842869,0.03657982542765472
1,2,191774.4478060631,0.5605,1.992133,0.037358118362191654
1,2,191779.44780684542,0.5605,1.9992919,0.03813641271581915
1,2,191784.44780762773,0.5605,2.0067372,0.038914706781244944
1,2,191789.44780841004,0.5605,2.0136669,0.03969299814866649
1,2,191794.44780919235,0.5605,2.0204248,0.040471286061783636
1,2,191799.44780997466,0.5605,2.0269156,0.041249577488415776
1,2,191804.44781075697,0.5605,2.033139,0.04202786998803086
1,2,191809.44781153928,0.5605,2.0393052,0.042806160206268234
1,2,191814.4478123216,0.5605,2.0450895,0.04358444925171137
1,2,191819.4478131039,0.5605,2.050702,0.044362741764386496
1,2,191824.44781388622,0.5605,2.0562,0.045141033309651746
1,2,191829.44781466853,0.5605,2.061641,0.04591932677622305
1,2,191834.44781545084,0.5605,2.0666425,0.04669762215554714
1,2,191839.44781623315,0.5605,2.0715106,0.047475916222605434
1,2,191844.44781701546,0.5605,2.0763404,0.04825420869589513
1,2,191849.44781779777,0.5605,2.0809603,0.04903250524826513
1,2,191854.44781858008,0.5605,2.0857139,0.04981080100447601
1,2,191859.4478193624,0.5605,2.0899136,0.05058909762851728
1,2,191864.4478201447,0.5605,2.0940752,0.05136739119033681
1,2,191869.44782092702,0.5605,2.098218,0.05214568524548742
1,2,191874.44782170933,0.5605,2.1021695,0.052923979981021746
1,2,191879.44782249164,0.5605,2.106064,0.053702274776117664
1,2,191884.44782327395,0.5605,2.1097102,0.054480572485029695
1,2,191889.44782405626,0.5605,2.1133375,0.05525886861378947
1,2,191894.44782483857,0.5605,2.1168883,0.05603716463968488
1,2,191899.44782562088,0.5605,2.1203053,0.05681545868596434
1,2,191904.4478264032,0.5605,2.1237035,0.05759375063201454
1,2,191909.4478271855,0.5605,2.1267579,0.05837204581105047
1,2,191914.44782796782,0.5605,2.1299078,0.05915034095867144
1,2,191919.44782875013,0.5605,2.132905,0.059928633109870885
1,2,191924.44782953244,0.5605,2.135883,0.0607069297813707
1,2,191929.44783031475,0.5605,2.1387274,0.061485228108065
1,2,191934.44783109706,0.5605,2.141553,0.062263525141884886
1,2,191939.44783187937,0.5605,2.144321,0.0630418231378562
1,2,191944.44783266168,0.5605,2.146898,0.06382012138105432
1,2,191949.447833444,0.5605,2.149418,0.06459841915819711
1,2,191954.4478342263,0.5605,2.1520717,0.06537671185992824
1,2,191959.4478350086,0.5605,2.1545916,0.06615500079168546
1,2,191964.44783579092,0.5605,2.156997,0.06693329048985906
1,2,191969.44783657324,0.5605,2.159135,0.06771157695690792
1,2,191974.44783735555,0.5605,2.1615596,0.06848986581511632
1,2,191979.44783813786,0.5605,2.163602,0.06926815543099578
1,2,191984.44783892017,0.5605,2.165855,0.07004644805680052
1,2,191989.44783970248,0.5605,2.1680503,0.07082474090017216
1,2,191994.4478404848,0.5605,2.1702075,0.07160303346668352
1,2,191999.4478412671,0.5605,2.172269,0.0723813277003103
1,2,192004.4478420494,0.5605,2.1742163,0.07315961837165556
1,2,192009.44784283172,0.5605,2.1761446,0.0739379124086665
1,2,192014.44784361403,0.5605,2.1780727,0.07471620319994624
1,2,192019.44784439635,0.5605,2.179867,0.07549449396362572
1,2,192024.44784517866,0.5605,2.181547,0.07627278801503118
1,2,192029.44784596097,0.5605,2.1834369,0.07705108177166849
1,2,192034.44784674328,0.5605,2.185136,0.07782937773798575
1,2,192039.4478475256,0.5605,2.1868923,0.07860767217296365
1,2,192044.4478483079,0.5605,2.1886868,0.07938596333597438
1,2,192049.4478490902,0.5605,2.1902714,0.08016425464130444
1,2,192054.44784987252,0.5605,2.191875,0.08094254594570732
1,2,192059.44785065483,0.5605,2.193383,0.08172083742630154
1,2,192064.44785143714,0.5605,2.1949484,0.08249912949480948
1,2,192069.44785221945,0.5605,2.1964948,0.0832774197946423
1,2,192074.44785300177,0.5605,2.1981938,0.08405570894062522
1,2,192079.44785378408,0.5605,2.1995492,0.08483399775847796
1,2,192084.4478545664,0.5605,2.2008474,0.08561228733675019
1,2,192089.4478553487,0.5605,2.2025082,0.0863905772327516
1,2,192094.447856131,0.5605,2.203749,0.0871688660754065
1,2,192099.44785691332,0.5605,2.2053144,0.08794715542600223
1,2,192104.44785769563,0.5605,2.2065935,0.08872544321378736
1,2,192109.44785847794,0.5605,2.2079108,0.0895037292223275
1,2,192114.44785926025,0.5605,2.2093043,0.09028201295975516
1,2,192119.44786004256,0.5605,2.2106597,0.09106029684097572
1,2,192124.44786082488,0.5605,2.2118433,0.0918385826339391
1,2,192129.4478616072,0.5605,2.2131033,0.09261687064481448
1,2,192134.4478623895,0.5605,2.2143252,0.09339516169060275
1,2,192139.4478631718,0.5605,2.2156613,0.09417345132231716
1,2,192144.44786395412,0.5605,2.2168832,0.09495174231425263
1,2,192149.44786473643,0.5605,2.2180667,0.09573003031575353
1,2,192154.44786551874,0.5605,2.219365,0.09650832100543384
1,2,192159.44786630105,0.5605,2.2204912,0.09728661181904877
1,2,192164.44786708336,0.5605,2.2215602,0.09806490159216859
1,2,192169.44786786567,0.5605,2.2226484,0.09884319370781386
1,2,192174.44786864799,0.5605,2.224042,0.09962148424816798
1,2,192179.4478694303,0.5605,2.2250347,0.10039977360202873
1,2,192184.4478702126,0.5605,2.22618,0.10117806069450581
1,2,192189.44787099492,0.5605,2.2273638,0.10195634770970548
1,2,192194.44787177723,0.5605,2.2285283,0.10273463714457887
1,2,192199.44787255954,0.5605,2.229502,0.10351292863028914
1,2,192204.44787334185,0.5605,2.23059,0.10429121885433466
1,2,192209.44787412416,0.5605,2.2316592,0.10506951045972113
1,2,192214.44787490647,0.5605,2.232709,0.10584779738852054
1,2,192219.44787568878,0.5605,2.2336636,0.10662608590255847
1,2,192224.4478764711,0.5605,2.2349045,0.10740437060578005
1,2,192229.4478772534,0.5605,2.235859,0.1081826534525918
1,2,192234.44787803572,0.5605,2.236737,0.10896093702461657
1,2,192239.44787881803,0.5605,2.2379017,0.10973921918533912
1,2,192244.44787960034,0.5605,2.2387989,0.11051750347650717
1,2,192249.44788038265,0.5605,2.2399251,0.1112957899102569
1,2,192254.44788116496,0.5605,2.2408798,0.11207407997696603
1,2,192259.44788194727,0.5605,2.2418532,0.11285237198162415
1,2,192264.44788272958,0.5605,2.2428842,0.11363065870281397
1,2,192269.4478835119,0.5605,2.2438388,0.11440894783800845
1,2,192274.4478842942,0.5605,2.2448313,0.11518723806947474
1,2,192279.44788507652,0.5605,2.2458432,0.11596552780853382
1,2,192284.44788585883,0.5605,2.2467785,0.1167438156798648
1,2,192289.44788664114,0.5605,2.247676,0.11752210511860257
1,2,192294.44788742345,0.5605,2.2487068,0.11830039514080028
1,2,192299.44788820576,0.5605,2.2496421,0.11907868517146845
1,2,192304.44788898807,0.5605,2.2505012,0.11985697355251518
1,2,192309.44788977038,0.5605,2.2513602,0.12063526178977893
1,2,192314.4478905527,0.5605,2.2524865,0.1214135496504175
1,2,192319.447891335,0.5605,2.2533457,0.12219183554076823
1,2,192324.4478921173,0.5605,2.2543,0.1229701202517318
1,2,192329.44789289963,0.5605,2.2552738,0.12374840565199328
1,2,192334.44789368194,0.5605,2.256171,0.12452669158086849
1,2,192339.44789446425,0.5605,2.257049,0.12530497699822987
1,2,192344.44789524656,0.5605,2.2579465,0.12608326578791942
1,2,192349.44789602887,0.5605,2.25892,0.12686155691073675
1,2,192354.44789681118,0.5605,2.259798,0.12763984680827795
1,2,192359.4478975935,0.5605,2.2606764,0.12841813703468116
1,2,192364.4478983758,0.5605,2.2617264,0.12919642843709395
1,2,192369.4478991581,0.5605,2.2626045,0.1299747176803583
1,2,192374.44789994042,0.5605,2.2635016,0.13075300902867323
1,2,192379.44790072273,0.5605,2.2643225,0.1315313010662033
1,2,192384.44790150505,0.5605,2.2653344,0.1323095925998324
1,2,192389.44790228736,0.5605,2.2662697,0.13308788604598912
1,2,192394.44790306967,0.5605,2.2671096,0.13386618420902563
1,2,192399.44790385198,0.5605,2.267988,0.13464447874304658
1,2,192404.4479046343,0.5605,2.2688088,0.1354227742195759
1,2,192409.4479054166,0.5605,2.2696297,0.13620106831632064
1,2,192414.4479061989,0.5605,2.270546,0.13697935807496978
1,2,192419.44790698122,0.5605,2.2715197,0.1377576487252779
1,2,192424.44790776353,0.5605,2.2722259,0.13853594034211839
1,2,192429.44790854584,0.5605,2.2730467,0.13931423015320968
1,2,192434.44790932816,0.5605,2.2741158,0.14009252012617393
1,2,192439.44791011047,0.5605,2.2750323,0.14087080753963527
1,2,192444.44791089278,0.5605,2.2758722,0.14164909753789506
1,2,192449.4479116751,0.5605,2.2767503,0.14242738493423
1,2,192454.4479124574,0.5605,2.2775712,0.14320567600933382
1,2,192459.44791323924,0.5605,2.2784877,0.14398396800330945
1,2,192464.44791402156,0.5605,2.279404,0.14476225589593583
1,2,192469.44791480387,0.5605,2.2802439,0.14554053256012003
1,2,192474.44791558618,0.5605,2.28116,0.14631880966462693
1,2,192479.4479163685,0.5605,2.2821338,0.14709708897432686
1,2,192484.4479171508,0.5605,2.283012,0.14787536772060395
1,2,192489.4479179331,0.5605,2.2838137,0.14865364643259182
1,2,192494.44791871542,0.5605,2.2845964,0.14943192291568055
1,2,192499.44791949773,0.5605,2.2856083,0.1502101995598111
1,2,192504.44792028004,0.5605,2.2865245,0.15098848911246326
1,2,192509.44792106235,0.5605,2.2871928,0.15176677828513582
1,2,192514.44792184466,0.5605,2.288109,0.15254506783873836
1,2,192519.44792262698,0.5605,2.2890253,0.1533233592873944
1,2,192524.4479234093,0.5605,2.2901134,0.15410165098245607
1,2,192529.4479241916,0.5605,2.2909343,0.15487994354002343
1,2,192534.4479249739,0.5605,2.291698,0.1556582328782843
1,2,192539.44792575622,0.5605,2.292557,0.1564365243252615
1,2,192544.44792653853,0.5605,2.2934353,0.1572148158849544
1,2,192549.44792732084,0.5605,2.2943516,0.15799310792497792
1,2,192554.44792810315,0.5605,2.2953253,0.15877140100405943
1,2,192559.44792888546,0.5605,2.2963178,0.15954969605168698
1,2,192564.44792966777,0.5605,2.2970433,0.16032799158115849
1,2,192569.4479304501,0.5605,2.2979405,0.16110628826241358
1,2,192574.4479312324,0.5605,2.298838,0.16188458553404275
1,2,192579.4479320147,0.5605,2.2996016,0.1626628826841513
1,2,192584.44793279702,0.5605,2.3006704,0.16344118041229577
1,2,192589.44793357933,0.5605,2.3014913,0.16421947561845182
1,2,192594.44793436164,0.5605,2.3023696,0.16499777034434676
1,2,192599.44793514395,0.5605,2.303343,0.16577606306593948
1,2,192604.44793592626,0.5605,2.3040686,0.16655435680244365
1,2,192609.44793670857,0.5605,2.3050995,0.16733265081498358
1,2,192614.44793749088,0.5605,2.3059967,0.1681109441669716
1,2,192619.4479382732,0.5605,2.3069131,0.168889238761829
1,2,192624.4479390555,0.5605,2.307734,0.16966753387321035
1,2,192629.44793983782,0.5605,2.3088222,0.17044582827807134
1,2,192634.44794062013,0.5605,2.3097765,0.1712241182277103
1,2,192639.44794140244,0.5605,2.3106165,0.17200240425542987
1,2,192644.44794218475,0.5605,2.311533,0.1727806879339218
1,2,192649.44794296706,0.5605,2.312602,0.17355897536011866
1,2,192654.44794374937,0.5605,2.313423,0.1743372652002341
1,2,192659.44794453168,0.5605,2.3142438,0.17511555252463948
1,2,192664.447945314,0.5605,2.3152173,0.17589384490165444
1,2,192669.4479460963,0.5605,2.316229,0.1766721358471049
1,2,192674.44794687862,0.5605,2.317069,0.1774504280571838
1,2,192679.44794766093,0.5605,2.3180237,0.17822872230544684
1,2,192684.44794844324,0.5605,2.318959,0.17900701731542082
1,2,192689.44794922555,0.5605,2.319837,0.17978531088018745
1,2,192694.44795000786,0.5605,2.320849,0.18056360553454687
1,2,192699.44795079017,0.5605,2.321899,0.1813418996459146
1,2,192704.44795157248,0.5605,2.3226244,0.1821201940324207
1,2,192709.4479523548,0.5605,2.3237126,0.18289848671759165
1,2,192714.4479531371,0.5605,2.3247242,0.18367677376414335
1,2,192719.4479539194,0.5605,2.325526,0.18445506053199034
1,2,192724.44795470173,0.5605,2.3264234,0.18523335200456112
1,2,192729.44795548404,0.5605,2.3274732,0.18601164365180992
1,2,192734.44795626635,0.5605,2.3284469,0.18678993673896124
1,2,192739.44795704866,0.5605,2.329325,0.18756822972407933
1,2,192744.44795783097,0.5605,2.3305087,0.1883465200100905
1,2,192749.44795861328,0.5605,2.3315203,0.1891248082013196
1,2,192754.4479593956,0.5605,2.3324559,0.18990309819857937
1,2,192759.4479601779,0.5605,2.333372,0.1906813887099855
1,2,192764.4479609602,0.5605,2.3343267,0.1914596787990927
1,2,192769.44796174252,0.5605,2.3353193,0.19223796835240714
1,2,192774.44796252484,0.5605,2.336465,0.19301625902252056
1,2,192779.44796330715,0.5605,2.3372476,0.1937945519399013
1,2,192784.44796408946,0.5605,2.3382401,0.19457284671425812
1,2,192789.44796487177,0.5605,2.3390229,0.19535113882557545
1,2,192794.44796565408,0.5605,2.340283,0.19612943391699256
1,2,192799.4479664364,0.5605,2.3412564,0.1969077253364556
1,2,192804.4479672187,0.5605,2.342192,0.19768601664879915
1,2,192809.447968001,0.5605,2.3432229,0.19846430944402016
1,2,192814.44796878332,0.5605,2.3442154,0.1992426030787461
1,2,192819.44796956563,0.5605,2.3452272,0.20002089774340057
1,2,192824.44797034794,0.5605,2.3463726,0.20079918983048528
1,2,192829.44797113026,0.5605,2.34727,0.20157748164598804
1,2,192834.44797191257,0.5605,2.3484726,0.2023557730346686
1,2,192839.44797269488,0.5605,2.3494463,0.20313406226937633
1,2,192844.4479734772,0.5605,2.350477,0.2039123491735789
1,2,192849.4479742595,0.5605,2.3513935,0.20469063868967355
1,2,192854.4479750418,0.5605,2.3525007,0.20546892655211682
1,2,192859.44797582412,0.5605,2.3533788,0.20624721558514894
1,2,192864.44797660643,0.5605,2.3546197,0.2070255056659347
1,2,192869.44797738874,0.5605,2.355517,0.20780379623015385
1,2,192874.44797817105,0.5605,2.356567,0.20858208863636185
1,2,192879.44797895337,0.5605,2.3574831,0.20936038132530446
1,2,192884.44797973568,0.5605,2.3585904,0.21013867574198375
1,2,192889.447980518,0.5605,2.3596022,0.21091696912631389
1,2,192894.4479813003,0.5605,2.3606331,0.21169526506582229
1,2,192899.4479820826,0.5605,2.361874,0.2124735614720715
1,2,192904.44798286492,0.5605,2.3628285,0.21325185868809948
1,2,192909.44798364723,0.5605,2.3637257,0.21403015457150337
1,2,192914.44798442954,0.5605,2.3649094,0.2148084514610105
1,2,192919.44798521185,0.5605,2.3661692,0.2155867485817803
1,2,192924.44798599416,0.5605,2.367181,0.21636504767041734
1,2,192929.44798677647,0.5605,2.368231,0.21714334470283653
1,2,192934.4479875588,0.5605,2.369281,0.21792163779432241
1,2,192939.4479883411,0.5605,2.370541,0.21869992915732328
1,2,192944.4479891234,0.5605,2.371362,0.21947822120907237
1,2,192949.44798990572,0.5605,2.372679,0.2202565120249324
1,2,192954.44799068803,0.5605,2.373729,0.22103480113113255
1,2,192959.44799147034,0.5605,2.3748362,0.22181308767112756
1,2,192964.44799225265,0.5605,2.3759627,0.2225913783678379
1,2,192969.44799303496,0.5605,2.3769934,0.22336966872273217
1,2,192974.44799381727,0.5605,2.3781006,0.22414795767369533
1,2,192979.44799459958,0.5605,2.3792653,0.22492625133805141
1,2,192984.4479953819,0.5605,2.3803535,0.2257045476098789
1,2,192989.4479961642,0.5605,2.3816323,0.2264828442986144
1,2,192994.44799694652,0.5605,2.3827589,0.22726114116453794
1,2,192999.44799772883,0.5605,2.3836179,0.22803943759987752
1,2,193004.44799851114,0.5605,2.384916,0.22881773503242267
1,2,193009.44799929345,0.5605,2.3861187,0.22959603354294764
1,2,193014.44800007576,0.5605,2.387264,0.2303743309719132
1,2,193019.44800085807,0.5605,2.3884668,0.23115262710553408
1,2,193024.44800164038,0.5605,2.3894403,0.23193092307884827
1,2,193029.4480024227,0.5605,2.3906813,0.2327092211779257
1,2,193034.448003205,0.5605,2.3917313,0.23348751650012203
1,2,193039.44800398732,0.5605,2.3929148,0.23426581297044624
1,2,193044.44800476963,0.5605,2.3940792,0.23504410800296732
1,2,193049.44800555194,0.5605,2.3951674,0.23582239917792877
1,2,193054.44800633425,0.5605,2.3963892,0.23660068926811217
1,2,193059.44800711656,0.5605,2.3977065,0.23737897859568066
1,2,193064.44800789887,0.5605,2.3986037,0.23815726855519415
1,2,193069.44800868118,0.5605,2.399921,0.2389355598238243
1,2,193074.4480094635,0.5605,2.4011235,0.2397138544172413
1,2,193079.4480102458,0.5605,2.4023454,0.24049214873042044
1,2,193084.44801102811,0.5605,2.4034336,0.24127044404815967
1,2,193089.44801181043,0.5605,2.4046361,0.24204874076230992
1,2,193094.44801259274,0.5605,2.4057627,0.24282704008943506
1,2,193099.44801337505,0.5605,2.4070034,0.24360533913714028
1,2,193104.44801415736,0.5605,2.4081106,0.24438363776670566
1,2,193109.44801493967,0.5605,2.4093516,0.24516193711656997
1,2,193114.44801572198,0.5605,2.4104588,0.24594023462560444
1,2,193119.4480165043,0.5605,2.411757,0.2467185336129732
1,2,193124.4480172866,0.5605,2.4128451,0.2474968321753542
1,2,193129.4480180689,0.5605,2.4140477,0.24827513284186195
1,2,193134.44801885122,0.5605,2.4154413,0.24905343752711684
1,2,193139.44801963354,0.5605,2.4163387,0.24983174133828948
1,2,193144.44802041585,0.5605,2.4177132,0.25061004462619957
1,2,193149.44802119816,0.5605,2.418992,0.2513883474807607
1,2,193154.44802198047,0.5605,2.4201186,0.2521666526424819
1,2,193159.44802276278,0.5605,2.421283,0.2529449589528508
1,2,193164.4480235451,0.5605,2.4226766,0.25372326722778216
1,2,193169.4480243274,0.5605,2.4237838,0.25450157003426555
1,2,193174.4480251097,0.5605,2.424872,0.2552798724514445
1,2,193179.44802589202,0.5605,2.426132,0.2560581732345853
1,2,193184.44802667433,0.5605,2.4273155,0.2568364736091031
1,2,193189.44802745664,0.5605,2.4286518,0.25761477418234946
1,2,193194.44802823896,0.5605,2.429759,0.25839307523035343
1,2,193199.44802902127,0.5605,2.4309044,0.2591713773544265
1,2,193204.44802980358,0.5605,2.4321835,0.2599496790701681
1,2,193209.4480305859,0.5605,2.4334245,0.26072798324274027
1,2,193214.4480313682,0.5605,2.434627,0.2615062885260715
1,2,193219.4480321505,0.5605,2.435849,0.2622845896374352
1,2,193224.44803293282,0.5605,2.4370325,0.2630628873185151
1,2,193229.44803371513,0.5605,2.4381588,0.2638411837096082
1,2,193234.44803449744,0.5605,2.4395332,0.26461947961117493
1,2,193239.44803527975,0.5605,2.440736,0.26539777851447466
1,2,193244.44803606207,0.5605,2.4418051,0.26617607641280033
1,2,193249.44803684438,0.5605,2.4430077,0.2669543781967528
1,2,193254.4480376267,0.5605,2.4442105,0.26773268234688047
1,2,193259.448038409,0.5605,2.4454322,0.26851098304680654
1,2,193264.4480391913,0.5605,2.446654,0.2692892829673357
1,2,193269.44803997362,0.5605,2.4478376,0.27006758502691325
1,2,193274.44804075593,0.5605,2.449002,0.2708458847178287
1,2,193279.44804153824,0.5605,2.4500902,0.27162418372307223
1,2,193284.44804232055,0.5605,2.451293,0.27240248561967084
1,2,193289.44804310286,0.5605,2.4524574,0.27318078757921527
1,2,193294.44804388518,0.5605,2.4537556,0.27395909134684343
1,2,193299.4480446675,0.5605,2.454882,0.2747373982734747
1,2,193304.4480454498,0.5605,2.4560463,0.27551570634771727
1,2,193309.4480462321,0.5605,2.457211,0.2762940148650839
1,2,193314.44804701442,0.5605,2.4584708,0.2770723260111379
1,2,193319.44804779673,0.5605,2.459559,0.27785063899487267
1,2,193324.44804857904,0.5605,2.46059,0.27862895173752317
1,2,193329.44804936135,0.5605,2.461697,0.27940726405035465
1,2,193334.44805014366,0.5605,2.4628808,0.28018557446984793
1,2,193339.44805092597,0.5605,2.4640262,0.28096388315969717
1,2,193344.44805170828,0.5605,2.4652097,0.28174219610320206
1,2,193349.4480524906,0.5605,2.466317,0.2825205101125241
1,2,193354.4480532729,0.5605,2.4674625,0.283298821058227
1,2,193359.44805405522,0.5605,2.4685314,0.28407713267764456
1,2,193364.44805483753,0.5605,2.4697342,0.28485544441925825
1,2,193369.44805561984,0.5605,2.470727,0.28563375335040037
1,2,193374.44805640215,0.5605,2.4718914,0.28641206193878266
1,2,193379.44805718446,0.5605,2.4729795,0.2871903701908093
1,2,193384.44805796677,0.5605,2.4740868,0.28796867927496644
1,2,193389.44805874908,0.5605,2.475022,0.2887469863734147
1,2,193394.4480595314,0.5605,2.476034,0.28952529305960084
1,2,193399.4480603137,0.5605,2.477294,0.29030360162552543
1,2,193404.44806109602,0.5605,2.4783058,0.2910819106333886
1,2,193409.44806187833,0.5605,2.4793365,0.29186022208688006
1,2,193414.44806266064,0.5605,2.4803102,0.2926385335509348
1,2,193419.44806344295,0.5605,2.481284,0.29341684482647323
1,2,193424.44806422526,0.5605,2.4824102,0.2941951559439269
1,2,193429.44806500757,0.5605,2.4832501,0.2949734662411015
1,2,193434.44806578988,0.5605,2.4843955,0.2957517809988062
1,2,193439.4480665722,0.5605,2.4852545,0.2965300951386923
1,2,193444.4480673545,0.5605,2.4862092,0.29730840732823816
1,2,193449.44806813681,0.5605,2.4871445,0.2980867200950418
1,2,193454.44806891913,0.5605,2.4880226,0.2988650310720272
1,2,193459.44806970144,0.5605,2.4893208,0.29964334175073115
1,2,193464.44807048375,0.5605,2.4902372,0.3004216491031316
1,2,193469.44807126606,0.5605,2.4912107,0.30119995760941515
1,2,193474.44807204837,0.5605,2.492337,0.3019782675880261
1,2,193479.44807283068,0.5605,2.4930625,0.30275657661158517
1,2,193484.448073613,0.5605,2.4939215,0.30353488625163844
1,2,193489.4480743953,0.5605,2.4949334,0.30431319763306125
1,2,193494.4480751776,0.5605,2.4956589,0.30509150581004896
1,2,193499.44807595992,0.5605,2.496556,0.3058698126650321
1,2,193504.44807674224,0.5605,2.4974914,0.3066481192613278
1,2,193509.44807752455,0.5605,2.4982932,0.30742642865244557
1,2,193514.44807830686,0.5605,2.4992287,0.3082047377642891
1,2,193519.44807908917,0.5605,2.4998777,0.30898304701012713
1,2,193524.44807987148,0.5605,2.5008514,0.3097613570476738
1,2,193529.4480806538,0.5605,2.501615,0.3105396677643492
1,2,193534.4480814361,0.5605,2.502283,0.31131797947976664
1,2,193539.4480822184,0.5605,2.503295,0.31209628661281874
1,2,193544.44808300072,0.5605,2.504135,0.3128745941371919
1,2,193549.44808378303,0.5605,2.5047457,0.31365290146013775
1,2,193554.44808456535,0.5605,2.5055666,0.31443120879166003
1,2,193559.44808534766,0.5605,2.506464,0.3152095164211824
1,2,193564.44808612997,0.5605,2.5070748,0.3159878250601094
1,2,193569.44808691228,0.5605,2.5078576,0.3167661302329767
1,2,193574.4480876946,0.5605,2.508602,0.31754443391614173
1,2,193579.4480884769,0.5605,2.509232,0.31832273702265834
1,2,193584.4480892592,0.5605,2.510053,0.3191010404002271
1,2,193589.44809004152,0.5605,2.5105875,0.31987934545655733
1,2,193594.44809082383,0.5605,2.511351,0.3206576499009366
1,2,193599.44809160614,0.5605,2.5120192,0.32143595178738915
1,2,193604.44809238845,0.5605,2.5129354,0.32221425269840176
1,2,193609.44809317077,0.5605,2.5133173,0.3229925509804058
1,2,193614.44809395308,0.5605,2.5142527,0.32377085090082564
1,2,193619.4480947354,0.5605,2.5148637,0.32454914918671063
1,2,193624.4480955177,0.5605,2.5154555,0.3253274508923161
1,2,193629.4480963,0.5605,2.5160854,0.32610575209399073
1,2,193634.44809708232,0.5605,2.516849,0.3268840521207519
1,2,193639.44809786463,0.5605,2.517517,0.3276623529700836
1,2,193644.44809864694,0.5605,2.5181472,0.3284406556143232
1,2,193649.44809942925,0.5605,2.518548,0.3292189611434772
1,2,193654.44810021156,0.5605,2.5193498,0.3299972653074795
1,2,193659.44810099388,0.5605,2.5199225,0.3307755703430044
1,2,193664.4481017762,0.5605,2.520629,0.3315538695176609
1,2,193669.4481025585,0.5605,2.5210872,0.33233216981074887
1,2,193674.4481033408,0.5605,2.521717,0.3331104712641174
1,2,193679.44810412312,0.5605,2.5222707,0.33388877294793406
1,2,193684.44810490543,0.5605,2.5228815,0.3346670730479659
1,2,193689.44810568774,0.5605,2.523435,0.3354453723006382
1,2,193694.44810647005,0.5605,2.5239697,0.33622367145557214
1,2,193699.44810725236,0.5605,2.5245998,0.3370019704581765
1,2,193704.44810803467,0.5605,2.5250769,0.33778027404655026
1,2,193709.44810881699,0.5605,2.5255542,0.33855857501932984
1,2,193714.4481095993,0.5605,2.5261078,0.33933687615534336
1,2,193719.4481103816,0.5605,2.5266042,0.3401151738526656
1,2,193724.44811116392,0.5605,2.527215,0.3408934732301103
1,2,193729.44811194623,0.5605,2.5278258,0.34167177439222074
1,2,193734.44811272807,0.5605,2.5283797,0.34245007544157574
1,2,193739.44811351039,0.5605,2.5286467,0.3432283765101268
1,2,193744.4481142927,0.5605,2.5292768,0.34400668132239254
1,2,193749.448115075,0.5605,2.529735,0.34478498762722815
1,2,193754.44811585732,0.5605,2.5302887,0.3455632948390842
1,2,193759.44811663963,0.5605,2.5307848,0.3463415975884995
1,2,193764.44811742194,0.5605,2.5312622,0.347119899908056
1,2,193769.44811820425,0.5605,2.5317776,0.34789820024385726
1,2,193774.44811898656,0.5605,2.532293,0.3486765017455486
1,2,193779.44811976887,0.5605,2.5326748,0.3494548064988554
1,2,193784.44812055118,0.5605,2.5330758,0.3502331090613107
1,2,193789.4481213335,0.5605,2.5336103,0.3510114124891228
1,2,193794.4481221158,0.5605,2.5342593,0.3517897174208396
1,2,193799.44812289812,0.5605,2.5346794,0.3525680248213344
1,2,193804.44812368043,0.5605,2.5351374,0.35334633387877545
1,2,193809.44812446274,0.5605,2.5354812,0.3541246420644654
1,2,193814.44812524505,0.5605,2.5359967,0.35490294682460033
1,2,193819.44812602736,0.5605,2.5365312,0.3556812494837874
1,2,193824.44812680967,0.5605,2.53676,0.3564595518646307
1,2,193829.44812759198,0.5605,2.5372565,0.3572378551737534
1,2,193834.4481283743,0.5605,2.5376194,0.3580161589217451
1,2,193839.4481291566,0.5605,2.538154,0.3587944605943627
1,2,193844.44812993892,0.5605,2.53865,0.35957276755117046
1,2,193849.44813072123,0.5605,2.5390701,0.3603510727109512
1,2,193854.44813150354,0.5605,2.539471,0.36112937760546804
1,2,193859.44813228585,0.5605,2.5399673,0.3619076800754997
1,2,193864.44813306816,0.5605,2.5402536,0.3626859859455691
1,2,193869.44813385047,0.5605,2.5406356,0.36346429225865334
1,2,193874.44813463278,0.5605,2.5412273,0.36424259887862204
1,2,193879.4481354151,0.5605,2.54159,0.3650209085497359
1,2,193884.4481361974,0.5605,2.5420291,0.36579921722744896
1,2,193889.4481369797,0.5605,2.5424874,0.36657752258420645
1,2,193894.44813776202,0.5605,2.5429072,0.36735582986027326
1,2,193899.44813854434,0.5605,2.5432317,0.3681341319713062
1,2,193904.44813932665,0.5605,2.5438237,0.36891243597589257
1,2,193909.44814010896,0.5605,2.5441291,0.36969073992988455
1,2,193914.44814089127,0.5605,2.5447018,0.3704690414147972
1,2,193919.44814167358,0.5605,2.5449119,0.3712473385419447
1,2,193924.4481424559,0.5605,2.545427,0.3720256406766274
1,2,193929.4481432382,0.5605,2.5458663,0.37280394519005206
1,2,193934.4481440205,0.5605,2.5464008,0.3735822466590668
1,2,193939.44814480282,0.5605,2.5466108,0.3743605486004517
1,2,193944.44814558513,0.5605,2.5470881,0.3751388488037817
1,2,193949.44814636745,0.5605,2.547489,0.37591715179736074
1,2,193954.44814714976,0.5605,2.5479662,0.37669545787200653
1,2,193959.44814793207,0.5605,2.5482144,0.3774737643650769
1,2,193964.44814871438,0.5605,2.5486534,0.37825207145320694
1,2,193969.4481494967,0.5605,2.5490353,0.37903037816925167
1,2,193974.448150279,0.5605,2.5493598,0.3798086827572185
1,2,193979.4481510613,0.5605,2.549799,0.38058698823654635
1,2,193984.44815184362,0.5605,2.5503144,0.38136529184786133
1,2,193989.44815262593,0.5605,2.550677,0.38214359536624604
1,2,193994.44815340824,0.5605,2.5510778,0.38292189772382695
1,2,193999.44815419056,0.5605,2.551307,0.3837002008717953
1,2,194004.44815497287,0.5605,2.5520515,0.3844785081792837
1,2,194009.44815575518,0.5605,2.5522425,0.3852568152154981
1,2,194014.4481565375,0.5605,2.5527005,0.386035119947685
1,2,194019.4481573198,0.5605,2.5529487,0.38681342358505716
1,2,194024.4481581021,0.5605,2.553407,0.38759172672241254
1,2,194029.44815888442,0.5605,2.5536551,0.3883700282600256
1,2,194034.44815966673,0.5605,2.554094,0.38914832981791087
1,2,194039.44816044904,0.5605,2.5544379,0.38992662951174695
1,2,194044.44816123135,0.5605,2.5548577,0.3907049341498115
1,2,194049.44816201366,0.5605,2.5552778,0.39148323733215185
1,2,194054.44816279598,0.5605,2.5555832,0.39226154457959517
1,2,194059.4481635783,0.5605,2.5561178,0.3930398529988592
1,2,194064.4481643606,0.5605,2.556576,0.39381816310746454
1,2,194069.4481651429,0.5605,2.5568242,0.3945964709028666
1,2,194074.44816592522,0.5605,2.5572631,0.3953747791456479
1,2,194079.44816670753,0.5605,2.5575495,0.39615308599451826
1,2,194084.44816748984,0.5605,2.5580077,0.3969313933033908
1,2,194089.44816827215,0.5605,2.5583513,0.39770969965901287
1,2,194094.44816905446,0.5605,2.5588667,0.3984880080006187
1,2,194099.44816983677,0.5605,2.5590196,0.3992663160445357
1,2,194104.44817061909,0.5605,2.559516,0.4000446232097048
1,2,194109.4481714014,0.5605,2.5599358,0.4008229306562111
1,2,194114.4481721837,0.5605,2.5604131,0.4016012392567925
1,2,194119.44817296602,0.5605,2.5607376,0.40237954598167197
1,2,194124.44817374833,0.5605,2.5609095,0.4031578514468106
1,2,194129.44817453064,0.5605,2.5613866,0.40393615649604786
1,2,194134.44817531295,0.5605,2.5616539,0.4047144592028921
1,2,194139.44817609526,0.5605,2.562093,0.40549276094860154
1,2,194144.44817687757,0.5605,2.5623984,0.4062710631440181
1,2,194149.44817765988,0.5605,2.5628567,0.4070493630347449
1,2,194154.4481784422,0.5605,2.5632193,0.40782766329059983
1,2,194159.4481792245,0.5605,2.5636394,0.4086059629869294
1,2,194164.44818000682,0.5605,2.5638876,0.4093842667945059
1,2,194169.44818078913,0.5605,2.5642884,0.41016257178137683
1,2,194174.44818157144,0.5605,2.5646894,0.4109408757174212
1,2,194179.44818235375,0.5605,2.5651093,0.4117191809472109
1,2,194184.44818313606,0.5605,2.5653956,0.41249748534422764
1,2,194189.44818391837,0.5605,2.565682,0.4132757932990953
1,2,194194.44818470068,0.5605,2.5662355,0.41405410137461274
1,2,194199.448185483,0.5605,2.5665028,0.41483241084599476
1,2,194204.4481862653,0.5605,2.5669992,0.41561072072270494
1,2,194209.44818704762,0.5605,2.5673428,0.41638902958263274
1,2,194214.44818782993,0.5605,2.5676484,0.4171673388852806
1,2,194219.44818861224,0.5605,2.567992,0.4179456477375989
1,2,194224.44818939455,0.5605,2.5683928,0.4187239583805202
1,2,194229.44819017686,0.5605,2.5687172,0.419502266882489
1,2,194234.44819095917,0.5605,2.56908,0.4202805745795732
1,2,194239.44819174148,0.5605,2.5695574,0.4210588825832968
1,2,194244.4481925238,0.5605,2.5700154,0.42183718877704923
1,2,194249.4481933061,0.5605,2.57013,0.42261549315876745
1,2,194254.4481940884,0.5605,2.5706646,0.42339379595738963
1,2,194259.44819487073,0.5605,2.570932,0.42417209888711555
1,2,194264.44819565304,0.5605,2.5712755,0.4249504052308498
1,2,194269.44819643535,0.5605,2.5717337,0.4257287121196917
1,2,194274.44819721766,0.5605,2.5720963,0.4265070180256729
1,2,194279.44819799997,0.5605,2.5725355,0.42728532309904016
1,2,194284.44819878228,0.5605,2.5728219,0.4280636285001005
1,2,194289.4481995646,0.5605,2.5729744,0.4288419350101781
1,2,194294.4482003469,0.5605,2.5733945,0.4296202406743035
1,2,194299.4482011292,0.5605,2.5737953,0.4303985477300318
1,2,194304.44820191152,0.5605,2.5741582,0.4311768549095225
1,2,194309.44820269383,0.5605,2.574578,0.43195515937515416
1,2,194314.44820347615,0.5605,2.5749981,0.4327334648294547
1,2,194319.44820425846,0.5605,2.5752463,0.4335117678471438
1,2,194324.44820504077,0.5605,2.57559,0.4342900726326007
1,2,194329.44820582308,0.5605,2.5760863,0.4350683755816154
1,2,194334.4482066054,0.5605,2.5763726,0.43584668208994454
1,2,194339.4482073877,0.5605,2.5765634,0.4366249904294675
1,2,194344.44820817,0.5605,2.5772698,0.4374032953808671
1,2,194349.44820895232,0.5605,2.577499,0.43818159943061064
1,2,194354.44820973463,0.5605,2.5778234,0.4389599041469162
1,2,194359.44821051694,0.5605,2.578167,0.43973820771543837
1,2,194364.44821129926,0.5605,2.578549,0.4405165104410548
1,2,194369.44821208157,0.5605,2.5790262,0.44129481565549955
1,2,194374.44821286388,0.5605,2.5792935,0.44207311887729156
1,2,194379.4482136462,0.5605,2.5796943,0.44285142299144126
1,2,194384.4482144285,0.5605,2.579847,0.44362972757495434
1,2,194389.4482152108,0.5605,2.5804007,0.4444080321402946
1,2,194394.44821599312,0.5605,2.5808015,0.4451863362934489
1,2,194399.44821677543,0.5605,2.5812216,0.44596463494532296
1,2,194404.44821755774,0.5605,2.5814314,0.4467429314101238
1,2,194409.44821834005,0.5605,2.5818515,0.4475212310131423
1,2,194414.44821912237,0.5605,2.5822523,0.4482995317059754
1,2,194419.44821990468,0.5605,2.5827487,0.4490778285347057
1,2,194424.448220687,0.5605,2.5831497,0.44985612436421374
1,2,194429.4482214693,0.5605,2.5832832,0.4506344181877208
1,2,194434.4482222516,0.5605,2.5837414,0.45141271344685213
1,2,194439.44822303392,0.5605,2.5841806,0.45219100968398307
1,2,194444.44822381623,0.5605,2.5847151,0.4529693076084089
1,2,194449.44822459854,0.5605,2.5850015,0.45374760332807884
1,2,194454.44822538085,0.5605,2.585135,0.4545258973113728
1,2,194459.44822616316,0.5605,2.5856504,0.4553041923990977
1,2,194464.44822694547,0.5605,2.5860705,0.45608248469112966
1,2,194469.4482277278,0.5605,2.5864332,0.4568607784513267
1,2,194474.4482285101,0.5605,2.5867767,0.45763907301796136
1,2,194479.4482292924,0.5605,2.587063,0.458417365206066
1,2,194484.44823007472,0.5605,2.5875022,0.4591956597952875
1,2,194489.44823085703,0.5605,2.587903,0.4599739551258682
1,2,194494.44823163934,0.5605,2.5883613,0.4607522514269119
1,2,194499.44823242165,0.5605,2.588724,0.4615305433989696
1,2,194504.44823320396,0.5605,2.5890868,0.46230883832637126
1,2,194509.44823398627,0.5605,2.589373,0.4630871332971717
1,2,194514.44823476858,0.5605,2.589831,0.46386542746105114
1,2,194519.4482355509,0.5605,2.5902703,0.46464372127736264
1,2,194524.4482363332,0.5605,2.5905757,0.46542201451092613
1,2,194529.44823711552,0.5605,2.5911293,0.4662003077627916
1,2,194534.44823789783,0.5605,2.5914538,0.46697860126540386
1,2,194539.44823868014,0.5605,2.5916638,0.4677568989873925
1,2,194544.44823946245,0.5605,2.5921602,0.46853519706010477
1,2,194549.44824024476,0.5605,2.592752,0.46931349432508473
1,2,194554.44824102707,0.5605,2.5928857,0.4700917901930709
1,2,194559.44824180938,0.5605,2.5934012,0.4708700860287944
1,2,194564.4482425917,0.5605,2.5936494,0.4716483859278857
1,2,194569.448243374,0.5605,2.5941074,0.47242668418200806
1,2,194574.44824415632,0.5605,2.5945275,0.4732049851569036
1,2,194579.44824493863,0.5605,2.5949473,0.47398328670660317
1,2,194584.44824572094,0.5605,2.5951574,0.47476158796539236
1,2,194589.44824650325,0.5605,2.5954628,0.4755398898885051
1,2,194594.44824728556,0.5605,2.5957682,0.4763181894718375
1,2,194599.44824806787,0.5605,2.5962837,0.47709649205430343
1,2,194604.44824885018,0.5605,2.5966847,0.4778747968371709
1,2,194609.4482496325,0.5605,2.5971045,0.4786531020639737
1,2,194614.4482504148,0.5605,2.5974674,0.47943140557056
1,2,194619.44825119711,0.5605,2.5979064,0.4802097070204549
1,2,194624.44825197943,0.5605,2.5984218,0.4809880073637432
1,2,194629.44825276174,0.5605,2.5987082,0.48176631115571983
1,2,194634.44825354405,0.5605,2.5989754,0.4825446121236847
1,2,194639.44825432636,0.5605,2.59951,0.48332291506058306
1,2,194644.44825510867,0.5605,2.5998154,0.4841012190872596
1,2,194649.44825589098,0.5605,2.6002164,0.48487952324061256
1,2,194654.4482566733,0.5605,2.6005409,0.485657825061904
1,2,194659.4482574556,0.5605,2.600961,0.486436125772549
1,2,194664.4482582379,0.5605,2.6013618,0.48721442691421507
1,2,194669.44825902022,0.5605,2.6018581,0.48799272916230557
1,2,194674.44825980254,0.5605,2.6022973,0.48877103042060466
1,2,194679.44826058485,0.5605,2.6027172,0.4895493318528698
1,2,194684.44826136716,0.5605,2.6030989,0.49032763649369276
1,2,194689.44826214947,0.5605,2.6035,0.4911059434456825
1,2,194694.44826293178,0.5605,2.60392,0.4918842491325769
1,2,194699.4482637141,0.5605,2.6042063,0.4926625528541704
1,2,194704.4482644964,0.5605,2.60455,0.49344085664338866
1,2,194709.4482652787,0.5605,2.6050463,0.4942191616819335
1,2,194714.44826606102,0.5605,2.605447,0.4949974669219421
1,2,194719.44826684333,0.5605,2.6059053,0.4957757720866402
1,2,194724.44826762564,0.5605,2.6062489,0.49655407695590786
1,2,194729.44826840796,0.5605,2.606707,0.4973323805140323
1,2,194734.44826919027,0.5605,2.6072035,0.49811068137135106
1,2,194739.44826997258,0.5605,2.6074133,0.4988889842220677
1,2,194744.4482707549,0.5605,2.6078906,0.4996672877067261
1,2,194749.4482715372,0.5605,2.608368,0.5004455893762939
1,2,194754.4482723195,0.5605,2.6089406,0.5012238932694263
1,2,194759.44827310182,0.5605,2.6091888,0.5020021969203883
1,2,194764.44827388413,0.5605,2.6095705,0.5027805001071526
1,2,194769.44827466644,0.5605,2.6100478,0.5035588032802311
1,2,194774.44827544875,0.5605,2.6103723,0.5043371072727475
1,2,194779.44827623107,0.5605,2.6107543,0.5051154073861672
1,2,194784.44827701338,0.5605,2.6113079,0.5058937091515296
1,2,194789.4482777957,0.5605,2.6116514,0.506672012793743
1,2,194794.448278578,0.5605,2.612167,0.5074503153560791
1,2,194799.4482793603,0.5605,2.6123388,0.50822861732671
1,2,194804.44828014262,0.5605,2.6128159,0.5090069201506906
1,2,194809.44828092493,0.5605,2.6133122,0.5097852231123712
1,2,194814.44828170724,0.5605,2.6138086,0.5105635297889014
1,2,194819.44828248955,0.5605,2.6142669,0.5113418357761768
1,2,194824.44828327186,0.5605,2.6147058,0.5121201411095527
1,2,194829.44828405418,0.5605,2.615145,0.5128984449640447
1,2,194834.4482848365,0.5605,2.6155267,0.5136767518697183
1,2,194839.4482856188,0.5605,2.6159658,0.5144550560878582
1,2,194844.4482864011,0.5605,2.6163285,0.5152333638454776
1,2,194849.44828718342,0.5605,2.6167676,0.51601166908339
1,2,194854.44828796573,0.5605,2.6172068,0.5167899741002719
1,2,194859.44828874804,0.5605,2.6178176,0.5175682762404747
1,2,194864.44828953035,0.5605,2.618085,0.5183465781102777
1,2,194869.44829031266,0.5605,2.6185813,0.5191248774590791
1,2,194874.44829109497,0.5605,2.6189249,0.5199031761443914
1,2,194879.44829187728,0.5605,2.6194594,0.5206814753696887
1,2,194884.4482926596,0.5605,2.6199749,0.5214597717152074
1,2,194889.4482934419,0.5605,2.6203947,0.5222380663842295
1,2,194894.44829422422,0.5605,2.6210058,0.5230163641296594
1,2,194899.44829500653,0.5605,2.6215212,0.5237946639494633
1,2,194904.44829578884,0.5605,2.6218839,0.5245729644850561
1,2,194909.44829657115,0.5605,2.6223612,0.5253512633530466
1,2,194914.44829735346,0.5605,2.6228957,0.5261295623319581
1,2,194919.44829813577,0.5605,2.6232584,0.5269078641238147
1,2,194924.44829891808,0.5605,2.6236782,0.5276861671705976
1,2,194929.4482997004,0.5605,2.6242127,0.5284644675467546
1,2,194934.4483004827,0.5605,2.6247857,0.5292427677634162
1,2,194939.44830126502,0.5605,2.6252246,0.530021069922113
1,2,194944.44830204733,0.5605,2.625721,0.5307993736314974
1,2,194949.44830282964,0.5605,2.6263318,0.5315776771019964
1,2,194954.44830361195,0.5605,2.6266947,0.5323559809968109
1,2,194959.44830439426,0.5605,2.6272292,0.5331342839273912
1,2,194964.44830517657,0.5605,2.627802,0.5339125877810619
1,2,194969.44830595888,0.5605,2.6280882,0.5346908904706837
1,2,194974.4483067412,0.5605,2.62868,0.5354691938969395
1,2,194979.4483075235,0.5605,2.6291955,0.536247494906164
1,2,194984.44830830581,0.5605,2.6296728,0.537025797551281
1,2,194989.44830908813,0.5605,2.630169,0.5378041012617715
1,2,194994.44830987044,0.5605,2.6307228,0.538582403598908
1,2,194999.44831065275,0.5605,2.6311045,0.5393607050748667
1,2,195004.44831143506,0.5605,2.631639,0.5401390065015985
1,2,195009.44831221737,0.5605,2.6320782,0.5409173107810583
1,2,195014.44831299921,0.5605,2.6327653,0.5416956155352095
1,2,195019.44831378153,0.5605,2.6332808,0.5424739208693404
1,2,195024.44831456384,0.5605,2.6336434,0.543252224680831
1,2,195029.44831534615,0.5605,2.634216,0.5440305259826548
1,2,195034.44831612846,0.5605,2.6347697,0.5448088302059869
1,2,195039.44831691077,0.5605,2.6353042,0.5455871316769786
1,2,195044.44831769308,0.5605,2.6358387,0.5463654341316588
1,2,195049.4483184754,0.5605,2.6363351,0.5471437375262413
1,2,195054.4483192577,0.5605,2.6369078,0.5479220408495732
1,2,195059.44832004,0.5605,2.6374614,0.5487003433398738
1,2,195064.44832082232,0.5605,2.6379006,0.5494786448545822
1,2,195069.44832160464,0.5605,2.6385496,0.5502569465842382
1,2,195074.44832238695,0.5605,2.6391032,0.5510352507311373
1,2,195079.44832316926,0.5605,2.6396377,0.551813556313972
1,2,195084.44832395157,0.5605,2.6402488,0.5525918561648299
1,2,195089.44832473388,0.5605,2.6407833,0.5533701543071703
1,2,195094.4483255162,0.5605,2.6412797,0.5541484525149467
1,2,195099.4483262985,0.5605,2.6419096,0.554926751053966
1,2,195104.4483270808,0.5605,2.6425014,0.5557050538977553
1,2,195109.44832786312,0.5605,2.6431313,0.5564833591736259
1,2,195114.44832864543,0.5605,2.6435895,0.5572616614902485
1,2,195119.44832942775,0.5605,2.644105,0.5580399599286253
1,2,195124.44833021006,0.5605,2.6446586,0.5588182571980226
1,2,195129.44833099237,0.5605,2.645384,0.5595965575890708
1,2,195134.44833177468,0.5605,2.6458611,0.5603748565298519
1,2,195139.448332557,0.5605,2.6463766,0.561153156187243
1,2,195144.4483333393,0.5605,2.647102,0.5619314562613568
1,2,195149.4483341216,0.5605,2.6476939,0.562709752066162
1,2,195154.44833490392,0.5605,2.6482475,0.5634880445288388
1,2,195159.44833568623,0.5605,2.648973,0.564266342505985
1,2,195164.44833646854,0.5605,2.649603,0.5650446414770618
1,2,195169.44833725085,0.5605,2.6502903,0.5658229375984836
1,2,195174.44833803317,0.5605,2.6506338,0.5666012346217667
1,2,195179.44833881548,0.5605,2.6513975,0.567379530776428
1,2,195184.4483395978,0.5605,2.6520083,0.568157829072512
1,2,195189.4483403801,0.5605,2.6524856,0.5689361235386002
1,2,195194.4483411624,0.5605,2.653211,0.5697144169118803
1,2,195199.44834194472,0.5605,2.6538029,0.5704927104924952
1,2,195204.44834272703,0.5605,2.6545856,0.5712710025244886
1,2,195209.44834350934,0.5605,2.6550245,0.5720492956487604
1,2,195214.44834429165,0.5605,2.655731,0.5728275873581271
1,2,195219.44834507396,0.5605,2.656418,0.5736058794242708
1,2,195224.44834585628,0.5605,2.6573346,0.574384172111475
1,2,195229.4483466386,0.5605,2.6577735,0.5751624681342775
1,2,195234.4483474209,0.5605,2.6584609,0.575940763073216
1,2,195239.4483482032,0.5605,2.6591482,0.5767190618797409
1,2,195244.44834898552,0.5605,2.6598353,0.5774973587468102
1,2,195249.44834976783,0.5605,2.660389,0.5782756546052166
1,2,195254.44835055014,0.5605,2.6610954,0.5790539501788385
1,2,195259.44835133245,0.5605,2.6618207,0.5798322506970036
1,2,195264.44835211476,0.5605,2.6624508,0.5806105499103336
1,2,195269.44835289707,0.5605,2.6632144,0.5813888486563168
1,2,195274.44835367939,0.5605,2.6638443,0.5821671461706693
1,2,195279.4483544617,0.5605,2.6644742,0.5829454436422158
1,2,195284.448355244,0.5605,2.6653714,0.5837237400070795
1,2,195289.44835602632,0.5605,2.6660206,0.5845020393589208
1,2,195294.44835680863,0.5605,2.6666887,0.585280335151815
1,2,195299.44835759094,0.5605,2.6674333,0.5860586332318818
1,2,195304.44835837325,0.5605,2.6679678,0.586836931955957
1,2,195309.44835915556,0.5605,2.6686552,0.5876152322767809
1,2,195314.44835993787,0.5605,2.6693614,0.588393533001688
1,2,195319.44836072018,0.5605,2.6702204,0.5891718325066303
1,2,195324.4483615025,0.5605,2.6707358,0.5899501333882248
1,2,195329.4483622848,0.5605,2.6714995,0.5907284350868863
1,2,195334.44836306712,0.5605,2.672225,0.5915067334937092
1,2,195339.44836384943,0.5605,2.6729121,0.5922850333508124
1,2,195344.44836463174,0.5605,2.6737905,0.5930633338531623
1,2,195349.44836541405,0.5605,2.6742866,0.5938416357449363
1,2,195354.44836619636,0.5605,2.6752412,0.5946199362662868
1,2,195359.44836697867,0.5605,2.6761384,0.5953982370531662
1,2,195364.44836776098,0.5605,2.6765966,0.596176536500951
1,2,195369.4483685433,0.5605,2.6773412,0.5969548370562034
1,2,195374.4483693256,0.5605,2.6781049,0.5977331376516525
1,2,195379.44837010792,0.5605,2.6788492,0.5985114409983129
1,2,195384.44837089023,0.5605,2.6797276,0.599289742733979
1,2,195389.44837167254,0.5605,2.6803193,0.6000680409360167
1,2,195394.44837245485,0.5605,2.6810255,0.6008463420925408
1,2,195399.44837323716,0.5605,2.6818655,0.6016246420030564
1,2,195404.44837401947,0.5605,2.682572,0.6024029387420684
1,2,195409.44837480178,0.5605,2.6834118,0.6031812343396912
1,2,195414.4483755841,0.5605,2.6842327,0.6039595310058332
1,2,195419.4483763664,0.5605,2.6850727,0.6047378293570581
1,2,195424.4483771487,0.5605,2.6857982,0.6055161288172937
1,2,195429.44837793102,0.5605,2.6863518,0.606294429960069
1,2,195434.44837871334,0.5605,2.687287,0.6070727296155628
1,2,195439.44837949565,0.5605,2.6882226,0.6078510317069526
1,2,195444.44838027796,0.5605,2.6888907,0.6086293345519604
1,2,195449.44838106027,0.5605,2.6897306,0.6094076348427834
1,2,195454.44838184258,0.5605,2.6904752,0.6101859331638516
1,2,195459.4483826249,0.5605,2.6913152,0.6109642349552779
1,2,195464.4483834072,0.5605,2.6920407,0.6117425393462613
1,2,195469.4483841895,0.5605,2.6928425,0.6125208445494276
1,2,195474.44838497182,0.5605,2.6938162,0.6132991463135979
1,2,195479.44838575413,0.5605,2.6944652,0.6140774461129476
1,2,195484.44838653645,0.5605,2.6955342,0.6148557460849254
1,2,195489.44838731876,0.5605,2.6964314,0.6156340476423636
1,2,195494.44838810107,0.5605,2.6973095,0.6164123516165152
1,2,195499.44838888338,0.5605,2.698245,0.6171906510349646
1,2,195504.4483896657,0.5605,2.699104,0.6179689461325906
1,2,195509.448390448,0.5605,2.6998487,0.6187472411668302
1,2,195514.4483912303,0.5605,2.700822,0.6195255369655955
1,2,195519.44839201262,0.5605,2.7017767,0.6203038323470753
1,2,195524.44839279493,0.5605,2.7027695,0.6210821278943819
1,2,195529.44839357724,0.5605,2.7036667,0.6218604259286425
1,2,195534.44839435956,0.5605,2.7046595,0.6226387252632547
1,2,195539.44839514187,0.5605,2.7054803,0.6234170251111887
1,2,195544.44839592418,0.5605,2.7066066,0.6241953216270608
1,2,195549.4483967065,0.5605,2.7075229,0.6249736176734536
1,2,195554.4483974888,0.5605,2.7086873,0.6257519148416256
1,2,195559.4483982711,0.5605,2.709451,0.6265302156404524
1,2,195564.44839905342,0.5605,2.7105582,0.6273085141033201
1,2,195569.44839983573,0.5605,2.7116272,0.6280868087297183
1,2,195574.44840061804,0.5605,2.7127538,0.6288651027530434
1,2,195579.44840140035,0.5605,2.7137654,0.6296433947920073
1,2,195584.44840218266,0.5605,2.7149491,0.6304216868201231
1,2,195589.44840296498,0.5605,2.7161517,0.6311999764003458
1,2,195594.4484037473,0.5605,2.717278,0.6319782665411335
1,2,195599.4484045296,0.5605,2.7184043,0.6327565583973794
1,2,195604.4484053119,0.5605,2.7197025,0.633534853726417
1,2,195609.44840609422,0.5605,2.7210388,0.6343131485628886
1,2,195614.44840687653,0.5605,2.7220697,0.6350914431765877
1,2,195619.44840765884,0.5605,2.7235396,0.6358697347749243
1,2,195624.44840844115,0.5605,2.7246468,0.6366480303169657
1,2,195629.44840922346,0.5605,2.725964,0.6374263263555503
1,2,195634.44841000577,0.5605,2.7272623,0.6382046262696918
1,2,195639.44841078809,0.5605,2.7286367,0.6389829251735478
1,2,195644.4484115704,0.5605,2.7298777,0.6397612208368317
1,2,195649.4484123527,0.5605,2.7315385,0.6405395178052157
1,2,195654.44841313502,0.5605,2.7327986,0.6413178180096417
1,2,195659.44841391733,0.5605,2.734402,0.6420961172972457
1,2,195664.44841469964,0.5605,2.7357767,0.6428744165778858
1,2,195669.44841548195,0.5605,2.7374566,0.6436527163087729
1,2,195674.44841626426,0.5605,2.73885,0.6444310168391999
1,2,195679.44841704657,0.5605,2.740721,0.6452093157585995
1,2,195684.44841782888,0.5605,2.7424772,0.6459876149239743
1,2,195689.4484186112,0.5605,2.7439663,0.6467659145232344
1,2,195694.4484193935,0.5605,2.7455318,0.6475442108003667
1,2,195699.44842017582,0.5605,2.74746,0.648322508311845
1,2,195704.44842095813,0.5605,2.749216,0.6491008052458271
1,2,195709.44842174044,0.5605,2.7509916,0.6498791015877398
1,2,195714.44842252275,0.5605,2.7529578,0.6506573959461522
1,2,195719.44842330506,0.5605,2.754905,0.651435693331964
1,2,195724.44842408737,0.5605,2.7566805,0.6522139887841946
1,2,195729.44842486968,0.5605,2.7585323,0.6529922848760656
1,2,195734.448425652,0.5605,2.7605557,0.6537705809809538
1,2,195739.4484264343,0.5605,2.7626557,0.6545488761845998
1,2,195744.44842721662,0.5605,2.7645648,0.6553271759869892
1,2,195749.44842799893,0.5605,2.7669702,0.6561054775699283
1,2,195754.44842878124,0.5605,2.7689364,0.656883781231394
1,2,195759.44842956355,0.5605,2.7712271,0.6576620830082436
1,2,195764.44843034586,0.5605,2.773098,0.6584403828445414
1,2,195769.44843112817,0.5605,2.775408,0.6592186850527233
1,2,195774.44843191048,0.5605,2.7776034,0.6599969870091683
1,2,195779.4484326928,0.5605,2.7799325,0.6607752871621754
1,2,195784.4484334751,0.5605,2.7821279,0.6615535842060718
1,2,195789.4484342574,0.5605,2.7844186,0.6623318782962269
1,2,195794.44843503973,0.5605,2.7868812,0.663110175144683
1,2,195799.44843582204,0.5605,2.7890956,0.6638884725319087
1,2,195804.44843660435,0.5605,2.7913675,0.664666770228572
1,2,195809.44843738666,0.5605,2.7936392,0.6654450695620848
1,2,195814.44843816897,0.5605,2.795911,0.6662233700283706
1,2,195819.44843895128,0.5605,2.79824,0.667001669336111
1,2,195824.4484397336,0.5605,2.80055,0.6677799654851431
1,2,195829.4484405159,0.5605,2.8028026,0.6685582588759238
1,2,195834.4484412982,0.5605,2.804998,0.6693365552265851
1,2,195839.44844208052,0.5605,2.807136,0.6701148500500892
1,2,195844.44844286283,0.5605,2.8091598,0.6708931442598277
1,2,195849.44844364515,0.5605,2.8112977,0.6716714413689117
1,2,195854.44844442746,0.5605,2.8131876,0.6724497385576672
1,2,195859.44844520977,0.5605,2.815154,0.6732280340912117
1,2,195864.44844599208,0.5605,2.8172348,0.6740063319530096
1,2,195869.4484467744,0.5605,2.8188958,0.6747846322202491
1,2,195874.4484475567,0.5605,2.8208048,0.6755629318441193
1,2,195879.448448339,0.5605,2.8225038,0.6763412313831952
1,2,195884.44844912132,0.5605,2.824241,0.6771195317682333
1,2,195889.44844990363,0.5605,2.8257492,0.6778978301417967
1,2,195894.44845068594,0.5605,2.8272762,0.6786761276862695
1,2,195899.44845146826,0.5605,2.8290136,0.6794544236695576
1,2,195904.44845225057,0.5605,2.8304453,0.680232720688728
1,2,195909.44845303288,0.5605,2.8317244,0.6810110161056924
1,2,195914.4484538152,0.5605,2.8332708,0.6817893098630482
1,2,195919.4484545975,0.5605,2.8345497,0.6825676037680017
1,2,195924.4484553798,0.5605,2.8357716,0.6833458980650843
1,2,195929.44845616212,0.5605,2.8368979,0.6841241935529881
1,2,195934.44845694443,0.5605,2.8383677,0.6849024860287481
1,2,195939.44845772674,0.5605,2.8394368,0.6856807820216259
1,2,195944.44845850905,0.5605,2.840525,0.6864590738127172
1,2,195949.44845929136,0.5605,2.8414986,0.6872373706767964
1,2,195954.44846007368,0.5605,2.842644,0.6880156669275437
1,2,195959.448460856,0.5605,2.8435986,0.6887939642413431
1,2,195964.4484616383,0.5605,2.8448012,0.6895722602900274
1,2,195969.4484624206,0.5605,2.8457558,0.6903505591360768
1,2,195974.44846320292,0.5605,2.8465195,0.6911288525455965
1,2,195979.44846398523,0.5605,2.847512,0.6919071439796428
1,2,195984.44846476754,0.5605,2.8480656,0.6926854364824931
1,2,195989.44846554985,0.5605,2.8490584,0.6934637293529617
1,2,195994.44846633216,0.5605,2.849822,0.6942420207406025
1,2,195999.44846711447,0.5605,2.850662,0.695020313439105
1,2,196004.4484678968,0.5605,2.8514256,0.6957986038078772
1,2,196009.4484686791,0.5605,2.852552,0.6965768971620904
1,2,196014.4484694614,0.5605,2.85343,0.6973551925296226
1,2,196019.44847024372,0.5605,2.854079,0.6981334893742044
1,2,196024.44847102603,0.5605,2.8549955,0.6989117869258727
1,2,196029.44847180834,0.5605,2.8556063,0.6996900819581455
1,2,196034.44847259065,0.5605,2.8567135,0.7004683795061084
1,2,196039.44847337296,0.5605,2.8573818,0.7012466782213919
1,2,196044.44847415527,0.5605,2.8581836,0.7020249765969753
1,2,196049.44847493758,0.5605,2.8590236,0.7028032745067914
1,2,196054.4484757199,0.5605,2.860016,0.7035815726947525
1,2,196059.4484765022,0.5605,2.8607416,0.704359872575734
1,2,196064.44847728452,0.5605,2.8616962,0.7051381759658892
1,2,196069.44847806683,0.5605,2.862479,0.7059164790457129
1,2,196074.44847884914,0.5605,2.863166,0.7066947821344574
1,2,196079.44847963145,0.5605,2.864006,0.7074730836033927
1,2,196084.44848041376,0.5605,2.864865,0.7082513842407273
1,2,196089.44848119607,0.5605,2.8656478,0.7090296830639217
1,2,196094.44848197838,0.5605,2.8666406,0.7098079803348256
1,2,196099.4484827607,0.5605,2.8673277,0.7105862765304783
1,2,196104.448483543,0.5605,2.8680532,0.7113645702023546
1,2,196109.44848432532,0.5605,2.8689504,0.712142864786566
1,2,196114.44848510763,0.5605,2.8696377,0.7129211581808336
1,2,196119.44848588994,0.5605,2.8706114,0.7136994524550345
1,2,196124.44848667225,0.5605,2.8715467,0.7144777482664989
1,2,196129.44848745456,0.5605,2.8724248,0.7152560449296209
1,2,196134.44848823687,0.5605,2.8733604,0.7160343366954929
1,2,196139.44848901918,0.5605,2.8742576,0.7168126318997846
1,2,196144.4484898015,0.5605,2.8753076,0.7175909270487699
1,2,196149.4484905838,0.5605,2.8761094,0.7183692183362418
1,2,196154.4484913661,0.5605,2.8769684,0.7191475130661203
1,2,196159.44849214843,0.5605,2.8780184,0.7199258105701083
1,2,196164.44849293074,0.5605,2.8790684,0.7207041078252138
1,2,196169.44849371305,0.5605,2.879813,0.721482409189682
1,2,196174.44849449536,0.5605,2.8808246,0.7222607098259701
1,2,196179.44849527767,0.5605,2.8818173,0.7230390055960259
1,2,196184.44849605998,0.5605,2.8828292,0.7238173034910004
1,2,196189.4484968423,0.5605,2.8839555,0.7245956052002682
1,2,196194.4484976246,0.5605,2.8849483,0.7253739071243148
1,2,196199.4484984069,0.5605,2.8860555,0.7261522094666105
1,2,196204.44849918922,0.5605,2.8871436,0.7269305128216884
1,2,196209.44849997154,0.5605,2.8881361,0.727708814918562
1,2,196214.44850075385,0.5605,2.8890717,0.7284871158970967
1,2,196219.44850153616,0.5605,2.8901408,0.7292654141781504
1,2,196224.44850231847,0.5605,2.8913243,0.7300437139219749
1,2,196229.44850310078,0.5605,2.8924124,0.7308220132450105
1,2,196234.4485038831,0.5605,2.8934243,0.7316003142748847
1,2,196239.4485046654,0.5605,2.8947225,0.7323786141220769
1,2,196244.4485054477,0.5605,2.895944,0.733156912035764
1,2,196249.44850623002,0.5605,2.8972995,0.7339352108845255
1,2,196254.44850701233,0.5605,2.8984833,0.7347135082263292
1,2,196259.44850779464,0.5605,2.899705,0.7354918067337283
1,2,196264.44850857696,0.5605,2.900984,0.7362701045750288
1,2,196269.44850935927,0.5605,2.9022822,0.7370484030948952
1,2,196274.44851014158,0.5605,2.9036183,0.737826701417351
1,2,196279.4485109239,0.5605,2.9048784,0.7386050037428977
1,2,196284.4485117062,0.5605,2.9062147,0.739383304893286
1,2,196289.4485124885,0.5605,2.9074175,0.7401616012963033
1,2,196294.44851327036,0.5605,2.908773,0.7409398979818101
1,2,196299.44851405267,0.5605,2.9101665,0.7417181948865728
1,2,196304.44851483498,0.5605,2.911369,0.7424964909977425
1,2,196309.4485156173,0.5605,2.9130108,0.7432747892081316
1,2,196314.4485163996,0.5605,2.9141371,0.7440530890143622
1,2,196319.4485171819,0.5605,2.915569,0.7448313899783932
1,2,196324.44851796422,0.5605,2.917058,0.7456096918643821
1,2,196329.44851874653,0.5605,2.9186234,0.746387990953496
1,2,196334.44851952884,0.5605,2.9199407,0.7471662906114368
1,2,196339.44852031115,0.5605,2.9215252,0.7479445939645776
1,2,196344.44852109347,0.5605,2.9230714,0.7487228910904602
1,2,196349.44852187578,0.5605,2.9244459,0.7495011864349553
1,2,196354.4485226581,0.5605,2.926107,0.7502794820438334
1,2,196359.4485234404,0.5605,2.9274623,0.7510577778353104
1,2,196364.4485242227,0.5605,2.9291995,0.7518360758173044
1,2,196369.44852500502,0.5605,2.9308984,0.7526143756163195
1,2,196374.44852578733,0.5605,2.9323304,0.753392678644903
1,2,196379.44852656964,0.5605,2.9337811,0.7541709782461036
1,2,196384.44852735195,0.5605,2.9354038,0.7549492776677219
1,2,196389.44852813426,0.5605,2.9369502,0.755727577995629
1,2,196394.44852891658,0.5605,2.9389737,0.7565058784351456
1,2,196399.4485296989,0.5605,2.9402719,0.7572841780629066
1,2,196404.4485304812,0.5605,2.9420855,0.7580624778856775
1,2,196409.4485312635,0.5605,2.9435744,0.7588407753703502
1,2,196414.44853204582,0.5605,2.94535,0.7596190714492109
1,2,196419.44853282813,0.5605,2.9469535,0.7603973712632233
1,2,196424.44853361044,0.5605,2.9485378,0.7611756709190316
1,2,196429.44853439275,0.5605,2.9501796,0.7619539693714851
1,2,196434.44853517506,0.5605,2.9518597,0.7627322689549962
1,2,196439.44853595737,0.5605,2.9534633,0.7635105668466793
1,2,196444.44853673968,0.5605,2.9551814,0.764288861306923
1,2,196449.448537522,0.5605,2.9569566,0.7650671561975486
1,2,196454.4485383043,0.5605,2.9584649,0.7658454509208176
1,2,196459.44853908662,0.5605,2.9601066,0.766623748984513
1,2,196464.44853986893,0.5605,2.9620538,0.7674020449180312
1,2,196469.44854065124,0.5605,2.963543,0.7681803439228045
1,2,196474.44854143355,0.5605,2.9653757,0.7689586449577286
1,2,196479.44854221586,0.5605,2.9670556,0.7697369481699474
1,2,196484.44854299817,0.5605,2.9687164,0.7705152499760828
1,2,196489.44854378048,0.5605,2.9704154,0.7712935527676915
1,2,196494.4485445628,0.5605,2.9721718,0.7720718570961199
1,2,196499.4485453451,0.5605,2.9738898,0.7728501622395756
1,2,196504.44854612742,0.5605,2.975837,0.7736284671054988
1,2,196509.44854690973,0.5605,2.9776506,0.7744067725023173
1,2,196514.44854769204,0.5605,2.9794068,0.7751850760294042
1,2,196519.44854847435,0.5605,2.9812205,0.7759633776319135
1,2,196524.44854925666,0.5605,2.9829578,0.7767416803060944
1,2,196529.44855003897,0.5605,2.9846568,0.7775199839711164
1,2,196534.44855082128,0.5605,2.9865086,0.7782982873559172
1,2,196539.4485516036,0.5605,2.9881694,0.7790765890871626
1,2,196544.4485523859,0.5605,2.9900022,0.7798548896883867
1,2,196549.44855316821,0.5605,2.9919112,0.7806331897625037
1,2,196554.44855395053,0.5605,2.9936483,0.7814114906486148
1,2,196559.44855473284,0.5605,2.9955,0.7821897869081604
1,2,196564.44855551515,0.5605,2.997352,0.7829680826358438
1,2,196569.44855629746,0.5605,2.9992228,0.7837463792588454
1,2,196571.79455666384,0.5605,3.0000246,0.7841115544762652
1,2,196571.79475666373,0.5605,3.0000246,0.7841115856095527
2,1,196571.79555666377,-0.5605,2.9492364,-6.165907118055556e-08
2,1,196576.79555744608,-0.5605,2.6167867,-0.0007787498588429557
2,1,196581.7955582284,-0.5605,2.4830592,-0.0015574357896480295
2,1,196586.7955590107,-0.5605,2.3856413,-0.0023361191154751514
2,1,196591.795559793,-0.5605,2.3093374,-0.0031148023932344383
2,1,196596.79556057532,-0.5605,2.2469504,-0.0038934822113447717
2,1,196601.79556135763,-0.5605,2.19617,-0.004672162528104252
2,1,196606.79556213995,-0.5605,2.1561189,-0.005450842936923106
2,1,196611.79556292226,-0.5605,2.1247153,-0.0062295201055374404
2,1,196616.79556370457,-0.5605,2.098199,-0.007008194649351967
2,1,196621.79556448688,-0.5605,2.0746415,-0.007786872672133975
2,1,196626.7955652692,-0.5605,2.0526302,-0.00856555176751481
2,1,196631.7955660515,-0.5605,2.0321655,-0.009344232812652984
2,1,196636.7955668338,-0.5605,2.0122542,-0.010122912163443035
2,1,196641.79556761612,-0.5605,1.9928012,-0.010901591581443945
2,1,196646.79556839843,-0.5605,1.97352,-0.011680272841893964
2,1,196651.7955691805,-0.5605,1.9546587,-0.012458956574857235
2,1,196656.79556996282,-0.5605,1.936103,-0.0132376389186879
2,1,196661.79557074513,-0.5605,1.9182918,-0.014016321483463049
2,1,196666.79557152744,-0.5605,1.9006715,-0.014795003320995304
2,1,196671.79557230975,-0.5605,1.8840629,-0.015573682250344091
2,1,196676.79557309207,-0.5605,1.868237,-0.016352363326324358
2,1,196681.79557387438,-0.5605,1.853423,-0.017131046010772387
2,1,196686.7955746567,-0.5605,1.8394679,-0.017909725993100138
2,1,196691.795575439,-0.5605,1.8270593,-0.018688404861605827
2,1,196696.7955762213,-0.5605,1.8157768,-0.019467084280348483
2,1,196701.79557700362,-0.5605,1.8058308,-0.020245759747448893
2,1,196706.79557778593,-0.5605,1.7971066,-0.021024436449180044
2,1,196711.79557856824,-0.5605,1.7898523,-0.021803116783913636
2,1,196716.79557935055,-0.5605,1.7838006,-0.022581793885389962
2,1,196721.79558013286,-0.5605,1.7787036,-0.02336047222243746
2,1,196726.79558091518,-0.5605,1.7748282,-0.024139154454509416
2,1,196731.7955816975,-0.5605,1.7715828,-0.024917834394461578
2,1,196736.7955824798,-0.5605,1.7690438,-0.025696513272533812
2,1,196741.7955832621,-0.5605,1.7672112,-0.026475193715300823
2,1,196746.79558404442,-0.5605,1.7657984,-0.027253875440027976
2,1,196751.79558482673,-0.5605,1.7645385,-0.028032559421983027
2,1,196756.79558560904,-0.5605,1.7638704,-0.028811244123041625
2,1,196761.79558639135,-0.5605,1.7632786,-0.029589927150895194
2,1,196766.79558717366,-0.5605,1.7628968,-0.03036861272153258
2,1,196771.79558795597,-0.5605,1.7627631,-0.031147297008799178
2,1,196776.79558873829,-0.5605,1.7625531,-0.03192598096869389
2,1,196781.7955895206,-0.5605,1.7623813,-0.03270466142387191
2,1,196786.7955903029,-0.5605,1.7624004,-0.033483341702858604
2,1,196791.79559108522,-0.5605,1.7622668,-0.034262022743109195
2,1,196796.79559186753,-0.5605,1.7624577,-0.035040702506300474
2,1,196801.79559264984,-0.5605,1.7623049,-0.03581938002306885
2,1,196806.79559343215,-0.5605,1.7623049,-0.036598057341827285
2,1,196811.79559421446,-0.5605,1.762534,-0.037376735508057805
2,1,196816.79559499677,-0.5605,1.7623241,-0.0381554145712422
2,1,196821.79559577908,-0.5605,1.7625722,-0.03893409309183558
2,1,196826.7955965614,-0.5605,1.7624768,-0.03971276638252867
2,1,196831.7955973437,-0.5605,1.7624385,-0.04049144244783454
2,1,196836.79559812602,-0.5605,1.7626486,-0.04127011611255672
2,1,196841.79559890833,-0.5605,1.7626486,-0.04204879012394945
2,1,196846.79559969064,-0.5605,1.7626867,-0.04282746651992864
2,1,196851.79560047295,-0.5605,1.7627631,-0.04360614517849684
2,1,196856.79560125526,-0.5605,1.7628968,-0.04438482300975919
2,1,196861.79560203757,-0.5605,1.7627822,-0.04516350249047412
2,1,196866.79560281988,-0.5605,1.7628777,-0.045942183006680674
2,1,196871.7956036022,-0.5605,1.7628777,-0.046720864807827604
2,1,196876.7956043845,-0.5605,1.7628394,-0.04749954822200868
2,1,196881.79560516682,-0.5605,1.7629158,-0.04827823094020287
2,1,196886.79560594913,-0.5605,1.7630113,-0.049056912144283454
2,1,196891.79560673144,-0.5605,1.7629923,-0.04983559235950642
2,1,196896.79560751375,-0.5605,1.7629731,-0.05061427097347379
2,1,196901.79560829606,-0.5605,1.7630113,-0.05139294836028748
2,1,196906.79560907837,-0.5605,1.763164,-0.05217162647431758
2,1,196911.79560986068,-0.5605,1.7630495,-0.05295030216928323
2,1,196916.795610643,-0.5605,1.7630876,-0.05372897576495674
2,1,196921.7956114253,-0.5605,1.7631259,-0.0545076477474769
2,1,196926.7956122076,-0.5605,1.7631259,-0.05528632306994664
2,1,196931.79561298992,-0.5605,1.763164,-0.056065000244438654
2,1,196936.79561377224,-0.5605,1.7631259,-0.05684367988721199
2,1,196941.79561455455,-0.5605,1.763164,-0.05762235926470161
2,1,196946.79561533686,-0.5605,1.7630495,-0.05840103964360556
2,1,196951.79561611917,-0.5605,1.7629731,-0.05917972041720153
2,1,196956.79561690148,-0.5605,1.7630304,-0.05995840222038164
2,1,196961.7956176838,-0.5605,1.762954,-0.06073708496425219
2,1,196966.7956184661,-0.5605,1.7630113,-0.061515767201420345
2,1,196971.7956192484,-0.5605,1.7630495,-0.062294450229879894
2,1,196976.79562003072,-0.5605,1.7630876,-0.06307313441831867
2,1,196981.79562081303,-0.5605,1.7630495,-0.06385181870808204
2,1,196986.79562159535,-0.5605,1.7628204,-0.0646305013057159
2,1,196991.79562237766,-0.5605,1.7627631,-0.06540918202099535
2,1,196996.79562315997,-0.5605,1.7628586,-0.06618786565330294
2,1,197001.79562394228,-0.5605,1.7628777,-0.06696655074964299
2,1,197006.7956247246,-0.5605,1.7628394,-0.0677452318730553
2,1,197011.7956255069,-0.5605,1.762725,-0.06852391154729658
2,1,197016.7956262892,-0.5605,1.762725,-0.06930259421382017
2,1,197021.79562707152,-0.5605,1.762725,-0.07008127562525868
2,1,197026.79562785383,-0.5605,1.7626486,-0.07085995259277025
2,1,197031.79562863614,-0.5605,1.7626104,-0.07163862985675865
2,1,197036.79562941846,-0.5605,1.7625722,-0.07241730624456207
2,1,197041.79563020077,-0.5605,1.7626867,-0.07319598431106739
2,1,197046.79563098308,-0.5605,1.7624959,-0.07397466003106368
2,1,197051.7956317654,-0.5605,1.7625531,-0.07475333591296937
2,1,197056.7956325477,-0.5605,1.7623813,-0.07553200969198345
2,1,197061.79563333,-0.5605,1.7623622,-0.07631068589014477
2,1,197066.79563411232,-0.5605,1.7622858,-0.077089361341642
2,1,197071.79563489463,-0.5605,1.7622286,-0.07786803829810685
2,1,197076.79563567694,-0.5605,1.7623241,-0.07864671239404544
2,1,197081.79563645925,-0.5605,1.7621331,-0.07942538223105668
2,1,197086.79563724156,-0.5605,1.762095,-0.08020405452704428
2,1,197091.79563802388,-0.5605,1.7620376,-0.08098272868594526
2,1,197096.7956388062,-0.5605,1.7619613,-0.08176140454345278
2,1,197101.7956395885,-0.5605,1.7618468,-0.08254008168857627
2,1,197106.7956403708,-0.5605,1.7618086,-0.08331876109742455
2,1,197111.79564115312,-0.5605,1.7618277,-0.0840974393224418
2,1,197116.79564193543,-0.5605,1.7618277,-0.08487611704474024
2,1,197121.79564271774,-0.5605,1.7616559,-0.0856547934352325
2,1,197126.79564350005,-0.5605,1.7617131,-0.08643346930498545
2,1,197131.79564428236,-0.5605,1.7615604,-0.08721214193036489
2,1,197136.79564506467,-0.5605,1.7615986,-0.08799081406979427
2,1,197141.79564584699,-0.5605,1.7613504,-0.08876948526751663
2,1,197146.7956466293,-0.5605,1.7613504,-0.08954815629517038
2,1,197151.7956474116,-0.5605,1.7613696,-0.09032682707045475
2,1,197156.79564819392,-0.5605,1.7611977,-0.09110549789281024
2,1,197161.79564897623,-0.5605,1.7612168,-0.09188416998426782
2,1,197166.79564975854,-0.5605,1.7610259,-0.09266284260224635
2,1,197171.79565054085,-0.5605,1.7610831,-0.09344151392746966
2,1,197176.79565132316,-0.5605,1.761064,-0.09422018402864868
2,1,197181.79565210547,-0.5605,1.7609495,-0.09499885396786201
2,1,197186.79565288778,-0.5605,1.7606632,-0.0957775252417624
2,1,197191.7956536701,-0.5605,1.7607968,-0.09655619971023997
2,1,197196.7956544524,-0.5605,1.7605486,-0.09733487581810356
2,1,197201.79565523472,-0.5605,1.7606632,-0.0981135511763394
2,1,197206.79565601703,-0.5605,1.7604532,-0.09889222625023127
2,1,197211.79565679934,-0.5605,1.7603768,-0.09967090087005165
2,1,197216.79565758165,-0.5605,1.7603387,-0.10044957521072692
2,1,197221.79565836396,-0.5605,1.760415,-0.10122825157092345
2,1,197226.79565914627,-0.5605,1.7601478,-0.10200692673381499
2,1,197231.79565992858,-0.5605,1.7600523,-0.10278560085565844
2,1,197236.7956607109,-0.5605,1.7598996,-0.10356427436647149
2,1,197241.7956614932,-0.5605,1.7599378,-0.10434294653562703
2,1,197246.79566227552,-0.5605,1.7598423,-0.105121618447317
2,1,197251.79566305736,-0.5605,1.7595941,-0.1059002906217012
2,1,197256.79566383967,-0.5605,1.7596133,-0.10667896227540902
2,1,197261.79566462198,-0.5605,1.7594987,-0.10745763477589684
2,1,197266.7956654043,-0.5605,1.7594414,-0.10823630600808393
2,1,197271.7956661866,-0.5605,1.7593651,-0.10901497836514643
2,1,197276.79566696892,-0.5605,1.7591932,-0.1097936498353746
2,1,197281.79566775123,-0.5605,1.7592505,-0.1105723220790492
2,1,197286.79566853354,-0.5605,1.7590787,-0.11135099456215565
2,1,197291.79566931585,-0.5605,1.7589642,-0.11212966769097578
2,1,197296.79567009816,-0.5605,1.7589833,-0.11290834144808516
2,1,197301.79567088047,-0.5605,1.7588305,-0.11368701659680074
2,1,197306.79567166278,-0.5605,1.7587732,-0.11446569095020491
2,1,197311.7956724451,-0.5605,1.758506,-0.11524436510197981
2,1,197316.7956732274,-0.5605,1.7584869,-0.11602304107002415
2,1,197321.7956740097,-0.5605,1.7583532,-0.11680171513229606
2,1,197326.79567479203,-0.5605,1.758296,-0.1175803869784408
2,1,197331.79567557434,-0.5605,1.7580287,-0.11835905594993298
2,1,197336.79567635665,-0.5605,1.758086,-0.1191377256299522
2,1,197341.79567713896,-0.5605,1.7577615,-0.11991639589566322
2,1,197346.79567792127,-0.5605,1.7577996,-0.1206950698243843
2,1,197351.79567870358,-0.5605,1.7577424,-0.12147374415005907
2,1,197356.7956794859,-0.5605,1.7576469,-0.12225241720112494
2,1,197361.7956802682,-0.5605,1.7576851,-0.12303109117931126
2,1,197366.7956810505,-0.5605,1.7573987,-0.12380976608341268
2,1,197371.79568183282,-0.5605,1.7574751,-0.12458844242119456
2,1,197376.79568261513,-0.5605,1.7573034,-0.1253671192670663
2,1,197381.79568339745,-0.5605,1.7570933,-0.12614579518755276
2,1,197386.79568417976,-0.5605,1.7569597,-0.12692447142142718
2,1,197391.79568496207,-0.5605,1.7570361,-0.12770314796151386
2,1,197396.79568574438,-0.5605,1.7568642,-0.12848182433191935
2,1,197401.7956865267,-0.5605,1.756826,-0.12926049790173438
2,1,197406.795687309,-0.5605,1.7566733,-0.1300391749969787
2,1,197411.7956880913,-0.5605,1.7565206,-0.13081784992534584
2,1,197416.79568887362,-0.5605,1.7564251,-0.13159652783523995
2,1,197421.79568965593,-0.5605,1.7562915,-0.13237520774692296
2,1,197426.79569043824,-0.5605,1.7561197,-0.13315388501137496
2,1,197431.79569122056,-0.5605,1.756177,-0.13393256578978235
2,1,197436.79569200287,-0.5605,1.7559097,-0.13471125526102384
2,1,197441.79569278518,-0.5605,1.7558906,-0.1354899438687828
2,1,197446.7956935675,-0.5605,1.7556233,-0.13626863459545044
2,1,197451.7956943498,-0.5605,1.7554706,-0.1370473261067801
2,1,197456.7956951321,-0.5605,1.7553942,-0.13782600940302014
2,1,197461.79569591442,-0.5605,1.7554325,-0.13860469211830034
2,1,197466.79569669673,-0.5605,1.7553942,-0.13938337195387815
2,1,197471.79569747904,-0.5605,1.7551843,-0.1401620494613184
2,1,197476.79569826135,-0.5605,1.7550507,-0.14094072584933376
2,1,197481.79569904367,-0.5605,1.754898,-0.1417194028940168
2,1,197486.79569982598,-0.5605,1.7548406,-0.14249808030007285
2,1,197491.7957006083,-0.5605,1.754707,-0.14327675618620717
2,1,197496.7957013906,-0.5605,1.7545924,-0.14405543643900423
2,1,197501.7957021729,-0.5605,1.7545161,-0.14483411692500117
2,1,197506.79570295522,-0.5605,1.7543061,-0.1456127950760259
2,1,197511.79570373753,-0.5605,1.7543443,-0.1463914764613013
2,1,197516.79570451984,-0.5605,1.7542489,-0.14717015884578563
2,1,197521.79570530215,-0.5605,1.7541343,-0.147948842463553
2,1,197526.79570608446,-0.5605,1.7538098,-0.1487275229775608
2,1,197531.79570686677,-0.5605,1.7537907,-0.14950620293326183
2,1,197536.7957076491,-0.5605,1.7536571,-0.1502848831860556
2,1,197541.7957084314,-0.5605,1.7536762,-0.15106356249790062
2,1,197546.7957092137,-0.5605,1.7533516,-0.1518422413278951
2,1,197551.79570999602,-0.5605,1.7531989,-0.15262092073846859
2,1,197556.79571077833,-0.5605,1.7531607,-0.15339960040973624
2,1,197561.79571156064,-0.5605,1.7530843,-0.1541782810578876
2,1,197566.79571234295,-0.5605,1.7529316,-0.15495696454397506
2,1,197571.79571312526,-0.5605,1.7529316,-0.1557356457439661
2,1,197576.79571390757,-0.5605,1.7527407,-0.15651432668264043
2,1,197581.79571468988,-0.5605,1.7526643,-0.1572930084592766
2,1,197586.7957154722,-0.5605,1.7524735,-0.15807168924675383
2,1,197591.7957162545,-0.5605,1.7524544,-0.15885037419415843
2,1,197596.79571703682,-0.5605,1.7522444,-0.15962905811648898
2,1,197601.79571781913,-0.5605,1.7521489,-0.1604077421755592
2,1,197606.79571860144,-0.5605,1.7522062,-0.16118642833411032
2,1,197611.79571938375,-0.5605,1.7518625,-0.16196511358726026
2,1,197616.79572016606,-0.5605,1.7518435,-0.1627437966210776
2,1,197621.79572094837,-0.5605,1.7515953,-0.16352248129386704
2,1,197626.79572173068,-0.5605,1.7515571,-0.16430116761913896
2,1,197631.7957225131,-0.5605,1.7514616,-0.16507985397864383
2,1,197636.79572329542,-0.5605,1.7513472,-0.16585853535067704
2,1,197641.79572407773,-0.5605,1.7511753,-0.16663721420911617
2,1,197646.79572486004,-0.5605,1.7511371,-0.16741589432088536
2,1,197651.79572564235,-0.5605,1.7509271,-0.16819457622834047
2,1,197656.79572642467,-0.5605,1.7507553,-0.16897325812378194
2,1,197661.79572720698,-0.5605,1.7506981,-0.1697519401692417
2,1,197666.7957279893,-0.5605,1.7505454,-0.17053062168962757
2,1,197671.7957287716,-0.5605,1.750469,-0.17130930237678355
2,1,197676.7957295539,-0.5605,1.7504117,-0.17208798495575783
2,1,197681.79573033622,-0.5605,1.7501445,-0.17286666629616748
2,1,197686.79573111853,-0.5605,1.7502208,-0.17364534960633513
2,1,197691.79573190084,-0.5605,1.7499726,-0.1744240331893364
2,1,197696.79573268315,-0.5605,1.7498199,-0.17520271648830832
2,1,197701.79573346546,-0.5605,1.7495909,-0.175981398663534
2,1,197706.79573424777,-0.5605,1.7495717,-0.17676007799288293
2,1,197711.7957350301,-0.5605,1.7494954,-0.17753875946335984
2,1,197716.7957358124,-0.5605,1.7493236,-0.1783174393544958
2,1,197721.7957365947,-0.5605,1.749209,-0.17909612345866685
2,1,197726.79573737702,-0.5605,1.749209,-0.17987480794573485
2,1,197731.79573815933,-0.5605,1.7489035,-0.18065349233692216
2,1,197736.79573894164,-0.5605,1.7489418,-0.18143217765640213
2,1,197741.79573972395,-0.5605,1.7487508,-0.1822108647714952
2,1,197746.79574050626,-0.5605,1.74856,-0.18298954767578834
2,1,197751.79574128857,-0.5605,1.7486362,-0.18376822878134244
2,1,197756.79574207088,-0.5605,1.7483308,-0.18454691081798733
2,1,197761.7957428532,-0.5605,1.748159,-0.1853255905415647
2,1,197766.7957436355,-0.5605,1.7481018,-0.18610427165804963
2,1,197771.79574441782,-0.5605,1.7479682,-0.18688295147112338
2,1,197776.79574520013,-0.5605,1.7477772,-0.18766163182297343
2,1,197781.79574598244,-0.5605,1.7477772,-0.18844031441709394
2,1,197786.79574676475,-0.5605,1.7475673,-0.18921899823467261
2,1,197791.79574754706,-0.5605,1.7474145,-0.18999767964419717
2,1,197796.79574832937,-0.5605,1.7473,-0.19077635843444196
2,1,197801.79574911168,-0.5605,1.7470328,-0.19155503814114458
2,1,197806.795749894,-0.5605,1.7470518,-0.19233371584077008
2,1,197811.7957506763,-0.5605,1.74688,-0.1931123912668956
2,1,197816.79575145862,-0.5605,1.7466891,-0.1938910641917652
2,1,197821.79575224093,-0.5605,1.7466891,-0.19466973843803334
2,1,197826.79575302324,-0.5605,1.7464792,-0.19544841327097012
2,1,197831.79575380555,-0.5605,1.7463073,-0.19622708826563418
2,1,197836.79575458786,-0.5605,1.7461736,-0.19700576548557472
2,1,197841.79575537017,-0.5605,1.7461927,-0.19778444102054163
2,1,197846.79575615248,-0.5605,1.7461545,-0.1985631120054986
2,1,197851.7957569348,-0.5605,1.7458873,-0.1993417854528062
2,1,197856.7957577171,-0.5605,1.745811,-0.20012045761366015
2,1,197861.79575849941,-0.5605,1.74562,-0.2008991275504959
2,1,197866.79575928173,-0.5605,1.745391,-0.20167780009945224
2,1,197871.79576006404,-0.5605,1.7453718,-0.20245647380228496
2,1,197876.79576084635,-0.5605,1.7452765,-0.20323514788508404
2,1,197881.79576162866,-0.5605,1.7451619,-0.20401382510827967
2,1,197886.79576241097,-0.5605,1.7450855,-0.20479250133625654
2,1,197891.79576319328,-0.5605,1.7448946,-0.2055711770370502
2,1,197896.7957639756,-0.5605,1.7446846,-0.20634985128370575
2,1,197901.7957647579,-0.5605,1.7445128,-0.20712852640668536
2,1,197906.7957655402,-0.5605,1.74457,-0.20790720320889008
2,1,197911.79576632252,-0.5605,1.7443027,-0.20868587983883408
2,1,197916.79576710484,-0.5605,1.7442455,-0.20946455399356603
2,1,197921.79576788715,-0.5605,1.7439973,-0.21024322995108682
2,1,197926.79576866946,-0.5605,1.743902,-0.2110219062002068
2,1,197931.79576945154,-0.5605,1.7438828,-0.21180058207515198
2,1,197936.79577023385,-0.5605,1.743711,-0.21257926235943356
2,1,197941.79577101616,-0.5605,1.7435774,-0.21335793924111776
2,1,197946.79577179847,-0.5605,1.7434628,-0.2141366184927588
2,1,197951.79577258078,-0.5605,1.7432529,-0.21491529637890047
2,1,197956.7957733631,-0.5605,1.7431765,-0.21569397297774406
2,1,197961.7957741454,-0.5605,1.7429856,-0.21647264893113227
2,1,197966.7957749277,-0.5605,1.7429092,-0.2172513219080334
2,1,197971.79577571002,-0.5605,1.7427374,-0.2180299981693624
2,1,197976.79577649233,-0.5605,1.7426229,-0.21880867421623054
2,1,197981.79577727464,-0.5605,1.7425466,-0.2195873508054811
2,1,197986.79577805696,-0.5605,1.742241,-0.22036602587807164
2,1,197991.79577883927,-0.5605,1.7422601,-0.22114470248116702
2,1,197996.79577962158,-0.5605,1.7421647,-0.2219233759070004
2,1,198001.7957804039,-0.5605,1.7418975,-0.22270205077367342
2,1,198006.7957811862,-0.5605,1.741802,-0.22348072712475706
2,1,198011.7957819685,-0.5605,1.7416111,-0.2242594030217659
2,1,198016.79578275082,-0.5605,1.7414583,-0.22503807989054236
2,1,198021.79578353313,-0.5605,1.7413056,-0.22581675390749487
2,1,198026.79578431544,-0.5605,1.741191,-0.22659542690125417
2,1,198031.79578509775,-0.5605,1.740962,-0.22737409759435037
2,1,198036.79578588007,-0.5605,1.7410575,-0.2281527707868084
2,1,198041.79578666238,-0.5605,1.7407329,-0.22893144972749863
2,1,198046.7957874447,-0.5605,1.7406948,-0.22971013252801015
2,1,198051.795788227,-0.5605,1.7406183,-0.23048881336010146
2,1,198056.7957890093,-0.5605,1.7405611,-0.23126749766122615
2,1,198061.79578979162,-0.5605,1.7402557,-0.23204618051174927
2,1,198066.79579057393,-0.5605,1.7401984,-0.23282485916293974
2,1,198071.79579135624,-0.5605,1.7400075,-0.233603535675499
2,1,198076.79579213855,-0.5605,1.7398356,-0.23438221361418546
2,1,198081.79579292086,-0.5605,1.7396066,-0.23516089375273036
2,1,198086.79579370318,-0.5605,1.7396829,-0.23593957312765368
2,1,198091.7957944855,-0.5605,1.7395493,-0.23671825045364084
2,1,198096.7957952678,-0.5605,1.7393203,-0.23749692941122236
2,1,198101.7957960501,-0.5605,1.7391676,-0.2382756083128616
2,1,198106.79579683242,-0.5605,1.7390721,-0.23905428349561805
2,1,198111.79579761473,-0.5605,1.7389385,-0.2398329593593046
2,1,198116.79579839704,-0.5605,1.7386521,-0.2406116340664822
2,1,198121.79579917935,-0.5605,1.7385948,-0.24139030685582077
2,1,198126.79579996166,-0.5605,1.7383275,-0.24216897905398724
2,1,198131.79580074397,-0.5605,1.7381939,-0.24294765200053306
2,1,198136.79580152628,-0.5605,1.7381176,-0.2437263226582539
2,1,198141.7958023086,-0.5605,1.7380602,-0.24450499276125748
2,1,198146.7958030909,-0.5605,1.7378694,-0.245283662640588
2,1,198151.79580387322,-0.5605,1.737793,-0.24606233532689
2,1,198156.79580465553,-0.5605,1.7374876,-0.24684100916222054
2,1,198161.79580543784,-0.5605,1.7373921,-0.24761968298638515
2,1,198166.79580622015,-0.5605,1.7372394,-0.2483983581187823
2,1,198171.79580700246,-0.5605,1.7370867,-0.24917703224292384
2,1,198176.79580778477,-0.5605,1.7369912,-0.24995570414750762
2,1,198181.79580856708,-0.5605,1.7367812,-0.2507343777285647
2,1,198186.7958093494,-0.5605,1.7365712,-0.2515130539506341
2,1,198191.7958101317,-0.5605,1.7364758,-0.25229173084717643
2,1,198196.79581091402,-0.5605,1.7363039,-0.2530704072008595
2,1,198201.79581169633,-0.5605,1.7362276,-0.25384908426751013
2,1,198206.79581247864,-0.5605,1.7361512,-0.2546277596804167
2,1,198211.79581326095,-0.5605,1.735884,-0.2554064370229772
2,1,198216.79581404326,-0.5605,1.7358267,-0.2561851148971549
2,1,198221.79581482557,-0.5605,1.7356167,-0.25696379352073184
2,1,198226.79581560788,-0.5605,1.7355213,-0.2577424706224102
2,1,198231.7958163902,-0.5605,1.7354068,-0.25852114879806487
2,1,198236.7958171725,-0.5605,1.7351586,-0.259299825753182
2,1,198241.79581795481,-0.5605,1.735044,-0.2600784999186958
2,1,198246.79581873713,-0.5605,1.7350631,-0.2608571743753187
2,1,198251.79581951944,-0.5605,1.7347767,-0.26163585200414713
2,1,198256.79582030175,-0.5605,1.7347386,-0.2624145276413857
2,1,198261.79582108406,-0.5605,1.7344713,-0.26319320712469674
2,1,198266.79582186637,-0.5605,1.7342803,-0.2639718880730171
2,1,198271.79582264868,-0.5605,1.734185,-0.26475056856022927
2,1,198276.795823431,-0.5605,1.7340513,-0.2655292497071457
2,1,198281.7958242133,-0.5605,1.7339368,-0.266307927462528
2,1,198286.7958249956,-0.5605,1.7336695,-0.267086603583604
2,1,198291.79582577792,-0.5605,1.7336695,-0.26786527767006874
2,1,198296.79582656024,-0.5605,1.7336123,-0.2686439501396218
2,1,198301.79582734255,-0.5605,1.7332114,-0.26942262446426674
2,1,198306.79582812486,-0.5605,1.7332114,-0.2702013015455205
2,1,198311.79582890717,-0.5605,1.7331159,-0.2709799797081019
2,1,198316.79582968948,-0.5605,1.7329059,-0.2717586568666298
2,1,198321.7958304718,-0.5605,1.7327532,-0.2725373368534014
2,1,198326.7958312541,-0.5605,1.7326386,-0.2733160179781913
2,1,198331.7958320364,-0.5605,1.7323523,-0.2740946963765587
2,1,198336.79583281872,-0.5605,1.732276,-0.2748733738264407
2,1,198341.79583360103,-0.5605,1.7321423,-0.27565204940321036
2,1,198346.79583438335,-0.5605,1.7319514,-0.2764307240957186
2,1,198351.79583516566,-0.5605,1.7317224,-0.27720940092299373
2,1,198356.79583594797,-0.5605,1.7315314,-0.27798807407292714
2,1,198361.79583673028,-0.5605,1.7315314,-0.2787667497670848
2,1,198366.7958375126,-0.5605,1.7313787,-0.2795454263393878
2,1,198371.7958382949,-0.5605,1.7312069,-0.28032410129584195
2,1,198376.7958390772,-0.5605,1.7310542,-0.2811027777049209
2,1,198381.79583985952,-0.5605,1.7308632,-0.281881454284999
2,1,198386.79584064183,-0.5605,1.7306533,-0.28266012900796855
2,1,198391.79584142414,-0.5605,1.7305006,-0.2834388002722097
2,1,198396.79584220645,-0.5605,1.7304432,-0.2842174735532104
2,1,198401.79584298877,-0.5605,1.7302715,-0.2849961438004109
2,1,198406.79584377108,-0.5605,1.730176,-0.2857748175987634
2,1,198411.7958445534,-0.5605,1.7298515,-0.2865534922247959
2,1,198416.7958453357,-0.5605,1.7296796,-0.2873321677188939
2,1,198421.795846118,-0.5605,1.7296414,-0.28811084722962643
2,1,198426.79584690032,-0.5605,1.7294697,-0.2888895259583096
2,1,198431.79584768263,-0.5605,1.7293551,-0.2896682071674731
2,1,198436.79584846494,-0.5605,1.7291452,-0.2904468906999429
2,1,198441.79584924725,-0.5605,1.7289542,-0.2912255718283984
2,1,198446.79585002956,-0.5605,1.7289542,-0.29200425473152924
2,1,198451.79585081188,-0.5605,1.7286297,-0.29278293552570206
2,1,198456.7958515942,-0.5605,1.7284197,-0.29356161862725344
2,1,198461.7958523765,-0.5605,1.7284578,-0.29434029816190066
2,1,198466.7958531588,-0.5605,1.7281715,-0.29511898143963017
2,1,198471.79585394112,-0.5605,1.7281142,-0.29589766724414623
2,1,198476.79585472343,-0.5605,1.7279997,-0.2966763528694113
2,1,198481.79585550574,-0.5605,1.7277706,-0.29745503561045394
2,1,198486.79585628805,-0.5605,1.7275606,-0.29823371811931665
2,1,198491.79585707036,-0.5605,1.7274652,-0.2990124035729402
2,1,198496.79585785267,-0.5605,1.7272743,-0.2997910842614505
2,1,198501.79585863499,-0.5605,1.727007,-0.300569765314579
2,1,198506.7958594173,-0.5605,1.7269306,-0.3013484469330245
2,1,198511.7958601996,-0.5605,1.7267588,-0.3021271293161909
2,1,198516.79586098192,-0.5605,1.7266252,-0.3029058088868658
2,1,198521.79586176423,-0.5605,1.7266061,-0.30368448670630327
2,1,198526.79586254607,-0.5605,1.7261479,-0.3044631646981008
2,1,198531.79586332839,-0.5605,1.7261479,-0.30524184445163616
2,1,198536.7958641107,-0.5605,1.7258998,-0.3060205247818994
2,1,198541.795864893,-0.5605,1.7258806,-0.30679920867301036
2,1,198546.79586567532,-0.5605,1.7256516,-0.30757789371702415
2,1,198551.79586645763,-0.5605,1.7255752,-0.3083565785705349
2,1,198556.79586723994,-0.5605,1.7254034,-0.3091352621938124
2,1,198561.79586802225,-0.5605,1.7253653,-0.309913947020501
2,1,198566.79586880456,-0.5605,1.7250597,-0.3106926274933949
2,1,198571.79586958687,-0.5605,1.7249261,-0.3114713110806579
2,1,198576.79587036918,-0.5605,1.7247543,-0.312249995264719
2,1,198581.7958711515,-0.5605,1.7245826,-0.31302868016737045
2,1,198586.7958719338,-0.5605,1.7244298,-0.313807362751633
2,1,198591.79587271612,-0.5605,1.7241817,-0.31458604736252965
2,1,198596.79587349843,-0.5605,1.7240671,-0.31536473102588464
2,1,198601.79587428074,-0.5605,1.7237617,-0.3161434125885699
2,1,198606.79587506305,-0.5605,1.7236853,-0.3169220933746332
2,1,198611.79587584536,-0.5605,1.7234371,-0.31770077367112043
2,1,198616.79587662767,-0.5605,1.7234944,-0.31847944998340477
2,1,198621.79587740998,-0.5605,1.7231317,-0.31925812656243313
2,1,198626.7958781923,-0.5605,1.7230362,-0.32003680551318
2,1,198631.7958789746,-0.5605,1.7228262,-0.32081548344529337
2,1,198636.79587975692,-0.5605,1.7227689,-0.32159416341161395
2,1,198641.79588053923,-0.5605,1.7225399,-0.3223728435949749
2,1,198646.79588132154,-0.5605,1.7223489,-0.32315152711661654
2,1,198651.79588210385,-0.5605,1.7221962,-0.32393021168914765
2,1,198656.79588288616,-0.5605,1.7219863,-0.32470889274965387
2,1,198661.79588366847,-0.5605,1.7217762,-0.3254875745903915
2,1,198666.79588445078,-0.5605,1.7216426,-0.3262662521524793
2,1,198671.7958852331,-0.5605,1.7214518,-0.3270449286675684
2,1,198676.7958860154,-0.5605,1.7212799,-0.3278236097873746
2,1,198681.7958867977,-0.5605,1.721089,-0.3286022897111706
2,1,198686.79588758003,-0.5605,1.7208217,-0.3293809706523185
2,1,198691.79588836234,-0.5605,1.7207453,-0.3301596518111658
2,1,198696.79588914465,-0.5605,1.7206117,-0.33093833221007374
2,1,198701.79588992696,-0.5605,1.72023,-0.3317170143847928
2,1,198706.79589070927,-0.5605,1.7202109,-0.3324956934618419
2,1,198711.79589149158,-0.5605,1.7201345,-0.3332743724982274
2,1,198716.7958922739,-0.5605,1.7198482,-0.33405305240777455
2,1,198721.7958930562,-0.5605,1.7197527,-0.3348317319033277
2,1,198726.7958938385,-0.5605,1.7193899,-0.33561041103130895
2,1,198731.79589462082,-0.5605,1.7192755,-0.33638908792482136
2,1,198736.79589540313,-0.5605,1.7191418,-0.33716777022767386
2,1,198741.79589618545,-0.5605,1.7188746,-0.3379464500593542
2,1,198746.79589696776,-0.5605,1.7187219,-0.3387251299188864
2,1,198751.79589775007,-0.5605,1.7184927,-0.339503810010294
2,1,198756.79589853238,-0.5605,1.718321,-0.34028248680001816
2,1,198761.7958993147,-0.5605,1.718321,-0.34106116188518854
2,1,198766.795900097,-0.5605,1.7180345,-0.34183983997793316
2,1,198771.7959008793,-0.5605,1.7180154,-0.34261851852387176
2,1,198776.79590166162,-0.5605,1.7177291,-0.3433971950312686
2,1,198781.79590244393,-0.5605,1.7175382,-0.3441758727791076
2,1,198786.79590322624,-0.5605,1.7173855,-0.34495455093712923
2,1,198791.79590400856,-0.5605,1.7170992,-0.3457332276932364
2,1,198796.79590479087,-0.5605,1.7170419,-0.34651190296655876
2,1,198801.79590557318,-0.5605,1.7169464,-0.3472905756952231
2,1,198806.7959063555,-0.5605,1.716641,-0.34806924708001796
2,1,198811.7959071378,-0.5605,1.716431,-0.34884791841498997
2,1,198816.7959079201,-0.5605,1.716431,-0.3496265888032945
2,1,198821.79590870242,-0.5605,1.7160492,-0.3504052598164014
2,1,198826.79590948473,-0.5605,1.7159346,-0.3511839316886265
2,1,198831.79591026704,-0.5605,1.7158582,-0.35196260471332064
2,1,198836.79591104935,-0.5605,1.7155147,-0.35274127876983075
2,1,198841.79591183166,-0.5605,1.7153429,-0.3535199514860046
2,1,198846.79591261398,-0.5605,1.7151138,-0.3542986237647864
2,1,198851.7959133963,-0.5605,1.7148274,-0.35507730019226
2,1,198856.7959141786,-0.5605,1.7148846,-0.3558559733032683
2,1,198861.7959149609,-0.5605,1.7146364,-0.35663464935423594
2,1,198866.79591574322,-0.5605,1.7145028,-0.3574133254167073
2,1,198871.79591652553,-0.5605,1.7141783,-0.35819200437817306
2,1,198876.79591730784,-0.5605,1.7140447,-0.35897068451639674
2,1,198881.79591809015,-0.5605,1.7138156,-0.35974936308398175
2,1,198886.79591887246,-0.5605,1.713701,-0.36052804112396963
2,1,198891.79591965477,-0.5605,1.7133193,-0.36130672296922733
2,1,198896.79592043709,-0.5605,1.713281,-0.3620854037481513
2,1,198901.7959212194,-0.5605,1.7131093,-0.36286408586448426
2,1,198906.79592200182,-0.5605,1.7129565,-0.3636427660158111
2,1,198911.79592278413,-0.5605,1.7127465,-0.3644214499903685
2,1,198916.79592356645,-0.5605,1.7124984,-0.3652001322745283
2,1,198921.79592434876,-0.5605,1.7123648,-0.3659788135380215
2,1,198926.79592513107,-0.5605,1.7121547,-0.3667574938976698
2,1,198931.79592591338,-0.5605,1.7118493,-0.36753617210731904
2,1,198936.7959266957,-0.5605,1.7117538,-0.3683148520415558
2,1,198941.795927478,-0.5605,1.7114675,-0.36909353022009134
2,1,198946.7959282603,-0.5605,1.711372,-0.3698722074958781
2,1,198951.79592904262,-0.5605,1.711143,-0.37065088736300333
2,1,198956.79592982493,-0.5605,1.7109139,-0.37142956639209057
2,1,198961.79593060724,-0.5605,1.7108566,-0.3722082443251841
2,1,198966.79593138956,-0.5605,1.7106848,-0.3729869219660626
2,1,198971.79593217187,-0.5605,1.7103794,-0.3737656020678712
2,1,198976.79593295418,-0.5605,1.7101121,-0.3745442837194071
2,1,198981.7959337365,-0.5605,1.710074,-0.37532296085857675
2,1,198986.7959345188,-0.5605,1.7097684,-0.3761016401968962
2,1,198991.7959353011,-0.5605,1.7095966,-0.37688031909321074
2,1,198996.79593608342,-0.5605,1.7092531,-0.37765899809299897
2,1,199001.79593686573,-0.5605,1.7091576,-0.3784376782219707
2,1,199006.79593764804,-0.5605,1.709043,-0.3792163589433265
2,1,199011.79593843035,-0.5605,1.7086421,-0.3799950357926851
2,1,199016.79593921266,-0.5605,1.7085466,-0.3807737123550904
2,1,199021.79593999498,-0.5605,1.7083749,-0.38155238628451016
2,1,199026.7959407773,-0.5605,1.7080313,-0.3823310626561574
2,1,199031.7959415596,-0.5605,1.707974,-0.3831097372266616
2,1,199036.7959423419,-0.5605,1.7077448,-0.38388841102369614
2,1,199041.79594312422,-0.5605,1.7074203,-0.3846670864023863
2,1,199046.79594390653,-0.5605,1.7071722,-0.3854457605678073
2,1,199051.79594468884,-0.5605,1.706943,-0.3862244354065092
2,1,199056.79594547115,-0.5605,1.7068477,-0.38700310962744866
2,1,199061.79594625346,-0.5605,1.7065231,-0.3877817862940164
2,1,199066.79594703577,-0.5605,1.7064658,-0.3885604644485114
2,1,199071.7959478181,-0.5605,1.7061795,-0.38933914064815617
2,1,199076.7959486004,-0.5605,1.7058549,-0.3901178158949148
2,1,199081.7959493827,-0.5605,1.7056831,-0.3908964909774063
2,1,199086.79595016502,-0.5605,1.7055495,-0.39167516699810806
2,1,199091.79595094733,-0.5605,1.7053396,-0.39245384587227616
2,1,199096.79595172964,-0.5605,1.7052822,-0.393232525431699
2,1,199101.79595251195,-0.5605,1.7049004,-0.39401120664259437
2,1,199106.79595329426,-0.5605,1.7047477,-0.39478988817451705
2,1,199111.79595407657,-0.5605,1.7045759,-0.3955685670310124
2,1,199116.79595485888,-0.5605,1.7043277,-0.3963472457813949
2,1,199121.7959556412,-0.5605,1.7040414,-0.3971259218101267
2,1,199126.7959564235,-0.5605,1.7036978,-0.3979046012076435
2,1,199131.79595720582,-0.5605,1.7036786,-0.39868328340036974
2,1,199136.79595798813,-0.5605,1.7033923,-0.3994619662968017
2,1,199141.79595877044,-0.5605,1.7031059,-0.40024064771384965
2,1,199146.79595955275,-0.5605,1.7029532,-0.4010193302550412
2,1,199151.79596033506,-0.5605,1.7026669,-0.401798013796561
2,1,199156.79596111737,-0.5605,1.7024568,-0.4025766920925409
2,1,199161.79596189968,-0.5605,1.702285,-0.40335537025515206
2,1,199166.795962682,-0.5605,1.7019606,-0.40413404839356043
2,1,199171.7959634643,-0.5605,1.7016933,-0.4049127280607154
2,1,199176.79596424662,-0.5605,1.7014642,-0.40569140656246044
2,1,199181.79596502893,-0.5605,1.7013305,-0.406470084127949
2,1,199186.79596581124,-0.5605,1.7010442,-0.4072487619884077
2,1,199191.79596659355,-0.5605,1.7008533,-0.4080274409514265
2,1,199196.79596737586,-0.5605,1.7006242,-0.4088061245840917
2,1,199201.79596815817,-0.5605,1.7004142,-0.40958480673891606
2,1,199206.79596894025,-0.5605,1.700166,-0.4103634896240562
2,1,199211.79596972256,-0.5605,1.6998606,-0.4111421717898743
2,1,199216.79597050487,-0.5605,1.6996315,-0.4119208529493143
2,1,199221.79597128718,-0.5605,1.6993451,-0.41269953446513047
2,1,199226.7959720695,-0.5605,1.6993643,-0.41347821525462763
2,1,199231.7959728518,-0.5605,1.6989825,-0.4142568945136563
2,1,199236.7959736341,-0.5605,1.6986961,-0.41503557614075437
2,1,199241.79597441643,-0.5605,1.6985433,-0.41581425880037043
2,1,199246.79597519874,-0.5605,1.698257,-0.4165929389823638
2,1,199251.79597598105,-0.5605,1.6979897,-0.417371617666615
2,1,199256.79597676336,-0.5605,1.6979516,-0.41815029652065333
2,1,199261.79597754567,-0.5605,1.6976461,-0.41892897602355444
2,1,199266.79597832798,-0.5605,1.6973598,-0.4197076577252047
2,1,199271.7959791103,-0.5605,1.6970161,-0.420486339547998
2,1,199276.7959798926,-0.5605,1.6967298,-0.42126501735814376
2,1,199281.7959806749,-0.5605,1.6965961,-0.4220436945902834
2,1,199286.79598145722,-0.5605,1.696367,-0.4228223737675577
2,1,199291.79598223954,-0.5605,1.6960807,-0.42360105400557285
2,1,199296.79598302185,-0.5605,1.6957562,-0.4243797340803838
2,1,199301.79598380416,-0.5605,1.6955271,-0.4251584133166535
2,1,199306.79598458647,-0.5605,1.6954125,-0.4259370932348665
2,1,199311.79598536878,-0.5605,1.6951071,-0.42671577361991303
2,1,199316.7959861511,-0.5605,1.6947826,-0.42749445549667175
2,1,199321.7959869334,-0.5605,1.6945535,-0.4282731341464516
2,1,199326.7959877157,-0.5605,1.6943626,-0.4290518161834574
2,1,199331.79598849802,-0.5605,1.6940762,-0.42983049373934296
2,1,199336.79598928033,-0.5605,1.6938663,-0.43060917371303137
2,1,199341.79599006264,-0.5605,1.6935035,-0.43138785131634566
2,1,199346.79599084496,-0.5605,1.6933126,-0.4321665275031622
2,1,199351.79599162727,-0.5605,1.692969,-0.43294520745283654
2,1,199356.79599240958,-0.5605,1.6926445,-0.43372388672683926
2,1,199361.7959931919,-0.5605,1.6925681,-0.43450256790013736
2,1,199366.7959939742,-0.5605,1.6922245,-0.43528125073731233
2,1,199371.7959947565,-0.5605,1.6919954,-0.43605993146600613
2,1,199376.79599553882,-0.5605,1.6917281,-0.43683861001667335
2,1,199381.79599632113,-0.5605,1.6913846,-0.43761729188196813
2,1,199386.79599710344,-0.5605,1.6910981,-0.4383959703083862
2,1,199391.79599788575,-0.5605,1.69085,-0.43917464965714303
2,1,199396.79599866807,-0.5605,1.6906972,-0.4399533279327911
2,1,199401.79599945038,-0.5605,1.6902391,-0.44073201044391547
2,1,199406.7960002327,-0.5605,1.6900864,-0.44151069118576536
2,1,199411.796001015,-0.5605,1.6899146,-0.4422893726517653
2,1,199416.7960017973,-0.5605,1.6895709,-0.44306805266561067
2,1,199421.79600257962,-0.5605,1.6894182,-0.4438467301083236
2,1,199426.79600336193,-0.5605,1.6890364,-0.44462540991202615
2,1,199431.79600414424,-0.5605,1.6886355,-0.4454040891992876
2,1,199436.79600492655,-0.5605,1.6883873,-0.44618276805158413
2,1,199441.79600570886,-0.5605,1.6881964,-0.4469614467947015
2,1,199446.79600649117,-0.5605,1.6878527,-0.44774012448810496
2,1,199451.7960072735,-0.5605,1.6876619,-0.44851879940145173
2,1,199456.7960080558,-0.5605,1.6873374,-0.44929747742486953
2,1,199461.7960088381,-0.5605,1.6871655,-0.45007615661036926
2,1,199466.79600962042,-0.5605,1.6867838,-0.4508548357316715
2,1,199471.79601040273,-0.5605,1.686402,-0.45163351702224835
2,1,199476.79601118504,-0.5605,1.6861347,-0.4524121956328613
2,1,199481.79601196735,-0.5605,1.685982,-0.453190875753389
2,1,199486.79601274966,-0.5605,1.6855428,-0.45396955797984817
2,1,199491.79601353197,-0.5605,1.6854092,-0.4547482404190529
2,1,199496.79601431428,-0.5605,1.6851611,-0.45552692120508637
2,1,199501.7960150966,-0.5605,1.684741,-0.45630560348530896
2,1,199506.7960158789,-0.5605,1.6843975,-0.4570842856375206
2,1,199511.79601666122,-0.5605,1.6842257,-0.4578629677539695
2,1,199516.79601744353,-0.5605,1.683882,-0.4586416541641416
2,1,199521.79601822584,-0.5605,1.6835575,-0.4594203390790948
2,1,199526.79601900815,-0.5605,1.6832138,-0.4601990246691567
2,1,199531.79601979046,-0.5605,1.6829848,-0.46097770743222655
2,1,199536.79602057277,-0.5605,1.6826793,-0.4617563939195072
2,1,199541.79602135508,-0.5605,1.682183,-0.46253507556979473
2,1,199546.7960221374,-0.5605,1.681973,-0.4633137577759883
2,1,199551.7960229197,-0.5605,1.6817248,-0.4640924389016987
2,1,199556.79602370202,-0.5605,1.6812667,-0.46487112170852835
2,1,199561.79602448433,-0.5605,1.680923,-0.46564980376626997
2,1,199566.79602526664,-0.5605,1.6808276,-0.466428487040198
2,1,199571.79602604895,-0.5605,1.6803885,-0.46720716930390677
2,1,199576.79602683126,-0.5605,1.6802357,-0.4679858505536809
2,1,199581.79602761357,-0.5605,1.6795866,-0.46876452866294593
2,1,199586.79602839588,-0.5605,1.6796058,-0.4695432071822611
2,1,199591.7960291782,-0.5605,1.679014,-0.4703218878522642
2,1,199596.7960299605,-0.5605,1.678804,-0.47110056696844377
2,1,199601.79603074281,-0.5605,1.6783841,-0.471879244516647
2,1,199606.79603152513,-0.5605,1.6779832,-0.47265792173015025
2,1,199611.79603230744,-0.5605,1.6779449,-0.4734365992819794
2,1,199616.79603308975,-0.5605,1.6774677,-0.47421527756348864
2,1,199621.79603387206,-0.5605,1.6773531,-0.47499395460207544
2,1,199626.79603465437,-0.5605,1.6769904,-0.47577263188668373
2,1,199631.79603543668,-0.5605,1.6764177,-0.47655131104745085
2,1,199636.796036219,-0.5605,1.6760932,-0.4773299913877906
2,1,199641.7960370013,-0.5605,1.675826,-0.4781086694108342
2,1,199646.7960377836,-0.5605,1.6754823,-0.4788873458154958
2,1,199651.79603856592,-0.5605,1.6751578,-0.4796660231551523
2,1,199656.79603934824,-0.5605,1.6747186,-0.48044469974210474
2,1,199661.79604013055,-0.5605,1.6744705,-0.48122337776311186
2,1,199666.79604091286,-0.5605,1.6740123,-0.48200205518006894
2,1,199671.79604169517,-0.5605,1.6738024,-0.48278073319920184
2,1,199676.79604247748,-0.5605,1.6734396,-0.4835594127936226
2,1,199681.7960432598,-0.5605,1.673096,-0.484338094046675
2,1,199686.7960440421,-0.5605,1.6727715,-0.4851167722718512
2,1,199691.7960448244,-0.5605,1.6723896,-0.48589544890896097
2,1,199696.79604560672,-0.5605,1.6720651,-0.4866741276146665
2,1,199701.79604638903,-0.5605,1.6716833,-0.4874528040963042
2,1,199706.79604717134,-0.5605,1.6715115,-0.48823148173145736
2,1,199711.79604795366,-0.5605,1.6709961,-0.4890101601179039
2,1,199716.79604873597,-0.5605,1.6706524,-0.4897888403288585
2,1,199721.79604951828,-0.5605,1.6704043,-0.4905675215429659
2,1,199726.7960503006,-0.5605,1.6699651,-0.4913462034453315
2,1,199731.7960510829,-0.5605,1.6695642,-0.4921248851883771
2,1,199736.7960518652,-0.5605,1.6691825,-0.49290356985823597
2,1,199741.79605264752,-0.5605,1.6687816,-0.49368225211830224
2,1,199746.79605342983,-0.5605,1.6686097,-0.49446093411113107
2,1,199751.79605421214,-0.5605,1.6682471,-0.49523961545557726
2,1,199756.79605499445,-0.5605,1.6677316,-0.496018297296709
2,1,199761.79605577677,-0.5605,1.6673689,-0.49679697650214316
2,1,199766.79605655908,-0.5605,1.6670825,-0.49757565815150356
2,1,199771.7960573414,-0.5605,1.6667007,-0.49835433559953785
2,1,199776.7960581237,-0.5605,1.6664335,-0.4991330160362914
2,1,199781.796058906,-0.5605,1.6660135,-0.49991169611688074
2,1,199786.79605968832,-0.5605,1.6656317,-0.5006903744813
2,1,199791.79606047063,-0.5605,1.6653262,-0.5014690520790778
2,1,199796.79606125294,-0.5605,1.6649253,-0.5022477319236492
2,1,199801.79606203525,-0.5605,1.6645054,-0.5030264140958913
2,1,199806.7960628171,-0.5605,1.6640472,-0.5038050927250977
2,1,199811.7960635994,-0.5605,1.6638753,-0.5045837712254752
2,1,199816.79606438172,-0.5605,1.6634172,-0.505362448068721
2,1,199821.79606516403,-0.5605,1.6630354,-0.5061411258009171
2,1,199826.79606594634,-0.5605,1.6626154,-0.5069198082374793
2,1,199831.79606672865,-0.5605,1.6622719,-0.5076984904151884
2,1,199836.79606751096,-0.5605,1.66189,-0.5084771710208285
2,1,199841.79606829328,-0.5605,1.6615273,-0.5092558528722652
2,1,199846.7960690756,-0.5605,1.6609737,-0.5100345339942602
2,1,199851.7960698579,-0.5605,1.6607636,-0.5108132142924727
2,1,199856.7960706402,-0.5605,1.6602864,-0.5115918929574583
2,1,199861.79607142252,-0.5605,1.659981,-0.5123705707752367
2,1,199866.79607220483,-0.5605,1.6595418,-0.5131492483871672
2,1,199871.79607298714,-0.5605,1.659141,-0.5139279231806392
2,1,199876.79607376945,-0.5605,1.658912,-0.5147065967011214
2,1,199881.79607455176,-0.5605,1.6584156,-0.5154852709811755
2,1,199886.79607533407,-0.5605,1.6579382,-0.5162639464766742
2,1,199891.79607611638,-0.5605,1.6576138,-0.5170426245898598
2,1,199896.7960768987,-0.5605,1.6572129,-0.5178212997869314
2,1,199901.796077681,-0.5605,1.656812,-0.5185999723847039
2,1,199906.79607846332,-0.5605,1.656392,-0.5193786447018875
2,1,199911.79607924563,-0.5605,1.6558956,-0.5201573147644295
2,1,199916.79608002794,-0.5605,1.6556093,-0.5209359859009445
2,1,199921.79608081025,-0.5605,1.6552466,-0.5217146571024186
2,1,199926.79608159256,-0.5605,1.6547693,-0.5224933325846487
2,1,199931.79608237487,-0.5605,1.6542921,-0.5232720105050067
2,1,199936.79608315718,-0.5605,1.6537384,-0.52405068801099
2,1,199941.7960839395,-0.5605,1.6535285,-0.5248293672387561
2,1,199946.7960847218,-0.5605,1.653204,-0.525608044562306
2,1,199951.79608550412,-0.5605,1.6526312,-0.5263867206086047
2,1,199956.79608628643,-0.5605,1.6521349,-0.5271653967145112
2,1,199961.79608706874,-0.5605,1.651734,-0.5279440751330913
2,1,199966.79608785105,-0.5605,1.6514285,-0.5287227562504803
2,1,199971.79608863336,-0.5605,1.6509131,-0.5295014353077306
2,1,199976.79608941567,-0.5605,1.6505885,-0.5302801161008902
2,1,199981.79609019798,-0.5605,1.6499968,-0.5310587948765517
2,1,199986.7960909803,-0.5605,1.6496722,-0.5318374761199416
2,1,199991.7960917626,-0.5605,1.6490804,-0.5326161557071104
2,1,199996.79609254492,-0.5605,1.6486604,-0.5333948342434592
2,1,200001.79609332723,-0.5605,1.648164,-0.5341735084806344
2,1,200006.79609410954,-0.5605,1.647725,-0.5349521849945911
2,1,200011.79609489185,-0.5605,1.6472286,-0.5357308618222801
2,1,200016.79609567416,-0.5605,1.6468086,-0.5365095388733243
2,1,200021.79609645647,-0.5605,1.6464651,-0.5372882142997545
2,1,200026.79609723878,-0.5605,1.6459496,-0.5380668912096946
2,1,200031.7960980211,-0.5605,1.6455106,-0.5388455702046483
2,1,200036.7960988034,-0.5605,1.644976,-0.539624249214162
2,1,200041.7960995857,-0.5605,1.6446323,-0.5404029276950686
2,1,200046.79610036802,-0.5605,1.6441169,-0.5411816085273221
2,1,200051.79610115034,-0.5605,1.6435823,-0.5419602913036937
2,1,200056.79610193265,-0.5605,1.6431624,-0.5427389752679329
2,1,200061.79610271496,-0.5605,1.6426088,-0.5435176532557303
2,1,200066.79610349727,-0.5605,1.6421125,-0.5442963279577522
2,1,200071.79610427958,-0.5605,1.6417497,-0.5450750067174297
2,1,200076.7961050619,-0.5605,1.6412534,-0.545853680205742
2,1,200081.7961058442,-0.5605,1.6407762,-0.5466323538616129
2,1,200086.7961066265,-0.5605,1.640337,-0.547411031493713
2,1,200091.79610740882,-0.5605,1.6398407,-0.5481897112783883
2,1,200096.79610819113,-0.5605,1.639478,-0.5489683894070349
2,1,200101.79610897345,-0.5605,1.6389244,-0.5497470707038172
2,1,200106.79610975576,-0.5605,1.6384472,-0.550525752275334
2,1,200111.79611053807,-0.5605,1.6379889,-0.5513044301670652
2,1,200116.79611132038,-0.5605,1.6375499,-0.5520831089390908
2,1,200121.7961121027,-0.5605,1.6369772,-0.5528617869847743
2,1,200126.796112885,-0.5605,1.6364044,-0.5536404634957574
2,1,200131.7961136673,-0.5605,1.636118,-0.5544191372260214
2,1,200136.79611444962,-0.5605,1.6354117,-0.5551978116503352
2,1,200141.79611523193,-0.5605,1.6349918,-0.5559764863338895
2,1,200146.79611601424,-0.5605,1.6344763,-0.5567551643026631
2,1,200151.79611679655,-0.5605,1.6339608,-0.5575338457854683
2,1,200156.79611757887,-0.5605,1.6335218,-0.558312528993159
2,1,200161.79611836118,-0.5605,1.6329873,-0.5590912142582894
2,1,200166.7961191435,-0.5605,1.6324527,-0.5598698986691132
2,1,200171.7961199258,-0.5605,1.63188,-0.5606485813480975
2,1,200176.7961207081,-0.5605,1.6313264,-0.5614272642331251
2,1,200181.79612149042,-0.5605,1.6308491,-0.5622059485611579
2,1,200186.79612227285,-0.5605,1.6303146,-0.5629846308448739
2,1,200191.79612305516,-0.5605,1.6298183,-0.5637633129663527
2,1,200196.79612383747,-0.5605,1.6292264,-0.5645419957592448
2,1,200201.79612461978,-0.5605,1.6288829,-0.5653206816025437
2,1,200206.7961254021,-0.5605,1.6281574,-0.5660993669234574
2,1,200211.7961261844,-0.5605,1.6276802,-0.5668780535486401
2,1,200216.7961269667,-0.5605,1.6271838,-0.5676567383038429
2,1,200221.79612774902,-0.5605,1.6265348,-0.5684354226885929
2,1,200226.79612853134,-0.5605,1.6261911,-0.5692141073352425
2,1,200231.79612931365,-0.5605,1.625523,-0.5699927926050751
2,1,200236.79613009596,-0.5605,1.6250648,-0.5707714776515062
2,1,200241.79613087827,-0.5605,1.6244348,-0.5715501656555627
2,1,200246.79613166058,-0.5605,1.6237857,-0.5723288544136943
2,1,200251.7961324429,-0.5605,1.6231558,-0.5731075403445821
2,1,200256.7961332252,-0.5605,1.622774,-0.5738862267330548
2,1,200261.7961340075,-0.5605,1.6223348,-0.5746649117647635
2,1,200266.79613478982,-0.5605,1.6216476,-0.5754435936249985
2,1,200271.79613557213,-0.5605,1.6211131,-0.5762222771616704
2,1,200276.79613635445,-0.5605,1.6205404,-0.5770009586219781
2,1,200281.79613713676,-0.5605,1.6198531,-0.5777796398330721
2,1,200286.79613791907,-0.5605,1.6193377,-0.5785583194533944
2,1,200291.79613870138,-0.5605,1.6187078,-0.5793370011489186
2,1,200296.7961394837,-0.5605,1.6181542,-0.5801156872013933
2,1,200301.796140266,-0.5605,1.6175814,-0.5808943720500065
2,1,200306.7961410483,-0.5605,1.6169705,-0.5816730543242289
2,1,200311.79614183062,-0.5605,1.6163405,-0.58245173859775
2,1,200316.79614261293,-0.5605,1.6157106,-0.5832304221013016
2,1,200321.79614339524,-0.5605,1.6151569,-0.5840091028859906
2,1,200326.79614417756,-0.5605,1.6146797,-0.5847877834386256
2,1,200331.79614495987,-0.5605,1.613897,-0.5855664631693887
2,1,200336.79614574218,-0.5605,1.6134388,-0.5863451432309045
2,1,200341.7961465245,-0.5605,1.6128279,-0.5871238253446182
2,1,200346.7961473068,-0.5605,1.6122361,-0.587902507951345
2,1,200351.7961480891,-0.5605,1.611568,-0.5886811915602743
2,1,200356.79614887142,-0.5605,1.6110144,-0.589459875422732
2,1,200361.79614965373,-0.5605,1.6104034,-0.5902385603579111
2,1,200366.79615043604,-0.5605,1.6098498,-0.5910172434179511
2,1,200371.79615121835,-0.5605,1.6091244,-0.5917959248983026
2,1,200376.79615200066,-0.5605,1.6084944,-0.5925746057162643
2,1,200381.79615278298,-0.5605,1.6076735,-0.59335328687132
2,1,200386.7961535653,-0.5605,1.6072726,-0.5941319683219785
2,1,200391.7961543476,-0.5605,1.6066618,-0.5949106505330066
2,1,200396.7961551299,-0.5605,1.6059936,-0.5956893321928441
2,1,200401.79615591222,-0.5605,1.6052681,-0.596468013121432
2,1,200406.79615669453,-0.5605,1.6046,-0.5972466953280562
2,1,200411.79615747684,-0.5605,1.6039319,-0.5980253794807123
2,1,200416.79615825915,-0.5605,1.6033782,-0.5988040613523418
2,1,200421.79615904146,-0.5605,1.6028246,-0.599582744219339
2,1,200426.79615982377,-0.5605,1.6021373,-0.6003614288018672
2,1,200431.79616060609,-0.5605,1.6012974,-0.6011401111003883
2,1,200436.7961613884,-0.5605,1.6008202,-0.6019187912509271
2,1,200441.7961621707,-0.5605,1.6001137,-0.6026974739314478
2,1,200446.79616295302,-0.5605,1.5994456,-0.6034761564404164
2,1,200451.79616373533,-0.5605,1.5987774,-0.6042548420423396
2,1,200456.79616451764,-0.5605,1.5980711,-0.6050335310202731
2,1,200461.79616529995,-0.5605,1.5973076,-0.6058122179472109
2,1,200466.79616608226,-0.5605,1.5965439,-0.6065909047666019
2,1,200471.79616686457,-0.5605,1.5959903,-0.6073695904695351
2,1,200476.79616764688,-0.5605,1.5952457,-0.6081482743201314
2,1,200481.7961684292,-0.5605,1.5945585,-0.6089269576434253
2,1,200486.79616921127,-0.5605,1.5939858,-0.6097056393131738
2,1,200491.79616999358,-0.5605,1.5933367,-0.6104843216529249
2,1,200496.7961707759,-0.5605,1.5924395,-0.6112630029104278
2,1,200501.7961715582,-0.5605,1.5918477,-0.6120416839656028
2,1,200506.79617234052,-0.5605,1.5911604,-0.6128203626495791
2,1,200511.79617312283,-0.5605,1.5905305,-0.6135990447708825
2,1,200516.79617390514,-0.5605,1.5895759,-0.6143777259248157
2,1,200521.79617468745,-0.5605,1.5888505,-0.615156405408587
2,1,200526.79617546976,-0.5605,1.5882014,-0.615935082160843
2,1,200531.79617625207,-0.5605,1.5873424,-0.6167137612463593
2,1,200536.79617703438,-0.5605,1.5867697,-0.6174924409961263
2,1,200541.7961778167,-0.5605,1.5858343,-0.6182711183249646
2,1,200546.796178599,-0.5605,1.5852233,-0.6190497943348382
2,1,200551.79617938132,-0.5605,1.5843643,-0.6198284727664253
2,1,200556.79618016363,-0.5605,1.5836197,-0.6206071516978536
2,1,200561.79618094594,-0.5605,1.5829707,-0.6213858336621418
2,1,200566.79618172825,-0.5605,1.5821307,-0.6221645126047427
2,1,200571.79618251056,-0.5605,1.5813671,-0.6229431904226868
2,1,200576.79618329287,-0.5605,1.5803936,-0.6237218695536979
2,1,200581.79618407518,-0.5605,1.579649,-0.6245005487934876
2,1,200586.7961848575,-0.5605,1.5790572,-0.62527922808763
2,1,200591.7961856398,-0.5605,1.5781409,-0.6260579085611133
2,1,200596.7961864221,-0.5605,1.5774536,-0.6268365894576903
2,1,200601.79618720443,-0.5605,1.5766709,-0.6276152711646353
2,1,200606.79618798674,-0.5605,1.5757354,-0.6283939534924124
2,1,200611.79618876905,-0.5605,1.5748383,-0.629172632864233
2,1,200616.79618955136,-0.5605,1.5740365,-0.6299513136531076
2,1,200621.79619033367,-0.5605,1.5732156,-0.6307299893658089
2,1,200626.79619111598,-0.5605,1.5723947,-0.6315086627430944
2,1,200631.7961918983,-0.5605,1.5715739,-0.6322873368377614
2,1,200636.7961926806,-0.5605,1.5706192,-0.6330660123213988
2,1,200641.7961934629,-0.5605,1.5698748,-0.6338446904598833
2,1,200646.79619424522,-0.5605,1.569073,-0.6346233658678857
2,1,200651.79619502753,-0.5605,1.5682139,-0.6354020437104829
2,1,200656.79619580985,-0.5605,1.5672402,-0.6361807248463228
2,1,200661.79619659216,-0.5605,1.5663431,-0.6369594064992993
2,1,200666.79619737447,-0.5605,1.5655603,-0.6377380850962562
2,1,200671.79619815678,-0.5605,1.5646822,-0.638516766148931
2,1,200676.7961989391,-0.5605,1.5635749,-0.6392954508847789
2,1,200681.7961997214,-0.5605,1.5628686,-0.6400741322296125
2,1,200686.7962005037,-0.5605,1.5620668,-0.6408528147764533
2,1,200691.79620128602,-0.5605,1.5610169,-0.641631498288088
2,1,200696.79620206833,-0.5605,1.5601768,-0.642410181001994
2,1,200701.79620285064,-0.5605,1.559146,-0.6431888661953737
2,1,200706.79620363296,-0.5605,1.5582678,-0.6439675523781343
2,1,200711.79620441527,-0.5605,1.5573133,-0.6447462392180393
2,1,200716.79620519758,-0.5605,1.5563207,-0.6455249238056835
2,1,200721.7962059799,-0.5605,1.555557,-0.646303610595365
2,1,200726.7962067622,-0.5605,1.5544689,-0.647082294735822
2,1,200731.7962075445,-0.5605,1.5537626,-0.6478609775257603
2,1,200736.79620832682,-0.5605,1.5525408,-0.648639659024811
2,1,200741.79620910913,-0.5605,1.5516435,-0.649418342860142
2,1,200746.79620989144,-0.5605,1.5505553,-0.6501970274653994
2,1,200751.79621067375,-0.5605,1.5496008,-0.6509757090977228
2,1,200756.79621145607,-0.5605,1.5487037,-0.6517543924752206
2,1,200761.79621223838,-0.5605,1.5477109,-0.6525330767940777
2,1,200766.7962130207,-0.5605,1.5467755,-0.6533117590368056
2,1,200771.796213803,-0.5605,1.5457828,-0.6540904407073885
2,1,200776.7962145853,-0.5605,1.5446947,-0.6548691226110124
2,1,200781.79621536762,-0.5605,1.5437974,-0.6556478051439156
2,1,200786.79621614993,-0.5605,1.5425184,-0.6564264851311773
2,1,200791.79621693224,-0.5605,1.5415639,-0.6572051652261082
2,1,200796.79621771455,-0.5605,1.5406284,-0.657983849324928
2,1,200801.79621849686,-0.5605,1.5394257,-0.6587625339068965
2,1,200806.79621927917,-0.5605,1.5385284,-0.6595412160366174
2,1,200811.7962200615,-0.5605,1.5373067,-0.6603198967778613
2,1,200816.7962208438,-0.5605,1.5361613,-0.6610985779943728
2,1,200821.7962216261,-0.5605,1.5351113,-0.6618772596677207
2,1,200826.79622240842,-0.5605,1.5339277,-0.6626559396751619
2,1,200831.79622319073,-0.5605,1.5329732,-0.663434620346367
2,1,200836.79622397304,-0.5605,1.5319996,-0.66421330175815
2,1,200841.79622475535,-0.5605,1.5307587,-0.6649919828674427
2,1,200846.79622553766,-0.5605,1.5297087,-0.665770662636452
2,1,200851.79622631997,-0.5605,1.528506,-0.666549341985295
2,1,200856.79622710228,-0.5605,1.5274179,-0.6673280181699394
2,1,200861.7962278846,-0.5605,1.5261389,-0.6681066979985335
2,1,200866.7962286669,-0.5605,1.5249362,-0.6688853778428964
2,1,200871.79622944922,-0.5605,1.5237526,-0.6696640603324902
2,1,200876.79623023153,-0.5605,1.5225308,-0.6704427426348658
2,1,200881.79623101384,-0.5605,1.5214236,-0.6712214230718611
2,1,200886.79623179615,-0.5605,1.5201637,-0.6720001055929129
2,1,200891.79623257846,-0.5605,1.51898,-0.6727787882430585
2,1,200896.79623336077,-0.5605,1.5177201,-0.6735574695529473
2,1,200901.79623414308,-0.5605,1.516441,-0.6743361532251105
2,1,200906.7962349254,-0.5605,1.515391,-0.6751148360256783
2,1,200911.7962357077,-0.5605,1.5139974,-0.675893517306927
2,1,200916.79623649002,-0.5605,1.5127947,-0.6766721998301743
2,1,200921.79623727233,-0.5605,1.5116684,-0.677450882164253
2,1,200926.79623805464,-0.5605,1.510313,-0.6782295681703752
2,1,200931.79623883695,-0.5605,1.5091867,-0.679008252181659
2,1,200936.79623961926,-0.5605,1.507774,-0.6797869363333549
2,1,200941.79624040157,-0.5605,1.5065331,-0.6805656190700331
2,1,200946.79624118388,-0.5605,1.5051396,-0.6813443011520702
2,1,200951.7962419662,-0.5605,1.5038223,-0.6821229847980074
2,1,200956.7962427485,-0.5605,1.5025433,-0.6829016682005291
2,1,200961.7962435308,-0.5605,1.5011306,-0.6836803526670269
2,1,200966.79624431313,-0.5605,1.4999088,-0.684459036507295
2,1,200971.79624509544,-0.5605,1.4984579,-0.6852377185719243
2,1,200976.79624587775,-0.5605,1.4970834,-0.6860163995756968
2,1,200981.79624666006,-0.5605,1.4956517,-0.6867950820556579
2,1,200986.79624744237,-0.5605,1.494239,-0.687573764648636
2,1,200991.79624822468,-0.5605,1.4928645,-0.688352449679752
2,1,200996.796249007,-0.5605,1.49149,-0.6891311320885318
2,1,201001.7962497893,-0.5605,1.4899437,-0.6899098138223057
2,1,201006.7962505716,-0.5605,1.4886074,-0.690688492767549
2,1,201011.79625135392,-0.5605,1.487061,-0.6914671739352211
2,1,201016.79625213624,-0.5605,1.4857056,-0.6922458546254765
2,1,201021.79625291855,-0.5605,1.4841784,-0.6930245352148345
2,1,201026.79625370086,-0.5605,1.4825367,-0.6938032156824037
2,1,201031.79625448317,-0.5605,1.4811622,-0.6945818954774536
2,1,201036.79625526548,-0.5605,1.4796731,-0.6953605753884148
2,1,201041.7962560478,-0.5605,1.4781458,-0.6961392555286054
2,1,201046.7962568301,-0.5605,1.4766759,-0.6969179332226546
2,1,201051.7962576124,-0.5605,1.4750341,-0.6976966102366677
2,1,201056.79625839472,-0.5605,1.4736024,-0.698475288033929
2,1,201061.79625917703,-0.5605,1.472056,-0.6992539700079559
2,1,201066.79625995934,-0.5605,1.4703571,-0.7000326530850528
2,1,201071.79626074166,-0.5605,1.4687535,-0.7008113383394942
2,1,201076.79626152397,-0.5605,1.4671499,-0.7015900209236375
2,1,201081.79626230628,-0.5605,1.4656799,-0.7023687037195495
2,1,201086.79626308812,-0.5605,1.4639618,-0.7031473858776687
2,1,201091.79626387043,-0.5605,1.4621291,-0.7039260662353766
2,1,201096.79626465274,-0.5605,1.4605637,-0.7047047468686135
2,1,201101.79626543506,-0.5605,1.4588265,-0.7054834288622238
2,1,201106.79626621737,-0.5605,1.4571656,-0.7062621105719075
2,1,201111.79626699968,-0.5605,1.4552757,-0.7070407894831695
2,1,201116.796267782,-0.5605,1.4536148,-0.7078194688198896
2,1,201121.7962685643,-0.5605,1.4519922,-0.7085981474537085
2,1,201126.7962693466,-0.5605,1.4502168,-0.7093768287341791
2,1,201131.79627012892,-0.5605,1.4483268,-0.7101555138894515
2,1,201136.79627091123,-0.5605,1.4467041,-0.7109341969680882
2,1,201141.79627169354,-0.5605,1.4448142,-0.7117128801358107
2,1,201146.79627247585,-0.5605,1.4430388,-0.7124915613880849
2,1,201151.79627325817,-0.5605,1.4411489,-0.7132702427953014
2,1,201156.79627404048,-0.5605,1.4393353,-0.7140489277164302
2,1,201161.7962748228,-0.5605,1.4375217,-0.7148276129227806
2,1,201166.7962756051,-0.5605,1.43567,-0.7156062986452907
2,1,201171.7962763874,-0.5605,1.4336272,-0.7163849820543788
2,1,201176.79627716972,-0.5605,1.4317946,-0.7171636656375424
2,1,201181.79627795203,-0.5605,1.4298856,-0.717942352161023
2,1,201186.79627873434,-0.5605,1.427843,-0.7187210354351232
2,1,201191.79627951665,-0.5605,1.4259721,-0.7194997223827604
2,1,201196.79628029896,-0.5605,1.4239485,-0.720278406861699
2,1,201201.79628108128,-0.5605,1.4220014,-0.7210570937408106
2,1,201206.7962818636,-0.5605,1.4199014,-0.7218357778476506
2,1,201211.7962826459,-0.5605,1.4180305,-0.722614462574369
2,1,201216.7962834282,-0.5605,1.4158733,-0.7233931463249157
2,1,201221.79628421052,-0.5605,1.4139452,-0.7241718319880959
2,1,201226.79628499283,-0.5605,1.4117117,-0.7249505168888565
2,1,201231.79628577514,-0.5605,1.4096308,-0.7257292037031414
2,1,201236.79628655745,-0.5605,1.407359,-0.7265078905509474
2,1,201241.79628733976,-0.5605,1.4052782,-0.7272865783742728
2,1,201246.79628812207,-0.5605,1.4031783,-0.7280652672908434
2,1,201251.79628890438,-0.5605,1.4009256,-0.7288439579745394
2,1,201256.7962896867,-0.5605,1.398883,-0.729622648834546
2,1,201261.796290469,-0.5605,1.3967258,-0.7304013386388218
2,1,201266.79629125132,-0.5605,1.3945304,-0.7311800295511778
2,1,201271.79629203363,-0.5605,1.3922013,-0.7319587204168831
2,1,201276.79629281594,-0.5605,1.3900633,-0.7327374124371239
2,1,201281.79629359825,-0.5605,1.3875815,-0.7335161047033828
2,1,201286.79629438056,-0.5605,1.3852143,-0.7342947969855694
2,1,201291.79629516287,-0.5605,1.3828853,-0.7350734859050275
2,1,201296.79629594518,-0.5605,1.3806708,-0.7358521738442144
2,1,201301.7962967275,-0.5605,1.3783036,-0.736630862619926
2,1,201306.7962975098,-0.5605,1.3759364,-0.7374095512253638
2,1,201311.79629829212,-0.5605,1.3734547,-0.7381882383592488
2,1,201316.79629907443,-0.5605,1.3710111,-0.7389669230234188
2,1,201321.79629985674,-0.5605,1.3685676,-0.7397456060855616
2,1,201326.79630063905,-0.5605,1.3661431,-0.7405242858095231
2,1,201331.79630142136,-0.5605,1.3636423,-0.7413029673606352
2,1,201336.79630220367,-0.5605,1.3612369,-0.7420816524110266
2,1,201341.79630298598,-0.5605,1.3587551,-0.7428603355294925
2,1,201346.7963037683,-0.5605,1.3561971,-0.7436390202678239
2,1,201351.7963045506,-0.5605,1.353639,-0.7444177047601901
2,1,201356.79630533291,-0.5605,1.3509854,-0.7451963880464431
2,1,201361.79630611523,-0.5605,1.3483127,-0.7459750714278747
2,1,201366.79630689754,-0.5605,1.3456593,-0.7467537554662919
2,1,201371.79630767985,-0.5605,1.3431393,-0.7475324390864898
2,1,201376.79630846216,-0.5605,1.340333,-0.748311120891617
2,1,201381.79630924447,-0.5605,1.3377177,-0.7490898028169899
2,1,201386.79631002678,-0.5605,1.3349878,-0.7498684876143
2,1,201391.7963108091,-0.5605,1.3322769,-0.7506471717403228
2,1,201396.7963115914,-0.5605,1.3294897,-0.7514258577525544
2,1,201401.7963123737,-0.5605,1.326569,-0.7522045439535242
2,1,201406.79631315602,-0.5605,1.3238772,-0.7529832295588912
2,1,201411.79631393834,-0.5605,1.3210328,-0.7537619146244952
2,1,201416.79631472065,-0.5605,1.3180928,-0.7545406025782289
2,1,201421.79631550296,-0.5605,1.3151529,-0.7553192937770878
2,1,201426.79631628527,-0.5605,1.3122894,-0.7560979836542436
2,1,201431.79631706758,-0.5605,1.3095022,-0.7568766711210108
2,1,201436.7963178499,-0.5605,1.3064096,-0.7576553592361175
2,1,201441.7963186322,-0.5605,1.3033932,-0.7584340472290578
2,1,201446.7963194145,-0.5605,1.3004916,-0.759212734192583
2,1,201451.79632019682,-0.5605,1.2976662,-0.7599914191028208
2,1,201456.79632097913,-0.5605,1.2947454,-0.7607701040466325
2,1,201461.79632176145,-0.5605,1.2914237,-0.7615487870341503
2,1,201466.79632254387,-0.5605,1.2884265,-0.7623274680532114
2,1,201471.79632332618,-0.5605,1.285372,-0.763106149985717
2,1,201476.7963241085,-0.5605,1.2823176,-0.7638848323156963
2,1,201481.7963248908,-0.5605,1.2793205,-0.7646635116669267
2,1,201486.79632567312,-0.5605,1.2760942,-0.765442191057079
2,1,201491.79632645543,-0.5605,1.2729634,-0.7662208720837033
2,1,201496.79632723774,-0.5605,1.2697943,-0.7669995533315436
2,1,201501.79632802005,-0.5605,1.2666254,-0.7677782346066133
2,1,201506.79632880236,-0.5605,1.2633227,-0.7685569168457717
2,1,201511.79632958467,-0.5605,1.260211,-0.7693356013690826
2,1,201516.79633036698,-0.5605,1.2569466,-0.7701142825108532
2,1,201521.7963311493,-0.5605,1.2537395,-0.7708929645124605
2,1,201526.7963319316,-0.5605,1.2503222,-0.7716716430014502
2,1,201531.79633271392,-0.5605,1.2471914,-0.7724503228919769
2,1,201536.79633349623,-0.5605,1.2439461,-0.7732290012443296
2,1,201541.79633427854,-0.5605,1.2405671,-0.7740076799714762
2,1,201546.79633506085,-0.5605,1.2372073,-0.7747863571521075
2,1,201551.79633584316,-0.5605,1.233771,-0.7755650347603888
2,1,201556.79633662547,-0.5605,1.2305256,-0.7763437126155527
2,1,201561.79633740778,-0.5605,1.2271276,-0.7771223955797849
2,1,201566.7963381901,-0.5605,1.223825,-0.7779010782129995
2,1,201571.7963389724,-0.5605,1.2204269,-0.7786797589452961
2,1,201576.7963397547,-0.5605,1.217067,-0.7794584419219459
2,1,201581.79634053702,-0.5605,1.2135735,-0.7802371297535828
2,1,201586.79634131934,-0.5605,1.2100036,-0.7810158259204922
2,1,201591.79634210165,-0.5605,1.2067964,-0.7817945247571036
2,1,201596.79634288396,-0.5605,1.2033029,-0.78257321535833
2,1,201601.79634366627,-0.5605,1.2000384,-0.7833519036567707
2,1,201601.8147436683,-0.5605,1.1998857,-0.7833547692382401
2,1,201601.8149436682,-0.5605,1.2001911,-0.783354800384624
2,2,201601.815743668,0.5605,1.2460551,6.186003817452324e-08
2,2,201606.81574445008,0.5605,1.3474537,0.0007783509068555303
2,2,201611.8157452324,0.5605,1.3810908,0.0015566421699656381
2,2,201616.8157460147,0.5605,1.4076455,0.0023349346216917036
2,2,201621.81574679702,0.5605,1.4309164,0.0031132292269037826
2,2,201626.81574757956,0.5605,1.4519731,0.0038915236648751628
2,2,201631.81574836187,0.5605,1.4714452,0.004669816836386919
2,2,201636.81574914418,0.5605,1.4899819,0.005448111138155063
2,2,201641.8157499265,0.5605,1.5075831,0.0062264055779576305
2,2,201646.8157507088,0.5605,1.5244207,0.007004698732657565
2,2,201651.8157514911,0.5605,1.5409529,0.007782992299887869
2,2,201656.81575227343,0.5605,1.5567979,0.008561286314838462
2,2,201661.81575305574,0.5605,1.5722419,0.00933957885987891
2,2,201666.81575383805,0.5605,1.5872852,0.010117873303840558
2,2,201671.81575462036,0.5605,1.6023283,0.010896163383510378
2,2,201676.81575540267,0.5605,1.6169705,0.011674442680133713
2,2,201681.81575618498,0.5605,1.6315556,0.012452722857687209
2,2,201686.8157569673,0.5605,1.6454915,0.013231011153005892
2,2,201691.8157577496,0.5605,1.6593701,0.014009305997825332
2,2,201696.8157585319,0.5605,1.6732296,0.014787599542121093
2,2,201701.81575931422,0.5605,1.6867265,0.015565892883512709
2,2,201706.81576009654,0.5605,1.7001278,0.01634418581881457
2,2,201711.81576087885,0.5605,1.7134529,0.017122479035360946
2,2,201716.81576166116,0.5605,1.7264152,0.017900775105665127
2,2,201721.81576244347,0.5605,1.7393584,0.018679071146266327
2,2,201726.81576322578,0.5605,1.7521298,0.01945736960955792
2,2,201731.8157640081,0.5605,1.7647867,0.02023566713643074
2,2,201736.8157647904,0.5605,1.7772908,0.021013963014854326
2,2,201741.8157655727,0.5605,1.7896996,0.021792255812178057
2,2,201746.81576635502,0.5605,1.8017646,0.022570551947769194
2,2,201751.81576713733,0.5605,1.8137151,0.023348847720060087
2,2,201756.81576791964,0.5605,1.8256657,0.024127144873738293
2,2,201761.81576870196,0.5605,1.837158,0.024905439160333744
2,2,201766.81576948427,0.5605,1.8486313,0.0256837358505461
2,2,201771.81577026658,0.5605,1.8597609,0.02646203165376518
2,2,201776.8157710489,0.5605,1.8706806,0.027240328632086523
2,2,201781.8157718312,0.5605,1.8813521,0.028018626109196088
2,2,201786.8157726135,0.5605,1.891909,0.028796922245989252
2,2,201791.81577339582,0.5605,1.9018933,0.02957521600218615
2,2,201796.81577417813,0.5605,1.9119538,0.030353507963041475
2,2,201801.81577496044,0.5605,1.9217471,0.031131797751622076
2,2,201806.81577574275,0.5605,1.9311587,0.031910088155766334
2,2,201811.81577652507,0.5605,1.9402838,0.032688378821455776
2,2,201816.81577730738,0.5605,1.9489698,0.033466670594248515
2,2,201821.8157780897,0.5605,1.9575796,0.034244959168685814
2,2,201826.815778872,0.5605,1.9658457,0.035023249839531055
2,2,201831.8157796543,0.5605,1.9739591,0.035801537768294416
2,2,201836.81578043662,0.5605,1.9818243,0.03657982900057568
2,2,201841.81578121893,0.5605,1.9892504,0.037358120417250534
2,2,201846.81578200124,0.5605,1.9966383,0.03813641258967586
2,2,201851.81578278355,0.5605,2.003549,0.038914700235082055
2,2,201856.81578356586,0.5605,2.0104406,0.03969298961339064
2,2,201861.81578434817,0.5605,2.0169313,0.040471282738486936
2,2,201866.8157851305,0.5605,2.0232313,0.041249576422856926
2,2,201871.8157859128,0.5605,2.0292256,0.04202786668536731
2,2,201876.8157866951,0.5605,2.035239,0.04280615620096857
2,2,201881.81578747742,0.5605,2.0409088,0.04358444816218815
2,2,201886.81578825973,0.5605,2.0464067,0.04436274169420867
2,2,201891.81578904204,0.5605,2.0518475,0.04514103151588972
2,2,201896.81578982435,0.5605,2.0569255,0.04591932165162102
2,2,201901.81579060666,0.5605,2.0618892,0.04669760924216114
2,2,201906.81579138897,0.5605,2.066757,0.04747589475222431
2,2,201911.81579217128,0.5605,2.0714915,0.04825418082988595
2,2,201916.8157929536,0.5605,2.0759969,0.04903246635121109
2,2,201921.8157937359,0.5605,2.0804257,0.04981075313429371
2,2,201926.81579451798,0.5605,2.084702,0.050589039700776356
2,2,201931.8157953003,0.5605,2.0889018,0.051367329807768286
2,2,201936.8157960826,0.5605,2.0928917,0.05214561606082985
2,2,201941.81579686492,0.5605,2.096786,0.052923903374056044
2,2,201946.81579764723,0.5605,2.100356,0.05370219005905922
2,2,201951.81579842954,0.5605,2.104136,0.054480477805475415
2,2,201956.81579921185,0.5605,2.1076677,0.055258767254157216
2,2,201961.81579999416,0.5605,2.1112375,0.056037054619967955
2,2,201966.81580077647,0.5605,2.1144829,0.056815342620889366
2,2,201971.81580155878,0.5605,2.1178045,0.05759363096860384
2,2,201976.8158023411,0.5605,2.1208398,0.058371918796271106
2,2,201981.8158031234,0.5605,2.124009,0.05915020878385175
2,2,201986.81580390572,0.5605,2.126968,0.05992850021588142
2,2,201991.81580468803,0.5605,2.1298506,0.06070679006505014
2,2,201996.81580547034,0.5605,2.1326377,0.06148508132015005
2,2,202001.81580625265,0.5605,2.135444,0.06226337370106911
2,2,202006.81580703496,0.5605,2.1381547,0.06304166302897866
2,2,202011.81580781727,0.5605,2.1408656,0.0638199537476136
2,2,202016.81580859958,0.5605,2.1432328,0.06459824279419253
2,2,202021.8158093819,0.5605,2.1458483,0.06537652892923027
2,2,202026.8158101642,0.5605,2.1481962,0.06615481669504115
2,2,202031.81581094651,0.5605,2.1505635,0.06693310515793167
2,2,202036.81581172883,0.5605,2.1529498,0.06771139398247669
2,2,202041.81581251114,0.5605,2.1551833,0.06848968335735801
2,2,202046.81581329345,0.5605,2.1573405,0.06926797166071338
2,2,202051.81581407576,0.5605,2.159536,0.07004625737735301
2,2,202056.81581485807,0.5605,2.161655,0.07082454426798558
2,2,202061.81581564038,0.5605,2.1636403,0.07160283170813987
2,2,202066.8158164227,0.5605,2.1658165,0.07238111797175807
2,2,202071.815817205,0.5605,2.1677446,0.07315940455637378
2,2,202076.8158179873,0.5605,2.169673,0.07393769218767354
2,2,202081.81581876962,0.5605,2.1715055,0.07471598519644475
2,2,202086.81581955194,0.5605,2.1735673,0.07549427964222102
2,2,202091.81582033425,0.5605,2.1752472,0.07627257579480942
2,2,202096.81582111656,0.5605,2.17708,0.07705087119778663
2,2,202101.81582189887,0.5605,2.178779,0.07782916595181495
2,2,202106.81582268118,0.5605,2.1802871,0.07860746154470911
2,2,202111.8158234635,0.5605,2.1821008,0.07938575569731994
2,2,202116.8158242458,0.5605,2.1836278,0.0801640481858585
2,2,202121.8158250281,0.5605,2.1853268,0.08094233977292647
2,2,202126.81582581042,0.5605,2.1869686,0.08172062920686275
2,2,202131.81582659273,0.5605,2.1883433,0.08249891936834657
2,2,202136.81582737505,0.5605,2.1900423,0.08327720942594942
2,2,202141.81582815736,0.5605,2.1914358,0.08405549916992257
2,2,202146.81582893967,0.5605,2.1929057,0.08483378771211707
2,2,202151.81582972198,0.5605,2.194433,0.08561207519819011
2,2,202156.8158305043,0.5605,2.1959412,0.08639036059352097
2,2,202161.8158312866,0.5605,2.1971629,0.0871686479938428
2,2,202166.8158320689,0.5605,2.198671,0.08794693630091353
2,2,202171.81583285122,0.5605,2.2000265,0.08872522488325839
2,2,202176.81583363353,0.5605,2.2013054,0.08950351109632854
2,2,202181.81583441584,0.5605,2.2026992,0.09028179416079657
2,2,202186.81583519815,0.5605,2.2040355,0.0910600803808802
2,2,202191.81583598047,0.5605,2.205219,0.09183836826490034
2,2,202196.81583676278,0.5605,2.2066317,0.09261665893792115
2,2,202201.8158375451,0.5605,2.2078152,0.09339494773626993
2,2,202206.8158383274,0.5605,2.209037,0.09417323460118641
2,2,202211.8158391097,0.5605,2.2101443,0.09495151849081454
2,2,202216.81583989202,0.5605,2.2114806,0.09572979996414983
2,2,202221.81584067433,0.5605,2.212607,0.0965080824877587
2,2,202226.81584145664,0.5605,2.2136378,0.09728636622143458
2,2,202231.81584223895,0.5605,2.2149932,0.09806465082152357
2,2,202236.81584302126,0.5605,2.2161005,0.09884293409750532
2,2,202241.81584380358,0.5605,2.2171314,0.09962121888502443
2,2,202246.8158445859,0.5605,2.2182767,0.10039950213745902
2,2,202251.8158453682,0.5605,2.2195177,0.1011777842404048
2,2,202256.8158461505,0.5605,2.220434,0.1019560671991044
2,2,202261.81584693282,0.5605,2.2216175,0.10273435173242626
2,2,202266.81584771513,0.5605,2.2226484,0.10351263523350164
2,2,202271.81584849744,0.5605,2.2236602,0.10429091874824303
2,2,202276.81584927975,0.5605,2.2248628,0.10506919903826056
2,2,202281.81585006206,0.5605,2.2257984,0.10584748262050753
2,2,202286.81585084437,0.5605,2.226772,0.1066257660038273
2,2,202291.81585162668,0.5605,2.2278984,0.10740404733426046
2,2,202296.815852409,0.5605,2.2288337,0.10818232597138158
2,2,202301.81585319107,0.5605,2.22996,0.108960605612182
2,2,202306.81585397338,0.5605,2.2308764,0.1097388827986817
2,2,202311.8158547557,0.5605,2.2320027,0.11051715936627989
2,2,202316.815855538,0.5605,2.2329953,0.11129543618303873
2,2,202321.81585632032,0.5605,2.2338164,0.1120737139421702
2,2,202326.81585710263,0.5605,2.2347898,0.11285198868685965
2,2,202331.81585788494,0.5605,2.2357635,0.11363026505042452
2,2,202336.81585866725,0.5605,2.236756,0.11440854229303538
2,2,202341.81585944956,0.5605,2.2377107,0.11518682116279674
2,2,202346.81586023187,0.5605,2.2385697,0.11596510412051948
2,2,202351.81586101418,0.5605,2.2395816,0.11674338646055929
2,2,202356.8158617965,0.5605,2.2404597,0.11752167139368924
2,2,202361.8158625788,0.5605,2.2412424,0.11829995641022595
2,2,202366.81586336112,0.5605,2.2423687,0.11907824397535793
2,2,202371.81586414343,0.5605,2.2432468,0.11985653475796189
2,2,202376.81586492574,0.5605,2.2442396,0.12063482438993128
2,2,202381.81586570805,0.5605,2.2449076,0.12141311382426492
2,2,202386.81586649036,0.5605,2.2459004,0.12219140228537392
2,2,202391.81586727267,0.5605,2.2468932,0.12296969163981747
2,2,202396.81586805498,0.5605,2.2478476,0.1237479807476203
2,2,202401.8158688373,0.5605,2.2486112,0.12452626913163732
2,2,202406.8158696196,0.5605,2.2494702,0.1253045584263769
2,2,202411.81587040192,0.5605,2.2505012,0.1260828496732679
2,2,202416.81587118423,0.5605,2.2513983,0.12686114074645774
2,2,202421.81587196654,0.5605,2.2522385,0.12763942647388912
2,2,202426.81587274885,0.5605,2.2530403,0.12841771322308318
2,2,202431.81587353116,0.5605,2.2539947,0.1291960001231366
2,2,202436.81587431347,0.5605,2.2547393,0.12997428546420073
2,2,202441.81587509578,0.5605,2.2556555,0.13075257027033968
2,2,202446.8158758781,0.5605,2.2564573,0.13153085551541052
2,2,202451.8158766604,0.5605,2.257431,0.1323091394565503
2,2,202456.8158774427,0.5605,2.2583282,0.13308742658140593
2,2,202461.81587822502,0.5605,2.2592444,0.13386571260983746
2,2,202466.81587900734,0.5605,2.2600462,0.13464400191577608
2,2,202471.81587978965,0.5605,2.2607908,0.13542228894125755
2,2,202476.81588057196,0.5605,2.261669,0.136200577314506
2,2,202481.81588135427,0.5605,2.2624707,0.13697886515504454
2,2,202486.81588213658,0.5605,2.2634063,0.13775715162142782
2,2,202491.8158829189,0.5605,2.2641509,0.13853544196900397
2,2,202496.8158837012,0.5605,2.265048,0.1393137332327896
2,2,202501.8158844835,0.5605,2.265869,0.1400920228130387
2,2,202506.81588526582,0.5605,2.2668426,0.1408703113854925
2,2,202511.81588604813,0.5605,2.2676826,0.14164860124978093
2,2,202516.81588683045,0.5605,2.2684078,0.14242689031891692
2,2,202521.8158876123,0.5605,2.2692862,0.14320518031354748
2,2,202526.8158883946,0.5605,2.2700496,0.14398346604552537
2,2,202531.8158891769,0.5605,2.2710042,0.14476174901726183
2,2,202536.81588995922,0.5605,2.2717297,0.14554003324073556
2,2,202541.81589074153,0.5605,2.2725506,0.14631831932674846
2,2,202546.81589152385,0.5605,2.2733905,0.1470966053014464
2,2,202551.81589230616,0.5605,2.2742686,0.1478748938329518
2,2,202556.81589308847,0.5605,2.2750514,0.14865318190159732
2,2,202561.81589387078,0.5605,2.2759676,0.14943146923355594
2,2,202566.8158946531,0.5605,2.276693,0.15020975479806795
2,2,202571.8158954354,0.5605,2.277514,0.1509880421414276
2,2,202576.8158962177,0.5605,2.2784302,0.15176632907017404
2,2,202581.81589700002,0.5605,2.279251,0.15254461552910012
2,2,202586.81589778233,0.5605,2.2799766,0.15332290220276848
2,2,202591.81589856464,0.5605,2.2809503,0.1541011882709795
2,2,202596.81589934696,0.5605,2.281752,0.15487947463485272
2,2,202601.81590012927,0.5605,2.282592,0.1556577623000973
2,2,202606.81590091158,0.5605,2.2834702,0.15643605073774858
2,2,202611.8159016939,0.5605,2.2842147,0.15721434087798003
2,2,202616.8159024762,0.5605,2.285112,0.15799262728834818
2,2,202621.8159032585,0.5605,2.2858374,0.15877091566240129
2,2,202626.81590404082,0.5605,2.2866964,0.15954920332351
2,2,202631.81590482313,0.5605,2.2875745,0.16032749253355466
2,2,202636.81590560544,0.5605,2.28851,0.16110578179710774
2,2,202641.81590638775,0.5605,2.2892926,0.16188407081047695
2,2,202646.81590717006,0.5605,2.28998,0.16266236107502052
2,2,202651.81590795238,0.5605,2.2909343,0.16344065033961339
2,2,202656.8159087347,0.5605,2.2917745,0.16421894135607948
2,2,202661.815909517,0.5605,2.2926335,0.16499723186423385
2,2,202666.8159102993,0.5605,2.2933397,0.16577552329676024
2,2,202671.81591108162,0.5605,2.2941606,0.16655381522382967
2,2,202676.81591186393,0.5605,2.2950962,0.1673321050851147
2,2,202681.81591264624,0.5605,2.295936,0.16811039393265717
2,2,202686.81591342855,0.5605,2.2968142,0.16888868435006016
2,2,202691.81591421086,0.5605,2.2977116,0.16966697491623303
2,2,202696.81591499317,0.5605,2.2985325,0.17044526492331763
2,2,202701.81591577549,0.5605,2.2994297,0.1712235564667848
2,2,202706.8159165578,0.5605,2.3001552,0.17200185000237167
2,2,202711.8159173401,0.5605,2.3010714,0.1727801453372936
2,2,202716.81591812242,0.5605,2.3019495,0.1735584385541711
2,2,202721.81591890473,0.5605,2.3027513,0.17433673203758404
2,2,202726.81591968704,0.5605,2.303515,0.1751150245745911
2,2,202731.81592046935,0.5605,2.3044503,0.17589331623175744
2,2,202736.81592125166,0.5605,2.3053858,0.17667160958921252
2,2,202741.81592203397,0.5605,2.3062067,0.17744990239196026
2,2,202746.81592281628,0.5605,2.3070276,0.1782281976455318
2,2,202751.8159235986,0.5605,2.3076956,0.1790064912491375
2,2,202756.8159243809,0.5605,2.3087075,0.17978478701816009
2,2,202761.81592516322,0.5605,2.309624,0.1805630861425864
2,2,202766.81592594553,0.5605,2.3105402,0.18134138213666948
2,2,202771.81592672784,0.5605,2.3113992,0.18211967583359287
2,2,202776.81592751015,0.5605,2.3122392,0.1828979712272585
2,2,202781.81592829246,0.5605,2.3132892,0.18367626432568174
2,2,202786.81592907477,0.5605,2.314129,0.18445455731493574
2,2,202791.81592985708,0.5605,2.3150072,0.18523284991999805
2,2,202796.8159306394,0.5605,2.315809,0.18601114310248368
2,2,202801.8159314217,0.5605,2.3165727,0.18678943526703787
2,2,202806.81593220402,0.5605,2.3174891,0.18756772629794816
2,2,202811.81593298633,0.5605,2.3184817,0.18834601443951005
2,2,202816.81593376864,0.5605,2.3192453,0.18912430243477232
2,2,202821.81593455095,0.5605,2.3203144,0.18990258694335826
2,2,202826.81593533326,0.5605,2.3212116,0.1906808719601665
2,2,202831.81593611557,0.5605,2.3220515,0.19145915913581524
2,2,202836.81593689788,0.5605,2.3228533,0.1922374445480473
2,2,202841.8159376802,0.5605,2.323827,0.19301572856383198
2,2,202846.8159384625,0.5605,2.3248007,0.1937940124565761
2,2,202851.8159392448,0.5605,2.3255832,0.19457229959378647
2,2,202856.81594002713,0.5605,2.3266141,0.1953505886592104
2,2,202861.81594080944,0.5605,2.3275115,0.19612887936596082
2,2,202866.81594159175,0.5605,2.3282177,0.19690717167098662
2,2,202871.81594237406,0.5605,2.3292487,0.1976854619385634
2,2,202876.81594315637,0.5605,2.3303177,0.1984637530067034
2,2,202881.81594393868,0.5605,2.3311386,0.1992420437363685
2,2,202886.815944721,0.5605,2.3322077,0.20002033791127477
2,2,202891.8159455033,0.5605,2.3330858,0.2007986315199568
2,2,202896.8159462856,0.5605,2.3339448,0.20157692525094756
2,2,202901.81594706816,0.5605,2.3349185,0.20235521570895454
2,2,202906.81594785047,0.5605,2.3358347,0.2031335038319297
2,2,202911.81594863278,0.5605,2.3367894,0.20391179214252042
2,2,202916.8159494151,0.5605,2.3377438,0.20469007927826385
2,2,202921.8159501974,0.5605,2.3387938,0.20546836677955926
2,2,202926.8159509797,0.5605,2.3397102,0.20624665309018897
2,2,202931.81595176202,0.5605,2.340741,0.20702493688217144
2,2,202936.81595254433,0.5605,2.3416955,0.2078032229325739
2,2,202941.81595332664,0.5605,2.3425927,0.2085815083572766
2,2,202946.81595410896,0.5605,2.3435473,0.20935979256588227
2,2,202951.81595489127,0.5605,2.3444254,0.21013808049941732
2,2,202956.81595567358,0.5605,2.3454564,0.21091636755791976
2,2,202961.8159564559,0.5605,2.3464682,0.2116946535478831
2,2,202966.8159572382,0.5605,2.347289,0.21247294004480052
2,2,202971.8159580205,0.5605,2.3482244,0.21325122846423925
2,2,202976.81595880282,0.5605,2.3495226,0.21402951567442224
2,2,202981.81595958513,0.5605,2.3503625,0.21480780678288147
2,2,202986.81596036744,0.5605,2.3513362,0.2155860970354743
2,2,202991.81596114975,0.5605,2.3522334,0.21636438741293554
2,2,202996.81596193206,0.5605,2.3532262,0.21714268160005415
2,2,203001.81596271438,0.5605,2.3542187,0.21792097200673824
2,2,203006.8159634967,0.5605,2.3551924,0.21869925866975393
2,2,203011.815964279,0.5605,2.3562806,0.21947754771192543
2,2,203016.8159650613,0.5605,2.3573306,0.22025583960159956
2,2,203021.81596584362,0.5605,2.3583615,0.22103412965991437
2,2,203026.81596662593,0.5605,2.3593922,0.22181242064198525
2,2,203031.81596740824,0.5605,2.3603086,0.2225907099384103
2,2,203036.81596819055,0.5605,2.3613203,0.2233690025194354
2,2,203041.81596897286,0.5605,2.3625612,0.22414729327707825
2,2,203046.81596975517,0.5605,2.3634393,0.22492558624681835
2,2,203051.8159705375,0.5605,2.3643558,0.22570387731502128
2,2,203056.8159713198,0.5605,2.3655393,0.22648216827593254
2,2,203061.8159721021,0.5605,2.3663983,0.22726045694161132
2,2,203066.81597288442,0.5605,2.3674483,0.22803874563052595
2,2,203071.81597366673,0.5605,2.3685937,0.22881703710301393
2,2,203076.81597444904,0.5605,2.3696818,0.2295953308314218
2,2,203081.81597523135,0.5605,2.3706365,0.23037362364446462
2,2,203086.81597601366,0.5605,2.371801,0.23115191735319304
2,2,203091.81597679597,0.5605,2.372889,0.23193021166663708
2,2,203096.81597757828,0.5605,2.3739772,0.2327085049533878
2,2,203101.8159783606,0.5605,2.37476,0.23348679962336694
2,2,203106.8159791429,0.5605,2.376058,0.23426509097846357
2,2,203111.81597992522,0.5605,2.37707,0.23504337963924812
2,2,203116.81598070753,0.5605,2.37812,0.2358216711013947
2,2,203121.81598148984,0.5605,2.3791316,0.23659996343371942
2,2,203126.81598227215,0.5605,2.3801434,0.2373782549086479
2,2,203131.81598305446,0.5605,2.3813078,0.23815654663545566
2,2,203136.81598383677,0.5605,2.3824341,0.23893483641566843
2,2,203141.81598461908,0.5605,2.3833888,0.23971312887776902
2,2,203146.8159854014,0.5605,2.3845723,0.24049142090156023
2,2,203151.8159861837,0.5605,2.385584,0.2412697094325921
2,2,203156.81598696602,0.5605,2.386787,0.24204799675501396
2,2,203161.81598774833,0.5605,2.387875,0.24282628462791783
2,2,203166.81598853064,0.5605,2.3889058,0.24360457047505188
2,2,203171.81598931295,0.5605,2.3899176,0.2443828539940815
2,2,203176.81599009526,0.5605,2.3911395,0.24516114173339812
2,2,203181.81599087757,0.5605,2.3921702,0.24593942993544216
2,2,203186.81599165988,0.5605,2.3933158,0.24671771891158165
2,2,203191.8159924422,0.5605,2.3945184,0.2474960075395737
2,2,203196.8159932245,0.5605,2.3956256,0.24827429464613734
2,2,203201.81599400658,0.5605,2.39679,0.2490525812560188
2,2,203206.8159947889,0.5605,2.3979166,0.24983086951928676
2,2,203211.8159955712,0.5605,2.3990428,0.25060915826300456
2,2,203216.8159963535,0.5605,2.399921,0.2513874467634559
2,2,203221.81599713583,0.5605,2.401181,0.2521657341694303
2,2,203226.81599791814,0.5605,2.4023454,0.2529440246361859
2,2,203231.81599870045,0.5605,2.4035099,0.25372231525045974
2,2,203236.81599948276,0.5605,2.404598,0.25450060407138875
2,2,203241.81600026507,0.5605,2.4057052,0.25527889452960767
2,2,203246.81600104738,0.5605,2.4067552,0.2560571826511821
2,2,203251.8160018297,0.5605,2.407958,0.25683547168072407
2,2,203256.816002612,0.5605,2.4091415,0.2576137608784604
2,2,203261.8160033943,0.5605,2.4103825,0.25839205161341705
2,2,203266.81600417662,0.5605,2.4114325,0.2591703437614806
2,2,203271.81600495894,0.5605,2.4127686,0.259948634812683
2,2,203276.81600574125,0.5605,2.4138186,0.2607269284315541
2,2,203281.81600652356,0.5605,2.4150214,0.26150522270082444
2,2,203286.81600730587,0.5605,2.416205,0.2622835164712271
2,2,203291.81600808818,0.5605,2.4174078,0.2630618116498292
2,2,203296.8160088705,0.5605,2.418496,0.26384010918975875
2,2,203301.8160096528,0.5605,2.4196222,0.26461840842107937
2,2,203306.8160104351,0.5605,2.4208248,0.26539670789416636
2,2,203311.81601121742,0.5605,2.4218557,0.26617500911619935
2,2,203316.81601199973,0.5605,2.4230776,0.266953310221841
2,2,203321.81601278204,0.5605,2.424261,0.2677316134524015
2,2,203326.81601356436,0.5605,2.4253683,0.26850991579877675
2,2,203331.81601434667,0.5605,2.4266856,0.2692882210591767
2,2,203336.81601512898,0.5605,2.4279456,0.2700665251489878
2,2,203341.8160159113,0.5605,2.4288237,0.27084482844168617
2,2,203346.8160166936,0.5605,2.430122,0.27162312897795443
2,2,203351.8160174759,0.5605,2.4313436,0.2724014280591111
2,2,203356.81601825822,0.5605,2.4324508,0.27317972756002684
2,2,203361.81601904053,0.5605,2.4335961,0.27395802439722755
2,2,203366.81601982284,0.5605,2.434818,0.27473631867489223
2,2,203371.81602060515,0.5605,2.436078,0.275514616596169
2,2,203376.81602138747,0.5605,2.4371278,0.2762929168125259
2,2,203381.81602216978,0.5605,2.438407,0.27707121289372116
2,2,203386.8160229521,0.5605,2.4393234,0.2778495107458863
2,2,203391.8160237344,0.5605,2.4404688,0.27862780927572317
2,2,203396.8160245167,0.5605,2.4418051,0.2794061101143989
2,2,203401.81602529902,0.5605,2.4427595,0.2801844136903021
2,2,203406.81602608133,0.5605,2.4440577,0.2809627149183651
2,2,203411.81602686364,0.5605,2.4451077,0.28174101727416784
2,2,203416.81602764595,0.5605,2.4463103,0.28251932093867665
2,2,203421.81602842826,0.5605,2.4473221,0.2832976189898386
2,2,203426.81602921057,0.5605,2.4484866,0.2840759180938768
2,2,203431.8160299929,0.5605,2.4497657,0.2848542187315226
2,2,203436.8160307752,0.5605,2.4509685,0.2856325232011974
2,2,203441.8160315575,0.5605,2.4521902,0.2864108266259035
2,2,203446.81603233982,0.5605,2.4533165,0.2871891272331609
2,2,203451.81603312213,0.5605,2.4543283,0.2879674301356442
2,2,203456.81603390444,0.5605,2.4555118,0.2887457296302584
2,2,203461.81603468675,0.5605,2.4566383,0.28952402836236696
2,2,203466.81603546906,0.5605,2.4577456,0.2903023279112711
2,2,203471.81603625137,0.5605,2.4589863,0.29108062618065883
2,2,203476.81603703368,0.5605,2.460151,0.291858926550395
2,2,203481.816037816,0.5605,2.4613154,0.29263722333862724
2,2,203486.8160385983,0.5605,2.4623845,0.29341552146170213
2,2,203491.81603938062,0.5605,2.463549,0.2941938201129603
2,2,203496.81604016293,0.5605,2.4646943,0.29497211865543005
2,2,203501.81604094524,0.5605,2.4657252,0.29575041345750963
2,2,203506.81604172755,0.5605,2.466928,0.2965287085321083
2,2,203511.81604250986,0.5605,2.4680161,0.2973070034292705
2,2,203516.81604329217,0.5605,2.4689896,0.2980852976196012
2,2,203521.81604407448,0.5605,2.4700396,0.29886359423921843
2,2,203526.8160448568,0.5605,2.471414,0.29964189141540404
2,2,203531.8160456391,0.5605,2.4723496,0.3004201890845101
2,2,203536.81604642142,0.5605,2.4733803,0.3011984901538658
2,2,203541.81604720373,0.5605,2.4744494,0.301976790643659
2,2,203546.81604798604,0.5605,2.4756331,0.3027550879611043
2,2,203551.81604876835,0.5605,2.4766638,0.30353338349469844
2,2,203556.81604955066,0.5605,2.4777522,0.3043116801886957
2,2,203561.81605033297,0.5605,2.4787066,0.30508997865249726
2,2,203566.81605111528,0.5605,2.4795847,0.3058682748006948
2,2,203571.8160518976,0.5605,2.4808447,0.3066465695322886
2,2,203576.8160526799,0.5605,2.4818184,0.30742486360169136
2,2,203581.81605346198,0.5605,2.482811,0.308203160381112
2,2,203586.8160542443,0.5605,2.48388,0.30898145617656264
2,2,203591.8160550266,0.5605,2.4847772,0.3097597498122224
2,2,203596.81605580891,0.5605,2.485942,0.31053804118024325
2,2,203601.81605659123,0.5605,2.4868772,0.3113163338033128
2,2,203606.81605737354,0.5605,2.487851,0.31209462557718837
2,2,203611.81605815585,0.5605,2.4887671,0.31287292084381
2,2,203616.81605893816,0.5605,2.4898744,0.31365121685328434
2,2,203621.81605972047,0.5605,2.4907334,0.3144295130612885
2,2,203626.81606050278,0.5605,2.4918215,0.31520780910276064
2,2,203631.8160612851,0.5605,2.492757,0.31598610614238537
2,2,203636.8160620674,0.5605,2.493578,0.316764402339111
2,2,203641.8160628497,0.5605,2.494666,0.317542699811737
2,2,203646.81606363202,0.5605,2.495487,0.3183209975817272
2,2,203651.81606441434,0.5605,2.496346,0.31909929237691914
2,2,203656.81606519665,0.5605,2.4973006,0.3198775868876082
2,2,203661.81606597896,0.5605,2.4980643,0.32065588568011283
2,2,203666.81606676127,0.5605,2.499076,0.3214341853951218
2,2,203671.81606754358,0.5605,2.4997633,0.3222124838501681
2,2,203676.8160683259,0.5605,2.5005841,0.3229907827102809
2,2,203681.8160691082,0.5605,2.5016913,0.32376908105684343
2,2,203686.8160698905,0.5605,2.5023594,0.32454737742206147
2,2,203691.81607067282,0.5605,2.5032377,0.3253256747654414
2,2,203696.81607145513,0.5605,2.5040777,0.3261039721096988
2,2,203701.81607223745,0.5605,2.5049558,0.32688227007483467
2,2,203706.81607301976,0.5605,2.5058148,0.32766056689993894
2,2,203711.81607380207,0.5605,2.5065784,0.3284388653010695
2,2,203716.81607458438,0.5605,2.5074375,0.3292171633473041
2,2,203721.8160753667,0.5605,2.5082583,0.3299954618775681
2,2,203726.816076149,0.5605,2.5089457,0.33077376225981137
2,2,203731.8160769313,0.5605,2.5097094,0.33155206155073996
2,2,203736.81607771362,0.5605,2.5105493,0.3323303591783844
2,2,203741.81607849593,0.5605,2.511332,0.33310865837289916
2,2,203746.81607927824,0.5605,2.5119047,0.3338869608958532
2,2,203751.81608006055,0.5605,2.5126681,0.33466526042224
2,2,203756.81608084287,0.5605,2.5133746,0.3354435587345894
2,2,203761.81608162518,0.5605,2.5141573,0.33622185799858995
2,2,203766.8160824075,0.5605,2.5148637,0.3370001566983199
2,2,203771.8160831898,0.5605,2.5155318,0.33777845480798047
2,2,203776.8160839721,0.5605,2.5162954,0.33855675192489254
2,2,203781.81608475442,0.5605,2.5169635,0.33933505150757926
2,2,203786.81608553673,0.5605,2.5177844,0.34011335075626137
2,2,203791.81608631904,0.5605,2.5183954,0.34089164766055374
2,2,203796.81608710135,0.5605,2.5191207,0.34166994453995453
2,2,203801.8160878832,0.5605,2.5199416,0.3424482447986705
2,2,203806.8160886655,0.5605,2.520419,0.3432265432874894
2,2,203811.81608944782,0.5605,2.5212588,0.3440048397063616
2,2,203816.81609023013,0.5605,2.5219653,0.3447831380400495
2,2,203821.81609101244,0.5605,2.5226333,0.34556143427979974
2,2,203826.81609179475,0.5605,2.5232444,0.34633973059844997
2,2,203831.81609257706,0.5605,2.523817,0.3471180253296232
2,2,203836.81609335938,0.5605,2.5243897,0.34789632106365787
2,2,203841.8160941417,0.5605,2.5251915,0.34867461892244245
2,2,203846.816094924,0.5605,2.5259552,0.3494529159374703
2,2,203851.8160957063,0.5605,2.5264897,0.35023121255585243
2,2,203856.81609648862,0.5605,2.5268905,0.3510095045339732
2,2,203861.81609727093,0.5605,2.5277877,0.3517877948671151
2,2,203866.81609805324,0.5605,2.528265,0.35256608739427747
2,2,203871.81609883555,0.5605,2.5287614,0.35334437972790356
2,2,203876.81609961786,0.5605,2.5293531,0.35412267215490695
2,2,203881.81610040017,0.5605,2.5299258,0.3549009659726423
2,2,203886.81610118248,0.5605,2.5306513,0.3556792581328652
2,2,203891.8161019648,0.5605,2.5313194,0.35645754973281774
2,2,203896.8161027471,0.5605,2.531644,0.35723584265517544
2,2,203901.81610352942,0.5605,2.532465,0.35801413923687425
2,2,203906.81610431173,0.5605,2.533152,0.3587924373118879
2,2,203911.81610509404,0.5605,2.5337248,0.35957073695835157
2,2,203916.81610587635,0.5605,2.5342593,0.36034903943021446
2,2,203921.81610665866,0.5605,2.534813,0.36112733887091625
2,2,203926.81610744097,0.5605,2.5351758,0.3619056402596601
2,2,203931.81610822328,0.5605,2.5359392,0.3626839410334198
2,2,203936.8161090056,0.5605,2.5364356,0.36346224070410277
2,2,203941.8161097879,0.5605,2.537142,0.3642405421210661
2,2,203946.81611057022,0.5605,2.5377147,0.36501884032512716
2,2,203951.81611135253,0.5605,2.538211,0.3657971427024107
2,2,203956.81611213484,0.5605,2.5387456,0.36657544674193204
2,2,203961.81611291715,0.5605,2.5392992,0.36735374831422507
2,2,203966.81611369946,0.5605,2.5398338,0.36813205092755297
2,2,203971.81611448177,0.5605,2.540311,0.36891035566333935
2,2,203976.81611526408,0.5605,2.540922,0.3696886605603563
2,2,203981.8161160464,0.5605,2.5414374,0.37046696181579436
2,2,203986.8161168287,0.5605,2.5419528,0.37124526222981685
2,2,203991.81611761102,0.5605,2.5425255,0.3720235625145502
2,2,203996.81611839333,0.5605,2.5431364,0.37280186068819304
2,2,204001.81611917564,0.5605,2.5435755,0.3735801564045847
2,2,204006.81611995795,0.5605,2.5441673,0.3743584548768501
2,2,204011.81612074026,0.5605,2.5447018,0.37513675296658944
2,2,204016.81612152257,0.5605,2.5453508,0.3759150479384562
2,2,204021.81612230488,0.5605,2.54579,0.3766933460922308
2,2,204026.8161230872,0.5605,2.546439,0.3774716410046552
2,2,204031.8161238695,0.5605,2.54684,0.378249937433935
2,2,204036.8161246518,0.5605,2.5474126,0.3790282364683252
2,2,204041.81612543412,0.5605,2.5479662,0.3798065358687508
2,2,204046.81612621644,0.5605,2.5483289,0.38058483568775336
2,2,204051.81612699875,0.5605,2.5489016,0.3813631357978849
2,2,204056.81612778106,0.5605,2.5493026,0.3821414346591666
2,2,204061.81612856337,0.5605,2.5498562,0.3829197306818897
2,2,204066.81612934568,0.5605,2.5503335,0.3836980266071791
2,2,204071.816130128,0.5605,2.5509062,0.38447632115111097
2,2,204076.8161309103,0.5605,2.5513833,0.3852546145930258
2,2,204081.8161316926,0.5605,2.5517461,0.3860329090660182
2,2,204086.81613247492,0.5605,2.5524333,0.38681120431166566
2,2,204091.81613325723,0.5605,2.5528343,0.3875894961579443
2,2,204096.81613403955,0.5605,2.5533116,0.3883677899140518
2,2,204101.81613482186,0.5605,2.5539033,0.38914608095844927
2,2,204106.81613560417,0.5605,2.5543232,0.38992437153829146
2,2,204111.81613638648,0.5605,2.5548196,0.3907026633177996
2,2,204116.8161371688,0.5605,2.5553923,0.3914809553043909
2,2,204121.8161379511,0.5605,2.5556977,0.3922592473879755
2,2,204126.8161387334,0.5605,2.5562131,0.3930375416805049
2,2,204131.81613951572,0.5605,2.5568242,0.39381583539360765
2,2,204136.81614029803,0.5605,2.5573204,0.39459413062657583
2,2,204141.81614108034,0.5605,2.5579123,0.3953724232534568
2,2,204146.81614186266,0.5605,2.5581605,0.3961507168068588
2,2,204151.81614264497,0.5605,2.5587142,0.3969290083343387
2,2,204156.81614342728,0.5605,2.5592868,0.397707301582502
2,2,204161.8161442096,0.5605,2.5595922,0.398485592825575
2,2,204166.8161449919,0.5605,2.5601459,0.3992638818800085
2,2,204171.8161457742,0.5605,2.5605848,0.40004217276382775
2,2,204176.81614655652,0.5605,2.561062,0.40082046266514393
2,2,204181.81614733906,0.5605,2.5615203,0.40159875101621945
2,2,204186.81614812138,0.5605,2.561902,0.40237703882429005
2,2,204191.8161489037,0.5605,2.562494,0.4031553281572627
2,2,204196.816149686,0.5605,2.562742,0.4039336169204745
2,2,204201.8161504683,0.5605,2.5634103,0.40471190011301306
2,2,204206.81615125062,0.5605,2.5640402,0.4054901809588472
2,2,204211.81615203293,0.5605,2.5645938,0.40626846543480954
2,2,204216.81615281524,0.5605,2.5647848,0.40704674754428866
2,2,204221.81615359755,0.5605,2.5652812,0.4078250297510889
2,2,204226.81615437986,0.5605,2.565701,0.4086033101700843
2,2,204231.81615516217,0.5605,2.566121,0.40938159306932825
2,2,204236.81615594449,0.5605,2.5668657,0.41015987262929815
2,2,204241.8161567268,0.5605,2.567152,0.41093815508021253
2,2,204246.8161575091,0.5605,2.567629,0.4117164347251455
2,2,204251.81615829142,0.5605,2.56803,0.41249472027408085
2,2,204256.81615907373,0.5605,2.5685456,0.4132730053544475
2,2,204261.81615985604,0.5605,2.5689082,0.41405128989903134
2,2,204266.81616063835,0.5605,2.569519,0.4148295745906002
2,2,204271.81616142066,0.5605,2.5698056,0.4156078612722655
2,2,204276.81616220297,0.5605,2.5702827,0.41638614866814017
2,2,204281.81616298528,0.5605,2.5708745,0.4171644311717848
2,2,204286.8161637676,0.5605,2.5714664,0.4179427158279419
2,2,204291.8161645499,0.5605,2.5716572,0.41872100324946643
2,2,204296.81616533222,0.5605,2.5723064,0.4194992875351012
2,2,204301.81616611453,0.5605,2.5727453,0.4202775703088674
2,2,204306.81616689684,0.5605,2.5731082,0.42105585568805537
2,2,204311.81616767915,0.5605,2.5735853,0.4218341392559045
2,2,204316.81616846146,0.5605,2.573929,0.42261242505989804
2,2,204321.81616924377,0.5605,2.5745971,0.42339071041315135
2,2,204326.81617002608,0.5605,2.5749981,0.42416899797231294
2,2,204331.8161708084,0.5605,2.5754945,0.42494728493639167
2,2,204336.8161715907,0.5605,2.5759907,0.4257255726699697
2,2,204341.81617237302,0.5605,2.576487,0.4265038603121307
2,2,204346.81617315533,0.5605,2.5767353,0.4272821485919191
2,2,204351.81617393764,0.5605,2.5771935,0.4280604364534451
2,2,204356.81617471995,0.5605,2.57769,0.4288387239132623
2,2,204361.81617550226,0.5605,2.578186,0.42961701414261594
2,2,204366.81617628457,0.5605,2.5786633,0.4303953054650956
2,2,204371.81617706688,0.5605,2.5791216,0.4311735954187645
2,2,204376.8161778492,0.5605,2.5796943,0.4319518866513835
2,2,204381.8161786315,0.5605,2.5800188,0.43273017715612716
2,2,204386.8161794138,0.5605,2.580496,0.4335084691335625
2,2,204391.81618019613,0.5605,2.5808396,0.43428676157522533
2,2,204396.81618097844,0.5605,2.5812597,0.4350650567656822
2,2,204401.81618176075,0.5605,2.581756,0.4358433472482893
2,2,204406.81618254306,0.5605,2.5822523,0.43662163714810875
2,2,204411.81618332537,0.5605,2.582806,0.43739992460609145
2,2,204416.81618410768,0.5605,2.583264,0.438178212591764
2,2,204421.81618489,0.5605,2.5835886,0.43895650191257063
2,2,204426.8161856723,0.5605,2.5841231,0.43973479397830034
2,2,204431.8161864546,0.5605,2.584505,0.44051308667778305
2,2,204436.81618723692,0.5605,2.585116,0.44129137987274925
2,2,204441.81618801923,0.5605,2.5854404,0.4420696730644802
2,2,204446.81618880155,0.5605,2.585975,0.44284796709677243
2,2,204451.81618958386,0.5605,2.5862613,0.44362626067371497
2,2,204456.81619036617,0.5605,2.5867767,0.44440455440367255
2,2,204461.81619114848,0.5605,2.5870821,0.44518284591015833
2,2,204466.8161919308,0.5605,2.5875595,0.44596113772432333
2,2,204471.8161927131,0.5605,2.5881321,0.44673942806344225
2,2,204476.8161934954,0.5605,2.5885332,0.44751772002501616
2,2,204481.8161942775,0.5605,2.589125,0.448296012232393
2,2,204486.8161950598,0.5605,2.5894876,0.44907430328082043
2,2,204491.8161958421,0.5605,2.590003,0.4498525935434699
2,2,204496.81619662442,0.5605,2.5904613,0.450630884609037
2,2,204501.81619740673,0.5605,2.5909386,0.4514091725816727
2,2,204506.81619818904,0.5605,2.591072,0.45218746112551295
2,2,204511.81619897136,0.5605,2.5916638,0.452965747450408
2,2,204516.81619975367,0.5605,2.592122,0.45374403507768113
2,2,204521.81620053598,0.5605,2.592542,0.4545223231148885
2,2,204526.8162013183,0.5605,2.5930383,0.45530061107586817
2,2,204531.8162021006,0.5605,2.5934203,0.4560789014092286
2,2,204536.8162028829,0.5605,2.5938976,0.45685718994813157
2,2,204541.81620366522,0.5605,2.594203,0.4576354812383088
2,2,204546.81620444753,0.5605,2.5948138,0.458413775468962
2,2,204551.81620522984,0.5605,2.595272,0.45919206777744487
2,2,204556.81620601215,0.5605,2.5956156,0.4599703606779012
2,2,204561.81620679446,0.5605,2.5961502,0.4607486523350808
2,2,204566.81620757678,0.5605,2.5966465,0.4615269442217217
2,2,204571.8162083591,0.5605,2.5970283,0.4623052365095383
2,2,204576.8162091414,0.5605,2.5975246,0.4630835284660756
2,2,204581.8162099237,0.5605,2.5979445,0.4638618195631934
2,2,204586.81621070602,0.5605,2.5985556,0.4646401113786498
2,2,204591.81621148833,0.5605,2.598861,0.46541840354363445
2,2,204596.81621227064,0.5605,2.5993574,0.46619669600093355
2,2,204601.81621305295,0.5605,2.5998728,0.46697498560209066
2,2,204606.81621383526,0.5605,2.6001592,0.4677532755470573
2,2,204611.81621461757,0.5605,2.60077,0.468531563016302
2,2,204616.8162153999,0.5605,2.6012664,0.469309850223518
2,2,204621.8162161822,0.5605,2.6016862,0.4700881392811801
2,2,204626.8162169645,0.5605,2.6020873,0.47086642912695464
2,2,204631.81621774682,0.5605,2.60266,0.471644719824367
2,2,204636.81621852913,0.5605,2.6030035,0.47242301205375453
2,2,204641.81621931144,0.5605,2.603519,0.47320130504348207
2,2,204646.81622009375,0.5605,2.6038435,0.47397959726590577
2,2,204651.81622087606,0.5605,2.6044352,0.474757888409141
2,2,204656.81622165837,0.5605,2.6049697,0.4755361800981462
2,2,204661.81622244068,0.5605,2.6053517,0.4763144722625779
2,2,204666.816223223,0.5605,2.6057525,0.4770927665729092
2,2,204671.8162240053,0.5605,2.6063442,0.4778710590078202
2,2,204676.81622478762,0.5605,2.6067643,0.4786493536845446
2,2,204681.81622556993,0.5605,2.6070888,0.4794276476766666
2,2,204686.81622635224,0.5605,2.607738,0.4802059367677106
2,2,204691.81622713455,0.5605,2.6081579,0.4809842274918523
2,2,204696.81622791686,0.5605,2.6085014,0.4817625172496306
2,2,204701.81622869917,0.5605,2.609017,0.48254080779382924
2,2,204706.81622948148,0.5605,2.6095133,0.4833190981597338
2,2,204711.8162302638,0.5605,2.6100478,0.48409738848349787
2,2,204716.8162310461,0.5605,2.6105442,0.4848756773686509
2,2,204721.81623182842,0.5605,2.6109643,0.485653965971003
2,2,204726.81623261073,0.5605,2.6114414,0.486432254292508
2,2,204731.81623339304,0.5605,2.6118805,0.4872105441190336
2,2,204736.81623417535,0.5605,2.6122622,0.4879888351705704
2,2,204741.81623495766,0.5605,2.6127968,0.4887671274227434
2,2,204746.81623573997,0.5605,2.613274,0.48954542028309245
2,2,204751.81623652228,0.5605,2.6134841,0.490323711414665
2,2,204756.8162373046,0.5605,2.6140568,0.4911020002575385
2,2,204761.8162380869,0.5605,2.6145723,0.49188028847857984
2,2,204766.8162388692,0.5605,2.6150687,0.49265857557462656
2,2,204771.81623965153,0.5605,2.6155076,0.4934368639127347
2,2,204776.81624043384,0.5605,2.615985,0.49421515270766947
2,2,204781.81624121615,0.5605,2.6165576,0.4949934431348145
2,2,204786.81624199846,0.5605,2.6169586,0.49577173309485784
2,2,204791.81624278077,0.5605,2.6174166,0.49655002213330074
2,2,204796.81624356308,0.5605,2.617913,0.49732831250081133
2,2,204801.8162443454,0.5605,2.6184475,0.49810659935170415
2,2,204806.8162451277,0.5605,2.618944,0.4988848833529453
2,2,204811.81624591,0.5605,2.6193256,0.49966316788190607
2,2,204816.81624669232,0.5605,2.6197076,0.5004414488302569
2,2,204821.81624747464,0.5605,2.6202612,0.5012197294579248
2,2,204826.81624825695,0.5605,2.6207767,0.5019980114635263
2,2,204831.81624903926,0.5605,2.6211393,0.5027762972608871
2,2,204836.81624982157,0.5605,2.621693,0.5035545835427476
2,2,204841.81625060388,0.5605,2.6221511,0.5043328733512229
2,2,204846.8162513862,0.5605,2.622571,0.5051111618236137
2,2,204851.8162521685,0.5605,2.6232965,0.5058894541262222
2,2,204856.8162529508,0.5605,2.62364,0.50666774138092
2,2,204861.8162537329,0.5605,2.6240602,0.5074460299287868
2,2,204866.8162545152,0.5605,2.624671,0.5082243170956903
2,2,204871.8162552975,0.5605,2.6251292,0.5090026032400893
2,2,204876.81625607982,0.5605,2.625702,0.5097808934881224
2,2,204881.81625686213,0.5605,2.6260645,0.510559184342636
2,2,204886.81625764444,0.5605,2.6264465,0.5113374743899968
2,2,204891.81625842676,0.5605,2.6271336,0.5121157640146481
2,2,204896.81625920907,0.5605,2.6275728,0.5128940540470415
2,2,204901.81625999138,0.5605,2.6279545,0.5136723446316553
2,2,204906.8162607737,0.5605,2.6284127,0.514450634685225
2,2,204911.816261556,0.5605,2.6290236,0.5152289220576088
2,2,204916.8162623383,0.5605,2.6295962,0.5160072084909347
2,2,204921.81626312062,0.5605,2.6301117,0.5167854942003622
2,2,204926.81626390293,0.5605,2.630608,0.5175637824317681
2,2,204931.81626468524,0.5605,2.631238,0.5183420693390006
2,2,204936.81626546755,0.5605,2.6315053,0.5191203575343193
2,2,204941.81626624987,0.5605,2.6319635,0.5198986440108982
2,2,204946.81626703218,0.5605,2.6323836,0.5206769328070814
2,2,204951.8162678145,0.5605,2.6330326,0.5214552236242395
2,2,204956.8162685968,0.5605,2.6334336,0.5222335163132814
2,2,204961.8162693791,0.5605,2.6338534,0.5230118073796101
2,2,204966.81627016142,0.5605,2.6345408,0.5237900975956256
2,2,204971.81627094373,0.5605,2.6351135,0.5245683907017212
2,2,204976.81627172604,0.5605,2.6355333,0.5253466836977536
2,2,204981.81627250835,0.5605,2.6360679,0.5261249757963784
2,2,204986.81627329066,0.5605,2.6364498,0.5269032702128623
2,2,204991.81627407297,0.5605,2.6370034,0.5276815646526285
2,2,204996.8162748553,0.5605,2.6374805,0.5284598604584735
2,2,205001.8162756376,0.5605,2.6380916,0.5292381537028883
2,2,205006.8162764199,0.5605,2.638626,0.5300164488851661
2,2,205011.81627720222,0.5605,2.639237,0.5307947444551754
2,2,205016.81627798453,0.5605,2.6396952,0.5315730393599902
2,2,205021.81627876684,0.5605,2.640287,0.532351331942979
2,2,205026.81627954915,0.5605,2.6405923,0.5331296232911019
2,2,205031.81628033146,0.5605,2.641184,0.5339079122543569
2,2,205036.81628111377,0.5605,2.6417758,0.5346862020768922
2,2,205041.81628189608,0.5605,2.642387,0.5354644915794566
2,2,205046.8162826784,0.5605,2.6429977,0.5362427814540236
2,2,205051.8162834607,0.5605,2.6434176,0.5370210700938605
2,2,205056.81628424302,0.5605,2.6440287,0.5377993600436882
2,2,205061.81628502533,0.5605,2.6443532,0.5385776506490644
2,2,205066.81628580764,0.5605,2.644983,0.5393559409366783
2,2,205071.81628658995,0.5605,2.6454413,0.5401342317937383
2,2,205076.81628737226,0.5605,2.6459758,0.54091252081327
2,2,205081.8162881541,0.5605,2.6466057,0.5416908086594412
2,2,205086.81628893642,0.5605,2.6472166,0.5424690957639055
2,2,205091.81628971873,0.5605,2.6476367,0.5432473832597867
2,2,205096.81629050104,0.5605,2.6484194,0.5440256734156909
2,2,205101.81629128335,0.5605,2.648801,0.5448039636332064
2,2,205106.81629206566,0.5605,2.6493547,0.545582255122738
2,2,205111.81629284797,0.5605,2.649851,0.5463605475191443
2,2,205116.81629363028,0.5605,2.6503284,0.5471388400110074
2,2,205121.8162944126,0.5605,2.650863,0.5479171318539946
2,2,205126.8162951949,0.5605,2.6512065,0.5486954205326076
2,2,205131.81629597722,0.5605,2.651951,0.5494737097252013
2,2,205136.81629675953,0.5605,2.6525238,0.550251999365926
2,2,205141.81629754184,0.5605,2.6530964,0.5510302885262007
2,2,205146.81629832415,0.5605,2.6537073,0.5518085792014898
2,2,205151.81629910646,0.5605,2.6542037,0.5525868706330891
2,2,205156.81629988877,0.5605,2.654662,0.5533651631164918
2,2,205161.81630067108,0.5605,2.6552155,0.554143457796554
2,2,205166.8163014534,0.5605,2.6558454,0.5549217485827608
2,2,205171.8163022357,0.5605,2.656418,0.5557000369680593
2,2,205176.81630301801,0.5605,2.6569717,0.556478323971891
2,2,205181.81630380033,0.5605,2.6575637,0.5572566097422443
2,2,205186.81630458264,0.5605,2.6578882,0.5580348963470098
2,2,205191.81630536495,0.5605,2.6587472,0.558813180799213
2,2,205196.81630614726,0.5605,2.6593008,0.5595914680463244
2,2,205201.81630692957,0.5605,2.6598926,0.5603697539545698
2,2,205206.81630771188,0.5605,2.6602745,0.5611480404381622
2,2,205211.8163084942,0.5605,2.661038,0.561926326760693
2,2,205216.8163092765,0.5605,2.6615152,0.5627046134287816
2,2,205221.8163100588,0.5605,2.662279,0.5634829004846383
2,2,205226.81631084112,0.5605,2.6627944,0.5642611862360573
2,2,205231.81631162344,0.5605,2.663348,0.5650394692914223
2,2,205236.81631240575,0.5605,2.664016,0.5658177502014904
2,2,205241.81631318806,0.5605,2.6644933,0.5665960321392683
2,2,205246.81631397037,0.5605,2.665085,0.5673743151619965
2,2,205251.81631475268,0.5605,2.665658,0.568152598774324
2,2,205256.816315535,0.5605,2.666288,0.5689308807676866
2,2,205261.8163163173,0.5605,2.6668415,0.5697091614245376
2,2,205266.8163170996,0.5605,2.6675286,0.5704874460434683
2,2,205271.81631788192,0.5605,2.668025,0.5712657330376938
2,2,205276.81631866423,0.5605,2.6687124,0.5720440196770994
2,2,205281.81631944655,0.5605,2.669266,0.5728223048978018
2,2,205286.81632022886,0.5605,2.669934,0.5736005892830658
2,2,205291.81632101117,0.5605,2.6704495,0.574378873936481
2,2,205296.81632179348,0.5605,2.6712132,0.5751571598835455
2,2,205301.8163225758,0.5605,2.6717858,0.575935444923838
2,2,205306.8163233581,0.5605,2.6723967,0.5767137292128768
2,2,205311.8163241404,0.5605,2.6731222,0.5774920137731068
2,2,205316.81632492272,0.5605,2.673733,0.5782702980238562
2,2,205321.81632570503,0.5605,2.6742294,0.5790485818221137
2,2,205326.81632648734,0.5605,2.6748786,0.5798268641508187
2,2,205331.81632726965,0.5605,2.6755276,0.5806051454134781
2,2,205336.81632805197,0.5605,2.6761193,0.5813834247305061
2,2,205341.81632883428,0.5605,2.676902,0.5821617022261321
2,2,205346.8163296166,0.5605,2.6774747,0.5829399807070393
2,2,205351.8163303989,0.5605,2.6780665,0.5837182574191788
2,2,205356.8163311812,0.5605,2.6787539,0.584496536146591
2,2,205361.81633196352,0.5605,2.679441,0.5852748164202736
2,2,205366.81633274583,0.5605,2.6800902,0.5860530964450372
2,2,205371.81633352814,0.5605,2.6807773,0.5868313771100673
2,2,205376.81633431045,0.5605,2.6814075,0.5876096592530045
2,2,205381.81633509276,0.5605,2.6819801,0.5883879397100309
2,2,205386.81633587508,0.5605,2.6827438,0.5891662216457294
2,2,205391.8163366574,0.5605,2.683469,0.5899445051841636
2,2,205396.8163374397,0.5605,2.6840417,0.5907227874628107
2,2,205401.816338222,0.5605,2.6846719,0.5915010686091615
2,2,205406.81633900432,0.5605,2.685378,0.5922793516194953
2,2,205411.81633978663,0.5605,2.6860082,0.5930576366004546
2,2,205416.81634056894,0.5605,2.6867526,0.5938359176282253
2,2,205421.81634135125,0.5605,2.6873446,0.5946141962683499
2,2,205426.81634213356,0.5605,2.6881654,0.5953924764616059
2,2,205431.81634291587,0.5605,2.6887763,0.5961707576316628
2,2,205436.81634369818,0.5605,2.6892917,0.5969490369881093
2,2,205441.8163444805,0.5605,2.6899216,0.5977273166458573
2,2,205446.8163452628,0.5605,2.6906662,0.5985055954609314
2,2,205451.81634604512,0.5605,2.6913152,0.599283875618961
2,2,205456.81634682743,0.5605,2.6920025,0.6000621581964822
2,2,205461.81634760997,0.5605,2.6927087,0.6008404381682606
2,2,205466.81634839228,0.5605,2.6934342,0.6016187215902175
2,2,205471.8163491746,0.5605,2.694007,0.6023970048347743
2,2,205476.8163499569,0.5605,2.6950378,0.6031752860807974
2,2,205481.81635073922,0.5605,2.6955914,0.6039535678278306
2,2,205486.81635152153,0.5605,2.696298,0.6047318475744823
2,2,205491.81635230384,0.5605,2.696966,0.605510126667771
2,2,205496.81635308615,0.5605,2.6976533,0.6062884086634218
2,2,205501.81635386846,0.5605,2.6983213,0.6070666913926667
2,2,205506.81635465077,0.5605,2.699066,0.6078449745008216
2,2,205511.81635543308,0.5605,2.6998487,0.6086232565701305
2,2,205516.8163562154,0.5605,2.7003832,0.6094015399003955
2,2,205521.8163569977,0.5605,2.701204,0.6101798237052757
2,2,205526.81635778002,0.5605,2.7019296,0.6109581063977743
2,2,205531.81635856233,0.5605,2.7025976,0.6117363884824049
2,2,205536.81635934464,0.5605,2.7032466,0.6125146735915109
2,2,205541.81636012695,0.5605,2.7040102,0.6132929578886063
2,2,205546.81636090926,0.5605,2.7047358,0.6140712428459026
2,2,205551.81636169157,0.5605,2.7054613,0.6148495297519431
2,2,205556.81636247388,0.5605,2.7061293,0.6156278152296641
2,2,205561.8163632562,0.5605,2.7069502,0.6164061024407843
2,2,205566.8163640385,0.5605,2.707752,0.6171843920650183
2,2,205571.8163648208,0.5605,2.7085538,0.6179626851743094
2,2,205576.81636560312,0.5605,2.7091455,0.6187409774278501
2,2,205581.81636638544,0.5605,2.7100236,0.6195192669684754
2,2,205586.81636716775,0.5605,2.7105582,0.620297556400501
2,2,205591.81636795006,0.5605,2.7114556,0.621075844839202
2,2,205596.81636873237,0.5605,2.7122383,0.621854133532279
2,2,205601.81636951468,0.5605,2.71304,0.6226324256349702
2,2,205606.816370297,0.5605,2.7137272,0.6234107169377306
2,2,205611.8163710793,0.5605,2.7144718,0.6241890075229141
2,2,205616.8163718616,0.5605,2.715159,0.6249672961426641
2,2,205621.81637264392,0.5605,2.7158082,0.6257455865290661
2,2,205626.81637342623,0.5605,2.7167053,0.6265238782570626
2,2,205631.81637420855,0.5605,2.7174118,0.6273021687835255
2,2,205636.81637499086,0.5605,2.7179654,0.6280804630404213
2,2,205641.81637577317,0.5605,2.7188244,0.6288587558176053
2,2,205646.81637655548,0.5605,2.7196453,0.6296370481499068
2,2,205651.8163773378,0.5605,2.7204852,0.6304153393475743
2,2,205656.8163781201,0.5605,2.7212298,0.6311936307739051
2,2,205661.8163789024,0.5605,2.7218978,0.6319719212222793
2,2,205666.81637968472,0.5605,2.7227187,0.6327502100591061
2,2,205671.81638046703,0.5605,2.7233298,0.6335284996429117
2,2,205676.81638124934,0.5605,2.7243989,0.6343067901460725
2,2,205681.81638203165,0.5605,2.7252197,0.6350850795649718
2,2,205686.81638281397,0.5605,2.7258878,0.635863369240456
2,2,205691.81638359628,0.5605,2.7266896,0.6366416574127142
2,2,205696.8163843786,0.5605,2.7274342,0.6374199458639784
2,2,205701.8163851609,0.5605,2.728255,0.6381982347460154
2,2,205706.8163859432,0.5605,2.7290378,0.6389765235774283
2,2,205711.81638672552,0.5605,2.7296104,0.6397548136545483
2,2,205716.81638750783,0.5605,2.7304504,0.6405331043076281
2,2,205721.81638829014,0.5605,2.7313476,0.6413113941669694
2,2,205726.81638907245,0.5605,2.7322447,0.6420896760937669
2,2,205731.81638985476,0.5605,2.7331803,0.6428679542728694
2,2,205736.81639063708,0.5605,2.733791,0.6436462298151948
2,2,205741.8163914194,0.5605,2.734612,0.6444245038611424
2,2,205746.8163922017,0.5605,2.735471,0.6452027891837953
2,2,205751.816392984,0.5605,2.7363112,0.6459810716837742
2,2,205756.8163937661,0.5605,2.7372084,0.6467593553489875
2,2,205761.8163945484,0.5605,2.737972,0.647537640169713
2,2,205766.8163953307,0.5605,2.738831,0.6483159276189437
2,2,205771.81639611302,0.5605,2.7398236,0.6490942121777764
2,2,205776.81639689533,0.5605,2.7406447,0.6498724967638252
2,2,205781.81639767764,0.5605,2.7414272,0.6506507806109982
2,2,205786.81639845995,0.5605,2.7421908,0.6514290656860502
2,2,205791.81639924226,0.5605,2.7430882,0.6522073507402968
2,2,205796.81640002457,0.5605,2.7440045,0.6529856345405213
2,2,205801.81640080689,0.5605,2.7447681,0.6537639178316293
2,2,205806.8164015892,0.5605,2.7457035,0.6545422017928824
2,2,205811.8164023715,0.5605,2.7466962,0.6553204857971633
2,2,205816.81640315382,0.5605,2.7474408,0.6560987679664755
2,2,205821.81640393613,0.5605,2.7482808,0.6568770509506561
2,2,205826.81640471844,0.5605,2.7490826,0.6576553361047802
2,2,205831.81640550075,0.5605,2.7500942,0.6584336227310861
2,2,205836.81640628306,0.5605,2.7509344,0.6592119062886401
2,2,205841.81640706537,0.5605,2.7518315,0.6599901902885004
2,2,205846.81640784768,0.5605,2.7526715,0.6607684782338735
2,2,205851.81640863,0.5605,2.7534542,0.6615467644658483
2,2,205856.8164094123,0.5605,2.7544277,0.6623250489259723
2,2,205861.81641019462,0.5605,2.7552679,0.6631033307463424
2,2,205866.81641097693,0.5605,2.7562032,0.6638816099711753
2,2,205871.81641175924,0.5605,2.7570622,0.6646598899523579
2,2,205876.81641254155,0.5605,2.7579021,0.6654381732210182
2,2,205881.81641332386,0.5605,2.7589521,0.6662164579613602
2,2,205886.81641410617,0.5605,2.7598877,0.6669947411346564
2,2,205891.81641488848,0.5605,2.7609568,0.6677730243688884
2,2,205896.8164156708,0.5605,2.7619112,0.6685513099208735
2,2,205901.8164164531,0.5605,2.7627892,0.6693295981404447
2,2,205906.81641723542,0.5605,2.763591,0.670107885700305
2,2,205911.81641801773,0.5605,2.764412,0.670886174698081
2,2,205916.81641880004,0.5605,2.7654238,0.6716644667355316
2,2,205921.81641958235,0.5605,2.7663784,0.6724427578725051
2,2,205926.81642036466,0.5605,2.7674665,0.6732210457839135
2,2,205931.81642114697,0.5605,2.7683256,0.6739993327385052
2,2,205936.81642192928,0.5605,2.769261,0.6747776201741859
2,2,205941.8164227116,0.5605,2.7703109,0.6755559094100327
2,2,205946.8164234939,0.5605,2.7710745,0.6763341991590358
2,2,205951.8164242762,0.5605,2.7720864,0.6771124891411195
2,2,205956.81642505853,0.5605,2.7730408,0.6778907800816228
2,2,205961.81642584084,0.5605,2.7740145,0.6786690704658028
2,2,205966.81642662315,0.5605,2.7750835,0.6794473594625755
2,2,205971.81642740546,0.5605,2.7758853,0.6802256478003724
2,2,205976.81642818777,0.5605,2.7770498,0.6810039353323178
2,2,205981.81642897008,0.5605,2.7780807,0.6817822216863795
2,2,205986.8164297524,0.5605,2.779016,0.6825605084632467
2,2,205991.8164305347,0.5605,2.780047,0.6833387976580856
2,2,205996.816431317,0.5605,2.7809632,0.684117087066223
2,2,206001.81643209932,0.5605,2.782166,0.6848953726224863
2,2,206006.81643288163,0.5605,2.7831013,0.685673662848022
2,2,206011.81643366395,0.5605,2.7841513,0.6864519526877831
2,2,206016.81643444626,0.5605,2.785125,0.6872302397025656
2,2,206021.81643522857,0.5605,2.7860985,0.6880085278440811
2,2,206026.81643601088,0.5605,2.7871485,0.688786811765091
2,2,206031.8164367932,0.5605,2.7881603,0.6895650944349829
2,2,206036.8164375755,0.5605,2.7892675,0.6903433758545218
2,2,206041.8164383578,0.5605,2.7902603,0.6911216600824923
2,2,206046.81643914012,0.5605,2.7913103,0.6918999432560468
2,2,206051.81643992243,0.5605,2.7923028,0.6926782298202976
2,2,206056.81644070474,0.5605,2.7933338,0.693456517274661
2,2,206061.81644148706,0.5605,2.794422,0.6942348017099034
2,2,206066.81644226937,0.5605,2.795472,0.6950130871599148
2,2,206071.81644305168,0.5605,2.7964456,0.695791375016156
2,2,206076.816443834,0.5605,2.797629,0.6965696624401871
2,2,206081.8164446163,0.5605,2.798679,0.6973479506822192
2,2,206086.8164453986,0.5605,2.7999582,0.6981262421431207
2,2,206091.81644618092,0.5605,2.8010845,0.6989045352405174
2,2,206096.81644696323,0.5605,2.8021154,0.6996828275299963
2,2,206101.81644774554,0.5605,2.8032608,0.7004611196781361
2,2,206106.81644852785,0.5605,2.804387,0.7012394125978678
2,2,206111.81644931016,0.5605,2.805399,0.7020177041125526
2,2,206116.81645009248,0.5605,2.8065062,0.7027959979281455
2,2,206121.8164508748,0.5605,2.807747,0.7035742899052795
2,2,206126.8164516571,0.5605,2.808854,0.7043525835269686
2,2,206131.8164524394,0.5605,2.8099997,0.705130873166531
2,2,206136.81645322172,0.5605,2.811107,0.7059091655139357
2,2,206141.81645400403,0.5605,2.812176,0.7066874541379277
2,2,206146.81645478634,0.5605,2.8134933,0.7074657444823977
2,2,206151.81645556865,0.5605,2.8146958,0.7082440376939936
2,2,206156.81645635096,0.5605,2.8158793,0.7090223305534916
2,2,206161.81645713327,0.5605,2.817063,0.7098006222344071
2,2,206166.8164579156,0.5605,2.8183038,0.7105789137233857
2,2,206171.8164586979,0.5605,2.8194685,0.7113572009016637
2,2,206176.8164594802,0.5605,2.8208048,0.7121354873312576
2,2,206181.81646026252,0.5605,2.8219311,0.7129137743785477
2,2,206186.81646104483,0.5605,2.8231146,0.7136920621870256
2,2,206191.81646182714,0.5605,2.8244128,0.7144703502115969
2,2,206196.81646260945,0.5605,2.8258445,0.7152486365156469
2,2,206201.81646339176,0.5605,2.8267035,0.7160269268905219
2,2,206206.81646417407,0.5605,2.828078,0.7168052165813841
2,2,206211.81646495638,0.5605,2.8292618,0.7175835017910498
2,2,206216.8164657387,0.5605,2.8306172,0.7183617884168424
2,2,206221.816466521,0.5605,2.8317053,0.7191400754281677
2,2,206226.81646730332,0.5605,2.833137,0.7199183647009562
2,2,206231.81646808563,0.5605,2.8346643,0.7206966519668132
2,2,206236.81646886794,0.5605,2.8359435,0.721474938785387
2,2,206241.81646965025,0.5605,2.837146,0.7222532267975373
2,2,206246.81647043256,0.5605,2.8385396,0.7230315147871405
2,2,206251.81647121487,0.5605,2.8399522,0.7238098028418153
2,2,206256.81647199718,0.5605,2.8412504,0.724588091434018
2,2,206261.8164727795,0.5605,2.842644,0.7253663788848018
2,2,206266.8164735618,0.5605,2.843885,0.7261446658435559
2,2,206271.81647434412,0.5605,2.8452785,0.7269229506540095
2,2,206276.81647512643,0.5605,2.8465576,0.7277012365092199
2,2,206281.81647590874,0.5605,2.8479893,0.7284795225589932
2,2,206286.81647669105,0.5605,2.8492303,0.7292578070111402
2,2,206291.81647747336,0.5605,2.8507574,0.7300360928343828
2,2,206296.81647825567,0.5605,2.85217,0.7308143821818294
2,2,206301.81647903798,0.5605,2.8537545,0.731592673645125
2,2,206306.8164798203,0.5605,2.8550909,0.7323709644152187
2,2,206311.8164806026,0.5605,2.8564653,0.7331492555017898
2,2,206316.8164813849,0.5605,2.8578017,0.7339275443123642
2,2,206321.81648216723,0.5605,2.8593671,0.734705835101167
2,2,206326.81648294954,0.5605,2.861009,0.7354841257875062
2,2,206331.81648373185,0.5605,2.862269,0.7362624147319592
2,2,206336.81648451416,0.5605,2.863777,0.7370407048299144
2,2,206341.81648529647,0.5605,2.8651323,0.7378189956704871
2,2,206346.81648607878,0.5605,2.8667169,0.7385972862999237
2,2,206351.8164868611,0.5605,2.8683205,0.7393755768678449
2,2,206356.81648764294,0.5605,2.8697906,0.7401538679412103
2,2,206361.81648842525,0.5605,2.8714705,0.7409321555274059
2,2,206366.81648920756,0.5605,2.8731313,0.7417104446911146
2,2,206371.81648998987,0.5605,2.8746777,0.7424887326801481
2,2,206376.81649077218,0.5605,2.8765483,0.7432670209131469
2,2,206381.8164915545,0.5605,2.8781328,0.7440453051950133
2,2,206386.8164923368,0.5605,2.879813,0.7448235925519032
2,2,206391.8164931191,0.5605,2.8814738,0.7456018780825764
2,2,206396.81649390142,0.5605,2.8830009,0.7463801684625145
2,2,206401.81649468374,0.5605,2.8847382,0.7471584579511712
2,2,206406.81649546605,0.5605,2.88659,0.7479367493961351
2,2,206411.81649624836,0.5605,2.8882318,0.7487150386993252
2,2,206416.81649703067,0.5605,2.8900642,0.7494933313546376
2,2,206421.81649781298,0.5605,2.8919542,0.7502716237784555
2,2,206426.8164985953,0.5605,2.8937678,0.7510499154492116
2,2,206431.8164993776,0.5605,2.895696,0.751828210130072
2,2,206436.8165001599,0.5605,2.897605,0.7526065005189375
2,2,206441.81650094222,0.5605,2.8997622,0.753384788962218
2,2,206446.81650172453,0.5605,2.9014614,0.754163078172031
2,2,206451.81650250684,0.5605,2.903561,0.7549413668188251
2,2,206456.81650328916,0.5605,2.9056993,0.7557196570969751
2,2,206461.81650407147,0.5605,2.907742,0.7564979448974692
2,2,206466.81650485378,0.5605,2.9097655,0.7572762363615331
2,2,206471.8165056361,0.5605,2.9118845,0.7580545274715255
2,2,206476.8165064184,0.5605,2.9139845,0.7588328158943881
2,2,206481.8165072007,0.5605,2.9163518,0.7596111046572258
2,2,206486.81650798302,0.5605,2.9186425,0.7603893921704952
2,2,206491.81650876533,0.5605,2.9207997,0.761167680752648
2,2,206496.81650954764,0.5605,2.9230523,0.7619459700969686
2,2,206501.81651032995,0.5605,2.9254959,0.762724260095745
2,2,206506.81651111227,0.5605,2.9279013,0.7635025533499119
2,2,206511.81651189458,0.5605,2.930421,0.7642808446499073
2,2,206516.8165126769,0.5605,2.932884,0.7650591332491568
2,2,206521.8165134592,0.5605,2.9353275,0.7658374250240952
2,2,206526.8165142415,0.5605,2.9380383,0.7666157151128581
2,2,206531.81651502382,0.5605,2.9405582,0.7673940032660065
2,2,206536.81651580613,0.5605,2.9430017,0.7681722942661574
2,2,206541.81651658844,0.5605,2.9454262,0.7689505831690858
2,2,206546.81651737075,0.5605,2.948137,0.7697288686364356
2,2,206551.81651815306,0.5605,2.9506187,0.7705071545602842
2,2,206556.81651893537,0.5605,2.9533105,0.771285444320493
2,2,206561.8165197177,0.5605,2.9558685,0.7720637345249418
2,2,206566.8165205,0.5605,2.958522,0.7728420215539697
2,2,206571.8165212823,0.5605,2.9613285,0.773620309062825
2,2,206576.81652206462,0.5605,2.9638484,0.7743985951433443
2,2,206581.81652284693,0.5605,2.9662728,0.7751768800493409
2,2,206586.81652362924,0.5605,2.9689264,0.7759551616005662
2,2,206591.81652441155,0.5605,2.9714081,0.7767334454203045
2,2,206596.81652519386,0.5605,2.974138,0.7775117308596402
2,2,206601.81652597617,0.5605,2.9766006,0.7782900188907812
2,2,206606.81652675848,0.5605,2.9791396,0.7790683058701816
2,2,206611.8165275408,0.5605,2.981583,0.7798465926463004
2,2,206616.8165283231,0.5605,2.9842558,0.7806248811080385
2,2,206621.81652910542,0.5605,2.9867375,0.7814031704645351
2,2,206626.81652988773,0.5605,2.9892576,0.7821814629835515
2,2,206631.81653067004,0.5605,2.991644,0.7829597559980547
2,2,206636.81653145235,0.5605,2.9939537,0.7837380495066737
2,2,206641.81653223466,0.5605,2.996302,0.7845163404954733
2,2,206646.81653301697,0.5605,2.9986691,0.7852946352407529
2,2,206649.55593344755,0.5605,3.0000246,0.7857210487987228
2,2,206649.55613344768,0.5605,3.0001009,0.7857210799295334
3,1,206649.55693344772,-0.5605,2.9488354,-6.165517701043023e-08
3,1,206654.5569342305,-0.5605,2.6193447,-0.0007787478501896063
3,1,206659.5569350128,-0.5605,2.48514,-0.001557437704384327
3,1,206664.55693579512,-0.5605,2.3868442,-0.0023361266685426236
3,1,206669.55693657743,-0.5605,2.3095856,-0.003114815695418252
3,1,206674.55693735974,-0.5605,2.246244,-0.003893505779988236
3,1,206679.55693814205,-0.5605,2.1949866,-0.004672196381840441
3,1,206684.55693892436,-0.5605,2.1549351,-0.005450884391321077
3,1,206689.55693970667,-0.5605,2.1234744,-0.006229572585354249
3,1,206694.55694048898,-0.5605,2.0973396,-0.00700826177638438
3,1,206699.5569412713,-0.5605,2.0740685,-0.007786952508065436
3,1,206704.5569420536,-0.5605,2.0526302,-0.008565645817799701
3,1,206709.55694283592,-0.5605,2.032318,-0.009344336988558372
3,1,206714.55694361823,-0.5605,2.0127125,-0.01012302970718344
3,1,206719.55694440054,-0.5605,1.9935648,-0.010901721405211423
3,1,206724.55694518285,-0.5605,1.9744555,-0.011680410251809492
3,1,206729.55694596516,-0.5605,1.9557278,-0.012459099104351468
3,1,206734.55694674747,-0.5605,1.9372675,-0.013237786958956057
3,1,206739.55694752978,-0.5605,1.9191699,-0.014016474599308439
3,1,206744.5569483121,-0.5605,1.9016068,-0.014795163657082453
3,1,206749.5569490944,-0.5605,1.884941,-0.015573850825316378
3,1,206754.5569498767,-0.5605,1.8687906,-0.016352535448491575
3,1,206759.55695065903,-0.5605,1.8537856,-0.017131220776246656
3,1,206764.55695144134,-0.5605,1.8397734,-0.017909909759564534
3,1,206769.55695222365,-0.5605,1.8269447,-0.018688598857379623
3,1,206774.55695300596,-0.5605,1.8154333,-0.019467287265575596
3,1,206779.55695378827,-0.5605,1.8051817,-0.020245974522799255
3,1,206784.55695457058,-0.5605,1.796362,-0.021024662460625173
3,1,206789.5569553529,-0.5605,1.7886305,-0.021803355072018173
3,1,206794.5569561352,-0.5605,1.7821398,-0.02258204728448391
3,1,206799.5569569175,-0.5605,1.7768327,-0.023360739377101262
3,1,206804.55695769982,-0.5605,1.7724801,-0.024139432269808317
3,1,206809.55695848214,-0.5605,1.7691774,-0.024918120463083185
3,1,206814.55695926445,-0.5605,1.766352,-0.02569680862217148
3,1,206819.55696004676,-0.5605,1.764443,-0.026475495532373584
3,1,206824.55696082907,-0.5605,1.7628586,-0.0272541814390454
3,1,206829.55696161138,-0.5605,1.7617513,-0.0280328664160139
3,1,206834.5569623937,-0.5605,1.7609304,-0.028811549674693078
3,1,206839.556963176,-0.5605,1.760186,-0.02959023215794894
3,1,206844.5569639583,-0.5605,1.7598041,-0.030368913870291572
3,1,206849.55696474062,-0.5605,1.7595369,-0.03114759683823254
3,1,206854.55696552293,-0.5605,1.7592505,-0.031926278132385674
3,1,206859.55696630524,-0.5605,1.7590405,-0.03270495930555794
3,1,206864.55696708756,-0.5605,1.7588878,-0.033483638814472486
3,1,206869.55696786987,-0.5605,1.7588305,-0.0342623208774858
3,1,206874.55696865218,-0.5605,1.7589451,-0.035041001644157695
3,1,206879.5569694345,-0.5605,1.7588115,-0.03581968292926748
3,1,206884.5569702168,-0.5605,1.7587351,-0.036598365149504604
3,1,206889.5569709991,-0.5605,1.7589068,-0.03737704682766066
3,1,206894.55697178142,-0.5605,1.7589833,-0.03815572748522294
3,1,206899.55697256373,-0.5605,1.7588496,-0.0389344111151066
3,1,206904.55697334604,-0.5605,1.7589451,-0.03971309733906388
3,1,206909.55697412835,-0.5605,1.7589068,-0.04049178117773267
3,1,206914.55697491067,-0.5605,1.7588878,-0.0412704632002347
3,1,206919.55697569298,-0.5605,1.7589833,-0.042049149357454636
3,1,206924.5569764753,-0.5605,1.7590595,-0.04282783456676866
3,1,206929.5569772576,-0.5605,1.7591169,-0.04360651907535062
3,1,206934.5569780399,-0.5605,1.7590595,-0.04438520465285909
3,1,206939.55697882222,-0.5605,1.7589833,-0.04516389035010668
3,1,206944.55697960453,-0.5605,1.7590405,-0.04594257696359686
3,1,206949.55698038684,-0.5605,1.7590978,-0.046721261890126584
3,1,206954.55698116915,-0.5605,1.7592887,-0.047499947680248136
3,1,206959.55698195146,-0.5605,1.7591741,-0.04827863420752351
3,1,206964.55698273377,-0.5605,1.7592505,-0.04905732067239614
3,1,206969.5569835161,-0.5605,1.7592887,-0.04983600675282212
3,1,206974.5569842984,-0.5605,1.7591932,-0.05061469139797487
3,1,206979.5569850807,-0.5605,1.7591741,-0.05139337412816947
3,1,206984.55698586302,-0.5605,1.7592314,-0.05217205949796238
3,1,206989.55698664533,-0.5605,1.7591932,-0.05295074519665041
3,1,206994.55698742764,-0.5605,1.759136,-0.053729430118789265
3,1,206999.55698820995,-0.5605,1.7591932,-0.05450811364047725
3,1,207004.55698899226,-0.5605,1.7592314,-0.05528679892940322
3,1,207009.55698977457,-0.5605,1.7592124,-0.056065487228267714
3,1,207014.55699055688,-0.5605,1.7590978,-0.05684417394224802
3,1,207019.5569913392,-0.5605,1.759136,-0.05762286084135373
3,1,207024.5569921215,-0.5605,1.7591741,-0.05840154812480012
3,1,207029.55699290382,-0.5605,1.759136,-0.059180232838140584
3,1,207034.55699368613,-0.5605,1.7590405,-0.05995891758115423
3,1,207039.55699446844,-0.5605,1.7590405,-0.0607376024217175
3,1,207044.55699525075,-0.5605,1.7590978,-0.061516283437838146
3,1,207049.55699603306,-0.5605,1.7590595,-0.0622949659621583
3,1,207054.55699681537,-0.5605,1.7590787,-0.06307365070269835
3,1,207059.55699759768,-0.5605,1.7590214,-0.06385233537320295
3,1,207064.55699838,-0.5605,1.7589451,-0.06463101983730328
3,1,207069.5569991623,-0.5605,1.7590787,-0.06540970516268411
3,1,207074.55699994462,-0.5605,1.7589259,-0.06618838922684722
3,1,207079.55700072693,-0.5605,1.7588878,-0.06696707513005534
3,1,207084.55700150924,-0.5605,1.7588115,-0.06774576113273699
3,1,207089.55700229155,-0.5605,1.7587541,-0.0685244505569438
3,1,207094.55700307386,-0.5605,1.7587732,-0.06930313727548054
3,1,207099.55700385617,-0.5605,1.7585633,-0.07008182523732713
3,1,207104.55700463848,-0.5605,1.7586205,-0.07086051601722172
3,1,207109.5570054208,-0.5605,1.7587732,-0.07163921000099512
3,1,207114.5570062031,-0.5605,1.7586205,-0.07241790458779532
3,1,207119.55700698541,-0.5605,1.7586778,-0.07319659879496691
3,1,207124.55700776773,-0.5605,1.758506,-0.07397529424489535
3,1,207129.55700855004,-0.5605,1.7584296,-0.07475399393954539
3,1,207134.55700933235,-0.5605,1.7583723,-0.07553268869995075
3,1,207139.55701011466,-0.5605,1.7582387,-0.076311381074359
3,1,207144.55701089697,-0.5605,1.7584296,-0.07709007390748128
3,1,207149.55701167928,-0.5605,1.7583723,-0.0778687669712338
3,1,207154.5570124616,-0.5605,1.7580287,-0.0786474581109285
3,1,207159.5570132439,-0.5605,1.7581433,-0.07942614911327757
3,1,207164.5570140262,-0.5605,1.7581433,-0.08020483972938522
3,1,207169.55701480852,-0.5605,1.7580287,-0.0809835301475326
3,1,207174.55701559084,-0.5605,1.7581242,-0.08176221874561904
3,1,207179.55701637315,-0.5605,1.7579906,-0.08254090769730672
3,1,207184.55701715546,-0.5605,1.757857,-0.08331959565371273
3,1,207189.55701793777,-0.5605,1.7578378,-0.0840982845752239
3,1,207194.55701872008,-0.5605,1.7577996,-0.08487697224088177
3,1,207199.5570195024,-0.5605,1.7576469,-0.08565566220768953
3,1,207204.5570202847,-0.5605,1.7576851,-0.08643435058065915
3,1,207209.557021067,-0.5605,1.7575897,-0.08721303874106207
3,1,207214.55702184932,-0.5605,1.7575133,-0.0879917292134861
3,1,207219.55702263163,-0.5605,1.7573606,-0.08877042213034628
3,1,207224.55702341394,-0.5605,1.757246,-0.08954911384252374
3,1,207229.55702419626,-0.5605,1.7572842,-0.09032780360357297
3,1,207234.55702497857,-0.5605,1.7571315,-0.09110649531482325
3,1,207239.55702576088,-0.5605,1.7570742,-0.09188518590274783
3,1,207244.5570265432,-0.5605,1.7570742,-0.0926638763555818
3,1,207249.5570273255,-0.5605,1.7570169,-0.09344256622031992
3,1,207254.5570281078,-0.5605,1.7567496,-0.09422125524093375
3,1,207259.55702889012,-0.5605,1.7567115,-0.09499994428894916
3,1,207264.55702967243,-0.5605,1.756616,-0.09577863410469889
3,1,207269.55703045474,-0.5605,1.7564824,-0.0965573234528866
3,1,207274.55703123705,-0.5605,1.7564061,-0.09733600946345262
3,1,207279.55703201937,-0.5605,1.7563679,-0.09811469335175553
3,1,207284.55703280168,-0.5605,1.756196,-0.09889337787976198
3,1,207289.557033584,-0.5605,1.7562724,-0.09967206395678718
3,1,207294.5570343663,-0.5605,1.7560815,-0.10045075158503651
3,1,207299.5570351486,-0.5605,1.7560433,-0.1012294358517362
3,1,207304.55703593092,-0.5605,1.7560052,-0.10200812257554465
3,1,207309.55703671323,-0.5605,1.7558525,-0.10278680948296852
3,1,207314.55703749554,-0.5605,1.755757,-0.10356549661860201
3,1,207319.55703827785,-0.5605,1.7558334,-0.10434418390551209
3,1,207324.55703906016,-0.5605,1.7556424,-0.10512286968057685
3,1,207329.55703984248,-0.5605,1.755547,-0.10590155697683824
3,1,207334.5570406248,-0.5605,1.7554134,-0.10668024103572965
3,1,207339.5570414071,-0.5605,1.7554516,-0.1074589267855419
3,1,207344.5570421894,-0.5605,1.7551843,-0.10823761207214991
3,1,207349.55704297172,-0.5605,1.7551843,-0.10901629668134451
3,1,207354.55704375403,-0.5605,1.7551079,-0.10979497943156627
3,1,207359.55704453634,-0.5605,1.7550888,-0.11057366202563379
3,1,207364.55704531865,-0.5605,1.7548597,-0.11135234262293578
3,1,207369.55704610096,-0.5605,1.7547643,-0.11213102459361819
3,1,207374.55704688327,-0.5605,1.754707,-0.11290970737156274
3,1,207379.55704766558,-0.5605,1.7545352,-0.11368838971055217
3,1,207384.5570484479,-0.5605,1.7545352,-0.11446707293225661
3,1,207389.5570492302,-0.5605,1.7544206,-0.1152457545178003
3,1,207394.55705001252,-0.5605,1.7543253,-0.11602443644044136
3,1,207399.55705079483,-0.5605,1.754287,-0.1168031189875636
3,1,207404.55705157714,-0.5605,1.7542298,-0.11758180233214963
3,1,207409.55705235945,-0.5605,1.7539625,-0.11836048535855613
3,1,207414.55705314176,-0.5605,1.7540007,-0.11913916771668528
3,1,207419.55705392407,-0.5605,1.7538289,-0.11991784921125903
3,1,207424.55705470638,-0.5605,1.7536571,-0.12069653463484183
3,1,207429.5570554887,-0.5605,1.7535807,-0.12147521830732624
3,1,207434.557056271,-0.5605,1.7534089,-0.12225390083370276
3,1,207439.55705705332,-0.5605,1.7534661,-0.12303258055199187
3,1,207444.55705783563,-0.5605,1.7534089,-0.12381126258817647
3,1,207449.55705861794,-0.5605,1.7532179,-0.12458994199412068
3,1,207454.55705940025,-0.5605,1.7531607,-0.12536861937021548
3,1,207459.55706018256,-0.5605,1.7530462,-0.12614729907341468
3,1,207464.55706096487,-0.5605,1.7529697,-0.12692598327876795
3,1,207469.55706174718,-0.5605,1.7528362,-0.127704666623248
3,1,207474.5570625295,-0.5605,1.7527789,-0.12848335121503474
3,1,207479.5570633118,-0.5605,1.7526262,-0.12926203359574742
3,1,207484.55706409412,-0.5605,1.7525307,-0.13004071460088096
3,1,207489.55706487643,-0.5605,1.7524735,-0.130819396868772
3,1,207494.55706565874,-0.5605,1.7522634,-0.13159807811988397
3,1,207499.55706644105,-0.5605,1.7522253,-0.13237675945832336
3,1,207504.55706722336,-0.5605,1.7520344,-0.13315544347876976
3,1,207509.55706800567,-0.5605,1.7520726,-0.13393412757700354
3,1,207514.55706878798,-0.5605,1.7519008,-0.134712811782827
3,1,207519.5570695703,-0.5605,1.7516717,-0.13549149676042135
3,1,207524.5570703526,-0.5605,1.7517289,-0.13627018343648317
3,1,207529.5570711349,-0.5605,1.7516526,-0.13704887193875515
3,1,207534.55707191722,-0.5605,1.751519,-0.1378275609264573
3,1,207539.55707269954,-0.5605,1.7514616,-0.13860624894844498
3,1,207544.55707348185,-0.5605,1.7512898,-0.1393849388712943
3,1,207549.55707426416,-0.5605,1.7511562,-0.14016362956039446
3,1,207554.55707504647,-0.5605,1.7510226,-0.14094231850255864
3,1,207559.55707582878,-0.5605,1.750908,-0.14172100388769643
3,1,207564.5570766111,-0.5605,1.7508126,-0.14249968762232532
3,1,207569.5570773934,-0.5605,1.7506598,-0.14327837425453135
3,1,207574.5570781757,-0.5605,1.7506598,-0.14405706054492132
3,1,207579.55707895802,-0.5605,1.7504308,-0.14483574550760125
3,1,207584.55707974033,-0.5605,1.7503544,-0.14561443021684556
3,1,207589.55708052265,-0.5605,1.7502589,-0.14639311396319338
3,1,207594.55708130496,-0.5605,1.750049,-0.1471717993233469
3,1,207599.55708208727,-0.5605,1.7499917,-0.14795048558861018
3,1,207604.55708286958,-0.5605,1.7497627,-0.1487291715126104
3,1,207609.5570836519,-0.5605,1.7496862,-0.14950785687235
3,1,207614.5570844342,-0.5605,1.7497817,-0.15028654306775333
3,1,207619.5570852165,-0.5605,1.749419,-0.1510652273827394
3,1,207624.55708599882,-0.5605,1.7494954,-0.15184391233242553
3,1,207629.55708678113,-0.5605,1.7492853,-0.1526225999749833
3,1,207634.55708756298,-0.5605,1.7492472,-0.15340129230492977
3,1,207639.5570883453,-0.5605,1.7490754,-0.15417998270932173
3,1,207644.5570891276,-0.5605,1.7489227,-0.1549586751018564
3,1,207649.5570899099,-0.5605,1.7487699,-0.15573736445623637
3,1,207654.55709069222,-0.5605,1.7487317,-0.15651605540416638
3,1,207659.55709147453,-0.5605,1.748579,-0.1572947416675488
3,1,207664.55709225684,-0.5605,1.7485218,-0.15807342904324995
3,1,207669.55709303916,-0.5605,1.7481781,-0.1588521144260466
3,1,207674.55709382147,-0.5605,1.7481018,-0.15963080417467157
3,1,207679.55709460378,-0.5605,1.7480445,-0.1604094926103519
3,1,207684.5570953861,-0.5605,1.7478536,-0.16118817802548407
3,1,207689.5570961684,-0.5605,1.7478346,-0.16196686528598267
3,1,207694.5570969507,-0.5605,1.7476436,-0.1627455532411668
3,1,207699.55709773302,-0.5605,1.7476436,-0.16352424201829896
3,1,207704.55709851533,-0.5605,1.74751,-0.16430292972404426
3,1,207709.55709929764,-0.5605,1.7473,-0.16508161391731432
3,1,207714.55710007995,-0.5605,1.7471472,-0.16586029839699465
3,1,207719.55710086226,-0.5605,1.7472618,-0.16663898284409773
3,1,207724.55710164458,-0.5605,1.74709,-0.16741766682699652
3,1,207729.5571024269,-0.5605,1.7469945,-0.168196352905737
3,1,207734.5571032092,-0.5605,1.7467272,-0.16897503831546504
3,1,207739.5571039915,-0.5605,1.7466319,-0.1697537231017616
3,1,207744.55710477382,-0.5605,1.7464982,-0.17053241269470915
3,1,207749.55710555613,-0.5605,1.7464027,-0.17131110160833926
3,1,207754.55710633844,-0.5605,1.7462691,-0.17208978916865586
3,1,207759.55710712075,-0.5605,1.7460591,-0.17286847968851857
3,1,207764.55710790306,-0.5605,1.74583,-0.17364716674573885
3,1,207769.55710868537,-0.5605,1.74583,-0.17442585386116638
3,1,207774.55710946769,-0.5605,1.7456582,-0.1752045425139765
3,1,207779.55711025,-0.5605,1.7455246,-0.17598323004341457
3,1,207784.5571110323,-0.5605,1.7455246,-0.17676191786158416
3,1,207789.55711181462,-0.5605,1.7452955,-0.17754060779364572
3,1,207794.55711259693,-0.5605,1.7451237,-0.1783192966999842
3,1,207799.55711337924,-0.5605,1.7450473,-0.17909798474221097
3,1,207804.55711416155,-0.5605,1.7450092,-0.17987667157979145
3,1,207809.55711494386,-0.5605,1.7447801,-0.18065535978373887
3,1,207814.55711572617,-0.5605,1.7446274,-0.18143404931541285
3,1,207819.55711650848,-0.5605,1.7445319,-0.1822127361702621
3,1,207824.5571172908,-0.5605,1.744551,-0.18299142114913133
3,1,207829.5571180731,-0.5605,1.7442455,-0.18377010520788034
3,1,207834.55711885542,-0.5605,1.7441883,-0.18454879081201886
3,1,207839.55711963773,-0.5605,1.7440928,-0.18532747928105792
3,1,207844.55712042004,-0.5605,1.7438828,-0.18610616757131948
3,1,207849.55712120235,-0.5605,1.7437683,-0.18688485878341066
3,1,207854.55712198466,-0.5605,1.7436728,-0.18766354576647282
3,1,207859.55712276697,-0.5605,1.7435201,-0.1884422359219359
3,1,207864.55712354928,-0.5605,1.7434056,-0.1892209241708517
3,1,207869.5571243316,-0.5605,1.7433101,-0.18999961306942834
3,1,207874.5571251139,-0.5605,1.7431383,-0.1907783026563194
3,1,207879.55712589622,-0.5605,1.7430619,-0.1915569935710397
3,1,207884.55712667853,-0.5605,1.7427946,-0.19233568133382334
3,1,207889.55712746084,-0.5605,1.742661,-0.1931143714762297
3,1,207894.55712824315,-0.5605,1.7426419,-0.19389306107971072
3,1,207899.55712902546,-0.5605,1.7424892,-0.19467175029692385
3,1,207904.55712980777,-0.5605,1.7424511,-0.1954504385211203
3,1,207909.55713059008,-0.5605,1.7421457,-0.19622912764334016
3,1,207914.5571313724,-0.5605,1.7421647,-0.19700781533363793
3,1,207919.5571321547,-0.5605,1.7418975,-0.19778650316841404
3,1,207924.557132937,-0.5605,1.7418592,-0.19856519077577525
3,1,207929.55713371933,-0.5605,1.7416111,-0.1993438818405436
3,1,207934.55713450164,-0.5605,1.7416111,-0.20012257262933253
3,1,207939.55713528395,-0.5605,1.7414011,-0.2009012665439579
3,1,207944.55713606626,-0.5605,1.7413056,-0.20167996355649828
3,1,207949.55713684857,-0.5605,1.7411338,-0.2024586597267687
3,1,207954.55713763088,-0.5605,1.7410766,-0.2032373563761744
3,1,207959.5571384132,-0.5605,1.740962,-0.20401605140343637
3,1,207964.5571391955,-0.5605,1.7407329,-0.2047947445701526
3,1,207969.5571399778,-0.5605,1.7406183,-0.20557343314211232
3,1,207974.55714076012,-0.5605,1.7404084,-0.20635212313538787
3,1,207979.55714154243,-0.5605,1.7402365,-0.20713081274823344
3,1,207984.55714232475,-0.5605,1.7401793,-0.20790950242400166
3,1,207989.55714310706,-0.5605,1.7401029,-0.20868819209762743
3,1,207994.55714388937,-0.5605,1.7399693,-0.20946687860307095
3,1,207999.55714467168,-0.5605,1.7399502,-0.21024556981808937
3,1,208004.557145454,-0.5605,1.7395875,-0.21102425957196946
3,1,208009.5571462363,-0.5605,1.739473,-0.21180294798276156
3,1,208014.5571470186,-0.5605,1.7394156,-0.21258163854522835
3,1,208019.55714780092,-0.5605,1.7391866,-0.21336032903835506
3,1,208024.55714858323,-0.5605,1.7391102,-0.21413901686351164
3,1,208029.55714936554,-0.5605,1.7391102,-0.21491770160473384
3,1,208034.55715014786,-0.5605,1.7389575,-0.21569639223304388
3,1,208039.55715093017,-0.5605,1.738843,-0.21647508138407598
3,1,208044.55715171248,-0.5605,1.7385948,-0.2172537705436183
3,1,208049.5571524948,-0.5605,1.7385185,-0.2180324632376101
3,1,208054.5571532771,-0.5605,1.7383658,-0.21881115456554953
3,1,208059.5571540594,-0.5605,1.7381366,-0.2195898476115233
3,1,208064.55715484172,-0.5605,1.7380794,-0.22036853839123907
3,1,208069.55715562403,-0.5605,1.737984,-0.22114722914782162
3,1,208074.55715640634,-0.5605,1.7376785,-0.2219259192490809
3,1,208079.55715718865,-0.5605,1.737583,-0.22270461038693118
3,1,208084.55715797096,-0.5605,1.7375449,-0.22348329629847732
3,1,208089.55715875328,-0.5605,1.7374113,-0.2242619865338802
3,1,208094.5571595356,-0.5605,1.737144,-0.22504067370746528
3,1,208099.5571603179,-0.5605,1.7370676,-0.22581935984152218
3,1,208104.5571611002,-0.5605,1.7370294,-0.22659804872080347
3,1,208109.55716188252,-0.5605,1.7367239,-0.2273767371759315
3,1,208114.55716266483,-0.5605,1.7366285,-0.22815542716252799
3,1,208119.55716344714,-0.5605,1.7366476,-0.22893411530168184
3,1,208124.55716422945,-0.5605,1.7363422,-0.22971280667913285
3,1,208129.55716501176,-0.5605,1.7361703,-0.2304914954873124
3,1,208134.55716579407,-0.5605,1.7361512,-0.23127018862464685
3,1,208139.5571665764,-0.5605,1.7359222,-0.23204888315750155
3,1,208144.5571673587,-0.5605,1.7356931,-0.23282757337632107
3,1,208149.557168141,-0.5605,1.7356931,-0.23360626695753794
3,1,208154.55716892332,-0.5605,1.7355213,-0.23438495930692219
3,1,208159.55716970563,-0.5605,1.7351586,-0.23516364978142906
3,1,208164.55717048794,-0.5605,1.7351776,-0.23594234276358284
3,1,208169.55717127025,-0.5605,1.7349485,-0.23672103196875252
3,1,208174.55717205256,-0.5605,1.7350059,-0.23749971958383254
3,1,208179.55717283487,-0.5605,1.7347958,-0.23827840756362342
3,1,208184.55717361718,-0.5605,1.7346431,-0.2390570971394512
3,1,208189.5571743995,-0.5605,1.7345095,-0.23983579072671463
3,1,208194.5571751818,-0.5605,1.734414,-0.24061448016166684
3,1,208199.55717596412,-0.5605,1.7340895,-0.24139317055061787
3,1,208204.55717674643,-0.5605,1.7341086,-0.24217186133192642
3,1,208209.55717752874,-0.5605,1.7339749,-0.24295055113767913
3,1,208214.55717831105,-0.5605,1.7338604,-0.2437292413515316
3,1,208219.55717909336,-0.5605,1.7337458,-0.24450792856429018
3,1,208224.55717987567,-0.5605,1.7334595,-0.2452866172230707
3,1,208229.55718065798,-0.5605,1.733345,-0.24606530590952766
3,1,208234.5571814403,-0.5605,1.7332495,-0.24684399428781534
3,1,208239.5571822226,-0.5605,1.7330586,-0.24762268122711445
3,1,208244.55718300492,-0.5605,1.7330395,-0.248401370575428
3,1,208249.55718378723,-0.5605,1.7328105,-0.24918005972199636
3,1,208254.55718456954,-0.5605,1.7326005,-0.24995874917191926
3,1,208259.55718535185,-0.5605,1.7324096,-0.2507374379589127
3,1,208264.55718613416,-0.5605,1.7322568,-0.2515161259720855
3,1,208269.55718691647,-0.5605,1.7321614,-0.2522948146660857
3,1,208274.55718769878,-0.5605,1.732085,-0.25307350273352525
3,1,208279.5571884811,-0.5605,1.7319132,-0.2538521885480185
3,1,208284.5571892634,-0.5605,1.7317414,-0.25463087521238453
3,1,208289.5571900457,-0.5605,1.7317032,-0.2554095620449516
3,1,208294.55719082803,-0.5605,1.7313977,-0.25618824700760173
3,1,208299.55719161034,-0.5605,1.731245,-0.2569669303922454
3,1,208304.55719239265,-0.5605,1.7311878,-0.25774561712729593
3,1,208309.55719317496,-0.5605,1.7309014,-0.2585243033530016
3,1,208314.55719395727,-0.5605,1.7309206,-0.2593029879318938
3,1,208319.55719473958,-0.5605,1.7307869,-0.26008167063602794
3,1,208324.5571955219,-0.5605,1.730615,-0.2608603551633059
3,1,208329.5571963042,-0.5605,1.7303287,-0.2616390400341947
3,1,208334.5571970865,-0.5605,1.7302905,-0.26241772747537817
3,1,208339.55719786882,-0.5605,1.730195,-0.26319641497621593
3,1,208344.55719865113,-0.5605,1.7298896,-0.2639751029990745
3,1,208349.55719943345,-0.5605,1.7297369,-0.26475379178685937
3,1,208354.55720021576,-0.5605,1.7296988,-0.26553247816187137
3,1,208359.55720099807,-0.5605,1.7295842,-0.26631116716817343
3,1,208364.55720178038,-0.5605,1.7292979,-0.2670898557571503
3,1,208369.5572025627,-0.5605,1.7292215,-0.2678685453821453
3,1,208374.557203345,-0.5605,1.7290306,-0.2686472333140339
3,1,208379.5572041273,-0.5605,1.7289351,-0.2694259251932203
3,1,208384.55720490962,-0.5605,1.7288587,-0.2702046163860691
3,1,208389.55720569193,-0.5605,1.7286679,-0.2709833111169999
3,1,208394.55720647424,-0.5605,1.7284578,-0.2717620061693389
3,1,208399.55720725656,-0.5605,1.7282479,-0.2725406974375677
3,1,208404.55720803887,-0.5605,1.7282097,-0.2733193898676897
3,1,208409.55720882118,-0.5605,1.7280378,-0.27409808094499827
3,1,208414.5572096035,-0.5605,1.727866,-0.27487677258791515
3,1,208419.5572103858,-0.5605,1.7276943,-0.27565546523062046
3,1,208424.5572111681,-0.5605,1.7276561,-0.276434157065302
3,1,208429.55721195042,-0.5605,1.7274079,-0.27721284506752414
3,1,208434.55721273273,-0.5605,1.727217,-0.2779915326985716
3,1,208439.55721351504,-0.5605,1.7270261,-0.2787702177803913
3,1,208444.55721429735,-0.5605,1.7269306,-0.2795489032118353
3,1,208449.55721507967,-0.5605,1.726797,-0.2803275921110841
3,1,208454.55721586198,-0.5605,1.7267207,-0.28110628126227843
3,1,208459.5572166443,-0.5605,1.7265488,-0.28188497342128876
3,1,208464.5572174266,-0.5605,1.7263961,-0.28266366672438376
3,1,208469.5572182089,-0.5605,1.7262243,-0.2834423581160339
3,1,208474.55721899122,-0.5605,1.7260334,-0.28422105136728276
3,1,208479.55721977353,-0.5605,1.725957,-0.2849997412344713
3,1,208484.55722055584,-0.5605,1.7258234,-0.28577842877325405
3,1,208489.55722133815,-0.5605,1.7256325,-0.2865571126872532
3,1,208494.55722212046,-0.5605,1.7255371,-0.2873357955440183
3,1,208499.55722290277,-0.5605,1.7252507,-0.28811447825756664
3,1,208504.5572236851,-0.5605,1.7251552,-0.2888931619392434
3,1,208509.5572244674,-0.5605,1.7249835,-0.2896718449299633
3,1,208514.5572252497,-0.5605,1.7248307,-0.29045053037802043
3,1,208519.55722603202,-0.5605,1.7246207,-0.29122921804169477
3,1,208524.55722681433,-0.5605,1.7244108,-0.2920079067294398
3,1,208529.55722759664,-0.5605,1.7242389,-0.2927865975359711
3,1,208534.55722837895,-0.5605,1.7241052,-0.29356528862261433
3,1,208539.55722916126,-0.5605,1.7239716,-0.2943439765158295
3,1,208544.55722994357,-0.5605,1.7239525,-0.29512266482633015
3,1,208549.55723072588,-0.5605,1.7236853,-0.29590135321161476
3,1,208554.5572315082,-0.5605,1.7234371,-0.29668004143396015
3,1,208559.5572322905,-0.5605,1.7234371,-0.2974587312088641
3,1,208564.55723307282,-0.5605,1.7233417,-0.29823742302395895
3,1,208569.55723385513,-0.5605,1.722979,-0.2990161163567205
3,1,208574.55723463744,-0.5605,1.7230362,-0.2997948070442908
3,1,208579.55723541975,-0.5605,1.7227881,-0.3005734973715212
3,1,208584.55723620206,-0.5605,1.7224635,-0.30135218450443607
3,1,208589.55723698437,-0.5605,1.7224253,-0.3021308728964891
3,1,208594.55723776668,-0.5605,1.7222917,-0.3029095594339933
3,1,208599.557238549,-0.5605,1.7222153,-0.3036882475790844
3,1,208604.5572393313,-0.5605,1.7219099,-0.30446693773666345
3,1,208609.55724011362,-0.5605,1.7216617,-0.305245629899048
3,1,208614.55724089593,-0.5605,1.7214708,-0.30602432293347837
3,1,208619.55724167824,-0.5605,1.7214518,-0.30680301326433806
3,1,208624.55724246055,-0.5605,1.7212036,-0.30758170426696196
3,1,208629.55724324286,-0.5605,1.7210318,-0.30836039699166673
3,1,208634.55724402517,-0.5605,1.7208408,-0.3091390903690953
3,1,208639.55724480748,-0.5605,1.720879,-0.309917782809168
3,1,208644.5572455898,-0.5605,1.7205545,-0.31069647377683046
3,1,208649.5572463721,-0.5605,1.7203063,-0.31147516808587633
3,1,208654.55724715441,-0.5605,1.7202109,-0.3122538621998925
3,1,208659.55724793673,-0.5605,1.7199818,-0.31303255513903816
3,1,208664.55724871904,-0.5605,1.7198482,-0.3138112506290044
3,1,208669.55724950135,-0.5605,1.7196764,-0.31458994649196653
3,1,208674.55725028366,-0.5605,1.7195235,-0.3153686432607272
3,1,208679.55725106597,-0.5605,1.7192181,-0.3161473387352426
3,1,208684.55725184828,-0.5605,1.7192181,-0.3169260365266004
3,1,208689.5572526306,-0.5605,1.7190082,-0.31770472877653094
3,1,208694.5572534129,-0.5605,1.718989,-0.3184834201753469
3,1,208699.5572541952,-0.5605,1.7185882,-0.31926211480421146
3,1,208704.55725497752,-0.5605,1.7185309,-0.32004080897252085
3,1,208709.55725575984,-0.5605,1.718321,-0.3208195006381835
3,1,208714.55725654215,-0.5605,1.7181491,-0.3215981920563312
3,1,208719.55725732446,-0.5605,1.7179773,-0.3223768829511502
3,1,208724.55725810677,-0.5605,1.7177672,-0.3231555738342105
3,1,208729.55725888908,-0.5605,1.7175573,-0.32393426350313415
3,1,208734.5572596714,-0.5605,1.7175764,-0.3247129514036906
3,1,208739.5572604537,-0.5605,1.7174237,-0.32549164126278946
3,1,208744.557261236,-0.5605,1.7171183,-0.32627033102535197
3,1,208749.55726201832,-0.5605,1.7170992,-0.3270490198532342
3,1,208754.55726280063,-0.5605,1.71666,-0.32782770669721883
3,1,208759.55726358294,-0.5605,1.7166028,-0.32860639635163863
3,1,208764.55726436526,-0.5605,1.7165073,-0.32938508518642506
3,1,208769.55726514757,-0.5605,1.7161638,-0.330163774134
3,1,208774.55726592988,-0.5605,1.7160873,-0.3309424643106724
3,1,208779.5572667122,-0.5605,1.715801,-0.33172115291948767
3,1,208784.5572674945,-0.5605,1.7156864,-0.3324998417117462
3,1,208789.5572682768,-0.5605,1.7155147,-0.33327852969772936
3,1,208794.55726905912,-0.5605,1.7153237,-0.3340572180220219
3,1,208799.55726984143,-0.5605,1.7150756,-0.33483590720129996
3,1,208804.55727062374,-0.5605,1.7148656,-0.3356145957450402
3,1,208809.55727140605,-0.5605,1.7148274,-0.3363932833433548
3,1,208814.55727218837,-0.5605,1.7145602,-0.33717196991512505
3,1,208819.55727297068,-0.5605,1.714331,-0.3379506591970324
3,1,208824.557273753,-0.5605,1.7142738,-0.33872934924725684
3,1,208829.5572745353,-0.5605,1.7141019,-0.33950803879821295
3,1,208834.5572753176,-0.5605,1.7138156,-0.3402867271796332
3,1,208839.55727609992,-0.5605,1.7135866,-0.34106541478143465
3,1,208844.55727688223,-0.5605,1.7135292,-0.3418441014779077
3,1,208849.55727766454,-0.5605,1.7133193,-0.3426227883718775
3,1,208854.55727844685,-0.5605,1.7131283,-0.34340147421690814
3,1,208859.55727922916,-0.5605,1.7128611,-0.3441801616634229
3,1,208864.55728001148,-0.5605,1.7126893,-0.34495884892776935
3,1,208869.5572807938,-0.5605,1.7124602,-0.34573753475478286
3,1,208874.5572815761,-0.5605,1.7122884,-0.34651622467580434
3,1,208879.5572823584,-0.5605,1.7123075,-0.3472949130002293
3,1,208884.55728314072,-0.5605,1.7121357,-0.34807359923283254
3,1,208889.55728392303,-0.5605,1.712002,-0.34885228601964974
3,1,208894.55728470534,-0.5605,1.7116202,-0.3496309752564794
3,1,208899.55728548765,-0.5605,1.7112957,-0.35040966470716395
3,1,208904.55728626996,-0.5605,1.7113911,-0.351188357546048
3,1,208909.55728705227,-0.5605,1.7111621,-0.351967043652647
3,1,208914.55728783412,-0.5605,1.7110666,-0.35274573098105516
3,1,208919.55728861643,-0.5605,1.7107612,-0.35352441341087215
3,1,208924.55728939874,-0.5605,1.7105702,-0.3543030966896745
3,1,208929.55729018105,-0.5605,1.7103794,-0.3550817834488848
3,1,208934.55729096336,-0.5605,1.7100548,-0.35586047044734154
3,1,208939.55729174567,-0.5605,1.7099594,-0.35663915529904094
3,1,208944.55729252798,-0.5605,1.7097684,-0.35741784104312785
3,1,208949.5572933103,-0.5605,1.7096348,-0.35819652453683476
3,1,208954.5572940926,-0.5605,1.7093867,-0.35897520713530306
3,1,208959.55729487492,-0.5605,1.7092148,-0.35975388970605854
3,1,208964.55729565723,-0.5605,1.7091957,-0.36053257049458215
3,1,208969.55729643954,-0.5605,1.7087567,-0.3613112530111901
3,1,208974.55729722185,-0.5605,1.7087758,-0.3620899323731428
3,1,208979.55729800416,-0.5605,1.7084703,-0.36286861621525873
3,1,208984.55729878647,-0.5605,1.7082031,-0.36364729966966963
3,1,208989.55729956878,-0.5605,1.7080885,-0.3644259839459259
3,1,208994.5573003511,-0.5605,1.7078403,-0.365204670297649
3,1,208999.5573011334,-0.5605,1.7077258,-0.3659833530215123
3,1,209004.55730191572,-0.5605,1.7075158,-0.3667620335947903
3,1,209009.55730269803,-0.5605,1.7072295,-0.3675407095451553
3,1,209014.55730348034,-0.5605,1.7071149,-0.3683193850737412
3,1,209019.55730426265,-0.5605,1.7070004,-0.3690980629479785
3,1,209024.55730504496,-0.5605,1.7067331,-0.3698767436076004
3,1,209029.55730582727,-0.5605,1.7065613,-0.37065542299878257
3,1,209034.55730660958,-0.5605,1.7061986,-0.3714341007702416
3,1,209039.5573073919,-0.5605,1.7060268,-0.37221278288760107
3,1,209044.5573081742,-0.5605,1.7059313,-0.3729914667220644
3,1,209049.55730895652,-0.5605,1.7058549,-0.3737701503485142
3,1,209054.55730973883,-0.5605,1.705454,-0.37454883336247324
3,1,209059.55731052114,-0.5605,1.7053968,-0.3753275160384475
3,1,209064.55731130345,-0.5605,1.705015,-0.3761062007501124
3,1,209069.55731208576,-0.5605,1.7049577,-0.37688488384060387
3,1,209074.55731286807,-0.5605,1.7045759,-0.3776635647320614
3,1,209079.55731365038,-0.5605,1.7045568,-0.37844224976050184
3,1,209084.5573144327,-0.5605,1.7042705,-0.37922093730344697
3,1,209089.557315215,-0.5605,1.7040986,-0.3799996231029
3,1,209094.5573159973,-0.5605,1.7037741,-0.38077831069477724
3,1,209099.55731677962,-0.5605,1.7038122,-0.38155699528945813
3,1,209104.55731756194,-0.5605,1.7033541,-0.38233568217365277
3,1,209109.55731834425,-0.5605,1.7031633,-0.38311436806243326
3,1,209114.55731912656,-0.5605,1.7029532,-0.3838930486177338
3,1,209119.55731990887,-0.5605,1.7028387,-0.38467173050238684
3,1,209124.55732069118,-0.5605,1.7027624,-0.3854504140914413
3,1,209129.5573214735,-0.5605,1.7024187,-0.3862290975043376
3,1,209134.5573222558,-0.5605,1.7023041,-0.38700778045138384
3,1,209139.5573230381,-0.5605,1.7019796,-0.38778646523014043
3,1,209144.55732382042,-0.5605,1.7018079,-0.3885651490319438
3,1,209149.55732460273,-0.5605,1.7015597,-0.3893438325846858
3,1,209154.55732538505,-0.5605,1.7013687,-0.3901225189957851
3,1,209159.55732616736,-0.5605,1.7010442,-0.39090120134084094
3,1,209164.55732694967,-0.5605,1.7009487,-0.3916798877739642
3,1,209169.55732773198,-0.5605,1.7006433,-0.3924585705175533
3,1,209174.5573285143,-0.5605,1.7005478,-0.3932372527369791
3,1,209179.5573292966,-0.5605,1.7003951,-0.3940159355162217
3,1,209184.5573300789,-0.5605,1.6999751,-0.39479461777701647
3,1,209189.55733086122,-0.5605,1.6998987,-0.3955733047281305
3,1,209194.55733164353,-0.5605,1.6995933,-0.39635198918777703
3,1,209199.55733242584,-0.5605,1.699307,-0.39713067394347984
3,1,209204.55733320815,-0.5605,1.6991543,-0.3979093580854138
3,1,209209.55733399047,-0.5605,1.6990206,-0.39868804194356666
3,1,209214.55733477278,-0.5605,1.6987152,-0.3994667250231736
3,1,209219.5573355551,-0.5605,1.6985242,-0.4002454076316787
3,1,209224.5573363374,-0.5605,1.6981233,-0.4010240923155811
3,1,209229.5573371197,-0.5605,1.6980088,-0.40180277649897667
3,1,209234.55733790202,-0.5605,1.6979134,-0.40258146101131703
3,1,209239.55733868433,-0.5605,1.6976271,-0.4033601439161996
3,1,209244.55733946664,-0.5605,1.697398,-0.40413882771267495
3,1,209249.55734024895,-0.5605,1.6971307,-0.40491751124351555
3,1,209254.55734103126,-0.5605,1.6968443,-0.4056961968978445
3,1,209259.55734181358,-0.5605,1.6967679,-0.4064748809313443
3,1,209264.5573425959,-0.5605,1.6965961,-0.40725356566098664
3,1,209269.5573433782,-0.5605,1.6962526,-0.4080322504278984
3,1,209274.5573441605,-0.5605,1.6960235,-0.40881093601617546
3,1,209279.55734494282,-0.5605,1.6957943,-0.40958962090436285
3,1,209284.55734572513,-0.5605,1.6954699,-0.41036830483104786
3,1,209289.55734650744,-0.5605,1.6952598,-0.4111469903112385
3,1,209294.55734728975,-0.5605,1.6951071,-0.4119256803180211
3,1,209299.55734807206,-0.5605,1.6948208,-0.41270436997850407
3,1,209304.55734885437,-0.5605,1.6946299,-0.4134830538430744
3,1,209309.55734963669,-0.5605,1.6944771,-0.4142617376873924
3,1,209314.557350419,-0.5605,1.6942672,-0.41504042126054896
3,1,209319.5573512013,-0.5605,1.6939617,-0.41581910392241017
3,1,209324.55735198362,-0.5605,1.693618,-0.41659778793209795
3,1,209329.55735276593,-0.5605,1.6933699,-0.4173764677482579
3,1,209334.55735354824,-0.5605,1.6931217,-0.4181551512122022
3,1,209339.55735433055,-0.5605,1.6927972,-0.4189338354712294
3,1,209344.55735511286,-0.5605,1.6925871,-0.4197125212484035
3,1,209349.55735589517,-0.5605,1.6923199,-0.4204912069099711
3,1,209354.55735667748,-0.5605,1.6922436,-0.42126989490959377
3,1,209359.5573574598,-0.5605,1.6920335,-0.4220485793252819
3,1,209364.5573582421,-0.5605,1.6916709,-0.4228272661245531
3,1,209369.55735902442,-0.5605,1.6915373,-0.42360595255825584
3,1,209374.55735980673,-0.5605,1.6910981,-0.4243846384169989
3,1,209379.55736058904,-0.5605,1.6910027,-0.425163322285076
3,1,209384.55736137135,-0.5605,1.6907164,-0.4259420055037008
3,1,209389.55736215366,-0.5605,1.6903727,-0.4267206859790285
3,1,209394.55736293597,-0.5605,1.6903346,-0.42749936674716404
3,1,209399.55736371828,-0.5605,1.6899909,-0.4282780538116031
3,1,209404.5573645006,-0.5605,1.6896473,-0.4290567412230306
3,1,209409.5573652829,-0.5605,1.6894563,-0.42983542785748174
3,1,209414.55736606522,-0.5605,1.6892273,-0.4306141152760552
3,1,209419.55736684753,-0.5605,1.6890173,-0.4313928035112686
3,1,209424.55736762984,-0.5605,1.68875,-0.4321714917103516
3,1,209429.55736841215,-0.5605,1.68833,-0.432950179037816
3,1,209434.55736919446,-0.5605,1.6881964,-0.43372886516652176
3,1,209439.55736997677,-0.5605,1.6879292,-0.4345075473252866
3,1,209444.55737075908,-0.5605,1.6874901,-0.4352862297724883
3,1,209449.5573715414,-0.5605,1.6874901,-0.4360649131784009
3,1,209454.5573723237,-0.5605,1.687051,-0.4368435957941877
3,1,209459.557373106,-0.5605,1.6870319,-0.4376222774482403
3,1,209464.55737388832,-0.5605,1.6866119,-0.43840095939855445
3,1,209469.55737467064,-0.5605,1.6863446,-0.43917964089288647
3,1,209474.55737545295,-0.5605,1.6860392,-0.4399583215839731
3,1,209479.55737623526,-0.5605,1.6857529,-0.4407370051617921
3,1,209484.55737701757,-0.5605,1.6855237,-0.44151568613344105
3,1,209489.55737779988,-0.5605,1.685352,-0.4422943687371049
3,1,209494.5573785822,-0.5605,1.6850275,-0.4430730507324239
3,1,209499.5573793645,-0.5605,1.6846647,-0.44385173640713765
3,1,209504.5573801468,-0.5605,1.6844165,-0.44463042334029085
3,1,209509.55738092912,-0.5605,1.6841302,-0.4454091100048755
3,1,209514.55738171143,-0.5605,1.6838057,-0.4461877957039311
3,1,209519.55738249375,-0.5605,1.6835192,-0.44696648441612397
3,1,209524.55738327606,-0.5605,1.683252,-0.4477451708820728
3,1,209529.55738405837,-0.5605,1.6832329,-0.44852385480484375
3,1,209534.55738484068,-0.5605,1.6826411,-0.44930253438507856
3,1,209539.557385623,-0.5605,1.6824503,-0.45008121600664996
3,1,209544.5573864053,-0.5605,1.6820685,-0.4508598985786439
3,1,209549.5573871876,-0.5605,1.6816676,-0.4516385802285142
3,1,209554.55738796992,-0.5605,1.6816866,-0.4524172653253609
3,1,209559.55738875223,-0.5605,1.6814194,-0.4531959451256925
3,1,209564.55738953454,-0.5605,1.6808848,-0.4539746281660101
3,1,209569.55739031686,-0.5605,1.6805794,-0.4547533079959288
3,1,209574.55739109917,-0.5605,1.6804649,-0.45553198982719595
3,1,209579.55739188148,-0.5605,1.6802931,-0.45631067046265483
3,1,209584.5573926638,-0.5605,1.6799685,-0.45708934955820785
3,1,209589.5573934461,-0.5605,1.6795485,-0.45786802726590314
3,1,209594.5573942284,-0.5605,1.6793194,-0.4586467043774791
3,1,209599.55739501072,-0.5605,1.6790521,-0.45942538429441726
3,1,209604.55739579303,-0.5605,1.6788422,-0.46020406305456835
3,1,209609.55739657534,-0.5605,1.6784985,-0.46098274035440895
3,1,209614.55739735765,-0.5605,1.678155,-0.4617614192211762
3,1,209619.55739813996,-0.5605,1.6778686,-0.4625400998106501
3,1,209624.55739892228,-0.5605,1.6775059,-0.4633187784548337
3,1,209629.5573997046,-0.5605,1.6772958,-0.4640974580835867
3,1,209634.5574004869,-0.5605,1.6769713,-0.4648761382536625
3,1,209639.5574012692,-0.5605,1.6767231,-0.4656548134197329
3,1,209644.55740205152,-0.5605,1.6764177,-0.4664334918913114
3,1,209649.55740283383,-0.5605,1.6759596,-0.4672121680896747
3,1,209654.55740361614,-0.5605,1.6757305,-0.4679908435616031
3,1,209659.55740439845,-0.5605,1.6754441,-0.46876951968608976
3,1,209664.55740518076,-0.5605,1.6750623,-0.46954819422768235
3,1,209669.55740596307,-0.5605,1.6748141,-0.47032686770882554
3,1,209674.55740674539,-0.5605,1.6745468,-0.47110553953132045
3,1,209679.5574075277,-0.5605,1.6741269,-0.4718842106202345
3,1,209684.55740831,-0.5605,1.6738596,-0.47266288063465567
3,1,209689.55740909232,-0.5605,1.6736878,-0.4734415534677904
3,1,209694.55740987463,-0.5605,1.6732869,-0.4742202255536087
3,1,209699.55741065694,-0.5605,1.6729815,-0.4749988968368174
3,1,209704.55741143925,-0.5605,1.6726187,-0.4757775682870714
3,1,209709.55741222156,-0.5605,1.6723133,-0.4765562370454902
3,1,209714.55741300387,-0.5605,1.6722751,-0.4773349031733474
3,1,209719.55741378618,-0.5605,1.6717215,-0.478113571913004
3,1,209724.5574145685,-0.5605,1.6712824,-0.4788922433498403
3,1,209729.5574153508,-0.5605,1.6710533,-0.47967091619710134
3,1,209734.55741613312,-0.5605,1.6706142,-0.48044958985319075
3,1,209739.55741691543,-0.5605,1.6703088,-0.4812282648375399
3,1,209744.55741769774,-0.5605,1.6700988,-0.48200694027506313
3,1,209749.55741848005,-0.5605,1.6696597,-0.48278561326092484
3,1,209754.55741926236,-0.5605,1.6694306,-0.4835642863935166
3,1,209759.55742004467,-0.5605,1.6690489,-0.48434295796524157
3,1,209764.55742082698,-0.5605,1.6687624,-0.4851216287281778
3,1,209769.5574216093,-0.5605,1.6684952,-0.4859003026157783
3,1,209774.5574223916,-0.5605,1.668037,-0.48667897643147573
3,1,209779.55742317392,-0.5605,1.6678079,-0.48745764904512295
3,1,209784.55742395623,-0.5605,1.6674262,-0.48823632151198054
3,1,209789.55742473854,-0.5605,1.6670444,-0.4890149947247704
3,1,209794.55742552085,-0.5605,1.6666626,-0.48979366771538724
3,1,209799.55742630316,-0.5605,1.6663953,-0.4905723406260908
3,1,209804.55742708547,-0.5605,1.6660516,-0.49135101141284243
3,1,209809.55742786778,-0.5605,1.6657462,-0.4921296847639084
3,1,209814.5574286501,-0.5605,1.6653835,-0.4929083593935271
3,1,209819.5574294324,-0.5605,1.6650399,-0.49368703289708826
3,1,209824.5574302147,-0.5605,1.664639,-0.4944657079137067
3,1,209829.55743099703,-0.5605,1.6643527,-0.4952443869353533
3,1,209834.55743177934,-0.5605,1.6639518,-0.4960230647528768
3,1,209839.55743256165,-0.5605,1.6636845,-0.496801743517475
3,1,209844.55743334396,-0.5605,1.6632454,-0.4975804175590178
3,1,209849.55743412627,-0.5605,1.6629018,-0.49835909294560554
3,1,209854.55743490858,-0.5605,1.6626345,-0.49913776864376
3,1,209859.5574356909,-0.5605,1.6621764,-0.4999164429331786
3,1,209864.5574364732,-0.5605,1.6617373,-0.5006951190462311
3,1,209869.5574372555,-0.5605,1.6615845,-0.5014737923109995
3,1,209874.55743803782,-0.5605,1.6610882,-0.5022524649441508
3,1,209879.55743882013,-0.5605,1.6607828,-0.5030311392566794
3,1,209884.55743960245,-0.5605,1.6603246,-0.5038098153856
3,1,209889.55744038476,-0.5605,1.6600764,-0.5045884887476697
3,1,209894.55744116707,-0.5605,1.6597519,-0.5053671600615152
3,1,209899.55744194938,-0.5605,1.6593701,-0.5061458327359591
3,1,209904.5574427317,-0.5605,1.6589882,-0.5069245078916882
3,1,209909.557443514,-0.5605,1.6586637,-0.5077031786452202
3,1,209914.5574442963,-0.5605,1.6582628,-0.5084818508198792
3,1,209919.55744507862,-0.5605,1.6579192,-0.509260523360716
3,1,209924.55744586093,-0.5605,1.657442,-0.5100391958703036
3,1,209929.55744664324,-0.5605,1.6572319,-0.5108178706395263
3,1,209934.55744742556,-0.5605,1.6567165,-0.5115965486655535
3,1,209939.55744820787,-0.5605,1.656182,-0.5123752236460085
3,1,209944.55744899018,-0.5605,1.6560102,-0.5131538987020322
3,1,209949.5574497725,-0.5605,1.6557047,-0.5139325691352058
3,1,209954.5574505548,-0.5605,1.6552274,-0.51471124210512
3,1,209959.5574513371,-0.5605,1.6547502,-0.5154899139859744
3,1,209964.55745211942,-0.5605,1.6543875,-0.5162685856584478
3,1,209969.55745290173,-0.5605,1.6540439,-0.5170472592501907
3,1,209974.55745368404,-0.5605,1.653643,-0.5178259329437053
3,1,209979.55745446635,-0.5605,1.6531085,-0.518604604963614
3,1,209984.55745524867,-0.5605,1.6527267,-0.5193832784840929
3,1,209989.55745603098,-0.5605,1.6524403,-0.5201619499951602
3,1,209994.5574568133,-0.5605,1.6520013,-0.5209406199759014
3,1,209999.5574575956,-0.5605,1.651543,-0.5217192879499959
3,1,210004.5574583779,-0.5605,1.651123,-0.5224979573439161
3,1,210009.55745916022,-0.5605,1.6506459,-0.5232766281466154
3,1,210014.55745994253,-0.5605,1.6503403,-0.5240552980322011
3,1,210019.55746072484,-0.5605,1.6499586,-0.5248339647879734
3,1,210024.55746150715,-0.5605,1.6495768,-0.5256126306803426
3,1,210029.55746228946,-0.5605,1.6490995,-0.5263912965091467
3,1,210034.55746307177,-0.5605,1.6487176,-0.5271699649231766
3,1,210039.5574638541,-0.5605,1.6483167,-0.527948634804888
3,1,210044.5574646364,-0.5605,1.6477822,-0.5287273046640787
3,1,210049.5574654187,-0.5605,1.6474196,-0.5295059741897384
3,1,210054.55746620102,-0.5605,1.6469805,-0.5302846424469749
3,1,210059.55746698333,-0.5605,1.6467323,-0.5310633122128249
3,1,210064.55746776564,-0.5605,1.6461787,-0.5318419832105504
3,1,210069.55746854795,-0.5605,1.6458732,-0.5326206537176867
3,1,210074.55746933026,-0.5605,1.6453196,-0.533399322704292
3,1,210079.55747011257,-0.5605,1.6448041,-0.5341779908494122
3,1,210084.55747089488,-0.5605,1.6443651,-0.5349566605106162
3,1,210089.5574716772,-0.5605,1.6438879,-0.5357353287495673
3,1,210094.5574724595,-0.5605,1.6433915,-0.536513998387009
3,1,210099.55747324182,-0.5605,1.6431814,-0.5372926652600732
3,1,210104.55747402413,-0.5605,1.6427424,-0.5380713310751981
3,1,210109.55747480644,-0.5605,1.6423606,-0.5388499970244864
3,1,210114.55747558875,-0.5605,1.6417116,-0.5396286649007995
3,1,210119.55747637106,-0.5605,1.641406,-0.5404073328767617
3,1,210124.55747715337,-0.5605,1.6409098,-0.541186001075824
3,1,210129.55747793568,-0.5605,1.6405661,-0.5419646696542634
3,1,210134.557478718,-0.5605,1.6401271,-0.5427433375585543
3,1,210139.5574795003,-0.5605,1.639669,-0.5435220055290328
3,1,210144.55748028262,-0.5605,1.6391535,-0.5443006761907472
3,1,210149.55748106493,-0.5605,1.6386952,-0.5450793456790811
3,1,210154.55748184724,-0.5605,1.6382371,-0.545858015212155
3,1,210159.55748262955,-0.5605,1.6377598,-0.5466366826425924
3,1,210164.55748341186,-0.5605,1.6374925,-0.5474153511154851
3,1,210169.55748419417,-0.5605,1.6368245,-0.5481940201243196
3,1,210174.55748497648,-0.5605,1.6364808,-0.5489726861558988
3,1,210179.5574857588,-0.5605,1.6359463,-0.5497513542798096
3,1,210184.5574865411,-0.5605,1.6354308,-0.5505300220194095
3,1,210189.5574873234,-0.5605,1.6351635,-0.5513086895459262
3,1,210194.55748810526,-0.5605,1.6345336,-0.5520873553253611
3,1,210199.55748888757,-0.5605,1.63398,-0.5528660195457008
3,1,210204.55748966988,-0.5605,1.6336745,-0.5536446830686894
3,1,210209.5574904522,-0.5605,1.6331973,-0.5544233467919728
3,1,210214.5574912345,-0.5605,1.6326054,-0.5552020115131935
3,1,210219.55749201681,-0.5605,1.632281,-0.5559806749382218
3,1,210224.55749279913,-0.5605,1.6318419,-0.5567593400320742
3,1,210229.55749358144,-0.5605,1.6312119,-0.5575380063106583
3,1,210234.55749436375,-0.5605,1.63083,-0.5583166711047358
3,1,210239.55749514606,-0.5605,1.6303529,-0.5590953365571929
3,1,210244.55749592837,-0.5605,1.6298374,-0.5598740003347297
3,1,210249.55749671068,-0.5605,1.6293601,-0.5606526638888086
3,1,210254.557497493,-0.5605,1.6287683,-0.5614313310966623
3,1,210259.5574982753,-0.5605,1.6282338,-0.5622099986380769
3,1,210264.5574990576,-0.5605,1.6277374,-0.5629886659046941
3,1,210269.55749983992,-0.5605,1.6272411,-0.563767332651837
3,1,210274.55750062224,-0.5605,1.6267066,-0.5645460009080602
3,1,210279.55750140455,-0.5605,1.6262293,-0.5653246711551182
3,1,210284.55750218686,-0.5605,1.6259048,-0.5661033380640811
3,1,210289.55750296917,-0.5605,1.6251602,-0.566882002525909
3,1,210294.55750375148,-0.5605,1.6245303,-0.5676606658501459
3,1,210299.5575045338,-0.5605,1.6242057,-0.5684393298971785
3,1,210304.5575053161,-0.5605,1.623614,-0.5692179969885381
3,1,210309.5575060984,-0.5605,1.6230603,-0.5699966613022949
3,1,210314.55750688072,-0.5605,1.622564,-0.5707753277042142
3,1,210319.55750766303,-0.5605,1.6220677,-0.5715539937444593
3,1,210324.55750844534,-0.5605,1.621514,-0.5723326579280759
3,1,210329.55750922766,-0.5605,1.621094,-0.5731113224158683
3,1,210334.55751000997,-0.5605,1.6203305,-0.5738899857782785
3,1,210339.55751079228,-0.5605,1.6200249,-0.5746686503334706
3,1,210344.5575115746,-0.5605,1.619376,-0.5754473154158293
3,1,210349.5575123569,-0.5605,1.6188031,-0.5762259800696967
3,1,210354.5575131392,-0.5605,1.6182878,-0.5770046470367443
3,1,210359.55751392152,-0.5605,1.6177914,-0.5777833196348744
3,1,210364.55751470383,-0.5605,1.6170087,-0.578561986910568
3,1,210369.55751548614,-0.5605,1.6165887,-0.5793406556011071
3,1,210374.55751626845,-0.5605,1.6159779,-0.5801193248424859
3,1,210379.55751705077,-0.5605,1.6154433,-0.5808979979352584
3,1,210384.55751783308,-0.5605,1.6148705,-0.5816766729415156
3,1,210389.5575186154,-0.5605,1.6142597,-0.5824553444457846
3,1,210394.5575193977,-0.5605,1.6137443,-0.5832340150260426
3,1,210399.55752018,-0.5605,1.6131716,-0.5840126835613082
3,1,210404.55752096232,-0.5605,1.6125797,-0.5847913547646665
3,1,210409.55752174463,-0.5605,1.6120452,-0.5855700233020017
3,1,210414.55752252694,-0.5605,1.6113962,-0.5863486922879249
3,1,210419.55752330925,-0.5605,1.6107662,-0.5871273636623385
3,1,210424.55752409156,-0.5605,1.6103462,-0.5879060305569798
3,1,210429.55752487388,-0.5605,1.6096971,-0.5886846934693221
3,1,210434.5575256562,-0.5605,1.6091626,-0.5894633576952811
3,1,210439.5575264385,-0.5605,1.6084563,-0.5902420254415237
3,1,210444.5575272208,-0.5605,1.6078453,-0.5910206923481156
3,1,210449.55752800312,-0.5605,1.6072917,-0.5917993581079771
3,1,210454.55752878543,-0.5605,1.6066809,-0.5925780237980945
3,1,210459.55752956774,-0.5605,1.6060127,-0.5933566889238586
3,1,210464.55753035005,-0.5605,1.6054018,-0.5941353537673517
3,1,210469.55753113236,-0.5605,1.6047719,-0.5949140169902607
3,1,210474.55753191467,-0.5605,1.6042564,-0.5956926790426404
3,1,210479.55753269698,-0.5605,1.6035118,-0.5964713447644675
3,1,210484.5575334793,-0.5605,1.60292,-0.5972500142464271
3,1,210489.5575342616,-0.5605,1.602271,-0.5980286821371877
3,1,210494.55753504392,-0.5605,1.6016219,-0.5988073477760154
3,1,210499.55753582623,-0.5605,1.6010492,-0.5995860123504398
3,1,210504.55753660854,-0.5605,1.6004193,-0.6003646766049794
3,1,210509.55753739085,-0.5605,1.5998657,-0.6011433406150405
3,1,210514.55753817316,-0.5605,1.5992929,-0.6019220087266198
3,1,210519.55753895547,-0.5605,1.5983766,-0.6027006751425463
3,1,210524.55753973778,-0.5605,1.5978421,-0.6034793426264689
3,1,210529.5575405201,-0.5605,1.5973266,-0.6042580102160472
3,1,210534.5575413024,-0.5605,1.5965058,-0.6050366801635852
3,1,210539.55754208472,-0.5605,1.5958567,-0.6058153501752612
3,1,210544.55754286703,-0.5605,1.5953794,-0.6065940220302307
3,1,210549.55754364934,-0.5605,1.5945203,-0.6073726945234568
3,1,210554.55754443165,-0.5605,1.5939095,-0.6081513657537265
3,1,210559.55754521396,-0.5605,1.5932604,-0.6089300372720822
3,1,210564.55754599627,-0.5605,1.5924395,-0.6097087068092191
3,1,210569.55754677858,-0.5605,1.5918667,-0.6104873768882583
3,1,210574.5575475609,-0.5605,1.5911223,-0.6112660481743809
3,1,210579.5575483432,-0.5605,1.5904732,-0.6120447206589709
3,1,210584.55754912551,-0.5605,1.5898623,-0.612823391199552
3,1,210589.55754990783,-0.5605,1.588946,-0.6136020629240139
3,1,210594.55755069014,-0.5605,1.5883924,-0.6143807367361118
3,1,210599.55755147245,-0.5605,1.5877433,-0.6151594098128905
3,1,210604.55755225476,-0.5605,1.5869606,-0.615938083292282
3,1,210609.55755303707,-0.5605,1.5862542,-0.6167167545561059
3,1,210614.55755381938,-0.5605,1.5854143,-0.6174954257308738
3,1,210619.5575546017,-0.5605,1.5847461,-0.6182740959520138
3,1,210624.557555384,-0.5605,1.5838679,-0.6190527653018961
3,1,210629.5575561663,-0.5605,1.5833716,-0.6198314347592456
3,1,210634.55755694862,-0.5605,1.5824362,-0.6206101056820482
3,1,210639.55755773094,-0.5605,1.581749,-0.6213887765172088
3,1,210644.55755851325,-0.5605,1.5810044,-0.6221674473190305
3,1,210649.55755929556,-0.5605,1.580279,-0.6229461168669228
3,1,210654.55756007787,-0.5605,1.5794963,-0.6237247882607014
3,1,210659.55756086018,-0.5605,1.5786182,-0.6245034619997274
3,1,210664.5575616425,-0.5605,1.5778927,-0.6252821362942454
3,1,210669.5575624248,-0.5605,1.5771482,-0.6260608097240856
3,1,210674.5575632071,-0.5605,1.5764991,-0.6268394827439651
3,1,210679.55756398942,-0.5605,1.5756973,-0.6276181565753617
3,1,210684.55756477173,-0.5605,1.5748191,-0.6283968312436108
3,1,210689.55756555405,-0.5605,1.5739219,-0.6291755043486983
3,1,210694.55756633636,-0.5605,1.5730629,-0.6299541792591278
3,1,210699.55756711867,-0.5605,1.5723565,-0.6307328561569184
3,1,210704.55756790098,-0.5605,1.5715929,-0.6315115299994777
3,1,210709.5575686833,-0.5605,1.5707911,-0.6322902026033431
3,1,210714.5575694656,-0.5605,1.5700656,-0.6330688748029865
3,1,210719.5575702479,-0.5605,1.569092,-0.6338475456181464
3,1,210724.55757103022,-0.5605,1.5682521,-0.6346262186560396
3,1,210729.55757181253,-0.5605,1.5674694,-0.6354048891355094
3,1,210734.55757259484,-0.5605,1.5666485,-0.636183563022643
3,1,210739.55757337715,-0.5605,1.5659994,-0.6369622370649871
3,1,210744.55757415947,-0.5605,1.5650067,-0.6377409079219564
3,1,210749.55757494178,-0.5605,1.5641668,-0.638519580119381
3,1,210754.5575757241,-0.5605,1.5633459,-0.63929825246541
3,1,210759.5575765064,-0.5605,1.5624868,-0.6400769230758644
3,1,210764.5575772887,-0.5605,1.5616087,-0.640855590411964
3,1,210769.55757807102,-0.5605,1.560826,-0.6416342585721079
3,1,210774.55757885333,-0.5605,1.5597569,-0.6424129265754087
3,1,210779.55757963564,-0.5605,1.5588979,-0.6431915991847148
3,1,210784.55758041795,-0.5605,1.5581533,-0.6439702712873218
3,1,210789.55758120026,-0.5605,1.5571797,-0.6447489479389221
3,1,210794.55758198258,-0.5605,1.556168,-0.6455276260086925
3,1,210799.5575827649,-0.5605,1.5554043,-0.646306302682489
3,1,210804.5575835472,-0.5605,1.5544498,-0.6470849802667894
3,1,210809.5575843295,-0.5605,1.5536098,-0.6478636573010482
3,1,210814.55758511182,-0.5605,1.5526363,-0.6486423339622184
3,1,210819.55758589413,-0.5605,1.551739,-0.6494210108697677
3,1,210824.55758667644,-0.5605,1.550689,-0.6501996869158743
3,1,210829.55758745875,-0.5605,1.5498109,-0.650978363236394
3,1,210834.55758824106,-0.5605,1.5487609,-0.6517570410574475
3,1,210839.55758902337,-0.5605,1.5479019,-0.6525357178895141
3,1,210844.55758980568,-0.5605,1.546871,-0.6533143911163674
3,1,210849.557590588,-0.5605,1.5459355,-0.6540930645168025
3,1,210854.5575913703,-0.5605,1.5449238,-0.6548717370225025
3,1,210859.55759215262,-0.5605,1.543931,-0.6556504100667138
3,1,210864.55759293493,-0.5605,1.5430148,-0.6564290837716028
3,1,210869.55759371724,-0.5605,1.5418502,-0.6572077598289051
3,1,210874.55759449955,-0.5605,1.5406666,-0.6579864334862066
3,1,210879.55759528186,-0.5605,1.5397311,-0.6587651091174681
3,1,210884.55759606417,-0.5605,1.5385858,-0.6595437853830489
3,1,210889.55759684648,-0.5605,1.5376694,-0.6603224629736277
3,1,210894.5575976288,-0.5605,1.5366768,-0.661101143602083
3,1,210899.5575984111,-0.5605,1.5356458,-0.6618798240734636
3,1,210904.55759919342,-0.5605,1.5346341,-0.6626585016220079
3,1,210909.55759997573,-0.5605,1.5334696,-0.6634371787296467
3,1,210914.55760075804,-0.5605,1.5324386,-0.6642158539139462
3,1,210919.55760154035,-0.5605,1.5314269,-0.6649945301694008
3,1,210924.55760232266,-0.5605,1.5303197,-0.6657732072026099
3,1,210929.55760310497,-0.5605,1.5292125,-0.6665518826660148
3,1,210934.55760388728,-0.5605,1.5280288,-0.6673305564906927
3,1,210939.5576046696,-0.5605,1.5269407,-0.6681092324775092
3,1,210944.5576054519,-0.5605,1.5258526,-0.6688879067055515
3,1,210949.55760623422,-0.5605,1.5247644,-0.669666582038664
3,1,210954.55760701653,-0.5605,1.5235236,-0.6704452571139897
3,1,210959.55760779884,-0.5605,1.5223972,-0.6712239304687214
3,1,210964.55760858115,-0.5605,1.5212518,-0.6720026056356959
3,1,210969.55760936346,-0.5605,1.5200491,-0.6727812842586238
3,1,210974.55761014577,-0.5605,1.5189228,-0.6735599675992991
3,1,210979.55761092808,-0.5605,1.5178728,-0.6743386485204464
3,1,210984.5576117104,-0.5605,1.5165746,-0.6751173306557304
3,1,210989.5576124927,-0.5605,1.5153719,-0.6758960116344624
3,1,210994.557613275,-0.5605,1.5141311,-0.6766746923963229
3,1,210999.55761405732,-0.5605,1.5129857,-0.6774533727851444
3,1,211004.55761483964,-0.5605,1.5117066,-0.678232055848764
3,1,211009.55761562195,-0.5605,1.5105231,-0.6790107376183934
3,1,211014.55761640426,-0.5605,1.5093395,-0.6797894177508156
3,1,211019.55761718657,-0.5605,1.5081177,-0.6805680942188436
3,1,211024.55761796888,-0.5605,1.5068386,-0.6813467722999256
3,1,211029.5576187512,-0.5605,1.5055405,-0.6821254537197982
3,1,211034.5576195335,-0.5605,1.5042614,-0.6829041371196245
3,1,211039.5576203158,-0.5605,1.503116,-0.683682819513884
3,1,211044.55762109812,-0.5605,1.5016079,-0.6844615016223657
3,1,211049.55762188043,-0.5605,1.5002906,-0.6852401855280997
3,1,211054.55762266275,-0.5605,1.4990689,-0.6860188705616828
3,1,211059.55762344506,-0.5605,1.4977516,-0.6867975555562015
3,1,211064.55762422737,-0.5605,1.496568,-0.6875762397372724
3,1,211069.55762500968,-0.5605,1.4950789,-0.6883549221612151
3,1,211074.557625792,-0.5605,1.49338,-0.6891336022904053
3,1,211079.5576265743,-0.5605,1.49212,-0.6899122825474111
3,1,211084.5576273566,-0.5605,1.490879,-0.6906909666439263
3,1,211089.55762813892,-0.5605,1.4893328,-0.6914696532035934
3,1,211094.55762892123,-0.5605,1.488092,-0.6922483414373266
3,1,211099.55762970354,-0.5605,1.4864119,-0.6930270287775763
3,1,211104.55763048586,-0.5605,1.4851139,-0.693805714846131
3,1,211109.55763126817,-0.5605,1.4837775,-0.6945844014973442
3,1,211114.55763205048,-0.5605,1.4822313,-0.6953630854464604
3,1,211119.5576328328,-0.5605,1.4806277,-0.6961417695207331
3,1,211124.5576336151,-0.5605,1.4791577,-0.6969204528635575
3,1,211129.5576343974,-0.5605,1.4778214,-0.6976991343400678
3,1,211134.55763517972,-0.5605,1.4763705,-0.6984778136111995
3,1,211139.55763596203,-0.5605,1.4745569,-0.6992564940986766
3,1,211144.55763674434,-0.5605,1.4731824,-0.7000351764179965
3,1,211149.55763752665,-0.5605,1.4716934,-0.7008138580600322
3,1,211154.55763830896,-0.5605,1.4700516,-0.7015925390985907
3,1,211159.55763909128,-0.5605,1.4684671,-0.7023712193693619
3,1,211164.5576398736,-0.5605,1.4668444,-0.7031498996888664
3,1,211169.5576406559,-0.5605,1.465489,-0.7039285807728437
3,1,211174.5576414382,-0.5605,1.4636754,-0.7047072608211339
3,1,211179.55764222052,-0.5605,1.4620527,-0.7054859412050347
3,1,211184.55764300283,-0.5605,1.460411,-0.7062646192293863
3,1,211189.55764378514,-0.5605,1.4587692,-0.7070432987796069
3,1,211194.55764456745,-0.5605,1.4571084,-0.7078219812819959
3,1,211199.55764534976,-0.5605,1.4553139,-0.7086006649083397
3,1,211204.55764613207,-0.5605,1.4536912,-0.7093793470722239
3,1,211209.55764691439,-0.5605,1.4520112,-0.7101580296906664
3,1,211214.5576476967,-0.5605,1.450274,-0.7109367162810996
3,1,211219.557648479,-0.5605,1.4484986,-0.711715399131967
3,1,211224.55764926132,-0.5605,1.4467996,-0.7124940792977215
3,1,211229.55765004363,-0.5605,1.4449288,-0.7132727613844144
3,1,211234.55765082594,-0.5605,1.4432106,-0.7140514443333018
3,1,211239.55765160825,-0.5605,1.4412634,-0.7148301268161967
3,1,211244.55765239056,-0.5605,1.4396598,-0.7156088115999171
3,1,211249.55765317287,-0.5605,1.4378844,-0.7163874965758094
3,1,211254.55765395518,-0.5605,1.4358037,-0.7171661824334729
3,1,211259.5576547375,-0.5605,1.4339519,-0.7179448671654199
3,1,211264.5576555198,-0.5605,1.4320428,-0.7187235492981906
3,1,211269.55765630212,-0.5605,1.4302675,-0.719502234008872
3,1,211274.55765708443,-0.5605,1.4281484,-0.7202809204846126
3,1,211279.55765786674,-0.5605,1.4262203,-0.7210596071389584
3,1,211284.55765864905,-0.5605,1.424254,-0.7218382947617308
3,1,211289.55765943136,-0.5605,1.4223068,-0.7226169815392496
3,1,211294.55766021367,-0.5605,1.4203787,-0.7233956667062906
3,1,211299.55766099598,-0.5605,1.4184123,-0.724174357159555
3,1,211304.5576617783,-0.5605,1.4163125,-0.7249530438446403
3,1,211309.5576625606,-0.5605,1.4143842,-0.725731727352808
3,1,211314.55766334292,-0.5605,1.4123989,-0.7265104113543531
3,1,211319.55766412523,-0.5605,1.4101462,-0.7272890963946748
3,1,211324.55766490754,-0.5605,1.4081227,-0.7280677786590756
3,1,211329.55766568985,-0.5605,1.40608,-0.7288464642832048
3,1,211334.55766647216,-0.5605,1.4038846,-0.7296251505766544
3,1,211339.55766725447,-0.5605,1.401632,-0.7304038353485895
3,1,211344.55766803678,-0.5605,1.3994938,-0.7311825199761292
3,1,211349.5576688191,-0.5605,1.3972794,-0.7319612050484253
3,1,211354.5576696014,-0.5605,1.3950076,-0.7327398884305325
3,1,211359.5576703837,-0.5605,1.3927932,-0.733518573023753
3,1,211364.55767116603,-0.5605,1.3906741,-0.734297260208014
3,1,211369.55767194834,-0.5605,1.388326,-0.7350759497525658
3,1,211374.55767273065,-0.5605,1.3859397,-0.7358546372406581
3,1,211379.55767351296,-0.5605,1.3835726,-0.7366333260374135
3,1,211384.55767429527,-0.5605,1.3812053,-0.7374120137404666
3,1,211389.55767507758,-0.5605,1.3788573,-0.738190704808553
3,1,211394.5576758599,-0.5605,1.3765855,-0.7389693954431281
3,1,211399.5576766422,-0.5605,1.3741419,-0.7397480856333242
3,1,211404.5576774245,-0.5605,1.3717365,-0.7405267722247507
3,1,211409.55767820682,-0.5605,1.3694266,-0.7413054577007889
3,1,211414.55767898913,-0.5605,1.3667731,-0.7420841435927914
3,1,211419.55767977145,-0.5605,1.3643677,-0.742862831374973
3,1,211424.55768055376,-0.5605,1.3618096,-0.7436415174987746
3,1,211429.55768133607,-0.5605,1.3592515,-0.7444202099676065
3,1,211434.55768211838,-0.5605,1.3567315,-0.7451988973315622
3,1,211439.5576829007,-0.5605,1.3542117,-0.745977584692584
3,1,211444.557683683,-0.5605,1.3515964,-0.7467562718067863
3,1,211449.5576844653,-0.5605,1.349,-0.7475349597259857
3,1,211454.55768524762,-0.5605,1.346251,-0.7483136490913296
3,1,211459.55768602993,-0.5605,1.343502,-0.749092340201881
3,1,211464.55768681224,-0.5605,1.340963,-0.7498710303312869
3,1,211469.5576875941,-0.5605,1.3382522,-0.7506497209250064
3,1,211474.5576883764,-0.5605,1.3356559,-0.7514284089245495
3,1,211479.5576891587,-0.5605,1.3328687,-0.7522071005462637
3,1,211484.55768994102,-0.5605,1.330177,-0.7529857884812816
3,1,211489.55769072333,-0.5605,1.3271989,-0.753764475481
3,1,211494.55769150564,-0.5605,1.3245071,-0.7545431617137754
3,1,211499.55769228796,-0.5605,1.3215864,-0.7553218494219579
3,1,211504.55769307027,-0.5605,1.3186846,-0.7561005378010668
3,1,211509.55769385258,-0.5605,1.3158975,-0.7568792278472348
3,1,211514.5576946349,-0.5605,1.3129385,-0.7576579188734092
3,1,211519.5576954172,-0.5605,1.310094,-0.7584366098177165
3,1,211524.5576961995,-0.5605,1.3071731,-0.7592152990604769
3,1,211529.55769698182,-0.5605,1.3041569,-0.7599939873279198
3,1,211534.55769776413,-0.5605,1.3010261,-0.7607726765720477
3,1,211539.55769854644,-0.5605,1.2983153,-0.761551366146647
3,1,211544.55769932875,-0.5605,1.2951081,-0.7623300561731985
3,1,211549.55770011107,-0.5605,1.2919201,-0.7631087454000146
3,1,211554.55770089338,-0.5605,1.2888846,-0.7638874336625766
3,1,211559.5577016757,-0.5605,1.2857348,-0.7646661209829216
3,1,211564.557702458,-0.5605,1.2825849,-0.7654448093964026
3,1,211569.5577032403,-0.5605,1.2795495,-0.7662234983956018
3,1,211574.55770402262,-0.5605,1.2764568,-0.7670021874972515
3,1,211579.55770480493,-0.5605,1.2734406,-0.7677808752218086
3,1,211584.55770558724,-0.5605,1.2700807,-0.768559563601709
3,1,211589.55770636955,-0.5605,1.2668927,-0.7693382513792746
3,1,211594.55770715186,-0.5605,1.2636664,-0.7701169411347839
3,1,211599.55770793417,-0.5605,1.2604783,-0.7708956325648426
3,1,211604.5577087165,-0.5605,1.2572138,-0.7716743273448413
3,1,211609.5577094988,-0.5605,1.2538922,-0.7724530203701058
3,1,211614.5577102811,-0.5605,1.250704,-0.7732317168086401
3,1,211619.55771106342,-0.5605,1.2472869,-0.7740104118667939
3,1,211624.55771184573,-0.5605,1.2439843,-0.774789106239663
3,1,211629.55771262804,-0.5605,1.2407962,-0.7755677980189255
3,1,211634.55771341035,-0.5605,1.2372454,-0.7763464889121087
3,1,211639.55771419266,-0.5605,1.2338855,-0.7771251796847248
3,1,211644.55771497497,-0.5605,1.2305065,-0.7779038681253424
3,1,211649.55771575728,-0.5605,1.2271276,-0.7786825557786125
3,1,211654.5577165396,-0.5605,1.2236149,-0.7794612406191128
3,1,211659.5577173219,-0.5605,1.2200832,-0.7802399264634812
3,1,211664.55771810422,-0.5605,1.2168379,-0.7810186135382815
3,1,211669.55771888653,-0.5605,1.213268,-0.781797302561561
3,1,211674.55771966884,-0.5605,1.20987,-0.7825759923987816
3,1,211679.55772045115,-0.5605,1.2063382,-0.7833546798482203
3,1,211684.55772123346,-0.5605,1.2029593,-0.7841333661165764
3,1,211688.67832187656,-0.5605,1.1999239,-0.7847750974406464
3,1,211688.6785218767,-0.5605,1.1999812,-0.7847751285856132
3,2,211688.67932187673,0.5605,1.2471776,6.185402472813925e-08
3,2,211693.6793226595,0.5605,1.3500881,0.0007783494042224354
3,2,211698.67932344181,0.5605,1.3840116,0.0015566350626614357
3,2,211703.67932422413,0.5605,1.410929,0.0023349184982544846
3,2,211708.67932500644,0.5605,1.434429,0.003113201476746135
3,2,211713.67932578875,0.5605,1.4558485,0.0038914856261710326
3,2,211718.67932657106,0.5605,1.4754541,0.004669767164684004
3,2,211723.67932735337,0.5605,1.4941627,0.005448048459347751
3,2,211728.67932813568,0.5605,1.5118021,0.006226331875705057
3,2,211733.679328918,0.5605,1.5287733,0.007004613865262932
3,2,211738.6793297003,0.5605,1.5453247,0.0077828951488534606
3,2,211743.6793304826,0.5605,1.5613605,0.008561176812516318
3,2,211748.67933126492,0.5605,1.5771291,0.009339461465355423
3,2,211753.67933204724,0.5605,1.592325,0.010117743057750993
3,2,211758.67933282955,0.5605,1.6075399,0.010896024953020944
3,2,211763.67933361186,0.5605,1.622163,0.01167431005392472
3,2,211768.67933439417,0.5605,1.6365572,0.012452595953014163
3,2,211773.67933517648,0.5605,1.6508176,0.013230881869246564
3,2,211778.6793359588,0.5605,1.6649827,0.014009170533163681
3,2,211783.6793367411,0.5605,1.6787276,0.014787459710071485
3,2,211788.6793375234,0.5605,1.6923199,0.015565746750772
3,2,211793.67933830572,0.5605,1.7059504,0.01634403512782521
3,2,211798.67933908803,0.5605,1.7190654,0.017122324343985983
3,2,211803.67933987034,0.5605,1.7323332,0.01790061146164603
3,2,211808.67934065266,0.5605,1.7455055,0.018678895438700917
3,2,211813.67934143497,0.5605,1.7582579,0.019457179436551203
3,2,211818.67934221728,0.5605,1.7710102,0.020235461252884734
3,2,211823.6793429996,0.5605,1.7835143,0.021013742095841302
3,2,211828.6793437819,0.5605,1.7958848,0.02179202363289065
3,2,211833.6793445642,0.5605,1.8080262,0.0225703061692218
3,2,211838.67934534652,0.5605,1.8200531,0.0233485860971378
3,2,211843.67934612883,0.5605,1.83187,0.024126865265789964
3,2,211848.67934691114,0.5605,1.8433433,0.02490514407826795
3,2,211853.67934769345,0.5605,1.8548928,0.025683420855826804
3,2,211858.67934847577,0.5605,1.8659271,0.02646169663575623
3,2,211863.67934925808,0.5605,1.8768085,0.027239976704213357
3,2,211868.6793500404,0.5605,1.887461,0.02801825789491667
3,2,211873.6793508227,0.5605,1.8980943,0.02879653856770529
3,2,211878.679351605,0.5605,1.9082885,0.029574821425990928
3,2,211883.67935238732,0.5605,1.9181008,0.03035310335945421
3,2,211888.67935316963,0.5605,1.9277033,0.031131381401475935
3,2,211893.67935395194,0.5605,1.9370958,0.031909663216739895
3,2,211898.67935473425,0.5605,1.9462209,0.0326879454121689
3,2,211903.67935551656,0.5605,1.9549834,0.03346622615948319
3,2,211908.67935629888,0.5605,1.9634212,0.034244505978739924
3,2,211913.6793570812,0.5605,1.9717255,0.03502278782311744
3,2,211918.6793578635,0.5605,1.9797626,0.03580107043688827
3,2,211923.6793586458,0.5605,1.987456,0.036579351506133874
3,2,211928.67935942812,0.5605,1.9950157,0.03735763199921118
3,2,211933.67936021043,0.5605,2.0019646,0.03813591463450922
3,2,211938.67936099274,0.5605,2.009028,0.03891419861625632
3,2,211943.67936177505,0.5605,2.0158815,0.039692484599808855
3,2,211948.67936255736,0.5605,2.0222957,0.040470770017302704
3,2,211953.67936333967,0.5605,2.028462,0.04124905499799716
3,2,211958.67936412198,0.5605,2.0345135,0.04202733882662654
3,2,211963.6793649043,0.5605,2.0404124,0.042805620638098986
3,2,211968.6793656866,0.5605,2.0460632,0.04358390167419447
3,2,211973.67936646892,0.5605,2.051542,0.04436218030835854
3,2,211978.67936725123,0.5605,2.0568302,0.04514045688542062
3,2,211983.67936803354,0.5605,2.0620036,0.0459187317181329
3,2,211988.67936881585,0.5605,2.0669289,0.04669700965206822
3,2,211993.67936959816,0.5605,2.071606,0.047475289516293345
3,2,211998.67937038047,0.5605,2.0763977,0.04825356695649691
3,2,212003.67937116278,0.5605,2.080865,0.04903184416389135
3,2,212008.6793719451,0.5605,2.0852747,0.04981012343938484
3,2,212013.6793727274,0.5605,2.0893219,0.05058840058077376
3,2,212018.67937350972,0.5605,2.093388,0.05136667809068495
3,2,212023.67937429203,0.5605,2.0972252,0.052144954592734584
3,2,212028.67937507434,0.5605,2.1011195,0.052923229387551556
3,2,212033.67937585665,0.5605,2.1048994,0.05370150794697471
3,2,212038.67937663896,0.5605,2.1085267,0.054479786907543744
3,2,212043.67937742127,0.5605,2.1119628,0.05525806716300382
3,2,212048.67937820358,0.5605,2.1153991,0.05603634775404136
3,2,212053.6793789859,0.5605,2.1187017,0.05681462944383423
3,2,212058.6793797682,0.5605,2.1218517,0.05759291161036492
3,2,212063.67938055051,0.5605,2.1250398,0.05837119035274785
3,2,212068.67938133283,0.5605,2.1279988,0.05914946973498995
3,2,212073.67938211514,0.5605,2.1310723,0.059927747821937015
3,2,212078.67938289745,0.5605,2.1338212,0.06070602608353894
3,2,212083.67938367976,0.5605,2.136685,0.061484308407021904
3,2,212088.67938446207,0.5605,2.1393385,0.06226259074023367
3,2,212093.67938524438,0.5605,2.1420684,0.06304087099080617
3,2,212098.6793860267,0.5605,2.1446073,0.0638191515402231
3,2,212103.679386809,0.5605,2.14728,0.06459743404932818
3,2,212108.6793875913,0.5605,2.1497426,0.06537571405532626
3,2,212113.67938837362,0.5605,2.1520908,0.06615399324001207
3,2,212118.67938915594,0.5605,2.1545343,0.06693226985195942
3,2,212123.67938993825,0.5605,2.1566916,0.06771054700083534
3,2,212128.67939072056,0.5605,2.1590395,0.06848882694414259
3,2,212133.67939150287,0.5605,2.1611776,0.06926710947262579
3,2,212138.67939228518,0.5605,2.1632204,0.07004539355021054
3,2,212143.6793930675,0.5605,2.1653776,0.07082367754470972
3,2,212148.6793938498,0.5605,2.1674392,0.07160196045316261
3,2,212153.6793946321,0.5605,2.169463,0.07238024458528891
3,2,212158.67939541442,0.5605,2.1715245,0.07315852882311744
3,2,212163.67939619673,0.5605,2.1733,0.07393681301851739
3,2,212168.67939697905,0.5605,2.1753428,0.07471509659657216
3,2,212173.67939776136,0.5605,2.177271,0.07549338050333992
3,2,212178.67939854367,0.5605,2.178817,0.07627166477982537
3,2,212183.67939932598,0.5605,2.180726,0.07704994857664244
3,2,212188.6794001083,0.5605,2.1822343,0.07782823397792712
3,2,212193.6794008906,0.5605,2.1841624,0.07860651665964725
3,2,212198.6794016729,0.5605,2.1858232,0.07938479748885834
3,2,212203.67940245522,0.5605,2.1874459,0.08016307816643188
3,2,212208.67940323753,0.5605,2.188916,0.08094136146318584
3,2,212213.67940401984,0.5605,2.1907678,0.08171964111424819
3,2,212218.67940480215,0.5605,2.1920466,0.08249792033090528
3,2,212223.67940558447,0.5605,2.193612,0.08327619873074693
3,2,212228.67940636678,0.5605,2.1951013,0.08405447491953773
3,2,212233.6794071491,0.5605,2.1966283,0.0848327523373465
3,2,212238.6794079314,0.5605,2.1979456,0.0856110343400472
3,2,212243.6794087137,0.5605,2.1994348,0.08638931697477568
3,2,212248.67940949602,0.5605,2.2008283,0.08716760170833934
3,2,212253.67941027833,0.5605,2.2022219,0.08794588262128501
3,2,212258.67941106064,0.5605,2.2034817,0.08872416344248919
3,2,212263.67941184295,0.5605,2.2049708,0.08950244369176695
3,2,212268.67941262526,0.5605,2.2061543,0.09028072437123791
3,2,212273.67941340758,0.5605,2.2074335,0.0910590050259299
3,2,212278.6794141899,0.5605,2.2087126,0.09183728470214542
3,2,212283.6794149722,0.5605,2.2100298,0.09261556272839178
3,2,212288.6794157545,0.5605,2.2113278,0.09339384258322916
3,2,212293.67941653682,0.5605,2.2126832,0.09417212449513875
3,2,212298.67941731913,0.5605,2.2137141,0.0949504067961342
3,2,212303.67941810144,0.5605,2.214917,0.0957286924544871
3,2,212308.67941888375,0.5605,2.2161958,0.09650697820076348
3,2,212313.67941966606,0.5605,2.2173414,0.09728526273227071
3,2,212318.67942044837,0.5605,2.2184105,0.09806354686781435
3,2,212323.67942123068,0.5605,2.219594,0.09884183176210856
3,2,212328.679422013,0.5605,2.2205677,0.09962011557154857
3,2,212333.6794227953,0.5605,2.2217703,0.10039839992527169
3,2,212338.67942357762,0.5605,2.2228584,0.10117668255148334
3,2,212343.67942435993,0.5605,2.2240803,0.10195496709141137
3,2,212348.67942514224,0.5605,2.225283,0.10273325173562767
3,2,212353.67942592455,0.5605,2.226161,0.10351153796406588
3,2,212358.67942670686,0.5605,2.2272873,0.10428982381128273
3,2,212363.67942748917,0.5605,2.2283564,0.10506811073385677
3,2,212368.67942827148,0.5605,2.2295592,0.1058464005183081
3,2,212373.6794290538,0.5605,2.2304373,0.10662469161264103
3,2,212378.6794298361,0.5605,2.23143,0.10740298089378411
3,2,212383.67943061842,0.5605,2.2325373,0.10818126656876009
3,2,212388.67943140073,0.5605,2.2334917,0.10895955330339407
3,2,212393.67943218304,0.5605,2.2345417,0.10973783692712918
3,2,212398.67943296535,0.5605,2.2354581,0.11051612265718978
3,2,212403.67943374766,0.5605,2.2364507,0.11129440958769787
3,2,212408.67943452997,0.5605,2.2373672,0.11207269814563131
3,2,212413.67943531228,0.5605,2.2385125,0.11285098463080992
3,2,212418.6794360946,0.5605,2.2394097,0.11362927130740884
3,2,212423.6794368769,0.5605,2.2404025,0.11440755642096867
3,2,212428.67943765922,0.5605,2.2414525,0.11518584056298935
3,2,212433.67943844153,0.5605,2.2422733,0.11596412484314048
3,2,212438.67943922384,0.5605,2.2431896,0.1167424100548526
3,2,212443.67944000615,0.5605,2.2440867,0.11752069481431117
3,2,212448.67944078846,0.5605,2.2451367,0.11829898285085297
3,2,212453.67944157077,0.5605,2.2459576,0.11907726671751012
3,2,212458.67944235308,0.5605,2.2467213,0.11985555135867997
3,2,212463.6794431354,0.5605,2.2478285,0.12063383558706446
3,2,212468.6794439177,0.5605,2.2486303,0.12141212258375357
3,2,212473.6794447,0.5605,2.2497184,0.12219041018893988
3,2,212478.67944548232,0.5605,2.2505584,0.12296869629115864
3,2,212483.67944626464,0.5605,2.251322,0.12374698146572383
3,2,212488.67944704695,0.5605,2.2524102,0.12452526789876824
3,2,212493.67944782926,0.5605,2.2532501,0.1253035525212752
3,2,212498.67944861157,0.5605,2.2542048,0.12608183730004568
3,2,212503.67944939388,0.5605,2.255121,0.12686012183995055
3,2,212508.6794501762,0.5605,2.2559419,0.1276384069718984
3,2,212513.6794509585,0.5605,2.2567246,0.12841669268756117
3,2,212518.6794517408,0.5605,2.2577555,0.12919497782264158
3,2,212523.67945252312,0.5605,2.2585573,0.12997326127626835
3,2,212528.67945330543,0.5605,2.2596073,0.1307515422155725
3,2,212533.67945408775,0.5605,2.260352,0.13152982165558144
3,2,212538.67945487006,0.5605,2.2610962,0.1323081017446154
3,2,212543.67945565237,0.5605,2.2620509,0.1330863782432113
3,2,212548.67945643468,0.5605,2.2627761,0.13386465997514796
3,2,212553.679457217,0.5605,2.2637498,0.13464294098625254
3,2,212558.6794579993,0.5605,2.264628,0.1354212239419653
3,2,212563.6794587816,0.5605,2.2653534,0.13619950616923313
3,2,212568.67945956392,0.5605,2.2664416,0.13697779024539397
3,2,212573.67946034623,0.5605,2.2671096,0.13775607430391515
3,2,212578.67946112854,0.5605,2.268007,0.1385343573807048
3,2,212583.67946191086,0.5605,2.2689424,0.13931264274454785
3,2,212588.6794626927,0.5605,2.2698014,0.1400909298754368
3,2,212593.679463475,0.5605,2.270546,0.14086921505446573
3,2,212598.67946425732,0.5605,2.2715578,0.141647498823815
3,2,212603.67946503963,0.5605,2.2723215,0.142425783484257
3,2,212608.67946582194,0.5605,2.2730277,0.14320406836265
3,2,212613.67946660426,0.5605,2.2741542,0.14398235732306713
3,2,212618.67946738657,0.5605,2.2750132,0.1447606451246077
3,2,212623.67946816888,0.5605,2.275796,0.1455389319888354
3,2,212628.6794689512,0.5605,2.276464,0.1463172153252397
3,2,212633.6794697335,0.5605,2.2774568,0.14709549706355407
3,2,212638.6794705158,0.5605,2.2782204,0.14787378256107378
3,2,212643.67947129812,0.5605,2.2793276,0.1486520668127074
3,2,212648.67947208043,0.5605,2.280053,0.1494303507938386
3,2,212653.67947286274,0.5605,2.2809312,0.15020863646582108
3,2,212658.67947364505,0.5605,2.2816184,0.15098692295896685
3,2,212663.67947442736,0.5605,2.282592,0.15176521114672564
3,2,212668.67947520968,0.5605,2.2833364,0.1525434969855316
3,2,212673.679475992,0.5605,2.2841766,0.15332178347241224
3,2,212678.6794767743,0.5605,2.2850547,0.15410007099599646
3,2,212683.6794775566,0.5605,2.2858756,0.15487835925832397
3,2,212688.67947833892,0.5605,2.2867727,0.15565664998320414
3,2,212693.67947912123,0.5605,2.2877083,0.156434939449966
3,2,212698.67947990354,0.5605,2.2883573,0.15721322746234143
3,2,212703.67948068585,0.5605,2.2892354,0.15799151342393628
3,2,212708.67948146816,0.5605,2.2901134,0.15876980228664814
3,2,212713.67948225047,0.5605,2.291049,0.15954809086070462
3,2,212718.67948303279,0.5605,2.2918317,0.16032638108965427
3,2,212723.6794838151,0.5605,2.2925763,0.16110467125768466
3,2,212728.6794845974,0.5605,2.2935116,0.1618829575761292
3,2,212733.67948537972,0.5605,2.2942562,0.16266124571313795
3,2,212738.67948616203,0.5605,2.2953634,0.16343953431649014
3,2,212743.67948694434,0.5605,2.2961843,0.1642178226231039
3,2,212748.67948772665,0.5605,2.2971005,0.16499611140779658
3,2,212753.67948850896,0.5605,2.2979405,0.16577439831303892
3,2,212758.67948929127,0.5605,2.2987232,0.16655269034202566
3,2,212763.67949007358,0.5605,2.299697,0.1673309826113615
3,2,212768.6794908559,0.5605,2.300556,0.16810927030638195
3,2,212773.6794916382,0.5605,2.3013005,0.16888756103312974
3,2,212778.67949242052,0.5605,2.3022358,0.16966584954571728
3,2,212783.67949320283,0.5605,2.3029995,0.1704441359247367
3,2,212788.67949398514,0.5605,2.303725,0.17122241958140005
3,2,212793.67949476745,0.5605,2.3047366,0.17200070793646247
3,2,212798.67949554976,0.5605,2.305615,0.17277899579011072
3,2,212803.67949633207,0.5605,2.306474,0.17355728297825657
3,2,212808.67949711438,0.5605,2.307333,0.1743355694587893
3,2,212813.6794978967,0.5605,2.3082876,0.17511385650156605
3,2,212818.679498679,0.5605,2.309242,0.17589214509408344
3,2,212823.67949946132,0.5605,2.3100057,0.17667043421636688
3,2,212828.67950024363,0.5605,2.310922,0.17744872347546617
3,2,212833.67950102594,0.5605,2.3118956,0.178227013981339
3,2,212838.67950180825,0.5605,2.3126593,0.1790052987390624
3,2,212843.67950259056,0.5605,2.3135374,0.17978358515475523
3,2,212848.67950337287,0.5605,2.314492,0.18056187424106065
3,2,212853.67950415518,0.5605,2.3152554,0.18134016312571696
3,2,212858.6795049375,0.5605,2.316172,0.18211845274427532
3,2,212863.6795057198,0.5605,2.31705,0.1828967399302489
3,2,212868.6795065021,0.5605,2.3180044,0.18367502616374026
3,2,212873.67950728443,0.5605,2.3188827,0.18445331255622702
3,2,212878.67950806674,0.5605,2.319818,0.18523159580020437
3,2,212883.67950884905,0.5605,2.320696,0.18600987792041562
3,2,212888.67950963136,0.5605,2.3215744,0.18678816215343272
3,2,212893.67951041367,0.5605,2.3225288,0.1875664473374022
3,2,212898.67951119598,0.5605,2.3235025,0.1883447330081926
3,2,212903.6795119783,0.5605,2.3242662,0.18912301824084582
3,2,212908.6795127606,0.5605,2.3252587,0.18990130561194812
3,2,212913.6795135429,0.5605,2.3261752,0.19067959269369636
3,2,212918.67951432522,0.5605,2.3270533,0.19145787812089582
3,2,212923.67951510753,0.5605,2.3280652,0.19223616105849536
3,2,212928.67951588985,0.5605,2.3289242,0.1930144469724893
3,2,212933.67951667216,0.5605,2.329955,0.1937927315433422
3,2,212938.67951745447,0.5605,2.3307185,0.19457101753618314
3,2,212943.67951823678,0.5605,2.3316922,0.1953493020178013
3,2,212948.6795190191,0.5605,2.3326275,0.1961275863892303
3,2,212953.6795198014,0.5605,2.3335822,0.19690587123212544
3,2,212958.6795205837,0.5605,2.3345368,0.19768415587847096
3,2,212963.67952136602,0.5605,2.3355293,0.19846244213868178
3,2,212968.67952214833,0.5605,2.3364074,0.19924072911165486
3,2,212973.67952293064,0.5605,2.3372667,0.20001901422893337
3,2,212978.67952371296,0.5605,2.3382592,0.20079730093837114
3,2,212983.67952449527,0.5605,2.3390992,0.2015755875386695
3,2,212988.67952527758,0.5605,2.3401682,0.20235387344524594
3,2,212993.6795260599,0.5605,2.3410466,0.20313216198383105
3,2,212998.6795268422,0.5605,2.3420963,0.20391045028317636
3,2,213003.6795276245,0.5605,2.3431273,0.2046887372445696
3,2,213008.67952840682,0.5605,2.3440437,0.205467026248816
3,2,213013.67952918913,0.5605,2.3449218,0.20624531611454489
3,2,213018.67952997144,0.5605,2.346029,0.20702361040497821
3,2,213023.67953075375,0.5605,2.3469644,0.20780190275893942
3,2,213028.67953153607,0.5605,2.3480334,0.20858019302395983
3,2,213033.67953231838,0.5605,2.3491025,0.20935848178200261
3,2,213038.6795331007,0.5605,2.350019,0.21013677062034278
3,2,213043.679533883,0.5605,2.3511834,0.21091506070879104
3,2,213048.6795346653,0.5605,2.3519661,0.21169334806828038
3,2,213053.67953544762,0.5605,2.3530352,0.21247163757417273
3,2,213058.67953622993,0.5605,2.3541615,0.2132499270780385
3,2,213063.67953701224,0.5605,2.3549633,0.21402821431371244
3,2,213068.67953779455,0.5605,2.3561277,0.21480650325577463
3,2,213073.67953857686,0.5605,2.3571396,0.21558479611064332
3,2,213078.67953935917,0.5605,2.3579032,0.21636308953006073
3,2,213083.6795401415,0.5605,2.3590105,0.21714138351586135
3,2,213088.6795409238,0.5605,2.3600032,0.21791967751380806
3,2,213093.6795417061,0.5605,2.3609958,0.2186979728060597
3,2,213098.67954248842,0.5605,2.362084,0.2194762691580356
3,2,213103.67954327073,0.5605,2.3630385,0.22025456342456415
3,2,213108.67954405304,0.5605,2.3641267,0.2210328582608204
3,2,213113.67954483535,0.5605,2.3651576,0.22181115504243648
3,2,213118.67954561766,0.5605,2.3662457,0.22258944875985726
3,2,213123.67954639997,0.5605,2.3671048,0.22336774221504077
3,2,213128.67954718228,0.5605,2.3681738,0.2241460327205328
3,2,213133.6795479646,0.5605,2.3693383,0.22492432449988867
3,2,213138.6795487469,0.5605,2.3703883,0.22570261272100287
3,2,213143.67954952922,0.5605,2.3715909,0.22648090270055676
3,2,213148.67955031153,0.5605,2.37245,0.22725919736273764
3,2,213153.67955109384,0.5605,2.3734808,0.2280374879332153
3,2,213158.67955187615,0.5605,2.3746073,0.22881577705124034
3,2,213163.67955265846,0.5605,2.375657,0.2295940672725639
3,2,213168.67955344077,0.5605,2.3767836,0.23037235561939423
3,2,213173.67955422308,0.5605,2.3778527,0.23115064276607844
3,2,213178.6795550054,0.5605,2.378979,0.23192893432804293
3,2,213183.6795557877,0.5605,2.3800097,0.23270722736169577
3,2,213188.67955657002,0.5605,2.3811553,0.23348552220722385
3,2,213193.67955735233,0.5605,2.3823578,0.23426382015004107
3,2,213198.67955813464,0.5605,2.383236,0.2350421174819471
3,2,213203.67955891695,0.5605,2.3844388,0.2358204162952802
3,2,213208.67955969926,0.5605,2.3856032,0.2365987145053547
3,2,213213.67956048157,0.5605,2.3866532,0.23737700848386697
3,2,213218.67956126388,0.5605,2.387875,0.23815530204872964
3,2,213223.6795620462,0.5605,2.3888867,0.2389335946699647
3,2,213228.6795628285,0.5605,2.3900323,0.23971189010872454
3,2,213233.6795636108,0.5605,2.3911395,0.24049018652314952
3,2,213238.67956439313,0.5605,2.3922276,0.24126848440944165
3,2,213243.67956517544,0.5605,2.393373,0.24204678024966528
3,2,213248.67956595775,0.5605,2.394404,0.2428250745229987
3,2,213253.67956674006,0.5605,2.3955493,0.24360337037166302
3,2,213258.67956752237,0.5605,2.3967328,0.24438166689823412
3,2,213263.67956830468,0.5605,2.3978782,0.24515996262765602
3,2,213268.679569087,0.5605,2.3987947,0.24593826098763952
3,2,213273.6795698693,0.5605,2.4000163,0.24671655914209295
3,2,213278.6795706516,0.5605,2.4012573,0.24749485517071693
3,2,213283.67957143392,0.5605,2.4023073,0.2482731520011691
3,2,213288.67957221624,0.5605,2.403529,0.24905145263407638
3,2,213293.67957299855,0.5605,2.404617,0.24982975198409965
3,2,213298.67957378086,0.5605,2.4057817,0.25060804887441473
3,2,213303.67957456317,0.5605,2.406927,0.2513863435714246
3,2,213308.67957534548,0.5605,2.4080534,0.25216464166232955
3,2,213313.6795761278,0.5605,2.4091606,0.2529429424300659
3,2,213318.6795769101,0.5605,2.4104016,0.2537212407662737
3,2,213323.6795776924,0.5605,2.4115279,0.2544995359467898
3,2,213328.67957847472,0.5605,2.4128451,0.2552778321234651
3,2,213333.67957925703,0.5605,2.413876,0.256056129832248
3,2,213338.67958003934,0.5605,2.4152315,0.25683442896280034
3,2,213343.67958082166,0.5605,2.4161286,0.25761272366122745
3,2,213348.67958160397,0.5605,2.417446,0.2583910188001958
3,2,213353.67958238628,0.5605,2.4184384,0.25916931429289125
3,2,213358.6795831686,0.5605,2.4197176,0.2599476096278761
3,2,213363.6795839509,0.5605,2.4207866,0.2607259052066042
3,2,213368.6795847332,0.5605,2.422161,0.2615041980341177
3,2,213373.67958551552,0.5605,2.4231157,0.2622824948173894
3,2,213378.67958629783,0.5605,2.424433,0.2630607891561555
3,2,213383.67958708014,0.5605,2.4256546,0.2638390799351534
3,2,213388.67958786245,0.5605,2.4267619,0.26461737413391145
3,2,213393.67958864477,0.5605,2.427869,0.26539566992305724
3,2,213398.67958942708,0.5605,2.4289763,0.2661739650525849
3,2,213403.6795902094,0.5605,2.4302554,0.2669522616012892
3,2,213408.6795909917,0.5605,2.431439,0.26773056057595884
3,2,213413.679591774,0.5605,2.432527,0.2685088595326378
3,2,213418.67959255632,0.5605,2.433768,0.2692871543152333
3,2,213423.67959333863,0.5605,2.4348943,0.2700654505348041
3,2,213428.67959412094,0.5605,2.4361353,0.2708437460385694
3,2,213433.67959490325,0.5605,2.4372044,0.27162204106594134
3,2,213438.67959568556,0.5605,2.4385407,0.27240033499456456
3,2,213443.67959646787,0.5605,2.4397242,0.2731786300508613
3,2,213448.6795972502,0.5605,2.440698,0.27395692356166257
3,2,213453.6795980325,0.5605,2.4419386,0.27473521743549256
3,2,213458.6795988148,0.5605,2.4431796,0.2755135105183027
3,2,213463.67959959712,0.5605,2.4442296,0.2762918064818947
3,2,213468.67960037943,0.5605,2.4452412,0.2770700983397433
3,2,213473.67960116174,0.5605,2.446616,0.27784838774236725
3,2,213478.67960194405,0.5605,2.4478185,0.2786266805364061
3,2,213483.67960272636,0.5605,2.4488685,0.2794049754876033
3,2,213488.67960350867,0.5605,2.4501476,0.2801832698081039
3,2,213493.67960429098,0.5605,2.4513311,0.2809615610952976
3,2,213498.6796050733,0.5605,2.4524002,0.28173985125359585
3,2,213503.6796058556,0.5605,2.453641,0.2825181416336565
3,2,213508.67960663792,0.5605,2.454691,0.2832964317134025
3,2,213513.67960742023,0.5605,2.455779,0.284074721867853
3,2,213518.67960820254,0.5605,2.4570963,0.2848530108283529
3,2,213523.67960898485,0.5605,2.458032,0.28563130058009123
3,2,213528.67960976716,0.5605,2.4593108,0.2864095923015644
3,2,213533.67961054947,0.5605,2.4603798,0.28718788174711696
3,2,213538.67961133178,0.5605,2.4617162,0.28796617253992657
3,2,213543.6796121141,0.5605,2.4627662,0.2887444610085888
3,2,213548.6796128964,0.5605,2.4638352,0.28952275308272607
3,2,213553.67961367872,0.5605,2.4649997,0.29030104690439207
3,2,213558.67961446103,0.5605,2.4659734,0.291079341402286
3,2,213563.67961524334,0.5605,2.4670997,0.2918576371435527
3,2,213568.67961602565,0.5605,2.468207,0.2926359335600075
3,2,213573.67961680796,0.5605,2.4693716,0.2934142329267499
3,2,213578.67961759027,0.5605,2.470364,0.2941925300616957
3,2,213583.67961837258,0.5605,2.4714522,0.2949708245555895
3,2,213588.6796191549,0.5605,2.4727123,0.2957491174511284
3,2,213593.6796199372,0.5605,2.4738958,0.29652740622427437
3,2,213598.67962071951,0.5605,2.4748123,0.2973056966876259
3,2,213603.67962150183,0.5605,2.4759195,0.29808399037436023
3,2,213608.67962228414,0.5605,2.4770458,0.2988622829747767
3,2,213613.67962306645,0.5605,2.477981,0.299640576908208
3,2,213618.67962384876,0.5605,2.4790883,0.30041887022397623
3,2,213623.67962463107,0.5605,2.4800048,0.3011971644451622
3,2,213628.67962541338,0.5605,2.4811692,0.30197545919424
3,2,213633.6796261957,0.5605,2.481971,0.3027537556155162
3,2,213638.679626978,0.5605,2.4831355,0.30353204990788335
3,2,213643.6796277603,0.5605,2.4842427,0.30431034287405045
3,2,213648.67962854262,0.5605,2.4850254,0.30508863108555506
3,2,213653.67962932494,0.5605,2.4860754,0.3058669218633774
3,2,213658.67963010725,0.5605,2.4870682,0.30664521317037635
3,2,213663.67963088956,0.5605,2.4881182,0.3074235059565408
3,2,213668.67963167187,0.5605,2.4890535,0.3082017995944357
3,2,213673.67963245418,0.5605,2.4901798,0.308980091819025
3,2,213678.6796332365,0.5605,2.491039,0.30975838225254776
3,2,213683.6796340188,0.5605,2.4919553,0.3105366707957026
3,2,213688.6796348011,0.5605,2.4931006,0.31131495803494946
3,2,213693.67963558342,0.5605,2.4940743,0.3120932466632131
3,2,213698.67963636573,0.5605,2.494819,0.31287153715315164
3,2,213703.67963714805,0.5605,2.495888,0.31364982970813615
3,2,213708.67963793036,0.5605,2.496728,0.3144281232562201
3,2,213713.67963871267,0.5605,2.497816,0.3152064148048729
3,2,213718.67963949498,0.5605,2.4985223,0.3159847083797558
3,2,213723.6796402773,0.5605,2.499515,0.3167630031943292
3,2,213728.6796410596,0.5605,2.500126,0.3175412976939682
3,2,213733.6796418419,0.5605,2.5010614,0.31831959447085567
3,2,213738.67964262422,0.5605,2.5020158,0.3190978893505273
3,2,213743.67964340653,0.5605,2.502913,0.31987618574598475
3,2,213748.67964418884,0.5605,2.5036957,0.32065447988988005
3,2,213753.67964497115,0.5605,2.5045166,0.32143277382822544
3,2,213758.67964575347,0.5605,2.505414,0.3222110687522396
3,2,213763.67964653578,0.5605,2.506273,0.3229893656326404
3,2,213768.6796473181,0.5605,2.5070748,0.32376766164755866
3,2,213773.6796481004,0.5605,2.5078194,0.3245459561789239
3,2,213778.6796488827,0.5605,2.5085638,0.3253242507348959
3,2,213783.67964966502,0.5605,2.509442,0.32610254518531473
3,2,213788.67965044733,0.5605,2.5101292,0.32688083676876006
3,2,213793.67965122964,0.5605,2.51095,0.3276591284309564
3,2,213798.67965201195,0.5605,2.511809,0.32843741888405265
3,2,213803.67965279426,0.5605,2.5125728,0.3292157086335591
3,2,213808.67965357658,0.5605,2.5133555,0.3299939982291465
3,2,213813.6796543589,0.5605,2.5141382,0.33077228738798414
3,2,213818.6796551412,0.5605,2.514749,0.3315505736968721
3,2,213823.6796559235,0.5605,2.515589,0.3323288604915743
3,2,213828.67965670582,0.5605,2.5163145,0.3331071485201324
3,2,213833.67965748813,0.5605,2.517021,0.33388543637068785
3,2,213838.67965827044,0.5605,2.5178034,0.33466372232582886
3,2,213843.67965905275,0.5605,2.518357,0.3354420077863705
3,2,213848.67965983506,0.5605,2.5192163,0.33622029480715315
3,2,213853.67966061737,0.5605,2.5198653,0.33699858165754265
3,2,213858.67966139968,0.5605,2.5206099,0.33777687472149454
3,2,213863.679662182,0.5605,2.5211825,0.3385551668548159
3,2,213868.67966296384,0.5605,2.5218124,0.3393334582176876
3,2,213873.67966374615,0.5605,2.5224426,0.34011174862117294
3,2,213878.67966452846,0.5605,2.523206,0.3408900371331015
3,2,213883.67966531077,0.5605,2.5238934,0.34166832652004614
3,2,213888.67966609308,0.5605,2.5246189,0.3424466180759972
3,2,213893.6796668754,0.5605,2.525115,0.3432249081019268
3,2,213898.6796676577,0.5605,2.5258787,0.34400319469618523
3,2,213903.67966844002,0.5605,2.526566,0.3447814819019045
3,2,213908.67966922233,0.5605,2.526986,0.3455597709567685
3,2,213913.67967000464,0.5605,2.5277305,0.34633805746022583
3,2,213918.67967078695,0.5605,2.5283797,0.3471163475273588
3,2,213923.67967156926,0.5605,2.528895,0.3478946393486035
3,2,213928.67967235157,0.5605,2.5295632,0.34867293101362107
3,2,213933.67967313388,0.5605,2.5300596,0.34945122369337794
3,2,213938.6796739162,0.5605,2.5307467,0.3502295171188618
3,2,213943.6796746985,0.5605,2.5313578,0.35100781053357705
3,2,213948.67967548082,0.5605,2.531873,0.3517861037932275
3,2,213953.67967626313,0.5605,2.5325222,0.35256439568482884
3,2,213958.67967704544,0.5605,2.533152,0.3533426884396114
3,2,213963.67967782775,0.5605,2.5337057,0.35412098082442794
3,2,213968.67967861006,0.5605,2.5342784,0.35489927160128004
3,2,213973.67967939237,0.5605,2.534851,0.355677559266273
3,2,213978.67968017468,0.5605,2.5355384,0.3564558473177987
3,2,213983.679680957,0.5605,2.5360157,0.35723413285359784
3,2,213988.6796817393,0.5605,2.5366838,0.35801241692033126
3,2,213993.67968252162,0.5605,2.5372756,0.35879069649431156
3,2,213998.67968330393,0.5605,2.5378292,0.3595689767176911
3,2,214003.67968408624,0.5605,2.5384212,0.36034725729256584
3,2,214008.67968486855,0.5605,2.538841,0.3611255368326311
3,2,214013.67968565086,0.5605,2.5395665,0.3619038175944823
3,2,214018.67968643317,0.5605,2.5399673,0.362682100031373
3,2,214023.67968721548,0.5605,2.5405974,0.3634603827797212
3,2,214028.67968799733,0.5605,2.5412083,0.3642386634425525
3,2,214033.67968877964,0.5605,2.5415328,0.3650169428667629
3,2,214038.67968956195,0.5605,2.5421817,0.3657952241084712
3,2,214043.67969034426,0.5605,2.5427928,0.36657350562609936
3,2,214048.67969112657,0.5605,2.5432127,0.36735178697643717
3,2,214053.67969190888,0.5605,2.5438237,0.36813006723954983
3,2,214058.6796926912,0.5605,2.544339,0.3689083517107239
3,2,214063.6796934735,0.5605,2.5448163,0.36968663436849286
3,2,214068.6796942558,0.5605,2.545389,0.3704649166958336
3,2,214073.67969503812,0.5605,2.5457518,0.3712431999856966
3,2,214078.67969582044,0.5605,2.546229,0.3720214828670989
3,2,214083.67969660275,0.5605,2.5467825,0.37279976679687404
3,2,214088.67969738506,0.5605,2.5473554,0.373578052555174
3,2,214093.67969816737,0.5605,2.5479472,0.3743563390272098
3,2,214098.67969894968,0.5605,2.5484817,0.3751346248161995
3,2,214103.679699732,0.5605,2.5489206,0.37591291046517794
3,2,214108.6797005143,0.5605,2.5493789,0.37669119266238515
3,2,214113.6797012966,0.5605,2.5499325,0.3774694725529721
3,2,214118.67970207892,0.5605,2.5503907,0.37824775295378804
3,2,214123.67970286123,0.5605,2.5509634,0.3790260353200903
3,2,214128.67970364355,0.5605,2.5515552,0.3798043156626493
3,2,214133.67970442586,0.5605,2.5518224,0.3805825994000339
3,2,214138.67970520817,0.5605,2.5525098,0.38136088175810084
3,2,214143.67970599048,0.5605,2.5528343,0.38213916226900985
3,2,214148.6797067728,0.5605,2.5533497,0.38291744623884594
3,2,214153.6797075551,0.5605,2.5539606,0.3836957287436661
3,2,214158.6797083374,0.5605,2.5543807,0.3844740164149308
3,2,214163.67970911972,0.5605,2.5547814,0.38525230511127284
3,2,214168.67970990203,0.5605,2.5552397,0.38603059240471693
3,2,214173.67971068434,0.5605,2.5559268,0.38680887630000416
3,2,214178.67971146666,0.5605,2.556366,0.38758715790597636
3,2,214183.67971224897,0.5605,2.5566905,0.3883654431579084
3,2,214188.67971303128,0.5605,2.5573013,0.3891437291249703
3,2,214193.6797138136,0.5605,2.5576832,0.3899220137659183
3,2,214198.6797145959,0.5605,2.5582178,0.3907002984147705
3,2,214203.6797153782,0.5605,2.5587142,0.3914785838072337
3,2,214208.67971616052,0.5605,2.5592868,0.39225686622786565
3,2,214213.67971694283,0.5605,2.5597258,0.39303514814677876
3,2,214218.67971772514,0.5605,2.5602221,0.3938134263347921
3,2,214223.67971850745,0.5605,2.5607376,0.39459170450514924
3,2,214228.67971928976,0.5605,2.561253,0.3953699835684469
3,2,214233.67972007208,0.5605,2.5616922,0.3961482640524146
3,2,214238.6797208544,0.5605,2.5622075,0.39692654225824314
3,2,214243.6797216367,0.5605,2.5626276,0.39770482109088734
3,2,214248.679722419,0.5605,2.563143,0.39848309866303905
3,2,214253.67972320132,0.5605,2.5635822,0.3992613780382478
3,2,214258.67972398363,0.5605,2.5641167,0.40003965960552335
3,2,214263.67972476594,0.5605,2.564632,0.4008179448929996
3,2,214268.67972554825,0.5605,2.5649948,0.4015962304025661
3,2,214273.67972633056,0.5605,2.5655103,0.4023745147480406
3,2,214278.67972711287,0.5605,2.5660448,0.40315279677207644
3,2,214283.67972789519,0.5605,2.5664647,0.40393107974120024
3,2,214288.6797286775,0.5605,2.5667892,0.4047093645101326
3,2,214293.6797294598,0.5605,2.5673618,0.4054876491467891
3,2,214298.67973024212,0.5605,2.5678391,0.40626593348930656
3,2,214303.67973102443,0.5605,2.568221,0.407044215649688
3,2,214308.67973180674,0.5605,2.5687556,0.4078224950465167
3,2,214313.67973258905,0.5605,2.569061,0.40860077577965503
3,2,214318.67973337136,0.5605,2.5696337,0.4093790563312144
3,2,214323.67973415367,0.5605,2.5699964,0.4101573372003076
3,2,214328.67973493598,0.5605,2.5706456,0.41093561645819787
3,2,214333.6797357183,0.5605,2.5710082,0.4117138966174163
3,2,214338.6797365006,0.5605,2.5715046,0.41249217791784515
3,2,214343.67973728292,0.5605,2.5719244,0.41327045886915637
3,2,214348.67973806523,0.5605,2.5722492,0.4140487379523189
3,2,214353.67973884754,0.5605,2.57286,0.4148270132361688
3,2,214358.67973962985,0.5605,2.5733373,0.41560529103354654
3,2,214363.67974041216,0.5605,2.5738335,0.41638357039787083
3,2,214368.67974119447,0.5605,2.574139,0.4171618476925596
3,2,214373.67974197678,0.5605,2.5746543,0.41794012531638186
3,2,214378.6797427591,0.5605,2.5750363,0.41871840465422844
3,2,214383.6797435414,0.5605,2.575437,0.4194966824370494
3,2,214388.67974432372,0.5605,2.5759907,0.42027495883343985
3,2,214393.67974510603,0.5605,2.5765061,0.4210532340127664
3,2,214398.67974588834,0.5605,2.5767353,0.4218315103625692
3,2,214403.67974667065,0.5605,2.577346,0.42260978266535243
3,2,214408.67974745296,0.5605,2.5778425,0.4233880517052118
3,2,214413.67974823527,0.5605,2.578358,0.42416632449554775
3,2,214418.67974901758,0.5605,2.578759,0.42494459657906203
3,2,214423.6797497999,0.5605,2.579255,0.42572286785973484
3,2,214428.6797505822,0.5605,2.5798087,0.4265011381741833
3,2,214433.6797513645,0.5605,2.5801334,0.42727941256266877
3,2,214438.67975214683,0.5605,2.580649,0.4280576845639286
3,2,214443.67975292914,0.5605,2.5811641,0.42883595910154826
3,2,214448.67975371145,0.5605,2.581508,0.42961423481988953
3,2,214453.67975449376,0.5605,2.5818706,0.4303925115529337
3,2,214458.67975527607,0.5605,2.582596,0.43117078809057724
3,2,214463.67975605838,0.5605,2.5829778,0.43194906605474537
3,2,214468.6797568407,0.5605,2.5834742,0.43272734340414126
3,2,214473.679757623,0.5605,2.5837414,0.4335056190271879
3,2,214478.6797584053,0.5605,2.584276,0.4342838974599413
3,2,214483.67975918762,0.5605,2.5847342,0.4350621754048604
3,2,214488.67975996993,0.5605,2.5850015,0.43584045181980446
3,2,214493.67976075225,0.5605,2.5857077,0.43661872856559736
3,2,214498.67976153456,0.5605,2.586166,0.43739700665045494
3,2,214503.67976231687,0.5605,2.5864713,0.4381752862981364
3,2,214508.67976309918,0.5605,2.5869486,0.43895356126717777
3,2,214513.6797638815,0.5605,2.5872922,0.4397318376476207
3,2,214518.6797646638,0.5605,2.5878458,0.4405101151288852
3,2,214523.6797654461,0.5605,2.5884185,0.4412883931018914
3,2,214528.67976622842,0.5605,2.5888767,0.442066669613491
3,2,214533.67976701073,0.5605,2.589316,0.44284494518945994
3,2,214538.67976779304,0.5605,2.5899076,0.4436232206249573
3,2,214543.67976857536,0.5605,2.5903275,0.4444014968920388
3,2,214548.67976935767,0.5605,2.590633,0.4451797727296357
3,2,214553.67977013998,0.5605,2.5911865,0.4459580471813187
3,2,214558.6797709223,0.5605,2.591473,0.44673632274735353
3,2,214563.6797717046,0.5605,2.5920267,0.4475145977422103
3,2,214568.6797724869,0.5605,2.5924466,0.44829287217880337
3,2,214573.67977326922,0.5605,2.5930574,0.44907114576280827
3,2,214578.67977405153,0.5605,2.5934203,0.4498494167904262
3,2,214583.67977483384,0.5605,2.594012,0.45062769148009396
3,2,214588.67977561615,0.5605,2.5943937,0.45140596362937535
3,2,214593.67977639847,0.5605,2.594833,0.4521842366648122
3,2,214598.67977718078,0.5605,2.5951765,0.45296251064109183
3,2,214603.6797779631,0.5605,2.595711,0.4537407823527559
3,2,214608.6797787454,0.5605,2.5962455,0.4545190526659791
3,2,214613.6797795277,0.5605,2.5964746,0.4552973232379229
3,2,214618.67978031002,0.5605,2.5970283,0.4560755877065067
3,2,214623.67978109233,0.5605,2.5974865,0.4568538533376956
3,2,214628.67978187464,0.5605,2.5978682,0.4576321200546958
3,2,214633.67978265695,0.5605,2.598479,0.4584103900021253
3,2,214638.67978343926,0.5605,2.59888,0.45918866108760614
3,2,214643.67978422157,0.5605,2.5993383,0.45996693410936373
3,2,214648.6797850039,0.5605,2.6000063,0.4607452059676453
3,2,214653.6797857862,0.5605,2.6002927,0.46152347677619304
3,2,214658.6797865685,0.5605,2.600751,0.46230174109407973
3,2,214663.67978735082,0.5605,2.6012664,0.4630800066541769
3,2,214668.67978813313,0.5605,2.6017628,0.4638582711305822
3,2,214673.67978891544,0.5605,2.602259,0.4646365315915351
3,2,214678.67978969775,0.5605,2.6026027,0.4654147967432709
3,2,214683.67979048006,0.5605,2.6030798,0.4661930625783541
3,2,214688.67979126237,0.5605,2.603557,0.4669713306660259
3,2,214693.67979204468,0.5605,2.6038053,0.4677495971613663
3,2,214698.679792827,0.5605,2.6043398,0.46852786165259325
3,2,214703.6797936093,0.5605,2.6047409,0.46930612649906717
3,2,214708.67979439162,0.5605,2.6051607,0.47008439045819017
3,2,214713.67979517393,0.5605,2.6057143,0.4708626489624517
3,2,214718.67979595624,0.5605,2.6061726,0.47164090929848984
3,2,214723.67979673855,0.5605,2.606707,0.47241917145352263
3,2,214728.67979752086,0.5605,2.6070697,0.47319743291711175
3,2,214733.67979830317,0.5605,2.6076424,0.47397569312495025
3,2,214738.67979908548,0.5605,2.6080434,0.47475395736757614
3,2,214743.6797998678,0.5605,2.6085014,0.47553221996914047
3,2,214748.6798006501,0.5605,2.609055,0.47631048422742917
3,2,214753.67980143242,0.5605,2.6094942,0.4770887501076132
3,2,214758.67980221473,0.5605,2.6098378,0.4778670145877305
3,2,214763.67980299704,0.5605,2.6105633,0.47864527775241966
3,2,214768.67980377935,0.5605,2.6108496,0.47942353999927345
3,2,214773.67980456166,0.5605,2.6114223,0.48020180437913906
3,2,214778.67980534397,0.5605,2.6117086,0.48098006579407093
3,2,214783.67980612628,0.5605,2.612186,0.4817583285693927
3,2,214788.6798069086,0.5605,2.6127968,0.4825365933896737
3,2,214793.6798076909,0.5605,2.6131406,0.48331485550023484
3,2,214798.6798084732,0.5605,2.6136558,0.4840931207445863
3,2,214803.67980925553,0.5605,2.6141713,0.4848713854246739
3,2,214808.67981003784,0.5605,2.614496,0.48564965029984414
3,2,214813.67981082015,0.5605,2.6150305,0.48642791267075836
3,2,214818.67981160246,0.5605,2.6156032,0.4872061728562716
3,2,214823.67981238477,0.5605,2.615985,0.4879844346754024
3,2,214828.67981316708,0.5605,2.6165576,0.4887626962880462
3,2,214833.6798139494,0.5605,2.6169968,0.48954096113557644
3,2,214838.6798147317,0.5605,2.6173785,0.49031923024456725
3,2,214843.679815514,0.5605,2.617894,0.49109749875416053
3,2,214848.67981629632,0.5605,2.6185048,0.49187576781334175
3,2,214853.67981707864,0.5605,2.618944,0.4926540357358359
3,2,214858.67981786095,0.5605,2.6194594,0.4934323039738439
3,2,214863.67981864326,0.5605,2.620013,0.49421057304355526
3,2,214868.67981942557,0.5605,2.6202803,0.4949888380086226
3,2,214873.67982020788,0.5605,2.620853,0.4957671045030623
3,2,214878.6798209902,0.5605,2.6213684,0.49654537020015077
3,2,214883.6798217725,0.5605,2.6218076,0.4973236387759383
3,2,214888.6798225548,0.5605,2.6223993,0.4981019053654971
3,2,214893.67982333712,0.5605,2.622743,0.4988801726408934
3,2,214898.67982411943,0.5605,2.6232584,0.499658440718651
3,2,214903.67982490174,0.5605,2.6236591,0.5004367119127414
3,2,214908.67982568406,0.5605,2.6240983,0.5012149815042153
3,2,214913.67982646637,0.5605,2.6246138,0.501993248225209
3,2,214918.67982724868,0.5605,2.6251864,0.5027715147460734
3,2,214923.679828031,0.5605,2.62574,0.503549781396005
3,2,214928.6798288133,0.5605,2.6262364,0.5043280462478799
3,2,214933.6798295956,0.5605,2.6266756,0.5051063087303608
3,2,214938.67983037792,0.5605,2.6270955,0.5058845718239283
3,2,214943.67983116023,0.5605,2.6275346,0.506662835179763
3,2,214948.67983194254,0.5605,2.628279,0.5074411004201707
3,2,214953.67983272485,0.5605,2.6286418,0.5082193662226898
3,2,214958.67983350717,0.5605,2.6290808,0.5089976336140569
3,2,214963.67983428948,0.5605,2.6296728,0.509775898608261
3,2,214968.6798350718,0.5605,2.6302645,0.5105541634835107
3,2,214973.6798358541,0.5605,2.630589,0.5113324279425113
3,2,214978.6798366364,0.5605,2.6311808,0.5121106943285898
3,2,214983.67983741872,0.5605,2.631639,0.5128889621126621
3,2,214988.67983820103,0.5605,2.6320972,0.5136672314919831
3,2,214993.67983898334,0.5605,2.6326509,0.514445500406494
3,2,214998.67983976565,0.5605,2.633128,0.5152237724755375
3,2,215003.67984054796,0.5605,2.6336243,0.5160020406930018
3,2,215008.67984133027,0.5605,2.6340444,0.5167803110790752
3,2,215013.6798421126,0.5605,2.6345408,0.5175585832226113
3,2,215018.6798428949,0.5605,2.6350944,0.5183368546376164
3,2,215023.6798436772,0.5605,2.6357052,0.5191151229629982
3,2,215028.67984445952,0.5605,2.636125,0.5198933917425012
3,2,215033.67984524183,0.5605,2.636698,0.5206716621904938
3,2,215038.67984602414,0.5605,2.6371179,0.521449932713969
3,2,215043.67984680645,0.5605,2.6376524,0.5222282044920923
3,2,215048.67984758876,0.5605,2.6381488,0.523006474248714
3,2,215053.67984837107,0.5605,2.638607,0.5237847455894518
3,2,215058.67984915338,0.5605,2.6391797,0.524563021657106
3,2,215063.6798499357,0.5605,2.6396952,0.5253412967280349
3,2,215068.679850718,0.5605,2.640096,0.5261195714121826
3,2,215073.67985150032,0.5605,2.6407452,0.5268978468843699
3,2,215078.67985228263,0.5605,2.6412797,0.5276761222130789
3,2,215083.67985306494,0.5605,2.6416233,0.5284543992191454
3,2,215088.67985384725,0.5605,2.6421769,0.5292326764727368
3,2,215093.67985462956,0.5605,2.6426733,0.5300109524735179
3,2,215098.67985541187,0.5605,2.643246,0.5307892276684377
3,2,215103.67985619418,0.5605,2.6438568,0.5315675025515026
3,2,215108.6798569765,0.5605,2.6443532,0.532345779207915
3,2,215113.6798577588,0.5605,2.6448686,0.5331240553184283
3,2,215118.67985854112,0.5605,2.6454031,0.5339023285688624
3,2,215123.67985932343,0.5605,2.646014,0.5346805987191
3,2,215128.67986010574,0.5605,2.6464722,0.5354588695513638
3,2,215133.67986088805,0.5605,2.6472166,0.5362371380176344
3,2,215138.67986167036,0.5605,2.6474648,0.537015408062491
3,2,215143.67986245267,0.5605,2.6479993,0.5377936795903377
3,2,215148.67986323498,0.5605,2.6487439,0.5385719511713054
3,2,215153.6798640173,0.5605,2.649164,0.539350225350115
3,2,215158.6798647996,0.5605,2.6495266,0.5401284997995893
3,2,215163.67986558191,0.5605,2.6501756,0.5409067754408121
3,2,215168.67986636423,0.5605,2.6507292,0.5416850516670744
3,2,215173.67986714654,0.5605,2.6512828,0.5424633260540499
3,2,215178.67986792885,0.5605,2.6518173,0.5432416003636188
3,2,215183.67986871116,0.5605,2.6521993,0.5440198741963704
3,2,215188.67986949347,0.5605,2.6528864,0.5447981482756701
3,2,215193.67987027578,0.5605,2.6535165,0.5455764232061969
3,2,215198.6798710581,0.5605,2.6539173,0.5463547000010809
3,2,215203.6798718404,0.5605,2.6545281,0.5471329790106814
3,2,215208.6798726227,0.5605,2.6549864,0.5479112577002182
3,2,215213.67987340502,0.5605,2.6555018,0.5486895336733892
3,2,215218.67987418734,0.5605,2.6559792,0.5494678098087478
3,2,215223.67987496965,0.5605,2.6564946,0.5502460862530504
3,2,215228.67987575196,0.5605,2.6571245,0.5510243628185492
3,2,215233.67987653427,0.5605,2.6577353,0.5518026375545099
3,2,215238.67987731658,0.5605,2.658308,0.5525809127696787
3,2,215243.6798780989,0.5605,2.65869,0.5533591876747609
3,2,215248.6798788812,0.5605,2.6593008,0.5541374649110271
3,2,215253.6798796635,0.5605,2.65974,0.5549157437126769
3,2,215258.67988044582,0.5605,2.6606944,0.555694027396467
3,2,215263.67988122813,0.5605,2.661038,0.5564723107860784
3,2,215268.67988201044,0.5605,2.6615918,0.5572505937659078
3,2,215273.67988279276,0.5605,2.6621263,0.5580288732539249
3,2,215278.67988357507,0.5605,2.6628134,0.5588071533072689
3,2,215283.67988435738,0.5605,2.663348,0.5595854348268409
3,2,215288.6798851397,0.5605,2.6638443,0.5603637140319677
3,2,215293.679885922,0.5605,2.664589,0.5611419937343198
3,2,215298.6798867043,0.5605,2.6651616,0.5619202718392675
3,2,215303.67988748662,0.5605,2.6655815,0.5626985515411561
3,2,215308.67988826847,0.5605,2.6660588,0.5634768293011982
3,2,215313.67988905078,0.5605,2.6667652,0.5642551063596903
3,2,215318.6798898331,0.5605,2.6672041,0.5650333818887803
3,2,215323.6798906154,0.5605,2.6678724,0.5658116590948667
3,2,215328.6798913977,0.5605,2.668426,0.5665899351694849
3,2,215333.67989218002,0.5605,2.6689224,0.5673682109417054
3,2,215338.67989296233,0.5605,2.6693804,0.5681464836399356
3,2,215343.67989374464,0.5605,2.6702013,0.5689247570529778
3,2,215348.67989452695,0.5605,2.670545,0.5697030289476315
3,2,215353.67989530927,0.5605,2.6712322,0.5704813019866943
3,2,215358.67989609158,0.5605,2.6718621,0.5712595746371746
3,2,215363.6798968739,0.5605,2.6725113,0.5720378488584691
3,2,215368.6798976562,0.5605,2.6729503,0.5728161242801216
3,2,215373.6798984385,0.5605,2.673752,0.573594396466391
3,2,215378.67989922082,0.5605,2.6742675,0.5743726708138784
3,2,215383.67990000313,0.5605,2.6748595,0.5751509455246827
3,2,215388.67990078544,0.5605,2.675394,0.5759292216556636
3,2,215393.67990156775,0.5605,2.676024,0.576707499851111
3,2,215398.67990235006,0.5605,2.676692,0.5774857783781159
3,2,215403.67990313238,0.5605,2.6773984,0.5782640563277273
3,2,215408.6799039147,0.5605,2.677723,0.5790423343336087
3,2,215413.679904697,0.5605,2.6785057,0.5798206107094952
3,2,215418.6799054793,0.5605,2.6792693,0.5805988851653836
3,2,215423.67990626162,0.5605,2.6798801,0.5813771645310755
3,2,215428.67990704393,0.5605,2.6804338,0.582155446917193
3,2,215433.67990782624,0.5605,2.6810255,0.5829337291767699
3,2,215438.67990860855,0.5605,2.6818082,0.5837120055400433
3,2,215443.67990939086,0.5605,2.6823237,0.5844902823300628
3,2,215448.67991017317,0.5605,2.682801,0.5852685605727866
3,2,215453.67991095548,0.5605,2.6835072,0.586046837802354
3,2,215458.6799117378,0.5605,2.6842709,0.5868251197976108
3,2,215463.6799125201,0.5605,2.6850154,0.5876033987831575
3,2,215468.67991330242,0.5605,2.6857982,0.5883816788973745
3,2,215473.67991408473,0.5605,2.686409,0.5891599566262002
3,2,215478.67991486704,0.5605,2.6870198,0.5899382357838554
3,2,215483.67991564935,0.5605,2.6875927,0.5907165159899661
3,2,215488.67991643166,0.5605,2.6880317,0.591494796091325
3,2,215493.67991721397,0.5605,2.6887763,0.5922730736199786
3,2,215498.67991799628,0.5605,2.6894252,0.5930513471137289
3,2,215503.6799187786,0.5605,2.6901317,0.5938296208455764
3,2,215508.6799195609,0.5605,2.6907616,0.594607896811512
3,2,215513.67992034322,0.5605,2.6913533,0.5953861726943688
3,2,215518.67992112553,0.5605,2.692098,0.5961644488325287
3,2,215523.67992190784,0.5605,2.6926706,0.5969427265718283
3,2,215528.67992269015,0.5605,2.6933007,0.5977210048997007
3,2,215533.67992347246,0.5605,2.6939116,0.5984992798747059
3,2,215538.67992425477,0.5605,2.6946943,0.5992775546277532
3,2,215543.67992503708,0.5605,2.6954005,0.6000558275500207
3,2,215548.6799258194,0.5605,2.6960497,0.6008340987500087
3,2,215553.6799266017,0.5605,2.6968133,0.6016123711696965
3,2,215558.67992738402,0.5605,2.6975005,0.6023906431712776
3,2,215563.67992816633,0.5605,2.6981878,0.6031689139022399
3,2,215568.67992894864,0.5605,2.6987033,0.6039471876511179
3,2,215573.67992973095,0.5605,2.6994286,0.6047254631554718
3,2,215578.67993051326,0.5605,2.7002876,0.6055037380852867
3,2,215583.67993129557,0.5605,2.7008605,0.6062820096903644
3,2,215588.67993207788,0.5605,2.7017004,0.6070602815623584
3,2,215593.6799328602,0.5605,2.7022922,0.6078385513811146
3,2,215598.6799336425,0.5605,2.7029793,0.6086168223732215
3,2,215603.6799344248,0.5605,2.7036095,0.6093950928669043
3,2,215608.67993520712,0.5605,2.7043922,0.6101733640905587
3,2,215613.67993598944,0.5605,2.7051556,0.610951633198225
3,2,215618.67993677175,0.5605,2.7057092,0.6117299023103351
3,2,215623.67993755406,0.5605,2.7065876,0.6125081689482663
3,2,215628.67993833637,0.5605,2.7072556,0.6132864351979296
3,2,215633.67993911868,0.5605,2.7078664,0.6140647023803658
3,2,215638.679939901,0.5605,2.7086682,0.6148429688975149
3,2,215643.6799406833,0.5605,2.7092984,0.6156212335398396
3,2,215648.6799414656,0.5605,2.7099473,0.6163994979101817
3,2,215653.67994224792,0.5605,2.710711,0.6171777634253038
3,2,215658.67994303023,0.5605,2.7114365,0.6179560272769001
3,2,215663.67994381255,0.5605,2.7122192,0.6187342906901969
3,2,215668.67994459486,0.5605,2.7129636,0.6195125543041295
3,2,215673.67994537717,0.5605,2.7138226,0.6202908193258875
3,2,215678.67994615948,0.5605,2.7144337,0.6210690826976498
3,2,215683.6799469418,0.5605,2.715178,0.621847348263075
3,2,215688.6799477241,0.5605,2.715789,0.6226256118064225
3,2,215693.6799485064,0.5605,2.716629,0.6234038750770887
3,2,215698.67994928872,0.5605,2.717278,0.6241821367550592
3,2,215703.67995007103,0.5605,2.7180607,0.6249603992832667
3,2,215708.67995085334,0.5605,2.7189388,0.6257386641344064
3,2,215713.67995163566,0.5605,2.7194161,0.6265169305732382
3,2,215718.67995241797,0.5605,2.720218,0.6272951978319584
3,2,215723.67995320028,0.5605,2.7208862,0.6280734671639666
3,2,215728.6799539826,0.5605,2.7216306,0.628851735522429
3,2,215733.6799547649,0.5605,2.722528,0.6296300012958942
3,2,215738.6799555472,0.5605,2.7232342,0.6304082678886717
3,2,215743.67995632952,0.5605,2.7239406,0.6311865355131029
3,2,215748.67995711183,0.5605,2.7247615,0.6319647999754381
3,2,215753.67995789414,0.5605,2.7255251,0.6327430649251704
3,2,215758.67995867645,0.5605,2.7264032,0.6335213275944886
3,2,215763.67995945876,0.5605,2.727167,0.6342995928572911
3,2,215768.67996024108,0.5605,2.7280068,0.6350778572940129
3,2,215773.6799610234,0.5605,2.7287705,0.6358561233792965
3,2,215778.6799618057,0.5605,2.729534,0.6366343912295763
3,2,215783.679962588,0.5605,2.7304122,0.6374126576933693
3,2,215788.67996337032,0.5605,2.7312331,0.6381909252658551
3,2,215793.67996415263,0.5605,2.732035,0.6389691948124334
3,2,215798.67996493494,0.5605,2.7328749,0.6397474650445281
3,2,215803.67996571725,0.5605,2.7336767,0.6405257346128753
3,2,215808.67996649956,0.5605,2.7344785,0.6413040046182041
3,2,215813.67996728187,0.5605,2.7353375,0.6420822745448648
3,2,215818.67996806419,0.5605,2.736044,0.6428605439642766
3,2,215823.6799688465,0.5605,2.736922,0.6436388154090973
3,2,215828.6799696288,0.5605,2.7378192,0.6444170849505
3,2,215833.67997041112,0.5605,2.73864,0.6451953541497985
3,2,215838.67997119343,0.5605,2.7395947,0.6459736225106119
3,2,215843.67997197574,0.5605,2.7403965,0.6467518930716182
3,2,215848.67997275805,0.5605,2.7412555,0.6475301624789269
3,2,215853.67997354036,0.5605,2.7420955,0.6483084312486613
3,2,215858.67997432267,0.5605,2.7427826,0.6490867004088889
3,2,215863.67997510498,0.5605,2.743699,0.649864968302137
3,2,215868.6799758873,0.5605,2.7446535,0.6506432367580828
3,2,215873.6799766696,0.5605,2.7454362,0.6514215048224624
3,2,215878.67997745192,0.5605,2.7461617,0.6521997734537154
3,2,215883.67997823423,0.5605,2.7470207,0.6529780434895915
3,2,215888.67997901654,0.5605,2.7479753,0.6537563155921429
3,2,215893.67997979885,0.5605,2.7488534,0.6545345882349706
3,2,215898.67998058116,0.5605,2.7496743,0.6553128600131501
3,2,215903.67998136347,0.5605,2.7504952,0.6560911303081509
3,2,215908.67998214578,0.5605,2.7512589,0.6568693991814517
3,2,215913.6799829281,0.5605,2.7522323,0.6576476654194788
3,2,215918.6799837104,0.5605,2.752996,0.6584259340546723
3,2,215923.67998449272,0.5605,2.754027,0.6592042015971868
3,2,215928.67998527503,0.5605,2.754905,0.6599824713115622
3,2,215933.67998605734,0.5605,2.7556305,0.6607607394123604
3,2,215938.67998683965,0.5605,2.756604,0.6615390049544337
3,2,215943.67998762196,0.5605,2.7575586,0.6623172695147623
3,2,215948.67998840427,0.5605,2.7584558,0.6630955329888162
3,2,215953.67998918658,0.5605,2.7591622,0.6638737938407656
3,2,215958.6799899689,0.5605,2.7603648,0.6646520554308225
3,2,215963.6799907512,0.5605,2.7611666,0.6654303140774994
3,2,215968.6799915335,0.5605,2.7619112,0.6662085723162952
3,2,215973.67999231583,0.5605,2.762751,0.6669868336580789
3,2,215978.67999309814,0.5605,2.763801,0.6677650992664558
3,2,215983.67999388045,0.5605,2.7646601,0.6685433620129853
3,2,215988.67999466276,0.5605,2.765672,0.6693216265040135
3,2,215993.67999544507,0.5605,2.7664738,0.6700998909700774
3,2,215998.67999622738,0.5605,2.7673519,0.6708781562235185
3,2,216003.6799970097,0.5605,2.76844,0.6716564205889234
3,2,216008.679997792,0.5605,2.7692418,0.672434683100627
3,2,216013.6799985743,0.5605,2.7701583,0.6732129480977583
3,2,216018.67999935662,0.5605,2.7708454,0.6739912141769954
3,2,216023.68000013893,0.5605,2.7719717,0.6747694776153956
3,2,216028.68000092125,0.5605,2.7729836,0.6755477437458066
3,2,216033.68000170356,0.5605,2.7740526,0.6763260087695778
3,2,216038.68000248587,0.5605,2.7747207,0.6771042745642392
3,2,216043.68000326818,0.5605,2.7757707,0.6778825388863247
3,2,216048.6800040505,0.5605,2.7768397,0.6786608029607197
3,2,216053.6800048328,0.5605,2.7777753,0.6794390670585461
3,2,216058.6800056151,0.5605,2.7787678,0.6802173341150873
3,2,216063.68000639742,0.5605,2.7797415,0.6809955986537662
3,2,216068.68000717973,0.5605,2.7807343,0.6817738649160889
3,2,216073.68000796204,0.5605,2.7815552,0.6825521312912067
3,2,216078.68000874436,0.5605,2.7825286,0.6833303954952188
3,2,216083.68000952667,0.5605,2.7835977,0.6841086595487854
3,2,216088.68001030898,0.5605,2.7844186,0.684886925492922
3,2,216093.6800110913,0.5605,2.7856596,0.6856651918570593
3,2,216098.6800118736,0.5605,2.7865758,0.6864434617983827
3,2,216103.6800126559,0.5605,2.7874348,0.6872217308999428
3,2,216108.68001343822,0.5605,2.7885613,0.6880000022038216
3,2,216113.68001422053,0.5605,2.7895348,0.6887782716910139
3,2,216118.68001500284,0.5605,2.7905085,0.6895565400592415
3,2,216123.68001578515,0.5605,2.79152,0.6903348098050649
3,2,216128.68001656746,0.5605,2.7926657,0.6911130788495635
3,2,216133.68001734978,0.5605,2.7937539,0.6918913497540979
3,2,216138.6800181321,0.5605,2.7947655,0.6926696207716262
3,2,216143.6800189144,0.5605,2.7959301,0.6934478891096508
3,2,216148.6800196967,0.5605,2.7968655,0.6942261574706232
3,2,216153.68002047902,0.5605,2.7977436,0.6950044233003089
3,2,216158.68002126133,0.5605,2.7990227,0.6957826872500276
3,2,216163.68002204364,0.5605,2.7999008,0.6965609512421583
3,2,216168.68002282595,0.5605,2.8010464,0.6973392148640217
3,2,216173.68002360826,0.5605,2.8020961,0.69811748304118
3,2,216178.68002439057,0.5605,2.8032036,0.6988957535846262
3,2,216183.6800251729,0.5605,2.804139,0.6996740249015154
3,2,216188.6800259552,0.5605,2.805437,0.700452292632566
3,2,216193.6800267375,0.5605,2.8065252,0.7012305628026421
3,2,216198.68002751982,0.5605,2.807537,0.7020088326391671
3,2,216203.68002830213,0.5605,2.8087015,0.7027870988132716
3,2,216208.68002908444,0.5605,2.8096943,0.7035653635994621
3,2,216213.68002986675,0.5605,2.8108397,0.7043436323390796
3,2,216218.68003064906,0.5605,2.811966,0.7051219014507923
3,2,216223.68003143137,0.5605,2.813226,0.7059001700382491
3,2,216228.68003221368,0.5605,2.814295,0.706678440883222
3,2,216233.680032996,0.5605,2.8153067,0.7074567125971908
3,2,216238.6800337783,0.5605,2.8164713,0.7082349842243421
3,2,216243.68003456062,0.5605,2.8177693,0.7090132561366155
3,2,216248.68003534293,0.5605,2.8186285,0.7097915232554801
3,2,216253.68003612524,0.5605,2.8201365,0.7105697898817752
3,2,216258.68003690755,0.5605,2.8211865,0.7113480573544066
3,2,216263.68003768986,0.5605,2.8222175,0.7121263232056129
3,2,216268.68003847217,0.5605,2.823592,0.7129045902709061
3,2,216273.68003925448,0.5605,2.8247945,0.7136828570681706
3,2,216278.6800400368,0.5605,2.8258445,0.7144611253046124
3,2,216283.6800408191,0.5605,2.8269517,0.7152393915577658
3,2,216288.68004160142,0.5605,2.8283262,0.7160176601729256
3,2,216293.68004238373,0.5605,2.8293953,0.7167959296142752
3,2,216298.68004316604,0.5605,2.8305025,0.7175742004781791
3,2,216303.68004394835,0.5605,2.8319345,0.7183524718668158
3,2,216308.68004473066,0.5605,2.8328507,0.719130742783695
3,2,216313.68004551297,0.5605,2.834149,0.719909013685269
3,2,216318.68004629528,0.5605,2.8353705,0.7206872825089424
3,2,216323.6800470776,0.5605,2.8363633,0.7214655502932267
3,2,216328.6800478599,0.5605,2.8377187,0.722243818823367
3,2,216333.6800486422,0.5605,2.8389978,0.7230220855162934
3,2,216338.68004942453,0.5605,2.8402195,0.7238003515041334
3,2,216343.68005020684,0.5605,2.841575,0.7245786154275036
3,2,216348.68005098915,0.5605,2.8429494,0.7253568804346584
3,2,216353.68005177146,0.5605,2.8440375,0.7261351471326778
3,2,216358.68005255377,0.5605,2.8456411,0.7269134134214981
3,2,216363.68005333608,0.5605,2.8466911,0.7276916762834916
3,2,216368.6800541184,0.5605,2.8480084,0.7284699401328228
3,2,216373.6800549007,0.5605,2.8493638,0.7292482039815349
3,2,216378.680055683,0.5605,2.850681,0.7300264665377731
3,2,216383.68005646532,0.5605,2.8520555,0.7308047315149833
3,2,216388.68005724763,0.5605,2.853239,0.7315829941963847
3,2,216393.68005802995,0.5605,2.8547854,0.7323612574772896
3,2,216398.68005881226,0.5605,2.8560836,0.7331395243658518
3,2,216403.68005959457,0.5605,2.8574772,0.7339177916135916
3,2,216408.68006037688,0.5605,2.8587945,0.7346960577750136
3,2,216413.6800611592,0.5605,2.8600926,0.7354743200875351
3,2,216418.6800619415,0.5605,2.8617344,0.7362525851416517
3,2,216423.6800627238,0.5605,2.8630133,0.7370308489810323
3,2,216428.68006350612,0.5605,2.8643496,0.7378091144668356
3,2,216433.68006428843,0.5605,2.8657625,0.7385873788876297
3,2,216438.68006507074,0.5605,2.8672705,0.7393656422117646
3,2,216443.68006585306,0.5605,2.8687024,0.740143907304611
3,2,216448.68006663537,0.5605,2.870096,0.7409221707855392
3,2,216453.68006741768,0.5605,2.8715467,0.7417004350782661
3,2,216458.6800682,0.5605,2.873074,0.742478697905232
3,2,216463.6800689823,0.5605,2.8748112,0.7432569607005942
3,2,216468.6800697646,0.5605,2.8763385,0.7440352230704852
3,2,216473.68007054692,0.5605,2.877942,0.7448134829535711
3,2,216478.68007132923,0.5605,2.8795264,0.7455917440168488
3,2,216483.68007211154,0.5605,2.8810918,0.7463700077239269
3,2,216488.68007289385,0.5605,2.882791,0.7471482720999282
3,2,216493.68007367617,0.5605,2.884261,0.7479265354024398
3,2,216498.68007445848,0.5605,2.8860364,0.7487047985384226
3,2,216503.6800752408,0.5605,2.8877735,0.7494830622529381
3,2,216508.6800760231,0.5605,2.8896444,0.7502613280026509
3,2,216513.6800768054,0.5605,2.8913624,0.751039593565629
3,2,216518.68007758772,0.5605,2.8930423,0.7518178586438259
3,2,216523.68007837003,0.5605,2.8947415,0.7525961267967715
3,2,216528.68007915234,0.5605,2.896555,0.7533743930813697
3,2,216533.68007993465,0.5605,2.8983686,0.7541526565040343
3,2,216538.68008071696,0.5605,2.9002013,0.7549309210274113
3,2,216543.68008149927,0.5605,2.9023204,0.755709186178412
3,2,216548.6800822816,0.5605,2.904363,0.756487447889026
3,2,216553.6800830639,0.5605,2.9062529,0.7572657097534398
3,2,216558.6800838462,0.5605,2.9082575,0.7580439720778789
3,2,216563.68008462852,0.5605,2.91051,0.7588222344916091
3,2,216568.68008541083,0.5605,2.9122853,0.7596004997157083
3,2,216573.68008619314,0.5605,2.9146717,0.7603787627020439
3,2,216578.68008697545,0.5605,2.9166954,0.7611570243662854
3,2,216583.6800877573,0.5605,2.919158,0.7619352894434658
3,2,216588.6800885396,0.5605,2.9214296,0.7627135565816522
3,2,216593.68008932192,0.5605,2.9235487,0.7634918236967716
3,2,216598.68009010423,0.5605,2.9259732,0.7642700919954207
3,2,216603.68009088654,0.5605,2.9284549,0.7650483610164848
3,2,216608.68009166885,0.5605,2.9308794,0.7658266285801556
3,2,216613.68009245116,0.5605,2.9332275,0.7666048958021031
3,2,216618.68009323347,0.5605,2.9358811,0.767383160007284
3,2,216623.68009401578,0.5605,2.9385154,0.7681614277686569
3,2,216628.6800947981,0.5605,2.9411118,0.7689396950834917
3,2,216633.6800955804,0.5605,2.9437845,0.7697179609942794
3,2,216638.68009636272,0.5605,2.9466097,0.7704962238265335
3,2,216643.68009714503,0.5605,2.9493396,0.7712744863828844
3,2,216648.68009792734,0.5605,2.9524324,0.7720527516259643
3,2,216653.68009870965,0.5605,2.9553149,0.7728310150377445
3,2,216658.68009949196,0.5605,2.9583695,0.7736092805343098
3,2,216663.68010027427,0.5605,2.9611375,0.7743875476994507
3,2,216668.68010105658,0.5605,2.9642875,0.7751658143321666
3,2,216673.6801018389,0.5605,2.9672847,0.7759440802609218
3,2,216678.6801026212,0.5605,2.9703772,0.7767223467767098
3,2,216683.68010340352,0.5605,2.9736607,0.7775006102219746
3,2,216688.68010418583,0.5605,2.9768488,0.7782788718185947
3,2,216693.68010496814,0.5605,2.9799798,0.7790571340264604
3,2,216698.68010575045,0.5605,2.9829195,0.7798353963758341
3,2,216703.68010653276,0.5605,2.9860313,0.7806136614455043
3,2,216708.68010731507,0.5605,2.9888566,0.7813919241416413
3,2,216713.68010809738,0.5605,2.9919112,0.782170187329914
3,2,216718.6801088797,0.5605,2.9946983,0.7829484480328949
3,2,216723.680109662,0.5605,2.9976573,0.7837267090814569
3,2,216727.9433103283,0.5605,2.999929,0.7843902869932577
3,2,216727.94351032842,0.5605,2.999948,0.7843903181191179
4,1,216727.94431032846,-0.5605,2.9475527,-6.165447500016955e-08
4,1,216732.9443111103,-0.5605,2.620204,-0.0007787705289887058
4,1,216737.9443118926,-0.5605,2.4858272,-0.0015574803978867001
4,1,216742.94431267492,-0.5605,2.387035,-0.002336191919942697
4,1,216747.94431345724,-0.5605,2.3093948,-0.0031149011958572603
4,1,216752.94431423955,-0.5605,2.2457669,-0.0038936119251615476
4,1,216757.94431502186,-0.5605,2.1943376,-0.0046723202564451435
4,1,216762.94431580417,-0.5605,2.1539998,-0.0054510286446246845
4,1,216767.94431658648,-0.5605,2.1224053,-0.006229737124128475
4,1,216772.9443173688,-0.5605,2.0964997,-0.007008444800115294
4,1,216777.9443181511,-0.5605,2.0738206,-0.007787154977424278
4,1,216782.9443189334,-0.5605,2.0530312,-0.008565868828806613
4,1,216787.94431971572,-0.5605,2.03312,-0.009344582582569785
4,1,216792.94432049803,-0.5605,2.0138197,-0.01012329424990217
4,1,216797.94432128035,-0.5605,1.9949012,-0.010902006448159616
4,1,216802.94432206266,-0.5605,1.9761544,-0.011680720146937504
4,1,216807.94432284497,-0.5605,1.9578087,-0.01245943456876278
4,1,216812.94432362728,-0.5605,1.9393674,-0.013238147467510569
4,1,216817.9443244096,-0.5605,1.921098,-0.014016860928727523
4,1,216822.9443251919,-0.5605,1.9038786,-0.01479557508098417
4,1,216827.9443259742,-0.5605,1.8868692,-0.01557429128538238
4,1,216832.94432675652,-0.5605,1.8706042,-0.01635300618797872
4,1,216837.94432753883,-0.5605,1.855313,-0.017131718714992205
4,1,216842.94432832114,-0.5605,1.841186,-0.017910433058963882
4,1,216847.94432910345,-0.5605,1.8278992,-0.018689146628167896
4,1,216852.94432988577,-0.5605,1.8159678,-0.01946785956412223
4,1,216857.94433066808,-0.5605,1.8051817,-0.020246571142650317
4,1,216862.9443314504,-0.5605,1.7958848,-0.021025284207171868
4,1,216867.9443322327,-0.5605,1.7879432,-0.02180399822612935
4,1,216872.944333015,-0.5605,1.7810326,-0.022582712663388918
4,1,216877.94433379732,-0.5605,1.775439,-0.02336142746663094
4,1,216882.94433457963,-0.5605,1.7708383,-0.024140143092731638
4,1,216887.94433536194,-0.5605,1.7670966,-0.024918858910501007
4,1,216892.94433614425,-0.5605,1.7640804,-0.025697579192896686
4,1,216897.94433692656,-0.5605,1.761904,-0.02647629321252969
4,1,216902.94433770888,-0.5605,1.7602814,-0.02725500446829531
4,1,216907.9443384912,-0.5605,1.7588115,-0.02803371804861559
4,1,216912.9443392735,-0.5605,1.7577615,-0.028812429130580693
4,1,216917.9443400558,-0.5605,1.7570361,-0.02959114016916686
4,1,216922.94434083812,-0.5605,1.7565397,-0.03036985364921557
4,1,216927.94434162043,-0.5605,1.756177,-0.031148568434586132
4,1,216932.94434240274,-0.5605,1.7559861,-0.031927282431022996
4,1,216937.94434318505,-0.5605,1.7557379,-0.03270599463031028
4,1,216942.94434396736,-0.5605,1.7555852,-0.03348470599529479
4,1,216947.94434474967,-0.5605,1.7553751,-0.03426341789981061
4,1,216952.94434553199,-0.5605,1.7551843,-0.0350421281637417
4,1,216957.9443463143,-0.5605,1.7552798,-0.035820834892140496
4,1,216962.9443470966,-0.5605,1.7552415,-0.03659954410520196
4,1,216967.94434787892,-0.5605,1.7552224,-0.037378254211478765
4,1,216972.94434866123,-0.5605,1.7552415,-0.038156965720501215
4,1,216977.94434944354,-0.5605,1.7552798,-0.03893567816955845
4,1,216982.94435022585,-0.5605,1.7552224,-0.03971438964810306
4,1,216987.94435100816,-0.5605,1.7553179,-0.040493100821862624
4,1,216992.94435179047,-0.5605,1.7551843,-0.041271813415524036
4,1,216997.94435257278,-0.5605,1.7552606,-0.0420505257988804
4,1,217002.9443533551,-0.5605,1.7552415,-0.04282923788773352
4,1,217007.9443541374,-0.5605,1.7552989,-0.04360794966780809
4,1,217012.94435491972,-0.5605,1.7552798,-0.044386661810063656
4,1,217017.94435570203,-0.5605,1.7554706,-0.04516537080546552
4,1,217022.94435648434,-0.5605,1.7553561,-0.0459440783547726
4,1,217027.94435726665,-0.5605,1.7554516,-0.046722786601026856
4,1,217032.94435804896,-0.5605,1.7553561,-0.04750149926395549
4,1,217037.94435883127,-0.5605,1.7553942,-0.04828021108096839
4,1,217042.94435961358,-0.5605,1.7553942,-0.0490589235339794
4,1,217047.9443603959,-0.5605,1.7554325,-0.0498376312794553
4,1,217052.9443611782,-0.5605,1.7553942,-0.05061634178808001
4,1,217057.94436196052,-0.5605,1.7553942,-0.05139505193778542
4,1,217062.94436274283,-0.5605,1.7554706,-0.052173761401302296
4,1,217067.94436352514,-0.5605,1.7553751,-0.05295246795507935
4,1,217072.94436430745,-0.5605,1.7553942,-0.05373117388502426
4,1,217077.94436508976,-0.5605,1.7554516,-0.0545098801621861
4,1,217082.94436587207,-0.5605,1.7553179,-0.055288588242620236
4,1,217087.94436665438,-0.5605,1.7554325,-0.05606729815305604
4,1,217092.9443674367,-0.5605,1.7554325,-0.05684601398515039
4,1,217097.944368219,-0.5605,1.7552989,-0.05762472786634498
4,1,217102.9443690013,-0.5605,1.7553561,-0.05840343904670411
4,1,217107.94436978363,-0.5605,1.7552989,-0.059182151208427215
4,1,217112.94437056594,-0.5605,1.7552798,-0.059960861171103184
4,1,217117.94437134825,-0.5605,1.7552798,-0.060739570834269126
4,1,217122.94437213056,-0.5605,1.7552415,-0.06151827859733171
4,1,217127.94437291287,-0.5605,1.7551652,-0.062296988808433214
4,1,217132.94437369518,-0.5605,1.7551843,-0.0630756981218126
4,1,217137.9443744775,-0.5605,1.755127,-0.06385440591565768
4,1,217142.9443752598,-0.5605,1.754917,-0.06463311498649583
4,1,217147.9443760421,-0.5605,1.7549552,-0.06541182372204463
4,1,217152.94437682442,-0.5605,1.7550125,-0.06619052859690454
4,1,217157.94437760673,-0.5605,1.7549552,-0.06696923435212175
4,1,217162.94437838905,-0.5605,1.7549742,-0.06774794226122564
4,1,217167.94437917136,-0.5605,1.7549742,-0.06852664463113413
4,1,217172.94437995367,-0.5605,1.754917,-0.0693053469223976
4,1,217177.94438073598,-0.5605,1.7548406,-0.07008404658596051
4,1,217182.9443815183,-0.5605,1.7546688,-0.07086274639572368
4,1,217187.9443823006,-0.5605,1.7547452,-0.07164144699576497
4,1,217192.9443830829,-0.5605,1.7545161,-0.07242014779169692
4,1,217197.94438386522,-0.5605,1.7546688,-0.07319885325964955
4,1,217202.94438464753,-0.5605,1.7546498,-0.07397755943463247
4,1,217207.94438542984,-0.5605,1.7544397,-0.0747562648964425
4,1,217212.94438621216,-0.5605,1.7544397,-0.07553497068109778
4,1,217217.94438699447,-0.5605,1.7543061,-0.07631367734347451
4,1,217222.94438777678,-0.5605,1.7543253,-0.07709238129267429
4,1,217227.9443885591,-0.5605,1.754287,-0.07787108402368759
4,1,217232.9443893414,-0.5605,1.7542489,-0.07864978807119198
4,1,217237.9443901237,-0.5605,1.7540962,-0.07942849332352481
4,1,217242.94439090602,-0.5605,1.7539816,-0.08020720024539035
4,1,217247.94439168833,-0.5605,1.7541343,-0.08098590880025759
4,1,217252.94439247064,-0.5605,1.753867,-0.08176461570395034
4,1,217257.94439325295,-0.5605,1.7539244,-0.08254332243063055
4,1,217262.94439403526,-0.5605,1.753867,-0.08332202828434111
4,1,217267.94439481758,-0.5605,1.7537334,-0.08410073272427587
4,1,217272.9443955999,-0.5605,1.7536571,-0.08487943651743732
4,1,217277.9443963822,-0.5605,1.7536762,-0.08565813959201841
4,1,217282.9443971645,-0.5605,1.7536379,-0.08643684649146599
4,1,217287.94439794682,-0.5605,1.7535043,-0.08721555077962415
4,1,217292.94439872913,-0.5605,1.7535043,-0.08799425674728224
4,1,217297.94439951144,-0.5605,1.7533706,-0.08877296253374221
4,1,217302.94440029375,-0.5605,1.7533706,-0.08955167013760079
4,1,217307.94440107606,-0.5605,1.753237,-0.09033038077007072
4,1,217312.94440185837,-0.5605,1.7530271,-0.09110909046648942
4,1,217317.94440264069,-0.5605,1.7531607,-0.09188779830699499
4,1,217322.944403423,-0.5605,1.7529889,-0.09266650706356104
4,1,217327.9444042053,-0.5605,1.752817,-0.09344521371822227
4,1,217332.94440498762,-0.5605,1.7529125,-0.09422391695240805
4,1,217337.94440576993,-0.5605,1.752798,-0.09500261650936805
4,1,217342.94440655224,-0.5605,1.7526071,-0.09578131928227679
4,1,217347.94440733455,-0.5605,1.7526071,-0.09656002026114532
4,1,217352.94440811686,-0.5605,1.7525498,-0.0973387216083209
4,1,217357.94440889917,-0.5605,1.7523589,-0.09811742381999561
4,1,217362.94440968148,-0.5605,1.752168,-0.09889612771994209
4,1,217367.9444104638,-0.5605,1.7522444,-0.09967483156646956
4,1,217372.9444112461,-0.5605,1.7521489,-0.10045353594538903
4,1,217377.94441202842,-0.5605,1.7519771,-0.10123223743730124
4,1,217382.94441281073,-0.5605,1.7519389,-0.10201094007548361
4,1,217387.94441359304,-0.5605,1.7518053,-0.10278964130626125
4,1,217392.94441437535,-0.5605,1.7515953,-0.10356834303871132
4,1,217397.94441515766,-0.5605,1.7517862,-0.10434704573610759
4,1,217402.94441593997,-0.5605,1.7516717,-0.10512575005482305
4,1,217407.94441672228,-0.5605,1.7514235,-0.10590445351523163
4,1,217412.9444175046,-0.5605,1.7512898,-0.10668315781046286
4,1,217417.9444182869,-0.5605,1.751328,-0.10746186115894717
4,1,217422.94441906922,-0.5605,1.7512326,-0.10824056421291167
4,1,217427.94441985153,-0.5605,1.7511562,-0.10901926640374462
4,1,217432.94442063384,-0.5605,1.7510799,-0.10979796878583896
4,1,217437.94442141615,-0.5605,1.751099,-0.1105766720045176
4,1,217442.94442219846,-0.5605,1.7509463,-0.11135537521079847
4,1,217447.94442298077,-0.5605,1.750679,-0.11213407845048112
4,1,217452.94442376308,-0.5605,1.7506407,-0.11291277856600287
4,1,217457.9444245454,-0.5605,1.7506026,-0.11369147831595941
4,1,217462.9444253277,-0.5605,1.7505645,-0.11447017693065939
4,1,217467.94442611,-0.5605,1.7505071,-0.1152488748275936
4,1,217472.94442689233,-0.5605,1.750488,-0.11602757468629218
4,1,217477.94442767464,-0.5605,1.7501826,-0.1168062773576611
4,1,217482.94442845695,-0.5605,1.7501062,-0.11758498078261154
4,1,217487.94442923926,-0.5605,1.7500299,-0.1183636816896035
4,1,217492.94443002157,-0.5605,1.7498199,-0.11914238448981779
4,1,217497.94443080388,-0.5605,1.7499154,-0.11992108617094163
4,1,217502.9444315862,-0.5605,1.7496672,-0.1206997860482468
4,1,217507.9444323685,-0.5605,1.7496481,-0.12147848523281353
4,1,217512.9444331508,-0.5605,1.7495335,-0.12225718647032317
4,1,217517.94443393312,-0.5605,1.7492853,-0.1230358877077964
4,1,217522.94443471543,-0.5605,1.7493808,-0.12381458878790674
4,1,217527.94443549775,-0.5605,1.7491708,-0.12459328736346964
4,1,217532.94443628006,-0.5605,1.7491326,-0.1253719842234188
4,1,217537.94443706237,-0.5605,1.7490181,-0.1261506810408202
4,1,217542.94443784468,-0.5605,1.7488081,-0.1269293784696328
4,1,217547.944438627,-0.5605,1.7487891,-0.12770807495507935
4,1,217552.9444394093,-0.5605,1.7486172,-0.12848677190145524
4,1,217557.9444401916,-0.5605,1.74856,-0.1292654681711959
4,1,217562.94444097392,-0.5605,1.7485981,-0.13004416427980536
4,1,217567.94444175623,-0.5605,1.7482545,-0.13082286086666592
4,1,217572.94444253854,-0.5605,1.7482355,-0.13160156152777877
4,1,217577.94444332086,-0.5605,1.74814,-0.13238026398249142
4,1,217582.94444410317,-0.5605,1.7479873,-0.13315896623506485
4,1,217587.94444488548,-0.5605,1.7477963,-0.1339376689501273
4,1,217592.9444456678,-0.5605,1.7477963,-0.13471636937120895
4,1,217597.9444464501,-0.5605,1.7476245,-0.1354950708227092
4,1,217602.9444472324,-0.5605,1.747529,-0.13627377072241248
4,1,217607.94444801472,-0.5605,1.7474527,-0.1370524664602181
4,1,217612.94444879703,-0.5605,1.7474527,-0.13783116725326586
4,1,217617.94444957934,-0.5605,1.7473572,-0.13860986657199934
4,1,217622.94445036165,-0.5605,1.747109,-0.13938856660308116
4,1,217627.94445114397,-0.5605,1.7469373,-0.14016726855436304
4,1,217632.94445192628,-0.5605,1.7469182,-0.14094597040046591
4,1,217637.9444527086,-0.5605,1.7467272,-0.14172466844292486
4,1,217642.9444534909,-0.5605,1.7466319,-0.14250336479771472
4,1,217647.9444542732,-0.5605,1.7465936,-0.14328206322340176
4,1,217652.94445505552,-0.5605,1.7464027,-0.14406076226665912
4,1,217657.94445583783,-0.5605,1.74625,-0.14483945837806997
4,1,217662.94445662014,-0.5605,1.7461736,-0.14561815362674996
4,1,217667.94445740245,-0.5605,1.7460018,-0.14639684585666
4,1,217672.94445818476,-0.5605,1.7459828,-0.1471755395493806
4,1,217677.94445896707,-0.5605,1.7458682,-0.14795423743159247
4,1,217682.9444597494,-0.5605,1.74562,-0.1487329317135017
4,1,217687.9444605317,-0.5605,1.7456009,-0.1495116237069402
4,1,217692.944461314,-0.5605,1.7454864,-0.15029031443542248
4,1,217697.94446209632,-0.5605,1.7453337,-0.1510690052768986
4,1,217702.94446287863,-0.5605,1.7451046,-0.1518476970724232
4,1,217707.94446366094,-0.5605,1.7450473,-0.15262639149566165
4,1,217712.94446444325,-0.5605,1.7448565,-0.15340508390460417
4,1,217717.94446522556,-0.5605,1.744761,-0.15418378042412803
4,1,217722.94446600787,-0.5605,1.7448182,-0.1549624781874253
4,1,217727.94446679018,-0.5605,1.744551,-0.15574117360464404
4,1,217732.9444675725,-0.5605,1.74457,-0.15651986713629965
4,1,217737.9444683548,-0.5605,1.7443982,-0.15729856418462268
4,1,217742.94446913712,-0.5605,1.7442646,-0.15807726100017963
4,1,217747.94446991943,-0.5605,1.7442074,-0.158855955946472
4,1,217752.94447070174,-0.5605,1.7440737,-0.15963465049038003
4,1,217757.94447148405,-0.5605,1.7439783,-0.16041334449912778
4,1,217762.94447226636,-0.5605,1.7437874,-0.16119203889174266
4,1,217767.94447304867,-0.5605,1.743711,-0.1619707328600387
4,1,217772.94447383098,-0.5605,1.7435201,-0.162749426919457
4,1,217777.9444746133,-0.5605,1.7434819,-0.1635281245692538
4,1,217782.9444753956,-0.5605,1.7433101,-0.16430682013257014
4,1,217787.94447617792,-0.5605,1.7432146,-0.16508551467946503
4,1,217792.94447696023,-0.5605,1.7430619,-0.1658642079497079
4,1,217797.94447774254,-0.5605,1.7429473,-0.16664289971287052
4,1,217802.94447852485,-0.5605,1.7428901,-0.16742159189740818
4,1,217807.94447930716,-0.5605,1.7426993,-0.16820028193496334
4,1,217812.94448008947,-0.5605,1.7425466,-0.16897897093784148
4,1,217817.94448087178,-0.5605,1.742432,-0.16975765954109034
4,1,217822.9444816541,-0.5605,1.7422984,-0.1705363472230269
4,1,217827.9444824364,-0.5605,1.742222,-0.17131503596811495
4,1,217832.94448321871,-0.5605,1.7421265,-0.17209372866826259
4,1,217837.94448400103,-0.5605,1.7421265,-0.17287241755386526
4,1,217842.94448478334,-0.5605,1.7419547,-0.1736511060702271
4,1,217847.94448556565,-0.5605,1.7417256,-0.17442979375238882
4,1,217852.94448634796,-0.5605,1.7417448,-0.17520848201362954
4,1,217857.94448713027,-0.5605,1.7414966,-0.1759871698671447
4,1,217862.94448791211,-0.5605,1.7413629,-0.17676585373049974
4,1,217867.94448869443,-0.5605,1.7412674,-0.17754453941823375
4,1,217872.94448947674,-0.5605,1.7411338,-0.1783232260674437
4,1,217877.94449025905,-0.5605,1.740962,-0.17910191499020986
4,1,217882.94449104136,-0.5605,1.7409047,-0.17988060544512338
4,1,217887.94449182367,-0.5605,1.7408665,-0.18065929031713804
4,1,217892.94449260598,-0.5605,1.7405993,-0.18143797863349317
4,1,217897.9444933883,-0.5605,1.7406183,-0.1822166688973473
4,1,217902.9444941706,-0.5605,1.7404084,-0.18299535690211585
4,1,217907.9444949529,-0.5605,1.7402748,-0.18377404372518258
4,1,217912.94449573522,-0.5605,1.7401793,-0.18455273025012675
4,1,217917.94449651754,-0.5605,1.7400838,-0.18533141743538442
4,1,217922.94449729985,-0.5605,1.7397403,-0.18611010441850287
4,1,217927.94449808216,-0.5605,1.7396638,-0.18688879167920677
4,1,217932.94449886447,-0.5605,1.739702,-0.1876674781461159
4,1,217937.94449964678,-0.5605,1.7394539,-0.18844616647352772
4,1,217942.9445004291,-0.5605,1.7394156,-0.18922485666614436
4,1,217947.9445012114,-0.5605,1.7392248,-0.19000354697398342
4,1,217952.9445019937,-0.5605,1.7392057,-0.19078223588383858
4,1,217957.94450277602,-0.5605,1.7389575,-0.1915609240733451
4,1,217962.94450355833,-0.5605,1.7388811,-0.19233961283512907
4,1,217967.94450434064,-0.5605,1.7387857,-0.19311830123925205
4,1,217972.94450512296,-0.5605,1.7385375,-0.19389698668923971
4,1,217977.94450590527,-0.5605,1.7384994,-0.19467567145139308
4,1,217982.94450668758,-0.5605,1.7384039,-0.19545435538651212
4,1,217987.9445074699,-0.5605,1.7382321,-0.19623304048340848
4,1,217992.9445082522,-0.5605,1.738213,-0.19701172729492847
4,1,217997.9445090345,-0.5605,1.738003,-0.19779041071275866
4,1,218002.94450981682,-0.5605,1.7379075,-0.19856909659769464
4,1,218007.94451059913,-0.5605,1.7377357,-0.19934778357881966
4,1,218012.94451138144,-0.5605,1.7374876,-0.20012647036403083
4,1,218017.94451216375,-0.5605,1.7374303,-0.2009051584774686
4,1,218022.94451294607,-0.5605,1.7373348,-0.2016838434405757
4,1,218027.94451372838,-0.5605,1.7371248,-0.20246252877649992
4,1,218032.9445145107,-0.5605,1.7371248,-0.2032412114710145
4,1,218037.944515293,-0.5605,1.736953,-0.2040198955747286
4,1,218042.9445160753,-0.5605,1.7368003,-0.20479858027992973
4,1,218047.94451685762,-0.5605,1.7366476,-0.2055772690219084
4,1,218052.94451763993,-0.5605,1.736533,-0.2063559581667681
4,1,218057.94451842224,-0.5605,1.7364949,-0.20713464881142968
4,1,218062.94451920455,-0.5605,1.7364376,-0.20791333633344034
4,1,218067.94451998686,-0.5605,1.736094,-0.20869202167124873
4,1,218072.94452076918,-0.5605,1.7361321,-0.20947070754820102
4,1,218077.9445215515,-0.5605,1.7359985,-0.21024939383360075
4,1,218082.9445223338,-0.5605,1.735674,-0.21102807790972453
4,1,218087.9445231161,-0.5605,1.7355595,-0.21180676280695196
4,1,218092.94452389842,-0.5605,1.7354449,-0.21258544844002522
4,1,218097.94452468073,-0.5605,1.7352158,-0.21336413228384318
4,1,218102.94452546304,-0.5605,1.7352922,-0.2141428157691326
4,1,218107.94452624535,-0.5605,1.7352158,-0.21492149803886476
4,1,218112.94452702766,-0.5605,1.7350249,-0.2157001816959447
4,1,218117.94452780997,-0.5605,1.7348531,-0.21647886500773825
4,1,218122.94452859228,-0.5605,1.7347386,-0.2172575464085274
4,1,218127.9445293746,-0.5605,1.7345668,-0.2180362276699609
4,1,218132.9445301569,-0.5605,1.7346431,-0.21881491062973935
4,1,218137.94453093922,-0.5605,1.7342803,-0.21959359315523835
4,1,218142.94453172153,-0.5605,1.7341276,-0.22037227856278419
4,1,218147.94453250384,-0.5605,1.7340323,-0.22115096301561593
4,1,218152.94453328615,-0.5605,1.7340323,-0.22192964948318733
4,1,218157.94453406846,-0.5605,1.7338986,-0.2227083362567458
4,1,218162.94453485077,-0.5605,1.7336695,-0.22348702435122927
4,1,218167.94453563308,-0.5605,1.7335359,-0.2242657112598651
4,1,218172.9445364154,-0.5605,1.7334787,-0.22504439835106665
4,1,218177.9445371977,-0.5605,1.7335168,-0.225823083864116
4,1,218182.94453798002,-0.5605,1.7332686,-0.22660176741398375
4,1,218187.94453876233,-0.5605,1.7330586,-0.2273804528093901
4,1,218192.94453954464,-0.5605,1.7330204,-0.22815913409097657
4,1,218197.94454032695,-0.5605,1.732715,-0.22893781549926928
4,1,218202.94454110926,-0.5605,1.7326195,-0.22971649755205045
4,1,218207.94454189157,-0.5605,1.732295,-0.230495179878609
4,1,218212.94454267388,-0.5605,1.7323523,-0.2312738619587686
4,1,218217.9445434562,-0.5605,1.7323523,-0.23205254467176062
4,1,218222.9445442385,-0.5605,1.7321805,-0.23283122692410477
4,1,218227.94454502081,-0.5605,1.7319896,-0.23360990994867015
4,1,218232.94454580313,-0.5605,1.7318368,-0.23438859307325544
4,1,218237.94454658544,-0.5605,1.7316841,-0.23516727458295553
4,1,218242.94454736775,-0.5605,1.7317605,-0.23594595499960247
4,1,218247.94454815006,-0.5605,1.7315695,-0.236724635186447
4,1,218252.94454893237,-0.5605,1.731245,-0.23750331579459374
4,1,218257.94454971468,-0.5605,1.7313023,-0.23828199794638485
4,1,218262.944550497,-0.5605,1.7311878,-0.23906068361646596
4,1,218267.9445512793,-0.5605,1.7308823,-0.23983937017458673
4,1,218272.9445520616,-0.5605,1.7306342,-0.2406180551901989
4,1,218277.94455284392,-0.5605,1.7306342,-0.24139673906906772
4,1,218282.94455362624,-0.5605,1.7305197,-0.24217542302081976
4,1,218287.94455440855,-0.5605,1.7304242,-0.2429541048769851
4,1,218292.94455519086,-0.5605,1.7301188,-0.2437327877329157
4,1,218297.94455597317,-0.5605,1.7300423,-0.24451147053649686
4,1,218302.94455675548,-0.5605,1.7299469,-0.24529015168111518
4,1,218307.9445575378,-0.5605,1.7297941,-0.24606883527893816
4,1,218312.9445583201,-0.5605,1.7295651,-0.24684751790410606
4,1,218317.9445591024,-0.5605,1.7294506,-0.24762619653836881
4,1,218322.94455988472,-0.5605,1.7294123,-0.24840487713789272
4,1,218327.94456066703,-0.5605,1.7291452,-0.24918355651037224
4,1,218332.94456144935,-0.5605,1.7290878,-0.2499622379113932
4,1,218337.94456223166,-0.5605,1.7291069,-0.2507409191606905
4,1,218342.94456301397,-0.5605,1.7288015,-0.25151959987741374
4,1,218347.94456379628,-0.5605,1.7286488,-0.2522982824601696
4,1,218352.9445645786,-0.5605,1.7285914,-0.2530769637774427
4,1,218357.9445653609,-0.5605,1.7284197,-0.2538556443313459
4,1,218362.9445661432,-0.5605,1.7282097,-0.2546343227286934
4,1,218367.94456692552,-0.5605,1.7281142,-0.2554130033388601
4,1,218372.94456770783,-0.5605,1.7280378,-0.25619168700526485
4,1,218377.94456849014,-0.5605,1.7277133,-0.2569703706181976
4,1,218382.94456927245,-0.5605,1.7277324,-0.2577490555660923
4,1,218387.94457005477,-0.5605,1.7275416,-0.258527739432007
4,1,218392.94457083708,-0.5605,1.727427,-0.2593064194367196
4,1,218397.9445716194,-0.5605,1.7271979,-0.2600850939644177
4,1,218402.9445724017,-0.5605,1.7270833,-0.26086377104888686
4,1,218407.944573184,-0.5605,1.7269688,-0.261642448788868
4,1,218412.94457396632,-0.5605,1.7269497,-0.262421126193626
4,1,218417.94457474863,-0.5605,1.7264916,-0.26319980280753963
4,1,218422.94457553094,-0.5605,1.7265106,-0.26397847992034085
4,1,218427.94457631325,-0.5605,1.7263961,-0.26475715698666036
4,1,218432.94457709556,-0.5605,1.7262815,-0.26553583251687546
4,1,218437.94457787788,-0.5605,1.7260907,-0.26631450990153016
4,1,218442.9445786602,-0.5605,1.7258043,-0.26709318537911436
4,1,218447.9445794425,-0.5605,1.7257279,-0.2678718618314994
4,1,218452.9445802248,-0.5605,1.7256707,-0.26865054028666674
4,1,218457.94458100712,-0.5605,1.7254416,-0.26942921938988557
4,1,218462.94458178943,-0.5605,1.7253461,-0.2702078971855242
4,1,218467.94458257174,-0.5605,1.7252698,-0.27098657765682527
4,1,218472.94458335405,-0.5605,1.7250597,-0.27176525714073235
4,1,218477.94458413636,-0.5605,1.724907,-0.27254393868354615
4,1,218482.94458491867,-0.5605,1.7248307,-0.27332262252716877
4,1,218487.94458570099,-0.5605,1.7246016,-0.27410130664744303
4,1,218492.9445864833,-0.5605,1.7244871,-0.27487999153932924
4,1,218497.9445872656,-0.5605,1.7241817,-0.2756586740370823
4,1,218502.94458804792,-0.5605,1.7242771,-0.2764373568491339
4,1,218507.94458883023,-0.5605,1.7240099,-0.2772160378938449
4,1,218512.94458961254,-0.5605,1.7239144,-0.2779947187407877
4,1,218517.94459039485,-0.5605,1.7237043,-0.2787733984358177
4,1,218522.94459117716,-0.5605,1.7235707,-0.2795520776336391
4,1,218527.94459195947,-0.5605,1.7234371,-0.2803307591433789
4,1,218532.94459274178,-0.5605,1.7233225,-0.28110944099728585
4,1,218537.9445935241,-0.5605,1.7231698,-0.28188812262781116
4,1,218542.9445943064,-0.5605,1.7228262,-0.2826668039057353
4,1,218547.94459508872,-0.5605,1.7226926,-0.2834454853135512
4,1,218552.94459587103,-0.5605,1.7225208,-0.2842241675842205
4,1,218557.94459665334,-0.5605,1.722368,-0.28500285221090244
4,1,218562.94459743565,-0.5605,1.7222344,-0.28578153619054614
4,1,218567.94459821796,-0.5605,1.7222153,-0.28656022327796943
4,1,218572.94459900027,-0.5605,1.7219671,-0.2873389171217911
4,1,218577.94459978258,-0.5605,1.7217572,-0.2881176135814686
4,1,218582.9446005649,-0.5605,1.7217,-0.2888963116171856
4,1,218587.9446013472,-0.5605,1.721509,-0.2896750113581683
4,1,218592.94460212952,-0.5605,1.7213944,-0.2904537171454296
4,1,218597.94460291183,-0.5605,1.7212226,-0.29123242002216304
4,1,218602.94460369414,-0.5605,1.7210509,-0.2920111211807992
4,1,218607.94460447645,-0.5605,1.7209172,-0.2927898207778367
4,1,218612.94460525876,-0.5605,1.7207072,-0.2935685080460773
4,1,218617.94460604107,-0.5605,1.72065,-0.29434719136398363
4,1,218622.94460682338,-0.5605,1.7205163,-0.2951258758475581
4,1,218627.9446076057,-0.5605,1.7203444,-0.2959045605228675
4,1,218632.944608388,-0.5605,1.7201536,-0.2966832460232542
4,1,218637.9446091703,-0.5605,1.7200581,-0.29746192938893035
4,1,218642.94460995262,-0.5605,1.7198672,-0.29824061732535556
4,1,218647.94461073494,-0.5605,1.7195618,-0.299019304925296
4,1,218652.94461151725,-0.5605,1.7195809,-0.29979799164540233
4,1,218657.94461229956,-0.5605,1.7193136,-0.30057667792690124
4,1,218662.94461308187,-0.5605,1.7191609,-0.30135536473693114
4,1,218667.94461386418,-0.5605,1.718989,-0.30213405177251496
4,1,218672.9446146465,-0.5605,1.7188936,-0.302912739252703
4,1,218677.9446154288,-0.5605,1.71876,-0.3036914282478325
4,1,218682.9446162111,-0.5605,1.7187027,-0.30447011372043353
4,1,218687.94461699342,-0.5605,1.7184927,-0.30524879867304694
4,1,218692.94461777573,-0.5605,1.7184163,-0.3060274836995469
4,1,218697.94461855805,-0.5605,1.7181873,-0.30680617035291924
4,1,218702.94461934036,-0.5605,1.7179009,-0.307584858614405
4,1,218707.94462012267,-0.5605,1.7177291,-0.3083635462034709
4,1,218712.94462090498,-0.5605,1.7176719,-0.3091422341970073
4,1,218717.9446216873,-0.5605,1.7173663,-0.30992092106621466
4,1,218722.9446224696,-0.5605,1.7173473,-0.3106996061631938
4,1,218727.9446232519,-0.5605,1.7173091,-0.3114782929997047
4,1,218732.94462403422,-0.5605,1.7171183,-0.31225697929365437
4,1,218737.94462481653,-0.5605,1.7169656,-0.31303566635632846
4,1,218742.94462559884,-0.5605,1.7166791,-0.31381435595545504
4,1,218747.94462638116,-0.5605,1.7165647,-0.31459304805819194
4,1,218752.94462716347,-0.5605,1.7165455,-0.3153717397811777
4,1,218757.94462794578,-0.5605,1.7161828,-0.31615042884787586
4,1,218762.9446287281,-0.5605,1.7161255,-0.316929119010114
4,1,218767.9446295104,-0.5605,1.7159156,-0.3177078056219915
4,1,218772.9446302927,-0.5605,1.7157246,-0.3184864929600788
4,1,218777.94463107502,-0.5605,1.7155719,-0.3192651829186512
4,1,218782.94463185733,-0.5605,1.7154765,-0.3200438717906607
4,1,218787.94463263964,-0.5605,1.7152855,-0.32082256179013513
4,1,218792.94463342195,-0.5605,1.7151328,-0.321601252337863
4,1,218797.94463420426,-0.5605,1.7150373,-0.3223799452476435
4,1,218802.94463498658,-0.5605,1.7148083,-0.32315863613796564
4,1,218807.9446357689,-0.5605,1.7146555,-0.3239373302025894
4,1,218812.9446365512,-0.5605,1.7143883,-0.3247160256301297
4,1,218817.9446373335,-0.5605,1.7143692,-0.32549471889833936
4,1,218822.94463811582,-0.5605,1.7141593,-0.32627340755011963
4,1,218827.94463889813,-0.5605,1.7139492,-0.32705209705334565
4,1,218832.94463968044,-0.5605,1.7139683,-0.32783078818433475
4,1,218837.94464046275,-0.5605,1.7136247,-0.32860947790037587
4,1,218842.94464124506,-0.5605,1.7135483,-0.32938817250058383
4,1,218847.94464202737,-0.5605,1.7132238,-0.3301668639386892
4,1,218852.94464280969,-0.5605,1.7130138,-0.3309455540179014
4,1,218857.944643592,-0.5605,1.7129375,-0.3317242452146377
4,1,218862.9446443743,-0.5605,1.7127848,-0.33250293574664325
4,1,218867.94464515662,-0.5605,1.7127084,-0.3332816284592052
4,1,218872.94464593893,-0.5605,1.7124411,-0.33406032233906124
4,1,218877.94464672124,-0.5605,1.7122884,-0.3348390159936084
4,1,218882.94464750355,-0.5605,1.7121547,-0.3356177089515196
4,1,218887.94464828586,-0.5605,1.711983,-0.3363964056440658
4,1,218892.94464906817,-0.5605,1.7116966,-0.337175098682844
4,1,218897.94464985048,-0.5605,1.7114484,-0.33795379464340874
4,1,218902.9446506328,-0.5605,1.7113148,-0.33873249200141764
4,1,218907.9446514151,-0.5605,1.7112767,-0.33951118774015376
4,1,218912.94465219742,-0.5605,1.7109711,-0.3402898831829065
4,1,218917.94465297973,-0.5605,1.710933,-0.34106857740483687
4,1,218922.94465376204,-0.5605,1.7107229,-0.34184726887604266
4,1,218927.94465454435,-0.5605,1.7104175,-0.34262595847823557
4,1,218932.94465532666,-0.5605,1.7104175,-0.3434046467856434
4,1,218937.94465610897,-0.5605,1.7101502,-0.34418333515379834
4,1,218942.94465689128,-0.5605,1.7099403,-0.34496202564390177
4,1,218947.9446576736,-0.5605,1.7098448,-0.34574071298731707
4,1,218952.9446584559,-0.5605,1.709673,-0.34651940229542066
4,1,218957.94465923822,-0.5605,1.7095011,-0.34729808981333515
4,1,218962.94466002053,-0.5605,1.7093103,-0.348076775492198
4,1,218967.94466080284,-0.5605,1.7091576,-0.34885546187368704
4,1,218972.94466158515,-0.5605,1.7089285,-0.34963415257174113
4,1,218977.94466236746,-0.5605,1.7086803,-0.3504128386002018
4,1,218982.94466314977,-0.5605,1.7085849,-0.3511915247968502
4,1,218987.94466393208,-0.5605,1.7083367,-0.3519702123028967
4,1,218992.9446647144,-0.5605,1.708184,-0.3527489027983778
4,1,218997.9446654967,-0.5605,1.707993,-0.3535275951170921
4,1,219002.944666279,-0.5605,1.7079549,-0.35430628542624903
4,1,219007.94466706133,-0.5605,1.7078022,-0.3550849728870921
4,1,219012.94466784364,-0.5605,1.7074394,-0.3558636607009338
4,1,219017.94466862595,-0.5605,1.7072867,-0.35664234849686755
4,1,219022.94466940826,-0.5605,1.7069813,-0.35742103355489835
4,1,219027.94467019057,-0.5605,1.7068858,-0.3581997190932234
4,1,219032.94467097288,-0.5605,1.7067331,-0.35897840561578337
4,1,219037.9446717552,-0.5605,1.706504,-0.359757093800803
4,1,219042.9446725375,-0.5605,1.7063704,-0.36053578072886333
4,1,219047.9446733198,-0.5605,1.7060268,-0.3613144684783253
4,1,219052.94467410212,-0.5605,1.7059504,-0.362093157911198
4,1,219057.94467488443,-0.5605,1.7058358,-0.3628718466379179
4,1,219062.94467566675,-0.5605,1.7055876,-0.3636505356723865
4,1,219067.94467644906,-0.5605,1.7054158,-0.3644292250354853
4,1,219072.94467723137,-0.5605,1.7050914,-0.3652079135373334
4,1,219077.94467801368,-0.5605,1.7049768,-0.3659866038614147
4,1,219082.944678796,-0.5605,1.704805,-0.36676529190436996
4,1,219087.9446795783,-0.5605,1.704595,-0.36754397961320145
4,1,219092.9446803606,-0.5605,1.704385,-0.36832267038955285
4,1,219097.94468114292,-0.5605,1.7042322,-0.3691013614160517
4,1,219102.94468192523,-0.5605,1.7040414,-0.36988005318946965
4,1,219107.94468270754,-0.5605,1.7038122,-0.37065874731069137
4,1,219112.94468348986,-0.5605,1.7037169,-0.3714374409003555
4,1,219117.94468427217,-0.5605,1.7034113,-0.37221613469965914
4,1,219122.94468505448,-0.5605,1.7032396,-0.3729948295893238
4,1,219127.9446858368,-0.5605,1.7031059,-0.3737735252965456
4,1,219132.9446866191,-0.5605,1.7028387,-0.37455222020214457
4,1,219137.9446874014,-0.5605,1.7028005,-0.3753309178538719
4,1,219142.94468818326,-0.5605,1.7024759,-0.3761096139527724
4,1,219147.94468896557,-0.5605,1.7024568,-0.3768883104506399
4,1,219152.94468974788,-0.5605,1.7020369,-0.3776670052221814
4,1,219157.9446905302,-0.5605,1.7018079,-0.37844569883830337
4,1,219162.9446913125,-0.5605,1.7017314,-0.3792243938755326
4,1,219167.9446920948,-0.5605,1.7014451,-0.3800030877808795
4,1,219172.94469287712,-0.5605,1.7013305,-0.3807817808983623
4,1,219177.94469365943,-0.5605,1.7011588,-0.38156047592664416
4,1,219182.94469444174,-0.5605,1.7007769,-0.38233917257730815
4,1,219187.94469522405,-0.5605,1.7008915,-0.38311787056251023
4,1,219192.94469600637,-0.5605,1.7004333,-0.38389656667436484
4,1,219197.94469678868,-0.5605,1.700166,-0.3846752629683315
4,1,219202.944697571,-0.5605,1.6999942,-0.3854539591351548
4,1,219207.9446983533,-0.5605,1.6998606,-0.3862326580411592
4,1,219212.9446991356,-0.5605,1.6995552,-0.3870113550524247
4,1,219217.94469991792,-0.5605,1.6993834,-0.3877900525275964
4,1,219222.94470070023,-0.5605,1.6991352,-0.38856875229820265
4,1,219227.94470148254,-0.5605,1.6988488,-0.3893474508812062
4,1,219232.94470226485,-0.5605,1.6986579,-0.39012614768717013
4,1,219237.94470304716,-0.5605,1.6985052,-0.39090484200021947
4,1,219242.94470382947,-0.5605,1.698257,-0.39168353662689187
4,1,219247.9447046118,-0.5605,1.6981043,-0.392462233264072
4,1,219252.9447053941,-0.5605,1.6978561,-0.3932409304778972
4,1,219257.9447061764,-0.5605,1.6975697,-0.3940196270865168
4,1,219262.94470695872,-0.5605,1.6973407,-0.39479832057234965
4,1,219267.94470774103,-0.5605,1.6972834,-0.3955770152396724
4,1,219272.94470852334,-0.5605,1.696978,-0.3963557117838031
4,1,219277.94470930565,-0.5605,1.6967679,-0.39713440909071424
4,1,219282.94471008796,-0.5605,1.6964053,-0.3979131076520581
4,1,219287.94471087027,-0.5605,1.6962526,-0.39869180528671533
4,1,219292.94471165258,-0.5605,1.6961762,-0.3994705022075904
4,1,219297.9447124349,-0.5605,1.6958517,-0.40024919945302595
4,1,219302.9447132172,-0.5605,1.6956989,-0.4010278952953483
4,1,219307.94471399952,-0.5605,1.6954699,-0.40180659340070013
4,1,219312.94471478183,-0.5605,1.6951262,-0.4025852938693926
4,1,219317.94471556414,-0.5605,1.6948972,-0.4033639962860345
4,1,219322.94471634645,-0.5605,1.6949162,-0.40414269572368255
4,1,219327.94471712876,-0.5605,1.6945344,-0.40492139383671344
4,1,219332.94471791107,-0.5605,1.6943434,-0.40570009296584125
4,1,219337.94471869338,-0.5605,1.6938853,-0.4064787914425763
4,1,219342.9447194757,-0.5605,1.6938281,-0.40725749158347974
4,1,219347.944720258,-0.5605,1.6936753,-0.4080361894013219
4,1,219352.94472104032,-0.5605,1.693179,-0.40881488270295324
4,1,219357.94472182263,-0.5605,1.6931599,-0.4095935775340497
4,1,219362.94472260494,-0.5605,1.6928544,-0.41037227315048036
4,1,219367.94472338725,-0.5605,1.6926445,-0.4111509674921234
4,1,219372.94472416956,-0.5605,1.6923391,-0.41192965990868535
4,1,219377.94472495187,-0.5605,1.69211,-0.4127083502280513
4,1,219382.94472573418,-0.5605,1.6920526,-0.4134870423195196
4,1,219387.9447265165,-0.5605,1.6916326,-0.41426573298889396
4,1,219392.9447272988,-0.5605,1.6914418,-0.41504442084218396
4,1,219397.94472808111,-0.5605,1.6912317,-0.4158231096639501
4,1,219402.94472886343,-0.5605,1.6910027,-0.41660180138610803
4,1,219407.94472964574,-0.5605,1.6907736,-0.41738049448610015
4,1,219412.94473042805,-0.5605,1.6905445,-0.41815919006023805
4,1,219417.94473121036,-0.5605,1.6901628,-0.4189378814742168
4,1,219422.94473199267,-0.5605,1.6899718,-0.4197165747885141
4,1,219427.94473277498,-0.5605,1.6898382,-0.42049526659528413
4,1,219432.9447335573,-0.5605,1.6895328,-0.4212739576285183
4,1,219437.9447343396,-0.5605,1.6893036,-0.42205264789140223
4,1,219442.9447351219,-0.5605,1.6890173,-0.4228313393360277
4,1,219447.94473590422,-0.5605,1.6889601,-0.4236100326873395
4,1,219452.94473668654,-0.5605,1.6885018,-0.42438872528319554
4,1,219457.94473746885,-0.5605,1.6883491,-0.4251674170353975
4,1,219462.94473825116,-0.5605,1.6880437,-0.42594610597186283
4,1,219467.94473903347,-0.5605,1.6877574,-0.426724795307474
4,1,219472.94473981578,-0.5605,1.6877,-0.427503484683454
4,1,219477.9447405981,-0.5605,1.6873183,-0.42828217854142847
4,1,219482.9447413804,-0.5605,1.6870701,-0.429060870780862
4,1,219487.9447421627,-0.5605,1.6867838,-0.42983956202744444
4,1,219492.94474294502,-0.5605,1.6864401,-0.4306182524085674
4,1,219497.94474372733,-0.5605,1.686211,-0.43139694293722175
4,1,219502.94474450964,-0.5605,1.6860964,-0.43217563659565644
4,1,219507.94474529196,-0.5605,1.6856192,-0.4329543292573558
4,1,219512.94474607427,-0.5605,1.6854856,-0.4337330244930784
4,1,219517.94474685658,-0.5605,1.6851228,-0.43451172125582893
4,1,219522.9447476389,-0.5605,1.6849511,-0.4352904222678211
4,1,219527.9447484212,-0.5605,1.6846457,-0.43606912239364454
4,1,219532.9447492035,-0.5605,1.6844739,-0.4368478225315776
4,1,219537.94474998582,-0.5605,1.684073,-0.43762651994180346
4,1,219542.94475076813,-0.5605,1.6839011,-0.4384052182506488
4,1,219547.94475155044,-0.5605,1.6836529,-0.43918391661716166
4,1,219552.94475233275,-0.5605,1.683252,-0.43996261498540307
4,1,219557.94475311507,-0.5605,1.6830611,-0.4407413170207242
4,1,219562.94475389738,-0.5605,1.6828703,-0.4415200131964551
4,1,219567.9447546797,-0.5605,1.6825647,-0.4422987079388168
4,1,219572.944755462,-0.5605,1.6823739,-0.443077404808561
4,1,219577.9447562443,-0.5605,1.6820494,-0.44385610122500196
4,1,219582.94475702662,-0.5605,1.6817629,-0.4446348008058568
4,1,219587.94475780893,-0.5605,1.6814958,-0.4454135032490558
4,1,219592.94475859124,-0.5605,1.681114,-0.44619220884585714
4,1,219597.94475937355,-0.5605,1.680942,-0.44697091323370736
4,1,219602.94476015586,-0.5605,1.6805794,-0.44774961489686704
4,1,219607.94476093818,-0.5605,1.6803312,-0.4485283153151804
4,1,219612.9447617205,-0.5605,1.6800067,-0.4493070160021517
4,1,219617.9447625028,-0.5605,1.6797967,-0.4500857214220332
4,1,219622.9447632851,-0.5605,1.6795485,-0.45086442811712624
4,1,219627.94476406742,-0.5605,1.6791667,-0.45164313299542336
4,1,219632.94476484973,-0.5605,1.6789567,-0.45242183631988037
4,1,219637.94476563204,-0.5605,1.6786131,-0.453200540410714
4,1,219642.94476641435,-0.5605,1.6784031,-0.45397924313372373
4,1,219647.94476719666,-0.5605,1.6780976,-0.45475794525268676
4,1,219652.94476797897,-0.5605,1.6777731,-0.45553664920265147
4,1,219657.94476876128,-0.5605,1.6774677,-0.4563153537331356
4,1,219662.9447695436,-0.5605,1.6771814,-0.45709405455566116
4,1,219667.9447703259,-0.5605,1.676895,-0.4578727535006636
4,1,219672.94477110822,-0.5605,1.6765323,-0.45865145316520006
4,1,219677.94477189053,-0.5605,1.6763605,-0.45943015433541606
4,1,219682.94477267284,-0.5605,1.6759596,-0.4602088558792671
4,1,219687.94477345515,-0.5605,1.6757114,-0.46098756057571705
4,1,219692.94477423746,-0.5605,1.675406,-0.46176626077290045
4,1,219697.94477501977,-0.5605,1.6750242,-0.46254496437014475
4,1,219702.94477580208,-0.5605,1.6746423,-0.46332366792388097
4,1,219707.9447765844,-0.5605,1.6746614,-0.4641023690080709
4,1,219712.9447773667,-0.5605,1.6741842,-0.4648810720167425
4,1,219717.94477814902,-0.5605,1.6737833,-0.4656597760190401
4,1,219722.94477893133,-0.5605,1.6734587,-0.466438481102907
4,1,219727.94477971364,-0.5605,1.6732296,-0.46721718461757894
4,1,219732.94478049595,-0.5605,1.6729432,-0.46799589008814424
4,1,219737.94478127826,-0.5605,1.6725806,-0.46877459570317465
4,1,219742.94478206057,-0.5605,1.6724087,-0.4695532961504724
4,1,219747.94478284288,-0.5605,1.6719315,-0.47033199659118385
4,1,219752.9447836252,-0.5605,1.6717597,-0.47111069906174474
4,1,219757.9447844075,-0.5605,1.6715497,-0.4718894040598737
4,1,219762.94478518981,-0.5605,1.6710725,-0.4726681092957854
4,1,219767.94478597213,-0.5605,1.6707097,-0.4734468118172023
4,1,219772.94478675444,-0.5605,1.6706142,-0.4742255142068366
4,1,219777.94478753675,-0.5605,1.6701179,-0.47500421494890915
4,1,219782.94478831906,-0.5605,1.6697552,-0.4757829163050155
4,1,219787.94478910137,-0.5605,1.6694115,-0.47656162171288996
4,1,219792.94478988368,-0.5605,1.669068,-0.47734032637558715
4,1,219797.944790666,-0.5605,1.6688579,-0.4781190296327108
4,1,219802.9447914483,-0.5605,1.6685144,-0.4788977304232717
4,1,219807.9447922306,-0.5605,1.6683425,-0.479676432784968
4,1,219812.94479301292,-0.5605,1.6679225,-0.48045513620580904
4,1,219817.94479379524,-0.5605,1.6675407,-0.4812338417100907
4,1,219822.94479457755,-0.5605,1.6672734,-0.4820125495725341
4,1,219827.94479535986,-0.5605,1.6668917,-0.4827912576858137
4,1,219832.94479614217,-0.5605,1.6665671,-0.48356996577949996
4,1,219837.94479692448,-0.5605,1.6662807,-0.48434867420885636
4,1,219842.9447977068,-0.5605,1.6658798,-0.485127381464839
4,1,219847.9447984891,-0.5605,1.6655744,-0.4859060853949488
4,1,219852.9447992714,-0.5605,1.6652308,-0.4866847889778979
4,1,219857.94480005372,-0.5605,1.6647917,-0.48746349086062124
4,1,219862.94480083603,-0.5605,1.6644481,-0.48824219261475743
4,1,219867.94480161835,-0.5605,1.6642572,-0.4890208942682777
4,1,219872.94480240066,-0.5605,1.6637417,-0.48979959899264913
4,1,219877.94480318297,-0.5605,1.6633408,-0.49057830158981025
4,1,219882.94480396528,-0.5605,1.66315,-0.4913570033702354
4,1,219887.9448047476,-0.5605,1.6627681,-0.4921357030658623
4,1,219892.9448055299,-0.5605,1.6624246,-0.4929144055400491
4,1,219897.9448063122,-0.5605,1.6620046,-0.4936931115029819
4,1,219902.94480709452,-0.5605,1.6617755,-0.49447181788625655
4,1,219907.94480787683,-0.5605,1.6611836,-0.4952505238735875
4,1,219912.94480865914,-0.5605,1.6608591,-0.4960292292955485
4,1,219917.94480944145,-0.5605,1.6606683,-0.496807930061741
4,1,219922.94481022377,-0.5605,1.6600573,-0.4975866339145005
4,1,219927.94481100608,-0.5605,1.65979,-0.49836534016080364
4,1,219932.9448117884,-0.5605,1.6594465,-0.4991440473741889
4,1,219937.9448125707,-0.5605,1.6591792,-0.4999227525989347
4,1,219942.944813353,-0.5605,1.658721,-0.5007014576410088
4,1,219947.94481413532,-0.5605,1.6584537,-0.5014801610497932
4,1,219952.94481491763,-0.5605,1.6579765,-0.5022588662147788
4,1,219957.94481569994,-0.5605,1.6576711,-0.5030375669785374
4,1,219962.94481648225,-0.5605,1.6573083,-0.5038162687992951
4,1,219967.94481726456,-0.5605,1.6569456,-0.5045949711204404
4,1,219972.94481804688,-0.5605,1.6564875,-0.5053736739915246
4,1,219977.9448188292,-0.5605,1.6561247,-0.5061523789389994
4,1,219982.9448196115,-0.5605,1.6556283,-0.506931083819386
4,1,219987.9448203938,-0.5605,1.6552657,-0.5077097890449928
4,1,219992.94482117612,-0.5605,1.654922,-0.5084884920347796
4,1,219997.94482195843,-0.5605,1.6545784,-0.5092671954474615
4,1,220002.94482274074,-0.5605,1.6541775,-0.5100458991305894
4,1,220007.94482352305,-0.5605,1.6538148,-0.5108246007032725
4,1,220012.94482430536,-0.5605,1.653433,-0.5116033042327464
4,1,220017.94482508767,-0.5605,1.6531085,-0.5123820057165193
4,1,220022.94482586998,-0.5605,1.6526121,-0.5131607132812109
4,1,220027.9448266523,-0.5605,1.6521157,-0.5139394196618299
4,1,220032.9448274346,-0.5605,1.6519248,-0.5147181252841321
4,1,220037.94482821692,-0.5605,1.6516004,-0.515496830463744
4,1,220042.94482899923,-0.5605,1.6509131,-0.5162755368578236
4,1,220047.94482978154,-0.5605,1.6505694,-0.5170542396150033
4,1,220052.94483056385,-0.5605,1.6501876,-0.5178329403747586
4,1,220057.94483134616,-0.5605,1.6497486,-0.518611643399891
4,1,220062.94483212847,-0.5605,1.6493095,-0.5193903415190015
4,1,220067.94483291078,-0.5605,1.6490422,-0.5201690397342212
4,1,220072.9448336931,-0.5605,1.6487176,-0.5209477384878265
4,1,220077.9448344754,-0.5605,1.6482023,-0.5217264389099512
4,1,220082.94483525772,-0.5605,1.6478395,-0.5225051404872967
4,1,220087.94483604003,-0.5605,1.6473622,-0.5232838389918506
4,1,220092.94483682234,-0.5605,1.6469232,-0.5240625394349528
4,1,220097.94483760465,-0.5605,1.6464841,-0.5248412388742334
4,1,220102.94483838696,-0.5605,1.6461978,-0.5256199386141995
4,1,220107.94483916927,-0.5605,1.6457396,-0.5263986355828775
4,1,220112.94483995158,-0.5605,1.6453196,-0.5271773334258529
4,1,220117.9448407339,-0.5605,1.6448996,-0.5279560314191877
4,1,220122.9448415162,-0.5605,1.6443269,-0.5287347324844134
4,1,220127.94484229852,-0.5605,1.6441361,-0.5295134339596959
4,1,220132.94484308083,-0.5605,1.6435633,-0.5302921378118394
4,1,220137.94484386314,-0.5605,1.6431814,-0.5310708424814772
4,1,220142.94484464545,-0.5605,1.6425897,-0.5318495479017593
4,1,220147.94484542776,-0.5605,1.6422079,-0.5326282545007465
4,1,220152.94484621007,-0.5605,1.6417879,-0.5334069602842362
4,1,220157.94484699238,-0.5605,1.6414253,-0.534185667661415
4,1,220162.9448477747,-0.5605,1.6408715,-0.5349643730474145
4,1,220167.944848557,-0.5605,1.6404706,-0.5357430755745402
4,1,220172.9448493393,-0.5605,1.6399744,-0.5365217770913572
4,1,220177.94485012162,-0.5605,1.6395735,-0.537300480010645
4,1,220182.94485090394,-0.5605,1.6391344,-0.5380791845831769
4,1,220187.94485168625,-0.5605,1.638638,-0.5388578907254733
4,1,220192.94485246856,-0.5605,1.6381607,-0.5396365954305162
4,1,220197.94485325087,-0.5605,1.6378171,-0.5404152990124917
4,1,220202.94485403318,-0.5605,1.6373398,-0.5411940031228493
4,1,220207.9448548155,-0.5605,1.6368053,-0.5419727059620715
4,1,220212.9448555978,-0.5605,1.6362708,-0.5427514118763073
4,1,220217.9448563801,-0.5605,1.6359463,-0.5435301184117062
4,1,220222.94485716242,-0.5605,1.6354691,-0.5443088255288796
4,1,220227.94485794473,-0.5605,1.6350873,-0.5450875344249437
4,1,220232.94485872705,-0.5605,1.6346481,-0.5458662412350175
4,1,220237.94485950936,-0.5605,1.6340945,-0.5466449490762416
4,1,220242.94486029167,-0.5605,1.6336364,-0.5474236571616626
4,1,220247.94486107398,-0.5605,1.6331973,-0.548202362720721
4,1,220252.9448618563,-0.5605,1.6328155,-0.548981065751198
4,1,220257.9448626386,-0.5605,1.6323,-0.5497597688435379
4,1,220262.9448634209,-0.5605,1.63188,-0.5505384706390497
4,1,220267.94486420322,-0.5605,1.6312883,-0.5513171718157494
4,1,220272.94486498553,-0.5605,1.6309065,-0.5520958761171132
4,1,220277.94486576784,-0.5605,1.6302383,-0.5528745772707161
4,1,220282.94486655015,-0.5605,1.6299137,-0.553653281218098
4,1,220287.94486733247,-0.5605,1.6293793,-0.5544319824745222
4,1,220292.94486811478,-0.5605,1.6288447,-0.55521068516063
4,1,220297.9448688971,-0.5605,1.6283865,-0.5559893900017536
4,1,220302.9448696794,-0.5605,1.6279284,-0.5567680952862895
4,1,220307.9448704617,-0.5605,1.6274511,-0.5575468054627838
4,1,220312.94487124402,-0.5605,1.6269356,-0.5583255145644773
4,1,220317.94487202633,-0.5605,1.6264012,-0.5591042264924376
4,1,220322.94487280864,-0.5605,1.6259811,-0.5598829353412816
4,1,220327.94487359095,-0.5605,1.6253512,-0.5606616432592236
4,1,220332.94487437326,-0.5605,1.6249694,-0.5614403519305616
4,1,220337.94487515558,-0.5605,1.624473,-0.5622190647522837
4,1,220342.9448759379,-0.5605,1.6237857,-0.5629977732415097
4,1,220347.9448767202,-0.5605,1.6233658,-0.5637764807804919
4,1,220352.9448775025,-0.5605,1.6229267,-0.5645551891333855
4,1,220357.94487828482,-0.5605,1.6224303,-0.5653338959083852
4,1,220362.94487906713,-0.5605,1.6218576,-0.5661126026720402
4,1,220367.94487984944,-0.5605,1.6211704,-0.5668913099928861
4,1,220372.94488063175,-0.5605,1.6208841,-0.5676700156677529
4,1,220377.94488141406,-0.5605,1.6201777,-0.5684487234522234
4,1,220382.94488219637,-0.5605,1.6196814,-0.5692274299331603
4,1,220387.94488297869,-0.5605,1.6192232,-0.5700061364497606
4,1,220392.944883761,-0.5605,1.6186695,-0.5707848416386443
4,1,220397.9448845433,-0.5605,1.6179823,-0.571563547400014
4,1,220402.94488532562,-0.5605,1.6174669,-0.5723422525683871
4,1,220407.94488610793,-0.5605,1.6169324,-0.5731209582444493
4,1,220412.94488689024,-0.5605,1.6165315,-0.573899663720177
4,1,220417.94488767209,-0.5605,1.6159015,-0.5746783716928989
4,1,220422.9448884544,-0.5605,1.6152905,-0.5754570768691729
4,1,220427.9448892367,-0.5605,1.6148133,-0.5762357835444971
4,1,220432.94489001902,-0.5605,1.6142216,-0.5770144944961797
4,1,220437.94489080133,-0.5605,1.6137824,-0.5777932042201754
4,1,220442.94489158364,-0.5605,1.613038,-0.578571913249807
4,1,220447.94489236595,-0.5605,1.6125416,-0.5793506259376007
4,1,220452.94489314826,-0.5605,1.6119498,-0.5801293352056839
4,1,220457.94489393057,-0.5605,1.6113962,-0.5809080420986676
4,1,220462.94489471288,-0.5605,1.6108807,-0.5816867508159476
4,1,220467.9448954952,-0.5605,1.6101553,-0.5824654582737085
4,1,220472.9448962775,-0.5605,1.6095444,-0.5832441655856633
4,1,220477.94489705982,-0.5605,1.6090671,-0.5840228752999667
4,1,220482.94489784213,-0.5605,1.6085708,-0.5848015825373626
4,1,220487.94489862444,-0.5605,1.6079217,-0.5855802909881336
4,1,220492.94489940675,-0.5605,1.6072726,-0.5863589998289939
4,1,220497.94490018906,-0.5605,1.6067572,-0.5871377068681647
4,1,220502.94490097137,-0.5605,1.6060508,-0.5879164112940228
4,1,220507.94490175368,-0.5605,1.6055163,-0.5886951151805847
4,1,220512.944902536,-0.5605,1.6050963,-0.5894738200650774
4,1,220517.9449033183,-0.5605,1.6042945,-0.5902525250484112
4,1,220522.94490410062,-0.5605,1.6037409,-0.5910312297748654
4,1,220527.94490488293,-0.5605,1.6031682,-0.591809933596859
4,1,220532.94490566524,-0.5605,1.6025382,-0.5925886386597914
4,1,220537.94490644755,-0.5605,1.6019083,-0.5933673433888219
4,1,220542.94490722986,-0.5605,1.6013165,-0.5941460466458595
4,1,220547.94490801217,-0.5605,1.6005337,-0.5949247505050231
4,1,220552.94490879448,-0.5605,1.5999229,-0.5957034541755845
4,1,220557.9449095768,-0.5605,1.5992547,-0.5964821581922864
4,1,220562.9449103591,-0.5605,1.5985101,-0.5972608591494424
4,1,220567.9449111414,-0.5605,1.5980711,-0.5980395608746802
4,1,220572.94491192373,-0.5605,1.5974029,-0.5988182636184688
4,1,220577.94491270604,-0.5605,1.5968684,-0.5995969638790584
4,1,220582.94491348835,-0.5605,1.5959712,-0.6003756637158059
4,1,220587.94491427066,-0.5605,1.5954748,-0.601154363585879
4,1,220592.94491505297,-0.5605,1.5948257,-0.6019330639066395
4,1,220597.94491583528,-0.5605,1.5940813,-0.6027117629545029
4,1,220602.9449166176,-0.5605,1.5934322,-0.6034904628859191
4,1,220607.9449173999,-0.5605,1.5928404,-0.6042691655502745
4,1,220612.9449181822,-0.5605,1.5920577,-0.6050478687714235
4,1,220617.94491896452,-0.5605,1.5915613,-0.6058265713260368
4,1,220622.94491974683,-0.5605,1.5908359,-0.606605275830285
4,1,220627.94492052915,-0.5605,1.5901104,-0.6073839817976285
4,1,220632.94492131146,-0.5605,1.5893278,-0.60816268823114
4,1,220637.94492209377,-0.5605,1.5886787,-0.60894139468395
4,1,220642.94492287608,-0.5605,1.5881442,-0.6097200994632737
4,1,220647.9449236584,-0.5605,1.5873996,-0.6104988041308683
4,1,220652.9449244407,-0.5605,1.5865406,-0.6112775092085662
4,1,220657.944925223,-0.5605,1.5859488,-0.6120562135419576
4,1,220662.94492600532,-0.5605,1.5851852,-0.6128349212469586
4,1,220667.94492678763,-0.5605,1.5845743,-0.6136136254610216
4,1,220672.94492756994,-0.5605,1.5837916,-0.6143923291018866
4,1,220677.94492835226,-0.5605,1.583047,-0.6151710338414605
4,1,220682.94492913457,-0.5605,1.5823407,-0.6159497365603377
4,1,220687.94492991688,-0.5605,1.581558,-0.6167284392866588
4,1,220692.9449306992,-0.5605,1.5808707,-0.617507138055748
4,1,220697.9449314815,-0.5605,1.5801835,-0.6182858366627523
4,1,220702.9449322638,-0.5605,1.5793817,-0.6190645382728307
4,1,220707.94493304612,-0.5605,1.5787709,-0.6198432410506899
4,1,220712.94493382843,-0.5605,1.5779691,-0.6206219428493408
4,1,220717.94493461074,-0.5605,1.5772054,-0.6214006462369986
4,1,220722.94493539305,-0.5605,1.5763845,-0.6221793521644865
4,1,220727.94493617537,-0.5605,1.5756973,-0.622958054472181
4,1,220732.94493695768,-0.5605,1.5749719,-0.6237367574327185
4,1,220737.94493774,-0.5605,1.5742273,-0.6245154626904786
4,1,220742.9449385223,-0.5605,1.5732728,-0.625294167767491
4,1,220747.9449393046,-0.5605,1.572471,-0.6260728745398682
4,1,220752.94494008692,-0.5605,1.5717647,-0.6268515776481789
4,1,220757.94494086923,-0.5605,1.570982,-0.6276302811881199
4,1,220762.94494165154,-0.5605,1.5702757,-0.6284089878316781
4,1,220767.94494243385,-0.5605,1.5693974,-0.6291876928723978
4,1,220772.94494321616,-0.5605,1.5686721,-0.6299663978588211
4,1,220777.94494399847,-0.5605,1.567813,-0.6307451006779102
4,1,220782.9449447808,-0.5605,1.5669922,-0.6315238040032282
4,1,220787.9449455631,-0.5605,1.5663049,-0.6323025084004363
4,1,220792.9449463454,-0.5605,1.565484,-0.6330812133069861
4,1,220797.94494712772,-0.5605,1.5645294,-0.6338599167071741
4,1,220802.94494791003,-0.5605,1.5637085,-0.6346386204371447
4,1,220807.94494869234,-0.5605,1.5629067,-0.6354173226502002
4,1,220812.94494947465,-0.5605,1.5620668,-0.6361960219260879
4,1,220817.94495025696,-0.5605,1.5610932,-0.6369747196939648
4,1,220822.94495103927,-0.5605,1.5602723,-0.6377534185228773
4,1,220827.94495182158,-0.5605,1.5596423,-0.6385321181824566
4,1,220832.9449526039,-0.5605,1.5587261,-0.6393108169586189
4,1,220837.9449533862,-0.5605,1.5577906,-0.6400895162035188
4,1,220842.94495416852,-0.5605,1.5569124,-0.6408682160657077
4,1,220847.94495495083,-0.5605,1.5559961,-0.641646918492479
4,1,220852.94495573314,-0.5605,1.5551944,-0.6424256212298634
4,1,220857.94495651545,-0.5605,1.5543162,-0.6432043235328359
4,1,220862.94495729776,-0.5605,1.5533807,-0.6439830251020453
4,1,220867.94495808007,-0.5605,1.5525789,-0.6447617266927589
4,1,220872.94495886238,-0.5605,1.5515672,-0.6455404301327694
4,1,220877.9449596447,-0.5605,1.5507463,-0.6463191316688552
4,1,220882.944960427,-0.5605,1.5498872,-0.6470978329661483
4,1,220887.94496120932,-0.5605,1.548799,-0.6478765329507584
4,1,220892.94496199163,-0.5605,1.547921,-0.6486552361471581
4,1,220897.94496277394,-0.5605,1.5470046,-0.6494339360952538
4,1,220902.94496355625,-0.5605,1.5460501,-0.6502126382246973
4,1,220907.94496433856,-0.5605,1.5449429,-0.6509913403043311
4,1,220912.94496512087,-0.5605,1.5441792,-0.651770040022078
4,1,220917.94496590318,-0.5605,1.5431292,-0.6525487398263442
4,1,220922.9449666855,-0.5605,1.5421747,-0.6533274415744272
4,1,220927.9449674678,-0.5605,1.5412011,-0.6541061440584124
4,1,220932.9449682501,-0.5605,1.5401703,-0.6548848454610832
4,1,220937.94496903243,-0.5605,1.5391585,-0.655663547313524
4,1,220942.94496981474,-0.5605,1.538204,-0.6564422487076051
4,1,220947.94497059705,-0.5605,1.5372113,-0.6572209510375554
4,1,220952.94497137936,-0.5605,1.5362568,-0.6579996549984509
4,1,220957.94497216167,-0.5605,1.5350541,-0.6587783609829772
4,1,220962.94497294398,-0.5605,1.533985,-0.6595570670779806
4,1,220967.9449737263,-0.5605,1.5330114,-0.6603357719196009
4,1,220972.9449745086,-0.5605,1.5320377,-0.6611144764051828
4,1,220977.9449752909,-0.5605,1.5309879,-0.661893178465465
4,1,220982.94497607322,-0.5605,1.5298806,-0.6626718796614037
4,1,220987.94497685554,-0.5605,1.5288306,-0.6634505808681905
4,1,220992.94497763785,-0.5605,1.5277807,-0.6642292836535865
4,1,220997.94497842016,-0.5605,1.5267689,-0.6650079902080854
4,1,221002.94497920247,-0.5605,1.5256425,-0.6657866955555274
4,1,221007.94497998478,-0.5605,1.5244972,-0.6665654018447956
4,1,221012.9449807671,-0.5605,1.523409,-0.6673441069631505
4,1,221017.9449815494,-0.5605,1.5223209,-0.6681228119017046
4,1,221022.9449823317,-0.5605,1.5211945,-0.6689015180561836
4,1,221027.94498311402,-0.5605,1.5200491,-0.6696802243738434
4,1,221032.94498389633,-0.5605,1.5189036,-0.6704589339614373
4,1,221037.94498467864,-0.5605,1.5177392,-0.6712376415364174
4,1,221042.94498546096,-0.5605,1.5165746,-0.6720163481285633
4,1,221047.94498624327,-0.5605,1.5154674,-0.6727950539271262
4,1,221052.94498702558,-0.5605,1.5142266,-0.6735737627977028
4,1,221057.9449878079,-0.5605,1.5128711,-0.6743524743677471
4,1,221062.9449885902,-0.5605,1.5117639,-0.6751311841063725
4,1,221067.9449893725,-0.5605,1.5106184,-0.6759098931945324
4,1,221072.94499015482,-0.5605,1.5095112,-0.6766886030487445
4,1,221077.94499093713,-0.5605,1.5083659,-0.6774673097226249
4,1,221082.94499171944,-0.5605,1.5069722,-0.6782460149039818
4,1,221087.94499250175,-0.5605,1.5055977,-0.6790247195685963
4,1,221092.94499328407,-0.5605,1.504586,-0.6798034246974813
4,1,221097.94499406638,-0.5605,1.5032306,-0.6805821261117518
4,1,221102.9449948487,-0.5605,1.5020279,-0.6813608330296967
4,1,221107.944995631,-0.5605,1.5006725,-0.682139540973176
4,1,221112.9449964133,-0.5605,1.4993361,-0.682918248373233
4,1,221117.94499719562,-0.5605,1.4981334,-0.6836969527329498
4,1,221122.94499797793,-0.5605,1.4968735,-0.6844756574183001
4,1,221127.94499876024,-0.5605,1.4955562,-0.6852543629726398
4,1,221132.94499954255,-0.5605,1.4942963,-0.6860330691167044
4,1,221137.94500032486,-0.5605,1.4929218,-0.6868117739250786
4,1,221142.94500110717,-0.5605,1.4915282,-0.6875904799565402
4,1,221147.9450018895,-0.5605,1.4902682,-0.6883691854151515
4,1,221152.9450026718,-0.5605,1.4887983,-0.6891478905522818
4,1,221157.9450034541,-0.5605,1.4874047,-0.6899265971405368
4,1,221162.94500423642,-0.5605,1.4858966,-0.6907053022059594
4,1,221167.94500501873,-0.5605,1.4845793,-0.6914840111671681
4,1,221172.94500580104,-0.5605,1.4830712,-0.6922627211367184
4,1,221177.94500658335,-0.5605,1.481754,-0.693041426311479
4,1,221182.94500736566,-0.5605,1.4804367,-0.6938201338117017
4,1,221187.94500814797,-0.5605,1.4788713,-0.6945988354441749
4,1,221192.94500893028,-0.5605,1.4774969,-0.6953775383919604
4,1,221197.9450097126,-0.5605,1.476046,-0.6961562404625674
4,1,221202.9450104949,-0.5605,1.474366,-0.6969349422588905
4,1,221207.94501127722,-0.5605,1.4728388,-0.6977136419983302
4,1,221212.94501205953,-0.5605,1.4714833,-0.6984923393078639
4,1,221217.94501284184,-0.5605,1.469918,-0.6992710351826344
4,1,221222.94501362415,-0.5605,1.4683907,-0.7000497353516746
4,1,221227.94501440646,-0.5605,1.4668063,-0.7008284379609752
4,1,221232.94501518877,-0.5605,1.4652408,-0.7016071422342454
4,1,221237.94501597108,-0.5605,1.4636372,-0.702385846983505
4,1,221242.9450167534,-0.5605,1.4621863,-0.7031645499800173
4,1,221247.9450175357,-0.5605,1.4604874,-0.7039432532800562
4,1,221252.94501831802,-0.5605,1.4587501,-0.7047219551608093
4,1,221257.94501910033,-0.5605,1.457242,-0.7055006589977868
4,1,221262.94501988264,-0.5605,1.4555048,-0.706279362623691
4,1,221267.94502066495,-0.5605,1.4539202,-0.7070580717299906
4,1,221272.94502144726,-0.5605,1.4522785,-0.707836780199504
4,1,221277.94502222957,-0.5605,1.450465,-0.7086154876360093
4,1,221282.94502301188,-0.5605,1.4486896,-0.7093941949023368
4,1,221287.9450237942,-0.5605,1.4471241,-0.7101729011206656
4,1,221292.9450245765,-0.5605,1.4453106,-0.7109516030432842
4,1,221297.94502535881,-0.5605,1.4435734,-0.7117303045339646
4,1,221302.94502614113,-0.5605,1.4418743,-0.7125090052828353
4,1,221307.94502692344,-0.5605,1.4400417,-0.7132877060235238
4,1,221312.94502770575,-0.5605,1.4382663,-0.714066410715957
4,1,221317.94502848806,-0.5605,1.4363573,-0.7148451156811146
4,1,221322.94502927037,-0.5605,1.4343909,-0.71562382180849
4,1,221327.94503005268,-0.5605,1.4327682,-0.7164025272187818
4,1,221332.945030835,-0.5605,1.4308592,-0.7171812338509886
4,1,221337.9450316173,-0.5605,1.4290074,-0.7179599410085905
4,1,221342.9450323996,-0.5605,1.4271557,-0.7187386495425597
4,1,221347.94503318192,-0.5605,1.4251131,-0.7195173539951538
4,1,221352.94503396424,-0.5605,1.4231849,-0.7202960586206676
4,1,221357.94503474655,-0.5605,1.4212568,-0.7210747625965074
4,1,221362.94503552886,-0.5605,1.4193859,-0.7218534670052458
4,1,221367.94503631117,-0.5605,1.4173051,-0.7226321764089626
4,1,221372.94503709348,-0.5605,1.4152625,-0.7234108832975985
4,1,221377.9450378758,-0.5605,1.4131815,-0.7241895898661442
4,1,221382.9450386581,-0.5605,1.4112535,-0.7249682978827882
4,1,221387.9450394404,-0.5605,1.4091917,-0.7257470047852326
4,1,221392.94504022272,-0.5605,1.4070727,-0.7265257096377308
4,1,221397.94504100503,-0.5605,1.4049728,-0.7273044116287988
4,1,221402.94504178734,-0.5605,1.4028728,-0.7280831112693709
4,1,221407.94504256966,-0.5605,1.4008683,-0.7288618129751577
4,1,221412.94504335197,-0.5605,1.3986729,-0.729640516190121
4,1,221417.94504413428,-0.5605,1.3964776,-0.7304192209500466
4,1,221422.9450449166,-0.5605,1.394454,-0.7311979253488078
4,1,221427.9450456989,-0.5605,1.3921632,-0.7319766276192295
4,1,221432.9450464812,-0.5605,1.389796,-0.7327553321173848
4,1,221437.94504726352,-0.5605,1.3876579,-0.7335340356164138
4,1,221442.94504804583,-0.5605,1.3855962,-0.7343127402915353
4,1,221447.94504882814,-0.5605,1.3831908,-0.7350914454150989
4,1,221452.94504961045,-0.5605,1.380938,-0.7358701521465076
4,1,221457.94505039277,-0.5605,1.3785709,-0.7366488593902912
4,1,221462.94505117508,-0.5605,1.3761655,-0.7374275666650925
4,1,221467.9450519574,-0.5605,1.3738747,-0.7382062723170877
4,1,221472.9450527397,-0.5605,1.371412,-0.7389849807876739
4,1,221477.945053522,-0.5605,1.3690066,-0.7397636907936891
4,1,221482.94505430432,-0.5605,1.3668113,-0.7405423988677919
4,1,221487.94505508663,-0.5605,1.3643296,-0.7413211065774918
4,1,221492.94505586894,-0.5605,1.361695,-0.7420998129457693
4,1,221497.94505665125,-0.5605,1.3592515,-0.7428785175751674
4,1,221502.94505743356,-0.5605,1.3567698,-0.7436572190756362
4,1,221507.94505821588,-0.5605,1.3542689,-0.7444359215334814
4,1,221512.9450589982,-0.5605,1.3517491,-0.7452146227132904
4,1,221517.9450597805,-0.5605,1.349,-0.7459933233958974
4,1,221522.9450605628,-0.5605,1.3463656,-0.7467720263861511
4,1,221527.94506134512,-0.5605,1.3438647,-0.7475507304208537
4,1,221532.94506212743,-0.5605,1.3410966,-0.7483294344086409
4,1,221537.94506290974,-0.5605,1.3384813,-0.7491081405028561
4,1,221542.94506369205,-0.5605,1.3357131,-0.7498868486882408
4,1,221547.94506447436,-0.5605,1.3330597,-0.7506655516924818
4,1,221552.94506525667,-0.5605,1.330177,-0.7514442558952994
4,1,221557.94506603898,-0.5605,1.3273516,-0.7522229607770535
4,1,221562.9450668213,-0.5605,1.324679,-0.7530016663950376
4,1,221567.9450676036,-0.5605,1.3219491,-0.7537803716167336
4,1,221572.94506838592,-0.5605,1.3192,-0.7545590768764607
4,1,221577.94506916823,-0.5605,1.316222,-0.7553377817852887
4,1,221582.94506995054,-0.5605,1.3133584,-0.7561164877928885
4,1,221587.94507073285,-0.5605,1.3103994,-0.756895193979501
4,1,221592.94507151516,-0.5605,1.3074977,-0.7576739010904292
4,1,221597.94507229747,-0.5605,1.3046533,-0.758452607075376
4,1,221602.94507307978,-0.5605,1.3015988,-0.759231310973223
4,1,221607.9450738621,-0.5605,1.2986016,-0.7600100165387915
4,1,221612.9450746444,-0.5605,1.2956808,-0.7607887208324101
4,1,221617.94507542672,-0.5605,1.2925118,-0.7615674246623576
4,1,221622.94507620903,-0.5605,1.2896483,-0.762346130594392
4,1,221627.94507699134,-0.5605,1.2865366,-0.7631248343635494
4,1,221632.94507777365,-0.5605,1.2833676,-0.7639035372460214
4,1,221637.94507855596,-0.5605,1.2803895,-0.7646822391067639
4,1,221642.94507933827,-0.5605,1.2772778,-0.7654609420505725
4,1,221647.94508012058,-0.5605,1.2740515,-0.7662396448997321
4,1,221652.9450809029,-0.5605,1.2709016,-0.7670183474811874
4,1,221657.9450816852,-0.5605,1.2675608,-0.7677970513523977
4,1,221662.94508246752,-0.5605,1.26443,-0.7685757568232081
4,1,221667.94508324983,-0.5605,1.2613183,-0.7693544633021747
4,1,221672.94508403214,-0.5605,1.2579203,-0.7701331655383535
4,1,221677.94508481445,-0.5605,1.254694,-0.7709118686779931
4,1,221682.94508559676,-0.5605,1.2515059,-0.7716905701843064
4,1,221687.94508637907,-0.5605,1.2482414,-0.7724692719543438
4,1,221692.94508716138,-0.5605,1.2446525,-0.7732479722163175
4,1,221697.94508794323,-0.5605,1.2414262,-0.774026673915634
4,1,221702.94508872554,-0.5605,1.2381426,-0.7748053772124741
4,1,221707.94508950785,-0.5605,1.2346873,-0.7755840757994314
4,1,221712.94509029016,-0.5605,1.2313465,-0.776362775578379
4,1,221717.94509107247,-0.5605,1.2279484,-0.7771414725586898
4,1,221722.94509185478,-0.5605,1.2245694,-0.777920169900069
4,1,221727.9450926371,-0.5605,1.2211714,-0.7786988676006258
4,1,221732.9450934194,-0.5605,1.2176397,-0.7794775700040883
4,1,221737.9450942017,-0.5605,1.2142416,-0.7802562729358402
4,1,221742.94509498402,-0.5605,1.2107671,-0.7810349756300774
4,1,221747.94509576634,-0.5605,1.20735,-0.7818136739932987
4,1,221752.94509654865,-0.5605,1.2037992,-0.7825923714132302
4,1,221757.94509733096,-0.5605,1.2003057,-0.7833710700502687
4,1,221758.36209739558,-0.5605,1.2000003,-0.7834360133240349
4,1,221758.36229739548,-0.5605,1.2000575,-0.7834360444697102
4,2,221758.36309739528,0.5605,1.2479794,6.185791227552626e-08
4,2,221763.3630981783,0.5605,1.3532953,0.0007783361467586623
4,2,221768.3630989606,0.5605,1.3875433,0.0015566090126170051
4,2,221773.3630997429,0.5605,1.4149952,0.002334880164189471
4,2,221778.36310052522,0.5605,1.4386481,0.0031131518471373453
4,2,221783.36310130754,0.5605,1.459991,0.0038914192334910235
4,2,221788.36310208985,0.5605,1.4801122,0.004669687661591503
4,2,221793.36310287216,0.5605,1.4988971,0.0054479580196539566
4,2,221798.36310365447,0.5605,1.5169374,0.006226226067771515
4,2,221803.36310443678,0.5605,1.5340232,0.007004496341652341
4,2,221808.3631052191,0.5605,1.5507463,0.007782766726126274
4,2,221813.3631060014,0.5605,1.5669539,0.00856103855216172
4,2,221818.3631067837,0.5605,1.5824934,0.009339309839891063
4,2,221823.36310756602,0.5605,1.5979375,0.010117582414319119
4,2,221828.36310834833,0.5605,1.6129806,0.010895852992677027
4,2,221833.36310913065,0.5605,1.6276038,0.01167412611613671
4,2,221838.36310991296,0.5605,1.6422079,0.012452397070179384
4,2,221843.36311069527,0.5605,1.6567357,0.013230670349962182
4,2,221848.36311147758,0.5605,1.6706142,0.01400894176075525
4,2,221853.3631122599,0.5605,1.6846647,0.014787217114028006
4,2,221858.3631130422,0.5605,1.6983525,0.01556549020210571
4,2,221863.3631138245,0.5605,1.712002,0.01634376331958175
4,2,221868.36311460682,0.5605,1.7253844,0.017122037874986732
4,2,221873.36311538913,0.5605,1.7384994,0.017900311600248024
4,2,221878.36311617144,0.5605,1.751748,0.018678585564951108
4,2,221883.36311695375,0.5605,1.764634,0.019456859614815983
4,2,221888.36311773607,0.5605,1.7772717,0.020235131533688975
4,2,221893.36311851838,0.5605,1.7900431,0.021013404093884764
4,2,221898.3631193007,0.5605,1.8022418,0.02179167375584775
4,2,221903.363120083,0.5605,1.814555,0.022569942653646077
4,2,221908.3631208653,0.5605,1.8266393,0.023348216441257136
4,2,221913.36312164762,0.5605,1.8383989,0.024126490825908054
4,2,221918.36312242993,0.5605,1.849853,0.024904762641996148
4,2,221923.36312321224,0.5605,1.8614028,0.025683037360856933
4,2,221928.36312399455,0.5605,1.8724941,0.026461311980499166
4,2,221933.36312477686,0.5605,1.8833947,0.02723959023116695
4,2,221938.36312555918,0.5605,1.8940281,0.028017869408617422
4,2,221943.3631263415,0.5605,1.9047568,0.028796147022992376
4,2,221948.3631271238,0.5605,1.9146456,0.0295744269810617
4,2,221953.3631279061,0.5605,1.9245343,0.03035270420635409
4,2,221958.3631286882,0.5605,1.9341367,0.03113098001051612
4,2,221963.3631294705,0.5605,1.9434146,0.03190925607343515
4,2,221968.3631302528,0.5605,1.9522535,0.032687530549075874
4,2,221973.36313103512,0.5605,1.9611304,0.033465801940980894
4,2,221978.36313181743,0.5605,1.9697402,0.03424407541529007
4,2,221983.36313259974,0.5605,1.9778535,0.035022350199232506
4,2,221988.36313338205,0.5605,1.985986,0.03580062367027999
4,2,221993.36313416436,0.5605,1.9934121,0.03657889341443778
4,2,221998.36313494667,0.5605,2.0009146,0.03735716305322449
4,2,222003.36313572899,0.5605,2.007959,0.03813543217831851
4,2,222008.3631365113,0.5605,2.0150607,0.03891370098406408
4,2,222013.3631372936,0.5605,2.0214367,0.0396919718964994
4,2,222018.36313807592,0.5605,2.0281184,0.04047024336435398
4,2,222023.36313885823,0.5605,2.0343037,0.041248515809943286
4,2,222028.36313964054,0.5605,2.040317,0.04202679132068158
4,2,222033.36314042285,0.5605,2.0461395,0.042805065709153815
4,2,222038.36314120516,0.5605,2.0515802,0.04358334008050959
4,2,222043.36314198747,0.5605,2.0570974,0.044361612626453245
4,2,222048.36314276978,0.5605,2.0622518,0.04513988357308176
4,2,222053.3631435521,0.5605,2.0672915,0.04591815556959643
4,2,222058.3631443344,0.5605,2.072236,0.04669643144437671
4,2,222063.36314511672,0.5605,2.0770466,0.04747470529157917
4,2,222068.36314589903,0.5605,2.081571,0.04825297764279776
4,2,222073.36314668134,0.5605,2.086191,0.04903124860925145
4,2,222078.36314746365,0.5605,2.0902953,0.049809517542855605
4,2,222083.36314824596,0.5605,2.0943615,0.05058778703285919
4,2,222088.36314902827,0.5605,2.0985234,0.051366056871013505
4,2,222093.36314981058,0.5605,2.1024177,0.052144327412227784
4,2,222098.3631505929,0.5605,2.1062548,0.052922599261154724
4,2,222103.3631513752,0.5605,2.109863,0.05370087113449308
4,2,222108.36315215752,0.5605,2.1134138,0.05447914299560917
4,2,222113.36315293983,0.5605,2.1167545,0.055257413474933965
4,2,222118.36315372214,0.5605,2.1203244,0.056035685542268884
4,2,222123.36315450445,0.5605,2.1235888,0.056813957679659126
4,2,222128.36315528676,0.5605,2.1268342,0.05759223132990466
4,2,222133.36315606907,0.5605,2.129965,0.05837050653677516
4,2,222138.36315685138,0.5605,2.1327903,0.0591487809158398
4,2,222143.3631576337,0.5605,2.1359403,0.05992705382905403
4,2,222148.363158416,0.5605,2.138823,0.06070532639186911
4,2,222153.3631591983,0.5605,2.1415339,0.06148360088100366
4,2,222158.36315998062,0.5605,2.144111,0.0622618771022823
4,2,222163.36316076294,0.5605,2.1468027,0.06304015261993805
4,2,222168.36316154525,0.5605,2.1492462,0.06381842905106809
4,2,222173.36316232756,0.5605,2.1518426,0.0645967059737477
4,2,222178.3631631094,0.5605,2.1544197,0.06537498148455222
4,2,222183.3631638917,0.5605,2.1567106,0.06615325636347134
4,2,222188.36316467403,0.5605,2.1588678,0.06693152995222475
4,2,222193.36316545634,0.5605,2.1613305,0.0677098042752842
4,2,222198.36316623865,0.5605,2.1635067,0.06848807738851174
4,2,222203.36316702096,0.5605,2.1657784,0.06926634987800981
4,2,222208.36316780327,0.5605,2.1678212,0.07004462388894622
4,2,222213.36316858558,0.5605,2.1698446,0.07082289842790694
4,2,222218.3631693679,0.5605,2.17204,0.07160117311808796
4,2,222223.3631701502,0.5605,2.1740065,0.07237944576175674
4,2,222228.3631709325,0.5605,2.1757436,0.0731577185613612
4,2,222233.36317171482,0.5605,2.1777098,0.07393599375393983
4,2,222238.36317249713,0.5605,2.1797526,0.07471426970389482
4,2,222243.36317327945,0.5605,2.1814325,0.07549254733254178
4,2,222248.36317406176,0.5605,2.1831315,0.07627082628662053
4,2,222253.36317484407,0.5605,2.1849833,0.0770491035238769
4,2,222258.36317562638,0.5605,2.1867397,0.07782738480579186
4,2,222263.3631764087,0.5605,2.1884005,0.07860566592161188
4,2,222268.363177191,0.5605,2.1900232,0.07938394428333305
4,2,222273.3631779733,0.5605,2.1915886,0.08016222636039386
4,2,222278.36317875562,0.5605,2.1933067,0.08094050745890534
4,2,222283.36317953793,0.5605,2.194853,0.08171878923104534
4,2,222288.36318032024,0.5605,2.1961894,0.08249707052984498
4,2,222293.36318110256,0.5605,2.1977546,0.08327535094799263
4,2,222298.36318188487,0.5605,2.19932,0.0840536334017018
4,2,222303.36318266718,0.5605,2.2006564,0.08483191647249787
4,2,222308.3631834495,0.5605,2.202241,0.08561019636045226
4,2,222313.3631842318,0.5605,2.2036726,0.08638847710541549
4,2,222318.3631850141,0.5605,2.2050853,0.08716675893471634
4,2,222323.36318579642,0.5605,2.2064407,0.08794504101994961
4,2,222328.36318657873,0.5605,2.207758,0.08872332358840104
4,2,222333.36318736104,0.5605,2.209037,0.08950160613712665
4,2,222338.36318814335,0.5605,2.210507,0.09027988898004091
4,2,222343.36318892566,0.5605,2.211767,0.0910581717938052
4,2,222348.36318970798,0.5605,2.2131414,0.09183645480076137
4,2,222353.3631904903,0.5605,2.2142296,0.09261473668592503
4,2,222358.3631912726,0.5605,2.2155087,0.09339301852041149
4,2,222363.3631920549,0.5605,2.2166922,0.0941713011010322
4,2,222368.36319283722,0.5605,2.2179523,0.0949495848306682
4,2,222373.36319361953,0.5605,2.2191548,0.0957278685071468
4,2,222378.36319440184,0.5605,2.220434,0.09650614954649074
4,2,222383.36319518415,0.5605,2.2214649,0.09728443135003907
4,2,222388.36319596646,0.5605,2.2226102,0.09806271183192064
4,2,222393.36319674877,0.5605,2.223813,0.09884099517811996
4,2,222398.3631975311,0.5605,2.2248437,0.09961927776168117
4,2,222403.3631983134,0.5605,2.2260656,0.10039756107901197
4,2,222408.3631990957,0.5605,2.2271156,0.10117584546542825
4,2,222413.36319987802,0.5605,2.2280128,0.101954131074604
4,2,222418.36320066033,0.5605,2.229292,0.1027324182260036
4,2,222423.36320144264,0.5605,2.2304754,0.1035107038777735
4,2,222428.36320222495,0.5605,2.2313535,0.1042889908763799
4,2,222433.36320300726,0.5605,2.232461,0.10506728169077299
4,2,222438.36320378957,0.5605,2.2336254,0.10584556997029976
4,2,222443.36320457188,0.5605,2.2346373,0.1066238606458604
4,2,222448.3632053542,0.5605,2.2357254,0.10740214983782499
4,2,222453.3632061365,0.5605,2.2365844,0.10818043979951072
4,2,222458.36320691882,0.5605,2.237577,0.10895872744012206
4,2,222463.36320770113,0.5605,2.2385507,0.10973701355205306
4,2,222468.36320848344,0.5605,2.2396197,0.11051529976646432
4,2,222473.36320926575,0.5605,2.2406125,0.11129358750047613
4,2,222478.36321004806,0.5605,2.241605,0.11207187485232283
4,2,222483.36321083037,0.5605,2.2425406,0.1128501623937156
4,2,222488.36321161268,0.5605,2.2435522,0.11362844951460424
4,2,222493.363212395,0.5605,2.244526,0.11440673302964034
4,2,222498.3632131773,0.5605,2.2454615,0.11518501691923204
4,2,222503.36321395962,0.5605,2.246435,0.11596330207262433
4,2,222508.36321474193,0.5605,2.2474277,0.11674158848781714
4,2,222513.36321552424,0.5605,2.248363,0.11751987353595093
4,2,222518.36321630655,0.5605,2.2491648,0.11829816056404176
4,2,222523.36321708886,0.5605,2.250253,0.11907644454779555
4,2,222528.36321787117,0.5605,2.251112,0.11985473092106312
4,2,222533.36321865348,0.5605,2.2519522,0.12063301946481728
4,2,222538.3632194358,0.5605,2.2529829,0.12141130575359527
4,2,222543.3632202181,0.5605,2.2539184,0.12218959484495716
4,2,222548.3632210004,0.5605,2.2548919,0.12296788665208216
4,2,222553.36322178273,0.5605,2.2557127,0.12374618124269442
4,2,222558.36322256527,0.5605,2.2566292,0.12452447300152973
4,2,222563.36322334758,0.5605,2.25745,0.12530276340763763
4,2,222568.3632241299,0.5605,2.2584426,0.12608105328186017
4,2,222573.3632249122,0.5605,2.2592638,0.12685934575845131
4,2,222578.3632256945,0.5605,2.2601418,0.12763763754322127
4,2,222583.36322647682,0.5605,2.2609246,0.12841592962459056
4,2,222588.36322725913,0.5605,2.2618408,0.12919422120633386
4,2,222593.36322804145,0.5605,2.2628717,0.12997251358860396
4,2,222598.36322882376,0.5605,2.2637498,0.1307508042591578
4,2,222603.36322960607,0.5605,2.2645135,0.13152909730897344
4,2,222608.36323038838,0.5605,2.2653534,0.13230738812823756
4,2,222613.3632311707,0.5605,2.2662888,0.13308567859879464
4,2,222618.363231953,0.5605,2.2672625,0.13386396966614322
4,2,222623.3632327353,0.5605,2.267988,0.1346422610120806
4,2,222628.36323351762,0.5605,2.268847,0.1354205558979213
4,2,222633.36323429993,0.5605,2.2699351,0.13619884776214425
4,2,222638.36323508224,0.5605,2.2707179,0.13697713878055412
4,2,222643.36323586456,0.5605,2.271424,0.1377554293390479
4,2,222648.36323664687,0.5605,2.2723978,0.13853371848869983
4,2,222653.36323742918,0.5605,2.2731614,0.13931200548703468
4,2,222658.3632382115,0.5605,2.2740014,0.14009029650224575
4,2,222663.3632389938,0.5605,2.2749367,0.140868588339236
4,2,222668.3632397761,0.5605,2.2757769,0.1416468833247489
4,2,222673.36324055842,0.5605,2.2765594,0.14242517759488685
4,2,222678.36324134073,0.5605,2.2775903,0.1432034741616646
4,2,222683.36324212304,0.5605,2.2784302,0.14398177231685647
4,2,222688.36324290535,0.5605,2.2791748,0.14476006718296802
4,2,222693.36324368767,0.5605,2.2799957,0.14553836053315794
4,2,222698.36324446998,0.5605,2.2809694,0.14631665399601057
4,2,222703.3632452523,0.5605,2.2817903,0.14709494771973286
4,2,222708.3632460346,0.5605,2.2826302,0.1478732396641075
4,2,222713.3632468169,0.5605,2.2834702,0.14865153156983185
4,2,222718.36324759922,0.5605,2.2843864,0.14942982293502485
4,2,222723.36324838153,0.5605,2.2852647,0.15020811392272176
4,2,222728.36324916384,0.5605,2.28599,0.15098640678643183
4,2,222733.36324994615,0.5605,2.2869828,0.1517647014783521
4,2,222738.36325072846,0.5605,2.2878227,0.15254299720176057
4,2,222743.36325151077,0.5605,2.2886436,0.15332129206650452
4,2,222748.3632522931,0.5605,2.2896173,0.15409958680376737
4,2,222753.3632530754,0.5605,2.2904954,0.15487788101294964
4,2,222758.3632538577,0.5605,2.2912972,0.15565617495200035
4,2,222763.36325464002,0.5605,2.292118,0.15643446589772897
4,2,222768.36325542233,0.5605,2.292977,0.15721275986412828
4,2,222773.36325620464,0.5605,2.2937598,0.1579910556899574
4,2,222778.36325698695,0.5605,2.294657,0.1587693503092461
4,2,222783.36325776926,0.5605,2.2956688,0.15954764537539745
4,2,222788.36325855157,0.5605,2.2964134,0.16032593895228703
4,2,222793.36325933388,0.5605,2.2971961,0.1611042333355877
4,2,222798.3632601162,0.5605,2.2980742,0.161882528497484
4,2,222803.3632608985,0.5605,2.2989142,0.16266082610614102
4,2,222808.36326168082,0.5605,2.299716,0.16343912059136895
4,2,222813.36326246313,0.5605,2.3006704,0.16421741716569663
4,2,222818.36326324544,0.5605,2.3015678,0.16499571353167297
4,2,222823.36326402775,0.5605,2.302293,0.16577400889690388
4,2,222828.36326481006,0.5605,2.3032858,0.16655230411782862
4,2,222833.36326559237,0.5605,2.3042023,0.16733060184673137
4,2,222838.36326637468,0.5605,2.3050232,0.16810889852574137
4,2,222843.363267157,0.5605,2.3059776,0.16888719488353202
4,2,222848.3632679393,0.5605,2.3067603,0.16966548818953833
4,2,222853.36326872162,0.5605,2.3076956,0.17044378317627312
4,2,222858.3632695037,0.5605,2.308593,0.17122207783384788
4,2,222863.363270286,0.5605,2.3093183,0.17200037373845115
4,2,222868.36327106832,0.5605,2.310311,0.17277866803088454
4,2,222873.36327185063,0.5605,2.311132,0.1735569601917565
4,2,222878.36327263294,0.5605,2.3119147,0.17433525616809728
4,2,222883.36327341525,0.5605,2.3128884,0.17511355441480878
4,2,222888.36327419756,0.5605,2.3137474,0.175891851415664
4,2,222893.36327497987,0.5605,2.3146827,0.17667014555047622
4,2,222898.36327576218,0.5605,2.3155992,0.17744843765775037
4,2,222903.3632765445,0.5605,2.316649,0.17822673062619904
4,2,222908.3632773268,0.5605,2.3173935,0.17900502477813435
4,2,222913.36327810911,0.5605,2.3182716,0.179783322482278
4,2,222918.36327889143,0.5605,2.319188,0.18056162083852295
4,2,222923.36327967374,0.5605,2.3201616,0.1813399196000464
4,2,222928.36328045605,0.5605,2.32104,0.18211822081094986
4,2,222933.36328123836,0.5605,2.3221471,0.18289651921883562
4,2,222938.36328202067,0.5605,2.3229299,0.1836748180046049
4,2,222943.36328280298,0.5605,2.3238842,0.18445311672203413
4,2,222948.3632835853,0.5605,2.3248007,0.1852314170496928
4,2,222953.3632843676,0.5605,2.3255832,0.18600971806618577
4,2,222958.3632851499,0.5605,2.3266714,0.18678801710511916
4,2,222963.36328593222,0.5605,2.327607,0.18756631866067985
4,2,222968.36328671454,0.5605,2.328466,0.18834462179003497
4,2,222973.36328749685,0.5605,2.3294396,0.1891229257644184
4,2,222978.36328827916,0.5605,2.3302033,0.18990122782460525
4,2,222983.36328906147,0.5605,2.331215,0.19067953298277665
4,2,222988.36328984378,0.5605,2.3322077,0.19145783642308256
4,2,222993.3632906261,0.5605,2.333124,0.19223614362312033
4,2,222998.3632914084,0.5605,2.333983,0.19301445037701734
4,2,223003.3632921907,0.5605,2.3350139,0.19379275713847752
4,2,223008.36329297302,0.5605,2.3360257,0.19457106496873175
4,2,223013.36329375533,0.5605,2.3367321,0.1953493720609083
4,2,223018.36329453764,0.5605,2.3377056,0.19612767730058905
4,2,223023.36329531996,0.5605,2.3387938,0.19690598275805524
4,2,223028.36329610227,0.5605,2.3397675,0.19768428703238908
4,2,223033.36329688458,0.5605,2.3406456,0.19846259093263754
4,2,223038.3632976669,0.5605,2.3416193,0.19924089675161583
4,2,223043.3632984492,0.5605,2.3425355,0.2000192007638846
4,2,223048.3632992315,0.5605,2.3436236,0.20079750308159003
4,2,223053.36330001382,0.5605,2.3445973,0.2015758059453899
4,2,223058.36330079613,0.5605,2.3454945,0.2023541067118116
4,2,223063.36330157844,0.5605,2.3464873,0.2031324081368911
4,2,223068.36330236075,0.5605,2.3475373,0.20391070767663594
4,2,223073.36330314307,0.5605,2.3484535,0.20468901115102908
4,2,223078.36330392538,0.5605,2.3494844,0.2054673126668732
4,2,223083.3633047077,0.5605,2.3505344,0.20624561578920822
4,2,223088.36330549,0.5605,2.351546,0.20702391757306463
4,2,223093.3633062723,0.5605,2.3524816,0.20780222051290015
4,2,223098.36330705462,0.5605,2.3535507,0.20858052390752574
4,2,223103.36330783693,0.5605,2.3545432,0.20935882857755164
4,2,223108.36330861924,0.5605,2.3554215,0.21013713352992144
4,2,223113.36330940155,0.5605,2.356586,0.2109154376269083
4,2,223118.36331018386,0.5605,2.357464,0.21169374377373862
4,2,223123.36331096618,0.5605,2.3585522,0.21247205097283264
4,2,223128.3633117485,0.5605,2.3596976,0.21325035681787802
4,2,223133.3633125308,0.5605,2.360614,0.21402866181788185
4,2,223138.3633133131,0.5605,2.361626,0.21480696651811737
4,2,223143.36331409542,0.5605,2.3625422,0.2155852736194929
4,2,223148.36331487773,0.5605,2.3637257,0.21636357937378026
4,2,223153.36331566004,0.5605,2.3647375,0.2171418834462398
4,2,223158.36331644235,0.5605,2.365921,0.21792018723110362
4,2,223163.36331722466,0.5605,2.3668375,0.21869849234615768
4,2,223168.36331800697,0.5605,2.3679447,0.21947679790115693
4,2,223173.36331878928,0.5605,2.36888,0.22025510108749077
4,2,223178.3633195716,0.5605,2.3700066,0.2210334081835085
4,2,223183.3633203539,0.5605,2.3710182,0.22181171360682783
4,2,223188.36332113622,0.5605,2.3720872,0.2225900156913102
4,2,223193.36332191853,0.5605,2.3731754,0.22336831731401222
4,2,223198.36332270084,0.5605,2.3743017,0.22414661772134573
4,2,223203.36332348315,0.5605,2.3753707,0.22492491967074743
4,2,223208.36332426546,0.5605,2.3763635,0.22570321918619016
4,2,223213.36332504777,0.5605,2.3773754,0.22648151961057722
4,2,223218.36332583008,0.5605,2.378578,0.2272598211507864
4,2,223223.3633266124,0.5605,2.3795707,0.2280381235891217
4,2,223228.3633273947,0.5605,2.3806589,0.22881642545374573
4,2,223233.36332817702,0.5605,2.381747,0.22959473016109408
4,2,223238.36332895933,0.5605,2.382816,0.2303730356170834
4,2,223243.36332974164,0.5605,2.3839614,0.23115133907823768
4,2,223248.36333052395,0.5605,2.3850305,0.23192964273015665
4,2,223253.36333130626,0.5605,2.3859658,0.23270794530158578
4,2,223258.36333208857,0.5605,2.3870733,0.2334862476675213
4,2,223263.36333287088,0.5605,2.3882759,0.2342645508838959
4,2,223268.3633336532,0.5605,2.3893259,0.2350428562067549
4,2,223273.3633344355,0.5605,2.3903568,0.23582116093557418
4,2,223278.36333521781,0.5605,2.391655,0.23659946501896786
4,2,223283.36333600013,0.5605,2.3928385,0.23737776728025747
4,2,223288.36333678244,0.5605,2.3938503,0.23815606695365582
4,2,223293.36333756475,0.5605,2.3947284,0.23893436941806814
4,2,223298.36333834706,0.5605,2.3960266,0.23971267212847214
4,2,223303.36333912937,0.5605,2.3972864,0.2404909735980697
4,2,223308.36333991168,0.5605,2.3983936,0.24126927874819779
4,2,223313.363340694,0.5605,2.3994246,0.24204758410031937
4,2,223318.3633414763,0.5605,2.4006464,0.242825889152868
4,2,223323.3633422586,0.5605,2.4016774,0.24360419273764897
4,2,223328.36334304092,0.5605,2.4028227,0.24438249296989714
4,2,223333.36334382324,0.5605,2.4041781,0.2451607933782075
4,2,223338.36334460555,0.5605,2.405209,0.24593909101145475
4,2,223343.36334538786,0.5605,2.4063544,0.2467173856059446
4,2,223348.36334617017,0.5605,2.407557,0.2474956822678613
4,2,223353.36334695248,0.5605,2.408817,0.24827398187911517
4,2,223358.3633477348,0.5605,2.409848,0.24905227879721265
4,2,223363.3633485171,0.5605,2.4109933,0.24983057921369214
4,2,223368.3633492994,0.5605,2.4121006,0.25060888001908865
4,2,223373.36335008172,0.5605,2.4133797,0.2513871790110933
4,2,223378.36335086403,0.5605,2.4143531,0.25216547889251184
4,2,223383.36335164635,0.5605,2.4156322,0.25294377929026224
4,2,223388.36335242866,0.5605,2.4166822,0.25372207571760486
4,2,223393.36335321097,0.5605,2.4179995,0.2545003699959484
4,2,223398.36335399328,0.5605,2.4190495,0.25527866652555603
4,2,223403.3633547756,0.5605,2.4203284,0.25605696393405736
4,2,223408.3633555579,0.5605,2.4213402,0.2568352618793548
4,2,223413.3633563402,0.5605,2.4226956,0.2576135627917019
4,2,223418.36335712252,0.5605,2.423822,0.2583918645237884
4,2,223423.36335790483,0.5605,2.425101,0.25917016558708755
4,2,223428.36335868714,0.5605,2.4262083,0.25994846539934485
4,2,223433.36335946945,0.5605,2.4274683,0.26072676244400617
4,2,223438.36336025177,0.5605,2.4284227,0.2615050607435373
4,2,223443.36336103408,0.5605,2.4296637,0.2622833592965604
4,2,223448.3633618164,0.5605,2.4309237,0.2630616559485463
4,2,223453.36336259823,0.5605,2.4320881,0.2638399504950147
4,2,223458.36336338054,0.5605,2.4331381,0.26461824652005245
4,2,223463.36336416285,0.5605,2.4345508,0.2653965455192759
4,2,223468.36336494517,0.5605,2.4355435,0.26617484127343705
4,2,223473.36336572748,0.5605,2.4367652,0.26695313931630066
4,2,223478.3633665098,0.5605,2.4381206,0.2677314381373029
4,2,223483.3633672921,0.5605,2.4391325,0.26850973626822244
4,2,223488.3633680744,0.5605,2.440354,0.26928803477598573
4,2,223493.36336885672,0.5605,2.4413278,0.27006633182105105
4,2,223498.36336963903,0.5605,2.4426641,0.27084462977201756
4,2,223503.36337042134,0.5605,2.4438095,0.2716229250960915
4,2,223508.36337120365,0.5605,2.444726,0.2724012212021287
4,2,223513.36337198596,0.5605,2.446062,0.27317951815005165
4,2,223518.36337276828,0.5605,2.447284,0.2739578166114657
4,2,223523.3633735506,0.5605,2.4484103,0.2747361159897283
4,2,223528.3633743329,0.5605,2.4496512,0.27551441517449105
4,2,223533.3633751152,0.5605,2.4506247,0.27629271541959066
4,2,223538.36337589752,0.5605,2.451923,0.2770710158034366
4,2,223543.36337667983,0.5605,2.4531064,0.27784931446862904
4,2,223548.36337746214,0.5605,2.4540992,0.2786276143794426
4,2,223553.36337824445,0.5605,2.4554355,0.27940591275231724
4,2,223558.36337902676,0.5605,2.4565046,0.2801842119337256
4,2,223563.36337980907,0.5605,2.4575164,0.2809625114970176
4,2,223568.36338059139,0.5605,2.4589481,0.2817408103458817
4,2,223573.3633813737,0.5605,2.4598837,0.2825191107617387
4,2,223578.363382156,0.5605,2.4611626,0.2832974085060062
4,2,223583.36338293832,0.5605,2.4622698,0.2840757068329952
4,2,223588.36338372063,0.5605,2.4635108,0.2848540039049356
4,2,223593.36338450294,0.5605,2.4646943,0.2856323002912338
4,2,223598.36338528525,0.5605,2.4657443,0.2864105940254134
4,2,223603.36338606756,0.5605,2.466928,0.28718888645954616
4,2,223608.36338684987,0.5605,2.4678824,0.28796718153208845
4,2,223613.36338763218,0.5605,2.4690087,0.28874547496819514
4,2,223618.3633884145,0.5605,2.470154,0.2895237655491201
4,2,223623.3633891968,0.5605,2.4712996,0.2903020594446462
4,2,223628.36338997912,0.5605,2.4723687,0.2910803555220533
4,2,223633.36339076143,0.5605,2.4736476,0.29185864839003833
4,2,223638.36339154374,0.5605,2.474564,0.29263694201925416
4,2,223643.36339232605,0.5605,2.4757857,0.29341523602392294
4,2,223648.36339310836,0.5605,2.4767976,0.2941935300714243
4,2,223653.36339389067,0.5605,2.477733,0.29497182362253155
4,2,223658.36339467298,0.5605,2.4789548,0.2957501168484491
4,2,223663.3633954553,0.5605,2.4800048,0.2965284108578366
4,2,223668.3633962376,0.5605,2.4809976,0.2973067062230543
4,2,223673.36339701992,0.5605,2.4820664,0.29808500228225543
4,2,223678.36339780223,0.5605,2.4831355,0.29886330045459686
4,2,223683.36339858454,0.5605,2.4842236,0.29964160343838087
4,2,223688.36339936685,0.5605,2.4851973,0.30041990367826504
4,2,223693.36340014916,0.5605,2.48619,0.3011982024440138
4,2,223698.36340093147,0.5605,2.4873354,0.3019764999812512
4,2,223703.36340171378,0.5605,2.4883664,0.30275479681423323
4,2,223708.3634024961,0.5605,2.4892063,0.3035330928503409
4,2,223713.3634032784,0.5605,2.4901035,0.3043113917030661
4,2,223718.3634040607,0.5605,2.4911726,0.3050896886260346
4,2,223723.36340484302,0.5605,2.4921653,0.30586798432581314
4,2,223728.36340562534,0.5605,2.49291,0.30664627817156603
4,2,223733.36340640765,0.5605,2.4941125,0.307424570861161
4,2,223738.36340718996,0.5605,2.4947233,0.30820286353430176
4,2,223743.36340797227,0.5605,2.4958115,0.3089811571230096
4,2,223748.36340875458,0.5605,2.4966705,0.3097594520595043
4,2,223753.3634095369,0.5605,2.4977014,0.3105377479193113
4,2,223758.3634103192,0.5605,2.4985414,0.31131604267683316
4,2,223763.3634111015,0.5605,2.4993622,0.3120943351510302
4,2,223768.36341188382,0.5605,2.5003932,0.3128726280367973
4,2,223773.36341266613,0.5605,2.5012903,0.31365092075522766
4,2,223778.36341344845,0.5605,2.5019777,0.3144292127100596
4,2,223783.36341423076,0.5605,2.5030086,0.3152075023507478
4,2,223788.36341501307,0.5605,2.5039058,0.3159857923840684
4,2,223793.36341579538,0.5605,2.5046885,0.31676408470171713
4,2,223798.3634165777,0.5605,2.5054522,0.3175423756960037
4,2,223803.36341736,0.5605,2.5064065,0.31832066570086637
4,2,223808.3634181423,0.5605,2.5072083,0.3190989553247792
4,2,223813.36341892462,0.5605,2.5079148,0.3198772457480996
4,2,223818.36341970693,0.5605,2.5086975,0.3206555328828397
4,2,223823.36342048924,0.5605,2.5095375,0.3214338194427857
4,2,223828.36342127156,0.5605,2.5101674,0.32221210790556365
4,2,223833.36342205387,0.5605,2.5112364,0.32299039962564935
4,2,223838.36342283618,0.5605,2.5118282,0.32376869295558697
4,2,223843.3634236185,0.5605,2.512611,0.32454698641560836
4,2,223848.3634244008,0.5605,2.5134892,0.3253252780737052
4,2,223853.3634251831,0.5605,2.5142336,0.32610357006982
4,2,223858.36342596542,0.5605,2.5150354,0.326881861032271
4,2,223863.36342674773,0.5605,2.5157037,0.3276601542785535
4,2,223868.36342753004,0.5605,2.5165055,0.3284384463027023
4,2,223873.36342831235,0.5605,2.5172307,0.32921673872581153
4,2,223878.36342909466,0.5605,2.5179753,0.3299950336447328
4,2,223883.36342987698,0.5605,2.5186818,0.33077332637331586
4,2,223888.3634306593,0.5605,2.5193307,0.3315516198907101
4,2,223893.3634314416,0.5605,2.520228,0.33232991247132787
4,2,223898.3634322239,0.5605,2.52082,0.33310820086415643
4,2,223903.36343300622,0.5605,2.521488,0.33388649165526396
4,2,223908.36343378853,0.5605,2.5219843,0.33466478115514287
4,2,223913.36343457084,0.5605,2.5227861,0.33544307043590843
4,2,223918.36343535315,0.5605,2.5234542,0.3362213565857513
4,2,223923.36343613546,0.5605,2.5241797,0.33699964352256756
4,2,223928.36343691777,0.5605,2.5249243,0.3377779316919648
4,2,223933.36343770009,0.5605,2.5254016,0.33855622189104256
4,2,223938.3634384824,0.5605,2.5262032,0.33933451322751274
4,2,223943.3634392647,0.5605,2.5268142,0.3401128064824644
4,2,223948.36344004702,0.5605,2.5273488,0.34089109866608214
4,2,223953.36344082933,0.5605,2.5281315,0.3416693907645348
4,2,223958.36344161164,0.5605,2.5285895,0.342447684640547
4,2,223963.36344239395,0.5605,2.5292768,0.3432259792375965
4,2,223968.36344317626,0.5605,2.5299067,0.3440042724506229
4,2,223973.36344395857,0.5605,2.5307086,0.3447825686878797
4,2,223978.36344474088,0.5605,2.531224,0.3455608646080762
4,2,223983.3634455232,0.5605,2.5317776,0.3463391613438894
4,2,223988.3634463055,0.5605,2.5324075,0.3471174559094313
4,2,223993.36344708782,0.5605,2.5330377,0.34789575224366154
4,2,223998.36344787013,0.5605,2.5334194,0.3486740470069021
4,2,224003.36344865244,0.5605,2.5341067,0.34945234168099726
4,2,224008.36344943475,0.5605,2.5347176,0.35023063900446594
4,2,224013.36345021706,0.5605,2.5351374,0.35100892895344593
4,2,224018.36345099937,0.5605,2.5357866,0.3517872181080715
4,2,224023.36345178168,0.5605,2.536302,0.3525655096024278
4,2,224028.363452564,0.5605,2.5367985,0.3533438032071229
4,2,224033.3634533463,0.5605,2.5374284,0.3541220953325334
4,2,224038.36345412862,0.5605,2.5380964,0.35490038816657693
4,2,224043.36345491093,0.5605,2.5387838,0.35567867782180207
4,2,224048.36345569324,0.5605,2.5391273,0.3564569718547466
4,2,224053.36345647555,0.5605,2.539719,0.35723526449575055
4,2,224058.36345725786,0.5605,2.5401773,0.3580135565446353
4,2,224063.36345804017,0.5605,2.5408072,0.358791849127932
4,2,224068.36345882248,0.5605,2.5413227,0.3595701393804586
4,2,224073.3634596048,0.5605,2.5419528,0.3603484276550581
4,2,224078.3634603871,0.5605,2.5423918,0.3611267146552771
4,2,224083.3634611694,0.5605,2.543041,0.36190499837778706
4,2,224088.36346195173,0.5605,2.54348,0.36268328426673047
4,2,224093.36346273404,0.5605,2.5439,0.3634615731353101
4,2,224098.36346351635,0.5605,2.5444727,0.3642398636331032
4,2,224103.36346429866,0.5605,2.5451598,0.3650181529762351
4,2,224108.36346508097,0.5605,2.5453699,0.3657964445659621
4,2,224113.36346586328,0.5605,2.5461144,0.3665747348721693
4,2,224118.3634666456,0.5605,2.546668,0.3673530242518124
4,2,224123.3634674279,0.5605,2.5470498,0.36813131394421095
4,2,224128.3634682102,0.5605,2.5475461,0.3689096014855077
4,2,224133.36346899252,0.5605,2.5482335,0.36968788802822466
4,2,224138.36346977483,0.5605,2.54873,0.3704661777758569
4,2,224143.36347055715,0.5605,2.549207,0.3712444686844452
4,2,224148.36347133946,0.5605,2.5497034,0.3720227606665993
4,2,224153.36347212177,0.5605,2.5501807,0.37280105558117604
4,2,224158.36347290408,0.5605,2.550677,0.37357934673189164
4,2,224163.3634736864,0.5605,2.5510588,0.3743576387448646
4,2,224168.3634744687,0.5605,2.5516698,0.37513593195229145
4,2,224173.363475251,0.5605,2.5520515,0.3759142256743912
4,2,224178.36347603332,0.5605,2.552586,0.37669251832731276
4,2,224183.36347681563,0.5605,2.5529869,0.37747081100960284
4,2,224188.36347759794,0.5605,2.553598,0.378249101740417
4,2,224193.36347838026,0.5605,2.554075,0.3790273946182335
4,2,224198.36347916257,0.5605,2.554476,0.3798056889958585
4,2,224203.36347994488,0.5605,2.5549915,0.38058398468234517
4,2,224208.3634807272,0.5605,2.5554495,0.3813622810883129
4,2,224213.3634815095,0.5605,2.5559077,0.38214057656354083
4,2,224218.3634822918,0.5605,2.5564232,0.3829188704811471
4,2,224223.36348307412,0.5605,2.5568051,0.38369716563676504
4,2,224228.36348385643,0.5605,2.557416,0.38447546045635184
4,2,224233.36348463874,0.5605,2.5578358,0.38525375451867155
4,2,224238.36348542105,0.5605,2.5584085,0.3860320442735656
4,2,224243.36348620337,0.5605,2.5588286,0.38681033630184036
4,2,224248.36348698568,0.5605,2.5592294,0.38758862783100906
4,2,224253.363487768,0.5605,2.5598786,0.38836692084719443
4,2,224258.3634885503,0.5605,2.5602412,0.38914521559852727
4,2,224263.3634893326,0.5605,2.5605848,0.3899235114935541
4,2,224268.36349011492,0.5605,2.5609477,0.39070180824859313
4,2,224273.36349089723,0.5605,2.5616348,0.39148010327215366
4,2,224278.36349167954,0.5605,2.5620358,0.39225839653810235
4,2,224283.36349246185,0.5605,2.5624557,0.3930366886056765
4,2,224288.36349324416,0.5605,2.5628948,0.3938149798194472
4,2,224293.36349402647,0.5605,2.5634103,0.39459327071654837
4,2,224298.3634948088,0.5605,2.5638876,0.39537156059199613
4,2,224303.3634955911,0.5605,2.5644221,0.39614985151649557
4,2,224308.3634963734,0.5605,2.564651,0.3969281417091824
4,2,224313.36349715572,0.5605,2.5653765,0.3977064286603435
4,2,224318.36349793803,0.5605,2.565682,0.39848471799163726
4,2,224323.36349872034,0.5605,2.565911,0.3992630051553717
4,2,224328.36349950265,0.5605,2.566522,0.4000412923194505
4,2,224333.36350028496,0.5605,2.5669801,0.4008195778388551
4,2,224338.36350106727,0.5605,2.5674002,0.40159786325169644
4,2,224343.36350184958,0.5605,2.567992,0.4023761483315333
4,2,224348.3635026319,0.5605,2.5685074,0.40315443480901625
4,2,224353.3635034142,0.5605,2.5688891,0.40393272001591035
4,2,224358.36350419652,0.5605,2.5693855,0.4047110091269451
4,2,224363.36350497883,0.5605,2.5698056,0.4054893001922539
4,2,224368.36350576114,0.5605,2.5703783,0.40626759196674866
4,2,224373.36350654345,0.5605,2.570588,0.4070458842209416
4,2,224378.36350732576,0.5605,2.5711036,0.4078241779144973
4,2,224383.36350810807,0.5605,2.5716,0.40860247364924723
4,2,224388.36350889038,0.5605,2.5719244,0.4093807701967561
4,2,224393.3635096727,0.5605,2.5723827,0.41015906595434787
4,2,224398.363510455,0.5605,2.5728028,0.410937360312194
4,2,224403.36351123732,0.5605,2.5732799,0.4117156525965039
4,2,224408.36351201963,0.5605,2.5736427,0.41249394560613606
4,2,224413.36351280194,0.5605,2.5742345,0.4132722406391572
4,2,224418.36351358425,0.5605,2.574578,0.41405053543770687
4,2,224423.36351436656,0.5605,2.5750935,0.4148288327483539
4,2,224428.36351514887,0.5605,2.575418,0.4156071285307445
4,2,224433.36351593118,0.5605,2.5758572,0.41638542253963196
4,2,224438.3635167135,0.5605,2.5761435,0.4171637159232038
4,2,224443.3635174958,0.5605,2.576659,0.41794200763104733
4,2,224448.3635182781,0.5605,2.5770788,0.41872029849769055
4,2,224453.36351906043,0.5605,2.577709,0.41949859159391173
4,2,224458.36351984274,0.5605,2.5780716,0.4202768863373768
4,2,224463.36352062505,0.5605,2.578549,0.42105518186188123
4,2,224468.36352140736,0.5605,2.5788352,0.42183347503445595
4,2,224473.36352218967,0.5605,2.5793889,0.42261176914997284
4,2,224478.36352297198,0.5605,2.5797324,0.4233900619188122
4,2,224483.3635237543,0.5605,2.5802479,0.4241683523589013
4,2,224488.3635245366,0.5605,2.580668,0.4249466378464306
4,2,224493.3635253189,0.5605,2.5810115,0.4257249228102404
4,2,224498.36352610122,0.5605,2.581527,0.4265032114434611
4,2,224503.36352688354,0.5605,2.5818515,0.42728150016223104
4,2,224508.36352766585,0.5605,2.582558,0.4280597876689306
4,2,224513.36352844816,0.5605,2.583016,0.4288380731963089
4,2,224518.36352923047,0.5605,2.5833023,0.4296163584546418
4,2,224523.36353001278,0.5605,2.5837605,0.4303946435371708
4,2,224528.3635307951,0.5605,2.584066,0.4311729281037586
4,2,224533.3635315774,0.5605,2.5845814,0.4319512103757233
4,2,224538.3635323597,0.5605,2.5848868,0.4327294923402903
4,2,224543.36353314202,0.5605,2.5854213,0.43350777177596794
4,2,224548.36353392433,0.5605,2.5859177,0.43428605329300335
4,2,224553.36353470664,0.5605,2.5862231,0.43506433719422455
4,2,224558.36353548896,0.5605,2.586605,0.43584262061110507
4,2,224563.36353627127,0.5605,2.587254,0.4366209050172306
4,2,224568.36353705358,0.5605,2.5873876,0.43739919340941347
4,2,224573.3635378359,0.5605,2.588094,0.4381774824593501
4,2,224578.3635386182,0.5605,2.5884376,0.4389557712056309
4,2,224583.3635394005,0.5605,2.5888767,0.43973406416753963
4,2,224588.36354018282,0.5605,2.5893922,0.4405123539852106
4,2,224593.36354096513,0.5605,2.589812,0.44129064375746946
4,2,224598.36354174744,0.5605,2.5900793,0.44206893226016925
4,2,224603.36354252975,0.5605,2.5905757,0.44284722204772664
4,2,224608.36354331207,0.5605,2.5909958,0.443625511098362
4,2,224613.36354409438,0.5605,2.5915685,0.4444037978133463
4,2,224618.3635448767,0.5605,2.591874,0.4451820869276858
4,2,224623.363545659,0.5605,2.592313,0.44596037514237263
4,2,224628.3635464413,0.5605,2.5927138,0.44673866474895707
4,2,224633.36354722362,0.5605,2.593172,0.4475169514840745
4,2,224638.36354800593,0.5605,2.5936494,0.44829523736668986
4,2,224643.36354878824,0.5605,2.5939167,0.4490735218909617
4,2,224648.36354957055,0.5605,2.5945275,0.4498518060661325
4,2,224653.36355035286,0.5605,2.5949092,0.4506300857742398
4,2,224658.36355113517,0.5605,2.5953102,0.4514083664090139
4,2,224663.3635519175,0.5605,2.595711,0.45218665014962045
4,2,224668.3635526998,0.5605,2.596093,0.45296493630651324
4,2,224673.3635534821,0.5605,2.5966656,0.4537432271890146
4,2,224678.36355426442,0.5605,2.5970664,0.4545215149731539
4,2,224683.36355504673,0.5605,2.59741,0.4552998036489986
4,2,224688.36355582904,0.5605,2.5977538,0.4560780909303926
4,2,224693.36355661135,0.5605,2.5982502,0.45685637691244174
4,2,224698.36355739366,0.5605,2.598689,0.457634662297557
4,2,224703.36355817597,0.5605,2.5991664,0.4584129453582402
4,2,224708.36355895828,0.5605,2.5996056,0.45919122971206927
4,2,224713.3635597406,0.5605,2.6000636,0.45996951267708364
4,2,224718.3635605229,0.5605,2.600369,0.4607477968252668
4,2,224723.36356130522,0.5605,2.600999,0.46152608055119737
4,2,224728.36356208753,0.5605,2.6012664,0.46230436521474877
4,2,224733.36356286937,0.5605,2.601629,0.4630826541240549
4,2,224738.36356365168,0.5605,2.6023355,0.46386094519594673
4,2,224743.363564434,0.5605,2.602679,0.46463923412249847
4,2,224748.3635652163,0.5605,2.6029844,0.46541752361675465
4,2,224753.36356599862,0.5605,2.6033661,0.46619581014865
4,2,224758.36356678093,0.5605,2.6038435,0.46697409440757526
4,2,224763.36356756324,0.5605,2.6044543,0.4677523774158229
4,2,224768.36356834555,0.5605,2.6047409,0.46853066011202693
4,2,224773.36356912786,0.5605,2.6050653,0.46930894655054173
4,2,224778.36356991017,0.5605,2.6057715,0.4700872350628677
4,2,224783.36357069248,0.5605,2.6061153,0.4708655212484336
4,2,224788.3635714748,0.5605,2.6065352,0.47164380596070515
4,2,224793.3635722571,0.5605,2.6068025,0.4724220923432479
4,2,224798.36357303942,0.5605,2.6074708,0.4732003776971105
4,2,224803.36357382173,0.5605,2.6078906,0.47397866408147116
4,2,224808.36357460404,0.5605,2.608215,0.4747569514189068
4,2,224813.36357538635,0.5605,2.6086733,0.4755352392922842
4,2,224818.36357616866,0.5605,2.6091316,0.47631353080143896
4,2,224823.36357695097,0.5605,2.6095324,0.47709182076383
4,2,224828.36357773328,0.5605,2.6100478,0.47787010752657416
4,2,224833.3635785156,0.5605,2.6103914,0.4786483958286745
4,2,224838.3635792979,0.5605,2.6108115,0.4794266851932575
4,2,224843.36358008021,0.5605,2.6111932,0.48020497695605985
4,2,224848.36358086253,0.5605,2.6117468,0.4809832673331072
4,2,224853.36358164484,0.5605,2.6121097,0.481761557850487
4,2,224858.36358242715,0.5605,2.6125677,0.48253984678041634
4,2,224863.36358320946,0.5605,2.6129305,0.4833181350902189
4,2,224868.36358399177,0.5605,2.6133695,0.4840964206200245
4,2,224873.36358477408,0.5605,2.6140187,0.48487470401563276
4,2,224878.3635855564,0.5605,2.614477,0.48565299242865073
4,2,224883.3635863387,0.5605,2.6148205,0.4864312776525454
4,2,224888.363587121,0.5605,2.6153169,0.4872095623183121
4,2,224893.36358790332,0.5605,2.6158705,0.4879878472247723
4,2,224898.36358868564,0.5605,2.616233,0.4887661314479977
4,2,224903.36358946795,0.5605,2.6165957,0.48954441573087076
4,2,224908.36359025026,0.5605,2.6169586,0.4903227030332522
4,2,224913.36359103257,0.5605,2.6174357,0.49110099032260673
4,2,224918.36359181488,0.5605,2.617894,0.4918792757016887
4,2,224923.3635925972,0.5605,2.6183903,0.4926575598675976
4,2,224928.3635933795,0.5605,2.6188104,0.49343584411192304
4,2,224933.3635941618,0.5605,2.619383,0.4942141302679449
4,2,224938.36359494412,0.5605,2.6196313,0.49499241402148236
4,2,224943.36359572643,0.5605,2.6203375,0.4957707018400467
4,2,224948.36359650875,0.5605,2.6207385,0.4965489874491065
4,2,224953.36359729106,0.5605,2.6211584,0.4973272750686708
4,2,224958.36359807337,0.5605,2.6214638,0.49810556059725114
4,2,224963.36359885568,0.5605,2.6220174,0.49888384779108924
4,2,224968.363599638,0.5605,2.6224947,0.4996621360039449
4,2,224973.3636004203,0.5605,2.622953,0.5004404232774016
4,2,224978.3636012026,0.5605,2.6234875,0.5012187077424529
4,2,224983.36360198492,0.5605,2.6240792,0.5019969976594881
4,2,224988.36360276723,0.5605,2.6244993,0.5027752891534835
4,2,224993.36360354954,0.5605,2.624881,0.5035535821664799
4,2,224998.36360433185,0.5605,2.6253202,0.5043318722508717
4,2,225003.36360511417,0.5605,2.6258929,0.5051101636489003
4,2,225008.36360589648,0.5605,2.6262555,0.5058884555673734
4,2,225013.3636066788,0.5605,2.6266756,0.5066667448187903
4,2,225018.3636074611,0.5605,2.6271527,0.5074450380821792
4,2,225023.3636082434,0.5605,2.627649,0.5082233305726251
4,2,225028.36360902572,0.5605,2.6281836,0.5090016182911132
4,2,225033.36360980803,0.5605,2.6287754,0.5097799065567025
4,2,225038.36361059034,0.5605,2.6291192,0.5105581957110963
4,2,225043.36361137265,0.5605,2.629558,0.5113364863690935
4,2,225048.36361215496,0.5605,2.6300735,0.5121147758176428
4,2,225053.36361293728,0.5605,2.630417,0.512893065280729
4,2,225058.3636137196,0.5605,2.6309135,0.5136713549437723
4,2,225063.3636145019,0.5605,2.6315053,0.5144496455197071
4,2,225068.3636152842,0.5605,2.6319635,0.5152279369056723
4,2,225073.36361606652,0.5605,2.6324217,0.5160062293781341
4,2,225078.36361684883,0.5605,2.6329563,0.5167845208248961
4,2,225083.36361763114,0.5605,2.633357,0.5175628069478309
4,2,225088.36361841345,0.5605,2.6339107,0.518341097515411
4,2,225093.36361919576,0.5605,2.634426,0.5191193869459034
4,2,225098.36361997807,0.5605,2.6349797,0.5198976784222823
4,2,225103.36362076038,0.5605,2.6353426,0.5206759684699874
4,2,225108.3636215427,0.5605,2.6358771,0.5214542575708795
4,2,225113.363622325,0.5605,2.636507,0.5222325470162135
4,2,225118.36362310732,0.5605,2.636927,0.5230108369591039
4,2,225123.36362388963,0.5605,2.6374614,0.5237891275175083
4,2,225128.36362467194,0.5605,2.6379387,0.5245674183613395
4,2,225133.36362545425,0.5605,2.638378,0.5253457100689743
4,2,225138.36362623656,0.5605,2.6389506,0.5261239990546606
4,2,225143.36362701887,0.5605,2.639466,0.5269022843097152
4,2,225148.36362780118,0.5605,2.6398478,0.5276805695589021
4,2,225153.3636285835,0.5605,2.6405923,0.5284588573234017
4,2,225158.3636293658,0.5605,2.640974,0.5292371458970707
4,2,225163.36363014812,0.5605,2.6415277,0.530015435522083
4,2,225168.36363093043,0.5605,2.6419287,0.530793723993742
4,2,225173.36363171274,0.5605,2.6424823,0.531572012812469
4,2,225178.36363249505,0.5605,2.6428258,0.5323503028521508
4,2,225183.36363327736,0.5605,2.6433413,0.5331285923722026
4,2,225188.36363405967,0.5605,2.6437995,0.5339068841406541
4,2,225193.36363484198,0.5605,2.6442578,0.5346851784416573
4,2,225198.3636356243,0.5605,2.644773,0.5354634700675643
4,2,225203.3636364066,0.5605,2.645346,0.5362417606841826
4,2,225208.36363718892,0.5605,2.645842,0.5370200541809073
4,2,225213.36363797123,0.5605,2.6463957,0.5377983536372718
4,2,225218.36363875354,0.5605,2.6469686,0.5385766537344856
4,2,225223.36363953585,0.5605,2.6473694,0.5393549547864566
4,2,225228.36364031816,0.5605,2.6480374,0.5401332570266759
4,2,225233.36364110047,0.5605,2.648572,0.5409115559650464
4,2,225238.36364188278,0.5605,2.648954,0.5416898543741309
4,2,225243.3636426651,0.5605,2.649603,0.5424681525596946
4,2,225248.3636434474,0.5605,2.6501184,0.5432464514252447
4,2,225253.3636442297,0.5605,2.6505384,0.5440247524540129
4,2,225258.36364501202,0.5605,2.6511302,0.5448030540824933
4,2,225263.36364579434,0.5605,2.6514928,0.5455813561773436
4,2,225268.36364657665,0.5605,2.652123,0.5463596576230463
4,2,225273.36364735896,0.5605,2.652772,0.5471379547228452
4,2,225278.36364814127,0.5605,2.652982,0.5479162493853043
4,2,225283.36364892358,0.5605,2.65365,0.5486945459439658
4,2,225288.3636497059,0.5605,2.6542609,0.5494728405876229
4,2,225293.3636504882,0.5605,2.654891,0.5502511382423377
4,2,225298.3636512705,0.5605,2.6554637,0.5510294360684755
4,2,225303.36365205282,0.5605,2.65596,0.5518077320379121
4,2,225308.36365283513,0.5605,2.656418,0.5525860281435618
4,2,225313.36365361745,0.5605,2.65701,0.5533643254241152
4,2,225318.36365439976,0.5605,2.657468,0.5541426223544813
4,2,225323.36365518207,0.5605,2.6579072,0.5549209161291788
4,2,225328.36365596438,0.5605,2.658671,0.5556992127933836
4,2,225333.3636567467,0.5605,2.6592245,0.5564775117063326
4,2,225338.363657529,0.5605,2.6598735,0.557255808040394
4,2,225343.3636583113,0.5605,2.660198,0.5580341053478323
4,2,225348.36365909362,0.5605,2.660828,0.5588124015156464
4,2,225353.36365987593,0.5605,2.6614962,0.5595906974651882
4,2,225358.36366065824,0.5605,2.662088,0.5603689914824832
4,2,225363.36366144056,0.5605,2.6625652,0.5611472859319252
4,2,225368.36366222287,0.5605,2.6630998,0.5619255775772136
4,2,225373.36366300518,0.5605,2.663539,0.5627038714831573
4,2,225378.3636637875,0.5605,2.664188,0.5634821624457473
4,2,225383.3636645698,0.5605,2.6647034,0.5642604542334777
4,2,225388.3636653521,0.5605,2.665085,0.5650387450627289
4,2,225393.36366613442,0.5605,2.6660016,0.5658170351336501
4,2,225398.36366691673,0.5605,2.666498,0.5665953282662897
4,2,225403.36366769904,0.5605,2.666975,0.567373619326979
4,2,225408.36366848135,0.5605,2.6677196,0.5681519117755196
4,2,225413.36366926366,0.5605,2.6683304,0.5689302049369913
4,2,225418.36367004598,0.5605,2.668865,0.56970849988795
4,2,225423.3636708283,0.5605,2.669438,0.5704867955781487
4,2,225428.3636716106,0.5605,2.6700106,0.5712650950746074
4,2,225433.3636723929,0.5605,2.6706023,0.5720433949319622
4,2,225438.36367317522,0.5605,2.671175,0.5728216907990443
4,2,225443.36367395753,0.5605,2.6716332,0.5735999839536979
4,2,225448.36367473984,0.5605,2.672244,0.5743782784904905
4,2,225453.36367552215,0.5605,2.6728168,0.5751565739492676
4,2,225458.36367630446,0.5605,2.6734657,0.5759348712400928
4,2,225463.36367708677,0.5605,2.6740193,0.5767131693986821
4,2,225468.36367786909,0.5605,2.6746113,0.5774914691932667
4,2,225473.3636786514,0.5605,2.6753557,0.5782697677037453
4,2,225478.3636794337,0.5605,2.6759284,0.5790480639709005
4,2,225483.36368021602,0.5605,2.6764822,0.5798263596698711
4,2,225488.36368099833,0.5605,2.6771312,0.5806046546823385
4,2,225493.36368178064,0.5605,2.6776657,0.5813829515998167
4,2,225498.36368256295,0.5605,2.6783147,0.5821612447096641
4,2,225503.36368334526,0.5605,2.6788492,0.5829395407043996
4,2,225508.36368412757,0.5605,2.679441,0.5837178374676475
4,2,225513.36368490988,0.5605,2.6801093,0.5844961366588708
4,2,225518.3636856922,0.5605,2.6807582,0.5852744356501536
4,2,225523.3636864745,0.5605,2.6814456,0.5860527336533767
4,2,225528.36368725682,0.5605,2.681923,0.5868310352911389
4,2,225533.36368803913,0.5605,2.68261,0.5876093348131248
4,2,225538.36368882144,0.5605,2.6832018,0.5883876350530587
4,2,225543.36368960375,0.5605,2.6837554,0.5891659320177736
4,2,225548.36369038606,0.5605,2.6843855,0.5899442295118837
4,2,225553.36369116837,0.5605,2.68513,0.5907225296585893
4,2,225558.36369195068,0.5605,2.6858363,0.5915008276390402
4,2,225563.363692733,0.5605,2.6863136,0.5922791276563607
4,2,225568.3636935153,0.5605,2.686829,0.5930574271946055
4,2,225573.36369429762,0.5605,2.687669,0.5938357273421588
4,2,225578.36369507993,0.5605,2.6881845,0.5946140275301837
4,2,225583.36369586224,0.5605,2.688738,0.5953923271300332
4,2,225588.36369664455,0.5605,2.6894827,0.5961706271615892
4,2,225593.36369742686,0.5605,2.6900935,0.5969489232924384
4,2,225598.36369820917,0.5605,2.6907806,0.5977272185299366
4,2,225603.36369899148,0.5605,2.6913342,0.5985055141740411
4,2,225608.3636997738,0.5605,2.6920788,0.5992838105060527
4,2,225613.3637005561,0.5605,2.6927662,0.6000621061987549
4,2,225618.3637013384,0.5605,2.693377,0.600840403109915
4,2,225623.36370212073,0.5605,2.694045,0.6016186986287868
4,2,225628.36370290304,0.5605,2.6946752,0.6023969953746533
4,2,225633.36370368535,0.5605,2.695305,0.6031752908083798
4,2,225638.36370446766,0.5605,2.6959734,0.6039535847058993
4,2,225643.36370524997,0.5605,2.6965842,0.6047318805342252
4,2,225648.36370603228,0.5605,2.6973479,0.605510174390601
4,2,225653.3637068146,0.5605,2.698035,0.6062884663253527
4,2,225658.3637075969,0.5605,2.6988368,0.6070667602244352
4,2,225663.3637083792,0.5605,2.6993332,0.6078450554783544
4,2,225668.36370916152,0.5605,2.7002113,0.6086233519449301
4,2,225673.36370994383,0.5605,2.700765,0.6094016492697995
4,2,225678.36371072615,0.5605,2.7016814,0.6101799452545213
4,2,225683.36371150846,0.5605,2.7021968,0.6109582418261437
4,2,225688.36371229077,0.5605,2.7027311,0.6117365364527472
4,2,225693.36371307308,0.5605,2.703533,0.6125148316248656
4,2,225698.3637138554,0.5605,2.7042775,0.6132931247104275
4,2,225703.3637146377,0.5605,2.704984,0.6140714199580849
4,2,225708.36371542,0.5605,2.7055185,0.6148497133262854
4,2,225713.36371620232,0.5605,2.7062821,0.6156280050613185
4,2,225718.36371698463,0.5605,2.706931,0.6164062972309788
4,2,225723.36371776694,0.5605,2.7078092,0.6171845899391307
4,2,225728.36371854926,0.5605,2.7083247,0.6179628834022118
4,2,225733.36371933157,0.5605,2.708974,0.6187411742958394
4,2,225738.36372011388,0.5605,2.709833,0.6195194662342437
4,2,225743.3637208962,0.5605,2.7104628,0.6202977588245042
4,2,225748.3637216785,0.5605,2.7111118,0.6210760518346762
4,2,225753.3637224608,0.5605,2.7120283,0.6218543449996844
4,2,225758.36372324312,0.5605,2.7125819,0.6226326398869854
4,2,225763.36372402543,0.5605,2.7131927,0.6234109353538455
4,2,225768.36372480774,0.5605,2.7141283,0.6241892293076119
4,2,225773.36372559005,0.5605,2.7147582,0.624967523356143
4,2,225778.36372637236,0.5605,2.715369,0.6257458214197523
4,2,225783.36372715468,0.5605,2.716209,0.6265241212345031
4,2,225788.363727937,0.5605,2.7169154,0.627302422609379
4,2,225793.3637287193,0.5605,2.7178698,0.6280807208703956
4,2,225798.3637295016,0.5605,2.7184618,0.6288590174071855
4,2,225803.36373028392,0.5605,2.7193398,0.6296373162409564
4,2,225808.36373106623,0.5605,2.7201035,0.6304156160471274
4,2,225813.36373184854,0.5605,2.7209053,0.6311939165403744
4,2,225818.36373263085,0.5605,2.7215924,0.6319722141327659
4,2,225823.36373341316,0.5605,2.7222223,0.6327505133671231
4,2,225828.36373419547,0.5605,2.723005,0.6335288140504725
4,2,225833.3637349778,0.5605,2.7237878,0.634307114417255
4,2,225838.3637357601,0.5605,2.7246468,0.6350854163375762
4,2,225843.3637365424,0.5605,2.7253723,0.6358637175480161
4,2,225848.36373732472,0.5605,2.726155,0.6366420215621491
4,2,225853.36373810703,0.5605,2.7268806,0.6374203226685922
4,2,225858.36373888934,0.5605,2.7276058,0.6381986268723078
4,2,225863.36373967165,0.5605,2.7284267,0.6389769291492436
4,2,225868.36374045396,0.5605,2.7291331,0.6397552330431939
4,2,225873.36374123627,0.5605,2.7298968,0.6405335360480415
4,2,225878.36374201858,0.5605,2.7308702,0.6413118399291602
4,2,225883.3637428009,0.5605,2.7315767,0.6420901468926006
4,2,225888.3637435832,0.5605,2.7323213,0.6428684516250094
4,2,225893.36374436552,0.5605,2.733085,0.6436467594392333
4,2,225898.36374514783,0.5605,2.733963,0.6444250645099912
4,2,225903.36374593014,0.5605,2.7346692,0.6452033679179185
4,2,225908.36374671245,0.5605,2.7353566,0.6459816677708892
4,2,225913.36374749476,0.5605,2.7362537,0.6467599693253108
4,2,225918.36374827707,0.5605,2.7371511,0.6475382717974882
4,2,225923.36374905938,0.5605,2.7378573,0.6483165729932256
4,2,225928.3637498417,0.5605,2.73843,0.6490948741768666
4,2,225933.363750624,0.5605,2.7393847,0.6498731789587672
4,2,225938.36375140632,0.5605,2.7402246,0.6506514834890201
4,2,225943.36375218863,0.5605,2.7410455,0.6514297868076399
4,2,225948.36375297094,0.5605,2.7418473,0.6522080915181737
4,2,225953.36375375325,0.5605,2.7426682,0.6529863962352476
4,2,225958.36375453556,0.5605,2.743508,0.6537647015033564
4,2,225963.36375531787,0.5605,2.7443862,0.6545430090969736
4,2,225968.36375610018,0.5605,2.7451499,0.6553213175204232
4,2,225973.3637568825,0.5605,2.7459707,0.6560996239508459
4,2,225978.3637576648,0.5605,2.7467535,0.6568779289705523
4,2,225983.3637584471,0.5605,2.7477462,0.657656234311498
4,2,225988.36375922943,0.5605,2.7484906,0.65843453701466
4,2,225993.36376001174,0.5605,2.7493308,0.6592128415330915
4,2,225998.36376079405,0.5605,2.7501898,0.6599911464236347
4,2,226003.36376157636,0.5605,2.750877,0.6607694506209626
4,2,226008.36376235867,0.5605,2.751927,0.6615477522413996
4,2,226013.3637631405,0.5605,2.752576,0.6623260522694853
4,2,226018.36376392283,0.5605,2.7535686,0.6631043504897787
4,2,226023.36376470514,0.5605,2.7544467,0.6638826498941415
4,2,226028.36376548745,0.5605,2.755325,0.6646609485973616
4,2,226033.36376626976,0.5605,2.7560122,0.6654392460363805
4,2,226038.36376705207,0.5605,2.7569287,0.6662175447255438
4,2,226043.36376783438,0.5605,2.7577877,0.6669958465476068
4,2,226048.3637686167,0.5605,2.7586658,0.667774148407075
4,2,226053.363769399,0.5605,2.759544,0.6685524478370546
4,2,226058.3637701813,0.5605,2.7603838,0.6693307465503181
4,2,226063.36377096362,0.5605,2.7613385,0.6701090452822611
4,2,226068.36377174594,0.5605,2.7622547,0.670887348341594
4,2,226073.36377252825,0.5605,2.7632666,0.6716656498114764
4,2,226078.36377331056,0.5605,2.7639155,0.6724439507793916
4,2,226083.36377409287,0.5605,2.7650611,0.6732222548754214
4,2,226088.36377487518,0.5605,2.765863,0.6740005582361088
4,2,226093.3637756575,0.5605,2.766703,0.6747788606656325
4,2,226098.3637764398,0.5605,2.7676382,0.675557163762013
4,2,226103.3637772221,0.5605,2.768421,0.676335465947118
4,2,226108.36377800442,0.5605,2.76949,0.6771137644882433
4,2,226113.36377878673,0.5605,2.7704062,0.6778920624026523
4,2,226118.36377956904,0.5605,2.7712271,0.6786703581829998
4,2,226123.36378035136,0.5605,2.7721627,0.6794486546359294
4,2,226128.36378113367,0.5605,2.7731936,0.6802269501039353
4,2,226133.36378191598,0.5605,2.7742052,0.6810052466586729
4,2,226138.3637826983,0.5605,2.7751217,0.6817835429683857
4,2,226143.3637834806,0.5605,2.7760189,0.682561837986052
4,2,226148.3637842629,0.5605,2.7769353,0.6833401347998082
4,2,226153.36378504522,0.5605,2.7779279,0.6841184333404169
4,2,226158.36378582753,0.5605,2.7790926,0.6848967302800879
4,2,226163.36378660984,0.5605,2.7799706,0.6856750290592444
4,2,226168.36378739215,0.5605,2.7808678,0.6864533250377707
4,2,226173.36378817447,0.5605,2.7819178,0.6872316203420823
4,2,226178.36378895678,0.5605,2.7827768,0.6880099174649581
4,2,226183.3637897391,0.5605,2.7838268,0.688788214022113
4,2,226188.3637905214,0.5605,2.7848387,0.6895665122177168
4,2,226193.3637913037,0.5605,2.785755,0.6903448082262607
4,2,226198.36379208602,0.5605,2.7867668,0.6911231049818427
4,2,226203.36379286833,0.5605,2.7877786,0.6919014021934401
4,2,226208.36379365064,0.5605,2.7889812,0.6926797004191012
4,2,226213.36379443295,0.5605,2.789955,0.6934579984538487
4,2,226218.36379521526,0.5605,2.7908902,0.6942362947816648
4,2,226223.36379599757,0.5605,2.7920165,0.6950145923068787
4,2,226228.3637967799,0.5605,2.792914,0.695792889837808
4,2,226233.3637975622,0.5605,2.794002,0.696571187813368
4,2,226238.3637983445,0.5605,2.7950711,0.6973494880705442
4,2,226243.36379912682,0.5605,2.7960827,0.6981277880054579
4,2,226248.36379990913,0.5605,2.797209,0.6989060888147784
4,2,226253.36380069144,0.5605,2.7983546,0.699684390910546
4,2,226258.36380147375,0.5605,2.7993662,0.7004626988463667
4,2,226263.36380225606,0.5605,2.8002827,0.701241007368558
4,2,226268.36380303837,0.5605,2.801428,0.7020193155389031
4,2,226273.36380382068,0.5605,2.8026307,0.7027976223454078
4,2,226278.363804603,0.5605,2.803528,0.7035759284263617
4,2,226283.3638053853,0.5605,2.8046162,0.7043542351499366
4,2,226288.36380616762,0.5605,2.805857,0.7051325419564379
4,2,226293.36380694993,0.5605,2.806697,0.7059108466737999
4,2,226298.36380773224,0.5605,2.8079379,0.7066891512976023
4,2,226303.36380851455,0.5605,2.809045,0.7074674539160264
4,2,226308.36380929686,0.5605,2.8099997,0.7082457574580608
4,2,226313.36381007917,0.5605,2.8111832,0.7090240602805845
4,2,226318.36381086148,0.5605,2.8122523,0.7098023622903524
4,2,226323.3638116438,0.5605,2.8132641,0.7105806662826901
4,2,226328.3638124261,0.5605,2.8146386,0.7113589687078296
4,2,226333.36381320842,0.5605,2.815612,0.7121372685516077
4,2,226338.36381399073,0.5605,2.8168721,0.7129155663957627
4,2,226343.36381477304,0.5605,2.817884,0.7136938640808528
4,2,226348.36381555535,0.5605,2.8191247,0.7144721613035598
4,2,226353.36381633766,0.5605,2.8203466,0.7152504611749979
4,2,226358.36381711997,0.5605,2.8213775,0.7160287620140809
4,2,226363.36381790228,0.5605,2.8225992,0.7168070648811756
4,2,226368.3638186846,0.5605,2.8237064,0.7175853675587408
4,2,226373.3638194669,0.5605,2.8251383,0.7183636683439115
4,2,226378.36382024921,0.5605,2.8259974,0.7191419674172931
4,2,226383.36382103153,0.5605,2.8272762,0.7199202704463898
4,2,226388.36382181384,0.5605,2.8285363,0.7206985751850339
4,2,226393.36382259615,0.5605,2.8294718,0.7214768794786167
4,2,226398.36382337846,0.5605,2.8308463,0.7222551868413785
4,2,226403.36382416077,0.5605,2.8320298,0.7230334917590352
4,2,226408.36382494308,0.5605,2.833328,0.7238117951933409
4,2,226413.3638257254,0.5605,2.8345497,0.724590097151988
4,2,226418.3638265077,0.5605,2.8356187,0.7253683996515836
4,2,226423.36382729,0.5605,2.8369741,0.726146703476515
4,2,226428.36382807232,0.5605,2.8381388,0.7269250039408074
4,2,226433.36382885464,0.5605,2.8394558,0.7277033057568073
4,2,226438.36382963695,0.5605,2.8406014,0.7284816061917543
4,2,226443.36383041926,0.5605,2.8419569,0.7292599043429493
4,2,226448.36383120157,0.5605,2.8433504,0.730038203930911
4,2,226453.36383198388,0.5605,2.8444004,0.730816505043639
4,2,226458.3638327662,0.5605,2.8456793,0.7315948056423498
4,2,226463.3638335485,0.5605,2.8469203,0.7323731083294682
4,2,226468.3638343308,0.5605,2.84839,0.7331514093975788
4,2,226473.36383511312,0.5605,2.8496501,0.7339297102330691
4,2,226478.36383589543,0.5605,2.8509102,0.7347080124294922
4,2,226483.36383667774,0.5605,2.8525329,0.7354863133369882
4,2,226488.36383746006,0.5605,2.8538501,0.7362646144771443
4,2,226493.36383824237,0.5605,2.85511,0.7370429131283959
4,2,226498.36383902468,0.5605,2.8564844,0.737821211639444
4,2,226503.363839807,0.5605,2.8580117,0.7385995100058019
4,2,226508.3638405893,0.5605,2.8594434,0.7393778107401894
4,2,226513.3638413716,0.5605,2.8607798,0.7401561121427681
4,2,226518.36384215392,0.5605,2.862269,0.7409344149143199
4,2,226523.36384293623,0.5605,2.8636816,0.7417127177228927
4,2,226528.36384371854,0.5605,2.865018,0.7424910207412043
4,2,226533.36384450085,0.5605,2.8666596,0.74326932541528
4,2,226538.36384528317,0.5605,2.8682823,0.7440476300009554
4,2,226543.36384606548,0.5605,2.869714,0.7448259325583377
4,2,226548.3638468478,0.5605,2.8712795,0.7456042346662083
4,2,226553.3638476301,0.5605,2.8728068,0.7463825363794299
4,2,226558.3638484124,0.5605,2.8744867,0.747160837509579
4,2,226563.36384919472,0.5605,2.8760712,0.7479391413895751
4,2,226568.36384997703,0.5605,2.8779037,0.7487174477362067
4,2,226573.36385075934,0.5605,2.879412,0.74949575380722
4,2,226578.36385154165,0.5605,2.88113,0.7502740596674116
4,2,226583.36385232396,0.5605,2.8829246,0.7510523648486201
4,2,226588.36385310628,0.5605,2.8846045,0.7518306695100564
4,2,226593.3638538886,0.5605,2.8862271,0.7526089767622581
4,2,226598.3638546709,0.5605,2.8880599,0.7533872803237701
4,2,226603.3638554532,0.5605,2.8899498,0.7541655841885538
4,2,226608.36385623552,0.5605,2.8917825,0.7549438899541859
4,2,226613.36385701783,0.5605,2.8936534,0.7557221932951276
4,2,226618.36385780014,0.5605,2.8956387,0.756500494711177
4,2,226623.36385858245,0.5605,2.8974905,0.7572787948587104
4,2,226628.36385936476,0.5605,2.8996859,0.7580570966735215
4,2,226633.36386014707,0.5605,2.901633,0.7588354016135995
4,2,226638.36386092938,0.5605,2.903733,0.7596137055018641
4,2,226643.3638617117,0.5605,2.9056802,0.7603920111019014
4,2,226648.363862494,0.5605,2.9081047,0.7611703173571459
4,2,226653.36386327632,0.5605,2.9102428,0.7619486221999789
4,2,226658.36386405863,0.5605,2.9124572,0.7627269287363123
4,2,226663.36386484094,0.5605,2.914729,0.7635052352995374
4,2,226668.36386562325,0.5605,2.9171343,0.7642835420334205
4,2,226673.36386640556,0.5605,2.9196925,0.7650618507038917
4,2,226678.36386718787,0.5605,2.9220598,0.7658401615638666
4,2,226683.36386797018,0.5605,2.9245415,0.7666184734109209
4,2,226688.3638687525,0.5605,2.9271567,0.7673967848349147
4,2,226693.3638695348,0.5605,2.929753,0.7681750938194063
4,2,226698.36387031712,0.5605,2.9324448,0.7689534035232001
4,2,226703.36387109943,0.5605,2.93548,0.7697317113949159
4,2,226708.36387188174,0.5605,2.9381146,0.7705100215965509
4,2,226713.36387266405,0.5605,2.9412262,0.771288331813587
4,2,226718.36387344636,0.5605,2.9439754,0.7720666422801646
4,2,226723.36387422867,0.5605,2.9469342,0.7728449537691738
4,2,226728.36387501098,0.5605,2.9501605,0.7736232669366134
4,2,226733.3638757933,0.5605,2.9532151,0.7744015807157391
4,2,226738.3638765756,0.5605,2.9563649,0.7751798903942605
4,2,226743.36387735792,0.5605,2.959744,0.7759582015630073
4,2,226748.36387814023,0.5605,2.9627793,0.7767365137118002
4,2,226753.36387892254,0.5605,2.9660628,0.7775148223855297
4,2,226758.36387970485,0.5605,2.9693272,0.7782931315467292
4,2,226763.36388048716,0.5605,2.9725916,0.7790714396532774
4,2,226768.36388126947,0.5605,2.9757988,0.7798497473515107
4,2,226773.36388205178,0.5605,2.978968,0.7806280506508053
4,2,226778.3638828341,0.5605,2.9822514,0.7814063544456694
4,2,226783.3638836164,0.5605,2.9853058,0.7821846626807617
4,2,226788.3638843987,0.5605,2.9883602,0.782962970323003
4,2,226793.36388518102,0.5605,2.9913576,0.7837412777860264
4,2,226798.36388596334,0.5605,2.99424,0.7845195874206259
4,2,226803.36388674565,0.5605,2.9968174,0.785297895383262
4,2,226808.36388752796,0.5605,2.9996998,0.7860762034565972
4,2,226809.0410876358,0.5605,3.0001009,0.7861816174233325
4,2,226809.04128763592,0.5605,3.0000052,0.786181648553792
5,1,226809.04208763596,-0.5605,2.9470716,-6.166013413005405e-08
5,1,226814.04208841873,-0.5605,2.6262555,-0.0007787431471248468
5,1,226819.04208920104,-0.5605,2.4933488,-0.0015574226538439592
5,1,226824.04208998336,-0.5605,2.3950338,-0.002336101837810543
5,1,226829.04209076567,-0.5605,2.31747,-0.003114777257114649
5,1,226834.04209154798,-0.5605,2.2539756,-0.0038934499264227022
5,1,226839.0420923303,-0.5605,2.2018209,-0.004672127330233654
5,1,226844.0420931126,-0.5605,2.160643,-0.005450804270873468
5,1,226849.0420938949,-0.5605,2.1285143,-0.006229482414967485
5,1,226854.04209467722,-0.5605,2.1026468,-0.007008162844644653
5,1,226859.04209545953,-0.5605,2.0804257,-0.007786844585458438
5,1,226864.04209624184,-0.5605,2.0601518,-0.008565527293874158
5,1,226869.04209702415,-0.5605,2.041329,-0.009344209336161613
5,1,226874.04209780646,-0.5605,2.0228112,-0.010122894459717804
5,1,226879.04209858878,-0.5605,2.0048473,-0.010901577300512128
5,1,226884.0420993711,-0.5605,1.9866542,-0.011680258961230516
5,1,226889.0421001534,-0.5605,1.969091,-0.012458938238690296
5,1,226894.0421009357,-0.5605,1.9512607,-0.013237616017785336
5,1,226899.04210171802,-0.5605,1.9338695,-0.014016297293470965
5,1,226904.04210250033,-0.5605,1.9165546,-0.014794977760619587
5,1,226909.04210328264,-0.5605,1.8999269,-0.01557365819475386
5,1,226914.04210406495,-0.5605,1.8838338,-0.016352335470173094
5,1,226919.04210484726,-0.5605,1.8684088,-0.017131014879051183
5,1,226924.04210562957,-0.5605,1.853843,-0.0179096932184928
5,1,226929.0421064119,-0.5605,1.8399452,-0.018688369483576883
5,1,226934.0421071942,-0.5605,1.8274983,-0.019467049834582542
5,1,226939.0421079765,-0.5605,1.8159487,-0.02024572810891933
5,1,226944.04210875882,-0.5605,1.8058118,-0.02102440176982019
5,1,226949.04210954113,-0.5605,1.7966102,-0.02180307599396838
5,1,226954.04211032344,-0.5605,1.7889168,-0.02258174902892775
5,1,226959.04211110575,-0.5605,1.7821779,-0.02336042360520032
5,1,226964.04211188806,-0.5605,1.7765273,-0.024139101600958245
5,1,226969.04211267037,-0.5605,1.7720602,-0.024917779721385907
5,1,226974.04211345268,-0.5605,1.7682993,-0.02569646142345005
5,1,226979.042114235,-0.5605,1.7654358,-0.026475145333800056
5,1,226984.0421150173,-0.5605,1.7631831,-0.02725382884250085
5,1,226989.04211579962,-0.5605,1.761465,-0.028032511433786822
5,1,226994.04211658193,-0.5605,1.7598805,-0.028811190471337907
5,1,226999.04211736424,-0.5605,1.7589068,-0.029589869236614975
5,1,227004.04211814655,-0.5605,1.7581815,-0.03036854919689232
5,1,227009.04211892886,-0.5605,1.7575133,-0.031147226593504353
5,1,227014.04211971117,-0.5605,1.7570933,-0.031925906516290375
5,1,227019.04212049348,-0.5605,1.7567306,-0.0327045869188375
5,1,227024.0421212758,-0.5605,1.7567115,-0.03348326552226478
5,1,227029.0421220581,-0.5605,1.7564251,-0.034261943944384664
5,1,227034.04212284042,-0.5605,1.756196,-0.035040621777865634
5,1,227039.04212362273,-0.5605,1.756177,-0.035819300111704415
5,1,227044.04212440504,-0.5605,1.7559288,-0.03659797872110871
5,1,227049.04212518735,-0.5605,1.7559097,-0.037376660436815694
5,1,227054.04212596966,-0.5605,1.7559097,-0.03815533760666186
5,1,227059.04212675197,-0.5605,1.7559097,-0.038934014029459826
5,1,227064.04212753428,-0.5605,1.7558715,-0.03971269364340107
5,1,227069.0421283166,-0.5605,1.7559097,-0.0404913751502004
5,1,227074.0421290989,-0.5605,1.755967,-0.04127005826257998
5,1,227079.0421298812,-0.5605,1.7558334,-0.04204874330923955
5,1,227084.04213066353,-0.5605,1.7557951,-0.042827427768886095
5,1,227089.04213144584,-0.5605,1.7558334,-0.043606111914419474
5,1,227094.04213222815,-0.5605,1.7558334,-0.04438479327916769
5,1,227099.04213301046,-0.5605,1.7558334,-0.04516346968460746
5,1,227104.04213379277,-0.5605,1.7558143,-0.04594214743715856
5,1,227109.04213457508,-0.5605,1.7559288,-0.046720827164381744
5,1,227114.0421353574,-0.5605,1.7558525,-0.047499506896873316
5,1,227119.0421361397,-0.5605,1.7558334,-0.048278183834986554
5,1,227124.042136922,-0.5605,1.755776,-0.04905686271873779
5,1,227129.04213770432,-0.5605,1.7558143,-0.049835540175547206
5,1,227134.04213848663,-0.5605,1.7558143,-0.05061421612342861
5,1,227139.04213926895,-0.5605,1.7558715,-0.051392895538651284
5,1,227144.04214005126,-0.5605,1.7558143,-0.05217157429360682
5,1,227149.04214083357,-0.5605,1.755776,-0.05295025516286162
5,1,227154.04214161588,-0.5605,1.755776,-0.053728936181568446
5,1,227159.0421423982,-0.5605,1.755757,-0.05450761857664586
5,1,227164.0421431805,-0.5605,1.7556233,-0.05528629948885574
5,1,227169.0421439628,-0.5605,1.7558334,-0.056064977338774344
5,1,227174.04214474512,-0.5605,1.755757,-0.05684365661010809
5,1,227179.04214552743,-0.5605,1.7556043,-0.0576223377876646
5,1,227184.04214630974,-0.5605,1.7557188,-0.058401024140013594
5,1,227189.04214709206,-0.5605,1.755776,-0.05917971067617337
5,1,227194.04214787437,-0.5605,1.7556424,-0.059958394853482644
5,1,227199.04214865668,-0.5605,1.755547,-0.06073707948511508
5,1,227204.042149439,-0.5605,1.755547,-0.061515762866887785
5,1,227209.0421502213,-0.5605,1.7555088,-0.0622944433278011
5,1,227214.0421510036,-0.5605,1.7554325,-0.06307312492097418
5,1,227219.04215178592,-0.5605,1.7553942,-0.06385181000676751
5,1,227224.04215256823,-0.5605,1.7554134,-0.06463049480823013
5,1,227229.04215335054,-0.5605,1.7552989,-0.06540917770305607
5,1,227234.04215413285,-0.5605,1.755337,-0.06618786084200608
5,1,227239.04215491517,-0.5605,1.7553561,-0.06696654558175802
5,1,227244.04215569748,-0.5605,1.7552606,-0.06774523087405496
5,1,227249.0421564798,-0.5605,1.7552034,-0.06852391668344537
5,1,227254.0421572621,-0.5605,1.7551843,-0.0693026028603779
5,1,227259.0421580444,-0.5605,1.7551461,-0.07008128857570887
5,1,227264.04215882672,-0.5605,1.7550125,-0.07085997056507734
5,1,227269.04215960903,-0.5605,1.7550316,-0.0716386512599124
5,1,227274.04216039134,-0.5605,1.7549552,-0.0724173337875969
5,1,227279.04216117365,-0.5605,1.7548025,-0.07319601780622537
5,1,227284.04216195596,-0.5605,1.754917,-0.07397470375055407
5,1,227289.04216273827,-0.5605,1.7548025,-0.07475339271080494
5,1,227294.0421635206,-0.5605,1.7548406,-0.0755320812746452
5,1,227299.0421643029,-0.5605,1.7546688,-0.07631076862247455
5,1,227304.0421650852,-0.5605,1.7546498,-0.07708945248322355
5,1,227309.04216586752,-0.5605,1.754497,-0.07786813321240081
5,1,227314.04216664983,-0.5605,1.7545352,-0.07864681443984642
5,1,227319.04216743214,-0.5605,1.754497,-0.07942549847834972
5,1,227324.04216821445,-0.5605,1.7543061,-0.08020418376587829
5,1,227329.04216899676,-0.5605,1.7542679,-0.0809828673533996
5,1,227334.04216977907,-0.5605,1.7541724,-0.08176154834231404
5,1,227339.04217056138,-0.5605,1.7542679,-0.08254023007378977
5,1,227344.0421713437,-0.5605,1.7541534,-0.08331891240257688
5,1,227349.042172126,-0.5605,1.7539244,-0.08409759582111903
5,1,227354.04217290832,-0.5605,1.7540007,-0.0848762782646484
5,1,227359.04217369063,-0.5605,1.753867,-0.08565496129275033
5,1,227364.04217447294,-0.5605,1.7538098,-0.08643364524593289
5,1,227369.04217525525,-0.5605,1.753867,-0.08721232654854658
5,1,227374.04217603756,-0.5605,1.7536762,-0.08799100993815066
5,1,227379.04217681987,-0.5605,1.7536952,-0.08876969354293084
5,1,227384.04217760218,-0.5605,1.7534661,-0.08954838041518465
5,1,227389.0421783845,-0.5605,1.753428,-0.09032706772167154
5,1,227394.0421791668,-0.5605,1.7535235,-0.09110575282206139
5,1,227399.04217994912,-0.5605,1.7533325,-0.09188443902280266
5,1,227404.04218073143,-0.5605,1.7532179,-0.09266312355688547
5,1,227409.04218151374,-0.5605,1.7532179,-0.09344180566698645
5,1,227414.04218229605,-0.5605,1.7529697,-0.09422048511957792
5,1,227419.04218307836,-0.5605,1.7530652,-0.0949991631789042
5,1,227424.04218386067,-0.5605,1.7529507,-0.09577784145669142
5,1,227429.04218464298,-0.5605,1.7528744,-0.09655652037792735
5,1,227434.0421854253,-0.5605,1.752817,-0.09733520033608872
5,1,227439.0421862076,-0.5605,1.7526071,-0.09811387935688429
5,1,227444.04218698991,-0.5605,1.7526453,-0.09889255792163477
5,1,227449.04218777223,-0.5605,1.7525307,-0.09967123501899507
5,1,227454.04218855454,-0.5605,1.7523208,-0.10044991498369309
5,1,227459.04218933685,-0.5605,1.7524925,-0.10122859308430551
5,1,227464.04219011916,-0.5605,1.7522444,-0.1020072746398217
5,1,227469.04219090147,-0.5605,1.752168,-0.10278595496628018
5,1,227474.04219168378,-0.5605,1.7519962,-0.10356463513208428
5,1,227479.0421924661,-0.5605,1.7519962,-0.10434331367722152
5,1,227484.0421932484,-0.5605,1.7519199,-0.10512199138119815
5,1,227489.0421940307,-0.5605,1.7517862,-0.10590066809136336
5,1,227494.04219481302,-0.5605,1.7517862,-0.10667934717282651
5,1,227499.04219559534,-0.5605,1.7516143,-0.10745802832328279
5,1,227504.04219637765,-0.5605,1.7515953,-0.10823670924396316
5,1,227509.04219715996,-0.5605,1.7513853,-0.10901538896559675
5,1,227514.04219794227,-0.5605,1.7512136,-0.10979406601132286
5,1,227519.04219872458,-0.5605,1.7512136,-0.11057274475299979
5,1,227524.0421995069,-0.5605,1.751099,-0.11135141936122045
5,1,227529.0422002892,-0.5605,1.7511562,-0.1121300937660237
5,1,227534.0422010715,-0.5605,1.750908,-0.1129087678570085
5,1,227539.04220185382,-0.5605,1.7507935,-0.11368744444692465
5,1,227544.04220263613,-0.5605,1.7508508,-0.1144661190780666
5,1,227549.04220341844,-0.5605,1.7506217,-0.11524479269574747
5,1,227554.04220420076,-0.5605,1.7504117,-0.11602346695590018
5,1,227559.04220498307,-0.5605,1.7504308,-0.1168021428986887
5,1,227564.04220576538,-0.5605,1.7503544,-0.11758081644627451
5,1,227569.0422065477,-0.5605,1.7501636,-0.11835948763364221
5,1,227574.04220733,-0.5605,1.7501445,-0.11913816296898987
5,1,227579.0422081123,-0.5605,1.750049,-0.11991684041719634
5,1,227584.04220889462,-0.5605,1.7498963,-0.12069551902963055
5,1,227589.04220967693,-0.5605,1.7498008,-0.12147420009054077
5,1,227594.04221045924,-0.5605,1.7497245,-0.12225288059683641
5,1,227599.04221124155,-0.5605,1.7495335,-0.12303156218551264
5,1,227604.04221202387,-0.5605,1.7496481,-0.12381024299182163
5,1,227609.04221280618,-0.5605,1.7493999,-0.12458892413242989
5,1,227614.0422135885,-0.5605,1.7493808,-0.125367603804287
5,1,227619.0422143708,-0.5605,1.7492853,-0.12614628333968586
5,1,227624.0422151531,-0.5605,1.7491326,-0.12692496331275502
5,1,227629.04221593542,-0.5605,1.7490945,-0.12770364376252888
5,1,227634.04221671773,-0.5605,1.7488844,-0.1284823257237176
5,1,227639.04221750004,-0.5605,1.7488844,-0.12926100557302433
5,1,227644.04221828235,-0.5605,1.7486554,-0.13003968578927053
5,1,227649.04221906466,-0.5605,1.7486172,-0.13081836591308646
5,1,227654.04221984698,-0.5605,1.7483308,-0.13159704606357217
5,1,227659.0422206293,-0.5605,1.7483691,-0.13237572700931297
5,1,227664.0422214116,-0.5605,1.7481972,-0.13315441011763943
5,1,227669.0422221939,-0.5605,1.74814,-0.13393308925445874
5,1,227674.04222297622,-0.5605,1.7480254,-0.1347117664145794
5,1,227679.04222375853,-0.5605,1.7479873,-0.13549044149993195
5,1,227684.04222454084,-0.5605,1.7477963,-0.13626911874656877
5,1,227689.04222532315,-0.5605,1.7476817,-0.1370477957600223
5,1,227694.04222610546,-0.5605,1.7475673,-0.1378264754730728
5,1,227699.04222688777,-0.5605,1.7474718,-0.138605153395272
5,1,227704.04222767008,-0.5605,1.7474145,-0.13938383322585626
5,1,227709.0422284524,-0.5605,1.74709,-0.14016251393072476
5,1,227714.0422292347,-0.5605,1.747109,-0.14094119856298967
5,1,227719.04223001702,-0.5605,1.7470136,-0.14171987793253532
5,1,227724.04223079933,-0.5605,1.7468036,-0.14249855755620536
5,1,227729.04223158164,-0.5605,1.7467272,-0.14327724004202091
5,1,227734.04223236395,-0.5605,1.7464982,-0.14405592090327213
5,1,227739.04223314626,-0.5605,1.7464218,-0.1448346009804408
5,1,227744.04223392857,-0.5605,1.7463073,-0.14561328182857236
5,1,227749.04223471088,-0.5605,1.7461927,-0.1463919645022518
5,1,227754.0422354932,-0.5605,1.7461164,-0.14717064928679996
5,1,227759.0422362755,-0.5605,1.7460591,-0.14794933366409607
5,1,227764.04223705782,-0.5605,1.7459637,-0.1487280164451003
5,1,227769.04223784013,-0.5605,1.745811,-0.1495066985794902
5,1,227774.04223862244,-0.5605,1.7456009,-0.15028537857340443
5,1,227779.04223940475,-0.5605,1.7455819,-0.1510640595500138
5,1,227784.04224018706,-0.5605,1.7454673,-0.1518427404464682
5,1,227789.04224096937,-0.5605,1.7453146,-0.1526214198085997
5,1,227794.04224175168,-0.5605,1.7451237,-0.15340010117265251
5,1,227799.042242534,-0.5605,1.745181,-0.15417878619468212
5,1,227804.0422433163,-0.5605,1.7450473,-0.15495746992690032
5,1,227809.04224409861,-0.5605,1.7448182,-0.1557361547910604
5,1,227814.04224488093,-0.5605,1.7447228,-0.15651484005983998
5,1,227819.04224566324,-0.5605,1.7445892,-0.15729352361005872
5,1,227824.04224644555,-0.5605,1.7444556,-0.15807220489707255
5,1,227829.04224722786,-0.5605,1.7443601,-0.15885088659207022
5,1,227834.04224801017,-0.5605,1.7443027,-0.15962957159067853
5,1,227839.04224879248,-0.5605,1.7440928,-0.1604082557204299
5,1,227844.0422495748,-0.5605,1.7438446,-0.16118693885403204
5,1,227849.0422503571,-0.5605,1.7437874,-0.16196562179915436
5,1,227854.0422511394,-0.5605,1.7437491,-0.1627443030242224
5,1,227859.04225192172,-0.5605,1.7435392,-0.16352298564481732
5,1,227864.04225270404,-0.5605,1.7434247,-0.1643016670135193
5,1,227869.04225348635,-0.5605,1.7432338,-0.16508034904392888
5,1,227874.04225426866,-0.5605,1.7431955,-0.1658590344333251
5,1,227879.04225505097,-0.5605,1.7431574,-0.1666377173777487
5,1,227884.04225583328,-0.5605,1.7430238,-0.16741640069562191
5,1,227889.0422566156,-0.5605,1.7428137,-0.16819508638287578
5,1,227894.0422573979,-0.5605,1.7426993,-0.16897376844607123
5,1,227899.0422581802,-0.5605,1.7426038,-0.16975244909532197
5,1,227904.04225896252,-0.5605,1.742432,-0.17053113039694556
5,1,227909.04225974483,-0.5605,1.7422793,-0.1713098131401141
5,1,227914.04226052715,-0.5605,1.7422984,-0.1720884954585002
5,1,227919.04226130946,-0.5605,1.7420883,-0.1728671763332055
5,1,227924.04226209177,-0.5605,1.7419165,-0.17364585470521773
5,1,227929.0422628736,-0.5605,1.7418592,-0.17442453493813334
5,1,227934.04226365592,-0.5605,1.7417638,-0.1752032138763897
5,1,227939.04226443823,-0.5605,1.7416683,-0.17598189257345256
5,1,227944.04226522055,-0.5605,1.7414011,-0.17676057231383183
5,1,227949.04226600286,-0.5605,1.741191,-0.17753925396633471
5,1,227954.04226678517,-0.5605,1.7410766,-0.1783179356314506
5,1,227959.04226756748,-0.5605,1.7409239,-0.17909661745163127
5,1,227964.0422683498,-0.5605,1.7409239,-0.1798752987153794
5,1,227969.0422691321,-0.5605,1.7406948,-0.18065398009585332
5,1,227974.0422699144,-0.5605,1.7406757,-0.18143265996449845
5,1,227979.04227069672,-0.5605,1.7404084,-0.18221134114377024
5,1,227984.04227147903,-0.5605,1.7404847,-0.18299002081738236
5,1,227989.04227226134,-0.5605,1.7403129,-0.18376870220746586
5,1,227994.04227304365,-0.5605,1.7401029,-0.1845473806582688
5,1,227999.04227382597,-0.5605,1.7400647,-0.1853260586969156
5,1,228004.04227460828,-0.5605,1.739702,-0.18610473819179657
5,1,228009.0422753906,-0.5605,1.7397593,-0.18688341959529442
5,1,228014.0422761729,-0.5605,1.7396066,-0.18766210433657954
5,1,228019.0422769552,-0.5605,1.7393775,-0.18844078979751128
5,1,228024.04227773752,-0.5605,1.7394156,-0.18921947432777608
5,1,228029.04227851983,-0.5605,1.7392248,-0.18999815618445798
5,1,228034.04227930214,-0.5605,1.7391866,-0.19077683720592317
5,1,228039.04228008445,-0.5605,1.7390339,-0.19155551821636482
5,1,228044.04228086676,-0.5605,1.738843,-0.19233420246026905
5,1,228049.04228164908,-0.5605,1.7387475,-0.19311288671039534
5,1,228054.0422824314,-0.5605,1.7385566,-0.19389157054538853
5,1,228059.0422832137,-0.5605,1.7383275,-0.1946702572030259
5,1,228064.042283996,-0.5605,1.738213,-0.1954489455758399
5,1,228069.04228477832,-0.5605,1.7380221,-0.19622763106690838
5,1,228074.04228556063,-0.5605,1.7379649,-0.19700631818413067
5,1,228079.04228634294,-0.5605,1.7378122,-0.19778500291646184
5,1,228084.04228712525,-0.5605,1.7376785,-0.19856368815244232
5,1,228089.04228790756,-0.5605,1.7376785,-0.19934237181781392
5,1,228094.04228868987,-0.5605,1.7373921,-0.2001210582236912
5,1,228099.04228947219,-0.5605,1.7373921,-0.20089974474626443
5,1,228104.0422902545,-0.5605,1.7371821,-0.20167842969465583
5,1,228109.0422910368,-0.5605,1.7369912,-0.2024571101027197
5,1,228114.04229181912,-0.5605,1.736934,-0.20323579241786727
5,1,228119.04229260143,-0.5605,1.7368194,-0.20401447524089278
5,1,228124.04229338374,-0.5605,1.7366858,-0.20479315688167674
5,1,228129.04229416605,-0.5605,1.7366858,-0.2055718365480204
5,1,228134.04229494836,-0.5605,1.7364568,-0.20635051809825825
5,1,228139.04229573067,-0.5605,1.7363039,-0.20712919882149822
5,1,228144.04229651298,-0.5605,1.7362086,-0.20790787933443644
5,1,228149.0422972953,-0.5605,1.7360176,-0.20868655887264337
5,1,228154.0422980776,-0.5605,1.7359985,-0.20946524049321802
5,1,228159.04229885992,-0.5605,1.735903,-0.21024392399562722
5,1,228164.04229964223,-0.5605,1.7357122,-0.211022605169326
5,1,228169.04230042454,-0.5605,1.7352922,-0.21180128841572332
5,1,228174.04230120685,-0.5605,1.735464,-0.21257997148745253
5,1,228179.04230198916,-0.5605,1.7352922,-0.21335865135851165
5,1,228184.04230277147,-0.5605,1.7351013,-0.21413733342361774
5,1,228189.04230355378,-0.5605,1.7350631,-0.21491601516691505
5,1,228194.0423043361,-0.5605,1.7347958,-0.21569469462981813
5,1,228199.0423051184,-0.5605,1.7346622,-0.2164733701027631
5,1,228204.04230590072,-0.5605,1.734414,-0.2172520466887619
5,1,228209.04230668303,-0.5605,1.7344713,-0.21803072574537324
5,1,228214.04230746534,-0.5605,1.7343949,-0.2188094058626128
5,1,228219.04230824765,-0.5605,1.7343186,-0.21958808675338157
5,1,228224.04230902996,-0.5605,1.7340513,-0.22036676774058403
5,1,228229.04230981227,-0.5605,1.7339368,-0.2211454482765694
5,1,228234.04231059458,-0.5605,1.7337077,-0.2219241268902321
5,1,228239.0423113769,-0.5605,1.733574,-0.22270280611667032
5,1,228244.0423121592,-0.5605,1.7335168,-0.2234814822123547
5,1,228249.0423129415,-0.5605,1.7332495,-0.22426015932123194
5,1,228254.04231372382,-0.5605,1.7333258,-0.2250388385238382
5,1,228259.04231450614,-0.5605,1.733154,-0.22581751931531557
5,1,228264.04231528845,-0.5605,1.7329059,-0.22659620036363265
5,1,228269.04231607076,-0.5605,1.7329059,-0.2273748807441923
5,1,228274.04231685307,-0.5605,1.7326769,-0.22815356137425696
5,1,228279.04231763538,-0.5605,1.732505,-0.22893224356000286
5,1,228284.0423184177,-0.5605,1.7324859,-0.22971092277765268
5,1,228289.0423192,-0.5605,1.732295,-0.23048960073823394
5,1,228294.0423199823,-0.5605,1.7321233,-0.23126827582649054
5,1,228299.04232076462,-0.5605,1.7320278,-0.23204695092856217
5,1,228304.04232154693,-0.5605,1.7317796,-0.2328256267229219
5,1,228309.04232232925,-0.5605,1.7315887,-0.2336043010974228
5,1,228314.04232311156,-0.5605,1.7315695,-0.23438297849857473
5,1,228319.04232389387,-0.5605,1.7314551,-0.23516165698452457
5,1,228324.04232467618,-0.5605,1.7312641,-0.23594033751151958
5,1,228329.0423254585,-0.5605,1.7311496,-0.23671902008935478
5,1,228334.0423262408,-0.5605,1.7312069,-0.23749770089621014
5,1,228339.0423270231,-0.5605,1.7308251,-0.2382763795606858
5,1,228344.04232780542,-0.5605,1.7307677,-0.23905505726101994
5,1,228349.04232858773,-0.5605,1.7306724,-0.23983373476468856
5,1,228354.04232937004,-0.5605,1.7304051,-0.24061241041871906
5,1,228359.04233015236,-0.5605,1.7303287,-0.24139108669310147
5,1,228364.04233093467,-0.5605,1.730176,-0.2421697650202248
5,1,228369.04233171698,-0.5605,1.7299851,-0.2429484428675539
5,1,228374.0423324993,-0.5605,1.7298515,-0.2437271212201781
5,1,228379.0423332816,-0.5605,1.7296224,-0.2445057980554998
5,1,228384.0423340639,-0.5605,1.7296224,-0.24528447323635222
5,1,228389.04233484622,-0.5605,1.7294123,-0.24606314743746652
5,1,228394.04233562853,-0.5605,1.7293932,-0.2468418229600721
5,1,228399.04233641084,-0.5605,1.7291833,-0.24762050012896458
5,1,228404.04233719315,-0.5605,1.7289351,-0.2483991758410997
5,1,228409.04233797546,-0.5605,1.728897,-0.2491778516701493
5,1,228414.04233875778,-0.5605,1.7288015,-0.2499565282044742
5,1,228419.0423395401,-0.5605,1.7283815,-0.2507352066383561
5,1,228424.0423403224,-0.5605,1.7285342,-0.25151388541881575
5,1,228429.0423411047,-0.5605,1.7283434,-0.2522925631987751
5,1,228434.04234188702,-0.5605,1.7280952,-0.2530712447785073
5,1,228439.04234266933,-0.5605,1.7279806,-0.25384992479372026
5,1,228444.04234345164,-0.5605,1.7278851,-0.254628607431627
5,1,228449.04234423395,-0.5605,1.7276179,-0.25540728762517045
5,1,228454.04234501626,-0.5605,1.7274079,-0.25618596604974075
5,1,228459.04234579857,-0.5605,1.7274079,-0.25696464425708854
5,1,228464.04234658089,-0.5605,1.7272552,-0.25774332106675374
5,1,228469.0423473632,-0.5605,1.7271979,-0.25852199748759136
5,1,228474.0423481455,-0.5605,1.7269306,-0.259300674464133
5,1,228479.04234892782,-0.5605,1.7268925,-0.26007935131515064
5,1,228484.04234971013,-0.5605,1.7267588,-0.2608580289627413
5,1,228489.04235049244,-0.5605,1.7265488,-0.26163670620169904
5,1,228494.04235127475,-0.5605,1.7264534,-0.2624153824795054
5,1,228499.04235205706,-0.5605,1.7262815,-0.26319405945580204
5,1,228504.04235283937,-0.5605,1.7261288,-0.2639727367034455
5,1,228509.04235362168,-0.5605,1.7260143,-0.26475141562020116
5,1,228514.042354404,-0.5605,1.7258043,-0.2655300922122631
5,1,228519.0423551863,-0.5605,1.7256898,-0.26630877110705775
5,1,228524.04235596862,-0.5605,1.7254606,-0.2670874512791501
5,1,228529.04235675093,-0.5605,1.7253653,-0.2678661296598481
5,1,228534.04235753324,-0.5605,1.7251552,-0.26864480995217627
5,1,228539.04235831555,-0.5605,1.7250788,-0.2694234893375039
5,1,228544.04235909786,-0.5605,1.7249835,-0.2702021696147852
5,1,228549.04235988017,-0.5605,1.7248689,-0.27098085123016435
5,1,228554.04236066248,-0.5605,1.7247162,-0.2717595335742864
5,1,228559.0423614448,-0.5605,1.7246016,-0.2725382135108444
5,1,228564.0423622271,-0.5605,1.7242389,-0.273316892483592
5,1,228569.04236300942,-0.5605,1.7241243,-0.27409557307116184
5,1,228574.04236379173,-0.5605,1.7239335,-0.2748742507400479
5,1,228579.04236457404,-0.5605,1.7238953,-0.2756529261999229
5,1,228584.04236535635,-0.5605,1.7237617,-0.27643160386193455
5,1,228589.04236613866,-0.5605,1.7236853,-0.27721028067389786
5,1,228594.04236692097,-0.5605,1.7235326,-0.27798895705283677
5,1,228599.04236770328,-0.5605,1.7233608,-0.27876763434443536
5,1,228604.0423684856,-0.5605,1.7232081,-0.27954631385729045
5,1,228609.0423692679,-0.5605,1.7231126,-0.2803249937845005
5,1,228614.0423700502,-0.5605,1.7228644,-0.2811036695839796
5,1,228619.04237083253,-0.5605,1.7228262,-0.28188234385762945
5,1,228624.04237161484,-0.5605,1.7223872,-0.2826610211277505
5,1,228629.04237239715,-0.5605,1.7222536,-0.2834396987498502
5,1,228634.04237317946,-0.5605,1.722139,-0.2842183766811689
5,1,228639.04237396177,-0.5605,1.7220626,-0.2849970561656522
5,1,228644.04237474408,-0.5605,1.7220244,-0.28577573509042137
5,1,228649.0423755264,-0.5605,1.7217953,-0.28655441353207833
5,1,228654.0423763087,-0.5605,1.7217762,-0.287333093597687
5,1,228659.042377091,-0.5605,1.7214899,-0.28811177136658966
5,1,228664.04237787332,-0.5605,1.7213563,-0.28889044722134544
5,1,228669.04237865563,-0.5605,1.7210509,-0.2896691249345078
5,1,228674.04237943795,-0.5605,1.7210699,-0.2904478023813169
5,1,228679.04238022026,-0.5605,1.7207836,-0.291226480430017
5,1,228684.04238100257,-0.5605,1.7207072,-0.292005157013466
5,1,228689.04238178488,-0.5605,1.7205163,-0.29278383475209946
5,1,228694.0423825672,-0.5605,1.7203636,-0.29356251308794495
5,1,228699.0423833495,-0.5605,1.7202872,-0.29434119583407053
5,1,228704.0423841318,-0.5605,1.7200963,-0.29511987714706206
5,1,228709.04238491412,-0.5605,1.7198482,-0.29589855840131984
5,1,228714.04238569643,-0.5605,1.7197527,-0.29667724032997433
5,1,228719.04238647874,-0.5605,1.7196572,-0.29745592199509685
5,1,228724.04238726106,-0.5605,1.7194473,-0.29823460569894655
5,1,228729.04238804337,-0.5605,1.7193327,-0.2990132885028721
5,1,228734.04238882568,-0.5605,1.7190654,-0.2997919744276439
5,1,228739.042389608,-0.5605,1.7190845,-0.30057066104832303
5,1,228744.0423903903,-0.5605,1.7187409,-0.30134934819360587
5,1,228749.0423911726,-0.5605,1.71855,-0.3021280364421839
5,1,228754.04239195492,-0.5605,1.7183782,-0.30290672049339956
5,1,228759.04239273723,-0.5605,1.7182827,-0.3036854011704062
5,1,228764.04239351954,-0.5605,1.7182827,-0.30446408132235553
5,1,228769.04239430185,-0.5605,1.7178818,-0.3052427628767061
5,1,228774.04239508417,-0.5605,1.7177864,-0.30602144174649326
5,1,228779.04239586648,-0.5605,1.7175192,-0.3068001182096535
5,1,228784.0423966488,-0.5605,1.7174618,-0.30757879500026514
5,1,228789.0423974311,-0.5605,1.7173282,-0.3083574739790328
5,1,228794.0423982134,-0.5605,1.7171564,-0.30913615230174535
5,1,228799.04239899572,-0.5605,1.7169656,-0.3099148316532672
5,1,228804.04239977803,-0.5605,1.71666,-0.31069350937789025
5,1,228809.04240056034,-0.5605,1.7165837,-0.3114721873754959
5,1,228814.04240134265,-0.5605,1.7163165,-0.31225086793832324
5,1,228819.04240212496,-0.5605,1.7162591,-0.31302954925597387
5,1,228824.04240290727,-0.5605,1.7161446,-0.3138082320506342
5,1,228829.0424036896,-0.5605,1.7159728,-0.3145869148557088
5,1,228834.0424044719,-0.5605,1.7156864,-0.31536559550881393
5,1,228839.0424052542,-0.5605,1.7156101,-0.3161442749870718
5,1,228844.04240603652,-0.5605,1.7155337,-0.3169229546927777
5,1,228849.04240681883,-0.5605,1.7152665,-0.3177016382572817
5,1,228854.04240760114,-0.5605,1.71519,-0.3184803219477104
5,1,228859.04240838345,-0.5605,1.7151138,-0.3192590066866246
5,1,228864.04240916576,-0.5605,1.7148465,-0.3200376902343598
5,1,228869.04240994807,-0.5605,1.7145792,-0.3208163742271629
5,1,228874.04241073038,-0.5605,1.7145792,-0.32159505352781886
5,1,228879.0424115127,-0.5605,1.7143501,-0.32237372959664473
5,1,228884.042412295,-0.5605,1.7141402,-0.32315240616952057
5,1,228889.04241307732,-0.5605,1.7140638,-0.3239310841507151
5,1,228894.04241385963,-0.5605,1.7137965,-0.32470976268114987
5,1,228899.04241464194,-0.5605,1.7137202,-0.3254884377100502
5,1,228904.04241542425,-0.5605,1.7134911,-0.32626711396165703
5,1,228909.04241620656,-0.5605,1.7133384,-0.3270457932115894
5,1,228914.04241698887,-0.5605,1.7131474,-0.32782447310188423
5,1,228919.04241777118,-0.5605,1.7129565,-0.32860315137884033
5,1,228924.0424185535,-0.5605,1.7129184,-0.3293818282955025
5,1,228929.0424193358,-0.5605,1.7125175,-0.3301605076728199
5,1,228934.04242011812,-0.5605,1.7124029,-0.3309391861032977
5,1,228939.04242090043,-0.5605,1.7122693,-0.3317178615722889
5,1,228944.04242168274,-0.5605,1.711983,-0.3324965384133525
5,1,228949.04242246505,-0.5605,1.712002,-0.33327521529876203
5,1,228954.04242324736,-0.5605,1.7117348,-0.33405389559012
5,1,228959.04242402967,-0.5605,1.7116774,-0.33483257478216966
5,1,228964.04242481198,-0.5605,1.7115821,-0.3356112512293989
5,1,228969.0424255943,-0.5605,1.7112767,-0.3363899278903671
5,1,228974.0424263766,-0.5605,1.7110475,-0.3371686072565318
5,1,228979.0424271589,-0.5605,1.7109902,-0.3379472847912809
5,1,228984.04242794123,-0.5605,1.7108566,-0.3387259582562911
5,1,228989.04242872354,-0.5605,1.7105321,-0.33950463103973544
5,1,228994.04242950585,-0.5605,1.7103984,-0.3402833033295838
5,1,228999.04243028816,-0.5605,1.7103603,-0.34106197593070414
5,1,229004.04243107047,-0.5605,1.7100357,-0.3418406503580181
5,1,229009.04243185278,-0.5605,1.7098448,-0.3426193253871535
5,1,229014.0424326351,-0.5605,1.7097112,-0.34339800102038864
5,1,229019.0424334174,-0.5605,1.7093294,-0.3441766731012068
5,1,229024.0424341997,-0.5605,1.7092912,-0.3449553445257977
5,1,229029.04243498202,-0.5605,1.7091957,-0.3457340182320511
5,1,229034.04243576434,-0.5605,1.709024,-0.34651269140411767
5,1,229039.04243654665,-0.5605,1.7088522,-0.34729136615194234
5,1,229044.04243732896,-0.5605,1.7085657,-0.3480700426512098
5,1,229049.04243811127,-0.5605,1.7083749,-0.34884871902317494
5,1,229054.04243889358,-0.5605,1.7082603,-0.3496273942484262
5,1,229059.0424396759,-0.5605,1.7080121,-0.3504060729224353
5,1,229064.0424404582,-0.5605,1.707974,-0.35118474807557154
5,1,229069.0424412405,-0.5605,1.7075921,-0.35196342331159797
5,1,229074.04244202282,-0.5605,1.707554,-0.35274210167817954
5,1,229079.04244280513,-0.5605,1.7073439,-0.3535207842562134
5,1,229084.04244358744,-0.5605,1.7071531,-0.35429946396329687
5,1,229089.04244436976,-0.5605,1.7068286,-0.3550781413082317
5,1,229094.04244515207,-0.5605,1.7066759,-0.3558568170078465
5,1,229099.04244593438,-0.5605,1.7066185,-0.356635491568751
5,1,229104.0424467167,-0.5605,1.7062176,-0.3574141667302915
5,1,229109.042447499,-0.5605,1.7062941,-0.35819284141221003
5,1,229114.0424482813,-0.5605,1.7060077,-0.3589715173631843
5,1,229119.04244906362,-0.5605,1.7057977,-0.35975019373449046
5,1,229124.04244984593,-0.5605,1.705645,-0.36052886823970764
5,1,229129.04245062824,-0.5605,1.7054923,-0.36130754430799045
5,1,229134.04245141055,-0.5605,1.7052631,-0.3620862210293282
5,1,229139.04245219287,-0.5605,1.7049387,-0.3628648985369936
5,1,229144.04245297518,-0.5605,1.704786,-0.3636435782415836
5,1,229149.0424537575,-0.5605,1.704614,-0.3644222543036344
5,1,229154.0424545398,-0.5605,1.7043658,-0.3652009302714701
5,1,229159.0424553221,-0.5605,1.7042896,-0.36597960617173403
5,1,229164.04245610442,-0.5605,1.7040414,-0.3667582814756038
5,1,229169.04245688673,-0.5605,1.7038314,-0.36753695688056637
5,1,229174.04245766904,-0.5605,1.7036023,-0.36831563555442315
5,1,229179.04245845135,-0.5605,1.7034687,-0.36909431432242545
5,1,229184.04245923366,-0.5605,1.7033923,-0.3698729935399064
5,1,229189.04246001597,-0.5605,1.7030678,-0.3706516690419517
5,1,229194.0424607983,-0.5605,1.7028768,-0.37143034370749545
5,1,229199.0424615806,-0.5605,1.702705,-0.3722090200450025
5,1,229204.0424623629,-0.5605,1.7023615,-0.3729876945809426
5,1,229209.04246314475,-0.5605,1.7023041,-0.37376636822416076
5,1,229214.04246392706,-0.5605,1.7019796,-0.3745450417298246
5,1,229219.04246470938,-0.5605,1.7018079,-0.3753237182985778
5,1,229224.0424654917,-0.5605,1.7016169,-0.37610239578829563
5,1,229229.042466274,-0.5605,1.7015214,-0.37688107038766167
5,1,229234.0424670563,-0.5605,1.701235,-0.3776597440662121
5,1,229239.04246783862,-0.5605,1.7009869,-0.3784384197742146
5,1,229244.04246862093,-0.5605,1.7008724,-0.37921709495609024
5,1,229249.04246940324,-0.5605,1.7007197,-0.37999577032980675
5,1,229254.04247018555,-0.5605,1.7004142,-0.3807744455098876
5,1,229259.04247096786,-0.5605,1.7002996,-0.38155311779448076
5,1,229264.04247175017,-0.5605,1.7000324,-0.38233179051212157
5,1,229269.04247253248,-0.5605,1.6997269,-0.3831104640813968
5,1,229274.0424733148,-0.5605,1.699517,-0.3838891369518043
5,1,229279.0424740971,-0.5605,1.6994597,-0.3846678097364043
5,1,229284.04247487942,-0.5605,1.6991924,-0.3854464850191906
5,1,229289.04247566173,-0.5605,1.6989061,-0.38622516102280896
5,1,229294.04247644404,-0.5605,1.6987534,-0.3870038347564573
5,1,229299.04247722635,-0.5605,1.6985433,-0.3877825073564749
5,1,229304.04247800866,-0.5605,1.6982379,-0.38856118312832394
5,1,229309.04247879097,-0.5605,1.6981807,-0.3893398566375376
5,1,229314.04247957328,-0.5605,1.6979897,-0.3901185335973436
5,1,229319.0424803556,-0.5605,1.6975697,-0.3908972103979357
5,1,229324.0424811379,-0.5605,1.6975507,-0.39167588345882637
5,1,229329.04248192022,-0.5605,1.6972452,-0.39245456037727006
5,1,229334.04248270253,-0.5605,1.6971688,-0.39323323783389735
5,1,229339.04248348484,-0.5605,1.6967298,-0.3940119153117936
5,1,229344.04248426715,-0.5605,1.6965961,-0.3947905903360977
5,1,229349.04248504946,-0.5605,1.6964244,-0.39556926690720856
5,1,229354.04248583177,-0.5605,1.6962334,-0.39634794038582516
5,1,229359.04248661408,-0.5605,1.6960044,-0.39712661591507337
5,1,229364.0424873964,-0.5605,1.6958517,-0.39790529023061866
5,1,229369.0424881787,-0.5605,1.6956035,-0.39868396405253154
5,1,229374.04248896101,-0.5605,1.6951643,-0.3994626444780331
5,1,229379.04248974333,-0.5605,1.695069,-0.4002413238977062
5,1,229384.04249052564,-0.5605,1.6947826,-0.401020002464821
5,1,229389.04249130795,-0.5605,1.694668,-0.40179868110479255
5,1,229394.04249209026,-0.5605,1.6943817,-0.4025773617061278
5,1,229399.04249287257,-0.5605,1.6941717,-0.40335604057934554
5,1,229404.04249365488,-0.5605,1.6938281,-0.40413471997291184
5,1,229409.0424944372,-0.5605,1.6937135,-0.404913396371103
5,1,229414.0424952195,-0.5605,1.6934272,-0.4056920736997128
5,1,229419.0424960018,-0.5605,1.6933126,-0.40647075044267045
5,1,229424.04249678412,-0.5605,1.6930645,-0.4072494283425046
5,1,229429.04249756644,-0.5605,1.692759,-0.4080281061171591
5,1,229434.04249834875,-0.5605,1.6925299,-0.4088067827632328
5,1,229439.04249913106,-0.5605,1.6923199,-0.4095854625176456
5,1,229444.04249991337,-0.5605,1.6920909,-0.4103641400584115
5,1,229449.04250069568,-0.5605,1.6917855,-0.41114281738343833
5,1,229454.042501478,-0.5605,1.691709,-0.41192149641560843
5,1,229459.0425022603,-0.5605,1.6913463,-0.41270017242305146
5,1,229464.0425030426,-0.5605,1.6911936,-0.4134788512726625
5,1,229469.04250382492,-0.5605,1.6908308,-0.41425753187082875
5,1,229474.04250460723,-0.5605,1.6906209,-0.4150362115861012
5,1,229479.04250538955,-0.5605,1.6903918,-0.41581489288311535
5,1,229484.04250617186,-0.5605,1.6901628,-0.4165935732725561
5,1,229489.04250695417,-0.5605,1.6899146,-0.41737225184382665
5,1,229494.04250773648,-0.5605,1.6895518,-0.41815093202055165
5,1,229499.0425085188,-0.5605,1.6894754,-0.418929610779355
5,1,229504.0425093011,-0.5605,1.6891891,-0.41970828775624763
5,1,229509.0425100834,-0.5605,1.6889601,-0.4204869667445785
5,1,229514.04251086572,-0.5605,1.6888074,-0.4212656433948278
5,1,229519.04251164803,-0.5605,1.6884255,-0.4220443234105143
5,1,229524.04251243034,-0.5605,1.6881964,-0.42282300271567697
5,1,229529.04251321265,-0.5605,1.6880246,-0.42360168156522837
5,1,229534.04251399497,-0.5605,1.6878527,-0.4243803618830243
5,1,229539.04251477728,-0.5605,1.6875092,-0.4251590438579817
5,1,229544.0425155596,-0.5605,1.6872991,-0.4259377265557315
5,1,229549.0425163419,-0.5605,1.6869365,-0.4267164109804828
5,1,229554.0425171242,-0.5605,1.6868029,-0.42749509293393617
5,1,229559.04251790652,-0.5605,1.6866502,-0.428273776778476
5,1,229564.04251868883,-0.5605,1.6863637,-0.42905245964792693
5,1,229569.04251947114,-0.5605,1.6860392,-0.4298311414057049
5,1,229574.04252025345,-0.5605,1.6858674,-0.4306098222982585
5,1,229579.04252103576,-0.5605,1.6856002,-0.43138850368370607
5,1,229584.04252181808,-0.5605,1.6853329,-0.4321671879693832
5,1,229589.0425226004,-0.5605,1.6850466,-0.43294587177387533
5,1,229594.0425233827,-0.5605,1.6847793,-0.4337245559779438
5,1,229599.042524165,-0.5605,1.6844547,-0.4345032366106476
5,1,229604.04252494732,-0.5605,1.6843593,-0.43528191814090134
5,1,229609.04252572963,-0.5605,1.6840538,-0.4360606008513834
5,1,229614.04252651194,-0.5605,1.6838248,-0.43683928296286517
5,1,229619.04252729425,-0.5605,1.6835957,-0.4376179638187652
5,1,229624.04252807656,-0.5605,1.6832329,-0.4383966463245715
5,1,229629.04252885887,-0.5605,1.6829656,-0.4391753303134407
5,1,229634.04252964118,-0.5605,1.6826221,-0.4399540130084752
5,1,229639.0425304235,-0.5605,1.6825457,-0.44073269505706086
5,1,229644.0425312058,-0.5605,1.6822021,-0.44151137540886454
5,1,229649.04253198812,-0.5605,1.6818966,-0.4422900566321974
5,1,229654.04253277043,-0.5605,1.6816294,-0.4430687373561162
5,1,229659.04253355274,-0.5605,1.6813239,-0.4438474164597953
5,1,229664.04253433505,-0.5605,1.6810949,-0.444626096207294
5,1,229669.04253511736,-0.5605,1.6808276,-0.44540477817003904
5,1,229674.04253589967,-0.5605,1.6805794,-0.4461834597272639
5,1,229679.04253668198,-0.5605,1.6802357,-0.4469621409672828
5,1,229684.0425374643,-0.5605,1.6801021,-0.4477408211521571
5,1,229689.0425382466,-0.5605,1.6797203,-0.44851949955682935
5,1,229694.04253902892,-0.5605,1.6795676,-0.44929817830261903
5,1,229699.04253981123,-0.5605,1.6791667,-0.450076858802984
5,1,229704.04254059354,-0.5605,1.6788803,-0.4508555399292838
5,1,229709.04254137585,-0.5605,1.6785368,-0.45163422063132436
5,1,229714.04254215816,-0.5605,1.6784604,-0.452412897337155
5,1,229719.04254294047,-0.5605,1.6781359,-0.45319157476711913
5,1,229724.04254372278,-0.5605,1.6778686,-0.45397024839498246
5,1,229729.0425445051,-0.5605,1.6776395,-0.45474892172796505
5,1,229734.0425452874,-0.5605,1.677105,-0.45552759310954455
5,1,229739.04254606972,-0.5605,1.6769713,-0.4563062654792697
5,1,229744.04254685203,-0.5605,1.6766278,-0.4570849373249575
5,1,229749.04254763434,-0.5605,1.6763796,-0.45786361039930557
5,1,229754.04254841665,-0.5605,1.6761123,-0.4586422860788104
5,1,229759.04254919896,-0.5605,1.6757114,-0.45942096416999867
5,1,229764.04254998127,-0.5605,1.6755013,-0.4601996456997193
5,1,229769.04255076358,-0.5605,1.6751387,-0.46097832860271437
5,1,229774.0425515459,-0.5605,1.6750432,-0.4617570096284943
5,1,229779.0425523282,-0.5605,1.674776,-0.46253568983272686
5,1,229784.0425531105,-0.5605,1.6743177,-0.4633143727369339
5,1,229789.04255389282,-0.5605,1.6740506,-0.4640930577462975
5,1,229794.04255467514,-0.5605,1.6738024,-0.4648717405804757
5,1,229799.04255545745,-0.5605,1.6734968,-0.4656504224728575
5,1,229804.04255623976,-0.5605,1.6731914,-0.46642910391970116
5,1,229809.04255702207,-0.5605,1.672886,-0.4672077828674744
5,1,229814.04255780438,-0.5605,1.6725615,-0.46798646120626036
5,1,229819.0425585867,-0.5605,1.6722943,-0.4687651388174028
5,1,229824.042559369,-0.5605,1.6719506,-0.46954381803533407
5,1,229829.0425601513,-0.5605,1.6715878,-0.4703224959830771
5,1,229834.04256093362,-0.5605,1.6712824,-0.47110117624811965
5,1,229839.04256171593,-0.5605,1.6710151,-0.4718798550078932
5,1,229844.04256249825,-0.5605,1.6708052,-0.472658534517374
5,1,229849.04256328056,-0.5605,1.6703851,-0.47343721743970746
5,1,229854.04256406287,-0.5605,1.6701561,-0.47421589752818444
5,1,229859.04256484518,-0.5605,1.6697552,-0.4749945772576395
5,1,229864.0425656275,-0.5605,1.6694306,-0.47577325887606176
5,1,229869.0425664098,-0.5605,1.6691443,-0.47655194300861786
5,1,229874.0425671921,-0.5605,1.6687816,-0.47733062828404005
5,1,229879.04256797442,-0.5605,1.6684761,-0.478109310622099
5,1,229884.04256875673,-0.5605,1.6681898,-0.4788879921267923
5,1,229889.04256953904,-0.5605,1.6678843,-0.4796666726141138
5,1,229894.04257032136,-0.5605,1.6676935,-0.48044535652392734
5,1,229899.04257110367,-0.5605,1.6672162,-0.4812240414782295
5,1,229904.04257188598,-0.5605,1.6669489,-0.48200272462194127
5,1,229909.0425726683,-0.5605,1.6666244,-0.48278140828232263
5,1,229914.0425734506,-0.5605,1.6662045,-0.4835600916170739
5,1,229919.0425742329,-0.5605,1.6659753,-0.48433877339139875
5,1,229924.04257501522,-0.5605,1.6656317,-0.48511745440274107
5,1,229929.04257579753,-0.5605,1.6652308,-0.4858961335361993
5,1,229934.04257657984,-0.5605,1.6650017,-0.4866748145430382
5,1,229939.04257736215,-0.5605,1.6646008,-0.4874534967903027
5,1,229944.04257814446,-0.5605,1.6643527,-0.488232177549024
5,1,229949.04257892678,-0.5605,1.6639136,-0.48901086304830466
5,1,229954.0425797091,-0.5605,1.663589,-0.4897895500076607
5,1,229959.0425804914,-0.5605,1.6632645,-0.4905682335906587
5,1,229964.0425812737,-0.5605,1.6629782,-0.49134691838749533
5,1,229969.04258205602,-0.5605,1.6624627,-0.4921256016485753
5,1,229974.04258283833,-0.5605,1.6621764,-0.49290428579157214
5,1,229979.04258362064,-0.5605,1.6619282,-0.49368297174647074
5,1,229984.04258440295,-0.5605,1.6615463,-0.49446166136019054
5,1,229989.04258518526,-0.5605,1.6612028,-0.49524034609470724
5,1,229994.04258596757,-0.5605,1.6609546,-0.4960190324995977
5,1,229999.04258674989,-0.5605,1.6604582,-0.49679771987240473
5,1,230004.0425875322,-0.5605,1.6602483,-0.49757640632595246
5,1,230009.0425883145,-0.5605,1.6598282,-0.4983550933688643
5,1,230014.04258909682,-0.5605,1.6594465,-0.49913378184594004
5,1,230019.04258987913,-0.5605,1.6591028,-0.499912468027982
5,1,230024.04259066144,-0.5605,1.6587019,-0.5006911511417259
5,1,230029.04259144375,-0.5605,1.6582819,-0.5014698344326379
5,1,230034.04259222606,-0.5605,1.6580337,-0.5022485173981351
5,1,230039.04259300837,-0.5605,1.6577665,-0.5030272009259922
5,1,230044.04259379068,-0.5605,1.6573846,-0.5038058822179499
5,1,230049.042594573,-0.5605,1.6569837,-0.5045845648299054
5,1,230054.0425953553,-0.5605,1.6565828,-0.5053632480110456
5,1,230059.04259613762,-0.5605,1.6561438,-0.5061419307324584
5,1,230064.04259691993,-0.5605,1.6557047,-0.5069206141197512
5,1,230069.04259770224,-0.5605,1.6554565,-0.5076992951911253
5,1,230074.04259848455,-0.5605,1.6551511,-0.5084779776261213
5,1,230079.04259926686,-0.5605,1.6547121,-0.5092566600149767
5,1,230084.04260004917,-0.5605,1.6543684,-0.5100353417672445
5,1,230089.04260083148,-0.5605,1.6540439,-0.5108140286032322
5,1,230094.0426016138,-0.5605,1.653643,-0.5115927127128274
5,1,230099.0426023961,-0.5605,1.6532612,-0.5123713979959683
5,1,230104.04260317842,-0.5605,1.6526312,-0.5131500814158251
5,1,230109.04260396073,-0.5605,1.6524785,-0.5139287632132666
5,1,230114.04260474304,-0.5605,1.651963,-0.5147074483296538
5,1,230119.04260552535,-0.5605,1.6516767,-0.5154861345404881
5,1,230124.04260630766,-0.5605,1.6513712,-0.5162648185732032
5,1,230129.04260708997,-0.5605,1.6508176,-0.5170435029744306
5,1,230134.04260787228,-0.5605,1.6505885,-0.517822183822933
5,1,230139.0426086546,-0.5605,1.6498631,-0.5186008673279482
5,1,230144.0426094369,-0.5605,1.6498058,-0.5193795528353418
5,1,230149.0426102192,-0.5605,1.6492331,-0.5201582363194093
5,1,230154.04261100153,-0.5605,1.6488895,-0.5209369174882073
5,1,230159.04261178384,-0.5605,1.6484504,-0.5217155991722608
5,1,230164.04261256615,-0.5605,1.648164,-0.5224942792572642
5,1,230169.04261334846,-0.5605,1.647744,-0.5232729587963884
5,1,230174.04261413077,-0.5605,1.6474959,-0.5240516394270524
5,1,230179.04261491308,-0.5605,1.6468086,-0.5248303199453848
5,1,230184.0426156954,-0.5605,1.6464268,-0.5256089998140829
5,1,230189.0426164777,-0.5605,1.6461595,-0.526387679971208
5,1,230194.04261726,-0.5605,1.6455106,-0.5271663607461284
5,1,230199.04261804232,-0.5605,1.6453578,-0.5279450395584965
5,1,230204.04261882463,-0.5605,1.6448233,-0.5287237233333122
5,1,230209.04261960695,-0.5605,1.6443269,-0.529502407323443
5,1,230214.04262038926,-0.5605,1.6440597,-0.5302810910224052
5,1,230219.04262117157,-0.5605,1.6436206,-0.5310597748723624
5,1,230224.04262195388,-0.5605,1.6432006,-0.5318384556869068
5,1,230229.0426227362,-0.5605,1.6427424,-0.5326171371288496
5,1,230234.0426235185,-0.5605,1.6422652,-0.533395817607492
5,1,230239.0426243008,-0.5605,1.6419215,-0.534174496627516
5,1,230244.04262508312,-0.5605,1.6415588,-0.534953172685272
5,1,230249.04262586543,-0.5605,1.6410625,-0.5357318498406375
5,1,230254.04262664774,-0.5605,1.6405661,-0.5365105272356104
5,1,230259.04262743006,-0.5605,1.6400506,-0.5372892033603488
5,1,230264.04262821237,-0.5605,1.6397643,-0.538067881753481
5,1,230269.04262899468,-0.5605,1.6393062,-0.5388465586077072
5,1,230274.042629777,-0.5605,1.6388671,-0.5396252355565461
5,1,230279.0426305593,-0.5605,1.6383708,-0.5404039178933334
5,1,230284.0426313416,-0.5605,1.6379889,-0.5411825955919788
5,1,230289.04263212392,-0.5605,1.637569,-0.5419612737191053
5,1,230294.04263290623,-0.5605,1.6370726,-0.5427399518754779
5,1,230299.04263368854,-0.5605,1.6366335,-0.54351862872983
5,1,230304.04263447085,-0.5605,1.6361563,-0.5442973064568505
5,1,230309.04263525316,-0.5605,1.6356218,-0.54507598473429
5,1,230314.04263603548,-0.5605,1.6352209,-0.5458546661826006
5,1,230319.0426368178,-0.5605,1.634839,-0.5466333451695109
5,1,230324.0426376001,-0.5605,1.6343617,-0.547412028431273
5,1,230329.0426383824,-0.5605,1.6340182,-0.5481907077422703
5,1,230334.04263916472,-0.5605,1.6336364,-0.5489693868044977
5,1,230339.04263994703,-0.5605,1.63314,-0.5497480666371648
5,1,230344.04264072934,-0.5605,1.6325673,-0.5505267476911377
5,1,230349.04264151165,-0.5605,1.6320901,-0.5513054287465544
5,1,230354.04264229396,-0.5605,1.6317655,-0.5520841095016928
5,1,230359.04264307627,-0.5605,1.6311547,-0.5528627906939585
5,1,230364.0426438586,-0.5605,1.6306773,-0.5536414726620249
5,1,230369.0426446409,-0.5605,1.6303146,-0.5544201570555599
5,1,230374.0426454232,-0.5605,1.6297992,-0.5551988416014146
5,1,230379.04264620552,-0.5605,1.629341,-0.5559775234114128
5,1,230384.04264698783,-0.5605,1.628902,-0.5567562045882276
5,1,230389.04264777014,-0.5605,1.6283102,-0.5575348856001925
5,1,230394.04264855245,-0.5605,1.6278329,-0.5583135695858032
5,1,230399.04264933476,-0.5605,1.6273938,-0.5590922505330937
5,1,230404.04265011707,-0.5605,1.6267829,-0.5598709321060542
5,1,230409.04265089938,-0.5605,1.6264584,-0.5606496163775487
5,1,230414.0426516817,-0.5605,1.6260194,-0.5614282987264392
5,1,230419.042652464,-0.5605,1.6255802,-0.562206980551481
5,1,230424.04265324632,-0.5605,1.6249312,-0.5629856629283823
5,1,230429.04265402863,-0.5605,1.624492,-0.5637643457267182
5,1,230434.04265481094,-0.5605,1.6238621,-0.5645430276843737
5,1,230439.04265559325,-0.5605,1.6234612,-0.565321707516256
5,1,230444.04265637556,-0.5605,1.6229267,-0.566100380804045
5,1,230449.04265715787,-0.5605,1.6225449,-0.5668790558345944
5,1,230454.04265794018,-0.5605,1.6219913,-0.567657735808849
5,1,230459.0426587225,-0.5605,1.6213995,-0.5684364154530132
5,1,230464.0426595048,-0.5605,1.6208076,-0.5692150942330391
5,1,230469.04266028712,-0.5605,1.6203877,-0.5699937736182045
5,1,230474.04266106943,-0.5605,1.6197768,-0.5707724521639841
5,1,230479.04266185174,-0.5605,1.6194141,-0.5715511288454928
5,1,230484.04266263358,-0.5605,1.6187841,-0.5723298050951326
5,1,230489.0426634159,-0.5605,1.6183069,-0.5731084847572279
5,1,230494.0426641982,-0.5605,1.6177342,-0.5738871611031325
5,1,230499.04266498052,-0.5605,1.6170468,-0.5746658397533329
5,1,230504.04266576283,-0.5605,1.6165506,-0.5754445163526963
5,1,230509.04266654514,-0.5605,1.6158633,-0.5762231958924496
5,1,230514.04266732745,-0.5605,1.6155387,-0.5770018756788338
5,1,230519.04266810976,-0.5605,1.6149851,-0.5777805542715885
5,1,230524.04266889207,-0.5605,1.6144888,-0.5785592341561315
5,1,230529.04266967438,-0.5605,1.613897,-0.579337914732148
5,1,230534.0426704567,-0.5605,1.6133434,-0.5801165981737174
5,1,230539.042671239,-0.5605,1.6127516,-0.5808952769928241
5,1,230544.0426720213,-0.5605,1.612198,-0.5816739548130794
5,1,230549.04267280363,-0.5605,1.6117588,-0.5824526317533085
5,1,230554.04267358594,-0.5605,1.611148,-0.5832313106873561
5,1,230559.04267436825,-0.5605,1.6104608,-0.5840099877119889
5,1,230564.04267515056,-0.5605,1.610098,-0.5847886665502883
5,1,230569.04267593287,-0.5605,1.6094108,-0.5855673448112769
5,1,230574.04267671518,-0.5605,1.6087617,-0.5863460256906877
5,1,230579.0426774975,-0.5605,1.6083035,-0.5871247039526797
5,1,230584.0426782798,-0.5605,1.6076926,-0.5879033838243051
5,1,230589.0426790621,-0.5605,1.6069481,-0.588682061903536
5,1,230594.04267984442,-0.5605,1.6064708,-0.5894607419237955
5,1,230599.04268062674,-0.5605,1.6059172,-0.5902394196967248
5,1,230604.04268140905,-0.5605,1.6054018,-0.591018097320894
5,1,230609.04268219136,-0.5605,1.6045809,-0.5917967741581265
5,1,230614.04268297367,-0.5605,1.6041037,-0.5925754512848719
5,1,230619.04268375598,-0.5605,1.6035118,-0.5933541299824546
5,1,230624.0426845383,-0.5605,1.6029773,-0.5941328098409041
5,1,230629.0426853206,-0.5605,1.60229,-0.5949114917492434
5,1,230634.0426861029,-0.5605,1.6016601,-0.5956901713186533
5,1,230639.04268688522,-0.5605,1.6011828,-0.5964688518911002
5,1,230644.04268766753,-0.5605,1.6005337,-0.5972475346998372
5,1,230649.04268844984,-0.5605,1.5998847,-0.5980262144837145
5,1,230654.04268923216,-0.5605,1.5991592,-0.5988048933332858
5,1,230659.04269001447,-0.5605,1.5986438,-0.5995835708160133
5,1,230664.04269079678,-0.5605,1.5980139,-0.6003622482149532
5,1,230669.0426915791,-0.5605,1.5974793,-0.6011409267863198
5,1,230674.0426923614,-0.5605,1.5967157,-0.6019196046028233
5,1,230679.0426931437,-0.5605,1.595933,-0.6026982836172479
5,1,230684.04269392602,-0.5605,1.5954367,-0.6034769627074166
5,1,230689.04269470833,-0.5605,1.5948831,-0.6042556438772112
5,1,230694.04269549064,-0.5605,1.5943295,-0.6050343250719372
5,1,230699.04269627295,-0.5605,1.5935467,-0.6058130136553841
5,1,230704.04269705527,-0.5605,1.5928786,-0.6065917063670586
5,1,230709.04269783758,-0.5605,1.5924395,-0.6073704000141519
5,1,230714.0426986199,-0.5605,1.5917714,-0.6081490970158773
5,1,230719.0426994022,-0.5605,1.5909314,-0.6089277962386738
5,1,230724.0427001845,-0.5605,1.5902823,-0.6097064922417499
5,1,230729.04270096682,-0.5605,1.5895187,-0.6104851884764297
5,1,230734.04270174913,-0.5605,1.5888886,-0.6112638780171735
5,1,230739.04270253144,-0.5605,1.5882205,-0.612042561450034
5,1,230744.04270331375,-0.5605,1.5876478,-0.6128212454987562
5,1,230749.04270409606,-0.5605,1.5869033,-0.6135999288261992
5,1,230754.04270487837,-0.5605,1.586197,-0.6143786103623207
5,1,230759.0427056607,-0.5605,1.5854524,-0.6151572916794944
5,1,230764.042706443,-0.5605,1.5846697,-0.6159359702802163
5,1,230769.0427072253,-0.5605,1.5839825,-0.6167146509416132
5,1,230774.04270800762,-0.5605,1.5833716,-0.6174933315629325
5,1,230779.04270878993,-0.5605,1.582627,-0.6182720106000796
5,1,230784.04270957224,-0.5605,1.5818443,-0.6190506876712337
5,1,230789.04271035455,-0.5605,1.5812144,-0.6198293671528461
5,1,230794.04271113686,-0.5605,1.5805653,-0.6206080470115869
5,1,230799.04271191917,-0.5605,1.5798017,-0.6213867270716755
5,1,230804.04271270148,-0.5605,1.5790763,-0.6221654082789979
5,1,230809.0427134838,-0.5605,1.5784081,-0.6229440898134803
5,1,230814.0427142661,-0.5605,1.5775108,-0.6237227702172956
5,1,230819.04271504842,-0.5605,1.5768045,-0.6245014527704379
5,1,230824.04271583073,-0.5605,1.5759836,-0.6252801360965035
5,1,230829.04271661304,-0.5605,1.5753728,-0.6260588184851502
5,1,230834.04271739535,-0.5605,1.574571,-0.6268375025278755
5,1,230839.04271817766,-0.5605,1.5736547,-0.6276161818010736
5,1,230844.04271895997,-0.5605,1.572891,-0.6283948537409069
5,1,230849.04271974228,-0.5605,1.5721465,-0.6291735251940914
5,1,230854.0427205246,-0.5605,1.571421,-0.629952201771676
5,1,230859.0427213069,-0.5605,1.5706192,-0.6307308792037462
5,1,230864.04272208922,-0.5605,1.5699129,-0.6315095522937669
5,1,230869.04272287153,-0.5605,1.5689393,-0.6322882260261072
5,1,230874.04272365384,-0.5605,1.5682139,-0.6330669001862864
5,1,230879.04272443615,-0.5605,1.5674503,-0.6338455730475909
5,1,230884.04272521846,-0.5605,1.566553,-0.6346242419817275
5,1,230889.04272600077,-0.5605,1.5657704,-0.6354029131850659
5,1,230894.04272678308,-0.5605,1.5649877,-0.6361815802088737
5,1,230899.0427275654,-0.5605,1.5641286,-0.6369602489708424
5,1,230904.0427283477,-0.5605,1.5632695,-0.6377389184038136
5,1,230909.04272913001,-0.5605,1.5624295,-0.6385175900204209
5,1,230914.04272991233,-0.5605,1.5615513,-0.6392962610142556
5,1,230919.04273069464,-0.5605,1.5607497,-0.6400749326194287
5,1,230924.04273147695,-0.5605,1.5598905,-0.6408536057819553
5,1,230929.04273225926,-0.5605,1.5590696,-0.6416322798089776
5,1,230934.04273304157,-0.5605,1.5582488,-0.6424109530505565
5,1,230939.04273382388,-0.5605,1.5573515,-0.6431896296175712
5,1,230944.0427346062,-0.5605,1.5565879,-0.6439683059496211
5,1,230949.0427353885,-0.5605,1.5556906,-0.6447469837887049
5,1,230954.0427361708,-0.5605,1.5546789,-0.6455256594166451
5,1,230959.04273695312,-0.5605,1.5538007,-0.6463043369929619
5,1,230964.04273773544,-0.5605,1.5529989,-0.6470830137246046
5,1,230969.04273851775,-0.5605,1.5521208,-0.6478616891882016
5,1,230974.04273930006,-0.5605,1.5510708,-0.6486403667892047
5,1,230979.04274008237,-0.5605,1.5501354,-0.6494190422132606
5,1,230984.04274086468,-0.5605,1.549429,-0.6501977168467901
5,1,230989.042741647,-0.5605,1.5483218,-0.6509763927205962
5,1,230994.0427424293,-0.5605,1.5473483,-0.6517550664812686
5,1,230999.0427432116,-0.5605,1.5463938,-0.6525337434400084
5,1,231004.04274399392,-0.5605,1.5455346,-0.6533124228022392
5,1,231009.04274477623,-0.5605,1.5446565,-0.6540910976393716
5,1,231014.04274555854,-0.5605,1.5436637,-0.6548697715222997
5,1,231019.04274634086,-0.5605,1.5426902,-0.6556484436384071
5,1,231024.04274712317,-0.5605,1.5417356,-0.6564271175600154
5,1,231029.04274790548,-0.5605,1.5407811,-0.6572057899017296
5,1,231034.0427486878,-0.5605,1.5397694,-0.6579844658392663
5,1,231039.0427494701,-0.5605,1.5386239,-0.6587631435909862
5,1,231044.0427502524,-0.5605,1.537803,-0.6595418213473123
5,1,231049.04275103472,-0.5605,1.536734,-0.6603204980046943
5,1,231054.04275181703,-0.5605,1.535684,-0.6610991715643335
5,1,231059.04275259934,-0.5605,1.5347868,-0.6618778441622782
5,1,231064.04275338165,-0.5605,1.5338705,-0.6626565153875115
5,1,231069.04275416397,-0.5605,1.5326105,-0.6634351842638879
5,1,231074.04275494628,-0.5605,1.5316368,-0.6642138537909318
5,1,231079.0427557286,-0.5605,1.5305296,-0.664992523021469
5,1,231084.0427565109,-0.5605,1.529537,-0.6657711933320425
5,1,231089.0427572932,-0.5605,1.5284488,-0.6665498674264015
5,1,231094.04275807552,-0.5605,1.527208,-0.6673285425574973
5,1,231099.04275885783,-0.5605,1.5261389,-0.6681072155609655
5,1,231104.04275964014,-0.5605,1.5251653,-0.6688858903605932
5,1,231109.04276042245,-0.5605,1.5239626,-0.6696645665305317
5,1,231114.04276120476,-0.5605,1.5230081,-0.6704432404349772
5,1,231119.04276198708,-0.5605,1.5218245,-0.6712219126507535
5,1,231124.0427627694,-0.5605,1.5207554,-0.6720005868920479
5,1,231129.0427635517,-0.5605,1.51961,-0.6727792592493852
5,1,231134.042764334,-0.5605,1.518541,-0.6735579338201443
5,1,231139.04276511632,-0.5605,1.5173955,-0.6743366104915731
5,1,231144.04276589863,-0.5605,1.5162311,-0.6751152900783479
5,1,231149.04276668094,-0.5605,1.5150093,-0.6758939715353807
5,1,231154.04276746325,-0.5605,1.5139593,-0.6766726505918893
5,1,231159.04276824556,-0.5605,1.5126039,-0.6774513283545831
5,1,231164.04276902787,-0.5605,1.511573,-0.6782300071303174
5,1,231169.04276981018,-0.5605,1.5101413,-0.6790086821639066
5,1,231174.0427705925,-0.5605,1.509034,-0.6797873558208372
5,1,231179.0427713748,-0.5605,1.507774,-0.680566032902826
5,1,231184.04277215712,-0.5605,1.5066668,-0.681344709156605
5,1,231189.04277293943,-0.5605,1.5053114,-0.6821233872597275
5,1,231194.04277372174,-0.5605,1.5041087,-0.6829020667975272
5,1,231199.04277450405,-0.5605,1.5028678,-0.6836807427691313
5,1,231204.04277528636,-0.5605,1.5015506,-0.6844594212356401
5,1,231209.04277606867,-0.5605,1.5003479,-0.6852380966732825
5,1,231214.04277685098,-0.5605,1.4990115,-0.6860167736325488
5,1,231219.0427776333,-0.5605,1.4976561,-0.6867954505821922
5,1,231224.0427784156,-0.5605,1.4963771,-0.6875741277184213
5,1,231229.04277919792,-0.5605,1.4951744,-0.6883528039783363
5,1,231234.04277998023,-0.5605,1.4937809,-0.6891314782934743
5,1,231239.04278076254,-0.5605,1.4925017,-0.6899101539828272
5,1,231244.04278154485,-0.5605,1.49107,-0.6906888314020692
5,1,231249.04278232716,-0.5605,1.4897146,-0.6914675130011397
5,1,231254.04278310947,-0.5605,1.4885119,-0.6922461931612449
5,1,231259.04278389178,-0.5605,1.4869465,-0.6930248734926638
5,1,231264.0427846741,-0.5605,1.485591,-0.6938035525046345
5,1,231269.0427854564,-0.5605,1.4840448,-0.6945822308876936
5,1,231274.04278623872,-0.5605,1.4826894,-0.6953609093798191
5,1,231279.04278702103,-0.5605,1.481353,-0.6961395864443505
5,1,231284.04278780334,-0.5605,1.4797876,-0.6969182617825758
5,1,231289.04278858565,-0.5605,1.4784131,-0.6976969393714956
5,1,231294.04278936796,-0.5605,1.4769431,-0.6984756181133612
5,1,231299.04279015027,-0.5605,1.4757214,-0.6992542942553949
5,1,231304.04279093258,-0.5605,1.4738697,-0.7000329703005312
5,1,231309.0427917149,-0.5605,1.4724379,-0.7008116477726458
5,1,231314.0427924972,-0.5605,1.4709679,-0.7015903216212318
5,1,231319.0427932795,-0.5605,1.4693452,-0.7023689984132309
5,1,231324.04279406182,-0.5605,1.4676844,-0.7031476737708143
5,1,231329.04279484414,-0.5605,1.4662718,-0.7039263504973443
5,1,231334.04279562645,-0.5605,1.46463,-0.7047050287388555
5,1,231339.04279640876,-0.5605,1.4630836,-0.7054837069004104
5,1,231344.04279719107,-0.5605,1.4613655,-0.7062623865604393
5,1,231349.04279797338,-0.5605,1.4598764,-0.7070410655227064
5,1,231354.0427987557,-0.5605,1.458292,-0.707819744289808
5,1,231359.042799538,-0.5605,1.456612,-0.7085984225859335
5,1,231364.0428003203,-0.5605,1.4550848,-0.709377101356979
5,1,231369.04280110262,-0.5605,1.4533857,-0.7101557777639387
5,1,231374.04280188493,-0.5605,1.4517822,-0.7109344538819417
5,1,231379.04280266725,-0.5605,1.4501022,-0.7117131269430576
5,1,231384.04280344956,-0.5605,1.4481741,-0.7124917987067194
5,1,231389.04280423187,-0.5605,1.4466279,-0.7132704725370266
5,1,231394.04280501418,-0.5605,1.4447951,-0.714049144332514
5,1,231399.0428057965,-0.5605,1.4431725,-0.7148278197899055
5,1,231404.0428065788,-0.5605,1.4414543,-0.7156064951375384
5,1,231409.0428073611,-0.5605,1.4397935,-0.7163851690155889
5,1,231414.04280814342,-0.5605,1.437808,-0.7171638459188401
5,1,231419.04280892573,-0.5605,1.4359564,-0.7179425231587946
5,1,231424.04280970804,-0.5605,1.434181,-0.7187212017870307
5,1,231429.04281049035,-0.5605,1.4323101,-0.7194998811562021
5,1,231434.04281127267,-0.5605,1.4304392,-0.7202785587960673
5,1,231439.04281205498,-0.5605,1.4286829,-0.7210572358801556
5,1,231444.0428128373,-0.5605,1.4266784,-0.7218359128350806
5,1,231449.0428136196,-0.5605,1.424903,-0.7226145897132283
5,1,231454.0428144019,-0.5605,1.4229176,-0.7233932651661992
5,1,231459.04281518422,-0.5605,1.420894,-0.7241719427484135
5,1,231464.04281596653,-0.5605,1.4189469,-0.7249506200958981
5,1,231469.04281674884,-0.5605,1.4169806,-0.7257292960407231
5,1,231474.04281753115,-0.5605,1.4150143,-0.7265079688411117
5,1,231479.04281831346,-0.5605,1.4130671,-0.7272866446480811
5,1,231484.04281909578,-0.5605,1.4108716,-0.7280653195727892
5,1,231489.0428198781,-0.5605,1.4088863,-0.7288439906996449
5,1,231494.0428206604,-0.5605,1.4067482,-0.7296226612071455
5,1,231499.0428214427,-0.5605,1.4046482,-0.7304013334478299
5,1,231504.04282222502,-0.5605,1.4026246,-0.7311800015690485
5,1,231509.04282300733,-0.5605,1.4004483,-0.7319586697608457
5,1,231514.04282378964,-0.5605,1.398272,-0.7327373374623317
5,1,231519.04282457195,-0.5605,1.3961912,-0.7335160047601983
5,1,231524.04282535426,-0.5605,1.3939576,-0.7342946715576408
5,1,231529.04282613657,-0.5605,1.3916669,-0.7350733355504663
5,1,231534.04282691889,-0.5605,1.3895669,-0.7358520032676118
5,1,231539.0428277012,-0.5605,1.3873525,-0.7366306722196133
5,1,231544.0428284835,-0.5605,1.3848897,-0.7374093436167066
5,1,231549.04282926582,-0.5605,1.3827326,-0.7381880115015895
5,1,231554.04283004813,-0.5605,1.3801745,-0.7389666806662901
5,1,231559.04283083044,-0.5605,1.3779218,-0.7397453481218441
5,1,231564.04283161275,-0.5605,1.3755928,-0.7405240182262285
5,1,231569.04283239506,-0.5605,1.3732638,-0.7413026860153168
5,1,231574.04283317737,-0.5605,1.370782,-0.7420813556464371
5,1,231579.04283395968,-0.5605,1.3683575,-0.742860026008903
5,1,231584.042834742,-0.5605,1.365914,-0.743638693586428
5,1,231589.0428355243,-0.5605,1.3636231,-0.7444173586615315
5,1,231594.04283630662,-0.5605,1.3611033,-0.7451960254676068
5,1,231599.04283708893,-0.5605,1.3586788,-0.7459746939620499
5,1,231604.04283787124,-0.5605,1.355968,-0.746753360141528
5,1,231609.04283865355,-0.5605,1.3535244,-0.747532025153987
5,1,231614.04283943586,-0.5605,1.3508327,-0.7483106909088947
5,1,231619.04284021817,-0.5605,1.3483318,-0.7490893581983074
5,1,231624.04284100048,-0.5605,1.3456974,-0.7498680236563409
5,1,231629.0428417828,-0.5605,1.3429484,-0.7506466913831092
5,1,231634.0428425651,-0.5605,1.340104,-0.751425362211316
5,1,231639.04284334742,-0.5605,1.3375459,-0.7522040343978926
5,1,231644.04284412973,-0.5605,1.3349687,-0.7529827047508715
5,1,231649.04284491204,-0.5605,1.332296,-0.7537613746509643
5,1,231654.04284569435,-0.5605,1.329547,-0.754540044364978
5,1,231659.04284647666,-0.5605,1.3267217,-0.7553187138044428
5,1,231664.04284725897,-0.5605,1.3239726,-0.7560973844538256
5,1,231669.04284804128,-0.5605,1.3212618,-0.7568760598259758
5,1,231674.0428488236,-0.5605,1.318322,-0.7576547338164937
5,1,231679.0428496059,-0.5605,1.3156683,-0.758433407265818
5,1,231684.0428503882,-0.5605,1.3127284,-0.7592120774891534
5,1,231689.04285117052,-0.5605,1.3097695,-0.7599907494708557
5,1,231694.04285195284,-0.5605,1.3067341,-0.7607694178005383
5,1,231699.04285273515,-0.5605,1.3038706,-0.7615480865002267
5,1,231704.04285351746,-0.5605,1.300797,-0.7623267592717335
5,1,231709.04285429977,-0.5605,1.2978189,-0.7631054304186263
5,1,231714.04285508208,-0.5605,1.2948027,-0.7638841009231533
5,1,231719.0428558644,-0.5605,1.2918818,-0.7646627715133519
5,1,231724.0428566467,-0.5605,1.2888083,-0.7654414410880465
5,1,231729.042857429,-0.5605,1.2855821,-0.7662201128585264
5,1,231734.04285821132,-0.5605,1.2825658,-0.7669987837892762
5,1,231739.04285899363,-0.5605,1.2793205,-0.7677774582992055
5,1,231744.04285977595,-0.5605,1.2762088,-0.7685561337923035
5,1,231749.04286055826,-0.5605,1.2729825,-0.7693348067804666
5,1,231754.04286134057,-0.5605,1.2699089,-0.7701134805839451
5,1,231759.04286212288,-0.5605,1.2666826,-0.7708921561549597
5,1,231764.04286290472,-0.5605,1.2634946,-0.7716708330452434
5,1,231769.04286368703,-0.5605,1.2601728,-0.772449510231355
5,1,231774.04286446935,-0.5605,1.256832,-0.7732281897142653
5,1,231779.04286525166,-0.5605,1.2536058,-0.7740068685407895
5,1,231784.04286603397,-0.5605,1.2503031,-0.774785547573251
5,1,231789.04286681628,-0.5605,1.2470961,-0.775564229404432
5,1,231794.0428675986,-0.5605,1.2436979,-0.7763429086118696
5,1,231799.0428683809,-0.5605,1.2404717,-0.7771215827490778
5,1,231804.0428691632,-0.5605,1.2370354,-0.7779002583135557
5,1,231809.04286994552,-0.5605,1.2336564,-0.7786789323003913
5,1,231814.04287072783,-0.5605,1.2302393,-0.7794576098018413
5,1,231819.04287151014,-0.5605,1.2269176,-0.7802362856167746
5,1,231824.04287229246,-0.5605,1.2235004,-0.7810149606672783
5,1,231829.04287307477,-0.5605,1.2198732,-0.7817936351574055
5,1,231834.04287385708,-0.5605,1.2165134,-0.7825723135806049
5,1,231839.0428746394,-0.5605,1.2132871,-0.7833509880647651
5,1,231844.0428754217,-0.5605,1.2095644,-0.7841296646149216
5,1,231849.042876204,-0.5605,1.2061664,-0.784908339692201
5,1,231854.04287698632,-0.5605,1.202692,-0.7856870166236452
5,1,231857.72187755955,-0.5605,1.1999812,-0.7862599679745261
5,1,231857.72207755945,-0.5605,1.2000957,-0.7862599991248009
5,2,231857.72287755972,0.5605,1.2478191,6.185402141677008e-08
5,2,231862.7228783425,0.5605,1.3534099,0.0007783664071361223
5,2,231867.7228791248,0.5605,1.3879633,0.0015566720597015487
5,2,231872.72287990712,0.5605,1.4153197,0.0023349769906765884
5,2,231877.72288068943,0.5605,1.4390681,0.003113281035469638
5,2,231882.72288147174,0.5605,1.4607165,0.0038915874914791848
5,2,231887.72288225405,0.5605,1.4806467,0.004669895314964983
5,2,231892.72288303636,0.5605,1.4994698,0.005448203102178044
5,2,231897.72288381867,0.5605,1.5174146,0.0062265116624666585
5,2,231902.72288460098,0.5605,1.5346532,0.007004820617006885
5,2,231907.7228853833,0.5605,1.5513953,0.007783127434707351
5,2,231912.7228861656,0.5605,1.5674694,0.00856143758128749
5,2,231917.72288694791,0.5605,1.5832952,0.009339745352900691
5,2,231922.72288773023,0.5605,1.5987393,0.010118056156234609
5,2,231927.72288851254,0.5605,1.6139925,0.010896367199606365
5,2,231932.72288929485,0.5605,1.6287302,0.01167467526268959
5,2,231937.72289007716,0.5605,1.6433151,0.012452978077683183
5,2,231942.72289085947,0.5605,1.6576519,0.013231282822221517
5,2,231947.72289164178,0.5605,1.6719124,0.014009589493509795
5,2,231952.7228924241,0.5605,1.6858865,0.014787896101464826
5,2,231957.7228932064,0.5605,1.6996697,0.015566204221440684
5,2,231962.7228939887,0.5605,1.7133574,0.016344515874524908
5,2,231967.72289477102,0.5605,1.7266824,0.017122825288256007
5,2,231972.72289555334,0.5605,1.739912,0.017901133239653373
5,2,231977.72289633565,0.5605,1.7530462,0.018679440270546407
5,2,231982.72289711796,0.5605,1.7659512,0.019457745134009254
5,2,231987.72289790027,0.5605,1.7786462,0.02023605012478762
5,2,231992.72289868258,0.5605,1.7911695,0.02101435353113876
5,2,231997.7228994649,0.5605,1.8037118,0.021792657773001323
5,2,232002.7229002472,0.5605,1.8158151,0.022570962782535283
5,2,232007.7229010295,0.5605,1.8281093,0.023349269953946268
5,2,232012.72290181182,0.5605,1.839888,0.024127580439964925
5,2,232017.72290259413,0.5605,1.8513802,0.024905888067589862
5,2,232022.72290337645,0.5605,1.8628918,0.02568419015030728
5,2,232027.72290415876,0.5605,1.8737732,0.026462494415137497
5,2,232032.72290494107,0.5605,1.8847501,0.027240799454626104
5,2,232037.72290572338,0.5605,1.8955553,0.028019103537930377
5,2,232042.7229065057,0.5605,1.9058259,0.028797407230363947
5,2,232047.722907288,0.5605,1.91602,0.02957570944872498
5,2,232052.7229080703,0.5605,1.9258133,0.03035401026876767
5,2,232057.72290885262,0.5605,1.9355112,0.03113231012042694
5,2,232062.72290963493,0.5605,1.9448273,0.03191061356903446
5,2,232067.72291041724,0.5605,1.9538379,0.03268892016018761
5,2,232072.72291119955,0.5605,1.9624286,0.03346722920843296
5,2,232077.72291198187,0.5605,1.9709238,0.034245536459618135
5,2,232082.72291276418,0.5605,1.9791325,0.03502384002764025
5,2,232087.7229135465,0.5605,1.9869596,0.03580214073092738
5,2,232092.7229143288,0.5605,1.9946911,0.03658044258239864
5,2,232097.7229151111,0.5605,2.0018692,0.03735874592842988
5,2,232102.72291589342,0.5605,2.0091045,0.03813704878985218
5,2,232107.72291667573,0.5605,2.0158625,0.03891535332797301
5,2,232112.72291745804,0.5605,2.022582,0.039693658245394614
5,2,232117.72291824035,0.5605,2.0290728,0.04047196202699011
5,2,232122.72291902266,0.5605,2.0351245,0.04125026269389853
5,2,232127.72291980498,0.5605,2.041157,0.04202856671953531
5,2,232132.7229205873,0.5605,2.0469222,0.04280687136265303
5,2,232137.7229213696,0.5605,2.0525348,0.04358517814459071
5,2,232142.7229221519,0.5605,2.0579565,0.04436348248776461
5,2,232147.72292293422,0.5605,2.0630345,0.045141786625153474
5,2,232152.72292371653,0.5605,2.0681508,0.04592008998165195
5,2,232157.72292449884,0.5605,2.0729997,0.04669839272932541
5,2,232162.72292528115,0.5605,2.0778103,0.04747669395732547
5,2,232167.72292606346,0.5605,2.0822775,0.04825499644878836
5,2,232172.72292684577,0.5605,2.0867445,0.049033303344895425
5,2,232177.72292762809,0.5605,2.091078,0.04981161064056885
5,2,232182.7229284104,0.5605,2.095068,0.050589917588584936
5,2,232187.7229291927,0.5605,2.0990388,0.051368220308128314
5,2,232192.72292997502,0.5605,2.1029713,0.052146522069036944
5,2,232197.72293075733,0.5605,2.1067894,0.052924824067201864
5,2,232202.72293153964,0.5605,2.1104167,0.05370312968687877
5,2,232207.72293232195,0.5605,2.1140628,0.05448143299131259
5,2,232212.72293310426,0.5605,2.117499,0.05525973548967969
5,2,232217.72293388657,0.5605,2.120859,0.05603803730170592
5,2,232222.72293466888,0.5605,2.1241233,0.05681633639492589
5,2,232227.7229354512,0.5605,2.1272352,0.05759463681640888
5,2,232232.7229362335,0.5605,2.1302323,0.05837293626237576
5,2,232237.72293701582,0.5605,2.1332104,0.05915123969612848
5,2,232242.72293779766,0.5605,2.1361504,0.05992954362083804
5,2,232247.72293857997,0.5605,2.1391475,0.06070784560754562
5,2,232252.72293936228,0.5605,2.141801,0.06148614904013605
5,2,232257.7229401446,0.5605,2.1444929,0.062264452255954325
5,2,232262.7229409269,0.5605,2.1470318,0.06304275642473166
5,2,232267.72294170922,0.5605,2.1495707,0.06382106080270805
5,2,232272.72294249153,0.5605,2.1520333,0.06459936359950567
5,2,232277.72294327384,0.5605,2.1546679,0.06537766850985088
5,2,232282.72294405615,0.5605,2.156825,0.06615597432254419
5,2,232287.72294483846,0.5605,2.1591923,0.06693427959909372
5,2,232292.72294562077,0.5605,2.1615787,0.06771258800653947
5,2,232297.72294640308,0.5605,2.163793,0.06849089335266086
5,2,232302.7229471854,0.5605,2.1659694,0.06926920155609646
5,2,232307.7229479677,0.5605,2.1679738,0.07004750775170325
5,2,232312.72294875002,0.5605,2.1700928,0.07082581774843731
5,2,232317.72294953233,0.5605,2.172212,0.07160412787101665
5,2,232322.72295031464,0.5605,2.1739874,0.07238243908672862
5,2,232327.72295109695,0.5605,2.176049,0.0731607486455904
5,2,232332.72295187926,0.5605,2.1778626,0.07393905708961022
5,2,232337.72295266157,0.5605,2.1797335,0.07471736529533067
5,2,232342.72295344388,0.5605,2.1814897,0.07549567499527003
5,2,232347.7229542262,0.5605,2.1831696,0.07627398658273948
5,2,232352.7229550085,0.5605,2.1850023,0.07705230058670044
5,2,232357.7229557908,0.5605,2.1867588,0.07783061408734653
5,2,232362.72295657312,0.5605,2.1884959,0.0786089278003772
5,2,232367.72295735544,0.5605,2.1901948,0.07938724087261823
5,2,232372.72295813775,0.5605,2.1915886,0.08016555556833745
5,2,232377.72295892006,0.5605,2.193364,0.08094387145757675
5,2,232382.72295970237,0.5605,2.194834,0.08172218565232556
5,2,232387.72296048468,0.5605,2.1964183,0.08250050070157648
5,2,232392.722961267,0.5605,2.1977546,0.08327881489657032
5,2,232397.7229620493,0.5605,2.1993964,0.08405712375197479
5,2,232402.7229628316,0.5605,2.2006946,0.08483543238823284
5,2,232407.72296361392,0.5605,2.20226,0.085613743610147
5,2,232412.72296439623,0.5605,2.2036917,0.08639205320568881
5,2,232417.72296517855,0.5605,2.2049518,0.08717036165000334
5,2,232422.72296596086,0.5605,2.2062309,0.08794867032051751
5,2,232427.72296674317,0.5605,2.2076054,0.08872698102108639
5,2,232432.72296752548,0.5605,2.209018,0.08950529241000284
5,2,232437.7229683078,0.5605,2.2103543,0.09028360122182967
5,2,232442.7229690901,0.5605,2.211595,0.09106191109278138
5,2,232447.7229698724,0.5605,2.2129889,0.09184022227235306
5,2,232452.72297065472,0.5605,2.2141914,0.09261853404289817
5,2,232457.72297143703,0.5605,2.2154706,0.0933968455804388
5,2,232462.72297221934,0.5605,2.2166731,0.09417515782362557
5,2,232467.72297300166,0.5605,2.2178378,0.09495346628127167
5,2,232472.72297378397,0.5605,2.2190213,0.09573177547585636
5,2,232477.72297456628,0.5605,2.2201667,0.09651008926676713
5,2,232482.7229753486,0.5605,2.2213886,0.09728840300614637
5,2,232487.7229761309,0.5605,2.2224386,0.09806671578608621
5,2,232492.7229769132,0.5605,2.2235649,0.09884502606063421
5,2,232497.72297769552,0.5605,2.2247865,0.09962333734294775
5,2,232502.72297847783,0.5605,2.2258174,0.10040164447555279
5,2,232507.72297926014,0.5605,2.2269628,0.1011799532230033
5,2,232512.72298004245,0.5605,2.228089,0.1019582617906564
5,2,232517.72298082476,0.5605,2.228929,0.10273657057684993
5,2,232522.72298160708,0.5605,2.2302463,0.10351487889729608
5,2,232527.7229823894,0.5605,2.2313535,0.10429318748812214
5,2,232532.7229831717,0.5605,2.2324417,0.10507149709713129
5,2,232537.722983954,0.5605,2.2334726,0.10584980764388377
5,2,232542.72298473632,0.5605,2.2344272,0.10662811778018211
5,2,232547.72298551863,0.5605,2.2353435,0.10740642766063083
5,2,232552.72298630094,0.5605,2.2365272,0.10818473789707159
5,2,232557.72298708325,0.5605,2.2374816,0.10896304749125243
5,2,232562.72298786556,0.5605,2.2385697,0.1097413569426338
5,2,232567.72298864787,0.5605,2.239467,0.11051966803803379
5,2,232572.72298943019,0.5605,2.2404597,0.11129797752448917
5,2,232577.7229902125,0.5605,2.2414525,0.11207628344585499
5,2,232582.7229909948,0.5605,2.2423306,0.11285458873237504
5,2,232587.72299177712,0.5605,2.2433996,0.11363289425019754
5,2,232592.72299255943,0.5605,2.2441823,0.11441120159869393
5,2,232597.72299334174,0.5605,2.2452705,0.11518950638136931
5,2,232602.72299412405,0.5605,2.2463586,0.1159678138583733
5,2,232607.72299490636,0.5605,2.2472367,0.11674611912851202
5,2,232612.72299568867,0.5605,2.2480958,0.11752442529364758
5,2,232617.72299647098,0.5605,2.2489357,0.11830272979368767
5,2,232622.7229972533,0.5605,2.249795,0.11908103449975452
5,2,232627.7229980356,0.5605,2.2509022,0.11985934162418048
5,2,232632.72299881792,0.5605,2.2517421,0.12063764919324717
5,2,232637.72299960023,0.5605,2.2526965,0.12141595571970609
5,2,232642.72300038254,0.5605,2.2537847,0.1221942636714379
5,2,232647.72300116485,0.5605,2.254682,0.12297257105983629
5,2,232652.72300194716,0.5605,2.2555792,0.12375087692477969
5,2,232657.72300272947,0.5605,2.2564573,0.12452918817575442
5,2,232662.72300351178,0.5605,2.2572591,0.12530749919992687
5,2,232667.7230042941,0.5605,2.2581754,0.12608581215834289
5,2,232672.7230050764,0.5605,2.2590537,0.12686412893504237
5,2,232677.72300585872,0.5605,2.259989,0.12764244600114227
5,2,232682.72300664103,0.5605,2.2609437,0.12842076179245446
5,2,232687.72300742334,0.5605,2.261879,0.12919907558240493
5,2,232692.72300820565,0.5605,2.262509,0.12997738759569658
5,2,232697.72300898796,0.5605,2.2636926,0.13075569944961535
5,2,232702.72300977027,0.5605,2.2644372,0.1315340148542921
5,2,232707.72301055258,0.5605,2.2652962,0.1323123315823244
5,2,232712.7230113349,0.5605,2.266098,0.13309064509842133
5,2,232717.7230121172,0.5605,2.2669952,0.13386895664749546
5,2,232722.7230128995,0.5605,2.267969,0.13464726732789148
5,2,232727.72301368183,0.5605,2.268675,0.135425578003943
5,2,232732.72301446414,0.5605,2.2696679,0.1362038875260751
5,2,232737.72301524645,0.5605,2.270565,0.13698220179995899
5,2,232742.72301602876,0.5605,2.2712715,0.13776051731145386
5,2,232747.72301681107,0.5605,2.2722642,0.1385388324232466
5,2,232752.72301759338,0.5605,2.2731423,0.13931714713310536
5,2,232757.7230183757,0.5605,2.2740014,0.14009546145291463
5,2,232762.723019158,0.5605,2.274784,0.140873776525716
5,2,232767.7230199403,0.5605,2.2757194,0.14165209296151665
5,2,232772.72302072262,0.5605,2.276483,0.142430407385591
5,2,232777.72302150493,0.5605,2.2773995,0.14320871965868606
5,2,232782.72302228725,0.5605,2.278182,0.14398703020939893
5,2,232787.72302306956,0.5605,2.2790604,0.14476534152359433
5,2,232792.72302385187,0.5605,2.280053,0.14554365623090665
5,2,232797.72302463418,0.5605,2.2808356,0.1463219690941175
5,2,232802.7230254165,0.5605,2.2816947,0.1471002788902223
5,2,232807.7230261988,0.5605,2.2824583,0.14787858650813168
5,2,232812.7230269811,0.5605,2.2833364,0.14865689430755377
5,2,232817.72302776342,0.5605,2.284272,0.1494351998942064
5,2,232822.72302854573,0.5605,2.285131,0.1502135055410299
5,2,232827.72302932804,0.5605,2.286009,0.15099181414184967
5,2,232832.72303011036,0.5605,2.2868109,0.15177011825172107
5,2,232837.72303089267,0.5605,2.2876508,0.15254842336453994
5,2,232842.72303167498,0.5605,2.2885482,0.1533267325297561
5,2,232847.7230324573,0.5605,2.289369,0.15410503759326205
5,2,232852.7230332396,0.5605,2.2902853,0.15488334289496475
5,2,232857.7230340219,0.5605,2.2912016,0.1556616460710797
5,2,232862.72303480422,0.5605,2.2919843,0.15643995122276744
5,2,232867.72303558653,0.5605,2.2928817,0.1572182540198399
5,2,232872.72303636884,0.5605,2.293626,0.1579965546935863
5,2,232877.72303715115,0.5605,2.2947335,0.15877485260334945
5,2,232882.72303793347,0.5605,2.2954206,0.15955315429123906
5,2,232887.72303871578,0.5605,2.2963178,0.16033145621087486
5,2,232892.7230394981,0.5605,2.296986,0.16110975743236808
5,2,232897.7230402804,0.5605,2.2980552,0.16188806141726178
5,2,232902.7230410627,0.5605,2.2989523,0.1626663648543921
5,2,232907.72304184502,0.5605,2.2998114,0.16344466867307825
5,2,232912.72304262733,0.5605,2.3006704,0.16422297589735854
5,2,232917.72304340964,0.5605,2.3014722,0.16500128367605146
5,2,232922.72304419195,0.5605,2.3024077,0.16577958695000414
5,2,232927.72304497426,0.5605,2.3032286,0.16655789327174428
5,2,232932.72304575657,0.5605,2.304164,0.16733619762680269
5,2,232937.7230465389,0.5605,2.3050613,0.1681144992027879
5,2,232942.7230473212,0.5605,2.3059013,0.16889279940550198
5,2,232947.7230481035,0.5605,2.3068366,0.16967110249819028
5,2,232952.72304888582,0.5605,2.307734,0.17044940411937237
5,2,232957.72304966813,0.5605,2.3084211,0.17122770824413167
5,2,232962.72305045044,0.5605,2.3095284,0.17200601204329066
5,2,232967.72305123275,0.5605,2.3103683,0.17278431401094133
5,2,232972.72305201506,0.5605,2.311132,0.1735626172075702
5,2,232977.72305279737,0.5605,2.3121247,0.17434092129159967
5,2,232982.72305357968,0.5605,2.313022,0.17511922601016364
5,2,232987.723054362,0.5605,2.3138046,0.1758975307583842
5,2,232992.7230551443,0.5605,2.3145683,0.17667583688804178
5,2,232997.72305592662,0.5605,2.3155608,0.17745413795913262
5,2,233002.72305670893,0.5605,2.3165345,0.17823244243871506
5,2,233007.72305749124,0.5605,2.31747,0.17901074898319114
5,2,233012.72305827355,0.5605,2.3181953,0.1797890549006992
5,2,233017.72305905586,0.5605,2.3192835,0.18056736011168695
5,2,233022.72305983817,0.5605,2.3201234,0.18134566188337078
5,2,233027.72306062048,0.5605,2.3210018,0.18212396265502775
5,2,233032.7230614028,0.5605,2.321746,0.18290226004167734
5,2,233037.7230621851,0.5605,2.3228533,0.18368056156825693
5,2,233042.72306296742,0.5605,2.323789,0.18445886644061743
5,2,233047.72306374973,0.5605,2.324858,0.18523717301320705
5,2,233052.72306453204,0.5605,2.3256598,0.18601548070283738
5,2,233057.72306531435,0.5605,2.3265188,0.186793786301454
5,2,233062.72306609666,0.5605,2.3275878,0.18757209295442379
5,2,233067.72306687897,0.5605,2.3283134,0.18835039742962198
5,2,233072.72306766128,0.5605,2.3292105,0.1891287022077111
5,2,233077.7230684436,0.5605,2.3302414,0.18990700825103796
5,2,233082.7230692259,0.5605,2.331215,0.19068531216265766
5,2,233087.72307000821,0.5605,2.3322268,0.1914636163501111
5,2,233092.72307079053,0.5605,2.3332386,0.19224192117335406
5,2,233097.72307157284,0.5605,2.3341548,0.19302022743074437
5,2,233102.72307235515,0.5605,2.3349757,0.1937985342044533
5,2,233107.72307313746,0.5605,2.3359876,0.19457683891579847
5,2,233112.72307391977,0.5605,2.3370185,0.19535514465940004
5,2,233117.72307470208,0.5605,2.3378584,0.19613345055273843
5,2,233122.7230754844,0.5605,2.3387365,0.19691175561358867
5,2,233127.7230762667,0.5605,2.3397865,0.19769005745619872
5,2,233132.723077049,0.5605,2.3406646,0.19846835975369484
5,2,233137.72307783132,0.5605,2.3417337,0.19924666192702456
5,2,233142.72307861364,0.5605,2.3427074,0.20002496446058488
5,2,233147.72307939595,0.5605,2.3436809,0.200803267660896
5,2,233152.72308017826,0.5605,2.3447118,0.2015815687938399
5,2,233157.72308096057,0.5605,2.3454564,0.20235987146701417
5,2,233162.72308174288,0.5605,2.3464298,0.20313817526130876
5,2,233167.7230825252,0.5605,2.3476326,0.203916477159467
5,2,233172.7230833075,0.5605,2.348587,0.2046947806563543
5,2,233177.7230840898,0.5605,2.3494463,0.20547308424824146
5,2,233182.72308487212,0.5605,2.3505535,0.2062513880993426
5,2,233187.72308565443,0.5605,2.3514698,0.20702969014764827
5,2,233192.72308643674,0.5605,2.3524625,0.20780799240336817
5,2,233197.72308721906,0.5605,2.3535507,0.20858629624628028
5,2,233202.72308800137,0.5605,2.3544288,0.20936459860139092
5,2,233207.72308878368,0.5605,2.3552687,0.21014290122153031
5,2,233212.723089566,0.5605,2.356586,0.21092120539359252
5,2,233217.7230903483,0.5605,2.3575213,0.211699507309407
5,2,233222.7230911306,0.5605,2.3585904,0.21247780943756966
5,2,233227.72309191292,0.5605,2.3596022,0.2132561112435129
5,2,233232.72309269523,0.5605,2.360576,0.2140344112355676
5,2,233237.72309347754,0.5605,2.3617213,0.21481270967808036
5,2,233242.72309425985,0.5605,2.3626184,0.21559100835026637
5,2,233247.72309504217,0.5605,2.3637066,0.2163693072217703
5,2,233252.72309582448,0.5605,2.364604,0.21714761048002046
5,2,233257.7230966068,0.5605,2.3657875,0.21792591587923635
5,2,233262.7230973891,0.5605,2.3667228,0.21870422278979754
5,2,233267.7230981714,0.5605,2.367811,0.21948252851212688
5,2,233272.72309895372,0.5605,2.368842,0.2202608301126063
5,2,233277.72309973603,0.5605,2.369949,0.22103913236240216
5,2,233282.72310051834,0.5605,2.3708084,0.22181743766123058
5,2,233287.72310130065,0.5605,2.3718965,0.22259574433112808
5,2,233292.72310208296,0.5605,2.3728127,0.22337405135282876
5,2,233297.72310286527,0.5605,2.373958,0.22415235824608803
5,2,233302.7231036476,0.5605,2.375008,0.22493065992124214
5,2,233307.7231044299,0.5605,2.3760772,0.2257089635229111
5,2,233312.7231052122,0.5605,2.3770509,0.2264872699393531
5,2,233317.72310599452,0.5605,2.378139,0.22726557717290854
5,2,233322.72310677683,0.5605,2.3793035,0.22804388427522782
5,2,233327.72310755914,0.5605,2.380468,0.22882219237437848
5,2,233332.72310834145,0.5605,2.3814225,0.2296005020545026
5,2,233337.72310912376,0.5605,2.382568,0.23037881019125056
5,2,233342.72310990607,0.5605,2.3835032,0.23115712020169038
5,2,233347.72311068838,0.5605,2.3846104,0.2319354312345088
5,2,233352.7231114707,0.5605,2.3856795,0.23271374105837284
5,2,233357.723112253,0.5605,2.3866723,0.23349205041215823
5,2,233362.72311303532,0.5605,2.3880277,0.23427036362805306
5,2,233367.72311381763,0.5605,2.389154,0.23504867654930225
5,2,233372.72311459994,0.5605,2.3901849,0.2358269882608487
5,2,233377.72311538225,0.5605,2.3913112,0.23660529715379414
5,2,233382.72311616456,0.5605,2.392514,0.23738360548744933
5,2,233387.72311694687,0.5605,2.3934302,0.23816191350584562
5,2,233392.72311772918,0.5605,2.3944802,0.23894022058988282
5,2,233397.7231185115,0.5605,2.3958929,0.23971852885567813
5,2,233402.7231192938,0.5605,2.3967137,0.24049683762124846
5,2,233407.72312007612,0.5605,2.3977637,0.2412751451463501
5,2,233412.72312085843,0.5605,2.3990428,0.24205344885934726
5,2,233417.72312164074,0.5605,2.4001882,0.2428317531079286
5,2,233422.72312242305,0.5605,2.401181,0.24361006106305455
5,2,233427.72312320536,0.5605,2.4023836,0.24438837050184278
5,2,233432.72312398767,0.5605,2.4035864,0.24516668093424376
5,2,233437.72312476998,0.5605,2.404579,0.24594499416862597
5,2,233442.7231255523,0.5605,2.4055908,0.24672330445828375
5,2,233447.7231263346,0.5605,2.40687,0.24750161641676893
5,2,233452.72312711691,0.5605,2.4081106,0.24827993012485905
5,2,233457.72312789923,0.5605,2.4090462,0.2490582396683925
5,2,233462.72312868154,0.5605,2.410287,0.24983654949029288
5,2,233467.72312946385,0.5605,2.4113178,0.250614861499644
5,2,233472.72313024616,0.5605,2.4125016,0.25139317681445017
5,2,233477.72313102847,0.5605,2.4137805,0.2521714917788969
5,2,233482.72313181078,0.5605,2.4148686,0.25294980715042686
5,2,233487.7231325931,0.5605,2.4161096,0.253728123114619
5,2,233492.7231333754,0.5605,2.417064,0.25450644148163004
5,2,233497.7231341577,0.5605,2.4182096,0.25528476045854226
5,2,233502.72313494002,0.5605,2.419603,0.25606307997118105
5,2,233507.72313572234,0.5605,2.4205384,0.25684139861952265
5,2,233512.72313650465,0.5605,2.4218938,0.25761971923815213
5,2,233517.72313728696,0.5605,2.422982,0.25839803872740935
5,2,233522.7231380688,0.5605,2.4241657,0.2591763582095041
5,2,233527.7231388511,0.5605,2.4252155,0.2599546751476858
5,2,233532.72313963342,0.5605,2.4265137,0.260732992685669
5,2,233537.72314041574,0.5605,2.4277356,0.26151130652132304
5,2,233542.72314119805,0.5605,2.4288046,0.26228962249721427
5,2,233547.72314198036,0.5605,2.429969,0.26306793658851924
5,2,233552.72314276267,0.5605,2.4311144,0.263846249709997
5,2,233557.72314354498,0.5605,2.432508,0.26462456302751775
5,2,233562.7231443273,0.5605,2.4334817,0.26540287661047124
5,2,233567.7231451096,0.5605,2.4346843,0.2661811890902222
5,2,233572.7231458919,0.5605,2.4359062,0.2669595052400365
5,2,233577.72314667422,0.5605,2.436937,0.2677378245974317
5,2,233582.72314745653,0.5605,2.4382353,0.26851614243168315
5,2,233587.72314823885,0.5605,2.4393425,0.26929446372411
5,2,233592.72314902116,0.5605,2.4403732,0.2700727855775523
5,2,233597.72314980347,0.5605,2.441786,0.2708511047616569
5,2,233602.72315058578,0.5605,2.4427786,0.27162942166596665
5,2,233607.7231513681,0.5605,2.4440005,0.27240774107722787
5,2,233612.7231521504,0.5605,2.4452221,0.27318606159980113
5,2,233617.7231529327,0.5605,2.4463487,0.27396438099956527
5,2,233622.72315371502,0.5605,2.4473412,0.2747426988991037
5,2,233627.72315449733,0.5605,2.4484484,0.27552101646755817
5,2,233632.72315527964,0.5605,2.449594,0.2762993350165985
5,2,233637.72315606195,0.5605,2.4508538,0.2770776522193884
5,2,233642.72315684427,0.5605,2.4518085,0.27785597020765496
5,2,233647.72315762658,0.5605,2.4529538,0.2786342881621522
5,2,233652.7231584089,0.5605,2.4541948,0.27941260522910644
5,2,233657.7231591912,0.5605,2.4552636,0.2801909207426179
5,2,233662.7231599735,0.5605,2.4564664,0.28096923592045264
5,2,233667.72316075582,0.5605,2.4575927,0.2817475538087125
5,2,233672.72316153813,0.5605,2.4586809,0.2825258715949259
5,2,233677.72316232044,0.5605,2.459769,0.2833041898914213
5,2,233682.72316310275,0.5605,2.461029,0.2840825114248728
5,2,233687.72316388506,0.5605,2.4620025,0.28486083233007475
5,2,233692.72316466738,0.5605,2.4630334,0.2856391529143918
5,2,233697.7231654497,0.5605,2.4643126,0.2864174705605343
5,2,233702.723166232,0.5605,2.4653244,0.28719578852992605
5,2,233707.7231670143,0.5605,2.466336,0.2879741049340601
5,2,233712.72316779662,0.5605,2.4675388,0.28875242203787654
5,2,233717.72316857893,0.5605,2.4683216,0.28953073715278527
5,2,233722.72316936124,0.5605,2.469677,0.29030905431311016
5,2,233727.72317014355,0.5605,2.4706314,0.29108736869323604
5,2,233732.72317092586,0.5605,2.4719868,0.2918656818251446
5,2,233737.72317170817,0.5605,2.4727314,0.2926439936208826
5,2,233742.72317249049,0.5605,2.4739914,0.29342230648100065
5,2,233747.7231732728,0.5605,2.475003,0.29420062150424076
5,2,233752.7231740551,0.5605,2.476072,0.2949789349480373
5,2,233757.72317483742,0.5605,2.4770458,0.29575724922637164
5,2,233762.72317561973,0.5605,2.4780958,0.2965355600444544
5,2,233767.72317640204,0.5605,2.4790502,0.29731387079477
5,2,233772.72317718435,0.5605,2.4801764,0.298092183453123
5,2,233777.72317796666,0.5605,2.4809783,0.29887049611187333
5,2,233782.72317874897,0.5605,2.481971,0.29964881074607064
5,2,233787.72317953128,0.5605,2.4831355,0.30042712680554745
5,2,233792.7231803136,0.5605,2.4841282,0.30120544420994017
5,2,233797.7231810959,0.5605,2.4850638,0.3019837598783807
5,2,233802.72318187822,0.5605,2.4860182,0.30276207758677365
5,2,233807.72318266053,0.5605,2.487011,0.30354039470066324
5,2,233812.72318344284,0.5605,2.4882135,0.30431871085401074
5,2,233817.72318422515,0.5605,2.4890153,0.30509702922661464
5,2,233822.72318500746,0.5605,2.4899125,0.30587535166833163
5,2,233827.72318578977,0.5605,2.490829,0.3066536717651986
5,2,233832.72318657208,0.5605,2.4917834,0.3074319919018715
5,2,233837.7231873544,0.5605,2.4927762,0.3082103101650479
5,2,233842.7231881367,0.5605,2.4937308,0.3089886300320595
5,2,233847.72318891902,0.5605,2.4945517,0.30976694957649403
5,2,233852.72318970133,0.5605,2.4954488,0.31054526761897433
5,2,233857.72319048364,0.5605,2.496365,0.3113235869303878
5,2,233862.72319126595,0.5605,2.4970143,0.31210190526361625
5,2,233867.72319204826,0.5605,2.4980834,0.31288022379315256
5,2,233872.72319283057,0.5605,2.4990377,0.3136585430399248
5,2,233877.72319361288,0.5605,2.499706,0.31443685934294946
5,2,233882.7231943952,0.5605,2.5006032,0.3152151740601131
5,2,233887.7231951775,0.5605,2.5014431,0.31599348969158886
5,2,233892.7231959598,0.5605,2.5022259,0.31677180484382333
5,2,233897.72319674212,0.5605,2.503123,0.3175501220295862
5,2,233902.72319752444,0.5605,2.5038486,0.31832843661198046
5,2,233907.72319830675,0.5605,2.504574,0.3191067536645004
5,2,233912.72319908906,0.5605,2.5055666,0.31988506697127245
5,2,233917.72319987137,0.5605,2.506254,0.32066337969070696
5,2,233922.72320065368,0.5605,2.5070367,0.321441694817338
5,2,233927.723201436,0.5605,2.5078957,0.3222200125682787
5,2,233932.7232022183,0.5605,2.5085256,0.32299833093052466
5,2,233937.7232030006,0.5605,2.5093465,0.3237766489862339
5,2,233942.72320378292,0.5605,2.5101292,0.3245549652432736
5,2,233947.72320456523,0.5605,2.510721,0.3253332806869947
5,2,233952.72320534755,0.5605,2.5116374,0.3261116005999118
5,2,233957.72320612986,0.5605,2.5123246,0.32688991803837186
5,2,233962.72320691217,0.5605,2.5131454,0.32766823351355756
5,2,233967.72320769448,0.5605,2.5139472,0.32844654928487904
5,2,233972.7232084768,0.5605,2.5143101,0.3292248595477677
5,2,233977.7232092591,0.5605,2.5152645,0.33000317197312945
5,2,233982.7232100414,0.5605,2.5158944,0.33078148557401066
5,2,233987.72321082372,0.5605,2.5165436,0.3315598011668195
5,2,233992.72321160603,0.5605,2.5173073,0.3323381136862175
5,2,233997.72321238834,0.5605,2.5179372,0.3331164278641379
5,2,234002.72321317066,0.5605,2.5185099,0.33389473988223106
5,2,234007.72321395297,0.5605,2.519369,0.3346730532227327
5,2,234012.72321473528,0.5605,2.520018,0.3354513659787545
5,2,234017.7232155176,0.5605,2.5206099,0.3362296790843443
5,2,234022.7232162999,0.5605,2.5212398,0.33700798886015043
5,2,234027.7232170822,0.5605,2.521908,0.3377862984538379
5,2,234032.72321786452,0.5605,2.5226333,0.3385646093750698
5,2,234037.72321864683,0.5605,2.5232444,0.33934292093740265
5,2,234042.72321942914,0.5605,2.5239697,0.3401212316924568
5,2,234047.72322021145,0.5605,2.524466,0.34089954460834154
5,2,234052.72322099376,0.5605,2.525096,0.3416778591787685
5,2,234057.72322177608,0.5605,2.525688,0.34245617325368877
5,2,234062.7232225584,0.5605,2.5263941,0.3432344873275991
5,2,234067.7232233407,0.5605,2.5270243,0.344012801709225
5,2,234072.723224123,0.5605,2.5274823,0.3447911157200504
5,2,234077.72322490532,0.5605,2.5279405,0.3455694286951325
5,2,234082.72322568763,0.5605,2.5287232,0.34634773990249984
5,2,234087.72322646994,0.5605,2.5293531,0.3471260531464155
5,2,234092.72322725225,0.5605,2.5300214,0.3479043630803229
5,2,234097.72322803456,0.5605,2.530556,0.3486826771020162
5,2,234102.72322881687,0.5605,2.5311859,0.34946098851233404
5,2,234107.72322959919,0.5605,2.5317204,0.3502392993996542
5,2,234112.7232303815,0.5605,2.532255,0.3510176100231179
5,2,234117.7232311638,0.5605,2.5327322,0.35179592107081425
5,2,234122.72323194612,0.5605,2.533152,0.3525742293556698
5,2,234127.72323272843,0.5605,2.5335722,0.3533525373767483
5,2,234132.72323351074,0.5605,2.534374,0.35413084593675215
5,2,234137.72323429305,0.5605,2.534851,0.3549091561168599
5,2,234142.72323507536,0.5605,2.5354047,0.35568746514931665
5,2,234147.72323585767,0.5605,2.5357866,0.35646577219574993
5,2,234152.72323663998,0.5605,2.5365121,0.3572440818338064
5,2,234157.7232374223,0.5605,2.5370848,0.35802238971095957
5,2,234162.7232382046,0.5605,2.537581,0.3588006995814808
5,2,234167.72323898692,0.5605,2.537963,0.35957900991419633
5,2,234172.72323976923,0.5605,2.5387266,0.3603573188641503
5,2,234177.72324055154,0.5605,2.539242,0.36113562816826184
5,2,234182.72324133385,0.5605,2.5397575,0.36191393790333815
5,2,234187.72324211616,0.5605,2.5402346,0.36269224518121956
5,2,234192.72324289847,0.5605,2.5407882,0.36347055060297595
5,2,234197.72324368078,0.5605,2.5413227,0.36424885662695117
5,2,234202.7232444631,0.5605,2.54201,0.3650271608356901
5,2,234207.7232452454,0.5605,2.54243,0.3658054659584
5,2,234212.72324602772,0.5605,2.5429263,0.36658377211900234
5,2,234217.72324681003,0.5605,2.5432508,0.3673620768264302
5,2,234222.72324759234,0.5605,2.543919,0.368140380093982
5,2,234227.72324837465,0.5605,2.544568,0.3689186832121182
5,2,234232.72324915696,0.5605,2.5448353,0.3696969893921847
5,2,234237.72324993927,0.5605,2.5454464,0.3704752956106565
5,2,234242.72325072158,0.5605,2.545809,0.3712535998021465
5,2,234247.7232515039,0.5605,2.546477,0.37203190617732884
5,2,234252.7232522862,0.5605,2.5468972,0.3728102127625977
5,2,234257.7232530685,0.5605,2.5473745,0.3735885200530855
5,2,234262.72325385083,0.5605,2.5477753,0.3743668303214578
5,2,234267.72325463314,0.5605,2.5483289,0.37514513605649946
5,2,234272.72325541545,0.5605,2.5488825,0.37592344226701735
5,2,234277.72325619776,0.5605,2.5494933,0.3767017473436827
5,2,234282.72325698007,0.5605,2.5497224,0.3774800524866417
5,2,234287.72325776238,0.5605,2.5502188,0.37825835440836364
5,2,234292.7232585447,0.5605,2.5506961,0.37903665677651777
5,2,234297.723259327,0.5605,2.5513833,0.3798149614152049
5,2,234302.7232601093,0.5605,2.5516505,0.3805932671374481
5,2,234307.72326089162,0.5605,2.552185,0.3813715728530885
5,2,234312.72326167393,0.5605,2.5526814,0.38214987994170196
5,2,234317.72326245625,0.5605,2.5532925,0.3829281871454253
5,2,234322.72326323856,0.5605,2.5535405,0.38370649819289987
5,2,234327.72326402087,0.5605,2.5541134,0.3844848071045844
5,2,234332.72326480318,0.5605,2.5545523,0.38526311605314756
5,2,234337.7232655855,0.5605,2.5550296,0.3860414253505635
5,2,234342.7232663678,0.5605,2.555545,0.3868197337689931
5,2,234347.7232671501,0.5605,2.5559268,0.3875980421038503
5,2,234352.72326793242,0.5605,2.556557,0.3883763512472677
5,2,234357.72326871473,0.5605,2.5568624,0.38915465789253195
5,2,234362.72326949704,0.5605,2.5573013,0.3899329662658772
5,2,234367.72327027936,0.5605,2.5577595,0.39071127356420965
5,2,234372.72327106167,0.5605,2.5583894,0.3914895833918056
5,2,234377.72327184398,0.5605,2.5587904,0.39226789284190217
5,2,234382.7232726263,0.5605,2.5591912,0.3930462014315361
5,2,234387.7232734086,0.5605,2.559554,0.39382450939049335
5,2,234392.7232741909,0.5605,2.5600886,0.3946028150002527
5,2,234397.72327497322,0.5605,2.5605657,0.39538112040650525
5,2,234402.72327575553,0.5605,2.561024,0.3961594255390268
5,2,234407.72327653784,0.5605,2.5613294,0.39693773381285546
5,2,234412.72327732015,0.5605,2.561902,0.3977160431640977
5,2,234417.72327810246,0.5605,2.5623221,0.39849435372927466
5,2,234422.72327888478,0.5605,2.5628757,0.399272662585954
5,2,234427.7232796671,0.5605,2.5631812,0.4000509717305105
5,2,234432.7232804494,0.5605,2.5637538,0.400829279865318
5,2,234437.7232812317,0.5605,2.564212,0.40160759023971376
5,2,234442.72328201402,0.5605,2.5646703,0.4023859014274943
5,2,234447.72328279633,0.5605,2.5651474,0.4031642106677229
5,2,234452.72328357864,0.5605,2.5654912,0.403942521223224
5,2,234457.72328436095,0.5605,2.5659492,0.4047208325756591
5,2,234462.72328514326,0.5605,2.5665028,0.40549914195826003
5,2,234467.72328592557,0.5605,2.5669801,0.40627745326114045
5,2,234472.7232867079,0.5605,2.5674002,0.4070557658816246
5,2,234477.7232874902,0.5605,2.5678582,0.40783407332536925
5,2,234482.7232882725,0.5605,2.5683928,0.40861238189932386
5,2,234487.72328905482,0.5605,2.5685456,0.4093906902388137
5,2,234492.72328983713,0.5605,2.569061,0.41016899823517616
5,2,234497.72329061944,0.5605,2.5694237,0.41094730552008435
5,2,234502.72329140175,0.5605,2.5700154,0.4117256132244801
5,2,234507.72329218406,0.5605,2.5702446,0.41250392247774886
5,2,234512.72329296637,0.5605,2.5708938,0.41328223572776407
5,2,234517.72329374868,0.5605,2.5712183,0.4140605477510097
5,2,234522.723294531,0.5605,2.5716953,0.4148388593328498
5,2,234527.7232953133,0.5605,2.5722108,0.41561717608277027
5,2,234532.72329609562,0.5605,2.5725927,0.4163954897831482
5,2,234537.72329687793,0.5605,2.573051,0.41717380395820763
5,2,234542.72329766024,0.5605,2.5733945,0.41795211782681635
5,2,234547.72329844255,0.5605,2.573719,0.41873043145086725
5,2,234552.72329922486,0.5605,2.5741582,0.4195087435683975
5,2,234557.72330000717,0.5605,2.5748262,0.42028705730395877
5,2,234562.72330078948,0.5605,2.5751698,0.4210653715300497
5,2,234567.7233015718,0.5605,2.575609,0.42184368661812643
5,2,234572.7233023541,0.5605,2.5759716,0.42262200067421496
5,2,234577.72330313642,0.5605,2.5765443,0.4234003178842932
5,2,234582.72330391873,0.5605,2.5768306,0.42417863016836216
5,2,234587.72330470104,0.5605,2.5773652,0.4249569434788529
5,2,234592.72330548335,0.5605,2.5778043,0.4257352544962668
5,2,234597.72330626566,0.5605,2.5782435,0.4265135635802021
5,2,234602.72330704797,0.5605,2.5784917,0.42729187024556303
5,2,234607.72330783028,0.5605,2.5791025,0.4280701786018216
5,2,234612.7233086126,0.5605,2.579427,0.4288484867507355
5,2,234617.7233093949,0.5605,2.5799997,0.42962679358803263
5,2,234622.7233101772,0.5605,2.580267,0.43040510077662963
5,2,234627.72331095953,0.5605,2.5808587,0.43118340937984684
5,2,234632.72331174184,0.5605,2.5812407,0.4319617190378113
5,2,234637.72331252415,0.5605,2.581718,0.43274002873538964
5,2,234642.72331330646,0.5605,2.5821187,0.433518337863237
5,2,234647.72331408877,0.5605,2.5825388,0.4342966482320431
5,2,234652.72331487108,0.5605,2.5829206,0.43507495669575236
5,2,234657.7233156534,0.5605,2.5833406,0.4358532639530073
5,2,234662.7233164357,0.5605,2.583627,0.4366315727056765
5,2,234667.723317218,0.5605,2.5841997,0.4374098837586943
5,2,234672.72331800032,0.5605,2.5846195,0.43818819041081636
5,2,234677.72331878264,0.5605,2.5852113,0.4389665000517405
5,2,234682.72331956495,0.5605,2.5854213,0.43974481049341657
5,2,234687.72332034726,0.5605,2.585975,0.44052311936382815
5,2,234692.72332112957,0.5605,2.586395,0.4413014300779571
5,2,234697.72332191188,0.5605,2.586853,0.4420797413334419
5,2,234702.7233226942,0.5605,2.587235,0.4428580495782531
5,2,234707.7233234765,0.5605,2.5877504,0.4436363550455507
5,2,234712.7233242588,0.5605,2.5880558,0.44441465749289955
5,2,234717.72332504112,0.5605,2.588514,0.4451929614806178
5,2,234722.72332582343,0.5605,2.588743,0.44597126778022145
5,2,234727.72332660574,0.5605,2.589373,0.4467495766004757
5,2,234732.72332738806,0.5605,2.5897167,0.4475278847354752
5,2,234737.72332817037,0.5605,2.590175,0.4483061904552383
5,2,234742.72332895268,0.5605,2.5904803,0.449084498027368
5,2,234747.723329735,0.5605,2.5911102,0.4498628047333495
5,2,234752.7233305173,0.5605,2.5914156,0.45064111505407123
5,2,234757.7233312996,0.5605,2.5917976,0.4514194263284176
5,2,234762.72333208192,0.5605,2.5923512,0.45219773635346716
5,2,234767.72333286423,0.5605,2.592771,0.45297604652831647
5,2,234772.72333364654,0.5605,2.5933247,0.45375435951322673
5,2,234777.72333442885,0.5605,2.593802,0.4545326719358467
5,2,234782.72333521117,0.5605,2.5939548,0.455310982194361
5,2,234787.72333599348,0.5605,2.5946038,0.4560892949767082
5,2,234792.7233367758,0.5605,2.5950239,0.4568676065652538
5,2,234797.72333755763,0.5605,2.595272,0.4576459168904426
5,2,234802.72333833994,0.5605,2.5958447,0.45842422630639895
5,2,234807.72333912225,0.5605,2.5963411,0.45920253469102607
5,2,234812.72333990457,0.5605,2.596761,0.4599808439852896
5,2,234817.72334068688,0.5605,2.5972764,0.46075915166762826
5,2,234822.7233414692,0.5605,2.5975628,0.4615374542590912
5,2,234827.7233422515,0.5605,2.59804,0.46231575773373274
5,2,234832.7233430338,0.5605,2.598441,0.46309406301896133
5,2,234837.72334381612,0.5605,2.598861,0.4638723651140434
5,2,234842.72334459843,0.5605,2.5993383,0.46465066575882524
5,2,234847.72334538074,0.5605,2.5998538,0.4654289692216551
5,2,234852.72334616305,0.5605,2.6002355,0.46620727135034756
5,2,234857.72334694536,0.5605,2.6004455,0.46698557149749687
5,2,234862.72334772767,0.5605,2.6011136,0.4677638709880679
5,2,234867.72334851,0.5605,2.6016672,0.46854216936457843
5,2,234872.7233492923,0.5605,2.6019154,0.4693204639597703
5,2,234877.7233500746,0.5605,2.602278,0.47009875919826183
5,2,234882.72335085692,0.5605,2.6028318,0.4708770562291114
5,2,234887.72335163923,0.5605,2.6033661,0.47165535610549336
5,2,234892.72335242154,0.5605,2.6035762,0.4724336559704279
5,2,234897.72335320385,0.5605,2.6040154,0.47321195396497867
5,2,234902.72335398616,0.5605,2.6044161,0.47399025411832024
5,2,234907.72335476847,0.5605,2.6050653,0.4747685528145766
5,2,234912.72335555078,0.5605,2.6053326,0.475546852901151
5,2,234917.7233563331,0.5605,2.6057715,0.47632515479598136
5,2,234922.7233571154,0.5605,2.6063251,0.4771034572130444
5,2,234927.72335789772,0.5605,2.6065924,0.4778817564215232
5,2,234932.72335868003,0.5605,2.6072035,0.478660058969988
5,2,234937.72335946234,0.5605,2.6074708,0.47943836050232275
5,2,234942.72336024465,0.5605,2.6078334,0.48021666387460654
5,2,234947.72336102696,0.5605,2.6084442,0.48099497066429947
5,2,234952.72336180927,0.5605,2.6089978,0.48177327652070284
5,2,234957.72336259158,0.5605,2.6092079,0.4825515814166502
5,2,234962.7233633739,0.5605,2.6097615,0.4833298841913014
5,2,234967.7233641562,0.5605,2.6102006,0.48410818842977976
5,2,234972.72336493852,0.5605,2.6105824,0.48488649031769593
5,2,234977.72336572083,0.5605,2.6109068,0.4856647927130033
5,2,234982.72336650314,0.5605,2.6114988,0.48644309498156135
5,2,234987.72336728545,0.5605,2.6118615,0.48722139523962826
5,2,234992.72336806776,0.5605,2.6123579,0.48799969752992217
5,2,234997.72336885007,0.5605,2.6126633,0.48877800188221887
5,2,235002.72336963238,0.5605,2.613236,0.48955630785395393
5,2,235007.7233704147,0.5605,2.6135414,0.49033461338057477
5,2,235012.723371197,0.5605,2.6140568,0.49111291548000796
5,2,235017.72337197931,0.5605,2.6145723,0.49189121861638646
5,2,235022.72337276163,0.5605,2.614935,0.4926695224495333
5,2,235027.72337354394,0.5605,2.6154695,0.4934478285480839
5,2,235032.72337432625,0.5605,2.6159658,0.4942261328632171
5,2,235037.72337510856,0.5605,2.6163476,0.49500443805734995
5,2,235042.72337589087,0.5605,2.616844,0.4957827414586049
5,2,235047.72337667318,0.5605,2.6173975,0.49656104875469886
5,2,235052.7233774555,0.5605,2.6176648,0.49733935655534944
5,2,235057.7233782378,0.5605,2.618104,0.49811766366047344
5,2,235062.7233790201,0.5605,2.6185622,0.49889597064860675
5,2,235067.72337980242,0.5605,2.619135,0.49967427710171886
5,2,235072.72338058474,0.5605,2.619364,0.5004525845942366
5,2,235077.72338136705,0.5605,2.6199749,0.5012308925995794
5,2,235082.72338214936,0.5605,2.6205285,0.5020091986448402
5,2,235087.72338293167,0.5605,2.620891,0.5027875054990849
5,2,235092.72338371398,0.5605,2.6212347,0.5035658149339558
5,2,235097.7233844963,0.5605,2.6218076,0.5043441257262662
5,2,235102.7233852786,0.5605,2.6223037,0.505122433514062
5,2,235107.7233860609,0.5605,2.6230102,0.5059007413527603
5,2,235112.72338684322,0.5605,2.6233728,0.5066790471063589
5,2,235117.72338762553,0.5605,2.62385,0.5074573522363803
5,2,235122.72338840785,0.5605,2.6243656,0.5082356602563197
5,2,235127.72338919016,0.5605,2.62469,0.5090139680551755
5,2,235132.72338997247,0.5605,2.6251292,0.5097922780273988
5,2,235137.72339075478,0.5605,2.62574,0.5105705896199446
5,2,235142.7233915371,0.5605,2.6261601,0.5113489046036404
5,2,235147.7233923194,0.5605,2.6266563,0.5121272182122768
5,2,235152.7233931017,0.5605,2.6270955,0.5129055334484512
5,2,235157.72339388402,0.5605,2.6277828,0.513683848586672
5,2,235162.72339466633,0.5605,2.6281073,0.5144621633591157
5,2,235167.72339544864,0.5605,2.62868,0.5152404788760014
5,2,235172.72339623095,0.5605,2.6290045,0.5160187955958282
5,2,235177.72339701327,0.5605,2.6294818,0.516797109094706
5,2,235182.72339779558,0.5605,2.6299016,0.5175754254314139
5,2,235187.7233985779,0.5605,2.630417,0.5183537386964726
5,2,235192.7233993602,0.5605,2.6308372,0.5191320542734134
5,2,235197.7234001425,0.5605,2.6313908,0.5199103686914411
5,2,235202.72340092482,0.5605,2.6318872,0.5206886822339695
5,2,235207.72340170713,0.5605,2.632479,0.5214669941393039
5,2,235212.72340248944,0.5605,2.6329372,0.5222453116032284
5,2,235217.72340327175,0.5605,2.6331854,0.5230236268532874
5,2,235222.72340405406,0.5605,2.6337962,0.5238019425107242
5,2,235227.72340483638,0.5605,2.6343117,0.5245802571370238
5,2,235232.7234056187,0.5605,2.6350179,0.5253585726891195
5,2,235237.723406401,0.5605,2.635476,0.5261368871029418
5,2,235242.7234071833,0.5605,2.6357052,0.5269152004829415
5,2,235247.72340796562,0.5605,2.6364117,0.5276935161301495
5,2,235252.72340874793,0.5605,2.636717,0.5284718299028113
5,2,235257.72340953024,0.5605,2.637175,0.5292501442203721
5,2,235262.72341031255,0.5605,2.6376905,0.5300284610237116
5,2,235267.72341109486,0.5605,2.638206,0.5308067768639692
5,2,235272.72341187717,0.5605,2.6387978,0.5315850925387046
5,2,235277.72341265948,0.5605,2.6392941,0.5323634078728193
5,2,235282.7234134418,0.5605,2.6398096,0.5331417251833976
5,2,235287.7234142241,0.5605,2.6404395,0.5339200412416459
5,2,235292.72341500642,0.5605,2.6408215,0.5346983580575322
5,2,235297.72341578873,0.5605,2.641337,0.5354766739288139
5,2,235302.72341657104,0.5605,2.6418333,0.5362549885400899
5,2,235307.72341735335,0.5605,2.642387,0.537033303528693
5,2,235312.72341813566,0.5605,2.642883,0.5378116196034022
5,2,235317.72341891797,0.5605,2.6434176,0.5385899360685945
5,2,235322.72341970028,0.5605,2.6438186,0.5393682524388334
5,2,235327.7234204826,0.5605,2.6444104,0.5401465706236197
5,2,235332.7234212649,0.5605,2.6449068,0.5409248847178353
5,2,235337.72342204722,0.5605,2.6454794,0.5417031995357308
5,2,235342.72342282953,0.5605,2.6459758,0.5424815140380727
5,2,235347.72342361184,0.5605,2.6464531,0.5432598262095881
5,2,235352.72342439415,0.5605,2.647045,0.5440381407766275
5,2,235357.72342517646,0.5605,2.6473122,0.544816453513152
5,2,235362.72342595877,0.5605,2.6480567,0.5455947678622437
5,2,235367.72342674108,0.5605,2.6486294,0.5463730825117064
5,2,235372.7234275234,0.5605,2.6491256,0.547151394773907
5,2,235377.7234283057,0.5605,2.6497176,0.5479297059958078
5,2,235382.72342908802,0.5605,2.650233,0.5487080191560021
5,2,235387.72342987033,0.5605,2.6505575,0.5494863324147129
5,2,235392.72343065264,0.5605,2.6511111,0.5502646441703237
5,2,235397.72343143495,0.5605,2.651932,0.5510429564712309
5,2,235402.72343221726,0.5605,2.6522756,0.551821267069154
5,2,235407.72343299957,0.5605,2.6528864,0.552599577310085
5,2,235412.72343378188,0.5605,2.653459,0.5533778888974055
5,2,235417.7234345642,0.5605,2.6539555,0.5541561966595316
5,2,235422.7234353465,0.5605,2.6542802,0.5549345070312021
5,2,235427.7234361288,0.5605,2.6549292,0.5557128161420787
5,2,235432.72343691112,0.5605,2.655712,0.5564911268224251
5,2,235437.72343769344,0.5605,2.6562655,0.5572694370461468
5,2,235442.72343847575,0.5605,2.6567237,0.5580477468596562
5,2,235447.72343925806,0.5605,2.6571817,0.5588260538633463
5,2,235452.72344004037,0.5605,2.6577163,0.5596043613491155
5,2,235457.72344082268,0.5605,2.6583655,0.5603826688613062
5,2,235462.723441605,0.5605,2.6589,0.5611609804701074
5,2,235467.7234423873,0.5605,2.6593962,0.5619392943401996
5,2,235472.7234431696,0.5605,2.6598735,0.5627176094832782
5,2,235477.72344395192,0.5605,2.6605036,0.5634959224041168
5,2,235482.72344473423,0.5605,2.6611335,0.5642742394602925
5,2,235487.72344551655,0.5605,2.6615918,0.5650525570763645
5,2,235492.72344629886,0.5605,2.6620307,0.5658308699649139
5,2,235497.72344708117,0.5605,2.6627371,0.5666091829982928
5,2,235502.72344786348,0.5605,2.663386,0.5673874975921311
5,2,235507.7234486458,0.5605,2.6638825,0.5681658107306029
5,2,235512.7234494281,0.5605,2.6645505,0.5689441245694292
5,2,235517.7234502104,0.5605,2.6651425,0.569722438805388
5,2,235522.72345099272,0.5605,2.665658,0.5705007538162767
5,2,235527.72345177503,0.5605,2.6661732,0.5712790648021168
5,2,235532.72345255734,0.5605,2.6667652,0.5720573765388528
5,2,235537.72345333965,0.5605,2.667548,0.5728356858254803
5,2,235542.72345412197,0.5605,2.668025,0.5736139988718894
5,2,235547.72345490428,0.5605,2.6686552,0.5743923118945657
5,2,235552.7234556866,0.5605,2.669285,0.5751706255869865
5,2,235557.7234564689,0.5605,2.6698577,0.5759489383582307
5,2,235562.7234572512,0.5605,2.670335,0.5767272552879387
5,2,235567.72345803352,0.5605,2.670984,0.5775055723346538
5,2,235572.72345881583,0.5605,2.6714995,0.5782838856120839
5,2,235577.72345959814,0.5605,2.672053,0.5790621998856565
5,2,235582.72346038045,0.5605,2.6726067,0.5798405136278935
5,2,235587.72346116276,0.5605,2.6733513,0.5806188262361884
5,2,235592.72346194508,0.5605,2.673943,0.5813971428832445
5,2,235597.7234627274,0.5605,2.6744394,0.5821754578913219
5,2,235602.7234635097,0.5605,2.6750503,0.5829537697926032
5,2,235607.723464292,0.5605,2.6756039,0.5837320771782101
5,2,235612.72346507432,0.5605,2.676253,0.5845103836519718
5,2,235617.72346585663,0.5605,2.6767495,0.5852886886968547
5,2,235622.72346663894,0.5605,2.6774938,0.5860669903113677
5,2,235627.72346742125,0.5605,2.6779902,0.58684529485378
5,2,235632.72346820356,0.5605,2.6785629,0.5876235992523399
5,2,235637.72346898587,0.5605,2.6792693,0.5884019050130646
5,2,235642.72346976819,0.5605,2.6798038,0.5891802081907094
5,2,235647.7234705505,0.5605,2.680491,0.5899585097032322
5,2,235652.7234713328,0.5605,2.681102,0.5907368096623984
5,2,235657.72347211512,0.5605,2.6816747,0.5915151129917171
5,2,235662.72347289743,0.5605,2.6823618,0.5922934178118507
5,2,235667.72347367974,0.5605,2.6829345,0.5930717210946845
5,2,235672.72347446205,0.5605,2.683622,0.5938500260310307
5,2,235677.72347524436,0.5605,2.6842136,0.5946283296229774
5,2,235682.72347602667,0.5605,2.6849773,0.5954066332280736
5,2,235687.72347680898,0.5605,2.6856072,0.5961849381714563
5,2,235692.7234775913,0.5605,2.686199,0.5969632444463274
5,2,235697.7234783736,0.5605,2.686829,0.5977415539534987
5,2,235702.72347915592,0.5605,2.687459,0.5985198610343404
5,2,235707.72347993823,0.5605,2.688299,0.5992981707327996
5,2,235712.72348072054,0.5605,2.688681,0.6000764808544451
5,2,235717.72348150285,0.5605,2.68954,0.6008547904225919
5,2,235722.72348228516,0.5605,2.690246,0.6016330998167794
5,2,235727.72348306747,0.5605,2.6909144,0.6024114068821438
5,2,235732.72348384978,0.5605,2.691487,0.6031897124083772
5,2,235737.7234846321,0.5605,2.6921551,0.603968019001974
5,2,235742.7234854144,0.5605,2.6928806,0.6047463268709481
5,2,235747.72348619672,0.5605,2.693396,0.6055246344950067
5,2,235752.72348697903,0.5605,2.6942742,0.6063029426177575
5,2,235757.72348776134,0.5605,2.6949043,0.6070812501696845
5,2,235762.72348854365,0.5605,2.695477,0.6078595581878556
5,2,235767.72348932596,0.5605,2.696298,0.6086378682796458
5,2,235772.72349010827,0.5605,2.6969087,0.6094161817984217
5,2,235777.72349089058,0.5605,2.697596,0.6101944942582382
5,2,235782.7234916729,0.5605,2.6983213,0.6109728038775689
5,2,235787.7234924552,0.5605,2.6990087,0.6117511129374404
5,2,235792.7234932375,0.5605,2.6997724,0.612529426137901
5,2,235797.72349401983,0.5605,2.7002876,0.6133077411340309
5,2,235802.72349480214,0.5605,2.7011085,0.6140860544009605
5,2,235807.72349558445,0.5605,2.7017767,0.6148643681896693
5,2,235812.72349636676,0.5605,2.7024832,0.6156426830647753
5,2,235817.72349714907,0.5605,2.703285,0.6164209952031573
5,2,235822.72349793138,0.5605,2.7039149,0.61719930632027
5,2,235827.7234987137,0.5605,2.7045257,0.6179776196526753
5,2,235832.723499496,0.5605,2.7052894,0.6187559320987529
5,2,235837.7235002783,0.5605,2.7059002,0.6195342436119053
5,2,235842.72350106062,0.5605,2.7065303,0.6203125464387769
5,2,235847.72350184293,0.5605,2.7073703,0.6210908503130675
5,2,235852.72350262525,0.5605,2.7081337,0.6218691505593261
5,2,235857.72350340756,0.5605,2.7088592,0.6226474491403469
5,2,235862.72350418987,0.5605,2.7096038,0.6234257482796611
5,2,235867.72350497218,0.5605,2.7102146,0.6242040482597154
5,2,235872.7235057545,0.5605,2.7109401,0.6249823469689259
5,2,235877.7235065368,0.5605,2.7116847,0.6257606475797893
5,2,235882.7235073191,0.5605,2.7124481,0.6265389480768444
5,2,235887.72350810142,0.5605,2.7131355,0.6273172495686745
5,2,235892.72350888373,0.5605,2.7139373,0.6280955483316417
5,2,235897.72350966604,0.5605,2.7147582,0.6288738482062421
5,2,235902.72351044836,0.5605,2.7154262,0.6296521483471131
5,2,235907.72351123067,0.5605,2.7161517,0.6304304481439891
5,2,235912.72351201298,0.5605,2.7169154,0.6312087492958773
5,2,235917.7235127953,0.5605,2.7177744,0.6319870492498579
5,2,235922.7235135776,0.5605,2.7183661,0.632765347593715
5,2,235927.7235143599,0.5605,2.7192826,0.6335436490957408
5,2,235932.72351514222,0.5605,2.720046,0.6343219508633219
5,2,235937.72351592453,0.5605,2.7201416,0.6351002506114545
5,2,235942.72351670684,0.5605,2.7213442,0.6358785601024299
5,2,235947.72351748915,0.5605,2.7222989,0.6366568690655864
5,2,235952.72351827146,0.5605,2.7228715,0.6374351749456031
5,2,235957.72351905378,0.5605,2.7237115,0.6382134800710416
5,2,235962.7235198361,0.5605,2.7244942,0.6389917880592978
5,2,235967.7235206184,0.5605,2.7249525,0.6397700932084193
5,2,235972.7235214007,0.5605,2.7258687,0.6405483986479212
5,2,235977.72352218302,0.5605,2.7265751,0.641326703511394
5,2,235982.72352296533,0.5605,2.7271287,0.6421050097945104
5,2,235987.72352374764,0.5605,2.728026,0.642883315438112
5,2,235992.72352452995,0.5605,2.7288468,0.6436616207809253
5,2,235997.72352531226,0.5605,2.7296867,0.6444399256548653
5,2,236002.72352609457,0.5605,2.7304122,0.6452182293945554
5,2,236007.72352687689,0.5605,2.731214,0.6459965327160063
5,2,236012.7235276592,0.5605,2.7320921,0.6467748354975882
5,2,236017.7235284415,0.5605,2.732894,0.6475531395329074
5,2,236022.72352922382,0.5605,2.7337148,0.6483314456789298
5,2,236027.72353000613,0.5605,2.7344213,0.6491097526833914
5,2,236032.72353078844,0.5605,2.7351084,0.6498880591184798
5,2,236037.72353157075,0.5605,2.7361012,0.6506663658246931
5,2,236042.72353235306,0.5605,2.7367501,0.6514446698677244
5,2,236047.72353313537,0.5605,2.737762,0.6522229750293363
5,2,236052.72353391768,0.5605,2.7386591,0.6530012832701573
5,2,236057.7235347,0.5605,2.7393656,0.6537795906042227
5,2,236062.7235354823,0.5605,2.7401483,0.6545578989341858
5,2,236067.72353626462,0.5605,2.7407973,0.6553362057535155
5,2,236072.72353704693,0.5605,2.7416372,0.656114511151175
5,2,236077.72353782877,0.5605,2.7427254,0.656892816920092
5,2,236082.72353861108,0.5605,2.7434127,0.6576711219181984
5,2,236087.7235393934,0.5605,2.7440426,0.6584494290876193
5,2,236092.7235401757,0.5605,2.7448254,0.6592277373194532
5,2,236097.72354095802,0.5605,2.7457798,0.6600060460900137
5,2,236102.72354174033,0.5605,2.7465434,0.6607843561469385
5,2,236107.72354252264,0.5605,2.7474408,0.6615626678796314
5,2,236112.72354330495,0.5605,2.7483761,0.6623409805485972
5,2,236117.72354408726,0.5605,2.7493117,0.6631192938575349
5,2,236122.72354486957,0.5605,2.7501326,0.6638976042641171
5,2,236127.72354565188,0.5605,2.7509725,0.6646759168396726
5,2,236132.7235464342,0.5605,2.7518315,0.6654542269026573
5,2,236137.7235472165,0.5605,2.7525377,0.6662325399808853
5,2,236142.72354799882,0.5605,2.7534351,0.6670108517433209
5,2,236147.72354878113,0.5605,2.7543514,0.6677891652371687
5,2,236152.72354956344,0.5605,2.755115,0.668567476548023
5,2,236157.72355034575,0.5605,2.755955,0.6693457888858917
5,2,236162.72355112806,0.5605,2.7569668,0.6701240973576641
5,2,236167.72355191037,0.5605,2.7577877,0.67090240703751
5,2,236172.72355269268,0.5605,2.7585895,0.6716807173306116
5,2,236177.723553475,0.5605,2.7597158,0.6724590227617921
5,2,236182.7235542573,0.5605,2.7603648,0.6732373322437871
5,2,236187.7235550396,0.5605,2.7613194,0.6740156408160033
5,2,236192.72355582193,0.5605,2.7621403,0.6747939519359538
5,2,236197.72355660424,0.5605,2.7630947,0.6755722645784951
5,2,236202.72355738655,0.5605,2.763801,0.6763505728110475
5,2,236207.72355816886,0.5605,2.7649083,0.6771288845025304
5,2,236212.72355895117,0.5605,2.76571,0.6779071946847441
5,2,236217.72355973348,0.5605,2.766722,0.6786855018616453
5,2,236222.7235605158,0.5605,2.7677338,0.6794638122236863
5,2,236227.7235612981,0.5605,2.7685547,0.6802421190481917
5,2,236232.7235620804,0.5605,2.7690892,0.6810204272006686
5,2,236237.72356286272,0.5605,2.7682874,0.6817987366639808
5,2,236242.72356364504,0.5605,2.76928,0.6825770483159558
5,2,236247.72356442735,0.5605,2.7718382,0.6833553576908015
5,2,236252.72356520966,0.5605,2.7730217,0.6841336665833098
5,2,236257.72356599197,0.5605,2.7740335,0.6849119738316538
5,2,236262.72356677428,0.5605,2.7751408,0.6856902789856363
5,2,236267.7235675566,0.5605,2.7761335,0.6864685837538211
5,2,236272.7235683389,0.5605,2.7772026,0.6872468869255453
5,2,236277.7235691212,0.5605,2.7780235,0.6880251921378343
5,2,236282.72356990352,0.5605,2.779035,0.6888034966046448
5,2,236287.72357068583,0.5605,2.7800279,0.6895818026088378
5,2,236292.72357146814,0.5605,2.7808297,0.6903601129055885
5,2,236297.72357225046,0.5605,2.781765,0.6911384233072202
5,2,236302.72357303277,0.5605,2.7825477,0.6919167330410547
5,2,236307.72357381508,0.5605,2.783674,0.692695044268777
5,2,236312.7235745974,0.5605,2.784743,0.693473352145046
5,2,236317.7235753797,0.5605,2.7858121,0.6942516584519579
5,2,236322.723576162,0.5605,2.7867668,0.6950299644215009
5,2,236327.72357694432,0.5605,2.7877786,0.6958082725028165
5,2,236332.72357772663,0.5605,2.7887712,0.6965865818434591
5,2,236337.72357850894,0.5605,2.7897258,0.6973648902889392
5,2,236342.72357929125,0.5605,2.7907948,0.6981431992285717
5,2,236347.72358007357,0.5605,2.7919211,0.6989215091822547
5,2,236352.72358085588,0.5605,2.7927802,0.6996998205767938
5,2,236357.7235816382,0.5605,2.7938302,0.7004781307627825
5,2,236362.7235824205,0.5605,2.7941928,0.7012564413774314
5,2,236367.7235832028,0.5605,2.79572,0.7020347515676355
5,2,236372.72358398512,0.5605,2.7967892,0.7028130609328351
5,2,236377.72358476743,0.5605,2.7979727,0.7035913693026472
5,2,236382.72358554974,0.5605,2.7989464,0.7043696762700216
5,2,236387.72358633205,0.5605,2.7999964,0.7051479837702118
5,2,236392.72358711436,0.5605,2.801008,0.7059262914768957
5,2,236397.72358789667,0.5605,2.8019626,0.7067046023244595
5,2,236402.723588679,0.5605,2.8028407,0.7074829148125055
5,2,236407.7235894613,0.5605,2.8038526,0.7082612280721237
5,2,236412.7235902436,0.5605,2.8050742,0.7090395413682993
5,2,236417.72359102592,0.5605,2.806258,0.7098178525872266
5,2,236422.72359180823,0.5605,2.8070788,0.7105961628808515
5,2,236427.72359259054,0.5605,2.8077087,0.7113744745992691
5,2,236432.72359337285,0.5605,2.8089497,0.7121527856859403
5,2,236437.72359415516,0.5605,2.810095,0.7129310975083415
5,2,236442.72359493747,0.5605,2.8110113,0.7137094107929439
5,2,236447.72359571978,0.5605,2.8122332,0.7144877257993225
5,2,236452.7235965021,0.5605,2.813226,0.7152660403374438
5,2,236457.7235972844,0.5605,2.8145623,0.7160443537638291
5,2,236462.72359806672,0.5605,2.8156695,0.7168226676668695
5,2,236467.72359884903,0.5605,2.8169675,0.7176009798246958
5,2,236472.72359963134,0.5605,2.8180175,0.7183792922520212
5,2,236477.72360041365,0.5605,2.819163,0.719157602710698
5,2,236482.72360119596,0.5605,2.8203466,0.7199359136147935
5,2,236487.72360197827,0.5605,2.8214157,0.7207142234793343
5,2,236492.72360276058,0.5605,2.8226948,0.7214925337105431
5,2,236497.7236035429,0.5605,2.8238401,0.7222708444816905
5,2,236502.7236043252,0.5605,2.8249664,0.7230491552746169
5,2,236507.72360510752,0.5605,2.8260736,0.7238274673672688
5,2,236512.72360588983,0.5605,2.8273718,0.7246057799362016
5,2,236517.72360667214,0.5605,2.8283072,0.7253840943203375
5,2,236522.72360745445,0.5605,2.8296626,0.7261624031408268
5,2,236527.72360823676,0.5605,2.8307126,0.7269407110586105
5,2,236532.72360901907,0.5605,2.8318963,0.7277190217041841
5,2,236537.72360980138,0.5605,2.8331752,0.7284973332586525
5,2,236542.7236105837,0.5605,2.834187,0.729275645770749
5,2,236547.723611366,0.5605,2.8354661,0.7300539584692589
5,2,236552.72361214831,0.5605,2.836726,0.7308322705989518
5,2,236557.72361293063,0.5605,2.8379478,0.7316105839311056
5,2,236562.72361371294,0.5605,2.8393223,0.7323889002564953
5,2,236567.72361449525,0.5605,2.8403723,0.7331672152081933
5,2,236572.72361527756,0.5605,2.8415558,0.7339455287818881
5,2,236577.72361605987,0.5605,2.8432167,0.734723841673378
5,2,236582.72361684218,0.5605,2.8443432,0.7355021547170717
5,2,236587.7236176245,0.5605,2.8461185,0.7362804660922725
5,2,236592.7236184068,0.5605,2.8471684,0.7370587758058879
5,2,236597.7236191891,0.5605,2.848352,0.7378370873359316
5,2,236602.72361997142,0.5605,2.849841,0.7386153999515547
5,2,236607.72362075374,0.5605,2.8510818,0.7393937111167219
5,2,236612.72362153605,0.5605,2.8525329,0.7401720219297548
5,2,236617.72362231836,0.5605,2.8538692,0.7409503329299232
5,2,236622.72362310067,0.5605,2.855301,0.7417286423061266
5,2,236627.72362388298,0.5605,2.8569236,0.7425069534742376
5,2,236632.7236246653,0.5605,2.8583553,0.7432852656767343
5,2,236637.7236254476,0.5605,2.8596344,0.7440635744904155
5,2,236642.7236262299,0.5605,2.861219,0.7448418830054145
5,2,236647.72362701222,0.5605,2.8626888,0.7456201932770717
5,2,236652.72362779453,0.5605,2.864216,0.7463985029296949
5,2,236657.72362857684,0.5605,2.8654761,0.7471768120232497
5,2,236662.72362935916,0.5605,2.8672514,0.7479551227180337
5,2,236667.72363014147,0.5605,2.869065,0.7487334320468712
5,2,236672.72363092378,0.5605,2.8708403,0.7495117398460349
5,2,236677.7236317061,0.5605,2.8723676,0.750290047409353
5,2,236682.7236324884,0.5605,2.8741047,0.7510683575580027
5,2,236687.7236332707,0.5605,2.8757083,0.7518466660046484
5,2,236692.72363405302,0.5605,2.8775601,0.7526249742827289
5,2,236697.72363483533,0.5605,2.8790302,0.7534032830165697
5,2,236702.72363561764,0.5605,2.880672,0.754181592693634
5,2,236707.72363639995,0.5605,2.882581,0.7549598990892741
5,2,236712.72363718227,0.5605,2.884089,0.7557382078978988
5,2,236717.72363796458,0.5605,2.8860745,0.7565165185140774
5,2,236722.7236387469,0.5605,2.8877163,0.7572948282950526
5,2,236727.7236395292,0.5605,2.8896635,0.7580731363765139
5,2,236732.7236403115,0.5605,2.8916297,0.7588514438419413
5,2,236737.72364109382,0.5605,2.8935006,0.7596297516037859
5,2,236742.72364187613,0.5605,2.8953905,0.7604080586866475
5,2,236747.72364265844,0.5605,2.8973758,0.7611863637944033
5,2,236752.72364344075,0.5605,2.8994186,0.7619646691965928
5,2,236757.72364422306,0.5605,2.9014614,0.7627429746081336
5,2,236762.72364500538,0.5605,2.903561,0.7635212790507246
5,2,236767.7236457877,0.5605,2.9057374,0.7642995845574971
5,2,236772.72364657,0.5605,2.9078374,0.7650778900366163
5,2,236777.7236473523,0.5605,2.9102237,0.7658561951289279
5,2,236782.72364813462,0.5605,2.9124382,0.7666345053774518
5,2,236787.72364891693,0.5605,2.9149961,0.7674128142798115
5,2,236792.72364969924,0.5605,2.91723,0.7681911205649279
5,2,236797.72365048155,0.5605,2.9196162,0.7689694283887151
5,2,236802.72365126386,0.5605,2.9220598,0.7697477363426953
5,2,236807.72365204617,0.5605,2.924465,0.7705260439686679
5,2,236812.72365282848,0.5605,2.9271185,0.7713043514902561
5,2,236817.7236536108,0.5605,2.9296386,0.7720826616741389
5,2,236822.7236543931,0.5605,2.9325976,0.7728609745852056
5,2,236827.72365517542,0.5605,2.93548,0.7736392882137434
5,2,236832.72365595773,0.5605,2.9383056,0.7744175994237796
5,2,236837.72365674004,0.5605,2.941188,0.7751959160425335
5,2,236842.72365752235,0.5605,2.9440517,0.7759742351288136
5,2,236847.72365830466,0.5605,2.947259,0.776752550428669
5,2,236852.72365908697,0.5605,2.9503706,0.7775308668078618
5,2,236857.72365986928,0.5605,2.9536922,0.7783091858024865
5,2,236862.7236606516,0.5605,2.956823,0.7790875049260957
5,2,236867.7236614339,0.5605,2.9598966,0.779865822569056
5,2,236872.72366221622,0.5605,2.9632566,0.7806441409454548
5,2,236877.72366299853,0.5605,2.9667501,0.7814224583020379
5,2,236882.72366378084,0.5605,2.9701862,0.7822007747841614
5,2,236887.72366456315,0.5605,2.9735463,0.7829790918727455
5,2,236892.72366534546,0.5605,2.9767344,0.783757408651412
5,2,236897.72366612777,0.5605,2.9799988,0.784535725696945
5,2,236902.72366691008,0.5605,2.9831486,0.7853140424545577
5,2,236907.7236676924,0.5605,2.9862413,0.7860923569665622
5,2,236912.7236684747,0.5605,2.9892194,0.7868706729689179
5,2,236917.72366925701,0.5605,2.992503,0.7876489902421605
5,2,236922.72367003933,0.5605,2.9953854,0.788427304004865
5,2,236927.72367082164,0.5605,2.998039,0.7892056097695865
5,2,236930.90487132047,0.5605,3.00012,0.7897007981937301
5,2,236930.90507132048,0.5605,2.999929,0.789700829323481
