cycle_number,half_cycle,time_s,current_mA,voltage_V,capacity_mAh
0,0,167105.98674638872,0.0,2.9229374,0.0
0,0,167106.98674654518,0.0,2.8588517,0.0
0,0,167107.98674670164,0.0,2.8335953,0.0
0,0,167108.9867468581,0.0,2.8139894,0.0
0,0,167109.98674701457,0.0,2.797419,0.0
0,0,167110.98674717103,0.0,2.7827578,0.0
0,0,167111.9867473275,0.0,2.7695663,0.0
0,0,167112.98674748396,0.0,2.7571769,0.0
0,0,167113.98674764042,0.0,2.7458944,0.0
0,0,167114.98674779688,0.0,2.7351656,0.0
1,1,167115.93854794616,-1.121,2.7254677,0.0
1,1,167115.93894794618,-1.121,2.6738987,-1.2415775987837048e-07
1,1,167120.9389487285,-1.121,2.2317355,-0.0015570816824237504
1,1,167125.9389495108,-1.121,2.0721405,-0.003114045840534899
1,1,167130.93895029312,-1.121,1.9656357,-0.004671014425575733
1,1,167135.93895107543,-1.121,1.8867546,-0.006227979883439011
1,1,167140.93895185774,-1.121,1.8229357,-0.0077849483696288534
1,1,167145.93895264005,-1.121,1.7710292,-0.009341915167000558
1,1,167150.93895342236,-1.121,1.7307869,-0.010898883360015021
1,1,167155.93895420467,-1.121,1.702285,-0.01245585089079539
1,1,167160.93895498698,-1.121,1.6843975,-0.014012820606436995
1,1,167165.9389557693,-1.121,1.6742605,-0.015569791213697858
1,1,167170.9389565516,-1.121,1.6689916,-0.017126760539697278
1,1,167175.9389573339,-1.121,1.6659563,-0.018683732256571453
1,1,167180.93895811622,-1.121,1.6642381,-0.020240705621341865
1,1,167185.93895889854,-1.121,1.6629782,-0.021797679485758146
1,1,167190.93895968085,-1.121,1.6623672,-0.023354652457608118
1,1,167195.93896046316,-1.121,1.6620618,-0.024911626618332336
1,1,167200.93896124547,-1.121,1.6615273,-0.026468600770135724
1,1,167205.93896202778,-1.121,1.6615082,-0.028025575938728123
1,1,167210.9389628101,-1.121,1.6611645,-0.029582551378713715
1,1,167215.9389635924,-1.121,1.66126,-0.0311395228530301
1,1,167220.9389643747,-1.121,1.6611264,-0.03269649654500352
1,1,167225.93896515702,-1.121,1.66105,-0.03425346760835912
1,1,167230.93896593933,-1.121,1.6609355,-0.035810434974279666
1,1,167235.93896672165,-1.121,1.6610118,-0.03736740394353204
1,1,167240.93896750396,-1.121,1.6609927,-0.03892436996148029
1,1,167245.93896828627,-1.121,1.66105,-0.04048134184632698
1,1,167250.93896906858,-1.121,1.6609927,-0.04203831646351019
1,1,167255.9389698509,-1.121,1.6609546,-0.043595292642633114
1,1,167260.9389706332,-1.121,1.6609163,-0.0451522667202817
1,1,167265.9389714155,-1.121,1.6609355,-0.0467092404002481
1,1,167270.93897219782,-1.121,1.6608019,-0.04826621515548229
1,1,167275.93897298013,-1.121,1.6608973,-0.049823190051707954
1,1,167280.93897376244,-1.121,1.660821,-0.05138016876124011
1,1,167285.93897454476,-1.121,1.6608019,-0.052937146201425124
1,1,167290.93897532707,-1.121,1.6607255,-0.054494122750017374
1,1,167295.93897610938,-1.121,1.66063,-0.05605109749517175
1,1,167300.9389768917,-1.121,1.6605918,-0.05760807658886247
1,1,167305.938977674,-1.121,1.6604582,-0.05916505399784114
1,1,167310.9389784563,-1.121,1.6604201,-0.060722032667643484
1,1,167315.93897923862,-1.121,1.6605155,-0.0622790108141899
1,1,167320.93898002093,-1.121,1.6605346,-0.06383599223418367
1,1,167325.93898080324,-1.121,1.6604391,-0.0653929717819227
1,1,167330.93898158555,-1.121,1.6603246,-0.06694994896478784
1,1,167335.93898236786,-1.121,1.6600764,-0.06850692836372056
1,1,167340.93898315018,-1.121,1.6600192,-0.07006390456741385
1,1,167345.9389839325,-1.121,1.659981,-0.07162088058134582
1,1,167350.9389847148,-1.121,1.6598855,-0.07317785866198936
1,1,167355.9389854971,-1.121,1.65979,-0.07473483395977815
1,1,167360.93898627942,-1.121,1.65979,-0.07629181147425042
1,1,167365.93898706173,-1.121,1.6596183,-0.07784878965814908
1,1,167370.93898784404,-1.121,1.6595801,-0.07940576576128933
1,1,167375.93898862635,-1.121,1.6594656,-0.08096273983439471
1,1,167380.93898940866,-1.121,1.6592938,-0.08251971300733088
1,1,167385.93899019097,-1.121,1.6590456,-0.08407668756018744
1,1,167390.93899097329,-1.121,1.6590456,-0.08563366152464018
1,1,167395.9389917556,-1.121,1.6587783,-0.08719063401030168
1,1,167400.9389925379,-1.121,1.6587974,-0.08874760987493725
1,1,167405.93899332022,-1.121,1.6586064,-0.09030458479316365
1,1,167410.9389941023,-1.121,1.6585492,-0.09186156063966616
1,1,167415.9389948846,-1.121,1.6582628,-0.09341853571897081
1,1,167420.93899566692,-1.121,1.6582628,-0.09497550896932018
1,1,167425.93899644923,-1.121,1.6580911,-0.09653248337478769
1,1,167430.93899723154,-1.121,1.6578238,-0.09808945403041441
1,1,167435.93899801385,-1.121,1.6577092,-0.09964642306446365
1,1,167440.93899879616,-1.121,1.6575183,-0.10120339084286159
1,1,167445.93899957847,-1.121,1.6574038,-0.10276036334851052
1,1,167450.93900036078,-1.121,1.6571556,-0.10431733604509962
1,1,167455.9390011431,-1.121,1.6568884,-0.10587430786844093
1,1,167460.9390019254,-1.121,1.6566592,-0.1074312778931856
1,1,167465.93900270772,-1.121,1.6566783,-0.10898824794030187
1,1,167470.93900349003,-1.121,1.6565256,-0.11054522157645885
1,1,167475.93900427234,-1.121,1.6561629,-0.11210219150384265
1,1,167480.93900505465,-1.121,1.6561056,-0.11365916371020342
1,1,167485.93900583696,-1.121,1.6560102,-0.11521613635214831
1,1,167490.93900661927,-1.121,1.6554375,-0.11677310908985136
1,1,167495.93900740158,-1.121,1.655361,-0.11833008612946667
1,1,167500.9390081839,-1.121,1.6551511,-0.11988706202663976
1,1,167505.9390089662,-1.121,1.6550366,-0.12144403823665777
1,1,167510.93900974852,-1.121,1.6548266,-0.12300101428109406
1,1,167515.93901053083,-1.121,1.6546357,-0.12455799404309854
1,1,167520.93901131314,-1.121,1.6544065,-0.12611497644940348
1,1,167525.93901209545,-1.121,1.6542538,-0.12767195365650785
1,1,167530.93901287776,-1.121,1.654063,-0.12922892945724726
1,1,167535.93901366007,-1.121,1.6538529,-0.13078590765146414
1,1,167540.93901444238,-1.121,1.653643,-0.13234288221879137
1,1,167545.9390152247,-1.121,1.6535094,-0.133899855790476
1,1,167550.939016007,-1.121,1.6531848,-0.13545682776507403
1,1,167555.9390167893,-1.121,1.6529748,-0.13701380061221122
1,1,167560.93901757163,-1.121,1.6527076,-0.13857077257906064
1,1,167565.93901835394,-1.121,1.6526121,-0.14012774495602975
1,1,167570.93901913625,-1.121,1.6523257,-0.1416847175418933
1,1,167575.93901991856,-1.121,1.6520776,-0.14324168651105296
1,1,167580.93902070087,-1.121,1.6518867,-0.1447986581703623
1,1,167585.93902148318,-1.121,1.6516385,-0.14635563074082797
1,1,167590.9390222655,-1.121,1.6515049,-0.1479126004232433
1,1,167595.9390230478,-1.121,1.6511612,-0.14946957488983206
1,1,167600.9390238301,-1.121,1.6509513,-0.15102654953662553
1,1,167605.93902461242,-1.121,1.6507986,-0.1525835207255946
1,1,167610.93902539473,-1.121,1.6505694,-0.15414049298659296
1,1,167615.93902617705,-1.121,1.6503786,-0.15569746722786293
1,1,167620.93902695936,-1.121,1.650245,-0.15725444259693225
1,1,167625.93902774167,-1.121,1.6499203,-0.1588114184849461
1,1,167630.93902852398,-1.121,1.6496149,-0.16036839339762926
1,1,167635.9390293063,-1.121,1.6494431,-0.16192537336511745
1,1,167640.9390300886,-1.121,1.6490422,-0.16348235096275143
1,1,167645.9390308709,-1.121,1.6489277,-0.1650393265559872
1,1,167650.93903165322,-1.121,1.6486413,-0.1665962982305222
1,1,167655.93903243553,-1.121,1.6484122,-0.16815327155616547
1,1,167660.93903321784,-1.121,1.6481831,-0.16971024551813468
1,1,167665.93903400016,-1.121,1.647935,-0.17126722216091553
1,1,167670.93903478247,-1.121,1.6476678,-0.17282419699608617
1,1,167675.93903556478,-1.121,1.6474577,-0.17438117784611384
1,1,167680.9390363471,-1.121,1.6472095,-0.17593815657086506
1,1,167685.9390371294,-1.121,1.6470187,-0.1774951339666976
1,1,167690.9390379117,-1.121,1.6466559,-0.17905211019870973
1,1,167695.93903869402,-1.121,1.646446,-0.18060908976523085
1,1,167700.93903947633,-1.121,1.6463124,-0.18216607107473085
1,1,167705.93904025864,-1.121,1.6459305,-0.18372305022929777
1,1,167710.93904104095,-1.121,1.6456633,-0.18528002554302747
1,1,167715.93904182327,-1.121,1.6454151,-0.18683699984940558
1,1,167720.93904260558,-1.121,1.6451097,-0.18839397611135908
1,1,167725.9390433879,-1.121,1.6448996,-0.18995095451754995
1,1,167730.9390441702,-1.121,1.644766,-0.1915079352653954
1,1,167735.9390449525,-1.121,1.6443841,-0.19306491308648058
1,1,167740.93904573482,-1.121,1.6440406,-0.19462189129997626
1,1,167745.93904651713,-1.121,1.6439451,-0.1961788737198777
1,1,167750.93904729944,-1.121,1.6435633,-0.19773585075758565
1,1,167755.93904808175,-1.121,1.6433724,-0.19929283025108446
1,1,167760.93904886406,-1.121,1.6430287,-0.20084980735547678
1,1,167765.93904964637,-1.121,1.6429334,-0.20240678435561396
1,1,167770.9390504287,-1.121,1.6425134,-0.20396376232975064
1,1,167775.939051211,-1.121,1.6422079,-0.2055207391646836
1,1,167780.9390519933,-1.121,1.6420361,-0.20707771744906908
1,1,167785.93905277562,-1.121,1.6417307,-0.20863469635695225
1,1,167790.93905355793,-1.121,1.6414253,-0.21019167704390823
1,1,167795.93905434024,-1.121,1.6412152,-0.21174865180519561
1,1,167800.93905512255,-1.121,1.640967,-0.21330562622124627
1,1,167805.93905590486,-1.121,1.6404516,-0.21486260457058756
1,1,167810.93905668717,-1.121,1.640337,-0.21641958042717652
1,1,167815.93905746948,-1.121,1.6401461,-0.2179765591682528
1,1,167820.9390582518,-1.121,1.6397262,-0.21953353707921516
1,1,167825.9390590341,-1.121,1.6396307,-0.22109051367704746
1,1,167830.93905981642,-1.121,1.639497,-0.2226474927549363
1,1,167835.93906059873,-1.121,1.6391726,-0.2242044743399952
1,1,167840.93906138104,-1.121,1.6388862,-0.22576145598460579
1,1,167845.93906216335,-1.121,1.6386762,-0.22731844198716358
1,1,167850.93906294566,-1.121,1.6382562,-0.22887542563871552
1,1,167855.93906372797,-1.121,1.6380653,-0.2304324076215162
1,1,167860.93906451028,-1.121,1.6376835,-0.2319893884062238
1,1,167865.9390652926,-1.121,1.6374925,-0.23354636969748477
1,1,167870.9390660749,-1.121,1.637149,-0.2351033486955034
1,1,167875.93906685722,-1.121,1.6367481,-0.23666033053936567
1,1,167880.93906763953,-1.121,1.6364236,-0.23821731163903084
1,1,167885.93906842184,-1.121,1.6362517,-0.23977429225299102
1,1,167890.93906920415,-1.121,1.6360608,-0.2413312727302711
1,1,167895.93906998646,-1.121,1.6355454,-0.242888254715403
1,1,167900.93907076877,-1.121,1.6353545,-0.2444452381266555
1,1,167905.93907155108,-1.121,1.63524,-0.24600221998052474
1,1,167910.9390723334,-1.121,1.6350108,-0.24755920190431685
1,1,167915.9390731157,-1.121,1.6345718,-0.24911618289266704
1,1,167920.93907389801,-1.121,1.6342472,-0.2506731651574772
1,1,167925.93907468033,-1.121,1.6340945,-0.2522301445855433
1,1,167930.93907546264,-1.121,1.63377,-0.25378712599270226
1,1,167935.93907624495,-1.121,1.6336745,-0.255344110166424
1,1,167940.93907702726,-1.121,1.6332355,-0.25690109246520215
1,1,167945.93907780957,-1.121,1.6330063,-0.25845807550161426
1,1,167950.93907859188,-1.121,1.6325291,-0.2600150552758112
1,1,167955.9390793742,-1.121,1.6325101,-0.2615720346802673
1,1,167960.9390801565,-1.121,1.6321282,-0.26312901288637197
1,1,167965.9390809388,-1.121,1.6319182,-0.26468599152498784
1,1,167970.93908172112,-1.121,1.6316319,-0.26624296934270203
1,1,167975.93908250344,-1.121,1.6311355,-0.2677999464039538
1,1,167980.93908328575,-1.121,1.6310973,-0.26935692434804315
1,1,167985.93908406806,-1.121,1.6306964,-0.27091390145498523
1,1,167990.93908485037,-1.121,1.6305056,-0.27247087877953724
1,1,167995.93908563268,-1.121,1.6301047,-0.2740278575735689
1,1,168000.939086415,-1.121,1.6297992,-0.2755848368997376
1,1,168005.9390871973,-1.121,1.6294746,-0.2771418136627013
1,1,168010.93908797915,-1.121,1.6292647,-0.2786987942965827
1,1,168015.93908876146,-1.121,1.6288829,-0.28025577034244287
1,1,168020.93908954377,-1.121,1.6286728,-0.28181274439111037
1,1,168025.93909032608,-1.121,1.6283865,-0.28336972356790985
1,1,168030.9390911084,-1.121,1.628062,-0.28492670258680997
1,1,168035.9390918907,-1.121,1.6276611,-0.2864836820192074
1,1,168040.939092673,-1.121,1.6274893,-0.2880406598517234
1,1,168045.93909345532,-1.121,1.6271647,-0.28959764058119736
1,1,168050.93909423763,-1.121,1.6268402,-0.2911546221668788
1,1,168055.93909501994,-1.121,1.6266493,-0.2927116069312892
1,1,168060.93909580226,-1.121,1.6263248,-0.29426859074166106
1,1,168065.93909658457,-1.121,1.6259239,-0.2958255721214217
1,1,168070.93909736688,-1.121,1.6255611,-0.2973825542278623
1,1,168075.9390981492,-1.121,1.6253321,-0.2989395329372488
1,1,168080.9390989315,-1.121,1.6249884,-0.3004965147437191
1,1,168085.9390997138,-1.121,1.6244348,-0.30205349830342687
1,1,168090.93910049612,-1.121,1.6242821,-0.303610476823052
1,1,168095.93910127843,-1.121,1.6239575,-0.30516745699134157
1,1,168100.93910206074,-1.121,1.6235375,-0.3067244347346096
1,1,168105.93910284305,-1.121,1.6232703,-0.30828141488095145
1,1,168110.93910362537,-1.121,1.6230603,-0.30983839335546914
1,1,168115.93910440768,-1.121,1.6225258,-0.3113953727407458
1,1,168120.93910519,-1.121,1.6223158,-0.31295234894606166
1,1,168125.9391059723,-1.121,1.6219913,-0.31450932699143913
1,1,168130.9391067546,-1.121,1.6215522,-0.31606630687220916
1,1,168135.93910753692,-1.121,1.6212276,-0.31762329139452533
1,1,168140.93910831923,-1.121,1.6209794,-0.3191802724740706
1,1,168145.93910910154,-1.121,1.6205786,-0.3207372549121117
1,1,168150.93910988385,-1.121,1.6201586,-0.32229423607503727
1,1,168155.93911066616,-1.121,1.6199296,-0.32385121705034725
1,1,168160.93911144848,-1.121,1.619624,-0.32540820000842563
1,1,168165.9391122308,-1.121,1.6192614,-0.3269651835909421
1,1,168170.9391130131,-1.121,1.6187841,-0.32852216547373286
1,1,168175.9391137954,-1.121,1.6185741,-0.33007914588830223
1,1,168180.93911457772,-1.121,1.6180968,-0.3316361274660231
1,1,168185.93911536003,-1.121,1.6177342,-0.3331931093903914
1,1,168190.93911614234,-1.121,1.6175814,-0.3347500925803517
1,1,168195.93911692465,-1.121,1.6171997,-0.33630707325832726
1,1,168200.93911770696,-1.121,1.6167414,-0.33786405490691807
1,1,168205.93911848927,-1.121,1.6163787,-0.33942103731777284
1,1,168210.93911927158,-1.121,1.616016,-0.34097802081121353
1,1,168215.9391200539,-1.121,1.6156914,-0.342535002670977
1,1,168220.9391208362,-1.121,1.6152333,-0.3440919836929574
1,1,168225.93912161852,-1.121,1.6149851,-0.3456489657109911
1,1,168230.93912240083,-1.121,1.6146797,-0.3472059478581681
1,1,168235.93912318314,-1.121,1.6142979,-0.34876292652919566
1,1,168240.93912396545,-1.121,1.6138397,-0.35031991110967275
1,1,168245.93912474776,-1.121,1.6135342,-0.35187689596099336
1,1,168250.93912553007,-1.121,1.6132671,-0.35343388323294467
1,1,168255.93912631238,-1.121,1.6127707,-0.35499087030033943
1,1,168260.9391270947,-1.121,1.6123698,-0.35654785463966276
1,1,168265.939127877,-1.121,1.6121025,-0.35810483823219286
1,1,168270.93912865932,-1.121,1.6116635,-0.3596618204549354
1,1,168275.93912944163,-1.121,1.6110907,-0.3612188014220001
1,1,168280.93913022394,-1.121,1.6106516,-0.36277578716137027
1,1,168285.93913100625,-1.121,1.6101553,-0.36433277541506304
1,1,168290.93913178856,-1.121,1.6098307,-0.36588975849850985
1,1,168295.93913257087,-1.121,1.6096016,-0.36744674257968546
1,1,168300.93913335318,-1.121,1.6091626,-0.3690037249769702
1,1,168305.9391341355,-1.121,1.6086471,-0.37056070456487616
1,1,168310.9391349178,-1.121,1.6082845,-0.372117685630825
1,1,168315.93913570012,-1.121,1.6079217,-0.37367466548018335
1,1,168320.93913648243,-1.121,1.6074827,-0.37523164400072245
1,1,168325.93913726474,-1.121,1.6070054,-0.3767886251511178
1,1,168330.93913804705,-1.121,1.6065091,-0.37834561051017057
1,1,168335.93913882936,-1.121,1.6061273,-0.37990259369383267
1,1,168340.93913961167,-1.121,1.6057836,-0.38145957526759317
1,1,168345.93914039398,-1.121,1.6051918,-0.38301655952040364
1,1,168350.9391411763,-1.121,1.6047528,-0.38457354044759945
1,1,168355.9391419586,-1.121,1.6045427,-0.3861305244417324
1,1,168360.9391427409,-1.121,1.6041037,-0.38768750671943036
1,1,168365.93914352322,-1.121,1.6035882,-0.38924448852901994
1,1,168370.93914430554,-1.121,1.6031109,-0.3908014721223514
1,1,168375.93914508785,-1.121,1.6026337,-0.3923584546887743
1,1,168380.93914587016,-1.121,1.602042,-0.39391543611033764
1,1,168385.93914665247,-1.121,1.6018128,-0.3954724214394888
1,1,168390.9391474349,-1.121,1.6012211,-0.39702940327795355
1,1,168395.9391482172,-1.121,1.6007819,-0.3985863832216727
1,1,168400.93914899952,-1.121,1.6003429,-0.4001433619047868
1,1,168405.93914978183,-1.121,1.5999038,-0.40170034165481733
1,1,168410.93915056414,-1.121,1.5994456,-0.40325731835063966
1,1,168415.93915134645,-1.121,1.5989302,-0.4048142957320015
1,1,168420.93915212876,-1.121,1.5985484,-0.40637127197307354
1,1,168425.93915291107,-1.121,1.5981666,-0.40792824929328764
1,1,168430.93915369338,-1.121,1.5975175,-0.40948522571021984
1,1,168435.9391544757,-1.121,1.5971357,-0.4110422036380702
1,1,168440.939155258,-1.121,1.596582,-0.41259918319592215
1,1,168445.93915604032,-1.121,1.5960858,-0.4141561638639636
1,1,168450.93915682263,-1.121,1.5956085,-0.4157131443702711
1,1,168455.93915760494,-1.121,1.595303,-0.4172701250711945
1,1,168460.93915838725,-1.121,1.594654,-0.41882710796233685
1,1,168465.93915916956,-1.121,1.5940813,-0.4203840938929916
1,1,168470.93915995187,-1.121,1.5937185,-0.4219410769715641
1,1,168475.93916073418,-1.121,1.5930504,-0.42349806017188235
1,1,168480.9391615165,-1.121,1.5925732,-0.4250550437413653
1,1,168485.9391622988,-1.121,1.5920577,-0.42661202585140867
1,1,168490.93916308112,-1.121,1.5917714,-0.4281690063081715
1,1,168495.93916386343,-1.121,1.5911413,-0.4297259805764755
1,1,168500.93916464574,-1.121,1.590645,-0.4312829548944765
1,1,168505.93916542805,-1.121,1.5901296,-0.43283993348005084
1,1,168510.93916621036,-1.121,1.5895568,-0.43439691167811556
1,1,168515.93916699267,-1.121,1.5890032,-0.43595388960380027
1,1,168520.93916777498,-1.121,1.5883924,-0.43751086909510695
1,1,168525.9391685573,-1.121,1.5879341,-0.4390678460440239
1,1,168530.9391693396,-1.121,1.5874188,-0.44062482387183777
1,1,168535.9391701219,-1.121,1.5869606,-0.442181801576376
1,1,168540.93917090422,-1.121,1.5863497,-0.4437387806458672
1,1,168545.93917168654,-1.121,1.5857006,-0.44529575716282926
1,1,168550.93917246885,-1.121,1.5851852,-0.4468527336330944
1,1,168555.93917325116,-1.121,1.5846125,-0.44840971254234185
1,1,168560.93917403347,-1.121,1.5841542,-0.4499666906295684
1,1,168565.93917481578,-1.121,1.5835434,-0.45152367238187796
1,1,168570.9391755981,-1.121,1.5830089,-0.453080652817203
1,1,168575.9391763804,-1.121,1.5824362,-0.4546376348353095
1,1,168580.9391771627,-1.121,1.5818253,-0.45619461606554196
1,1,168585.93917794502,-1.121,1.5811571,-0.4577515951599678
1,1,168590.93917872733,-1.121,1.5807562,-0.4593085723026263
1,1,168595.93917950965,-1.121,1.5801835,-0.4608655511292418
1,1,168600.93918029196,-1.121,1.5795727,-0.46242253070226647
1,1,168605.93918107427,-1.121,1.5788854,-0.4639795101696121
1,1,168610.93918185658,-1.121,1.578389,-0.46553649144271353
1,1,168615.9391826389,-1.121,1.5776635,-0.4670934710349971
1,1,168620.9391834212,-1.121,1.5771863,-0.46865045134858296
1,1,168625.9391842035,-1.121,1.5766518,-0.47020743109044105
1,1,168630.93918498582,-1.121,1.5759836,-0.4717644129151371
1,1,168635.93918576813,-1.121,1.5754491,-0.47332139699663056
1,1,168640.93918655044,-1.121,1.574571,-0.4748783772002856
1,1,168645.93918733275,-1.121,1.573941,-0.47643535485324595
1,1,168650.93918811507,-1.121,1.5732728,-0.4779923321202795
1,1,168655.93918889738,-1.121,1.5726237,-0.47954931282961366
1,1,168660.9391896797,-1.121,1.5720129,-0.48110629090797896
1,1,168665.939190462,-1.121,1.5712874,-0.48266326807792975
1,1,168670.9391912443,-1.121,1.5706384,-0.4842202467031677
1,1,168675.93919202662,-1.121,1.5699129,-0.4857772265081604
1,1,168680.93919280893,-1.121,1.5691875,-0.48733420726086696
1,1,168685.93919359124,-1.121,1.5685194,-0.4888911857437624
1,1,168690.93919437332,-1.121,1.5678893,-0.49044816153104437
1,1,168695.93919515563,-1.121,1.5672594,-0.49200514001570805
1,1,168700.93919593794,-1.121,1.5664003,-0.49356211677320133
1,1,168705.93919672025,-1.121,1.565713,-0.4951190909484757
1,1,168710.93919750256,-1.121,1.5649495,-0.4966760641532474
1,1,168715.93919828488,-1.121,1.5643576,-0.4982330432509184
1,1,168720.9391990672,-1.121,1.5635177,-0.4997900206324524
1,1,168725.9391998495,-1.121,1.5629641,-0.5013469976244105
1,1,168730.9392006318,-1.121,1.5621051,-0.50290397265825
1,1,168735.93920141412,-1.121,1.5615705,-0.5044609450768497
1,1,168740.93920219643,-1.121,1.560616,-0.5060179170467324
1,1,168745.93920297874,-1.121,1.5599478,-0.5075748869296114
1,1,168750.93920376105,-1.121,1.559146,-0.509131861424923
1,1,168755.93920454336,-1.121,1.5583061,-0.5106888394966457
1,1,168760.93920532567,-1.121,1.5576761,-0.5122458140094678
1,1,168765.93920610799,-1.121,1.557046,-0.5138027891592317
1,1,168770.9392068903,-1.121,1.5560725,-0.5153597647107508
1,1,168775.9392076726,-1.121,1.5554043,-0.5169167369130188
1,1,168780.93920845492,-1.121,1.5545834,-0.5184737135210103
1,1,168785.93920923723,-1.121,1.5537626,-0.5200306938942538
1,1,168790.93921001954,-1.121,1.5529417,-0.5215876727693411
1,1,168795.93921080185,-1.121,1.5522163,-0.5231446521789431
1,1,168800.93921158416,-1.121,1.5513953,-0.5247016316312485
1,1,168805.93921236647,-1.121,1.5505744,-0.5262586114382346
1,1,168810.93921314878,-1.121,1.5497535,-0.5278155873612298
1,1,168815.9392139311,-1.121,1.5487418,-0.5293725654322307
1,1,168820.9392147134,-1.121,1.5478445,-0.5309295444803768
1,1,168825.93921549572,-1.121,1.547081,-0.532486523052805
1,1,168830.93921627803,-1.121,1.5463938,-0.5340435019805895
1,1,168835.93921706034,-1.121,1.5453819,-0.5356004776547617
1,1,168840.93921784265,-1.121,1.5446182,-0.5371574552958276
1,1,168845.93921862496,-1.121,1.5436256,-0.5387144343139727
1,1,168850.93921940727,-1.121,1.5426902,-0.540271407059431
1,1,168855.93922018958,-1.121,1.5419266,-0.5418283810142808
1,1,168860.9392209719,-1.121,1.540972,-0.5433853545495867
1,1,168865.9392217542,-1.121,1.5399793,-0.5449423268369965
1,1,168870.93922253652,-1.121,1.5390439,-0.546499301261352
1,1,168875.93922331883,-1.121,1.5381467,-0.5480562739956775
1,1,168880.93922410114,-1.121,1.5370586,-0.5496132484041385
1,1,168885.93922488345,-1.121,1.5362376,-0.5511702248243556
1,1,168890.93922566576,-1.121,1.5351877,-0.552727205956704
1,1,168895.93922644807,-1.121,1.5341377,-0.5542841866870919
1,1,168900.93922723038,-1.121,1.5332595,-0.5558411670574214
1,1,168905.9392280127,-1.121,1.532305,-0.5573981447607146
1,1,168910.939228795,-1.121,1.531236,-0.5589551205714212
1,1,168915.9392295773,-1.121,1.5301287,-0.5605121003176304
1,1,168920.93923035963,-1.121,1.5290406,-0.5620690802440907
1,1,168925.93923114194,-1.121,1.5281816,-0.563626058281872
1,1,168930.93923192425,-1.121,1.5270743,-0.5651830365952981
1,1,168935.93923270656,-1.121,1.5260053,-0.5667400173761447
1,1,168940.93923348887,-1.121,1.5250889,-0.5682969959569374
1,1,168945.93923427118,-1.121,1.5237716,-0.5698539710472093
1,1,168950.9392350535,-1.121,1.5227408,-0.5714109521298738
1,1,168955.9392358358,-1.121,1.5216908,-0.5729679301907948
1,1,168960.9392366181,-1.121,1.5206027,-0.5745249106716777
1,1,168965.93923740042,-1.121,1.5194381,-0.5760818882573576
1,1,168970.93923818273,-1.121,1.5182546,-0.5776388670894038
1,1,168975.93923896505,-1.121,1.5172619,-0.5791958458871574
1,1,168980.93923974736,-1.121,1.5159447,-0.5807528256520362
1,1,168985.93924052967,-1.121,1.514723,-0.5823098024261129
1,1,168990.93924131198,-1.121,1.5137875,-0.5838667814738882
1,1,168995.9392420943,-1.121,1.5125848,-0.5854237643382614
1,1,169000.9392428766,-1.121,1.5113248,-0.5869807453175782
1,1,169005.9392436589,-1.121,1.5101985,-0.588537725738565
1,1,169010.93924444122,-1.121,1.5088621,-0.5900947063823937
1,1,169015.93924522353,-1.121,1.5076213,-0.5916516875061723
1,1,169020.93924600584,-1.121,1.5063614,-0.5932086656095981
1,1,169025.93924678816,-1.121,1.5051777,-0.5947656416944794
1,1,169030.93924757047,-1.121,1.5040514,-0.5963226180010636
1,1,169035.93924835278,-1.121,1.502696,-0.5978795936974087
1,1,169040.9392491351,-1.121,1.5013024,-0.5994365700208146
1,1,169045.9392499174,-1.121,1.5000043,-0.6009935434454678
1,1,169050.9392506997,-1.121,1.4987061,-0.6025505161927805
1,1,169055.93925148202,-1.121,1.4973888,-0.6041074920577075
1,1,169060.93925226433,-1.121,1.4958999,-0.6056644726493755
1,1,169065.93925304664,-1.121,1.4945636,-0.6072214518493612
1,1,169070.93925382895,-1.121,1.4930363,-0.6087784333940082
1,1,169075.93925461126,-1.121,1.4916618,-0.6103354200739463
1,1,169080.93925539358,-1.121,1.4900582,-0.6118924018375806
1,1,169085.9392561759,-1.121,1.4886456,-0.6134493849029341
1,1,169090.9392569582,-1.121,1.4871565,-0.6150063682460982
1,1,169095.9392577405,-1.121,1.4857247,-0.61656335609238
1,1,169100.93925852282,-1.121,1.484102,-0.6181203458816473
1,1,169105.93925930513,-1.121,1.482632,-0.6196773354250522
1,1,169110.93926008744,-1.121,1.481143,-0.6212343255097401
1,1,169115.93926086975,-1.121,1.4795012,-0.6227913139067622
1,1,169120.93926165206,-1.121,1.4778595,-0.624348297828363
1,1,169125.93926243437,-1.121,1.4762751,-0.6259052843248976
1,1,169130.9392632167,-1.121,1.474996,-0.6274622688291205
1,1,169135.939263999,-1.121,1.4731251,-0.629019254834738
1,1,169140.9392647813,-1.121,1.4714452,-0.6305762380482024
1,1,169145.93926556362,-1.121,1.4699752,-0.6321332197904255
1,1,169150.93926634593,-1.121,1.4683526,-0.633690202146828
1,1,169155.93926712824,-1.121,1.4665962,-0.6352471847216419
1,1,169160.93926791055,-1.121,1.4647444,-0.6368041680922374
1,1,169165.93926869286,-1.121,1.4632173,-0.6383611496603289
1,1,169170.93926947517,-1.121,1.4612892,-0.6399181310129495
1,1,169175.93927025748,-1.121,1.4594564,-0.6414751106847788
1,1,169180.9392710398,-1.121,1.4577001,-0.6430320915563039
1,1,169185.9392718221,-1.121,1.4558485,-0.644589074639307
1,1,169190.93927260442,-1.121,1.4540921,-0.6461460557737151
1,1,169195.93927338673,-1.121,1.4521067,-0.6477030390652484
1,1,169200.93927416904,-1.121,1.4503504,-0.6492600198059214
1,1,169205.93927495135,-1.121,1.4482696,-0.6508170004610816
1,1,169210.93927573366,-1.121,1.4462078,-0.6523739820472001
1,1,169215.93927651597,-1.121,1.4442606,-0.6539309628533853
1,1,169220.93927729828,-1.121,1.4421225,-0.6554879450690282
1,1,169225.9392780806,-1.121,1.4400226,-0.6570449261755744
1,1,169230.9392788629,-1.121,1.4379226,-0.6586019075406988
1,1,169235.93927964522,-1.121,1.435899,-0.660158886283742
1,1,169240.93928042753,-1.121,1.4336655,-0.6617158662248717
1,1,169245.93928120984,-1.121,1.4315464,-0.6632728458095722
1,1,169250.93928199215,-1.121,1.4292938,-0.6648298249210185
1,1,169255.93928277446,-1.121,1.4271367,-0.6663868012705843
1,1,169260.93928355677,-1.121,1.4249412,-0.6679437785049346
1,1,169265.93928433908,-1.121,1.422555,-0.669500757212672
1,1,169270.9392851214,-1.121,1.4204359,-0.6710577365660999
1,1,169275.9392859037,-1.121,1.4178587,-0.6726147171738744
1,1,169280.939286686,-1.121,1.415587,-0.6741717001093495
1,1,169285.93928746833,-1.121,1.4133344,-0.675728682933483
1,1,169290.93928825017,-1.121,1.4107763,-0.677285665034122
1,1,169295.93928903248,-1.121,1.4082563,-0.6788426436387831
1,1,169300.9392898148,-1.121,1.4057555,-0.6803996216412121
1,1,169305.9392905971,-1.121,1.4031591,-0.6819565973870093
1,1,169310.9392913794,-1.121,1.4006202,-0.6835135738566916
1,1,169315.93929216173,-1.121,1.3980812,-0.685070552408086
1,1,169320.93929294404,-1.121,1.3952749,-0.6866275288808016
1,1,169325.93929372635,-1.121,1.3923541,-0.6881845008026827
1,1,169330.93929450866,-1.121,1.3896241,-0.6897414787376657
1,1,169335.93929529097,-1.121,1.3868752,-0.691298453692284
1,1,169340.93929607328,-1.121,1.3840498,-0.6928554269314144
1,1,169345.9392968556,-1.121,1.3811481,-0.6944124020357464
1,1,169350.9392976379,-1.121,1.3783418,-0.695969379432473
1,1,169355.9392984202,-1.121,1.3753256,-0.6975263559690714
1,1,169360.93929920252,-1.121,1.3722138,-0.6990833328301973
1,1,169365.93929998484,-1.121,1.3691593,-0.7006403043557405
1,1,169370.93930076715,-1.121,1.3658949,-0.7021972749462856
1,1,169375.93930154946,-1.121,1.3629359,-0.7037542487960458
1,1,169380.93930233177,-1.121,1.3596524,-0.705311228437523
1,1,169385.93930311408,-1.121,1.3565788,-0.7068682076648937
1,1,169390.9393038964,-1.121,1.3531998,-0.7084251868801712
1,1,169395.9393046787,-1.121,1.3499163,-0.7099821684372623
1,1,169400.939305461,-1.121,1.3465947,-0.7115391509843997
1,1,169405.93930624332,-1.121,1.3430629,-0.7130961282250946
1,1,169410.93930702563,-1.121,1.3394358,-0.7146531050641072
1,1,169415.93930780794,-1.121,1.3360378,-0.7162100807630816
1,1,169420.93930859026,-1.121,1.3322196,-0.7177670596073864
1,1,169425.93930937257,-1.121,1.3285161,-0.7193240379628736
1,1,169430.93931015488,-1.121,1.324679,-0.7208810162319539
1,1,169435.9393109372,-1.121,1.3210328,-0.7224379943251806
1,1,169440.9393117195,-1.121,1.3171192,-0.7239949721270731
1,1,169445.9393125018,-1.121,1.3131866,-0.7255519482472073
1,1,169450.93931328412,-1.121,1.3091395,-0.7271089264389273
1,1,169455.93931406643,-1.121,1.3051305,-0.7286659022548461
1,1,169460.93931484874,-1.121,1.300816,-0.7302228782167299
1,1,169465.93931563105,-1.121,1.2967498,-0.7317798527164655
1,1,169470.93931641337,-1.121,1.292569,-0.7333368291205496
1,1,169475.93931719568,-1.121,1.2882355,-0.7348938092009887
1,1,169480.939317978,-1.121,1.283673,-0.7364507894784476
1,1,169485.9393187603,-1.121,1.2793205,-0.7380077677507995
1,1,169490.9393195426,-1.121,1.2749487,-0.7395647447778183
1,1,169495.93932032492,-1.121,1.2704434,-0.741121719608353
1,1,169500.93932110723,-1.121,1.2656326,-0.7426786916257074
1,1,169505.93932188954,-1.121,1.2609746,-0.744235665960623
1,1,169510.93932267185,-1.121,1.2562784,-0.7457926395692227
1,1,169515.93932345416,-1.121,1.2511623,-0.7473496140292285
1,1,169520.93932423647,-1.121,1.2461224,-0.7489065850501191
1,1,169525.9393250188,-1.121,1.2410444,-0.750463562363386
1,1,169530.9393258011,-1.121,1.2359854,-0.7520205397736759
1,1,169535.9393265834,-1.121,1.2307738,-0.753577514558527
1,1,169540.93932736572,-1.121,1.2255049,-0.7551344874335458
1,1,169545.93932814803,-1.121,1.2199878,-0.7566914626980488
1,1,169550.93932893034,-1.121,1.214738,-0.7582484391535651
1,1,169555.93932971265,-1.121,1.2091635,-0.7598054145153494
1,1,169560.93933049496,-1.121,1.2034174,-0.761362388539685
1,1,169564.02993097925,-1.121,1.1999239,-0.7623247874453265
1,1,169564.03013097926,-1.121,1.1999812,-0.7623248497230541
1,2,169564.03093097924,1.121,1.2871072,1.2365745173560248e-07
1,2,169569.0309317616,1.121,1.4627973,0.0015569534883101781
1,2,169574.03093254392,1.121,1.5271125,0.0031137864573730365
1,2,169579.03093332623,1.121,1.5783509,0.004670619959904088
1,2,169584.03093410854,1.121,1.6226213,0.006227450395994716
1,2,169589.03093489085,1.121,1.6626726,0.007784278180784649
1,2,169594.03093567316,1.121,1.6994787,0.009341105543295543
1,2,169599.03093645547,1.121,1.7341467,0.010897932605319554
1,2,169604.03093723778,1.121,1.7670012,0.01245476158371899
1,2,169609.0309380201,1.121,1.7983856,0.014011588772899576
1,2,169614.0309388024,1.121,1.8282237,0.015568419335153369
1,2,169619.0309395847,1.121,1.8567828,0.017125254043552612
1,2,169624.03094036703,1.121,1.884101,0.01868208931488461
1,2,169629.03094114934,1.121,1.9101593,0.02023892073499494
1,2,169634.03094193165,1.121,1.9349003,0.021795753638949658
1,2,169639.03094271396,1.121,1.9581714,0.023352584230793845
1,2,169644.03094349627,1.121,1.9802016,0.02490941549317042
1,2,169649.03094427835,1.121,2.000781,0.026466245678120188
1,2,169654.03094506066,1.121,2.019833,0.028023076173649894
1,2,169659.03094584297,1.121,2.0376444,0.029579911494175593
1,2,169664.03094662528,1.121,2.0539856,0.031136743944558832
1,2,169669.0309474076,1.121,2.0693343,0.03269357699655824
1,2,169674.0309481899,1.121,2.0835757,0.03425040932513608
1,2,169679.0309489722,1.121,2.0965762,0.03580724455018838
1,2,169684.03094975452,1.121,2.1086793,0.03736407752335734
1,2,169689.03095053684,1.121,2.1201146,0.03892091342894899
1,2,169694.03095131915,1.121,2.130614,0.04047774864013328
1,2,169699.03095210146,1.121,2.1404076,0.042034582060641715
1,2,169704.03095288377,1.121,2.1496663,0.04359141777561108
1,2,169709.03095366608,1.121,2.1582952,0.04514825080131822
1,2,169714.0309544484,1.121,2.1662748,0.04670508554969231
1,2,169719.0309552307,1.121,2.1737008,0.04826191949474149
1,2,169724.030956013,1.121,2.1808789,0.04981875388964017
1,2,169729.03095679532,1.121,2.1876178,0.05137558936548895
1,2,169734.03095757763,1.121,2.1941657,0.05293242444762918
1,2,169739.03095835994,1.121,2.200141,0.05448925714915328
1,2,169744.03095914226,1.121,2.205639,0.05604608680458201
1,2,169749.03095992457,1.121,2.211137,0.057602917571127406
1,2,169754.03096070688,1.121,2.2163105,0.05915974796402453
1,2,169759.0309614892,1.121,2.2210448,0.06071657861375808
1,2,169764.0309622715,1.121,2.2258556,0.062273412861241224
1,2,169769.0309630538,1.121,2.230151,0.06383024409614668
1,2,169774.03096383612,1.121,2.2345607,0.06538707866834931
1,2,169779.03096461843,1.121,2.2384362,0.06694391441997553
1,2,169784.03096540074,1.121,2.242464,0.06850074772932131
1,2,169789.03096618305,1.121,2.2462823,0.07005758310883574
1,2,169794.03096696537,1.121,2.2497566,0.07161441865377292
1,2,169799.03096774768,1.121,2.2533839,0.07317125457078218
1,2,169804.03096853,1.121,2.256591,0.07472809109712308
1,2,169809.0309693123,1.121,2.2599127,0.07628492660130394
1,2,169814.0309700946,1.121,2.2630243,0.07784176395733489
1,2,169819.03097087692,1.121,2.2661552,0.079398601465861
1,2,169824.03097165923,1.121,2.2691333,0.08095543992739254
1,2,169829.03097244154,1.121,2.2719014,0.08251227757291663
1,2,169834.03097322385,1.121,2.2748032,0.08406911274254986
1,2,169839.03097400616,1.121,2.2776093,0.08562594984718827
1,2,169844.03097478847,1.121,2.2802057,0.08718278486529325
1,2,169849.0309755708,1.121,2.2827637,0.08873961841219666
1,2,169854.0309763531,1.121,2.2853029,0.09029645399947302
1,2,169859.0309771354,1.121,2.287918,0.09185328787826832
1,2,169864.03097791772,1.121,2.2904,0.09341012074881795
1,2,169869.03097870003,1.121,2.2927098,0.09496695097951097
1,2,169874.03097948234,1.121,2.2951725,0.09652378218153453
1,2,169879.03098026465,1.121,2.2975016,0.09808061500203612
1,2,169884.03098104696,1.121,2.299926,0.09963744929201075
1,2,169889.03098182927,1.121,2.3020833,0.10119428387398192
1,2,169894.03098261158,1.121,2.3043358,0.10275112108433249
1,2,169899.0309833939,1.121,2.3065503,0.10430795888916654
1,2,169904.0309841762,1.121,2.3088028,0.10586479691576298
1,2,169909.03098495852,1.121,2.3109028,0.10742163596204919
1,2,169914.03098574083,1.121,2.31306,0.1089784742877881
1,2,169919.03098652314,1.121,2.3151028,0.11053531175137894
1,2,169924.03098730545,1.121,2.3171835,0.11209214917227961
1,2,169929.03098808776,1.121,2.3193982,0.11364898791919156
1,2,169934.03098887007,1.121,2.3213453,0.11520582786274623
1,2,169939.03098965238,1.121,2.3235025,0.11676266867266766
1,2,169944.0309904347,1.121,2.325698,0.11831951078724204
1,2,169949.030991217,1.121,2.3277214,0.11987635312692992
1,2,169954.03099199932,1.121,2.3298404,0.12143319108402072
1,2,169959.03099278163,1.121,2.3317876,0.12299002682177892
1,2,169964.03099356394,1.121,2.3340786,0.1245468628152543
1,2,169969.03099434625,1.121,2.3359494,0.12610369709034103
1,2,169974.03099512856,1.121,2.3379538,0.12766053031811453
1,2,169979.03099591087,1.121,2.3402064,0.12921736607389323
1,2,169984.03099669318,1.121,2.3422682,0.13077420355347796
1,2,169989.0309974755,1.121,2.344292,0.13233103917046393
1,2,169994.0309982578,1.121,2.3463535,0.13388787505628008
1,2,169999.03099904011,1.121,2.3485298,0.1354447151057257
1,2,170004.03099982243,1.121,2.3505535,0.13700155293316316
1,2,170009.03100060474,1.121,2.352596,0.1385583911041618
1,2,170014.03100138705,1.121,2.3546388,0.1401152260888087
1,2,170019.03100216936,1.121,2.3566813,0.1416720586186648
1,2,170024.03100295167,1.121,2.3588386,0.14322889406552586
1,2,170029.03100373398,1.121,2.3609767,0.14478573192402394
1,2,170034.0310045163,1.121,2.3630958,0.1463425697844956
1,2,170039.0310052986,1.121,2.365234,0.14789940424049566
1,2,170044.0310060809,1.121,2.367372,0.1494562359195352
1,2,170049.03100686322,1.121,2.3696246,0.15101306903891434
1,2,170054.03100764554,1.121,2.3717628,0.152569901521047
1,2,170059.03100842785,1.121,2.3739772,0.1541267329560055
1,2,170064.03100921016,1.121,2.37623,0.15568356484486
1,2,170069.03100999247,1.121,2.37812,0.15724039820913477
1,2,170074.03101077478,1.121,2.3805826,0.15879723090155923
1,2,170079.0310115571,1.121,2.3827014,0.16035406537812952
1,2,170084.0310123394,1.121,2.3848205,0.16191090003601713
1,2,170089.0310131217,1.121,2.3871686,0.16346773519702756
1,2,170094.03101390402,1.121,2.3894594,0.1650245710853405
1,2,170099.03101468633,1.121,2.3917313,0.16658140753465234
1,2,170104.03101546864,1.121,2.3941748,0.16813824373158487
1,2,170109.03101625096,1.121,2.3965993,0.16969507720232677
1,2,170114.03101703327,1.121,2.398871,0.17125191435537077
1,2,170119.03101781558,1.121,2.4013526,0.17280874966439938
1,2,170124.0310185979,1.121,2.403758,0.17436558556591805
1,2,170129.0310193802,1.121,2.4061253,0.17592242062279254
1,2,170134.0310201625,1.121,2.4087024,0.17747925594096717
1,2,170139.03102094482,1.121,2.4110506,0.17903609062866374
1,2,170144.03102172713,1.121,2.413685,0.18059292634893132
1,2,170149.03102250944,1.121,2.4160523,0.18214976376952072
1,2,170154.03102329175,1.121,2.4186485,0.18370660116553314
1,2,170159.03102407407,1.121,2.421283,0.1852634382997818
1,2,170164.03102485638,1.121,2.42386,0.18682027247779906
1,2,170169.0310256387,1.121,2.4264946,0.18837710990139517
1,2,170174.031026421,1.121,2.4291673,0.1899339475871259
1,2,170179.0310272033,1.121,2.4318972,0.19149078609043366
1,2,170184.03102798562,1.121,2.4345508,0.19304762074445359
1,2,170189.03102876793,1.121,2.4375098,0.19460445416963104
1,2,170194.03102955024,1.121,2.440297,0.19616128547204206
1,2,170199.03103033255,1.121,2.4431415,0.1977181179474725
1,2,170204.03103111486,1.121,2.4457757,0.19927494859456357
1,2,170209.03103189718,1.121,2.4488876,0.20083177831551105
1,2,170214.0310326795,1.121,2.4515603,0.2023886050399476
1,2,170219.0310334618,1.121,2.4545956,0.20394543622838793
1,2,170224.0310342441,1.121,2.4575355,0.2055022715062433
1,2,170229.03103502642,1.121,2.460609,0.20705910300215088
1,2,170234.03103580873,1.121,2.4636443,0.20861593368830286
1,2,170239.03103659104,1.121,2.466928,0.2101727662342522
1,2,170244.03103737335,1.121,2.4698868,0.21172959736892252
1,2,170249.0310381552,1.121,2.4731321,0.2132864292215043
1,2,170254.0310389375,1.121,2.4763203,0.21484326271133955
1,2,170259.03103971982,1.121,2.4792984,0.21640009414475497
1,2,170264.03104050213,1.121,2.4825056,0.21795692884957132
1,2,170269.03104128444,1.121,2.4860373,0.2195137611827321
1,2,170274.03104206675,1.121,2.4891872,0.2210705915413897
1,2,170279.03104284906,1.121,2.492566,0.22262742140985203
1,2,170284.03104363137,1.121,2.4959452,0.22418425133769385
1,2,170289.03104441368,1.121,2.4993622,0.22574108050594732
1,2,170294.031045196,1.121,2.5028749,0.22729790974492503
1,2,170299.0310459783,1.121,2.506292,0.22885474019694996
1,2,170304.03104676062,1.121,2.5098429,0.2304115714932548
1,2,170309.03104754293,1.121,2.5133746,0.2319684044544896
1,2,170314.03104832524,1.121,2.517021,0.2335252362538643
1,2,170319.03104910755,1.121,2.5207624,0.235082068044338
1,2,170324.03104988986,1.121,2.5243325,0.23663890087207162
1,2,170329.03105067217,1.121,2.5281696,0.23819573267395633
1,2,170334.03105145448,1.121,2.5320067,0.23975256346988683
1,2,170339.0310522368,1.121,2.5355003,0.24130939592953526
1,2,170344.0310530191,1.121,2.5393374,0.24286622918925024
1,2,170349.03105380142,1.121,2.5429263,0.24442306396585045
1,2,170354.03105458373,1.121,2.546878,0.24597989928169386
1,2,170359.03105536604,1.121,2.5506198,0.24753673657049077
1,2,170364.03105614835,1.121,2.554648,0.24909357074940872
1,2,170369.03105693066,1.121,2.5583513,0.2506504056416618
1,2,170374.03105771297,1.121,2.5622075,0.2522072401448224
1,2,170379.03105849528,1.121,2.566083,0.25376407366696335
1,2,170384.0310592776,1.121,2.5698628,0.2553209035836657
1,2,170389.0310600599,1.121,2.5736809,0.25687773365585675
1,2,170394.03106084222,1.121,2.5774608,0.25843456278857924
1,2,170399.03106162453,1.121,2.5812788,0.25999139216369394
1,2,170404.03106240684,1.121,2.584925,0.26154822086111706
1,2,170409.03106318915,1.121,2.5886285,0.26310505238172743
1,2,170414.03106397146,1.121,2.592294,0.2646618846691582
1,2,170419.03106475377,1.121,2.5958447,0.2662187197335826
1,2,170424.03106553608,1.121,2.5996056,0.2677755553684036
1,2,170429.0310663184,1.121,2.6027744,0.2693323942293061
1,2,170434.0310671007,1.121,2.6064017,0.27088923011934096
1,2,170439.031067883,1.121,2.6099143,0.2724460676935448
1,2,170444.03106866532,1.121,2.6131022,0.27400290695977875
1,2,170449.03106944764,1.121,2.616424,0.27555974418198403
1,2,170454.03107022995,1.121,2.6197648,0.2771165809029275
1,2,170459.03107101226,1.121,2.6227238,0.2786734159117408
1,2,170464.03107179457,1.121,2.6256447,0.28023025097001264
1,2,170469.03107257688,1.121,2.62889,0.2817870854501989
1,2,170474.0310733592,1.121,2.631811,0.28334392161207067
1,2,170479.0310741415,1.121,2.6346934,0.28490075749166144
1,2,170484.0310749238,1.121,2.6373851,0.28645759224659206
1,2,170489.03107570612,1.121,2.6402678,0.28801442846016756
1,2,170494.03107648843,1.121,2.6429024,0.28957126361561486
1,2,170499.03107727075,1.121,2.6456513,0.2911280974444151
1,2,170504.03107805306,1.121,2.648133,0.2926849307810333
1,2,170509.03107883537,1.121,2.650672,0.29424176367824606
1,2,170514.03107961768,1.121,2.6530583,0.29579859906528394
1,2,170519.0310804,1.121,2.6554255,0.29735543238372275
1,2,170524.0310811823,1.121,2.657831,0.29891226873196497
1,2,170529.0310819646,1.121,2.6600835,0.3004690997757978
1,2,170534.03108274692,1.121,2.6624699,0.3020259275854031
1,2,170539.03108352923,1.121,2.6646652,0.3035827547279397
1,2,170544.03108431154,1.121,2.6667461,0.3051395816920399
1,2,170549.03108509385,1.121,2.6690369,0.30669640964794814
1,2,170554.03108587617,1.121,2.6712513,0.30825323916541864
1,2,170559.03108665848,1.121,2.6731985,0.30981006758795177
1,2,170564.0310874408,1.121,2.6752603,0.3113668937522835
1,2,170569.0310882231,1.121,2.6771502,0.3129237209966646
1,2,170574.0310890054,1.121,2.6791737,0.31448054857110974
1,2,170579.03108978772,1.121,2.6810064,0.31603737954273486
1,2,170584.03109057003,1.121,2.682973,0.3175942112937437
1,2,170589.03109135234,1.121,2.6847672,0.31915104472454386
1,2,170594.03109213465,1.121,2.686581,0.32070787703039244
1,2,170599.03109291696,1.121,2.6884327,0.3222647092834512
1,2,170604.03109369928,1.121,2.690189,0.3238215387945241
1,2,170609.0310944816,1.121,2.6919262,0.32537836782981944
1,2,170614.0310952639,1.121,2.6936443,0.3269351942127148
1,2,170619.0310960462,1.121,2.6953242,0.32849201937501954
1,2,170624.03109682852,1.121,2.6970806,0.3300488415738675
1,2,170629.03109761095,1.121,2.698665,0.33160566579577655
1,2,170634.03109839326,1.121,2.700307,0.33316249353115424
1,2,170639.03109917557,1.121,2.702044,0.33471932119115855
1,2,170644.03109995788,1.121,2.7035904,0.33627615049246945
1,2,170649.0311007402,1.121,2.705022,0.337832980895453
1,2,170654.0311015225,1.121,2.7066638,0.33938981311813987
1,2,170659.0311023048,1.121,2.7080956,0.34094664552923704
1,2,170664.03110308712,1.121,2.709642,0.34250347966293493
1,2,170669.03110386943,1.121,2.7110355,0.34406031344503823
1,2,170674.03110465175,1.121,2.71262,0.34561714510272606
1,2,170679.03110543406,1.121,2.7141092,0.3471739768323501
1,2,170684.03110621637,1.121,2.7153118,0.3487308094392617
1,2,170689.03110699868,1.121,2.7169154,0.35028764469983836
1,2,170694.031107781,1.121,2.718347,0.35184448070050606
1,2,170699.0311085633,1.121,2.7196262,0.3534013154058257
1,2,170704.0311093456,1.121,2.721115,0.3549581495042906
1,2,170709.03111012792,1.121,2.7225661,0.35651497865974235
1,2,170714.03111091023,1.121,2.7239978,0.35807180723675086
1,2,170719.03111169254,1.121,2.7253342,0.3596286363717317
1,2,170724.03111247486,1.121,2.7267659,0.36118546829359394
1,2,170729.03111325717,1.121,2.7279496,0.3627422977806793
1,2,170734.03111403948,1.121,2.7294004,0.36429912639818585
1,2,170739.0311148218,1.121,2.7306604,0.36585595536046556
1,2,170744.0311156041,1.121,2.731882,0.3674127849949201
1,2,170749.0311163864,1.121,2.7332947,0.3689696175769104
1,2,170754.03111716872,1.121,2.734593,0.3705264495203561
1,2,170759.03111795103,1.121,2.7357383,0.3720832803366979
1,2,170764.03111873334,1.121,2.7372656,0.373640115101152
1,2,170769.03111951565,1.121,2.7383728,0.37519694611116916
1,2,170774.03112029796,1.121,2.73948,0.3767537785292467
1,2,170779.03112108028,1.121,2.739671,0.3783106102946004
1,2,170784.0311218626,1.121,2.741389,0.3798674428571132
1,2,170789.0311226449,1.121,2.7415037,0.3814242763927116
1,2,170794.0311234272,1.121,2.7442336,0.38298110991589895
1,2,170799.03112420952,1.121,2.7455318,0.3845379451371498
1,2,170804.03112499183,1.121,2.7470398,0.38609477849186796
1,2,170809.03112577414,1.121,2.7483761,0.38765161162773776
1,2,170814.03112655645,1.121,2.7495024,0.38920844337632926
1,2,170819.03112733876,1.121,2.7508006,0.39076527331641653
1,2,170824.03112812107,1.121,2.752137,0.3923221055499117
1,2,170829.03112890339,1.121,2.7533395,0.3938789396090508
1,2,170834.0311296857,1.121,2.7544851,0.39543577093894616
1,2,170839.031130468,1.121,2.7557068,0.3969926031107572
1,2,170844.03113125032,1.121,2.7568521,0.3985494375493527
1,2,170849.03113203263,1.121,2.7579978,0.40010627458043235
1,2,170854.03113281494,1.121,2.7592576,0.40166311021947865
1,2,170859.03113359725,1.121,2.7604604,0.4032199441074796
1,2,170864.03113437956,1.121,2.761701,0.4047767794354426
1,2,170869.03113516187,1.121,2.762694,0.40633361810191476
1,2,170874.03113594418,1.121,2.7638774,0.4078904558902582
1,2,170879.0311367265,1.121,2.7650993,0.40944729298463134
1,2,170884.0311375088,1.121,2.7662446,0.4110041269386742
1,2,170889.03113829112,1.121,2.7675047,0.4125609632320802
1,2,170894.03113907343,1.121,2.7685928,0.4141177993710108
1,2,170899.03113985574,1.121,2.769662,0.4156746373639372
1,2,170904.03114063805,1.121,2.7710364,0.41723147323096466
1,2,170909.03114142036,1.121,2.77222,0.4187883073819346
1,2,170914.03114220267,1.121,2.773289,0.4203451418183314
1,2,170919.03114298498,1.121,2.77453,0.4219019764972396
1,2,170924.03114376706,1.121,2.7756753,0.42345880962330107
1,2,170929.03114454937,1.121,2.7770116,0.42501564067597525
1,2,170934.03114533168,1.121,2.7780426,0.4265724739625322
1,2,170939.031146114,1.121,2.7758472,0.42812930938514077
1,2,170944.0311468963,1.121,2.776668,0.42968614268836053
1,2,170949.03114767862,1.121,2.7779279,0.4312429771831566
1,2,170954.03114846093,1.121,2.7821088,0.43279980996634565
1,2,170959.03114924324,1.121,2.7837696,0.4343566380344762
1,2,170964.03115002555,1.121,2.7816124,0.43591346629337474
1,2,170969.03115080786,1.121,2.7862704,0.4374702951485581
1,2,170974.03115159017,1.121,2.7876449,0.43902712716979453
1,2,170979.03115237248,1.121,2.788943,0.4405839571946992
1,2,170984.0311531548,1.121,2.7902603,0.44214078770820303
1,2,170989.0311539371,1.121,2.788905,0.443697618113988
1,2,170994.0311547194,1.121,2.7924366,0.4452544491268198
1,2,170999.03115550173,1.121,2.7938683,0.44681128128445813
1,2,171004.03115628404,1.121,2.794823,0.4483681137827304
1,2,171009.03115706635,1.121,2.7961974,0.44992494822692874
1,2,171014.03115784866,1.121,2.7975338,0.45148178558763535
1,2,171019.03115863097,1.121,2.7989082,0.4530386210180058
1,2,171024.03115941328,1.121,2.7959301,0.4545954589089487
1,2,171029.0311601956,1.121,2.7994618,0.45615229166236193
1,2,171034.0311609779,1.121,2.8026881,0.45770912795307905
1,2,171039.0311617602,1.121,2.803948,0.45926596133051983
1,2,171044.03116254252,1.121,2.8018672,0.4608227926431365
1,2,171049.03116332483,1.121,2.802478,0.4623796227476995
1,2,171054.03116410715,1.121,2.8034518,0.4639364548879863
1,2,171059.03116488946,1.121,2.8084724,0.46549328601378875
1,2,171064.03116567177,1.121,2.8095987,0.46705011707904615
1,2,171069.03116645408,1.121,2.8112595,0.46860694922928026
1,2,171074.0311672364,1.121,2.812634,0.47016378212952625
1,2,171079.0311680187,1.121,2.8139894,0.47172061475089533
1,2,171084.031168801,1.121,2.815135,0.4732774450095297
1,2,171089.03116958332,1.121,2.8161085,0.47483427606485296
1,2,171094.03117036563,1.121,2.8174448,0.47639110840094095
1,2,171099.03117114794,1.121,2.8178458,0.47794794109494826
1,2,171104.03117193026,1.121,2.818972,0.47950477262204894
1,2,171109.03117271257,1.121,2.8202894,0.48106160405311327
1,2,171114.03117349488,1.121,2.8218164,0.4826184348948797
1,2,171119.0311742772,1.121,2.8230383,0.4841752667717868
1,2,171124.0311750595,1.121,2.824241,0.4857320977930427
1,2,171129.0311758418,1.121,2.8255773,0.487288931997041
1,2,171134.03117662412,1.121,2.8271236,0.48884576604866325
1,2,171139.03117740643,1.121,2.8285172,0.49040259757685006
1,2,171144.03117818874,1.121,2.8298726,0.49195942539555504
1,2,171149.03117897105,1.121,2.8312852,0.4935162543609011
1,2,171154.03117975336,1.121,2.8326216,0.4950730820994378
1,2,171159.03118053568,1.121,2.8341107,0.4966299055663083
1,2,171164.031181318,1.121,2.835409,0.49818671996625935
1,2,171169.0311821003,1.121,2.8368597,0.4997435368913877
1,2,171174.0311828826,1.121,2.838387,0.5013003551813895
1,2,171179.03118366492,1.121,2.8398378,0.5028571706437404
1,2,171184.03118444723,1.121,2.8413842,0.5044139879270131
1,2,171189.03118522954,1.121,2.8427012,0.5059708054012988
1,2,171194.03118601185,1.121,2.8441331,0.5075276225422092
1,2,171199.03118679416,1.121,2.8454313,0.5090844510628582
1,2,171204.03118757647,1.121,2.847054,0.510641285762979
1,2,171209.0311883588,1.121,2.8486001,0.5121981235721509
1,2,171214.0311891411,1.121,2.8501084,0.5137549607398312
1,2,171219.0311899234,1.121,2.851712,0.5153117968396412
1,2,171224.03119070572,1.121,2.8530674,0.516868631289906
1,2,171229.03119148803,1.121,2.8545945,0.518425466368417
1,2,171234.03119227034,1.121,2.8562746,0.5199823014416364
1,2,171239.03119305265,1.121,2.8578207,0.521539134667774
1,2,171244.03119383496,1.121,2.8594816,0.5230959681514965
1,2,171249.03119461727,1.121,2.8609707,0.5246528013402024
1,2,171254.03119539958,1.121,2.8624597,0.5262096336190965
1,2,171259.0311961819,1.121,2.864025,0.5277664634004565
1,2,171264.0311969642,1.121,2.8655715,0.5293232963575654
1,2,171269.03119774652,1.121,2.8673086,0.5308801290383007
1,2,171274.03119852883,1.121,2.868664,0.5324369607306718
1,2,171279.03119931114,1.121,2.8706686,0.5339937927191191
1,2,171284.03120009345,1.121,2.8722148,0.5355506243605415
1,2,171289.03120087576,1.121,2.873742,0.5371074553453326
1,2,171294.03120165807,1.121,2.8754985,0.5386642870702412
1,2,171299.03120244038,1.121,2.8770638,0.5402211175124645
1,2,171304.0312032227,1.121,2.8790874,0.5417779462101326
1,2,171309.031204005,1.121,2.8809965,0.5433347783030271
1,2,171314.03120478732,1.121,2.882581,0.5448916110214855
1,2,171319.03120556963,1.121,2.8838408,0.5464484439876476
1,2,171324.0312063519,1.121,2.88533,0.5480052750316725
1,2,171329.03120713422,1.121,2.887029,0.5495621088646649
1,2,171334.03120791653,1.121,2.889167,0.5511189417172206
1,2,171339.03120869884,1.121,2.890866,0.5526757776893244
1,2,171344.03120948115,1.121,2.8926606,0.554232610218346
1,2,171349.03121026346,1.121,2.8943977,0.5557894421094456
1,2,171354.03121104577,1.121,2.8962495,0.5573462698574528
1,2,171359.03121182809,1.121,2.8981586,0.5589030974681443
1,2,171364.0312126104,1.121,2.9002967,0.560459925130844
1,2,171369.0312133927,1.121,2.9021485,0.5620167547064555
1,2,171374.03121417502,1.121,2.9040575,0.5635735853871305
1,2,171379.03121495733,1.121,2.905814,0.5651304160577191
1,2,171384.03121573964,1.121,2.9076273,0.566687246955494
1,2,171389.03121652195,1.121,2.9094028,0.5682440755860275
1,2,171394.03121730426,1.121,2.9112737,0.5698009054792457
1,2,171399.03121808657,1.121,2.9128964,0.5713577353683047
1,2,171404.03121886888,1.121,2.9147673,0.5729145669682622
1,2,171409.0312196512,1.121,2.9150155,0.574471399341113
1,2,171414.0312204335,1.121,2.9144425,0.5760282313100695
1,2,171419.03122121582,1.121,2.9153972,0.577585062148167
1,2,171424.03122199813,1.121,2.9175353,0.5791418979003429
1,2,171429.03122278044,1.121,2.9196353,0.5806987292869289
1,2,171434.03122356275,1.121,2.9228997,0.5822555624328718
1,2,171439.03122434506,1.121,2.925057,0.5838123979506823
1,2,171444.03122512737,1.121,2.9271758,0.5853692307130164
1,2,171449.03122590968,1.121,2.929715,0.5869260608623027
1,2,171454.031226692,1.121,2.9345448,0.5884828868938684
1,2,171459.0312274743,1.121,2.9368546,0.5900397142757574
1,2,171464.03122825662,1.121,2.93926,0.5915965392879777
1,2,171469.03122903893,1.121,2.941188,0.593153361471494
1,2,171474.03122982124,1.121,2.9435935,0.5947101852108836
1,2,171479.03123060355,1.121,2.9456744,0.5962670122032364
1,2,171484.03123138586,1.121,2.9480608,0.5978238385618859
1,2,171489.03123216817,1.121,2.9501605,0.5993806623731786
1,2,171494.03123295048,1.121,2.9522986,0.6009374809771246
1,2,171499.0312337328,1.121,2.954666,0.6024943002364305
1,2,171504.0312345151,1.121,2.9570332,0.6040511178391046
1,2,171509.0312352974,1.121,2.9592094,0.605607939236078
1,2,171514.03123607973,1.121,2.9615574,0.6071647592043877
1,2,171519.03123686204,1.121,2.9637146,0.6087215806515217
1,2,171524.03123764388,1.121,2.9659865,0.6102784022120966
1,2,171529.0312384262,1.121,2.9677236,0.6118352266761065
1,2,171534.0312392085,1.121,2.9698808,0.6133920528402792
1,2,171539.0312399908,1.121,2.97242,0.6149488749867412
1,2,171544.03124077313,1.121,2.974806,0.6165056987362305
1,2,171549.03124155544,1.121,2.9771543,0.6180625234421226
1,2,171554.03124233775,1.121,2.979426,0.6196193462913234
1,2,171559.03124312006,1.121,2.9812968,0.6211761676395469
1,2,171564.03124390237,1.121,2.9843323,0.6227329922139843
1,2,171569.03124468468,1.121,2.986833,0.6242898187230692
1,2,171574.031245467,1.121,2.9894483,0.6258466432653333
1,2,171579.0312462493,1.121,2.9918728,0.6274034701239334
1,2,171584.0312470316,1.121,2.9943357,0.6289602955114046
1,2,171589.03124781392,1.121,2.9970655,0.6305171212627225
1,2,171594.03124859623,1.121,2.9996045,0.6320739453485873
1,2,171594.6992487025,1.121,3.0000052,0.6322819374034935
1,2,171594.6994487024,1.121,2.9999862,0.6322819996805125
2,1,171594.7002487022,-1.121,2.9020905,-1.2326117356618244e-07
2,1,171599.7002494852,-1.121,2.155298,-0.0015571006592379677
2,1,171604.70025026752,-1.121,1.9934503,-0.0031140781076086895
2,1,171609.70025104983,-1.121,1.8979607,-0.0046710580392943495
2,1,171614.70025183214,-1.121,1.8279947,-0.006228039761490293
2,1,171619.70025261445,-1.121,1.7745991,-0.007785019919746453
2,1,171624.70025339676,-1.121,1.7364949,-0.009341998512122368
2,1,171629.70025417907,-1.121,1.7120402,-0.010898978093326094
2,1,171634.70025496138,-1.121,1.6978179,-0.012455955263813339
2,1,171639.7002557437,-1.121,1.6900673,-0.014012933444394008
2,1,171644.700256526,-1.121,1.6858484,-0.01556991297484769
2,1,171649.70025730832,-1.121,1.6830039,-0.017126890836358072
2,1,171654.70025809063,-1.121,1.6813812,-0.018683871628377174
2,1,171659.70025887294,-1.121,1.6802357,-0.02024085278342168
2,1,171664.70025965525,-1.121,1.6793958,-0.02179783628675673
2,1,171669.70026043756,-1.121,1.6788422,-0.023354816708472042
2,1,171674.70026121987,-1.121,1.6782695,-0.024911797539995777
2,1,171679.70026200218,-1.121,1.6780404,-0.02646877936892377
2,1,171684.7002627845,-1.121,1.6776776,-0.028025762310816184
2,1,171689.7002635668,-1.121,1.6774677,-0.029582747297498917
2,1,171694.7002643491,-1.121,1.6771623,-0.031139730576243668
2,1,171699.70026513143,-1.121,1.6769713,-0.032696712395475974
2,1,171704.70026591374,-1.121,1.676895,-0.03425369637080696
2,1,171709.70026669605,-1.121,1.6766468,-0.03581067847575082
2,1,171714.70026747836,-1.121,1.6766659,-0.03736765920093325
2,1,171719.70026826067,-1.121,1.676685,-0.03892464324516058
2,1,171724.70026904298,-1.121,1.6764559,-0.04048162416125668
2,1,171729.7002698253,-1.121,1.6763031,-0.042038604901949564
2,1,171734.7002706076,-1.121,1.6762269,-0.04359559041182862
2,1,171739.7002713899,-1.121,1.6761123,-0.04515257158523136
2,1,171744.70027217222,-1.121,1.6760359,-0.04670955750126971
2,1,171749.70027295453,-1.121,1.6759213,-0.04826654465808471
2,1,171754.70027373685,-1.121,1.6758068,-0.049823527224977814
2,1,171759.70027451916,-1.121,1.6757877,-0.05138050998089049
2,1,171764.70027530147,-1.121,1.6756159,-0.05293749123775959
2,1,171769.70027608378,-1.121,1.6755587,-0.054494472666415904
2,1,171774.7002768661,-1.121,1.6754441,-0.0560514506363074
2,1,171779.7002776484,-1.121,1.6752341,-0.05760842917876111
2,1,171784.7002784307,-1.121,1.6751387,-0.059165407990680804
2,1,171789.70027921302,-1.121,1.6750623,-0.06072238577285078
2,1,171794.70027999533,-1.121,1.6748332,-0.06227936161561807
2,1,171799.70028077764,-1.121,1.674795,-0.06383633421028323
2,1,171804.70028155996,-1.121,1.6747378,-0.06539330854353641
2,1,171809.70028234227,-1.121,1.6744514,-0.06695028097994461
2,1,171814.70028312458,-1.121,1.6742796,-0.06850725153931646
2,1,171819.7002839069,-1.121,1.6740696,-0.07006422627680171
2,1,171824.7002846892,-1.121,1.6739932,-0.07162120019435222
2,1,171829.7002854715,-1.121,1.6739742,-0.07317817636981278
2,1,171834.70028625382,-1.121,1.6736497,-0.0747351524072687
2,1,171839.70028703613,-1.121,1.6735351,-0.07629212705392972
2,1,171844.70028781844,-1.121,1.6734205,-0.07784910157155331
2,1,171849.70028860075,-1.121,1.6733251,-0.07940607784592446
2,1,171854.70028938306,-1.121,1.673096,-0.08096305295256115
2,1,171859.70029016538,-1.121,1.6729623,-0.08252002850217292
2,1,171864.7002909477,-1.121,1.6728287,-0.0840770039664441
2,1,171869.70029173,-1.121,1.6725042,-0.0856339812923339
2,1,171874.7002925123,-1.121,1.6722751,-0.08719095737757289
2,1,171879.70029329462,-1.121,1.6720842,-0.08874793354054958
2,1,171884.70029407693,-1.121,1.671817,-0.09030491245951922
2,1,171889.70029485924,-1.121,1.671817,-0.0918618922639026
2,1,171894.70029564155,-1.121,1.671397,-0.09341886991959814
2,1,171899.70029642386,-1.121,1.6712443,-0.09497584764111708
2,1,171904.70029720617,-1.121,1.6710151,-0.09653282514593339
2,1,171909.7002979885,-1.121,1.6707479,-0.09808979958987901
2,1,171914.7002987708,-1.121,1.6704615,-0.09964677072978685
2,1,171919.7002995531,-1.121,1.6704234,-0.10120374414238006
2,1,171924.70030033542,-1.121,1.6701561,-0.10276071702453829
2,1,171929.70030111773,-1.121,1.669927,-0.10431769044221113
2,1,171934.70030190004,-1.121,1.6696025,-0.10587466717786925
2,1,171939.70030268235,-1.121,1.6696025,-0.10743164198493961
2,1,171944.70030346466,-1.121,1.6690297,-0.10898861897367905
2,1,171949.70030424697,-1.121,1.6689725,-0.1105455979597304
2,1,171954.70030502928,-1.121,1.668648,-0.11210257507120905
2,1,171959.7003058116,-1.121,1.668438,-0.11365955410871245
2,1,171964.7003065939,-1.121,1.6683807,-0.11521652937195703
2,1,171969.70030737622,-1.121,1.6679608,-0.11677350678834655
2,1,171974.70030815853,-1.121,1.6677889,-0.11833048157729048
2,1,171979.70030894084,-1.121,1.6674834,-0.11988745448834372
2,1,171984.70030972315,-1.121,1.6673307,-0.12144442677164745
2,1,171989.70031050546,-1.121,1.6670061,-0.12300139842780436
2,1,171994.70031128777,-1.121,1.6666626,-0.12455837399366834
2,1,171999.70031207008,-1.121,1.6664908,-0.1261153503373067
2,1,172004.70031285193,-1.121,1.6662235,-0.12767232666935527
2,1,172009.70031363424,-1.121,1.6660708,-0.1292293007999924
2,1,172014.70031441655,-1.121,1.6655744,-0.13078627805348905
2,1,172019.70031519886,-1.121,1.6654027,-0.1323432543935644
2,1,172024.70031598117,-1.121,1.6651545,-0.13390022930214146
2,1,172029.70031676348,-1.121,1.664849,-0.13545720203996373
2,1,172034.7003175458,-1.121,1.6645626,-0.13701417770740726
2,1,172039.7003183281,-1.121,1.6642381,-0.13857115301370626
2,1,172044.70031911042,-1.121,1.664009,-0.14012813069222377
2,1,172049.70031989273,-1.121,1.66378,-0.14168510423651676
2,1,172054.70032067504,-1.121,1.6634744,-0.14324207923413654
2,1,172059.70032145735,-1.121,1.6631309,-0.1447990573558543
2,1,172064.70032223966,-1.121,1.6627872,-0.1463560344383386
2,1,172069.70032302197,-1.121,1.6625009,-0.14791301165772816
2,1,172074.70032380428,-1.121,1.6622909,-0.1494699899832872
2,1,172079.7003245866,-1.121,1.6619854,-0.1510269645039175
2,1,172084.7003253689,-1.121,1.6616609,-0.15258394179064705
2,1,172089.7003261512,-1.121,1.6613555,-0.15414092041090469
2,1,172094.70032693353,-1.121,1.6610692,-0.15569790179767218
2,1,172099.70032771584,-1.121,1.6607636,-0.15725488110723104
2,1,172104.70032849815,-1.121,1.6603819,-0.15881186371152275
2,1,172109.70032928046,-1.121,1.6601528,-0.16036884584118266
2,1,172114.70033006277,-1.121,1.6597137,-0.16192582832596042
2,1,172119.70033084508,-1.121,1.6594273,-0.16348281255800862
2,1,172124.7003316274,-1.121,1.6591983,-0.1650397941826781
2,1,172129.7003324097,-1.121,1.6588737,-0.1665967798948752
2,1,172134.700333192,-1.121,1.6586256,-0.16815376709781757
2,1,172139.70033397432,-1.121,1.6582247,-0.16971075058637067
2,1,172144.70033475664,-1.121,1.657881,-0.17126773598379563
2,1,172149.70033553895,-1.121,1.6575756,-0.17282472500350746
2,1,172154.70033632126,-1.121,1.6572319,-0.17438171241231765
2,1,172159.70033710357,-1.121,1.6570983,-0.1759386981395947
2,1,172164.70033788588,-1.121,1.6565065,-0.17749568472588068
2,1,172169.7003386682,-1.121,1.6562583,-0.17905266754344443
2,1,172174.7003394505,-1.121,1.6558193,-0.1806096537073255
2,1,172179.7003402328,-1.121,1.6554756,-0.18216663764246974
2,1,172184.70034101512,-1.121,1.655113,-0.18372362260552916
2,1,172189.70034179743,-1.121,1.6547884,-0.1852806051780516
2,1,172194.70034257974,-1.121,1.6546357,-0.18683758943475623
2,1,172199.70034336206,-1.121,1.6542921,-0.1883945766873559
2,1,172204.70034414437,-1.121,1.6538148,-0.18995156419454687
2,1,172209.70034492668,-1.121,1.6533184,-0.1915085476874776
2,1,172214.700345709,-1.121,1.6530511,-0.19306553176028204
2,1,172219.7003464913,-1.121,1.6526121,-0.1946225165275932
2,1,172224.7003472736,-1.121,1.6522685,-0.19617950084069044
2,1,172229.70034805592,-1.121,1.6520013,-0.1977364846177565
2,1,172234.70034883823,-1.121,1.6516194,-0.19929347002683087
2,1,172239.70034962054,-1.121,1.6512758,-0.20085045399996973
2,1,172244.70035040285,-1.121,1.6510085,-0.20240744190395543
2,1,172249.70035118517,-1.121,1.650493,-0.20396442195469805
2,1,172254.70035196748,-1.121,1.650073,-0.20552140528926585
2,1,172259.7003527498,-1.121,1.6497486,-0.20707838724559546
2,1,172264.7003535321,-1.121,1.6492712,-0.20863536975406938
2,1,172269.7003543144,-1.121,1.6488705,-0.21019235463223854
2,1,172274.70035509672,-1.121,1.6486032,-0.21174933651677105
2,1,172279.70035587903,-1.121,1.6483167,-0.2133063196811941
2,1,172284.70035666134,-1.121,1.6478968,-0.21486330263613992
2,1,172289.70035744365,-1.121,1.6474577,-0.2164202843399379
2,1,172294.70035822596,-1.121,1.6470759,-0.21797726644610035
2,1,172299.70035900827,-1.121,1.6467705,-0.21953424769543278
2,1,172304.7003597906,-1.121,1.6462932,-0.22109123411368664
2,1,172309.7003605729,-1.121,1.6459305,-0.22264821864106923
2,1,172314.7003613552,-1.121,1.6455106,-0.22420520523682572
2,1,172319.70036213752,-1.121,1.6450332,-0.22576219151780344
2,1,172324.70036291983,-1.121,1.6447088,-0.22731917041697772
2,1,172329.70036370214,-1.121,1.6443079,-0.22887614893534453
2,1,172334.70036448445,-1.121,1.6438879,-0.23043312696839707
2,1,172339.70036526676,-1.121,1.6434487,-0.23199010579260856
2,1,172344.70036604907,-1.121,1.6430861,-0.2335470836936236
2,1,172349.70036683138,-1.121,1.6426088,-0.23510406465550931
2,1,172354.7003676137,-1.121,1.6421888,-0.2366610466862189
2,1,172359.700368396,-1.121,1.6416543,-0.23821802655180963
2,1,172364.70036917832,-1.121,1.6412343,-0.23977500880403657
2,1,172369.70036996063,-1.121,1.6409479,-0.24133199002648067
2,1,172374.70037074294,-1.121,1.640528,-0.24288897080903588
2,1,172379.70037152525,-1.121,1.6399553,-0.24444594830018287
2,1,172384.70037230756,-1.121,1.6395925,-0.2460029256129464
2,1,172389.70037308987,-1.121,1.6391344,-0.24755990058620775
2,1,172394.70037387218,-1.121,1.6385999,-0.24911687849443492
2,1,172399.7003746545,-1.121,1.6382753,-0.25067385493312944
2,1,172404.7003754368,-1.121,1.637779,-0.2522308321339488
2,1,172409.70037621912,-1.121,1.6373208,-0.2537878068355057
2,1,172414.70037700143,-1.121,1.6368053,-0.2553447857231962
2,1,172419.70037778374,-1.121,1.63629,-0.2569017623685334
2,1,172424.70037856605,-1.121,1.6359272,-0.25845873847895867
2,1,172429.70037934836,-1.121,1.6354308,-0.26001571467371126
2,1,172434.70038013067,-1.121,1.6349727,-0.26157268953115415
2,1,172439.70038091298,-1.121,1.6345527,-0.2631296650548909
2,1,172444.7003816953,-1.121,1.6341136,-0.26468663926159675
2,1,172449.7003824776,-1.121,1.6336554,-0.2662436184221506
2,1,172454.70038325991,-1.121,1.633159,-0.26780059584221577
2,1,172459.70038404223,-1.121,1.6325482,-0.2693575703109768
2,1,172464.70038482454,-1.121,1.6322045,-0.2709145455794798
2,1,172469.70038560685,-1.121,1.6316892,-0.2724715216673745
2,1,172474.70038638916,-1.121,1.63125,-0.2740285000042253
2,1,172479.70038717147,-1.121,1.630811,-0.2755854763055973
2,1,172484.70038795378,-1.121,1.6302001,-0.27714244966261253
2,1,172489.7003887361,-1.121,1.6296273,-0.27869942605370285
2,1,172494.7003895184,-1.121,1.6292838,-0.2802564036828346
2,1,172499.7003903007,-1.121,1.6286347,-0.2818133777701855
2,1,172504.70039108302,-1.121,1.6280811,-0.2833703633197811
2,1,172509.70039186534,-1.121,1.6275656,-0.2849273485405909
2,1,172514.70039264765,-1.121,1.6270311,-0.28648432151485154
2,1,172519.70039342996,-1.121,1.6264775,-0.2880412959029873
2,1,172524.70039421227,-1.121,1.6260384,-0.28959827222261825
2,1,172529.70039499458,-1.121,1.6253703,-0.2911552499570979
2,1,172534.7003957769,-1.121,1.624893,-0.2927122267007033
2,1,172539.7003965592,-1.121,1.6243393,-0.2942692014232013
2,1,172544.7003973415,-1.121,1.6237667,-0.2958261776574386
2,1,172549.70039812382,-1.121,1.623194,-0.29738315050024455
2,1,172554.70039890613,-1.121,1.6226594,-0.29894012580045726
2,1,172559.70039968845,-1.121,1.6219913,-0.3004970990924107
2,1,172564.70040047076,-1.121,1.6214949,-0.3020540757926901
2,1,172569.70040125307,-1.121,1.6209413,-0.3036110552024444
2,1,172574.70040203538,-1.121,1.6204067,-0.30516803150122696
2,1,172579.7004028177,-1.121,1.6199296,-0.30672500505755346
2,1,172584.7004036,-1.121,1.6192995,-0.30828197923540407
2,1,172589.7004043823,-1.121,1.6186314,-0.30983895645335646
2,1,172594.70040516462,-1.121,1.6179823,-0.31139593291400536
2,1,172599.70040594693,-1.121,1.6176578,-0.31295290561903844
2,1,172604.70040672924,-1.121,1.6169896,-0.314509883077436
2,1,172609.70040751155,-1.121,1.6162642,-0.3160668577532768
2,1,172614.70040829387,-1.121,1.6156151,-0.31762383388017285
2,1,172619.70040907618,-1.121,1.614966,-0.3191808106299573
2,1,172624.7004098585,-1.121,1.6143934,-0.3207377881800599
2,1,172629.7004106408,-1.121,1.6135342,-0.32229476414750025
2,1,172634.7004114231,-1.121,1.6130952,-0.3238517411091659
2,1,172639.70041220542,-1.121,1.6125606,-0.32540871796247034
2,1,172644.70041298773,-1.121,1.6118734,-0.3269656881590486
2,1,172649.70041377004,-1.121,1.6113198,-0.32852265772097644
2,1,172654.70041455235,-1.121,1.6105944,-0.3300796302367449
2,1,172659.70041533466,-1.121,1.6100025,-0.33163660178293125
2,1,172664.70041611698,-1.121,1.6093153,-0.3331935756443607
2,1,172669.7004168993,-1.121,1.6084944,-0.33475054784976116
2,1,172674.7004176816,-1.121,1.6080363,-0.33630752104513517
2,1,172679.7004184639,-1.121,1.6072345,-0.3378644937960837
2,1,172684.700419246,-1.121,1.6066427,-0.3394214698296918
2,1,172689.7004200283,-1.121,1.6059363,-0.3409784479531116
2,1,172694.7004208106,-1.121,1.6053064,-0.34253542879145676
2,1,172699.70042159292,-1.121,1.6046382,-0.3440924068397085
2,1,172704.70042237523,-1.121,1.6038364,-0.34564938253065614
2,1,172709.70042315754,-1.121,1.6030346,-0.3472063602780038
2,1,172714.70042393985,-1.121,1.6024237,-0.34876334004910126
2,1,172719.70042472216,-1.121,1.601641,-0.35032032262871
2,1,172724.70042550447,-1.121,1.6009729,-0.3518773090885679
2,1,172729.70042628678,-1.121,1.6002092,-0.3534342937516173
2,1,172734.7004270691,-1.121,1.5995984,-0.3549912815211018
2,1,172739.7004278514,-1.121,1.598682,-0.3565482681433559
2,1,172744.70042863372,-1.121,1.5980711,-0.35810525390162734
2,1,172749.70042941603,-1.121,1.5972311,-0.35966223975655104
2,1,172754.70043019834,-1.121,1.5966585,-0.3612192259298033
2,1,172759.70043098065,-1.121,1.595704,-0.3627762087995145
2,1,172764.70043176296,-1.121,1.595093,-0.36433319385782215
2,1,172769.70043254527,-1.121,1.5941576,-0.3658901848165393
2,1,172774.70043332758,-1.121,1.5934131,-0.3674471721187499
2,1,172779.7004341099,-1.121,1.5926113,-0.36900415809834664
2,1,172784.7004348922,-1.121,1.591714,-0.37056114667846096
2,1,172789.70043567452,-1.121,1.5911032,-0.3721181311154233
2,1,172794.70043645683,-1.121,1.5900723,-0.3736751189919246
2,1,172799.70043723914,-1.121,1.5892895,-0.3752321044924987
2,1,172804.70043802145,-1.121,1.5885451,-0.3767890905047721
2,1,172809.70043880376,-1.121,1.5877814,-0.37834607700096895
2,1,172814.70043958607,-1.121,1.5868651,-0.37990306044966643
2,1,172819.70044036838,-1.121,1.5861206,-0.3814600422697928
2,1,172824.7004411507,-1.121,1.5852997,-0.38301702782379254
2,1,172829.700441933,-1.121,1.5843643,-0.38457401530248586
2,1,172834.70044271532,-1.121,1.5833334,-0.3861310044578711
2,1,172839.70044349763,-1.121,1.582627,-0.3876879892345335
2,1,172844.70044427994,-1.121,1.5817107,-0.38924497509333156
2,1,172849.70044506225,-1.121,1.5808517,-0.3908019639688465
2,1,172854.70044584456,-1.121,1.5800117,-0.39235894832228285
2,1,172859.70044662687,-1.121,1.5790954,-0.39391593233086664
2,1,172864.70044740918,-1.121,1.5781027,-0.3954729158268902
2,1,172869.7004481915,-1.121,1.5770527,-0.3970298923839397
2,1,172874.7004489738,-1.121,1.5761173,-0.39858687179931007
2,1,172879.7004497561,-1.121,1.5752583,-0.4001438572752211
2,1,172884.70045053842,-1.121,1.5742273,-0.40170084347965984
2,1,172889.70045132074,-1.121,1.573311,-0.4032578290435871
2,1,172894.70045210305,-1.121,1.5722992,-0.40481481290706
2,1,172899.70045288536,-1.121,1.5713829,-0.4063717946153946
2,1,172904.70045366767,-1.121,1.5704284,-0.40792877650922543
2,1,172909.70045444998,-1.121,1.569283,-0.4094857616981335
2,1,172914.7004552323,-1.121,1.568443,-0.41104274684058967
2,1,172919.7004560146,-1.121,1.5672785,-0.4125997308226626
2,1,172924.7004567969,-1.121,1.566324,-0.4141567194586397
2,1,172929.70045757922,-1.121,1.5651213,-0.4157137094272906
2,1,172934.70045836153,-1.121,1.5640332,-0.4172706984179153
2,1,172939.70045914385,-1.121,1.5630596,-0.41882768544475246
2,1,172944.70045992616,-1.121,1.5619905,-0.42038467088558945
2,1,172949.70046070847,-1.121,1.5610551,-0.4219416572009193
2,1,172954.70046149078,-1.121,1.559795,-0.4234986438758506
2,1,172959.7004622731,-1.121,1.5588979,-0.4250556328988738
2,1,172964.7004630554,-1.121,1.5578288,-0.4266126224864722
2,1,172969.7004638377,-1.121,1.5565498,-0.4281696080196633
2,1,172974.70046462002,-1.121,1.5553471,-0.4297265949257812
2,1,172979.70046540233,-1.121,1.5542397,-0.4312835795548824
2,1,172984.70046618464,-1.121,1.5530944,-0.4328405625770358
2,1,172989.70046696695,-1.121,1.5520444,-0.4343975475116638
2,1,172994.70046774927,-1.121,1.5508226,-0.4359545294707021
2,1,172999.70046853158,-1.121,1.549639,-0.43751151432751295
2,1,173004.7004693139,-1.121,1.5483409,-0.43906849867513453
2,1,173009.7004700962,-1.121,1.5472146,-0.44062548564834736
2,1,173014.7004708785,-1.121,1.5460882,-0.4421824728104605
2,1,173019.70047166082,-1.121,1.5447519,-0.44373946089633975
2,1,173024.70047244313,-1.121,1.5435492,-0.44529644697846316
2,1,173029.70047322544,-1.121,1.5423657,-0.44685342891463314
2,1,173034.70047400775,-1.121,1.540972,-0.44841041471414445
2,1,173039.70047479006,-1.121,1.5398457,-0.4499674039375187
2,1,173044.70047557238,-1.121,1.5384712,-0.4515243937618402
2,1,173049.7004763547,-1.121,1.5373067,-0.4530813814128307
2,1,173054.700477137,-1.121,1.5359322,-0.45463837132383067
2,1,173059.7004779193,-1.121,1.5347104,-0.45619535597121064
2,1,173064.70047870162,-1.121,1.5331832,-0.45775233987061853
2,1,173069.70047948393,-1.121,1.5319233,-0.4593093254099754
2,1,173074.70048026624,-1.121,1.5305679,-0.46086631292811375
2,1,173079.70048104855,-1.121,1.5290788,-0.46242329861013765
2,1,173084.70048183086,-1.121,1.5279143,-0.46398028346682263
2,1,173089.70048261317,-1.121,1.5263871,-0.46553727044715487
2,1,173094.70048339549,-1.121,1.5249553,-0.4670942581419349
2,1,173099.7004841778,-1.121,1.5236189,-0.4686512488914
2,1,173104.7004849601,-1.121,1.5222254,-0.4702082380723092
2,1,173109.70048574242,-1.121,1.5206982,-0.47176522704250945
2,1,173114.70048652473,-1.121,1.5192473,-0.4733222172919975
2,1,173119.70048730704,-1.121,1.5176818,-0.4748792061635984
2,1,173124.70048808935,-1.121,1.516212,-0.4764361951698396
2,1,173129.70048887166,-1.121,1.5148374,-0.47799318153195247
2,1,173134.70048965397,-1.121,1.5131766,-0.47955017223359475
2,1,173139.70049043628,-1.121,1.5116494,-0.48110716399945147
2,1,173144.7004912186,-1.121,1.5100267,-0.4826641509807175
2,1,173149.7004920009,-1.121,1.5085186,-0.4842211398545304
2,1,173154.70049278322,-1.121,1.506934,-0.4857781285909811
2,1,173159.70049356553,-1.121,1.505235,-0.48733511496167703
2,1,173164.70049434784,-1.121,1.5036315,-0.48889210208284184
2,1,173169.70049513015,-1.121,1.5019705,-0.4904490878913468
2,1,173174.70049591246,-1.121,1.5001761,-0.49200607705865956
2,1,173179.70049669477,-1.121,1.4984579,-0.4935630626240835
2,1,173184.70049747708,-1.121,1.4968544,-0.49512004705050244
2,1,173189.7004982594,-1.121,1.4951553,-0.4966770322453511
2,1,173194.7004990417,-1.121,1.4932654,-0.4982340158923797
2,1,173199.70049982402,-1.121,1.4915282,-0.49979099999707266
2,1,173204.70050060633,-1.121,1.4896001,-0.5013479829601115
2,1,173209.70050138864,-1.121,1.487901,-0.5029049710792369
2,1,173214.70050217095,-1.121,1.4859729,-0.5044619559927582
2,1,173219.70050295326,-1.121,1.4838157,-0.5060189421340359
2,1,173224.70050373557,-1.121,1.482193,-0.5075759268035821
2,1,173229.70050451788,-1.121,1.4803221,-0.5091329146816994
2,1,173234.7005053002,-1.121,1.4783368,-0.5106899050076934
2,1,173239.7005060825,-1.121,1.4764278,-0.5122468918757239
2,1,173244.7005068648,-1.121,1.4744233,-0.5138038802771303
2,1,173249.70050764713,-1.121,1.4722661,-0.5153608705618778
2,1,173254.70050842944,-1.121,1.4702806,-0.5169178587343163
2,1,173259.70050921175,-1.121,1.4684098,-0.5184748516165614
2,1,173264.70050999406,-1.121,1.4661572,-0.5200318423880802
2,1,173269.70051077637,-1.121,1.464,-0.5215888318406475
2,1,173274.70051155868,-1.121,1.4618428,-0.523145818354388
2,1,173279.700512341,-1.121,1.4594564,-0.5247028091733653
2,1,173284.70051312284,-1.121,1.4571848,-0.5262598008923198
2,1,173289.70051390515,-1.121,1.4549893,-0.5278167879267532
2,1,173294.70051468746,-1.121,1.4528321,-0.5293737769250074
2,1,173299.70051546977,-1.121,1.4505413,-0.5309307668575776
2,1,173304.70051625208,-1.121,1.448136,-0.5324877553368077
2,1,173309.7005170344,-1.121,1.4459023,-0.5340447430709135
2,1,173314.7005178167,-1.121,1.4434206,-0.5356017338477306
2,1,173319.700518599,-1.121,1.4408816,-0.5371587260662383
2,1,173324.70051938132,-1.121,1.4384953,-0.5387157152582472
2,1,173329.70052016363,-1.121,1.4359181,-0.5402727063027752
2,1,173334.70052094595,-1.121,1.4335128,-0.5418296957217984
2,1,173339.70052172826,-1.121,1.4307446,-0.5433866816177434
2,1,173344.70052251057,-1.121,1.4281675,-0.5449436703995797
2,1,173349.70052329288,-1.121,1.4253803,-0.5465006573708389
2,1,173354.7005240752,-1.121,1.4226122,-0.5480576416739424
2,1,173359.7005248575,-1.121,1.4199395,-0.5496146283199986
2,1,173364.7005256398,-1.121,1.4170569,-0.5511716136374275
2,1,173369.70052642212,-1.121,1.4144416,-0.5527285970659124
2,1,173374.70052720443,-1.121,1.4116734,-0.5542855793087218
2,1,173379.70052798674,-1.121,1.4086763,-0.5558425596598122
2,1,173384.70052876906,-1.121,1.4055645,-0.5573995437686311
2,1,173389.70052955137,-1.121,1.402701,-0.5589565285534064
2,1,173394.70053033368,-1.121,1.3996084,-0.5605135153514743
2,1,173399.700531116,-1.121,1.3966112,-0.5620705010959903
2,1,173404.7005318983,-1.121,1.3934613,-0.563627486204399
2,1,173409.7005326806,-1.121,1.3902923,-0.5651844715482394
2,1,173414.70053346292,-1.121,1.3870088,-0.5667414557282461
2,1,173419.70053424523,-1.121,1.3836298,-0.568298439938969
2,1,173424.70053502754,-1.121,1.3802508,-0.5698554249947931
2,1,173429.70053580985,-1.121,1.3770436,-0.571412409962217
2,1,173434.70053659217,-1.121,1.3736074,-0.5729693940875
2,1,173439.70053737448,-1.121,1.3700566,-0.5745263803019325
2,1,173444.7005381568,-1.121,1.3665631,-0.5760833697507779
2,1,173449.7005389391,-1.121,1.3630695,-0.5776403551097115
2,1,173454.7005397214,-1.121,1.359347,-0.579197341260155
2,1,173459.70054050372,-1.121,1.3556626,-0.5807543280202547
2,1,173464.70054128603,-1.121,1.3518444,-0.5823113152564168
2,1,173469.70054206834,-1.121,1.3478546,-0.5838682987172735
2,1,173474.70054285065,-1.121,1.3440175,-0.5854252832549478
2,1,173479.70054363296,-1.121,1.340123,-0.5869822681146594
2,1,173484.70054441527,-1.121,1.3359804,-0.5885392525348199
2,1,173489.7005451976,-1.121,1.3317806,-0.5900962369587155
2,1,173494.7005459799,-1.121,1.3276188,-0.5916532204068169
2,1,173499.7005467622,-1.121,1.3233045,-0.5932102033417025
2,1,173504.70054754452,-1.121,1.3190283,-0.5947671850873429
2,1,173509.70054832683,-1.121,1.3145039,-0.5963241669706568
2,1,173514.70054910914,-1.121,1.3100749,-0.5978811494626931
2,1,173519.70054989145,-1.121,1.305665,-0.5994381330039699
2,1,173524.70055067376,-1.121,1.3010833,-0.6009951188218857
2,1,173529.70055145607,-1.121,1.2964063,-0.6025521067267126
2,1,173534.70055223838,-1.121,1.2917291,-0.6041090947464306
2,1,173539.7005530207,-1.121,1.2871093,-0.6056660785480273
2,1,173544.700553803,-1.121,1.2821457,-0.607223068559183
2,1,173549.70055458532,-1.121,1.277335,-0.608780056391961
2,1,173554.70055536763,-1.121,1.2723906,-0.6103370429106818
2,1,173559.70055614994,-1.121,1.2671409,-0.6118940294493966
2,1,173564.70055693225,-1.121,1.2620819,-0.6134510178946853
2,1,173569.70055771456,-1.121,1.2569084,-0.6150080048257576
2,1,173574.70055849687,-1.121,1.2517159,-0.6165649910026921
2,1,173579.70055927918,-1.121,1.2464279,-0.6181219769919647
2,1,173584.7005600615,-1.121,1.2411016,-0.6196789621334009
2,1,173589.7005608438,-1.121,1.235699,-0.6212359485968549
2,1,173594.70056162612,-1.121,1.2300102,-0.6227929333564572
2,1,173599.70056240843,-1.121,1.2245122,-0.6243499196051028
2,1,173604.70056319074,-1.121,1.2188042,-0.6259069038319852
2,1,173609.70056397305,-1.121,1.2127907,-0.6274638881939185
2,1,173614.70056475536,-1.121,1.2071209,-0.6290208737919661
2,1,173619.70056553767,-1.121,1.2010694,-0.6305778616280356
2,1,173620.68956569163,-1.121,1.199962,-0.6308858337131341
2,1,173620.68976569152,-1.121,1.1999812,-0.6308858959919215
2,2,173620.69056569133,1.121,1.2873478,1.2364825275209216e-07
2,2,173625.69056647434,1.121,1.4682571,0.0015569285824961134
2,2,173630.69056725665,1.121,1.5328778,0.003113738852507538
2,2,173635.69056803896,1.121,1.5839825,0.004670549987951914
2,2,173640.69056882127,1.121,1.6282147,0.006227358520395226
2,2,173645.69056960358,1.121,1.6681707,0.0077841635507543885
2,2,173650.6905703859,1.121,1.7050723,0.009340967282672724
2,2,173655.6905711682,1.121,1.7398548,0.010897773443890944
2,2,173660.69057195052,1.121,1.7729383,0.012454576877468164
2,2,173665.69057273283,1.121,1.8041891,0.014011377213531073
2,2,173670.69057351514,1.121,1.8343135,0.015568179688221882
2,2,173675.69057429745,1.121,1.8633499,0.01712498097612461
2,2,173680.69057507976,1.121,1.8908209,0.018681782480590877
2,2,173685.69057586207,1.121,1.9171846,0.02023858450210757
2,2,173690.69057664438,1.121,1.9420974,0.021795390673948662
2,2,173695.6905774267,1.121,1.9656166,0.023352198623253242
2,2,173700.690578209,1.121,1.987685,0.024909004433174932
2,2,173705.6905789913,1.121,2.008608,0.02646580714568827
2,2,173710.69057977363,1.121,2.0277748,0.02802261176708672
2,2,173715.69058055594,1.121,2.0456815,0.029579413651982946
2,2,173720.69058133825,1.121,2.0622709,0.031136212317486606
2,2,173725.69058212056,1.121,2.077715,0.03269301093161106
2,2,173730.69058290287,1.121,2.0922236,0.03424981404816442
2,2,173735.69058368518,1.121,2.1051667,0.03580661731668313
2,2,173740.6905844675,1.121,2.1175373,0.0373634205785195
2,2,173745.6905852498,1.121,2.128915,0.03892022788096136
2,2,173750.6905860321,1.121,2.139472,0.04047703485143846
2,2,173755.69058681442,1.121,2.1493418,0.04203384408056073
2,2,173760.69058759673,1.121,2.1586578,0.04359065483871433
2,2,173765.69058837905,1.121,2.1670957,0.045147464947415714
2,2,173770.69058916136,1.121,2.1752663,0.046704277212844945
2,2,173775.69058994367,1.121,2.182807,0.048261091783874555
2,2,173780.69059072598,1.121,2.1900995,0.04981790292597478
2,2,173785.6905915083,1.121,2.1966665,0.05137471515454185
2,2,173790.6905922906,1.121,2.2031572,0.052931525978412886
2,2,173795.6905930729,1.121,2.2090943,0.05448833452024724
2,2,173800.690593855,1.121,2.2146497,0.05604514419619904
2,2,173805.6905946373,1.121,2.2199376,0.05760195193260245
2,2,173810.6905954196,1.121,2.2253401,0.05915876108178827
2,2,173815.69059620192,1.121,2.229979,0.06071556743074125
2,2,173820.69059698423,1.121,2.2347708,0.062272377674957115
2,2,173825.69059776654,1.121,2.2391043,0.06382918603436152
2,2,173830.69059854886,1.121,2.2432852,0.06538599262710412
2,2,173835.69059933117,1.121,2.247332,0.06694280162684123
2,2,173840.69060011348,1.121,2.2511694,0.0684996140840782
2,2,173845.6906008958,1.121,2.255102,0.07005642554085784
2,2,173850.6906016781,1.121,2.2585764,0.0716132366794745
2,2,173855.6906024604,1.121,2.2618217,0.07317004919994538
2,2,173860.69060324272,1.121,2.2652771,0.07472686244903007
2,2,173865.69060402503,1.121,2.2687132,0.07628367158161269
2,2,173870.69060480734,1.121,2.2717297,0.07784048151818249
2,2,173875.69060558965,1.121,2.274784,0.07939729544831646
2,2,173880.69060637197,1.121,2.2776859,0.08095411125175819
2,2,173885.69060715428,1.121,2.2807403,0.08251092574715613
2,2,173890.6906079366,1.121,2.2835083,0.08406773928319082
2,2,173895.6906087189,1.121,2.2862573,0.08562454998650153
2,2,173900.6906095012,1.121,2.2888155,0.08718135984410179
2,2,173905.69061028352,1.121,2.2916217,0.08873817058921521
2,2,173910.69061106583,1.121,2.2940462,0.09029498123110663
2,2,173915.69061184814,1.121,2.2965088,0.09185178961488934
2,2,173920.69061263045,1.121,2.2990286,0.09340859764291179
2,2,173925.69061341276,1.121,2.3016632,0.09496540663293333
2,2,173930.69061419507,1.121,2.3039541,0.09652221713245575
2,2,173935.6906149774,1.121,2.3063786,0.09807902919165953
2,2,173940.6906157597,1.121,2.3086884,0.09963584378274279
2,2,173945.690616542,1.121,2.31096,0.10119265730315444
2,2,173950.69061732432,1.121,2.3133082,0.10274947094021238
2,2,173955.69061810663,1.121,2.3154464,0.10430628321409222
2,2,173960.69061888894,1.121,2.3177946,0.10586309515574902
2,2,173965.69061967125,1.121,2.3202,0.10741990786381558
2,2,173970.69062045356,1.121,2.3223572,0.10897672020783684
2,2,173975.69062123587,1.121,2.3244379,0.11053353416449489
2,2,173980.69062201818,1.121,2.326557,0.1120903489314847
2,2,173985.6906228005,1.121,2.3287141,0.11364716452626382
2,2,173990.6906235828,1.121,2.3309476,0.11520398146358458
2,2,173995.69062436512,1.121,2.3330476,0.11676079554488919
2,2,174000.69062514743,1.121,2.3353577,0.11831761312810575
2,2,174005.69062592974,1.121,2.3374193,0.11987442886043914
2,2,174010.69062671205,1.121,2.3395574,0.12143124671175078
2,2,174015.69062749436,1.121,2.3417528,0.12298806775059298
2,2,174020.69062827667,1.121,2.3440247,0.12454488870288262
2,2,174025.69062905898,1.121,2.34601,0.12610170959948164
2,2,174030.6906298413,1.121,2.34811,0.12765853160087925
2,2,174035.6906306236,1.121,2.3503053,0.12921535224680764
2,2,174040.69063140592,1.121,2.3524625,0.13077217109687456
2,2,174045.69063218823,1.121,2.3546197,0.13232899000318177
2,2,174050.69063297054,1.121,2.3567388,0.13388581021119483
2,2,174055.69063375285,1.121,2.358915,0.13544263040472396
2,2,174060.69063453516,1.121,2.3610914,0.13699945365711047
2,2,174065.69063531747,1.121,2.3632867,0.13855627034846274
2,2,174070.69063609978,1.121,2.3654058,0.1401130894115964
2,2,174075.6906368821,1.121,2.3676965,0.1416699067360096
2,2,174080.6906376644,1.121,2.36993,0.14322672416549917
2,2,174085.69063844671,1.121,2.3720682,0.1447835431268612
2,2,174090.69063922903,1.121,2.37434,0.1463403598555657
2,2,174095.69064001134,1.121,2.3767262,0.14789717394151947
2,2,174100.69064079365,1.121,2.378998,0.14945398949833705
2,2,174105.69064157596,1.121,2.3811934,0.15101080562380945
2,2,174110.69064235827,1.121,2.3835032,0.15256762161770127
2,2,174115.69064314058,1.121,2.385775,0.1541244311481515
2,2,174120.6906439229,1.121,2.3882186,0.155681237944636
2,2,174125.6906447052,1.121,2.3905094,0.1572380486623909
2,2,174130.6906454875,1.121,2.3928766,0.15879486051338243
2,2,174135.69064626982,1.121,2.395263,0.16035167428960398
2,2,174140.69064705214,1.121,2.39784,0.16190848725385792
2,2,174145.69064783445,1.121,2.4002264,0.16346529880191213
2,2,174150.69064861676,1.121,2.4027271,0.16502211065093006
2,2,174155.69064939907,1.121,2.4052854,0.16657892493342683
2,2,174160.69065018138,1.121,2.407748,0.16813573665146686
2,2,174165.6906509637,1.121,2.4103634,0.16969254849053084
2,2,174170.690651746,1.121,2.4127495,0.17124935765406812
2,2,174175.6906525283,1.121,2.4154603,0.17280616719960495
2,2,174180.6906533104,1.121,2.4180949,0.174362972280436
2,2,174185.6906540927,1.121,2.4205956,0.17591977883219048
2,2,174190.690654875,1.121,2.4234211,0.17747658794905072
2,2,174195.69065565732,1.121,2.4260173,0.17903339875433172
2,2,174200.69065643963,1.121,2.428728,0.18059020960686595
2,2,174205.69065722195,1.121,2.431668,0.1821470235288672
2,2,174210.69065800426,1.121,2.4342835,0.18370383680278052
2,2,174215.69065878657,1.121,2.4372807,0.185260650525795
2,2,174220.69065956888,1.121,2.440106,0.186817462650193
2,2,174225.6906603512,1.121,2.4421868,0.18837427537133947
2,2,174230.6906611335,1.121,2.4457567,0.18993108819710533
2,2,174235.6906619158,1.121,2.4488113,0.19148790503352206
2,2,174240.69066269812,1.121,2.4516747,0.19304472185536875
2,2,174245.69066348043,1.121,2.4547675,0.1946015369345147
2,2,174250.69066426274,1.121,2.4577456,0.19615834980008323
2,2,174255.69066504505,1.121,2.460628,0.19771516083058369
2,2,174260.69066582737,1.121,2.4629953,0.1992719723049202
2,2,174265.69066660968,1.121,2.4668515,0.20082878336416995
2,2,174270.690667392,1.121,2.4703069,0.20238559480357152
2,2,174275.6906681743,1.121,2.4734187,0.20394240746711342
2,2,174280.6906689566,1.121,2.4765875,0.20549922356506833
2,2,174285.69066973892,1.121,2.4801192,0.20705603366085537
2,2,174290.69067052123,1.121,2.4832692,0.20861284401121385
2,2,174295.69067130354,1.121,2.4867628,0.21016965696236142
2,2,174300.69067208585,1.121,2.4900272,0.21172647043183096
2,2,174305.69067286816,1.121,2.4935017,0.21328328571333469
2,2,174310.69067365048,1.121,2.4970906,0.21484010276622223
2,2,174315.6906744328,1.121,2.500336,0.21639692271145167
2,2,174320.6906752151,1.121,2.5039058,0.21795374380405727
2,2,174325.6906759974,1.121,2.5075521,0.21951056399739435
2,2,174330.69067677972,1.121,2.5108547,0.22106738596544648
2,2,174335.69067756203,1.121,2.5146537,0.2226242106148268
2,2,174340.69067834434,1.121,2.5182617,0.22418103379289955
2,2,174345.69067912665,1.121,2.5218506,0.22573785816827732
2,2,174350.69067990896,1.121,2.5255733,0.2272946861168277
2,2,174355.69068069127,1.121,2.529544,0.22885151341580667
2,2,174360.69068147358,1.121,2.5332093,0.2304083385741378
2,2,174365.6906822559,1.121,2.536913,0.2319651638429627
2,2,174370.6906830382,1.121,2.540731,0.2335219895042312
2,2,174375.69068382052,1.121,2.5446062,0.23507881556349977
2,2,174380.69068460283,1.121,2.5476608,0.23663563889541214
2,2,174385.69068538514,1.121,2.552376,0.23819246199499883
2,2,174390.69068616745,1.121,2.555984,0.23974928459827088
2,2,174395.69068694976,1.121,2.5594966,0.24130610123491933
2,2,174400.6906877316,1.121,2.563334,0.24286292063893858
2,2,174405.69068851392,1.121,2.5675528,0.24441974004471947
2,2,174410.69068929623,1.121,2.5706837,0.24597655953579461
2,2,174415.69069007854,1.121,2.5752845,0.24753337981385637
2,2,174420.69069086085,1.121,2.5790453,0.2490902005089917
2,2,174425.69069164316,1.121,2.5828824,0.2506470231476027
2,2,174430.69069242547,1.121,2.5865476,0.2522038449021576
2,2,174435.69069320778,1.121,2.590385,0.2537606661645238
2,2,174440.6906939901,1.121,2.5938592,0.2553174833470647
2,2,174445.6906947724,1.121,2.5977538,0.25687430536943656
2,2,174450.69069555472,1.121,2.6013808,0.25843112736219814
2,2,174455.69069633703,1.121,2.6040535,0.25998794927051977
2,2,174460.69069711934,1.121,2.607547,0.2615447736828325
2,2,174465.69069790165,1.121,2.6106586,0.26310159842973263
2,2,174470.69069868396,1.121,2.6137514,0.2646584196347923
2,2,174475.69069946627,1.121,2.6171494,0.266215243584679
2,2,174480.69070024858,1.121,2.6211202,0.2677720713593229
2,2,174485.6907010309,1.121,2.6242127,0.2693288957278726
2,2,174490.6907018132,1.121,2.6270955,0.2708857186501421
2,2,174495.69070259552,1.121,2.6304362,0.2724425438927542
2,2,174500.69070337783,1.121,2.6334908,0.2739993696772851
2,2,174505.69070416014,1.121,2.6361444,0.2755561961084072
2,2,174510.69070494245,1.121,2.6393514,0.2771130221124289
2,2,174515.69070572476,1.121,2.6408978,0.27866984811434453
2,2,174520.69070650707,1.121,2.6443532,0.28022666912821237
2,2,174525.69070728938,1.121,2.646892,0.2817834896137976
2,2,174530.6907080717,1.121,2.6499658,0.28334031315453817
2,2,174535.690708854,1.121,2.6520655,0.28489713960144886
2,2,174540.6907096363,1.121,2.6547382,0.28645396640712656
2,2,174545.69071041862,1.121,2.6572008,0.2880107937667764
2,2,174550.69071120094,1.121,2.6596062,0.2895676205762158
2,2,174555.69071198325,1.121,2.661649,0.2911244431910843
2,2,174560.69071276556,1.121,2.6641116,0.292681267559144
2,2,174565.69071354787,1.121,2.666116,0.2942380897152885
2,2,174570.69071433018,1.121,2.668006,0.2957949155637553
2,2,174575.6907151125,1.121,2.6701822,0.2973517411899829
2,2,174580.6907158948,1.121,2.672225,0.2989085603874191
2,2,174585.6907166771,1.121,2.674115,0.30046538260383715
2,2,174590.69071745942,1.121,2.6761765,0.3020222050354147
2,2,174595.69071824173,1.121,2.6778567,0.3035790265520279
2,2,174600.69071902405,1.121,2.6799755,0.30513584854559744
2,2,174605.69071980636,1.121,2.681579,0.3066926723820631
2,2,174610.69072058867,1.121,2.6833355,0.3082494962507153
2,2,174615.69072137098,1.121,2.6850154,0.3098063154792187
2,2,174620.6907221533,1.121,2.685741,0.3113631356492437
2,2,174625.6907229356,1.121,2.687478,0.3129199562054009
2,2,174630.6907237179,1.121,2.6899407,0.31447677633217946
2,2,174635.69072450022,1.121,2.6916015,0.3160336034429998
2,2,174640.69072528253,1.121,2.6931288,0.3175904268917439
2,2,174645.69072606484,1.121,2.6948087,0.31914725130684485
2,2,174650.69072684716,1.121,2.696126,0.3207040778153139
2,2,174655.69072762947,1.121,2.6976914,0.32226090168308524
2,2,174660.69072841178,1.121,2.6991994,0.32381772678989806
2,2,174665.6907291941,1.121,2.7004786,0.32537455300458246
2,2,174670.6907299764,1.121,2.7019677,0.32693137894173435
2,2,174675.6907307587,1.121,2.7034757,0.328488202167716
2,2,174680.69073154102,1.121,2.7045639,0.33004502817648623
2,2,174685.69073232333,1.121,2.7059765,0.3316018547955418
2,2,174690.69073310564,1.121,2.7074275,0.3331586815763378
2,2,174695.69073388795,1.121,2.7087257,0.3347155121086304
2,2,174700.69073467026,1.121,2.7098901,0.336272340048803
2,2,174705.69073545258,1.121,2.7112646,0.33782916667833573
2,2,174710.6907362349,1.121,2.7125247,0.3393859918235671
2,2,174715.6907370172,1.121,2.7137272,0.3409428154167399
2,2,174720.6907377995,1.121,2.7148917,0.3424996406253508
2,2,174725.69073858182,1.121,2.7160182,0.34405646557244973
2,2,174730.69073936413,1.121,2.7175071,0.3456132903198797
2,2,174735.69074014644,1.121,2.718519,0.34717011372649653
2,2,174740.69074092875,1.121,2.7196262,0.34872693858048637
2,2,174745.69074171106,1.121,2.7209625,0.3502837630413968
2,2,174750.69074249337,1.121,2.722108,0.35184058816958125
2,2,174755.69074327569,1.121,2.7233489,0.35339741037322403
2,2,174760.690744058,1.121,2.724437,0.35495423603605547
2,2,174765.6907448403,1.121,2.7255251,0.35651106430373575
2,2,174770.69074562262,1.121,2.7266324,0.35806789474013767
2,2,174775.69074640493,1.121,2.727873,0.35962472469819906
2,2,174780.69074718747,1.121,2.7288086,0.361181555452254
2,2,174785.69074796978,1.121,2.730126,0.36273838434723343
2,2,174790.6907487521,1.121,2.7312713,0.3642952174857854
2,2,174795.6907495344,1.121,2.729725,0.3658520492875244
2,2,174800.69075031672,1.121,2.732684,0.36740888208196554
2,2,174805.69075109903,1.121,2.7327793,0.3689657182806597
2,2,174810.69075188134,1.121,2.735032,0.37052255378174775
2,2,174815.69075266365,1.121,2.7357957,0.37207939229939374
2,2,174820.69075344596,1.121,2.7371128,0.37363622694702275
2,2,174825.69075422827,1.121,2.7385256,0.3751930580986539
2,2,174830.69075501058,1.121,2.73969,0.3767498856702049
2,2,174835.6907557929,1.121,2.740702,0.3783067130753132
2,2,174840.6907565752,1.121,2.741599,0.37986354006656664
2,2,174845.69075735752,1.121,2.7428591,0.38142036727211204
2,2,174850.69075813983,1.121,2.7439473,0.38297719921622003
2,2,174855.69075892214,1.121,2.7449782,0.3845340314013825
2,2,174860.69075970445,1.121,2.7461998,0.38609086873075027
2,2,174865.69076048676,1.121,2.747288,0.3876477069632079
2,2,174870.69076126907,1.121,2.7484906,0.3892045463320612
2,2,174875.69076205138,1.121,2.749598,0.390761383121146
2,2,174880.6907628337,1.121,2.7506287,0.3923182199074294
2,2,174885.690763616,1.121,2.7517934,0.3938750577462182
2,2,174890.6907643983,1.121,2.7527096,0.395431893831445
2,2,174895.69076518063,1.121,2.754065,0.3969887276922463
2,2,174900.69076596294,1.121,2.7548668,0.398545561053309
2,2,174905.69076674525,1.121,2.755936,0.40010239290783123
2,2,174910.69076752756,1.121,2.7570431,0.4016592254282168
2,2,174915.69076830987,1.121,2.7581885,0.4032160591332447
2,2,174920.69076909218,1.121,2.759143,0.4047728922147021
2,2,174925.6907698745,1.121,2.7602313,0.4063297240151033
2,2,174930.6907706568,1.121,2.7611094,0.40788655612466057
2,2,174935.6907714391,1.121,2.7621975,0.40944338828004057
2,2,174940.69077222142,1.121,2.7634194,0.41100021815240373
2,2,174945.69077300373,1.121,2.7646601,0.41255704823662825
2,2,174950.69077378605,1.121,2.765271,0.4141138799579142
2,2,174955.69077456836,1.121,2.7665882,0.4156707111084725
2,2,174960.69077535067,1.121,2.7676,0.41722754324564654
2,2,174965.69077613298,1.121,2.7687263,0.4187843780632481
2,2,174970.6907769153,1.121,2.7698145,0.4203412144447762
2,2,174975.6907776976,1.121,2.7710173,0.42189805379620504
2,2,174980.6907784799,1.121,2.77222,0.42345489129467784
2,2,174985.69077926222,1.121,2.7719526,0.4250117278482448
2,2,174990.69078004453,1.121,2.7727735,0.4265685651957523
2,2,174995.69078082684,1.121,2.7738616,0.4281254022255273
2,2,175000.69078160916,1.121,2.775179,0.4296822399080261
2,2,175005.69078239147,1.121,2.777107,0.4312390800108974
2,2,175010.69078317378,1.121,2.7772217,0.43279591673682116
2,2,175015.6907839561,1.121,2.7780616,0.434352751628657
2,2,175020.6907847384,1.121,2.780696,0.4359095847923754
2,2,175025.6907855207,1.121,2.781288,0.4374664171998168
2,2,175030.69078630302,1.121,2.7822804,0.43902325360165023
2,2,175035.69078708533,1.121,2.7831779,0.44058009079672217
2,2,175040.69078786764,1.121,2.7844758,0.44213692511196256
2,2,175045.69078864995,1.121,2.7855449,0.44369375956292273
2,2,175050.69078943226,1.121,2.786652,0.44525058997807226
2,2,175055.69079021458,1.121,2.7880075,0.44680742309111343
2,2,175060.6907909969,1.121,2.7897449,0.44836425511197237
2,2,175065.6907917792,1.121,2.7911003,0.4499210890438489
2,2,175070.6907925615,1.121,2.7922266,0.45147792483640364
2,2,175075.69079334382,1.121,2.7933147,0.4530347615033519
2,2,175080.6907941259,1.121,2.7945938,0.4545915948140222
2,2,175085.6907949082,1.121,2.7958345,0.4561484251344401
2,2,175090.69079569052,1.121,2.796961,0.45770525596914674
2,2,175095.69079647283,1.121,2.7981446,0.4592620905498927
2,2,175100.69079725514,1.121,2.7993662,0.4608189234621126
2,2,175105.69079803745,1.121,2.8007026,0.46237575977656564
2,2,175110.69079881976,1.121,2.8017716,0.4639325930323202
2,2,175115.69079960207,1.121,2.8028407,0.4654894292970033
2,2,175120.6908003844,1.121,2.8038335,0.46704626502456253
2,2,175125.6908011667,1.121,2.8048835,0.4686031007715131
2,2,175130.690801949,1.121,2.8061051,0.470159939742671
2,2,175135.69080273132,1.121,2.807308,0.47171677990594824
2,2,175140.69080351363,1.121,2.8087206,0.47327361994646644
2,2,175145.69080429594,1.121,2.8097515,0.47483045859591816
2,2,175150.69080507825,1.121,2.8110304,0.4763872929256027
2,2,175155.69080586056,1.121,2.8124623,0.47794412735205877
2,2,175160.69080664287,1.121,2.8137796,0.479500963550945
2,2,175165.69080742518,1.121,2.8146386,0.4810577973240348
2,2,175170.6908082075,1.121,2.8156312,0.48261463213649053
2,2,175175.6908089898,1.121,2.8171585,0.4841714670289423
2,2,175180.69080977212,1.121,2.8186285,0.4857283041006459
2,2,175185.69081055443,1.121,2.819793,0.48728514119610516
2,2,175190.69081133674,1.121,2.821053,0.48884197952344677
2,2,175195.69081211905,1.121,2.8221602,0.4903988208582798
2,2,175200.69081290136,1.121,2.8244128,0.4919556606844133
2,2,175205.69081368367,1.121,2.8257682,0.49351249850344653
2,2,175210.69081446598,1.121,2.826742,0.4950693361993365
2,2,175215.6908152483,1.121,2.8280208,0.4966261738059785
2,2,175220.6908160306,1.121,2.82951,0.4981830107239683
2,2,175225.69081681292,1.121,2.830579,0.4997398514526155
2,2,175230.69081759523,1.121,2.8320298,0.5012966919291416
2,2,175235.69081837754,1.121,2.833328,0.5028535323305394
2,2,175240.69081915985,1.121,2.8347597,0.5044103711507518
2,2,175245.69081994216,1.121,2.8361342,0.5059672089444994
2,2,175250.69082072447,1.121,2.838005,0.5075240456050567
2,2,175255.69082150678,1.121,2.8394752,0.5090808881688977
2,2,175260.6908222891,1.121,2.8410404,0.5106377280654707
2,2,175265.6908230714,1.121,2.8425486,0.5121945682269797
2,2,175270.6908238537,1.121,2.8438087,0.5137514075218902
2,2,175275.69082463603,1.121,2.8448968,0.5153082451182073
2,2,175280.69082541834,1.121,2.8460994,0.5168650798818998
2,2,175285.69082620065,1.121,2.8476458,0.5184219170537855
2,2,175290.69082698296,1.121,2.8490775,0.5199787548006772
2,2,175295.69082776527,1.121,2.8506238,0.5215355938265654
2,2,175300.69082854758,1.121,2.8518646,0.5230924370017316
2,2,175305.6908293299,1.121,2.8535829,0.5246492802413767
2,2,175310.6908301122,1.121,2.8549383,0.5262061221261487
2,2,175315.6908308945,1.121,2.8566372,0.5277629656195176
2,2,175320.69083167682,1.121,2.8582027,0.5293198067177335
2,2,175325.69083245913,1.121,2.8598063,0.5308766473507814
2,2,175330.69083324145,1.121,2.8611808,0.5324334848944743
2,2,175335.69083402376,1.121,2.8634715,0.5339903252020146
2,2,175340.69083480607,1.121,2.8649225,0.5355471673191586
2,2,175345.69083558838,1.121,2.8666596,0.5371040110490188
2,2,175350.6908363707,1.121,2.8683968,0.5386608576800557
2,2,175355.690837153,1.121,2.8699813,0.540217701328986
2,2,175360.6908379353,1.121,2.871604,0.5417745404730107
2,2,175365.69083871762,1.121,2.873303,0.5433313768010403
2,2,175370.69083949993,1.121,2.8747158,0.5448882143866286
2,2,175375.69084028224,1.121,2.8765676,0.546445051735401
2,2,175380.69084106456,1.121,2.8781328,0.5480018880915906
2,2,175385.69084184687,1.121,2.8799655,0.5495587283238834
2,2,175390.69084262918,1.121,2.8818173,0.5511155661430557
2,2,175395.6908434115,1.121,2.8835354,0.5526724037031067
2,2,175400.6908441938,1.121,2.8830009,0.5542292436902456
2,2,175405.6908449761,1.121,2.8848336,0.5557860803654856
2,2,175410.69084575842,1.121,2.8882127,0.5573429180732237
2,2,175415.69084654073,1.121,2.890408,0.5588997558022538
2,2,175420.69084732304,1.121,2.8923934,0.5604565970139701
2,2,175425.69084810535,1.121,2.8943214,0.562013439359486
2,2,175430.69084888767,1.121,2.8960588,0.5635702771167754
2,2,175435.69084966998,1.121,2.8985214,0.565127114271336
2,2,175440.6908504523,1.121,2.9004304,0.5666839541836379
2,2,175445.6908512346,1.121,2.9026258,0.5682407933992741
2,2,175450.6908520169,1.121,2.9013276,0.569797631691959
2,2,175455.69085279922,1.121,2.9031794,0.5713544725879296
2,2,175460.6908535813,1.121,2.9041338,0.5729113110602496
2,2,175465.6908543636,1.121,2.904592,0.5744681491017406
2,2,175470.69085514592,1.121,2.906654,0.5760249874207773
2,2,175475.69085592823,1.121,2.908601,0.5775818247975772
2,2,175480.69085671054,1.121,2.9112737,0.5791386625991927
2,2,175485.69085749285,1.121,2.9179935,0.580695501383629
2,2,175490.69085827516,1.121,2.9215443,0.5822523375419377
2,2,175495.69085905747,1.121,2.9248087,0.5838091716304089
2,2,175500.6908598398,1.121,2.9222124,0.585366009575294
2,2,175505.6908606221,1.121,2.9245605,0.5869228444177441
2,2,175510.6908614044,1.121,2.9264505,0.5884796814541021
2,2,175515.69086218672,1.121,2.929333,0.5900365230402747
2,2,175520.69086296903,1.121,2.9321012,0.5915933645708162
2,2,175525.69086375134,1.121,2.9350028,0.5931502063855859
2,2,175530.69086453365,1.121,2.9380574,0.5947070462179515
2,2,175535.69086531596,1.121,2.9412837,0.5962638864127993
2,2,175540.69086609827,1.121,2.9443572,0.5978207287432882
2,2,175545.69086688058,1.121,2.9475644,0.5993775697729852
2,2,175550.6908676629,1.121,2.9509623,0.6009344100548956
2,2,175555.6908684452,1.121,2.9540741,0.602491249887983
2,2,175560.69086922752,1.121,2.9573195,0.6040480903199712
2,2,175565.69087000983,1.121,2.9602976,0.6056049294974207
2,2,175570.69087079214,1.121,2.9639437,0.6071617675451967
2,2,175575.69087157445,1.121,2.9674373,0.6087186050386826
2,2,175580.69087235676,1.121,2.9706445,0.6102754425018959
2,2,175585.69087313907,1.121,2.9741952,0.6118322782520916
2,2,175590.69087392138,1.121,2.9775934,0.6133891133971346
2,2,175595.6908747037,1.121,2.9768298,0.6149459488040209
2,2,175600.690875486,1.121,2.9791014,0.6165027853813436
2,2,175605.69087626832,1.121,2.9816024,0.6180596249000165
2,2,175610.69087705063,1.121,2.9846187,0.6196164634102517
2,2,175615.69087783294,1.121,2.9877493,0.621173305105322
2,2,175620.69087861525,1.121,2.991052,0.6227301501159536
2,2,175625.69087939756,1.121,2.994049,0.6242869937457376
2,2,175630.69088017987,1.121,2.9972944,0.6258438355861505
2,2,175635.12728087488,1.121,3.0000246,0.6272251925568912
2,2,175635.12748087477,1.121,3.000158,0.6272252548296585
3,1,175635.12828087457,-1.121,2.903534,-1.2325975630018447e-07
3,1,175640.12828165758,-1.121,2.1944902,-0.0015570974094337886
3,1,175645.1282824399,-1.121,2.0249493,-0.003114069234967232
3,1,175650.1282832222,-1.121,1.9260424,-0.004671041956974401
3,1,175655.12828400452,-1.121,1.8577756,-0.006228018565052086
3,1,175660.12828478683,-1.121,1.8014209,-0.0077849956625832455
3,1,175665.12828556914,-1.121,1.7574942,-0.009341970624612438
3,1,175670.12828635145,-1.121,1.726587,-0.010898947052207258
3,1,175675.12828713376,-1.121,1.7064849,-0.012455924479557408
3,1,175680.12828791607,-1.121,1.694668,-0.01401289804499679
3,1,175685.12828869838,-1.121,1.6881964,-0.01556987610714303
3,1,175690.1282894807,-1.121,1.6843975,-0.01712685211122698
3,1,175695.128290263,-1.121,1.6820685,-0.018683829749657047
3,1,175700.12829104532,-1.121,1.6805221,-0.020240806136608124
3,1,175705.12829182763,-1.121,1.6795866,-0.021797780383792188
3,1,175710.12829260994,-1.121,1.6787467,-0.023354754953086376
3,1,175715.12829339225,-1.121,1.6781359,-0.02491173251820935
3,1,175720.12829417433,-1.121,1.6778303,-0.026468710317247443
3,1,175725.12829495664,-1.121,1.6774294,-0.0280256871666842
3,1,175730.12829573895,-1.121,1.6771814,-0.029582663421021567
3,1,175735.12829652126,-1.121,1.6769713,-0.031139641381051804
3,1,175740.12829730357,-1.121,1.6767422,-0.032696617925577695
3,1,175745.12829808588,-1.121,1.6764941,-0.03425359182982313
3,1,175750.1282988682,-1.121,1.6763986,-0.03581056571678321
3,1,175755.1282996505,-1.121,1.6761123,-0.03736754355661075
3,1,175760.1283004328,-1.121,1.6760359,-0.038924518121573666
3,1,175765.12830121513,-1.121,1.676074,-0.04048149245258173
3,1,175770.12830199744,-1.121,1.6756732,-0.04203846791463429
3,1,175775.12830277975,-1.121,1.6756923,-0.04359544161356821
3,1,175780.12830356206,-1.121,1.6754823,-0.04515241991434495
3,1,175785.12830434437,-1.121,1.6754441,-0.04670939932958286
3,1,175790.12830512668,-1.121,1.6753486,-0.04826638240751294
3,1,175795.128305909,-1.121,1.6750814,-0.0498233668678999
3,1,175800.1283066913,-1.121,1.6750432,-0.05138034985291958
3,1,175805.1283074736,-1.121,1.6748523,-0.0529373311929173
3,1,175810.12830825592,-1.121,1.6748141,-0.05449431655906969
3,1,175815.12830903823,-1.121,1.6746995,-0.05605130158935653
3,1,175820.12830982055,-1.121,1.6745659,-0.05760828286854426
3,1,175825.12831060286,-1.121,1.6744514,-0.059165262932048907
3,1,175830.12831138517,-1.121,1.6742796,-0.06072224884901444
3,1,175835.12831216748,-1.121,1.6742224,-0.06227923468017578
3,1,175840.1283129498,-1.121,1.6739551,-0.06383621894528468
3,1,175845.1283137321,-1.121,1.6737641,-0.06539320200311476
3,1,175850.1283145144,-1.121,1.6735923,-0.06695018773176935
3,1,175855.12831529672,-1.121,1.6734587,-0.06850717183076672
3,1,175860.12831607903,-1.121,1.6731914,-0.07006415851461886
3,1,175865.12831686134,-1.121,1.6731342,-0.07162114205408758
3,1,175870.12831764366,-1.121,1.6728287,-0.07317812424458398
3,1,175875.12831842597,-1.121,1.6727715,-0.07473510567200846
3,1,175880.12831920828,-1.121,1.6725423,-0.07629208742904
3,1,175885.1283199906,-1.121,1.672447,-0.07784906938295232
3,1,175890.1283207729,-1.121,1.6720842,-0.07940605164298084
3,1,175895.1283215552,-1.121,1.6719887,-0.08096303373325534
3,1,175900.12832233752,-1.121,1.671836,-0.08252001343808571
3,1,175905.12832311983,-1.121,1.6714351,-0.08407699121258656
3,1,175910.12832390214,-1.121,1.6712633,-0.08563397324891885
3,1,175915.12832468445,-1.121,1.6711679,-0.08719095681770642
3,1,175920.12832546677,-1.121,1.6709579,-0.08874793886433044
3,1,175925.12832624908,-1.121,1.670786,-0.09030492302642265
3,1,175930.1283270314,-1.121,1.670538,-0.09186190404333008
3,1,175935.1283278137,-1.121,1.6702707,-0.09341888409049644
3,1,175940.128328596,-1.121,1.6700606,-0.09497586052251525
3,1,175945.12832937832,-1.121,1.6698889,-0.096532842491236
3,1,175950.12833016063,-1.121,1.6695834,-0.09808982504805593
3,1,175955.12833094294,-1.121,1.6693543,-0.09964680995244452
3,1,175960.12833172525,-1.121,1.6691825,-0.10120379032453565
3,1,175965.12833250756,-1.121,1.6688961,-0.10276077156396046
3,1,175970.12833328987,-1.121,1.6685907,-0.10431775308140782
3,1,175975.1283340722,-1.121,1.6683234,-0.10587473458242418
3,1,175980.1283348545,-1.121,1.6680944,-0.10743171589079832
3,1,175985.1283356368,-1.121,1.6679608,-0.108988696708964
3,1,175990.12833641912,-1.121,1.6675025,-0.11054567623274858
3,1,175995.12833720143,-1.121,1.6674453,-0.11210265496746039
3,1,176000.12833798374,-1.121,1.6671971,-0.11365963166697822
3,1,176005.12833876605,-1.121,1.6667581,-0.11521661439444623
3,1,176010.12833954836,-1.121,1.6666435,-0.11677359712086785
3,1,176015.12834033067,-1.121,1.6662235,-0.11833057862494391
3,1,176020.12834111298,-1.121,1.6660135,-0.11988756179385716
3,1,176025.1283418953,-1.121,1.6657653,-0.12144454564628338
3,1,176030.1283426776,-1.121,1.6655171,-0.1230015295371016
3,1,176035.12834345992,-1.121,1.665269,-0.1245585066175196
3,1,176040.12834424223,-1.121,1.664849,-0.12611548473209144
3,1,176045.12834502454,-1.121,1.6647917,-0.12767246565992305
3,1,176050.12834580685,-1.121,1.6643908,-0.12922944372581777
3,1,176055.12834658916,-1.121,1.6642,-0.13078642198052676
3,1,176060.12834737147,-1.121,1.6639899,-0.13234340267789368
3,1,176065.12834815378,-1.121,1.6635699,-0.13390037972480062
3,1,176070.1283489361,-1.121,1.6633408,-0.13545735842174958
3,1,176075.1283497184,-1.121,1.6628827,-0.1370143387402495
3,1,176080.12835050072,-1.121,1.662749,-0.13857132071933487
3,1,176085.12835128303,-1.121,1.6623672,-0.1401282990238932
3,1,176090.12835206534,-1.121,1.6620809,-0.14168527948694104
3,1,176095.12835284765,-1.121,1.6619282,-0.14324225685762704
3,1,176100.12835362973,-1.121,1.6614891,-0.14479923546640747
3,1,176105.12835441204,-1.121,1.6611073,-0.1463562157136401
3,1,176110.12835519435,-1.121,1.6609737,-0.14791319739951034
3,1,176115.12835597666,-1.121,1.6604964,-0.14947017521444964
3,1,176120.12835675897,-1.121,1.6603055,-0.1510271529921029
3,1,176125.12835754128,-1.121,1.659981,-0.15258412934727145
3,1,176130.1283583236,-1.121,1.6596373,-0.15414110579048268
3,1,176135.1283591059,-1.121,1.6593128,-0.15569808262230295
3,1,176140.12835988821,-1.121,1.6590647,-0.15725506377978463
3,1,176145.12836067053,-1.121,1.6585683,-0.15881204441042746
3,1,176150.12836145284,-1.121,1.6583391,-0.16036902647487328
3,1,176155.12836223515,-1.121,1.6580911,-0.16192600873645815
3,1,176160.12836301746,-1.121,1.6578429,-0.16348298876368345
3,1,176165.12836379977,-1.121,1.6574801,-0.16503996930803863
3,1,176170.12836458208,-1.121,1.6570983,-0.16659695159329316
3,1,176175.1283653644,-1.121,1.6567929,-0.1681539315251245
3,1,176180.1283661467,-1.121,1.6564301,-0.1697109134323995
3,1,176185.128366929,-1.121,1.6560102,-0.17126789260485445
3,1,176190.12836771132,-1.121,1.6558574,-0.17282487572540847
3,1,176195.12836849364,-1.121,1.655361,-0.17438185691533495
3,1,176200.12836927595,-1.121,1.654922,-0.17593883631708895
3,1,176205.12837005826,-1.121,1.6547502,-0.17749581505431078
3,1,176210.12837084057,-1.121,1.6543303,-0.17905279211207903
3,1,176215.12837162288,-1.121,1.6540439,-0.18060977565685254
3,1,176220.1283724052,-1.121,1.6537957,-0.18216675913699476
3,1,176225.1283731875,-1.121,1.6533567,-0.18372374070113243
3,1,176230.1283739698,-1.121,1.6528221,-0.18528072538580503
3,1,176235.12837475212,-1.121,1.6525166,-0.18683770879313025
3,1,176240.12837553443,-1.121,1.6520585,-0.18839468896592995
3,1,176245.12837631674,-1.121,1.6518676,-0.18995166807551522
3,1,176250.12837709906,-1.121,1.6513903,-0.19150865256507535
3,1,176255.12837788137,-1.121,1.6511612,-0.19306563354196157
3,1,176260.12837866368,-1.121,1.6506076,-0.1946226151080927
3,1,176265.128379446,-1.121,1.6503786,-0.1961795946005451
3,1,176270.1283802283,-1.121,1.6499777,-0.19773657563878436
3,1,176275.1283810106,-1.121,1.6497104,-0.1992935562095709
3,1,176280.12838179292,-1.121,1.6492904,-0.20085053773086609
3,1,176285.12838257523,-1.121,1.6490613,-0.20240751795395887
3,1,176290.12838335754,-1.121,1.6486413,-0.20396449613302955
3,1,176295.12838413985,-1.121,1.6481068,-0.20552147342892496
3,1,176300.12838492217,-1.121,1.6478395,-0.20707845442304354
3,1,176305.12838570448,-1.121,1.6473814,-0.20863543225403636
3,1,176310.1283864868,-1.121,1.6469423,-0.21019240713134085
3,1,176315.1283872691,-1.121,1.6466178,-0.2117493802609908
3,1,176320.12838805094,-1.121,1.646255,-0.21330635795458827
3,1,176325.12838883325,-1.121,1.6457778,-0.21486333587063028
3,1,176330.12838961557,-1.121,1.6455296,-0.21642031300790449
3,1,176335.12839039788,-1.121,1.6451287,-0.21797728800491498
3,1,176340.1283911802,-1.121,1.6447278,-0.21953426373469836
3,1,176345.1283919625,-1.121,1.6442888,-0.22109123995974336
3,1,176350.1283927448,-1.121,1.6438879,-0.2226482129568922
3,1,176355.12839352712,-1.121,1.6434679,-0.22420519004091957
3,1,176360.12839430943,-1.121,1.6430478,-0.2257621695583728
3,1,176365.12839509174,-1.121,1.6427042,-0.22731914388996366
3,1,176370.12839587405,-1.121,1.6422269,-0.22887612097803092
3,1,176375.12839665636,-1.121,1.6417688,-0.2304330971540279
3,1,176380.12839743868,-1.121,1.641406,-0.23199007030071817
3,1,176385.128398221,-1.121,1.640967,-0.23354704655049247
3,1,176390.1283990033,-1.121,1.6406043,-0.23510402508632344
3,1,176395.1283997856,-1.121,1.6401652,-0.2366610028283199
3,1,176400.12840056792,-1.121,1.6397262,-0.23821797743301923
3,1,176405.12840135023,-1.121,1.6393825,-0.23977495084635417
3,1,176410.12840213254,-1.121,1.6388289,-0.24133192711913587
3,1,176415.12840291485,-1.121,1.6383135,-0.24288890531635948
3,1,176420.12840369716,-1.121,1.6378553,-0.24444588055673575
3,1,176425.12840447947,-1.121,1.6375117,-0.2460028575381107
3,1,176430.12840526178,-1.121,1.6370344,-0.24755983567102088
3,1,176435.1284060441,-1.121,1.6365572,-0.2491168148762054
3,1,176440.1284068264,-1.121,1.636099,-0.25067379390594696
3,1,176445.12840760872,-1.121,1.6356218,-0.2522307746789919
3,1,176450.12840839103,-1.121,1.635259,-0.2537877554963827
3,1,176455.12840917334,-1.121,1.6347817,-0.2553447349357473
3,1,176460.12840995565,-1.121,1.6343808,-0.25690171374801796
3,1,176465.12841073796,-1.121,1.63377,-0.25845869286207357
3,1,176470.12841152027,-1.121,1.6334072,-0.2600156710638139
3,1,176475.12841230258,-1.121,1.63272,-0.2615726487519807
3,1,176480.1284130849,-1.121,1.6323955,-0.26312962840198806
3,1,176485.1284138672,-1.121,1.6318228,-0.2646866084192064
3,1,176490.12841464952,-1.121,1.631441,-0.2662435858238207
3,1,176495.12841543183,-1.121,1.6309255,-0.2678005655348698
3,1,176500.12841621414,-1.121,1.6304865,-0.26935754721154104
3,1,176505.12841699645,-1.121,1.6300473,-0.27091452699682445
3,1,176510.12841777876,-1.121,1.6294556,-0.2724715066785812
3,1,176515.12841856107,-1.121,1.6290737,-0.27402849158991704
3,1,176520.12841934338,-1.121,1.6284629,-0.27558547469936473
3,1,176525.1284201257,-1.121,1.6279665,-0.2771424536568456
3,1,176530.128420908,-1.121,1.6273748,-0.27869943411847614
3,1,176535.12842169032,-1.121,1.6268975,-0.2802564188987943
3,1,176540.12842247263,-1.121,1.6263248,-0.2818133993199136
3,1,176545.12842325494,-1.121,1.6258475,-0.28337037908144125
3,1,176550.12842403725,-1.121,1.6254466,-0.28492736212390657
3,1,176555.12842481956,-1.121,1.624893,-0.286484345570498
3,1,176560.12842560187,-1.121,1.624263,-0.28804132590330966
3,1,176565.12842638418,-1.121,1.6237285,-0.2895983086490432
3,1,176570.1284271665,-1.121,1.6233276,-0.2911552911722262
3,1,176575.1284279488,-1.121,1.6227167,-0.2927122745142314
3,1,176580.1284287311,-1.121,1.622144,-0.29426926153362454
3,1,176585.12842951342,-1.121,1.6215904,-0.29582624433592947
3,1,176590.12843029574,-1.121,1.6210177,-0.29738322791150534
3,1,176595.12843107805,-1.121,1.6204832,-0.2989402111295858
3,1,176600.12843186036,-1.121,1.6198531,-0.3004971896568337
3,1,176605.12843264267,-1.121,1.6192232,-0.3020541683225101
3,1,176610.12843342498,-1.121,1.618765,-0.30361114841289644
3,1,176615.1284342073,-1.121,1.6181542,-0.3051681295666826
3,1,176620.1284349896,-1.121,1.6175623,-0.3067251107915506
3,1,176625.1284357719,-1.121,1.6171232,-0.308282092810081
3,1,176630.12843655422,-1.121,1.616436,-0.3098390729468133
3,1,176635.12843733653,-1.121,1.6158824,-0.31139605205018644
3,1,176640.12843811885,-1.121,1.6152142,-0.31295303303859623
3,1,176645.12843890116,-1.121,1.6147178,-0.31451001775844223
3,1,176650.12843968347,-1.121,1.6139925,-0.31606700612923166
3,1,176655.12844046578,-1.121,1.613477,-0.3176239941985474
3,1,176660.1284412481,-1.121,1.6128088,-0.31918098061221173
3,1,176665.1284420304,-1.121,1.6123316,-0.3207379638119737
3,1,176670.1284428127,-1.121,1.6115298,-0.3222949420983659
3,1,176675.12844359502,-1.121,1.610938,-0.32385192232565746
3,1,176680.12844437733,-1.121,1.6102698,-0.3254089040793975
3,1,176685.12844515964,-1.121,1.6097735,-0.3269658856321904
3,1,176690.12844594195,-1.121,1.6090289,-0.32852286666823755
3,1,176695.12844672427,-1.121,1.6085135,-0.3300798477138479
3,1,176700.1284475068,-1.121,1.6077117,-0.3316368319289088
3,1,176705.12844828912,-1.121,1.6070244,-0.33319381791027386
3,1,176710.12844907143,-1.121,1.6064136,-0.33475080085804726
3,1,176715.12844985374,-1.121,1.6057454,-0.33630778346157075
3,1,176720.12845063605,-1.121,1.6051154,-0.3378647676318288
3,1,176725.12845141836,-1.121,1.6042182,-0.33942175284295617
3,1,176730.12845220068,-1.121,1.6037409,-0.34097873921106264
3,1,176735.128452983,-1.121,1.6030155,-0.3425357291893562
3,1,176740.1284537653,-1.121,1.602271,-0.34409271780306766
3,1,176745.1284545476,-1.121,1.6015837,-0.3456497070411444
3,1,176750.12845532992,-1.121,1.6009346,-0.3472066967200968
3,1,176755.12845611223,-1.121,1.6002283,-0.348763684796128
3,1,176760.12845689454,-1.121,1.599312,-0.35032067624568275
3,1,176765.12845767685,-1.121,1.5986438,-0.35187766519920693
3,1,176770.12845845916,-1.121,1.5978993,-0.3534346520365079
3,1,176775.12845924147,-1.121,1.5971166,-0.3549916385555598
3,1,176780.12846002379,-1.121,1.596563,-0.3565486273269322
3,1,176785.1284608061,-1.121,1.5957421,-0.3581056156934036
3,1,176790.1284615884,-1.121,1.5950358,-0.35966260297340813
3,1,176795.12846237072,-1.121,1.5942721,-0.3612195903688735
3,1,176800.12846315303,-1.121,1.593394,-0.3627765816343493
3,1,176805.12846393534,-1.121,1.5925158,-0.36433356701242925
3,1,176810.12846471765,-1.121,1.5920386,-0.3658905508233177
3,1,176815.12846549996,-1.121,1.5911604,-0.36744753580976197
3,1,176820.12846628227,-1.121,1.5903586,-0.3690045154420469
3,1,176825.12846706458,-1.121,1.5894424,-0.3705614995798734
3,1,176830.1284678469,-1.121,1.5887169,-0.372118484297461
3,1,176835.1284686292,-1.121,1.5879341,-0.37367547253584205
3,1,176840.12846941152,-1.121,1.5869606,-0.37523245529974175
3,1,176845.12847019383,-1.121,1.5862352,-0.37678944005682075
3,1,176850.12847097614,-1.121,1.5853952,-0.3783464301401245
3,1,176855.12847175845,-1.121,1.5845551,-0.37990341979535425
3,1,176860.12847254076,-1.121,1.5836389,-0.3814604102630086
3,1,176865.12847332307,-1.121,1.5829134,-0.38301740077919433
3,1,176870.12847410538,-1.121,1.5819207,-0.3845743891879387
3,1,176875.1284748877,-1.121,1.5810044,-0.3861313739843237
3,1,176880.12847567,-1.121,1.5801835,-0.387688355412682
3,1,176885.12847645232,-1.121,1.5792481,-0.3892453381268515
3,1,176890.12847723463,-1.121,1.5783317,-0.39080232037576706
3,1,176895.12847801694,-1.121,1.5774345,-0.3923593036252393
3,1,176900.12847879925,-1.121,1.5763845,-0.3939162858176629
3,1,176905.12847958156,-1.121,1.5754682,-0.39547326956513196
3,1,176910.12848036387,-1.121,1.5747237,-0.3970302528281345
3,1,176915.12848114618,-1.121,1.5736356,-0.39858723595750334
3,1,176920.1284819285,-1.121,1.5727764,-0.4001442153182957
3,1,176925.1284827108,-1.121,1.5718029,-0.401701199356046
3,1,176930.1284834931,-1.121,1.5707338,-0.4032581805904905
3,1,176935.12848427542,-1.121,1.5697411,-0.40481516513160865
3,1,176940.12848505774,-1.121,1.5688821,-0.4063721456635793
3,1,176945.12848584005,-1.121,1.567794,-0.4079291283318599
3,1,176950.12848662236,-1.121,1.5666294,-0.4094861102993157
3,1,176955.12848740467,-1.121,1.5656558,-0.4110430937454369
3,1,176960.12848818698,-1.121,1.5647013,-0.41260007554819844
3,1,176965.1284889693,-1.121,1.5636895,-0.41415705921263163
3,1,176970.1284897516,-1.121,1.5625823,-0.41571404663423694
3,1,176975.1284905339,-1.121,1.5615132,-0.4172710319920778
3,1,176980.12849131622,-1.121,1.5604632,-0.41882801740349
3,1,176985.12849209853,-1.121,1.5593942,-0.42038500479421353
3,1,176990.12849288085,-1.121,1.5581342,-0.4219419887630542
3,1,176995.12849366316,-1.121,1.5571797,-0.42349897123782504
3,1,177000.12849444523,-1.121,1.5560153,-0.425055957264079
3,1,177005.12849522755,-1.121,1.555118,-0.4266129432191187
3,1,177010.12849600986,-1.121,1.5540107,-0.42816992719637026
3,1,177015.12849679217,-1.121,1.5527126,-0.4297269082719022
3,1,177020.12849757448,-1.121,1.5515099,-0.4312838913106323
3,1,177025.1284983568,-1.121,1.55046,-0.43284087366904156
3,1,177030.1284991391,-1.121,1.5490854,-0.43439785687728066
3,1,177035.1284999214,-1.121,1.5480546,-0.43595484006413493
3,1,177040.12850070372,-1.121,1.5467945,-0.43751182253130944
3,1,177045.12850148603,-1.121,1.5454583,-0.4390688087912467
3,1,177050.12850226834,-1.121,1.5444274,-0.4406257926255001
3,1,177055.12850305066,-1.121,1.5431865,-0.44218277793033256
3,1,177060.12850383297,-1.121,1.5418884,-0.4437397619055311
3,1,177065.12850461528,-1.121,1.5406666,-0.44529674883246423
3,1,177070.1285053976,-1.121,1.5394257,-0.4468537359122038
3,1,177075.1285061799,-1.121,1.5381467,-0.4484107210468451
3,1,177080.1285069622,-1.121,1.5367721,-0.44996770807421205
3,1,177085.12850774452,-1.121,1.5356268,-0.45152469752413693
3,1,177090.12850852683,-1.121,1.5343859,-0.4530816875887314
3,1,177095.12850930914,-1.121,1.5329541,-0.4546386734791464
3,1,177100.12851009145,-1.121,1.5315987,-0.45619565670484963
3,1,177105.12851087376,-1.121,1.530167,-0.4577526418730351
3,1,177110.12851165608,-1.121,1.5288116,-0.45930962743501524
3,1,177115.1285124384,-1.121,1.5274562,-0.46086661699131454
3,1,177120.1285132207,-1.121,1.5259479,-0.4624236082979175
3,1,177125.128514003,-1.121,1.5246117,-0.4639805978015727
3,1,177130.12851478532,-1.121,1.5230463,-0.4655375847078694
3,1,177135.12851556763,-1.121,1.5217099,-0.467094573889878
3,1,177140.12851634994,-1.121,1.5201446,-0.4686515630937152
3,1,177145.12851713225,-1.121,1.5186173,-0.47020854674047224
3,1,177150.12851791456,-1.121,1.5169564,-0.47176552852784254
3,1,177155.12851869687,-1.121,1.5156392,-0.4733225176179673
3,1,177160.12851947919,-1.121,1.5140738,-0.4748795056406192
3,1,177165.1285202615,-1.121,1.5124321,-0.47643649048155534
3,1,177170.1285210438,-1.121,1.5110003,-0.4779934743912285
3,1,177175.12852182612,-1.121,1.5094157,-0.4795504579942225
3,1,177180.12852260843,-1.121,1.5078886,-0.48110743828537056
3,1,177185.12852339074,-1.121,1.5063231,-0.482664419842508
3,1,177190.12852417305,-1.121,1.5045477,-0.484221402218653
3,1,177195.12852495536,-1.121,1.5029633,-0.485778383987334
3,1,177200.12852573767,-1.121,1.5012642,-0.4873353634671038
3,1,177205.12852651998,-1.121,1.4994698,-0.4888923433473772
3,1,177210.1285273023,-1.121,1.4978089,-0.490449323101037
3,1,177215.1285280846,-1.121,1.4961289,-0.4920063042386836
3,1,177220.12852886692,-1.121,1.4944109,-0.49356328886163225
3,1,177225.12852964923,-1.121,1.4925781,-0.49512026970277223
3,1,177230.12853043154,-1.121,1.4907646,-0.49667725009885755
3,1,177235.12853121385,-1.121,1.48897,-0.4982342283483346
3,1,177240.12853199616,-1.121,1.4871374,-0.4997912096069256
3,1,177245.12853277847,-1.121,1.4851711,-0.5013481917709509
3,1,177250.12853356078,-1.121,1.483243,-0.5029051706850065
3,1,177255.1285343431,-1.121,1.481353,-0.5044621549738845
3,1,177260.1285351254,-1.121,1.4793104,-0.5060191399033667
3,1,177265.12853590772,-1.121,1.4775541,-0.5075761239570314
3,1,177270.12853669003,-1.121,1.4753014,-0.5091331097664172
3,1,177275.12853747234,-1.121,1.4732778,-0.5106900981300342
3,1,177280.12853825465,-1.121,1.471197,-0.5122470890249876
3,1,177285.12853903696,-1.121,1.4691925,-0.5138040765283572
3,1,177290.12853981927,-1.121,1.4669399,-0.5153610627425645
3,1,177295.12854060158,-1.121,1.4647063,-0.5169180508188209
3,1,177300.1285413839,-1.121,1.4624919,-0.518475036008729
3,1,177305.1285421662,-1.121,1.460411,-0.5200320246325998
3,1,177310.1285429485,-1.121,1.4578911,-0.5215890147306391
3,1,177315.12854373083,-1.121,1.4556575,-0.5231460031271711
3,1,177320.12854451314,-1.121,1.4535576,-0.5247029907849101
3,1,177325.12854529545,-1.121,1.4511331,-0.5262599769358305
3,1,177330.12854607776,-1.121,1.4487468,-0.5278169611086052
3,1,177335.12854686007,-1.121,1.446246,-0.5293739482811359
3,1,177340.12854764238,-1.121,1.4438978,-0.5309309354689851
3,1,177345.1285484247,-1.121,1.4413207,-0.5324879263343282
3,1,177350.128549207,-1.121,1.438839,-0.5340449173600608
3,1,177355.1285499893,-1.121,1.4364526,-0.5356019067859981
3,1,177360.12855077162,-1.121,1.4337991,-0.5371588993269867
3,1,177365.12855155393,-1.121,1.4311074,-0.5387158891057107
3,1,177370.12855233625,-1.121,1.4284538,-0.5402728809350463
3,1,177375.12855311856,-1.121,1.4258194,-0.5418298695981832
3,1,177380.12855390063,-1.121,1.4228985,-0.5433868544664581
3,1,177385.12855468295,-1.121,1.420245,-0.544943839286016
3,1,177390.12855546526,-1.121,1.4172287,-0.5465008273350993
3,1,177395.12855624757,-1.121,1.414308,-0.5480578161557051
3,1,177400.12855702988,-1.121,1.411368,-0.5496148017643491
3,1,177405.1285578122,-1.121,1.4083709,-0.5511717867503033
3,1,177410.1285585945,-1.121,1.4055455,-0.5527287675097518
3,1,177415.1285593768,-1.121,1.4023192,-0.5542857467352217
3,1,177420.12856015912,-1.121,1.3993602,-0.5558427293910847
3,1,177425.12856094143,-1.121,1.3962294,-0.5573997128883069
3,1,177430.12856172374,-1.121,1.3929459,-0.55895669754227
3,1,177435.12856250606,-1.121,1.3897005,-0.5605136817386481
3,1,177440.12856328837,-1.121,1.3865124,-0.5620706653642853
3,1,177445.12856407068,-1.121,1.3830953,-0.5636276498442225
3,1,177450.128564853,-1.121,1.379659,-0.5651846339933938
3,1,177455.1285656353,-1.121,1.3761655,-0.5667416193252801
3,1,177460.1285664176,-1.121,1.3725765,-0.5682986038139528
3,1,177465.12856719992,-1.121,1.3691212,-0.5698555921533373
3,1,177470.12856798223,-1.121,1.3654559,-0.5714125809761882
3,1,177475.12856876454,-1.121,1.3615996,-0.572969567914625
3,1,177480.12856954685,-1.121,1.357877,-0.5745265509842569
3,1,177485.12857032917,-1.121,1.354078,-0.5760835316033696
3,1,177490.12857111148,-1.121,1.350069,-0.5776405171062152
3,1,177495.1285718938,-1.121,1.346461,-0.5791975037853586
3,1,177500.1285726761,-1.121,1.3424139,-0.580754491627925
3,1,177505.1285734584,-1.121,1.338195,-0.5823114795832965
3,1,177510.12857424072,-1.121,1.3340333,-0.5838684693817165
3,1,177515.12857502303,-1.121,1.3296807,-0.5854254553731283
3,1,177520.12857580534,-1.121,1.3255762,-0.5869824404546156
3,1,177525.12857658765,-1.121,1.3213763,-0.5885394268980491
3,1,177530.12857736996,-1.121,1.3170238,-0.5900964128061202
3,1,177535.12857815227,-1.121,1.3124994,-0.5916533987266885
3,1,177540.1285789346,-1.121,1.3079177,-0.5932103844119642
3,1,177545.1285797169,-1.121,1.3031833,-0.5947673706690868
3,1,177550.1285804992,-1.121,1.2987734,-0.596324358815968
3,1,177555.12858128152,-1.121,1.2940773,-0.5978813477746182
3,1,177560.12858206383,-1.121,1.289171,-0.5994383364191651
3,1,177565.12858284614,-1.121,1.2844748,-0.6009953273250261
3,1,177570.12858362845,-1.121,1.2796831,-0.6025523211413555
3,1,177575.12858441076,-1.121,1.2746624,-0.6041093111597696
3,1,177580.12858519307,-1.121,1.2696226,-0.6056663013394606
3,1,177585.12858597538,-1.121,1.264659,-0.6072232888457642
3,1,177590.1285867577,-1.121,1.2594284,-0.6087802798157532
3,1,177595.12858753954,-1.121,1.2539876,-0.6103372733737494
3,1,177600.12858832185,-1.121,1.2487378,-0.611894264343553
3,1,177605.12858910416,-1.121,1.2433925,-0.6134512535090048
3,1,177610.12858988647,-1.121,1.2382381,-0.6150082400175133
3,1,177615.12859066878,-1.121,1.2323583,-0.6165652265631555
3,1,177620.1285914511,-1.121,1.2269176,-0.6181222106433708
3,1,177625.1285922334,-1.121,1.2214577,-0.6196791969896355
3,1,177630.12859301572,-1.121,1.2155589,-0.6212361852706471
3,1,177635.12859379803,-1.121,1.2098126,-0.6227931685567497
3,1,177640.12859458034,-1.121,1.2039138,-0.6243501531413196
3,1,177643.39299509232,-1.121,1.199943,-0.6253666770713792
3,1,177643.3931950922,-1.121,1.2000766,-0.6253667393483981
3,2,177643.39399509202,1.121,1.2875882,1.2365426619847617e-07
3,2,177648.3939958741,1.121,1.473965,0.0015569290361404418
3,2,177653.3939966564,1.121,1.5391203,0.003113735497792562
3,2,177658.39399743872,1.121,1.5904922,0.004670537898507383
3,2,177663.39399822103,1.121,1.6348772,0.006227341957449913
3,2,177668.39399900334,1.121,1.6749096,0.007784142640623781
3,2,177673.39399978565,1.121,1.7122312,0.009340941156427066
3,2,177678.39400056796,1.121,1.7469563,0.010897739007439879
3,2,177683.39400135027,1.121,1.7797725,0.012454539896183545
3,2,177688.39400213258,1.121,1.8113861,0.014011342369953793
3,2,177693.3940029149,1.121,1.8416443,0.015568145147151418
3,2,177698.3940036972,1.121,1.8704515,0.017124946951707205
3,2,177703.39400447952,1.121,1.8981515,0.01868174587888188
3,2,177708.39400526183,1.121,1.9244388,0.02023854342761967
3,2,177713.39400604414,1.121,1.9492944,0.021795339448326165
3,2,177718.39400682645,1.121,1.9729472,0.023352137850198483
3,2,177723.39400760876,1.121,1.995092,0.024908940214905476
3,2,177728.39400839107,1.121,2.0157669,0.02646574143457413
3,2,177733.39400917338,1.121,2.0349526,0.028022544390784374
3,2,177738.3940099557,1.121,2.0528784,0.029579345384339494
3,2,177743.394010738,1.121,2.0694487,0.03113614843833447
3,2,177748.39401152031,1.121,2.0848165,0.03269294900643164
3,2,177753.39401230263,1.121,2.099077,0.03424975010257298
3,2,177758.39401308447,1.121,2.1120965,0.0358065479807324
3,2,177763.39401386678,1.121,2.1243906,0.0373633466259771
3,2,177768.3940146491,1.121,2.1357684,0.03892014757990838
3,2,177773.3940154314,1.121,2.14623,0.040476948570383926
3,2,177778.39401621372,1.121,2.1560614,0.04203374750864507
3,2,177783.39401699603,1.121,2.1651294,0.043590548843079155
3,2,177788.39401777834,1.121,2.1735864,0.045147352786726436
3,2,177793.39401856065,1.121,2.1815853,0.046704156999998636
3,2,177798.39401934296,1.121,2.189145,0.04826095827351015
3,2,177803.39402012527,1.121,2.1959794,0.049817758132159724
3,2,177808.39402090758,1.121,2.2026417,0.051374559249434223
3,2,177813.3940216899,1.121,2.2088842,0.05293136295564971
3,2,177818.3940224722,1.121,2.2148597,0.054488163519342755
3,2,177823.3940232545,1.121,2.220472,0.05604496138876678
3,2,177828.39402403682,1.121,2.225932,0.05760176264964873
3,2,177833.39402481914,1.121,2.2307618,0.05915856420784528
3,2,177838.39402560145,1.121,2.235668,0.0607153627662129
3,2,177843.39402638376,1.121,2.240307,0.06227215803259612
3,2,177848.39402716607,1.121,2.2445831,0.06382895267266699
3,2,177853.39402794838,1.121,2.2487068,0.06538574793585805
3,2,177858.3940287307,1.121,2.2526965,0.06694254414388208
3,2,177863.394029513,1.121,2.2567437,0.06849933844799468
3,2,177868.3940302953,1.121,2.2603135,0.07005613402810364
3,2,177873.39403107762,1.121,2.2637498,0.0716129299789866
3,2,177878.39403185993,1.121,2.2672243,0.07316972683439654
3,2,177883.39403264225,1.121,2.270584,0.07472652253593341
3,2,177888.39403342456,1.121,2.2738104,0.07628332243296837
3,2,177893.39403420687,1.121,2.2769222,0.07784012364500101
3,2,177898.39403498918,1.121,2.2799957,0.07939692270957101
3,2,177903.3940357715,1.121,2.2831266,0.08095372105823624
3,2,177908.3940365538,1.121,2.2857993,0.0825105194410152
3,2,177913.3940373361,1.121,2.2886817,0.08406731513523394
3,2,177918.39403811842,1.121,2.2913163,0.08562411584701142
3,2,177923.39403890073,1.121,2.293989,0.08718091765274605
3,2,177928.39403968304,1.121,2.2966807,0.08873771870583297
3,2,177933.39404046535,1.121,2.2993724,0.09029451821215949
3,2,177938.39404124767,1.121,2.3018541,0.0918513200002048
3,2,177943.39404202998,1.121,2.3042977,0.09340811981148192
3,2,177948.3940428123,1.121,2.3067985,0.09496491996226047
3,2,177953.3940435946,1.121,2.3091657,0.09652171948845521
3,2,177958.3940443769,1.121,2.311533,0.09807851943653824
3,2,177963.39404515922,1.121,2.3139956,0.0996353151064979
3,2,177968.39404594153,1.121,2.316401,0.10119210859687464
3,2,177973.39404672384,1.121,2.3185582,0.10274890352107421
3,2,177978.39404750615,1.121,2.3209634,0.10430569719939764
3,2,177983.39404828846,1.121,2.3232162,0.10586249168237714
3,2,177988.39404907078,1.121,2.3256025,0.10741928793519737
3,2,177993.3940498531,1.121,2.3276832,0.10897608403964838
3,2,177998.3940506354,1.121,2.3299167,0.11053288308986028
3,2,178003.3940514177,1.121,2.3321886,0.11208968270455467
3,2,178008.39405220002,1.121,2.3343267,0.11364648126934636
3,2,178013.39405298233,1.121,2.3365984,0.11520327930684886
3,2,178018.39405376464,1.121,2.3386793,0.11676008137651948
3,2,178023.39405454695,1.121,2.3410847,0.11831688425167403
3,2,178028.39405532926,1.121,2.3431082,0.1198736862355272
3,2,178033.39405611157,1.121,2.3452082,0.12143048697904084
3,2,178038.39405689389,1.121,2.3475754,0.1229872868731618
3,2,178043.3940576762,1.121,2.3497517,0.12454408846400844
3,2,178048.3940584585,1.121,2.3518515,0.12610088519285786
3,2,178053.39405924082,1.121,2.3542569,0.1276576776803136
3,2,178058.39406002313,1.121,2.3563569,0.12921447150721155
3,2,178063.39406080544,1.121,2.358686,0.13077126668676406
3,2,178068.39406158775,1.121,2.3610148,0.13232806113140455
3,2,178073.39406237006,1.121,2.3631148,0.13388485529239313
3,2,178078.39406315237,1.121,2.3655012,0.13544164939257175
3,2,178083.39406393468,1.121,2.367563,0.136998441232529
3,2,178088.394064717,1.121,2.3698728,0.13855523306732712
3,2,178093.3940654993,1.121,2.3723164,0.14011202656637964
3,2,178098.39406628162,1.121,2.37434,0.14166881833508282
3,2,178103.39406706393,1.121,2.376669,0.1432256091771126
3,2,178108.39406784624,1.121,2.3791316,0.14478240062409642
3,2,178113.39406862855,1.121,2.3814797,0.1463391929516064
3,2,178118.39406941086,1.121,2.3837514,0.14789598678773644
3,2,178123.39407019317,1.121,2.3859658,0.14945277970895504
3,2,178128.39407097548,1.121,2.3884287,0.15100957326977785
3,2,178133.3940717578,1.121,2.3908148,0.15256637047096758
3,2,178138.39407254034,1.121,2.3933349,0.1541231681397425
3,2,178143.39407332265,1.121,2.3956637,0.15567996711624332
3,2,178148.39407410496,1.121,2.3981073,0.15723676217148702
3,2,178153.39407488727,1.121,2.4006464,0.15879355605910223
3,2,178158.39407566958,1.121,2.4032426,0.16035034813134538
3,2,178163.3940764519,1.121,2.405667,0.16190714060324432
3,2,178168.3940772342,1.121,2.4082825,0.16346393501585724
3,2,178173.3940780165,1.121,2.4108214,0.16502072746613955
3,2,178178.39407879882,1.121,2.413437,0.16657752100504772
3,2,178183.39407958114,1.121,2.416014,0.16813431489697434
3,2,178188.39408036345,1.121,2.4186294,0.16969110935482054
3,2,178193.39408114576,1.121,2.4212258,0.17124790420501765
3,2,178198.39408192807,1.121,2.424051,0.17280469889991154
3,2,178203.39408271038,1.121,2.4266856,0.1743614938528538
3,2,178208.3940834927,1.121,2.4293964,0.1759182872808907
3,2,178213.394084275,1.121,2.4321263,0.17747507737652463
3,2,178218.3940850573,1.121,2.4351234,0.1790318718484508
3,2,178223.39408583962,1.121,2.4376817,0.18058866626253395
3,2,178228.39408662193,1.121,2.4406214,0.18214546262203324
3,2,178233.39408740425,1.121,2.4435804,0.18370225502630075
3,2,178238.39408818656,1.121,2.4465013,0.18525904477006197
3,2,178243.39408896887,1.121,2.449384,0.1868158389181296
3,2,178248.39408975118,1.121,2.452362,0.188372631637964
3,2,178253.3940905335,1.121,2.4554164,0.1899294254842732
3,2,178258.3940913158,1.121,2.45828,0.19148621827856038
3,2,178263.3940920981,1.121,2.461468,0.19304301145419148
3,2,178268.39409288042,1.121,2.4645607,0.19459980382724604
3,2,178273.39409366273,1.121,2.467768,0.19615659392837684
3,2,178278.39409444504,1.121,2.4708223,0.19771338530864982
3,2,178283.39409522736,1.121,2.4740486,0.19927017687455154
3,2,178288.39409600967,1.121,2.477485,0.2008269698740509
3,2,178293.39409679198,1.121,2.4806728,0.20238376387157045
3,2,178298.3940975743,1.121,2.4839756,0.20394055542135903
3,2,178303.3940983566,1.121,2.4873164,0.20549734837557213
3,2,178308.3940991389,1.121,2.490638,0.20705413901806544
3,2,178313.39409992122,1.121,2.4939024,0.20861093146040707
3,2,178318.39410070353,1.121,2.497415,0.21016772134727243
3,2,178323.39410148584,1.121,2.5006795,0.21172451486233873
3,2,178328.39410226815,1.121,2.5044022,0.21328131094235184
3,2,178333.39410305046,1.121,2.5078766,0.2148381103441848
3,2,178338.39410383278,1.121,2.5113702,0.21639490803495381
3,2,178343.3941046151,1.121,2.5150163,0.21795170312197343
3,2,178348.3941053974,1.121,2.5184717,0.21950849727659094
3,2,178353.3941061797,1.121,2.5220225,0.22106528943477738
3,2,178358.39410696202,1.121,2.5257452,0.2226220829982559
3,2,178363.39410774433,1.121,2.5293722,0.22417887897415956
3,2,178368.39410852664,1.121,2.5329611,0.22573567443081405
3,2,178373.39410930895,1.121,2.5365503,0.22729246551726923
3,2,178378.39411009126,1.121,2.5403302,0.22884925764387845
3,2,178383.39411087357,1.121,2.543881,0.23040605109763806
3,2,178388.39411165589,1.121,2.547508,0.23196284238925907
3,2,178393.3941124382,1.121,2.551326,0.2335196335219211
3,2,178398.3941132205,1.121,2.5549152,0.2350764281714095
3,2,178403.39411400282,1.121,2.5586185,0.23663322210692034
3,2,178408.39411478513,1.121,2.5623221,0.2381900174746182
3,2,178413.39411556744,1.121,2.5657585,0.23974681287330388
3,2,178418.39411634975,1.121,2.5692327,0.24130360704165033
3,2,178423.39411713206,1.121,2.5729744,0.24286040082034135
3,2,178428.39411791437,1.121,2.576468,0.24441719467285605
3,2,178433.39411869668,1.121,2.5800188,0.24597398969466816
3,2,178438.39411947876,1.121,2.5834932,0.2475307845294144
3,2,178443.39412026107,1.121,2.586834,0.24908757899163825
3,2,178448.39412104338,1.121,2.5902703,0.25064437423366304
3,2,178453.3941218257,1.121,2.5934203,0.25220116760868494
3,2,178458.394122608,1.121,2.5968947,0.2537579609209233
3,2,178463.39412339032,1.121,2.6000254,0.25531475330889886
3,2,178468.39412417263,1.121,2.6031945,0.25687154532089496
3,2,178473.39412495494,1.121,2.6064017,0.2584283357013596
3,2,178478.39412573725,1.121,2.609628,0.2599851234661009
3,2,178483.39412651956,1.121,2.6123197,0.26154191467800403
3,2,178488.39412730187,1.121,2.6153932,0.2630987047771215
3,2,178493.39412808418,1.121,2.6182184,0.2646554953449633
3,2,178498.3941288665,1.121,2.620891,0.26621228743994896
3,2,178503.3941296488,1.121,2.6236975,0.26776908138482436
3,2,178508.39413043112,1.121,2.6264465,0.26932587279594605
3,2,178513.39413121343,1.121,2.6292908,0.2708826647377809
3,2,178518.39413199574,1.121,2.631849,0.272439457301014
3,2,178523.39413277805,1.121,2.6342545,0.2739962510832813
3,2,178528.39413356036,1.121,2.6368697,0.2755530454466343
3,2,178533.39413434267,1.121,2.6392941,0.277109837102188
3,2,178538.39413512498,1.121,2.6417186,0.2786666298604078
3,2,178543.3941359073,1.121,2.6437614,0.28022342266006606
3,2,178548.3941366896,1.121,2.646224,0.28178021243137785
3,2,178553.3941374719,1.121,2.6485147,0.28333700654655697
3,2,178558.39413825423,1.121,2.6505766,0.28489380013392374
3,2,178563.39413903654,1.121,2.652791,0.28645059519427357
3,2,178568.39413981885,1.121,2.6548147,0.28800739172986484
3,2,178573.39414060116,1.121,2.6567428,0.2895641887008614
3,2,178578.39414138347,1.121,2.6587853,0.29112096862342624
3,2,178583.39414216578,1.121,2.6606562,0.29267774501647553
3,2,178588.3941429481,1.121,2.6625462,0.2942345242614018
3,2,178593.3941437304,1.121,2.6643217,0.29579130267633996
3,2,178598.3941445127,1.121,2.6663642,0.29734808294486337
3,2,178603.39414529502,1.121,2.6681206,0.2989048659665386
3,2,178608.39414607733,1.121,2.6698768,0.30046164847844176
3,2,178613.39414685965,1.121,2.6717286,0.30201843391252886
3,2,178618.39414764196,1.121,2.6731794,0.3035752195257478
3,2,178623.39414842427,1.121,2.6750503,0.3051320070565806
3,2,178628.39414920658,1.121,2.6766157,0.3066887917173637
3,2,178633.3941499889,1.121,2.678162,0.30824557595710617
3,2,178638.3941507712,1.121,2.679823,0.3098023615092105
3,2,178643.3941515535,1.121,2.6814075,0.3113591464174191
3,2,178648.39415233582,1.121,2.682801,0.3129159305522971
3,2,178653.39415311813,1.121,2.6845572,0.31447271669950083
3,2,178658.39415390044,1.121,2.685951,0.3160294997912645
3,2,178663.39415468276,1.121,2.687478,0.31758628561451696
3,2,178668.39415546507,1.121,2.6888716,0.31914307141178844
3,2,178673.39415624738,1.121,2.6902845,0.3206998685162663
3,2,178678.3941570297,1.121,2.69164,0.32225666391654145
3,2,178683.394157812,1.121,2.6930525,0.3238134575962755
3,2,178688.3941585943,1.121,2.6943507,0.3253702517145607
3,2,178693.39415937662,1.121,2.6957252,0.3269270432437128
3,2,178698.39416015893,1.121,2.6970806,0.3284838373166786
3,2,178703.39416094124,1.121,2.698417,0.3300406312139563
3,2,178708.39416172355,1.121,2.6998868,0.3315974263722631
3,2,178713.39416250587,1.121,2.7009368,0.33315421935070877
3,2,178718.39416328818,1.121,2.7022731,0.33471101511390333
3,2,178723.3941640705,1.121,2.703743,0.33626781073493417
3,2,178728.3941648528,1.121,2.7046785,0.33782460784231944
3,2,178733.3941656351,1.121,2.7061484,0.33938140226906527
3,2,178738.39416641742,1.121,2.7072937,0.340938195609682
3,2,178743.39416719973,1.121,2.7087638,0.34249499285940316
3,2,178748.39416798204,1.121,2.7100427,0.3440517928997608
3,2,178753.39416876435,1.121,2.7111692,0.3456085921372306
3,2,178758.39416954666,1.121,2.7122383,0.34716539182021866
3,2,178763.39417032897,1.121,2.713651,0.3487221900136337
3,2,178768.3941711113,1.121,2.7147963,0.35027898876898145
3,2,178773.3941718936,1.121,2.7160182,0.3518357870537704
3,2,178778.3941726759,1.121,2.717049,0.3533925841962694
3,2,178783.39417345822,1.121,2.7184234,0.35494938236939233
3,2,178788.39417424053,1.121,2.7196262,0.3565061773567
3,2,178793.39417502284,1.121,2.7206762,0.3580629692262344
3,2,178798.39417580515,1.121,2.7218788,0.35961975968807924
3,2,178803.39417658746,1.121,2.7230241,0.3611765488637155
3,2,178808.39417736977,1.121,2.7243223,0.36273333729675067
3,2,178813.39417815185,1.121,2.7253914,0.36429012768042074
3,2,178818.39417893416,1.121,2.7264223,0.36584692220216974
3,2,178823.39417971647,1.121,2.7276633,0.3674037195193832
3,2,178828.39418049878,1.121,2.728713,0.3689605137556856
3,2,178833.3941812811,1.121,2.7300684,0.3705173081536689
3,2,178838.3941820634,1.121,2.731004,0.3720741039560966
3,2,178843.39418284572,1.121,2.732264,0.3736309004476665
3,2,178848.39418362803,1.121,2.7332375,0.3751876964011456
3,2,178853.39418441034,1.121,2.7343256,0.37674449393676374
3,2,178858.39418519265,1.121,2.7355094,0.3783012916710905
3,2,178863.39418597496,1.121,2.7368073,0.3798580916406511
3,2,178868.39418675727,1.121,2.7378192,0.3814148904766373
3,2,178873.39418753958,1.121,2.7388883,0.3829716862009034
3,2,178878.3941883219,1.121,2.7400146,0.3845284814502662
3,2,178883.3941891042,1.121,2.7410645,0.3860852761734988
3,2,178888.39418988652,1.121,2.7422674,0.3876420699186258
3,2,178893.39419066883,1.121,2.7434509,0.3891988615095085
3,2,178898.39419145114,1.121,2.74452,0.39075565544893337
3,2,178903.39419223345,1.121,2.745589,0.3923124492039349
3,2,178908.39419301576,1.121,2.7468872,0.39386924060891726
3,2,178913.39419379807,1.121,2.7478416,0.3954260323377648
3,2,178918.39419458038,1.121,2.7488916,0.39698282616209973
3,2,178923.3941953627,1.121,2.7501326,0.3985396197192403
3,2,178928.394196145,1.121,2.7512398,0.40009641645739463
3,2,178933.39419692731,1.121,2.7522514,0.40165321274359345
3,2,178938.39419770963,1.121,2.7535305,0.4032100099270541
3,2,178943.39419849194,1.121,2.754695,0.40476680580655056
3,2,178948.39419927425,1.121,2.7558024,0.4063236041629379
3,2,178953.39420005656,1.121,2.756986,0.40788040270255654
3,2,178958.39420083887,1.121,2.7581503,0.4094372002982363
3,2,178963.39420162118,1.121,2.7592194,0.4109939986184172
3,2,178968.3942024035,1.121,2.7605367,0.41255079601208355
3,2,178973.3942031858,1.121,2.7618349,0.41410759393493984
3,2,178978.3942039681,1.121,2.7628083,0.4156643928380607
3,2,178983.39420475042,1.121,2.763954,0.4172211901925271
3,2,178988.39420553274,1.121,2.7650611,0.4187779900130231
3,2,178993.39420631505,1.121,2.7663019,0.4203347877949608
3,2,178998.39420709736,1.121,2.767409,0.42189158526057663
3,2,179003.39420787967,1.121,2.7686691,0.42344838275347146
3,2,179008.39420866198,1.121,2.7697382,0.4250051783588064
3,2,179013.3942094443,1.121,2.7709408,0.42656197420729525
3,2,179018.3942102266,1.121,2.7720482,0.42811877086496347
3,2,179023.3942110089,1.121,2.77327,0.42967556912967225
3,2,179028.39421179122,1.121,2.7745109,0.4312323694144752
3,2,179033.39421257307,1.121,2.7755606,0.43278917042345466
3,2,179038.39421335538,1.121,2.776668,0.43434596963900324
3,2,179043.3942141377,1.121,2.7781188,0.4359027710873815
3,2,179048.39421492,1.121,2.7791688,0.43745957185535955
3,2,179053.3942157023,1.121,2.780276,0.43901636973619457
3,2,179058.39421648462,1.121,2.7816315,0.4405731668254534
3,2,179063.39421726693,1.121,2.782815,0.4421299644036491
3,2,179068.39421804924,1.121,2.784075,0.44368676218153363
3,2,179073.39421883156,1.121,2.7852204,0.4452435610690447
3,2,179078.39421961387,1.121,2.7864995,0.4468003592297831
3,2,179083.39422039618,1.121,2.787855,0.4483571579127907
3,2,179088.3942211785,1.121,2.789153,0.44991395568755593
3,2,179093.3942219608,1.121,2.7903938,0.4514707517183621
3,2,179098.3942227431,1.121,2.7916157,0.4530275469963616
3,2,179103.39422352542,1.121,2.7926276,0.4545843427022099
3,2,179108.39422430773,1.121,2.7940593,0.45614113658359307
3,2,179113.39422509004,1.121,2.7954147,0.45769792855555474
3,2,179118.39422587235,1.121,2.7966938,0.4592547190650767
3,2,179123.39422665467,1.121,2.7979536,0.4608115143164462
3,2,179128.39422743698,1.121,2.7992518,0.4623683107955919
3,2,179133.3942282193,1.121,2.8004162,0.46392510815685317
3,2,179138.3942290016,1.121,2.8019054,0.4654819072024093
3,2,179143.3942297839,1.121,2.803127,0.4670387032086517
3,2,179148.39423056622,1.121,2.8042152,0.46859549948023416
3,2,179153.39423134853,1.121,2.8057044,0.47015229775999645
3,2,179158.39423213084,1.121,2.8069642,0.47170909458569016
3,2,179163.39423291315,1.121,2.808186,0.47326589177862133
3,2,179168.39423369546,1.121,2.809675,0.47482268839342057
3,2,179173.39423447778,1.121,2.8110304,0.47637948390194435
3,2,179178.3942352601,1.121,2.8123095,0.47793627656714777
3,2,179183.3942360424,1.121,2.813703,0.479493069231073
3,2,179188.3942368247,1.121,2.815154,0.481049864519298
3,2,179193.39423760702,1.121,2.8163948,0.4826066597806877
3,2,179198.39423838933,1.121,2.817884,0.48416345564212393
3,2,179203.39423917164,1.121,2.8193347,0.4857202502380344
3,2,179208.39423995395,1.121,2.8207092,0.4872770439897245
3,2,179213.39424073626,1.121,2.8220646,0.48883384101919325
3,2,179218.39424151857,1.121,2.823382,0.49039063586667503
3,2,179223.39424230088,1.121,2.8248327,0.4919474305989609
3,2,179228.3942430832,1.121,2.8264363,0.4935042248429258
3,2,179233.3942438655,1.121,2.8277345,0.4950610216848916
3,2,179238.39424464782,1.121,2.8294144,0.49661781682799916
3,2,179243.39424543013,1.121,2.8306553,0.49817461374758343
3,2,179248.39424621244,1.121,2.832106,0.4997314111640784
3,2,179253.39424699475,1.121,2.8337288,0.5012882102648217
3,2,179258.39424777706,1.121,2.8351989,0.5028450106041298
3,2,179263.39424855937,1.121,2.8368025,0.504401813180738
3,2,179268.39424934168,1.121,2.8382723,0.505958611481481
3,2,179273.394250124,1.121,2.8397424,0.5075154103076854
3,2,179278.3942509063,1.121,2.8412886,0.5090722073635723
3,2,179283.39425168862,1.121,2.8425486,0.5106290064100821
3,2,179288.39425247093,1.121,2.8443048,0.5121858056103984
3,2,179293.39425325324,1.121,2.8457177,0.5137426033651364
3,2,179298.39425403555,1.121,2.847302,0.5152994032536811
3,2,179303.39425481786,1.121,2.8488483,0.5168562032571169
3,2,179308.39425560017,1.121,2.8502994,0.5184130009769133
3,2,179313.39425638248,1.121,2.8520746,0.5199697979387838
3,2,179318.3942571648,1.121,2.853392,0.52152659593202
3,2,179323.3942579471,1.121,2.8549192,0.5230833953314555
3,2,179328.39425872942,1.121,2.8564844,0.5246401964101327
3,2,179333.39425951173,1.121,2.8581455,0.5261969965574211
3,2,179338.39426029404,1.121,2.8596153,0.5277537984853453
3,2,179343.39426107635,1.121,2.8615434,0.5293106010886894
3,2,179348.39426185866,1.121,2.8628988,0.5308674013686512
3,2,179353.39426264097,1.121,2.8645978,0.5324242021742066
3,2,179358.39426342328,1.121,2.8661823,0.5339810007433825
3,2,179363.3942642056,1.121,2.8676524,0.5355378024374909
3,2,179368.3942649879,1.121,2.8694277,0.5370946046758427
3,2,179373.3942657702,1.121,2.8708594,0.5386514031521215
3,2,179378.39426655252,1.121,2.8723867,0.5402082050094738
3,2,179383.39426733484,1.121,2.8741813,0.5417650065112313
3,2,179388.39426811715,1.121,2.8759375,0.5433218052446114
3,2,179393.39426889946,1.121,2.8776557,0.5448786019277772
3,2,179398.39426968177,1.121,2.879259,0.5464353985932933
3,2,179403.39427046408,1.121,2.8809774,0.5479921914908686
3,2,179408.3942712464,1.121,2.8827145,0.5495489882222612
3,2,179413.39427202893,1.121,2.8843944,0.5511057860634061
3,2,179418.39427281125,1.121,2.8860745,0.5526625824205742
3,2,179423.39427359356,1.121,2.8880026,0.554219378031108
3,2,179428.39427437587,1.121,2.8898735,0.5557761735312077
3,2,179433.39427515818,1.121,2.891687,0.5573329702849188
3,2,179438.3942759405,1.121,2.8935578,0.5588897687818937
3,2,179443.3942767228,1.121,2.8955815,0.560446567886273
3,2,179448.3942775051,1.121,2.8974524,0.5620033667260077
3,2,179453.39427828742,1.121,2.899514,0.5635601619028515
3,2,179458.39427906973,1.121,2.9013848,0.5651169590101639
3,2,179463.39427985204,1.121,2.9034848,0.5666737544346186
3,2,179468.39428063435,1.121,2.905623,0.5682305507663621
3,2,179473.39428141667,1.121,2.907551,0.5697873468116985
3,2,179478.39428219898,1.121,2.90967,0.5713441454813679
3,2,179483.3942829813,1.121,2.9118845,0.5729009408682784
3,2,179488.3942837636,1.121,2.9141562,0.5744577384349505
3,2,179493.3942845459,1.121,2.9165616,0.576014534810861
3,2,179498.39428532822,1.121,2.918967,0.5775713322275016
3,2,179503.39428611053,1.121,2.9214296,0.5791281317879888
3,2,179508.39428689284,1.121,2.9240642,0.5806849309708608
3,2,179513.39428767515,1.121,2.9269085,0.5822417246785826
3,2,179518.39428845746,1.121,2.929715,0.5837985167339445
3,2,179523.39428923978,1.121,2.932502,0.5853553111338284
3,2,179528.3942900221,1.121,2.9354992,0.5869121059497794
3,2,179533.3942908044,1.121,2.9386683,0.588468899528722
3,2,179538.3942915867,1.121,2.9419136,0.5900256945345004
3,2,179543.39429236902,1.121,2.9451208,0.5915824883491926
3,2,179548.39429315133,1.121,2.948805,0.5931392840856512
3,2,179553.39429393364,1.121,2.9526424,0.5946960838606689
3,2,179558.39429471595,1.121,2.956613,0.5962528820700513
3,2,179563.39429549826,1.121,2.9609084,0.5978096803970403
3,2,179568.39429628057,1.121,2.96507,0.5993664781822363
3,2,179573.39429706289,1.121,2.9691362,0.6009232751202782
3,2,179578.3942978452,1.121,2.9738517,0.6024800745973852
3,2,179583.3942986275,1.121,2.9786243,0.604036876045227
3,2,179588.39429940982,1.121,2.9832823,0.6055936757130093
3,2,179593.39430019213,1.121,2.9879975,0.6071504776379532
3,2,179598.39430097444,1.121,2.992522,0.6087072803388635
3,2,179603.39430175675,1.121,2.9975426,0.6102640868892272
3,2,179606.04690217294,1.121,3.00012,0.6110900028876065
3,2,179606.04710217292,1.121,3.0000246,0.6110900651564862
4,1,179606.0479021729,-1.121,2.9037743,-1.2328275044759113e-07
4,1,179611.0479029552,-1.121,2.2169785,-0.0015571087415417034
4,1,179616.04790373752,-1.121,2.049175,-0.0031140942786137263
4,1,179621.04790451983,-1.121,1.9516999,-0.004671077752153079
4,1,179626.04790530214,-1.121,1.8792139,-0.006228064655535751
4,1,179631.04790608445,-1.121,1.8198813,-0.007785052812503444
4,1,179636.04790686676,-1.121,1.7719837,-0.009342041111131509
4,1,179641.04790764907,-1.121,1.7361512,-0.010899031052205297
4,1,179646.04790843138,-1.121,1.711983,-0.012456019953853554
4,1,179651.0479092137,-1.121,1.6971498,-0.014013008107913864
4,1,179656.047909996,-1.121,1.6886355,-0.01556999786229266
4,1,179661.04791077832,-1.121,1.6837293,-0.017126983912183178
4,1,179666.04791156063,-1.121,1.6809994,-0.018683969625837273
4,1,179671.04791234294,-1.121,1.6792812,-0.020240954465223684
4,1,179676.04791312525,-1.121,1.6779258,-0.021797942767825394
4,1,179681.04791390756,-1.121,1.676895,-0.023354928841981627
4,1,179686.04791468987,-1.121,1.676265,-0.024911914540244478
4,1,179691.04791547218,-1.121,1.6756159,-0.026468899171219935
4,1,179696.0479162545,-1.121,1.6753677,-0.028025881643056874
4,1,179701.0479170368,-1.121,1.6751004,-0.029582867622554306
4,1,179706.04791781912,-1.121,1.6747186,-0.03113985082836284
4,1,179711.04791860143,-1.121,1.674356,-0.032696836203608255
4,1,179716.04791938374,-1.121,1.6741269,-0.034253821847359346
4,1,179721.04792016605,-1.121,1.6740506,-0.035810808437016284
4,1,179726.04792094836,-1.121,1.6739169,-0.037367797879272045
4,1,179731.04792173067,-1.121,1.6738024,-0.03892478536849552
4,1,179736.0479225131,-1.121,1.6736114,-0.04048177142963145
4,1,179741.0479232954,-1.121,1.6734968,-0.04203875923608409
4,1,179746.04792407772,-1.121,1.6732869,-0.043595746102922495
4,1,179751.04792486003,-1.121,1.673306,-0.045152732198450306
4,1,179756.04792564234,-1.121,1.673096,-0.04670971537366179
4,1,179761.04792642465,-1.121,1.6729815,-0.04826669621862968
4,1,179766.04792720696,-1.121,1.6727715,-0.04982367952310377
4,1,179771.04792798928,-1.121,1.6725042,-0.05138065971585778
4,1,179776.0479287716,-1.121,1.6725806,-0.05293763981040982
4,1,179781.0479295539,-1.121,1.6722751,-0.05449462128741212
4,1,179786.0479303362,-1.121,1.6722369,-0.056051601416415645
4,1,179791.04793111852,-1.121,1.6721606,-0.0576085801274909
4,1,179796.04793190083,-1.121,1.6720651,-0.05916555652670728
4,1,179801.04793268314,-1.121,1.6717597,-0.060722531815297076
4,1,179806.04793346545,-1.121,1.6715878,-0.06227950414186716
4,1,179811.04793424776,-1.121,1.6716069,-0.06383647804321846
4,1,179816.04793503007,-1.121,1.6712252,-0.06539345499810909
4,1,179821.04793581238,-1.121,1.6711869,-0.06695043295156294
4,1,179826.0479365947,-1.121,1.6709579,-0.06850741098120479
4,1,179831.047937377,-1.121,1.6707479,-0.07006438705306585
4,1,179836.04793815932,-1.121,1.6708052,-0.0716213626833492
4,1,179841.04793894163,-1.121,1.670538,-0.07317834079250364
4,1,179846.04793972394,-1.121,1.6702324,-0.07473532159883448
4,1,179851.04794050625,-1.121,1.6703279,-0.07629230540823276
4,1,179856.04794128856,-1.121,1.6700034,-0.07784928848516942
4,1,179861.04794207087,-1.121,1.6697552,-0.07940627020500766
4,1,179866.04794285318,-1.121,1.6694689,-0.08096325393158198
4,1,179871.0479436355,-1.121,1.669507,-0.08252023471460078
4,1,179876.0479444178,-1.121,1.6691633,-0.08407721616678106
4,1,179881.04794520012,-1.121,1.6689725,-0.08563419861969683
4,1,179886.04794598243,-1.121,1.6687816,-0.08719117966182365
4,1,179891.04794676474,-1.121,1.668457,-0.088748163217379
4,1,179896.04794754705,-1.121,1.6682088,-0.09030514635095332
4,1,179901.04794832936,-1.121,1.6681135,-0.09186212674415113
4,1,179906.04794911167,-1.121,1.6678079,-0.09341911039247117
4,1,179911.04794989398,-1.121,1.6675599,-0.09497609510965481
4,1,179916.0479506763,-1.121,1.667407,-0.09653307835979595
4,1,179921.0479514586,-1.121,1.6671207,-0.0980900620124009
4,1,179926.04795224092,-1.121,1.6669871,-0.09964704492494797
4,1,179931.04795302323,-1.121,1.6665862,-0.10120403164920544
4,1,179936.04795380554,-1.121,1.6664144,-0.1027610127170947
4,1,179941.04795458785,-1.121,1.6661662,-0.10431799461106461
4,1,179946.04795537016,-1.121,1.6660708,-0.10587497991895678
4,1,179951.04795615247,-1.121,1.6656317,-0.10743196761696208
4,1,179956.04795693478,-1.121,1.6653644,-0.10898895462549398
4,1,179961.0479577171,-1.121,1.6650399,-0.11054593794184263
4,1,179966.0479584994,-1.121,1.6647536,-0.11210292246945039
4,1,179971.0479592817,-1.121,1.6647345,-0.11365990384227702
4,1,179976.04796006402,-1.121,1.6643717,-0.11521688359505602
4,1,179981.04796084634,-1.121,1.6639899,-0.11677386010468671
4,1,179986.04796162865,-1.121,1.663799,-0.11833083887506196
4,1,179991.04796241096,-1.121,1.6634554,-0.11988782019993996
4,1,179996.04796319327,-1.121,1.6632072,-0.12144480391246082
4,1,180001.04796397558,-1.121,1.6628636,-0.12300178253848687
4,1,180006.0479647579,-1.121,1.6625582,-0.12455876523839104
4,1,180011.0479655402,-1.121,1.6623482,-0.1261157495527665
4,1,180016.0479663225,-1.121,1.6620809,-0.12767273483537966
4,1,180021.04796710482,-1.121,1.6617564,-0.12922972090890011
4,1,180026.04796788713,-1.121,1.6615273,-0.13078670405473974
4,1,180031.04796866945,-1.121,1.6612219,-0.13234368619584375
4,1,180036.04796945152,-1.121,1.6608782,-0.13390066709742943
4,1,180041.04797023383,-1.121,1.66063,-0.13545765121948056
4,1,180046.04797101615,-1.121,1.6604582,-0.13701463748848436
4,1,180051.04797179846,-1.121,1.6601719,-0.13857162203556958
4,1,180056.04797258077,-1.121,1.6596755,-0.1401286072297427
4,1,180061.04797336308,-1.121,1.6593701,-0.14168559121612043
4,1,180066.0479741454,-1.121,1.6591219,-0.143242575058692
4,1,180071.0479749277,-1.121,1.6587592,-0.1447995596922768
4,1,180076.04797571,-1.121,1.6584537,-0.14635654374192816
4,1,180081.04797649232,-1.121,1.6582628,-0.1479135277130206
4,1,180086.04797727463,-1.121,1.6579192,-0.14947050942929582
4,1,180091.04797805694,-1.121,1.6573465,-0.15102748905259367
4,1,180096.04797883925,-1.121,1.6573083,-0.15258446720174282
4,1,180101.04797962157,-1.121,1.6570792,-0.15414144655680653
4,1,180106.04798040388,-1.121,1.656602,-0.15569842674658693
4,1,180111.0479811862,-1.121,1.6563729,-0.15725540728746518
4,1,180116.0479819685,-1.121,1.6559911,-0.1588123834341963
4,1,180121.0479827508,-1.121,1.6556093,-0.16036935726403526
4,1,180126.04798353312,-1.121,1.6551893,-0.161926332259549
4,1,180131.04798431543,-1.121,1.6549602,-0.1634833084757659
4,1,180136.04798509774,-1.121,1.654693,-0.1650402868977255
4,1,180141.04798588005,-1.121,1.6542729,-0.1665972634465893
4,1,180146.04798666236,-1.121,1.6538912,-0.16815424227458237
4,1,180151.04798744468,-1.121,1.6535666,-0.16971122344697845
4,1,180156.047988227,-1.121,1.6531085,-0.171268201883773
4,1,180161.0479890093,-1.121,1.6529367,-0.17282518162984317
4,1,180166.0479897916,-1.121,1.6524594,-0.17438216195695266
4,1,180171.04799057392,-1.121,1.6522685,-0.1759391427093082
4,1,180176.04799135623,-1.121,1.6517149,-0.17749611887592076
4,1,180181.04799213854,-1.121,1.6516004,-0.17905310073724057
4,1,180186.04799292085,-1.121,1.6510468,-0.18061007969600623
4,1,180191.04799370316,-1.121,1.6507603,-0.18216705805357297
4,1,180196.04799448547,-1.121,1.6503595,-0.18372403780925273
4,1,180201.04799526779,-1.121,1.6498631,-0.1852810176107221
4,1,180206.0479960501,-1.121,1.6495959,-0.18683799686059685
4,1,180211.0479968324,-1.121,1.649214,-0.18839497596087718
4,1,180216.04799761472,-1.121,1.6489468,-0.18995195295155706
4,1,180221.04799839703,-1.121,1.6484886,-0.191508933267143
4,1,180226.04799917934,-1.121,1.6480495,-0.19306591536839798
4,1,180231.04799996165,-1.121,1.6475914,-0.19462289663910198
4,1,180236.04800074396,-1.121,1.6473432,-0.19617987610561974
4,1,180241.04800152627,-1.121,1.6469805,-0.1977368560136026
4,1,180246.04800230858,-1.121,1.6465032,-0.19929383665673592
4,1,180251.0480030909,-1.121,1.6461978,-0.20085081689021977
4,1,180256.0480038732,-1.121,1.6458541,-0.20240779790005411
4,1,180261.04800465552,-1.121,1.6453005,-0.20396478036530144
4,1,180266.04800543783,-1.121,1.6450142,-0.20552176943077638
4,1,180271.04800622014,-1.121,1.6446133,-0.20707875967999292
4,1,180276.04800700245,-1.121,1.6444796,-0.20863575140302704
4,1,180281.04800778476,-1.121,1.6436969,-0.21019273860199578
4,1,180286.04800856707,-1.121,1.6435251,-0.21174973020903926
4,1,180291.04800934938,-1.121,1.6430287,-0.21330671547746652
4,1,180296.0480101317,-1.121,1.6425706,-0.21486370115963613
4,1,180301.048010914,-1.121,1.6421316,-0.21642068570686043
4,1,180306.04801169632,-1.121,1.6417307,-0.21797766752667555
4,1,180311.04801247863,-1.121,1.6413488,-0.2195346491455634
4,1,180316.04801326094,-1.121,1.6410052,-0.22109163389599318
4,1,180321.04801404325,-1.121,1.6403562,-0.2226486161032782
4,1,180326.04801482556,-1.121,1.640108,-0.22420560030093453
4,1,180331.04801560787,-1.121,1.639688,-0.2257625869804488
4,1,180336.04801639018,-1.121,1.639268,-0.2273195732246372
4,1,180341.0480171725,-1.121,1.6387526,-0.22887655508512253
4,1,180346.0480179548,-1.121,1.6384472,-0.23043353856241036
4,1,180351.0480187371,-1.121,1.6381035,-0.2319905237641268
4,1,180356.04801951942,-1.121,1.637588,-0.23354750687638254
4,1,180361.04802030174,-1.121,1.6368817,-0.23510448745960658
4,1,180366.04802108405,-1.121,1.6366144,-0.23666146978931293
4,1,180371.04802186636,-1.121,1.6361563,-0.23821845422490437
4,1,180376.04802264867,-1.121,1.6355644,-0.2397754405233926
4,1,180381.04802343098,-1.121,1.635259,-0.24133242619468104
4,1,180386.0480242133,-1.121,1.6346864,-0.24288941270292466
4,1,180391.0480249956,-1.121,1.6342854,-0.2444463996853166
4,1,180396.0480257779,-1.121,1.6338272,-0.2460033843460745
4,1,180401.04802656022,-1.121,1.6333119,-0.2475603696254028
4,1,180406.04802734253,-1.121,1.63293,-0.2491173554583324
4,1,180411.04802812485,-1.121,1.6324718,-0.25067433621535035
4,1,180416.04802890716,-1.121,1.6319373,-0.2522313174717227
4,1,180421.04802968947,-1.121,1.6314791,-0.2537882995484603
4,1,180426.04803047178,-1.121,1.6309637,-0.2553452816380659
4,1,180431.0480312541,-1.121,1.6305628,-0.2569022633659442
4,1,180436.0480320364,-1.121,1.6300856,-0.25845924533589015
4,1,180441.0480328187,-1.121,1.6295701,-0.26001622742418445
4,1,180446.04803360102,-1.121,1.629112,-0.2615732108796305
4,1,180451.04803438333,-1.121,1.6285392,-0.2631301930214696
4,1,180456.04803516564,-1.121,1.6280047,-0.2646871759193539
4,1,180461.04803594796,-1.121,1.6273557,-0.2662441578330662
4,1,180466.04803673027,-1.121,1.6270311,-0.26780113977906433
4,1,180471.04803751258,-1.121,1.6265156,-0.2693581188208858
4,1,180476.0480382949,-1.121,1.625962,-0.2709150987603664
4,1,180481.0480390772,-1.121,1.6255994,-0.27247208047266136
4,1,180486.0480398595,-1.121,1.6248739,-0.27402905995401405
4,1,180491.04804064182,-1.121,1.6243203,-0.27558604224647415
4,1,180496.04804142413,-1.121,1.6240339,-0.27714302453474204
4,1,180501.04804220644,-1.121,1.6234039,-0.27870000893700125
4,1,180506.04804298875,-1.121,1.6227549,-0.2802569892365138
4,1,180511.04804377106,-1.121,1.6222204,-0.2818139660363198
4,1,180516.04804455338,-1.121,1.6217049,-0.2833709454373586
4,1,180521.0480453357,-1.121,1.6210749,-0.2849279231100944
4,1,180526.048046118,-1.121,1.6206168,-0.286484899184843
4,1,180531.0480469003,-1.121,1.6200441,-0.28804187555346233
4,1,180536.04804768262,-1.121,1.6192995,-0.2895988529664345
4,1,180541.04804846493,-1.121,1.6188605,-0.29115583217403634
4,1,180546.04804924724,-1.121,1.618326,-0.2927128126472236
4,1,180551.04805002955,-1.121,1.617715,-0.2942697928985292
4,1,180556.04805081186,-1.121,1.6170851,-0.29582677221226705
4,1,180561.04805159417,-1.121,1.6164932,-0.29738375002661693
4,1,180566.04805237649,-1.121,1.6159396,-0.2989407291177579
4,1,180571.0480531588,-1.121,1.6153669,-0.30049770880801824
4,1,180576.0480539411,-1.121,1.6147178,-0.30205468731409324
4,1,180581.04805472342,-1.121,1.6141452,-0.30361166460951183
4,1,180586.04805550573,-1.121,1.6136297,-0.3051686422214112
4,1,180591.04805628804,-1.121,1.6129043,-0.3067256219132014
4,1,180596.04805707035,-1.121,1.6123124,-0.30828260461847
4,1,180601.04805785266,-1.121,1.6116444,-0.3098395875599187
4,1,180606.04805863497,-1.121,1.6109953,-0.31139657225351214
4,1,180611.04805941728,-1.121,1.6104225,-0.31295355753660214
4,1,180616.0480601996,-1.121,1.6099072,-0.314510536902355
4,1,180621.0480609819,-1.121,1.6091816,-0.31606751867043986
4,1,180626.04806176422,-1.121,1.6084181,-0.31762449942619947
4,1,180631.04806254606,-1.121,1.6079408,-0.319181479628073
4,1,180636.04806332837,-1.121,1.6072536,-0.3207384579021866
4,1,180641.04806411068,-1.121,1.6066045,-0.3222954374988014
4,1,180646.048064893,-1.121,1.6060127,-0.32385241777701523
4,1,180651.0480656753,-1.121,1.6052109,-0.3254093972379169
4,1,180656.04806645762,-1.121,1.6044472,-0.3269663728824458
4,1,180661.04806723993,-1.121,1.6036454,-0.3285233516507812
4,1,180666.04806802224,-1.121,1.6031873,-0.33008033410904153
4,1,180671.04806880455,-1.121,1.6024046,-0.3316373175286056
4,1,180676.04806958686,-1.121,1.6018891,-0.33319430026308045
4,1,180681.04807036917,-1.121,1.6011256,-0.3347512831528784
4,1,180686.04807115148,-1.121,1.600381,-0.3363082676324514
4,1,180691.0480719338,-1.121,1.5996938,-0.3378652570903567
4,1,180696.0480727161,-1.121,1.5988157,-0.3394222474870815
4,1,180701.04807349842,-1.121,1.5981094,-0.3409792359708085
4,1,180706.04807428073,-1.121,1.5974412,-0.342536223175486
4,1,180711.04807506304,-1.121,1.5966203,-0.34409321091838685
4,1,180716.04807584535,-1.121,1.5959139,-0.34565019832137567
4,1,180721.04807662766,-1.121,1.5949785,-0.3472071874355873
4,1,180726.04807740997,-1.121,1.5944631,-0.3487641726618608
4,1,180731.04807819228,-1.121,1.593604,-0.35032115518885193
4,1,180736.0480789746,-1.121,1.5928022,-0.35187813510226545
4,1,180741.0480797569,-1.121,1.5920386,-0.35343511494267654
4,1,180746.0480805392,-1.121,1.5911413,-0.354992099070112
4,1,180751.04808132153,-1.121,1.5905305,-0.3565490808938676
4,1,180756.04808210384,-1.121,1.5896714,-0.3581060589854254
4,1,180761.04808288615,-1.121,1.5887742,-0.3596630410558052
4,1,180766.04808366846,-1.121,1.5880487,-0.36122002198337855
4,1,180771.04808445077,-1.121,1.5871323,-0.3627770056490634
4,1,180776.04808523308,-1.121,1.5863879,-0.3643339879543981
4,1,180781.0480860154,-1.121,1.5853952,-0.36589096855665587
4,1,180786.0480867977,-1.121,1.5845934,-0.3674479492420489
4,1,180791.04808758,-1.121,1.5836197,-0.36900493271252854
4,1,180796.04808836232,-1.121,1.5828562,-0.3705619158908991
4,1,180801.04808914464,-1.121,1.5818443,-0.3721188977225689
4,1,180806.04808992695,-1.121,1.5811954,-0.37367588192921225
4,1,180811.04809070926,-1.121,1.5802408,-0.3752328646710185
4,1,180816.04809149157,-1.121,1.5793626,-0.37678984585111686
4,1,180821.04809227388,-1.121,1.5785608,-0.37834682631451566
4,1,180826.0480930562,-1.121,1.5775872,-0.3799038078934353
4,1,180831.0480938385,-1.121,1.5766709,-0.3814607863912915
4,1,180836.0480946208,-1.121,1.5756973,-0.38301776535200427
4,1,180841.04809540312,-1.121,1.5748191,-0.3845747441155316
4,1,180846.04809618543,-1.121,1.573731,-0.38613172474938645
4,1,180851.04809696774,-1.121,1.5727383,-0.38768870529992067
4,1,180856.04809775006,-1.121,1.5718219,-0.38924568408862764
4,1,180861.04809853237,-1.121,1.570772,-0.39080266629383315
4,1,180866.04809931468,-1.121,1.569722,-0.3923596470470496
4,1,180871.048100097,-1.121,1.5688438,-0.39391662847189785
4,1,180876.0481008793,-1.121,1.5680039,-0.39547361049642843
4,1,180881.0481016616,-1.121,1.5669158,-0.397030594932
4,1,180886.04810244392,-1.121,1.5659803,-0.3985875798256796
4,1,180891.04810322623,-1.121,1.564835,-0.40014456625494704
4,1,180896.04810400854,-1.121,1.5638614,-0.4017015521543557
4,1,180901.04810479085,-1.121,1.5629259,-0.40325853736506584
4,1,180906.04810557317,-1.121,1.5619141,-0.4048155218568711
4,1,180911.04810635548,-1.121,1.5607305,-0.40637250645263345
4,1,180916.0481071378,-1.121,1.5595851,-0.40792949396630146
4,1,180921.0481079201,-1.121,1.558516,-0.40948647955352746
4,1,180926.0481087024,-1.121,1.5573707,-0.4110434643474951
4,1,180931.04810948472,-1.121,1.5564924,-0.4126004503464965
4,1,180936.04811026703,-1.121,1.5551944,-0.4141574356808399
4,1,180941.04811104934,-1.121,1.5543162,-0.41571442193753866
4,1,180946.04811183165,-1.121,1.5528843,-0.4172714067216318
4,1,180951.04811261396,-1.121,1.5518535,-0.41882839423278984
4,1,180956.04811339627,-1.121,1.5507654,-0.4203853799602126
4,1,180961.0481141786,-1.121,1.5495627,-0.4219423655385045
4,1,180966.0481149609,-1.121,1.5483791,-0.4234993480210769
4,1,180971.0481157432,-1.121,1.5470618,-0.4250563320228128
4,1,180976.04811652552,-1.121,1.5459355,-0.4266133144926099
4,1,180981.04811730783,-1.121,1.5446374,-0.42817029809196805
4,1,180986.04811809014,-1.121,1.5433393,-0.4297272793660033
4,1,180991.04811887245,-1.121,1.5420601,-0.43128425986105884
4,1,180996.04811965476,-1.121,1.5409148,-0.43284124005966734
4,1,181001.04812043707,-1.121,1.539483,-0.43439822354894897
4,1,181006.04812121938,-1.121,1.5383376,-0.4359552062498002
4,1,181011.0481220018,-1.121,1.536925,-0.43751218626446214
4,1,181016.04812278412,-1.121,1.535684,-0.4390691678875223
4,1,181021.04812356643,-1.121,1.5340996,-0.4406261566364568
4,1,181026.04812434874,-1.121,1.5327251,-0.4421831404091784
4,1,181031.04812513106,-1.121,1.5315605,-0.44374012500161614
4,1,181036.04812591337,-1.121,1.5302433,-0.44529710718264864
4,1,181041.04812669568,-1.121,1.5288306,-0.4468540891598399
4,1,181046.048127478,-1.121,1.5273988,-0.4484110699107781
4,1,181051.0481282603,-1.121,1.5258335,-0.4499680531662969
4,1,181056.0481290426,-1.121,1.5244398,-0.45152503551280515
4,1,181061.04812982492,-1.121,1.5229508,-0.4530820190177959
4,1,181066.04813060723,-1.121,1.5215,-0.45463900127137385
4,1,181071.04813138954,-1.121,1.5198964,-0.4561959873086282
4,1,181076.04813217185,-1.121,1.518541,-0.4577529696849388
4,1,181081.04813295417,-1.121,1.5168992,-0.45930995041415446
4,1,181086.04813373648,-1.121,1.5155246,-0.4608669302272732
4,1,181091.0481345188,-1.121,1.5140356,-0.46242390815635537
4,1,181096.0481353011,-1.121,1.5123938,-0.46398088601821014
4,1,181101.0481360834,-1.121,1.5108857,-0.4655378613784712
4,1,181106.04813686572,-1.121,1.509263,-0.4670948369342752
4,1,181111.04813764803,-1.121,1.5076404,-0.46865181498458003
4,1,181116.04813843034,-1.121,1.5060177,-0.47020878952738326
4,1,181121.04813921265,-1.121,1.5043759,-0.471765766473916
4,1,181126.04813999496,-1.121,1.502677,-0.473322748118957
4,1,181131.04814077727,-1.121,1.5009588,-0.47487973449695126
4,1,181136.0481415596,-1.121,1.4993361,-0.47643671782735997
4,1,181141.0481423419,-1.121,1.4976944,-0.4779936995077863
4,1,181146.0481431242,-1.121,1.4958235,-0.47955067853393835
4,1,181151.04814390652,-1.121,1.4939717,-0.4811076551830373
4,1,181156.04814468883,-1.121,1.4922537,-0.4826646331923473
4,1,181161.04814547114,-1.121,1.4903828,-0.48422161157819316
4,1,181166.04814625345,-1.121,1.4885119,-0.4857785890482467
4,1,181171.04814703576,-1.121,1.4865838,-0.48733556939889344
4,1,181176.04814781807,-1.121,1.4846175,-0.48889254825234435
4,1,181181.04814860038,-1.121,1.482823,-0.4904495264413955
4,1,181186.0481493827,-1.121,1.4807422,-0.4920065062837934
4,1,181191.048150165,-1.121,1.4789095,-0.4935634889298481
4,1,181196.04815094732,-1.121,1.4770195,-0.4951204696362948
4,1,181201.04815172963,-1.121,1.4747669,-0.49667745323585827
4,1,181206.04815251194,-1.121,1.4728388,-0.4982344345980289
4,1,181211.04815329425,-1.121,1.4706434,-0.49979141603228805
4,1,181216.04815407656,-1.121,1.468658,-0.5013483967143167
4,1,181221.04815485887,-1.121,1.4662908,-0.5029053759287069
4,1,181226.04815564118,-1.121,1.4641527,-0.5044623574506577
4,1,181231.0481564235,-1.121,1.4618618,-0.5060193448071748
4,1,181236.0481572058,-1.121,1.4596283,-0.5075763301659892
4,1,181241.04815798812,-1.121,1.4573183,-0.5091333159830441
4,1,181246.04815877043,-1.121,1.4551039,-0.510690299200257
4,1,181251.04815955274,-1.121,1.4528512,-0.5122472840693199
4,1,181256.04816033505,-1.121,1.4504459,-0.5138042712928258
4,1,181261.04816111736,-1.121,1.4479641,-0.5153612535596095
4,1,181266.04816189967,-1.121,1.4455588,-0.5169182362876537
4,1,181271.04816268198,-1.121,1.4429243,-0.5184752177264692
4,1,181276.0481634643,-1.121,1.4404616,-0.5200321977847021
4,1,181281.0481642466,-1.121,1.4379417,-0.521589176123288
4,1,181286.04816502891,-1.121,1.4353645,-0.523146153477
4,1,181291.04816581123,-1.121,1.4326727,-0.5247031317453716
4,1,181296.04816659354,-1.121,1.4299047,-0.5262601109369663
4,1,181301.04816737585,-1.121,1.4273275,-0.5278170944958794
4,1,181306.04816815816,-1.121,1.4245021,-0.529374077883555
4,1,181311.04816894024,-1.121,1.4217341,-0.5309310600945222
4,1,181316.04816972255,-1.121,1.4187368,-0.5324880402996011
4,1,181321.04817050486,-1.121,1.4156824,-0.5340450220611493
4,1,181326.04817128717,-1.121,1.412857,-0.5356020037185484
4,1,181331.04817206948,-1.121,1.4099362,-0.5371589900407328
4,1,181336.0481728518,-1.121,1.4068818,-0.5387159755768643
4,1,181341.0481736341,-1.121,1.403732,-0.540272959258265
4,1,181346.0481744164,-1.121,1.4005438,-0.5418299415919583
4,1,181351.04817519872,-1.121,1.3974512,-0.543386924948646
4,1,181356.04817598104,-1.121,1.3942249,-0.5449439114227825
4,1,181361.04817676335,-1.121,1.3908268,-0.5465008983084362
4,1,181366.04817754566,-1.121,1.387257,-0.5480578822265136
4,1,181371.04817832797,-1.121,1.3840688,-0.5496148635782734
4,1,181376.04817911028,-1.121,1.3806517,-0.5511718495654465
4,1,181381.0481798926,-1.121,1.3770245,-0.5527288339341682
4,1,181386.0481806749,-1.121,1.3734356,-0.5542858182386625
4,1,181391.0481814572,-1.121,1.3696557,-0.5558428078044191
4,1,181396.04818223952,-1.121,1.3658758,-0.557399793967777
4,1,181401.04818302183,-1.121,1.3624014,-0.5589567805776995
4,1,181406.04818380415,-1.121,1.3586407,-0.560513769574351
4,1,181411.04818458646,-1.121,1.3546698,-0.5620707566972045
4,1,181416.04818536877,-1.121,1.3506609,-0.5636277436633575
4,1,181421.04818615108,-1.121,1.3467091,-0.5651847307365274
4,1,181426.0481869334,-1.121,1.3426048,-0.5667417217572798
4,1,181431.0481877157,-1.121,1.3384813,-0.5682987114819622
4,1,181436.048188498,-1.121,1.3342241,-0.5698557005593051
4,1,181441.04818928032,-1.121,1.329967,-0.571412691343619
4,1,181446.04819006263,-1.121,1.3257289,-0.5729696819815109
4,1,181451.04819084494,-1.121,1.3214146,-0.5745266711163988
4,1,181456.04819162725,-1.121,1.316852,-0.5760836594109141
4,1,181461.04819240957,-1.121,1.3124994,-0.5776406474562489
4,1,181466.04819319188,-1.121,1.3078032,-0.5791976405423286
4,1,181471.0481939742,-1.121,1.3032788,-0.5807546271058058
4,1,181476.0481947565,-1.121,1.2985061,-0.582311608685454
4,1,181481.0481955388,-1.121,1.2938863,-0.5838685902001529
4,1,181486.04819632112,-1.121,1.2889992,-0.5854255703594886
4,1,181491.04819710343,-1.121,1.2841693,-0.5869825533995366
4,1,181496.04819788574,-1.121,1.2791868,-0.5885395361721055
4,1,181501.04819866805,-1.121,1.2741661,-0.5900965215155154
4,1,181506.04819945036,-1.121,1.2692217,-0.591653506157776
4,1,181511.04820023268,-1.121,1.2639527,-0.5932104931286775
4,1,181516.048201015,-1.121,1.2587984,-0.5947674814454716
4,1,181521.0482017973,-1.121,1.2534531,-0.5963244712315601
4,1,181526.0482025796,-1.121,1.2480506,-0.5978814564041033
4,1,181531.04820336192,-1.121,1.2429916,-0.5994384427091414
4,1,181536.04820414423,-1.121,1.2373791,-0.6009954257120094
4,1,181541.04820492654,-1.121,1.2317092,-0.6025524100090862
4,1,181546.04820570885,-1.121,1.2260013,-0.6041093915152617
4,1,181551.04820649116,-1.121,1.2201405,-0.6056663743612966
4,1,181556.04820727347,-1.121,1.2144707,-0.60722336302848
4,1,181561.04820805578,-1.121,1.2084954,-0.6087803525619838
4,1,181566.0482088381,-1.121,1.2025201,-0.6103373415879872
4,1,181568.15620916823,-1.121,1.1998667,-0.6109937669150896
4,1,181568.1564091682,-1.121,1.1999812,-0.6109938291974134
4,2,181568.1572091682,1.121,1.2889514,1.2366239892111884e-07
4,2,181573.15720995056,1.121,1.478585,0.0015569480114314292
4,2,181578.15721073287,1.121,1.5445038,0.003113770459552606
4,2,181583.15721151518,1.121,1.5959522,0.004670590472082297
4,2,181588.1572122975,1.121,1.6406043,0.0062274156462815075
4,2,181593.1572130798,1.121,1.6806366,0.007784241790347629
4,2,181598.1572138621,1.121,1.7177482,0.009341069585469035
4,2,181603.15721464442,1.121,1.7528744,0.010897895920766724
4,2,181608.15721542673,1.121,1.7859578,0.012454721341629824
4,2,181613.15721620905,1.121,1.8173995,0.014011548728591866
4,2,181618.15721699136,1.121,1.8477913,0.01556837547473775
4,2,181623.15721777367,1.121,1.8767513,0.01712520265510347
4,2,181628.15721855598,1.121,1.9045086,0.01868202913984325
4,2,181633.1572193383,1.121,1.9307578,0.02023885942041874
4,2,181638.1572201206,1.121,1.9558233,0.02179568944623073
4,2,181643.1572209029,1.121,1.9793426,0.02335252085489697
4,2,181648.15722168522,1.121,2.001392,0.024909354235231877
4,2,181653.15722246753,1.121,2.022124,0.026466186417612766
4,2,181658.15722324984,1.121,2.0412142,0.02802301701273521
4,2,181663.15722403215,1.121,2.0591018,0.02957984826176034
4,2,181668.15722481447,1.121,2.075405,0.031136678400291336
4,2,181673.15722559678,1.121,2.0906582,0.0326935099984871
4,2,181678.1572263791,1.121,2.1047087,0.034250339577337106
4,2,181683.15722716134,1.121,2.1178427,0.0358071695567237
4,2,181688.15722794365,1.121,2.1298313,0.03736399629293548
4,2,181693.15722872596,1.121,2.1409802,0.03892082656016615
4,2,181698.15722950827,1.121,2.1514225,0.040477654219614134
4,2,181703.15723029058,1.121,2.1611204,0.04203448294205798
4,2,181708.1572310729,1.121,2.17015,0.043591313590367636
4,2,181713.1572318552,1.121,2.1785116,0.04514814236551523
4,2,181718.15723263752,1.121,2.1863577,0.04670497243708372
4,2,181723.15723341983,1.121,2.193784,0.04826180253718959
4,2,181728.15723420214,1.121,2.2006946,0.04981863477718168
4,2,181733.15723498445,1.121,2.2071853,0.05137546700310707
4,2,181738.15723576676,1.121,2.2133896,0.052932297100080385
4,2,181743.15723654907,1.121,2.2193458,0.054489130152212246
4,2,181748.15723733138,1.121,2.2247484,0.056045966910858946
4,2,181753.15723811323,1.121,2.2300365,0.05760279705413845
4,2,181758.15723889554,1.121,2.235038,0.059159626354409585
4,2,181763.15723967785,1.121,2.239696,0.06071645499989721
4,2,181768.15724046016,1.121,2.2442014,0.06227328646488984
4,2,181773.15724124247,1.121,2.2484968,0.06383011987904044
4,2,181778.15724202478,1.121,2.2528303,0.06538694865665833
4,2,181783.1572428071,1.121,2.2566102,0.06694377635685603
4,2,181788.1572435894,1.121,2.260352,0.06850060297427575
4,2,181793.15724437172,1.121,2.264017,0.07005743500567145
4,2,181798.15724515403,1.121,2.2675488,0.07161426514428854
4,2,181803.15724593634,1.121,2.2710614,0.07317109134111802
4,2,181808.15724671865,1.121,2.274345,0.07472791684310304
4,2,181813.15724750096,1.121,2.2774568,0.07628474496863286
4,2,181818.15724828327,1.121,2.2806256,0.07784157236882713
4,2,181823.15724906558,1.121,2.2835274,0.07939839983197716
4,2,181828.1572498479,1.121,2.2864864,0.08095523081825177
4,2,181833.1572506302,1.121,2.2894073,0.08251206065581243
4,2,181838.15725141251,1.121,2.2920227,0.08406889079266787
4,2,181843.15725219483,1.121,2.294867,0.08562572126698495
4,2,181848.15725297714,1.121,2.2977307,0.08718255104519924
4,2,181853.15725375945,1.121,2.3000596,0.0887393809551067
4,2,181858.15725454176,1.121,2.3029232,0.09029621238540943
4,2,181863.15725532407,1.121,2.3053477,0.0918530419291854
4,2,181868.15725610638,1.121,2.3076575,0.09340987176382543
4,2,181873.1572568887,1.121,2.3100247,0.09496670132946969
4,2,181878.157257671,1.121,2.3127356,0.09652353260501889
4,2,181883.1572584533,1.121,2.314969,0.0980803673241271
4,2,181888.15725923562,1.121,2.3174126,0.09963720042202871
4,2,181893.15726001794,1.121,2.319589,0.10119403220261469
4,2,181898.15726080025,1.121,2.3219943,0.10275086249879335
4,2,181903.15726158256,1.121,2.3243997,0.10430769310304855
4,2,181908.15726236487,1.121,2.3266141,0.1058645274634825
4,2,181913.15726314718,1.121,2.328886,0.10742136177921958
4,2,181918.1572639295,1.121,2.3313105,0.10897819381176102
4,2,181923.1572647118,1.121,2.3334293,0.11053502822875978
4,2,181928.1572654941,1.121,2.3357584,0.11209186406740217
4,2,181933.15726627642,1.121,2.3380494,0.11364869919782879
4,2,181938.15726705873,1.121,2.3402064,0.11520553294523558
4,2,181943.15726784104,1.121,2.3424592,0.11676236837889752
4,2,181948.15726862336,1.121,2.3445208,0.11831920265815656
4,2,181953.15726940567,1.121,2.346888,0.11987603607441319
4,2,181958.15727018798,1.121,2.349179,0.12143287059203783
4,2,181963.1572709703,1.121,2.3511834,0.12298970324303043
4,2,181968.1572717526,1.121,2.3535125,0.12454653860214021
4,2,181973.1572725349,1.121,2.3558986,0.12610337733387947
4,2,181978.15727331722,1.121,2.3580558,0.12766022067965402
4,2,181983.15727409953,1.121,2.360213,0.12921706273357073
4,2,181988.15727488184,1.121,2.3625612,0.1307738995800813
4,2,181993.15727566415,1.121,2.3646612,0.13233073511825666
4,2,181998.15727644647,1.121,2.3669329,0.1338875682546165
4,2,182003.15727722878,1.121,2.3692238,0.13544440381919673
4,2,182008.1572780111,1.121,2.3716292,0.13700123654924495
4,2,182013.1572787934,1.121,2.373958,0.13855807040365534
4,2,182018.1572795757,1.121,2.3763635,0.1401149055722223
4,2,182023.15728035802,1.121,2.3786352,0.14167174218796355
4,2,182028.15728114033,1.121,2.3807352,0.14322857738792893
4,2,182033.15728192264,1.121,2.3831024,0.14478541628044178
4,2,182038.15728270495,1.121,2.3854315,0.14634225276545018
4,2,182043.15728348726,1.121,2.3877795,0.14789908451287612
4,2,182048.15728426958,1.121,2.3903377,0.14945591806075306
4,2,182053.1572850519,1.121,2.3928003,0.1510127533047729
4,2,182058.1572858342,1.121,2.3951674,0.15256958981527222
4,2,182063.1572866165,1.121,2.3977828,0.15412642926428716
4,2,182068.15728739882,1.121,2.4001691,0.15568326753269965
4,2,182073.15728818113,1.121,2.4027462,0.15724010484945775
4,2,182078.15728896344,1.121,2.4052472,0.15879694133866495
4,2,182083.15728974575,1.121,2.407729,0.1603537771968444
4,2,182088.15729052806,1.121,2.4104016,0.1619106109035545
4,2,182093.15729131037,1.121,2.412807,0.16346744420841006
4,2,182098.15729209268,1.121,2.415594,0.16502427566145528
4,2,182103.157292875,1.121,2.418152,0.16658111033109826
4,2,182108.1572936573,1.121,2.420863,0.1681379466165437
4,2,182113.15729443962,1.121,2.4234211,0.16969478188653128
4,2,182118.15729522193,1.121,2.4262655,0.17125161624767388
4,2,182123.15729600424,1.121,2.4290147,0.17280845200723413
4,2,182128.15729678655,1.121,2.431687,0.1743652922043271
4,2,182133.15729756898,1.121,2.4343789,0.17592213321261277
4,2,182138.1572983513,1.121,2.4374907,0.17747897875663973
4,2,182143.1572991336,1.121,2.4401252,0.17903582053551412
4,2,182148.1572999159,1.121,2.443294,0.18059266376102637
4,2,182153.15730069822,1.121,2.4459286,0.1821495067393714
4,2,182158.15730148053,1.121,2.4488685,0.18370634815996226
4,2,182163.15730226284,1.121,2.4518466,0.18526318619534043
4,2,182168.15730304515,1.121,2.4547675,0.1868200266562303
4,2,182173.15730382747,1.121,2.4578028,0.18837686844350895
4,2,182178.15730460978,1.121,2.460819,0.1899337109066248
4,2,182183.1573053921,1.121,2.463988,0.19149054976468619
4,2,182188.1573061744,1.121,2.4671378,0.19304738958275983
4,2,182193.1573069567,1.121,2.470116,0.1946042285334998
4,2,182198.15730773902,1.121,2.4731321,0.19616106797766025
4,2,182203.15730852133,1.121,2.4763584,0.1977179097157452
4,2,182208.15730930364,1.121,2.4795656,0.1992747462661399
4,2,182213.15731008595,1.121,2.4828682,0.20083158603659604
4,2,182218.15731086826,1.121,2.4861135,0.20238842640096613
4,2,182223.15731165058,1.121,2.489378,0.2039452645231618
4,2,182228.1573124329,1.121,2.492566,0.20550210350968443
4,2,182233.1573132152,1.121,2.4959452,0.20705894271163147
4,2,182238.1573139975,1.121,2.4992669,0.20861578611951406
4,2,182243.15731477982,1.121,2.5027032,0.21017263328875438
4,2,182248.15731556213,1.121,2.5061777,0.21172947686145704
4,2,182253.15731634444,1.121,2.5094612,0.21328632059545652
4,2,182258.15731712675,1.121,2.513012,0.2148431651519471
4,2,182263.15731790906,1.121,2.5162764,0.21640000549434957
4,2,182268.15731869137,1.121,2.519617,0.2179568465954198
4,2,182273.15731947368,1.121,2.5232635,0.21951368956879116
4,2,182278.157320256,1.121,2.5266805,0.2210705348065827
4,2,182283.1573210383,1.121,2.529945,0.2226273790616261
4,2,182288.15732182062,1.121,2.533534,0.2241842208884955
4,2,182293.15732260293,1.121,2.5368176,0.22574106251669596
4,2,182298.15732338524,1.121,2.5402727,0.22729790368049016
4,2,182303.15732416755,1.121,2.5437472,0.2288547428619001
4,2,182308.15732494986,1.121,2.5470881,0.23041158195879066
4,2,182313.15732573217,1.121,2.5505052,0.23196841942875257
4,2,182318.15732651448,1.121,2.5539415,0.23352525409694516
4,2,182323.1573272968,1.121,2.5571296,0.2350820894806584
4,2,182328.1573280791,1.121,2.5606232,0.23663892398503755
4,2,182333.15732886142,1.121,2.5637348,0.2381957583118545
4,2,182338.15732964373,1.121,2.567152,0.23975259526857406
4,2,182343.15733042604,1.121,2.5703592,0.24130943566821686
4,2,182348.15733120835,1.121,2.5737572,0.24286627684464723
4,2,182353.15733199066,1.121,2.5767543,0.24442311730815308
4,2,182358.15733277297,1.121,2.5797896,0.2459799570114348
4,2,182363.15733355528,1.121,2.5828824,0.2475367987130417
4,2,182368.1573343376,1.121,2.5859559,0.24909364141650336
4,2,182373.1573351199,1.121,2.588934,0.2506504850278696
4,2,182378.15733590221,1.121,2.5919883,0.2522073295497762
4,2,182383.15733668453,1.121,2.5947566,0.25376417535603046
4,2,182388.15733746684,1.121,2.5974865,0.25532101820694736
4,2,182393.15733824915,1.121,2.6002355,0.2568778634569049
4,2,182398.15733903146,1.121,2.6031182,0.2584347083096769
4,2,182403.15733981377,1.121,2.6055808,0.25999155772857535
4,2,182408.15734059608,1.121,2.608196,0.26154840891215536
4,2,182413.1573413784,1.121,2.610926,0.26310525543403623
4,2,182418.1573421607,1.121,2.6135223,0.26466210294622183
4,2,182423.157342943,1.121,2.6158705,0.2662189462647173
4,2,182428.15734372532,1.121,2.6181803,0.2677757874745793
4,2,182433.1573445074,1.121,2.6204903,0.2693326304004855
4,2,182438.1573452897,1.121,2.6228,0.2708894714318051
4,2,182443.15734607202,1.121,2.6249382,0.27244630966354083
4,2,182448.15734685434,1.121,2.6271527,0.27400315247405904
4,2,182453.15734763665,1.121,2.6292336,0.2755599962867499
4,2,182458.15734841896,1.121,2.6312954,0.2771168368566633
4,2,182463.15734920127,1.121,2.6334527,0.2786736743925612
4,2,182468.15734998358,1.121,2.635476,0.28023051102936936
4,2,182473.1573507659,1.121,2.637347,0.28178734800994404
4,2,182478.1573515482,1.121,2.6393323,0.28334418503936804
4,2,182483.1573523305,1.121,2.641165,0.28490102051114385
4,2,182488.15735311282,1.121,2.6429214,0.2864578566055431
4,2,182493.15735389513,1.121,2.6448495,0.2880146944986914
4,2,182498.15735467745,1.121,2.6467013,0.2895715352512599
4,2,182503.15735545976,1.121,2.6485338,0.2911283767178457
4,2,182508.15735624207,1.121,2.6501946,0.29268521928180596
4,2,182513.15735702438,1.121,2.6518173,0.29424206434742617
4,2,182518.1573578067,1.121,2.6532874,0.2957989061187904
4,2,182523.157358589,1.121,2.6548529,0.29735574747255783
4,2,182528.1573593713,1.121,2.6564372,0.2989125859576928
4,2,182533.15736015362,1.121,2.6579263,0.30046942368037843
4,2,182538.15736093593,1.121,2.6594536,0.30202626463988763
4,2,182543.15736171824,1.121,2.6612098,0.30358310584221954
4,2,182548.15736250055,1.121,2.662489,0.30513994909283193
4,2,182553.15736328287,1.121,2.6639206,0.3066967931553391
4,2,182558.15736406518,1.121,2.665448,0.30825364018809803
4,2,182563.1573648475,1.121,2.6670134,0.3098104881216288
4,2,182568.1573656298,1.121,2.668216,0.31136733579435616
4,2,182573.1573664121,1.121,2.6696095,0.31292418455107346
4,2,182578.15736719442,1.121,2.670965,0.3144810321565072
4,2,182583.15736797673,1.121,2.6722631,0.31603787959927987
4,2,182588.15736875904,1.121,2.6735423,0.3175947260944579
4,2,182593.15736954135,1.121,2.6751459,0.3191515694147746
4,2,182598.15737032366,1.121,2.6762912,0.3207084165485701
4,2,182603.15737110598,1.121,2.6774747,0.32226526041634884
4,2,182608.1573718883,1.121,2.6787157,0.32382210200017036
4,2,182613.1573726706,1.121,2.6799374,0.3253789443845617
4,2,182618.1573734529,1.121,2.6812546,0.32693578452365935
4,2,182623.15737423522,1.121,2.6823618,0.3284926259202693
4,2,182628.15737501753,1.121,2.6835265,0.33004946759963044
4,2,182633.15737579984,1.121,2.6848054,0.3316063081978097
4,2,182638.15737658215,1.121,2.685951,0.33316314985635553
4,2,182643.15737736446,1.121,2.6870391,0.33471999124611757
4,2,182648.15737814677,1.121,2.688337,0.3362768337668115
4,2,182653.15737892909,1.121,2.6894827,0.3378336748946707
4,2,182658.1573797114,1.121,2.6906662,0.33939051475799753
4,2,182663.1573804937,1.121,2.6918116,0.34094735530931425
4,2,182668.15738127602,1.121,2.6928806,0.34250419603641835
4,2,182673.15738205833,1.121,2.6939688,0.34406103676867494
4,2,182678.15738284064,1.121,2.6951523,0.3456178751002551
4,2,182683.15738362295,1.121,2.6963742,0.34717471213415607
4,2,182688.15738440526,1.121,2.6972713,0.3487315508357685
4,2,182693.15738518757,1.121,2.6984932,0.3502883889703288
4,2,182698.15738596988,1.121,2.699505,0.35184522656083117
4,2,182703.1573867522,1.121,2.700822,0.35340206483853537
4,2,182708.1573875345,1.121,2.701815,0.354958901203904
4,2,182713.15738831682,1.121,2.7031322,0.356515733055797
4,2,182718.15738909913,1.121,2.703972,0.3580725655250484
4,2,182723.15738988144,1.121,2.7050602,0.359629397777127
4,2,182728.15739066375,1.121,2.7063012,0.3611862298076485
4,2,182733.15739144606,1.121,2.7072556,0.36274306366779413
4,2,182738.15739222837,1.121,2.7084775,0.36429989609746144
4,2,182743.15739301068,1.121,2.7095084,0.36585672413264386
4,2,182748.157393793,1.121,2.7106538,0.3674135537976954
4,2,182753.1573945753,1.121,2.7118373,0.36897038460986487
4,2,182758.15739535762,1.121,2.7128873,0.3705272135395077
4,2,182763.15739613993,1.121,2.7140708,0.3720840438252158
4,2,182768.15739692224,1.121,2.7150445,0.37364087605265783
4,2,182773.15739770455,1.121,2.7160563,0.3751977090125217
4,2,182778.15739848686,1.121,2.7171254,0.3767545425638027
4,2,182783.15739926917,1.121,2.718118,0.3783113774617646
4,2,182788.15740005148,1.121,2.7194161,0.37986821244814
4,2,182793.1574008338,1.121,2.7205234,0.38142504915920233
4,2,182798.1574016161,1.121,2.721459,0.3829818868141373
4,2,182803.1574023984,1.121,2.7226806,0.38453872451260357
4,2,182808.15740318072,1.121,2.7235205,0.3860955578089423
4,2,182813.15740396304,1.121,2.724666,0.3876523905305465
4,2,182818.15740474535,1.121,2.7258878,0.38920922455593615
4,2,182823.15740552766,1.121,2.7272623,0.39076605933577485
4,2,182828.15740630997,1.121,2.7281978,0.3923228957622449
4,2,182833.15740709228,1.121,2.729095,0.3938797284373178
4,2,182838.1574078746,1.121,2.7301831,0.39543656112819253
4,2,182843.1574086569,1.121,2.7313857,0.39699339421616664
4,2,182848.1574094392,1.121,2.7326458,0.39855022290682796
4,2,182853.15741022152,1.121,2.7336957,0.4001070518392987
4,2,182858.15741100383,1.121,2.7346885,0.4016638804130223
4,2,182863.15741178615,1.121,2.7359102,0.4032207110177279
4,2,182868.15741256846,1.121,2.7370174,0.40477754154549045
4,2,182873.15741335077,1.121,2.7381818,0.40633437285288837
4,2,182878.15741413308,1.121,2.73927,0.4078912046819064
4,2,182883.1574149154,1.121,2.7404728,0.409448035212636
4,2,182888.1574156977,1.121,2.7416182,0.41100486174323164
4,2,182893.15741648,1.121,2.7427254,0.4125616900490589
4,2,182898.15741726232,1.121,2.7437563,0.41411851927380433
4,2,182903.15741804463,1.121,2.7448444,0.4156753470488191
4,2,182908.15741882694,1.121,2.746047,0.4172321766998106
4,2,182913.15741960926,1.121,2.747288,0.41878900767581334
4,2,182918.15742039157,1.121,2.748357,0.4203458373965555
4,2,182923.15742117388,1.121,2.7492924,0.42190266960676515
4,2,182928.1574219562,1.121,2.7505143,0.42345949995456145
4,2,182933.1574227385,1.121,2.7516215,0.4250163287360404
4,2,182938.1574235208,1.121,2.7529197,0.4265731595447594
4,2,182943.15742430312,1.121,2.7539506,0.4281299901458158
4,2,182948.15742508543,1.121,2.7552679,0.4296868206002647
4,2,182953.15742586774,1.121,2.7564323,0.4312436495015026
4,2,182958.15742665005,1.121,2.757864,0.43280047630410073
4,2,182963.15742743236,1.121,2.758933,0.43435730381353044
4,2,182968.15742821468,1.121,2.759945,0.4359141295874186
4,2,182973.157428997,1.121,2.7611475,0.43747095548663545
4,2,182978.1574297793,1.121,2.7622166,0.4390277870758243
4,2,182983.1574305616,1.121,2.7634385,0.4405846206883855
4,2,182988.15743134392,1.121,2.7647557,0.4421414507302179
4,2,182993.15743212623,1.121,2.7660346,0.44369828180630344
4,2,182998.15743290854,1.121,2.7674282,0.4452551147522794
4,2,183003.15743369085,1.121,2.7684972,0.4468119475524823
4,2,183008.15743447316,1.121,2.7697191,0.4483687778854503
4,2,183013.15743525547,1.121,2.7708836,0.4499256116325988
4,2,183018.15743603779,1.121,2.7723918,0.45148244179840885
4,2,183023.1574368201,1.121,2.7735372,0.4530392738329768
4,2,183028.15743760194,1.121,2.7747972,0.4545961052157879
4,2,183033.15743838425,1.121,2.776038,0.45615293774203464
4,2,183038.15743916656,1.121,2.777317,0.45770977099235194
4,2,183043.15743994887,1.121,2.7788444,0.4592666006115079
4,2,183048.1574407312,1.121,2.780047,0.46082343183253877
4,2,183053.1574415135,1.121,2.7811732,0.46238026365699375
4,2,183058.1574422958,1.121,2.7825477,0.46393709227479835
4,2,183063.15744307812,1.121,2.783846,0.46549392118436106
4,2,183068.15744386043,1.121,2.7852776,0.4670507431222731
4,2,183073.15744464274,1.121,2.7865376,0.46860756707123924
4,2,183078.15744542505,1.121,2.787874,0.4701643918119074
4,2,183083.15744620736,1.121,2.789363,0.47172121706755965
4,2,183088.15744698967,1.121,2.7905085,0.47327804032952925
4,2,183093.15744777198,1.121,2.7921503,0.4748348644019763
4,2,183098.1574485543,1.121,2.793563,0.4763916883542936
4,2,183103.1574493366,1.121,2.794651,0.47794851331041266
4,2,183108.15745011892,1.121,2.7960446,0.47950534072905127
4,2,183113.15745090123,1.121,2.7975338,0.4810621671822006
4,2,183118.15745168354,1.121,2.7989655,0.48261899169356964
4,2,183123.15745246585,1.121,2.8002827,0.48417581762890693
4,2,183128.15745324816,1.121,2.8017144,0.48573264335817773
4,2,183133.15745403047,1.121,2.8031845,0.48728946770844866
4,2,183138.15745481278,1.121,2.8044443,0.48884629383895806
4,2,183143.1574555951,1.121,2.8059525,0.49040312016739457
4,2,183148.1574563774,1.121,2.8074987,0.4919599484603803
4,2,183153.15745715972,1.121,2.8088734,0.4935167757859562
4,2,183158.15745794203,1.121,2.8103814,0.49507360193822125
4,2,183163.15745872434,1.121,2.8118706,0.49663042917893335
4,2,183168.15745950665,1.121,2.8130922,0.49818725261420677
4,2,183173.15746028896,1.121,2.814543,0.49974407825203077
4,2,183178.15746107127,1.121,2.815975,0.5013009021316635
4,2,183183.15746185358,1.121,2.8175404,0.5028577272181313
4,2,183188.1574626359,1.121,2.8190293,0.5044145516457426
4,2,183193.1574634182,1.121,2.8203275,0.5059713766972688
4,2,183198.1574642005,1.121,2.8219502,0.5075282023810876
4,2,183203.15746498283,1.121,2.823401,0.5090850273275508
4,2,183208.15746576514,1.121,2.8249474,0.5106418538742794
4,2,183213.15746654745,1.121,2.8263981,0.512198680190689
4,2,183218.15746732976,1.121,2.8279827,0.5137555072353549
4,2,183223.15746811207,1.121,2.82951,0.5153123343158166
4,2,183228.15746889438,1.121,2.8307889,0.5168691612015036
4,2,183233.1574696767,1.121,2.8327172,0.5184259875901872
4,2,183238.157470459,1.121,2.8339388,0.5199828148091701
4,2,183243.1574712413,1.121,2.8355424,0.5215396419970857
4,2,183248.15747202362,1.121,2.8370123,0.5230964680294726
4,2,183253.15747280593,1.121,2.8385968,0.524653291924119
4,2,183258.15747358825,1.121,2.8404105,0.52621011563264
4,2,183263.15747437056,1.121,2.8417277,0.5277669407259888
4,2,183268.15747515287,1.121,2.8434649,0.5293237607685791
4,2,183273.15747593518,1.121,2.8451257,0.5308805769329336
4,2,183278.1574767175,1.121,2.8465958,0.532437392089804
4,2,183283.1574774998,1.121,2.8483138,0.533994209672259
4,2,183288.1574782821,1.121,2.8498983,0.5355510275758572
4,2,183293.15747906442,1.121,2.8515592,0.5371078467502727
4,2,183298.15747984673,1.121,2.8530865,0.5386646688421171
4,2,183303.15748062904,1.121,2.8548236,0.5402214953248898
4,2,183308.15748141136,1.121,2.8565035,0.5417783190423449
4,2,183313.15748219367,1.121,2.8581645,0.5433351410913467
4,2,183318.15748297598,1.121,2.8599207,0.54489196498596
4,2,183323.1574837583,1.121,2.8616579,0.5464487909151249
4,2,183328.1574845406,1.121,2.8634524,0.5480056138291027
4,2,183333.1574853229,1.121,2.8651705,0.5495624376276996
4,2,183338.15748610522,1.121,2.8670223,0.5511192602695293
4,2,183343.15748688753,1.121,2.868836,0.552676086982939
4,2,183348.15748766984,1.121,2.8705158,0.554232910036968
4,2,183353.15748845215,1.121,2.8725777,0.5557897337237465
4,2,183358.15748923447,1.121,2.8745058,0.5573465568646724
4,2,183363.15749001678,1.121,2.876453,0.5589033791310258
4,2,183368.1574907991,1.121,2.8784382,0.560460201412711
4,2,183373.1574915814,1.121,2.880481,0.5620170235141716
4,2,183378.1574923637,1.121,2.8826,0.5635738433834647
4,2,183383.15749314602,1.121,2.8847191,0.5651306596748102
4,2,183388.15749392833,1.121,2.886819,0.5666874790462854
4,2,183393.15749471064,1.121,2.8891098,0.5682442969958255
4,2,183398.15749549295,1.121,2.8914387,0.5698011154435412
4,2,183403.15749627526,1.121,2.8938825,0.5713579353476433
4,2,183408.1574970577,1.121,2.8964405,0.5729147547284631
4,2,183413.15749784,1.121,2.8992085,0.5744715704021389
4,2,183418.1574986223,1.121,2.9019384,0.5760283900497425
4,2,183423.15749940462,1.121,2.9046683,0.5775852060026926
4,2,183428.15750018694,1.121,2.9076846,0.579142022064037
4,2,183433.15750096925,1.121,2.9108155,0.5806988401323692
4,2,183438.15750175156,1.121,2.914118,0.5822556590665913
4,2,183443.15750253387,1.121,2.9175353,0.5838124779574013
4,2,183448.15750331618,1.121,2.9211242,0.5853692974744177
4,2,183453.1575040985,1.121,2.9248087,0.5869261179856925
4,2,183458.1575048808,1.121,2.9288368,0.5884829350521368
4,2,183463.1575056631,1.121,2.9329412,0.5900397540995415
4,2,183468.15750644542,1.121,2.9372556,0.5915965753231051
4,2,183473.15750722773,1.121,2.9416463,0.593153396141079
4,2,183478.15750801004,1.121,2.9464571,0.5947102177465494
4,2,183483.15750879236,1.121,2.9514015,0.5962670384512546
4,2,183488.15750957467,1.121,2.9566703,0.5978238598229755
4,2,183493.15751035698,1.121,2.9619966,0.5993806774516174
4,2,183498.1575111393,1.121,2.96717,0.6009374965116847
4,2,183503.1575119216,1.121,2.9726298,0.6024943159495395
4,2,183508.1575127039,1.121,2.9784143,0.604051138175448
4,2,183513.15751348622,1.121,2.9835114,0.6056079650002919
4,2,183518.15751426853,1.121,2.9888947,0.6071647913215626
4,2,183523.15751505084,1.121,2.9939728,0.6087216178284688
4,2,183528.15751583315,1.121,2.9989555,0.6102784443855024
4,2,183529.1231159846,1.121,3.00012,0.610579098702835
4,2,183529.12331598462,1.121,3.0000246,0.6105791609756023
5,1,183529.12411598465,-1.121,2.9052176,-1.2328700886832342e-07
5,1,183534.12411676697,-1.121,2.249413,-0.001557098420792156
5,1,183539.12411754928,-1.121,2.0805593,-0.0031140737297203807
5,1,183544.1241183316,-1.121,1.9843633,-0.004671051420138942
5,1,183549.1241191139,-1.121,1.9124693,-0.006228028374711672
5,1,183554.1241198962,-1.121,1.8523157,-0.007785005388637384
5,1,183559.12412067852,-1.121,1.8008673,-0.009341983487592803
5,1,183564.12412146083,-1.121,1.7594604,-0.010898961526585949
5,1,183569.12412224314,-1.121,1.728706,-0.012455937553491857
5,1,183574.12412302545,-1.121,1.7082031,-0.014012913534992271
5,1,183579.12412380776,-1.121,1.6957562,-0.01556989009976387
5,1,183584.12412459007,-1.121,1.6883873,-0.017126864838467704
5,1,183589.1241253724,-1.121,1.6840538,-0.018683843043817414
5,1,183594.1241261547,-1.121,1.6814958,-0.02024082009519471
5,1,183599.124126937,-1.121,1.6797203,-0.02179779795014196
5,1,183604.12412771932,-1.121,1.6786513,-0.023354778074502945
5,1,183609.12412850163,-1.121,1.677754,-0.024911755175206395
5,1,183614.12412928394,-1.121,1.6772767,-0.02646873462680313
5,1,183619.12413006625,-1.121,1.6767614,-0.02802571502036518
5,1,183624.12413084856,-1.121,1.6763413,-0.029582692145943636
5,1,183629.12413163087,-1.121,1.6759596,-0.031139667739543644
5,1,183634.12413241318,-1.121,1.6757686,-0.032696644179304436
5,1,183639.1241331955,-1.121,1.6755968,-0.03425362079705794
5,1,183644.1241339778,-1.121,1.6752532,-0.035810598002354296
5,1,183649.12413476012,-1.121,1.6751387,-0.03736757808391915
5,1,183654.12413554243,-1.121,1.6749477,-0.03892455728065967
5,1,183659.12413632474,-1.121,1.6748332,-0.04048153555181953
5,1,183664.12413710705,-1.121,1.6745278,-0.04203851400621069
5,1,183669.12413788936,-1.121,1.6744896,-0.04359549465008576
5,1,183674.12413867167,-1.121,1.6742986,-0.045152476775189236
5,1,183679.12413945398,-1.121,1.6742033,-0.04670945795894331
5,1,183684.1241402363,-1.121,1.6741459,-0.0482664409309162
5,1,183689.1241410186,-1.121,1.6738977,-0.04982342328393459
5,1,183694.12414180092,-1.121,1.6737069,-0.05138040577558014
5,1,183699.12414258323,-1.121,1.673726,-0.05293738631987571
5,1,183704.12414336554,-1.121,1.673516,-0.05449436816821495
5,1,183709.12414414785,-1.121,1.6733251,-0.056051349398672574
5,1,183714.12414493016,-1.121,1.6732105,-0.05760833034906122
5,1,183719.12414571247,-1.121,1.6730387,-0.05916531103172566
5,1,183724.12414649478,-1.121,1.672867,-0.060722294447031276
5,1,183729.1241472771,-1.121,1.6727715,-0.062279275407241444
5,1,183734.1241480594,-1.121,1.672466,-0.06383625946109162
5,1,183739.1241488417,-1.121,1.6723896,-0.06539324396165211
5,1,183744.12414962403,-1.121,1.6721033,-0.06695022795216242
5,1,183749.12415040634,-1.121,1.6719506,-0.0685072137099968
5,1,183754.12415118865,-1.121,1.6717788,-0.07006419844329356
5,1,183759.12415197096,-1.121,1.6716452,-0.07162118324851327
5,1,183764.12415275327,-1.121,1.6714351,-0.07317816948830419
5,1,183769.12415353558,-1.121,1.6712824,-0.07473515471926
5,1,183774.1241543179,-1.121,1.6709197,-0.07629214075348774
5,1,183779.1241551002,-1.121,1.6708815,-0.07784912253363264
5,1,183784.1241558825,-1.121,1.6704806,-0.07940610339435604
5,1,183789.12415666482,-1.121,1.6704043,-0.08096308718237612
5,1,183794.12415744714,-1.121,1.670366,-0.08252007071473863
5,1,183799.12415822945,-1.121,1.6700988,-0.08407705345433288
5,1,183804.12415901176,-1.121,1.6696597,-0.0856340375032491
5,1,183809.12415979407,-1.121,1.6696407,-0.0871910214939316
5,1,183814.12416057638,-1.121,1.6693162,-0.08874800094317727
5,1,183819.1241613587,-1.121,1.6691061,-0.09030498373023668
5,1,183824.124162141,-1.121,1.669087,-0.09186196663656498
5,1,183829.1241629233,-1.121,1.6684761,-0.0934189494920704
5,1,183834.12416370562,-1.121,1.6684952,-0.09497593213639656
5,1,183839.12416448793,-1.121,1.6681325,-0.09653291652948326
5,1,183844.12416527024,-1.121,1.6681135,-0.09808990030866198
5,1,183849.12416605256,-1.121,1.6676935,-0.09964688413618669
5,1,183854.12416683487,-1.121,1.667407,-0.10120386784407163
5,1,183859.12416761718,-1.121,1.6672926,-0.10276085230101478
5,1,183864.1241683995,-1.121,1.6669871,-0.10431783524394034
5,1,183869.1241691818,-1.121,1.6668153,-0.10587481852914889
5,1,183874.1241699641,-1.121,1.6664717,-0.10743180569851397
5,1,183879.12417074642,-1.121,1.6662045,-0.10898879015157618
5,1,183884.12417152873,-1.121,1.6658608,-0.1105457735205425
5,1,183889.12417231104,-1.121,1.6656317,-0.11210275774865017
5,1,183894.12417309335,-1.121,1.6653262,-0.11365974163945515
5,1,183899.12417387567,-1.121,1.6651735,-0.1152167240147723
5,1,183904.12417465798,-1.121,1.6649253,-0.11677370590731169
5,1,183909.1241754403,-1.121,1.6646199,-0.11833068998003005
5,1,183914.1241762226,-1.121,1.6642572,-0.11988767243980035
5,1,183919.1241770049,-1.121,1.6639899,-0.12144465354781017
5,1,183924.12417778722,-1.121,1.66378,-0.12300163533770375
5,1,183929.12417856953,-1.121,1.6634363,-0.12455861718049313
5,1,183934.12417935184,-1.121,1.6632072,-0.12611559378118647
5,1,183939.12418013415,-1.121,1.6629018,-0.1276725744859775
5,1,183944.12418091646,-1.121,1.6625199,-0.12922955540398756
5,1,183949.12418169877,-1.121,1.66231,-0.13078653451625505
5,1,183954.1241824811,-1.121,1.6619473,-0.13234351454247367
5,1,183959.1241832634,-1.121,1.66168,-0.13390049619590572
5,1,183964.1241840457,-1.121,1.6613172,-0.13545747465393276
5,1,183969.12418482802,-1.121,1.66105,-0.1370144550582965
5,1,183974.12418561033,-1.121,1.6607255,-0.13857144114820824
5,1,183979.12418639264,-1.121,1.6603436,-0.14012842500851552
5,1,183984.12418717495,-1.121,1.66021,-0.1416854097882973
5,1,183989.1241879568,-1.121,1.6598474,-0.14324239283015333
5,1,183994.1241887391,-1.121,1.6593701,-0.14479937840730617
5,1,183999.12418952142,-1.121,1.6592364,-0.14635636312105924
5,1,184004.12419030373,-1.121,1.6588165,-0.1479133493080007
5,1,184009.12419108604,-1.121,1.6584537,-0.14947033515273866
5,1,184014.12419186835,-1.121,1.6581101,-0.1510273205295338
5,1,184019.12419265066,-1.121,1.657862,-0.15258430316446892
5,1,184024.12419343297,-1.121,1.6574992,-0.1541412880832421
5,1,184029.12419421528,-1.121,1.6572129,-0.15569827287818994
5,1,184034.1241949976,-1.121,1.6568501,-0.157255258397162
5,1,184039.1241957799,-1.121,1.6565065,-0.15881224349032513
5,1,184044.12419656222,-1.121,1.6560675,-0.16036922957002459
5,1,184049.12419734453,-1.121,1.6558956,-0.16192620973379748
5,1,184054.12419812684,-1.121,1.6554756,-0.1634831942859756
5,1,184059.12419890915,-1.121,1.6549411,-0.16504017689590325
5,1,184064.12419969146,-1.121,1.6547884,-0.16659716031091085
5,1,184069.12420047377,-1.121,1.6545211,-0.1681541429353092
5,1,184074.12420125608,-1.121,1.6540439,-0.16971112107450437
5,1,184079.1242020384,-1.121,1.6537193,-0.17126810282703908
5,1,184084.1242028207,-1.121,1.6533567,-0.1728250830585096
5,1,184089.12420360302,-1.121,1.653013,-0.17438206649707427
5,1,184094.12420438533,-1.121,1.6526885,-0.17593905090467138
5,1,184099.12420516764,-1.121,1.6523639,-0.17749603218421012
5,1,184104.12420594995,-1.121,1.6520203,-0.17905301617228989
5,1,184109.12420673226,-1.121,1.651543,-0.1806099949952563
5,1,184114.12420751457,-1.121,1.6512185,-0.18216697574122087
5,1,184119.12420829688,-1.121,1.6509322,-0.18372395964772836
5,1,184124.1242090792,-1.121,1.6507031,-0.18528094378400514
5,1,184129.1242098615,-1.121,1.6502067,-0.18683793032740886
5,1,184134.12421064381,-1.121,1.6497104,-0.1883949155666431
5,1,184139.12421142613,-1.121,1.6494813,-0.18995190119677782
5,1,184144.12421220844,-1.121,1.6489849,-0.19150888564984003
5,1,184149.12421299075,-1.121,1.6487368,-0.19306587087295451
5,1,184154.12421377306,-1.121,1.6481831,-0.19462285442058244
5,1,184159.12421455537,-1.121,1.647744,-0.1961798343340622
5,1,184164.12421533768,-1.121,1.6475914,-0.19773681505205895
5,1,184169.12421612,-1.121,1.647095,-0.19929379728089439
5,1,184174.1242169023,-1.121,1.6468277,-0.20085077739222182
5,1,184179.1242176846,-1.121,1.646446,-0.20240775753960344
5,1,184184.12421846692,-1.121,1.6460068,-0.20396474043081866
5,1,184189.12421924924,-1.121,1.6455106,-0.20552172273939848
5,1,184194.12422003155,-1.121,1.6451669,-0.20707870509380102
5,1,184199.12422081386,-1.121,1.6447469,-0.20863568715769054
5,1,184204.12422159617,-1.121,1.6443269,-0.21019267123764093
5,1,184209.12422237848,-1.121,1.6439642,-0.2117496535758244
5,1,184214.1242231608,-1.121,1.6433915,-0.21330663520787824
5,1,184219.1242239431,-1.121,1.6430861,-0.2148636155044569
5,1,184224.1242247254,-1.121,1.6426278,-0.2164205991049409
5,1,184229.12422550772,-1.121,1.6422269,-0.21797758607902792
5,1,184234.12422629003,-1.121,1.6418452,-0.21953457190537454
5,1,184239.12422707235,-1.121,1.6413679,-0.22109155528710286
5,1,184244.12422785466,-1.121,1.640967,-0.22264854096504053
5,1,184249.12422863697,-1.121,1.640528,-0.22420552740455998
5,1,184254.12422941928,-1.121,1.640108,-0.2257625081544717
5,1,184259.1242302016,-1.121,1.6397643,-0.22731949149021174
5,1,184264.1242309839,-1.121,1.6392107,-0.228876471852786
5,1,184269.1242317662,-1.121,1.6386952,-0.23043345116324557
5,1,184274.12423254852,-1.121,1.6383517,-0.23199043301037284
5,1,184279.12423333083,-1.121,1.6379699,-0.23354741443889007
5,1,184284.12423411314,-1.121,1.6374735,-0.23510439824583793
5,1,184289.12423489545,-1.121,1.6369199,-0.2366613811699748
5,1,184294.12423567777,-1.121,1.6366144,-0.23821836221567125
5,1,184299.12423646008,-1.121,1.6360608,-0.23977534016072746
5,1,184304.1242372424,-1.121,1.6356981,-0.24133231878301167
5,1,184309.1242380247,-1.121,1.6351826,-0.24288929815222818
5,1,184314.124238807,-1.121,1.6345145,-0.2444462810011572
5,1,184319.12423958932,-1.121,1.63419,-0.24600326359134247
5,1,184324.12424037163,-1.121,1.6337509,-0.24756024622006545
5,1,184329.12424115394,-1.121,1.6333119,-0.24911723045308057
5,1,184334.12424193625,-1.121,1.6327964,-0.2506742115471098
5,1,184339.12424271856,-1.121,1.6324337,-0.25223119316031534
5,1,184344.12424350088,-1.121,1.6319565,-0.25378817685896154
5,1,184349.1242442832,-1.121,1.6313646,-0.25534515811064507
5,1,184354.1242450655,-1.121,1.6308874,-0.2569021378099521
5,1,184359.1242458478,-1.121,1.6304101,-0.2584591202730536
5,1,184364.12424663012,-1.121,1.6300092,-0.2600161019534932
5,1,184369.12424741255,-1.121,1.629341,-0.2615730829614135
5,1,184374.12424819486,-1.121,1.6290165,-0.26313006315744575
5,1,184379.12424897717,-1.121,1.6284246,-0.26468704514253794
5,1,184384.12424975948,-1.121,1.6278138,-0.2662440289856592
5,1,184389.1242505418,-1.121,1.6273938,-0.26780100924090533
5,1,184394.1242513241,-1.121,1.6267829,-0.26935799045711084
5,1,184399.1242521064,-1.121,1.6261339,-0.27091497159953903
5,1,184404.12425288872,-1.121,1.6255994,-0.27247195349383346
5,1,184409.12425367103,-1.121,1.6251985,-0.27402893404695716
5,1,184414.12425445335,-1.121,1.6247402,-0.2755859199626776
5,1,184419.12425523566,-1.121,1.624053,-0.2771429046804308
5,1,184424.12425601797,-1.121,1.6236521,-0.27869988950037283
5,1,184429.12425680028,-1.121,1.6230794,-0.2802568756971358
5,1,184434.1242575826,-1.121,1.6224303,-0.28181386272861547
5,1,184439.1242583649,-1.121,1.6218958,-0.28337084734485535
5,1,184444.1242591472,-1.121,1.6214186,-0.2849278337335519
5,1,184449.12425992952,-1.121,1.6207504,-0.28648482148384374
5,1,184454.12426071183,-1.121,1.6200823,-0.28804180704645965
5,1,184459.12426149414,-1.121,1.6197004,-0.28959879288626367
5,1,184464.12426227645,-1.121,1.6190323,-0.29115577621975197
5,1,184469.12426305877,-1.121,1.6184596,-0.29271276380019706
5,1,184474.12426384108,-1.121,1.6177914,-0.29426975144530654
5,1,184479.1242646234,-1.121,1.6174477,-0.2958267386952571
5,1,184484.1242654057,-1.121,1.6167033,-0.29738372670800806
5,1,184489.124266188,-1.121,1.6160351,-0.2989407177135215
5,1,184494.12426697032,-1.121,1.6154242,-0.3004977073940104
5,1,184499.12426775263,-1.121,1.6147943,-0.3020546941843959
5,1,184504.12426853494,-1.121,1.6142788,-0.3036116829132503
5,1,184509.12426931725,-1.121,1.6137633,-0.3051686744383175
5,1,184514.12427009956,-1.121,1.6133243,-0.3067256633450653
5,1,184519.12427088188,-1.121,1.6124079,-0.3082826505370073
5,1,184524.1242716642,-1.121,1.6118543,-0.3098396355577375
5,1,184529.1242724465,-1.121,1.6112626,-0.3113966186995373
5,1,184534.1242732288,-1.121,1.610518,-0.31295359824422986
5,1,184539.12427401112,-1.121,1.6100025,-0.3145105832080112
5,1,184544.12427479343,-1.121,1.6092199,-0.316067568892161
5,1,184549.12427557574,-1.121,1.608628,-0.31762455572062726
5,1,184554.12427635805,-1.121,1.6078072,-0.319181546226667
5,1,184559.12427714036,-1.121,1.6072154,-0.3207385355434682
5,1,184564.12427792267,-1.121,1.6066235,-0.32229552304727493
5,1,184569.12427870499,-1.121,1.6058981,-0.3238525121468835
5,1,184574.1242794873,-1.121,1.6051918,-0.3254094958512518
5,1,184579.1242802696,-1.121,1.6045427,-0.32696648140019835
5,1,184584.12428105192,-1.121,1.6038746,-0.3285234658216436
5,1,184589.12428183423,-1.121,1.6031682,-0.33008045261725444
5,1,184594.12428261654,-1.121,1.6023474,-0.3316374358281691
5,1,184599.12428339885,-1.121,1.6016028,-0.33319441824550755
5,1,184604.12428418116,-1.121,1.6009538,-0.33475140289341737
5,1,184609.12428496347,-1.121,1.6001711,-0.336308388623476
5,1,184614.12428574578,-1.121,1.599522,-0.33786536976030135
5,1,184619.1242865281,-1.121,1.5987774,-0.3394223516618013
5,1,184624.1242873104,-1.121,1.5978802,-0.34097933748922077
5,1,184629.12428809272,-1.121,1.5973076,-0.3425363246747652
5,1,184634.12428887503,-1.121,1.5965439,-0.34409331251017244
5,1,184639.12428965734,-1.121,1.5958185,-0.3456503050859106
5,1,184644.12429043965,-1.121,1.5950167,-0.3472072994429402
5,1,184649.12429122196,-1.121,1.5943485,-0.3487642897176278
5,1,184654.12429200427,-1.121,1.5934894,-0.3503212789053254
5,1,184659.12429278658,-1.121,1.5927831,-0.3518782706001268
5,1,184664.1242935689,-1.121,1.5920959,-0.35343525949111243
5,1,184669.12429435097,-1.121,1.5912178,-0.3549922458958228
5,1,184674.12429513328,-1.121,1.590416,-0.3565492314887841
5,1,184679.1242959156,-1.121,1.5896332,-0.3581062140896386
5,1,184684.1242966979,-1.121,1.588755,-0.35966319999216656
5,1,184689.12429748022,-1.121,1.5879533,-0.36122018638237313
5,1,184694.12429826253,-1.121,1.5870751,-0.3627771728153626
5,1,184699.12429904484,-1.121,1.5863115,-0.36433415833504995
5,1,184704.12429982715,-1.121,1.5854524,-0.36589114266370404
5,1,184709.12430060946,-1.121,1.5844598,-0.36744812498178087
5,1,184714.12430139177,-1.121,1.583677,-0.3690051093772385
5,1,184719.12430217408,-1.121,1.5827607,-0.37056209185775124
5,1,184724.1243029564,-1.121,1.581978,-0.3721190762981971
5,1,184729.1243037387,-1.121,1.5808898,-0.3736760602880915
5,1,184734.124304521,-1.121,1.5801644,-0.3752330445759363
5,1,184739.12430530332,-1.121,1.5791718,-0.3767900295552678
5,1,184744.12430608564,-1.121,1.5781599,-0.3783470179812776
5,1,184749.12430686795,-1.121,1.5772818,-0.3799040028930638
5,1,184754.12430765026,-1.121,1.57627,-0.38146099190212623
5,1,184759.12430843257,-1.121,1.5754491,-0.38301797670714727
5,1,184764.12430921488,-1.121,1.5743991,-0.38457496260397966
5,1,184769.1243099972,-1.121,1.5735401,-0.3861319461522301
5,1,184774.1243107795,-1.121,1.5725856,-0.38768893271221055
5,1,184779.1243115618,-1.121,1.5715356,-0.38924591835754446
5,1,184784.12431234412,-1.121,1.5706192,-0.3908029047063854
5,1,184789.12431312643,-1.121,1.5696075,-0.39235988905660313
5,1,184794.12431390875,-1.121,1.5685194,-0.39391687439007894
5,1,184799.12431469106,-1.121,1.5674884,-0.39547385697125065
5,1,184804.12431547337,-1.121,1.566553,-0.3970308381709655
5,1,184809.12431625568,-1.121,1.565484,-0.398587818135043
5,1,184814.124317038,-1.121,1.5644913,-0.40014479741774667
5,1,184819.1243178203,-1.121,1.563365,-0.4017017771452401
5,1,184824.1243186026,-1.121,1.5622959,-0.4032587567812801
5,1,184829.12431938492,-1.121,1.5612459,-0.4048157353259458
5,1,184834.12432016723,-1.121,1.5603487,-0.40637271409030756
5,1,184839.12432094954,-1.121,1.5592606,-0.4079296954788698
5,1,184844.12432173186,-1.121,1.5579624,-0.40948667610339984
5,1,184849.12432251417,-1.121,1.5567788,-0.41104365580133595
5,1,184854.12432329648,-1.121,1.5558052,-0.41260063510102696
5,1,184859.1243240788,-1.121,1.5547743,-0.41415761672833895
5,1,184864.1243248611,-1.121,1.5535717,-0.41571459429934293
5,1,184869.1243256434,-1.121,1.5523117,-0.41727157424097594
5,1,184874.12432642572,-1.121,1.5510899,-0.4188285544958512
5,1,184879.12432720803,-1.121,1.5500208,-0.4203855354494651
5,1,184884.12432799034,-1.121,1.5487418,-0.4219425151617395
5,1,184889.12432877265,-1.121,1.5475963,-0.42349949518662033
5,1,184894.12432955496,-1.121,1.5463555,-0.42505647490633863
5,1,184899.12433033728,-1.121,1.5452292,-0.42661345288826363
5,1,184904.1243311196,-1.121,1.5441792,-0.4281704337031974
5,1,184909.1243319019,-1.121,1.5425947,-0.4297274117192295
5,1,184914.1243326842,-1.121,1.5413157,-0.4312843897160557
5,1,184919.12433346652,-1.121,1.5401703,-0.43284136654377653
5,1,184924.12433424883,-1.121,1.5388912,-0.4343983486315013
5,1,184929.12433503114,-1.121,1.5375549,-0.43595532996131325
5,1,184934.12433581345,-1.121,1.536314,-0.4375123076949584
5,1,184939.12433659576,-1.121,1.5350158,-0.43906928557767483
5,1,184944.12433737807,-1.121,1.533546,-0.44062626530406224
5,1,184949.12433816039,-1.121,1.5322096,-0.4421832493731712
5,1,184954.1243389427,-1.121,1.5309688,-0.44374023483801567
5,1,184959.124339725,-1.121,1.5297278,-0.44529721971560204
5,1,184964.12434050732,-1.121,1.5280861,-0.4468542042801912
5,1,184969.12434128963,-1.121,1.5269407,-0.44841118693369647
5,1,184974.12434207194,-1.121,1.5253371,-0.449968170825018
5,1,184979.12434285425,-1.121,1.5239626,-0.45152515215228683
5,1,184984.12434363656,-1.121,1.5224736,-0.45308213204624936
5,1,184989.12434441887,-1.121,1.5209081,-0.45463911118405415
5,1,184994.12434520118,-1.121,1.519591,-0.4561960906445386
5,1,184999.1243459835,-1.121,1.5178728,-0.4577530726613338
5,1,185004.1243467658,-1.121,1.5164793,-0.459310055097547
5,1,185009.12434754812,-1.121,1.5149902,-0.46086703691489184
5,1,185014.12434833043,-1.121,1.5135393,-0.4624240188418297
5,1,185019.12434911274,-1.121,1.5118593,-0.4639810001007585
5,1,185024.12434989505,-1.121,1.510294,-0.46553797948570397
5,1,185029.12435067736,-1.121,1.5086713,-0.46709496013845353
5,1,185034.12435145967,-1.121,1.5069722,-0.4686519397464661
5,1,185039.12435224198,-1.121,1.5053114,-0.4702089199443726
5,1,185044.1243530243,-1.121,1.5036696,-0.47176590353237935
5,1,185049.1243538066,-1.121,1.5020088,-0.4733228864894643
5,1,185054.12435458892,-1.121,1.5002525,-0.47487986826862905
5,1,185059.12435537123,-1.121,1.4986107,-0.4764368529390694
5,1,185064.12435615354,-1.121,1.4968735,-0.4779938379653296
5,1,185069.12435693585,-1.121,1.4950217,-0.47955082265334675
5,1,185074.12435771816,-1.121,1.4931699,-0.4811078103777238
5,1,185079.12435850047,-1.121,1.4914328,-0.48266480116017013
5,1,185084.12435928278,-1.121,1.4894855,-0.4842217832892141
5,1,185089.1243600651,-1.121,1.4875383,-0.48577876560804595
5,1,185094.1243608474,-1.121,1.4856865,-0.487335748933534
5,1,185099.1243616297,-1.121,1.4838157,-0.4888927355411783
5,1,185104.12436241203,-1.121,1.4818876,-0.49044971938383597
5,1,185109.12436319434,-1.121,1.4799976,-0.4920067048555747
5,1,185114.12436397665,-1.121,1.477974,-0.4935636892502906
5,1,185119.12436475896,-1.121,1.476046,-0.49512067286578837
5,1,185124.12436554127,-1.121,1.4738697,-0.49667765682485393
5,1,185129.12436632358,-1.121,1.4717506,-0.49823463929139267
5,1,185134.1243671059,-1.121,1.4696889,-0.49979162473393834
5,1,185139.1243678882,-1.121,1.4674362,-0.5013486054581539
5,1,185144.1243686705,-1.121,1.4653172,-0.5029055869182218
5,1,185149.12436945282,-1.121,1.4631218,-0.5044625663170751
5,1,185154.12437023513,-1.121,1.4608309,-0.5060195453313592
5,1,185159.12437101745,-1.121,1.4585593,-0.5075765260915163
5,1,185164.12437179976,-1.121,1.4561539,-0.5091335136873195
5,1,185169.12437258207,-1.121,1.4539967,-0.5106904994641347
5,1,185174.12437336438,-1.121,1.4515913,-0.512247485567676
5,1,185179.1243741467,-1.121,1.4491096,-0.513804473653224
5,1,185184.124374929,-1.121,1.4467232,-0.5153614571350418
5,1,185189.1243757113,-1.121,1.4442987,-0.5169184422867963
5,1,185194.12437649362,-1.121,1.4417789,-0.5184754291548599
5,1,185199.12437727593,-1.121,1.4391253,-0.5200324148925545
5,1,185204.12437805824,-1.121,1.4367199,-0.5215894006107716
5,1,185209.12437884056,-1.121,1.4340664,-0.5231463871203729
5,1,185214.12437962287,-1.121,1.431241,-0.524703370794111
5,1,185219.12438040518,-1.121,1.4286257,-0.5262603561657934
5,1,185224.1243811875,-1.121,1.4261057,-0.5278173389640386
5,1,185229.1243819698,-1.121,1.4232422,-0.5293743233254354
5,1,185234.1243827521,-1.121,1.4203595,-0.5309313103829689
5,1,185239.12438353442,-1.121,1.4173814,-0.5324882968549729
5,1,185244.12438431673,-1.121,1.4145179,-0.5340452813642423
5,1,185249.12438509904,-1.121,1.4113489,-0.535602266572045
5,1,185254.12438588135,-1.121,1.408409,-0.5371592529209588
5,1,185259.12438666367,-1.121,1.4052591,-0.5387162380223208
5,1,185264.12438744598,-1.121,1.4021474,-0.5402732234438989
5,1,185269.12438822782,-1.121,1.398902,-0.5418302136253383
5,1,185274.12438901013,-1.121,1.3955803,-0.5433872021174762
5,1,185279.12438979244,-1.121,1.3922396,-0.5449441935179432
5,1,185284.12439057475,-1.121,1.3889751,-0.546501180343171
5,1,185289.12439135707,-1.121,1.3854625,-0.5480581645460394
5,1,185294.12439213938,-1.121,1.381988,-0.5496151480527918
5,1,185299.1243929217,-1.121,1.3783036,-0.5511721331952942
5,1,185304.124393704,-1.121,1.374791,-0.5527291155161858
5,1,185309.1243944863,-1.121,1.3711448,-0.5542860963211788
5,1,185314.12439526862,-1.121,1.367403,-0.5558430805702275
5,1,185319.12439605093,-1.121,1.3635278,-0.5574000636130835
5,1,185324.12439683324,-1.121,1.359767,-0.558957049372706
5,1,185329.12439761555,-1.121,1.3558916,-0.5605140363177523
5,1,185334.12439839786,-1.121,1.3520163,-0.5620710234718983
5,1,185339.12439918017,-1.121,1.3478928,-0.5636280138244627
5,1,185344.1243999625,-1.121,1.3437884,-0.5651850053649675
5,1,185349.1244007448,-1.121,1.3395885,-0.5667419943764936
5,1,185354.1244015271,-1.121,1.3355986,-0.5682989785547983
5,1,185359.12440230942,-1.121,1.3310933,-0.569855964301619
5,1,185364.12440309173,-1.121,1.3266834,-0.5714129497338067
5,1,185369.12440387404,-1.121,1.3223691,-0.5729699364916547
5,1,185374.12440465635,-1.121,1.31815,-0.5745269239051605
5,1,185379.12440543866,-1.121,1.3136638,-0.5760839106753997
5,1,185384.12440622097,-1.121,1.309044,-0.5776408986825875
5,1,185389.12440700328,-1.121,1.3045769,-0.5791978874956367
5,1,185394.1244077856,-1.121,1.3000716,-0.5807548757903441
5,1,185399.1244085679,-1.121,1.2951845,-0.5823118595477871
5,1,185404.12440935022,-1.121,1.2903355,-0.583868844870342
5,1,185409.12441013253,-1.121,1.2856202,-0.5854258297369875
5,1,185414.12441091484,-1.121,1.2805423,-0.5869828162619999
5,1,185419.12441169715,-1.121,1.2755978,-0.58853980136717
5,1,185424.12441247946,-1.121,1.2705961,-0.5900967882371608
5,1,185429.12441326177,-1.121,1.2654608,-0.5916537739418412
5,1,185434.12441404408,-1.121,1.2604592,-0.5932107606391243
5,1,185439.1244148264,-1.121,1.2552285,-0.5947677454032498
5,1,185444.1244156087,-1.121,1.2498832,-0.5963247308535177
5,1,185449.12441639102,-1.121,1.2445761,-0.5978817154410149
5,1,185454.12441717333,-1.121,1.2392117,-0.5994386976804004
5,1,185459.12441795564,-1.121,1.233561,-0.6009956811424294
5,1,185464.12441873795,-1.121,1.2281394,-0.6025526640436119
5,1,185469.12441952026,-1.121,1.2223169,-0.6041096455302237
5,1,185474.12442030257,-1.121,1.216647,-0.6056666304461491
5,1,185479.12442108488,-1.121,1.2107862,-0.6072236173530153
5,1,185484.1244218672,-1.121,1.2050401,-0.6087806033223601
5,1,185488.43162254198,-1.121,1.2000003,-0.6101218530524173
5,1,185488.4318225421,-1.121,1.2000575,-0.610121915330496
5,2,185488.43262254214,1.121,1.2902342,1.2365214029947917e-07
5,2,185493.43262332492,1.121,1.4837394,0.0015569363733000227
5,2,185498.43262410723,1.121,1.5502881,0.0031137465307050282
5,2,185503.43262488954,1.121,1.6020801,0.004670556244598495
5,2,185508.43262567185,1.121,1.6468469,0.006227365998340978
5,2,185513.43262645416,1.121,1.6870319,0.0077841778620415265
5,2,185518.43262723647,1.121,1.7243344,0.009340988943861591
5,2,185523.43262801878,1.121,1.7594414,0.010897799216012161
5,2,185528.4326288011,1.121,1.7925059,0.01245460940842496
5,2,185533.4326295834,1.121,1.8243294,0.014011416514794033
5,2,185538.4326303657,1.121,1.8547211,0.015568223538325893
5,2,185543.43263114803,1.121,1.8836048,0.01712503172770474
5,2,185548.43263193034,1.121,1.9112475,0.018681836340626083
5,2,185553.43263271265,1.121,1.9377447,0.020238642864412733
5,2,185558.43263349496,1.121,1.9627912,0.02179545158360402
5,2,185563.43263427727,1.121,1.9862342,0.023352259113788607
5,2,185568.43263505958,1.121,2.0082643,0.02490906752704912
5,2,185573.4326358419,1.121,2.028882,0.026465874975118375
5,2,185578.4326366242,1.121,2.0479722,0.028022682732966216
5,2,185583.4326374065,1.121,2.0657454,0.029579491556644445
5,2,185588.43263818882,1.121,2.081934,0.03113629645619128
5,2,185593.43263897114,1.121,2.0970917,0.032693103760010674
5,2,185598.43263975345,1.121,2.1110847,0.03424991133734254
5,2,185603.43264053576,1.121,2.1239135,0.03580672007217011
5,2,185608.43264131807,1.121,2.1359594,0.03736352856536707
5,2,185613.43264210038,1.121,2.1469364,0.03892033916153512
5,2,185618.4326428827,1.121,2.1571496,0.040477143842491854
5,2,185623.432643665,1.121,2.1668284,0.04203394946669209
5,2,185628.4326444473,1.121,2.1758199,0.04359075697757139
5,2,185633.43264522962,1.121,2.1842196,0.045147565519664035
5,2,185638.43264601193,1.121,2.1919513,0.04670437699733179
5,2,185643.43264679424,1.121,2.19932,0.04826118659926787
5,2,185648.43264757656,1.121,2.206059,0.04981799602632392
5,2,185653.43264835887,1.121,2.2124734,0.05137480226469042
5,2,185658.43264914118,1.121,2.2186012,0.052931608195722124
5,2,185663.4326499235,1.121,2.2243857,0.05448841589977346
5,2,185668.4326507058,1.121,2.22996,0.056045223710238956
5,2,185673.4326514881,1.121,2.235019,0.05760203257650801
5,2,185678.43265227042,1.121,2.2399824,0.05915884056004553
5,2,185683.43265305273,1.121,2.2446978,0.060715649259547415
5,2,185688.43265383504,1.121,2.2491457,0.062272458997302604
5,2,185693.43265461735,1.121,2.2533839,0.06382926764829955
5,2,185698.43265539967,1.121,2.2576027,0.0653860737089846
5,2,185703.43265618198,1.121,2.2614782,0.06694287966555358
5,2,185708.4326569643,1.121,2.2651434,0.06849968948081468
5,2,185713.4326577466,1.121,2.2687516,0.07005650052314998
5,2,185718.4326585289,1.121,2.2723596,0.07161331107766762
5,2,185723.43265931122,1.121,2.275643,0.07317011905578111
5,2,185728.43266009353,1.121,2.2789648,0.07472692894877328
5,2,185733.43266087584,1.121,2.282191,0.07628373734056287
5,2,185738.43266165815,1.121,2.285322,0.07784054457871119
5,2,185743.43266244046,1.121,2.2882235,0.07939735665706131
5,2,185748.43266322277,1.121,2.291259,0.08095416712104611
5,2,185753.4326640051,1.121,2.2940462,0.08251097658391793
5,2,185758.4326647874,1.121,2.2970624,0.08406778404565651
5,2,185763.4326655697,1.121,2.2996206,0.0856245902452535
5,2,185768.43266635202,1.121,2.3023505,0.0871814013404846
5,2,185773.43266713433,1.121,2.3048513,0.08873821544224023
5,2,185778.43266791664,1.121,2.307505,0.09029502953014108
5,2,185783.43266869895,1.121,2.3101392,0.09185184046381711
5,2,185788.43266948126,1.121,2.3125827,0.09340864641316732
5,2,185793.43267026357,1.121,2.3151028,0.09496545016505321
5,2,185798.43267104588,1.121,2.3176036,0.09652225364604261
5,2,185803.4326718282,1.121,2.3199708,0.09807905628746748
5,2,185808.4326726105,1.121,2.3223188,0.09963586275155677
5,2,185813.43267339282,1.121,2.3248389,0.10119267206325795
5,2,185818.43267417513,1.121,2.3271105,0.10274948344589603
5,2,185823.43267495744,1.121,2.3294778,0.10430629221469825
5,2,185828.43267573975,1.121,2.3319213,0.10586310169914695
5,2,185833.43267652206,1.121,2.334212,0.10741991328126191
5,2,185838.43267730437,1.121,2.3364267,0.1089767228563494
5,2,185843.43267808668,1.121,2.3387556,0.11053353503789504
5,2,185848.432678869,1.121,2.3410847,0.1120903503681951
5,2,185853.4326796513,1.121,2.3433373,0.11364716038576761
5,2,185858.43268043362,1.121,2.3455708,0.11520397254323296
5,2,185863.43268121593,1.121,2.347938,0.11676078368206155
5,2,185868.43268199824,1.121,2.3501906,0.11831759246512252
5,2,185873.43268278055,1.121,2.3524816,0.11987440287309883
5,2,185878.43268356286,1.121,2.3547342,0.12143121372073225
5,2,185883.43268434517,1.121,2.3571014,0.12298802680326831
5,2,185888.43268512748,1.121,2.359564,0.12454483960668244
5,2,185893.4326859098,1.121,2.3617213,0.12610164948744243
5,2,185898.4326866921,1.121,2.364012,0.12765845806386736
5,2,185903.43268747441,1.121,2.3664365,0.1292152692841159
5,2,185908.43268825626,1.121,2.3687465,0.13077208103099797
5,2,185913.43268903857,1.121,2.3711138,0.1323288938903345
5,2,185918.43268982088,1.121,2.3733282,0.13388571126137178
5,2,185923.4326906032,1.121,2.3757336,0.1354425253706177
5,2,185928.4326913855,1.121,2.3780053,0.13699934009220202
5,2,185933.43269216781,1.121,2.3803153,0.13855615440468655
5,2,185938.43269295013,1.121,2.3827589,0.140112970737497
5,2,185943.43269373244,1.121,2.3852787,0.14166978378880024
5,2,185948.43269451475,1.121,2.3877413,0.14322659752864308
5,2,185953.43269529706,1.121,2.3900514,0.1447834134069946
5,2,185958.43269607937,1.121,2.392514,0.14634022829990917
5,2,185963.43269686168,1.121,2.3951483,0.147897046480808
5,2,185968.432697644,1.121,2.3976493,0.14945386491863596
5,2,185973.4326984263,1.121,2.4001691,0.15101068119218616
5,2,185978.4326992086,1.121,2.4025555,0.15256749677987233
5,2,185983.43269999092,1.121,2.4051516,0.15412431701376705
5,2,185988.43270077324,1.121,2.4078243,0.15568113656435412
5,2,185993.43270155555,1.121,2.4104779,0.15723795308015084
5,2,185998.43270233786,1.121,2.4130743,0.15879476998937134
5,2,186003.43270312017,1.121,2.4156513,0.1603515844889085
5,2,186008.43270390248,1.121,2.4181905,0.16190839880519448
5,2,186013.4327046848,1.121,2.4208248,0.16346521583865753
5,2,186018.4327054671,1.121,2.4236312,0.16502203269866444
5,2,186023.4327062494,1.121,2.4262846,0.16657884918111568
5,2,186028.43270703172,1.121,2.42911,0.1681356648498443
5,2,186033.43270781403,1.121,2.4320118,0.16969247942147658
5,2,186038.43270859635,1.121,2.43478,0.17124929525661475
5,2,186043.43270937866,1.121,2.437796,0.1728061114179625
5,2,186048.43271016097,1.121,2.440507,0.17436292661550318
5,2,186053.43271094328,1.121,2.4433131,0.17591974099483101
5,2,186058.4327117256,1.121,2.4462912,0.17747655583697566
5,2,186063.4327125079,1.121,2.4492311,0.1790333732871083
5,2,186068.4327132902,1.121,2.452171,0.18059019035694343
5,2,186073.43271407252,1.121,2.4553974,0.18214700640206213
5,2,186078.43271485483,1.121,2.4582417,0.1837038258004653
5,2,186083.43271563714,1.121,2.4613345,0.18526064717357035
5,2,186088.43271641945,1.121,2.464599,0.18681746648052674
5,2,186093.43271720177,1.121,2.4676533,0.18837428446584287
5,2,186098.43271798408,1.121,2.4708223,0.18993109948097345
5,2,186103.4327187664,1.121,2.473934,0.19148791586761352
5,2,186108.4327195487,1.121,2.477122,0.193044733955145
5,2,186113.432720331,1.121,2.4801192,0.1946015498287149
5,2,186118.43272111332,1.121,2.4836318,0.1961583654984038
5,2,186123.43272189563,1.121,2.4868772,0.1977151833935712
5,2,186128.43272267794,1.121,2.4899125,0.1992720026344194
5,2,186133.43272346025,1.121,2.4934635,0.20082881973935507
5,2,186138.43272424256,1.121,2.4964988,0.20238563450106656
5,2,186143.43272502488,1.121,2.4998968,0.20394244888535482
5,2,186148.4327258072,1.121,2.5031996,0.20549926604172927
5,2,186153.4327265895,1.121,2.5065784,0.20705608195694958
5,2,186158.4327273718,1.121,2.5099957,0.2086128971215951
5,2,186163.43272815412,1.121,2.5134127,0.21016971252130145
5,2,186168.43272893643,1.121,2.5167537,0.21172652865161506
5,2,186173.43272971874,1.121,2.5202854,0.21328334776254504
5,2,186178.43273050105,1.121,2.523588,0.21484016595217925
5,2,186183.43273128336,1.121,2.527196,0.21639697958907161
5,2,186188.43273206567,1.121,2.530346,0.2179537921055887
5,2,186193.43273284798,1.121,2.5338204,0.2195106064304048
5,2,186198.4327336303,1.121,2.5369701,0.2210674257392288
5,2,186203.4327344126,1.121,2.540521,0.2226242439575461
5,2,186208.43273519492,1.121,2.5437472,0.2241810604815219
5,2,186213.43273597723,1.121,2.5471454,0.22573787615160817
5,2,186218.43273675954,1.121,2.5503526,0.22729469132049224
5,2,186223.43273754185,1.121,2.553827,0.22885150683493755
5,2,186228.43273832416,1.121,2.5569768,0.23040832575253653
5,2,186233.43273910647,1.121,2.560165,0.23196514640710097
5,2,186238.43273988878,1.121,2.5634484,0.23352196740470338
5,2,186243.4327406711,1.121,2.566541,0.23507878713836944
5,2,186248.4327414534,1.121,2.569882,0.2366356089771391
5,2,186253.43274223572,1.121,2.57307,0.23819242884353806
5,2,186258.43274301803,1.121,2.5759907,0.2397492476463915
5,2,186263.43274380034,1.121,2.5791216,0.2413060646682449
5,2,186268.43274458265,1.121,2.5819852,0.2428628818059631
5,2,186273.43274536496,1.121,2.5848486,0.24441969866521504
5,2,186278.43274614727,1.121,2.5877123,0.2459765128489734
5,2,186283.43274692958,1.121,2.5907094,0.24753332502761827
5,2,186288.4327477119,1.121,2.5932865,0.24909013395733978
5,2,186293.4327484942,1.121,2.5962837,0.2506469477216139
5,2,186298.43274927652,1.121,2.5988038,0.25220376176212905
5,2,186303.43275005883,1.121,2.6014762,0.25376057528859386
5,2,186308.43275084114,1.121,2.6038625,0.2553173876527019
5,2,186313.43275162345,1.121,2.606478,0.2568741992082729
5,2,186318.43275240576,1.121,2.6087687,0.2584310117388965
5,2,186323.43275318807,1.121,2.6112316,0.25998782404965176
5,2,186328.43275397038,1.121,2.6136177,0.2615446342705887
5,2,186333.4327547527,1.121,2.6159086,0.263101442793482
5,2,186338.432755535,1.121,2.618123,0.2646582565068008
5,2,186343.4327563173,1.121,2.620242,0.26621507322965743
5,2,186348.43275709962,1.121,2.6224184,0.26777189007782953
5,2,186353.43275788194,1.121,2.6247091,0.26932870522298435
5,2,186358.43275866425,1.121,2.6266947,0.27088551704722663
5,2,186363.43275944656,1.121,2.6287372,0.2724423307896921
5,2,186368.43276022887,1.121,2.630761,0.27399914646972573
5,2,186373.43276101118,1.121,2.6325552,0.27555596401646426
5,2,186378.4327617935,1.121,2.634426,0.2771127834061519
5,2,186383.4327625758,1.121,2.6365833,0.27866959819278475
5,2,186388.4327633581,1.121,2.6383207,0.280226413373954
5,2,186393.43276414042,1.121,2.6400387,0.2817832303376134
5,2,186398.43276492273,1.121,2.6419287,0.2833400455241007
5,2,186403.43276570505,1.121,2.6434367,0.28489686105317563
5,2,186408.43276648736,1.121,2.6452122,0.28645367523371534
5,2,186413.43276726967,1.121,2.6467013,0.28801048623481085
5,2,186418.43276805198,1.121,2.6483622,0.28956729946561677
5,2,186423.4327688343,1.121,2.6496985,0.29112411161523416
5,2,186428.4327696166,1.121,2.6514165,0.29268092159889164
5,2,186433.4327703989,1.121,2.65281,0.294237734418558
5,2,186438.43277118122,1.121,2.65449,0.2957945449336505
5,2,186443.43277196353,1.121,2.6558454,0.2973513584934608
5,2,186448.43277274584,1.121,2.657449,0.2989081721623807
5,2,186453.43277352815,1.121,2.6587663,0.30046498723630133
5,2,186458.43277431047,1.121,2.6600454,0.3020217995254201
5,2,186463.43277509278,1.121,2.6615725,0.303578610103561
5,2,186468.4327758751,1.121,2.6628134,0.30513541799461197
5,2,186473.4327766574,1.121,2.6641307,0.3066922270484039
5,2,186478.4327774397,1.121,2.6654098,0.3082490366152792
5,2,186483.43277822202,1.121,2.6668987,0.30980584732539146
5,2,186488.43277900433,1.121,2.668216,0.31136265686392806
5,2,186493.43277978664,1.121,2.6695714,0.31291946333143467
5,2,186498.43278056895,1.121,2.671003,0.31447626853611094
5,2,186503.43278135126,1.121,2.6721294,0.31603307556915305
5,2,186508.43278213358,1.121,2.6734657,0.3175898814836809
5,2,186513.4327829159,1.121,2.6748977,0.3191466879453396
5,2,186518.4327836982,1.121,2.6761384,0.32070349212190863
5,2,186523.4327844805,1.121,2.6774747,0.3222602965333928
5,2,186528.43278526282,1.121,2.6785438,0.3238171021936869
5,2,186533.43278604513,1.121,2.6797848,0.3253739105107058
5,2,186538.43278682744,1.121,2.6810446,0.32693071555605224
5,2,186543.43278760975,1.121,2.6822093,0.3284875172697904
5,2,186548.43278839206,1.121,2.6835456,0.3300443213046328
5,2,186553.43278917437,1.121,2.6847863,0.3316011231215201
5,2,186558.43278995669,1.121,2.6859126,0.3331579275656676
5,2,186563.432790739,1.121,2.6870773,0.33471473053860684
5,2,186568.4327915213,1.121,2.6882608,0.33627153415287225
5,2,186573.43279230362,1.121,2.689578,0.33782834186805644
5,2,186578.43279308593,1.121,2.6907234,0.339385150337895
5,2,186583.43279386824,1.121,2.6918116,0.34094195867878224
5,2,186588.43279465055,1.121,2.692957,0.34249876430927406
5,2,186593.43279543286,1.121,2.694217,0.3440555752014454
5,2,186598.43279621517,1.121,2.695305,0.34561238645623815
5,2,186603.43279699748,1.121,2.6964123,0.3471691959848009
5,2,186608.4327977798,1.121,2.6976342,0.34872600687340255
5,2,186613.4327985621,1.121,2.6987033,0.35028281839411146
5,2,186618.43279934442,1.121,2.6998105,0.35183962895941756
5,2,186623.43280012673,1.121,2.7008796,0.35339643963138284
5,2,186628.43280090904,1.121,2.702025,0.354953250748926
5,2,186633.43280169135,1.121,2.703075,0.35651006326872137
5,2,186638.43280247366,1.121,2.7040484,0.35806687761102807
5,2,186643.43280325597,1.121,2.7053657,0.3596236948555512
5,2,186648.43280403828,1.121,2.7064538,0.36118050706964094
5,2,186653.4328048206,1.121,2.7075229,0.36273731756673283
5,2,186658.4328056029,1.121,2.7086873,0.36429413104087804
5,2,186663.43280638522,1.121,2.7098138,0.3658509458420677
5,2,186668.43280716753,1.121,2.7111118,0.36740775954304167
5,2,186673.43280794984,1.121,2.7121809,0.3689645775195032
5,2,186678.43280873215,1.121,2.7133074,0.3705213971724645
5,2,186683.43280951446,1.121,2.714338,0.3720782162385453
5,2,186688.43281029677,1.121,2.715579,0.3736350322566764
5,2,186693.43281107908,1.121,2.7166862,0.3751918462113741
5,2,186698.4328118614,1.121,2.717679,0.37674865936114416
5,2,186703.4328126437,1.121,2.718958,0.3783054693938827
5,2,186708.432813426,1.121,2.7198744,0.37986228022868124
5,2,186713.43281420832,1.121,2.721077,0.381419092630572
5,2,186718.43281499064,1.121,2.7222607,0.3829759034419062
5,2,186723.43281577295,1.121,2.723387,0.3845327160504926
5,2,186728.43281655526,1.121,2.7247615,0.3860895273164248
5,2,186733.43281733757,1.121,2.7256968,0.38764633093849843
5,2,186738.43281811988,1.121,2.7268806,0.3892031336128515
5,2,186743.4328189022,1.121,2.7279878,0.39075993911733914
5,2,186748.4328196845,1.121,2.728885,0.3923167462894389
5,2,186753.4328204668,1.121,2.7301831,0.3938735541970732
5,2,186758.43282124912,1.121,2.7314048,0.3954303623302051
5,2,186763.43282203143,1.121,2.7325504,0.3969871713876925
5,2,186768.43282281375,1.121,2.7335048,0.3985439791376924
5,2,186773.43282359606,1.121,2.734784,0.4001007898751433
5,2,186778.43282437837,1.121,2.7361202,0.40165760096481795
5,2,186783.43282516068,1.121,2.7371702,0.40321441416194725
5,2,186788.432825943,1.121,2.7382393,0.40477122541687244
5,2,186793.4328267253,1.121,2.7394228,0.4063280352659824
5,2,186798.4328275076,1.121,2.74074,0.4078848476186066
5,2,186803.43282828992,1.121,2.742,0.4094416571641898
5,2,186808.43282907223,1.121,2.7431264,0.4109984668968587
5,2,186813.43282985454,1.121,2.7444053,0.4125552771045568
5,2,186818.43283063686,1.121,2.7456272,0.41411208560856205
5,2,186823.43283141917,1.121,2.7469063,0.4156688923599921
5,2,186828.43283220148,1.121,2.748166,0.4172256983983519
5,2,186833.4328329838,1.121,2.749388,0.4187825015032426
5,2,186838.4328337661,1.121,2.7505524,0.4203393031669592
5,2,186843.4328345484,1.121,2.7517934,0.42189610758439056
5,2,186848.43283533072,1.121,2.7531297,0.42345291205799596
5,2,186853.43283611303,1.121,2.754275,0.42500971580513336
5,2,186858.43283689534,1.121,2.7554395,0.42656651693899117
5,2,186863.43283767765,1.121,2.756795,0.42812331931523495
5,2,186868.43283845996,1.121,2.7578068,0.42968012180998605
5,2,186873.43283924228,1.121,2.7590668,0.4312369257517392
5,2,186878.4328400246,1.121,2.760403,0.43279373160282125
5,2,186883.4328408069,1.121,2.7617586,0.4343505372250214
5,2,186888.4328415892,1.121,2.763114,0.43590733886510813
5,2,186893.43284237152,1.121,2.7645457,0.43746414741410167
5,2,186898.43284315383,1.121,2.7657483,0.43902095902799915
5,2,186903.43284393614,1.121,2.7668936,0.44057776995837045
5,2,186908.43284471845,1.121,2.768249,0.4421345775925188
5,2,186913.43284550076,1.121,2.7695663,0.44369138587910617
5,2,186918.43284628307,1.121,2.7708263,0.4452481934995454
5,2,186923.43284706539,1.121,2.7721436,0.44680500469864753
5,2,186928.4328478477,1.121,2.773518,0.448361814430131
5,2,186933.43284863,1.121,2.7748735,0.4499186225852041
5,2,186938.43284941232,1.121,2.7760952,0.4514754276862014
5,2,186943.43285019463,1.121,2.7775843,0.45303222986920033
5,2,186948.43285097694,1.121,2.778997,0.454589035593894
5,2,186953.43285175925,1.121,2.7803524,0.45614583916524404
5,2,186958.43285254156,1.121,2.781784,0.45770264109828757
5,2,186963.43285332387,1.121,2.783044,0.459259444570376
5,2,186968.43285410618,1.121,2.7843995,0.4608162446207406
5,2,186973.4328548885,1.121,2.7858887,0.46237304887080877
5,2,186978.4328556708,1.121,2.787244,0.46392985102142914
5,2,186983.43285645312,1.121,2.788714,0.4654866512673831
5,2,186988.43285723543,1.121,2.7901838,0.46704345371168215
5,2,186993.43285801774,1.121,2.791482,0.4686002541388408
5,2,186998.43285880005,1.121,2.7928948,0.47015705557746384
5,2,187003.43285958236,1.121,2.7943838,0.4717138551906814
5,2,187008.43286036467,1.121,2.7957582,0.4732706546567549
5,2,187013.43286114698,1.121,2.7970755,0.47482746280269517
5,2,187018.4328619293,1.121,2.7986028,0.47638426878292717
5,2,187023.4328627116,1.121,2.8000536,0.47794107501896244
5,2,187028.43286349392,1.121,2.801619,0.47949787930677357
5,2,187033.43286427623,1.121,2.8030698,0.4810546821797956
5,2,187038.43286505854,1.121,2.804387,0.4826114882827403
5,2,187043.43286584085,1.121,2.806048,0.4841682961426909
5,2,187048.43286662316,1.121,2.8074033,0.4857251063069504
5,2,187053.43286740547,1.121,2.808854,0.4872819180279773
5,2,187058.43286818778,1.121,2.810496,0.48883872765709974
5,2,187063.4328689701,1.121,2.8121378,0.4903955364961427
5,2,187068.4328697524,1.121,2.8135886,0.49195234487436895
5,2,187073.4328705347,1.121,2.8150012,0.4935091571618784
5,2,187078.43287131703,1.121,2.8165667,0.49506596669211006
5,2,187083.43287209934,1.121,2.818094,0.4966227801238168
5,2,187088.43287288165,1.121,2.8197358,0.498179590477076
5,2,187093.43287366396,1.121,2.8212628,0.49973639962539423
5,2,187098.43287444627,1.121,2.8230956,0.5012932095665006
5,2,187103.43287522858,1.121,2.8243937,0.5028500207153229
5,2,187108.4328760109,1.121,2.8262074,0.5044068324642117
5,2,187113.4328767932,1.121,2.8276772,0.5059636443330581
5,2,187118.4328775755,1.121,2.8292046,0.5075204534924098
5,2,187123.43287835782,1.121,2.8309608,0.5090772642013234
5,2,187128.43287914013,1.121,2.8324115,0.5106340729018451
5,2,187133.43287992245,1.121,2.834149,0.5121908826798268
5,2,187138.43288070476,1.121,2.8357143,0.5137476938647033
5,2,187143.43288148707,1.121,2.8373942,0.5153045034045115
5,2,187148.43288226938,1.121,2.8390932,0.5168613120421041
5,2,187153.4328830517,1.121,2.840754,0.518418123328229
5,2,187158.432883834,1.121,2.8423958,0.5199749339774716
5,2,187163.4328846163,1.121,2.844076,0.5215317441644605
5,2,187168.43288539862,1.121,2.8457558,0.5230885482851004
5,2,187173.43288618093,1.121,2.8472447,0.5246453579915102
5,2,187178.43288696324,1.121,2.8490393,0.5262021682098577
5,2,187183.4328877451,1.121,2.8507955,0.527758976713949
5,2,187188.4328885274,1.121,2.8524373,0.5293157849727937
5,2,187193.4328893097,1.121,2.85427,0.5308725929936768
5,2,187198.43289009202,1.121,2.8561409,0.5324294010426868
5,2,187203.43289087433,1.121,2.8579354,0.5339862101343541
5,2,187208.43289165664,1.121,2.8595963,0.5355430192382072
5,2,187213.43289243896,1.121,2.8616772,0.5370998263146018
5,2,187218.43289322127,1.121,2.863166,0.5386566353842883
5,2,187223.43289400358,1.121,2.8651898,0.5402134464465647
5,2,187228.4328947859,1.121,2.8667932,0.5417702596053218
5,2,187233.4328955682,1.121,2.8687978,0.5433270714679825
5,2,187238.4328963505,1.121,2.8704967,0.5448838804682627
5,2,187243.43289713282,1.121,2.8721957,0.5464406898507147
5,2,187248.43289791513,1.121,2.874124,0.5479974999598929
5,2,187253.43289869744,1.121,2.8760903,0.5495543080913228
5,2,187258.43289947975,1.121,2.8780947,0.5511111183637052
5,2,187263.43290026207,1.121,2.8800037,0.5526679291624165
5,2,187268.43290104438,1.121,2.8819509,0.554224739930438
5,2,187273.4329018267,1.121,2.8839936,0.5557815503638787
5,2,187278.432902609,1.121,2.8859408,0.5573383608723947
5,2,187283.4329033913,1.121,2.8881361,0.5588951729238301
5,2,187288.43290417362,1.121,2.8903315,0.5604519878391295
5,2,187293.43290495593,1.121,2.8923743,0.5620088029187457
5,2,187298.43290573824,1.121,2.8948178,0.5635656130974428
5,2,187303.43290652055,1.121,2.8968606,0.5651224242482851
5,2,187308.43290730286,1.121,2.899552,0.5666792328126632
5,2,187313.43290808517,1.121,2.901824,0.5682360389298071
5,2,187318.4329088675,1.121,2.9044967,0.5697928433169726
5,2,187323.4329096498,1.121,2.9071693,0.5713496497599088
5,2,187328.4329104321,1.121,2.9097273,0.5729064557447701
5,2,187333.43291121442,1.121,2.9126673,0.5744632638858228
5,2,187338.43291199673,1.121,2.9157598,0.5760200733427541
5,2,187343.43291277904,1.121,2.9188526,0.5775768853741755
5,2,187348.43291356135,1.121,2.9220788,0.5791336984243065
5,2,187353.43291434366,1.121,2.925553,0.5806905111973487
5,2,187358.43291512597,1.121,2.9292185,0.582247324675494
5,2,187363.43291590828,1.121,2.9329221,0.583804139134394
5,2,187368.4329166906,1.121,2.937332,0.5853609545467696
5,2,187373.4329174729,1.121,2.9417417,0.5869177713658547
5,2,187378.43291825522,1.121,2.9463234,0.5884745876633063
5,2,187383.43291903753,1.121,2.9511914,0.590031406384263
5,2,187388.43291981984,1.121,2.9564223,0.5915882261746197
5,2,187393.43292060215,1.121,2.9615383,0.5931450417395435
5,2,187398.43292138446,1.121,2.96738,0.5947018577138652
5,2,187403.43292216677,1.121,2.9730499,0.5962586755399774
5,2,187408.43292294908,1.121,2.978987,0.5978154898075266
5,2,187413.4329237314,1.121,2.9851148,0.5993723073698948
5,2,187418.4329245137,1.121,2.9909375,0.6009291209402352
5,2,187423.43292529602,1.121,2.9969127,0.6024859337799552
5,2,187425.93932568654,1.121,3.0000627,0.603266335196502
5,2,187425.93952568644,1.121,3.0000246,0.603266397472819
