cycle_number,half_cycle,time_s,current_mA,voltage_V,capacity_mAh
0,0,115318.33323484613,0.0,2.9599805,0.0
0,0,115319.33323461143,0.0,2.908372,0.0
0,0,115320.33323437674,0.0,2.8920307,0.0
0,0,115321.33323413832,0.0,2.8805192,0.0
0,0,115322.3332338999,0.0,2.8713558,0.0
0,0,115323.33323366148,0.0,2.8635478,0.0
0,0,115324.33323342307,0.0,2.8564463,0.0
0,0,115325.33323318465,0.0,2.850261,0.0
0,0,115326.33323294623,0.0,2.8445911,0.0
0,0,115327.33323270781,0.0,2.839265,0.0
1,1,115328.28503248072,-0.5605,2.8341107,0.0
1,1,115328.28543248051,-0.5605,2.8071575,-6.209639377064174e-08
1,1,115333.28543128842,-0.5605,2.5161426,-0.0007787461402383116
1,1,115338.28543009632,-0.5605,2.4111078,-0.0015574338330328465
1,1,115343.28542890423,-0.5605,2.3238842,-0.0023361205093595716
1,1,115348.28542771819,-0.5605,2.2495468,-0.0031148094290925398
1,1,115353.28542654472,-0.5605,2.1848307,-0.003893497811804215
1,1,115358.28542537126,-0.5605,2.1284952,-0.004672188503828313
1,1,115363.28542419779,-0.5605,2.080063,-0.005450881172256337
1,1,115368.28542302432,-0.5605,2.037988,-0.006229571432146761
1,1,115373.28542185039,-0.5605,2.0008383,-0.007008264369249343
1,1,115378.2854206583,-0.5605,1.9674875,-0.007786954844103918
1,1,115383.2854194662,-0.5605,1.9369621,-0.008565644772443506
1,1,115388.28541827411,-0.5605,1.9091666,-0.009344337314804394
1,1,115393.28541708202,-0.5605,1.8840438,-0.010123027196447053
1,1,115398.28541588993,-0.5605,1.8613454,-0.010901719790567952
1,1,115403.28541471227,-0.5605,1.8410333,-0.011680412932213807
1,1,115408.2854135388,-0.5605,1.8232412,-0.012459107984638874
1,1,115413.28541236534,-0.5605,1.8078163,-0.013237802670945722
1,1,115418.28541119187,-0.5605,1.7950639,-0.01401649631981717
1,1,115423.2854100184,-0.5605,1.7845069,-0.014795188509262269
1,1,115428.28540883656,-0.5605,1.77626,-0.015573879835347334
1,1,115433.28540764446,-0.5605,1.7698075,-0.016352570078998804
1,1,115438.28540645237,-0.5605,1.7650731,-0.01713126268839505
1,1,115443.28540526028,-0.5605,1.7618277,-0.017909952091674012
1,1,115448.28540406819,-0.5605,1.7594414,-0.018688642750140694
1,1,115453.28540288028,-0.5605,1.7579714,-0.01946733220221599
1,1,115458.28540170682,-0.5605,1.7569597,-0.020246024266276096
1,1,115463.28540053335,-0.5605,1.7565206,-0.021024717499951523
1,1,115468.28539935988,-0.5605,1.7563297,-0.021803408544825185
1,1,115473.28539818642,-0.5605,1.7566543,-0.02258209898511238
1,1,115478.28539701295,-0.5605,1.7567879,-0.023360791546636162
1,1,115483.28539582319,-0.5605,1.7568833,-0.02413948535491692
1,1,115488.2853946311,-0.5605,1.7573224,-0.024918178148256413
1,1,115493.285393439,-0.5605,1.7575897,-0.0256968718998664
1,1,115498.28539224691,-0.5605,1.7580097,-0.026475565562837658
1,1,115503.28539105481,-0.5605,1.7583151,-0.02725426152907478
1,1,115508.28538987483,-0.5605,1.7587541,-0.02803295730055041
1,1,115513.28538870136,-0.5605,1.752378,-0.028811654421620904
1,1,115518.2853875279,-0.5605,1.7532753,-0.029590352241343928
1,1,115523.28538635443,-0.5605,1.7544016,-0.03036905025150379
1,1,115528.28538518096,-0.5605,1.7554897,-0.031147746263603376
1,1,115533.28538400191,-0.5605,1.7558525,-0.031926441287659944
1,1,115538.28538280982,-0.5605,1.7564061,-0.03270513357848592
1,1,115543.28538161772,-0.5605,1.7565969,-0.03348382622509533
1,1,115548.28538042563,-0.5605,1.7579142,-0.034262515909976435
1,1,115553.28537923354,-0.5605,1.759346,-0.03504120759879219
1,1,115558.28537804284,-0.5605,1.7617896,-0.03581989863452978
1,1,115563.28537686937,-0.5605,1.7621522,-0.03659859086937375
1,1,115568.28537569591,-0.5605,1.7623241,-0.037377286096251676
1,1,115573.28537452244,-0.5605,1.7625914,-0.03815598090298308
1,1,115578.28537334898,-0.5605,1.7627631,-0.03893467391761475
1,1,115583.28537217551,-0.5605,1.7629349,-0.03971336482044723
1,1,115588.28537098807,-0.5605,1.7632213,-0.0404920560486118
1,1,115593.28536979598,-0.5605,1.7632977,-0.04127074988190333
1,1,115598.28536860389,-0.5605,1.7633168,-0.04204944231064783
1,1,115603.2853674118,-0.5605,1.7637177,-0.042828130610171294
1,1,115608.2853662197,-0.5605,1.7637367,-0.04360681958484981
1,1,115613.28536503692,-0.5605,1.7639849,-0.044385510355174546
1,1,115618.28536386346,-0.5605,1.7640995,-0.04516420152660543
1,1,115623.28536268999,-0.5605,1.7642522,-0.045942894576102504
1,1,115628.28536151652,-0.5605,1.7642713,-0.04672158541403546
1,1,115633.28536034306,-0.5605,1.7645004,-0.047500277642935525
1,1,115638.28535916633,-0.5605,1.7645576,-0.04827897064938149
1,1,115643.28535797424,-0.5605,1.7647676,-0.04905766379346451
1,1,115648.28535678214,-0.5605,1.7648058,-0.049836355383823326
1,1,115653.28535558982,-0.5605,1.7647486,-0.05061504286891554
1,1,115658.28535439773,-0.5605,1.7649394,-0.051393730543209455
1,1,115663.28535320563,-0.5605,1.7649204,-0.052172419259213745
1,1,115668.28535203123,-0.5605,1.7650157,-0.052951106291131846
1,1,115673.28535085777,-0.5605,1.7653213,-0.053729791323602206
1,1,115678.2853496843,-0.5605,1.7652258,-0.05450847934967942
1,1,115683.28534851084,-0.5605,1.7653213,-0.055287164764434106
1,1,115688.28534733737,-0.5605,1.7654358,-0.056065850148757305
1,1,115693.28534615273,-0.5605,1.765493,-0.05684453309514457
1,1,115698.28534496063,-0.5605,1.7656457,-0.05762321739084854
1,1,115703.28534376854,-0.5605,1.7655121,-0.05840190316715175
1,1,115708.28534257645,-0.5605,1.7656839,-0.05918058808848593
1,1,115713.28534138435,-0.5605,1.7655885,-0.059959274679723715
1,1,115718.28534019925,-0.5605,1.7656839,-0.06073796343646447
1,1,115723.28533902578,-0.5605,1.7657031,-0.06151665027199851
1,1,115728.28533785231,-0.5605,1.7656076,-0.06229533647118674
1,1,115733.28533667885,-0.5605,1.7657984,-0.06307402011731598
1,1,115738.28533550538,-0.5605,1.7657222,-0.06385270386474994
1,1,115743.28533433145,-0.5605,1.7658939,-0.06463138677372204
1,1,115748.28533313936,-0.5605,1.7658367,-0.06541006596040726
1,1,115753.28533194726,-0.5605,1.7658558,-0.0661887469764716
1,1,115758.28533075517,-0.5605,1.7659512,-0.06696743157549367
1,1,115763.28532956308,-0.5605,1.7660085,-0.06774611647466156
1,1,115768.28532837098,-0.5605,1.765913,-0.0685248007280992
1,1,115773.2853271938,-0.5605,1.7660848,-0.06930348313177956
1,1,115778.28532602033,-0.5605,1.7659512,-0.07008216549022991
1,1,115783.28532484686,-0.5605,1.7660085,-0.07086084879651995
1,1,115788.2853236734,-0.5605,1.766104,-0.07163953066855668
1,1,115793.28532249993,-0.5605,1.766123,-0.07241821145525573
1,1,115798.28532131808,-0.5605,1.7660657,-0.07319689360909327
1,1,115803.28532012599,-0.5605,1.7659703,-0.07397557429264981
1,1,115808.2853189339,-0.5605,1.7661421,-0.07475425902103051
1,1,115813.2853177418,-0.5605,1.7660466,-0.07553294231037297
1,1,115818.2853165497,-0.5605,1.7660848,-0.07631162451471221
1,1,115823.2853153618,-0.5605,1.7660276,-0.0770903082551956
1,1,115828.28531418834,-0.5605,1.7660466,-0.0778689910963939
1,1,115833.28531301487,-0.5605,1.7660085,-0.07864767497078576
1,1,115838.2853118414,-0.5605,1.7658749,-0.07942636198440192
1,1,115843.28531066794,-0.5605,1.766104,-0.08020504784644641
1,1,115848.28530949447,-0.5605,1.7660657,-0.08098373453831671
1,1,115853.28530830471,-0.5605,1.7660657,-0.08176242353891
1,1,115858.28530711262,-0.5605,1.7658939,-0.08254110981997846
1,1,115863.28530592052,-0.5605,1.7659321,-0.08331979554196198
1,1,115868.28530472843,-0.5605,1.7659703,-0.08409848200046353
1,1,115873.28530353634,-0.5605,1.7659321,-0.08487717068740062
1,1,115878.28530235635,-0.5605,1.7660276,-0.08565585672373241
1,1,115883.28530118288,-0.5605,1.7659512,-0.08643454195769627
1,1,115888.28530000942,-0.5605,1.7660848,-0.08721322720989916
1,1,115893.28529883595,-0.5605,1.7658367,-0.08799191258056627
1,1,115898.28529766249,-0.5605,1.7660085,-0.08877059749930102
1,1,115903.2852964825,-0.5605,1.7658939,-0.08954928368923729
1,1,115908.2852952904,-0.5605,1.7657794,-0.09032796863938701
1,1,115913.28529409831,-0.5605,1.7657603,-0.09110665569719008
1,1,115918.28529290622,-0.5605,1.7657412,-0.09188534165479406
1,1,115923.28529171413,-0.5605,1.7657222,-0.09266402772825955
1,1,115928.28529052343,-0.5605,1.7658175,-0.09344271535661815
1,1,115933.28528934997,-0.5605,1.7656648,-0.09422140573291313
1,1,115938.2852881765,-0.5605,1.7656839,-0.09500010059528878
1,1,115943.28528700303,-0.5605,1.7656267,-0.09577879664842948
1,1,115948.28528582957,-0.5605,1.7657603,-0.09655748875455722
1,1,115953.2852846561,-0.5605,1.7655312,-0.09733618103891278
1,1,115958.2852834682,-0.5605,1.7656076,-0.09811487437533337
1,1,115963.2852822761,-0.5605,1.765474,-0.09889356671773392
1,1,115968.28528108401,-0.5605,1.7655312,-0.09967226297258998
1,1,115973.28527989192,-0.5605,1.7654166,-0.1004509581347803
1,1,115978.28527869983,-0.5605,1.7654358,-0.10122965126877027
1,1,115983.28527751751,-0.5605,1.7653975,-0.10200834437846804
1,1,115988.28527634405,-0.5605,1.7653213,-0.1027870375248657
1,1,115993.28527517058,-0.5605,1.7651876,-0.10356573003187773
1,1,115998.28527399711,-0.5605,1.7652448,-0.1043444250024888
1,1,116003.28527282365,-0.5605,1.7651876,-0.10512312054689062
1,1,116008.28527164645,-0.5605,1.7651876,-0.1059018147099912
1,1,116013.28527045436,-0.5605,1.7651112,-0.1066805101625257
1,1,116018.28526926227,-0.5605,1.7651303,-0.10745920397975046
1,1,116023.28526807018,-0.5605,1.765054,-0.10823789628225233
1,1,116028.28526687808,-0.5605,1.7649966,-0.10901658687470688
1,1,116033.28526568599,-0.5605,1.7648249,-0.10979527951586578
1,1,116038.28526451159,-0.5605,1.7649776,-0.11057397344628969
1,1,116043.28526333813,-0.5605,1.7648058,-0.11135267132013042
1,1,116048.28526216466,-0.5605,1.7647676,-0.1121313700958689
1,1,116053.2852609912,-0.5605,1.764863,-0.11291006707131862
1,1,116058.28525981773,-0.5605,1.7646722,-0.11368876185735398
1,1,116063.28525863262,-0.5605,1.7646912,-0.1144674561022785
1,1,116068.28525744053,-0.5605,1.7646149,-0.11524614998651876
1,1,116073.28525624843,-0.5605,1.7646531,-0.11602484728424749
1,1,116078.28525505634,-0.5605,1.7645576,-0.11680354216249784
1,1,116083.28525386425,-0.5605,1.7645195,-0.11758223881740704
1,1,116088.28525267914,-0.5605,1.7644813,-0.11836093433953657
1,1,116093.28525150567,-0.5605,1.7644621,-0.11913962828932538
1,1,116098.2852503322,-0.5605,1.7643094,-0.11991832154692214
1,1,116103.28524915874,-0.5605,1.7642713,-0.12069701955269113
1,1,116108.28524798527,-0.5605,1.7641758,-0.1214757133761777
1,1,116113.28524681088,-0.5605,1.7641758,-0.12225440913638475
1,1,116118.28524561878,-0.5605,1.7641948,-0.12303310455678902
1,1,116123.28524442669,-0.5605,1.7640231,-0.12381180042747328
1,1,116128.2852432346,-0.5605,1.7639468,-0.12459049584343701
1,1,116133.2852420425,-0.5605,1.7639658,-0.12536918893262747
1,1,116138.28524085041,-0.5605,1.7640421,-0.126147880943454
1,1,116143.28523967322,-0.5605,1.7638322,-0.12692657875223956
1,1,116148.28523849975,-0.5605,1.7638131,-0.12770527455389502
1,1,116153.28523732629,-0.5605,1.7637558,-0.12848397306755518
1,1,116158.28523615282,-0.5605,1.7635459,-0.12926267479848202
1,1,116163.28523497935,-0.5605,1.7637558,-0.13004137772013416
1,1,116168.28523379657,-0.5605,1.7635076,-0.13082008078664215
1,1,116173.28523260448,-0.5605,1.7634695,-0.13159878946230483
1,1,116178.28523141239,-0.5605,1.7633549,-0.13237748891507922
1,1,116183.2852302203,-0.5605,1.7632595,-0.13315618783523644
1,1,116188.2852290282,-0.5605,1.7633549,-0.13393488783793986
1,1,116193.2852278403,-0.5605,1.7630876,-0.13471358739988679
1,1,116198.28522666683,-0.5605,1.7630304,-0.135492286629912
1,1,116203.28522549337,-0.5605,1.7630876,-0.13627098741664498
1,1,116208.2852243199,-0.5605,1.7630876,-0.13704968700860615
1,1,116213.28522314643,-0.5605,1.7628968,-0.13782838408764211
1,1,116218.28522197297,-0.5605,1.7628204,-0.13860707966819083
1,1,116223.28522078227,-0.5605,1.7628586,-0.13938577821690515
1,1,116228.28521959018,-0.5605,1.7626486,-0.1401644827496079
1,1,116233.28521839809,-0.5605,1.7626104,-0.14094318512899023
1,1,116238.285217206,-0.5605,1.7625531,-0.14172188608317252
1,1,116243.2852160139,-0.5605,1.7624385,-0.14250058958814218
1,1,116248.28521483392,-0.5605,1.762515,-0.14327929563236907
1,1,116253.28521366045,-0.5605,1.7624959,-0.1440580036301647
1,1,116258.28521248698,-0.5605,1.7623241,-0.14483670990135614
1,1,116263.28521131352,-0.5605,1.7621522,-0.14561541583851653
1,1,116268.28521014005,-0.5605,1.7622477,-0.14639412016216924
1,1,116273.28520896006,-0.5605,1.7621905,-0.14717281939264812
1,1,116278.28520776797,-0.5605,1.762114,-0.14795151815112112
1,1,116283.28520657588,-0.5605,1.7618849,-0.14873021572183912
1,1,116288.28520538379,-0.5605,1.7618468,-0.14950891339360353
1,1,116293.28520419169,-0.5605,1.7618659,-0.15028761285119266
1,1,116298.28520300193,-0.5605,1.7617322,-0.15106630982701988
1,1,116303.28520182846,-0.5605,1.7616177,-0.15184500854407096
1,1,116308.285200655,-0.5605,1.7615986,-0.15262370679394746
1,1,116313.28519948153,-0.5605,1.7616369,-0.1534024079462953
1,1,116318.28519830806,-0.5605,1.761465,-0.15418111032883006
1,1,116323.2851971346,-0.5605,1.7613696,-0.15495980878592872
1,1,116328.2851959467,-0.5605,1.7613504,-0.1557385060008434
1,1,116333.2851947546,-0.5605,1.7611405,-0.15651720076551048
1,1,116338.28519356251,-0.5605,1.7611023,-0.1572958992798528
1,1,116343.28519237041,-0.5605,1.7609495,-0.15807460090748146
1,1,116348.28519117832,-0.5605,1.7609878,-0.15885330021316815
1,1,116353.28518999647,-0.5605,1.7608541,-0.1596320038432546
1,1,116358.285188823,-0.5605,1.7606822,-0.16041070961090267
1,1,116363.28518764954,-0.5605,1.7606441,-0.1611894150357777
1,1,116368.28518647607,-0.5605,1.7605678,-0.16196811977190118
1,1,116373.28518530261,-0.5605,1.7604723,-0.16274682348187441
1,1,116378.28518412542,-0.5605,1.7603387,-0.16352552373449677
1,1,116383.28518293332,-0.5605,1.760415,-0.1643042227673697
1,1,116388.28518174123,-0.5605,1.7603196,-0.1650829206500882
1,1,116393.28518054914,-0.5605,1.7601095,-0.16586161923749257
1,1,116398.28517935704,-0.5605,1.760186,-0.16664031666722903
1,1,116403.28517816495,-0.5605,1.7600142,-0.1674190127533278
1,1,116408.28517699102,-0.5605,1.7600714,-0.16819770904664208
1,1,116413.28517581755,-0.5605,1.7598232,-0.16897640399205363
1,1,116418.28517464409,-0.5605,1.7598805,-0.1697550992833145
1,1,116423.28517347062,-0.5605,1.7596705,-0.17053379371339422
1,1,116428.28517229715,-0.5605,1.7595941,-0.17131248990935427
1,1,116433.28517111205,-0.5605,1.7594796,-0.17209118641860296
1,1,116438.28516991995,-0.5605,1.7595369,-0.17286988300465886
1,1,116443.28516872786,-0.5605,1.7594032,-0.1736485784698163
1,1,116448.28516753577,-0.5605,1.7593268,-0.174427275049468
1,1,116453.28516634367,-0.5605,1.7592314,-0.1752059718487496
1,1,116458.28516515903,-0.5605,1.7592124,-0.17598467026152226
1,1,116463.28516398557,-0.5605,1.7591932,-0.176763369803697
1,1,116468.2851628121,-0.5605,1.7589259,-0.17754206751892646
1,1,116473.28516163863,-0.5605,1.7590978,-0.17832076370776043
1,1,116478.28516046517,-0.5605,1.7589259,-0.1790994618064696
1,1,116483.2851592903,-0.5605,1.7588496,-0.1798781582541235
1,1,116488.28515809821,-0.5605,1.7586588,-0.18065685613530885
1,1,116493.28515690612,-0.5605,1.7585251,-0.1814355511337818
1,1,116498.28515571379,-0.5605,1.7584869,-0.18221424689850224
1,1,116503.2851545217,-0.5605,1.7583723,-0.18299294205448707
1,1,116508.2851533296,-0.5605,1.7584106,-0.18377163733482374
1,1,116513.28515215288,-0.5605,1.7581242,-0.18455033424361228
1,1,116518.28515097941,-0.5605,1.758105,-0.18532902614037539
1,1,116523.28514980595,-0.5605,1.758086,-0.186107717993743
1,1,116528.28514863248,-0.5605,1.7578951,-0.18688640987914812
1,1,116533.28514745901,-0.5605,1.757857,-0.18766510167367934
1,1,116538.28514627623,-0.5605,1.7576851,-0.1884437900686199
1,1,116543.28514508414,-0.5605,1.7577233,-0.18922247595049618
1,1,116548.28514389205,-0.5605,1.7575897,-0.19000116083693847
1,1,116553.28514269972,-0.5605,1.7573606,-0.1907798434322643
1,1,116558.28514150763,-0.5605,1.7574942,-0.19155852876141347
1,1,116563.28514032066,-0.5605,1.7573987,-0.19233721696657946
1,1,116568.28513914719,-0.5605,1.7571888,-0.19311590664556302
1,1,116573.28513797373,-0.5605,1.7573034,-0.19389460011971338
1,1,116578.28513680026,-0.5605,1.7570552,-0.19467329128625335
1,1,116583.2851356268,-0.5605,1.7570742,-0.19545198276726744
1,1,116588.28513445333,-0.5605,1.7568833,-0.1962306737436388
1,1,116593.28513326263,-0.5605,1.756826,-0.19700936055954638
1,1,116598.28513207054,-0.5605,1.7567688,-0.19778804754557883
1,1,116603.28513087844,-0.5605,1.7566543,-0.19856673793404642
1,1,116608.28512968635,-0.5605,1.7564824,-0.19934542799532093
1,1,116613.28512849426,-0.5605,1.7564061,-0.20012411449771136
1,1,116618.2851273152,-0.5605,1.7563297,-0.20090280203962335
1,1,116623.28512614174,-0.5605,1.7562724,-0.20168148780336323
1,1,116628.28512496827,-0.5605,1.7561579,-0.20246017266364238
1,1,116633.2851237948,-0.5605,1.7561579,-0.20323885784075998
1,1,116638.28512262134,-0.5605,1.7559478,-0.20401754640646455
1,1,116643.28512144135,-0.5605,1.7560242,-0.20479623155472687
1,1,116648.28512024926,-0.5605,1.7557951,-0.205574915321582
1,1,116653.28511905717,-0.5605,1.755776,-0.2063535987423163
1,1,116658.28511786507,-0.5605,1.7556233,-0.20713227835166137
1,1,116663.28511667298,-0.5605,1.7555088,-0.20791095950314084
1,1,116668.28511548322,-0.5605,1.7555661,-0.20868964219199632
1,1,116673.28511430975,-0.5605,1.7553942,-0.20946832716915356
1,1,116678.28511313628,-0.5605,1.7553179,-0.2102470108292369
1,1,116683.28511196282,-0.5605,1.7550316,-0.2110256946422989
1,1,116688.28511078935,-0.5605,1.7551079,-0.2118043748600948
1,1,116693.28510961588,-0.5605,1.7549742,-0.2125830536283885
1,1,116698.28510842798,-0.5605,1.7549552,-0.21336173196191932
1,1,116703.28510723589,-0.5605,1.7548406,-0.21414041157465522
1,1,116708.2851060438,-0.5605,1.754726,-0.2149190961826809
1,1,116713.2851048517,-0.5605,1.7545733,-0.21569778087257688
1,1,116718.28510365961,-0.5605,1.7546498,-0.21647646522144157
1,1,116723.28510247776,-0.5605,1.7544397,-0.21725514530498793
1,1,116728.2851013043,-0.5605,1.7543634,-0.2180338250350324
1,1,116733.28510013083,-0.5605,1.7543443,-0.218812510134558
1,1,116738.28509895736,-0.5605,1.7541534,-0.2195911944678129
1,1,116743.2850977839,-0.5605,1.7540197,-0.22036988032672153
1,1,116748.28509660647,-0.5605,1.7539052,-0.22114856449450399
1,1,116753.28509541438,-0.5605,1.7539244,-0.22192725082416348
1,1,116758.28509422229,-0.5605,1.7538289,-0.2227059369700221
1,1,116763.2850930302,-0.5605,1.7536952,-0.22348462240354564
1,1,116768.2850918381,-0.5605,1.7535425,-0.2242633082252974
1,1,116773.28509064601,-0.5605,1.7535043,-0.22504199419427262
1,1,116778.28508947208,-0.5605,1.7534661,-0.2258206795755593
1,1,116783.28508829861,-0.5605,1.7532943,-0.22659936683873017
1,1,116788.28508712514,-0.5605,1.7532753,-0.22737805691843244
1,1,116793.28508595168,-0.5605,1.7531416,-0.22815674616695125
1,1,116798.28508477821,-0.5605,1.7529507,-0.2289354357885256
1,1,116803.28508359217,-0.5605,1.7527789,-0.22971412461861318
1,1,116808.28508240008,-0.5605,1.7528362,-0.23049281140697678
1,1,116813.28508120799,-0.5605,1.7528362,-0.23127149860948668
1,1,116818.28508001589,-0.5605,1.7526643,-0.23205018738650293
1,1,116823.2850788238,-0.5605,1.7525307,-0.23282887657102622
1,1,116828.28507763916,-0.5605,1.7524161,-0.23360756732938368
1,1,116833.28507646569,-0.5605,1.752378,-0.2343862572841182
1,1,116838.28507529222,-0.5605,1.7522825,-0.23516494776630414
1,1,116843.28507411876,-0.5605,1.7522253,-0.23594363769870677
1,1,116848.28507294529,-0.5605,1.7520916,-0.23672232742703636
1,1,116853.28507176996,-0.5605,1.751958,-0.23750101321482672
1,1,116858.28507057787,-0.5605,1.751958,-0.23827970143343688
1,1,116863.28506938578,-0.5605,1.7519199,-0.23905838848088198
1,1,116868.28506819368,-0.5605,1.7516717,-0.2398370740975441
1,1,116873.28506700159,-0.5605,1.751519,-0.24061576221993247
1,1,116878.2850658095,-0.5605,1.7515571,-0.2413944538844262
1,1,116883.28506463324,-0.5605,1.7515953,-0.2421731486544246
1,1,116888.28506345977,-0.5605,1.7514044,-0.2429518425033226
1,1,116893.2850622863,-0.5605,1.7514044,-0.2437305371584794
1,1,116898.28506111284,-0.5605,1.7512136,-0.24450923234535268
1,1,116903.28505993937,-0.5605,1.7512136,-0.24528792782825573
1,1,116908.28505875613,-0.5605,1.7511181,-0.24606662227283593
1,1,116913.28505756403,-0.5605,1.750908,-0.2468453178160953
1,1,116918.28505637194,-0.5605,1.7507744,-0.247624013258348
1,1,116923.28505517985,-0.5605,1.7507553,-0.24840271086243798
1,1,116928.28505398775,-0.5605,1.7507172,-0.24918140547833187
1,1,116933.28505280078,-0.5605,1.7507744,-0.2499600996754965
1,1,116938.28505162732,-0.5605,1.7505645,-0.2507387919691603
1,1,116943.28505045385,-0.5605,1.7503163,-0.25151748212052394
1,1,116948.28504928038,-0.5605,1.7502017,-0.25229617285749656
1,1,116953.28504810692,-0.5605,1.7501826,-0.25307486556553516
1,1,116958.28504693345,-0.5605,1.7501062,-0.25385355853570174
1,1,116963.28504574229,-0.5605,1.7500108,-0.2546322499077089
1,1,116968.2850445502,-0.5605,1.7499344,-0.2554109419310226
1,1,116973.2850433581,-0.5605,1.7497627,-0.25618963249106547
1,1,116978.28504216601,-0.5605,1.74961,-0.2569683245524003
1,1,116983.28504097392,-0.5605,1.7496862,-0.25774701442954284
1,1,116988.28503979486,-0.5605,1.7494572,-0.2585257070339985
1,1,116993.2850386214,-0.5605,1.7493618,-0.2593044038655262
1,1,116998.28503744793,-0.5605,1.7492472,-0.26008310058858336
1,1,117003.28503627446,-0.5605,1.7490563,-0.26086179506709517
1,1,117008.285035101,-0.5605,1.7490371,-0.26164049144752166
1,1,117013.28503392055,-0.5605,1.7489609,-0.26241918661261276
1,1,117018.28503272845,-0.5605,1.7489418,-0.2631978809143637
1,1,117023.28503153636,-0.5605,1.7487891,-0.2639765764202344
1,1,117028.28503034427,-0.5605,1.7487508,-0.2647552727453081
1,1,117033.28502915218,-0.5605,1.7486172,-0.26553396771568405
1,1,117038.28502796241,-0.5605,1.7484645,-0.2663126592030427
1,1,117043.28502678894,-0.5605,1.7484072,-0.2670913532948462
1,1,117048.28502561548,-0.5605,1.7483499,-0.26787004774453255
1,1,117053.28502444201,-0.5605,1.74814,-0.2686487436118061
1,1,117058.28502326855,-0.5605,1.7482163,-0.26942744017397374
1,1,117063.28502209508,-0.5605,1.7480826,-0.2702061340135933
1,1,117068.28502090625,-0.5605,1.7479682,-0.2709848257989586
1,1,117073.28501971415,-0.5605,1.7478536,-0.2717635190898148
1,1,117078.28501852206,-0.5605,1.7478536,-0.2725422118735513
1,1,117083.28501732997,-0.5605,1.7477009,-0.2733209049705699
1,1,117088.28501613787,-0.5605,1.7475673,-0.27409960036843034
1,1,117093.28501495603,-0.5605,1.7477391,-0.27487829705048283
1,1,117098.28501378256,-0.5605,1.7474909,-0.2756569934951532
1,1,117103.28501260909,-0.5605,1.7473191,-0.27643569158236203
1,1,117108.28501143563,-0.5605,1.747109,-0.27721438608140764
1,1,117113.28501026216,-0.5605,1.74709,-0.27799308257712274
1,1,117118.28500908404,-0.5605,1.7469182,-0.27877177746712517
1,1,117123.28500789194,-0.5605,1.74688,-0.27955047082667567
1,1,117128.28500669985,-0.5605,1.7468036,-0.2803291638471155
1,1,117133.28500550776,-0.5605,1.7465745,-0.281107855377767
1,1,117138.28500431566,-0.5605,1.7464982,-0.281886544236084
1,1,117143.2850031238,-0.5605,1.7464409,-0.28266523167726415
1,1,117148.28500195034,-0.5605,1.74625,-0.28344391956323733
1,1,117153.28500077687,-0.5605,1.7463455,-0.2842226057831084
1,1,117158.2849996034,-0.5605,1.7459637,-0.2850012907921144
1,1,117163.28499842994,-0.5605,1.7459064,-0.2857799783549443
1,1,117168.28499725647,-0.5605,1.7458873,-0.2865586646647024
1,1,117173.28499607043,-0.5605,1.7457918,-0.2873373509238496
1,1,117178.28499487834,-0.5605,1.7456964,-0.2881160386873154
1,1,117183.28499368625,-0.5605,1.7456391,-0.2888947245282665
1,1,117188.28499249415,-0.5605,1.7454101,-0.289673406760653
1,1,117193.28499130206,-0.5605,1.7454101,-0.29045208552770163
1,1,117198.28499011835,-0.5605,1.7452955,-0.2912307680941987
1,1,117203.28498894488,-0.5605,1.7451428,-0.29200945554764085
1,1,117208.28498777142,-0.5605,1.7452765,-0.2927881422451239
1,1,117213.28498659795,-0.5605,1.7450855,-0.29356683206522477
1,1,117218.28498542449,-0.5605,1.7448946,-0.2943455202093887
1,1,117223.28498424916,-0.5605,1.7447801,-0.295124207407968
1,1,117228.28498305706,-0.5605,1.7446655,-0.2959028948633473
1,1,117233.28498186497,-0.5605,1.7446464,-0.29668158038295983
1,1,117238.28498067288,-0.5605,1.7445128,-0.2974602659915223
1,1,117243.28497948078,-0.5605,1.7444364,-0.2982389517962801
1,1,117248.28497828869,-0.5605,1.7444173,-0.2990176371094387
1,1,117253.2849771129,-0.5605,1.7441883,-0.29979632476494056
1,1,117258.28497593943,-0.5605,1.7443027,-0.3005750177844201
1,1,117263.28497476596,-0.5605,1.743921,-0.3013537073156073
1,1,117268.2849735925,-0.5605,1.743902,-0.30213239631038913
1,1,117273.28497241903,-0.5605,1.7437683,-0.30291108625944796
1,1,117278.28497123579,-0.5605,1.7436919,-0.303689775129825
1,1,117283.2849700437,-0.5605,1.7435964,-0.30446846539704014
1,1,117288.2849688516,-0.5605,1.7435201,-0.30524715555253634
1,1,117293.2849676595,-0.5605,1.7434628,-0.30602584544602046
1,1,117298.28496646741,-0.5605,1.7434056,-0.3068045351655484
1,1,117303.28496528091,-0.5605,1.7432529,-0.3075832273799877
1,1,117308.28496410744,-0.5605,1.7431955,-0.30836192012717006
1,1,117313.28496293398,-0.5605,1.7430619,-0.30914061426003786
1,1,117318.28496176051,-0.5605,1.742852,-0.30991930585228084
1,1,117323.28496058704,-0.5605,1.742852,-0.31069799882244414
1,1,117328.28495941358,-0.5605,1.742661,-0.31147669104789044
1,1,117333.28495822242,-0.5605,1.7427183,-0.3122553863781162
1,1,117338.28495703032,-0.5605,1.7426038,-0.31303407862235116
1,1,117343.28495583823,-0.5605,1.7423747,-0.3138127746041981
1,1,117348.28495464614,-0.5605,1.7423747,-0.31459146772805857
1,1,117353.28495345404,-0.5605,1.7422029,-0.31537016106837995
1,1,117358.28495227545,-0.5605,1.7420692,-0.31614885602740783
1,1,117363.28495110199,-0.5605,1.7419928,-0.31692754976525905
1,1,117368.28494992852,-0.5605,1.7419165,-0.3177062449160682
1,1,117373.28494875506,-0.5605,1.7418975,-0.31848493675012723
1,1,117378.28494758159,-0.5605,1.7417829,-0.3192636255332397
1,1,117383.28494640067,-0.5605,1.7416683,-0.3200423172607124
1,1,117388.28494520858,-0.5605,1.7414011,-0.3208210067328811
1,1,117393.28494401649,-0.5605,1.7413629,-0.3215996980863876
1,1,117398.28494282416,-0.5605,1.7412865,-0.32237839092396037
1,1,117403.28494163207,-0.5605,1.7411338,-0.3231570821169615
1,1,117408.28494044277,-0.5605,1.7410766,-0.3239357746762269
1,1,117413.2849392693,-0.5605,1.7409811,-0.3247144655813873
1,1,117418.28493809584,-0.5605,1.7408856,-0.3254931598797805
1,1,117423.28493692237,-0.5605,1.740771,-0.32627185297869316
1,1,117428.2849357489,-0.5605,1.7406757,-0.32705054476484663
1,1,117433.28493457544,-0.5605,1.7405802,-0.3278292373996047
1,1,117438.2849333866,-0.5605,1.7405993,-0.32860793013540585
1,1,117443.28493219451,-0.5605,1.7403893,-0.32938661869401414
1,1,117448.28493100242,-0.5605,1.7401602,-0.3301653064638278
1,1,117453.28492981032,-0.5605,1.7401412,-0.3309439935712054
1,1,117458.28492861823,-0.5605,1.7399502,-0.3317226831782362
1,1,117463.28492743731,-0.5605,1.7397975,-0.33250137114975203
1,1,117468.28492626385,-0.5605,1.7400838,-0.33328005731204496
1,1,117473.28492509038,-0.5605,1.739702,-0.3340587437222138
1,1,117478.28492391692,-0.5605,1.7396638,-0.3348374301454923
1,1,117483.28492274345,-0.5605,1.739492,-0.3356161157856585
1,1,117488.28492156533,-0.5605,1.7393775,-0.33639480301440106
1,1,117493.28492037323,-0.5605,1.7393012,-0.3371734912838176
1,1,117498.28491918114,-0.5605,1.7392629,-0.3379521780887711
1,1,117503.28491798905,-0.5605,1.7391676,-0.33873086205095065
1,1,117508.28491679695,-0.5605,1.738862,-0.3395095439315804
1,1,117513.28491560533,-0.5605,1.7388811,-0.34028822892453947
1,1,117518.28491443186,-0.5605,1.7388239,-0.34106691549440565
1,1,117523.2849132584,-0.5605,1.7386521,-0.34184560561774846
1,1,117528.28491208493,-0.5605,1.7385375,-0.3426242946929303
1,1,117533.28491091146,-0.5605,1.7384611,-0.3434029852101936
1,1,117538.284909738,-0.5605,1.738213,-0.3441816730394894
1,1,117543.28490855196,-0.5605,1.7382894,-0.34496036292797
1,1,117548.28490735986,-0.5605,1.7380602,-0.3457390544854635
1,1,117553.28490616777,-0.5605,1.7379266,-0.3465177447411187
1,1,117558.28490497568,-0.5605,1.7378503,-0.34729643350604844
1,1,117563.28490378358,-0.5605,1.7377548,-0.34807512385635914
1,1,117568.28490259987,-0.5605,1.7376976,-0.34885381425904904
1,1,117573.2849014264,-0.5605,1.7375066,-0.3496325055124628
1,1,117578.28490025294,-0.5605,1.7373921,-0.3504111984545556
1,1,117583.28489907947,-0.5605,1.7372776,-0.3511898915367359
1,1,117588.284897906,-0.5605,1.7371057,-0.35196858345542026
1,1,117593.28489673045,-0.5605,1.7372203,-0.35274727357219
1,1,117598.28489553835,-0.5605,1.7370867,-0.35352596820605797
1,1,117603.28489434626,-0.5605,1.7368003,-0.35430466095540264
1,1,117608.28489315417,-0.5605,1.7366095,-0.3550833523042633
1,1,117613.28489196207,-0.5605,1.7367048,-0.3558620420403779
1,1,117618.28489076998,-0.5605,1.736533,-0.35664073179808264
1,1,117623.28488959419,-0.5605,1.7364376,-0.35741942263510496
1,1,117628.28488842072,-0.5605,1.7362467,-0.3581981159793702
1,1,117633.28488724725,-0.5605,1.7360749,-0.3589768113651276
1,1,117638.28488607379,-0.5605,1.7361131,-0.35975550437908377
1,1,117643.28488490032,-0.5605,1.735884,-0.36053419979348456
1,1,117648.28488371614,-0.5605,1.7359604,-0.3613128947941165
1,1,117653.28488252405,-0.5605,1.7357503,-0.36209158684271914
1,1,117658.28488133196,-0.5605,1.7356167,-0.36287027966421187
1,1,117663.28488013986,-0.5605,1.7355976,-0.3636489750581616
1,1,117668.28487894777,-0.5605,1.7353303,-0.3644276691437232
1,1,117673.28487776127,-0.5605,1.7353303,-0.36520636241651916
1,1,117678.2848765878,-0.5605,1.7350059,-0.3659850549481015
1,1,117683.28487541433,-0.5605,1.7350059,-0.3667637474317452
1,1,117688.28487424087,-0.5605,1.7349104,-0.3675424435584447
1,1,117693.2848730674,-0.5605,1.7347195,-0.3683211401006117
1,1,117698.28487189393,-0.5605,1.7346622,-0.3690998345619143
1,1,117703.28487070184,-0.5605,1.7345668,-0.36987852907223184
1,1,117708.28486950975,-0.5605,1.7343377,-0.3706572215689985
1,1,117713.28486831766,-0.5605,1.7343186,-0.37143591532254894
1,1,117718.28486712556,-0.5605,1.734185,-0.3722146066023642
1,1,117723.28486593347,-0.5605,1.7340895,-0.3729932961937819
1,1,117728.28486475488,-0.5605,1.7339368,-0.37377198533899925
1,1,117733.28486358142,-0.5605,1.7339177,-0.37455067875152503
1,1,117738.28486240795,-0.5605,1.7338413,-0.37532937220011825
1,1,117743.28486123448,-0.5605,1.7335168,-0.3761080633325313
1,1,117748.28486006102,-0.5605,1.7335359,-0.3768867527005508
1,1,117753.28485887963,-0.5605,1.733345,-0.3776654437180427
1,1,117758.28485768754,-0.5605,1.7334404,-0.37844413126152765
1,1,117763.28485649545,-0.5605,1.7330968,-0.3792228194237154
1,1,117768.28485530335,-0.5605,1.7329823,-0.3800015065706274
1,1,117773.28485411126,-0.5605,1.7329441,-0.3807801948045195
1,1,117778.28485292243,-0.5605,1.7327532,-0.38155888555358525
1,1,117783.28485174896,-0.5605,1.7326769,-0.38233757349216285
1,1,117788.2848505755,-0.5605,1.7325623,-0.38311626034086954
1,1,117793.28484940203,-0.5605,1.7324477,-0.38389494931912765
1,1,117798.28484822856,-0.5605,1.732276,-0.38467363986281233
1,1,117803.2848470551,-0.5605,1.7321423,-0.38545233071506696
1,1,117808.2848458658,-0.5605,1.732085,-0.3862310207403999
1,1,117813.2848446737,-0.5605,1.7320087,-0.38700971027556735
1,1,117818.28484348161,-0.5605,1.7318751,-0.38778840021351324
1,1,117823.28484228952,-0.5605,1.731646,-0.38856709137609613
1,1,117828.28484109743,-0.5605,1.7316269,-0.3893457815597489
1,1,117833.28483991651,-0.5605,1.7315314,-0.39012447244797493
1,1,117838.28483874304,-0.5605,1.7314742,-0.3909031662872965
1,1,117843.28483756958,-0.5605,1.7313023,-0.39168186207134537
1,1,117848.28483639611,-0.5605,1.7310159,-0.39246055746228836
1,1,117853.28483522264,-0.5605,1.7309396,-0.39323925321333614
1,1,117858.28483404405,-0.5605,1.7307677,-0.3940179514391986
1,1,117863.28483285196,-0.5605,1.7307487,-0.3947966451919278
1,1,117868.28483165987,-0.5605,1.7305769,-0.39557533646165666
1,1,117873.28483046778,-0.5605,1.7304814,-0.39635402773695194
1,1,117878.28482927568,-0.5605,1.7302524,-0.39713272057962423
1,1,117883.28482808406,-0.5605,1.7302524,-0.3979114140932627
1,1,117888.28482691059,-0.5605,1.7301378,-0.39869010755192247
1,1,117893.28482573712,-0.5605,1.7300423,-0.39946880043820215
1,1,117898.28482456366,-0.5605,1.7297369,-0.4002474939906068
1,1,117903.28482339019,-0.5605,1.7297369,-0.4010261848742896
1,1,117908.28482221672,-0.5605,1.729546,-0.40180487641095786
1,1,117913.28482103022,-0.5605,1.7294123,-0.4025835664316416
1,1,117918.28481983813,-0.5605,1.7291069,-0.4033622536300653
1,1,117923.28481864603,-0.5605,1.7291452,-0.40414094420441654
1,1,117928.28481745394,-0.5605,1.729126,-0.4049196335431536
1,1,117933.28481626185,-0.5605,1.7288396,-0.40569831962889763
1,1,117938.28481507814,-0.5605,1.7287443,-0.40647700672486425
1,1,117943.28481390467,-0.5605,1.7286679,-0.40725569575612747
1,1,117948.2848127312,-0.5605,1.7285533,-0.40803438672010106
1,1,117953.28481155774,-0.5605,1.7284578,-0.4088130764178038
1,1,117958.28481038427,-0.5605,1.728286,-0.40959176410731013
1,1,117963.28480920801,-0.5605,1.7280569,-0.41037045378121406
1,1,117968.28480801592,-0.5605,1.7280761,-0.41114913975201384
1,1,117973.28480682382,-0.5605,1.7277896,-0.4119278256573909
1,1,117978.28480563173,-0.5605,1.7277515,-0.41270651108515927
1,1,117983.28480443964,-0.5605,1.7276179,-0.41348519919277893
1,1,117988.28480324754,-0.5605,1.7275033,-0.4142638881866866
1,1,117993.28480207198,-0.5605,1.7272934,-0.41504257822307283
1,1,117998.28480089852,-0.5605,1.7271788,-0.41582126743562026
1,1,118003.28479972505,-0.5605,1.7271216,-0.41659995672785244
1,1,118008.28479855158,-0.5605,1.726988,-0.4173786441325711
1,1,118013.28479737812,-0.5605,1.7267588,-0.4181573268861903
1,1,118018.28479619394,-0.5605,1.7266443,-0.41893600780518186
1,1,118023.28479500185,-0.5605,1.7264725,-0.4197146889842583
1,1,118028.28479380975,-0.5605,1.7262815,-0.42049336858523223
1,1,118033.28479261766,-0.5605,1.7260716,-0.42127204685754577
1,1,118038.28479142557,-0.5605,1.7260716,-0.42205072961441675
1,1,118043.28479024,-0.5605,1.725957,-0.42282941042247746
1,1,118048.28478906653,-0.5605,1.7257853,-0.4236080922755367
1,1,118053.28478789306,-0.5605,1.725518,-0.4243867764211495
1,1,118058.2847867196,-0.5605,1.7254797,-0.4251654579504397
1,1,118063.28478554613,-0.5605,1.7254034,-0.4259441415232254
1,1,118068.28478437266,-0.5605,1.7253461,-0.4267228251055777
1,1,118073.28478318057,-0.5605,1.725098,-0.427501507853604
1,1,118078.28478198848,-0.5605,1.7249261,-0.42828018525434536
1,1,118083.28478079638,-0.5605,1.7248116,-0.4290588623282413
1,1,118088.28477960429,-0.5605,1.7246207,-0.4298375393967861
1,1,118093.2847784122,-0.5605,1.7244871,-0.4306162192854948
1,1,118098.28477723454,-0.5605,1.7243153,-0.43139489986862745
1,1,118103.28477606107,-0.5605,1.7241243,-0.4321735796981388
1,1,118108.28477488761,-0.5605,1.724048,-0.4329522589944237
1,1,118113.28477371414,-0.5605,1.7239144,-0.43373093742200736
1,1,118118.28477254068,-0.5605,1.723838,-0.43450961226053375
1,1,118123.2847713593,-0.5605,1.723609,-0.4352882899539703
1,1,118128.2847701672,-0.5605,1.7234561,-0.4360669665248063
1,1,118133.2847689751,-0.5605,1.7232653,-0.4368456431871984
1,1,118138.28476778301,-0.5605,1.7231126,-0.43762432124947837
1,1,118143.28476659092,-0.5605,1.7229599,-0.4384029997710089
1,1,118148.28476540255,-0.5605,1.7228453,-0.4391816793636481
1,1,118153.28476422909,-0.5605,1.7226353,-0.4399603576055765
1,1,118158.28476305562,-0.5605,1.7223489,-0.4407390395142072
1,1,118163.28476188215,-0.5605,1.722368,-0.4415177232033842
1,1,118168.28476070869,-0.5605,1.7221771,-0.44229640903773576
1,1,118173.28475953522,-0.5605,1.7220435,-0.4430750934348007
1,1,118178.28475834592,-0.5605,1.7217572,-0.44385377871678605
1,1,118183.28475715383,-0.5605,1.721528,-0.4446324636442794
1,1,118188.28475596174,-0.5605,1.721509,-0.44541114751622746
1,1,118193.28475476964,-0.5605,1.7213181,-0.4461898328116867
1,1,118198.28475357755,-0.5605,1.7211272,-0.4469685166737735
1,1,118203.2847523971,-0.5605,1.7209935,-0.44774719970776966
1,1,118208.28475122363,-0.5605,1.7209172,-0.44852588329122794
1,1,118213.28475005017,-0.5605,1.7207072,-0.44930456797847484
1,1,118218.2847488767,-0.5605,1.7204973,-0.4500832531241609
1,1,118223.28474770323,-0.5605,1.7205163,-0.45086193610497316
1,1,118228.28474652465,-0.5605,1.7201345,-0.45164062203259603
1,1,118233.28474533255,-0.5605,1.7200581,-0.452419306149294
1,1,118238.28474414046,-0.5605,1.7198482,-0.4531979915159411
1,1,118243.28474294813,-0.5605,1.7197527,-0.4539766766532163
1,1,118248.28474175604,-0.5605,1.7195235,-0.45475536152529056
1,1,118253.28474056488,-0.5605,1.7193708,-0.4555340468722052
1,1,118258.28473939141,-0.5605,1.7193136,-0.45631272816158996
1,1,118263.28473821795,-0.5605,1.7190845,-0.4570914099657138
1,1,118268.28473704448,-0.5605,1.7188172,-0.4578700922068258
1,1,118273.28473587101,-0.5605,1.7187409,-0.4586487778289682
1,1,118278.28473469755,-0.5605,1.7186264,-0.4594274642557799
1,1,118283.28473351058,-0.5605,1.71834,-0.46020615105721346
1,1,118288.28473231848,-0.5605,1.7182255,-0.4609848366441858
1,1,118293.28473112639,-0.5605,1.7180345,-0.4617635212977528
1,1,118298.2847299343,-0.5605,1.7178627,-0.46254220134110574
1,1,118303.2847287422,-0.5605,1.7177672,-0.4633208824117547
1,1,118308.28472755896,-0.5605,1.717691,-0.4640995680442418
1,1,118313.2847263855,-0.5605,1.7173855,-0.4648782530330054
1,1,118318.28472521203,-0.5605,1.717271,-0.4656569338722625
1,1,118323.28472403856,-0.5605,1.7170609,-0.466435616984046
1,1,118328.2847228651,-0.5605,1.7169656,-0.4672142981678213
1,1,118333.28472168883,-0.5605,1.7167174,-0.46799298264649825
1,1,118338.28472049674,-0.5605,1.7165647,-0.4687716661161779
1,1,118343.28471930465,-0.5605,1.7162782,-0.46955035019871577
1,1,118348.28471811255,-0.5605,1.71624,-0.4703290352156591
1,1,118353.28471692046,-0.5605,1.7158582,-0.4711077197301055
1,1,118358.28471572837,-0.5605,1.7159156,-0.4718864038795463
1,1,118363.2847145535,-0.5605,1.7156101,-0.47266508726667344
1,1,118368.28471338004,-0.5605,1.7154382,-0.4734437714834377
1,1,118373.28471220657,-0.5605,1.7153046,-0.4742224578338992
1,1,118378.2847110331,-0.5605,1.7150947,-0.4750011451530753
1,1,118383.28470985964,-0.5605,1.7150947,-0.4757798331840666
1,1,118388.28470867546,-0.5605,1.7148465,-0.47655852321436987
1,1,118393.28470748337,-0.5605,1.7146555,-0.47733721237657784
1,1,118398.28470629128,-0.5605,1.7144265,-0.47811590238474794
1,1,118403.28470509918,-0.5605,1.714312,-0.4788945900559987
1,1,118408.28470390709,-0.5605,1.7141211,-0.47967327641815927
1,1,118413.28470272152,-0.5605,1.7140065,-0.4804519602734942
1,1,118418.28470154805,-0.5605,1.7137583,-0.48123064434627677
1,1,118423.28470037458,-0.5605,1.7135102,-0.48200933025604803
1,1,118428.28469920112,-0.5605,1.7134337,-0.48278801175294966
1,1,118433.28469802765,-0.5605,1.7130902,-0.48356669334972885
1,1,118438.28469685395,-0.5605,1.7131093,-0.48434537209046535
1,1,118443.28469566186,-0.5605,1.7127274,-0.48512405335058756
1,1,118448.28469446977,-0.5605,1.7126893,-0.48590273256746913
1,1,118453.28469327767,-0.5605,1.712422,-0.4866814079168338
1,1,118458.28469208558,-0.5605,1.7124029,-0.4874600828125574
1,1,118463.28469089349,-0.5605,1.7121357,-0.4882387586519087
1,1,118468.28468971583,-0.5605,1.7119066,-0.48901743535672604
1,1,118473.28468854236,-0.5605,1.7117348,-0.4897961104578672
1,1,118478.2846873689,-0.5605,1.7117157,-0.49057479755237016
1,1,118483.28468619543,-0.5605,1.7114484,-0.49135349073847445
1,1,118488.28468502196,-0.5605,1.7112767,-0.4921321737424133
1,1,118493.28468384012,-0.5605,1.7108757,-0.4929108539090552
1,1,118498.28468264802,-0.5605,1.7108948,-0.4936895377654928
1,1,118503.28468145593,-0.5605,1.7106657,-0.49446821907092114
1,1,118508.28468026384,-0.5605,1.7103984,-0.49524689850976383
1,1,118513.28467907174,-0.5605,1.7101693,-0.4960255755035842
1,1,118518.28467788338,-0.5605,1.7100357,-0.49680425495191727
1,1,118523.28467670991,-0.5605,1.709902,-0.4975829346867169
1,1,118528.28467553644,-0.5605,1.7096157,-0.49836161448205823
1,1,118533.28467436298,-0.5605,1.7093294,-0.49914029250410513
1,1,118538.28467318951,-0.5605,1.7092339,-0.4999189681306513
1,1,118543.28467201605,-0.5605,1.7090049,-0.5006976454453566
1,1,118548.28467082581,-0.5605,1.7088712,-0.5014763236780794
1,1,118553.28466963372,-0.5605,1.7087948,-0.5022549989536071
1,1,118558.28466844163,-0.5605,1.7084894,-0.5030336759150325
1,1,118563.28466724954,-0.5605,1.7082031,-0.5038123536815211
1,1,118568.28466605744,-0.5605,1.7081076,-0.5045910331477289
1,1,118573.28466487699,-0.5605,1.7078212,-0.5053697133282388
1,1,118578.28466370353,-0.5605,1.7076304,-0.5061483908594778
1,1,118583.28466253006,-0.5605,1.7075158,-0.5069270691645673
1,1,118588.28466135659,-0.5605,1.7071912,-0.5077057472394305
1,1,118593.28466018313,-0.5605,1.7070576,-0.5084844286603892
1,1,118598.2846590036,-0.5605,1.706695,-0.5092631096422504
1,1,118603.28465781151,-0.5605,1.706695,-0.5100417913118995
1,1,118608.28465661942,-0.5605,1.7064277,-0.5108204730129835
1,1,118613.28465542733,-0.5605,1.706275,-0.511599154835853
1,1,118618.28465423523,-0.5605,1.7060077,-0.5123778326560355
1,1,118623.28465304407,-0.5605,1.7059122,-0.5131565105640322
1,1,118628.2846518706,-0.5605,1.705645,-0.5139351850047572
1,1,118633.28465069714,-0.5605,1.7054923,-0.5147138617439764
1,1,118638.28464952367,-0.5605,1.7052441,-0.5154925426014659
1,1,118643.2846483502,-0.5605,1.7049196,-0.5162712239379086
1,1,118648.28464717674,-0.5605,1.7046523,-0.5170499068030646
1,1,118653.2846459893,-0.5605,1.7045187,-0.517828585192137
1,1,118658.28464479721,-0.5605,1.7042896,-0.518607264088041
1,1,118663.28464360512,-0.5605,1.7041178,-0.5193859431880644
1,1,118668.28464241303,-0.5605,1.7039459,-0.5201646216589774
1,1,118673.28464122093,-0.5605,1.7036786,-0.5209433016186289
1,1,118678.28464003815,-0.5605,1.7034305,-0.5217219823136758
1,1,118683.28463886469,-0.5605,1.7032205,-0.522500662693805
1,1,118688.28463769122,-0.5605,1.7030487,-0.5232793441521789
1,1,118693.28463651775,-0.5605,1.7028577,-0.5240580251265399
1,1,118698.28463534429,-0.5605,1.702705,-0.5248367088309227
1,1,118703.28463416756,-0.5605,1.7025332,-0.5256153937651911
1,1,118708.28463297547,-0.5605,1.7021514,-0.5263940770550898
1,1,118713.28463178338,-0.5605,1.7021514,-0.5271727631814146
1,1,118718.28463059128,-0.5605,1.7018269,-0.5279514541138772
1,1,118723.28462939919,-0.5605,1.7015406,-0.5287301435458327
1,1,118728.2846282071,-0.5605,1.7012924,-0.5295088322655557
1,1,118733.28462703223,-0.5605,1.7010633,-0.5302875173816382
1,1,118738.28462585877,-0.5605,1.7008533,-0.5310662042727039
1,1,118743.2846246853,-0.5605,1.7007197,-0.5318448942618038
1,1,118748.28462351183,-0.5605,1.7004524,-0.5326235807856387
1,1,118753.28462233837,-0.5605,1.7001278,-0.5334022679302791
1,1,118758.28462115373,-0.5605,1.7000324,-0.534180960050914
1,1,118763.28461996163,-0.5605,1.6997079,-0.5349596499843531
1,1,118768.28461876954,-0.5605,1.6994978,-0.5357383407303724
1,1,118773.28461757745,-0.5605,1.6993451,-0.5365170331995156
1,1,118778.28461638535,-0.5605,1.6990206,-0.5372957265677618
1,1,118783.28461519978,-0.5605,1.6987534,-0.5380744200547437
1,1,118788.28461402631,-0.5605,1.6983143,-0.5388531120467981
1,1,118793.28461285285,-0.5605,1.6983525,-0.5396318042275574
1,1,118798.28461167938,-0.5605,1.6979706,-0.540410497237073
1,1,118803.28461050591,-0.5605,1.697837,-0.5411891898663408
1,1,118808.28460933198,-0.5605,1.6976271,-0.541967883221315
1,1,118813.28460813989,-0.5605,1.6972262,-0.5427465742818911
1,1,118818.2846069478,-0.5605,1.6971498,-0.5435252657135757
1,1,118823.2846057557,-0.5605,1.6968634,-0.544303957117021
1,1,118828.28460456361,-0.5605,1.6966726,-0.5450826507243314
1,1,118833.28460337152,-0.5605,1.6964625,-0.5458613417319885
1,1,118838.2846021941,-0.5605,1.696119,-0.546640031824625
1,1,118843.28460102063,-0.5605,1.6957562,-0.5474187237272724
1,1,118848.28459984716,-0.5605,1.6956416,-0.5481974120605255
1,1,118853.2845986737,-0.5605,1.6953171,-0.548976101443678
1,1,118858.28459750023,-0.5605,1.6951452,-0.5497547904788916
1,1,118863.28459631791,-0.5605,1.6949353,-0.5505334836209349
1,1,118868.28459512582,-0.5605,1.694649,-0.5513121732497711
1,1,118873.28459393373,-0.5605,1.6943817,-0.5520908636560836
1,1,118878.28459274163,-0.5605,1.694019,-0.5528695527749127
1,1,118883.28459154954,-0.5605,1.6938472,-0.5536482435977425
1,1,118888.28459036164,-0.5605,1.6934844,-0.5544269348915251
1,1,118893.28458918817,-0.5605,1.6933699,-0.5552056304239595
1,1,118898.2845880147,-0.5605,1.6931217,-0.5559843243005175
1,1,118903.28458684124,-0.5605,1.6928353,-0.5567630196666352
1,1,118908.28458566777,-0.5605,1.6927017,-0.5575417151637242
1,1,118913.28458449431,-0.5605,1.6922436,-0.5583204103844529
1,1,118918.28458330408,-0.5605,1.6921862,-0.5590991058618061
1,1,118923.28458211198,-0.5605,1.6916709,-0.5598777996388541
1,1,118928.28458091989,-0.5605,1.6915754,-0.5606564923963613
1,1,118933.2845797278,-0.5605,1.6912317,-0.561435185704208
1,1,118938.2845785357,-0.5605,1.6909263,-0.5622138804576463
1,1,118943.28457735619,-0.5605,1.6907545,-0.5629925741949048
1,1,118948.28457618272,-0.5605,1.6905636,-0.5637712659868663
1,1,118953.28457500925,-0.5605,1.6899718,-0.5645499584991004
1,1,118958.28457383579,-0.5605,1.6898572,-0.5653286506178942
1,1,118963.28457266232,-0.5605,1.6895328,-0.5661073455214302
1,1,118968.2845714828,-0.5605,1.6892273,-0.5668860375061829
1,1,118973.2845702907,-0.5605,1.6891319,-0.5676647275834381
1,1,118978.28456909861,-0.5605,1.6887691,-0.5684434183542397
1,1,118983.28456790652,-0.5605,1.6886164,-0.5692221112954583
1,1,118988.28456671443,-0.5605,1.6881964,-0.5700007987261249
1,1,118993.2845655242,-0.5605,1.6879864,-0.5707794866401221
1,1,118998.28456435073,-0.5605,1.6876237,-0.5715581777475112
1,1,119003.28456317727,-0.5605,1.6875664,-0.5723368666133516
1,1,119008.2845620038,-0.5605,1.6872419,-0.5731155582586261
1,1,119013.28456083033,-0.5605,1.6869556,-0.5738942500149177
1,1,119018.28455965687,-0.5605,1.6865928,-0.57467293999209
1,1,119023.28455846943,-0.5605,1.6863065,-0.575451629514065
1,1,119028.28455727734,-0.5605,1.6860583,-0.5762303202516635
1,1,119033.28455608524,-0.5605,1.6857529,-0.5770090113017791
1,1,119038.28455489315,-0.5605,1.6854856,-0.5777876997266809
1,1,119043.28455370106,-0.5605,1.6851419,-0.5785663898687892
1,1,119048.28455251874,-0.5605,1.6848938,-0.5793450825079679
1,1,119053.28455134528,-0.5605,1.6846647,-0.5801237729016542
1,1,119058.28455017181,-0.5605,1.6843402,-0.5809024629087315
1,1,119063.28454899834,-0.5605,1.6842257,-0.5816811523171133
1,1,119068.28454782488,-0.5605,1.6839393,-0.5824598413932157
1,1,119073.28454664815,-0.5605,1.6836721,-0.583238530210571
1,1,119078.28454545606,-0.5605,1.6832902,-0.5840172174790236
1,1,119083.28454426397,-0.5605,1.6830802,-0.5847959040114316
1,1,119088.28454307164,-0.5605,1.6826221,-0.585574589619388
1,1,119093.28454187955,-0.5605,1.682412,-0.5863532747182778
1,1,119098.28454068745,-0.5605,1.6820685,-0.5871319617068004
1,1,119103.28453951306,-0.5605,1.6816866,-0.5879106463807654
1,1,119108.28453833959,-0.5605,1.6814384,-0.5886893321599329
1,1,119113.28453716612,-0.5605,1.6810949,-0.5894680154827202
1,1,119118.28453599266,-0.5605,1.680942,-0.5902466979052091
1,1,119123.28453481919,-0.5605,1.6806366,-0.5910253817580373
1,1,119128.28453363408,-0.5605,1.6801594,-0.5918040689421757
1,1,119133.28453244199,-0.5605,1.6798539,-0.5925827578702798
1,1,119138.2845312499,-0.5605,1.6796249,-0.5933614443214004
1,1,119143.2845300578,-0.5605,1.6793003,-0.5941401301160287
1,1,119148.28452886571,-0.5605,1.6788613,-0.5949188132952383
1,1,119153.2845276806,-0.5605,1.6785749,-0.5956974948929413
1,1,119158.28452650714,-0.5605,1.6783267,-0.5964761766461429
1,1,119163.28452533367,-0.5605,1.6781168,-0.5972548583548133
1,1,119168.2845241602,-0.5605,1.6776395,-0.5980335420350695
1,1,119173.28452298674,-0.5605,1.6774677,-0.5988122286932798
1,1,119178.28452181234,-0.5605,1.6770859,-0.599590913802958
1,1,119183.28452062025,-0.5605,1.6767995,-0.6003695978880722
1,1,119188.28451942815,-0.5605,1.6764368,-0.6011482842599748
1,1,119193.28451823606,-0.5605,1.6761314,-0.6019269690798851
1,1,119198.28451704397,-0.5605,1.6759022,-0.6027056548707351
1,1,119203.28451585188,-0.5605,1.6755396,-0.6034843400542966
1,1,119208.28451467468,-0.5605,1.6752341,-0.6042630262445541
1,1,119213.28451350122,-0.5605,1.6748714,-0.6050417153673071
1,1,119218.28451232775,-0.5605,1.6744705,-0.6058204042614432
1,1,119223.28451115428,-0.5605,1.6742224,-0.6065990947462385
1,1,119228.28450998082,-0.5605,1.6738214,-0.6073777860485877
1,1,119233.2845087985,-0.5605,1.6736114,-0.6081564800279471
1,1,119238.28450760641,-0.5605,1.6732488,-0.6089351744968493
1,1,119243.28450641432,-0.5605,1.6730196,-0.609713869467616
1,1,119248.28450522223,-0.5605,1.6725997,-0.6104925652637215
1,1,119253.28450403013,-0.5605,1.6721606,-0.6112712626875306
1,1,119258.2845028427,-0.5605,1.6717979,-0.6120499494809606
1,1,119263.28450166923,-0.5605,1.6715115,-0.6128286355007521
1,1,119268.28450049576,-0.5605,1.6711869,-0.613607319140232
1,1,119273.2844993223,-0.5605,1.6708243,-0.6143860032209983
1,1,119278.28449814883,-0.5605,1.6703851,-0.6151646878838835
1,1,119283.28449697536,-0.5605,1.6700225,-0.6159433738762833
1,1,119288.2844957849,-0.5605,1.6698889,-0.6167220608295763
1,1,119293.28449459281,-0.5605,1.6694689,-0.6175007488454279
1,1,119298.28449340072,-0.5605,1.6691825,-0.6182794352371987
1,1,119303.28449220862,-0.5605,1.6687243,-0.6190581203477711
1,1,119308.28449101653,-0.5605,1.6683425,-0.6198368025487327
1,1,119313.28448983701,-0.5605,1.6680752,-0.6206154844598833
1,1,119318.28448866354,-0.5605,1.6677126,-0.6213941698071821
1,1,119323.28448749008,-0.5605,1.667388,-0.6221728526504964
1,1,119328.28448631661,-0.5605,1.6668534,-0.6229515367732641
1,1,119333.28448514314,-0.5605,1.6666626,-0.6237302257478168
1,1,119338.28448396316,-0.5605,1.6663381,-0.6245089168070718
1,1,119343.28448277107,-0.5605,1.665918,-0.6252876045741006
1,1,119348.28448157897,-0.5605,1.6656699,-0.6260662889047296
1,1,119353.28448038688,-0.5605,1.6651545,-0.6268449767712418
1,1,119358.28447919479,-0.5605,1.6647726,-0.6276236630532475
1,1,119363.28447800456,-0.5605,1.6645244,-0.6284023481894365
1,1,119368.28447683109,-0.5605,1.664009,-0.6291810336075688
1,1,119373.28447565762,-0.5605,1.6636845,-0.6299597197242741
1,1,119378.28447448416,-0.5605,1.6633981,-0.6307384028048414
1,1,119383.28447331069,-0.5605,1.6628636,-0.6315170871528253
1,1,119388.28447213722,-0.5605,1.6626154,-0.6322957736123203
1,1,119393.28447094932,-0.5605,1.6622909,-0.6330744624087676
1,1,119398.28446975723,-0.5605,1.6617945,-0.6338531524042552
1,1,119403.28446856514,-0.5605,1.6615654,-0.6346318427639834
1,1,119408.28446737304,-0.5605,1.6610692,-0.6354105320093962
1,1,119413.28446618095,-0.5605,1.66084,-0.6361892216780549
1,1,119418.28446499864,-0.5605,1.6604391,-0.6369679113951324
1,1,119423.28446382517,-0.5605,1.6600192,-0.6377466014980043
1,1,119428.2844626517,-0.5605,1.6595801,-0.6385252937280137
1,1,119433.28446147824,-0.5605,1.6591983,-0.6393039842047591
1,1,119438.28446030477,-0.5605,1.6588929,-0.6400826754411723
1,1,119443.28445912711,-0.5605,1.6585492,-0.6408613673146498
1,1,119448.28445793502,-0.5605,1.6580337,-0.6416400601950286
1,1,119453.28445674293,-0.5605,1.6576902,-0.64241875379265
1,1,119458.28445555083,-0.5605,1.6574992,-0.6431974472744431
1,1,119463.28445435874,-0.5605,1.6569456,-0.6439761436972087
1,1,119468.28445316665,-0.5605,1.6566592,-0.6447548365659216
1,1,119473.28445199225,-0.5605,1.6561629,-0.6455335272544356
1,1,119478.28445081878,-0.5605,1.655972,-0.6463122153001194
1,1,119483.28444964532,-0.5605,1.655533,-0.6470909004989694
1,1,119488.28444847185,-0.5605,1.6550175,-0.647869588063806
1,1,119493.28444729839,-0.5605,1.6547312,-0.6486482776632074
1,1,119498.28444611281,-0.5605,1.6542538,-0.6494269679239952
1,1,119503.28444492072,-0.5605,1.6537576,-0.6502056597872639
1,1,119508.28444372863,-0.5605,1.6533757,-0.650984347969151
1,1,119513.28444253653,-0.5605,1.6530511,-0.6517630374915101
1,1,119518.28444134444,-0.5605,1.6527457,-0.6525417263456978
1,1,119523.2844401598,-0.5605,1.6523257,-0.6533204174736372
1,1,119528.28443898633,-0.5605,1.6519058,-0.6540991094761422
1,1,119533.28443781286,-0.5605,1.6513331,-0.6548778046674925
1,1,119538.2844366394,-0.5605,1.6509894,-0.6556564983759222
1,1,119543.28443546593,-0.5605,1.6505504,-0.6564351895931526
1,1,119548.28443429107,-0.5605,1.6501495,-0.6572138825820252
1,1,119553.28443309898,-0.5605,1.6497867,-0.6579925781710974
1,1,119558.28443190688,-0.5605,1.6492904,-0.6587712720447181
1,1,119563.28443071479,-0.5605,1.6488513,-0.6595499662367534
1,1,119568.2844295227,-0.5605,1.6484504,-0.6603286578382782
1,1,119573.2844283306,-0.5605,1.6482214,-0.6611073532382249
1,1,119578.28442715388,-0.5605,1.6476486,-0.6618860466909872
1,1,119583.28442598041,-0.5605,1.6472478,-0.6626647402144571
1,1,119588.28442480695,-0.5605,1.6466941,-0.6634434338151779
1,1,119593.28442363348,-0.5605,1.6463696,-0.6642221281762785
1,1,119598.28442246001,-0.5605,1.645816,-0.6650008222262164
1,1,119603.28442127723,-0.5605,1.6454915,-0.665779515629159
1,1,119608.28442008514,-0.5605,1.6450332,-0.6665582082890636
1,1,119613.28441889305,-0.5605,1.6446323,-0.6673369007973605
1,1,119618.28441770095,-0.5605,1.6441169,-0.6681155912420519
1,1,119623.28441650886,-0.5605,1.6436397,-0.668894284168333
1,1,119628.28441532142,-0.5605,1.6432579,-0.6696729755473139
1,1,119633.28441414796,-0.5605,1.6428379,-0.6704516660348411
1,1,119638.28441297449,-0.5605,1.6425134,-0.6712303534583021
1,1,119643.28441180103,-0.5605,1.6419597,-0.6720090417817303
1,1,119648.28441062756,-0.5605,1.6415015,-0.6727877290619978
1,1,119653.28440945409,-0.5605,1.6411006,-0.6735664161829586
1,1,119658.2844082634,-0.5605,1.6406807,-0.6743451053710086
1,1,119663.2844070713,-0.5605,1.6401843,-0.675123793895884
1,1,119668.28440587921,-0.5605,1.6397834,-0.6759024840473039
1,1,119673.28440468712,-0.5605,1.6392871,-0.676681173275024
1,1,119678.28440349502,-0.5605,1.6387717,-0.6774598625709484
1,1,119683.28440231574,-0.5605,1.6382562,-0.6782385488135486
1,1,119688.28440114227,-0.5605,1.6379699,-0.6790172371241022
1,1,119693.2843999688,-0.5605,1.6373589,-0.6797959242683552
1,1,119698.28439879534,-0.5605,1.6368817,-0.6805746103911104
1,1,119703.28439762187,-0.5605,1.6364427,-0.6813533015054367
1,1,119708.28439644189,-0.5605,1.635889,-0.6821319924207895
1,1,119713.2843952498,-0.5605,1.6354308,-0.6829106799946363
1,1,119718.2843940577,-0.5605,1.6351063,-0.6836893662027188
1,1,119723.28439286561,-0.5605,1.6345527,-0.6844680529914301
1,1,119728.28439167351,-0.5605,1.6340182,-0.6852467407479288
1,1,119733.28439048375,-0.5605,1.6335027,-0.6860254266186259
1,1,119738.28438931028,-0.5605,1.63314,-0.6868041111575995
1,1,119743.28438813682,-0.5605,1.6326245,-0.6875827938352328
1,1,119748.28438696335,-0.5605,1.6321473,-0.6883614775716366
1,1,119753.28438578988,-0.5605,1.6316892,-0.6891401603156263
1,1,119758.28438461642,-0.5605,1.6310782,-0.6899188413718245
1,1,119763.28438342805,-0.5605,1.6307728,-0.6906975228071711
1,1,119768.28438223596,-0.5605,1.6302574,-0.6914762038364677
1,1,119773.28438104386,-0.5605,1.6297228,-0.692254887413982
1,1,119778.28437985177,-0.5605,1.6293983,-0.693033571476188
1,1,119783.28437865968,-0.5605,1.6288065,-0.6938122531703413
1,1,119788.28437747783,-0.5605,1.6283293,-0.6945909316053523
1,1,119793.28437630436,-0.5605,1.6277757,-0.6953696120645504
1,1,119798.2843751309,-0.5605,1.6272602,-0.6961482934403784
1,1,119803.28437395743,-0.5605,1.6268593,-0.6969269755158226
1,1,119808.28437278396,-0.5605,1.6260575,-0.6977056561894517
1,1,119813.2843716063,-0.5605,1.6255802,-0.6984843356596067
1,1,119818.28437041421,-0.5605,1.6250458,-0.6992630168505808
1,1,119823.28436922212,-0.5605,1.6245494,-0.7000416955904961
1,1,119828.28436803003,-0.5605,1.6239958,-0.7008203732316131
1,1,119833.28436683794,-0.5605,1.6235567,-0.7015990532804696
1,1,119838.28436564584,-0.5605,1.6230413,-0.702377732896901
1,1,119843.28436447238,-0.5605,1.6224303,-0.7031564149338803
1,1,119848.28436329891,-0.5605,1.6218576,-0.7039350969825454
1,1,119853.28436212544,-0.5605,1.6214186,-0.7047137780757018
1,1,119858.28436095198,-0.5605,1.620865,-0.7054924605874718
1,1,119863.28435977851,-0.5605,1.6203877,-0.7062711421313519
1,1,119868.28435859294,-0.5605,1.619815,-0.7070498236131901
1,1,119873.28435740084,-0.5605,1.619395,-0.7078285037794082
1,1,119878.28435620875,-0.5605,1.618765,-0.7086071867722837
1,1,119883.28435501666,-0.5605,1.6181732,-0.7093858720162611
1,1,119888.28435382457,-0.5605,1.6175814,-0.7101645576456124
1,1,119893.28435264039,-0.5605,1.6170468,-0.7109432433258196
1,1,119898.28435146692,-0.5605,1.6165123,-0.7117219283065432
1,1,119903.28435029346,-0.5605,1.615997,-0.7125006123041445
1,1,119908.28434911999,-0.5605,1.6153479,-0.7132792969186704
1,1,119913.28434794652,-0.5605,1.6148133,-0.7140579832360182
1,1,119918.28434677166,-0.5605,1.6142788,-0.7148366680830982
1,1,119923.28434557957,-0.5605,1.613687,-0.7156153534574774
1,1,119928.28434438747,-0.5605,1.6131907,-0.7163940367231832
1,1,119933.28434319515,-0.5605,1.6125225,-0.7171727208945122
1,1,119938.28434200305,-0.5605,1.6121407,-0.7179514037795994
1,1,119943.28434081096,-0.5605,1.6114153,-0.7187300867554182
1,1,119948.2843396347,-0.5605,1.6107852,-0.7195087669298186
1,1,119953.28433846124,-0.5605,1.6103653,-0.7202874461295373
1,1,119958.28433728777,-0.5605,1.6096208,-0.7210661281070511
1,1,119963.2843361143,-0.5605,1.6090289,-0.7218448151583373
1,1,119968.28433494084,-0.5605,1.6085708,-0.7226235044065085
1,1,119973.28433375806,-0.5605,1.6080744,-0.7234021950843069
1,1,119978.28433256596,-0.5605,1.6074444,-0.7241808855220013
1,1,119983.28433137387,-0.5605,1.6067381,-0.7249595773686867
1,1,119988.28433018178,-0.5605,1.6062418,-0.725738268657691
1,1,119993.28432898968,-0.5605,1.6054591,-0.7265169582443601
1,1,119998.28432780271,-0.5605,1.6049246,-0.7272956463630563
1,1,120003.28432662925,-0.5605,1.6044472,-0.7280743325290183
1,1,120008.28432545578,-0.5605,1.6038555,-0.7288530187562141
1,1,120013.28432428231,-0.5605,1.6031873,-0.7296317045325306
1,1,120018.28432310885,-0.5605,1.6025192,-0.7304103902323544
1,1,120023.28432193538,-0.5605,1.6018891,-0.7311890751568279
1,1,120028.28432074422,-0.5605,1.6013355,-0.7319677603476048
1,1,120033.28431955213,-0.5605,1.6006483,-0.7327464465786252
1,1,120038.28431836003,-0.5605,1.6001902,-0.7335251318449278
1,1,120043.28431716794,-0.5605,1.5995601,-0.7343038187490801
1,1,120048.28431597585,-0.5605,1.5988157,-0.7350825057320396
1,1,120053.2843147968,-0.5605,1.5982047,-0.7358611918143796
1,1,120058.28431362333,-0.5605,1.5975556,-0.7366398792044024
1,1,120063.28431244986,-0.5605,1.5968876,-0.7374185704597301
1,1,120068.2843112764,-0.5605,1.5963339,-0.7381972598636747
1,1,120073.28431010293,-0.5605,1.5956657,-0.7389759503328867
1,1,120078.28430892248,-0.5605,1.5950739,-0.7397546450556186
1,1,120083.28430773038,-0.5605,1.5942721,-0.7405333391610617
1,1,120088.28430653829,-0.5605,1.5935277,-0.7413120316591197
1,1,120093.2843053462,-0.5605,1.5929549,-0.742090723289119
1,1,120098.2843041541,-0.5605,1.5922868,-0.7428694166544677
1,1,120103.28430296434,-0.5605,1.591695,-0.7436481109720503
1,1,120108.28430179087,-0.5605,1.5908931,-0.7444268041918213
1,1,120113.28430061741,-0.5605,1.5901868,-0.7452054973784885
1,1,120118.28429944394,-0.5605,1.5896523,-0.745984190623469
1,1,120123.28429827048,-0.5605,1.5888886,-0.74676288217631
1,1,120128.28429709701,-0.5605,1.5882778,-0.7475415725729831
1,1,120133.28429590841,-0.5605,1.5876096,-0.748320262993008
1,1,120138.28429471632,-0.5605,1.5867506,-0.7490989559645092
1,1,120143.28429352422,-0.5605,1.5860251,-0.7498776474660173
1,1,120148.28429233213,-0.5605,1.5852424,-0.7506563371794158
1,1,120153.28429114004,-0.5605,1.5846125,-0.7514350251210895
1,1,120158.28428995865,-0.5605,1.5840589,-0.7522137164456315
1,1,120163.28428878519,-0.5605,1.5832762,-0.7529924070132773
1,1,120168.28428761172,-0.5605,1.5822262,-0.7537710955388149
1,1,120173.28428643825,-0.5605,1.5818826,-0.7545497840773431
1,1,120178.28428526479,-0.5605,1.5810425,-0.755328472808285
1,1,120183.28428408667,-0.5605,1.5803553,-0.7561071618569726
1,1,120188.28428289457,-0.5605,1.5794199,-0.7568858508060707
1,1,120193.28428170248,-0.5605,1.57879,-0.7576645400220586
1,1,120198.28428051039,-0.5605,1.5780072,-0.7584432281630735
1,1,120203.2842793183,-0.5605,1.5772628,-0.7592219151754579
1,1,120208.2842781262,-0.5605,1.5765754,-0.760000601347622
1,1,120213.28427695273,-0.5605,1.5756401,-0.7607792849331301
1,1,120218.28427577927,-0.5605,1.5750101,-0.761557968525678
1,1,120223.2842746058,-0.5605,1.5743419,-0.7623366522019043
1,1,120228.28427343233,-0.5605,1.5734637,-0.7631153347533578
1,1,120233.28427225887,-0.5605,1.5726237,-0.7638940163583955
1,1,120238.28427107283,-0.5605,1.571841,-0.7646726977283426
1,1,120243.28426988074,-0.5605,1.571001,-0.7654513791337941
1,1,120248.28426868864,-0.5605,1.5702757,-0.7662300627649493
1,1,120253.28426749655,-0.5605,1.5694357,-0.767008742166251
1,1,120258.28426630446,-0.5605,1.568653,-0.7677874234663448
1,1,120263.28426512028,-0.5605,1.5676985,-0.7685661022882363
1,1,120268.28426394681,-0.5605,1.567164,-0.7693447830556566
1,1,120273.28426277335,-0.5605,1.5661521,-0.7701234596496622
1,1,120278.28426159988,-0.5605,1.5653504,-0.7709021363989215
1,1,120283.28426042642,-0.5605,1.5646822,-0.7716808133717942
1,1,120288.28425925109,-0.5605,1.5636895,-0.7724594938670895
1,1,120293.284258059,-0.5605,1.5627731,-0.7732381711032027
1,1,120298.2842568669,-0.5605,1.5620096,-0.7740168484835791
1,1,120303.28425567481,-0.5605,1.5610741,-0.7747955283973218
1,1,120308.28425448271,-0.5605,1.5601578,-0.7755742051623663
1,1,120313.28425329062,-0.5605,1.559356,-0.7763528805312051
1,1,120318.28425211436,-0.5605,1.5584396,-0.7771315611620877
1,1,120323.2842509409,-0.5605,1.5575997,-0.7779102358992862
1,1,120328.28424976743,-0.5605,1.5567788,-0.7786889109343622
1,1,120333.28424859396,-0.5605,1.5558243,-0.7794675862996712
1,1,120338.2842474205,-0.5605,1.5550225,-0.7802462642399869
1,1,120343.28424623678,-0.5605,1.554087,-0.7810249422124196
1,1,120348.28424504469,-0.5605,1.553228,-0.7818036197901668
1,1,120353.2842438526,-0.5605,1.5523307,-0.7825822997578649
1,1,120358.2842426605,-0.5605,1.5515099,-0.7833609796394839
1,1,120363.28424146841,-0.5605,1.5504026,-0.7841396569538648
1,1,120368.28424028144,-0.5605,1.5495245,-0.7849183374975623
1,1,120373.28423910798,-0.5605,1.5484746,-0.7856970195790465
1,1,120378.28423793451,-0.5605,1.5475773,-0.7864756995987298
1,1,120383.28423676104,-0.5605,1.5467182,-0.7872543798985747
1,1,120388.28423558758,-0.5605,1.5457064,-0.7880330619240835
1,1,120393.28423441411,-0.5605,1.5446565,-0.7888117482526437
1,1,120398.28423322248,-0.5605,1.5438356,-0.7895904346580607
1,1,120403.28423203039,-0.5605,1.5428811,-0.7903691208834352
1,1,120408.2842308383,-0.5605,1.541793,-0.7911478109909067
1,1,120413.2842296462,-0.5605,1.5409529,-0.7919264981790685
1,1,120418.28422845411,-0.5605,1.5398457,-0.7927051830162939
1,1,120423.28422727552,-0.5605,1.5389103,-0.793483863975065
1,1,120428.28422610206,-0.5605,1.5378221,-0.7942625503312783
1,1,120433.28422492859,-0.5605,1.5368485,-0.7950412350010346
1,1,120438.28422375512,-0.5605,1.535894,-0.7958199181993807
1,1,120443.28422258166,-0.5605,1.5347104,-0.7965986006599206
1,1,120448.28422140074,-0.5605,1.5338132,-0.7973772825306062
1,1,120453.28422020865,-0.5605,1.5327251,-0.7981559661300982
1,1,120458.28421901655,-0.5605,1.5317705,-0.7989346494795387
1,1,120463.28421782446,-0.5605,1.5307206,-0.7997133341200092
1,1,120468.28421663237,-0.5605,1.5296515,-0.8004920199834412
1,1,120473.28421544307,-0.5605,1.5286397,-0.801270705959122
1,1,120478.2842142696,-0.5605,1.5274562,-0.8020493886249072
1,1,120483.28421309614,-0.5605,1.526578,-0.8028280718138456
1,1,120488.28421192267,-0.5605,1.5253752,-0.8036067576622903
1,1,120493.2842107492,-0.5605,1.5243253,-0.8043854444916022
1,1,120498.28420957574,-0.5605,1.5231608,-0.8051641358559269
1,1,120503.2842083869,-0.5605,1.5220153,-0.8059428265853662
1,1,120508.28420719481,-0.5605,1.52087,-0.806721516122292
1,1,120513.28420600272,-0.5605,1.52003,-0.8075002042188452
1,1,120518.28420481062,-0.5605,1.5188273,-0.8082788932765066
1,1,120523.28420361853,-0.5605,1.5176246,-0.8090575824571722
1,1,120528.28420243738,-0.5605,1.5165174,-0.8098362693233827
1,1,120533.28420126392,-0.5605,1.5153719,-0.8106149570825006
1,1,120538.28420009045,-0.5605,1.5141692,-0.8113936444089286
1,1,120543.28419891698,-0.5605,1.5131575,-0.8121723321155414
1,1,120548.28419774352,-0.5605,1.5118402,-0.8129510187006631
1,1,120553.2841965654,-0.5605,1.5106184,-0.8137297101286853
1,1,120558.2841953733,-0.5605,1.5093585,-0.8145084004299645
1,1,120563.28419418121,-0.5605,1.5083085,-0.8152870910508936
1,1,120568.28419298911,-0.5605,1.5071441,-0.8160657776508403
1,1,120573.28419179702,-0.5605,1.5058268,-0.8168444653460224
1,1,120578.2841906054,-0.5605,1.5045477,-0.8176231517227563
1,1,120583.28418943193,-0.5605,1.5031923,-0.8184018433261553
1,1,120588.28418825846,-0.5605,1.502047,-0.8191805332876814
1,1,120593.284187085,-0.5605,1.500787,-0.8199592236644697
1,1,120598.28418591153,-0.5605,1.4994888,-0.8207379162266558
1,1,120603.28418473806,-0.5605,1.4983435,-0.8215166115374472
1,1,120608.28418355156,-0.5605,1.4970644,-0.8222953028055634
1,1,120613.28418235946,-0.5605,1.4958235,-0.823073992829138
1,1,120618.28418116737,-0.5605,1.4945062,-0.8238526800008223
1,1,120623.28417997528,-0.5605,1.4930936,-0.8246313686717225
1,1,120628.28417878319,-0.5605,1.4917573,-0.8254100571623881
1,1,120633.28417759947,-0.5605,1.4905927,-0.8261887449730807
1,1,120638.28417642601,-0.5605,1.4891227,-0.8269674319720143
1,1,120643.28417525254,-0.5605,1.4878247,-0.8277461185313967
1,1,120648.28417407908,-0.5605,1.4863547,-0.8285248048543871
1,1,120653.28417290561,-0.5605,1.4850374,-0.8293034914592345
1,1,120658.28417172981,-0.5605,1.4837011,-0.8300821791181108
1,1,120663.28417053772,-0.5605,1.4823076,-0.8308608644502269
1,1,120668.28416934563,-0.5605,1.480914,-0.8316395533211701
1,1,120673.28416815354,-0.5605,1.4795204,-0.8324182430148429
1,1,120678.28416696144,-0.5605,1.4782413,-0.8331969332774686
1,1,120683.28416576935,-0.5605,1.4769241,-0.8339756212844922
1,1,120688.28416459356,-0.5605,1.4752442,-0.8347543089078242
1,1,120693.28416342009,-0.5605,1.4738888,-0.8355329992354487
1,1,120698.28416224662,-0.5605,1.4724379,-0.8363116918313742
1,1,120703.28416107316,-0.5605,1.4708916,-0.837090383534813
1,1,120708.28415989969,-0.5605,1.4695553,-0.8378690802550158
1,1,120713.28415871598,-0.5605,1.4680281,-0.8386477746515415
1,1,120718.28415752389,-0.5605,1.4665581,-0.8394264723541116
1,1,120723.28415633179,-0.5605,1.4648972,-0.8402051692213259
1,1,120728.2841551397,-0.5605,1.4635227,-0.8409838647841158
1,1,120733.2841539476,-0.5605,1.4619191,-0.8417625573796573
1,1,120738.28415276157,-0.5605,1.4603919,-0.8425412524661265
1,1,120743.2841515881,-0.5605,1.4588456,-0.8433199468812521
1,1,120748.28415041463,-0.5605,1.4572611,-0.8440986402929136
1,1,120753.28414924117,-0.5605,1.4556003,-0.8448773336012372
1,1,120758.2841480677,-0.5605,1.4539776,-0.8456560275182733
1,1,120763.28414689424,-0.5605,1.4522785,-0.8464347243541687
1,1,120768.28414570261,-0.5605,1.4505222,-0.8472134199840667
1,1,120773.28414451052,-0.5605,1.4489378,-0.8479921128887478
1,1,120778.28414331819,-0.5605,1.4472959,-0.8487708080927342
1,1,120783.2841421261,-0.5605,1.4458069,-0.8495495062076227
1,1,120788.284140934,-0.5605,1.4440124,-0.8503282068702257
1,1,120793.28413975588,-0.5605,1.4423516,-0.851106905315569
1,1,120798.28413858241,-0.5605,1.4406525,-0.8518856012540634
1,1,120803.28413740895,-0.5605,1.4389917,-0.8526642970028032
1,1,120808.28413623548,-0.5605,1.4370826,-0.8534429907705462
1,1,120813.28413506201,-0.5605,1.4354028,-0.8542216845891782
1,1,120818.2841338811,-0.5605,1.4334555,-0.8550003799675944
1,1,120823.284132689,-0.5605,1.4317182,-0.8557790765136059
1,1,120828.28413149691,-0.5605,1.4299428,-0.8565577712281024
1,1,120833.28413030482,-0.5605,1.4281484,-0.8573364704653994
1,1,120838.28412911273,-0.5605,1.4263539,-0.8581151692368165
1,1,120843.2841279239,-0.5605,1.424693,-0.8588938665130975
1,1,120848.28412675043,-0.5605,1.4228413,-0.8596725643572982
1,1,120853.28412557696,-0.5605,1.420894,-0.8604512630129333
1,1,120858.2841244035,-0.5605,1.4190614,-0.8612299632368163
1,1,120863.28412323003,-0.5605,1.4171333,-0.8620086622209326
1,1,120868.28412205656,-0.5605,1.415167,-0.862787358800442
1,1,120873.28412086773,-0.5605,1.413277,-0.8635660558280391
1,1,120878.28411967563,-0.5605,1.4112916,-0.8643447540963699
1,1,120883.28411848354,-0.5605,1.4094399,-0.8651234514271262
1,1,120888.28411729145,-0.5605,1.407359,-0.8659021451212906
1,1,120893.28411609936,-0.5605,1.4053928,-0.866680843270879
1,1,120898.28411491844,-0.5605,1.4033692,-0.8674595382502222
1,1,120903.28411374497,-0.5605,1.401212,-0.8682382342989587
1,1,120908.2841125715,-0.5605,1.3992075,-0.8690169351313058
1,1,120913.28411139804,-0.5605,1.3972794,-0.8697956376469543
1,1,120918.28411022457,-0.5605,1.3951794,-0.8705743429541367
1,1,120923.28410904598,-0.5605,1.3930986,-0.8713530432987721
1,1,120928.28410785389,-0.5605,1.3909987,-0.8721317424711794
1,1,120933.2841066618,-0.5605,1.3888224,-0.8729104416794754
1,1,120938.2841054697,-0.5605,1.386646,-0.8736891412149248
1,1,120943.28410427761,-0.5605,1.3844507,-0.8744678395922493
1,1,120948.28410308599,-0.5605,1.3822935,-0.875246537186031
1,1,120953.28410191252,-0.5605,1.3801363,-0.8760252327971403
1,1,120958.28410073905,-0.5605,1.3779409,-0.8768039311766636
1,1,120963.28409956559,-0.5605,1.37565,-0.8775826303746447
1,1,120968.28409839212,-0.5605,1.3734356,-0.878361329889557
1,1,120973.28409721865,-0.5605,1.3709921,-0.8791400277315059
1,1,120978.28409603192,-0.5605,1.3688921,-0.8799187230531155
1,1,120983.28409483982,-0.5605,1.3665059,-0.8806974183891858
1,1,120988.28409364773,-0.5605,1.3642722,-0.8814761140361739
1,1,120993.28409245564,-0.5605,1.3619051,-0.8822548096169842
1,1,120998.28409126354,-0.5605,1.359576,-0.8830335080402274
1,1,121003.2840900803,-0.5605,1.3569988,-0.8838121986354072
1,1,121008.28408890683,-0.5605,1.3547081,-0.8845908946770409
1,1,121013.28408773337,-0.5605,1.3523027,-0.8853695937659786
1,1,121018.2840865599,-0.5605,1.3499545,-0.8861482961080351
1,1,121023.28408538643,-0.5605,1.3474156,-0.8869269983540057
1,1,121028.28408421017,-0.5605,1.3448001,-0.8877056962021204
1,1,121033.28408301808,-0.5605,1.3422803,-0.8884843970476831
1,1,121038.28408182599,-0.5605,1.3397412,-0.8892630905706828
1,1,121043.2840806339,-0.5605,1.3371259,-0.8900417880752065
1,1,121048.2840794418,-0.5605,1.3345104,-0.8908204870309113
1,1,121053.28407824971,-0.5605,1.3320478,-0.8915991847672706
1,1,121058.28407707438,-0.5605,1.3293943,-0.8923778823389555
1,1,121063.28407590091,-0.5605,1.3267598,-0.8931565812693416
1,1,121068.28407472745,-0.5605,1.3241062,-0.8939352830489522
1,1,121073.28407355398,-0.5605,1.3214146,-0.8947139822817656
1,1,121078.28407238051,-0.5605,1.3186464,-0.8954926815864125
1,1,121083.28407119634,-0.5605,1.3158784,-0.8962713798619422
1,1,121088.28407000424,-0.5605,1.3133966,-0.8970500768445213
1,1,121093.28406881215,-0.5605,1.3106095,-0.8978287763301246
1,1,121098.28406762006,-0.5605,1.307765,-0.8986074747646827
1,1,121103.28406642796,-0.5605,1.3049587,-0.8993861744327458
1,1,121108.28406524193,-0.5605,1.3020952,-0.9001648748280054
1,1,121113.28406406846,-0.5605,1.2992889,-0.9009435793037791
1,1,121118.28406289499,-0.5605,1.2966354,-0.9017222838710526
1,1,121123.28406172153,-0.5605,1.2935618,-0.902500986115023
1,1,121128.28406054806,-0.5605,1.29066,-0.9032796897572324
1,1,121133.2840593746,-0.5605,1.2878538,-0.9040583895069108
1,1,121138.2840581825,-0.5605,1.284933,-0.9048370864422433
1,1,121143.28405699041,-0.5605,1.2819358,-0.9056157802639847
1,1,121148.28405579831,-0.5605,1.279015,-0.9063944739722986
1,1,121153.28405460622,-0.5605,1.2760369,-0.9071731690734074
1,1,121158.28405341413,-0.5605,1.2731543,-0.9079518624236198
1,1,121163.284052236,-0.5605,1.270138,-0.9087305553194032
1,1,121168.28405106254,-0.5605,1.2669499,-0.9095092480631085
1,1,121173.28404988907,-0.5605,1.2640864,-0.9102879399929754
1,1,121178.2840487156,-0.5605,1.2610892,-0.9110666321210475
1,1,121183.28404754214,-0.5605,1.2580347,-0.9118453239543715
1,1,121188.28404636076,-0.5605,1.2547894,-0.9126240178797554
1,1,121193.28404516866,-0.5605,1.2516395,-0.9134027083001843
1,1,121198.28404397657,-0.5605,1.2485659,-0.9141813966558421
1,1,121203.28404278448,-0.5605,1.2454734,-0.9149600844966846
1,1,121208.28404159239,-0.5605,1.2423234,-0.9157387743274845
1,1,121213.28404040355,-0.5605,1.239078,-0.9165174651677321
1,1,121218.28403923009,-0.5605,1.235699,-0.9172961549954757
1,1,121223.28403805662,-0.5605,1.2323393,-0.9180748488019485
1,1,121228.28403688315,-0.5605,1.2290939,-0.9188535443621323
1,1,121233.28403570969,-0.5605,1.225734,-0.9196322391524658
1,1,121238.28403453622,-0.5605,1.2224886,-0.9204109314404142
1,1,121243.28403334646,-0.5605,1.2192051,-0.9211896198089333
1,1,121248.28403215436,-0.5605,1.216017,-0.9219683051970017
1,1,121253.28403096227,-0.5605,1.2125235,-0.9227469893475385
1,1,121258.28402977018,-0.5605,1.2093545,-0.9235256753997483
1,1,121263.28402857808,-0.5605,1.205861,-0.9243043628086062
1,1,121268.28402739717,-0.5605,1.2025965,-0.9250830503775654
1,1,121272.12442649656,-0.5605,1.2000575,-0.9256811447059159
1,1,121272.12462649657,-0.5605,1.2000957,-0.9256811758547734
1,2,121272.12542649655,0.5605,1.2423668,6.186888284153408e-08
1,2,121277.12542532309,0.5605,1.3286307,0.000778335848795043
1,2,121282.12542414962,0.5605,1.3601869,0.0015566147548125848
1,2,121287.12542297615,0.5605,1.385787,0.0023348931826353073
1,2,121292.12542180129,0.5605,1.4082372,0.0031131707207891677
1,2,121297.1254206092,0.5605,1.4286257,0.0038914470352927845
1,2,121302.1254194171,0.5605,1.447716,0.004669724903484185
1,2,121307.12541822501,0.5605,1.4658135,0.005448000864860084
1,2,121312.12541703292,0.5605,1.4829948,0.00622627429453863
1,2,121317.12541584083,0.5605,1.4995843,0.0070045488261083755
1,2,121322.1254146641,0.5605,1.5154865,0.007782822084685166
1,2,121327.12541349063,0.5605,1.5311596,0.008561093655907445
1,2,121332.12541231717,0.5605,1.5462028,0.009339367392288314
1,2,121337.1254111437,0.5605,1.5609596,0.010117639677183496
1,2,121342.12540997023,0.5605,1.5755064,0.010895913452648455
1,2,121347.12540878745,0.5605,1.5895951,0.011674188001771769
1,2,121352.12540759536,0.5605,1.6034546,0.012452465131259628
1,2,121357.12540640327,0.5605,1.6172569,0.013230739848173328
1,2,121362.12540521118,0.5605,1.6307538,0.014009012600415285
1,2,121367.12540401908,0.5605,1.6438496,0.014787286461691064
1,2,121372.12540283165,0.5605,1.6570601,0.015565559630301266
1,2,121377.12540165818,0.5605,1.6700988,0.01634383215769132
1,2,121382.12540048471,0.5605,1.6829084,0.01712210287066632
1,2,121387.12539931125,0.5605,1.6956226,0.017900372613304193
1,2,121392.12539813778,0.5605,1.707974,0.018678643539259833
1,2,121397.12539696431,0.5605,1.7203444,0.019456914366324744
1,2,121402.12539577362,0.5605,1.732524,0.020235185098201037
1,2,121407.12539458153,0.5605,1.7446083,0.021013453318231637
1,2,121412.12539338943,0.5605,1.7562724,0.021791722520361344
1,2,121417.12539219734,0.5605,1.768013,0.02256998811437355
1,2,121422.12539100525,0.5605,1.7796007,0.023348256662786008
1,2,121427.12538982573,0.5605,1.7908832,0.024126525713288122
1,2,121432.12538865226,0.5605,1.8020128,0.024904792696598503
1,2,121437.1253874788,0.5605,1.8129324,0.025683062625510823
1,2,121442.12538630533,0.5605,1.8236039,0.026461334234658213
1,2,121447.12538513186,0.5605,1.8342181,0.02723960299808118
1,2,121452.12538395188,0.5605,1.844546,0.028017869706180358
1,2,121457.12538275978,0.5605,1.8546256,0.02879613985568947
1,2,121462.12538156769,0.5605,1.864648,0.029574410428822036
1,2,121467.1253803756,0.5605,1.8742696,0.030352678427560457
1,2,121472.1253791835,0.5605,1.8835284,0.03113094646971093
1,2,121477.12537799327,0.5605,1.8929017,0.03190921156949136
1,2,121482.12537681981,0.5605,1.9017214,0.03268747348306245
1,2,121487.12537564634,0.5605,1.9104457,0.03346573598473602
1,2,121492.12537447287,0.5605,1.9188645,0.03424399874131878
1,2,121497.12537329941,0.5605,1.9270924,0.035022259330736265
1,2,121502.12537212594,0.5605,1.9350531,0.03580052032675014
1,2,121507.12537093757,0.5605,1.9427273,0.03657878284433815
1,2,121512.12536974548,0.5605,1.9501535,0.03735704521945781
1,2,121517.12536855339,0.5605,1.9573314,0.03813530700003438
1,2,121522.1253673613,0.5605,1.964223,0.03891357062169578
1,2,121527.1253661692,0.5605,1.9710001,0.039691833239171234
1,2,121532.12536498689,0.5605,1.9775863,0.04047009273647599
1,2,121537.12536381342,0.5605,1.9839051,0.041248351046820474
1,2,121542.12536263996,0.5605,1.9900331,0.04202660703436533
1,2,121547.12536146649,0.5605,1.9960465,0.042804858837395904
1,2,121552.12536029302,0.5605,2.0017545,0.04358311363978518
1,2,121557.12535911537,0.5605,2.0071952,0.04436136848430832
1,2,121562.12535792327,0.5605,2.0127125,0.045139626487241846
1,2,121567.12535673118,0.5605,2.0180194,0.04591788348233037
1,2,121572.12535553912,0.5605,2.022983,0.04669614333497484
1,2,121577.12535434702,0.5605,2.0279465,0.04747440343971054
1,2,121582.12535315493,0.5605,2.0325663,0.048252665662556884
1,2,121587.12535198053,0.5605,2.0373008,0.04903092550719115
1,2,121592.12535080707,0.5605,2.0417297,0.04980918790506985
1,2,121597.1253496336,0.5605,2.0460632,0.05058744896364543
1,2,121602.12534846013,0.5605,2.0503776,0.05136570624635616
1,2,121607.12534728667,0.5605,2.0543866,0.052143967619445585
1,2,121612.1253461011,0.5605,2.0585673,0.05292223172135816
1,2,121617.125344909,0.5605,2.06229,0.053700493952314056
1,2,121622.1253437169,0.5605,2.065936,0.054478755120787356
1,2,121627.12534252481,0.5605,2.069716,0.055257015519099104
1,2,121632.12534133272,0.5605,2.0733433,0.05603527312004235
1,2,121637.12534014854,0.5605,2.076665,0.05681353218405114
1,2,121642.12533897508,0.5605,2.0801775,0.05759179020063082
1,2,121647.12533780161,0.5605,2.0834038,0.05837004976544115
1,2,121652.12533662815,0.5605,2.08663,0.059148309627632296
1,2,121657.12533545468,0.5605,2.0897992,0.059926571801573035
1,2,121662.12533427982,0.5605,2.0926626,0.06070483333496252
1,2,121667.12533308772,0.5605,2.0956979,0.0614830974549618
1,2,121672.12533189563,0.5605,2.0985234,0.062261358692983784
1,2,121677.12533070354,0.5605,2.1015205,0.06303961923911836
1,2,121682.12532951144,0.5605,2.1042123,0.06381787887484497
1,2,121687.12532831935,0.5605,2.1068468,0.06459614114367962
1,2,121692.12532714309,0.5605,2.1095576,0.0653744015143613
1,2,121697.12532596962,0.5605,2.1121347,0.06615266503368815
1,2,121702.12532479616,0.5605,2.1145592,0.06693092715450791
1,2,121707.12532362269,0.5605,2.117079,0.06770918864248197
1,2,121712.12532244922,0.5605,2.1194081,0.06848745012011793
1,2,121717.12532126645,0.5605,2.1217945,0.06926571043025785
1,2,121722.12532007435,0.5605,2.1241233,0.0700439734773371
1,2,121727.12531888226,0.5605,2.1264334,0.07082223932301004
1,2,121732.12531769017,0.5605,2.1285524,0.07160050484343701
1,2,121737.12531649807,0.5605,2.1307287,0.07237876915792955
1,2,121742.1253153111,0.5605,2.132695,0.07315703176402052
1,2,121747.12531413764,0.5605,2.1347568,0.07393529521290461
1,2,121752.12531296417,0.5605,2.136723,0.0747135592828095
1,2,121757.1253117907,0.5605,2.1386893,0.07549182425303923
1,2,121762.12531061724,0.5605,2.1408083,0.07627008902890815
1,2,121767.12530944377,0.5605,2.142603,0.07704835148451726
1,2,121772.12530825307,0.5605,2.1446073,0.07782661876697011
1,2,121777.12530706098,0.5605,2.146402,0.07860488590714336
1,2,121782.12530586889,0.5605,2.1479864,0.0793831547293928
1,2,121787.1253046768,0.5605,2.1497426,0.08016142224873106
1,2,121792.1253034847,0.5605,2.1516707,0.08093969054337674
1,2,121797.12530230565,0.5605,2.1532362,0.0817179619089365
1,2,121802.12530113218,0.5605,2.1549351,0.08249623193086188
1,2,121807.12529995872,0.5605,2.1566916,0.08327450458259385
1,2,121812.12529878525,0.5605,2.158066,0.0840527806270553
1,2,121817.12529761178,0.5605,2.1596887,0.0848310585246053
1,2,121822.12529643133,0.5605,2.1612923,0.08560933698669738
1,2,121827.12529523924,0.5605,2.162724,0.08638761576597889
1,2,121832.12529404715,0.5605,2.1643467,0.08716589520548118
1,2,121837.12529285482,0.5605,2.165683,0.08794417404077781
1,2,121842.12529166273,0.5605,2.1672294,0.08872245142421126
1,2,121847.12529047296,0.5605,2.1687183,0.08950072870340943
1,2,121852.1252892995,0.5605,2.1699593,0.09027900706916053
1,2,121857.12528812603,0.5605,2.171391,0.09105728539372483
1,2,121862.12528695256,0.5605,2.1727273,0.09183556786407696
1,2,121867.1252857791,0.5605,2.1739874,0.09261384833077589
1,2,121872.12528460563,0.5605,2.1753235,0.0933921289593478
1,2,121877.12528341726,0.5605,2.176679,0.09417041171181864
1,2,121882.12528222517,0.5605,2.1778054,0.0949486944263445
1,2,121887.12528103308,0.5605,2.17918,0.0957269745377534
1,2,121892.12527984098,0.5605,2.1803443,0.09650525491620766
1,2,121897.12527864889,0.5605,2.1814516,0.09728353122836352
1,2,121902.12527746751,0.5605,2.182845,0.09806180758531557
1,2,121907.12527629404,0.5605,2.1839333,0.09884008635718625
1,2,121912.12527512058,0.5605,2.185136,0.09961836507018408
1,2,121917.12527394711,0.5605,2.1862433,0.10039664101626808
1,2,121922.12527277364,0.5605,2.187503,0.10117491876538927
1,2,121927.12527159599,0.5605,2.188553,0.10195319684164061
1,2,121932.12527040389,0.5605,2.1896987,0.10273147570431895
1,2,121937.1252692118,0.5605,2.1907868,0.1035097528056966
1,2,121942.1252680197,0.5605,2.1918175,0.10428802732227246
1,2,121947.12526682761,0.5605,2.1928103,0.10506630001024074
1,2,121952.12526563552,0.5605,2.1941848,0.10584457204358445
1,2,121957.12526446205,0.5605,2.1949866,0.10662284301173687
1,2,121962.12526328859,0.5605,2.1960175,0.10740111883445581
1,2,121967.12526211512,0.5605,2.1968575,0.10817939429608982
1,2,121972.12526094166,0.5605,2.1981366,0.10895766919510233
1,2,121977.12525976819,0.5605,2.199129,0.10973594459115797
1,2,121982.12525858262,0.5605,2.2002363,0.11051422087401153
1,2,121987.12525739052,0.5605,2.2010574,0.1112924949829446
1,2,121992.12525619843,0.5605,2.2021072,0.11207076945859196
1,2,121997.12525500634,0.5605,2.2029855,0.11284904272416237
1,2,122002.12525381424,0.5605,2.2038827,0.1136273169694245
1,2,122007.12525263007,0.5605,2.204818,0.11440559273008838
1,2,122012.1252514566,0.5605,2.2059062,0.11518386850911712
1,2,122017.12525028313,0.5605,2.2068799,0.11596213971316485
1,2,122022.12524910967,0.5605,2.2076054,0.11674041273482312
1,2,122027.1252479362,0.5605,2.208808,0.11751868539433681
1,2,122032.12524676122,0.5605,2.2095907,0.11829695784449912
1,2,122037.12524556913,0.5605,2.2103734,0.11907523128052887
1,2,122042.12524437704,0.5605,2.2113853,0.11985350386664936
1,2,122047.12524318493,0.5605,2.2120152,0.12063177608054879
1,2,122052.12524199284,0.5605,2.213008,0.12141004792847569
1,2,122057.12524080074,0.5605,2.2141914,0.1221883193984959
1,2,122062.12523962448,0.5605,2.214745,0.12296658857475058
1,2,122067.12523845102,0.5605,2.2156231,0.12374485824005806
1,2,122072.12523727755,0.5605,2.216444,0.12452312729957041
1,2,122077.12523610408,0.5605,2.2173796,0.12530139731057488
1,2,122082.12523493062,0.5605,2.2182386,0.12607966564255957
1,2,122087.1252337469,0.5605,2.2190022,0.12685793646370375
1,2,122092.12523255481,0.5605,2.2198422,0.12763620767158937
1,2,122097.12523136272,0.5605,2.2205102,0.12841447672985
1,2,122102.12523017063,0.5605,2.2213886,0.12919274771049954
1,2,122107.12522897853,0.5605,2.2222667,0.12997101827225094
1,2,122112.12522779156,0.5605,2.2231448,0.13074928905946684
1,2,122117.1252266181,0.5605,2.2240038,0.13152756036745844
1,2,122122.12522544463,0.5605,2.2247102,0.13230582761687376
1,2,122127.12522427116,0.5605,2.225512,0.13308409363008544
1,2,122132.1252230977,0.5605,2.226333,0.13386236098033527
1,2,122137.12522192423,0.5605,2.2271156,0.13464062773948915
1,2,122142.1252207326,0.5605,2.227841,0.13541889561247503
1,2,122147.12521954051,0.5605,2.2287002,0.13619716307657634
1,2,122152.12521834842,0.5605,2.2294254,0.1369754320477745
1,2,122157.12521715632,0.5605,2.23017,0.13775369913543273
1,2,122162.12521596423,0.5605,2.230991,0.13853196583302163
1,2,122167.12521478518,0.5605,2.2318308,0.13931023247336027
1,2,122172.12521361171,0.5605,2.2325182,0.1400885004164975
1,2,122177.12521243824,0.5605,2.2333581,0.14086676527196842
1,2,122182.12521126478,0.5605,2.2340837,0.14164502995640713
1,2,122187.12521009131,0.5605,2.2347708,0.14242329558092698
1,2,122192.1252089104,0.5605,2.2354963,0.14320155838461066
1,2,122197.1252077183,0.5605,2.2364316,0.14397982369488158
1,2,122202.12520652621,0.5605,2.2370043,0.14475809418454777
1,2,122207.12520533412,0.5605,2.2377489,0.1455363633952473
1,2,122212.12520414202,0.5605,2.2383597,0.14631463482601456
1,2,122217.12520295272,0.5605,2.2393715,0.14709290760159505
1,2,122222.12520177926,0.5605,2.240059,0.1478711785772146
1,2,122227.12520060579,0.5605,2.2407079,0.14864944995177798
1,2,122232.12519943232,0.5605,2.2414334,0.14942772012618197
1,2,122237.12519825886,0.5605,2.2421014,0.1502059909118945
1,2,122242.12519708539,0.5605,2.2428842,0.150984260461612
1,2,122247.12519589656,0.5605,2.2436097,0.15176252785271088
1,2,122252.12519470447,0.5605,2.2443924,0.15254079623311773
1,2,122257.12519351237,0.5605,2.2450223,0.15331906360876907
1,2,122262.12519232028,0.5605,2.2457094,0.15409733161856415
1,2,122267.12519112819,0.5605,2.2465496,0.15487559956821484
1,2,122272.1251899468,0.5605,2.2471986,0.15565386741587536
1,2,122277.12518877334,0.5605,2.247924,0.15643213657761298
1,2,122282.12518759987,0.5605,2.248764,0.15721040840278086
1,2,122287.1251864264,0.5605,2.2495277,0.15798867939261943
1,2,122292.12518525294,0.5605,2.2500813,0.15876695118351794
1,2,122297.12518407482,0.5605,2.2508256,0.1595452225253981
1,2,122302.12518288272,0.5605,2.2515893,0.16032349705567642
1,2,122307.12518169063,0.5605,2.2523148,0.1611017715673382
1,2,122312.12518049854,0.5605,2.2530594,0.16188004445568074
1,2,122317.12517930644,0.5605,2.2537084,0.16265831848038914
1,2,122322.12517811435,0.5605,2.2543192,0.16343658937352912
1,2,122327.12517694088,0.5605,2.2551782,0.16421485920322287
1,2,122332.12517576742,0.5605,2.2558846,0.16499312872318772
1,2,122337.12517459395,0.5605,2.2564955,0.16577139631794574
1,2,122342.12517342049,0.5605,2.2571828,0.16654966558872344
1,2,122347.12517224702,0.5605,2.2579465,0.16732793891870992
1,2,122352.12517106098,0.5605,2.2586336,0.16810621030785988
1,2,122357.12516986889,0.5605,2.2592638,0.16888447924052694
1,2,122362.1251686768,0.5605,2.2600272,0.16966274738742596
1,2,122367.1251674847,0.5605,2.2607336,0.17044101586731294
1,2,122372.12516629261,0.5605,2.2613444,0.17121928139266723
1,2,122377.12516510843,0.5605,2.2621462,0.1719975485726564
1,2,122382.12516393496,0.5605,2.262929,0.17277581513957535
1,2,122387.1251627615,0.5605,2.2634826,0.17355408255622143
1,2,122392.12516158803,0.5605,2.2642462,0.17433235193770152
1,2,122397.12516041457,0.5605,2.2650099,0.1751106212515469
1,2,122402.12515923877,0.5605,2.2655826,0.17588889370979888
1,2,122407.12515804668,0.5605,2.2662888,0.17666716784841838
1,2,122412.12515685458,0.5605,2.267167,0.17744544194751338
1,2,122417.1251556625,0.5605,2.2678924,0.17822371294108055
1,2,122422.12515447041,0.5605,2.2685988,0.17900198593854927
1,2,122427.12515327832,0.5605,2.2692668,0.17978025949074516
1,2,122432.12515210206,0.5605,2.2699733,0.18055853236543493
1,2,122437.1251509286,0.5605,2.2706416,0.18133680776010974
1,2,122442.12514975513,0.5605,2.2714434,0.18211508015449535
1,2,122447.12514858166,0.5605,2.2721496,0.18289335250520067
1,2,122452.1251474082,0.5605,2.2727795,0.18367162542916693
1,2,122457.12514622448,0.5605,2.2734478,0.18444989703016834
1,2,122462.12514503239,0.5605,2.2740967,0.18522817271996891
1,2,122467.1251438403,0.5605,2.274784,0.18600644724530335
1,2,122472.1251426482,0.5605,2.2756622,0.18678472282315317
1,2,122477.12514145611,0.5605,2.2764258,0.18756299677619362
1,2,122482.12514027007,0.5605,2.2771513,0.18834126795559483
1,2,122487.1251390966,0.5605,2.2778575,0.18911953848587498
1,2,122492.12513792314,0.5605,2.2784302,0.1898978113677703
1,2,122497.12513674967,0.5605,2.2793276,0.19067608530767452
1,2,122502.1251355762,0.5605,2.2799575,0.19145435799533816
1,2,122507.12513440274,0.5605,2.2806065,0.19223263394962112
1,2,122512.12513321111,0.5605,2.2813892,0.19301090996162124
1,2,122517.12513201902,0.5605,2.282191,0.19378918380270096
1,2,122522.12513082693,0.5605,2.2828403,0.1945674568621254
1,2,122527.12512963483,0.5605,2.2834702,0.1953457298801544
1,2,122532.12512844274,0.5605,2.2843292,0.19612400729082385
1,2,122537.12512726462,0.5605,2.2849975,0.19690228438271112
1,2,122542.12512609115,0.5605,2.28578,0.19768056030011205
1,2,122547.12512491769,0.5605,2.2864482,0.19845883280194496
1,2,122552.12512374422,0.5605,2.287231,0.19923710408488607
1,2,122557.12512257075,0.5605,2.2880328,0.2000153771974116
1,2,122562.12512138984,0.5605,2.2888346,0.2007936526284287
1,2,122567.12512019774,0.5605,2.289331,0.20157193108635177
1,2,122572.12511900565,0.5605,2.2902281,0.2023502057873212
1,2,122577.12511781356,0.5605,2.290858,0.2031284819672309
1,2,122582.12511662146,0.5605,2.291679,0.2039067554604513
1,2,122587.12511543263,0.5605,2.2923472,0.20468502642238498
1,2,122592.12511425916,0.5605,2.293168,0.20546329421658344
1,2,122597.1251130857,0.5605,2.2938743,0.20624156491430626
1,2,122602.12511191223,0.5605,2.2946188,0.20701983887257203
1,2,122607.12511073877,0.5605,2.2953062,0.20779810913039934
1,2,122612.1251095653,0.5605,2.2962606,0.20857638310859625
1,2,122617.12510837647,0.5605,2.2968714,0.20935465891379143
1,2,122622.12510718437,0.5605,2.2977116,0.2101329330683916
1,2,122627.12510599228,0.5605,2.298456,0.21091120738463293
1,2,122632.12510480019,0.5605,2.2991624,0.21168947954714654
1,2,122637.1251036081,0.5605,2.3000405,0.21246775071711366
1,2,122642.12510242718,0.5605,2.3006897,0.21324602439546608
1,2,122647.12510125371,0.5605,2.3013577,0.21402429264805406
1,2,122652.12510008024,0.5605,2.3021977,0.2148025624639593
1,2,122657.12509890678,0.5605,2.3029804,0.2155808345467881
1,2,122662.12509773331,0.5605,2.303706,0.21635910622754717
1,2,122667.12509655519,0.5605,2.3044887,0.2171373757896227
1,2,122672.1250953631,0.5605,2.305252,0.21791564681690292
1,2,122677.125094171,0.5605,2.3060348,0.21869391658469728
1,2,122682.12509297868,0.5605,2.3068938,0.21947218766832044
1,2,122687.12509178658,0.5605,2.3076575,0.22025045747530814
1,2,122692.12509059496,0.5605,2.3085358,0.22102872675304966
1,2,122697.12508942149,0.5605,2.309242,0.22180699760195968
1,2,122702.12508824802,0.5605,2.31012,0.2225852709409034
1,2,122707.12508707456,0.5605,2.3108265,0.22336354521798452
1,2,122712.12508590109,0.5605,2.3116474,0.22414182284369097
1,2,122717.12508472762,0.5605,2.3125446,0.22492010387019343
1,2,122722.12508354112,0.5605,2.3133845,0.2256983888180689
1,2,122727.12508234903,0.5605,2.3142054,0.2264766747834354
1,2,122732.12508115693,0.5605,2.3150072,0.22725496120726094
1,2,122737.12507996484,0.5605,2.3157518,0.22803324955991597
1,2,122742.12507877275,0.5605,2.3164582,0.22881153671169635
1,2,122747.12507758904,0.5605,2.3173363,0.22958982305288006
1,2,122752.12507641557,0.5605,2.3182526,0.23036810760555687
1,2,122757.1250752421,0.5605,2.318978,0.23114639500442832
1,2,122762.12507406864,0.5605,2.319818,0.2319246791575454
1,2,122767.12507289517,0.5605,2.320677,0.23270296270909596
1,2,122772.12507171938,0.5605,2.3216317,0.2334812462580736
1,2,122777.12507052728,0.5605,2.3223572,0.23425953192812227
1,2,122782.12506933519,0.5605,2.3231397,0.23503781692090983
1,2,122787.1250681431,0.5605,2.3240561,0.2358161020828918
1,2,122792.125066951,0.5605,2.325068,0.2365943892876806
1,2,122797.12506575891,0.5605,2.3258314,0.2373726756868861
1,2,122802.12506458358,0.5605,2.3266141,0.238150961150961
1,2,122807.12506341012,0.5605,2.3275878,0.23892924901400361
1,2,122812.12506223665,0.5605,2.3283706,0.2397075390209955
1,2,122817.12506106318,0.5605,2.3292105,0.2404858280108242
1,2,122822.12505988972,0.5605,2.329955,0.24126411301475784
1,2,122827.125058706,0.5605,2.3310623,0.2420424019315278
1,2,122832.12505751391,0.5605,2.3319023,0.2428206862591209
1,2,122837.12505632182,0.5605,2.3327804,0.24359897119270119
1,2,122842.12505512973,0.5605,2.333716,0.24437725733221258
1,2,122847.12505393763,0.5605,2.334365,0.2451555420731109
1,2,122852.1250527516,0.5605,2.3353386,0.24593382423519775
1,2,122857.12505157813,0.5605,2.3362548,0.24671210516222003
1,2,122862.12505040466,0.5605,2.3371139,0.24749038424634617
1,2,122867.1250492312,0.5605,2.3380876,0.24826866464827474
1,2,122872.12504805773,0.5605,2.3389657,0.24904694283012896
1,2,122877.12504688426,0.5605,2.3398628,0.24982522408497682
1,2,122882.12504569252,0.5605,2.3408747,0.2506035036437745
1,2,122887.12504450043,0.5605,2.3416955,0.2513817826950419
1,2,122892.12504330833,0.5605,2.3425164,0.2521600607909893
1,2,122897.12504211624,0.5605,2.3436046,0.2529383402143884
1,2,122902.12504092415,0.5605,2.3443873,0.2537166239802342
1,2,122907.12503974602,0.5605,2.3454373,0.25449490601124714
1,2,122912.12503857256,0.5605,2.3463535,0.25527318725267734
1,2,122917.12503739909,0.5605,2.3471553,0.2560514699528749
1,2,122922.12503622563,0.5605,2.3483582,0.2568297540217706
1,2,122927.12503505216,0.5605,2.34916,0.2576080356059507
1,2,122932.12503387078,0.5605,2.3499808,0.2583863190851942
1,2,122937.12503267868,0.5605,2.351069,0.25916460305838473
1,2,122942.12503148659,0.5605,2.3520424,0.25994288973861623
1,2,122947.1250302945,0.5605,2.352978,0.26072117626559427
1,2,122952.1250291024,0.5605,2.3540852,0.26149946519178174
1,2,122957.12502791357,0.5605,2.3550205,0.262277752527512
1,2,122962.1250267401,0.5605,2.3559752,0.26305603824640006
1,2,122967.12502556664,0.5605,2.357006,0.26383432971477533
1,2,122972.12502439317,0.5605,2.3579032,0.26461262091433035
1,2,122977.1250232197,0.5605,2.358896,0.2653909135957562
1,2,122982.12502204624,0.5605,2.3598123,0.26616920366224345
1,2,122987.12502085647,0.5605,2.3608813,0.2669474913486841
1,2,122992.12501966438,0.5605,2.3620076,0.2677257814310527
1,2,122997.12501847229,0.5605,2.3628666,0.268504069853061
1,2,123002.1250172802,0.5605,2.364031,0.2692823591851396
1,2,123007.1250160881,0.5605,2.3649285,0.2700606455685201
1,2,123012.12501490719,0.5605,2.3659976,0.2708389328581859
1,2,123017.12501373372,0.5605,2.3670857,0.27161721700081914
1,2,123022.12501256025,0.5605,2.36804,0.27239549947096925
1,2,123027.12501138679,0.5605,2.3692048,0.273173780504058
1,2,123032.12501021332,0.5605,2.3701782,0.2739520617896122
1,2,123037.12500903427,0.5605,2.3712664,0.2747303419708711
1,2,123042.12500784217,0.5605,2.3722782,0.27550861962683687
1,2,123047.12500665008,0.5605,2.3734426,0.27628689864375877
1,2,123052.12500545799,0.5605,2.3744354,0.27706517476684206
1,2,123057.1250042659,0.5605,2.3755426,0.2778434531784854
1,2,123062.12500307427,0.5605,2.3766308,0.27862173208619173
1,2,123067.1250019008,0.5605,2.3776999,0.2794000066769456
1,2,123072.12500072733,0.5605,2.378769,0.28017828083244645
1,2,123077.12499955387,0.5605,2.379857,0.28095655767085503
1,2,123082.1249983804,0.5605,2.3812125,0.2817348343012931
1,2,123087.12499720693,0.5605,2.3821096,0.28251311322173495
1,2,123092.12499601996,0.5605,2.3832934,0.28329139016073296
1,2,123097.12499482787,0.5605,2.384286,0.28406966254946275
1,2,123102.12499363578,0.5605,2.3854506,0.28484793391835045
1,2,123107.12499244369,0.5605,2.3866532,0.2856262046145964
1,2,123112.12499125159,0.5605,2.3877413,0.2864044798679122
1,2,123117.12499006835,0.5605,2.3889823,0.28718275768069773
1,2,123122.12498889488,0.5605,2.390013,0.28796103364350084
1,2,123127.12498772141,0.5605,2.391254,0.2887393085867698
1,2,123132.12498654795,0.5605,2.3922658,0.28951758450937953
1,2,123137.12498537448,0.5605,2.3935447,0.2902958588740927
1,2,123142.12498419822,0.5605,2.3946521,0.29107413285920375
1,2,123147.12498300613,0.5605,2.3957975,0.29185240879753915
1,2,123152.12498181403,0.5605,2.3968856,0.2926306833216848
1,2,123157.12498062194,0.5605,2.3981264,0.29340895801003464
1,2,123162.12497942985,0.5605,2.3993483,0.2941872346103359
1,2,123167.12497823776,0.5605,2.4006083,0.29496551122530656
1,2,123172.12497706243,0.5605,2.4017346,0.2957437882850636
1,2,123177.12497588896,0.5605,2.402899,0.2965220673112971
1,2,123182.1249747155,0.5605,2.4041016,0.2973003482850859
1,2,123187.12497354203,0.5605,2.4053998,0.2980786282153364
1,2,123192.12497236856,0.5605,2.4066598,0.2988569064299368
1,2,123197.12497118438,0.5605,2.407748,0.29963518454681864
1,2,123202.12496999229,0.5605,2.4091797,0.3004134637940066
1,2,123207.1249688002,0.5605,2.4102678,0.30119174368413654
1,2,123212.1249676081,0.5605,2.411585,0.3019700211951405
1,2,123217.12496641601,0.5605,2.4129214,0.30274830016919013
1,2,123222.12496522997,0.5605,2.414296,0.3035265806800793
1,2,123227.12496405651,0.5605,2.4154413,0.30430485667691337
1,2,123232.12496288304,0.5605,2.4168158,0.3050831337134511
1,2,123237.12496170957,0.5605,2.4180186,0.3058614101592207
1,2,123242.12496053611,0.5605,2.419202,0.3066396846999662
1,2,123247.12495936264,0.5605,2.4207294,0.3074179600394438
1,2,123252.12495817055,0.5605,2.4218557,0.30819623598414697
1,2,123257.12495697846,0.5605,2.4232683,0.30897451357635564
1,2,123262.12495578638,0.5605,2.4244711,0.3097527932623132
1,2,123267.12495459428,0.5605,2.4258456,0.3105310739399894
1,2,123272.12495340219,0.5605,2.427182,0.3113093551299344
1,2,123277.12495222407,0.5605,2.4286137,0.31208763766765635
1,2,123282.1249510506,0.5605,2.4299119,0.3128659189098117
1,2,123287.12494987714,0.5605,2.431191,0.31364419956890116
1,2,123292.12494870367,0.5605,2.432699,0.31442247708700466
1,2,123297.1249475302,0.5605,2.4338443,0.3152007514243891
1,2,123302.12494634835,0.5605,2.4353335,0.3159790252438224
1,2,123307.12494515626,0.5605,2.4367652,0.31675729738060665
1,2,123312.12494396417,0.5605,2.4381588,0.31753557070806987
1,2,123317.12494277208,0.5605,2.439667,0.3183138470572071
1,2,123322.12494157998,0.5605,2.4409652,0.3190921238363819
1,2,123327.12494039162,0.5605,2.442454,0.31987040016227997
1,2,123332.12493921815,0.5605,2.4438477,0.32064867482500975
1,2,123337.12493804468,0.5605,2.4453368,0.32142694476079314
1,2,123342.12493687122,0.5605,2.4467685,0.32220521531930935
1,2,123347.12493569775,0.5605,2.4482193,0.32298348862395393
1,2,123352.12493452428,0.5605,2.4497466,0.3237617608867623
1,2,123357.12493333452,0.5605,2.451293,0.3245400342356898
1,2,123362.12493214243,0.5605,2.4525337,0.32531831544817197
1,2,123367.12493095033,0.5605,2.4541948,0.32609659776641303
1,2,123372.12492975824,0.5605,2.4556456,0.3268748780383869
1,2,123377.12492856615,0.5605,2.4571729,0.32765315595340766
1,2,123382.12492738616,0.5605,2.4585855,0.32843143506763417
1,2,123387.1249262127,0.5605,2.460151,0.32920971811003524
1,2,123392.12492503923,0.5605,2.461678,0.3299880049273541
1,2,123397.12492386576,0.5605,2.4632053,0.3307662886977862
1,2,123402.1249226923,0.5605,2.4647899,0.33154457420772354
1,2,123407.12492151324,0.5605,2.4662788,0.332322859278517
1,2,123412.12492032115,0.5605,2.467806,0.33310114498859683
1,2,123417.12491912906,0.5605,2.4695432,0.3338794350387392
1,2,123422.12491793696,0.5605,2.470975,0.3346577259630631
1,2,123427.12491674487,0.5605,2.472617,0.3354360172985763
1,2,123432.12491555417,0.5605,2.4741821,0.336214309786042
1,2,123437.1249143807,0.5605,2.4757094,0.3369926027966444
1,2,123442.12491320724,0.5605,2.4773893,0.33777089254321363
1,2,123447.12491203377,0.5605,2.478993,0.33854918051084587
1,2,123452.12491086031,0.5605,2.4803674,0.33932746809956804
1,2,123457.12490968684,0.5605,2.4820857,0.34010575632152334
1,2,123462.12490849987,0.5605,2.483842,0.340884048028039
1,2,123467.12490730778,0.5605,2.4853117,0.3416623397992125
1,2,123472.12490611569,0.5605,2.48703,0.3424406327709063
1,2,123477.12490492359,0.5605,2.4886909,0.34321892260791237
1,2,123482.1249037315,0.5605,2.4902754,0.3439972128236066
1,2,123487.12490254872,0.5605,2.4917452,0.3447755028256348
1,2,123492.12490137525,0.5605,2.4935398,0.34555379398570835
1,2,123497.12490020179,0.5605,2.4951625,0.3463320844081214
1,2,123502.12489902832,0.5605,2.496728,0.347110374772867
1,2,123507.12489785485,0.5605,2.498465,0.3478886646659445
1,2,123512.1248966786,0.5605,2.4999542,0.3486669557402635
1,2,123517.1248954865,0.5605,2.501615,0.3494452409410117
1,2,123522.12489429441,0.5605,2.5032759,0.3502235249681974
1,2,123527.12489310208,0.5605,2.504803,0.3510018122042654
1,2,123532.12489190999,0.5605,2.5065594,0.3517800982290445
1,2,123537.1248907179,0.5605,2.508182,0.35255838134433876
1,2,123542.12488954303,0.5605,2.5097666,0.3533366601644627
1,2,123547.12488836957,0.5605,2.5114274,0.3541149401688316
1,2,123552.1248871961,0.5605,2.513222,0.3548932192747002
1,2,123557.12488602263,0.5605,2.5148637,0.35567150194492325
1,2,123562.12488484917,0.5605,2.5163145,0.35644978454839904
1,2,123567.12488366452,0.5605,2.5180516,0.35722806398540785
1,2,123572.12488247243,0.5605,2.5195599,0.35800634722106706
1,2,123577.12488128034,0.5605,2.521297,0.35878462852753584
1,2,123582.12488008825,0.5605,2.5228624,0.3595629096143615
1,2,123587.12487889615,0.5605,2.5243707,0.3603411913640504
1,2,123592.12487771058,0.5605,2.5260696,0.36111947260355337
1,2,123597.12487653711,0.5605,2.527616,0.3618977551739453
1,2,123602.12487536365,0.5605,2.5292196,0.3626760381742026
1,2,123607.12487419018,0.5605,2.5307467,0.36345431809444284
1,2,123612.12487301671,0.5605,2.5324266,0.3642325985487374
1,2,123617.12487184278,0.5605,2.5338967,0.3650108777532252
1,2,123622.12487065069,0.5605,2.5352902,0.365789157029381
1,2,123627.1248694586,0.5605,2.5369892,0.36656743571134137
1,2,123632.1248682665,0.5605,2.5384593,0.36734571654926795
1,2,123637.12486707441,0.5605,2.5400248,0.368123998686152
1,2,123642.12486588232,0.5605,2.54159,0.36890227975625856
1,2,123647.12486470466,0.5605,2.5429645,0.3696805615012851
1,2,123652.1248635312,0.5605,2.5444155,0.370458844461753
1,2,123657.12486235773,0.5605,2.5458472,0.3712371248735892
1,2,123662.12486118426,0.5605,2.547508,0.37201540513849657
1,2,123667.1248600108,0.5605,2.5488443,0.3727936817050053
1,2,123672.12485882895,0.5605,2.5501807,0.3735719600358082
1,2,123677.12485763685,0.5605,2.5516124,0.374350237367475
1,2,123682.12485644476,0.5605,2.5530252,0.37512851132132013
1,2,123687.12485525267,0.5605,2.5543232,0.3759067869468934
1,2,123692.12485406057,0.5605,2.5558314,0.3766850634554333
1,2,123697.12485287267,0.5605,2.5571296,0.3774633392682645
1,2,123702.1248516992,0.5605,2.5585232,0.3782416161959045
1,2,123707.12485052574,0.5605,2.5600696,0.37901989082231186
1,2,123712.12484935227,0.5605,2.5612721,0.37979816617775025
1,2,123717.1248481788,0.5605,2.5625703,0.3805764417074693
1,2,123722.12484700534,0.5605,2.5638876,0.3813547179532156
1,2,123727.12484581546,0.5605,2.5651855,0.38213299523140054
1,2,123732.12484462337,0.5605,2.5664837,0.38291126839549405
1,2,123737.12484343127,0.5605,2.5676866,0.38368954272731537
1,2,123742.12484223918,0.5605,2.5688128,0.3844678168522258
1,2,123747.12484104709,0.5605,2.57013,0.38524608964253193
1,2,123752.1248398671,0.5605,2.5714664,0.38602436684916475
1,2,123757.12483869363,0.5605,2.5724971,0.3868026423719829
1,2,123762.12483752017,0.5605,2.5736809,0.38758091829588737
1,2,123767.1248363467,0.5605,2.575208,0.3883591931798497
1,2,123772.12483517324,0.5605,2.5761626,0.3891374677766435
1,2,123777.12483399372,0.5605,2.577308,0.3899157413899838
1,2,123782.12483280162,0.5605,2.578396,0.39069401523841807
1,2,123787.12483160953,0.5605,2.5798662,0.3914722899792465
1,2,123792.12483041744,0.5605,2.5808969,0.39225056362938604
1,2,123797.12482922534,0.5605,2.5821378,0.3930288353141618
1,2,123802.12482803465,0.5605,2.5831115,0.3938071054833967
1,2,123807.12482686118,0.5605,2.5841997,0.39458537560990836
1,2,123812.12482568772,0.5605,2.5851922,0.39536364537690466
1,2,123817.12482451425,0.5605,2.586376,0.3961419141823423
1,2,123822.12482334078,0.5605,2.5875976,0.3969201811513972
1,2,123827.12482216732,0.5605,2.5883803,0.3976984508781273
1,2,123832.12482097988,0.5605,2.5896976,0.3984767213134241
1,2,123837.12481978779,0.5605,2.5906138,0.39925499154823074
1,2,123842.1248185957,0.5605,2.5917404,0.40003325994763156
1,2,123847.1248174036,0.5605,2.5926757,0.4008115283686987
1,2,123852.12481621151,0.5605,2.5938401,0.40158980121893734
1,2,123857.12481502873,0.5605,2.5948138,0.40236807108784767
1,2,123862.12481385526,0.5605,2.5958447,0.40314634087254986
1,2,123867.1248126818,0.5605,2.596952,0.4039246120116385
1,2,123872.12481150833,0.5605,2.5978682,0.4047028830112787
1,2,123877.12481033486,0.5605,2.5989754,0.4054811531241707
1,2,123882.12480915767,0.5605,2.599892,0.40625942350505845
1,2,123887.12480796558,0.5605,2.6008463,0.4070376947709427
1,2,123892.12480677349,0.5605,2.6018772,0.4078159663694308
1,2,123897.12480558139,0.5605,2.60266,0.40859424206677797
1,2,123902.1248043893,0.5605,2.6037672,0.40937251850022927
1,2,123907.1248031972,0.5605,2.6048362,0.41015079455992964
1,2,123912.12480202234,0.5605,2.605657,0.41092907120678546
1,2,123917.12480084888,0.5605,2.6066308,0.4117073481775693
1,2,123922.12479967541,0.5605,2.6074517,0.4124856242778009
1,2,123927.12479850194,0.5605,2.6085014,0.4132638997626741
1,2,123932.12479732848,0.5605,2.609265,0.4140421793799572
1,2,123937.12479614337,0.5605,2.6103532,0.4148204620572235
1,2,123942.12479495128,0.5605,2.611117,0.41559874637775346
1,2,123947.12479375918,0.5605,2.6121097,0.4163770287248299
1,2,123952.12479256709,0.5605,2.6129496,0.4171553124052292
1,2,123957.124791375,0.5605,2.6139615,0.41793359451079426
1,2,123962.12479018989,0.5605,2.6146677,0.41871188119652264
1,2,123967.12478901642,0.5605,2.6157176,0.4194901689302629
1,2,123972.12478784296,0.5605,2.6164813,0.4202684544676316
1,2,123977.12478666949,0.5605,2.6173594,0.4210467401672773
1,2,123982.12478549602,0.5605,2.6179702,0.4218250260174346
1,2,123987.12478432163,0.5605,2.6192303,0.4226033118310278
1,2,123992.12478312953,0.5605,2.619994,0.4233815956211062
1,2,123997.12478193744,0.5605,2.6208339,0.42415988001369487
1,2,124002.12478074535,0.5605,2.6215403,0.42493816348410696
1,2,124007.12477955325,0.5605,2.6223803,0.4257164493859415
1,2,124012.12477836116,0.5605,2.6232774,0.4264947315555948
1,2,124017.12477718397,0.5605,2.6240792,0.4272730157756545
1,2,124022.1247760105,0.5605,2.6247857,0.42805130128954566
1,2,124027.12477483704,0.5605,2.6256447,0.42882958984877717
1,2,124032.12477366357,0.5605,2.6264465,0.4296078749811853
1,2,124037.1247724901,0.5605,2.6273818,0.43038616083789916
1,2,124042.12477130779,0.5605,2.6282218,0.4311644469686056
1,2,124047.1247701157,0.5605,2.6289663,0.43194273092970303
1,2,124052.1247689236,0.5605,2.6296918,0.4327210141117611
1,2,124057.12476773151,0.5605,2.6304362,0.43349930097555833
1,2,124062.12476653942,0.5605,2.6311808,0.4342775880819498
1,2,124067.12476535152,0.5605,2.6320207,0.43505587348582064
1,2,124072.12476417805,0.5605,2.6329753,0.43583416107000295
1,2,124077.12476300458,0.5605,2.6336815,0.4366124500176415
1,2,124082.12476183112,0.5605,2.634407,0.4373907378439213
1,2,124087.12476065765,0.5605,2.6350944,0.4381690197277869
1,2,124092.12475948418,0.5605,2.6359344,0.43894730170132434
1,2,124097.12475829395,0.5605,2.6366215,0.43972558459440253
1,2,124102.12475710186,0.5605,2.637538,0.4405038682718414
1,2,124107.12475590977,0.5605,2.6383016,0.4412821533711259
1,2,124112.12475471769,0.5605,2.6388934,0.44206043836868847
1,2,124117.1247535256,0.5605,2.6398668,0.4428387239224187
1,2,124122.12475234561,0.5605,2.6405923,0.4436170110417212
1,2,124127.12475117214,0.5605,2.6412988,0.44439529764338054
1,2,124132.12474999868,0.5605,2.6418905,0.44517358148305997
1,2,124137.12474882521,0.5605,2.6428068,0.445951866731727
1,2,124142.12474765175,0.5605,2.6433413,0.4467301531560062
1,2,124147.12474647223,0.5605,2.6442578,0.4475084394563045
1,2,124152.12474528013,0.5605,2.6451359,0.4482867272990186
1,2,124157.12474408804,0.5605,2.6458995,0.44906501511925184
1,2,124162.12474289595,0.5605,2.6466248,0.4498433032408561
1,2,124167.12474170385,0.5605,2.647255,0.45062158760757304
1,2,124172.12474051362,0.5605,2.6478467,0.45139986996191134
1,2,124177.12473934016,0.5605,2.6486485,0.45217815463315836
1,2,124182.12473816669,0.5605,2.6492975,0.45295644057818313
1,2,124187.12473699322,0.5605,2.6500993,0.45373472633544
1,2,124192.12473581976,0.5605,2.65071,0.4545130127096049
1,2,124197.12473464629,0.5605,2.6514738,0.4552912982092803
1,2,124202.12473345839,0.5605,2.6520274,0.4560695856745878
1,2,124207.1247322663,0.5605,2.6527147,0.4568478749415284
1,2,124212.1247310742,0.5605,2.6535738,0.45762616095922115
1,2,124217.12472988211,0.5605,2.6543183,0.45840444659846413
1,2,124222.12472869002,0.5605,2.6549292,0.45918273097234025
1,2,124227.1247275077,0.5605,2.655559,0.4599610148580411
1,2,124232.12472633424,0.5605,2.6563418,0.46073929791386975
1,2,124237.12472516077,0.5605,2.6570673,0.4615175765992541
1,2,124242.1247239873,0.5605,2.6577735,0.462295857815945
1,2,124247.12472281384,0.5605,2.6584609,0.46307414069127756
1,2,124252.12472163665,0.5605,2.6591482,0.4638524194161235
1,2,124257.12472044455,0.5605,2.6598544,0.4646306984144885
1,2,124262.12471925246,0.5605,2.6605227,0.46540897867488584
1,2,124267.12471806037,0.5605,2.661248,0.4661872593848909
1,2,124272.12471686827,0.5605,2.6618397,0.4669655393334003
1,2,124277.12471567618,0.5605,2.6626225,0.4677438184385735
1,2,124282.12471450225,0.5605,2.6632907,0.4685220991658308
1,2,124287.12471332878,0.5605,2.6639206,0.46930037471903413
1,2,124292.12471215532,0.5605,2.6646843,0.47007865142301436
1,2,124297.12471098185,0.5605,2.665486,0.47085693230692927
1,2,124302.12470980838,0.5605,2.6660588,0.471635210953564
1,2,124307.12470862328,0.5605,2.6665552,0.4724134874123837
1,2,124312.12470743118,0.5605,2.6672423,0.47319176409193264
1,2,124317.12470623909,0.5605,2.6679869,0.4739700396635637
1,2,124322.124705047,0.5605,2.6685214,0.47474831589937594
1,2,124327.1247038549,0.5605,2.6693804,0.4755265916663712
1,2,124332.12470267026,0.5605,2.6697624,0.476304870171819
1,2,124337.1247014968,0.5605,2.6704113,0.47708314954823305
1,2,124342.12470032333,0.5605,2.6712322,0.47786142834804507
1,2,124347.12469914986,0.5605,2.6717668,0.47863970608385126
1,2,124352.1246979764,0.5605,2.6724732,0.4794179832884178
1,2,124357.124696802,0.5605,2.6731985,0.48019626115419517
1,2,124362.1246956099,0.5605,2.6736376,0.4809745394738686
1,2,124367.12469441781,0.5605,2.6744013,0.4817528180510705
1,2,124372.12469322549,0.5605,2.6751075,0.48253109699672847
1,2,124377.1246920334,0.5605,2.6755085,0.48330937316955186
1,2,124382.1246908413,0.5605,2.6763484,0.4840876499166958
1,2,124387.12468966458,0.5605,2.6770167,0.4848659279320444
1,2,124392.12468849111,0.5605,2.6777039,0.4856442053066299
1,2,124397.12468731764,0.5605,2.6782765,0.48642248457477877
1,2,124402.12468614418,0.5605,2.6788301,0.48720076503723586
1,2,124407.12468497071,0.5605,2.6794028,0.487979043599328
1,2,124412.1246837884,0.5605,2.6800902,0.4887573229511717
1,2,124417.1246825963,0.5605,2.680911,0.48953560222245973
1,2,124422.12468140421,0.5605,2.6813884,0.4903138790392219
1,2,124427.12468021212,0.5605,2.682171,0.4910921571375667
1,2,124432.12467902002,0.5605,2.6827056,0.4918704387060277
1,2,124437.12467783259,0.5605,2.6833546,0.49264871965925616
1,2,124442.12467665912,0.5605,2.6839845,0.49342700073946905
1,2,124447.12467548565,0.5605,2.684519,0.494205284133213
1,2,124452.12467431219,0.5605,2.6851873,0.49498357108546354
1,2,124457.12467313872,0.5605,2.685779,0.49576185681011337
1,2,124462.12467196526,0.5605,2.686409,0.49654014467853697
1,2,124467.12467077456,0.5605,2.6870008,0.4973184309421088
1,2,124472.12466958247,0.5605,2.6877835,0.49809671845665965
1,2,124477.12466839037,0.5605,2.688318,0.49887500286935493
1,2,124482.12466719828,0.5605,2.6889672,0.4996532921860588
1,2,124487.12466600619,0.5605,2.6896162,0.5004315796415381
1,2,124492.12466482667,0.5605,2.6901698,0.5012098642759196
1,2,124497.1246636532,0.5605,2.6907806,0.5019881519991695
1,2,124502.12466247973,0.5605,2.6912198,0.5027664374673108
1,2,124507.12466130627,0.5605,2.6921551,0.5035447263242012
1,2,124512.1246601328,0.5605,2.692537,0.5043230147865553
1,2,124517.12465895282,0.5605,2.693148,0.5051013023277792
1,2,124522.12465776072,0.5605,2.6937206,0.5058795892043053
1,2,124527.12465656863,0.5605,2.6945224,0.5066578763371976
1,2,124532.12465537654,0.5605,2.6951332,0.5074361646600835
1,2,124537.12465418444,0.5605,2.6956105,0.5082144526333483
1,2,124542.12465299421,0.5605,2.696298,0.50899274146392
1,2,124547.12465182075,0.5605,2.6968706,0.5097710305634511
1,2,124552.12465064728,0.5605,2.6976533,0.5105493214139547
1,2,124557.12464947382,0.5605,2.6983023,0.5113276091430325
1,2,124562.12464830035,0.5605,2.698875,0.512105894768795
1,2,124567.12464712688,0.5605,2.6995814,0.5128841835839788
1,2,124572.12464593886,0.5605,2.699944,0.5136624705036488
1,2,124577.12464474677,0.5605,2.7006123,0.5144407554501467
1,2,124582.12464355468,0.5605,2.7014713,0.5152190419940226
1,2,124587.12464236259,0.5605,2.701872,0.5159973302392469
1,2,124592.12464117049,0.5605,2.7026167,0.5167756171785897
1,2,124597.12463998864,0.5605,2.7032275,0.5175539055334699
1,2,124602.12463881518,0.5605,2.7037811,0.5183321950808173
1,2,124607.12463764171,0.5605,2.7043922,0.5191104857791238
1,2,124612.12463646824,0.5605,2.705022,0.5198887749273055
1,2,124617.12463529478,0.5605,2.7058048,0.520667060652399
1,2,124622.12463411712,0.5605,2.7064157,0.5214453467879401
1,2,124627.12463292503,0.5605,2.7067592,0.5222236332892185
1,2,124632.12463173294,0.5605,2.7074084,0.5230019191834502
1,2,124637.12463054084,0.5605,2.7081912,0.523780206020061
1,2,124642.12462934875,0.5605,2.7087066,0.5245584928233264
1,2,124647.12462815666,0.5605,2.7094128,0.5253367777948152
1,2,124652.12462698272,0.5605,2.7099855,0.5261150646302208
1,2,124657.12462580926,0.5605,2.7106729,0.526893348868493
1,2,124662.12462463579,0.5605,2.7112646,0.5276716331262825
1,2,124667.12462346232,0.5605,2.7118754,0.5284499145918328
1,2,124672.12462228886,0.5605,2.7125247,0.5292281958715523
1,2,124677.12462110328,0.5605,2.7131546,0.5300064779554412
1,2,124682.12461991119,0.5605,2.7138035,0.5307847597649765
1,2,124687.1246187191,0.5605,2.7144337,0.5315630405782864
1,2,124692.124617527,0.5605,2.7150064,0.5323413220273526
1,2,124697.12461633491,0.5605,2.71556,0.533119602421122
1,2,124702.12461515027,0.5605,2.7161899,0.533897880864124
1,2,124707.1246139768,0.5605,2.7169344,0.5346761625819344
1,2,124712.12461280334,0.5605,2.7175262,0.5354544471444161
1,2,124717.12461162987,0.5605,2.7180226,0.536232727603138
1,2,124722.1246104564,0.5605,2.718748,0.5370110108339295
1,2,124727.12460928154,0.5605,2.7194352,0.5377892918136059
1,2,124732.12460808945,0.5605,2.7199888,0.5385675715005933
1,2,124737.12460689736,0.5605,2.720638,0.5393458530781241
1,2,124742.12460570526,0.5605,2.7211342,0.5401241316303385
1,2,124747.12460451317,0.5605,2.7216496,0.5409024082482463
1,2,124752.12460332108,0.5605,2.7224896,0.5416806871321738
1,2,124757.12460214435,0.5605,2.7231388,0.5424589642346972
1,2,124762.12460097088,0.5605,2.7236161,0.5432372400460118
1,2,124767.12459979742,0.5605,2.7243989,0.544015516556979
1,2,124772.12459862395,0.5605,2.7247996,0.5447937929379418
1,2,124777.12459745049,0.5605,2.7255633,0.5455720675486897
1,2,124782.12459626724,0.5605,2.7260978,0.5463503435101914
1,2,124787.12459507515,0.5605,2.7267277,0.5471286252414459
1,2,124792.12459388305,0.5605,2.7273195,0.5479069087859996
1,2,124797.12459269096,0.5605,2.7277777,0.5486851900358837
1,2,124802.12459149887,0.5605,2.7283885,0.5494634718034772
1,2,124807.12459031143,0.5605,2.728923,0.5502417516965477
1,2,124812.12458913797,0.5605,2.7295914,0.5510200302703389
1,2,124817.1245879645,0.5605,2.730164,0.5517983083130824
1,2,124822.12458679103,0.5605,2.730832,0.5525765865250999
1,2,124827.12458561757,0.5605,2.7315958,0.553354863279191
1,2,124832.1245844441,0.5605,2.7321875,0.5541331378089528
1,2,124837.12458325294,0.5605,2.7327986,0.5549114126461652
1,2,124842.12458206085,0.5605,2.7335048,0.5556896894124389
1,2,124847.12458086875,0.5605,2.733944,0.5564679687249601
1,2,124852.12457967666,0.5605,2.734631,0.5572462492084642
1,2,124857.12457848457,0.5605,2.7353756,0.558024527534512
1,2,124862.12457730551,0.5605,2.7359865,0.5588028071536097
1,2,124867.12457613205,0.5605,2.7365592,0.5595810833079358
1,2,124872.12457495858,0.5605,2.7372847,0.5603593616966015
1,2,124877.12457378511,0.5605,2.7378955,0.5611376442642516
1,2,124882.12457261165,0.5605,2.7383537,0.5619159320300791
1,2,124887.1245714312,0.5605,2.7390792,0.5626942171706861
1,2,124892.1245702391,0.5605,2.7397473,0.5634724999000602
1,2,124897.12456904701,0.5605,2.740511,0.5642507842601312
1,2,124902.12456785492,0.5605,2.7409883,0.565029069456452
1,2,124907.12456666282,0.5605,2.7416372,0.5658073531057344
1,2,124912.12456547306,0.5605,2.7422864,0.5665856392058405
1,2,124917.1245642996,0.5605,2.7429926,0.5673639246480537
1,2,124922.12456312613,0.5605,2.7436419,0.5681422119525711
1,2,124927.12456195266,0.5605,2.744138,0.5689204987757908
1,2,124932.1245607792,0.5605,2.7448444,0.5696987849173553
1,2,124937.12455960573,0.5605,2.7454553,0.570477072699872
1,2,124942.12455841736,0.5605,2.7461045,0.571255359494018
1,2,124947.12455722527,0.5605,2.7468488,0.5720336442151176
1,2,124952.12455603317,0.5605,2.74746,0.5728119323047837
1,2,124957.12455484108,0.5605,2.7481089,0.5735902212515182
1,2,124962.12455364899,0.5605,2.7487006,0.5743685072780986
1,2,124967.12455246714,0.5605,2.749197,0.5751467944242132
1,2,124972.12455129367,0.5605,2.7499607,0.5759250834595501
1,2,124977.1245501202,0.5605,2.7504952,0.5767033741152789
1,2,124982.12454894674,0.5605,2.7511823,0.5774816656610939
1,2,124987.12454777327,0.5605,2.7518888,0.5782599566705631
1,2,124992.12454659562,0.5605,2.7524042,0.5790382479180932
1,2,124997.12454540352,0.5605,2.7531297,0.5798165400751538
1,2,125002.12454421143,0.5605,2.753836,0.5805948328594241
1,2,125007.12454301934,0.5605,2.754466,0.5813731237543398
1,2,125012.12454182724,0.5605,2.7552679,0.5821514143157641
1,2,125017.12454063515,0.5605,2.7558596,0.5829297071555463
1,2,125022.12453946169,0.5605,2.7566996,0.5837080017250187
1,2,125027.12453828822,0.5605,2.757234,0.5844862910240333
1,2,125032.12453711475,0.5605,2.757864,0.5852645787935761
1,2,125037.12453594129,0.5605,2.7585514,0.5860428686005281
1,2,125042.12453476782,0.5605,2.7592194,0.5868211603887155
1,2,125047.12453358178,0.5605,2.7599068,0.5875994508135723
1,2,125052.12453238969,0.5605,2.7604604,0.5883777417778744
1,2,125057.1245311976,0.5605,2.761243,0.5891560324024797
1,2,125062.1245300055,0.5605,2.7618158,0.5899343214664136
1,2,125067.12452881341,0.5605,2.7626176,0.590712611754895
1,2,125072.12452762923,0.5605,2.7630756,0.591490902959609
1,2,125077.12452645577,0.5605,2.7639155,0.5922692003981213
1,2,125082.1245252823,0.5605,2.7645457,0.5930475001155211
1,2,125087.12452410883,0.5605,2.7650802,0.5938257970354762
1,2,125092.12452293537,0.5605,2.7658055,0.594604093117294
1,2,125097.12452176004,0.5605,2.7664928,0.5953823876133998
1,2,125102.12452056794,0.5605,2.767161,0.5961606828529543
1,2,125107.12451937585,0.5605,2.76781,0.5969389767258141
1,2,125112.12451818376,0.5605,2.7684782,0.5977172717985584
1,2,125117.12451699167,0.5605,2.7692037,0.5984955659154759
1,2,125122.12451579957,0.5605,2.7698145,0.5992738629681905
1,2,125127.12451462331,0.5605,2.7705019,0.6000521594287925
1,2,125132.12451344985,0.5605,2.771208,0.600830456215283
1,2,125137.12451227638,0.5605,2.772029,0.6016087515665366
1,2,125142.12451110291,0.5605,2.7727735,0.6023870460117963
1,2,125147.12450992945,0.5605,2.773327,0.6031653401179387
1,2,125152.1245087462,0.5605,2.7739763,0.6039436321704857
1,2,125157.12450755411,0.5605,2.77453,0.6047219234241121
1,2,125162.12450636202,0.5605,2.775408,0.6055002150886264
1,2,125167.12450516992,0.5605,2.7759807,0.6062785086465419
1,2,125172.12450397783,0.5605,2.7767253,0.6070568041165146
1,2,125177.12450279132,0.5605,2.777317,0.6078350978913711
1,2,125182.12450161786,0.5605,2.778176,0.6086133906007383
1,2,125187.12450044439,0.5605,2.7789397,0.6093916819416656
1,2,125192.12449927093,0.5605,2.7796652,0.6101699772638056
1,2,125197.12449809746,0.5605,2.7801614,0.610948271032142
1,2,125202.12449692399,0.5605,2.7809825,0.6117265638261511
1,2,125207.12449573283,0.5605,2.7815742,0.6125048543849198
1,2,125212.12449454074,0.5605,2.7824905,0.6132831504368889
1,2,125217.12449334841,0.5605,2.7831395,0.6140614468094217
1,2,125222.12449215632,0.5605,2.7837315,0.6148397409208225
1,2,125227.12449096423,0.5605,2.7846668,0.6156180350248257
1,2,125232.12448978564,0.5605,2.7853923,0.6163963277333319
1,2,125237.12448861217,0.5605,2.7859268,0.6171746179636988
1,2,125242.1244874387,0.5605,2.7867668,0.6179529070784058
1,2,125247.12448626524,0.5605,2.7875495,0.618731195895328
1,2,125252.12448509177,0.5605,2.7883704,0.6195094830472243
1,2,125257.12448391132,0.5605,2.7890575,0.620287768749625
1,2,125262.12448271923,0.5605,2.7896686,0.6210660540758575
1,2,125267.12448152713,0.5605,2.7905085,0.6218443377997449
1,2,125272.12448033504,0.5605,2.7912529,0.6226226215179832
1,2,125277.12447914295,0.5605,2.7921884,0.6234009041025511
1,2,125282.12447795365,0.5605,2.7926276,0.6241791842067081
1,2,125287.12447678018,0.5605,2.7933338,0.6249574658132035
1,2,125292.12447560672,0.5605,2.7942119,0.6257357504971696
1,2,125297.12447443325,0.5605,2.794861,0.6265140367409262
1,2,125302.12447325978,0.5605,2.79572,0.6272923182054864
1,2,125307.12447208632,0.5605,2.7964838,0.628070597602017
1,2,125312.12447089795,0.5605,2.79719,0.6288488810208843
1,2,125317.12446970586,0.5605,2.7979918,0.6296271634832097
1,2,125322.12446851376,0.5605,2.7987554,0.6304054457805593
1,2,125327.12446732167,0.5605,2.7996335,0.6311837275038533
1,2,125332.12446612958,0.5605,2.8002446,0.6319620092361609
1,2,125337.1244649482,0.5605,2.8011608,0.632740290644739
1,2,125342.12446377473,0.5605,2.8018672,0.6335185714759005
1,2,125347.12446260126,0.5605,2.8025162,0.634296851040619
1,2,125352.1244614278,0.5605,2.8033752,0.6350751322659095
1,2,125357.12446025433,0.5605,2.8040626,0.6358534144871705
1,2,125362.1244590762,0.5605,2.8047688,0.6366316946008576
1,2,125367.12445788411,0.5605,2.8056087,0.6374099748100512
1,2,125372.12445669202,0.5605,2.8063533,0.6381882536517819
1,2,125377.12445549993,0.5605,2.8071933,0.6389665341347
1,2,125382.12445430784,0.5605,2.807976,0.6397448119667113
1,2,125387.12445311574,0.5605,2.8087015,0.6405230908577515
1,2,125392.12445194228,0.5605,2.8095415,0.641301369855441
1,2,125397.12445076881,0.5605,2.8103623,0.6420796484002809
1,2,125402.12444959534,0.5605,2.8112023,0.6428579288496779
1,2,125407.12444842188,0.5605,2.8118515,0.6436362090037339
1,2,125412.12444724841,0.5605,2.8125005,0.6444144889522267
1,2,125417.12444606225,0.5605,2.8133214,0.6451927723946677
1,2,125422.12444487016,0.5605,2.8141994,0.645971054797236
1,2,125427.12444367807,0.5605,2.8149822,0.6467493362625976
1,2,125432.12444248598,0.5605,2.8158603,0.6475276185623181
1,2,125437.12444129388,0.5605,2.816643,0.6483059010339517
1,2,125442.12444011017,0.5605,2.8172731,0.6490841829380398
1,2,125447.1244389367,0.5605,2.8182466,0.6498624669701197
1,2,125452.12443776324,0.5605,2.8188574,0.6506407480353619
1,2,125457.12443658977,0.5605,2.8198311,0.651419029501836
1,2,125462.1244354163,0.5605,2.8205948,0.6521973127314884
1,2,125467.12443424051,0.5605,2.8214538,0.6529755972364781
1,2,125472.12443304842,0.5605,2.8221412,0.6537538825245736
1,2,125477.12443185633,0.5605,2.8230193,0.6545321664920553
1,2,125482.12443066423,0.5605,2.8239737,0.655310449356298
1,2,125487.12442947214,0.5605,2.8247755,0.6560887339868284
1,2,125492.12442828005,0.5605,2.82552,0.6568670173651215
1,2,125497.12442710425,0.5605,2.826589,0.6576453006707301
1,2,125502.12442593079,0.5605,2.8274481,0.6584235863115063
1,2,125507.12442475732,0.5605,2.8283262,0.6592018719683691
1,2,125512.12442358385,0.5605,2.8290708,0.6599801597550714
1,2,125517.12442241039,0.5605,2.8299298,0.6607584460840759
1,2,125522.12442122668,0.5605,2.8307507,0.6615367322763738
1,2,125527.12442003458,0.5605,2.831648,0.6623150172123217
1,2,125532.12441884249,0.5605,2.8325834,0.6630933036087722
1,2,125537.1244176504,0.5605,2.8334234,0.6638715887331668
1,2,125542.1244164583,0.5605,2.8343015,0.6646498749570253
1,2,125547.1244152718,0.5605,2.835218,0.6654281618930998
1,2,125552.12441409833,0.5605,2.8362298,0.6662064496609604
1,2,125557.12441292487,0.5605,2.8369932,0.6669847377238773
1,2,125562.1244117514,0.5605,2.8379478,0.6677630247466368
1,2,125567.12441057793,0.5605,2.838845,0.6685413113253087
1,2,125572.12440940447,0.5605,2.839666,0.669319598838684
1,2,125577.12440821284,0.5605,2.8405058,0.6700978866849512
1,2,125582.12440702075,0.5605,2.8415177,0.6708761750223773
1,2,125587.12440582865,0.5605,2.842434,0.6716544605580141
1,2,125592.12440463656,0.5605,2.843274,0.6724327439047035
1,2,125597.12440344447,0.5605,2.8441331,0.6732110294982695
1,2,125602.12440226588,0.5605,2.8451447,0.6739893164138533
1,2,125607.12440109241,0.5605,2.8459084,0.674767601340344
1,2,125612.12439991895,0.5605,2.8467293,0.6755458863274029
1,2,125617.12439874548,0.5605,2.847684,0.6763241723604438
1,2,125622.12439757201,0.5605,2.8486383,0.6771024590351321
1,2,125627.1243963911,0.5605,2.8495166,0.6778807464871113
1,2,125632.124395199,0.5605,2.850242,0.6786590335066621
1,2,125637.12439400691,0.5605,2.8513682,0.679437322208852
1,2,125642.12439281482,0.5605,2.8522084,0.6802156108206681
1,2,125647.12439162272,0.5605,2.853239,0.680993901376632
1,2,125652.12439043343,0.5605,2.8540218,0.6817721898918454
1,2,125657.12438925996,0.5605,2.8549955,0.6825504765639739
1,2,125662.1243880865,0.5605,2.8559308,0.6833287636139496
1,2,125667.12438691303,0.5605,2.8569427,0.6841070488746236
1,2,125672.12438573956,0.5605,2.8577826,0.6848853341428045
1,2,125677.1243845661,0.5605,2.8588707,0.685663621046315
1,2,125682.1243833768,0.5605,2.8597488,0.6864419096174608
1,2,125687.1243821847,0.5605,2.8607988,0.6872201975924905
1,2,125692.12438099261,0.5605,2.8617535,0.687998486162378
1,2,125697.12437980052,0.5605,2.8626316,0.6887767758269809
1,2,125702.12437860842,0.5605,2.8637388,0.689555062794987
1,2,125707.12437742704,0.5605,2.8647506,0.6903333483426806
1,2,125712.12437625357,0.5605,2.8655524,0.6911116317053639
1,2,125717.12437508011,0.5605,2.8666787,0.6918899141441587
1,2,125722.12437390664,0.5605,2.8676715,0.6926682043964866
1,2,125727.12437273317,0.5605,2.8688169,0.693446495455623
1,2,125732.12437155459,0.5605,2.8698096,0.6942247834537099
1,2,125737.1243703625,0.5605,2.8707068,0.6950030743020048
1,2,125742.1243691704,0.5605,2.8717568,0.6957813670749337
1,2,125747.12436797831,0.5605,2.872673,0.6965596562277413
1,2,125752.12436678621,0.5605,2.8738184,0.6973379459410645
1,2,125757.12436559459,0.5605,2.8747158,0.6981162364891043
1,2,125762.12436442112,0.5605,2.875594,0.6988945221699745
1,2,125767.12436324765,0.5605,2.876873,0.6996728058549203
1,2,125772.12436207419,0.5605,2.8778846,0.7004510909734373
1,2,125777.12436090072,0.5605,2.8788393,0.701229376011988
1,2,125782.12435972726,0.5605,2.8800418,0.702007662505498
1,2,125787.12435854075,0.5605,2.8809392,0.7027859499163996
1,2,125792.12435734866,0.5605,2.8820655,0.7035642356051244
1,2,125797.12435615656,0.5605,2.88323,0.7043425207888554
1,2,125802.12435496447,0.5605,2.884089,0.705120800137401
1,2,125807.12435377238,0.5605,2.885311,0.7058990810421344
1,2,125812.12435258867,0.5605,2.886399,0.706677360240675
1,2,125817.1243514152,0.5605,2.887258,0.7074556399817403
1,2,125822.12435024173,0.5605,2.8883843,0.7082339222260982
1,2,125827.12434906827,0.5605,2.8893008,0.709012204294258
1,2,125832.1243478948,0.5605,2.8905416,0.7097904874048965
1,2,125837.124346719,0.5605,2.8917253,0.7105687727072308
1,2,125842.12434552691,0.5605,2.8927178,0.7113470544246173
1,2,125847.12434433482,0.5605,2.893806,0.7121253342461291
1,2,125852.12434314273,0.5605,2.8949707,0.7129036133919229
1,2,125857.12434195064,0.5605,2.8959632,0.7136818950793945
1,2,125862.12434075854,0.5605,2.8970895,0.7144601775866154
1,2,125867.12433958321,0.5605,2.8980632,0.7152384603805876
1,2,125872.12433840975,0.5605,2.8992276,0.7160167417881061
1,2,125877.12433723628,0.5605,2.9004495,0.716795024050703
1,2,125882.12433606281,0.5605,2.901423,0.7175733078602622
1,2,125887.12433488935,0.5605,2.9025877,0.718351592829347
1,2,125892.12433370564,0.5605,2.9036758,0.7191298801192612
1,2,125897.12433251354,0.5605,2.9048784,0.7199081635188729
1,2,125902.12433132145,0.5605,2.905814,0.7206864452631742
1,2,125907.12433012936,0.5605,2.9069784,0.7214647262577848
1,2,125912.12432893727,0.5605,2.9081619,0.7222430095495651
1,2,125917.12432775123,0.5605,2.9093456,0.7230212955733574
1,2,125922.12432657776,0.5605,2.91051,0.7237995812636021
1,2,125927.1243254043,0.5605,2.91177,0.7245778689858784
1,2,125932.12432423083,0.5605,2.9128964,0.7253561534883912
1,2,125937.12432305736,0.5605,2.9141562,0.7261344367260604
1,2,125942.1243218839,0.5605,2.9152253,0.7269127224957977
1,2,125947.1243206918,0.5605,2.9163325,0.7276910079573758
1,2,125952.12431949971,0.5605,2.9176116,0.7284692951534325
1,2,125957.12431830761,0.5605,2.9189098,0.7292475815344288
1,2,125962.12431711552,0.5605,2.9201124,0.730025866901007
1,2,125967.12431592343,0.5605,2.9214296,0.7308041516092254
1,2,125972.1243147453,0.5605,2.9226134,0.7315824397323132
1,2,125977.12431357184,0.5605,2.9236634,0.7323607285564376
1,2,125982.12431239837,0.5605,2.9249232,0.7331390184597737
1,2,125987.1243112249,0.5605,2.9260685,0.7339173071839908
1,2,125992.12431005144,0.5605,2.9273667,0.7346955940136147
1,2,125997.12430887006,0.5605,2.9284167,0.7354738803689181
1,2,126002.12430767796,0.5605,2.9297912,0.7362521660031577
1,2,126007.12430648587,0.5605,2.9309366,0.7370304519041545
1,2,126012.12430529378,0.5605,2.9322348,0.737808735935029
1,2,126017.12430410169,0.5605,2.933533,0.7385870197007789
1,2,126022.12430291285,0.5605,2.9346402,0.7393653075315986
1,2,126027.12430173939,0.5605,2.9360147,0.7401435950287945
1,2,126032.12430056592,0.5605,2.9371219,0.7409218870840603
1,2,126037.12429939245,0.5605,2.938611,0.7417001776190533
1,2,126042.12429821899,0.5605,2.9396992,0.7424784679088792
1,2,126047.12429704552,0.5605,2.9410927,0.7432567590249745
1,2,126052.12429585622,0.5605,2.942238,0.7440350478154852
1,2,126057.12429466413,0.5605,2.9437654,0.7448133369421993
1,2,126062.1242934718,0.5605,2.9448917,0.7455916261725162
1,2,126067.12429227971,0.5605,2.9462662,0.7463699141245386
1,2,126072.12429108762,0.5605,2.9475453,0.7471482046425443
1,2,126077.12428990717,0.5605,2.948767,0.7479264952130252
1,2,126082.1242887337,0.5605,2.9501605,0.7487047868658967
1,2,126087.12428756023,0.5605,2.951535,0.7494830840796928
1,2,126092.12428638677,0.5605,2.952757,0.7502613782762223
1,2,126097.1242852133,0.5605,2.9542077,0.7510396698634029
1,2,126102.12428403471,0.5605,2.9554868,0.7518179623889327
1,2,126107.12428284262,0.5605,2.9569185,0.7525962535395291
1,2,126112.12428165053,0.5605,2.958274,0.7533745445676644
1,2,126117.12428045843,0.5605,2.959553,0.7541528367099033
1,2,126122.12427926634,0.5605,2.9610422,0.7549311298464536
1,2,126127.12427807518,0.5605,2.962283,0.755709424837662
1,2,126132.12427690171,0.5605,2.9636955,0.7564877195482915
1,2,126137.12427572825,0.5605,2.9649937,0.7572660131685732
1,2,126142.12427455478,0.5605,2.9664063,0.7580443083011341
1,2,126147.12427338131,0.5605,2.9677808,0.7588226000099247
1,2,126152.12427220785,0.5605,2.969289,0.759600894883828
1,2,126157.12427102134,0.5605,2.9708545,0.7603791916864912
1,2,126162.12426982925,0.5605,2.9723244,0.7611574869881967
1,2,126167.12426863716,0.5605,2.9735844,0.7619357801720996
1,2,126172.12426744506,0.5605,2.9748635,0.7627140736660195
1,2,126177.12426625297,0.5605,2.976257,0.76349236568239
1,2,126182.12426506972,0.5605,2.9776888,0.7642706589296328
1,2,126187.12426389626,0.5605,2.9790633,0.7650489522272448
1,2,126192.12426272279,0.5605,2.9805906,0.7658272439869013
1,2,126197.12426154932,0.5605,2.9819078,0.7666055366456773
1,2,126202.12426037586,0.5605,2.983435,0.7673838265819847
1,2,126207.12425920006,0.5605,2.9850767,0.7681621152542829
1,2,126212.12425800797,0.5605,2.9862604,0.7689404042564465
1,2,126217.12425681588,0.5605,2.9877303,0.7697186935248176
1,2,126222.12425562378,0.5605,2.9892194,0.7704969826903211
1,2,126227.12425443169,0.5605,2.9907084,0.7712752719716728
1,2,126232.1242532396,0.5605,2.9922738,0.7720535620390674
1,2,126237.12425206427,0.5605,2.9936674,0.7728318519400657
1,2,126242.1242508908,0.5605,2.9952137,0.7736101432704761
1,2,126247.12424971734,0.5605,2.99655,0.7743884318691393
1,2,126252.12424854387,0.5605,2.9980772,0.7751667214574285
1,2,126257.1242473704,0.5605,2.9997764,0.7759450124916402
1,2,126257.83224720345,0.5605,3.0000436,0.7760552191041079
1,2,126257.83244720334,0.5605,2.999929,0.7760552502366901
2,1,126257.83324720315,-0.5605,2.9483545,-6.165446837743123e-08
2,1,126262.83324601594,-0.5605,2.4100962,-0.0007787464483810796
2,1,126267.83324482385,-0.5605,2.2681215,-0.0015574322008689244
2,1,126272.83324363176,-0.5605,2.172632,-0.002336118496156401
2,1,126277.83324243966,-0.5605,2.1019597,-0.0031148033735718993
2,1,126282.83324124757,-0.5605,2.0482585,-0.0038934915976623695
2,1,126287.83324006433,-0.5605,2.0055153,-0.004672180323984888
2,1,126292.83323889086,-0.5605,1.9699119,-0.005450867843829923
2,1,126297.8332377174,-0.5605,1.9391193,-0.006229556093470918
2,1,126302.83323654393,-0.5605,1.9119538,-0.007008245159079632
2,1,126307.83323537046,-0.5605,1.8878428,-0.007786933358218936
2,1,126312.8332341942,-0.5605,1.866137,-0.008565618212219742
2,1,126317.83323300211,-0.5605,1.8472568,-0.009344304758763976
2,1,126322.83323181001,-0.5605,1.8308201,-0.01012299330276251
2,1,126327.83323061769,-0.5605,1.8168842,-0.010901681996226311
2,1,126332.8332294256,-0.5605,1.8053154,-0.011680370525903172
2,1,126337.8332282335,-0.5605,1.7959802,-0.01245905713563164
2,1,126342.83322705864,-0.5605,1.7886114,-0.013237744745228026
2,1,126347.83322588517,-0.5605,1.7830752,-0.014016430648499065
2,1,126352.8332247117,-0.5605,1.7788754,-0.014795116846230295
2,1,126357.83322353824,-0.5605,1.7758782,-0.015573803126007318
2,1,126362.83322236477,-0.5605,1.77374,-0.0163524883143372
2,1,126367.8332211806,-0.5605,1.7724037,-0.01713117348739836
2,1,126372.8332199885,-0.5605,1.7716019,-0.01790986073789663
2,1,126377.83321879641,-0.5605,1.7710483,-0.018688548340439797
2,1,126382.83321760432,-0.5605,1.7709719,-0.019467235703931916
2,1,126387.83321641223,-0.5605,1.7709528,-0.02024592243907518
2,1,126392.83321522665,-0.5605,1.7711055,-0.021024610365119246
2,1,126397.83321405319,-0.5605,1.7712392,-0.021803296507974468
2,1,126402.83321287972,-0.5605,1.7715638,-0.022581983587407407
2,1,126407.83321170625,-0.5605,1.7718501,-0.02336066653011243
2,1,126412.83321053279,-0.5605,1.7721746,-0.024139351729075116
2,1,126417.83320935932,-0.5605,1.7725564,-0.024918035726401545
2,1,126422.83320816723,-0.5605,1.7728237,-0.025696720028933556
2,1,126427.83320697513,-0.5605,1.7730528,-0.02647540319869254
2,1,126432.83320578304,-0.5605,1.7733392,-0.027254087692108426
2,1,126437.83320459095,-0.5605,1.7735873,-0.028032776656107778
2,1,126442.83320339886,-0.5605,1.7739309,-0.02881146713632346
2,1,126447.8332022212,-0.5605,1.7740836,-0.029590158699797267
2,1,126452.83320104773,-0.5605,1.7745037,-0.030368847151438404
2,1,126457.83319987427,-0.5605,1.7746755,-0.03114753594322669
2,1,126462.8331987008,-0.5605,1.7749809,-0.031926223538137156
2,1,126467.83319752733,-0.5605,1.7751145,-0.03270490810896292
2,1,126472.83319634595,-0.5605,1.7753246,-0.0334835945529408
2,1,126477.83319515386,-0.5605,1.7754773,-0.034262281604309885
2,1,126482.83319396176,-0.5605,1.7756872,-0.03504097047510744
2,1,126487.83319276967,-0.5605,1.7758973,-0.03581965841746993
2,1,126492.83319157758,-0.5605,1.7760309,-0.03659834762315618
2,1,126497.83319038921,-0.5605,1.7761072,-0.037377035200989915
2,1,126502.83318921574,-0.5605,1.776489,-0.038155719843390924
2,1,126507.83318804228,-0.5605,1.7765845,-0.03893440438015263
2,1,126512.83318686881,-0.5605,1.7766991,-0.03971308916348882
2,1,126517.83318569534,-0.5605,1.7768899,-0.04049177280184296
2,1,126522.83318452188,-0.5605,1.7768136,-0.04127045808976227
2,1,126527.83318333211,-0.5605,1.7770809,-0.04204914390039776
2,1,126532.83318214002,-0.5605,1.7771763,-0.042827831204026945
2,1,126537.83318094793,-0.5605,1.7771763,-0.043606519294834806
2,1,126542.83317975583,-0.5605,1.7773099,-0.04438521067468988
2,1,126547.83317856374,-0.5605,1.7772908,-0.045163901034785646
2,1,126552.83317738329,-0.5605,1.777539,-0.04594259058345689
2,1,126557.83317620982,-0.5605,1.7775772,-0.04672127748882771
2,1,126562.83317503636,-0.5605,1.7779018,-0.047499962016718265
2,1,126567.83317386289,-0.5605,1.7776154,-0.048278647592322706
2,1,126572.83317268942,-0.5605,1.7777491,-0.049057332521902204
2,1,126577.8331715099,-0.5605,1.7777491,-0.04983601521113185
2,1,126582.83317031781,-0.5605,1.7778444,-0.05061469863478013
2,1,126587.83316912572,-0.5605,1.7779781,-0.05139338494522375
2,1,126592.83316793363,-0.5605,1.777959,-0.052172068316532524
2,1,126597.83316674153,-0.5605,1.7780354,-0.05295075330419013
2,1,126602.83316555037,-0.5605,1.7781308,-0.05372943992815086
2,1,126607.8331643769,-0.5605,1.7780545,-0.05450812614256477
2,1,126612.83316320344,-0.5605,1.7782453,-0.05528681073866953
2,1,126617.83316202997,-0.5605,1.7783027,-0.056065497088068086
2,1,126622.8331608565,-0.5605,1.7782072,-0.05684418420733017
2,1,126627.83315968304,-0.5605,1.7782644,-0.057622871271507635
2,1,126632.8331584956,-0.5605,1.7782835,-0.05840155763409869
2,1,126637.83315730351,-0.5605,1.7783408,-0.05918024258717566
2,1,126642.83315611142,-0.5605,1.7783027,-0.05995892736806475
2,1,126647.83315491932,-0.5605,1.7783027,-0.06073761090894874
2,1,126652.83315372723,-0.5605,1.7784935,-0.06151629796826511
2,1,126657.83315254445,-0.5605,1.7784554,-0.06229498276860187
2,1,126662.83315137099,-0.5605,1.778398,-0.06307366729390955
2,1,126667.83315019752,-0.5605,1.778398,-0.06385235334438419
2,1,126672.83314902405,-0.5605,1.7784745,-0.06463103890617691
2,1,126677.83314785059,-0.5605,1.7783408,-0.06540972243728244
2,1,126682.83314667386,-0.5605,1.7785126,-0.06618840400446789
2,1,126687.83314548177,-0.5605,1.7783599,-0.06696708602057234
2,1,126692.83314428967,-0.5605,1.7786272,-0.06774576650877134
2,1,126697.83314309758,-0.5605,1.7784363,-0.06852445395119988
2,1,126702.83314190549,-0.5605,1.7785507,-0.06930313973212576
2,1,126707.8331407134,-0.5605,1.778379,-0.07008182590379321
2,1,126712.83313953853,-0.5605,1.7784171,-0.07086051153843273
2,1,126717.83313836507,-0.5605,1.778398,-0.07163919748025142
2,1,126722.8331371916,-0.5605,1.7785126,-0.0724178802940316
2,1,126727.83313601813,-0.5605,1.7784935,-0.07319656354732318
2,1,126732.83313484467,-0.5605,1.7783599,-0.07397524632712539
2,1,126737.83313366002,-0.5605,1.7784935,-0.07475392623693085
2,1,126742.83313246793,-0.5605,1.7784363,-0.07553260917078126
2,1,126747.83313127584,-0.5605,1.7784935,-0.07631129580681856
2,1,126752.83313008375,-0.5605,1.7782644,-0.07708997951661217
2,1,126757.83312889165,-0.5605,1.7782263,-0.07786866310047111
2,1,126762.83312770608,-0.5605,1.778398,-0.07864734877711867
2,1,126767.83312653261,-0.5605,1.778379,-0.07942603448049229
2,1,126772.83312535915,-0.5605,1.7782453,-0.08020471919443874
2,1,126777.83312418568,-0.5605,1.7782835,-0.08098340211872261
2,1,126782.83312301221,-0.5605,1.7782263,-0.08176208556315304
2,1,126787.83312183828,-0.5605,1.7782072,-0.08254076565394138
2,1,126792.83312064619,-0.5605,1.7781308,-0.08331944382057588
2,1,126797.8331194541,-0.5605,1.7781881,-0.0840981226817237
2,1,126802.833118262,-0.5605,1.7779971,-0.08487679931861825
2,1,126807.83311706991,-0.5605,1.7780163,-0.08565548092065917
2,1,126812.83311587782,-0.5605,1.7780545,-0.08643417059266235
2,1,126817.83311470016,-0.5605,1.7779971,-0.08721286316456396
2,1,126822.83311352669,-0.5605,1.7780926,-0.08799155661780303
2,1,126827.83311235323,-0.5605,1.7778444,-0.08877024728718068
2,1,126832.83311117976,-0.5605,1.7778254,-0.08954893893367051
2,1,126837.8331100063,-0.5605,1.7779399,-0.09032762853650252
2,1,126842.83310882398,-0.5605,1.7779208,-0.0911063190100789
2,1,126847.83310763189,-0.5605,1.7779018,-0.0918850106892685
2,1,126852.8331064398,-0.5605,1.7776917,-0.09266370348984333
2,1,126857.8331052477,-0.5605,1.7776917,-0.09344239631733628
2,1,126862.83310405561,-0.5605,1.7777108,-0.09422108979444702
2,1,126867.83310286724,-0.5605,1.7776726,-0.09499978486879003
2,1,126872.83310169377,-0.5605,1.7774245,-0.09577847940178048
2,1,126877.8331005203,-0.5605,1.7776154,-0.09655717227147352
2,1,126882.83309934684,-0.5605,1.77752,-0.09733586454535191
2,1,126887.83309817337,-0.5605,1.7773672,-0.09811455623595912
2,1,126892.83309699991,-0.5605,1.7773863,-0.09889324755088155
2,1,126897.83309580968,-0.5605,1.7773482,-0.09967193688474096
2,1,126902.83309461758,-0.5605,1.7774245,-0.10045062648253968
2,1,126907.83309342549,-0.5605,1.7773099,-0.10122931776519613
2,1,126912.8330922334,-0.5605,1.7770809,-0.10200800958850645
2,1,126917.8330910413,-0.5605,1.7771572,-0.10278670404806729
2,1,126922.83308986132,-0.5605,1.7770236,-0.10356539909208148
2,1,126927.83308868785,-0.5605,1.7771,-0.104344089315123
2,1,126932.83308751439,-0.5605,1.776909,-0.10512278243480785
2,1,126937.83308634092,-0.5605,1.7768708,-0.10590146354420978
2,1,126942.83308516745,-0.5605,1.7768327,-0.1066801438938346
2,1,126947.83308398793,-0.5605,1.7766991,-0.1074588256966041
2,1,126952.83308279584,-0.5605,1.7766227,-0.10823750551347266
2,1,126957.83308160375,-0.5605,1.7766417,-0.10901618615247803
2,1,126962.83308041166,-0.5605,1.7766036,-0.10979486541808973
2,1,126967.83307921956,-0.5605,1.7765464,-0.11057354430145354
2,1,126972.83307802933,-0.5605,1.7763937,-0.11135222809218695
2,1,126977.83307685587,-0.5605,1.7762982,-0.11213091620569425
2,1,126982.8330756824,-0.5605,1.7763937,-0.1129096015641093
2,1,126987.83307450893,-0.5605,1.7762791,-0.11368828793301514
2,1,126992.83307333547,-0.5605,1.7761455,-0.11446697488060922
2,1,126997.833072162,-0.5605,1.7761264,-0.11524566074276961
2,1,127002.83307097456,-0.5605,1.7761836,-0.11602434611820178
2,1,127007.83306978247,-0.5605,1.776069,-0.11680303446862761
2,1,127012.83306859038,-0.5605,1.7758209,-0.11758172309274471
2,1,127017.83306739829,-0.5605,1.7759736,-0.1183604095027049
2,1,127022.83306620619,-0.5605,1.7758782,-0.11913909441706866
2,1,127027.83306502388,-0.5605,1.7756872,-0.11991777922190888
2,1,127032.83306385041,-0.5605,1.7757063,-0.1206964633278118
2,1,127037.83306267695,-0.5605,1.7756491,-0.12147514627130493
2,1,127042.83306150348,-0.5605,1.7755345,-0.12225382866924336
2,1,127047.83306033001,-0.5605,1.7753437,-0.12303251101413036
2,1,127052.83305915329,-0.5605,1.7754009,-0.12381119507483308
2,1,127057.8330579612,-0.5605,1.7753437,-0.1245898790717224
2,1,127062.8330567691,-0.5605,1.7751719,-0.12536856401572954
2,1,127067.83305557701,-0.5605,1.775,-0.12614724857598542
2,1,127072.83305438492,-0.5605,1.7750955,-0.12692593161681956
2,1,127077.83305319282,-0.5605,1.7748663,-0.1277046160797841
2,1,127082.83305201842,-0.5605,1.7748091,-0.12848329765284722
2,1,127087.83305084496,-0.5605,1.7749046,-0.1292619816843205
2,1,127092.83304967149,-0.5605,1.7747327,-0.13004066390684907
2,1,127097.83304849803,-0.5605,1.7746755,-0.1308193436237441
2,1,127102.83304732456,-0.5605,1.77458,-0.1315980248188608
2,1,127107.83304613992,-0.5605,1.7745228,-0.13237670567578405
2,1,127112.83304494782,-0.5605,1.7743127,-0.1331553845848209
2,1,127117.83304375573,-0.5605,1.7742746,-0.13393406396880742
2,1,127122.83304256364,-0.5605,1.7741028,-0.13471274269461958
2,1,127127.83304137154,-0.5605,1.7741219,-0.13549142289067304
2,1,127132.83304018644,-0.5605,1.77416,-0.13627010253118801
2,1,127137.83303901297,-0.5605,1.7740073,-0.13704878235386803
2,1,127142.8330378395,-0.5605,1.7740455,-0.13782746239112145
2,1,127147.83303666604,-0.5605,1.7738737,-0.13860614183179198
2,1,127152.83303549257,-0.5605,1.7737973,-0.1393848216417994
2,1,127157.83303431817,-0.5605,1.77374,-0.1401634965279996
2,1,127162.83303312608,-0.5605,1.7734728,-0.14094217246363555
2,1,127167.83303193399,-0.5605,1.7735492,-0.1417208475396765
2,1,127172.83303074166,-0.5605,1.7734156,-0.14249952397892204
2,1,127177.83302954957,-0.5605,1.7732437,-0.14327820141639638
2,1,127182.83302835748,-0.5605,1.77311,-0.14405687614953513
2,1,127187.83302718028,-0.5605,1.7730719,-0.1448355537058545
2,1,127192.83302600682,-0.5605,1.7731674,-0.14561423379980518
2,1,127197.83302483335,-0.5605,1.7729383,-0.14639291204878682
2,1,127202.83302365988,-0.5605,1.7728237,-0.1471715930533806
2,1,127207.83302248642,-0.5605,1.7726328,-0.1479502747564514
2,1,127212.8330213041,-0.5605,1.7727091,-0.14872895705293943
2,1,127217.83302011201,-0.5605,1.7725564,-0.1495076386602057
2,1,127222.83301891992,-0.5605,1.7725374,-0.15028632196618777
2,1,127227.83301772783,-0.5605,1.7725374,-0.1510650057451261
2,1,127232.83301653573,-0.5605,1.7721938,-0.15184368832205727
2,1,127237.8330153483,-0.5605,1.7721555,-0.15262237128658754
2,1,127242.83301417483,-0.5605,1.7721746,-0.15340105417875777
2,1,127247.83301300136,-0.5605,1.7720602,-0.1541797366245753
2,1,127252.8330118279,-0.5605,1.7720219,-0.1549584193117784
2,1,127257.83301065443,-0.5605,1.7718692,-0.15573710496383242
2,1,127262.83300948096,-0.5605,1.7717929,-0.15651579082725775
2,1,127267.83300829073,-0.5605,1.7716401,-0.15729447577000988
2,1,127272.83300709864,-0.5605,1.7716019,-0.15807315530560412
2,1,127277.83300590655,-0.5605,1.7713537,-0.15885183605536154
2,1,127282.83300471446,-0.5605,1.771392,-0.15963051463727485
2,1,127287.83300352236,-0.5605,1.7712392,-0.16040919271145593
2,1,127292.83300234284,-0.5605,1.771182,-0.16118787480224833
2,1,127297.83300116938,-0.5605,1.7711055,-0.16196655939176016
2,1,127302.83299999591,-0.5605,1.7709337,-0.16274524345131383
2,1,127307.83299882244,-0.5605,1.7711055,-0.16352392745306094
2,1,127312.83299764898,-0.5605,1.7707429,-0.16430261018390455
2,1,127317.83299646946,-0.5605,1.7707429,-0.1650812955288092
2,1,127322.83299527736,-0.5605,1.7704183,-0.16585997732555532
2,1,127327.83299408527,-0.5605,1.7705519,-0.16663865933497413
2,1,127332.83299289318,-0.5605,1.770342,-0.16741733958507574
2,1,127337.83299170109,-0.5605,1.7702656,-0.16819601933275655
2,1,127342.83299051085,-0.5605,1.7701702,-0.16897469989985553
2,1,127347.83298933739,-0.5605,1.7699602,-0.16975338134391435
2,1,127352.83298816392,-0.5605,1.7698075,-0.1705320602046085
2,1,127357.83298699046,-0.5605,1.769903,-0.171310740388592
2,1,127362.83298581699,-0.5605,1.7697501,-0.1720894211591945
2,1,127367.83298464352,-0.5605,1.7696738,-0.17286810106990066
2,1,127372.83298345609,-0.5605,1.7696165,-0.17364678186639476
2,1,127377.832982264,-0.5605,1.769502,-0.174425463159326
2,1,127382.8329810719,-0.5605,1.7693684,-0.17520414515376748
2,1,127387.83297987981,-0.5605,1.7691774,-0.17598282854287817
2,1,127392.83297868771,-0.5605,1.7691965,-0.17676151372402568
2,1,127397.8329775054,-0.5605,1.7691393,-0.17754019872818713
2,1,127402.83297633193,-0.5605,1.7689292,-0.17831888579303348
2,1,127407.83297515847,-0.5605,1.7687956,-0.1790975702195862
2,1,127412.832973985,-0.5605,1.7687575,-0.17987625330591522
2,1,127417.83297281154,-0.5605,1.7686238,-0.18065493834423016
2,1,127422.83297163388,-0.5605,1.7686238,-0.18143362240626404
2,1,127427.83297044178,-0.5605,1.768452,-0.18221230422599105
2,1,127432.83296924969,-0.5605,1.7683375,-0.18299098780602205
2,1,127437.8329680576,-0.5605,1.7682039,-0.18376967305220487
2,1,127442.8329668655,-0.5605,1.7681274,-0.18454835558424051
2,1,127447.83296567341,-0.5605,1.7678984,-0.18532704018375268
2,1,127452.83296449902,-0.5605,1.768013,-0.18610572875566275
2,1,127457.83296332555,-0.5605,1.7679366,-0.1868844147494534
2,1,127462.83296215208,-0.5605,1.7677075,-0.1876631022793716
2,1,127467.83296097862,-0.5605,1.767593,-0.18844179126795788
2,1,127472.83295980515,-0.5605,1.7674211,-0.1892204811482495
2,1,127477.83295861958,-0.5605,1.7672684,-0.1899991702589723
2,1,127482.83295742748,-0.5605,1.7673066,-0.19077786068657696
2,1,127487.83295623539,-0.5605,1.7670776,-0.191556549710979
2,1,127492.8329550433,-0.5605,1.7671348,-0.19233524081508643
2,1,127497.8329538512,-0.5605,1.7670012,-0.19311393571952973
2,1,127502.8329526661,-0.5605,1.7670012,-0.1938926322452293
2,1,127507.83295149263,-0.5605,1.766753,-0.19467132699479986
2,1,127512.83295031916,-0.5605,1.766524,-0.19545002127521893
2,1,127517.8329491457,-0.5605,1.766543,-0.1962287156899935
2,1,127522.83294797223,-0.5605,1.7664285,-0.19700740845552742
2,1,127527.83294679737,-0.5605,1.7663711,-0.1977860971394578
2,1,127532.83294560527,-0.5605,1.7660657,-0.19856478464477254
2,1,127537.83294441318,-0.5605,1.7660466,-0.19934347056440174
2,1,127542.83294322109,-0.5605,1.7660848,-0.20012215503659175
2,1,127547.832942029,-0.5605,1.7657984,-0.20090084134639957
2,1,127552.8329408369,-0.5605,1.7658367,-0.20167952750509638
2,1,127557.83293966018,-0.5605,1.7656267,-0.20245821359978775
2,1,127562.83293848671,-0.5605,1.7654358,-0.2032368993859754
2,1,127567.83293731324,-0.5605,1.7653785,-0.20401558410443854
2,1,127572.83293613978,-0.5605,1.7652639,-0.20479427146626836
2,1,127577.83293496631,-0.5605,1.7650921,-0.20557295691928923
2,1,127582.83293378353,-0.5605,1.7649966,-0.20635164465375072
2,1,127587.83293259144,-0.5605,1.7649204,-0.2071303323244849
2,1,127592.83293139935,-0.5605,1.7648249,-0.2079090219485428
2,1,127597.83293020725,-0.5605,1.7647103,-0.20868770733670056
2,1,127602.83292901516,-0.5605,1.7646531,-0.2094663937913841
2,1,127607.83292782772,-0.5605,1.7644621,-0.21024508310987214
2,1,127612.83292665426,-0.5605,1.7644049,-0.2110237687740226
2,1,127617.83292548079,-0.5605,1.764214,-0.2118024565618435
2,1,127622.83292430732,-0.5605,1.7641758,-0.21258114353435895
2,1,127627.83292313386,-0.5605,1.7640612,-0.2133598297528359
2,1,127632.83292196039,-0.5605,1.764004,-0.21413851542805626
2,1,127637.8329207697,-0.5605,1.7637367,-0.21491720260690975
2,1,127642.8329195776,-0.5605,1.7635459,-0.2156958924003574
2,1,127647.83291838551,-0.5605,1.763393,-0.2164745808487236
2,1,127652.83291719342,-0.5605,1.7632977,-0.21725326583992105
2,1,127657.83291600132,-0.5605,1.7633358,-0.21803195098677602
2,1,127662.8329148218,-0.5605,1.7630495,-0.21881063610393134
2,1,127667.83291364834,-0.5605,1.7630876,-0.2195893187656766
2,1,127672.83291247487,-0.5605,1.7628968,-0.22036800154368738
2,1,127677.8329113014,-0.5605,1.7627441,-0.22114668064111465
2,1,127682.83291012794,-0.5605,1.7624959,-0.2219253607780701
2,1,127687.83290894795,-0.5605,1.7624959,-0.22270403981046868
2,1,127692.83290775586,-0.5605,1.7624577,-0.22348271964031782
2,1,127697.83290656377,-0.5605,1.7623622,-0.22426139901971812
2,1,127702.83290537167,-0.5605,1.7621522,-0.22504008271584242
2,1,127707.83290417958,-0.5605,1.7620759,-0.22581876398913722
2,1,127712.83290298935,-0.5605,1.7618849,-0.22659744877679805
2,1,127717.83290181588,-0.5605,1.7617131,-0.22737613257713113
2,1,127722.83290064242,-0.5605,1.7616369,-0.2281548174058993
2,1,127727.83289946895,-0.5605,1.761465,-0.2289335021051565
2,1,127732.83289829548,-0.5605,1.7612741,-0.22971218625527612
2,1,127737.83289712202,-0.5605,1.7611405,-0.23049086698534746
2,1,127742.83289593365,-0.5605,1.761064,-0.23126954769059013
2,1,127747.83289474156,-0.5605,1.7610068,-0.2320482290959258
2,1,127752.83289354946,-0.5605,1.7607968,-0.23282690839830694
2,1,127757.83289235737,-0.5605,1.7607014,-0.23360558865163383
2,1,127762.83289116528,-0.5605,1.7606441,-0.23438426859367878
2,1,127767.83288998296,-0.5605,1.7605104,-0.2351629487560225
2,1,127772.8328888095,-0.5605,1.7603005,-0.23594162671497124
2,1,127777.83288763603,-0.5605,1.760415,-0.23672030259909554
2,1,127782.83288646257,-0.5605,1.7601669,-0.23749897892910896
2,1,127787.8328852891,-0.5605,1.7598423,-0.238277655881822
2,1,127792.83288411144,-0.5605,1.759766,-0.23905633233547532
2,1,127797.83288291935,-0.5605,1.7597086,-0.2398350067126154
2,1,127802.83288172726,-0.5605,1.7595941,-0.2406136818328532
2,1,127807.83288053516,-0.5605,1.7594223,-0.24139235773475956
2,1,127812.83287934307,-0.5605,1.7593077,-0.2421710342685745
2,1,127817.83287815098,-0.5605,1.7590595,-0.24294971036116605
2,1,127822.83287697751,-0.5605,1.7590787,-0.24372838678725223
2,1,127827.83287580404,-0.5605,1.7587732,-0.24450706371534858
2,1,127832.83287463058,-0.5605,1.7586014,-0.24528574276856577
2,1,127837.83287345711,-0.5605,1.758506,-0.24606442043559745
2,1,127842.83287228364,-0.5605,1.758506,-0.246843098376486
2,1,127847.83287109807,-0.5605,1.7583532,-0.24762177128614316
2,1,127852.83286990598,-0.5605,1.7582387,-0.2484004436740047
2,1,127857.83286871389,-0.5605,1.7580097,-0.24917911944225427
2,1,127862.83286752179,-0.5605,1.7579142,-0.24995779272846377
2,1,127867.8328663297,-0.5605,1.757666,-0.2507364681845373
2,1,127872.83286514552,-0.5605,1.7576278,-0.2515151440178023
2,1,127877.83286397206,-0.5605,1.7574178,-0.25229382245465115
2,1,127882.83286279859,-0.5605,1.757246,-0.25307250188501673
2,1,127887.83286162512,-0.5605,1.7571697,-0.25385117962676945
2,1,127892.83286045166,-0.5605,1.7570169,-0.2546298564501404
2,1,127897.8328592768,-0.5605,1.7567879,-0.25540853287482584
2,1,127902.8328580847,-0.5605,1.7566352,-0.2561872091822491
2,1,127907.83285689261,-0.5605,1.7566543,-0.2569658876441915
2,1,127912.83285570052,-0.5605,1.7564633,-0.2577445674723253
2,1,127917.83285450842,-0.5605,1.7563679,-0.2585232472269534
2,1,127922.83285331633,-0.5605,1.7563487,-0.2593019253280924
2,1,127927.83285214007,-0.5605,1.7560242,-0.26008060429593916
2,1,127932.8328509666,-0.5605,1.755776,-0.2608592842281957
2,1,127937.83284979314,-0.5605,1.7556807,-0.26163796371817255
2,1,127942.83284861967,-0.5605,1.7556615,-0.26241664676688775
2,1,127947.8328474462,-0.5605,1.7553179,-0.2631953303433822
2,1,127952.83284626342,-0.5605,1.7551843,-0.26397401291570066
2,1,127957.83284507133,-0.5605,1.7551652,-0.26475269340499574
2,1,127962.83284387924,-0.5605,1.7550125,-0.26553137573716706
2,1,127967.83284268714,-0.5605,1.7548215,-0.26631005879717073
2,1,127972.83284149505,-0.5605,1.754726,-0.26708874222103757
2,1,127977.83284030808,-0.5605,1.7545733,-0.26786742731358276
2,1,127982.83283913461,-0.5605,1.7542489,-0.2686461095060739
2,1,127987.83283796115,-0.5605,1.7542679,-0.2694247956065072
2,1,127992.83283678768,-0.5605,1.7540007,-0.2702034808846315
2,1,127997.83283561422,-0.5605,1.7540197,-0.2709821651649475
2,1,128002.83283444075,-0.5605,1.7539625,-0.27176084847201243
2,1,128007.83283324959,-0.5605,1.7536379,-0.27253953364850414
2,1,128012.8328320575,-0.5605,1.7535616,-0.2733182141702672
2,1,128017.83283086517,-0.5605,1.7532179,-0.2740968957678212
2,1,128022.83282967308,-0.5605,1.7533134,-0.2748755789777603
2,1,128027.83282848098,-0.5605,1.7530843,-0.2756542616930339
2,1,128032.83282730193,-0.5605,1.7528553,-0.2764329465366006
2,1,128037.83282612846,-0.5605,1.752817,-0.27721163197398185
2,1,128042.832824955,-0.5605,1.752588,-0.27799031848430966
2,1,128047.83282378153,-0.5605,1.7523017,-0.27876900404661564
2,1,128052.83282260806,-0.5605,1.7522253,-0.27954769085438386
2,1,128057.83282142761,-0.5605,1.7520152,-0.2803263741670748
2,1,128062.83282023552,-0.5605,1.7519199,-0.2811050578951637
2,1,128067.83281904343,-0.5605,1.7516907,-0.28188374376492703
2,1,128072.83281785133,-0.5605,1.7515762,-0.2826624306227168
2,1,128077.83281665924,-0.5605,1.7513853,-0.2834411147371299
2,1,128082.83281546948,-0.5605,1.7514044,-0.28421979881667764
2,1,128087.83281429601,-0.5605,1.7512517,-0.2849984817174541
2,1,128092.83281312254,-0.5605,1.7510226,-0.2857771632446316
2,1,128097.83281194908,-0.5605,1.7508126,-0.28655584494274194
2,1,128102.83281077561,-0.5605,1.7507362,-0.28733452724665737
2,1,128107.83280960214,-0.5605,1.7505071,-0.2881132126696971
2,1,128112.83280841378,-0.5605,1.7502972,-0.2888918981092307
2,1,128117.83280722168,-0.5605,1.7502589,-0.28967058065676354
2,1,128122.83280602959,-0.5605,1.7499917,-0.2904492625076307
2,1,128127.8328048375,-0.5605,1.7499344,-0.291227945383052
2,1,128132.8328036454,-0.5605,1.7496862,-0.2920066280346943
2,1,128137.83280246402,-0.5605,1.749629,-0.29278531012130443
2,1,128142.83280129055,-0.5605,1.7493999,-0.2935639897602432
2,1,128147.83280011709,-0.5605,1.7492472,-0.2943426686181724
2,1,128152.83279894362,-0.5605,1.7490371,-0.2951213478520413
2,1,128157.83279777016,-0.5605,1.7489227,-0.29590002781631547
2,1,128162.8327965925,-0.5605,1.7487699,-0.29667870580088096
2,1,128167.8327954004,-0.5605,1.7485218,-0.29745738172836766
2,1,128172.83279420831,-0.5605,1.7482736,-0.29823605768963696
2,1,128177.83279301622,-0.5605,1.74814,-0.29901473714450666
2,1,128182.83279182413,-0.5605,1.7481209,-0.29979341708499857
2,1,128187.83279063203,-0.5605,1.7478918,-0.30057209292116766
2,1,128192.83278945857,-0.5605,1.7477582,-0.3013507688542472
2,1,128197.8327882851,-0.5605,1.7474718,-0.30212944575086903
2,1,128202.83278711163,-0.5605,1.7472808,-0.30290812388010163
2,1,128207.83278593817,-0.5605,1.7472236,-0.3036868023211427
2,1,128212.8327847647,-0.5605,1.7469373,-0.30446548139605595
2,1,128217.83278357913,-0.5605,1.7467082,-0.3052441588713991
2,1,128222.83278238703,-0.5605,1.7467272,-0.3060228372797967
2,1,128227.83278119494,-0.5605,1.7465554,-0.3068015120463306
2,1,128232.83278000285,-0.5605,1.7463837,-0.30758018932518705
2,1,128237.83277881076,-0.5605,1.7460783,-0.30835886562833864
2,1,128242.83277762658,-0.5605,1.7459446,-0.309137545284831
2,1,128247.83277645311,-0.5605,1.7457918,-0.3099162249011763
2,1,128252.83277527965,-0.5605,1.7456009,-0.3106949029839802
2,1,128257.83277410618,-0.5605,1.7453527,-0.31147358169125205
2,1,128262.83277293271,-0.5605,1.7452191,-0.3122522591355379
2,1,128267.83277175738,-0.5605,1.7449709,-0.31303093787868175
2,1,128272.83277056529,-0.5605,1.7449137,-0.3138096162292562
2,1,128277.8327693732,-0.5605,1.7447419,-0.31458829662537263
2,1,128282.8327681811,-0.5605,1.7444746,-0.31536698762183074
2,1,128287.83276698901,-0.5605,1.7441883,-0.3161456780860691
2,1,128292.83276579692,-0.5605,1.744131,-0.3169243666620256
2,1,128297.83276462066,-0.5605,1.743902,-0.3177030553131635
2,1,128302.8327634472,-0.5605,1.7436728,-0.318481745843861
2,1,128307.83276227373,-0.5605,1.7433482,-0.3192604346229237
2,1,128312.83276110026,-0.5605,1.743291,-0.3200391209834816
2,1,128317.8327599268,-0.5605,1.7431002,-0.32081779706411245
2,1,128322.83275874308,-0.5605,1.7429856,-0.3215964738409521
2,1,128327.83275755099,-0.5605,1.7426993,-0.3223751508810323
2,1,128332.8327563589,-0.5605,1.7426419,-0.3231538268448977
2,1,128337.8327551668,-0.5605,1.7424129,-0.3239325009568832
2,1,128342.83275397471,-0.5605,1.742222,-0.32471117507931935
2,1,128347.83275278774,-0.5605,1.7419928,-0.3254898492504327
2,1,128352.83275161427,-0.5605,1.7417638,-0.32626852655251176
2,1,128357.83275044081,-0.5605,1.7415538,-0.32704720816683786
2,1,128362.83274926734,-0.5605,1.7413439,-0.3278258868790635
2,1,128367.83274809388,-0.5605,1.7412865,-0.3286045658918058
2,1,128372.83274692041,-0.5605,1.7410383,-0.3293832431780996
2,1,128377.83274572878,-0.5605,1.7406566,-0.33016192039285785
2,1,128382.83274453669,-0.5605,1.7405993,-0.3309405954267815
2,1,128387.8327433446,-0.5605,1.7404084,-0.3317192705127963
2,1,128392.8327421525,-0.5605,1.7402748,-0.33249794734524046
2,1,128397.83274096041,-0.5605,1.7400457,-0.3332766269664303
2,1,128402.83273978182,-0.5605,1.7398548,-0.33405530736027844
2,1,128407.83273860835,-0.5605,1.739702,-0.334833989491453
2,1,128412.83273743489,-0.5605,1.7394539,-0.3356126728678977
2,1,128417.83273626142,-0.5605,1.7392439,-0.33639135624128935
2,1,128422.83273508796,-0.5605,1.7390147,-0.3371700362772149
2,1,128427.83273390704,-0.5605,1.7386903,-0.33794871811829363
2,1,128432.83273271495,-0.5605,1.7386712,-0.338727398947567
2,1,128437.83273152285,-0.5605,1.7384994,-0.33950607999774174
2,1,128442.83273033076,-0.5605,1.7381748,-0.3402847601339488
2,1,128447.83272913867,-0.5605,1.7380985,-0.3410634385911725
2,1,128452.83272794937,-0.5605,1.737793,-0.34184212135639147
2,1,128457.8327267759,-0.5605,1.7376212,-0.34262080337395623
2,1,128462.83272560243,-0.5605,1.737373,-0.34339948868824727
2,1,128467.83272442897,-0.5605,1.7373348,-0.3441781731986968
2,1,128472.8327232555,-0.5605,1.7370485,-0.3449568564090631
2,1,128477.83272208204,-0.5605,1.7367048,-0.3457355413627229
2,1,128482.8327208932,-0.5605,1.7366667,-0.34651422501278933
2,1,128487.83271970111,-0.5605,1.7363613,-0.3472929036186836
2,1,128492.83271850902,-0.5605,1.7362086,-0.34807158416200035
2,1,128497.83271731692,-0.5605,1.7360367,-0.34885026450159173
2,1,128502.83271612483,-0.5605,1.7355976,-0.34962894496291236
2,1,128507.83271494345,-0.5605,1.7355021,-0.3504076278466816
2,1,128512.83271376998,-0.5605,1.7354068,-0.3511863130051893
2,1,128517.83271259652,-0.5605,1.7350821,-0.35196499746807436
2,1,128522.83271142305,-0.5605,1.7348341,-0.3527436838044559
2,1,128527.83271024958,-0.5605,1.7346431,-0.3535223690868982
2,1,128532.83270907146,-0.5605,1.7345668,-0.35430105631016046
2,1,128537.83270787937,-0.5605,1.7342231,-0.35507974265599596
2,1,128542.83270668727,-0.5605,1.7339749,-0.35585842860728845
2,1,128547.83270549518,-0.5605,1.7338222,-0.35663711544517357
2,1,128552.83270430309,-0.5605,1.733574,-0.3574158032484619
2,1,128557.832703111,-0.5605,1.7333832,-0.3581944907878672
2,1,128562.83270193753,-0.5605,1.7331731,-0.3589731820090216
2,1,128567.83270076406,-0.5605,1.7330014,-0.3597518742157488
2,1,128572.8326995906,-0.5605,1.7327722,-0.36053056653526444
2,1,128577.83269841713,-0.5605,1.7324859,-0.36130926040976263
2,1,128582.83269724366,-0.5605,1.7322568,-0.3620879505473973
2,1,128587.83269605762,-0.5605,1.732085,-0.3628666373656294
2,1,128592.83269486553,-0.5605,1.731856,-0.3636453264450962
2,1,128597.83269367344,-0.5605,1.7316269,-0.3644240137672955
2,1,128602.83269248134,-0.5605,1.7313596,-0.3652026983682481
2,1,128607.83269128925,-0.5605,1.7311686,-0.36598138443548156
2,1,128612.83269010508,-0.5605,1.7310542,-0.3667600710850922
2,1,128617.83268893161,-0.5605,1.7308632,-0.3675387565362024
2,1,128622.83268775814,-0.5605,1.7305387,-0.3683174444625941
2,1,128627.83268658468,-0.5605,1.7302333,-0.36909613640030564
2,1,128632.83268541121,-0.5605,1.7300233,-0.3698748273893761
2,1,128637.83268423541,-0.5605,1.7295269,-0.37065351515848777
2,1,128642.83268304332,-0.5605,1.7295651,-0.371432202938623
2,1,128647.83268185123,-0.5605,1.7292979,-0.37221089213779246
2,1,128652.83268065914,-0.5605,1.7291642,-0.3729895848410826
2,1,128657.83267946704,-0.5605,1.7287824,-0.3737682764754528
2,1,128662.83267827495,-0.5605,1.7286869,-0.374546968096061
2,1,128667.83267709916,-0.5605,1.7282288,-0.37532566002214957
2,1,128672.83267592569,-0.5605,1.7280952,-0.3761043500565324
2,1,128677.83267475222,-0.5605,1.727847,-0.3768830413556
2,1,128682.83267357876,-0.5605,1.7275225,-0.3776617308420937
2,1,128687.83267240529,-0.5605,1.727236,-0.37844042060256344
2,1,128692.83267122158,-0.5605,1.7271216,-0.379219105250617
2,1,128697.83267002949,-0.5605,1.7268925,-0.37999779157080593
2,1,128702.83266883739,-0.5605,1.7266443,-0.3807764777346983
2,1,128707.8326676453,-0.5605,1.7263389,-0.3815551655431921
2,1,128712.8326664532,-0.5605,1.7260143,-0.38233385087211275
2,1,128717.83266526717,-0.5605,1.7258234,-0.3831125365783706
2,1,128722.8326640937,-0.5605,1.7258425,-0.38389122422159394
2,1,128727.83266292023,-0.5605,1.7254034,-0.38466991120717936
2,1,128732.83266174677,-0.5605,1.7252125,-0.3854485954182381
2,1,128737.8326605733,-0.5605,1.7249261,-0.3862272786391776
2,1,128742.83265939984,-0.5605,1.7245826,-0.3870059606648751
2,1,128747.83265820821,-0.5605,1.7243725,-0.3877846432418427
2,1,128752.83265701612,-0.5605,1.7242198,-0.3885633242415158
2,1,128757.83265582402,-0.5605,1.7237617,-0.3893420059027839
2,1,128762.83265463193,-0.5605,1.7235707,-0.39012068592286125
2,1,128767.83265343984,-0.5605,1.7232271,-0.39089936536975384
2,1,128772.83265226171,-0.5605,1.7230744,-0.3916780467083025
2,1,128777.83265108825,-0.5605,1.722979,-0.39245672655083413
2,1,128782.83264991478,-0.5605,1.7226162,-0.3932354063926572
2,1,128787.83264874131,-0.5605,1.7222536,-0.3940140840121906
2,1,128792.83264756785,-0.5605,1.7220054,-0.3947927590270375
2,1,128797.83264638693,-0.5605,1.7216426,-0.3955714322475494
2,1,128802.83264519484,-0.5605,1.7212608,-0.39635010519143954
2,1,128807.83264400274,-0.5605,1.721299,-0.3971287781608073
2,1,128812.83264281065,-0.5605,1.7208408,-0.39790744811277273
2,1,128817.83264161856,-0.5605,1.7206309,-0.39868611951704835
2,1,128822.83264042973,-0.5605,1.7204973,-0.3994647927161291
2,1,128827.83263925626,-0.5605,1.720039,-0.40024346652795556
2,1,128832.8326380828,-0.5605,1.7197527,-0.4010221443977225
2,1,128837.83263690933,-0.5605,1.7196,-0.4018008225498433
2,1,128842.83263573586,-0.5605,1.7192372,-0.40257950019184763
2,1,128847.8326345624,-0.5605,1.7190845,-0.40335817795437257
2,1,128852.83263337356,-0.5605,1.7187219,-0.4041368555424049
2,1,128857.83263218147,-0.5605,1.7183973,-0.40491553302111905
2,1,128862.83263098914,-0.5605,1.7181681,-0.40569421207757805
2,1,128867.83262979705,-0.5605,1.7178246,-0.40647288970779394
2,1,128872.83262860496,-0.5605,1.7176336,-0.40725156365577064
2,1,128877.83262742404,-0.5605,1.7173663,-0.40803023626247725
2,1,128882.83262625057,-0.5605,1.7169656,-0.40880891087605903
2,1,128887.8326250771,-0.5605,1.71666,-0.4095875867554812
2,1,128892.83262390364,-0.5605,1.7163737,-0.41036626479730026
2,1,128897.83262273017,-0.5605,1.7161446,-0.4111449407189788
2,1,128902.83262155158,-0.5605,1.715801,-0.4119236172532275
2,1,128907.83262035949,-0.5605,1.7154573,-0.4127022908928727
2,1,128912.8326191674,-0.5605,1.7152665,-0.4134809620661704
2,1,128917.8326179753,-0.5605,1.7149992,-0.41425963578976543
2,1,128922.83261678321,-0.5605,1.7145792,-0.41503831180231787
2,1,128927.83261559159,-0.5605,1.7142738,-0.41581698489439506
2,1,128932.83261441812,-0.5605,1.7142355,-0.4165956581132182
2,1,128937.83261324465,-0.5605,1.713701,-0.41737433424423154
2,1,128942.83261207119,-0.5605,1.7135292,-0.4181530105219849
2,1,128947.83261089772,-0.5605,1.7133384,-0.41893168618394283
2,1,128952.83260972425,-0.5605,1.7128038,-0.4197103616908591
2,1,128957.83260853775,-0.5605,1.7124602,-0.4204890370076035
2,1,128962.83260734566,-0.5605,1.7122884,-0.42126771116279904
2,1,128967.83260615356,-0.5605,1.712002,-0.42204638443423986
2,1,128972.83260496147,-0.5605,1.711792,-0.4228250576473244
2,1,128977.83260376938,-0.5605,1.711353,-0.4236037331760825
2,1,128982.83260258567,-0.5605,1.711143,-0.42438240656327886
2,1,128987.8326014122,-0.5605,1.7107803,-0.42516107829968813
2,1,128992.83260023873,-0.5605,1.7105511,-0.42593975539961143
2,1,128997.83259906527,-0.5605,1.7101693,-0.4267184323885641
2,1,129002.8325978918,-0.5605,1.7101312,-0.42749711343260954
2,1,129007.832596716,-0.5605,1.7096157,-0.4282757955937586
2,1,129012.83259552391,-0.5605,1.7092531,-0.4290544756488272
2,1,129017.83259433182,-0.5605,1.7089094,-0.42983315327299654
2,1,129022.83259313973,-0.5605,1.7087948,-0.43061183107167833
2,1,129027.83259194763,-0.5605,1.7083367,-0.43139050823369973
2,1,129032.83259075554,-0.5605,1.7080121,-0.43216918521016523
2,1,129037.83258958021,-0.5605,1.707764,-0.43294786150561787
2,1,129042.83258840675,-0.5605,1.7074776,-0.43372653686890683
2,1,129047.83258723328,-0.5605,1.7070767,-0.43450521256072006
2,1,129052.83258605981,-0.5605,1.7068095,-0.43528388956287184
2,1,129057.83258488635,-0.5605,1.7064849,-0.43606256610239225
2,1,129062.83258370264,-0.5605,1.7060649,-0.4368412411930761
2,1,129067.83258251054,-0.5605,1.7058549,-0.437619918463323
2,1,129072.83258131845,-0.5605,1.7054349,-0.4383985935253171
2,1,129077.83258012636,-0.5605,1.7051486,-0.4391772726895248
2,1,129082.83257893426,-0.5605,1.7048241,-0.4399559481607379
2,1,129087.83257774822,-0.5605,1.7045187,-0.44073462617787734
2,1,129092.83257657476,-0.5605,1.7041941,-0.441513309556895
2,1,129097.83257540129,-0.5605,1.7038887,-0.44229199128261554
2,1,129102.83257422782,-0.5605,1.7036786,-0.4430706768881349
2,1,129107.83257305436,-0.5605,1.7032014,-0.4438493605488176
2,1,129112.83257188089,-0.5605,1.7029151,-0.4446280442045564
2,1,129117.8325706888,-0.5605,1.7025905,-0.44540672761536654
2,1,129122.8325694967,-0.5605,1.7023041,-0.4461854082220066
2,1,129127.83256830461,-0.5605,1.7019796,-0.44696409115207875
2,1,129132.83256711252,-0.5605,1.7015597,-0.447742775446233
2,1,129137.83256592043,-0.5605,1.7013115,-0.44852146055140113
2,1,129142.8325647423,-0.5605,1.7009106,-0.44930014767346793
2,1,129147.83256356884,-0.5605,1.7007005,-0.4500788359025851
2,1,129152.83256239537,-0.5605,1.7001469,-0.450857526262363
2,1,129157.8325612219,-0.5605,1.6997843,-0.4516362115345533
2,1,129162.83256004844,-0.5605,1.699517,-0.45241489825696435
2,1,129167.83255886706,-0.5605,1.6992115,-0.4531935872996352
2,1,129172.83255767496,-0.5605,1.6989442,-0.4539722751362988
2,1,129177.83255648287,-0.5605,1.6985433,-0.45475096457260206
2,1,129182.83255529078,-0.5605,1.698028,-0.45552965455224137
2,1,129187.83255409868,-0.5605,1.6978943,-0.4563083439676764
2,1,129192.83255290985,-0.5605,1.6974934,-0.4570870320770445
2,1,129197.83255173638,-0.5605,1.6970543,-0.4578657178263004
2,1,129202.83255056292,-0.5605,1.6968634,-0.45864440479591845
2,1,129207.83254938945,-0.5605,1.6964816,-0.45942309427190847
2,1,129212.83254821599,-0.5605,1.6960807,-0.4602017830559846
2,1,129217.83254704252,-0.5605,1.6957562,-0.4609804716301464
2,1,129222.83254585275,-0.5605,1.6954699,-0.46175915785114663
2,1,129227.83254466066,-0.5605,1.695069,-0.4625378436943726
2,1,129232.83254346857,-0.5605,1.6947443,-0.4633165283975505
2,1,129237.83254227648,-0.5605,1.6943817,-0.4640952131616675
2,1,129242.83254108438,-0.5605,1.6939044,-0.4648739033655362
2,1,129247.83253990347,-0.5605,1.693599,-0.4656525901204053
2,1,129252.83253873,-0.5605,1.6932172,-0.4664312764417996
2,1,129257.83253755653,-0.5605,1.6928163,-0.46720996176852814
2,1,129262.83253638307,-0.5605,1.6925681,-0.46798864649148814
2,1,129267.8325352096,-0.5605,1.69211,-0.46876733093942236
2,1,129272.83253403055,-0.5605,1.6917281,-0.4695460165466603
2,1,129277.83253283845,-0.5605,1.6914036,-0.47032470047707386
2,1,129282.83253164636,-0.5605,1.691079,-0.4711033856077925
2,1,129287.83253045427,-0.5605,1.69064,-0.4718820705556276
2,1,129292.83252926217,-0.5605,1.6902581,-0.47266075459869394
2,1,129297.83252807101,-0.5605,1.6898763,-0.4734394416578547
2,1,129302.83252689755,-0.5605,1.6894563,-0.4742181285334563
2,1,129307.83252572408,-0.5605,1.68917,-0.474996815556437
2,1,129312.83252455061,-0.5605,1.688731,-0.47577550193213114
2,1,129317.83252337715,-0.5605,1.6884065,-0.4765541856215797
2,1,129322.83252220368,-0.5605,1.6880819,-0.4773328693419796
2,1,129327.83252101671,-0.5605,1.6877383,-0.47811154979993253
2,1,129332.83251982462,-0.5605,1.6872228,-0.47889023368069544
2,1,129337.83251863252,-0.5605,1.6868029,-0.479668917712172
2,1,129342.83251744043,-0.5605,1.686421,-0.480447602961239
2,1,129347.83251624834,-0.5605,1.6859629,-0.4812262854368191
2,1,129352.83251506509,-0.5605,1.6855811,-0.48200496557663225
2,1,129357.83251389163,-0.5605,1.6853901,-0.4827836485495303
2,1,129362.83251271816,-0.5605,1.6848747,-0.48356233259321924
2,1,129367.8325115447,-0.5605,1.6844165,-0.48434101801634505
2,1,129372.83251037123,-0.5605,1.6841302,-0.4851197004647653
2,1,129377.83250919497,-0.5605,1.6837484,-0.4858983818868168
2,1,129382.83250800287,-0.5605,1.683252,-0.4866770615240171
2,1,129387.83250681078,-0.5605,1.6829466,-0.4874557398150763
2,1,129392.83250561869,-0.5605,1.6825457,-0.48823441736043505
2,1,129397.8325044266,-0.5605,1.6822021,-0.4890130963417293
2,1,129402.8325032345,-0.5605,1.6815912,-0.48979177445306726
2,1,129407.83250205917,-0.5605,1.6812857,-0.49057045519564896
2,1,129412.8325008857,-0.5605,1.6808848,-0.4913491354499063
2,1,129417.83249971224,-0.5605,1.6805412,-0.49212781764049346
2,1,129422.83249853877,-0.5605,1.6801021,-0.4929065004702311
2,1,129427.8324973653,-0.5605,1.6797585,-0.4936851826086012
2,1,129432.83249618113,-0.5605,1.6793003,-0.49446386161787653
2,1,129437.83249498904,-0.5605,1.6788422,-0.49524254268821094
2,1,129442.83249379694,-0.5605,1.6783841,-0.4960212215479713
2,1,129447.83249260485,-0.5605,1.6780785,-0.49679990230531507
2,1,129452.83249141276,-0.5605,1.6776013,-0.4975785821106667
2,1,129457.83249022672,-0.5605,1.677124,-0.49835725970222894
2,1,129462.83248905325,-0.5605,1.676895,-0.4991359404019383
2,1,129467.83248787979,-0.5605,1.6763605,-0.49991461939096127
2,1,129472.83248670632,-0.5605,1.6759787,-0.5006932970277105
2,1,129477.83248553285,-0.5605,1.6754632,-0.5014719765376747
2,1,129482.83248435892,-0.5605,1.6750623,-0.5022506580811409
2,1,129487.83248316683,-0.5605,1.6745278,-0.5030293358474573
2,1,129492.83248197474,-0.5605,1.6741842,-0.5038080143600869
2,1,129497.83248078264,-0.5605,1.6738024,-0.5045866906570562
2,1,129502.83247959055,-0.5605,1.6733824,-0.5053653665173916
2,1,129507.83247839846,-0.5605,1.6728287,-0.5061440414305198
2,1,129512.8324772208,-0.5605,1.6724087,-0.5069227173783118
2,1,129517.83247604733,-0.5605,1.672027,-0.5077013957497379
2,1,129522.83247487387,-0.5605,1.6716261,-0.5084800735000141
2,1,129527.8324737004,-0.5605,1.6710342,-0.5092587522819573
2,1,129532.83247252693,-0.5605,1.6706524,-0.5100374306657183
2,1,129537.83247134509,-0.5605,1.6702515,-0.5108161081943811
2,1,129542.832470153,-0.5605,1.6697743,-0.5115947860043215
2,1,129547.8324689609,-0.5605,1.6692779,-0.512373467194852
2,1,129552.8324677688,-0.5605,1.668877,-0.5131521472700404
2,1,129557.83246657671,-0.5605,1.6685716,-0.5139308257811898
2,1,129562.83246538835,-0.5605,1.6679608,-0.5147095043626925
2,1,129567.83246421488,-0.5605,1.6675599,-0.515488182702452
2,1,129572.83246304141,-0.5605,1.6670253,-0.5162668599366182
2,1,129577.83246186795,-0.5605,1.6666244,-0.5170455379227004
2,1,129582.83246069448,-0.5605,1.666128,-0.5178242167743545
2,1,129587.83245952101,-0.5605,1.6655363,-0.5186028953165546
2,1,129592.83245833125,-0.5605,1.665269,-0.519381573809339
2,1,129597.83245713916,-0.5605,1.6646962,-0.5201602517857056
2,1,129602.83245594706,-0.5605,1.6642762,-0.5209389318865969
2,1,129607.83245475497,-0.5605,1.6638181,-0.5217176122823193
2,1,129612.83245356288,-0.5605,1.6634554,-0.5224962917730909
2,1,129617.83245238289,-0.5605,1.6629208,-0.5232749724482696
2,1,129622.83245120943,-0.5605,1.6624246,-0.5240536551857624
2,1,129627.83245003596,-0.5605,1.6620237,-0.5248323385383354
2,1,129632.8324488625,-0.5605,1.6614318,-0.5256110192752017
2,1,129637.83244768903,-0.5605,1.6608782,-0.5263896995373103
2,1,129642.83244650997,-0.5605,1.660401,-0.5271683796770076
2,1,129647.83244531788,-0.5605,1.6599618,-0.5279470554667512
2,1,129652.83244412579,-0.5605,1.6596946,-0.5287257343614267
2,1,129657.8324429337,-0.5605,1.6589692,-0.5295044134820435
2,1,129662.8324417416,-0.5605,1.6585683,-0.530283094082935
2,1,129667.8324405509,-0.5605,1.6581101,-0.5310617728466457
2,1,129672.83243937744,-0.5605,1.6574992,-0.5318404558708435
2,1,129677.83243820397,-0.5605,1.6571366,-0.5326191414647002
2,1,129682.8324370305,-0.5605,1.6565638,-0.5333978225042886
2,1,129687.83243585704,-0.5605,1.656182,-0.5341765031417277
2,1,129692.83243468357,-0.5605,1.6556475,-0.5349551823888653
2,1,129697.8324334966,-0.5605,1.6550175,-0.5357338625358145
2,1,129702.83243230451,-0.5605,1.654502,-0.5365125449054937
2,1,129707.83243111218,-0.5605,1.654063,-0.5372912268651923
2,1,129712.83242992009,-0.5605,1.6535094,-0.5380699071907468
2,1,129717.832428728,-0.5605,1.6531085,-0.5388485886276299
2,1,129722.83242754522,-0.5605,1.6526885,-0.5396272722169857
2,1,129727.83242637175,-0.5605,1.6522303,-0.540405957692663
2,1,129732.83242519828,-0.5605,1.6515621,-0.541184644132442
2,1,129737.83242402482,-0.5605,1.6512758,-0.5419633316151766
2,1,129742.83242285135,-0.5605,1.6506459,-0.5427420197986134
2,1,129747.83242167509,-0.5605,1.6500349,-0.5435207074258428
2,1,129752.832420483,-0.5605,1.6494241,-0.5442993930429884
2,1,129757.8324192909,-0.5605,1.6488895,-0.5450780758785673
2,1,129762.83241809881,-0.5605,1.6484313,-0.5458567569326097
2,1,129767.83241690672,-0.5605,1.6479923,-0.5466354421701101
2,1,129772.83241571463,-0.5605,1.6473814,-0.5474141260184315
2,1,129777.83241453976,-0.5605,1.6470187,-0.548192809706539
2,1,129782.8324133663,-0.5605,1.6462932,-0.5489714891677533
2,1,129787.83241219283,-0.5605,1.645835,-0.5497501711101433
2,1,129792.83241101936,-0.5605,1.645205,-0.5505288544250992
2,1,129797.8324098459,-0.5605,1.6448424,-0.5513075375808147
2,1,129802.83240866126,-0.5605,1.6440978,-0.5520862228095268
2,1,129807.83240746916,-0.5605,1.6436969,-0.5528649071124992
2,1,129812.83240627707,-0.5605,1.6430861,-0.5536435878205666
2,1,129817.83240508498,-0.5605,1.6425134,-0.5544222680748703
2,1,129822.83240389288,-0.5605,1.6420742,-0.5552009486263131
2,1,129827.83240270731,-0.5605,1.6415206,-0.555979628889627
2,1,129832.83240153384,-0.5605,1.6410244,-0.5567583127627804
2,1,129837.83240036038,-0.5605,1.6404516,-0.5575369933988552
2,1,129842.83239918691,-0.5605,1.6399934,-0.5583156763685214
2,1,129847.83239801344,-0.5605,1.639268,-0.5590943559721676
2,1,129852.83239683951,-0.5605,1.6386762,-0.5598730359676017
2,1,129857.83239564742,-0.5605,1.6381416,-0.5606517135739459
2,1,129862.83239445533,-0.5605,1.637569,-0.5614303907974562
2,1,129867.83239326323,-0.5605,1.6370153,-0.5622090660712554
2,1,129872.83239207114,-0.5605,1.6364044,-0.5629877413471077
2,1,129877.83239087905,-0.5605,1.6358317,-0.5637664168174797
2,1,129882.83238970186,-0.5605,1.635259,-0.5645450941467021
2,1,129887.83238852839,-0.5605,1.6347245,-0.5653237732871936
2,1,129892.83238735492,-0.5605,1.6340563,-0.5661024497114022
2,1,129897.83238618146,-0.5605,1.6336173,-0.5668811261361506
2,1,129902.83238500799,-0.5605,1.6328727,-0.5676598025072382
2,1,129907.83238382614,-0.5605,1.6323382,-0.5684384788988762
2,1,129912.83238263405,-0.5605,1.63167,-0.5692171529581844
2,1,129917.83238144196,-0.5605,1.6311355,-0.5699958266882532
2,1,129922.83238024986,-0.5605,1.6305437,-0.5707745013222396
2,1,129927.83237905777,-0.5605,1.6299329,-0.5715531781275669
2,1,129932.83237786987,-0.5605,1.6293029,-0.5723318563997811
2,1,129937.8323766964,-0.5605,1.6287874,-0.5731105353687603
2,1,129942.83237552294,-0.5605,1.6281766,-0.5738892154949637
2,1,129947.83237434947,-0.5605,1.6273174,-0.5746678936303025
2,1,129952.832373176,-0.5605,1.6269356,-0.575446571687834
2,1,129957.83237200254,-0.5605,1.6263248,-0.5762252490664752
2,1,129962.8323708123,-0.5605,1.6257712,-0.5770039278257753
2,1,129967.83236962021,-0.5605,1.625103,-0.5777826067376532
2,1,129972.83236842812,-0.5605,1.6243584,-0.578561286777963
2,1,129977.83236723603,-0.5605,1.6238048,-0.5793399676257337
2,1,129982.83236604393,-0.5605,1.6230985,-0.5801186452736091
2,1,129987.83236486395,-0.5605,1.6224685,-0.5808973241078057
2,1,129992.83236369048,-0.5605,1.6218767,-0.5816760025330714
2,1,129997.83236251702,-0.5605,1.6212085,-0.5824546829201842
2,1,130002.83236134355,-0.5605,1.6206359,-0.5832333621778155
2,1,130007.83236017008,-0.5605,1.6200823,-0.5840120414781138
2,1,130012.83235899056,-0.5605,1.6191659,-0.5847907184096706
2,1,130017.83235779847,-0.5605,1.6185932,-0.5855693948896393
2,1,130022.83235660638,-0.5605,1.6178296,-0.5863480720998345
2,1,130027.83235541428,-0.5605,1.617295,-0.5871267501573363
2,1,130032.83235422219,-0.5605,1.6166078,-0.5879054265771938
2,1,130037.8323530315,-0.5605,1.616016,-0.5886841032137141
2,1,130042.83235185803,-0.5605,1.6152524,-0.5894627813294893
2,1,130047.83235068456,-0.5605,1.6146797,-0.5902414644386668
2,1,130052.8323495111,-0.5605,1.613897,-0.591020146733605
2,1,130057.83234833763,-0.5605,1.6131142,-0.5917988281511861
2,1,130062.83234716416,-0.5605,1.6125416,-0.5925775113381543
2,1,130067.83234597673,-0.5605,1.6118734,-0.5933561945926048
2,1,130072.83234478463,-0.5605,1.611148,-0.5941348767720359
2,1,130077.83234359254,-0.5605,1.6104798,-0.594913558175994
2,1,130082.83234240045,-0.5605,1.609659,-0.5956922357996203
2,1,130087.83234120836,-0.5605,1.6089717,-0.5964709160220488
2,1,130092.83234002558,-0.5605,1.6082654,-0.5972495984473094
2,1,130097.83233885211,-0.5605,1.6076354,-0.5980282816732392
2,1,130102.83233767864,-0.5605,1.6068527,-0.5988069611044557
2,1,130107.83233650518,-0.5605,1.6060318,-0.5995856425438687
2,1,130112.83233533171,-0.5605,1.6053064,-0.6003643252574667
2,1,130117.83233415452,-0.5605,1.6047145,-0.6011430103584626
2,1,130122.83233296243,-0.5605,1.6040463,-0.6019216938096549
2,1,130127.83233177033,-0.5605,1.6032637,-0.6027003762151764
2,1,130132.83233057824,-0.5605,1.6025765,-0.6034790565522379
2,1,130137.83232938615,-0.5605,1.6019465,-0.6042577354249092
2,1,130142.83232819405,-0.5605,1.6011256,-0.6050364148885574
2,1,130147.83232701919,-0.5605,1.600362,-0.6058150924791494
2,1,130152.83232584572,-0.5605,1.5995601,-0.6065937726029885
2,1,130157.83232467226,-0.5605,1.5987393,-0.6073724563779896
2,1,130162.83232349879,-0.5605,1.598033,-0.608151141737259
2,1,130167.83232232532,-0.5605,1.5972693,-0.6089298255899217
2,1,130172.83232114022,-0.5605,1.5964484,-0.6097085100394156
2,1,130177.83231994812,-0.5605,1.595723,-0.610487194708503
2,1,130182.83231875603,-0.5605,1.594864,-0.6112658763873511
2,1,130187.83231756394,-0.5605,1.5941958,-0.6120445557199153
2,1,130192.83231637185,-0.5605,1.5933176,-0.612823236798101
2,1,130197.83231518674,-0.5605,1.5926304,-0.6136019182733629
2,1,130202.83231401327,-0.5605,1.5917714,-0.6143806009858085
2,1,130207.8323128398,-0.5605,1.5911604,-0.6151592837024132
2,1,130212.83231166634,-0.5605,1.5903014,-0.6159379682316581
2,1,130217.83231049287,-0.5605,1.5895187,-0.616716656595495
2,1,130222.83230931847,-0.5605,1.588755,-0.6174953424416548
2,1,130227.83230812638,-0.5605,1.5878769,-0.6182740282990203
2,1,130232.83230693429,-0.5605,1.5869415,-0.6190527129566206
2,1,130237.8323057422,-0.5605,1.5862352,-0.6198313985328607
2,1,130242.8323045501,-0.5605,1.5853188,-0.6206100819395117
2,1,130247.83230335801,-0.5605,1.5845361,-0.6213887652709649
2,1,130252.83230218082,-0.5605,1.5836961,-0.6221674482459193
2,1,130257.83230100735,-0.5605,1.5828943,-0.6229461313972041
2,1,130262.83229983388,-0.5605,1.5819589,-0.6237248143203555
2,1,130267.83229866042,-0.5605,1.581138,-0.6245035004347594
2,1,130272.83229748695,-0.5605,1.5802408,-0.6252821857388183
2,1,130277.83229630464,-0.5605,1.5794581,-0.6260608712283404
2,1,130282.83229511254,-0.5605,1.5786945,-0.6268395566654534
2,1,130287.83229392045,-0.5605,1.57774,-0.6276182379816901
2,1,130292.83229272836,-0.5605,1.5767854,-0.6283969207612705
2,1,130297.83229153627,-0.5605,1.57585,-0.6291756042843062
2,1,130302.83229034836,-0.5605,1.574991,-0.6299542874571646
2,1,130307.8322891749,-0.5605,1.5741128,-0.6307329710276821
2,1,130312.83228800143,-0.5605,1.5732728,-0.6315116548479828
2,1,130317.83228682796,-0.5605,1.5723755,-0.632290339246773
2,1,130322.8322856545,-0.5605,1.5715929,-0.6330690211421185
2,1,130327.83228448103,-0.5605,1.5705429,-0.6338477038481666
2,1,130332.8322832908,-0.5605,1.5696075,-0.634626388046205
2,1,130337.83228209871,-0.5605,1.5687675,-0.6354050728975468
2,1,130342.83228090662,-0.5605,1.5677176,-0.6361837586481438
2,1,130347.83227971452,-0.5605,1.5668776,-0.6369624445470868
2,1,130352.83227852243,-0.5605,1.5657895,-0.6377411263998647
2,1,130357.83227734291,-0.5605,1.5649303,-0.6385198075882196
2,1,130362.83227616944,-0.5605,1.5639567,-0.6392984895876712
2,1,130367.83227499598,-0.5605,1.5630404,-0.6400771737169855
2,1,130372.83227382251,-0.5605,1.5620668,-0.6408558546122113
2,1,130377.83227264904,-0.5605,1.5610932,-0.6416345350937909
2,1,130382.83227146906,-0.5605,1.5601578,-0.642413215088437
2,1,130387.83227027697,-0.5605,1.5589741,-0.6431918932318489
2,1,130392.83226908487,-0.5605,1.5580196,-0.6439705711552335
2,1,130397.83226789278,-0.5605,1.5570651,-0.6447492502310508
2,1,130402.83226670069,-0.5605,1.5560725,-0.6455279290972716
2,1,130407.83226551046,-0.5605,1.5552325,-0.6463066058965623
2,1,130412.83226433699,-0.5605,1.5540489,-0.647085284155074
2,1,130417.83226316352,-0.5605,1.553018,-0.6478639590540064
2,1,130422.83226199006,-0.5605,1.552178,-0.6486426343740522
2,1,130427.83226081659,-0.5605,1.5509181,-0.6494213054617642
2,1,130432.83225964312,-0.5605,1.5498872,-0.6501999753737846
2,1,130437.83225845522,-0.5605,1.5489327,-0.6509786465354892
2,1,130442.83225726313,-0.5605,1.5478636,-0.6517573180691036
2,1,130447.83225607104,-0.5605,1.546871,-0.6525359886074894
2,1,130452.83225487894,-0.5605,1.5456682,-0.6533146623685095
2,1,130457.83225368685,-0.5605,1.5447137,-0.6540933345541424
2,1,130462.83225250454,-0.5605,1.5435492,-0.6548720101293954
2,1,130467.83225133107,-0.5605,1.5423274,-0.655650687913186
2,1,130472.8322501576,-0.5605,1.5413729,-0.6564293662146959
2,1,130477.83224898414,-0.5605,1.5401703,-0.6572080456753705
2,1,130482.83224781067,-0.5605,1.5391012,-0.6579867269925708
2,1,130487.83224663348,-0.5605,1.5379939,-0.6587654066340891
2,1,130492.83224544139,-0.5605,1.5368485,-0.6595440895909569
2,1,130497.8322442493,-0.5605,1.5357032,-0.6603227702700166
2,1,130502.8322430572,-0.5605,1.5346723,-0.6611014527718989
2,1,130507.83224186511,-0.5605,1.5333931,-0.6618801320381663
2,1,130512.83224067301,-0.5605,1.5322478,-0.6626588104202882
2,1,130517.83223949908,-0.5605,1.5312933,-0.6634374895173611
2,1,130522.83223832562,-0.5605,1.5300524,-0.6642161650349334
2,1,130527.83223715215,-0.5605,1.5287733,-0.6649948377283714
2,1,130532.83223597868,-0.5605,1.5276661,-0.6657735104040075
2,1,130537.83223480522,-0.5605,1.526597,-0.6665521853478155
2,1,130542.83223362011,-0.5605,1.5252416,-0.6673308598181209
2,1,130547.83223242802,-0.5605,1.5241153,-0.6681095356037386
2,1,130552.83223123569,-0.5605,1.5229698,-0.6688882112307649
2,1,130557.8322300436,-0.5605,1.5217099,-0.6696668910946748
2,1,130562.8322288515,-0.5605,1.5204309,-0.6704455709808868
2,1,130567.83222766686,-0.5605,1.5191327,-0.6712242506701815
2,1,130572.8322264934,-0.5605,1.5177773,-0.6720029299261141
2,1,130577.83222531993,-0.5605,1.516632,-0.6727816104136244
2,1,130582.83222414646,-0.5605,1.5151429,-0.6735602904316587
2,1,130587.832222973,-0.5605,1.5139402,-0.6743389709402723
2,1,130592.8322217986,-0.5605,1.5124893,-0.6751176522880332
2,1,130597.8322206065,-0.5605,1.5112866,-0.6758963343767725
2,1,130602.83221941441,-0.5605,1.5099312,-0.6766750133427881
2,1,130607.83221822232,-0.5605,1.5084995,-0.6774536907076375
2,1,130612.83221703023,-0.5605,1.507335,-0.6782323717470735
2,1,130617.83221583813,-0.5605,1.505865,-0.6790110549922225
2,1,130622.83221466141,-0.5605,1.5045669,-0.6797897380474875
2,1,130627.83221348794,-0.5605,1.5031732,-0.6805684200673571
2,1,130632.83221231448,-0.5605,1.5017415,-0.6813471001554069
2,1,130637.83221114101,-0.5605,1.5002906,-0.6821257809839649
2,1,130642.83220996754,-0.5605,1.4988779,-0.6829044601505038
2,1,130647.83220878523,-0.5605,1.4975607,-0.6836831405298845
2,1,130652.83220759314,-0.5605,1.4961098,-0.6844618197374546
2,1,130657.83220640104,-0.5605,1.494659,-0.6852405014294058
2,1,130662.83220520895,-0.5605,1.4930936,-0.6860191844008834
2,1,130667.83220401686,-0.5605,1.4916999,-0.6867978691264593
2,1,130672.83220282942,-0.5605,1.4901918,-0.6875765527760324
2,1,130677.83220165595,-0.5605,1.4886265,-0.6883552349389199
2,1,130682.83220048249,-0.5605,1.4872328,-0.6891339260138774
2,1,130687.83219930902,-0.5605,1.4856293,-0.6899126171284222
2,1,130692.83219813555,-0.5605,1.4840829,-0.6906913080692195
2,1,130697.83219696209,-0.5605,1.482613,-0.6914699985337459
2,1,130702.83219577139,-0.5605,1.4810476,-0.6922486906401518
2,1,130707.8321945793,-0.5605,1.479425,-0.6930273804094563
2,1,130712.8321933872,-0.5605,1.4779168,-0.6938060714821025
2,1,130717.83219219511,-0.5605,1.4763705,-0.6945847618480163
2,1,130722.83219100302,-0.5605,1.4746141,-0.695363450845136
2,1,130727.8321898235,-0.5605,1.473087,-0.6961421393552261
2,1,130732.83218865003,-0.5605,1.4714261,-0.6969208232102696
2,1,130737.83218747657,-0.5605,1.4698988,-0.6976995102170279
2,1,130742.8321863031,-0.5605,1.4681808,-0.6984781985480492
2,1,130747.83218512964,-0.5605,1.4666153,-0.6992568852447574
2,1,130752.83218394965,-0.5605,1.4648399,-0.7000355721563999
2,1,130757.83218275756,-0.5605,1.4631027,-0.7008142597224816
2,1,130762.83218156546,-0.5605,1.4614037,-0.7015929486554005
2,1,130767.83218037337,-0.5605,1.4596665,-0.7023716349692515
2,1,130772.83217918128,-0.5605,1.4578147,-0.7031503205204379
2,1,130777.83217799151,-0.5605,1.456192,-0.7039290098004048
2,1,130782.83217681805,-0.5605,1.4542449,-0.7047077029364975
2,1,130787.83217564458,-0.5605,1.4524885,-0.7054863980336824
2,1,130792.83217447111,-0.5605,1.4507322,-0.7062650928125089
2,1,130797.83217329765,-0.5605,1.4489186,-0.7070437870820104
2,1,130802.83217212418,-0.5605,1.4470478,-0.7078224804433988
2,1,130807.83217093581,-0.5605,1.4452151,-0.7086011749317123
2,1,130812.83216974372,-0.5605,1.4434397,-0.7093798685459468
2,1,130817.83216855163,-0.5605,1.441607,-0.7101585620989972
2,1,130822.83216735953,-0.5605,1.439698,-0.710937253018711
2,1,130827.83216616744,-0.5605,1.437808,-0.711715945736697
2,1,130832.8321649856,-0.5605,1.4358418,-0.7124946389316593
2,1,130837.83216381213,-0.5605,1.4340091,-0.7132733326817758
2,1,130842.83216263866,-0.5605,1.4319092,-0.7140520236308351
2,1,130847.8321614652,-0.5605,1.4298475,-0.714830716139165
2,1,130852.83216029173,-0.5605,1.4280338,-0.7156094082948242
2,1,130857.83215911407,-0.5605,1.4258766,-0.7163880942226358
2,1,130862.83215792198,-0.5605,1.4237767,-0.7171667797404271
2,1,130867.83215672988,-0.5605,1.4217722,-0.7179454660500793
2,1,130872.83215553779,-0.5605,1.4197677,-0.7187241511347137
2,1,130877.8321543457,-0.5605,1.4176296,-0.7195028362848634
2,1,130882.8321531536,-0.5605,1.4156443,-0.720281524698159
2,1,130887.83215197967,-0.5605,1.4135252,-0.7210602132540321
2,1,130892.8321508062,-0.5605,1.4112535,-0.7218389004733671
2,1,130897.83214963274,-0.5605,1.4093826,-0.7226175898293299
2,1,130902.83214845927,-0.5605,1.4070536,-0.7233962790119856
2,1,130907.83214728581,-0.5605,1.4048582,-0.7241749684420965
2,1,130912.83214610023,-0.5605,1.4026246,-0.724953654945179
2,1,130917.83214490814,-0.5605,1.4005247,-0.7257323402078425
2,1,130922.83214371605,-0.5605,1.3983485,-0.7265110231751212
2,1,130927.83214252396,-0.5605,1.3959812,-0.7272897062285948
2,1,130932.83214133186,-0.5605,1.3937095,-0.7280683881169963
2,1,130937.83214014722,-0.5605,1.3913614,-0.7288470700283687
2,1,130942.83213897375,-0.5605,1.3890896,-0.7296257531352381
2,1,130947.83213780029,-0.5605,1.3866843,-0.7304044374322203
2,1,130952.83213662682,-0.5605,1.3843935,-0.7311831211729686
2,1,130957.83213545335,-0.5605,1.3820071,-0.731961807539765
2,1,130962.83213427803,-0.5605,1.37964,-0.7327404957487755
2,1,130967.83213308593,-0.5605,1.3771582,-0.7335191819606165
2,1,130972.83213189384,-0.5605,1.374772,-0.7342978683664773
2,1,130977.83213070175,-0.5605,1.3720802,-0.7350765528939407
2,1,130982.83212950965,-0.5605,1.3696748,-0.73585523686219
2,1,130987.83212831756,-0.5605,1.3670595,-0.7366339200013288
2,1,130992.83212714083,-0.5605,1.3645395,-0.737412602638646
2,1,130997.83212596737,-0.5605,1.3621341,-0.7381912882341055
2,1,131002.8321247939,-0.5605,1.3594233,-0.7389699744634504
2,1,131007.83212362044,-0.5605,1.3568844,-0.7397486597754135
2,1,131012.83212244697,-0.5605,1.3543835,-0.740527346412262
2,1,131017.83212126372,-0.5605,1.3515964,-0.7413060327874628
2,1,131022.83212007163,-0.5605,1.3490382,-0.7420847151668112
2,1,131027.83211887954,-0.5605,1.3463082,-0.7428633972833759
2,1,131032.83211768745,-0.5605,1.3437884,-0.7436420786230008
2,1,131037.83211649535,-0.5605,1.3409439,-0.7444207620336486
2,1,131042.83211530792,-0.5605,1.3382331,-0.7451994449702674
2,1,131047.83211413445,-0.5605,1.3353887,-0.7459781291127742
2,1,131052.83211296098,-0.5605,1.3325824,-0.7467568090324376
2,1,131057.83211178752,-0.5605,1.3297188,-0.747535488161697
2,1,131062.83211061405,-0.5605,1.326817,-0.7483141684853772
2,1,131067.83210944058,-0.5605,1.3238963,-0.749092850223787
2,1,131072.83210857725,-0.5605,1.3210328,-0.7498715313356923
2,1,131077.83210935956,-0.5605,1.3180547,-0.7506502117458059
2,1,131082.83211014187,-0.5605,1.3150575,-0.7514288918584493
2,1,131087.83211092418,-0.5605,1.311984,-0.7522075729890307
2,1,131092.8321117065,-0.5605,1.3088722,-0.75298625311184
2,1,131097.8321124888,-0.5605,1.305856,-0.7537649320472022
2,1,131102.83211327065,-0.5605,1.302916,-0.7545436144241233
2,1,131107.83211405296,-0.5605,1.2999189,-0.7553222958546519
2,1,131112.83211483527,-0.5605,1.2968453,-0.7561009796402792
2,1,131117.83211561758,-0.5605,1.2934091,-0.7568796660772635
2,1,131122.8321163999,-0.5605,1.2904692,-0.7576583477548137
2,1,131127.8321171822,-0.5605,1.287281,-0.7584370273261674
2,1,131132.8321179645,-0.5605,1.2841502,-0.7592157073567484
2,1,131137.83211874682,-0.5605,1.2808858,-0.7599943863058363
2,1,131142.83211952914,-0.5605,1.2776786,-0.7607730663374405
2,1,131147.83212031145,-0.5605,1.274376,-0.7615517513513804
2,1,131152.83212109376,-0.5605,1.2712452,-0.7623304335416662
2,1,131157.83212187607,-0.5605,1.267809,-0.7631091176721527
2,1,131162.83212265838,-0.5605,1.26443,-0.763887801906103
2,1,131167.8321234407,-0.5605,1.2612991,-0.7646664864938034
2,1,131172.832124223,-0.5605,1.2579011,-0.7654451690869338
2,1,131177.8321250053,-0.5605,1.2547894,-0.7662238500017564
2,1,131182.83212578762,-0.5605,1.2512767,-0.767002529545682
2,1,131187.83212656993,-0.5605,1.2478787,-0.7677812097496265
2,1,131192.83212735225,-0.5605,1.2444806,-0.76855988944062
2,1,131197.83212813456,-0.5605,1.2410444,-0.7693385670609714
2,1,131202.83212891687,-0.5605,1.2376845,-0.7701172464145032
2,1,131207.83212969918,-0.5605,1.2342674,-0.7708959273170042
2,1,131212.8321304815,-0.5605,1.2306783,-0.7716746088322409
2,1,131217.8321312638,-0.5605,1.227204,-0.7724532919183084
2,1,131222.8321320461,-0.5605,1.2237676,-0.7732319752974055
2,1,131227.83213282842,-0.5605,1.2204077,-0.7740106569261692
2,1,131232.83213361073,-0.5605,1.2166852,-0.7747893389250976
2,1,131237.83213439304,-0.5605,1.213268,-0.7755680219977408
2,1,131242.83213517535,-0.5605,1.2096218,-0.7763467067851334
2,1,131247.83213595767,-0.5605,1.2061664,-0.7771253928177398
2,1,131252.83213673998,-0.5605,1.2027111,-0.7779040769070528
2,1,131256.52733732155,-0.5605,1.2000384,-0.7784795571854918
2,1,131256.52753732144,-0.5605,1.2000003,-0.7784795883343493
2,2,131256.52833732124,0.5605,1.2403623,6.186534629927742e-08
2,2,131261.52833810425,0.5605,1.324049,0.0007783414725164573
2,2,131266.52833888656,0.5605,1.3556434,0.0015566259081264337
2,2,131271.52833966888,0.5605,1.3808235,0.0023349092803431884
2,2,131276.5283404512,0.5605,1.4031019,0.0031131958694954713
2,2,131281.5283412335,0.5605,1.4232804,0.0038914845356411406
2,2,131286.5283420158,0.5605,1.4422752,0.0046697701514396405
2,2,131291.52834279812,0.5605,1.460201,0.00544805241326491
2,2,131296.52834358043,0.5605,1.4771341,0.006226335539191961
2,2,131301.5283443625,0.5605,1.4936281,0.007004615226977402
2,2,131306.52834514482,0.5605,1.5094157,0.007782895840406419
2,2,131311.52834592713,0.5605,1.5248026,0.00856117546081543
2,2,131316.52834670944,0.5605,1.5399603,0.009339456755691105
2,2,131321.52834749175,0.5605,1.5545834,0.01011773881991042
2,2,131326.52834827406,0.5605,1.5691111,0.010896025136974123
2,2,131331.52834905637,0.5605,1.5833716,0.011674310319254796
2,2,131336.52834983869,0.5605,1.5970784,0.012452597108175359
2,2,131341.528350621,0.5605,1.6108234,0.01323088335901499
2,2,131346.5283514033,0.5605,1.6243584,0.014009171113282445
2,2,131351.52835218562,0.5605,1.637588,0.014787457633359568
2,2,131356.52835296793,0.5605,1.6507412,0.015565744874772101
2,2,131361.52835375024,0.5605,1.6638563,0.016344034354521173
2,2,131366.52835453255,0.5605,1.6766278,0.01712232705644436
2,2,131371.52835531486,0.5605,1.6892655,0.017900621838639184
2,2,131376.52835609717,0.5605,1.7019223,0.01867891424313519
2,2,131381.52835687948,0.5605,1.7142738,0.019457208791825508
2,2,131386.5283576618,0.5605,1.7263961,0.020235505730953483
2,2,131391.5283584441,0.5605,1.7385566,0.02101380092829466
2,2,131396.52835922642,0.5605,1.7505071,0.021792096000519064
2,2,131401.52836000873,0.5605,1.7623432,0.022570388590064314
2,2,131406.52836079104,0.5605,1.7740455,0.02334868275351988
2,2,131411.52836157335,0.5605,1.7855188,0.02412697722530696
2,2,131416.52836235566,0.5605,1.7967248,0.02490526937556929
2,2,131421.52836313797,0.5605,1.8078926,0.025683558909710913
2,2,131426.52836392028,0.5605,1.8190222,0.02646184972251455
2,2,131431.5283647026,0.5605,1.829732,0.02724013999441266
2,2,131436.5283654849,0.5605,1.8401552,0.028018430891762175
2,2,131441.52836626722,0.5605,1.8504831,0.02879672494914465
2,2,131446.52836704953,0.5605,1.8606391,0.029575025028159216
2,2,131451.52836783184,0.5605,1.8704515,0.030353322047498486
2,2,131456.52836861415,0.5605,1.8801875,0.031131620735651913
2,2,131461.52836939646,0.5605,1.8895991,0.0319099218911661
2,2,131466.52837017877,0.5605,1.8987433,0.03268822203748093
2,2,131471.52837096108,0.5605,1.9075248,0.03346652128281857
2,2,131476.5283717434,0.5605,1.9163445,0.03424481799830661
2,2,131481.5283725257,0.5605,1.9247442,0.0350231132744087
2,2,131486.528373308,0.5605,1.9328959,0.03580140797230269
2,2,131491.52837409033,0.5605,1.9408565,0.03657969823372363
2,2,131496.52837487264,0.5605,1.9486454,0.03735798808460102
2,2,131501.52837565495,0.5605,1.9559379,0.038136278762535905
2,2,131506.52837643726,0.5605,1.9633067,0.03891456926086875
2,2,131511.52837721957,0.5605,1.9703892,0.039692857718318694
2,2,131516.52837800188,0.5605,1.9770517,0.040471147222734156
2,2,131521.5283787842,0.5605,1.9836761,0.041249439644694325
2,2,131526.5283795665,0.5605,1.9899186,0.04202773027051157
2,2,131531.5283803488,0.5605,1.9962183,0.04280602048295736
2,2,131536.52838113112,0.5605,2.0020792,0.04358430998412768
2,2,131541.52838191343,0.5605,2.007978,0.044362597059441934
2,2,131546.52838269575,0.5605,2.0133996,0.045140885248581564
2,2,131551.52838347806,0.5605,2.0188978,0.04591917735114031
2,2,131556.52838426037,0.5605,2.0240903,0.04669747022297978
2,2,131561.52838504268,0.5605,2.0290918,0.047475762028180886
2,2,131566.528385825,0.5605,2.0340555,0.04825405332398083
2,2,131571.5283866073,0.5605,2.0387135,0.04903234483054611
2,2,131576.5283873896,0.5605,2.0435433,0.049810639513267405
2,2,131581.52838817192,0.5605,2.0479531,0.05058893273109528
2,2,131586.52838895423,0.5605,2.0522676,0.051367224945065036
2,2,131591.52838973654,0.5605,2.0565248,0.052145513121118134
2,2,131596.52839051886,0.5605,2.0607817,0.052923798999634036
2,2,131601.52839130117,0.5605,2.0648098,0.053702084812717286
2,2,131606.52839208348,0.5605,2.0685325,0.054480369344929835
2,2,131611.5283928658,0.5605,2.072236,0.05525865214984614
2,2,131616.5283936481,0.5605,2.075825,0.05603693245428799
2,2,131621.5283944304,0.5605,2.079471,0.056815212388538636
2,2,131626.52839521272,0.5605,2.083022,0.05759349211181202
2,2,131631.52839599503,0.5605,2.0864582,0.05837177222798598
2,2,131636.52839677734,0.5605,2.089532,0.05915005146377284
2,2,131641.52839755965,0.5605,2.0927198,0.05992833185471096
2,2,131646.52839834196,0.5605,2.095946,0.060706611162834684
2,2,131651.52839912428,0.5605,2.0989432,0.0614848916314774
2,2,131656.5283999066,0.5605,2.1019022,0.06226317476607692
2,2,131661.5284006889,0.5605,2.1048422,0.06304145820196468
2,2,131666.5284014712,0.5605,2.107534,0.06381974179366229
2,2,131671.52840225352,0.5605,2.1102448,0.06459802256021233
2,2,131676.52840303583,0.5605,2.1129365,0.06537629887214633
2,2,131681.52840381814,0.5605,2.1156282,0.0661545792711642
2,2,131686.52840460045,0.5605,2.1182818,0.06693286011699504
2,2,131691.52840538276,0.5605,2.1207445,0.06771114123307664
2,2,131696.52840616507,0.5605,2.1231117,0.06848942058503296
2,2,131701.5284069474,0.5605,2.1255553,0.0692676996656027
2,2,131706.5284077297,0.5605,2.127865,0.07004597891615827
2,2,131711.528408512,0.5605,2.1300986,0.07082426196462246
2,2,131716.52840929432,0.5605,2.1322942,0.07160254709191123
2,2,131721.52841007663,0.5605,2.1346612,0.07238082921128802
2,2,131726.52841085894,0.5605,2.1368184,0.07315911184498336
2,2,131731.52841164125,0.5605,2.1389375,0.07393739344233936
2,2,131736.52841242356,0.5605,2.1407702,0.07471567338367965
2,2,131741.52841320587,0.5605,2.1428318,0.07549395033883717
2,2,131746.52841398818,0.5605,2.1447027,0.07627222803562879
2,2,131751.5284147705,0.5605,2.14665,0.0770505070298314
2,2,131756.5284155528,0.5605,2.1486354,0.07782878838859995
2,2,131761.52841633512,0.5605,2.150449,0.07860706719265713
2,2,131766.52841711743,0.5605,2.1522434,0.07938534567556448
2,2,131771.52841789974,0.5605,2.1540189,0.08016362289891972
2,2,131776.52841868205,0.5605,2.1558132,0.0809419001725614
2,2,131781.52841946436,0.5605,2.1573596,0.0817201773486899
2,2,131786.52842024667,0.5605,2.1589632,0.08249845525246859
2,2,131791.52842102898,0.5605,2.160815,0.0832767350919644
2,2,131796.5284218113,0.5605,2.1623614,0.08405501723557048
2,2,131801.5284225936,0.5605,2.163984,0.08483330136108067
2,2,131806.52842337592,0.5605,2.1653776,0.08561158661509884
2,2,131811.52842415823,0.5605,2.167191,0.08638987413247094
2,2,131816.52842494054,0.5605,2.168642,0.08716816125891605
2,2,131821.52842572285,0.5605,2.1700165,0.08794645133376121
2,2,131826.52842650516,0.5605,2.1714482,0.08872474161886837
2,2,131831.52842728747,0.5605,2.1728609,0.08950302838132115
2,2,131836.52842806978,0.5605,2.1742353,0.09028131609253419
2,2,131841.5284288521,0.5605,2.1757245,0.09105960409921075
2,2,131846.5284296344,0.5605,2.176908,0.09183788977310392
2,2,131851.5284304167,0.5605,2.1783972,0.09261617748528718
2,2,131856.52843119903,0.5605,2.1797144,0.09339446644650895
2,2,131861.52843198134,0.5605,2.181108,0.09417275407097736
2,2,131866.52843276365,0.5605,2.1822343,0.09495104283194408
2,2,131871.52843354596,0.5605,2.1836088,0.09572933346274826
2,2,131876.52843432827,0.5605,2.1847923,0.0965076216513978
2,2,131881.52843511058,0.5605,2.1858613,0.09728590823332467
2,2,131886.5284358929,0.5605,2.1872551,0.09806419465225602
2,2,131891.5284366752,0.5605,2.1882668,0.09884248427966566
2,2,131896.5284374575,0.5605,2.1894886,0.09962077544562682
2,2,131901.52843823936,0.5605,2.1907294,0.10039906683303579
2,2,131906.52843902167,0.5605,2.191894,0.10117735951349467
2,2,131911.52843980398,0.5605,2.193173,0.10195565226465461
2,2,131916.5284405863,0.5605,2.1942039,0.1027339458612965
2,2,131921.5284413686,0.5605,2.1952348,0.10351224009088342
2,2,131926.5284421509,0.5605,2.1962276,0.10429053515084913
2,2,131931.52844293322,0.5605,2.197373,0.1050688297240204
2,2,131936.52844371554,0.5605,2.1984038,0.10584712120048534
2,2,131941.52844449785,0.5605,2.199511,0.10662541406561929
2,2,131946.52844528016,0.5605,2.2005036,0.107403705988172
2,2,131951.52844606247,0.5605,2.2017255,0.10818199760645295
2,2,131956.52844684478,0.5605,2.20268,0.10896028963107199
2,2,131961.5284476271,0.5605,2.2036345,0.10973858152418
2,2,131966.5284484094,0.5605,2.2047799,0.11051687460107601
2,2,131971.5284491917,0.5605,2.2057536,0.1112951669262283
2,2,131976.52844997402,0.5605,2.2066126,0.11207345771217012
2,2,131981.52845075633,0.5605,2.2074525,0.11285175252017045
2,2,131986.52845153864,0.5605,2.2085025,0.1136300463152362
2,2,131991.52845232096,0.5605,2.2094378,0.11440833931330174
2,2,131996.52845310327,0.5605,2.2103353,0.11518663241069843
2,2,132001.52845388558,0.5605,2.2115188,0.11596492445774538
2,2,132006.5284546679,0.5605,2.2122824,0.116743214359194
2,2,132011.5284554502,0.5605,2.2131796,0.11752150295384059
2,2,132016.5284562325,0.5605,2.2142868,0.11829979243349031
2,2,132021.52845701482,0.5605,2.2150123,0.11907808370549144
2,2,132026.52845779713,0.5605,2.2160623,0.11985637460721528
2,2,132031.52845857944,0.5605,2.2168832,0.12063466594351327
2,2,132036.52845936175,0.5605,2.2177422,0.12141295623587232
2,2,132041.52846014407,0.5605,2.218735,0.12219124510404462
2,2,132046.52846092638,0.5605,2.2194796,0.12296953650923896
2,2,132051.5284617087,0.5605,2.220434,0.12374782644576492
2,2,132056.528462491,0.5605,2.2213695,0.124526110428267
2,2,132061.5284632733,0.5605,2.2221904,0.1253043972376717
2,2,132066.52846405562,0.5605,2.2229538,0.126082685431136
2,2,132071.52846483793,0.5605,2.2236793,0.126860971517235
2,2,132076.52846562024,0.5605,2.2247293,0.1276392538228399
2,2,132081.52846640255,0.5605,2.2254357,0.12841753994750643
2,2,132086.52846718486,0.5605,2.2265239,0.12919582538703414
2,2,132091.52846796717,0.5605,2.2271156,0.12997411017511618
2,2,132096.5284687495,0.5605,2.2279747,0.1307523973938425
2,2,132101.5284695318,0.5605,2.2288146,0.13153068425502046
2,2,132106.5284703141,0.5605,2.2296164,0.13230897068389255
2,2,132111.52847109642,0.5605,2.2305326,0.13308725907156532
2,2,132116.52847187873,0.5605,2.2312772,0.13386555071381065
2,2,132121.52847266104,0.5605,2.2321172,0.13464383820846346
2,2,132126.52847344335,0.5605,2.2327855,0.13542212743060456
2,2,132131.52847422566,0.5605,2.2337017,0.13620041545094383
2,2,132136.52847500797,0.5605,2.2345226,0.1369787022628751
2,2,132141.52847579028,0.5605,2.2352672,0.1377569901559419
2,2,132146.5284765726,0.5605,2.235878,0.13853527945202918
2,2,132151.5284773549,0.5605,2.2366989,0.1393135684951378
2,2,132156.52847813722,0.5605,2.237558,0.14009185523419576
2,2,132161.52847891953,0.5605,2.2383406,0.14087013676306603
2,2,132166.52847970184,0.5605,2.239047,0.14164841960415572
2,2,132171.52848048415,0.5605,2.2400014,0.1424267039465937
2,2,132176.52848126646,0.5605,2.2406507,0.14320498644136387
2,2,132181.52848204877,0.5605,2.2414334,0.14398327034850583
2,2,132186.52848283108,0.5605,2.2422733,0.14476155333756074
2,2,132191.5284836134,0.5605,2.2431133,0.1455398348453641
2,2,132196.5284843957,0.5605,2.2436097,0.14631812164732813
2,2,132201.52848517802,0.5605,2.2444496,0.14709640573701593
2,2,132206.52848596033,0.5605,2.2452896,0.14787467878597974
2,2,132211.52848674264,0.5605,2.2460914,0.14865295255385172
2,2,132216.52848752495,0.5605,2.246836,0.1494312281892498
2,2,132221.52848830726,0.5605,2.2474086,0.15020950381438597
2,2,132226.52848908957,0.5605,2.248382,0.15098778573781912
2,2,132231.52848987188,0.5605,2.2491457,0.15176606954375238
2,2,132236.5284906542,0.5605,2.2496994,0.15254435440392955
2,2,132241.5284914365,0.5605,2.2503867,0.15332263903587723
2,2,132246.52849221881,0.5605,2.251303,0.15410092465934816
2,2,132251.52849300113,0.5605,2.2519903,0.15487921026328866
2,2,132256.52849378344,0.5605,2.2527156,0.15565749418920277
2,2,132261.52849456575,0.5605,2.253441,0.15643577500027747
2,2,132266.52849534806,0.5605,2.2543,0.1572140551342434
2,2,132271.52849613037,0.5605,2.254911,0.15799233514736424
2,2,132276.52849691268,0.5605,2.2556555,0.1587706147838665
2,2,132281.528497695,0.5605,2.256553,0.15954889886382218
2,2,132286.5284984773,0.5605,2.257221,0.1603271820588343
2,2,132291.5284992596,0.5605,2.2579083,0.16110546424976316
2,2,132296.52850004192,0.5605,2.2587292,0.16188374708671366
2,2,132301.52850082424,0.5605,2.2593973,0.16266203132113477
2,2,132306.52850160655,0.5605,2.2601037,0.1634403155812753
2,2,132311.52850238886,0.5605,2.2610772,0.16421860008971884
2,2,132316.52850317117,0.5605,2.2616498,0.16499688445969748
2,2,132321.52850395348,0.5605,2.2624135,0.16577516887230337
2,2,132326.5285047358,0.5605,2.2630053,0.166553453150769
2,2,132331.5285055181,0.5605,2.2638836,0.16733173950894004
2,2,132336.5285063004,0.5605,2.2645135,0.16811002725458798
2,2,132341.52850708272,0.5605,2.265258,0.16888831687787498
2,2,132346.52850786503,0.5605,2.2660599,0.16966660498200845
2,2,132351.52850864735,0.5605,2.2666707,0.1704448943849503
2,2,132356.52850942966,0.5605,2.2676635,0.17122318472433412
2,2,132361.52851021197,0.5605,2.2682934,0.17200147576161548
2,2,132366.52851099428,0.5605,2.269038,0.1727797695558534
2,2,132371.5285117766,0.5605,2.2696106,0.1735580621398521
2,2,132376.5285125589,0.5605,2.2704315,0.17433635450836343
2,2,132381.5285133412,0.5605,2.2712333,0.1751146471453904
2,2,132386.52851412352,0.5605,2.271997,0.17589294006559905
2,2,132391.52851490583,0.5605,2.2726269,0.17667123465730075
2,2,132396.52851568814,0.5605,2.2734287,0.177449529220975
2,2,132401.52851647045,0.5605,2.2740204,0.17822782396161216
2,2,132406.52851725277,0.5605,2.2749941,0.17900611758315554
2,2,132411.52851803508,0.5605,2.2755668,0.1797844115149709
2,2,132416.5285188174,0.5605,2.2764258,0.18056270809012642
2,2,132421.5285195997,0.5605,2.277113,0.1813410050461523
2,2,132426.528520382,0.5605,2.2779148,0.18211930165044124
2,2,132431.52852116432,0.5605,2.2786593,0.18289759597698174
2,2,132436.52852194663,0.5605,2.279442,0.18367589145906094
2,2,132441.52852272894,0.5605,2.2801294,0.1844541909295717
2,2,132446.52852351125,0.5605,2.2808166,0.18523249042283485
2,2,132451.52852429356,0.5605,2.2816947,0.1860107923042707
2,2,132456.52852507588,0.5605,2.2823439,0.18678909043096162
2,2,132461.5285258582,0.5605,2.2829547,0.18756739117482626
2,2,132466.5285266405,0.5605,2.2838328,0.18834569139312363
2,2,132471.5285274228,0.5605,2.2846918,0.18912399371409405
2,2,132476.52852820512,0.5605,2.2853792,0.18990229224235802
2,2,132481.52852898743,0.5605,2.2861238,0.19068058768521737
2,2,132486.52852976974,0.5605,2.2869828,0.1914588823088241
2,2,132491.52853055205,0.5605,2.2874792,0.19223717842188137
2,2,132496.52853133436,0.5605,2.2883763,0.19301547534694266
2,2,132501.52853211667,0.5605,2.2892735,0.19379377635665065
2,2,132506.52853289898,0.5605,2.2900753,0.19457207974501112
2,2,132511.5285336813,0.5605,2.2907817,0.1953503850645356
2,2,132516.5285344636,0.5605,2.2915072,0.19612868979106338
2,2,132521.52853524592,0.5605,2.2921371,0.19690699041764265
2,2,132526.52853602823,0.5605,2.2929962,0.1976852939640647
2,2,132531.52853681054,0.5605,2.2937407,0.19846359879092035
2,2,132536.52853759285,0.5605,2.294638,0.19924190252897134
2,2,132541.52853837516,0.5605,2.2954016,0.2000202028701801
2,2,132546.52853915747,0.5605,2.2960124,0.20079850140406347
2,2,132551.52853993978,0.5605,2.296929,0.20157679767639428
2,2,132556.5285407221,0.5605,2.2977116,0.20235509842488159
2,2,132561.5285415044,0.5605,2.2983987,0.2031333982095916
2,2,132566.52854228672,0.5605,2.2992387,0.20391169743198476
2,2,132571.52854306903,0.5605,2.2999833,0.2046899947773813
2,2,132576.5285438511,0.5605,2.3007088,0.2054682933395769
2,2,132581.52854463342,0.5605,2.301625,0.20624658799394954
2,2,132586.52854541573,0.5605,2.3023696,0.2070248793528377
2,2,132591.52854619804,0.5605,2.3031332,0.2078031713102492
2,2,132596.52854698035,0.5605,2.3040304,0.20858146604046546
2,2,132601.52854776266,0.5605,2.3048131,0.2093597594545648
2,2,132606.52854854497,0.5605,2.3055959,0.21013805058472013
2,2,132611.52854932728,0.5605,2.3064358,0.21091634077866198
2,2,132616.5285501096,0.5605,2.3071995,0.2116946326358549
2,2,132621.5285508919,0.5605,2.3080585,0.21247292424096983
2,2,132626.52855167422,0.5605,2.3088222,0.21325121590741133
2,2,132631.52855245653,0.5605,2.3096046,0.2140295052407085
2,2,132636.52855323884,0.5605,2.310483,0.21480779783067097
2,2,132641.52855402115,0.5605,2.311132,0.2155860906464556
2,2,132646.52855480346,0.5605,2.311972,0.216364382890231
2,2,132651.52855558577,0.5605,2.3127546,0.21714267326593722
2,2,132656.52855636808,0.5605,2.3137283,0.21792096358419782
2,2,132661.5285571504,0.5605,2.3145492,0.21869925510723054
2,2,132666.5285579327,0.5605,2.3154655,0.21947755032969837
2,2,132671.528558715,0.5605,2.316191,0.22025584580770458
2,2,132676.52855949732,0.5605,2.316859,0.22103414134735855
2,2,132681.52856027964,0.5605,2.3178709,0.22181243849680152
2,2,132686.52856106195,0.5605,2.318787,0.22259073213787203
2,2,132691.52856184426,0.5605,2.319379,0.22336902493399374
2,2,132696.52856262657,0.5605,2.3203716,0.2241473171931041
2,2,132701.52856340888,0.5605,2.3212497,0.22492561023230018
2,2,132706.5285641912,0.5605,2.3222425,0.2257039051214721
2,2,132711.5285649735,0.5605,2.3230824,0.22648219974185355
2,2,132716.5285657558,0.5605,2.323808,0.22726049368090756
2,2,132721.52856653812,0.5605,2.3247051,0.2280387876088784
2,2,132726.52856732043,0.5605,2.3256216,0.22881708221088176
2,2,132731.52856810275,0.5605,2.3264806,0.22959537661658716
2,2,132736.52856888506,0.5605,2.327454,0.230373668840799
2,2,132741.52856966737,0.5605,2.3281987,0.2311519537348846
2,2,132746.52857044968,0.5605,2.3291533,0.23193024103424278
2,2,132751.528571232,0.5605,2.3301268,0.23270852924727395
2,2,132756.5285720143,0.5605,2.3308332,0.23348681894396406
2,2,132761.5285727966,0.5605,2.331845,0.23426510656103486
2,2,132766.52857357892,0.5605,2.3327231,0.2350433919277654
2,2,132771.52857436123,0.5605,2.3336012,0.23582167713329522
2,2,132776.52857514354,0.5605,2.3344793,0.23659996156643823
2,2,132781.52857592585,0.5605,2.335415,0.23737824764970272
2,2,132786.52857670817,0.5605,2.336465,0.23815653696096603
2,2,132791.52857749048,0.5605,2.3372476,0.23893482730084986
2,2,132796.5285782728,0.5605,2.3380876,0.23971311601031486
2,2,132801.5285790551,0.5605,2.3390038,0.24049140554823145
2,2,132806.5285798374,0.5605,2.3399966,0.24126969287176264
2,2,132811.52858061972,0.5605,2.3410082,0.2420479805778861
2,2,132816.52858140203,0.5605,2.34202,0.24282626802668636
2,2,132821.52858218434,0.5605,2.3429172,0.2436045547620124
2,2,132826.52858296665,0.5605,2.3437574,0.24438284393037024
2,2,132831.52858374896,0.5605,2.344769,0.24516113050069738
2,2,132836.52858453128,0.5605,2.3457046,0.24593941774689485
2,2,132841.5285853136,0.5605,2.3466399,0.24671770726172787
2,2,132846.5285860959,0.5605,2.3475945,0.24749599758356805
2,2,132851.5285868782,0.5605,2.348587,0.24827428713148164
2,2,132856.52858766052,0.5605,2.3495417,0.24905257336612205
2,2,132861.52858844283,0.5605,2.3505917,0.2498308574639227
2,2,132866.52858922514,0.5605,2.351546,0.25060914316480354
2,2,132871.52859000745,0.5605,2.3524053,0.2513874307501117
2,2,132876.52859078976,0.5605,2.3535316,0.25216571912446284
2,2,132881.52859157207,0.5605,2.3544478,0.25294400881934825
2,2,132886.52859235439,0.5605,2.3554597,0.2537222967830962
2,2,132891.5285931367,0.5605,2.356605,0.2545005858903891
2,2,132896.528593919,0.5605,2.357636,0.25527887740011673
2,2,132901.52859470132,0.5605,2.358495,0.2560571684416731
2,2,132906.52859548363,0.5605,2.359545,0.25683545938010677
2,2,132911.52859626594,0.5605,2.3604994,0.25761375050646396
2,2,132916.52859704825,0.5605,2.361626,0.2583920448100136
2,2,132921.52859783056,0.5605,2.3625803,0.2591703374649882
2,2,132926.52859861287,0.5605,2.363554,0.2599486295065946
2,2,132931.52859939518,0.5605,2.364585,0.2607269226975507
2,2,132936.5286001775,0.5605,2.3657684,0.2615052143038809
2,2,132941.5286009598,0.5605,2.3666847,0.2622835074143045
2,2,132946.52860174212,0.5605,2.3678684,0.263061801942216
2,2,132951.52860252443,0.5605,2.3689756,0.2638400982463095
2,2,132956.52860330674,0.5605,2.369949,0.26461839388431774
2,2,132961.52860408905,0.5605,2.37119,0.26539668975174097
2,2,132966.52860487136,0.5605,2.3719919,0.266174983514905
2,2,132971.52860565367,0.5605,2.37308,0.26695327853454487
2,2,132976.52860643598,0.5605,2.3740728,0.2677315715547403
2,2,132981.5286072183,0.5605,2.3753517,0.26850986637687024
2,2,132986.5286080006,0.5605,2.3763444,0.2692881609627042
2,2,132991.52860878292,0.5605,2.3774326,0.27006645498102905
2,2,132996.52860956523,0.5605,2.378616,0.2708447499097718
2,2,133001.52861034754,0.5605,2.3795516,0.2716230436526636
2,2,133006.52861112985,0.5605,2.3807352,0.27240133535295724
2,2,133011.52861191216,0.5605,2.381919,0.27317962674386964
2,2,133016.52861269447,0.5605,2.3830261,0.27395792247818573
2,2,133021.52861347678,0.5605,2.3840377,0.2747362198607358
2,2,133026.5286142591,0.5605,2.3851259,0.2755145158038735
2,2,133031.5286150414,0.5605,2.386386,0.2762928121270669
2,2,133036.5286158237,0.5605,2.3874931,0.2770711101528273
2,2,133041.52861660603,0.5605,2.3888295,0.27784940809682007
2,2,133046.52861738834,0.5605,2.3899176,0.2786277057346006
2,2,133051.52861817065,0.5605,2.3911777,0.2794060022258195
2,2,133056.52861895296,0.5605,2.3921893,0.2801843005641698
2,2,133061.52861973527,0.5605,2.3934112,0.2809625991324881
2,2,133066.52862051758,0.5605,2.3945374,0.2817408962120347
2,2,133071.5286212999,0.5605,2.3956447,0.28251919528789976
2,2,133076.5286220822,0.5605,2.397153,0.28329749600326676
2,2,133081.5286228645,0.5605,2.3982792,0.2840757978974779
2,2,133086.52862364682,0.5605,2.3993483,0.2848540961353613
2,2,133091.52862442913,0.5605,2.4006655,0.28563239526275125
2,2,133096.52862521145,0.5605,2.401849,0.28641069431150284
2,2,133101.52862599376,0.5605,2.40309,0.28718899186179037
2,2,133106.52862677607,0.5605,2.4043307,0.28796729041802877
2,2,133111.52862755838,0.5605,2.405457,0.2887455902311569
2,2,133116.5286283407,0.5605,2.4068508,0.2895238885771366
2,2,133121.528629123,0.5605,2.4079962,0.2903021863204008
2,2,133126.5286299053,0.5605,2.4092944,0.291080483835197
2,2,133131.52863068762,0.5605,2.410497,0.2918587816106444
2,2,133136.52863146993,0.5605,2.4118333,0.2926370785179501
2,2,133141.52863225224,0.5605,2.413246,0.2934153764936459
2,2,133146.52863303456,0.5605,2.414544,0.2941936760741471
2,2,133151.52863381687,0.5605,2.4156895,0.2949719767061007
2,2,133156.52863459918,0.5605,2.4169877,0.2957502751051484
2,2,133161.5286353815,0.5605,2.4182286,0.29652857149128764
2,2,133166.5286361638,0.5605,2.4177704,0.2973068681980403
2,2,133171.5286369461,0.5605,2.4191449,0.29808516346183406
2,2,133176.52863772796,0.5605,2.4211686,0.2988634603199163
2,2,133181.52863851027,0.5605,2.4226575,0.29964175414982097
2,2,133186.52863929258,0.5605,2.4245093,0.3004200466689764
2,2,133191.5286400749,0.5605,2.4257693,0.30119833974468363
2,2,133196.5286408572,0.5605,2.4271438,0.30197663140108505
2,2,133201.5286416395,0.5605,2.4287665,0.3027549234348832
2,2,133206.52864242182,0.5605,2.4302554,0.3035332167650989
2,2,133211.52864320413,0.5605,2.4317827,0.3043115124252205
2,2,133216.52864398644,0.5605,2.4331763,0.30508980633137606
2,2,133221.52864476875,0.5605,2.4344554,0.30586810007816867
2,2,133226.52864555106,0.5605,2.4359252,0.30664638649340786
2,2,133231.52864633338,0.5605,2.437395,0.30742467210198093
2,2,133236.5286471157,0.5605,2.438789,0.30820295917160295
2,2,133241.528647898,0.5605,2.4403925,0.30898124725909015
2,2,133246.5286486803,0.5605,2.4416142,0.30975953281858876
2,2,133251.52864946262,0.5605,2.4431987,0.31053781759838905
2,2,133256.52865024493,0.5605,2.4446113,0.3113161012817288
2,2,133261.52865102724,0.5605,2.4459286,0.3120943838669093
2,2,133266.52865180955,0.5605,2.447456,0.3128726651742854
2,2,133271.52865259186,0.5605,2.449002,0.31365094721736825
2,2,133276.52865337417,0.5605,2.450415,0.31442923076494517
2,2,133281.5286541565,0.5605,2.4521139,0.31520751463239705
2,2,133286.5286549388,0.5605,2.4535265,0.3159858006797166
2,2,133291.5286557211,0.5605,2.4550347,0.3167640869943001
2,2,133296.52865650342,0.5605,2.4565046,0.31754237194676843
2,2,133301.52865728573,0.5605,2.4579744,0.31832066055950836
2,2,133306.52865806804,0.5605,2.4596164,0.31909894823750173
2,2,133311.52865885035,0.5605,2.4610863,0.319877233681917
2,2,133316.52865963266,0.5605,2.4628234,0.32065551990061647
2,2,133321.52866041497,0.5605,2.4641788,0.32143380749756406
2,2,133326.52866119728,0.5605,2.4659543,0.3222120967990224
2,2,133331.5286619796,0.5605,2.467367,0.32299038387008816
2,2,133336.5286627619,0.5605,2.4689133,0.3237686668565635
2,2,133341.52866354422,0.5605,2.4704978,0.3245469518045251
2,2,133346.52866432653,0.5605,2.472216,0.3253252317491701
2,2,133351.52866510884,0.5605,2.4735713,0.32610351243478036
2,2,133356.52866589115,0.5605,2.4753659,0.32688179712510085
2,2,133361.52866667346,0.5605,2.4766831,0.3276600813285772
2,2,133366.52866745577,0.5605,2.478344,0.3284383689458169
2,2,133371.52866823808,0.5605,2.4802148,0.32921665624999313
2,2,133376.5286690204,0.5605,2.4818566,0.3299949411110611
2,2,133381.5286698027,0.5605,2.4832883,0.33077322188055824
2,2,133386.52867058502,0.5605,2.4849682,0.33155150515963944
2,2,133391.52867136733,0.5605,2.486648,0.33232978882077646
2,2,133396.52867214964,0.5605,2.4881754,0.33310807271184173
2,2,133401.52867293195,0.5605,2.4900272,0.33388635366155023
2,2,133406.52867371426,0.5605,2.4915352,0.33466463670888524
2,2,133411.52867449657,0.5605,2.4931006,0.33544291769209156
2,2,133416.52867527888,0.5605,2.4941125,0.33622120100914754
2,2,133421.5286760612,0.5605,2.4956398,0.3369994855569335
2,2,133426.5286768435,0.5605,2.4975488,0.3377777692884305
2,2,133431.5286776258,0.5605,2.4989996,0.33855605013281426
2,2,133436.52867840813,0.5605,2.5006032,0.3393343311858176
2,2,133441.52867919044,0.5605,2.5022068,0.34011261122900566
2,2,133446.52867997275,0.5605,2.503982,0.34089089218273416
2,2,133451.52868075506,0.5605,2.5055094,0.3416691756021247
2,2,133456.52868153737,0.5605,2.507304,0.34244746316354463
2,2,133461.52868231968,0.5605,2.5086784,0.34322575149895074
2,2,133466.528683102,0.5605,2.510263,0.34400403719546385
2,2,133471.5286838843,0.5605,2.5118473,0.34478232436580447
2,2,133476.5286846666,0.5605,2.5134318,0.34556061425302415
2,2,133481.52868544892,0.5605,2.5148637,0.34633890432539904
2,2,133486.52868623124,0.5605,2.5166008,0.3471171951721773
2,2,133491.52868701355,0.5605,2.5181663,0.347895487383753
2,2,133496.52868779586,0.5605,2.519598,0.3486737815756466
2,2,133501.52868857817,0.5605,2.5213735,0.34945207224844227
2,2,133506.52868936048,0.5605,2.522977,0.3502303628787232
2,2,133511.5286901428,0.5605,2.5243132,0.35100865634197986
2,2,133516.5286909251,0.5605,2.5262606,0.3517869483472705
2,2,133521.5286917074,0.5605,2.5275395,0.3525652407686412
2,2,133526.52869248972,0.5605,2.5289524,0.3533435307945278
2,2,133531.52869327203,0.5605,2.5304031,0.35412182197619146
2,2,133536.52869405434,0.5605,2.5319877,0.3549001134878066
2,2,133541.52869483666,0.5605,2.5338204,0.35567840674870216
2,2,133546.52869561897,0.5605,2.535214,0.35645669909357697
2,2,133551.52869640128,0.5605,2.5366647,0.3572349924711751
2,2,133556.5286971836,0.5605,2.5384593,0.3580132855068147
2,2,133561.5286979659,0.5605,2.5396047,0.35879157833003006
2,2,133566.5286987482,0.5605,2.541132,0.359569871547848
2,2,133571.52869953052,0.5605,2.5425828,0.3603481698481904
2,2,133576.52870031283,0.5605,2.5439,0.3611264650432335
2,2,133581.52870109514,0.5605,2.545427,0.3619047580155995
2,2,133586.52870187745,0.5605,2.54663,0.3626830538556675
2,2,133591.52870265977,0.5605,2.5481572,0.36346134784109724
2,2,133596.52870344208,0.5605,2.5494742,0.3642396402931611
2,2,133601.5287042244,0.5605,2.5508106,0.36501793534402716
2,2,133606.5287050067,0.5605,2.552185,0.3657962330620289
2,2,133611.528705789,0.5605,2.5533879,0.36657453139144186
2,2,133616.52870657132,0.5605,2.5548387,0.36735282920758927
2,2,133621.52870735363,0.5605,2.5559459,0.3681311277241674
2,2,133626.52870813594,0.5605,2.557206,0.3689094240537286
2,2,133631.52870891825,0.5605,2.5583894,0.369687716911965
2,2,133636.52870970056,0.5605,2.5598023,0.37046601149960035
2,2,133641.52871048287,0.5605,2.5608714,0.3712443064021171
2,2,133646.5287112652,0.5605,2.5622458,0.3720225994402668
2,2,133651.5287120475,0.5605,2.5633912,0.37280088927894506
2,2,133656.5287128298,0.5605,2.564403,0.3735791796136863
2,2,133661.52871361212,0.5605,2.56572,0.37435746881862814
2,2,133666.52871439443,0.5605,2.5670373,0.3751357584188978
2,2,133671.52871517674,0.5605,2.5681064,0.3759140518393815
2,2,133676.52871595905,0.5605,2.56908,0.3766923456514511
2,2,133681.52871674136,0.5605,2.5704927,0.37747063906863004
2,2,133686.52871752367,0.5605,2.5714664,0.37824892916517794
2,2,133691.52871830598,0.5605,2.5727837,0.3790272184122967
2,2,133696.5287190883,0.5605,2.573929,0.3798055089404285
2,2,133701.5287198706,0.5605,2.5745018,0.3805837993165884
2,2,133706.52872065292,0.5605,2.575819,0.38136208931962323
2,2,133711.52872143523,0.5605,2.576468,0.38214038061202904
2,2,133716.52872221754,0.5605,2.5765061,0.3829186675728395
2,2,133721.52872299985,0.5605,2.5771744,0.38369695301046974
2,2,133726.52872378216,0.5605,2.579618,0.38447523781934057
2,2,133731.52872456447,0.5605,2.5820234,0.3852535233817002
2,2,133736.52872534678,0.5605,2.5833597,0.38603180914395063
2,2,133741.5287261291,0.5605,2.5844095,0.3868100927427346
2,2,133746.5287269114,0.5605,2.5852113,0.3875883744497201
2,2,133751.52872769372,0.5605,2.5862422,0.38836665773191065
2,2,133756.52872847603,0.5605,2.587254,0.3891449416623613
2,2,133761.52872925834,0.5605,2.588285,0.3899232240072191
2,2,133766.52873004065,0.5605,2.5892394,0.3907015009444853
2,2,133771.52873082296,0.5605,2.5903656,0.3914797790362769
2,2,133776.52873160527,0.5605,2.591053,0.39225806209943365
2,2,133781.52873238758,0.5605,2.592122,0.39303634740935106
2,2,133786.5287331699,0.5605,2.593172,0.3938146324830155
2,2,133791.5287339522,0.5605,2.5939357,0.39459291943896485
2,2,133796.52873473451,0.5605,2.594871,0.3953712047032847
2,2,133801.52873551683,0.5605,2.5957682,0.39614948706303377
2,2,133806.52873629914,0.5605,2.5963793,0.39692777367769355
2,2,133811.52873708145,0.5605,2.5972955,0.39770605923969554
2,2,133816.52873786376,0.5605,2.598498,0.3984843447689216
2,2,133821.52873864607,0.5605,2.5988228,0.3992626304312912
2,2,133826.52873942838,0.5605,2.59972,0.4000409180245168
2,2,133831.5287402107,0.5605,2.599491,0.4008192072054645
2,2,133836.528740993,0.5605,2.5980783,0.4015974949173067
2,2,133841.5287417753,0.5605,2.6006937,0.4023757840252552
2,2,133846.52874255762,0.5605,2.6015337,0.4031540736350616
2,2,133851.52874333994,0.5605,2.6023736,0.403932362935659
2,2,133856.528744122,0.5605,2.6042826,0.4047106535627246
2,2,133861.52874490432,0.5605,2.6048362,0.40548894290633336
2,2,133866.52874568664,0.5605,2.605619,0.4062672334178653
2,2,133871.52874646895,0.5605,2.6063635,0.4070455236728787
2,2,133876.52874725126,0.5605,2.6072798,0.40782381733888384
2,2,133881.52874803357,0.5605,2.6080816,0.40860210975237354
2,2,133886.52874881588,0.5605,2.6087115,0.40938040110088053
2,2,133891.5287495982,0.5605,2.6093798,0.4101586949553655
2,2,133896.5287503805,0.5605,2.6103723,0.4109369858601325
2,2,133901.5287511628,0.5605,2.6111932,0.4117152773791187
2,2,133906.52875194512,0.5605,2.6118615,0.41249357220343746
2,2,133911.52875272743,0.5605,2.6129496,0.4132718687515457
2,2,133916.52875350975,0.5605,2.6133695,0.41405016351828305
2,2,133921.52875429206,0.5605,2.6142669,0.4148284596976041
2,2,133926.52875507437,0.5605,2.6152213,0.41560675323618446
2,2,133931.52875585668,0.5605,2.616004,0.41638504820545175
2,2,133936.528756639,0.5605,2.6166532,0.4171633418909476
2,2,133941.5287574213,0.5605,2.6172068,0.41794163515216104
2,2,133946.5287582036,0.5605,2.6180086,0.4187199268675909
2,2,133951.52875898592,0.5605,2.6186004,0.4194982180754409
2,2,133956.52875976823,0.5605,2.6193447,0.4202765134739279
2,2,133961.52876055054,0.5605,2.6202803,0.42105480671620693
2,2,133966.52876133285,0.5605,2.6207004,0.4218330991841984
2,2,133971.52876211517,0.5605,2.621044,0.4226113923823203
2,2,133976.52876289748,0.5605,2.622132,0.4233896836705041
2,2,133981.5287636798,0.5605,2.622781,0.4241679778789446
2,2,133986.5287644621,0.5605,2.6234112,0.42494627129715334
2,2,133991.5287652444,0.5605,2.6241937,0.4257245651124847
2,2,133996.52876602672,0.5605,2.624843,0.42650286290252526
2,2,134001.52876680903,0.5605,2.6253774,0.427281159053607
2,2,134006.52876759134,0.5605,2.6262746,0.4280594563658865
2,2,134011.52876837365,0.5605,2.626962,0.4288377546680071
2,2,134016.52876915596,0.5605,2.6274965,0.4296160519328546
2,2,134021.52876993828,0.5605,2.6288328,0.43039435238865004
2,2,134026.5287707206,0.5605,2.6298063,0.4311726532435846
2,2,134031.5287715029,0.5605,2.630589,0.4319509528772266
2,2,134036.5287722852,0.5605,2.6310472,0.43272925699406845
2,2,134041.52877306752,0.5605,2.6317725,0.4335075582386684
2,2,134046.52877384983,0.5605,2.6323836,0.4342858598317171
2,2,134051.52877463214,0.5605,2.6329563,0.4350641579268341
2,2,134056.52877541445,0.5605,2.633567,0.43584245589479786
2,2,134061.52877619676,0.5605,2.6340444,0.4366207529212731
2,2,134066.52877697907,0.5605,2.6346743,0.4373990505605073
2,2,134071.52877776138,0.5605,2.635419,0.4381773475980558
2,2,134076.5287785437,0.5605,2.6359344,0.43895564232820916
2,2,134081.528779326,0.5605,2.6364307,0.43973394003543903
2,2,134086.52878010832,0.5605,2.6371179,0.44051223785683163
2,2,134091.52878089063,0.5605,2.6376524,0.44129053443638133
2,2,134096.52878167294,0.5605,2.6383207,0.4420688315927252
2,2,134101.52878245525,0.5605,2.6385686,0.44284712802790915
2,2,134106.52878323756,0.5605,2.6393323,0.4436254233043854
2,2,134111.52878401987,0.5605,2.6358006,0.44440372133668243
2,2,134116.52878480218,0.5605,2.6358387,0.4451820196488365
2,2,134121.5287855845,0.5605,2.6372516,0.44596031804185093
2,2,134126.5287863668,0.5605,2.6408024,0.44673861714484936
2,2,134131.52878714912,0.5605,2.6421387,0.44751691891925516
2,2,134136.52878793143,0.5605,2.6427686,0.44829522401253696
2,2,134141.52878871374,0.5605,2.6435323,0.4490735305634636
2,2,134146.52878949605,0.5605,2.6438377,0.4498518349483475
2,2,134151.52879027836,0.5605,2.6446395,0.4506301402285727
2,2,134156.52879106067,0.5605,2.6451359,0.45140844442275485
2,2,134161.52879184298,0.5605,2.6457467,0.4521867467181913
2,2,134166.5287926253,0.5605,2.6463194,0.4529650472382206
2,2,134171.5287934076,0.5605,2.646854,0.4537433475879893
2,2,134176.52879418992,0.5605,2.647274,0.4545216458616951
2,2,134181.52879497223,0.5605,2.647923,0.45529994590972184
2,2,134186.52879575454,0.5605,2.6484003,0.45607823976527306
2,2,134191.52879653685,0.5605,2.6490302,0.4568565329068865
2,2,134196.52879731916,0.5605,2.6494312,0.45763482585363247
2,2,134201.52879810147,0.5605,2.6499658,0.45841311916192695
2,2,134206.52879888378,0.5605,2.6504047,0.4591914096982379
2,2,134211.5287996661,0.5605,2.6510155,0.4599697027622626
2,2,134216.5288004484,0.5605,2.65155,0.4607479980703095
2,2,134221.5288012307,0.5605,2.651722,0.461526292688118
2,2,134226.52880201302,0.5605,2.6480758,0.4623045872416429
2,2,134231.52880279534,0.5605,2.6487439,0.4630828802076246
2,2,134236.52880357765,0.5605,2.652982,0.4638611731281809
2,2,134241.52880435996,0.5605,2.653631,0.46463946758345087
2,2,134246.52880514227,0.5605,2.6533446,0.4654177623204654
2,2,134251.52880592458,0.5605,2.6540701,0.46619605425225685
2,2,134256.5288067069,0.5605,2.6553683,0.4669743486974238
2,2,134261.5288074892,0.5605,2.6562655,0.46775264145111367
2,2,134266.5288082715,0.5605,2.6566663,0.46853093644216315
2,2,134271.52880905382,0.5605,2.6571817,0.4693092310972312
2,2,134276.52880983613,0.5605,2.6572008,0.4700875272168814
2,2,134281.52881061845,0.5605,2.6575062,0.4708658226208785
2,2,134286.52881140076,0.5605,2.658289,0.47164411895325437
2,2,134291.52881218307,0.5605,2.6588616,0.4724224144846895
2,2,134296.52881296538,0.5605,2.659339,0.4732007085241409
2,2,134301.5288137477,0.5605,2.6598735,0.4739790004119574
2,2,134306.52881453,0.5605,2.6603508,0.47475729320258886
2,2,134311.5288153123,0.5605,2.661038,0.4755355903173949
2,2,134316.52881609462,0.5605,2.6613245,0.4763138865506284
2,2,134321.52881687693,0.5605,2.6619163,0.47709218357063654
2,2,134326.52881765924,0.5605,2.6624126,0.47787047957777967
2,2,134331.52881844155,0.5605,2.662718,0.4786487754431366
2,2,134336.52881922387,0.5605,2.6632526,0.47942707091471215
2,2,134341.52882000618,0.5605,2.6639397,0.4802053628958099
2,2,134346.5288207885,0.5605,2.6643026,0.4809836536018451
2,2,134351.5288215708,0.5605,2.6647987,0.48176194786313176
2,2,134356.5288223531,0.5605,2.665276,0.48254023972066573
2,2,134361.52882313542,0.5605,2.665677,0.4833185334121916
2,2,134366.52882391773,0.5605,2.6662498,0.48409682523662184
2,2,134371.52882470004,0.5605,2.666975,0.48487511911687253
2,2,134376.52882548235,0.5605,2.6672614,0.4856534120860265
2,2,134381.52882626466,0.5605,2.6677196,0.48643170620604026
2,2,134386.52882704698,0.5605,2.6682923,0.4872099995016058
2,2,134391.5288278293,0.5605,2.6685405,0.4879882916269766
2,2,134396.5288286116,0.5605,2.669075,0.48876658334495293
2,2,134401.5288293939,0.5605,2.669438,0.48954487617615194
2,2,134406.52883017622,0.5605,2.669934,0.49032316877444254
2,2,134411.52883095853,0.5605,2.6704304,0.49110145889663365
2,2,134416.52883174084,0.5605,2.6709268,0.4918797506763604
2,2,134421.52883252315,0.5605,2.6714232,0.4926580423728261
2,2,134426.52883330546,0.5605,2.6717858,0.4934363357278705
2,2,134431.52883408777,0.5605,2.672435,0.4942146304486924
2,2,134436.52883487009,0.5605,2.672893,0.4949929245521526
2,2,134441.5288356524,0.5605,2.6733704,0.49577121962229087
2,2,134446.5288364347,0.5605,2.673733,0.4965495174437
2,2,134451.52883721702,0.5605,2.6742675,0.49732781062970566
2,2,134456.52883799886,0.5605,2.6746304,0.4981061032607258
2,2,134461.52883878117,0.5605,2.6751268,0.49888439559655723
2,2,134466.52883956349,0.5605,2.6754322,0.4996626863425242
2,2,134471.5288403458,0.5605,2.676005,0.500440976865083
2,2,134476.5288411281,0.5605,2.6763866,0.5012192702693244
2,2,134481.52884191042,0.5605,2.6769593,0.5019975636875167
2,2,134486.52884269273,0.5605,2.6774366,0.5027758597113723
2,2,134491.52884347504,0.5605,2.6778183,0.5035541581047477
2,2,134496.52884425735,0.5605,2.6782956,0.5043324532064929
2,2,134501.52884503966,0.5605,2.6786966,0.5051107477565508
2,2,134506.52884582197,0.5605,2.679193,0.5058890390571325
2,2,134511.52884660428,0.5605,2.679632,0.5066673342720073
2,2,134516.5288473866,0.5605,2.680014,0.5074456295412482
2,2,134521.5288481689,0.5605,2.6805484,0.5082239242599342
2,2,134526.52884895122,0.5605,2.6810255,0.5090022193710904
2,2,134531.52884973353,0.5605,2.6815028,0.5097805147378114
2,2,134536.52885051584,0.5605,2.68177,0.51055880980588
2,2,134541.52885129815,0.5605,2.6824,0.5113371073112786
2,2,134546.52885208046,0.5605,2.6828582,0.5121154019389318
2,2,134551.52885286277,0.5605,2.6833737,0.5128936952910953
2,2,134556.52885364508,0.5605,2.6836982,0.5136719870266351
2,2,134561.5288544274,0.5605,2.6842518,0.5144502785609728
2,2,134566.5288552097,0.5605,2.6846719,0.5152285720159808
2,2,134571.52885599202,0.5605,2.6851108,0.5160068638299471
2,2,134576.52885677433,0.5605,2.6856072,0.5167851552330619
2,2,134581.52885755664,0.5605,2.6861227,0.5175634483904341
2,2,134586.52885833895,0.5605,2.686619,0.5183417392702234
2,2,134591.52885912126,0.5605,2.6871345,0.5191200333134034
2,2,134596.52885990357,0.5605,2.6875162,0.5198983226086298
2,2,134601.52886068588,0.5605,2.6878216,0.5206766110016305
2,2,134606.5288614682,0.5605,2.6883945,0.5214548998442192
2,2,134611.5288622505,0.5605,2.6885853,0.5222331866348187
2,2,134616.5288630328,0.5605,2.6892345,0.5230114734727243
2,2,134621.52886381513,0.5605,2.6897116,0.5237897600717709
2,2,134626.52886459744,0.5605,2.6900744,0.5245680431400007
2,2,134631.52886537975,0.5605,2.690399,0.5253463249126772
2,2,134636.52886616206,0.5605,2.6911054,0.5261246097925868
2,2,134641.52886694437,0.5605,2.691449,0.5269028944632443
2,2,134646.52886772668,0.5605,2.6919644,0.5276811767440074
2,2,134651.528868509,0.5605,2.6924608,0.5284594611796969
2,2,134656.5288692913,0.5605,2.6929379,0.5292377444957329
2,2,134661.5288700736,0.5605,2.6935105,0.5300160311139126
2,2,134666.52887085592,0.5605,2.6938162,0.5307943150355583
2,2,134671.52887163823,0.5605,2.694427,0.5315725978826846
2,2,134676.52887242055,0.5605,2.6948087,0.5323508805200191
2,2,134681.52887320286,0.5605,2.6953242,0.5331291656386022
2,2,134686.52887398517,0.5605,2.6956868,0.5339074479085139
2,2,134691.52887476748,0.5605,2.6961832,0.5346857283698351
2,2,134696.5288755498,0.5605,2.6966796,0.5354640078581403
2,2,134701.5288763321,0.5605,2.697176,0.5362422857997117
2,2,134706.5288771144,0.5605,2.6978633,0.5370205613230332
2,2,134711.52887789672,0.5605,2.6982832,0.5377988404693734
2,2,134716.52887867903,0.5605,2.6987796,0.5385771180159481
2,2,134721.52887946134,0.5605,2.699085,0.5393553962725466
2,2,134726.52888024366,0.5605,2.6998677,0.5401336761419209
2,2,134731.52888102597,0.5605,2.700154,0.5409119579654467
2,2,134736.52888180828,0.5605,2.7005167,0.5416902413070697
2,2,134741.5288825906,0.5605,2.7010512,0.5424685262254442
2,2,134746.5288833729,0.5605,2.7014332,0.543246814727081
2,2,134751.5288841552,0.5605,2.702025,0.5440251004636121
2,2,134756.52888493752,0.5605,2.7024639,0.5448033851307861
2,2,134761.52888571983,0.5605,2.7029984,0.5455816711981228
2,2,134766.52888650214,0.5605,2.7033422,0.546359958094504
2,2,134771.52888728445,0.5605,2.7038767,0.5471382475982937
2,2,134776.52888806676,0.5605,2.7043538,0.5479165339588721
2,2,134781.52888884908,0.5605,2.7048883,0.5486948231491181
2,2,134786.5288896314,0.5605,2.7053466,0.5494731120482881
2,2,134791.5288904137,0.5605,2.7059193,0.5502514004754523
2,2,134796.528891196,0.5605,2.7063775,0.5510296893596252
2,2,134801.52889197832,0.5605,2.706931,0.551807977552798
2,2,134806.52889276063,0.5605,2.7074084,0.5525862658142248
2,2,134811.52889354294,0.5605,2.7078092,0.5533645542908873
2,2,134816.52889432525,0.5605,2.7083056,0.5541428437739875
2,2,134821.52889510756,0.5605,2.7088974,0.5549211305937799
2,2,134826.52889588987,0.5605,2.7092218,0.5556994191701279
2,2,134831.5288966722,0.5605,2.709871,0.5564777078437672
2,2,134836.5288974545,0.5605,2.710291,0.5572559962711796
2,2,134841.5288982368,0.5605,2.7108064,0.5580342867790327
2,2,134846.52889901912,0.5605,2.7112074,0.5588125751045444
2,2,134851.52889980143,0.5605,2.7118945,0.5595908673362366
2,2,134856.52890058374,0.5605,2.7123146,0.5603691594420802
2,2,134861.52890136605,0.5605,2.7127154,0.5611474519784879
2,2,134866.52890214836,0.5605,2.71325,0.5619257463820144
2,2,134871.52890293067,0.5605,2.7137654,0.5627040398189126
2,2,134876.52890371298,0.5605,2.714319,0.5634823328837884
2,2,134881.5289044953,0.5605,2.7146819,0.5642606244852608
2,2,134886.5289052776,0.5605,2.71535,0.5650389125173919
2,2,134891.52890605992,0.5605,2.7159035,0.565817200037678
2,2,134896.52890684223,0.5605,2.716419,0.5665954887499411
2,2,134901.52890762454,0.5605,2.7170873,0.5673737787606947
2,2,134906.52890840685,0.5605,2.7175834,0.5681520682295593
2,2,134911.52890918916,0.5605,2.7180607,0.5689303597420817
2,2,134916.52890997147,0.5605,2.7186716,0.5697086532901888
2,2,134921.52891075378,0.5605,2.719187,0.5704869470770987
2,2,134926.5289115361,0.5605,2.7195308,0.5712652389534413
2,2,134931.5289123184,0.5605,2.7199888,0.5720435315407878
2,2,134936.52891310072,0.5605,2.7205997,0.5728218267193304
2,2,134941.52891388303,0.5605,2.7211916,0.5736001219328972
2,2,134946.52891466534,0.5605,2.7216306,0.5743784175531566
2,2,134951.52891544765,0.5605,2.722127,0.5751567135578493
2,2,134956.52891622996,0.5605,2.7227569,0.575935012044996
2,2,134961.52891701227,0.5605,2.7232342,0.5767133082001937
2,2,134966.52891779458,0.5605,2.723826,0.5774916048023104
2,2,134971.5289185769,0.5605,2.724265,0.5782699029733538
2,2,134976.5289193592,0.5605,2.7248378,0.5790482021311719
2,2,134981.5289201415,0.5605,2.7253532,0.5798264988476699
2,2,134986.52892092383,0.5605,2.7258878,0.5806047981436284
2,2,134991.52892170614,0.5605,2.7264795,0.581383099236763
2,2,134996.52892248845,0.5605,2.7270522,0.5821613993769683
2,2,135001.52892327076,0.5605,2.7275486,0.5829396981293159
2,2,135006.52892405307,0.5605,2.7281404,0.5837179974134363
2,2,135011.52892483538,0.5605,2.728713,0.5844962987428504
2,2,135016.5289256177,0.5605,2.7291331,0.5852745976597168
2,2,135021.5289264,0.5605,2.729782,0.5860528964868617
2,2,135026.5289271823,0.5605,2.730374,0.5868311952964397
2,2,135031.52892796462,0.5605,2.7309086,0.5876094959228733
2,2,135036.52892874693,0.5605,2.7312522,0.5883877943760883
2,2,135041.52892952925,0.5605,2.731882,0.5891660915712481
2,2,135046.52893031156,0.5605,2.7325504,0.5899443899565503
2,2,135051.52893109387,0.5605,2.7329702,0.5907226907297901
2,2,135056.52893187618,0.5605,2.733543,0.591500990658538
2,2,135061.5289326585,0.5605,2.7342875,0.592279292244411
2,2,135066.5289334408,0.5605,2.734822,0.5930575917252466
2,2,135071.5289342231,0.5605,2.7354329,0.5938358921744391
2,2,135076.52893500542,0.5605,2.7359865,0.5946141930814384
2,2,135081.52893578773,0.5605,2.7364829,0.5953924937360384
2,2,135086.52893657004,0.5605,2.7372465,0.5961707932757734
2,2,135091.52893735236,0.5605,2.737781,0.5969490902034739
2,2,135096.52893813467,0.5605,2.7383537,0.5977273896021478
2,2,135101.52893891698,0.5605,2.7390602,0.5985056888327432
2,2,135106.5289396993,0.5605,2.7395756,0.5992839869703154
2,2,135111.5289404816,0.5605,2.7400146,0.6000622843386664
2,2,135116.5289412639,0.5605,2.740702,0.6008405786163244
2,2,135121.52894204622,0.5605,2.7411027,0.6016188756188154
2,2,135126.52894282853,0.5605,2.7416372,0.6023971730962429
2,2,135131.52894361084,0.5605,2.742439,0.6031754672849906
2,2,135136.52894439292,0.5605,2.7428973,0.6039537608454226
2,2,135141.52894517523,0.5605,2.7436035,0.6047320568698246
2,2,135146.52894595754,0.5605,2.7442527,0.6055103463691339
2,2,135151.52894673985,0.5605,2.7448635,0.6062886357988913
2,2,135156.52894752217,0.5605,2.745398,0.607066923906846
2,2,135161.52894830448,0.5605,2.7460854,0.6078452105409932
2,2,135166.5289490868,0.5605,2.7464862,0.6086234975098933
2,2,135171.5289498691,0.5605,2.7471926,0.6094017835536532
2,2,135176.5289506514,0.5605,2.7477462,0.6101800698276757
2,2,135181.52895143372,0.5605,2.7484143,0.610958356852773
2,2,135186.52895221603,0.5605,2.7491398,0.6117366439153782
2,2,135191.52895299834,0.5605,2.7498653,0.6125149297549292
2,2,135196.52895378065,0.5605,2.7503998,0.6132932180832655
2,2,135201.52895456296,0.5605,2.7509725,0.6140715069224965
2,2,135206.52895534527,0.5605,2.751488,0.6148497963117491
2,2,135211.5289561276,0.5605,2.7521942,0.6156280888912709
2,2,135216.5289569099,0.5605,2.7526715,0.6164063807882697
2,2,135221.5289576922,0.5605,2.753378,0.6171846736817059
2,2,135226.52895847452,0.5605,2.754065,0.6179629670197133
2,2,135231.52895925683,0.5605,2.7546186,0.6187412616971663
2,2,135236.52896003914,0.5605,2.7553442,0.6195195556747712
2,2,135241.52896082145,0.5605,2.7558405,0.6202978493197789
2,2,135246.52896160376,0.5605,2.7564704,0.6210761437458096
2,2,135251.52896238607,0.5605,2.7568521,0.6218544382630982
2,2,135256.52896316838,0.5605,2.7548478,0.6226327339442734
2,2,135261.5289639507,0.5605,2.755325,0.6234110305030244
2,2,135266.528964733,0.5605,2.7558787,0.624189328340338
2,2,135271.52896551532,0.5605,2.7566233,0.6249676269663238
2,2,135276.52896629763,0.5605,2.7571578,0.6257459256983198
2,2,135281.52896707994,0.5605,2.7577496,0.6265242242264678
2,2,135286.52896786225,0.5605,2.7581885,0.6273025211648242
2,2,135291.52896864456,0.5605,2.7577877,0.6280808204369508
2,2,135296.52896942687,0.5605,2.758036,0.6288591189244949
2,2,135301.52897020918,0.5605,2.7588186,0.6296374179387784
2,2,135306.5289709915,0.5605,2.7593722,0.6304157192055015
2,2,135311.5289717738,0.5605,2.759754,0.6311940181364446
2,2,135316.52897255612,0.5605,2.760403,0.6319723203532758
2,2,135321.52897333843,0.5605,2.7607086,0.6327506190644764
2,2,135326.52897412074,0.5605,2.7615104,0.6335289170218338
2,2,135331.52897490305,0.5605,2.7619302,0.634307215168171
2,2,135336.52897568536,0.5605,2.7625794,0.6350855123006035
2,2,135341.52897646767,0.5605,2.7634003,0.6358638104911774
2,2,135346.52897724998,0.5605,2.7639349,0.6366421083164973
2,2,135351.5289780323,0.5605,2.7644885,0.637420404486732
2,2,135356.5289788146,0.5605,2.7662065,0.638198701861752
2,2,135361.52897959691,0.5605,2.7683065,0.6389770010266564
2,2,135366.52898037923,0.5605,2.7696044,0.6397552993013755
2,2,135371.52898116154,0.5605,2.7701964,0.6405335975574847
2,2,135376.52898194385,0.5605,2.7697763,0.6413118993143866
2,2,135381.52898272616,0.5605,2.7689364,0.6420902026174163
2,2,135386.52898350847,0.5605,2.7737663,0.6428685088712072
2,2,135391.52898429078,0.5605,2.7748926,0.6436468128232222
2,2,135396.5289850731,0.5605,2.7756562,0.6444251177912581
2,2,135401.5289858554,0.5605,2.7763052,0.6452034215265606
2,2,135406.5289866377,0.5605,2.77369,0.6459817253228023
2,2,135411.52898742002,0.5605,2.7748544,0.6467600304300382
2,2,135416.52898820234,0.5605,2.7759426,0.6475383340910899
2,2,135421.52898898465,0.5605,2.7757325,0.6483166376606749
2,2,135426.52898976696,0.5605,2.7760189,0.6490949419371049
2,2,135431.52899054927,0.5605,2.7797225,0.6498732437215045
2,2,135436.52899133158,0.5605,2.780925,0.6506515446550277
2,2,135441.5289921139,0.5605,2.7816315,0.6514298435342704
2,2,135446.5289928962,0.5605,2.7776034,0.6522081437156261
2,2,135451.5289936785,0.5605,2.782376,0.6529864434630799
2,2,135456.52899446082,0.5605,2.783426,0.6537647405063438
2,2,135461.52899524313,0.5605,2.7844567,0.6545430396000042
2,2,135466.52899602544,0.5605,2.7833495,0.6553213395963404
2,2,135471.52899680776,0.5605,2.7837124,0.6560996413584179
2,2,135476.52899759007,0.5605,2.7841704,0.6568779455518252
2,2,135481.52899837238,0.5605,2.7845905,0.6576562484085984
2,2,135486.5289991547,0.5605,2.7852204,0.6584345527803759
2,2,135491.528999937,0.5605,2.7879694,0.659212854078716
2,2,135496.5290007193,0.5605,2.7890384,0.659991154124789
2,2,135501.52900150162,0.5605,2.7897449,0.6607694527452249
2,2,135506.52900228393,0.5605,2.790413,0.6615477507889032
2,2,135511.52900306624,0.5605,2.7894585,0.6623260474722344
2,2,135516.52900384855,0.5605,2.7900121,0.6631043424733174
2,2,135521.52900463087,0.5605,2.790642,0.6638826388681722
2,2,135526.52900541318,0.5605,2.7917683,0.6646609382897972
2,2,135531.5290061955,0.5605,2.792761,0.6654392344476077
2,2,135536.5290069778,0.5605,2.793773,0.6662175297793772
2,2,135541.5290077601,0.5605,2.7942502,0.6669958294240924
2,2,135546.52900854242,0.5605,2.7954147,0.6677741274805425
2,2,135551.52900932473,0.5605,2.7969801,0.6685524245610163
2,2,135556.52901010704,0.5605,2.7977054,0.6693307231596269
2,2,135561.52901088935,0.5605,2.798469,0.6701090167713554
2,2,135566.52901167166,0.5605,2.7987745,0.6708873141997315
2,2,135571.52901245398,0.5605,2.7994237,0.6716656113843975
2,2,135576.5290132363,0.5605,2.799519,0.672443908242791
2,2,135581.5290140186,0.5605,2.8003018,0.6732222034212076
2,2,135586.5290148009,0.5605,2.8012753,0.6740004971829975
2,2,135591.52901558322,0.5605,2.7953384,0.6747787932312447
2,2,135596.52901636553,0.5605,2.8008935,0.6755570898725415
2,2,135601.52901714784,0.5605,2.8037572,0.6763353888794507
2,2,135606.52901793015,0.5605,2.8049788,0.677113688801715
2,2,135611.52901871246,0.5605,2.8057997,0.6778919889600534
2,2,135616.52901949477,0.5605,2.8066015,0.678670286394145
2,2,135621.52902027708,0.5605,2.8074605,0.6794485826962914
2,2,135626.5290210594,0.5605,2.8081288,0.6802268781328723
2,2,135631.5290218417,0.5605,2.808816,0.6810051738536449
2,2,135636.52902262402,0.5605,2.8095415,0.681783472081518
2,2,135641.52902340633,0.5605,2.810286,0.68256176986079
2,2,135646.52902418864,0.5605,2.8111641,0.6833400653603036
2,2,135651.52902497095,0.5605,2.8119278,0.6841183625815602
2,2,135656.52902575326,0.5605,2.8126915,0.6848966606729321
2,2,135661.52902653557,0.5605,2.8136268,0.6856749565975526
2,2,135666.52902731788,0.5605,2.8143904,0.6864532494634515
2,2,135671.5290281002,0.5605,2.8150969,0.6872315395688507
2,2,135676.5290288825,0.5605,2.8157077,0.6880098306502693
2,2,135681.52902966482,0.5605,2.815784,0.6887881207427741
2,2,135686.52903044713,0.5605,2.8161466,0.6895664123984603
2,2,135691.52903122944,0.5605,2.8167768,0.6903447022582089
2,2,135696.52903201175,0.5605,2.8173685,0.691122993889924
2,2,135701.52903279406,0.5605,2.8181512,0.691901288092371
2,2,135706.52903357637,0.5605,2.819163,0.6926795826568399
2,2,135711.52903435868,0.5605,2.819984,0.6934578806472084
2,2,135716.529035141,0.5605,2.8214538,0.6942361737435785
2,2,135721.5290359233,0.5605,2.8224275,0.6950144685205811
2,2,135726.52903670561,0.5605,2.8234582,0.6957927650271847
2,2,135731.52903748793,0.5605,2.8247182,0.6965710609817002
2,2,135736.52903826977,0.5605,2.82573,0.6973493607469857
2,2,135741.52903905208,0.5605,2.8267992,0.6981276600653854
2,2,135746.5290398344,0.5605,2.826742,0.6989059585426642
2,2,135751.5290406167,0.5605,2.828269,0.6996842550905176
2,2,135756.52904139902,0.5605,2.829319,0.7004625521356326
2,2,135761.52904218133,0.5605,2.830159,0.7012408518143457
2,2,135766.52904296364,0.5605,2.8310945,0.7020191565365356
2,2,135771.52904374595,0.5605,2.832087,0.7027974568284182
2,2,135776.52904452826,0.5605,2.8329844,0.7035757549589106
2,2,135781.52904531057,0.5605,2.8339198,0.7043540520987605
2,2,135786.52904609288,0.5605,2.835027,0.7051323495745951
2,2,135791.5290468752,0.5605,2.8360198,0.7059106499544278
2,2,135796.5290476575,0.5605,2.836936,0.7066889519462712
2,2,135801.5290484398,0.5605,2.837967,0.7074672544462477
2,2,135806.52904922212,0.5605,2.838826,0.7082455566667578
2,2,135811.52905000444,0.5605,2.8372033,0.7090238599876955
2,2,135816.52905078675,0.5605,2.840086,0.7098021646903218
2,2,135821.52905156906,0.5605,2.8418612,0.7105804696890905
2,2,135826.52905235137,0.5605,2.8427968,0.7113587734176015
2,2,135831.52905313368,0.5605,2.8433504,0.7121370783283474
2,2,135836.529053916,0.5605,2.8450303,0.7129153809637488
2,2,135841.5290546983,0.5605,2.8461375,0.7136936842062633
2,2,135846.5290554806,0.5605,2.8474166,0.7144719852589528
2,2,135851.52905626292,0.5605,2.848543,0.7152502873092619
2,2,135856.52905704523,0.5605,2.8497455,0.7160285883845681
2,2,135861.52905782755,0.5605,2.8507574,0.7168068892753084
2,2,135866.52905860986,0.5605,2.8518074,0.7175851888295802
2,2,135871.52905939217,0.5605,2.8530483,0.7183634906512988
2,2,135876.52906017448,0.5605,2.85406,0.7191417929479041
2,2,135881.5290609568,0.5605,2.8553581,0.7199200910895426
2,2,135886.5290617391,0.5605,2.857019,0.7206983882684004
2,2,135891.5290625214,0.5605,2.857038,0.7214766856203038
2,2,135896.52906330372,0.5605,2.8593862,0.7222549815088833
2,2,135901.52906408603,0.5605,2.860837,0.7230332786119307
2,2,135906.52906486834,0.5605,2.8622499,0.7238115748947221
2,2,135911.52906565065,0.5605,2.8636816,0.7245898737413676
2,2,135916.52906643297,0.5605,2.865037,0.7253681710558161
2,2,135921.52906721528,0.5605,2.8649032,0.726146473829646
2,2,135926.5290679976,0.5605,2.8668888,0.7269247746714809
2,2,135931.5290687799,0.5605,2.869065,0.7277030742243255
2,2,135936.5290695622,0.5605,2.8707068,0.7284813744539146
2,2,135941.52907034452,0.5605,2.8721576,0.7292596754874313
2,2,135946.52907112683,0.5605,2.8736467,0.7300379769456808
2,2,135951.52907190914,0.5605,2.8751929,0.7308162783861119
2,2,135956.52907269145,0.5605,2.8766057,0.7315945795109793
2,2,135961.52907347376,0.5605,2.8784,0.7323728798465621
2,2,135966.52907425608,0.5605,2.879851,0.7331511794165728
2,2,135971.5290750384,0.5605,2.8813782,0.7339294780199088
2,2,135976.5290758207,0.5605,2.8830965,0.7347077756346158
2,2,135981.529076603,0.5605,2.8847,0.7354860739586875
2,2,135986.52907738532,0.5605,2.886208,0.7362643753245796
2,2,135991.52907816763,0.5605,2.8879836,0.7370426738021961
2,2,135996.52907894994,0.5605,2.8895872,0.7378209711720769
2,2,136001.52907973225,0.5605,2.8912098,0.7385992689140861
2,2,136006.52908051456,0.5605,2.8927941,0.7393775677168262
2,2,136011.52908129687,0.5605,2.8944361,0.7401558670138741
2,2,136016.52908207919,0.5605,2.8962877,0.7409341662568176
2,2,136021.5290828615,0.5605,2.8979104,0.7417124666365078
2,2,136026.5290836438,0.5605,2.8998578,0.7424907647348468
2,2,136031.52908442612,0.5605,2.901442,0.7432690661521777
2,2,136036.52908520843,0.5605,2.9031985,0.744047368417282
2,2,136041.52908599074,0.5605,2.9050694,0.744825668043298
2,2,136046.52908677305,0.5605,2.906711,0.745603966452611
2,2,136051.52908755536,0.5605,2.9048784,0.746382264971007
2,2,136056.52908833767,0.5605,2.9088683,0.7471605661106863
2,2,136061.52908911998,0.5605,2.9114838,0.7479388695578798
2,2,136066.5290899023,0.5605,2.9136026,0.748717170248438
2,2,136071.5290906846,0.5605,2.9153209,0.7494954702454862
2,2,136076.52909146692,0.5605,2.91723,0.7502737686138905
2,2,136081.52909224923,0.5605,2.9191198,0.7510520673592346
2,2,136086.52909303154,0.5605,2.9209332,0.7518303665560043
2,2,136091.52909381385,0.5605,2.922556,0.7526086675524337
2,2,136096.52909459616,0.5605,2.9243124,0.7533869637564775
2,2,136101.52909537847,0.5605,2.9260685,0.7541652614213749
2,2,136106.52909616078,0.5605,2.9277868,0.7549435608676066
2,2,136111.5290969431,0.5605,2.9295812,0.7557218593833437
2,2,136116.5290977254,0.5605,2.9313757,0.7565001568113026
2,2,136121.52909850772,0.5605,2.9329984,0.7572784582895925
2,2,136126.52909929003,0.5605,2.9346592,0.7580567633058717
2,2,136131.52910007234,0.5605,2.9361675,0.7588350682160215
2,2,136136.52910085465,0.5605,2.932712,0.7596133716346546
2,2,136141.52910163696,0.5605,2.9334567,0.7603916762369597
2,2,136146.52910241927,0.5605,2.9400618,0.7611699781317668
2,2,136151.52910320158,0.5605,2.9421618,0.7619482808169548
2,2,136156.5291039839,0.5605,2.944128,0.7627265812688924
2,2,136161.5291047662,0.5605,2.946037,0.7635048819968326
2,2,136166.5291055485,0.5605,2.947736,0.7642831826767414
2,2,136171.52910633083,0.5605,2.9493206,0.7650614833585775
2,2,136176.52910711314,0.5605,2.9509814,0.7658397827521718
2,2,136181.52910789545,0.5605,2.9527187,0.7666180814845386
2,2,136186.52910867776,0.5605,2.9541504,0.7673963788253522
2,2,136191.52910946007,0.5605,2.955735,0.7681746755664006
2,2,136196.52911024238,0.5605,2.957224,0.7689529726656068
2,2,136201.5291110247,0.5605,2.958694,0.7697312672344104
2,2,136206.529111807,0.5605,2.9602976,0.7705095644366201
2,2,136211.5291125893,0.5605,2.9619012,0.7712878616664598
2,2,136216.52911337162,0.5605,2.9631994,0.7720661569096006
2,2,136221.52911415393,0.5605,2.964612,0.7728444525000874
2,2,136226.52911493625,0.5605,2.9662347,0.7736227482434733
2,2,136231.52911571856,0.5605,2.9677236,0.7744010472404153
2,2,136236.52911650087,0.5605,2.96927,0.7751793455981106
2,2,136241.52911728318,0.5605,2.9705873,0.7759576439707966
2,2,136246.5291180655,0.5605,2.972038,0.7767359424984314
2,2,136251.5291188478,0.5605,2.9734316,0.7775142427117848
2,2,136256.5291196301,0.5605,2.974806,0.7782925397539394
2,2,136261.52912041242,0.5605,2.976219,0.7790708392405533
2,2,136266.52912119473,0.5605,2.977937,0.7798491399483174
2,2,136271.52912197704,0.5605,2.9791205,0.7806274379902107
2,2,136276.52912275936,0.5605,2.9806669,0.7814057365360183
2,2,136281.52912354167,0.5605,2.9818695,0.7821840362603223
2,2,136286.52912432398,0.5605,2.9834921,0.7829623332188582
2,2,136291.5291251063,0.5605,2.9847903,0.7837406325194527
2,2,136296.5291258886,0.5605,2.9860885,0.7845189355234625
2,2,136301.5291266709,0.5605,2.9831104,0.785297239066858
2,2,136306.52912745322,0.5605,2.981068,0.7860755398847251
2,2,136311.52912823553,0.5605,2.9884748,0.7868538377301417
2,2,136316.52912901784,0.5605,2.9908993,0.7876321338190789
2,2,136321.52912980015,0.5605,2.992541,0.7884104316421107
2,2,136326.52913058246,0.5605,2.9941828,0.7891887332943799
2,2,136331.52913136478,0.5605,2.9955764,0.7899670341240785
2,2,136336.5291321471,0.5605,2.9971418,0.7907453340279813
2,2,136341.5291329294,0.5605,2.991663,0.7915236363839032
2,2,136346.5291337117,0.5605,2.9957483,0.7923019391793266
2,2,136350.9803344095,0.5605,3.000139,0.7929948162387332
2,2,136350.9805344094,0.5605,2.999929,0.7929948473670703
3,1,136350.9813344092,-0.5605,2.9487553,-6.165553132692973e-08
3,1,136355.9813351913,-0.5605,2.473323,-0.0007787400799426767
3,1,136360.9813359736,-0.5605,2.3338494,-0.0015574159204926755
3,1,136365.9813367559,-0.5605,2.2370617,-0.002336089844038089
3,1,136370.98133753822,-0.5605,2.162934,-0.0031147644873393905
3,1,136375.98133832053,-0.5605,2.1053386,-0.003893437518603272
3,1,136380.98133910284,-0.5605,2.0598655,-0.0046721119341055556
3,1,136385.98133988515,-0.5605,2.0229259,-0.005450787542184195
3,1,136390.98134066747,-0.5605,1.9913312,-0.006229459288871951
3,1,136395.98134144978,-0.5605,1.9632494,-0.00700813357557522
3,1,136400.9813422321,-0.5605,1.9331822,-0.007786807767844863
3,1,136405.9813430144,-0.5605,1.908632,-0.008565483000636101
3,1,136410.9813437967,-0.5605,1.8911644,-0.009344157723148665
3,1,136415.98134457902,-0.5605,1.8718451,-0.010122835640927157
3,1,136420.98134536133,-0.5605,1.854091,-0.010901512917078205
3,1,136425.98134614364,-0.5605,1.8379598,-0.011680190573437348
3,1,136430.98134692595,-0.5605,1.8248066,-0.012458865608556404
3,1,136435.98134770826,-0.5605,1.8128561,-0.013237540557410983
3,1,136440.98134849058,-0.5605,1.8021655,-0.014016209978050656
3,1,136445.9813492729,-0.5605,1.7950257,-0.014794877985368172
3,1,136450.9813500552,-0.5605,1.7884969,-0.015573547924598058
3,1,136455.9813508375,-0.5605,1.7832851,-0.016352218470166126
3,1,136460.98135161982,-0.5605,1.7796581,-0.017130888984047705
3,1,136465.98135240213,-0.5605,1.7767944,-0.017909556157651874
3,1,136470.98135318444,-0.5605,1.7748091,-0.018688221699605385
3,1,136475.98135396675,-0.5605,1.7734728,-0.01946688917461369
3,1,136480.98135474906,-0.5605,1.7727091,-0.020245560012522673
3,1,136485.98135553137,-0.5605,1.7692729,-0.021024232900808258
3,1,136490.98135631368,-0.5605,1.7690057,-0.02180290659523342
3,1,136495.981357096,-0.5605,1.7717546,-0.022581578978992177
3,1,136500.9813578783,-0.5605,1.7718501,-0.023360249922454362
3,1,136505.98135866062,-0.5605,1.7718692,-0.024138922966470328
3,1,136510.98135944293,-0.5605,1.7720219,-0.024917593147638778
3,1,136515.98136022524,-0.5605,1.7723846,-0.025696265937232315
3,1,136520.98136100755,-0.5605,1.7725755,-0.026474939573874083
3,1,136525.98136178986,-0.5605,1.7728618,-0.02725361518985365
3,1,136530.9813625717,-0.5605,1.7732246,-0.028032287181201914
3,1,136535.98136335402,-0.5605,1.7734346,-0.028810959771782167
3,1,136540.98136413633,-0.5605,1.7737019,-0.029589629575802228
3,1,136545.98136491864,-0.5605,1.7738355,-0.030368297887186216
3,1,136550.98136570095,-0.5605,1.774141,-0.031146963228086636
3,1,136555.98136648326,-0.5605,1.7742746,-0.03192563293076887
3,1,136560.98136726557,-0.5605,1.7745037,-0.03270430420809654
3,1,136565.98136804788,-0.5605,1.7746755,-0.03348297487796347
3,1,136570.9813688302,-0.5605,1.7750573,-0.034261645563489866
3,1,136575.9813696125,-0.5605,1.7753437,-0.03504031569709381
3,1,136580.98137039482,-0.5605,1.7754009,-0.035818985949602394
3,1,136585.98137117713,-0.5605,1.7755154,-0.03659765821639697
3,1,136590.98137195944,-0.5605,1.7757446,-0.03737633128642043
3,1,136595.98137274175,-0.5605,1.7758973,-0.03815500657408768
3,1,136600.98137352406,-0.5605,1.7759163,-0.038933682300425244
3,1,136605.98137430637,-0.5605,1.77626,-0.03971235634467006
3,1,136610.98137508868,-0.5605,1.77626,-0.04049102937096027
3,1,136615.981375871,-0.5605,1.77647,-0.04126970339391629
3,1,136620.9813766533,-0.5605,1.7765273,-0.04204837771413393
3,1,136625.98137743562,-0.5605,1.7766991,-0.042827054820971364
3,1,136630.98137821793,-0.5605,1.7768518,-0.04360573579478927
3,1,136635.98137900024,-0.5605,1.7769473,-0.0443844156478213
3,1,136640.98137978255,-0.5605,1.7769281,-0.04516309631615215
3,1,136645.98138056486,-0.5605,1.777119,-0.0459417741526266
3,1,136650.98138134717,-0.5605,1.7772336,-0.046720452158712684
3,1,136655.98138212948,-0.5605,1.7772717,-0.04749912791262071
3,1,136660.9813829118,-0.5605,1.7772527,-0.04827780457657908
3,1,136665.9813836941,-0.5605,1.7774054,-0.049056480359537746
3,1,136670.9813844764,-0.5605,1.7775581,-0.04983515808069045
3,1,136675.98138525872,-0.5605,1.7774054,-0.050613835930950125
3,1,136680.98138604104,-0.5605,1.7775009,-0.05139251510976091
3,1,136685.98138682335,-0.5605,1.7776154,-0.052171192917840364
3,1,136690.98138760566,-0.5605,1.7775009,-0.05294986835071446
3,1,136695.98138838797,-0.5605,1.7776917,-0.05372854590643447
3,1,136700.98138917028,-0.5605,1.7778444,-0.05450722232152357
3,1,136705.9813899526,-0.5605,1.7776726,-0.055285900698953214
3,1,136710.9813907349,-0.5605,1.7777681,-0.05606458158790735
3,1,136715.9813915172,-0.5605,1.7779971,-0.05684326177462937
3,1,136720.98139229952,-0.5605,1.7778827,-0.057621941732813924
3,1,136725.98139308183,-0.5605,1.7780354,-0.058400622309469526
3,1,136730.98139386415,-0.5605,1.7778827,-0.059179301258603746
3,1,136735.98139464646,-0.5605,1.7779208,-0.05995798080308571
3,1,136740.98139542877,-0.5605,1.777959,-0.06073666450221341
3,1,136745.98139621108,-0.5605,1.7781881,-0.061515350259118626
3,1,136750.9813969934,-0.5605,1.7779018,-0.06229403562448755
3,1,136755.9813977757,-0.5605,1.7780163,-0.06307271636985079
3,1,136760.981398558,-0.5605,1.7780926,-0.06385139876906411
3,1,136765.98139934032,-0.5605,1.7779781,-0.06463007854169278
3,1,136770.98140012263,-0.5605,1.7780926,-0.0654087573849526
3,1,136775.98140090494,-0.5605,1.7779781,-0.0661874353873763
3,1,136780.98140168726,-0.5605,1.7780545,-0.06696611083215807
3,1,136785.98140246957,-0.5605,1.7780735,-0.0677447884983586
3,1,136790.98140325188,-0.5605,1.7780163,-0.06852346638126507
3,1,136795.9814040342,-0.5605,1.7780926,-0.06930214415886336
3,1,136800.9814048165,-0.5605,1.7779971,-0.07008082268055943
3,1,136805.9814055988,-0.5605,1.7780163,-0.07085950042061342
3,1,136810.98140638112,-0.5605,1.7778635,-0.07163818109103376
3,1,136815.98140716343,-0.5605,1.7780163,-0.07241686105930475
3,1,136820.98140794574,-0.5605,1.7779399,-0.07319553874402578
3,1,136825.98140872805,-0.5605,1.7778827,-0.07397421483621335
3,1,136830.98140951036,-0.5605,1.7777872,-0.07475288939495221
3,1,136835.98141029268,-0.5605,1.7779399,-0.07553156637225551
3,1,136840.981411075,-0.5605,1.7777299,-0.07631024770620468
3,1,136845.9814118573,-0.5605,1.7778254,-0.07708893094639979
3,1,136850.9814126396,-0.5605,1.777959,-0.07786761099351448
3,1,136855.98141342192,-0.5605,1.7777681,-0.07864629136901102
3,1,136860.98141420423,-0.5605,1.7775581,-0.0794249720462329
3,1,136865.98141498654,-0.5605,1.7776536,-0.08020364958839948
3,1,136870.98141576885,-0.5605,1.7777681,-0.08098232748566736
3,1,136875.98141655116,-0.5605,1.7776536,-0.08176100713952054
3,1,136880.98141733347,-0.5605,1.7775009,-0.08253968542289075
3,1,136885.98141811579,-0.5605,1.7775962,-0.08331836035533419
3,1,136890.9814188981,-0.5605,1.7775009,-0.08409703811021318
3,1,136895.9814196804,-0.5605,1.7774054,-0.08487571335957783
3,1,136900.98142046272,-0.5605,1.7774435,-0.08565438987832272
3,1,136905.98142124503,-0.5605,1.7774245,-0.08643306946526307
3,1,136910.98142202734,-0.5605,1.7772717,-0.08721175012063322
3,1,136915.98142280965,-0.5605,1.7773099,-0.08799042803901107
3,1,136920.98142359196,-0.5605,1.7772336,-0.08876910739885771
3,1,136925.98142437427,-0.5605,1.7771381,-0.08954778747879469
3,1,136930.98142515658,-0.5605,1.7772145,-0.09032646631974979
3,1,136935.9814259389,-0.5605,1.7770617,-0.09110514465061827
3,1,136940.9814267212,-0.5605,1.7772145,-0.09188382364194264
3,1,136945.98142750352,-0.5605,1.7770809,-0.09266250553595692
3,1,136950.98142828583,-0.5605,1.7769663,-0.09344118755338593
3,1,136955.98142906814,-0.5605,1.7769473,-0.0942198681116833
3,1,136960.98142985045,-0.5605,1.776909,-0.09499854782745908
3,1,136965.98143063276,-0.5605,1.7767372,-0.09577722614102896
3,1,136970.98143141507,-0.5605,1.7766609,-0.09655590272605422
3,1,136975.98143219738,-0.5605,1.7766227,-0.09733457975035908
3,1,136980.9814329797,-0.5605,1.7765464,-0.09811325707719064
3,1,136985.981433762,-0.5605,1.7765081,-0.09889193383328454
3,1,136990.98143454432,-0.5605,1.7765081,-0.09967060873093542
3,1,136995.98143532663,-0.5605,1.7764318,-0.10044928379970461
3,1,137000.98143610894,-0.5605,1.7763937,-0.10122795834384696
3,1,137005.98143689125,-0.5605,1.7763172,-0.10200663334640864
3,1,137010.98143767356,-0.5605,1.7763554,-0.10278530638714965
3,1,137015.98143845587,-0.5605,1.7762408,-0.10356397874654998
3,1,137020.98143923818,-0.5605,1.7760881,-0.10434265502558816
3,1,137025.9814400205,-0.5605,1.7761264,-0.10512132964831924
3,1,137030.9814408028,-0.5605,1.77605,-0.10590000651364197
3,1,137035.9814415851,-0.5605,1.7758591,-0.10667868239540858
3,1,137040.98144236743,-0.5605,1.7758782,-0.10745735735034945
3,1,137045.98144314974,-0.5605,1.7758782,-0.10823603488280047
3,1,137050.98144393205,-0.5605,1.7757446,-0.10901471687945725
3,1,137055.98144471436,-0.5605,1.7756681,-0.10979339712345271
3,1,137060.98144549667,-0.5605,1.7755345,-0.11057207537872263
3,1,137065.98144627898,-0.5605,1.77542,-0.11135075521654222
3,1,137070.9814470613,-0.5605,1.7753818,-0.11212943713195457
3,1,137075.9814478436,-0.5605,1.7753246,-0.11290811874525415
3,1,137080.9814486259,-0.5605,1.7751719,-0.11368679831059113
3,1,137085.98144940822,-0.5605,1.77521,-0.11446547722821104
3,1,137090.98145019053,-0.5605,1.7750573,-0.11524415855840843
3,1,137095.98145097285,-0.5605,1.7749237,-0.11602283762217562
3,1,137100.98145175516,-0.5605,1.7748663,-0.11680151692257988
3,1,137105.98145253747,-0.5605,1.7748282,-0.11758019654724665
3,1,137110.98145331978,-0.5605,1.7747136,-0.11835887328452535
3,1,137115.9814541021,-0.5605,1.7746181,-0.1191375495748222
3,1,137120.9814548844,-0.5605,1.77458,-0.1199162288257844
3,1,137125.9814556667,-0.5605,1.7745419,-0.12069490687050423
3,1,137130.98145644902,-0.5605,1.7745419,-0.12147358557155398
3,1,137135.98145723133,-0.5605,1.7742937,-0.12225226515362991
3,1,137140.98145801364,-0.5605,1.7743891,-0.12303094384506345
3,1,137145.98145879596,-0.5605,1.774141,-0.12380962376034592
3,1,137150.98145957827,-0.5605,1.7741791,-0.1245883024780651
3,1,137155.98146036058,-0.5605,1.7741028,-0.1253669837903579
3,1,137160.9814611429,-0.5605,1.77395,-0.12614566203154126
3,1,137165.9814619252,-0.5605,1.7740073,-0.1269243397948278
3,1,137170.9814627075,-0.5605,1.7738928,-0.12770301748317148
3,1,137175.98146348982,-0.5605,1.77374,-0.12848169493648076
3,1,137180.98146427213,-0.5605,1.77374,-0.1292603737511535
3,1,137185.98146505444,-0.5605,1.7734919,-0.13003905114553369
3,1,137190.98146583675,-0.5605,1.7734728,-0.13081772927187876
3,1,137195.98146661907,-0.5605,1.773301,-0.13159640941447678
3,1,137200.98146740138,-0.5605,1.773301,-0.13237508976263468
3,1,137205.9814681837,-0.5605,1.7729955,-0.13315376997585757
3,1,137210.98146896577,-0.5605,1.7731483,-0.13393245188356767
3,1,137215.98146974808,-0.5605,1.7730528,-0.13471113480975228
3,1,137220.9814705304,-0.5605,1.7731483,-0.13548981353356437
3,1,137225.9814713127,-0.5605,1.7727282,-0.13626849360112678
3,1,137230.981472095,-0.5605,1.7726328,-0.13704717243259482
3,1,137235.98147287732,-0.5605,1.7726328,-0.13782585429784655
3,1,137240.98147365963,-0.5605,1.7724801,-0.13860453397812444
3,1,137245.98147444194,-0.5605,1.7724037,-0.13938321244991156
3,1,137250.98147522425,-0.5605,1.7724037,-0.1401618900120225
3,1,137255.98147600656,-0.5605,1.7722129,-0.1409405682849619
3,1,137260.98147678887,-0.5605,1.7721174,-0.141719248516798
3,1,137265.9814775712,-0.5605,1.7719647,-0.14249792784620655
3,1,137270.9814783535,-0.5605,1.7719073,-0.14327660867393677
3,1,137275.9814791358,-0.5605,1.771831,-0.1440552899264958
3,1,137280.98147991812,-0.5605,1.7717737,-0.14483396830069356
3,1,137285.98148070043,-0.5605,1.7715447,-0.14561264827659726
3,1,137290.98148148274,-0.5605,1.771621,-0.14639132511764763
3,1,137295.98148226505,-0.5605,1.771392,-0.14717000336202316
3,1,137300.98148304736,-0.5605,1.7712201,-0.14794868291820087
3,1,137305.98148382967,-0.5605,1.771201,-0.14872736222136018
3,1,137310.98148461198,-0.5605,1.7712201,-0.1495060415584809
3,1,137315.9814853943,-0.5605,1.7711055,-0.1502847202718059
3,1,137320.9814861766,-0.5605,1.7710292,-0.15106339953783815
3,1,137325.98148695892,-0.5605,1.7707238,-0.15184207964769003
3,1,137330.98148774123,-0.5605,1.7708383,-0.15262075990336138
3,1,137335.98148852354,-0.5605,1.7707238,-0.15339943939757678
3,1,137340.98148930585,-0.5605,1.7704183,-0.15417811856645677
3,1,137345.98149008816,-0.5605,1.7704756,-0.15495680099309153
3,1,137350.98149087047,-0.5605,1.7703038,-0.15573548447195026
3,1,137355.98149165278,-0.5605,1.770132,-0.15651416691562864
3,1,137360.9814924351,-0.5605,1.7700747,-0.15729284848833414
3,1,137365.9814932174,-0.5605,1.7698265,-0.15807153327443532
3,1,137370.98149399972,-0.5605,1.7698075,-0.1588502218974961
3,1,137375.98149478203,-0.5605,1.7698075,-0.15962890812022484
3,1,137380.98149556434,-0.5605,1.7696165,-0.1604075971513324
3,1,137385.98149634665,-0.5605,1.7695211,-0.1611862818337513
3,1,137390.98149712896,-0.5605,1.7694066,-0.1619649625491632
3,1,137395.98149791127,-0.5605,1.769292,-0.16274364161178798
3,1,137400.98149869358,-0.5605,1.7691774,-0.16352232044903103
3,1,137405.9814994759,-0.5605,1.7691393,-0.16430099715323246
3,1,137410.9815002582,-0.5605,1.7690057,-0.16507967485541433
3,1,137415.98150104051,-0.5605,1.7687765,-0.16585835154587358
3,1,137420.98150182283,-0.5605,1.7686238,-0.16663703059983911
3,1,137425.98150260514,-0.5605,1.7687956,-0.16741571074661607
3,1,137430.98150338745,-0.5605,1.7685475,-0.1681943885368274
3,1,137435.98150416976,-0.5605,1.7686048,-0.16897306766329537
3,1,137440.98150495207,-0.5605,1.7682611,-0.16975174491766754
3,1,137445.98150573438,-0.5605,1.7682229,-0.17053042090707352
3,1,137450.9815065167,-0.5605,1.7680702,-0.1713090962817172
3,1,137455.981507299,-0.5605,1.7680511,-0.17208777313686408
3,1,137460.9815080813,-0.5605,1.7680321,-0.172866449209147
3,1,137465.98150886362,-0.5605,1.7677839,-0.1736451286963423
3,1,137470.98150964594,-0.5605,1.7676312,-0.17442380911027058
3,1,137475.98151042825,-0.5605,1.767593,-0.17520248977447217
3,1,137480.98151121056,-0.5605,1.7673448,-0.1759811721636421
3,1,137485.98151199287,-0.5605,1.7671921,-0.1767598543056117
3,1,137490.98151277518,-0.5605,1.7671921,-0.17753853363545732
3,1,137495.9815135575,-0.5605,1.7671539,-0.17831721058277286
3,1,137500.9815143398,-0.5605,1.7669439,-0.17909588619325556
3,1,137505.9815151221,-0.5605,1.766772,-0.1798745641422404
3,1,137510.98151590442,-0.5605,1.7666384,-0.18065324174721373
3,1,137515.98151668673,-0.5605,1.7666384,-0.18143191776515047
3,1,137520.98151746904,-0.5605,1.7663711,-0.18221059373434717
3,1,137525.98151825136,-0.5605,1.7663903,-0.18298926804090873
3,1,137530.98151903367,-0.5605,1.766352,-0.18376794279574027
3,1,137535.98151981598,-0.5605,1.7660848,-0.1845466177583238
3,1,137540.9815205983,-0.5605,1.7660085,-0.1853252917655707
3,1,137545.9815213806,-0.5605,1.7658558,-0.1861039656959806
3,1,137550.9815221629,-0.5605,1.7658367,-0.18688264047934286
3,1,137555.98152294522,-0.5605,1.7657222,-0.187661313286586
3,1,137560.98152372753,-0.5605,1.765493,-0.18843999028354888
3,1,137565.98152450984,-0.5605,1.7655312,-0.18921866824488182
3,1,137570.98152529215,-0.5605,1.765283,-0.18999734630883078
3,1,137575.98152607447,-0.5605,1.7652639,-0.1907760250082348
3,1,137580.98152685678,-0.5605,1.7650157,-0.19155470252692708
3,1,137585.9815276391,-0.5605,1.7648249,-0.19233337756889735
3,1,137590.9815284214,-0.5605,1.7647294,-0.19311205311264934
3,1,137595.9815292037,-0.5605,1.7646912,-0.193890730729378
3,1,137600.98152998602,-0.5605,1.7645385,-0.194669408840259
3,1,137605.98153076833,-0.5605,1.7644049,-0.19544808255396293
3,1,137610.98153155064,-0.5605,1.7643094,-0.19622675545442111
3,1,137615.98153233295,-0.5605,1.7641567,-0.19700542784388536
3,1,137620.98153311526,-0.5605,1.7640231,-0.19778410085318163
3,1,137625.98153389757,-0.5605,1.7638894,-0.19856277063593938
3,1,137630.9815346799,-0.5605,1.7637367,-0.19934143974720778
3,1,137635.9815354622,-0.5605,1.7638322,-0.2001201090235413
3,1,137640.9815362445,-0.5605,1.7636031,-0.20089878074505602
3,1,137645.98153702682,-0.5605,1.763393,-0.2016774527443019
3,1,137650.98153780913,-0.5605,1.7633549,-0.20245612569135768
3,1,137655.98153859144,-0.5605,1.7632022,-0.20323480107330955
3,1,137660.98153937375,-0.5605,1.7630495,-0.20401347318118157
3,1,137665.98154015606,-0.5605,1.7629349,-0.2047921443205576
3,1,137670.98154093837,-0.5605,1.7627822,-0.20557081739538585
3,1,137675.98154172068,-0.5605,1.7627058,-0.2063494920974507
3,1,137680.981542503,-0.5605,1.7625722,-0.20712816719093266
3,1,137685.9815432853,-0.5605,1.7623813,-0.2079068419948155
3,1,137690.98154406762,-0.5605,1.7622858,-0.20868551752396433
3,1,137695.98154484993,-0.5605,1.7622477,-0.20946419353998047
3,1,137700.98154563224,-0.5605,1.7620376,-0.2102428673215145
3,1,137705.98154641455,-0.5605,1.7619613,-0.2110215441660021
3,1,137710.98154719686,-0.5605,1.7616941,-0.21180021951191302
3,1,137715.98154797917,-0.5605,1.7616369,-0.21257889131277477
3,1,137720.98154876148,-0.5605,1.7615032,-0.213357561806861
3,1,137725.9815495438,-0.5605,1.7613696,-0.21413623308712584
3,1,137730.9815503261,-0.5605,1.7612168,-0.2149149017694726
3,1,137735.98155110842,-0.5605,1.7611214,-0.21569357105647202
3,1,137740.98155189073,-0.5605,1.7610068,-0.21647224201023588
3,1,137745.98155267304,-0.5605,1.7607205,-0.21725091192238538
3,1,137750.98155345535,-0.5605,1.7608159,-0.2180295851485962
3,1,137755.98155423766,-0.5605,1.7605678,-0.21880825797771092
3,1,137760.98155501997,-0.5605,1.7605295,-0.21958693374312926
3,1,137765.98155580228,-0.5605,1.7603768,-0.22036560874446903
3,1,137770.9815565846,-0.5605,1.7601286,-0.2211442826427487
3,1,137775.9815573669,-0.5605,1.7600332,-0.22192295445563073
3,1,137780.98155814921,-0.5605,1.7600714,-0.2227016303190921
3,1,137785.98155893153,-0.5605,1.7597086,-0.22348030685396666
3,1,137790.98155971384,-0.5605,1.7598041,-0.2242589858066606
3,1,137795.98156049615,-0.5605,1.7595941,-0.2250376640098725
3,1,137800.98156127846,-0.5605,1.7594223,-0.2258163389334216
3,1,137805.98156206077,-0.5605,1.7592505,-0.2265950194795
3,1,137810.98156284261,-0.5605,1.7593077,-0.22737369880911384
3,1,137815.98156362493,-0.5605,1.7590214,-0.2281523768070672
3,1,137820.98156440724,-0.5605,1.7589068,-0.22893105572178304
3,1,137825.98156518955,-0.5605,1.7587732,-0.22970973458468258
3,1,137830.98156597186,-0.5605,1.7585824,-0.23048841230249412
3,1,137835.98156675417,-0.5605,1.7583723,-0.2312670897770061
3,1,137840.98156753648,-0.5605,1.7581815,-0.23204576977528474
3,1,137845.9815683188,-0.5605,1.7583151,-0.23282444971126656
3,1,137850.9815691011,-0.5605,1.7581624,-0.2336031276726922
3,1,137855.9815698834,-0.5605,1.758105,-0.23438180402378578
3,1,137860.98157066572,-0.5605,1.757876,-0.23516048317379096
3,1,137865.98157144804,-0.5605,1.7576278,-0.2359391626404127
3,1,137870.98157223035,-0.5605,1.7575897,-0.23671784067298973
3,1,137875.98157301266,-0.5605,1.7574561,-0.23749651835890284
3,1,137880.98157379497,-0.5605,1.7572842,-0.2382751952812043
3,1,137885.98157457728,-0.5605,1.7570933,-0.23905387210341963
3,1,137890.9815753596,-0.5605,1.7569788,-0.2398325476510625
3,1,137895.9815761419,-0.5605,1.756826,-0.2406112244119314
3,1,137900.9815769242,-0.5605,1.7567496,-0.2413899022523563
3,1,137905.98157770652,-0.5605,1.7565969,-0.24216857956427343
3,1,137910.98157848883,-0.5605,1.7564442,-0.24294725664907701
3,1,137915.98157927115,-0.5605,1.7563487,-0.24372593420628053
3,1,137920.98158005346,-0.5605,1.7562915,-0.24450461044594324
3,1,137925.98158083577,-0.5605,1.7560433,-0.24528328174566238
3,1,137930.98158161808,-0.5605,1.7558525,-0.2460619520341788
3,1,137935.9815824004,-0.5605,1.7556998,-0.2468406232388749
3,1,137940.9815831827,-0.5605,1.7556998,-0.24761929387534337
3,1,137945.981583965,-0.5605,1.7556233,-0.24839796330846028
3,1,137950.98158474732,-0.5605,1.7554325,-0.24917663623818434
3,1,137955.98158552963,-0.5605,1.7553751,-0.2499553090908429
3,1,137960.98158631194,-0.5605,1.7551652,-0.2507339832560951
3,1,137965.98158709425,-0.5605,1.754917,-0.2515126578024627
3,1,137970.98158787657,-0.5605,1.7548597,-0.25229133112250446
3,1,137975.98158865888,-0.5605,1.7547834,-0.2530700047625834
3,1,137980.9815894412,-0.5605,1.7544397,-0.25384868078615275
3,1,137985.9815902235,-0.5605,1.7543825,-0.25462735711817613
3,1,137990.9815910058,-0.5605,1.7541534,-0.2554060297045245
3,1,137995.98159178812,-0.5605,1.7540771,-0.2561847001188464
3,1,138000.98159257043,-0.5605,1.7537907,-0.2569633732372556
3,1,138005.98159335274,-0.5605,1.7539434,-0.2577420486338702
3,1,138010.98159413505,-0.5605,1.7536571,-0.25852072248292635
3,1,138015.98159491736,-0.5605,1.7535616,-0.2592993990226819
3,1,138020.98159569968,-0.5605,1.7533898,-0.2600780777090358
3,1,138025.981596482,-0.5605,1.7532753,-0.260856753584077
3,1,138030.9815972643,-0.5605,1.7531226,-0.26163542734227585
3,1,138035.9815980466,-0.5605,1.752798,-0.2624140988734994
3,1,138040.98159882892,-0.5605,1.7527217,-0.26319276828090027
3,1,138045.98159961123,-0.5605,1.7526071,-0.26397143919152694
3,1,138050.98160039354,-0.5605,1.7524735,-0.2647501106989517
3,1,138055.98160117585,-0.5605,1.7523589,-0.2655287844018573
3,1,138060.98160195816,-0.5605,1.7522634,-0.2663074575837421
3,1,138065.98160274047,-0.5605,1.7520344,-0.267086128818469
3,1,138070.98160352279,-0.5605,1.7518625,-0.2678648037302859
3,1,138075.9816043051,-0.5605,1.7517098,-0.2686434755764207
3,1,138080.9816050874,-0.5605,1.7514807,-0.26942214662354197
3,1,138085.98160586972,-0.5605,1.7514426,-0.27020082037348225
3,1,138090.98160665203,-0.5605,1.7512708,-0.27097949379294123
3,1,138095.98160743434,-0.5605,1.7511562,-0.27175816825467025
3,1,138100.98160821665,-0.5605,1.7509654,-0.272536842810664
3,1,138105.98160899896,-0.5605,1.7509271,-0.2733155178306567
3,1,138110.98160978127,-0.5605,1.7506407,-0.27409419084799963
3,1,138115.98161056358,-0.5605,1.7505262,-0.2748728646657468
3,1,138120.9816113459,-0.5605,1.7503163,-0.2756515362014672
3,1,138125.9816121282,-0.5605,1.7503926,-0.27643021011561164
3,1,138130.98161291052,-0.5605,1.750049,-0.27720888092059237
3,1,138135.98161369283,-0.5605,1.7500299,-0.2779875508676073
3,1,138140.98161447514,-0.5605,1.7497245,-0.27876622039977716
3,1,138145.98161525745,-0.5605,1.7496481,-0.2795448898142676
3,1,138150.98161603976,-0.5605,1.7495526,-0.28032356187545926
3,1,138155.98161682207,-0.5605,1.7493618,-0.28110223549180235
3,1,138160.98161760438,-0.5605,1.7491708,-0.281880908855988
3,1,138165.9816183867,-0.5605,1.7490181,-0.28265958129523866
3,1,138170.981619169,-0.5605,1.7489418,-0.2834382559152511
3,1,138175.98161995132,-0.5605,1.7487127,-0.28421692707018065
3,1,138180.98162073363,-0.5605,1.7487127,-0.2849956021684475
3,1,138185.98162151594,-0.5605,1.7483308,-0.2857742747448352
3,1,138190.98162229825,-0.5605,1.7482355,-0.28655294652257696
3,1,138195.98162308056,-0.5605,1.7479682,-0.2873316216839618
3,1,138200.98162386287,-0.5605,1.7478727,-0.2881102961232662
3,1,138205.98162464518,-0.5605,1.74772,-0.28888896965034805
3,1,138210.9816254275,-0.5605,1.7475481,-0.28966764576838083
3,1,138215.9816262098,-0.5605,1.7474527,-0.29044632189885444
3,1,138220.9816269921,-0.5605,1.7473763,-0.2912249973004361
3,1,138225.98162777442,-0.5605,1.7470709,-0.2920036755546497
3,1,138230.98162855674,-0.5605,1.7469945,-0.2927823551330997
3,1,138235.98162933905,-0.5605,1.7466891,-0.2935610315393176
3,1,138240.98163012136,-0.5605,1.7465364,-0.29433970648023816
3,1,138245.98163090367,-0.5605,1.7463837,-0.2951183793609672
3,1,138250.98163168598,-0.5605,1.74625,-0.2958970517337355
3,1,138255.9816324683,-0.5605,1.7461164,-0.29667572439139744
3,1,138260.9816332506,-0.5605,1.7460209,-0.2974543992491761
3,1,138265.9816340329,-0.5605,1.74583,-0.29823307518081194
3,1,138270.98163481522,-0.5605,1.7456774,-0.29901174998005886
3,1,138275.98163559753,-0.5605,1.7455437,-0.2997904261688788
3,1,138280.98163637985,-0.5605,1.7452191,-0.30056910314130775
3,1,138285.98163716216,-0.5605,1.7451237,-0.30134777777080396
3,1,138290.98163794447,-0.5605,1.7450092,-0.30212645089938234
3,1,138295.98163872678,-0.5605,1.7449328,-0.30290512290782723
3,1,138300.9816395091,-0.5605,1.7447037,-0.303683800760832
3,1,138305.9816402914,-0.5605,1.7445319,-0.3044624781355559
3,1,138310.9816410737,-0.5605,1.7443792,-0.30524115601356483
3,1,138315.98164185602,-0.5605,1.744131,-0.3060198345712787
3,1,138320.98164263833,-0.5605,1.7440356,-0.30679851207417574
3,1,138325.98164342064,-0.5605,1.7437874,-0.3075771904971698
3,1,138330.98164420296,-0.5605,1.743711,-0.3083558683623174
3,1,138335.98164498527,-0.5605,1.7436155,-0.30913454895256615
3,1,138340.98164576758,-0.5605,1.7432338,-0.30991322322430864
3,1,138345.9816465499,-0.5605,1.7432146,-0.31069189765435445
3,1,138350.9816473322,-0.5605,1.7430428,-0.31147057249629817
3,1,138355.9816481145,-0.5605,1.7429473,-0.31224924762163214
3,1,138360.98164889682,-0.5605,1.7425274,-0.3130279220393663
3,1,138365.98164967913,-0.5605,1.7425083,-0.31380659564082475
3,1,138370.98165046144,-0.5605,1.7423365,-0.314585269536303
3,1,138375.98165124375,-0.5605,1.7420502,-0.31536394283679114
3,1,138380.98165202606,-0.5605,1.7420883,-0.31614261564079577
3,1,138385.98165280838,-0.5605,1.7417065,-0.3169212892507214
3,1,138390.9816535907,-0.5605,1.7415729,-0.31769996338778056
3,1,138395.981654373,-0.5605,1.7413056,-0.3184786378377674
3,1,138400.9816551553,-0.5605,1.7410766,-0.3192573108555739
3,1,138405.98165593762,-0.5605,1.7410957,-0.3200359878021841
3,1,138410.98165671993,-0.5605,1.7408284,-0.32081466782073165
3,1,138415.98165750224,-0.5605,1.7407329,-0.3215933470335568
3,1,138420.98165828455,-0.5605,1.740523,-0.32237202517760116
3,1,138425.98165906686,-0.5605,1.7404847,-0.32315070391366535
3,1,138430.98165984917,-0.5605,1.7401984,-0.32392938207482946
3,1,138435.98166063149,-0.5605,1.739912,-0.32470806173989825
3,1,138440.9816614138,-0.5605,1.7397975,-0.32548674112830545
3,1,138445.9816621961,-0.5605,1.7397403,-0.326265416839616
3,1,138450.98166297842,-0.5605,1.739473,-0.32704409005441587
3,1,138455.98166376073,-0.5605,1.7392629,-0.3278227648994226
3,1,138460.98166454304,-0.5605,1.7391676,-0.3286014401636056
3,1,138465.98166532535,-0.5605,1.7390147,-0.3293801165464188
3,1,138470.98166610766,-0.5605,1.7386521,-0.33015878999218995
3,1,138475.98166688997,-0.5605,1.7386903,-0.3309374647375808
3,1,138480.98166767228,-0.5605,1.7384039,-0.33171615072489435
3,1,138485.9816684546,-0.5605,1.738213,-0.3324948370413183
3,1,138490.98166923667,-0.5605,1.7380412,-0.33327351321481324
3,1,138495.98167001898,-0.5605,1.7378694,-0.3340521885222792
3,1,138500.9816708013,-0.5605,1.7376021,-0.3348308640966845
3,1,138505.9816715836,-0.5605,1.7375257,-0.3356095375713904
3,1,138510.98167236592,-0.5605,1.7372394,-0.33638821126868984
3,1,138515.98167314823,-0.5605,1.7370867,-0.33716688162410585
3,1,138520.98167393054,-0.5605,1.7368767,-0.337945552035229
3,1,138525.98167471285,-0.5605,1.7367812,-0.33872422721288264
3,1,138530.98167549516,-0.5605,1.736533,-0.3395029021522071
3,1,138535.98167627747,-0.5605,1.7363231,-0.3402815777646203
3,1,138540.98167705978,-0.5605,1.7360367,-0.34106025518960087
3,1,138545.9816778421,-0.5605,1.7359985,-0.3418389310614367
3,1,138550.9816786244,-0.5605,1.7357122,-0.3426176008478866
3,1,138555.98167940672,-0.5605,1.7355404,-0.3433962714426782
3,1,138560.98168018903,-0.5605,1.7353877,-0.34417494220024014
3,1,138565.98168097134,-0.5605,1.7351586,-0.34495361230450866
3,1,138570.98168175365,-0.5605,1.7350059,-0.34573228616703877
3,1,138575.98168253596,-0.5605,1.7347958,-0.34651095922126035
3,1,138580.98168331827,-0.5605,1.7347577,-0.3472896363290813
3,1,138585.98168410058,-0.5605,1.7344332,-0.3480683117841515
3,1,138590.9816848829,-0.5605,1.7342613,-0.3488469875703685
3,1,138595.9816856652,-0.5605,1.7340513,-0.34962566229574543
3,1,138600.9816864475,-0.5605,1.7339559,-0.35040433637726964
3,1,138605.98168722983,-0.5605,1.7336504,-0.351183010545512
3,1,138610.98168801214,-0.5605,1.733574,-0.3519616843861308
3,1,138615.98168879445,-0.5605,1.7332495,-0.3527403604858352
3,1,138620.98168957676,-0.5605,1.733154,-0.35351903678047325
3,1,138625.98169035907,-0.5605,1.7327722,-0.35429771642652813
3,1,138630.98169114138,-0.5605,1.7326195,-0.35507639473122354
3,1,138635.9816919237,-0.5605,1.732524,-0.35585507078800593
3,1,138640.981692706,-0.5605,1.7322377,-0.3566337476006249
3,1,138645.9816934883,-0.5605,1.7320278,-0.35741242201001105
3,1,138650.98169427062,-0.5605,1.7319132,-0.3581910977743532
3,1,138655.98169505293,-0.5605,1.7317414,-0.3589697756178014
3,1,138660.98169583525,-0.5605,1.7313023,-0.359748450503836
3,1,138665.98169661756,-0.5605,1.7311686,-0.36052712501881845
3,1,138670.98169739987,-0.5605,1.7310159,-0.3613058039722144
3,1,138675.98169818218,-0.5605,1.7309396,-0.36208448330407667
3,1,138680.9816989645,-0.5605,1.7307869,-0.3628631608714262
3,1,138685.9816997468,-0.5605,1.7304623,-0.3636418366787268
3,1,138690.9817005291,-0.5605,1.7302905,-0.36442051242247553
3,1,138695.98170131142,-0.5605,1.7300233,-0.3651991882237096
3,1,138700.98170209373,-0.5605,1.7299278,-0.36597786559758577
3,1,138705.98170287604,-0.5605,1.729546,-0.3667565409124493
3,1,138710.98170365836,-0.5605,1.7293742,-0.3675352173091835
3,1,138715.98170444067,-0.5605,1.7294123,-0.36831389423865074
3,1,138720.98170522298,-0.5605,1.7291069,-0.3690925704582863
3,1,138725.9817060053,-0.5605,1.7287633,-0.3698712479338811
3,1,138730.9817067876,-0.5605,1.728477,-0.3706499288173152
3,1,138735.9817075699,-0.5605,1.7283624,-0.37142861010610057
3,1,138740.98170835222,-0.5605,1.7280952,-0.3722072899165285
3,1,138745.98170913453,-0.5605,1.7279233,-0.3729859699929058
3,1,138750.98170991684,-0.5605,1.7278088,-0.37376465055175945
3,1,138755.98171069915,-0.5605,1.7274842,-0.374543330095546
3,1,138760.98171148147,-0.5605,1.7272743,-0.3753220100883278
3,1,138765.98171226378,-0.5605,1.726988,-0.3761006898234883
3,1,138770.9817130461,-0.5605,1.7267588,-0.37687936791364013
3,1,138775.9817138284,-0.5605,1.7266252,-0.37765804414634235
3,1,138780.9817146107,-0.5605,1.7264725,-0.3784367199483381
3,1,138785.98171539302,-0.5605,1.7262052,-0.3792153976339532
3,1,138790.98171617533,-0.5605,1.7260716,-0.37999407294096543
3,1,138795.98171695764,-0.5605,1.725747,-0.38077275029563895
3,1,138800.98171773995,-0.5605,1.725518,-0.38155142702478495
3,1,138805.98171852226,-0.5605,1.7253653,-0.3823301023611194
3,1,138810.98171930457,-0.5605,1.7252316,-0.38310878816212873
3,1,138815.9817200869,-0.5605,1.7250597,-0.38388747471611695
3,1,138820.9817208692,-0.5605,1.7247734,-0.3846661613962882
3,1,138825.9817216515,-0.5605,1.7245252,-0.3854448456859555
3,1,138830.98172243382,-0.5605,1.7242771,-0.3862235328077574
3,1,138835.98172321613,-0.5605,1.7240671,-0.38700221885589753
3,1,138840.98172399844,-0.5605,1.7238189,-0.38778090456419184
3,1,138845.98172478075,-0.5605,1.723609,-0.3885595896704925
3,1,138850.98172556306,-0.5605,1.7235135,-0.38933827666080323
3,1,138855.98172634537,-0.5605,1.723189,-0.3901169581398566
3,1,138860.98172712768,-0.5605,1.7229217,-0.39089563054911286
3,1,138865.98172791,-0.5605,1.7227689,-0.39167430419159255
3,1,138870.9817286923,-0.5605,1.7224635,-0.39245297594688655
3,1,138875.98172947462,-0.5605,1.7222917,-0.3932316488020022
3,1,138880.98173025693,-0.5605,1.7221962,-0.39401032283415055
3,1,138885.98173103924,-0.5605,1.7219671,-0.39478899475092677
3,1,138890.98173182155,-0.5605,1.7215471,-0.39556766734667276
3,1,138895.98173260386,-0.5605,1.7214135,-0.3963463383105098
3,1,138900.98173338617,-0.5605,1.7211654,-0.39712501247916937
3,1,138905.98173416848,-0.5605,1.7207072,-0.3979036873383819
3,1,138910.9817349508,-0.5605,1.720669,-0.3986823598153325
3,1,138915.9817357331,-0.5605,1.7203063,-0.39946103201297906
3,1,138920.98173651542,-0.5605,1.7200581,-0.4002397050926982
3,1,138925.98173729773,-0.5605,1.7198672,-0.4010183782387937
3,1,138930.98173808004,-0.5605,1.7197527,-0.4017970537664326
3,1,138935.98173886235,-0.5605,1.7195427,-0.4025757292355761
3,1,138940.98173964466,-0.5605,1.7191991,-0.4033544046708112
3,1,138945.98174042697,-0.5605,1.71897,-0.4041330821356606
3,1,138950.98174120928,-0.5605,1.71876,-0.4049117604562076
3,1,138955.9817419916,-0.5605,1.7183973,-0.4056904359403615
3,1,138960.9817427739,-0.5605,1.7181491,-0.4064691091377767
3,1,138965.9817435562,-0.5605,1.7180728,-0.4072477798100079
3,1,138970.98174433853,-0.5605,1.7177864,-0.408026452504744
3,1,138975.98174512084,-0.5605,1.7174237,-0.40880512568672156
3,1,138980.98174590315,-0.5605,1.7171564,-0.40958379752477664
3,1,138985.98174668546,-0.5605,1.71708,-0.4103624700636134
3,1,138990.98174746777,-0.5605,1.7167174,-0.4111411428344282
3,1,138995.98174825008,-0.5605,1.7165073,-0.4119198178644809
3,1,139000.9817490324,-0.5605,1.71624,-0.4126984958120253
3,1,139005.9817498147,-0.5605,1.7159537,-0.41347717000275847
3,1,139010.981750597,-0.5605,1.7156674,-0.41425584360570705
3,1,139015.98175137932,-0.5605,1.7155528,-0.4150345202190147
3,1,139020.98175216164,-0.5605,1.7153046,-0.4158131986783809
3,1,139025.98175294395,-0.5605,1.7149801,-0.4165918769164615
3,1,139030.98175372626,-0.5605,1.7146555,-0.4173705519757767
3,1,139035.98175450857,-0.5605,1.7144265,-0.418149227403293
3,1,139040.98175529088,-0.5605,1.7140447,-0.41892790154312715
3,1,139045.9817560732,-0.5605,1.7139875,-0.41970657809851564
3,1,139050.9817568555,-0.5605,1.7135866,-0.4204852566681206
3,1,139055.9817576378,-0.5605,1.713472,-0.4212639387805164
3,1,139060.98175842012,-0.5605,1.7131283,-0.42204261594346826
3,1,139065.98175920243,-0.5605,1.7128611,-0.4228212931115296
3,1,139070.98175998474,-0.5605,1.7126511,-0.4235999687329895
3,1,139075.98176076706,-0.5605,1.7122693,-0.42437864793688057
3,1,139080.98176154937,-0.5605,1.7120975,-0.42515732696458364
3,1,139085.98176233168,-0.5605,1.7117538,-0.4259360039910144
3,1,139090.98176311352,-0.5605,1.7116011,-0.42671467657337914
3,1,139095.98176389583,-0.5605,1.711353,-0.42749335206005634
3,1,139100.98176467814,-0.5605,1.710952,-0.42827203280349896
3,1,139105.98176546046,-0.5605,1.7107612,-0.4290507106610072
3,1,139110.98176624277,-0.5605,1.7105511,-0.42982938968934276
3,1,139115.98176702508,-0.5605,1.7102076,-0.43060806619019965
3,1,139120.9817678074,-0.5605,1.7098639,-0.43138674319921594
3,1,139125.9817685897,-0.5605,1.7095966,-0.4321654214831557
3,1,139130.981769372,-0.5605,1.7093675,-0.43294409882886864
3,1,139135.98177015432,-0.5605,1.7091576,-0.43372277365423895
3,1,139140.98177093663,-0.5605,1.7088712,-0.43450145206667967
3,1,139145.98177171894,-0.5605,1.7084894,-0.43528013126053067
3,1,139150.98177250125,-0.5605,1.7083367,-0.4360588122265437
3,1,139155.98177328357,-0.5605,1.7080121,-0.43683749093099755
3,1,139160.98177406588,-0.5605,1.707764,-0.4376161682243644
3,1,139165.9817748482,-0.5605,1.7076876,-0.4383948478635548
3,1,139170.9817756305,-0.5605,1.7072103,-0.43917352553219585
3,1,139175.9817764128,-0.5605,1.7068477,-0.43995220081320724
3,1,139180.98177719512,-0.5605,1.7065804,-0.4407308738524283
3,1,139185.98177797743,-0.5605,1.7063322,-0.4415095470233492
3,1,139190.98177875974,-0.5605,1.7061986,-0.442288218010442
3,1,139195.98177954205,-0.5605,1.7057977,-0.4430668887614275
3,1,139200.98178032436,-0.5605,1.7055304,-0.4438455598596664
3,1,139205.98178110668,-0.5605,1.7051868,-0.4446242323150898
3,1,139210.981781889,-0.5605,1.704805,-0.44540290439101704
3,1,139215.9817826713,-0.5605,1.7046331,-0.44618157770914485
3,1,139220.9817834536,-0.5605,1.7043468,-0.44696025231298786
3,1,139225.98178423592,-0.5605,1.7039841,-0.44773892901995427
3,1,139230.98178501823,-0.5605,1.703755,-0.44851760417207726
3,1,139235.98178580054,-0.5605,1.703335,-0.44929627974560504
3,1,139240.98178658285,-0.5605,1.7030869,-0.4500749544781974
3,1,139245.98178736516,-0.5605,1.702686,-0.4508536302169559
3,1,139250.98178814747,-0.5605,1.7025523,-0.45163231134270604
3,1,139255.98178892978,-0.5605,1.7021323,-0.4524109869950411
3,1,139260.9817897121,-0.5605,1.7018842,-0.4531896619698171
3,1,139265.9817904944,-0.5605,1.7017124,-0.45396834109184453
3,1,139270.98179127672,-0.5605,1.7013496,-0.454747017033537
3,1,139275.98179205903,-0.5605,1.7011205,-0.45552568996434384
3,1,139280.98179284134,-0.5605,1.7007005,-0.4563043663525645
3,1,139285.98179362365,-0.5605,1.7004142,-0.4570830448309379
3,1,139290.98179440596,-0.5605,1.7002043,-0.4578617198919155
3,1,139295.98179518827,-0.5605,1.6996697,-0.45864039234119963
3,1,139300.98179597058,-0.5605,1.6994025,-0.45941906479808337
3,1,139305.9817967529,-0.5605,1.6990588,-0.46019773820371407
3,1,139310.9817975352,-0.5605,1.6988298,-0.4609764103403553
3,1,139315.98179831752,-0.5605,1.6984861,-0.46175508148548317
3,1,139320.98179909983,-0.5605,1.6981807,-0.46253375302986616
3,1,139325.98179988214,-0.5605,1.6980088,-0.46331242563606284
3,1,139330.98180066445,-0.5605,1.6976843,-0.46409109971920964
3,1,139335.98180144676,-0.5605,1.6971879,-0.46486977367543497
3,1,139340.98180222907,-0.5605,1.6969206,-0.46564844832452124
3,1,139345.98180301138,-0.5605,1.6966534,-0.46642711991088903
3,1,139350.9818037937,-0.5605,1.696367,-0.4672057913827199
3,1,139355.981804576,-0.5605,1.6960235,-0.4679844660223522
3,1,139360.98180535831,-0.5605,1.6956798,-0.4687631415162151
3,1,139365.98180614063,-0.5605,1.6953553,-0.46954181688205715
3,1,139370.98180692294,-0.5605,1.6951452,-0.47032049585670216
3,1,139375.98180770525,-0.5605,1.694649,-0.4710991721791259
3,1,139380.98180848756,-0.5605,1.6942862,-0.4718778462700809
3,1,139385.98180926987,-0.5605,1.6939999,-0.4726565177542168
3,1,139390.98181005218,-0.5605,1.6936945,-0.4734351899244949
3,1,139395.9818108345,-0.5605,1.6932936,-0.4742138641169268
3,1,139400.9818116168,-0.5605,1.692988,-0.4749925365734429
3,1,139405.9818123991,-0.5605,1.6926063,-0.47577120904255554
3,1,139410.98181318142,-0.5605,1.6922245,-0.47654988463743175
3,1,139415.98181396374,-0.5605,1.6919954,-0.4773285573072928
3,1,139420.98181474605,-0.5605,1.6915563,-0.4781072307605046
3,1,139425.98181552836,-0.5605,1.6912317,-0.4788859014440574
3,1,139430.98181631067,-0.5605,1.6909072,-0.47966457555372827
3,1,139435.98181709298,-0.5605,1.6905828,-0.4804432515695888
3,1,139440.9818178753,-0.5605,1.6902581,-0.48122192750837717
3,1,139445.9818186576,-0.5605,1.6898763,-0.48200060432481084
3,1,139450.9818194399,-0.5605,1.6895328,-0.4827792761522662
3,1,139455.98182022222,-0.5605,1.6892655,-0.483557945978585
3,1,139460.98182100453,-0.5605,1.68875,-0.4843366174683767
3,1,139465.98182178685,-0.5605,1.6884828,-0.48511528683158067
3,1,139470.98182256916,-0.5605,1.68812,-0.4858939573306737
3,1,139475.98182335147,-0.5605,1.6878337,-0.4866726289830371
3,1,139480.98182413378,-0.5605,1.6874901,-0.48745130147054105
3,1,139485.9818249161,-0.5605,1.6871274,-0.48822997262487455
3,1,139490.9818256984,-0.5605,1.6866692,-0.48900864402279237
3,1,139495.9818264807,-0.5605,1.6863637,-0.4897873175653151
3,1,139500.98182726302,-0.5605,1.6861156,-0.4905659901337025
3,1,139505.98182804533,-0.5605,1.685791,-0.4913446621778903
3,1,139510.98182882764,-0.5605,1.6852183,-0.49212333341081915
3,1,139515.98182960995,-0.5605,1.6848938,-0.49290200249792115
3,1,139520.98183039227,-0.5605,1.6845883,-0.49368067062503407
3,1,139525.98183117458,-0.5605,1.6841683,-0.4944593397622868
3,1,139530.9818319569,-0.5605,1.6839201,-0.49523800762158277
3,1,139535.9818327392,-0.5605,1.683443,-0.4960166737084949
3,1,139540.9818335215,-0.5605,1.6829656,-0.49679534030867256
3,1,139545.98183430382,-0.5605,1.6825839,-0.49757400885160735
3,1,139550.98183508613,-0.5605,1.6823357,-0.4983526751708452
3,1,139555.98183586844,-0.5605,1.6818393,-0.49913134154596567
3,1,139560.98183665075,-0.5605,1.6816676,-0.49991001228607007
3,1,139565.98183743306,-0.5605,1.681133,-0.5006886839904816
3,1,139570.98183821538,-0.5605,1.6808084,-0.501467355901092
3,1,139575.9818389977,-0.5605,1.6803312,-0.5022460263600612
3,1,139580.98183978,-0.5605,1.6800067,-0.5030246970805888
3,1,139585.9818405623,-0.5605,1.6797203,-0.5038033644184634
3,1,139590.98184134462,-0.5605,1.679224,-0.5045820322091048
3,1,139595.98184212693,-0.5605,1.6788803,-0.5053607031143339
3,1,139600.98184290924,-0.5605,1.6785558,-0.5061393703966636
3,1,139605.98184369155,-0.5605,1.6780213,-0.5069180395775303
3,1,139610.98184447386,-0.5605,1.6777922,-0.5076967082552776
3,1,139615.98184525617,-0.5605,1.6772195,-0.5084753767185706
3,1,139620.98184603848,-0.5605,1.6767995,-0.5092540475133522
3,1,139625.9818468208,-0.5605,1.6764749,-0.5100327181665828
3,1,139630.9818476031,-0.5605,1.676074,-0.510811388509356
3,1,139635.98184838542,-0.5605,1.6756923,-0.5115900604757465
3,1,139640.98184916773,-0.5605,1.6752914,-0.5123687330086162
3,1,139645.98184995004,-0.5605,1.6748714,-0.5131474070048527
3,1,139650.98185073235,-0.5605,1.6744896,-0.5139260785219103
3,1,139655.98185151466,-0.5605,1.6740696,-0.5147047501097616
3,1,139660.98185229697,-0.5605,1.6737069,-0.5154834238393237
3,1,139665.98185307928,-0.5605,1.6733441,-0.5162620966180691
3,1,139670.9818538616,-0.5605,1.6729242,-0.5170407701674827
3,1,139675.9818546439,-0.5605,1.6724279,-0.5178194465620745
3,1,139680.98185542622,-0.5605,1.6719697,-0.5185981224403277
3,1,139685.98185620853,-0.5605,1.6714542,-0.5193767981855466
3,1,139690.98185699084,-0.5605,1.6710533,-0.520155470853699
3,1,139695.98185777315,-0.5605,1.6707288,-0.5209341433959332
3,1,139700.98185855546,-0.5605,1.6702707,-0.5217128170969016
3,1,139705.98185933777,-0.5605,1.6700034,-0.5224914922324446
3,1,139710.98186012008,-0.5605,1.6693162,-0.523270169396741
3,1,139715.9818609024,-0.5605,1.6688007,-0.5240488447263335
3,1,139720.9818616847,-0.5605,1.6685907,-0.524827520968089
3,1,139725.98186246702,-0.5605,1.6680752,-0.5256061976011126
3,1,139730.98186324933,-0.5605,1.667598,-0.5263848731014161
3,1,139735.98186403164,-0.5605,1.667407,-0.5271635460135138
3,1,139740.98186481395,-0.5605,1.6669108,-0.5279422190736892
3,1,139745.98186559626,-0.5605,1.6663762,-0.5287208916121419
3,1,139750.98186637857,-0.5605,1.6660899,-0.5294995691299433
3,1,139755.98186716088,-0.5605,1.6655935,-0.5302782470393076
3,1,139760.9818679432,-0.5605,1.6651545,-0.5310569253535132
3,1,139765.9818687255,-0.5605,1.6647536,-0.5318356016606716
3,1,139770.98186950758,-0.5605,1.6642572,-0.5326142825793883
3,1,139775.9818702899,-0.5605,1.6637036,-0.5333929663427897
3,1,139780.9818710722,-0.5605,1.6633217,-0.5341716487534537
3,1,139785.9818718545,-0.5605,1.6628255,-0.5349503312015627
3,1,139790.98187263682,-0.5605,1.6625963,-0.5357290114110206
3,1,139795.98187341914,-0.5605,1.6620427,-0.5365076914455819
3,1,139800.98187420145,-0.5605,1.6616037,-0.5372863729180621
3,1,139805.98187498376,-0.5605,1.6611073,-0.5380650526025753
3,1,139810.98187576607,-0.5605,1.6605918,-0.5388437325549154
3,1,139815.98187654838,-0.5605,1.6601146,-0.5396224141155509
3,1,139820.9818773307,-0.5605,1.659771,-0.5404010922246669
3,1,139825.981878113,-0.5605,1.6592555,-0.541179772472593
3,1,139830.9818788953,-0.5605,1.6588165,-0.5419584537106813
3,1,139835.98187967762,-0.5605,1.6581483,-0.5427371363410844
3,1,139840.98188045993,-0.5605,1.657881,-0.5435158202608255
3,1,139845.98188124225,-0.5605,1.6574229,-0.5442945008457926
3,1,139850.98188202456,-0.5605,1.657022,-0.5450731816996892
3,1,139855.98188280687,-0.5605,1.6566211,-0.5458518645260658
3,1,139860.98188358918,-0.5605,1.6560292,-0.5466305481667942
3,1,139865.9818843715,-0.5605,1.6556093,-0.5474092317184104
3,1,139870.9818851538,-0.5605,1.6549411,-0.5481879169502517
3,1,139875.9818859361,-0.5605,1.6544448,-0.5489665993790256
3,1,139880.98188671842,-0.5605,1.6538912,-0.5497452840483944
3,1,139885.98188750073,-0.5605,1.6535285,-0.5505239668004639
3,1,139890.98188828304,-0.5605,1.6531085,-0.5513026485995643
3,1,139895.98188906536,-0.5605,1.6525549,-0.552081330429305
3,1,139900.98188984767,-0.5605,1.6520013,-0.552860014570113
3,1,139905.98189062998,-0.5605,1.6516194,-0.553638697297185
3,1,139910.9818914123,-0.5605,1.6510085,-0.5544173762470311
3,1,139915.9818921946,-0.5605,1.6505504,-0.5551960535606701
3,1,139920.9818929769,-0.5605,1.6501113,-0.5559747323958999
3,1,139925.98189375922,-0.5605,1.6496722,-0.5567534114169835
3,1,139930.98189454153,-0.5605,1.6492522,-0.5575320916952847
3,1,139935.98189532384,-0.5605,1.6486413,-0.558310773758712
3,1,139940.98189610615,-0.5605,1.6482214,-0.5590894565707768
3,1,139945.98189688846,-0.5605,1.6475532,-0.5598681394135249
3,1,139950.98189767078,-0.5605,1.6470568,-0.5606468218286791
3,1,139955.9818984531,-0.5605,1.646446,-0.5614255072486127
3,1,139960.9818992354,-0.5605,1.6460642,-0.5622041947562819
3,1,139965.9819000177,-0.5605,1.6454532,-0.5629828838619317
3,1,139970.98190080002,-0.5605,1.6449378,-0.5637615722189637
3,1,139975.98190158233,-0.5605,1.644346,-0.5645402629878546
3,1,139980.98190236464,-0.5605,1.6438496,-0.5653189529352578
3,1,139985.98190314695,-0.5605,1.643296,-0.5660976447885228
3,1,139990.98190392926,-0.5605,1.6428951,-0.5668763333364718
3,1,139995.98190471157,-0.5605,1.6423415,-0.5676550194740818
3,1,140000.98190549389,-0.5605,1.6416924,-0.5684337068209475
3,1,140005.9819062762,-0.5605,1.6412343,-0.5692123935806843
3,1,140010.9819070585,-0.5605,1.6405852,-0.5699910812016221
3,1,140015.98190784082,-0.5605,1.6400889,-0.570769766354358
3,1,140020.98190862313,-0.5605,1.6395353,-0.5715484546884456
3,1,140025.98190940544,-0.5605,1.6389816,-0.5723271404795208
3,1,140030.98191018775,-0.5605,1.6385425,-0.573105827380514
3,1,140035.98191097006,-0.5605,1.6378934,-0.5738845146250948
3,1,140040.98191175237,-0.5605,1.6372062,-0.5746632024304859
3,1,140045.98191253468,-0.5605,1.6366335,-0.5754418922031315
3,1,140050.981913317,-0.5605,1.6361754,-0.5762205817457429
3,1,140055.9819140993,-0.5605,1.6355835,-0.5769992731582249
3,1,140060.98191488162,-0.5605,1.6348772,-0.5777779655704357
3,1,140065.98191566393,-0.5605,1.6344572,-0.5785566600694283
3,1,140070.98191644624,-0.5605,1.6338464,-0.5793353558778125
3,1,140075.98191722855,-0.5605,1.6333882,-0.5801140492259288
3,1,140080.98191801086,-0.5605,1.6328536,-0.5808927419193345
3,1,140085.98191879317,-0.5605,1.6322237,-0.5816714350086044
3,1,140090.98191957548,-0.5605,1.6315746,-0.5824501282405645
3,1,140095.9819203578,-0.5605,1.631021,-0.5832288193004121
3,1,140100.9819211401,-0.5605,1.6304482,-0.5840075121527933
3,1,140105.98192192242,-0.5605,1.6298183,-0.5847862039852761
3,1,140110.98192270473,-0.5605,1.6293219,-0.5855648959682209
3,1,140115.98192348704,-0.5605,1.6286538,-0.5863435876619706
3,1,140120.98192426935,-0.5605,1.6279665,-0.5871222789003773
3,1,140125.98192505166,-0.5605,1.6275275,-0.5879009713080118
3,1,140130.98192583397,-0.5605,1.6267638,-0.5886796634608961
3,1,140135.98192661628,-0.5605,1.6260957,-0.5894583586567929
3,1,140140.9819273986,-0.5605,1.625523,-0.5902370548730151
3,1,140145.9819281809,-0.5605,1.6250266,-0.5910157534741683
3,1,140150.9819289632,-0.5605,1.6241866,-0.5917944538588481
3,1,140155.98192974553,-0.5605,1.6235567,-0.5925731538129572
3,1,140160.98193052784,-0.5605,1.623003,-0.5933518533333663
3,1,140165.98193131015,-0.5605,1.6225067,-0.5941305551721576
3,1,140170.98193209246,-0.5605,1.6218958,-0.5949092562608675
3,1,140175.98193287477,-0.5605,1.6210749,-0.5956879560797668
3,1,140180.98193365708,-0.5605,1.6206168,-0.5964666539920359
3,1,140185.9819344394,-0.5605,1.6198913,-0.5972453501319841
3,1,140190.9819352217,-0.5605,1.619376,-0.5980240454819225
3,1,140195.981936004,-0.5605,1.6185551,-0.5988027416360797
3,1,140200.98193678632,-0.5605,1.6180013,-0.5995814367231483
3,1,140205.98193756863,-0.5605,1.617276,-0.6003601332519871
3,1,140210.98193835095,-0.5605,1.6166269,-0.6011388328633462
3,1,140215.98193913326,-0.5605,1.6160542,-0.6019175306736385
3,1,140220.98193991557,-0.5605,1.6152714,-0.6026962292193395
3,1,140225.98194069788,-0.5605,1.6147752,-0.6034749264722687
3,1,140230.9819414802,-0.5605,1.6139543,-0.6042536233484933
3,1,140235.9819422625,-0.5605,1.6135342,-0.605032319147036
3,1,140240.9819430448,-0.5605,1.6127707,-0.6058110156828352
3,1,140245.98194382712,-0.5605,1.611988,-0.6065897123459202
3,1,140250.98194460943,-0.5605,1.6112626,-0.6073684079522678
3,1,140255.98194539174,-0.5605,1.610537,-0.6081471047598873
3,1,140260.98194617406,-0.5605,1.6097735,-0.6089258052086951
3,1,140265.98194695637,-0.5605,1.6092962,-0.6097045026553163
3,1,140270.98194773868,-0.5605,1.6083608,-0.6104831987010098
3,1,140275.981948521,-0.5605,1.6078072,-0.6112618987765898
3,1,140280.9819493033,-0.5605,1.6071008,-0.6120405977658453
3,1,140285.9819500856,-0.5605,1.6064899,-0.6128192972092618
3,1,140290.98195086792,-0.5605,1.6056118,-0.6135979936416436
3,1,140295.98195165023,-0.5605,1.6050773,-0.6143766911493728
3,1,140300.98195243254,-0.5605,1.60439,-0.6151553894642514
3,1,140305.98195321485,-0.5605,1.6034737,-0.6159340883851305
3,1,140310.98195399716,-0.5605,1.60292,-0.616712787533259
3,1,140315.98195477948,-0.5605,1.6021947,-0.6174914868870003
3,1,140320.9819555618,-0.5605,1.6013165,-0.6182701848812688
3,1,140325.9819563441,-0.5605,1.6006292,-0.6190488866650153
3,1,140330.9819571264,-0.5605,1.599942,-0.6198275871839215
3,1,140335.98195790872,-0.5605,1.5992357,-0.6206062911929644
3,1,140340.98195869103,-0.5605,1.5984148,-0.6213849921631605
3,1,140345.98195947334,-0.5605,1.5975939,-0.622163691856072
3,1,140350.98196025565,-0.5605,1.5968493,-0.6229423908240388
3,1,140355.98196103796,-0.5605,1.5960858,-0.623721089455587
3,1,140360.98196182027,-0.5605,1.595303,-0.6244997911946996
3,1,140365.98196260212,-0.5605,1.5945013,-0.6252784920701838
3,1,140370.98196338443,-0.5605,1.5937759,-0.6260571911561115
3,1,140375.98196416674,-0.5605,1.5930122,-0.6268358916971176
3,1,140380.98196494905,-0.5605,1.5921532,-0.6276145932001129
3,1,140385.98196573136,-0.5605,1.591485,-0.6283932933242674
3,1,140390.98196651367,-0.5605,1.5907023,-0.6291719935041357
3,1,140395.981967296,-0.5605,1.5899196,-0.6299506980450672
3,1,140400.9819680783,-0.5605,1.5891178,-0.6307293976100241
3,1,140405.9819688606,-0.5605,1.588316,-0.6315080979254565
3,1,140410.98196964292,-0.5605,1.5874188,-0.6322867975273816
3,1,140415.98197042523,-0.5605,1.586617,-0.6330655014645247
3,1,140420.98197120754,-0.5605,1.5859679,-0.6338442039100417
3,1,140425.98197198985,-0.5605,1.5850706,-0.634622906246363
3,1,140430.98197277216,-0.5605,1.5842497,-0.6354016079352222
3,1,140435.98197355447,-0.5605,1.5831807,-0.6361803111490795
3,1,140440.98197433678,-0.5605,1.5824553,-0.6369590157312044
3,1,140445.9819751191,-0.5605,1.5816725,-0.637737721910406
3,1,140450.9819759014,-0.5605,1.5806608,-0.6385164255343498
3,1,140455.98197668372,-0.5605,1.5800117,-0.6392951271525907
3,1,140460.98197746603,-0.5605,1.5790572,-0.6400738310242581
3,1,140465.98197824834,-0.5605,1.5783317,-0.6408525330344956
3,1,140470.98197903065,-0.5605,1.5774536,-0.6416312368469789
3,1,140475.98197981296,-0.5605,1.5765373,-0.6424099390550243
3,1,140480.98198059527,-0.5605,1.5756209,-0.643188640929946
3,1,140485.98198137758,-0.5605,1.5746664,-0.6439673412357655
3,1,140490.9819821599,-0.5605,1.5739028,-0.6447460395284513
3,1,140495.9819829422,-0.5605,1.5727956,-0.6455247366919107
3,1,140500.98198372452,-0.5605,1.5720701,-0.6463034366413242
3,1,140505.98198450683,-0.5605,1.5710965,-0.6470821344103137
3,1,140510.98198528914,-0.5605,1.5702375,-0.6478608332789593
3,1,140515.98198607145,-0.5605,1.5692447,-0.648639532877126
3,1,140520.98198685376,-0.5605,1.5684048,-0.6494182320298473
3,1,140525.98198763607,-0.5605,1.5674503,-0.6501969299424509
3,1,140530.98198841838,-0.5605,1.5664958,-0.6509756269003703
3,1,140535.9819892007,-0.5605,1.5655985,-0.6517543268245909
3,1,140540.981989983,-0.5605,1.564434,-0.6525330293330637
3,1,140545.9819907653,-0.5605,1.5636132,-0.6533117307159855
3,1,140550.98199154763,-0.5605,1.5626968,-0.6540904333647609
3,1,140555.98199232994,-0.5605,1.5617423,-0.6548691346298179
3,1,140560.98199311225,-0.5605,1.5608833,-0.6556478344838077
3,1,140565.98199389456,-0.5605,1.5596806,-0.6564265354208205
3,1,140570.98199467687,-0.5605,1.5585542,-0.6572052371678274
3,1,140575.98199545918,-0.5605,1.5578288,-0.6579839374720442
3,1,140580.9819962415,-0.5605,1.556607,-0.6587626391721388
3,1,140585.9819970238,-0.5605,1.555767,-0.6595413415375472
3,1,140590.9819978061,-0.5605,1.5546598,-0.660320040843363
3,1,140595.98199858842,-0.5605,1.5537626,-0.6610987406692327
3,1,140600.98199937074,-0.5605,1.5527126,-0.661877442212183
3,1,140605.98200015305,-0.5605,1.551758,-0.6626561438995489
3,1,140610.98200093536,-0.5605,1.5506508,-0.66343484896519
3,1,140615.98200171767,-0.5605,1.5496199,-0.6642135544318049
3,1,140620.98200249998,-0.5605,1.5484555,-0.6649922540001559
3,1,140625.9820032823,-0.5605,1.54731,-0.6657709542408541
3,1,140630.9820040646,-0.5605,1.5462219,-0.6665496573241342
3,1,140635.9820048469,-0.5605,1.5453055,-0.6673283577159003
3,1,140640.98200562922,-0.5605,1.544141,-0.6681070595193428
3,1,140645.98200641153,-0.5605,1.5429574,-0.6688857576375196
3,1,140650.98200719384,-0.5605,1.5418121,-0.6696644538734081
3,1,140655.98200797616,-0.5605,1.5408576,-0.6704431514180491
3,1,140660.98200875847,-0.5605,1.5396358,-0.6712218526260014
3,1,140665.98200954078,-0.5605,1.5384712,-0.6720005532883395
3,1,140670.9820103231,-0.5605,1.5374595,-0.6727792531822248
3,1,140675.9820111054,-0.5605,1.5361995,-0.6735579533283204
3,1,140680.9820118877,-0.5605,1.5349967,-0.6743366511821406
3,1,140685.98201267002,-0.5605,1.5338323,-0.675115349878234
3,1,140690.98201345233,-0.5605,1.5327442,-0.6758940470906551
3,1,140695.98201423464,-0.5605,1.5315796,-0.6766727464964578
3,1,140700.98201501695,-0.5605,1.530396,-0.6774514460960219
3,1,140705.98201579927,-0.5605,1.5293078,-0.6782301442032347
3,1,140710.98201658158,-0.5605,1.5278571,-0.6790088429031693
3,1,140715.9820173639,-0.5605,1.5266544,-0.6797875406586021
3,1,140720.9820181462,-0.5605,1.525318,-0.6805662348386503
3,1,140725.9820189285,-0.5605,1.5243062,-0.6813449292586303
3,1,140730.98201971082,-0.5605,1.5229698,-0.6821236265546703
3,1,140735.98202049313,-0.5605,1.5216908,-0.6829023267621421
3,1,140740.98202127544,-0.5605,1.5205455,-0.6836810267287748
3,1,140745.98202205775,-0.5605,1.5192473,-0.6844597262103482
3,1,140750.98202284006,-0.5605,1.51793,-0.6852384267805673
3,1,140755.98202362237,-0.5605,1.5167847,-0.6860171271737209
3,1,140760.9820244047,-0.5605,1.5154102,-0.6867958266679437
3,1,140765.982025187,-0.5605,1.5141501,-0.6875745258966178
3,1,140770.9820259693,-0.5605,1.5127757,-0.6883532272934905
3,1,140775.98202675162,-0.5605,1.511573,-0.6891319331554331
3,1,140780.98202753393,-0.5605,1.5100839,-0.6899106378391044
3,1,140785.98202831624,-0.5605,1.5088431,-0.6906893429982156
3,1,140790.98202909855,-0.5605,1.5074495,-0.6914680482593599
3,1,140795.98202988086,-0.5605,1.5059223,-0.6922467518999335
3,1,140800.98203066317,-0.5605,1.5046813,-0.6930254538059125
3,1,140805.98203144548,-0.5605,1.5032496,-0.6938041546498659
3,1,140810.9820322278,-0.5605,1.5019515,-0.6945828561360594
3,1,140815.9820330101,-0.5605,1.5003288,-0.695361557288298
3,1,140820.98203379242,-0.5605,1.4990689,-0.6961402594321128
3,1,140825.98203457473,-0.5605,1.497618,-0.6969189612675464
3,1,140830.98203535704,-0.5605,1.4961098,-0.6976976643011724
3,1,140835.98203613935,-0.5605,1.4946972,-0.6984763662278276
3,1,140840.98203692166,-0.5605,1.4932463,-0.6992550677939774
3,1,140845.98203770397,-0.5605,1.4918336,-0.7000337720179579
3,1,140850.98203848628,-0.5605,1.4902873,-0.7008124727643882
3,1,140855.9820392686,-0.5605,1.4888555,-0.7015911755016037
3,1,140860.9820400509,-0.5605,1.4873092,-0.7023698796303227
3,1,140865.98204083322,-0.5605,1.485782,-0.7031485836714594
3,1,140870.98204161553,-0.5605,1.4842547,-0.7039272894994307
3,1,140875.98204239784,-0.5605,1.4827085,-0.7047059996092772
3,1,140880.98204318015,-0.5605,1.4810286,-0.7054847104478368
3,1,140885.98204396246,-0.5605,1.479444,-0.7062634188242642
3,1,140890.98204474477,-0.5605,1.4780122,-0.7070421263107083
3,1,140895.98204552708,-0.5605,1.4763705,-0.7078208304246421
3,1,140900.9820463094,-0.5605,1.4747096,-0.7085995351693983
3,1,140905.9820470917,-0.5605,1.4730297,-0.7093782411202214
3,1,140910.98204787401,-0.5605,1.4713688,-0.7101569467409441
3,1,140915.98204865633,-0.5605,1.4698416,-0.710935651245424
3,1,140920.98204943864,-0.5605,1.4682761,-0.7117143556521291
3,1,140925.98205022095,-0.5605,1.4665772,-0.7124930591547908
3,1,140930.98205100326,-0.5605,1.4648209,-0.7132717621355177
3,1,140935.98205178557,-0.5605,1.4631027,-0.7140504658729256
3,1,140940.98205256788,-0.5605,1.4612318,-0.7148291680761464
3,1,140945.9820533502,-0.5605,1.4596092,-0.7156078695370873
3,1,140950.9820541325,-0.5605,1.4579483,-0.7163865725891743
3,1,140955.9820549148,-0.5605,1.4559821,-0.71716527737872
3,1,140960.98205569712,-0.5605,1.4543976,-0.7179439810239892
3,1,140965.98205647944,-0.5605,1.452393,-0.7187226855650697
3,1,140970.98205726175,-0.5605,1.4506177,-0.7195013902898881
3,1,140975.98205804406,-0.5605,1.4488423,-0.7202800961229324
3,1,140980.98205882637,-0.5605,1.4469142,-0.7210588013650795
3,1,140985.98205960868,-0.5605,1.4451388,-0.7218375049480253
3,1,140990.982060391,-0.5605,1.4432106,-0.7226162103512308
3,1,140995.9820611733,-0.5605,1.4412825,-0.7233949146029076
3,1,141000.9820619556,-0.5605,1.439278,-0.7241736169895584
3,1,141005.98206273792,-0.5605,1.4374835,-0.7249523183485754
3,1,141010.98206352023,-0.5605,1.4354218,-0.7257310199229772
3,1,141015.98206430255,-0.5605,1.4333982,-0.7265097219558313
3,1,141020.98206508486,-0.5605,1.4316992,-0.727288424944797
3,1,141025.98206586717,-0.5605,1.4295802,-0.7280671293041628
3,1,141030.98206664948,-0.5605,1.4276329,-0.7288458333502565
3,1,141035.9820674318,-0.5605,1.4254757,-0.7296245342912199
3,1,141040.9820682141,-0.5605,1.4234712,-0.7304032370030371
3,1,141045.98206899618,-0.5605,1.4213713,-0.7311819412441573
3,1,141050.9820697785,-0.5605,1.4193478,-0.7319606480582245
3,1,141055.9820705608,-0.5605,1.4172287,-0.7327393554839744
3,1,141060.9820713431,-0.5605,1.4151098,-0.7335180624841836
3,1,141065.98207212542,-0.5605,1.4129716,-0.7342967689539182
3,1,141070.98207290773,-0.5605,1.4108144,-0.7350754754264276
3,1,141075.98207369004,-0.5605,1.4087527,-0.7358541834196932
3,1,141080.98207447235,-0.5605,1.4063663,-0.7366328913808419
3,1,141085.98207525467,-0.5605,1.4042091,-0.7374115990977208
3,1,141090.98207603698,-0.5605,1.4019183,-0.7381903055895223
3,1,141095.9820768193,-0.5605,1.3998375,-0.7389690130710556
3,1,141100.9820776016,-0.5605,1.3975085,-0.7397477213450856
3,1,141105.9820783839,-0.5605,1.3951603,-0.7405264320040366
3,1,141110.98207916622,-0.5605,1.3929268,-0.741305140321376
3,1,141115.98207994853,-0.5605,1.3905978,-0.7420838464624074
3,1,141120.98208073084,-0.5605,1.3881351,-0.7428625500049181
3,1,141125.98208151315,-0.5605,1.3858825,-0.7436412498203934
3,1,141130.98208229546,-0.5605,1.3834771,-0.7444199538142702
3,1,141135.98208307778,-0.5605,1.3811672,-0.7451986580490424
3,1,141140.9820838601,-0.5605,1.3784754,-0.7459773616196401
3,1,141145.9820846424,-0.5605,1.3760319,-0.7467560658951158
3,1,141150.9820854247,-0.5605,1.3736074,-0.7475347702500941
3,1,141155.98208620702,-0.5605,1.3711638,-0.7483134760782078
3,1,141160.98208698933,-0.5605,1.3686821,-0.7490921817246465
3,1,141165.98208777164,-0.5605,1.3662767,-0.7498708857196988
3,1,141170.98208855395,-0.5605,1.3635278,-0.7506495914179406
3,1,141175.98208933626,-0.5605,1.361065,-0.7514282943325594
3,1,141180.98209011857,-0.5605,1.358507,-0.7522069954910896
3,1,141185.98209090088,-0.5605,1.3558153,-0.7529857046622888
3,1,141190.9820916832,-0.5605,1.3531808,-0.7537644103488381
3,1,141195.9820924655,-0.5605,1.3506417,-0.7545431166622097
3,1,141200.98209324782,-0.5605,1.3479501,-0.7553218240198978
3,1,141205.98209403013,-0.5605,1.3452393,-0.7561005294072848
3,1,141210.98209481244,-0.5605,1.342433,-0.7568792291700696
3,1,141215.98209559475,-0.5605,1.3397603,-0.7576579284924256
3,1,141220.98209637706,-0.5605,1.3370686,-0.758436630162559
3,1,141225.98209715937,-0.5605,1.3340523,-0.7592153431318192
3,1,141230.98209794168,-0.5605,1.3312079,-0.7599940599152202
3,1,141235.982098724,-0.5605,1.3283061,-0.7607727649154353
3,1,141240.9820995063,-0.5605,1.3254999,-0.761551469063261
3,1,141245.98210028862,-0.5605,1.3225027,-0.7623301720774228
3,1,141250.98210107093,-0.5605,1.3196774,-0.7631088748943298
3,1,141255.98210185324,-0.5605,1.316661,-0.7638875764583173
3,1,141260.98210263555,-0.5605,1.3135493,-0.7646662806623932
3,1,141265.98210341786,-0.5605,1.3106285,-0.7654449844130664
3,1,141270.98210420017,-0.5605,1.3075168,-0.7662236866311023
3,1,141275.98210498248,-0.5605,1.3045197,-0.7670023900972528
3,1,141280.9821057648,-0.5605,1.3014842,-0.7677810927432666
3,1,141285.9821065471,-0.5605,1.2983153,-0.7685597949657529
3,1,141290.98210732942,-0.5605,1.2952226,-0.7693385002730478
3,1,141295.98210811173,-0.5605,1.2919964,-0.7701172037132074
3,1,141300.98210889404,-0.5605,1.2889037,-0.7708959069663044
3,1,141305.98210967635,-0.5605,1.2857348,-0.77167460990653
3,1,141310.98211045866,-0.5605,1.2824513,-0.772453312647537
3,1,141315.98211124097,-0.5605,1.2793205,-0.7732320131894604
3,1,141320.98211202328,-0.5605,1.2759606,-0.774010713884836
3,1,141325.9821128056,-0.5605,1.2727152,-0.7747894172451154
3,1,141330.9821135879,-0.5605,1.2694317,-0.7755681189601179
3,1,141335.9821143702,-0.5605,1.2662627,-0.7763468198123067
3,1,141340.98211515252,-0.5605,1.2628074,-0.7771255201306597
3,1,141345.98211593484,-0.5605,1.2593901,-0.7779042225604841
3,1,141350.98211671715,-0.5605,1.2560875,-0.7786829277457716
3,1,141355.98211749946,-0.5605,1.2526321,-0.7794616330310128
3,1,141360.98211828177,-0.5605,1.2492914,-0.7802403386206384
3,1,141365.98211906408,-0.5605,1.245836,-0.781019044845507
3,1,141370.9821198464,-0.5605,1.2423807,-0.7817977493650934
3,1,141375.9821206287,-0.5605,1.2391354,-0.7825764502708734
3,1,141380.982121411,-0.5605,1.2356037,-0.7833551525313411
3,1,141385.98212219332,-0.5605,1.2319956,-0.784133857411241
3,1,141390.98212297563,-0.5605,1.228502,-0.7849125614772957
3,1,141395.98212375795,-0.5605,1.2249703,-0.7856912658564801
3,1,141400.98212454026,-0.5605,1.2213432,-0.7864699702804541
3,1,141405.98212532257,-0.5605,1.2177542,-0.7872486753552875
3,1,141410.98212610488,-0.5605,1.2144516,-0.7880273794752579
3,1,141415.9821268872,-0.5605,1.2109581,-0.7888060837311501
3,1,141420.9821276695,-0.5605,1.20735,-0.7895847876449316
3,1,141425.9821284518,-0.5605,1.2037419,-0.790363491477293
3,1,141430.98212923412,-0.5605,1.2002676,-0.7911421954070981
3,1,141431.23532927322,-0.5605,1.1999048,-0.7911816291126035
3,1,141431.23552927317,-0.5605,1.1999812,-0.791181660261461
3,2,141431.2363292731,0.5605,1.2413245,6.186038917965359e-08
3,2,141436.2363300554,0.5605,1.3275235,0.0007783190074993505
3,2,141441.2363308377,0.5605,1.3593851,0.0015565800717340576
3,2,141446.23633162002,0.5605,1.3850043,0.002334840057773723
3,2,141451.23633240233,0.5605,1.4074354,0.003113103927148713
3,2,141456.23633318464,0.5605,1.4279002,0.003891372632149193
3,2,141461.23633396695,0.5605,1.4468187,0.004669639013710949
3,2,141466.23633474926,0.5605,1.4649926,0.0054479059655865025
3,2,141471.23633553158,0.5605,1.4820976,0.006226172077347834
3,2,141476.2363363139,0.5605,1.4986298,0.007004435369349187
3,2,141481.2363370962,0.5605,1.514551,0.007782697817769315
3,2,141486.2363378785,0.5605,1.530186,0.008560964501811397
3,2,141491.23633866082,0.5605,1.545191,0.00933922980994317
3,2,141496.23633944313,0.5605,1.5600241,0.01011749480333593
3,2,141501.23634022544,0.5605,1.5743419,0.010895760878384113
3,2,141506.23634100775,0.5605,1.5888505,0.01167402543803056
3,2,141511.23634179006,0.5605,1.6026719,0.012452290147774749
3,2,141516.23634257237,0.5605,1.6166459,0.01323055496411191
3,2,141521.23634335469,0.5605,1.6302574,0.014008818402614857
3,2,141526.236344137,0.5605,1.6433343,0.01478708481072386
3,2,141531.2363449193,0.5605,1.6567165,0.015565350321696864
3,2,141536.23634570162,0.5605,1.6698124,0.016343619004272752
3,2,141541.23634648393,0.5605,1.6827557,0.017121887058953445
3,2,141546.23634726624,0.5605,1.6953362,0.01790015557321244
3,2,141551.23634804855,0.5605,1.7081649,0.0186784260512756
3,2,141556.23634883086,0.5605,1.7204973,0.01945669794114431
3,2,141561.23634961317,0.5605,1.7329632,0.020234967137780457
3,2,141566.23635039548,0.5605,1.7452955,0.02101323498094082
3,2,141571.2363511778,0.5605,1.757246,0.021791500696520014
3,2,141576.2363519601,0.5605,1.7691965,0.022569766483224105
3,2,141581.23635274242,0.5605,1.7807462,0.023348032634288078
3,2,141586.23635352473,0.5605,1.7922386,0.0241262982521587
3,2,141591.23635430704,0.5605,1.8036927,0.024904564434498556
3,2,141596.23635508935,0.5605,1.8148987,0.025682831056730623
3,2,141601.23635587166,0.5605,1.8259711,0.026461094450672476
3,2,141606.23635665397,0.5605,1.836738,0.027239354412847104
3,2,141611.23635743628,0.5605,1.8473523,0.028017615655604344
3,2,141616.2363582186,0.5605,1.8578328,0.028795877938250707
3,2,141621.2363590009,0.5605,1.8680462,0.029574142103453483
3,2,141626.23635978322,0.5605,1.8778585,0.030352407258828488
3,2,141631.23636056553,0.5605,1.8874991,0.031130671341104647
3,2,141636.23636134784,0.5605,1.8971206,0.03190893735407128
3,2,141641.23636213015,0.5605,1.9062076,0.032687202684634264
3,2,141646.236362912,0.5605,1.9150655,0.033465468748092655
3,2,141651.2363636943,0.5605,1.9238852,0.034243733511911505
3,2,141656.23636447662,0.5605,1.9322468,0.035021997916751445
3,2,141661.23636525893,0.5605,1.9404747,0.03580026195206246
3,2,141666.23636604124,0.5605,1.9484926,0.0365785264460875
3,2,141671.23636682355,0.5605,1.9560524,0.037356791004899484
3,2,141676.23636760586,0.5605,1.9634786,0.038135054970194905
3,2,141681.23636838817,0.5605,1.9706373,0.038913320946084136
3,2,141686.23636917048,0.5605,1.9777962,0.03969158701430427
3,2,141691.2363699528,0.5605,1.984516,0.040469853808128176
3,2,141696.2363707351,0.5605,1.9910449,0.04124812320518825
3,2,141701.2363715174,0.5605,1.997402,0.04202639149250918
3,2,141706.23637229973,0.5605,2.0034728,0.04280466018133031
3,2,141711.23637308204,0.5605,2.0092952,0.04358292882109682
3,2,141716.23637386435,0.5605,2.0152323,0.04436119501931138
3,2,141721.23637464666,0.5605,2.0207496,0.04513946209715142
3,2,141726.23637542897,0.5605,2.0261137,0.045917729448798635
3,2,141731.23637621128,0.5605,2.0313065,0.04669599719519086
3,2,141736.2363769936,0.5605,2.0363271,0.04747426446687182
3,2,141741.2363777759,0.5605,2.0412905,0.04825253419603242
3,2,141746.2363785582,0.5605,2.0459678,0.04903080520950755
3,2,141751.23637934052,0.5605,2.0505877,0.04980907624638743
3,2,141756.23638012283,0.5605,2.0551312,0.050587347515887685
3,2,141761.23638090515,0.5605,2.05935,0.051365617266933124
3,2,141766.23638168746,0.5605,2.0636644,0.05214388976316982
3,2,141771.23638246977,0.5605,2.0675397,0.05292216121122903
3,2,141776.23638325208,0.5605,2.071625,0.0537004312101172
3,2,141781.2363840344,0.5605,2.0754623,0.05447870207382573
3,2,141786.2363848167,0.5605,2.0791466,0.055256974033683535
3,2,141791.236385599,0.5605,2.0828311,0.05603524365347955
3,2,141796.23638638132,0.5605,2.0864964,0.056813514355983995
3,2,141801.23638716363,0.5605,2.0899518,0.057591786706447594
3,2,141806.23638794594,0.5605,2.0932353,0.058370058776689895
3,2,141811.23638872826,0.5605,2.0965188,0.05914833094460434
3,2,141816.23638951057,0.5605,2.099707,0.05992660192952222
3,2,141821.23639029288,0.5605,2.1027231,0.060704869871864714
3,2,141826.2363910752,0.5605,2.1057012,0.06148313746504651
3,2,141831.2363918575,0.5605,2.1086411,0.062261404377073046
3,2,141836.2363926398,0.5605,2.1116383,0.0630396725513339
3,2,141841.23639342212,0.5605,2.1142728,0.06381793928251
3,2,141846.23639420443,0.5605,2.1170218,0.06459620465068684
3,2,141851.23639498674,0.5605,2.1196754,0.06537447116337881
3,2,141856.23639576905,0.5605,2.122329,0.06615273903461959
3,2,141861.23639655137,0.5605,2.1248107,0.06693100485169555
3,2,141866.23639733368,0.5605,2.1273687,0.0677092753925489
3,2,141871.236398116,0.5605,2.1296978,0.06848754557089341
3,2,141876.2363988983,0.5605,2.132065,0.0692658172347413
3,2,141881.2363996806,0.5605,2.134432,0.07004408794827924
3,2,141886.23640046292,0.5605,2.1366084,0.07082235719016525
3,2,141891.23640124523,0.5605,2.1390328,0.07160062915004292
3,2,141896.23640202754,0.5605,2.1410184,0.07237890127853551
3,2,141901.23640280985,0.5605,2.1430228,0.07315717533426482
3,2,141906.23640359216,0.5605,2.1450465,0.07393544787899982
3,2,141911.23640437447,0.5605,2.147108,0.07471372194324596
3,2,141916.2364051568,0.5605,2.1491127,0.07549199757288559
3,2,141921.2364059391,0.5605,2.1510217,0.07627027414514949
3,2,141926.2364067214,0.5605,2.153026,0.07704855136318337
3,2,141931.23640750372,0.5605,2.154687,0.07782682482610474
3,2,141936.23640828603,0.5605,2.1566534,0.07860509881746104
3,2,141941.23640906834,0.5605,2.1584477,0.07938337064041029
3,2,141946.23640985065,0.5605,2.1601467,0.08016164413651822
3,2,141951.23641063296,0.5605,2.1619604,0.08093991841586097
3,2,141956.23641141527,0.5605,2.1635067,0.08171818987853657
3,2,141961.23641219758,0.5605,2.1652248,0.08249646251151957
3,2,141966.2364129799,0.5605,2.1668093,0.0832747361433572
3,2,141971.2364137622,0.5605,2.168451,0.08405301305208933
3,2,141976.23641454452,0.5605,2.1699784,0.08483129082448282
3,2,141981.23641532683,0.5605,2.171582,0.0856095652020474
3,2,141986.23641610914,0.5605,2.173071,0.08638784056826099
3,2,141991.23641689145,0.5605,2.1746364,0.08716611672145788
3,2,141996.23641767376,0.5605,2.1759918,0.08794439661642907
3,2,142001.23641845607,0.5605,2.1775,0.08872267542929117
3,2,142006.23641923838,0.5605,2.1788554,0.08950095111034974
3,2,142011.2364200207,0.5605,2.1801343,0.09027923161726194
3,2,142016.236420803,0.5605,2.1815662,0.09105750922463335
3,2,142021.23642158532,0.5605,2.182807,0.09183578662481902
3,2,142026.23642236786,0.5605,2.1842387,0.09261406048234301
3,2,142031.23642315017,0.5605,2.185575,0.09339233747235931
3,2,142036.23642393248,0.5605,2.186816,0.09417061373845402
3,2,142041.2364247148,0.5605,2.1881714,0.09494888521311347
3,2,142046.2364254971,0.5605,2.189374,0.09572716391704808
3,2,142051.2364262794,0.5605,2.1906912,0.0965054401530027
3,2,142056.23642706173,0.5605,2.1917794,0.09728371917040146
3,2,142061.23642784404,0.5605,2.1929631,0.0980619956691629
3,2,142066.23642862635,0.5605,2.1941657,0.09884027448412111
3,2,142071.23642940866,0.5605,2.1953492,0.09961854915194045
3,2,142076.23643019097,0.5605,2.196514,0.10039682663412886
3,2,142081.23643097328,0.5605,2.197602,0.10117510607078337
3,2,142086.2364317556,0.5605,2.1988618,0.101953383220507
3,2,142091.2364325379,0.5605,2.1999118,0.10273166245467129
3,2,142096.2364333202,0.5605,2.2008092,0.10350994473423225
3,2,142101.23643410252,0.5605,2.20205,0.10428822601180271
3,2,142106.23643488484,0.5605,2.2032719,0.10506651009407966
3,2,142111.23643566715,0.5605,2.2040737,0.10584479658739099
3,2,142116.23643644946,0.5605,2.2052572,0.10662307975293527
3,2,142121.23643723177,0.5605,2.2063835,0.10740136376360386
3,2,142126.23643801408,0.5605,2.207338,0.1081796484549575
3,2,142131.2364387964,0.5605,2.20814,0.10895793618082003
3,2,142136.2364395787,0.5605,2.2093806,0.1097362195866538
3,2,142141.236440361,0.5605,2.2103925,0.11051450076680047
3,2,142146.23644114332,0.5605,2.211347,0.11129278234747711
3,2,142151.23644192563,0.5605,2.212187,0.11207106314943231
3,2,142156.23644270794,0.5605,2.2132943,0.1128493452192644
3,2,142161.23644349026,0.5605,2.2142296,0.11362762832363113
3,2,142166.23644427257,0.5605,2.2151077,0.11440591360695491
3,2,142171.23644505488,0.5605,2.2160242,0.11518419755425384
3,2,142176.2364458372,0.5605,2.2169976,0.11596248154396809
3,2,142181.2364466195,0.5605,2.2180285,0.11674076441081692
3,2,142186.2364474018,0.5605,2.218945,0.11751904901515109
3,2,142191.23644818412,0.5605,2.219766,0.11829733537845806
3,2,142196.23644896643,0.5605,2.2206821,0.11907562026416589
3,2,142201.23644974874,0.5605,2.2215602,0.11985390202121267
3,2,142206.23645053105,0.5605,2.2224767,0.12063218462891044
3,2,142211.23645131337,0.5605,2.2233548,0.12141046996125243
3,2,142216.23645209568,0.5605,2.224252,0.12218875283202194
3,2,142221.236452878,0.5605,2.22513,0.12296703422237763
3,2,142226.2364536603,0.5605,2.2260275,0.1237453186441229
3,2,142231.2364544426,0.5605,2.2268102,0.12452360038985141
3,2,142236.23645522492,0.5605,2.2277646,0.12530188657012245
3,2,142241.23645600723,0.5605,2.228471,0.12608017097056237
3,2,142246.23645678954,0.5605,2.229483,0.12685845473041132
3,2,142251.23645757185,0.5605,2.2300937,0.12763673670551176
3,2,142256.23645835416,0.5605,2.231201,0.12841502154317824
3,2,142261.23645913647,0.5605,2.2319071,0.12919330413107402
3,2,142266.2364599188,0.5605,2.2328045,0.1299715852998031
3,2,142271.2364607011,0.5605,2.2334917,0.13074986976015232
3,2,142276.2364614834,0.5605,2.2344463,0.13152815266929066
3,2,142281.23646226572,0.5605,2.235248,0.1323064342280692
3,2,142286.23646304803,0.5605,2.2360117,0.13308471716467535
3,2,142291.23646383034,0.5605,2.2368708,0.13386300006936983
3,2,142296.23646461265,0.5605,2.2377298,0.1346412826926244
3,2,142301.23646539496,0.5605,2.2384171,0.13541956269616545
3,2,142306.23646617727,0.5605,2.2391615,0.13619784310786917
3,2,142311.23646695958,0.5605,2.2399442,0.13697612339501242
3,2,142316.2364677419,0.5605,2.240727,0.13775439909431994
3,2,142321.2364685242,0.5605,2.2417579,0.13853267645462017
3,2,142326.23646930628,0.5605,2.2423496,0.13931095591377213
3,2,142331.2364700886,0.5605,2.2430942,0.14008923636985812
3,2,142336.2364708709,0.5605,2.243896,0.14086751619305207
3,2,142341.23647165322,0.5605,2.2448885,0.141645795634869
3,2,142346.23647243553,0.5605,2.2454422,0.14242407472453178
3,2,142351.23647321784,0.5605,2.2463586,0.1432023503056764
3,2,142356.23647400015,0.5605,2.2470648,0.14398062700991493
3,2,142361.23647478246,0.5605,2.2478666,0.1447589037832485
3,2,142366.23647556477,0.5605,2.2486112,0.14553717863760718
3,2,142371.23647634708,0.5605,2.2492795,0.14631545568619167
3,2,142376.2364771294,0.5605,2.250253,0.14709373642481363
3,2,142381.2364779117,0.5605,2.2508447,0.14787201650866863
3,2,142386.23647869402,0.5605,2.2518375,0.14865029488284054
3,2,142391.23647947633,0.5605,2.2524483,0.14942857286917166
3,2,142396.23648025864,0.5605,2.2533648,0.15020685263993008
3,2,142401.23648104095,0.5605,2.254071,0.15098513370541067
3,2,142406.23648182326,0.5605,2.2547202,0.1517634140137732
3,2,142411.23648260557,0.5605,2.2555792,0.15254169255182476
3,2,142416.23648338788,0.5605,2.256381,0.1533199714774423
3,2,142421.2364841702,0.5605,2.257221,0.15409825253056486
3,2,142426.2364849525,0.5605,2.2579656,0.1548765343900323
3,2,142431.23648573481,0.5605,2.2586908,0.15565481666461958
3,2,142436.23648651713,0.5605,2.2593591,0.15643309679405226
3,2,142441.23648729944,0.5605,2.2602563,0.1572113817862173
3,2,142446.23648808175,0.5605,2.260867,0.1579896671712862
3,2,142451.23648886406,0.5605,2.2615545,0.15876794932575689
3,2,142456.23648964637,0.5605,2.2624516,0.1595462309926119
3,2,142461.23649042868,0.5605,2.2630818,0.16032451061175929
3,2,142466.236491211,0.5605,2.2639217,0.16110278904335698
3,2,142471.2364919933,0.5605,2.2645898,0.16188106765130825
3,2,142476.2364927756,0.5605,2.2651625,0.16265934805581966
3,2,142481.23649355792,0.5605,2.2659452,0.16343762894336714
3,2,142486.23649434024,0.5605,2.266766,0.1642159092573623
3,2,142491.23649512255,0.5605,2.2675107,0.16499419007497365
3,2,142496.23649590486,0.5605,2.2682934,0.16577247310837112
3,2,142501.23649668717,0.5605,2.2690952,0.16655075273959175
3,2,142506.23649746948,0.5605,2.269725,0.16732903296359714
3,2,142511.2364982518,0.5605,2.270565,0.16810731338482765
3,2,142516.2364990341,0.5605,2.271424,0.16888559377885196
3,2,142521.2364998164,0.5605,2.2720542,0.16966387360917196
3,2,142526.23650059872,0.5605,2.272837,0.17044215636858343
3,2,142531.23650138103,0.5605,2.2735813,0.1712204385577672
3,2,142536.23650216334,0.5605,2.2741923,0.17199871912263168
3,2,142541.23650294566,0.5605,2.274975,0.172776997627553
3,2,142546.23650372797,0.5605,2.275796,0.17355527542758317
3,2,142551.23650451028,0.5605,2.2765784,0.1743335537311567
3,2,142556.2365052926,0.5605,2.2772658,0.17511183369853428
3,2,142561.2365060749,0.5605,2.2779338,0.17589011655235287
3,2,142566.2365068572,0.5605,2.2787356,0.17666839831837677
3,2,142571.23650763952,0.5605,2.279442,0.17744667928384406
3,2,142576.23650842183,0.5605,2.280301,0.17822496056658688
3,2,142581.23650920414,0.5605,2.281141,0.1790032408757375
3,2,142586.23650998645,0.5605,2.2818093,0.17978151692962974
3,2,142591.23651076877,0.5605,2.282592,0.18055979310895334
3,2,142596.23651155108,0.5605,2.2833748,0.18133806994024249
3,2,142601.2365123334,0.5605,2.284081,0.1821163462705612
3,2,142606.2365131157,0.5605,2.2848828,0.1828946210102538
3,2,142611.236513898,0.5605,2.2856083,0.18367289463702835
3,2,142616.23651468032,0.5605,2.28641,0.1844511720644401
3,2,142621.23651546263,0.5605,2.287231,0.1852294534842471
3,2,142626.23651624494,0.5605,2.2879946,0.18600773489217623
3,2,142631.23651702725,0.5605,2.2886817,0.1867860142037206
3,2,142636.23651780956,0.5605,2.2895026,0.18756429581816988
3,2,142641.23651859188,0.5605,2.2903235,0.18834257598307727
3,2,142646.2365193742,0.5605,2.291068,0.18912085647923083
3,2,142651.2365201565,0.5605,2.2918127,0.1898991380755272
3,2,142656.2365209388,0.5605,2.2926526,0.19067742215572128
3,2,142661.23652172112,0.5605,2.2933397,0.1914557073303262
3,2,142666.23652250343,0.5605,2.294008,0.1922339888093041
3,2,142671.23652328574,0.5605,2.2949433,0.193012270209882
3,2,142676.23652406805,0.5605,2.295726,0.19379054837101034
3,2,142681.23652485036,0.5605,2.296547,0.19456882653285065
3,2,142686.23652563267,0.5605,2.2972724,0.19534710601483782
3,2,142691.23652641498,0.5605,2.2979789,0.196125387763732
3,2,142696.2365271973,0.5605,2.298666,0.19690367093837924
3,2,142701.2365279796,0.5605,2.2994869,0.19768195051984985
3,2,142706.23652876168,0.5605,2.3004415,0.19846023054544792
3,2,142711.236529544,0.5605,2.3010714,0.19923851046502922
3,2,142716.2365303263,0.5605,2.3019876,0.20001678996922242
3,2,142721.23653110862,0.5605,2.3027894,0.20079506591254473
3,2,142726.23653189093,0.5605,2.3035722,0.2015733435448706
3,2,142731.23653267324,0.5605,2.3044503,0.20235162457037303
3,2,142736.23653345555,0.5605,2.3050995,0.20312990417752333
3,2,142741.23653423786,0.5605,2.3059013,0.20390818373134734
3,2,142746.23653502017,0.5605,2.3068748,0.20468646289377743
3,2,142751.23653580248,0.5605,2.3076193,0.20546473837233914
3,2,142756.2365365848,0.5605,2.308402,0.2062430158843332
3,2,142761.2365373671,0.5605,2.309261,0.20702129096518293
3,2,142766.23653814942,0.5605,2.3100438,0.2077995678368774
3,2,142771.23653893173,0.5605,2.3109794,0.20857784610433383
3,2,142776.23653971404,0.5605,2.3118384,0.20935612163389394
3,2,142781.23654049635,0.5605,2.312602,0.21013439742040968
3,2,142786.23654127866,0.5605,2.3132892,0.21091267324085372
3,2,142791.23654206097,0.5605,2.3142438,0.2116909479955733
3,2,142796.23654284328,0.5605,2.31495,0.21246922443719046
3,2,142801.2365436256,0.5605,2.3157709,0.21324750177295676
3,2,142806.2365444079,0.5605,2.3166683,0.21402577772385217
3,2,142811.23654519022,0.5605,2.3175654,0.2148040553837353
3,2,142816.23654597253,0.5605,2.3184245,0.21558233232791893
3,2,142821.23654675484,0.5605,2.3192263,0.2163606093790565
3,2,142826.23654753715,0.5605,2.31999,0.21713888677171542
3,2,142831.23654831946,0.5605,2.3209443,0.21791716514024476
3,2,142836.23654910177,0.5605,2.3218799,0.21869544261870458
3,2,142841.23654988408,0.5605,2.3226817,0.21947371954533795
3,2,142846.2365506664,0.5605,2.3233879,0.22025199571403536
3,2,142851.2365514487,0.5605,2.3243616,0.22103027323826824
3,2,142856.236552231,0.5605,2.3252015,0.2218085495235755
3,2,142861.23655301332,0.5605,2.3261561,0.2225868281546004
3,2,142866.23655379564,0.5605,2.3270724,0.2233651098404958
3,2,142871.23655457795,0.5605,2.3278933,0.22414339193119281
3,2,142876.23655536026,0.5605,2.328676,0.22492167255865542
3,2,142881.23655614257,0.5605,2.3296113,0.22569995065331797
3,2,142886.23655692488,0.5605,2.330566,0.22647822830613792
3,2,142891.2365577072,0.5605,2.3315778,0.22725650449488236
3,2,142896.2365584895,0.5605,2.332265,0.22803477967411948
3,2,142901.2365592718,0.5605,2.3332577,0.2288130560929246
3,2,142906.23656005412,0.5605,2.3341358,0.2295913338935707
3,2,142911.23656083643,0.5605,2.3351667,0.23036961214999033
3,2,142916.23656161875,0.5605,2.336121,0.23114789129021437
3,2,142921.23656240106,0.5605,2.3370185,0.2319261697916124
3,2,142926.2365631829,0.5605,2.3379157,0.23270444726074407
3,2,142931.2365639652,0.5605,2.3387175,0.2334827232645949
3,2,142936.23656474752,0.5605,2.3395574,0.2342609978361693
3,2,142941.23656552983,0.5605,2.3405502,0.23503927346677253
3,2,142946.23656631215,0.5605,2.3416002,0.23581754692702825
3,2,142951.23656709446,0.5605,2.3424401,0.23659582021561928
3,2,142956.23656787677,0.5605,2.343261,0.2373740948681732
3,2,142961.23656865908,0.5605,2.3442729,0.2381523675135341
3,2,142966.2365694414,0.5605,2.3453226,0.23893063838371636
3,2,142971.2365702237,0.5605,2.346201,0.23970891092721625
3,2,142976.236571006,0.5605,2.3471363,0.2404871834434867
3,2,142981.23657178832,0.5605,2.3482625,0.24126545448451242
3,2,142986.23657257063,0.5605,2.3491406,0.24204372615403932
3,2,142991.23657335294,0.5605,2.3501143,0.24282199820425446
3,2,142996.23657413526,0.5605,2.3511071,0.24360027219555114
3,2,143001.23657491757,0.5605,2.3520806,0.24437854366901188
3,2,143006.23657569988,0.5605,2.3528633,0.24515681390206684
3,2,143011.2365764822,0.5605,2.3540087,0.24593508578759105
3,2,143016.2365772645,0.5605,2.3550014,0.2467133561861747
3,2,143021.2365780468,0.5605,2.3559942,0.24749162871766756
3,2,143026.23657882912,0.5605,2.357006,0.2482698989503715
3,2,143031.23657961143,0.5605,2.3579795,0.24904816698459453
3,2,143036.23658039374,0.5605,2.358915,0.24982643428890242
3,2,143041.23658117605,0.5605,2.3600414,0.25060470516143574
3,2,143046.23658195836,0.5605,2.3610148,0.2513829762833549
3,2,143051.23658274068,0.5605,2.3621604,0.2521612482154369
3,2,143056.236583523,0.5605,2.3632867,0.25293951973279644
3,2,143061.2365843053,0.5605,2.3640885,0.2537177906912962
3,2,143066.2365850876,0.5605,2.3652148,0.2544960603809687
3,2,143071.23658586992,0.5605,2.366131,0.2552743293826215
3,2,143076.23658665223,0.5605,2.367334,0.2560525989849037
3,2,143081.23658743454,0.5605,2.3683264,0.25683086355822277
3,2,143086.23658821685,0.5605,2.3693192,0.25760912640285155
3,2,143091.23658899916,0.5605,2.3704836,0.2583873869637946
3,2,143096.23658978147,0.5605,2.3715336,0.25916564950266147
3,2,143101.23659056379,0.5605,2.3723927,0.2599439172914922
3,2,143106.2365913461,0.5605,2.3735192,0.26072218340684306
3,2,143111.2365921284,0.5605,2.3748171,0.26150044746585355
3,2,143116.23659291072,0.5605,2.3757336,0.2622787130216095
3,2,143121.23659369303,0.5605,2.3770125,0.2630569776560962
3,2,143126.23659447534,0.5605,2.377929,0.2638352407397164
3,2,143131.23659525765,0.5605,2.3791125,0.26461350681280427
3,2,143136.23659603996,0.5605,2.3802006,0.2653917746497956
3,2,143141.23659682227,0.5605,2.3811934,0.2661700442833106
3,2,143146.23659760458,0.5605,2.3822434,0.266948309315549
3,2,143151.2365983869,0.5605,2.3834841,0.2677265749692354
3,2,143156.2365991692,0.5605,2.3845723,0.2685048419914312
3,2,143161.23659995152,0.5605,2.3857179,0.269283109102428
3,2,143166.23660073383,0.5605,2.3869395,0.2700613756442302
3,2,143171.23660151614,0.5605,2.3880086,0.270839641299718
3,2,143176.23660229845,0.5605,2.389135,0.2716179086357852
3,2,143181.23660308076,0.5605,2.3902802,0.2723961754765014
3,2,143186.23660386307,0.5605,2.3916357,0.2731744443248709
3,2,143191.23660464538,0.5605,2.3927238,0.27395271313060326
3,2,143196.2366054277,0.5605,2.3939075,0.27473098057469064
3,2,143201.23660621,0.5605,2.395072,0.27550924831164547
3,2,143206.23660699232,0.5605,2.3962173,0.2762875162270069
3,2,143211.23660777463,0.5605,2.3974774,0.27706578479955263
3,2,143216.23660855694,0.5605,2.3986993,0.27784405124580197
3,2,143221.23660933925,0.5605,2.39973,0.2786223173951142
3,2,143226.23661012156,0.5605,2.4010663,0.2794005845192671
3,2,143231.23661090387,0.5605,2.4021926,0.28017885376227897
3,2,143236.23661168618,0.5605,2.403548,0.28095711990961764
3,2,143241.2366124685,0.5605,2.4046361,0.28173538876721926
3,2,143246.2366132508,0.5605,2.4059343,0.2825136590169039
3,2,143251.2366140331,0.5605,2.4072134,0.2832919284121361
3,2,143256.23661481543,0.5605,2.4083588,0.28407019416784246
3,2,143261.23661559774,0.5605,2.4097333,0.28484845646330054
3,2,143266.23661638005,0.5605,2.4111078,0.28562672160487046
3,2,143271.23661716236,0.5605,2.4121578,0.286404988173763
3,2,143276.23661794467,0.5605,2.4134178,0.28718325390651495
3,2,143281.23661872698,0.5605,2.4148495,0.2879615211409728
3,2,143286.2366195093,0.5605,2.4160523,0.28873978620485796
3,2,143291.2366202916,0.5605,2.4172168,0.2895180487393505
3,2,143296.2366210739,0.5605,2.4186103,0.2902963107918203
3,2,143301.23662185622,0.5605,2.4198132,0.29107457374500234
3,2,143306.23662263877,0.5605,2.421264,0.2918528366301291
3,2,143311.23662342108,0.5605,2.4225621,0.29263110190399483
3,2,143316.2366242034,0.5605,2.4238794,0.293409366838783
3,2,143321.2366249857,0.5605,2.4251964,0.2941876326329211
3,2,143326.236625768,0.5605,2.4265518,0.29496589899908165
3,2,143331.23662655032,0.5605,2.4277928,0.29574416804774595
3,2,143336.23662733263,0.5605,2.4292054,0.2965224368598361
3,2,143341.23662811494,0.5605,2.4306564,0.29730070439938033
3,2,143346.23662889726,0.5605,2.4318972,0.2980789701671136
3,2,143351.23662967957,0.5605,2.4333098,0.2988572405716776
3,2,143356.23663046188,0.5605,2.4346843,0.29963550972718656
3,2,143361.2366312442,0.5605,2.4359634,0.30041377707976424
3,2,143366.2366320265,0.5605,2.437376,0.3011920488900442
3,2,143371.2366328088,0.5605,2.4387314,0.3019703227313127
3,2,143376.23663359112,0.5605,2.4401634,0.30274859496008677
3,2,143381.23663437343,0.5605,2.4415188,0.3035268645608093
3,2,143386.23663515574,0.5605,2.4428167,0.30430513400539744
3,2,143391.23663593805,0.5605,2.4443822,0.3050834004759291
3,2,143396.23663672036,0.5605,2.4459095,0.30586166965485273
3,2,143401.23663750268,0.5605,2.447265,0.3066399367674456
3,2,143406.236638285,0.5605,2.4485822,0.3074182020125951
3,2,143411.2366390673,0.5605,2.4500139,0.30819646879173973
3,2,143416.2366398496,0.5605,2.4514074,0.3089747355939679
3,2,143421.23664063192,0.5605,2.4529347,0.30975300138046
3,2,143426.23664141423,0.5605,2.4543283,0.310531268987682
3,2,143431.23664219654,0.5605,2.4559128,0.31130953668913564
3,2,143436.23664297885,0.5605,2.4573827,0.31208780692630994
3,2,143441.23664376116,0.5605,2.4590244,0.31286607875697137
3,2,143446.23664454347,0.5605,2.4604373,0.3136443489137258
3,2,143451.2366453258,0.5605,2.4615827,0.31442262113873154
3,2,143456.2366461081,0.5605,2.4631672,0.31520089236272697
3,2,143461.2366468904,0.5605,2.4647324,0.3159791640246874
3,2,143466.23664767272,0.5605,2.4662979,0.31675743280299495
3,2,143471.23664845503,0.5605,2.4677296,0.3175357036061816
3,2,143476.23664923734,0.5605,2.4691806,0.3183139741877946
3,2,143481.23665001965,0.5605,2.4708414,0.3190922435788379
3,2,143486.23665080196,0.5605,2.4724069,0.31987051094441277
3,2,143491.23665158427,0.5605,2.4738386,0.32064877787837714
3,2,143496.23665236658,0.5605,2.4753659,0.32142704596338006
3,2,143501.2366531489,0.5605,2.4767976,0.32220531491907767
3,2,143506.2366539312,0.5605,2.4782865,0.3229835815943314
3,2,143511.23665471352,0.5605,2.4799857,0.32376185024713144
3,2,143516.23665549583,0.5605,2.4815319,0.32454011773718067
3,2,143521.23665627814,0.5605,2.4829447,0.32531838819835585
3,2,143526.23665706045,0.5605,2.4844337,0.32609665747371647
3,2,143531.23665784276,0.5605,2.486152,0.3268749266058372
3,2,143536.23665862507,0.5605,2.4875836,0.327653195252041
3,2,143541.23665940738,0.5605,2.48913,0.32843146217347186
3,2,143546.2366601897,0.5605,2.4905045,0.3292097293045852
3,2,143551.236660972,0.5605,2.4922607,0.32998799716315996
3,2,143556.23666175432,0.5605,2.4936733,0.3307662662791179
3,2,143561.23666253663,0.5605,2.4951434,0.33154453423744107
3,2,143566.23666331894,0.5605,2.496728,0.33232280016808047
3,2,143571.23666410125,0.5605,2.4982932,0.33310106551757124
3,2,143576.23666488356,0.5605,2.4997633,0.33387933197528125
3,2,143581.23666566587,0.5605,2.5011568,0.33465759281439583
3,2,143586.23666644818,0.5605,2.5028367,0.33543585684799815
3,2,143591.2366672305,0.5605,2.5044212,0.3362141265210708
3,2,143596.2366680128,0.5605,2.5056431,0.3369923937620223
3,2,143601.23666879488,0.5605,2.5075138,0.33777066163160735
3,2,143606.2366695772,0.5605,2.5089266,0.3385489282068279
3,2,143611.2366703595,0.5605,2.5103202,0.339327192886336
3,2,143616.2366711418,0.5605,2.5118856,0.34010545783213114
3,2,143621.23667192413,0.5605,2.5134127,0.3408837217939496
3,2,143626.23667270644,0.5605,2.5149972,0.34166198459223907
3,2,143631.23667348875,0.5605,2.5162573,0.3424402495474352
3,2,143636.23667427106,0.5605,2.5178034,0.3432185140216384
3,2,143641.23667505337,0.5605,2.5191398,0.34399677981634275
3,2,143646.23667583568,0.5605,2.5205908,0.3447750458463331
3,2,143651.236676618,0.5605,2.5222135,0.34555330780197846
3,2,143656.2366774003,0.5605,2.523626,0.3463315723807414
3,2,143661.2366781826,0.5605,2.5248287,0.34710983765501446
3,2,143666.23667896492,0.5605,2.526356,0.3478881005607082
3,2,143671.23667974724,0.5605,2.5276542,0.34866636430874465
3,2,143676.23668052955,0.5605,2.5290668,0.34944462708001994
3,2,143681.23668131186,0.5605,2.530365,0.35022289016399444
3,2,143686.23668209417,0.5605,2.5317776,0.3510011539555556
3,2,143691.23668287648,0.5605,2.5312812,0.3517794174621535
3,2,143696.2366836588,0.5605,2.533133,0.35255767901648744
3,2,143701.2366844411,0.5605,2.5345075,0.3533359397478401
3,2,143706.2366852234,0.5605,2.5361493,0.35411420311628444
3,2,143711.23668600572,0.5605,2.537333,0.35489246542325614
3,2,143716.23668678803,0.5605,2.539032,0.3556707302868664
3,2,143721.23668757034,0.5605,2.5400248,0.35644899551675385
3,2,143726.23668835266,0.5605,2.5414183,0.3572272571687665
3,2,143731.23668913497,0.5605,2.542659,0.3580055236791041
3,2,143736.23668991728,0.5605,2.5439763,0.3587837886518637
3,2,143741.2366906996,0.5605,2.5445871,0.3595620525159736
3,2,143746.2366914819,0.5605,2.5461907,0.36034031760652857
3,2,143751.2366922642,0.5605,2.5474126,0.3611185841704044
3,2,143756.23669304652,0.5605,2.5486152,0.36189684805998534
3,2,143761.23669382883,0.5605,2.5497034,0.3626751123183833
3,2,143766.23669461114,0.5605,2.5507534,0.36345337720294457
3,2,143771.23669539345,0.5605,2.5519562,0.3642316437230805
3,2,143776.23669617577,0.5605,2.5530825,0.3650099103696677
3,2,143781.23669695808,0.5605,2.5539987,0.3657881767798132
3,2,143786.2366977404,0.5605,2.5553732,0.366566441422777
3,2,143791.2366985227,0.5605,2.5564232,0.36734470719666606
3,2,143796.236699305,0.5605,2.5582368,0.368122969424251
3,2,143801.23670008732,0.5605,2.559306,0.3689012327116363
3,2,143806.23670086963,0.5605,2.5604322,0.36967949700506186
3,2,143811.23670165194,0.5605,2.5614822,0.37045776179225237
3,2,143816.23670243425,0.5605,2.5625894,0.3712360267356998
3,2,143821.23670321656,0.5605,2.5636966,0.3720142929550309
3,2,143826.23670399887,0.5605,2.5645556,0.3727925574236743
3,2,143831.2367047812,0.5605,2.5655293,0.3735708221218916
3,2,143836.2367055635,0.5605,2.5637538,0.37434908623630786
3,2,143841.2367063458,0.5605,2.5652812,0.3751273496468695
3,2,143846.23670712812,0.5605,2.5666366,0.37590561243554604
3,2,143851.23670791043,0.5605,2.5686982,0.37668387796414216
3,2,143856.23670869274,0.5605,2.5692902,0.3774621421058044
3,2,143861.23670947505,0.5605,2.5702827,0.378240403171516
3,2,143866.23671025736,0.5605,2.5713327,0.37901866410432583
3,2,143871.23671103967,0.5605,2.5721154,0.37979692679358845
3,2,143876.23671182198,0.5605,2.5732799,0.3805751894449723
3,2,143881.2367126043,0.5605,2.574387,0.3813534547984003
3,2,143886.2367133866,0.5605,2.5752654,0.38213171991662176
3,2,143891.23671416892,0.5605,2.5764108,0.3829099908604455
3,2,143896.23671495123,0.5605,2.577308,0.38368826203000206
3,2,143901.23671573354,0.5605,2.5780716,0.38446653273922526
3,2,143906.23671651585,0.5605,2.5789497,0.3852448036652703
3,2,143911.23671729816,0.5605,2.5799997,0.3860230717007053
3,2,143916.23671808047,0.5605,2.5808206,0.38680134114782666
3,2,143921.23671886278,0.5605,2.5816414,0.38757961038781524
3,2,143926.2367196451,0.5605,2.582577,0.38835787941863786
3,2,143931.2367204274,0.5605,2.5833597,0.3891361506773563
3,2,143936.23672120972,0.5605,2.584314,0.3899144223758113
3,2,143941.23672199203,0.5605,2.5849633,0.3906926916342939
3,2,143946.23672277434,0.5605,2.585975,0.391470960207482
3,2,143951.23672355665,0.5605,2.5867577,0.39224922961253245
3,2,143956.23672433896,0.5605,2.5875595,0.39302749839676404
3,2,143961.23672512127,0.5605,2.5885904,0.39380576579841625
3,2,143966.23672590358,0.5605,2.5890868,0.39458403967639455
3,2,143971.2367266859,0.5605,2.589793,0.3953623129023411
3,2,143976.2367274682,0.5605,2.5907667,0.39614058600726043
3,2,143981.23672825028,0.5605,2.5915875,0.39691885638281355
3,2,143986.2367290326,0.5605,2.5925229,0.3976971273092626
3,2,143991.2367298149,0.5605,2.5931911,0.3984753973798518
3,2,143996.23673059721,0.5605,2.5937066,0.3992536691318285
3,2,144001.23673137953,0.5605,2.594661,0.4000319400198988
3,2,144006.23673216184,0.5605,2.5953865,0.4008102106322181
3,2,144011.23673294415,0.5605,2.596093,0.40158848188024415
3,2,144016.23673372646,0.5605,2.5967228,0.40236675497530555
3,2,144021.23673450877,0.5605,2.5974674,0.40314502465707386
3,2,144026.23673529108,0.5605,2.5983264,0.40392329535635635
3,2,144031.2367360734,0.5605,2.599071,0.40470156775923233
3,2,144036.2367368557,0.5605,2.5998154,0.4054798386012911
3,2,144041.236737638,0.5605,2.6005409,0.40625810945037
3,2,144046.23673842032,0.5605,2.6013618,0.4070363801513612
3,2,144051.23673920264,0.5605,2.6019917,0.40781465209890067
3,2,144056.23673998495,0.5605,2.602698,0.40859292734826597
3,2,144061.23674076726,0.5605,2.6032898,0.4093711966242723
3,2,144066.23674154957,0.5605,2.6040344,0.4101494673005375
3,2,144071.23674233188,0.5605,2.6046453,0.4109277400389611
3,2,144076.2367431142,0.5605,2.605428,0.41170600972495136
3,2,144081.2367438965,0.5605,2.606459,0.41248428040186885
3,2,144086.2367446788,0.5605,2.6072798,0.41326254918169963
3,2,144091.23674546112,0.5605,2.6079097,0.4140408183507885
3,2,144096.23674624343,0.5605,2.608406,0.4148190842280519
3,2,144101.23674702574,0.5605,2.6092842,0.4155973510228924
3,2,144106.23674780806,0.5605,2.6098568,0.41637561975070825
3,2,144111.23674859037,0.5605,2.6106396,0.41715389325823043
3,2,144116.23674937268,0.5605,2.6112888,0.41793216554406276
3,2,144121.236750155,0.5605,2.6117852,0.41871043583704687
3,2,144126.2367509373,0.5605,2.6123388,0.41948870837000335
3,2,144131.2367517196,0.5605,2.612835,0.42026698161478165
3,2,144136.23675250192,0.5605,2.6134841,0.4210452526784439
3,2,144141.23675328423,0.5605,2.614305,0.42182352601070194
3,2,144146.23675406654,0.5605,2.6150877,0.42260179902755207
3,2,144151.23675484885,0.5605,2.6155076,0.4233800725399221
3,2,144156.23675563117,0.5605,2.6159658,0.42415834716371015
3,2,144161.23675641348,0.5605,2.6163285,0.424936624323103
3,2,144166.2367571958,0.5605,2.617245,0.42571490353473673
3,2,144171.2367579781,0.5605,2.6177795,0.42649318219544474
3,2,144176.2367587604,0.5605,2.6184094,0.42727146024395013
3,2,144181.23675954272,0.5605,2.618963,0.4280497373658682
3,2,144186.23676032503,0.5605,2.6192875,0.4288280129255949
3,2,144191.23676110734,0.5605,2.6199749,0.42960629021133634
3,2,144196.23676188965,0.5605,2.6205475,0.4303845668184458
3,2,144201.2367626715,0.5605,2.621063,0.43116284028236057
3,2,144206.2367634538,0.5605,2.6193066,0.4319411172427037
3,2,144211.23676423612,0.5605,2.619803,0.4327193957438931
3,2,144216.23676501843,0.5605,2.620185,0.43349767250108373
3,2,144221.23676580074,0.5605,2.6202612,0.434275947415153
3,2,144226.23676658305,0.5605,2.6204522,0.43505421888264667
3,2,144231.23676736536,0.5605,2.6205666,0.43583249092568277
3,2,144236.23676814768,0.5605,2.6244228,0.4366107623159983
3,2,144241.23676893,0.5605,2.6254346,0.4373890348076289
3,2,144246.2367697123,0.5605,2.6260264,0.4381673104913134
3,2,144251.2367704946,0.5605,2.6262364,0.43894558293965114
3,2,144256.23677127692,0.5605,2.6268473,0.4397238552109366
3,2,144261.23677205923,0.5605,2.6275728,0.4405021268135904
3,2,144266.23677284154,0.5605,2.6282408,0.44128040295038606
3,2,144271.23677362385,0.5605,2.6285462,0.4420586813322271
3,2,144276.23677440616,0.5605,2.6293674,0.44283695679504653
3,2,144281.23677518847,0.5605,2.6297681,0.4436152332142722
3,2,144286.23677597078,0.5605,2.63036,0.4443935112190973
3,2,144291.2367767531,0.5605,2.6308753,0.4451717884142993
3,2,144296.2367775354,0.5605,2.6315053,0.44595006737883536
3,2,144301.23677831772,0.5605,2.631849,0.4467283455949689
3,2,144306.23677910003,0.5605,2.6324217,0.4475066257335641
3,2,144311.23677988234,0.5605,2.6330516,0.4482849074314102
3,2,144316.23678066465,0.5605,2.6335862,0.4490631911629767
3,2,144321.23678144696,0.5605,2.634178,0.44984147494058785
3,2,144326.23678222927,0.5605,2.6344833,0.45061975489209405
3,2,144331.23678301158,0.5605,2.6348844,0.45139803670302675
3,2,144336.2367837939,0.5605,2.6358578,0.4521763178495564
3,2,144341.2367845762,0.5605,2.6366024,0.4529546008290349
3,2,144346.23678535852,0.5605,2.6369653,0.45373288374131904
3,2,144351.23678614083,0.5605,2.6376333,0.4545111635844408
3,2,144356.23678692314,0.5605,2.6380343,0.4552894423478741
3,2,144361.23678770545,0.5605,2.6384542,0.45606772300513904
3,2,144366.23678848776,0.5605,2.6391416,0.4568460006064771
3,2,144371.23678927007,0.5605,2.6396377,0.4576242810134588
3,2,144376.23679005238,0.5605,2.6399815,0.45840256154898457
3,2,144381.2367908347,0.5605,2.6406877,0.4591808458474211
3,2,144386.236791617,0.5605,2.6410887,0.45995912957913
3,2,144391.23679239932,0.5605,2.6416233,0.46073741456768563
3,2,144396.23679318163,0.5605,2.6421387,0.46151569905490664
3,2,144401.23679396394,0.5605,2.642387,0.4622939815106556
3,2,144406.23679474625,0.5605,2.6405733,0.46307226613695074
3,2,144411.23679552856,0.5605,2.6371942,0.46385055066521946
3,2,144416.23679631087,0.5605,2.6362207,0.46462883424049267
3,2,144421.23679709318,0.5605,2.6359916,0.4654071202810703
3,2,144426.2367978755,0.5605,2.6315627,0.46618540881058884
3,2,144431.2367986578,0.5605,2.6336625,0.46696369542934146
3,2,144436.2367994401,0.5605,2.6347125,0.46774198067901845
3,2,144441.23680022242,0.5605,2.6354952,0.46852026682333797
3,2,144446.23680100474,0.5605,2.6372132,0.4692985551951857
3,2,144451.23680178705,0.5605,2.6375952,0.47007684001842787
3,2,144456.23680256936,0.5605,2.645995,0.4708551258526542
3,2,144461.23680335167,0.5605,2.6480184,0.4716334089386329
3,2,144466.23680413398,0.5605,2.648553,0.4724116936929324
3,2,144471.2368049163,0.5605,2.6492403,0.4731899811689455
3,2,144476.2368056986,0.5605,2.6496985,0.4739682660204833
3,2,144481.2368064809,0.5605,2.6501946,0.47474655163879514
3,2,144486.23680726322,0.5605,2.6503665,0.4755248365718854
3,2,144491.23680804553,0.5605,2.6509774,0.4763031228119631
3,2,144496.23680882785,0.5605,2.6514356,0.4770814082920418
3,2,144501.23680961016,0.5605,2.651951,0.4778596903428203
3,2,144506.23681039247,0.5605,2.6523328,0.47863797501504746
3,2,144511.23681117478,0.5605,2.6525428,0.47941626108134777
3,2,144516.2368119571,0.5605,2.6532302,0.48019454800698813
3,2,144521.2368127394,0.5605,2.6537647,0.48097283588584255
3,2,144526.2368135217,0.5605,2.654051,0.4817511179941395
3,2,144531.23681430402,0.5605,2.654662,0.48252940036292863
3,2,144536.23681508633,0.5605,2.6516266,0.48330768346845765
3,2,144541.23681586864,0.5605,2.647083,0.4840859673028058
3,2,144546.23681665096,0.5605,2.6473885,0.48486425413160517
3,2,144551.23681743327,0.5605,2.647751,0.48564253818811637
3,2,144556.23681821558,0.5605,2.6475413,0.48642082689111094
3,2,144561.2368189979,0.5605,2.6478658,0.4871991153822408
3,2,144566.2368197802,0.5605,2.6482093,0.4879774027616249
3,2,144571.2368205625,0.5605,2.6486104,0.48875569114793666
3,2,144576.23682134482,0.5605,2.6493356,0.4895339765888187
3,2,144581.23682212736,0.5605,2.6497939,0.4903122621593541
3,2,144586.23682290968,0.5605,2.6505957,0.49109054699917626
3,2,144591.236823692,0.5605,2.6563036,0.4918688302254444
3,2,144596.2368244743,0.5605,2.6581554,0.4926471144209106
3,2,144601.2368252566,0.5605,2.6597018,0.4934254008811744
3,2,144606.23682603892,0.5605,2.6588044,0.4942036878488394
3,2,144611.23682682123,0.5605,2.6591482,0.49498197728401744
3,2,144616.23682760354,0.5605,2.6608472,0.49576026483678476
3,2,144621.23682838585,0.5605,2.6600645,0.49653855075781533
3,2,144626.23682916816,0.5605,2.6615725,0.4973168355754315
3,2,144631.23682995047,0.5605,2.6631951,0.49809511958694447
3,2,144636.23683073279,0.5605,2.6636534,0.4988734030083682
3,2,144641.2368315151,0.5605,2.6643217,0.49965168670656607
3,2,144646.2368322974,0.5605,2.6647224,0.5004299729476702
3,2,144651.23683307972,0.5605,2.665085,0.5012082582462164
3,2,144656.23683386203,0.5605,2.6657343,0.5019865481430026
3,2,144661.23683464434,0.5605,2.666288,0.5027648376844094
3,2,144666.23683542665,0.5605,2.6666124,0.5035431285100644
3,2,144671.23683620896,0.5605,2.6672041,0.5043214193391997
3,2,144676.23683699127,0.5605,2.6675286,0.5050997098095548
3,2,144681.23683777358,0.5605,2.668006,0.5058779993751544
3,2,144686.2368385559,0.5605,2.6685596,0.5066562897449697
3,2,144691.2368393382,0.5605,2.6689224,0.5074345790039166
3,2,144696.23684012052,0.5605,2.669476,0.5082128653430605
3,2,144701.23684090283,0.5605,2.669896,0.5089911510718231
3,2,144706.23684168514,0.5605,2.6702013,0.5097694345366887
3,2,144711.23684246745,0.5605,2.6707358,0.5105477180080114
3,2,144716.23684324976,0.5605,2.6712513,0.5113260004954534
3,2,144721.23684403207,0.5605,2.6715567,0.5121042819473575
3,2,144726.23684481438,0.5605,2.672034,0.5128825660977029
3,2,144731.2368455967,0.5605,2.6725495,0.5136608481528656
3,2,144736.236846379,0.5605,2.672893,0.5144391310783323
3,2,144741.23684716132,0.5605,2.6734276,0.5152174131441576
3,2,144746.23684794363,0.5605,2.6737714,0.515995692685799
3,2,144751.23684872594,0.5605,2.6742294,0.5167739737376434
3,2,144756.23684950825,0.5605,2.6747258,0.5175522537779539
3,2,144761.23685029056,0.5605,2.675165,0.5183305356723827
3,2,144766.23685107287,0.5605,2.6755085,0.5191088168710665
3,2,144771.23685185518,0.5605,2.6761575,0.5198870999823441
3,2,144776.2368526375,0.5605,2.6765394,0.5206653817619843
3,2,144781.2368534198,0.5605,2.676864,0.5214436628509822
3,2,144786.2368542021,0.5605,2.6748402,0.5222219471388819
3,2,144791.23685498443,0.5605,2.6778376,0.5230002321210897
3,2,144796.23685576674,0.5605,2.6782575,0.5237785171774423
3,2,144801.23685654905,0.5605,2.6773221,0.5245568029029564
3,2,144806.23685733136,0.5605,2.6792312,0.5253350866620967
3,2,144811.23685811367,0.5605,2.6798801,0.5261133730381425
3,2,144816.23685889598,0.5605,2.6803384,0.5268916614227457
3,2,144821.2368596783,0.5605,2.6808157,0.5276699504843947
3,2,144826.2368604606,0.5605,2.6811974,0.5284482349085605
3,2,144831.2368612429,0.5605,2.681579,0.5292265226378867
3,2,144836.23686202522,0.5605,2.681942,0.5300048106548683
3,2,144841.23686280753,0.5605,2.6822665,0.5307830971558223
3,2,144846.23686358985,0.5605,2.681751,0.5315613872859442
3,2,144851.23686437216,0.5605,2.6821327,0.5323396750824283
3,2,144856.23686515447,0.5605,2.6818845,0.5331179615629544
3,2,144861.23686593678,0.5605,2.6823237,0.5338962513852646
3,2,144866.2368667191,0.5605,2.6827629,0.5346745403305753
3,2,144871.2368675014,0.5605,2.68324,0.5354528298031619
3,2,144876.2368682837,0.5605,2.68366,0.5362311185638736
3,2,144881.2368690658,0.5605,2.6841946,0.5370094053738379
3,2,144886.2368698481,0.5605,2.6848245,0.5377876922557185
3,2,144891.2368706304,0.5605,2.6852636,0.5385659798267382
3,2,144896.23687141272,0.5605,2.6856837,0.5393442657438215
3,2,144901.23687219503,0.5605,2.6861036,0.5401225487132666
3,2,144906.23687297734,0.5605,2.6865618,0.5409008313200041
3,2,144911.23687375966,0.5605,2.6871917,0.5416791145818463
3,2,144916.23687454197,0.5605,2.6880507,0.5424574017411236
3,2,144921.23687532428,0.5605,2.6881845,0.5432356885369881
3,2,144926.2368761066,0.5605,2.6884518,0.54401397481715
3,2,144931.2368768889,0.5605,2.689139,0.5447922602246534
3,2,144936.2368776712,0.5605,2.6898072,0.5455705444947877
3,2,144941.23687845352,0.5605,2.6902845,0.5463488276897833
3,2,144946.23687923583,0.5605,2.6907043,0.5471271151188876
3,2,144951.23688001814,0.5605,2.691258,0.5479054025772379
3,2,144956.23688080045,0.5605,2.6918116,0.5486836891171799
3,2,144961.23688158276,0.5605,2.692098,0.549461977872322
3,2,144966.23688236508,0.5605,2.692537,0.5502402662159833
3,2,144971.2368831474,0.5605,2.6930525,0.5510185527249442
3,2,144976.2368839297,0.5605,2.6935105,0.5517968420776758
3,2,144981.236884712,0.5605,2.6938543,0.5525751315151287
3,2,144986.23688549432,0.5605,2.6945224,0.5533534234289295
3,2,144991.23688627663,0.5605,2.6949043,0.5541317111118932
3,2,144996.23688705894,0.5605,2.6953814,0.5549100004258188
3,2,145001.23688784125,0.5605,2.6958587,0.5556882907698187
3,2,145006.23688862356,0.5605,2.6963933,0.5564665781143969
3,2,145011.23688940587,0.5605,2.6968896,0.557244863216506
3,2,145016.2368901882,0.5605,2.697405,0.5580231484966012
3,2,145021.2368909705,0.5605,2.694255,0.5588014356388316
3,2,145026.2368917528,0.5605,2.6945796,0.5595797247795229
3,2,145031.23689253512,0.5605,2.6957633,0.5603580160649252
3,2,145036.23689331743,0.5605,2.6998296,0.5611363107677929
3,2,145041.23689409974,0.5605,2.7008796,0.5619146023246082
3,2,145046.23689488205,0.5605,2.701643,0.562692893270264
3,2,145051.23689566436,0.5605,2.7019296,0.5634711811601717
3,2,145056.23689644667,0.5605,2.7021203,0.5642494680437147
3,2,145061.23689722898,0.5605,2.696966,0.5650277585387792
3,2,145066.2368980113,0.5605,2.7025404,0.5658060509027738
3,2,145071.2368987936,0.5605,2.7038767,0.5665843410158256
3,2,145076.23689957592,0.5605,2.7044685,0.5673626302687227
3,2,145081.23690035823,0.5605,2.705213,0.5681409168189366
3,2,145086.23690114054,0.5605,2.7055185,0.5689192066745393
3,2,145091.23690192285,0.5605,2.7061102,0.5696974967029292
3,2,145096.23690270516,0.5605,2.706511,0.5704757863992982
3,2,145101.23690348747,0.5605,2.707103,0.5712540731027821
3,2,145106.23690426978,0.5605,2.7076185,0.5720323594824737
3,2,145111.2369050521,0.5605,2.7080765,0.5728106467670168
3,2,145116.2369058344,0.5605,2.7085538,0.5735889332243799
3,2,145121.23690661672,0.5605,2.7091265,0.5743672209989361
3,2,145126.23690739903,0.5605,2.708611,0.575145511733469
3,2,145131.23690818134,0.5605,2.7080956,0.5759238006986842
3,2,145136.23690896365,0.5605,2.707943,0.5767020890353586
3,2,145141.23690974596,0.5605,2.7078857,0.5774803734355535
3,2,145146.23691052827,0.5605,2.7082293,0.5782586582738061
3,2,145151.23691131058,0.5605,2.708611,0.5790369439504808
3,2,145156.2369120929,0.5605,2.7092218,0.5798152307671407
3,2,145161.2369128752,0.5605,2.7096992,0.5805935177355573
3,2,145166.2369136575,0.5605,2.7101574,0.5813718059481282
3,2,145171.23691443983,0.5605,2.7104437,0.5821500929427079
3,2,145176.23691522214,0.5605,2.7110927,0.5829283806673552
3,2,145181.23691600445,0.5605,2.710921,0.5837066689052183
3,2,145186.23691678676,0.5605,2.7115128,0.5844849566722179
3,2,145191.23691756907,0.5605,2.7123528,0.5852632435241969
3,2,145196.23691835138,0.5605,2.7130973,0.5860415273571311
3,2,145201.2369191337,0.5605,2.7133646,0.586819808793846
3,2,145206.236919916,0.5605,2.7143,0.58759808941958
3,2,145211.2369206983,0.5605,2.7148726,0.5883763695415456
3,2,145216.23692148062,0.5605,2.7153118,0.5891546508380869
3,2,145221.23692226293,0.5605,2.7160945,0.5899329298307597
3,2,145226.23692304525,0.5605,2.7189198,0.5907112073713375
3,2,145231.23692382756,0.5605,2.7203517,0.5914894863962564
3,2,145236.23692460987,0.5605,2.721115,0.5922677641235424
3,2,145241.23692539218,0.5605,2.7217643,0.5930460403293504
3,2,145246.2369261745,0.5605,2.722337,0.5938243188012938
3,2,145251.2369269568,0.5605,2.7226424,0.5946025989653204
3,2,145256.2369277391,0.5605,2.7230625,0.5953808800722593
3,2,145261.2369285212,0.5605,2.7238643,0.5961591606432266
3,2,145266.2369293035,0.5605,2.7241697,0.5969374408880042
3,2,145271.2369300858,0.5605,2.7240741,0.5977157220132583
3,2,145276.23693086812,0.5605,2.7243223,0.5984940048952003
3,2,145281.23693165043,0.5605,2.725086,0.5992722894881534
3,2,145286.23693243274,0.5605,2.725487,0.6000505770808227
3,2,145291.23693321506,0.5605,2.7260787,0.6008288616178367
3,2,145296.23693399737,0.5605,2.727205,0.6016071465501056
3,2,145301.23693477968,0.5605,2.727835,0.6023854322941534
3,2,145306.236935562,0.5605,2.7283123,0.603163718722744
3,2,145311.2369363443,0.5605,2.7293622,0.6039420037622848
3,2,145316.2369371266,0.5605,2.729782,0.6047202867024573
3,2,145321.23693790892,0.5605,2.7304885,0.6054985734477141
3,2,145326.23693869123,0.5605,2.730985,0.6062768582460647
3,2,145331.23693947354,0.5605,2.7317867,0.607055143087483
3,2,145336.23694025585,0.5605,2.732283,0.6078334270902473
3,2,145341.23694103817,0.5605,2.732722,0.6086117126723593
3,2,145346.23694182048,0.5605,2.7332566,0.609389996979743
3,2,145351.2369426028,0.5605,2.7340393,0.610168283472369
3,2,145356.2369433851,0.5605,2.7345357,0.610946574203746
3,2,145361.2369441674,0.5605,2.7349749,0.6117248641077708
3,2,145366.23694494972,0.5605,2.7353756,0.6125031521163614
3,2,145371.23694573203,0.5605,2.7359293,0.6132814393921658
3,2,145376.23694651434,0.5605,2.7365975,0.6140597313573127
3,2,145381.23694729665,0.5605,2.7306986,0.6148380211316677
3,2,145386.23694807896,0.5605,2.73738,0.6156163101401328
3,2,145391.23694886127,0.5605,2.7385256,0.6163945963144004
3,2,145396.2369496436,0.5605,2.7390602,0.6171728804378112
3,2,145401.2369504259,0.5605,2.7398236,0.6179511647639904
3,2,145406.2369512082,0.5605,2.7404156,0.618729450926847
3,2,145411.23695199052,0.5605,2.74095,0.6195077339146701
3,2,145416.23695277283,0.5605,2.7416754,0.620286015117493
3,2,145421.23695355514,0.5605,2.742248,0.621064297365937
3,2,145426.23695433745,0.5605,2.7426872,0.6218425772523252
3,2,145431.23695511976,0.5605,2.7434318,0.6226208588196271
3,2,145436.23695590207,0.5605,2.7440808,0.6233991425008576
3,2,145441.23695668438,0.5605,2.7446725,0.6241774270802439
3,2,145446.2369574667,0.5605,2.7450926,0.6249557105015187
3,2,145451.236958249,0.5605,2.7458372,0.6257339921579362
3,2,145456.23695903132,0.5605,2.746429,0.6265122769370081
3,2,145461.23695981363,0.5605,2.747116,0.6272905607714224
3,2,145466.23696059594,0.5605,2.7476697,0.6280688435310193
3,2,145471.23696137825,0.5605,2.7483761,0.6288471272031071
3,2,145476.23696216056,0.5605,2.7487578,0.6296254116427934
3,2,145481.2369629424,0.5605,2.7495596,0.6304036938480505
3,2,145486.23696372472,0.5605,2.750075,0.6311819759317341
3,2,145491.23696450703,0.5605,2.750667,0.6319602607575691
3,2,145496.23696528934,0.5605,2.7515452,0.6327385456210113
3,2,145501.23696607165,0.5605,2.7520416,0.6335168307897683
3,2,145506.23696685396,0.5605,2.7527096,0.6342951183556188
3,2,145511.23696763627,0.5605,2.7533014,0.6350734079775779
3,2,145516.23696841858,0.5605,2.754046,0.6358516963425447
3,2,145521.2369692009,0.5605,2.7544467,0.6366299837124483
3,2,145526.2369699832,0.5605,2.755287,0.6374082691700759
3,2,145531.23697076552,0.5605,2.7555351,0.6381865548172628
3,2,145536.23697154783,0.5605,2.7564132,0.6389648390635221
3,2,145541.23697233014,0.5605,2.7567568,0.6397431238080166
3,2,145546.23697311245,0.5605,2.757234,0.6405214076701703
3,2,145551.23697389476,0.5605,2.757845,0.6412996926068633
3,2,145556.23697467707,0.5605,2.758494,0.6420779750625195
3,2,145561.23697545938,0.5605,2.759563,0.6428562561988204
3,2,145566.2369762417,0.5605,2.7601166,0.6436345376647713
3,2,145571.236977024,0.5605,2.760651,0.6444128207200933
3,2,145576.23697780631,0.5605,2.7617393,0.6451911046348382
3,2,145581.23697858863,0.5605,2.7622166,0.6459693913953538
3,2,145586.23697937094,0.5605,2.7630947,0.6467476804242632
3,2,145591.23698015325,0.5605,2.7638202,0.6475259679598148
3,2,145596.23698093556,0.5605,2.7643738,0.6483042551465334
3,2,145601.23698171787,0.5605,2.7649655,0.6490825433615349
3,2,145606.23698250018,0.5605,2.7658055,0.6498608298015729
3,2,145611.2369832825,0.5605,2.7664165,0.6506391125994492
3,2,145616.2369840648,0.5605,2.7672184,0.6514173959291281
3,2,145621.2369848471,0.5605,2.767753,0.6521956796204283
3,2,145626.23698562942,0.5605,2.7687073,0.6529739631444018
3,2,145631.23698641174,0.5605,2.7693756,0.6537522492563957
3,2,145636.23698719405,0.5605,2.7700245,0.6545305329074596
3,2,145641.23698797636,0.5605,2.7709217,0.6553088168275192
3,2,145646.23698875867,0.5605,2.7714372,0.656087100342201
3,2,145651.23698954098,0.5605,2.7720673,0.6568653845595355
3,2,145656.2369903233,0.5605,2.7729645,0.657643663029363
3,2,145661.2369911056,0.5605,2.7737854,0.6584219456064769
3,2,145666.2369918879,0.5605,2.774339,0.6592002281036048
3,2,145671.23699267022,0.5605,2.7751026,0.6599785091292728
3,2,145676.23699345253,0.5605,2.7757897,0.6607567906134595
3,2,145681.23699423485,0.5605,2.7705781,0.6615350708100799
3,2,145686.23699501716,0.5605,2.7717426,0.6623133511182503
3,2,145691.23699579947,0.5605,2.7744534,0.6630916337752577
3,2,145696.23699658178,0.5605,2.7768588,0.6638699174397227
3,2,145701.2369973641,0.5605,2.7777371,0.6646481992791299
3,2,145706.2369981464,0.5605,2.778806,0.6654264806199012
3,2,145711.2369989287,0.5605,2.779436,0.6662047596319057
3,2,145716.23699971102,0.5605,2.7803142,0.6669830367511118
3,2,145721.23700049333,0.5605,2.7812688,0.6677613156692258
3,2,145726.23700127564,0.5605,2.7818415,0.6685395975712775
3,2,145731.23700205795,0.5605,2.7824142,0.6693178773118494
3,2,145736.23700284027,0.5605,2.7834642,0.6700961593349879
3,2,145741.23700362258,0.5605,2.7840369,0.6708744407385328
3,2,145746.2370044049,0.5605,2.784743,0.6716527195792104
3,2,145751.2370051872,0.5605,2.7853732,0.672430999678205
3,2,145756.2370059695,0.5605,2.7863085,0.6732092813008896
3,2,145761.23700675182,0.5605,2.7867668,0.673987561350313
3,2,145766.23700753413,0.5605,2.787683,0.6747658418949152
3,2,145771.23700831644,0.5605,2.786194,0.6755441198775541
3,2,145776.23700909875,0.5605,2.7858121,0.6763223947408767
3,2,145781.23700988106,0.5605,2.7862513,0.6771006708994513
3,2,145786.23701066338,0.5605,2.7869577,0.6778789527309806
3,2,145791.2370114457,0.5605,2.7875113,0.6786572334600096
3,2,145796.237012228,0.5605,2.7882366,0.679435512918092
3,2,145801.2370130103,0.5605,2.788943,0.6802137918759424
3,2,145806.23701379262,0.5605,2.7894585,0.6809920685195531
3,2,145811.23701457493,0.5605,2.7909665,0.6817703454623029
3,2,145816.23701535724,0.5605,2.7928183,0.6825486225986354
3,2,145821.23701613955,0.5605,2.7952428,0.6833268998509981
3,2,145826.23701692186,0.5605,2.7951283,0.6841051743539278
3,2,145831.23701770417,0.5605,2.7955291,0.684883449223032
3,2,145836.23701848648,0.5605,2.7966173,0.6856617236019543
3,2,145841.2370192688,0.5605,2.79761,0.6864399991714561
3,2,145846.2370200511,0.5605,2.7984118,0.6872182731273708
3,2,145851.23702083342,0.5605,2.7989464,0.6879965476249328
3,2,145856.23702161573,0.5605,2.7997863,0.6887748200828072
3,2,145861.23702239827,0.5605,2.800168,0.6895530898405615
3,2,145866.23702318058,0.5605,2.8010464,0.6903313586983022
3,2,145871.2370239629,0.5605,2.8016,0.6911096277186908
3,2,145876.2370247452,0.5605,2.8020961,0.6918878981624316
3,2,145881.23702552752,0.5605,2.8019817,0.6926661667066187
3,2,145886.23702630983,0.5605,2.8028598,0.6934444414854782
3,2,145891.23702709214,0.5605,2.8036044,0.6942227176751135
3,2,145896.23702787445,0.5605,2.8044062,0.6950009944445958
3,2,145901.23702865676,0.5605,2.8051507,0.6957792680904571
3,2,145906.23702943907,0.5605,2.8058953,0.6965575410128803
3,2,145911.23703022138,0.5605,2.8067353,0.6973358153704674
3,2,145916.2370310037,0.5605,2.807308,0.698114090591696
3,2,145921.237031786,0.5605,2.8082242,0.6988923658894206
3,2,145926.23703256832,0.5605,2.8093314,0.6996706379851605
3,2,145931.23703335063,0.5605,2.809656,0.7004489145928362
3,2,145936.23703413294,0.5605,2.8110497,0.7012271921303874
3,2,145941.23703491525,0.5605,2.8114314,0.7020054681926972
3,2,145946.23703569756,0.5605,2.8120232,0.7027837455575936
3,2,145951.23703647987,0.5605,2.8129778,0.7035620227135261
3,2,145956.23703726218,0.5605,2.8136268,0.7043403003910853
3,2,145961.2370380445,0.5605,2.8141613,0.705118575843623
3,2,145966.2370388268,0.5605,2.8146005,0.7058968479450916
3,2,145971.2370396091,0.5605,2.8155358,0.7066751207332519
3,2,145976.23704039142,0.5605,2.8154213,0.7074533960810145
3,2,145981.23704117374,0.5605,2.815574,0.7082316709163428
3,2,145986.23704195605,0.5605,2.8159177,0.7090099470155015
3,2,145991.23704273836,0.5605,2.816815,0.7097882235968087
3,2,145996.23704352067,0.5605,2.8204992,0.7105664976376203
3,2,146001.23704430298,0.5605,2.8207474,0.711344770497134
3,2,146006.2370450853,0.5605,2.8209193,0.7121230455733478
3,2,146011.2370458676,0.5605,2.8218164,0.7129013240121179
3,2,146016.2370466499,0.5605,2.8226757,0.7136795978987753
3,2,146021.23704743222,0.5605,2.8231528,0.7144578719008472
3,2,146026.23704821453,0.5605,2.8256729,0.7152361452577319
3,2,146031.23704899685,0.5605,2.8262837,0.7160144208567347
3,2,146036.23704977916,0.5605,2.82741,0.7167926951040996
3,2,146041.23705056147,0.5605,2.8282309,0.7175709721766683
3,2,146046.23705134378,0.5605,2.829109,0.7183492488100403
3,2,146051.2370521261,0.5605,2.829968,0.719127526736333
3,2,146056.2370529084,0.5605,2.8307316,0.719905807714145
3,2,146061.2370536907,0.5605,2.83161,0.7206840876635519
3,2,146066.23705447302,0.5605,2.8326597,0.7214623681779379
3,2,146071.23705525533,0.5605,2.8334997,0.7222406469539511
3,2,146076.23705603764,0.5605,2.8344162,0.723018924159766
3,2,146081.23705681995,0.5605,2.8353705,0.7237972027990495
3,2,146086.23705760227,0.5605,2.8363824,0.7245754783827836
3,2,146091.23705838458,0.5605,2.8372033,0.7253537522418043
3,2,146096.2370591669,0.5605,2.840105,0.7261320291827296
3,2,146101.2370599492,0.5605,2.8414223,0.7269103052441486
3,2,146106.2370607315,0.5605,2.8421667,0.7276885809119087
3,2,146111.23706151382,0.5605,2.843045,0.7284668564609694
3,2,146116.23706229613,0.5605,2.8440566,0.7292451341224983
3,2,146121.23706307844,0.5605,2.8452213,0.7300234154489909
3,2,146126.23706386075,0.5605,2.846004,0.7308016971604235
3,2,146131.23706464306,0.5605,2.8470156,0.7315799757549009
3,2,146136.23706542538,0.5605,2.8463857,0.7323582531716831
3,2,146141.2370662077,0.5605,2.8490202,0.7331365309423713
3,2,146146.23706699,0.5605,2.8503947,0.7339148086096818
3,2,146151.2370677723,0.5605,2.8515592,0.7346930880879768
3,2,146156.23706855462,0.5605,2.8526092,0.7354713670945938
3,2,146161.2370693367,0.5605,2.8538501,0.7362496441801729
3,2,146166.237070119,0.5605,2.8548427,0.7370279250974233
3,2,146171.23707090132,0.5605,2.8560836,0.7378062095572361
3,2,146176.23707168363,0.5605,2.8571146,0.7385844883614687
3,2,146181.23707246594,0.5605,2.8582218,0.7393627679416048
3,2,146186.23707324825,0.5605,2.859348,0.7401410487057575
3,2,146191.23707403056,0.5605,2.8608563,0.740919326508715
3,2,146196.23707481287,0.5605,2.8622117,0.7416976074086502
3,2,146201.23707559519,0.5605,2.8636625,0.7424758893216525
3,2,146206.2370763775,0.5605,2.8649225,0.7432541730793524
3,2,146211.2370771598,0.5605,2.8662205,0.7440324543221734
3,2,146216.23707794212,0.5605,2.8674805,0.7448107335355025
3,2,146221.23707872443,0.5605,2.8691413,0.7455890126109826
3,2,146226.23707950674,0.5605,2.8706114,0.7463672901390169
3,2,146231.23708028905,0.5605,2.871986,0.7471455665500668
3,2,146236.23708107136,0.5605,2.8734558,0.7479238441440769
3,2,146241.23708185367,0.5605,2.8749065,0.7487021212131918
3,2,146246.23708263598,0.5605,2.876644,0.7494803967710045
3,2,146251.2370834183,0.5605,2.877942,0.7502586746107347
3,2,146256.2370842006,0.5605,2.879622,0.7510369508353512
3,2,146261.23708498292,0.5605,2.8811684,0.7518152281184071
3,2,146266.23708576523,0.5605,2.8826954,0.7525935061462627
3,2,146271.23708654754,0.5605,2.8843372,0.7533717810132708
3,2,146276.23708732985,0.5605,2.885979,0.7541500539569597
3,2,146281.23708811216,0.5605,2.8879454,0.7549283240850839
3,2,146286.23708889447,0.5605,2.8897016,0.7557065948551734
3,2,146291.23708967678,0.5605,2.8914962,0.7564848693041544
3,2,146296.2370904591,0.5605,2.8935196,0.7572631440499995
3,2,146301.2370912414,0.5605,2.895066,0.7580414174350938
3,2,146306.23709202372,0.5605,2.8968222,0.7588196915531431
3,2,146311.23709280603,0.5605,2.8985214,0.7595979685567659
3,2,146316.23709358834,0.5605,2.891458,0.7603762457462425
3,2,146321.23709437065,0.5605,2.8913815,0.7611545225254206
3,2,146326.23709515296,0.5605,2.892928,0.7619328016149576
3,2,146331.23709593527,0.5605,2.8945315,0.762711078662807
3,2,146336.23709671758,0.5605,2.8936725,0.7634893522634383
3,2,146341.2370974999,0.5605,2.9066348,0.7642676247188491
3,2,146346.2370982822,0.5605,2.911178,0.7650458949314829
3,2,146351.2370990645,0.5605,2.9142518,0.7658241657197816
3,2,146356.23709984683,0.5605,2.917039,0.7666024383684837
3,2,146361.23710062914,0.5605,2.9195015,0.7673807129406442
3,2,146366.23710141145,0.5605,2.9220023,0.7681589882381205
3,2,146371.23710219376,0.5605,2.924465,0.7689372637328151
3,2,146376.23710297607,0.5605,2.926565,0.7697155397136222
3,2,146381.23710375838,0.5605,2.929104,0.7704938120813711
3,2,146386.2371045407,0.5605,2.9308603,0.7712720812443373
3,2,146391.237105323,0.5605,2.9324448,0.7720503533981321
3,2,146396.2371061053,0.5605,2.9338765,0.7728286228876357
3,2,146401.23710688762,0.5605,2.9309366,0.7736068931748381
3,2,146406.23710766993,0.5605,2.931815,0.7743851650647863
3,2,146411.23710845225,0.5605,2.9326549,0.7751634360043251
3,2,146416.23710923456,0.5605,2.933571,0.7759417094933401
3,2,146421.23711001687,0.5605,2.9359002,0.7767199826748944
3,2,146426.23711079918,0.5605,2.9410737,0.7774982558410409
3,2,146431.2371115815,0.5605,2.948996,0.7782765265421348
3,2,146436.2371123638,0.5605,2.9467244,0.7790547990058505
3,2,146441.2371131461,0.5605,2.9497216,0.7798330718663511
3,2,146446.23711392842,0.5605,2.9512677,0.7806113416414338
3,2,146451.23711471073,0.5605,2.958274,0.781389608075133
3,2,146456.23711549304,0.5605,2.957625,0.7821678728759333
3,2,146461.23711627536,0.5605,2.9625692,0.7829461386393319
3,2,146466.23711705767,0.5605,2.965051,0.7837244048518053
3,2,146471.23711783998,0.5605,2.9665782,0.7845026712425627
3,2,146476.2371186223,0.5605,2.9627411,0.7852809364967059
3,2,146481.2371194046,0.5605,2.9661775,0.7860592014460376
3,2,146486.2371201869,0.5605,2.9718664,0.7868374660304001
3,2,146491.23712096922,0.5605,2.9749207,0.7876157309965403
3,2,146496.23712175153,0.5605,2.977307,0.7883939977463892
3,2,146501.23712253384,0.5605,2.9795597,0.7891722655296899
3,2,146506.23712331615,0.5605,2.9777842,0.7899505358910802
3,2,146511.23712409846,0.5605,2.980266,0.7907288053363571
3,2,146516.23712488078,0.5605,2.9847903,0.7915070759320865
3,2,146521.2371256631,0.5605,2.9876158,0.7922853467529359
3,2,146526.2371264454,0.5605,2.9898303,0.7930636175930609
3,2,146531.2371272277,0.5605,2.9918537,0.7938418873935617
3,2,146536.23712801002,0.5605,2.9937246,0.7946201607364393
3,2,146541.2371287921,0.5605,2.995481,0.795398435616736
3,2,146546.2371295744,0.5605,2.99718,0.7961767085968001
3,2,146551.23713035672,0.5605,2.9988408,0.7969549834945477
3,2,146554.82873091922,0.5605,3.0001771,0.7975140314656937
3,2,146554.82893091923,0.5605,3.0000436,0.7975140625954446
4,1,146554.8297309192,-0.5605,2.9492364,-6.165977981355456e-08
4,1,146559.82973170152,-0.5605,2.5071893,-0.0007787623638411363
4,1,146564.82973248383,-0.5605,2.3680782,-0.001557462987638182
4,1,146569.82973326615,-0.5605,2.2701833,-0.002336163660917017
4,1,146574.82973404846,-0.5605,2.1942801,-0.003114866961416271
4,1,146579.82973483077,-0.5605,2.134432,-0.0038935664670666057
4,1,146584.82973561308,-0.5605,2.0875273,-0.004672264989087979
4,1,146589.8297363954,-0.5605,2.049824,-0.005450967285788721
4,1,146594.8297371777,-0.5605,2.018325,-0.006229672347767485
4,1,146599.82973796,-0.5605,1.9907013,-0.007008375199473566
4,1,146604.82973874232,-0.5605,1.965273,-0.0077870785808033405
4,1,146609.82973952463,-0.5605,1.9420974,-0.008565782019462849
4,1,146614.82974030694,-0.5605,1.9202008,-0.00934448300627205
4,1,146619.82974108926,-0.5605,1.8998506,-0.010123181032733783
4,1,146624.82974187157,-0.5605,1.8808557,-0.010901880826337468
4,1,146629.82974265388,-0.5605,1.8633118,-0.011680577309429644
4,1,146634.8297434362,-0.5605,1.8471804,-0.012459276913705799
4,1,146639.8297442185,-0.5605,1.8328437,-0.013237976590633391
4,1,146644.8297450008,-0.5605,1.8204159,-0.014016674451294871
4,1,146649.82974578312,-0.5605,1.8095726,-0.014795373727566665
4,1,146654.82974656543,-0.5605,1.8003137,-0.015574072024044063
4,1,146659.82974734774,-0.5605,1.7927349,-0.016352770152419805
4,1,146664.82974813005,-0.5605,1.7867024,-0.017131466807454823
4,1,146669.82974891237,-0.5605,1.7819489,-0.01791016210962004
4,1,146674.82974969468,-0.5605,1.778169,-0.01868885942545202
4,1,146679.829750477,-0.5605,1.7753818,-0.019467554457846613
4,1,146684.8297512593,-0.5605,1.7734346,-0.020246248397148316
4,1,146689.8297520416,-0.5605,1.7720219,-0.021024943916840684
4,1,146694.82975282392,-0.5605,1.771182,-0.021803640085677305
4,1,146699.82975360623,-0.5605,1.7706283,-0.02258234115286668
4,1,146704.82975438854,-0.5605,1.7703038,-0.023361043765273357
4,1,146709.82975517085,-0.5605,1.7699983,-0.02413974776906437
4,1,146714.82975595316,-0.5605,1.770151,-0.024918449376897675
4,1,146719.82975673547,-0.5605,1.770132,-0.025697154333157668
4,1,146724.8297575178,-0.5605,1.7701893,-0.026475859055512477
4,1,146729.8297583001,-0.5605,1.7704566,-0.027254561769598055
4,1,146734.8297590824,-0.5605,1.770762,-0.02803326455243428
4,1,146739.82975986472,-0.5605,1.7708575,-0.028811964921868504
4,1,146744.82976064703,-0.5605,1.7711055,-0.029590663733628054
4,1,146749.82976142934,-0.5605,1.7712201,-0.030369364043662937
4,1,146754.82976221165,-0.5605,1.771621,-0.03114806450086169
4,1,146759.82976299396,-0.5605,1.7717929,-0.0319267691924605
4,1,146764.82976377627,-0.5605,1.772041,-0.03270547463458113
4,1,146769.82976455858,-0.5605,1.7721938,-0.03348417834086549
4,1,146774.8297653409,-0.5605,1.7725374,-0.03426288445645569
4,1,146779.8297661232,-0.5605,1.7725564,-0.03504158858405218
4,1,146784.82976690552,-0.5605,1.7728428,-0.03582029048174287
4,1,146789.82976768783,-0.5605,1.7730337,-0.03659899188920523
4,1,146794.82976847014,-0.5605,1.7731674,-0.037377692923287534
4,1,146799.82976925245,-0.5605,1.7734346,-0.03815639573892287
4,1,146804.82977003476,-0.5605,1.7734919,-0.038935098182121895
4,1,146809.82977081707,-0.5605,1.7737782,-0.03971380160770481
4,1,146814.82977159938,-0.5605,1.7739882,-0.04049250501078366
4,1,146819.8297723818,-0.5605,1.7739309,-0.041271208974871354
4,1,146824.82977316412,-0.5605,1.774141,-0.042049912176665316
4,1,146829.82977394643,-0.5605,1.77416,-0.042828612248460435
4,1,146834.82977472874,-0.5605,1.7744082,-0.043607311921613066
4,1,146839.82977551105,-0.5605,1.7743127,-0.04438601624846788
4,1,146844.82977629337,-0.5605,1.7744464,-0.04516471769639517
4,1,146849.82977707568,-0.5605,1.7745991,-0.04594341664759979
4,1,146854.829777858,-0.5605,1.7747518,-0.046722117052021936
4,1,146859.8297786403,-0.5605,1.7748282,-0.04750081146941912
4,1,146864.8297794226,-0.5605,1.7749237,-0.048279508606702076
4,1,146869.82978020492,-0.5605,1.7749618,-0.0490582089749409
4,1,146874.82978098723,-0.5605,1.7751527,-0.04983690981042715
4,1,146879.82978176954,-0.5605,1.7751145,-0.05061560875236324
4,1,146884.82978255185,-0.5605,1.7752672,-0.05139430755288069
4,1,146889.82978333416,-0.5605,1.7751336,-0.0521730074965192
4,1,146894.82978411647,-0.5605,1.7751719,-0.05295170651091799
4,1,146899.8297848988,-0.5605,1.775191,-0.05373040318221183
4,1,146904.8297856811,-0.5605,1.7754009,-0.05450910181976688
4,1,146909.8297864634,-0.5605,1.7753437,-0.05528780386465786
4,1,146914.82978724572,-0.5605,1.7754009,-0.05606650635300409
4,1,146919.82978802803,-0.5605,1.77542,-0.05684520713551175
4,1,146924.82978881034,-0.5605,1.7753818,-0.05762391038478412
4,1,146929.82978959265,-0.5605,1.7755154,-0.058402613635632705
4,1,146934.82979037496,-0.5605,1.7754964,-0.05918131256884334
4,1,146939.82979115727,-0.5605,1.775439,-0.05996000969300003
4,1,146944.82979193958,-0.5605,1.7755727,-0.06073870919731588
4,1,146949.8297927219,-0.5605,1.7754964,-0.061517409873081554
4,1,146954.8297935042,-0.5605,1.7754964,-0.062296109926982035
4,1,146959.82979428652,-0.5605,1.7755154,-0.0630748065059549
4,1,146964.82979506883,-0.5605,1.7755154,-0.06385350207804306
4,1,146969.82979585114,-0.5605,1.77542,-0.06463219987175528
4,1,146974.82979663345,-0.5605,1.7755345,-0.06541090027875698
4,1,146979.82979741576,-0.5605,1.7755154,-0.0661896005656189
4,1,146984.82979819807,-0.5605,1.7755154,-0.0669683030649655
4,1,146989.82979898038,-0.5605,1.7755919,-0.0677470042843752
4,1,146994.8297997627,-0.5605,1.7754773,-0.06852570548244645
4,1,146999.829800545,-0.5605,1.7755345,-0.06930440918899904
4,1,147004.82980132732,-0.5605,1.7756681,-0.07008311203174455
4,1,147009.82980210963,-0.5605,1.7754964,-0.07086181730279323
4,1,147014.82980289194,-0.5605,1.7755536,-0.0716405265861087
4,1,147019.82980367425,-0.5605,1.7753437,-0.07241923429860998
4,1,147024.82980445656,-0.5605,1.7753627,-0.07319794355328874
4,1,147029.82980523887,-0.5605,1.7753818,-0.07397664924610318
4,1,147034.82980602118,-0.5605,1.7754009,-0.07475535235083429
4,1,147039.8298068035,-0.5605,1.7752863,-0.07553405429186419
4,1,147044.8298075858,-0.5605,1.7753246,-0.07631275566805398
4,1,147049.82980836811,-0.5605,1.7752291,-0.07709145767072502
4,1,147054.82980915043,-0.5605,1.7752672,-0.07787015877745546
4,1,147059.82980993274,-0.5605,1.7752482,-0.07864886055732433
4,1,147064.82981071505,-0.5605,1.77521,-0.07942756419381496
4,1,147069.82981149736,-0.5605,1.775191,-0.08020626812387834
4,1,147074.82981227967,-0.5605,1.7750573,-0.0809849668602943
4,1,147079.82981306198,-0.5605,1.7751336,-0.08176366290386845
4,1,147084.8298138443,-0.5605,1.7749046,-0.08254236018038785
4,1,147089.8298146266,-0.5605,1.7750955,-0.08332105975851081
4,1,147094.8298154089,-0.5605,1.7749237,-0.08409975855014055
4,1,147099.82981619122,-0.5605,1.7749618,-0.08487845984426137
4,1,147104.82981697354,-0.5605,1.7748663,-0.085657158511228
4,1,147109.82981775585,-0.5605,1.77479,-0.08643585464620587
4,1,147114.82981853816,-0.5605,1.7747136,-0.087214556240648
4,1,147119.82981932024,-0.5605,1.7746564,-0.087993257351213
4,1,147124.82982010255,-0.5605,1.77479,-0.08877195776590702
4,1,147129.82982088486,-0.5605,1.7744845,-0.08955066149914262
4,1,147134.82982166717,-0.5605,1.77458,-0.09032936442993082
4,1,147139.82982244948,-0.5605,1.77458,-0.09110806456081401
4,1,147144.8298232318,-0.5605,1.7745037,-0.09188676060121255
4,1,147149.8298240141,-0.5605,1.7744654,-0.09266545699608322
4,1,147154.8298247964,-0.5605,1.7743127,-0.09344415729222691
4,1,147159.82982557872,-0.5605,1.7743701,-0.09422285905315475
4,1,147164.82982636103,-0.5605,1.7743127,-0.09500155824502306
4,1,147169.82982714335,-0.5605,1.7741982,-0.09578025882857041
4,1,147174.82982792566,-0.5605,1.7741982,-0.09655896011417439
4,1,147179.82982870797,-0.5605,1.7741219,-0.09733766176113484
4,1,147184.82982949028,-0.5605,1.7740073,-0.09811636029842162
4,1,147189.8298302726,-0.5605,1.7739118,-0.09889506111985442
4,1,147194.8298310549,-0.5605,1.7739309,-0.09967376089978877
4,1,147199.8298318372,-0.5605,1.7737591,-0.10045246206059717
4,1,147204.82983261952,-0.5605,1.77374,-0.10123116162190168
4,1,147209.82983340183,-0.5605,1.7737973,-0.10200985762602417
4,1,147214.82983418414,-0.5605,1.7736064,-0.10278855569204684
4,1,147219.82983496645,-0.5605,1.7734919,-0.1035672603988349
4,1,147224.82983574877,-0.5605,1.7735492,-0.10434596314487851
4,1,147229.82983653108,-0.5605,1.7733773,-0.10512466387041737
4,1,147234.8298373134,-0.5605,1.7733773,-0.10590336377200149
4,1,147239.8298380957,-0.5605,1.7731291,-0.10668206524658862
4,1,147244.829838878,-0.5605,1.7731483,-0.10746076474811961
4,1,147249.82983966032,-0.5605,1.7731291,-0.10823946484931306
4,1,147254.82984044263,-0.5605,1.7730719,-0.10901816310821966
4,1,147259.82984122494,-0.5605,1.7730719,-0.10979686126390757
4,1,147264.82984200725,-0.5605,1.772881,-0.11057555897944167
4,1,147269.82984278956,-0.5605,1.7727474,-0.11135425609442255
4,1,147274.82984357188,-0.5605,1.77269,-0.11213295579368202
4,1,147279.8298443542,-0.5605,1.7726138,-0.11291165724633463
4,1,147284.8298451365,-0.5605,1.7725946,-0.11369035684612719
4,1,147289.8298459188,-0.5605,1.7725755,-0.11446905810690583
4,1,147294.82984670112,-0.5605,1.7723656,-0.11524775918698306
4,1,147299.82984748343,-0.5605,1.7723273,-0.11602646075507331
4,1,147304.82984826574,-0.5605,1.7722892,-0.11680516102318295
4,1,147309.82984904805,-0.5605,1.7721555,-0.11758385993014105
4,1,147314.82984983036,-0.5605,1.7720602,-0.11836255606632426
4,1,147319.82985061267,-0.5605,1.7720028,-0.11914125486341776
4,1,147324.82985139498,-0.5605,1.7718692,-0.11991995609392386
4,1,147329.8298521773,-0.5605,1.7717355,-0.12069865764171211
4,1,147334.8298529596,-0.5605,1.7717929,-0.12147735639914535
4,1,147339.82985374192,-0.5605,1.7716401,-0.12225605528564581
4,1,147344.82985452423,-0.5605,1.7715638,-0.12303475695613023
4,1,147349.82985530654,-0.5605,1.7715064,-0.12381345953689014
4,1,147354.82985608885,-0.5605,1.771392,-0.12459215997855196
4,1,147359.82985687116,-0.5605,1.7713156,-0.12537086176433493
4,1,147364.82985765347,-0.5605,1.7712774,-0.12614956282268294
4,1,147369.82985843578,-0.5605,1.7711247,-0.12692826219691167
4,1,147374.8298592181,-0.5605,1.7710674,-0.1277069625141256
4,1,147379.8298600004,-0.5605,1.7709337,-0.1284856601216263
4,1,147384.82986078272,-0.5605,1.7709528,-0.12926435999797117
4,1,147389.82986156503,-0.5605,1.770762,-0.130043060188512
4,1,147394.82986234734,-0.5605,1.7707429,-0.13082175880561933
4,1,147399.82986312965,-0.5605,1.7705519,-0.13160045725825095
4,1,147404.82986391196,-0.5605,1.7704566,-0.13237915384208823
4,1,147409.82986469427,-0.5605,1.7703038,-0.13315785149925946
4,1,147414.82986547658,-0.5605,1.7703229,-0.1339365499944786
4,1,147419.8298662589,-0.5605,1.7700366,-0.1347152468078964
4,1,147424.8298670412,-0.5605,1.7699792,-0.1354939559236069
4,1,147429.82986782352,-0.5605,1.7700938,-0.1362726694430609
4,1,147434.82986860583,-0.5605,1.769922,-0.13705137105576856
4,1,147439.82986938814,-0.5605,1.7697501,-0.13783007324993937
4,1,147444.82987017045,-0.5605,1.7697884,-0.13860877416619655
4,1,147449.82987095276,-0.5605,1.7696165,-0.13938747684592667
4,1,147454.82987173507,-0.5605,1.769502,-0.1401661784376634
4,1,147459.82987251738,-0.5605,1.7693875,-0.1409448765499426
4,1,147464.8298732997,-0.5605,1.7692538,-0.1417235758831302
4,1,147469.829874082,-0.5605,1.7691393,-0.14250227802954446
4,1,147474.8298748643,-0.5605,1.7691011,-0.14328097948647536
4,1,147479.82987564662,-0.5605,1.7690057,-0.14405968053356472
4,1,147484.82987642894,-0.5605,1.7688148,-0.14483838033113874
4,1,147489.82987721125,-0.5605,1.7688148,-0.14561708317143715
4,1,147494.82987799356,-0.5605,1.7687384,-0.14639578255998423
4,1,147499.82987877587,-0.5605,1.7686238,-0.14717448137252195
4,1,147504.82987955818,-0.5605,1.7684902,-0.14795318189945153
4,1,147509.8298803405,-0.5605,1.7683184,-0.14873188272788457
4,1,147514.8298811228,-0.5605,1.768242,-0.14951058087036342
4,1,147519.8298819051,-0.5605,1.7680893,-0.15028928262421817
4,1,147524.82988268742,-0.5605,1.7680893,-0.15106798312313025
4,1,147529.82988346973,-0.5605,1.7678411,-0.15184668324029774
4,1,147534.82988425205,-0.5605,1.7678602,-0.15262538355937266
4,1,147539.82988503436,-0.5605,1.7677457,-0.15340408435721195
4,1,147544.82988581667,-0.5605,1.7677267,-0.1541827824267844
4,1,147549.82988659898,-0.5605,1.767593,-0.15496148489540149
4,1,147554.8298873813,-0.5605,1.7674402,-0.15574019103618128
4,1,147559.8298881636,-0.5605,1.7673258,-0.15651889772100247
4,1,147564.8298889459,-0.5605,1.7673066,-0.157297600047234
4,1,147569.82988972822,-0.5605,1.7671729,-0.15807630450939136
4,1,147574.82989051053,-0.5605,1.7669249,-0.1588550058246884
4,1,147579.82989129284,-0.5605,1.7668675,-0.1596337035498089
4,1,147584.82989207515,-0.5605,1.7668484,-0.16041240110190377
4,1,147589.82989285747,-0.5605,1.766543,-0.16119109880656335
4,1,147594.82989363978,-0.5605,1.7665048,-0.16196979530829853
4,1,147599.8298944221,-0.5605,1.766352,-0.16274849096547894
4,1,147604.8298952044,-0.5605,1.7661994,-0.1635271856635842
4,1,147609.8298959867,-0.5605,1.7662184,-0.16430587825529774
4,1,147614.82989676902,-0.5605,1.7660657,-0.1650845694277419
4,1,147619.82989755133,-0.5605,1.7658939,-0.1658632599547042
4,1,147624.82989833364,-0.5605,1.7657794,-0.16664195061176354
4,1,147629.82989911595,-0.5605,1.7658175,-0.1674206410508189
4,1,147634.82989989826,-0.5605,1.7655503,-0.16819933233742915
4,1,147639.82990068058,-0.5605,1.7654358,-0.16897802220786282
4,1,147644.8299014629,-0.5605,1.7652639,-0.16975671312022542
4,1,147649.8299022452,-0.5605,1.7653213,-0.17053540272681583
4,1,147654.8299030275,-0.5605,1.7651685,-0.17131409142060414
4,1,147659.82990380982,-0.5605,1.765054,-0.17209278295521274
4,1,147664.82990459213,-0.5605,1.764863,-0.17287147319284416
4,1,147669.82990537444,-0.5605,1.7648249,-0.17365016212816706
4,1,147674.82990615675,-0.5605,1.7645576,-0.17442885333775154
4,1,147679.82990693906,-0.5605,1.7645767,-0.1752075433552034
4,1,147684.82990772137,-0.5605,1.7643285,-0.17598623459778565
4,1,147689.82990850369,-0.5605,1.7643285,-0.17676492284042308
4,1,147694.829909286,-0.5605,1.7643094,-0.17754361199908458
4,1,147699.8299100683,-0.5605,1.7639849,-0.17832230233899093
4,1,147704.82991085062,-0.5605,1.7638322,-0.17910099253864092
4,1,147709.82991163293,-0.5605,1.7636222,-0.17987968454800052
4,1,147714.82991241524,-0.5605,1.763794,-0.18065837562359374
4,1,147719.82991319709,-0.5605,1.7634695,-0.18143706746938495
4,1,147724.8299139794,-0.5605,1.7634122,-0.18221575869749654
4,1,147729.8299147617,-0.5605,1.7634504,-0.18299444781692825
4,1,147734.82991554402,-0.5605,1.7632786,-0.1837731373660333
4,1,147739.82991632633,-0.5605,1.763164,-0.18455182556471564
4,1,147744.82991710864,-0.5605,1.7630686,-0.18533051094338301
4,1,147749.82991789095,-0.5605,1.7628968,-0.186109196992298
4,1,147754.82991867326,-0.5605,1.762725,-0.18688788576488036
4,1,147759.82991945557,-0.5605,1.7626867,-0.1876665740639038
4,1,147764.82992023788,-0.5605,1.762534,-0.18844526418676313
4,1,147769.8299210202,-0.5605,1.7623432,-0.1892239549493757
4,1,147774.8299218025,-0.5605,1.7622095,-0.19000264708976947
4,1,147779.82992258482,-0.5605,1.7621905,-0.19078133727843896
4,1,147784.82992336713,-0.5605,1.7620186,-0.19156002502174513
4,1,147789.82992414944,-0.5605,1.7619613,-0.19233871052477097
4,1,147794.82992493175,-0.5605,1.7617322,-0.19311739640927647
4,1,147799.82992571406,-0.5605,1.7615986,-0.193896080229491
4,1,147804.82992649637,-0.5605,1.7614077,-0.19467476279120646
4,1,147809.82992727868,-0.5605,1.7613122,-0.19545344596067735
4,1,147814.829928061,-0.5605,1.7611595,-0.19623212977077564
4,1,147819.8299288433,-0.5605,1.7609878,-0.1970108129430612
4,1,147824.82992962562,-0.5605,1.7610259,-0.1977894981159634
4,1,147829.82993040793,-0.5605,1.760835,-0.19856818197423884
4,1,147834.82993119024,-0.5605,1.7607014,-0.19934686698028778
4,1,147839.82993197255,-0.5605,1.7605486,-0.20012555376241276
4,1,147844.82993275486,-0.5605,1.7603387,-0.20090424159755313
4,1,147849.82993353717,-0.5605,1.7603577,-0.20168292788670464
4,1,147854.82993431948,-0.5605,1.760205,-0.20246161513372596
4,1,147859.8299351018,-0.5605,1.7601286,-0.2032403036906885
4,1,147864.8299358841,-0.5605,1.7599568,-0.20401899289614958
4,1,147869.8299366664,-0.5605,1.759766,-0.2047976851027244
4,1,147874.82993744873,-0.5605,1.7596896,-0.20557637252419195
4,1,147879.82993823104,-0.5605,1.7596133,-0.20635505527673498
4,1,147884.82993901335,-0.5605,1.7594414,-0.20713373874705368
4,1,147889.82993979566,-0.5605,1.7592314,-0.2079124202631646
4,1,147894.82994057797,-0.5605,1.7592314,-0.20869110366248755
4,1,147899.82994136028,-0.5605,1.7589259,-0.20946978686265483
4,1,147904.8299421426,-0.5605,1.7587541,-0.2102484722549783
4,1,147909.8299429249,-0.5605,1.7587541,-0.21102715708360079
4,1,147914.8299437072,-0.5605,1.7587351,-0.21180584215642348
4,1,147919.82994448952,-0.5605,1.7586014,-0.21258452860219945
4,1,147924.82994527183,-0.5605,1.7583151,-0.21336321335457104
4,1,147929.82994605415,-0.5605,1.7583532,-0.21414189628577898
4,1,147934.82994683646,-0.5605,1.7580669,-0.21492058212966061
4,1,147939.82994761877,-0.5605,1.7580097,-0.21569926481240992
4,1,147944.82994840108,-0.5605,1.7578951,-0.2164779504880707
4,1,147949.8299491834,-0.5605,1.7576469,-0.21725663577227133
4,1,147954.8299499657,-0.5605,1.7576088,-0.2180353214720455
4,1,147959.829950748,-0.5605,1.7574751,-0.21881400540904872
4,1,147964.82995153032,-0.5605,1.7573034,-0.21959268718637034
4,1,147969.82995231263,-0.5605,1.757246,-0.22037137283909658
4,1,147974.82995309494,-0.5605,1.7570552,-0.22115005865816945
4,1,147979.82995387726,-0.5605,1.7570169,-0.2219287441290982
4,1,147984.82995465957,-0.5605,1.7566924,-0.22270742790734444
4,1,147989.82995544188,-0.5605,1.7566543,-0.2234861130517523
4,1,147994.8299562242,-0.5605,1.7566543,-0.22426480048254469
4,1,147999.8299570065,-0.5605,1.756387,-0.22504348474021757
4,1,148004.8299577888,-0.5605,1.7564061,-0.225822169441806
4,1,148009.82995857112,-0.5605,1.7561579,-0.22660085087965268
4,1,148014.82995935343,-0.5605,1.7560433,-0.2273795343489548
4,1,148019.82996013574,-0.5605,1.7559288,-0.22815821731682293
4,1,148024.82996091805,-0.5605,1.7559097,-0.22893690303143865
4,1,148029.82996170036,-0.5605,1.7557379,-0.2297155887921188
4,1,148034.82996248268,-0.5605,1.7554134,-0.2304942762871352
4,1,148039.829963265,-0.5605,1.7552798,-0.23127296151407564
4,1,148044.8299640473,-0.5605,1.7552415,-0.23205164672401551
4,1,148049.8299648296,-0.5605,1.7551079,-0.23283033211330575
4,1,148054.82996561192,-0.5605,1.7548789,-0.2336090183777346
4,1,148059.82996639423,-0.5605,1.7547643,-0.23438770457501548
4,1,148064.82996717654,-0.5605,1.754726,-0.23516639246403512
4,1,148069.82996795885,-0.5605,1.7546116,-0.23594508127884736
4,1,148074.82996874116,-0.5605,1.7544206,-0.23672376919703686
4,1,148079.82996952347,-0.5605,1.7543061,-0.23750246276374662
4,1,148084.8299703058,-0.5605,1.7542107,-0.23828115423059798
4,1,148089.8299710881,-0.5605,1.7540962,-0.2390598438733618
4,1,148094.8299718704,-0.5605,1.7538289,-0.23983853348095224
4,1,148099.82997265283,-0.5605,1.7537143,-0.24061722681581318
4,1,148104.82997343515,-0.5605,1.7535998,-0.24139591693428827
4,1,148109.82997421746,-0.5605,1.7534661,-0.24217460794570717
4,1,148114.82997499977,-0.5605,1.7533516,-0.24295329574370722
4,1,148119.82997578208,-0.5605,1.7532562,-0.24373198379900396
4,1,148124.8299765644,-0.5605,1.7530462,-0.24451066990682158
4,1,148129.8299773467,-0.5605,1.7528934,-0.24528935785764794
4,1,148134.829978129,-0.5605,1.7528553,-0.24606804672835278
4,1,148139.82997891132,-0.5605,1.7527598,-0.24684673548614985
4,1,148144.82997969363,-0.5605,1.7525116,-0.2476254201649726
4,1,148149.82998047594,-0.5605,1.7524353,-0.24840410319605477
4,1,148154.82998125826,-0.5605,1.752378,-0.2491827904936374
4,1,148159.82998204057,-0.5605,1.7522253,-0.24996147806498414
4,1,148164.82998282288,-0.5605,1.7520152,-0.25074016553282413
4,1,148169.8299836052,-0.5605,1.7518625,-0.2515188555034102
4,1,148174.8299843875,-0.5605,1.7518053,-0.2522975442216132
4,1,148179.8299851698,-0.5605,1.7516335,-0.2530762361719245
4,1,148184.82998595212,-0.5605,1.7514235,-0.2538549305714999
4,1,148189.82998673443,-0.5605,1.7513853,-0.2546336235590843
4,1,148194.82998751674,-0.5605,1.7511562,-0.2554123165947233
4,1,148199.82998829905,-0.5605,1.7511181,-0.2561910089090103
4,1,148204.82998908137,-0.5605,1.7509654,-0.2569696992116836
4,1,148209.82998986368,-0.5605,1.7507553,-0.25774838872902933
4,1,148214.829990646,-0.5605,1.7507553,-0.2585270772744915
4,1,148219.8299914283,-0.5605,1.7505262,-0.25930576641646697
4,1,148224.8299922106,-0.5605,1.7504499,-0.2600844551526143
4,1,148229.82999299292,-0.5605,1.7502208,-0.26086314234428276
4,1,148234.82999377523,-0.5605,1.7501062,-0.26164182859469787
4,1,148239.82999455754,-0.5605,1.7499154,-0.2624205142234266
4,1,148244.82999533985,-0.5605,1.7497436,-0.26319920076171893
4,1,148249.82999612216,-0.5605,1.7496672,-0.2639778863808149
4,1,148254.82999690447,-0.5605,1.7494763,-0.2647565728214152
4,1,148259.8299976868,-0.5605,1.7493618,-0.26553526005828715
4,1,148264.8299984691,-0.5605,1.7493236,-0.26631394755216775
4,1,148269.8299992514,-0.5605,1.7492281,-0.2670926353460253
4,1,148274.83000003372,-0.5605,1.7490754,-0.26787132147623105
4,1,148279.83000081603,-0.5605,1.7488272,-0.2686500061973367
4,1,148284.83000159834,-0.5605,1.748579,-0.26942869353491405
4,1,148289.83000238065,-0.5605,1.7486172,-0.27020738181830123
4,1,148294.83000316296,-0.5605,1.7484835,-0.27098607068843983
4,1,148299.83000394527,-0.5605,1.7482927,-0.27176475736980643
4,1,148304.83000472758,-0.5605,1.7480445,-0.2725434413780273
4,1,148309.8300055099,-0.5605,1.7478918,-0.27332212279941315
4,1,148314.8300062922,-0.5605,1.7478346,-0.2741008042513994
4,1,148319.83000707452,-0.5605,1.7476245,-0.27487948363886944
4,1,148324.83000785683,-0.5605,1.7474145,-0.27565816366785767
4,1,148329.83000863914,-0.5605,1.7474145,-0.27643684308372274
4,1,148334.83000942145,-0.5605,1.7472618,-0.27721552384713627
4,1,148339.83001020376,-0.5605,1.747109,-0.27799420411173836
4,1,148344.83001098607,-0.5605,1.7469182,-0.2787728852821092
4,1,148349.83001176838,-0.5605,1.7467082,-0.2795515682049857
4,1,148354.8300125507,-0.5605,1.7466128,-0.2803302508150505
4,1,148359.830013333,-0.5605,1.7465745,-0.28110893567924367
4,1,148364.83001411532,-0.5605,1.7463073,-0.2818876185128126
4,1,148369.83001489763,-0.5605,1.74625,-0.28266630001995297
4,1,148374.83001567994,-0.5605,1.7461736,-0.2834449830343359
4,1,148379.83001646225,-0.5605,1.7457918,-0.2842236707127856
4,1,148384.83001724456,-0.5605,1.7457536,-0.2850023561823567
4,1,148389.83001802687,-0.5605,1.7456391,-0.2857810421547956
4,1,148394.83001880895,-0.5605,1.7453718,-0.28655972894271214
4,1,148399.83001959126,-0.5605,1.7452765,-0.28733841756830614
4,1,148404.83002037357,-0.5605,1.7451237,-0.28811710622372894
4,1,148409.83002115588,-0.5605,1.7448946,-0.2888957952499059
4,1,148414.8300219382,-0.5605,1.7447991,-0.2896744852189952
4,1,148419.8300227205,-0.5605,1.7446846,-0.29045317202057774
4,1,148424.83002350281,-0.5605,1.7444173,-0.2912318595494032
4,1,148429.83002428513,-0.5605,1.7442646,-0.2920105448212856
4,1,148434.83002506744,-0.5605,1.7442074,-0.29278922812748953
4,1,148439.83002584975,-0.5605,1.7440928,-0.2935679134397441
4,1,148444.83002663206,-0.5605,1.7437491,-0.29434659744931596
4,1,148449.83002741437,-0.5605,1.7436347,-0.29512528477143585
4,1,148454.83002819668,-0.5605,1.7434819,-0.2959039709448484
4,1,148459.830028979,-0.5605,1.7434628,-0.2966826567554276
4,1,148464.8300297613,-0.5605,1.743291,-0.2974613393777047
4,1,148469.8300305436,-0.5605,1.743081,-0.2982400245298678
4,1,148474.83003132592,-0.5605,1.742871,-0.29901871136726615
4,1,148479.83003210824,-0.5605,1.7429283,-0.2997973991876875
4,1,148484.83003289055,-0.5605,1.7426419,-0.3005760854379602
4,1,148489.83003367286,-0.5605,1.7423365,-0.3013547723285524
4,1,148494.83003445517,-0.5605,1.7422601,-0.3021334557110967
4,1,148499.83003523748,-0.5605,1.7421647,-0.30291213950784024
4,1,148504.8300360198,-0.5605,1.7419928,-0.30369082660299884
4,1,148509.8300368021,-0.5605,1.7418401,-0.3044695177507534
4,1,148514.8300375844,-0.5605,1.7414966,-0.3052482076699503
4,1,148519.83003836672,-0.5605,1.7413056,-0.30602689783032083
4,1,148524.83003914903,-0.5605,1.7412674,-0.30680558618523357
4,1,148529.83003993134,-0.5605,1.7410575,-0.3075842744326725
4,1,148534.83004071366,-0.5605,1.740943,-0.30836296246487904
4,1,148539.83004149597,-0.5605,1.740752,-0.30914164890857876
4,1,148544.83004227828,-0.5605,1.7406566,-0.3099203329597282
4,1,148549.8300430606,-0.5605,1.740542,-0.3106990196840764
4,1,148554.8300438429,-0.5605,1.7402939,-0.3114777054485647
4,1,148559.8300446252,-0.5605,1.7400838,-0.3122563900155658
4,1,148564.83004540752,-0.5605,1.739893,-0.3130350739285881
4,1,148569.83004618983,-0.5605,1.739702,-0.31381375639661496
4,1,148574.83004697214,-0.5605,1.7396066,-0.31459244350442966
4,1,148579.83004775445,-0.5605,1.7394156,-0.31537112919964405
4,1,148584.83004853677,-0.5605,1.7393584,-0.3161498148410719
4,1,148589.83004931908,-0.5605,1.7391484,-0.31692849815120316
4,1,148594.8300501014,-0.5605,1.7390339,-0.3177071811081206
4,1,148599.8300508837,-0.5605,1.738862,-0.3184858679395816
4,1,148604.830051666,-0.5605,1.7386712,-0.3192645539249713
4,1,148609.83005244832,-0.5605,1.7385375,-0.32004323744016566
4,1,148614.83005323063,-0.5605,1.7383466,-0.3208219229388139
4,1,148619.83005401294,-0.5605,1.7380221,-0.3216006062100796
4,1,148624.83005479525,-0.5605,1.7378885,-0.32237929247725683
4,1,148629.83005557756,-0.5605,1.7377357,-0.3231579799310334
4,1,148634.83005635988,-0.5605,1.737564,-0.3239366689728996
4,1,148639.8300571422,-0.5605,1.7374113,-0.3247153539708489
4,1,148644.8300579245,-0.5605,1.7372584,-0.325494038358248
4,1,148649.8300587068,-0.5605,1.7370867,-0.32627272107832966
4,1,148654.83005948912,-0.5605,1.7369912,-0.32705140312822
4,1,148659.83006027143,-0.5605,1.7367622,-0.32783008483744996
4,1,148664.83006105374,-0.5605,1.7365521,-0.32860876828143337
4,1,148669.83006183605,-0.5605,1.7363994,-0.32938745277820697
4,1,148674.83006261836,-0.5605,1.7360749,-0.3301661375420789
4,1,148679.83006340067,-0.5605,1.7359413,-0.3309448216317826
4,1,148684.83006418298,-0.5605,1.7360749,-0.3317235048498081
4,1,148689.8300649653,-0.5605,1.7357312,-0.33250219050166346
4,1,148694.8300657476,-0.5605,1.7352922,-0.3332808740905358
4,1,148699.83006652992,-0.5605,1.7351967,-0.3340595606180728
4,1,148704.83006731223,-0.5605,1.7351967,-0.334838246280296
4,1,148709.83006809454,-0.5605,1.7348531,-0.33561693240088225
4,1,148714.83006887685,-0.5605,1.7348722,-0.33639561973606547
4,1,148719.83006965916,-0.5605,1.734624,-0.3371743066956335
4,1,148724.83007044147,-0.5605,1.7344904,-0.3379529938565758
4,1,148729.83007122378,-0.5605,1.7341659,-0.33873168116815555
4,1,148734.8300720061,-0.5605,1.7341276,-0.3395103686623143
4,1,148739.8300727884,-0.5605,1.733994,-0.3402890606727203
4,1,148744.83007357072,-0.5605,1.7337841,-0.3410677505773074
4,1,148749.83007435303,-0.5605,1.733574,-0.3418464383835594
4,1,148754.83007513534,-0.5605,1.7333832,-0.34262512749599083
4,1,148759.83007591765,-0.5605,1.7333832,-0.3434038131121463
4,1,148764.83007669996,-0.5605,1.7331159,-0.3441824966368377
4,1,148769.83007748227,-0.5605,1.7328296,-0.34496117999173204
4,1,148774.83007826447,-0.5605,1.7328105,-0.34573986589435735
4,1,148779.83007904678,-0.5605,1.7324287,-0.346518552709192
4,1,148784.8300798291,-0.5605,1.7324477,-0.3472972367733816
4,1,148789.8300806114,-0.5605,1.7320659,-0.34807592020477846
4,1,148794.8300813937,-0.5605,1.7320659,-0.34885460322690337
4,1,148799.83008217602,-0.5605,1.7317605,-0.34963328877890104
4,1,148804.83008295833,-0.5605,1.7316269,-0.3504119729969998
4,1,148809.83008374064,-0.5605,1.7313596,-0.3511906564652588
4,1,148814.83008452295,-0.5605,1.731226,-0.3519693400934901
4,1,148819.83008530526,-0.5605,1.7309396,-0.3527480204270449
4,1,148824.83008608758,-0.5605,1.7309587,-0.3535267014874286
4,1,148829.8300868699,-0.5605,1.7307487,-0.3543053873838385
4,1,148834.8300876522,-0.5605,1.7305006,-0.35508407133264014
4,1,148839.8300884345,-0.5605,1.7301378,-0.3558627572931912
4,1,148844.83008921682,-0.5605,1.7301188,-0.3566414425257676
4,1,148849.83008999913,-0.5605,1.7298132,-0.3574201266898215
4,1,148854.83009078144,-0.5605,1.729756,-0.3581988103479478
4,1,148859.83009156375,-0.5605,1.7294315,-0.358977493136492
4,1,148864.83009234606,-0.5605,1.7292596,-0.3597561821533607
4,1,148869.83009312837,-0.5605,1.7291069,-0.360534869917449
4,1,148874.83009391068,-0.5605,1.7289351,-0.3613135573373867
4,1,148879.830094693,-0.5605,1.7287443,-0.3620922461807197
4,1,148884.8300954753,-0.5605,1.7284197,-0.3628709341830445
4,1,148889.83009625762,-0.5605,1.7284197,-0.3636496235135396
4,1,148894.83009703993,-0.5605,1.7282479,-0.36442831012935767
4,1,148899.83009782224,-0.5605,1.7278851,-0.36520699553473124
4,1,148904.83009860455,-0.5605,1.7277896,-0.3659856850256158
4,1,148909.83009938686,-0.5605,1.7273889,-0.3667643721325596
4,1,148914.83010016917,-0.5605,1.7272552,-0.36754306038671397
4,1,148919.83010095148,-0.5605,1.7271788,-0.3683217494530247
4,1,148924.8301017338,-0.5605,1.7269306,-0.3691004373681611
4,1,148929.8301025161,-0.5605,1.7267398,-0.36987912837919257
4,1,148934.83010329842,-0.5605,1.7266252,-0.3706578183654579
4,1,148939.83010408073,-0.5605,1.7263006,-0.37143651141601464
4,1,148944.83010486304,-0.5605,1.7261479,-0.37221520469582403
4,1,148949.83010564535,-0.5605,1.725938,-0.3729938978607455
4,1,148954.83010642766,-0.5605,1.7256898,-0.37377258989096673
4,1,148959.83010720997,-0.5605,1.7255561,-0.37455127820035145
4,1,148964.83010799228,-0.5605,1.725327,-0.3753299651161597
4,1,148969.8301087746,-0.5605,1.7252125,-0.37610865226873746
4,1,148974.8301095569,-0.5605,1.7248498,-0.37688734286641074
4,1,148979.83011033922,-0.5605,1.724678,-0.37766603208032573
4,1,148984.83011112153,-0.5605,1.7244489,-0.37844471957130227
4,1,148989.83011190384,-0.5605,1.7242771,-0.379223406995962
4,1,148994.83011268568,-0.5605,1.724048,-0.38000209667323026
4,1,148999.830113468,-0.5605,1.7238762,-0.38078078536097204
4,1,149004.8301142503,-0.5605,1.7237234,-0.38155947135136853
4,1,149009.83011503262,-0.5605,1.7233799,-0.3823381596381267
4,1,149014.83011581493,-0.5605,1.7232462,-0.3831168498655557
4,1,149019.83011659724,-0.5605,1.7229599,-0.38389554098588885
4,1,149024.83011737955,-0.5605,1.7229217,-0.3846742315103511
4,1,149029.83011816186,-0.5605,1.7226353,-0.3854529221690297
4,1,149034.83011894417,-0.5605,1.722578,-0.38623161286840835
4,1,149039.83011972648,-0.5605,1.7222536,-0.3870103067905903
4,1,149044.8301205088,-0.5605,1.7220435,-0.38778899954690865
4,1,149049.8301212911,-0.5605,1.7217,-0.38856769233532085
4,1,149054.8301220734,-0.5605,1.7215854,-0.38934638337272404
4,1,149059.83012285572,-0.5605,1.721299,-0.39012507079192
4,1,149064.83012363804,-0.5605,1.7211654,-0.39090375997080073
4,1,149069.83012442035,-0.5605,1.7209554,-0.3916824497516354
4,1,149074.83012520266,-0.5605,1.7207645,-0.3924611384223369
4,1,149079.83012598497,-0.5605,1.7205163,-0.39323982824977904
4,1,149084.83012676728,-0.5605,1.720249,-0.3940185167493655
4,1,149089.8301275496,-0.5605,1.7200009,-0.3947972055383656
4,1,149094.8301283319,-0.5605,1.7199244,-0.3955758936692874
4,1,149099.8301291142,-0.5605,1.7195809,-0.3963545831640992
4,1,149104.83012989652,-0.5605,1.7193708,-0.3971332751869162
4,1,149109.83013067883,-0.5605,1.7191991,-0.3979119646852149
4,1,149114.83013146115,-0.5605,1.718989,-0.3986906516900924
4,1,149119.83013224346,-0.5605,1.7186645,-0.39946934240468013
4,1,149124.83013302577,-0.5605,1.7184354,-0.40024803278098176
4,1,149129.83013380808,-0.5605,1.71834,-0.4010267226346069
4,1,149134.8301345904,-0.5605,1.71813,-0.4018054134444462
4,1,149139.8301353727,-0.5605,1.7178246,-0.40258410251944926
4,1,149144.830136155,-0.5605,1.717691,-0.4033627901052866
4,1,149149.83013693732,-0.5605,1.7175192,-0.4041414764321115
4,1,149154.83013771963,-0.5605,1.7172519,-0.40492016475107934
4,1,149159.83013850194,-0.5605,1.7170228,-0.40569885192043914
4,1,149164.83013928425,-0.5605,1.7166028,-0.4064775383487178
4,1,149169.83014006657,-0.5605,1.7164118,-0.4072562250276936
4,1,149174.83014084888,-0.5605,1.7163546,-0.40803490914586515
4,1,149179.8301416312,-0.5605,1.7157629,-0.4088135923394925
4,1,149184.8301424135,-0.5605,1.7158582,-0.40959227556711103
4,1,149189.8301431958,-0.5605,1.7154573,-0.4103709584636721
4,1,149194.83014397812,-0.5605,1.7153429,-0.4111496416451997
4,1,149199.83014476043,-0.5605,1.7149801,-0.411928327750706
4,1,149204.83014554274,-0.5605,1.7148083,-0.4127070131134821
4,1,149209.83014632505,-0.5605,1.7145792,-0.4134856981062425
4,1,149214.83014710736,-0.5605,1.7144647,-0.4142643839292857
4,1,149219.83014788968,-0.5605,1.7140447,-0.41504306561631626
4,1,149224.830148672,-0.5605,1.7136819,-0.4158217488634222
4,1,149229.8301494543,-0.5605,1.7135483,-0.4166004351499942
4,1,149234.8301502366,-0.5605,1.713281,-0.417379119871676
4,1,149239.83015101892,-0.5605,1.7130711,-0.4181578029225303
4,1,149244.83015180123,-0.5605,1.7128038,-0.4189364860669805
4,1,149249.83015258354,-0.5605,1.7126511,-0.4197151686093542
4,1,149254.83015336585,-0.5605,1.7124029,-0.42049385658246274
4,1,149259.83015414816,-0.5605,1.7122502,-0.4212725437155432
4,1,149264.83015493047,-0.5605,1.7118493,-0.4220512316438655
4,1,149269.83015571279,-0.5605,1.7117157,-0.42282992018043
4,1,149274.8301564951,-0.5605,1.711353,-0.4236086067809263
4,1,149279.8301572774,-0.5605,1.7112575,-0.4243872906437582
4,1,149284.83015805972,-0.5605,1.710933,-0.42516597120607885
4,1,149289.83015884203,-0.5605,1.7106848,-0.42594465313706786
4,1,149294.83015962434,-0.5605,1.7103984,-0.42672333631523773
4,1,149299.83016040665,-0.5605,1.7102076,-0.4275020171174042
4,1,149304.83016118896,-0.5605,1.7099211,-0.42828070141126706
4,1,149309.83016197127,-0.5605,1.7097112,-0.429059383294781
4,1,149314.83016275358,-0.5605,1.7094249,-0.4298380657238529
4,1,149319.8301635359,-0.5605,1.7091002,-0.4306167466327978
4,1,149324.8301643182,-0.5605,1.7089858,-0.43139542832553385
4,1,149329.83016510052,-0.5605,1.708623,-0.43217411428643593
4,1,149334.83016588283,-0.5605,1.7082986,-0.43295279421313265
4,1,149339.83016666514,-0.5605,1.7081076,-0.4337314770878718
4,1,149344.83016744745,-0.5605,1.7077067,-0.4345101577029161
4,1,149349.83016822976,-0.5605,1.707554,-0.43528883739534674
4,1,149354.83016901207,-0.5605,1.7072676,-0.4360675158180064
4,1,149359.83016979438,-0.5605,1.7070576,-0.4368461969609492
4,1,149364.8301705767,-0.5605,1.7068858,-0.43762487985088755
4,1,149369.830171359,-0.5605,1.7064468,-0.4384035632247659
4,1,149374.83017214155,-0.5605,1.706275,-0.43918224678839574
4,1,149379.83017292386,-0.5605,1.7058932,-0.4399609279473788
4,1,149384.83017370617,-0.5605,1.7056831,-0.44073961110778315
4,1,149389.83017448848,-0.5605,1.7055113,-0.44151829392206005
4,1,149394.8301752708,-0.5605,1.7051295,-0.4422969746992919
4,1,149399.8301760531,-0.5605,1.704786,-0.44307565589364367
4,1,149404.8301768354,-0.5605,1.704614,-0.44385433779998285
4,1,149409.83017761772,-0.5605,1.7043658,-0.4446330187731815
4,1,149414.83017840004,-0.5605,1.7041368,-0.4454117017230788
4,1,149419.83017918235,-0.5605,1.703755,-0.44619038428570157
4,1,149424.83017996466,-0.5605,1.7033541,-0.4469690656071271
4,1,149429.83018074697,-0.5605,1.7032586,-0.4477477469507687
4,1,149434.83018152928,-0.5605,1.7029532,-0.4485264267338083
4,1,149439.8301823116,-0.5605,1.702705,-0.44930510724903805
4,1,149444.8301830939,-0.5605,1.7023805,-0.4500837867551777
4,1,149449.8301838762,-0.5605,1.7020559,-0.45086246519206297
4,1,149454.83018465852,-0.5605,1.7018079,-0.4516411451318827
4,1,149459.83018544083,-0.5605,1.7015214,-0.4524198254421254
4,1,149464.83018622315,-0.5605,1.701216,-0.4531985067960752
4,1,149469.83018700546,-0.5605,1.7008342,-0.45397719313182433
4,1,149474.83018778777,-0.5605,1.7006052,-0.4547558758666383
4,1,149479.83018857008,-0.5605,1.7003188,-0.4555345588927799
4,1,149484.8301893524,-0.5605,1.7000897,-0.45631324524212546
4,1,149489.8301901347,-0.5605,1.6996888,-0.4570919292051991
4,1,149494.830190917,-0.5605,1.6994025,-0.4578706110842162
4,1,149499.83019169932,-0.5605,1.6992115,-0.4586492937855588
4,1,149504.83019248163,-0.5605,1.6987915,-0.4594279719988737
4,1,149509.83019326394,-0.5605,1.6984097,-0.46020664949204193
4,1,149514.83019404626,-0.5605,1.698276,-0.46098532290530536
4,1,149519.83019482857,-0.5605,1.6980088,-0.4617639980054961
4,1,149524.83019561088,-0.5605,1.6973789,-0.4625426723639832
4,1,149529.8301963932,-0.5605,1.697398,-0.4633213495434489
4,1,149534.8301971755,-0.5605,1.696978,-0.4641000280359652
4,1,149539.8301979578,-0.5605,1.6966916,-0.46487870465521675
4,1,149544.83019874012,-0.5605,1.6963862,-0.4656573791447215
4,1,149549.83019952243,-0.5605,1.6962334,-0.46643605684392975
4,1,149554.83020030474,-0.5605,1.6958898,-0.4672147331007917
4,1,149559.83020108705,-0.5605,1.6955652,-0.467993410185082
4,1,149564.83020186936,-0.5605,1.6952026,-0.46877208604804005
4,1,149569.83020265168,-0.5605,1.6948398,-0.46955076228338144
4,1,149574.830203434,-0.5605,1.6945535,-0.47032943880490125
4,1,149579.8302042163,-0.5605,1.6940762,-0.4711081193582117
4,1,149584.8302049986,-0.5605,1.694038,-0.47188680298201896
4,1,149589.83020578092,-0.5605,1.6935226,-0.4726654858238431
4,1,149594.83020656323,-0.5605,1.6932936,-0.47344416776599146
4,1,149599.83020734554,-0.5605,1.692988,-0.47422284982549806
4,1,149604.83020812785,-0.5605,1.6927017,-0.4750015300933056
4,1,149609.83020891016,-0.5605,1.6923391,-0.47578020835663537
4,1,149614.83020969247,-0.5605,1.6919572,-0.4765588894519772
4,1,149619.83021047479,-0.5605,1.69169,-0.47733757145056455
4,1,149624.8302112571,-0.5605,1.6913272,-0.47811625196457896
4,1,149629.8302120394,-0.5605,1.6909454,-0.47889493320337595
4,1,149634.83021282172,-0.5605,1.6907355,-0.47967361204462905
4,1,149639.83021360403,-0.5605,1.6903155,-0.4804522919235427
4,1,149644.83021438634,-0.5605,1.6899527,-0.48123097143714616
4,1,149649.83021516865,-0.5605,1.6896855,-0.4820096518879333
4,1,149654.83021595096,-0.5605,1.6892464,-0.4827883332897556
4,1,149659.83021673327,-0.5605,1.6890364,-0.4835670181504752
4,1,149664.83021751558,-0.5605,1.6886355,-0.4843457021539045
4,1,149669.8302182979,-0.5605,1.6884446,-0.4851243820052411
4,1,149674.83021907997,-0.5605,1.6880246,-0.48590306153597757
4,1,149679.83021986228,-0.5605,1.6877191,-0.4866817403962843
4,1,149684.8302206446,-0.5605,1.68728,-0.48746042033958425
4,1,149689.8302214269,-0.5605,1.6869365,-0.48823910143488636
4,1,149694.83022220922,-0.5605,1.6866119,-0.48901778267692186
4,1,149699.83022299153,-0.5605,1.6861919,-0.48979646538849003
4,1,149704.83022377384,-0.5605,1.685982,-0.4905751479528215
4,1,149709.83022455615,-0.5605,1.6856956,-0.4913538268720871
4,1,149714.83022533846,-0.5605,1.6852374,-0.492132505424665
4,1,149719.83022612077,-0.5605,1.6849892,-0.49291118472555934
4,1,149724.83022690308,-0.5605,1.684512,-0.49368986552520916
4,1,149729.8302276854,-0.5605,1.6841111,-0.49446854515852523
4,1,149734.8302284677,-0.5605,1.6837293,-0.4952472270378139
4,1,149739.83022925002,-0.5605,1.683443,-0.49602591276959906
4,1,149744.83023003233,-0.5605,1.6830802,-0.49680460268203747
4,1,149749.83023081464,-0.5605,1.6827176,-0.4975832903886106
4,1,149754.83023159695,-0.5605,1.6823357,-0.4983619797267814
4,1,149759.83023237926,-0.5605,1.681992,-0.4991406694085399
4,1,149764.83023316157,-0.5605,1.6816294,-0.49991935835719437
4,1,149769.83023394388,-0.5605,1.6811903,-0.5006980469905701
4,1,149774.8302347262,-0.5605,1.6809994,-0.501476736021767
4,1,149779.8302355085,-0.5605,1.680503,-0.5022554227100975
4,1,149784.8302362908,-0.5605,1.6802357,-0.5030341094055143
4,1,149789.83023707313,-0.5605,1.6797395,-0.5038127982511057
4,1,149794.83023785544,-0.5605,1.6793386,-0.5045914870906638
4,1,149799.83023863775,-0.5605,1.679033,-0.5053701763331625
4,1,149804.83023942006,-0.5605,1.6786513,-0.5061488643111983
4,1,149809.83024020237,-0.5605,1.6782886,-0.5069275532262788
4,1,149814.83024098468,-0.5605,1.677735,-0.5077062416137191
4,1,149819.830241767,-0.5605,1.677544,-0.5084849279541737
4,1,149824.8302425493,-0.5605,1.6770668,-0.5092636172624759
4,1,149829.8302433316,-0.5605,1.6766659,-0.5100423046434786
4,1,149834.83024411392,-0.5605,1.6763796,-0.510820990645998
4,1,149839.83024489623,-0.5605,1.6760168,-0.5115996736190715
4,1,149844.83024567855,-0.5605,1.6755778,-0.5123783570473425
4,1,149849.83024646086,-0.5605,1.6751959,-0.5131570405671065
4,1,149854.83024724317,-0.5605,1.6749668,-0.513935723901775
4,1,149859.83024802548,-0.5605,1.6744323,-0.5147144098853633
4,1,149864.8302488078,-0.5605,1.6740123,-0.5154930962093769
4,1,149869.8302495901,-0.5605,1.673745,-0.5162717817511855
4,1,149874.8302503724,-0.5605,1.6731342,-0.5170504667825796
4,1,149879.83025115472,-0.5605,1.6729242,-0.5178291523949833
4,1,149884.83025193703,-0.5605,1.6725615,-0.5186078412493234
4,1,149889.83025271934,-0.5605,1.6721606,-0.5193865272326699
4,1,149894.83025350166,-0.5605,1.6716452,-0.5201652122384671
4,1,149899.83025428397,-0.5605,1.6713015,-0.5209438994580439
4,1,149904.83025506628,-0.5605,1.6709006,-0.5217225864405365
4,1,149909.8302558486,-0.5605,1.670347,-0.5225012711159551
4,1,149914.8302566309,-0.5605,1.6700225,-0.5232799574590257
4,1,149919.8302574132,-0.5605,1.6695452,-0.5240586460588009
4,1,149924.83025819552,-0.5605,1.6691252,-0.5248373307382925
4,1,149929.83025897783,-0.5605,1.6687624,-0.5256160120965769
4,1,149934.83025976014,-0.5605,1.6682853,-0.5263946960345537
4,1,149939.83026054245,-0.5605,1.6677698,-0.5271733807863193
4,1,149944.83026132477,-0.5605,1.6675407,-0.5279520671722158
4,1,149949.83026210708,-0.5605,1.6670825,-0.5287307524957853
4,1,149954.8302628894,-0.5605,1.6667581,-0.5295094373953737
4,1,149959.8302636717,-0.5605,1.6663189,-0.5302881168161396
4,1,149964.830264454,-0.5605,1.6659372,-0.5310667994759709
4,1,149969.83026523632,-0.5605,1.6654027,-0.5318454861834179
4,1,149974.83026601863,-0.5605,1.6648872,-0.532624173075679
4,1,149979.83026680094,-0.5605,1.6644481,-0.5334028568304874
4,1,149984.83026758325,-0.5605,1.664219,-0.5341815408392612
4,1,149989.83026836556,-0.5605,1.6636081,-0.5349602287499073
4,1,149994.83026914787,-0.5605,1.6632454,-0.5357389155893654
4,1,149999.8302699302,-0.5605,1.6628445,-0.5365176034005513
4,1,150004.8302707125,-0.5605,1.6624246,-0.5372962925284568
4,1,150009.8302714948,-0.5605,1.6619282,-0.5380749819932511
4,1,150014.83027227712,-0.5605,1.6614891,-0.5388536713982123
4,1,150019.83027305943,-0.5605,1.6610309,-0.5396323627435
4,1,150024.83027384174,-0.5605,1.6604201,-0.5404110553534625
4,1,150029.83027462405,-0.5605,1.6601146,-0.5411897447338366
4,1,150034.83027540636,-0.5605,1.6595992,-0.5419684358099894
4,1,150039.83027618867,-0.5605,1.6591792,-0.5427471283779108
4,1,150044.83027697098,-0.5605,1.6586064,-0.5435258162902127
4,1,150049.8302777533,-0.5605,1.6582247,-0.5443045039411879
4,1,150054.83027853537,-0.5605,1.6577855,-0.545083191699478
4,1,150059.83027931768,-0.5605,1.6573465,-0.545861883266356
4,1,150064.8302801,-0.5605,1.656831,-0.5466405744859971
4,1,150069.8302808823,-0.5605,1.656392,-0.5474192650111978
4,1,150074.83028166462,-0.5605,1.6558956,-0.5481979545899296
4,1,150079.83028244693,-0.5605,1.655361,-0.5489766415256425
4,1,150084.83028322924,-0.5605,1.6550366,-0.5497553287010787
4,1,150089.83028401155,-0.5605,1.654483,-0.5505340179278881
4,1,150094.83028479386,-0.5605,1.6538529,-0.5513127081645824
4,1,150099.83028557617,-0.5605,1.653452,-0.552091397462944
4,1,150104.83028635848,-0.5605,1.6530321,-0.5528700858015483
4,1,150109.8302871408,-0.5605,1.6526312,-0.5536487773136793
4,1,150114.8302879231,-0.5605,1.652173,-0.5544274650472071
4,1,150119.83028870542,-0.5605,1.6515813,-0.5552061572874486
4,1,150124.83028948773,-0.5605,1.6510849,-0.5559848478572136
4,1,150129.83029027004,-0.5605,1.6506076,-0.5567635366080336
4,1,150134.83029105235,-0.5605,1.6501685,-0.5575422227737968
4,1,150139.83029183466,-0.5605,1.6495768,-0.5583209084270231
4,1,150144.83029261697,-0.5605,1.649214,-0.5590995941315491
4,1,150149.83029339928,-0.5605,1.648794,-0.5598782815986407
4,1,150154.8302941816,-0.5605,1.6482023,-0.5606569711745579
4,1,150159.8302949639,-0.5605,1.6476868,-0.5614356598690151
4,1,150164.83029574621,-0.5605,1.6471714,-0.562214348807603
4,1,150169.83029652853,-0.5605,1.6466368,-0.5629930432843996
4,1,150174.83029731084,-0.5605,1.6461023,-0.5637717337221668
4,1,150179.83029809315,-0.5605,1.6456823,-0.5645504239763087
4,1,150184.83029887546,-0.5605,1.6450906,-0.5653291140614483
4,1,150189.83029965777,-0.5605,1.644556,-0.566107803434054
4,1,150194.83030044008,-0.5605,1.6440978,-0.5668864951152238
4,1,150199.8303012224,-0.5605,1.6435633,-0.5676651865088344
4,1,150204.8303020047,-0.5605,1.6430097,-0.5684438795218534
4,1,150209.830302787,-0.5605,1.6427042,-0.5692225755233996
4,1,150214.83030356932,-0.5605,1.6420361,-0.5700012707767784
4,1,150219.83030435164,-0.5605,1.641578,-0.5707799681666824
4,1,150224.83030513395,-0.5605,1.6409479,-0.5715586679766641
4,1,150229.83030591626,-0.5605,1.6404325,-0.5723373652533656
4,1,150234.83030669857,-0.5605,1.6400889,-0.5731160625903408
4,1,150239.83030748088,-0.5605,1.6393825,-0.5738947615486351
4,1,150244.8303082632,-0.5605,1.6389434,-0.5746734581305318
4,1,150249.8303090455,-0.5605,1.6384662,-0.5754521578179995
4,1,150254.8303098278,-0.5605,1.637779,-0.5762308531681829
4,1,150259.83031061012,-0.5605,1.6372253,-0.5770095475726327
4,1,150264.83031139243,-0.5605,1.6366526,-0.5777882447051472
4,1,150269.83031217474,-0.5605,1.6361945,-0.5785669398515224
4,1,150274.8303129566,-0.5605,1.6356599,-0.5793456370960242
4,1,150279.8303137389,-0.5605,1.6350682,-0.5801243335491153
4,1,150284.8303145212,-0.5605,1.6344763,-0.5809030277159313
4,1,150289.83031530352,-0.5605,1.6340182,-0.5816817234340773
4,1,150294.83031608583,-0.5605,1.6332927,-0.5824604215038351
4,1,150299.83031686815,-0.5605,1.6329873,-0.5832391188020407
4,1,150304.83031765046,-0.5605,1.6321855,-0.5840178183605869
4,1,150309.83031843277,-0.5605,1.6317846,-0.5847965138514438
4,1,150314.83031921508,-0.5605,1.6312691,-0.585575214555068
4,1,150319.8303199974,-0.5605,1.6305056,-0.5863539141161606
4,1,150324.8303207797,-0.5605,1.6298755,-0.587132612522082
4,1,150329.830321562,-0.5605,1.6294174,-0.5879113106637198
4,1,150334.83032234432,-0.5605,1.6287683,-0.5886900079416498
4,1,150339.83032312663,-0.5605,1.6281383,-0.5894687038488188
4,1,150344.83032390894,-0.5605,1.6275084,-0.590247400476982
4,1,150349.83032469125,-0.5605,1.6270311,-0.5910260966097942
4,1,150354.83032547357,-0.5605,1.6264393,-0.5918047931451498
4,1,150359.83032625588,-0.5605,1.6258284,-0.5925834926089278
4,1,150364.8303270382,-0.5605,1.6252366,-0.5933621876123745
4,1,150369.8303278205,-0.5605,1.6245685,-0.5941408839617304
4,1,150374.8303286028,-0.5605,1.6239003,-0.5949195767578978
4,1,150379.83032938512,-0.5605,1.6233848,-0.5956982711594302
4,1,150384.83033016743,-0.5605,1.6227357,-0.5964769696126678
4,1,150389.83033094974,-0.5605,1.622144,-0.5972556652055812
4,1,150394.83033173205,-0.5605,1.6213803,-0.5980343588712544
4,1,150399.83033251436,-0.5605,1.6209222,-0.5988130563134979
4,1,150404.83033329668,-0.5605,1.6202922,-0.5995917534916001
4,1,150409.830334079,-0.5605,1.6197004,-0.6003704517188666
4,1,150414.8303348613,-0.5605,1.6188796,-0.6011491504399012
4,1,150419.8303356436,-0.5605,1.6184214,-0.6019278505061532
4,1,150424.83033642592,-0.5605,1.6176959,-0.602706552532335
4,1,150429.83033720823,-0.5605,1.6170087,-0.6034852522976364
4,1,150434.83033799054,-0.5605,1.6164742,-0.604263953124788
4,1,150439.83033877285,-0.5605,1.6158442,-0.6050426542894376
4,1,150444.83033955516,-0.5605,1.6151187,-0.6058213517469134
4,1,150449.83034033747,-0.5605,1.6145461,-0.6066000449083149
4,1,150454.83034111978,-0.5605,1.6138397,-0.6073787375789649
4,1,150459.8303419021,-0.5605,1.6132288,-0.6081574318936599
4,1,150464.8303426844,-0.5605,1.6125989,-0.6089361238163974
4,1,150469.83034346672,-0.5605,1.6119307,-0.6097148197528984
4,1,150474.83034424903,-0.5605,1.6112243,-0.6104935157067709
4,1,150479.83034503134,-0.5605,1.6104417,-0.6112722112963994
4,1,150484.83034581365,-0.5605,1.6097162,-0.6120509092308415
4,1,150489.83034659596,-0.5605,1.6092771,-0.6128296057736807
4,1,150494.83034737827,-0.5605,1.6084944,-0.6136083016662962
4,1,150499.83034816058,-0.5605,1.6078262,-0.6143869974655145
4,1,150504.8303489429,-0.5605,1.6070818,-0.6151656915149722
4,1,150509.8303497252,-0.5605,1.6063563,-0.6159443859181868
4,1,150514.83035050752,-0.5605,1.6057454,-0.6167230840861367
4,1,150519.83035128983,-0.5605,1.6051537,-0.6175017795822224
4,1,150524.83035207214,-0.5605,1.6044091,-0.6182804754574035
4,1,150529.83035285445,-0.5605,1.6035691,-0.6190591672317387
4,1,150534.83035363676,-0.5605,1.6028628,-0.6198378585527773
4,1,150539.83035441907,-0.5605,1.6022137,-0.6206165508355368
4,1,150544.83035520138,-0.5605,1.6013738,-0.6213952439441054
4,1,150549.8303559837,-0.5605,1.600801,-0.6221739363703565
4,1,150554.830356766,-0.5605,1.6000756,-0.6229526288387115
4,1,150559.83035754832,-0.5605,1.5991211,-0.6237313208472035
4,1,150564.83035833063,-0.5605,1.5986438,-0.6245100133132009
4,1,150569.83035911294,-0.5605,1.5977848,-0.6252887031738528
4,1,150574.83035989525,-0.5605,1.5970594,-0.6260673910645943
4,1,150579.83036067756,-0.5605,1.5962385,-0.6268460787765683
4,1,150584.83036145987,-0.5605,1.5954367,-0.6276247655317023
4,1,150589.83036224218,-0.5605,1.5948448,-0.628403455128309
4,1,150594.8303630245,-0.5605,1.5940049,-0.6291821431181234
4,1,150599.8303638068,-0.5605,1.5932604,-0.6299608304746053
4,1,150604.8303645891,-0.5605,1.5924777,-0.6307395179526907
4,1,150609.83036537142,-0.5605,1.5918095,-0.63151820473063
4,1,150614.83036615374,-0.5605,1.5909505,-0.6322968900247747
4,1,150619.83036693605,-0.5605,1.5900913,-0.6330755752819878
4,1,150624.83036771836,-0.5605,1.589385,-0.6338542606533105
4,1,150629.83036850067,-0.5605,1.5886596,-0.6346329499449268
4,1,150634.83036928298,-0.5605,1.5877433,-0.6354116390259003
4,1,150639.8303700653,-0.5605,1.587037,-0.6361903279931613
4,1,150644.8303708476,-0.5605,1.5862161,-0.6369690196764438
4,1,150649.8303716299,-0.5605,1.5853952,-0.6377477118473452
4,1,150654.83037241246,-0.5605,1.5845934,-0.6385264034495389
4,1,150659.83037319477,-0.5605,1.583677,-0.6393050904909342
4,1,150664.83037397708,-0.5605,1.5828943,-0.6400837822209102
4,1,150669.8303747594,-0.5605,1.5820735,-0.6408624713891449
4,1,150674.8303755417,-0.5605,1.5810425,-0.6416411622969577
4,1,150679.830376324,-0.5605,1.5802026,-0.6424198525247642
4,1,150684.83037710632,-0.5605,1.5794963,-0.6431985431989102
4,1,150689.83037788863,-0.5605,1.5785036,-0.6439772341020971
4,1,150694.83037867094,-0.5605,1.5777018,-0.6447559247970286
4,1,150699.83037945325,-0.5605,1.5770336,-0.6455346135582463
4,1,150704.83038023557,-0.5605,1.576041,-0.6463133030190867
4,1,150709.83038101788,-0.5605,1.5749336,-0.6470919934837324
4,1,150714.8303818002,-0.5605,1.5743991,-0.6478706844873033
4,1,150719.8303825825,-0.5605,1.5734255,-0.6486493744700057
4,1,150724.8303833648,-0.5605,1.5724138,-0.649428063124359
4,1,150729.83038414712,-0.5605,1.5716883,-0.6502067540434072
4,1,150734.83038492943,-0.5605,1.5708102,-0.6509854452676743
4,1,150739.83038571174,-0.5605,1.5698366,-0.6517641373952796
4,1,150744.83038649405,-0.5605,1.5689965,-0.6525428285579983
4,1,150749.83038727636,-0.5605,1.5680039,-0.6533215208773716
4,1,150754.83038805868,-0.5605,1.5670303,-0.6541002155642182
4,1,150759.830388841,-0.5605,1.5660949,-0.6548789064353707
4,1,150764.8303896233,-0.5605,1.565274,-0.655657594152123
4,1,150769.8303904056,-0.5605,1.5641286,-0.656436284656952
4,1,150774.83039118792,-0.5605,1.5632504,-0.657214975105372
4,1,150779.83039197023,-0.5605,1.5622768,-0.6579936681342227
4,1,150784.83039275254,-0.5605,1.5613605,-0.6587723601542482
4,1,150789.83039353485,-0.5605,1.560406,-0.659551054739565
4,1,150794.83039431716,-0.5605,1.5593942,-0.6603297506840498
4,1,150799.83039509947,-0.5605,1.5583824,-0.6611084435387059
4,1,150804.83039588179,-0.5605,1.557466,-0.6618871376386819
4,1,150809.8303966641,-0.5605,1.5564352,-0.6626658326741164
4,1,150814.8303974464,-0.5605,1.555557,-0.6634445295236082
4,1,150819.83039822872,-0.5605,1.554259,-0.6642232249838846
4,1,150824.83039901103,-0.5605,1.5533807,-0.6650019203879142
4,1,150829.83039979334,-0.5605,1.5523307,-0.6657806167434756
4,1,150834.83040057565,-0.5605,1.5514717,-0.6665593114281168
4,1,150839.83040135796,-0.5605,1.5502499,-0.6673380094747249
4,1,150844.83040214027,-0.5605,1.5492573,-0.6681167058493035
4,1,150849.83040292258,-0.5605,1.5482264,-0.6688954018239449
4,1,150854.8304037049,-0.5605,1.5471764,-0.6696740992347867
4,1,150859.8304044872,-0.5605,1.5461837,-0.6704527946765658
4,1,150864.83040526952,-0.5605,1.5451337,-0.6712314904558199
4,1,150869.83040605183,-0.5605,1.5438929,-0.6720101852998439
4,1,150874.83040683414,-0.5605,1.5427856,-0.6727888787178467
4,1,150879.83040761645,-0.5605,1.5417547,-0.6735675721334752
4,1,150884.83040839876,-0.5605,1.5407047,-0.6743462619881302
4,1,150889.83040918107,-0.5605,1.5394639,-0.6751249571568075
4,1,150894.83040996338,-0.5605,1.5383948,-0.6759036515240209
4,1,150899.8304107457,-0.5605,1.537173,-0.6766823483576712
4,1,150904.830411528,-0.5605,1.5361232,-0.6774610448555618
4,1,150909.83041231032,-0.5605,1.5349395,-0.6782397409894966
4,1,150914.83041309263,-0.5605,1.5338895,-0.6790184379113849
4,1,150919.83041387494,-0.5605,1.5325723,-0.6797971324194176
4,1,150924.83041465725,-0.5605,1.531465,-0.6805758294240472
4,1,150929.83041543956,-0.5605,1.5303006,-0.6813545253252589
4,1,150934.83041622187,-0.5605,1.5290406,-0.6821332190285162
4,1,150939.83041700418,-0.5605,1.5279524,-0.6829119119244352
4,1,150944.8304177865,-0.5605,1.5266925,-0.6836906067617439
4,1,150949.8304185688,-0.5605,1.525528,-0.6844693023126558
4,1,150954.83041935088,-0.5605,1.5241344,-0.685247998119159
4,1,150959.8304201332,-0.5605,1.5228362,-0.6860266931152312
4,1,150964.8304209155,-0.5605,1.5215381,-0.6868053869005775
4,1,150969.8304216978,-0.5605,1.5204691,-0.6875840788017513
4,1,150974.83042248012,-0.5605,1.5192854,-0.6883627709498573
4,1,150979.83042326244,-0.5605,1.5178347,-0.6891414644035136
4,1,150984.83042404475,-0.5605,1.5165746,-0.6899201570787631
4,1,150989.83042482706,-0.5605,1.5153147,-0.6906988489470683
4,1,150994.83042560937,-0.5605,1.5138829,-0.6914775394696
4,1,150999.83042639168,-0.5605,1.5126802,-0.6922562308797309
4,1,151004.830427174,-0.5605,1.5113821,-0.6930349202354685
4,1,151009.8304279563,-0.5605,1.5100458,-0.6938136086981431
4,1,151014.8304287386,-0.5605,1.5087476,-0.6945922962066368
4,1,151019.83042952092,-0.5605,1.5074304,-0.6953709822914834
4,1,151024.83043030323,-0.5605,1.5060368,-0.6961496675672533
4,1,151029.83043108555,-0.5605,1.5045096,-0.6969283555777075
4,1,151034.83043186786,-0.5605,1.503116,-0.6977070447424222
4,1,151039.83043265017,-0.5605,1.5016842,-0.698485734829373
4,1,151044.83043343248,-0.5605,1.5004243,-0.6992644261646505
4,1,151049.8304342148,-0.5605,1.4989734,-0.7000431174498964
4,1,151054.8304349971,-0.5605,1.4974462,-0.7008218063616589
4,1,151059.8304357794,-0.5605,1.4961863,-0.7016004961984326
4,1,151064.83043656172,-0.5605,1.4946972,-0.7023791852908469
4,1,151069.83043734403,-0.5605,1.4931508,-0.703157875852595
4,1,151074.83043812634,-0.5605,1.4915855,-0.7039365671249068
4,1,151079.83043890866,-0.5605,1.4901537,-0.704715255486035
4,1,151084.83043969097,-0.5605,1.4886074,-0.7054939423251982
4,1,151089.83044047328,-0.5605,1.4870992,-0.7062726292691862
4,1,151094.8304412556,-0.5605,1.4856484,-0.7070513141197896
4,1,151099.8304420379,-0.5605,1.4839876,-0.7078300027319891
4,1,151104.8304428202,-0.5605,1.4825176,-0.7086086862223251
4,1,151109.83044360252,-0.5605,1.4810286,-0.7093873708659877
4,1,151114.83044438483,-0.5605,1.4793676,-0.7101660568937828
4,1,151119.83044516714,-0.5605,1.4778595,-0.7109447444543775
4,1,151124.83044594945,-0.5605,1.4762942,-0.7117234307109815
4,1,151129.83044673176,-0.5605,1.4746524,-0.712502115768413
4,1,151134.83044751408,-0.5605,1.4730105,-0.7132808011507394
4,1,151139.8304482964,-0.5605,1.4713497,-0.7140594833450519
4,1,151144.8304490787,-0.5605,1.4696507,-0.7148381693857149
4,1,151149.830449861,-0.5605,1.4680281,-0.7156168537740544
4,1,151154.83045064332,-0.5605,1.466329,-0.7163955406452088
4,1,151159.83045142563,-0.5605,1.4646872,-0.7171742313987581
4,1,151164.83045220794,-0.5605,1.4630073,-0.7179529214161934
4,1,151169.83045299025,-0.5605,1.4611174,-0.718731611123817
4,1,151174.83045377256,-0.5605,1.4593419,-0.719510297900869
4,1,151179.83045455487,-0.5605,1.4576429,-0.7202889866545169
4,1,151184.83045533719,-0.5605,1.4558293,-0.7210676726869678
4,1,151189.8304561195,-0.5605,1.4540921,-0.7218463585027259
4,1,151194.8304569018,-0.5605,1.452374,-0.7226250434518028
4,1,151199.83045768412,-0.5605,1.4505031,-0.7234037295651934
4,1,151204.83045846643,-0.5605,1.448575,-0.7241824130067065
4,1,151209.83045924874,-0.5605,1.4467041,-0.7249610994769833
4,1,151214.83046003105,-0.5605,1.4448715,-0.7257397866779435
4,1,151219.83046081336,-0.5605,1.4429624,-0.7265184734154808
4,1,151224.83046159567,-0.5605,1.4410725,-0.7272971588318548
4,1,151229.83046237798,-0.5605,1.4391634,-0.7280758432628911
4,1,151234.8304631603,-0.5605,1.4371972,-0.7288545259498624
4,1,151239.8304639426,-0.5605,1.4352691,-0.7296332068411445
4,1,151244.83046472492,-0.5605,1.4333409,-0.7304118842536114
4,1,151249.83046550723,-0.5605,1.4313747,-0.7311905637203291
4,1,151254.83046628954,-0.5605,1.429332,-0.7319692478200464
4,1,151259.83046707185,-0.5605,1.4272894,-0.7327479328220322
4,1,151264.83046785416,-0.5605,1.4253421,-0.7335266193689937
4,1,151269.83046863647,-0.5605,1.4233185,-0.7343053075001307
4,1,151274.83046941878,-0.5605,1.4212568,-0.7350839954699709
4,1,151279.8304702011,-0.5605,1.4191569,-0.7358626846856542
4,1,151284.8304709834,-0.5605,1.4169233,-0.736641374261482
4,1,151289.83047176572,-0.5605,1.4148042,-0.737420061987569
4,1,151294.83047254803,-0.5605,1.4126662,-0.7381987448244328
4,1,151299.83047333034,-0.5605,1.4103371,-0.7389774306196142
4,1,151304.83047411265,-0.5605,1.4082563,-0.7397561145982181
4,1,151309.83047489496,-0.5605,1.4061182,-0.7405347988128432
4,1,151314.83047567727,-0.5605,1.4039037,-0.7413134831305512
4,1,151319.83047645958,-0.5605,1.4016701,-0.7420921676281196
4,1,151324.8304772419,-0.5605,1.3993984,-0.7428708485190573
4,1,151329.8304780242,-0.5605,1.3970885,-0.7436495301912992
4,1,151334.83047880628,-0.5605,1.3949121,-0.7444282090679939
4,1,151339.8304795886,-0.5605,1.3926405,-0.7452068905850916
4,1,151344.8304803709,-0.5605,1.3903496,-0.7459855731223493
4,1,151349.8304811532,-0.5605,1.387887,-0.7467642566493486
4,1,151354.83048193553,-0.5605,1.385348,-0.7475429398848515
4,1,151359.83048271784,-0.5605,1.3829235,-0.748321624454823
4,1,151364.83048350015,-0.5605,1.3805945,-0.7491003108570743
4,1,151369.83048428246,-0.5605,1.3780745,-0.7498789980843731
4,1,151374.83048506477,-0.5605,1.3756119,-0.7506576850168938
4,1,151379.83048584708,-0.5605,1.3732065,-0.7514363749454023
4,1,151384.8304866294,-0.5605,1.3707248,-0.7522150618671181
4,1,151389.8304874117,-0.5605,1.3681285,-0.7529937453563877
4,1,151394.830488194,-0.5605,1.3655131,-0.753772429695868
4,1,151399.83048897632,-0.5605,1.3629359,-0.7545511096799342
4,1,151404.83048975863,-0.5605,1.3604542,-0.755329793582168
4,1,151409.83049054095,-0.5605,1.3577434,-0.7561084775525168
4,1,151414.83049132326,-0.5605,1.3552043,-0.7568871616738904
4,1,151419.83049210557,-0.5605,1.352589,-0.7576658454038204
4,1,151424.83049288788,-0.5605,1.3499163,-0.7584445308599606
4,1,151429.8304936702,-0.5605,1.34711,-0.759223214223673
4,1,151434.8304944525,-0.5605,1.3444947,-0.7600018957134353
4,1,151439.8304952348,-0.5605,1.3418411,-0.7607805804398656
4,1,151444.83049601712,-0.5605,1.3389585,-0.7615592642634214
4,1,151449.83049679943,-0.5605,1.3361905,-0.762337945085572
4,1,151454.83049758174,-0.5605,1.3332124,-0.7631166273236375
4,1,151459.83049836406,-0.5605,1.3304251,-0.7638953106225929
4,1,151464.83049914637,-0.5605,1.3273708,-0.7646739958879518
4,1,151469.83049992868,-0.5605,1.3246981,-0.7654526817144355
4,1,151474.830500711,-0.5605,1.3215864,-0.7662313656282922
4,1,151479.8305014933,-0.5605,1.3187991,-0.7670100509993434
4,1,151484.8305022756,-0.5605,1.3156111,-0.7677887383727763
4,1,151489.83050305792,-0.5605,1.3127284,-0.7685674253776504
4,1,151494.83050384023,-0.5605,1.3097886,-0.7693461098984083
4,1,151499.83050462254,-0.5605,1.3066578,-0.7701247946099143
4,1,151504.83050540485,-0.5605,1.3035461,-0.7709034801604517
4,1,151509.83050618717,-0.5605,1.3006252,-0.7716821631850403
4,1,151514.83050696948,-0.5605,1.2974563,-0.7724608471004468
4,1,151519.8305077518,-0.5605,1.2941917,-0.7732395318171019
4,1,151524.8305085341,-0.5605,1.2912519,-0.7740182126508423
4,1,151529.8305093164,-0.5605,1.287892,-0.7747968923550349
4,1,151534.83051009872,-0.5605,1.2848758,-0.7755755726237199
4,1,151539.83051088103,-0.5605,1.2814777,-0.776354250365211
4,1,151544.83051166334,-0.5605,1.278366,-0.7771329290188088
4,1,151549.83051244565,-0.5605,1.275216,-0.7779116079701484
4,1,151554.8305132275,-0.5605,1.2717416,-0.7786902890685863
4,1,151559.8305140098,-0.5605,1.268458,-0.7794689700230493
4,1,151564.83051479212,-0.5605,1.2651554,-0.7802476502725118
4,1,151569.83051557443,-0.5605,1.2619292,-0.781026329759717
4,1,151574.83051635674,-0.5605,1.2586457,-0.7818050098051362
4,1,151579.83051713905,-0.5605,1.2552476,-0.7825836901885768
4,1,151584.83051792136,-0.5605,1.2518113,-0.7833623703806202
4,1,151589.83051870367,-0.5605,1.2484323,-0.7841410523281065
4,1,151594.830519486,-0.5605,1.2449579,-0.7849197372430133
4,1,151599.8305202683,-0.5605,1.2415216,-0.7856984246518712
4,1,151604.8305210506,-0.5605,1.2381235,-0.7864771107710402
4,1,151609.83052183292,-0.5605,1.2344773,-0.7872557963697778
4,1,151614.83052261523,-0.5605,1.2310411,-0.7880344781994224
4,1,151619.83052339754,-0.5605,1.2275475,-0.7888131600956586
4,1,151624.83052417985,-0.5605,1.2241113,-0.7895918408760098
4,1,151629.83052496216,-0.5605,1.220675,-0.7903705228949223
4,1,151634.83052574447,-0.5605,1.2171052,-0.7911492059785757
4,1,151639.83052652678,-0.5605,1.2135162,-0.7919278874202239
4,1,151644.8305273091,-0.5605,1.2100608,-0.7927065701544154
4,1,151649.8305280914,-0.5605,1.2065673,-0.7934852559111318
4,1,151654.83052887372,-0.5605,1.2030737,-0.7942639385576945
4,1,151658.9783295244,-0.5605,1.1999048,-0.7949099015408955
4,1,151658.97852952452,-0.5605,1.2000575,-0.7949099326872794
4,2,151658.97932952456,0.5605,1.2418858,6.18667569425371e-08
4,2,151663.97933030734,0.5605,1.3288406,0.000778352989041143
4,2,151668.97933108965,0.5605,1.360817,0.0015566457423799567
4,2,151673.97933187196,0.5605,1.386417,0.0023349396697315903
4,2,151678.97933265427,0.5605,1.4087718,0.003113234690003925
4,2,151683.97933343658,0.5605,1.4293702,0.003891530715352959
4,2,151688.9793342189,0.5605,1.4483078,0.004669824503289328
4,2,151693.9793350012,0.5605,1.466348,0.005448116914007399
4,2,151698.97933578352,0.5605,1.4835867,0.006226405906339486
4,2,151703.97933656583,0.5605,1.5002142,0.007004697114196088
4,2,151708.97933734814,0.5605,1.5161356,0.007782989816443787
4,2,151713.97933813045,0.5605,1.5317514,0.008561283279124234
4,2,151718.97933891276,0.5605,1.5467564,0.009339578745828735
4,2,151723.97933969507,0.5605,1.5616277,0.010117874627288845
4,2,151728.97934047738,0.5605,1.5761364,0.010896171440111267
4,2,151733.9793412597,0.5605,1.5902823,0.01167447128007147
4,2,151738.979342042,0.5605,1.6042945,0.01245277109380232
4,2,151743.9793428243,0.5605,1.6181923,0.013231069525410732
4,2,151748.97934360662,0.5605,1.6318228,0.014009368103666438
4,2,151753.97934438894,0.5605,1.6452242,0.01478766554818882
4,2,151758.97934517125,0.5605,1.6584156,0.015565961883422401
4,2,151763.97934595356,0.5605,1.6714925,0.016344258690350586
4,2,151768.97934673587,0.5605,1.684493,0.017122555935376222
4,2,151773.97934751818,0.5605,1.6971688,0.017900855623596248
4,2,151778.9793483005,0.5605,1.7100548,0.018679157091223534
4,2,151783.9793490828,0.5605,1.722368,0.019457458589961132
4,2,151788.9793498651,0.5605,1.7347195,0.02023575794660383
4,2,151793.97935064742,0.5605,1.7469563,0.021014053526838623
4,2,151798.97935142973,0.5605,1.7590978,0.0217923499460982
4,2,151803.97935221205,0.5605,1.7710292,0.022570642669263816
4,2,151808.97935299436,0.5605,1.782827,0.023348934788541664
4,2,151813.97935377667,0.5605,1.7942812,0.024127228414340153
4,2,151818.97935455898,0.5605,1.8056972,0.024905521464990248
4,2,151823.9793553413,0.5605,1.8170369,0.02568381648162339
4,2,151828.9793561236,0.5605,1.8280901,0.02646211159805126
4,2,151833.9793569059,0.5605,1.8389143,0.027240406652500236
4,2,151838.97935768822,0.5605,1.8493949,0.028018699840366843
4,2,151843.97935847053,0.5605,1.8598754,0.028796993192070065
4,2,151848.97935925284,0.5605,1.8699361,0.02957528562954731
4,2,151853.97936003515,0.5605,1.8800157,0.03035357689232297
4,2,151858.97936081747,0.5605,1.8896372,0.031131867685453764
4,2,151863.97936159978,0.5605,1.899106,0.0319101592855023
4,2,151868.9793623821,0.5605,1.908384,0.0326884521890382
4,2,151873.97936316393,0.5605,1.9173754,0.03346674402851198
4,2,151878.97936394624,0.5605,1.926157,0.03424503443673584
4,2,151883.97936472856,0.5605,1.9344994,0.035023322469360296
4,2,151888.97936551087,0.5605,1.9426892,0.03580160955198606
4,2,151893.97936629318,0.5605,1.9505925,0.036579894601116575
4,2,151898.9793670755,0.5605,1.9582096,0.037358182158192
4,2,151903.9793678578,0.5605,1.9657121,0.03813646735631757
4,2,151908.9793686401,0.5605,1.9730046,0.03891475238919258
4,2,151913.97936942242,0.5605,1.9800489,0.039693038289626434
4,2,151918.97937020473,0.5605,1.9867495,0.040471323580493525
4,2,151923.97937098704,0.5605,1.9933548,0.04124960671630501
4,2,151928.97937176935,0.5605,1.9995592,0.042027893646531624
4,2,151933.97937255166,0.5605,2.0057254,0.04280618091297148
4,2,151938.97937333398,0.5605,2.0116053,0.04358446498427456
4,2,151943.9793741163,0.5605,2.0174086,0.04436275151149762
4,2,151948.9793748986,0.5605,2.0229259,0.045141039664616175
4,2,151953.9793756809,0.5605,2.02829,0.04591933019730779
4,2,151958.97937646322,0.5605,2.03354,0.04669762212405601
4,2,151963.97937724553,0.5605,2.0385988,0.0474759167402519
4,2,151968.97937802784,0.5605,2.0434477,0.04825420914721157
4,2,151973.97937881015,0.5605,2.0481632,0.04903250273302197
4,2,151978.97937959246,0.5605,2.052764,0.04981079376384946
4,2,151983.97938037477,0.5605,2.0573838,0.05058908640252219
4,2,151988.97938115709,0.5605,2.061622,0.051367378273526824
4,2,151993.9793819394,0.5605,2.0657644,0.05214567078704304
4,2,151998.9793827217,0.5605,2.069945,0.052923963836146726
4,2,152003.97938350402,0.5605,2.073744,0.053702258125927715
4,2,152008.97938428633,0.5605,2.0775812,0.05448055205802454
4,2,152013.97938506864,0.5605,2.0812848,0.05525884267027179
4,2,152018.97938585095,0.5605,2.0848927,0.05603713174051046
4,2,152023.97938663326,0.5605,2.0884054,0.056815419431149955
4,2,152028.97938741557,0.5605,2.0919564,0.0575937097073992
4,2,152033.97938819788,0.5605,2.095259,0.058371998272365985
4,2,152038.9793889802,0.5605,2.0985425,0.059150287781132585
4,2,152043.9793897625,0.5605,2.1015778,0.05992857808605498
4,2,152048.97939054482,0.5605,2.104766,0.060706864649020954
4,2,152053.97939132713,0.5605,2.1076677,0.0614851539691223
4,2,152058.97939210944,0.5605,2.1106267,0.062263448698139844
4,2,152063.97939289175,0.5605,2.1137002,0.06304174396933118
4,2,152068.97939367406,0.5605,2.1162581,0.0638200350816581
4,2,152073.97939445637,0.5605,2.119198,0.06459832557717296
4,2,152078.97939523868,0.5605,2.1214316,0.06537661747945679
4,2,152083.979396021,0.5605,2.1241424,0.06615491014602448
4,2,152088.9793968033,0.5605,2.1268532,0.06693320509988068
4,2,152093.97939758562,0.5605,2.1292586,0.06771150110907355
4,2,152098.97939836793,0.5605,2.131683,0.06848979799090822
4,2,152103.97939915024,0.5605,2.1342223,0.06926809120960699
4,2,152108.97939993255,0.5605,2.1362648,0.07004638848476277
4,2,152113.97940071486,0.5605,2.1385748,0.07082468196905983
4,2,152118.97940149717,0.5605,2.140713,0.07160297570463352
4,2,152123.97940227948,0.5605,2.1428893,0.07238126788839697
4,2,152128.9794030618,0.5605,2.1448936,0.0731595592810379
4,2,152133.9794038441,0.5605,2.1469936,0.07393784965436324
4,2,152138.9794046264,0.5605,2.149017,0.07471614087908796
4,2,152143.97940540873,0.5605,2.1511934,0.07549443523294062
4,2,152148.97940619104,0.5605,2.1528926,0.07627272874417236
4,2,152153.97940697335,0.5605,2.1547441,0.07705101829169854
4,2,152158.97940775566,0.5605,2.1569014,0.07782930717715288
4,2,152163.97940853797,0.5605,2.158524,0.07860759355908299
4,2,152168.97940932028,0.5605,2.1602042,0.07938588027189174
4,2,152173.9794101026,0.5605,2.1620367,0.08016416752551991
4,2,152178.9794108849,0.5605,2.1637359,0.08094245687600969
4,2,152183.9794116672,0.5605,2.1653776,0.08172074673606289
4,2,152188.97941244952,0.5605,2.1670766,0.08249903352915909
4,2,152193.97941323183,0.5605,2.1686993,0.08327731982846723
4,2,152198.97941401415,0.5605,2.170131,0.08405560497711433
4,2,152203.97941479646,0.5605,2.1719446,0.08483389331828223
4,2,152208.97941557877,0.5605,2.1735291,0.08561217947191
4,2,152213.97941636108,0.5605,2.1749227,0.0863904647887018
4,2,152218.9794171434,0.5605,2.1763163,0.08716875035900208
4,2,152223.9794179257,0.5605,2.1777673,0.08794703475678298
4,2,152228.979418708,0.5605,2.17918,0.08872531802353262
4,2,152233.97941949032,0.5605,2.1805544,0.08950360002344515
4,2,152238.97942027263,0.5605,2.1818335,0.09028188239758544
4,2,152243.97942105494,0.5605,2.1832461,0.09106016421929002
4,2,152248.97942183726,0.5605,2.1846397,0.09183844861617022
4,2,152253.97942261957,0.5605,2.1858232,0.09261673251068592
4,2,152258.97942340188,0.5605,2.1872551,0.09339501594801412
4,2,152263.9794241842,0.5605,2.188515,0.09417329730298783
4,2,152268.9794249665,0.5605,2.189794,0.09495157652817832
4,2,152273.9794257488,0.5605,2.191035,0.09572985948138767
4,2,152278.97942653112,0.5605,2.1922185,0.09650814357761874
4,2,152283.97942731343,0.5605,2.193593,0.09728642906359501
4,2,152288.97942809574,0.5605,2.1946812,0.09806471669928234
4,2,152293.97942887805,0.5605,2.1959221,0.09884300377950073
4,2,152298.97942966036,0.5605,2.197182,0.0996212918450998
4,2,152303.97943044268,0.5605,2.198251,0.10039957818552853
4,2,152308.979431225,0.5605,2.199492,0.10117786550434762
4,2,152313.9794320073,0.5605,2.2004845,0.10195615018281341
4,2,152318.9794327896,0.5605,2.2015154,0.10273443441563183
4,2,152323.97943357192,0.5605,2.2025273,0.10351272086164025
4,2,152328.97943435423,0.5605,2.2038445,0.10429100417202712
4,2,152333.97943513654,0.5605,2.2045891,0.10506928969529604
4,2,152338.97943591885,0.5605,2.2059255,0.10584757766139509
4,2,152343.97943670116,0.5605,2.206899,0.10662586377159425
4,2,152348.97943748347,0.5605,2.2079298,0.1074041487355431
4,2,152353.9794382658,0.5605,2.2089226,0.1081824380313125
4,2,152358.9794390481,0.5605,2.2099533,0.10896072970961863
4,2,152363.9794398304,0.5605,2.210908,0.10973902092953855
4,2,152368.97944061272,0.5605,2.2119389,0.11051731045348447
4,2,152373.97944139503,0.5605,2.212855,0.11129559820366237
4,2,152378.97944217734,0.5605,2.2139814,0.11207388861115775
4,2,152383.97944295965,0.5605,2.214955,0.11285218138557673
4,2,152388.97944374196,0.5605,2.215776,0.11363047381122908
4,2,152393.97944452427,0.5605,2.2166731,0.11440876866356202
4,2,152398.97944530658,0.5605,2.2175896,0.11518706215803823
4,2,152403.9794460889,0.5605,2.2187731,0.11596535377877289
4,2,152408.9794468712,0.5605,2.2195559,0.11674364472243852
4,2,152413.97944765352,0.5605,2.2205677,0.11752193408692214
4,2,152418.97944843583,0.5605,2.2214077,0.11830022507106595
4,2,152423.97944921814,0.5605,2.2224386,0.11907851750459274
4,2,152428.97945000045,0.5605,2.223374,0.11985680853499638
4,2,152433.97945078276,0.5605,2.2241375,0.12063509774367345
4,2,152438.97945156507,0.5605,2.2250729,0.12141338403042819
4,2,152443.97945234738,0.5605,2.2257984,0.1221916696451803
4,2,152448.9794531297,0.5605,2.226772,0.12296995446704494
4,2,152453.979453912,0.5605,2.2274783,0.12374823759582639
4,2,152458.97945469432,0.5605,2.2285092,0.1245265195144448
4,2,152463.97945547663,0.5605,2.2293491,0.12530480429216226
4,2,152468.97945625894,0.5605,2.230189,0.12608309012003077
4,2,152473.97945704125,0.5605,2.2311056,0.12686137548551293
4,2,152478.97945782356,0.5605,2.23206,0.12763966190850734
4,2,152483.97945860587,0.5605,2.2327473,0.1284179473616779
4,2,152488.97945938818,0.5605,2.2336063,0.1291962330911325
4,2,152493.9794601705,0.5605,2.2345035,0.1299745246266491
4,2,152498.9794609528,0.5605,2.2352862,0.1307528180570768
4,2,152503.9794617351,0.5605,2.2361453,0.13153111251633698
4,2,152508.97946251743,0.5605,2.236947,0.13230940802145336
4,2,152513.97946329974,0.5605,2.2377489,0.13308770292357272
4,2,152518.97946408205,0.5605,2.2384744,0.13386599969966542
4,2,152523.97946486436,0.5605,2.2393906,0.13464429590982196
4,2,152528.97946564667,0.5605,2.2402115,0.13542259333125417
4,2,152533.97946642898,0.5605,2.240956,0.1362008907360401
4,2,152538.9794672113,0.5605,2.241815,0.13697918848004603
4,2,152543.9794679936,0.5605,2.2425978,0.1377574840393364
4,2,152548.9794687759,0.5605,2.2433996,0.13853577817162868
4,2,152553.97946955822,0.5605,2.2442205,0.13931407233595844
4,2,152558.97947034054,0.5605,2.2450032,0.14009236524007382
4,2,152563.97947112285,0.5605,2.245786,0.14087065849649902
4,2,152568.97947190516,0.5605,2.2464921,0.14164895352739423
4,2,152573.97947268747,0.5605,2.2474658,0.14242724654589092
4,2,152578.97947346978,0.5605,2.248134,0.14320554010057113
4,2,152583.9794742521,0.5605,2.2489548,0.14398383240699764
4,2,152588.9794750344,0.5605,2.2497375,0.14476212754556864
4,2,152593.9794758167,0.5605,2.2505968,0.1455404204511874
4,2,152598.97947659902,0.5605,2.2513793,0.1463187156241304
4,2,152603.97947738133,0.5605,2.2520857,0.14709700971235498
4,2,152608.97947816364,0.5605,2.2529829,0.1478753038963344
4,2,152613.97947894596,0.5605,2.253594,0.14865359989286459
4,2,152618.97947972827,0.5605,2.2545292,0.14943189729687897
4,2,152623.97948051058,0.5605,2.2552166,0.15021019179922337
4,2,152628.9794812929,0.5605,2.25598,0.15098848798400158
4,2,152633.9794820752,0.5605,2.2567627,0.15176678394248744
4,2,152638.9794828575,0.5605,2.257431,0.15254508177389364
4,2,152643.97948363982,0.5605,2.2582328,0.15332337536087626
4,2,152648.97948442213,0.5605,2.2589965,0.15410166576217604
4,2,152653.97948520444,0.5605,2.2597408,0.15487995535933632
4,2,152658.97948598675,0.5605,2.2604854,0.15565824228226138
4,2,152663.97948676907,0.5605,2.2613063,0.15643653291481063
4,2,152668.97948755138,0.5605,2.2619936,0.15721482403033965
4,2,152673.9794883337,0.5605,2.2628336,0.15799311695409807
4,2,152678.979489116,0.5605,2.2635016,0.15877140881730112
4,2,152683.9794898983,0.5605,2.2643988,0.15954970310839672
4,2,152688.97949068062,0.5605,2.2651434,0.16032799803395728
4,2,152693.97949146293,0.5605,2.265869,0.16110629571918972
4,2,152698.97949224524,0.5605,2.2665179,0.16188459276859954
4,2,152703.97949302755,0.5605,2.2674153,0.16266288900824383
4,2,152708.97949380986,0.5605,2.2680833,0.16344118503088084
4,2,152713.97949459217,0.5605,2.269038,0.16421947950875754
4,2,152718.9794953745,0.5605,2.269725,0.16499777221978038
4,2,152723.9794961568,0.5605,2.270565,0.16577606494092606
4,2,152728.9794969391,0.5605,2.2713478,0.16655435661124518
4,2,152733.97949772142,0.5605,2.2718823,0.16733264975776604
4,2,152738.97949850373,0.5605,2.2727222,0.16811094305390117
4,2,152743.97949928604,0.5605,2.2736578,0.1688892351051039
4,2,152748.97950006835,0.5605,2.2741158,0.1696675269874566
4,2,152753.97950085066,0.5605,2.2750704,0.17044581865758696
4,2,152758.97950163297,0.5605,2.2758722,0.1712241091871063
4,2,152763.97950241528,0.5605,2.2765977,0.17200240210626522
4,2,152768.9795031976,0.5605,2.2773612,0.17278069708592692
4,2,152773.9795039799,0.5605,2.2781057,0.17355899120376175
4,2,152778.97950476222,0.5605,2.278793,0.17433728534234894
4,2,152783.97950554453,0.5605,2.2795184,0.17511558260723284
4,2,152788.97950632684,0.5605,2.2803392,0.17589387935890088
4,2,152793.97950710915,0.5605,2.2812176,0.1766721759332385
4,2,152798.97950789146,0.5605,2.281752,0.1774504745687577
4,2,152803.97950867377,0.5605,2.2826684,0.17822877317466665
4,2,152808.97950945608,0.5605,2.2833939,0.17900706884410642
4,2,152813.9795102384,0.5605,2.284062,0.17978536379322405
4,2,152818.9795110207,0.5605,2.28494,0.1805636585812171
4,2,152823.97951180302,0.5605,2.2857037,0.18134195331490036
4,2,152828.97951258533,0.5605,2.2865818,0.1821202456608348
4,2,152833.97951336764,0.5605,2.2873645,0.18289854139058784
4,2,152838.97951414995,0.5605,2.2881854,0.18367683693910966
4,2,152843.97951493226,0.5605,2.2887964,0.18445513213741777
4,2,152848.97951571457,0.5605,2.2897127,0.18523342672435109
4,2,152853.97951649688,0.5605,2.2904954,0.18601172202572225
4,2,152858.9795172792,0.5605,2.2911253,0.18679001641625165
4,2,152863.9795180615,0.5605,2.2919843,0.18756830881340303
4,2,152868.97951884381,0.5605,2.2927098,0.18834660278243487
4,2,152873.97951962613,0.5605,2.2935307,0.18912489931185708
4,2,152878.97952040844,0.5605,2.2944663,0.18990319616643586
4,2,152883.97952119075,0.5605,2.2951915,0.19068149440763724
4,2,152888.97952197306,0.5605,2.2957833,0.19145979187584916
4,2,152893.97952275537,0.5605,2.296738,0.19223808659022384
4,2,152898.97952353768,0.5605,2.2975206,0.19301638296702506
4,2,152903.97952432,0.5605,2.2982843,0.19379467764904434
4,2,152908.9795251023,0.5605,2.2990096,0.19457297127693562
4,2,152913.9795258846,0.5605,2.2999833,0.19535126737421754
4,2,152918.97952666692,0.5605,2.3006322,0.19612956293610403
4,2,152923.97952744924,0.5605,2.3015296,0.19690786198604773
4,2,152928.97952823155,0.5605,2.3023314,0.19768616263530656
4,2,152933.97952901386,0.5605,2.303114,0.19846446263889805
4,2,152938.97952979617,0.5605,2.303935,0.19924276072233918
4,2,152943.97953057848,0.5605,2.3047366,0.20002105977075302
4,2,152948.9795313608,0.5605,2.3053858,0.20079936018397082
4,2,152953.9795321431,0.5605,2.3063211,0.2015776637146738
4,2,152958.9795329254,0.5605,2.3072186,0.202355966396153
4,2,152963.97953370772,0.5605,2.3081157,0.20313426886348596
4,2,152968.97953449003,0.5605,2.3088794,0.20391256791479392
4,2,152973.97953527234,0.5605,2.3095856,0.20469086536736295
4,2,152978.97953605466,0.5605,2.3104064,0.20546916332360446
4,2,152983.97953683697,0.5605,2.311361,0.2062474617197216
4,2,152988.97953761928,0.5605,2.312373,0.20702576049479185
4,2,152993.9795384016,0.5605,2.313041,0.20780405754117176
4,2,152998.9795391839,0.5605,2.3139765,0.20858235326654057
4,2,153003.9795399662,0.5605,2.3147974,0.20936065013088126
4,2,153008.97954074852,0.5605,2.3155608,0.21013894676145917
4,2,153013.97954153083,0.5605,2.316401,0.2109172433909112
4,2,153018.97954231314,0.5605,2.3170881,0.2116955368170275
4,2,153023.97954309545,0.5605,2.3180237,0.21247383214387963
4,2,153028.97954387777,0.5605,2.3190162,0.213252128981385
4,2,153033.97954466008,0.5605,2.3197036,0.21403042426985505
4,2,153038.9795454424,0.5605,2.320639,0.21480871924438413
4,2,153043.9795462247,0.5605,2.3214407,0.21558701319348483
4,2,153048.979547007,0.5605,2.3224144,0.21636530958082945
4,2,153053.97954778932,0.5605,2.3232925,0.21714360531219512
4,2,153058.97954857163,0.5605,2.3241324,0.21792190065652467
4,2,153063.97954935394,0.5605,2.3249342,0.21870019556922718
4,2,153068.97955013625,0.5605,2.3260224,0.21947849086673066
4,2,153073.97955091856,0.5605,2.326748,0.22025678318393566
4,2,153078.97955170088,0.5605,2.3277597,0.2210350784262353
4,2,153083.9795524832,0.5605,2.3286378,0.22181337191603584
4,2,153088.9795532655,0.5605,2.3294396,0.2225916666332252
4,2,153093.9795540478,0.5605,2.330413,0.2233699631785552
4,2,153098.97955483012,0.5605,2.3313105,0.22414825894527968
4,2,153103.97955561243,0.5605,2.3320932,0.22492655710751813
4,2,153108.97955639474,0.5605,2.3332577,0.22570485592524211
4,2,153113.97955717705,0.5605,2.333983,0.22648315495473148
4,2,153118.97955795936,0.5605,2.335052,0.22726145231270128
4,2,153123.97955874167,0.5605,2.3358922,0.22803975239561333
4,2,153128.97955952398,0.5605,2.3367894,0.22881804934429792
4,2,153133.9795603063,0.5605,2.3376675,0.22959634437696802
4,2,153138.9795610886,0.5605,2.3386412,0.23037463922564852
4,2,153143.97956187092,0.5605,2.339672,0.2311529339021378
4,2,153148.97956265276,0.5605,2.3404164,0.23193122781985004
4,2,153153.97956343507,0.5605,2.3413901,0.23270952177116935
4,2,153158.97956421738,0.5605,2.3424401,0.23348781520275605
4,2,153163.9795649997,0.5605,2.3435092,0.23426610913234286
4,2,153168.979565782,0.5605,2.3442535,0.23504440055407416
4,2,153173.97956656432,0.5605,2.34538,0.23582269342541032
4,2,153178.97956734663,0.5605,2.346201,0.23660098879013458
4,2,153183.97956812894,0.5605,2.347251,0.23737928555278975
4,2,153188.97956891125,0.5605,2.3482053,0.23815758278044727
4,2,153193.97956969356,0.5605,2.3491216,0.238935881401668
4,2,153198.97957047587,0.5605,2.3500571,0.23971417981977264
4,2,153203.97957125818,0.5605,2.3513172,0.2404924760707418
4,2,153208.9795720405,0.5605,2.3522334,0.24127077136106623
4,2,153213.9795728228,0.5605,2.3531306,0.24204906868587267
4,2,153218.97957360512,0.5605,2.3541234,0.2428273692444033
4,2,153223.97957438743,0.5605,2.3550014,0.24360566708922385
4,2,153228.97957516974,0.5605,2.3560514,0.24438396730346149
4,2,153233.97957595205,0.5605,2.357006,0.24516226573648386
4,2,153238.97957673436,0.5605,2.3579795,0.24594056472166378
4,2,153243.97957751667,0.5605,2.3588576,0.24671886134821175
4,2,153248.97957829898,0.5605,2.3600605,0.24749716373709835
4,2,153253.9795790813,0.5605,2.361034,0.24827546550668608
4,2,153258.9795798636,0.5605,2.3620076,0.24905376661430462
4,2,153263.97958064592,0.5605,2.3629813,0.24983206735773877
4,2,153268.97958142823,0.5605,2.3641267,0.2506103692313432
4,2,153273.97958221054,0.5605,2.3651001,0.251388669225951
4,2,153278.97958299285,0.5605,2.3662457,0.2521669681085348
4,2,153283.97958377516,0.5605,2.3674102,0.2529452683216863
4,2,153288.97958455747,0.5605,2.3683264,0.25372356971748333
4,2,153293.97958533978,0.5605,2.3693001,0.25450187150250536
4,2,153298.9795861221,0.5605,2.3704646,0.255280169145892
4,2,153303.9795869044,0.5605,2.3714573,0.2560584648816817
4,2,153308.9795876867,0.5605,2.37245,0.2568367586401403
4,2,153313.97958846902,0.5605,2.3736145,0.2576150519242651
4,2,153318.97958925134,0.5605,2.37476,0.25839334326451024
4,2,153323.97959003365,0.5605,2.375829,0.25917163420417577
4,2,153328.97959081596,0.5605,2.376898,0.259949928913186
4,2,153333.97959159827,0.5605,2.3778527,0.26072822490847447
4,2,153338.97959238058,0.5605,2.3789215,0.26150652022719056
4,2,153343.9795931629,0.5605,2.3802197,0.26228481747170956
4,2,153348.9795939452,0.5605,2.3813078,0.26306311582972614
4,2,153353.9795947275,0.5605,2.382415,0.2638414131462045
4,2,153358.97959550982,0.5605,2.3833697,0.26461970924747996
4,2,153363.97959629213,0.5605,2.384687,0.2653980037668779
4,2,153368.97959707445,0.5605,2.3856988,0.2661762994087604
4,2,153373.97959785676,0.5605,2.3867295,0.2669545971770387
4,2,153378.97959863907,0.5605,2.388085,0.26773289309242043
4,2,153383.97959942138,0.5605,2.3892305,0.2685111860931881
4,2,153388.9796002037,0.5605,2.3903759,0.26928947909204176
4,2,153393.979600986,0.5605,2.3915594,0.2700677729232908
4,2,153398.9796017683,0.5605,2.3926094,0.27084606519074583
4,2,153403.97960255062,0.5605,2.3937738,0.271624356647826
4,2,153408.97960333293,0.5605,2.3949766,0.27240264530408065
4,2,153413.97960411524,0.5605,2.396103,0.2731809317760535
4,2,153418.97960489755,0.5605,2.3972483,0.2739592189322248
4,2,153423.97960567987,0.5605,2.3984892,0.27473750781410283
4,2,153428.97960646218,0.5605,2.3995774,0.27551579769721973
4,2,153433.9796072445,0.5605,2.4008946,0.2762940887606808
4,2,153438.9796080268,0.5605,2.402021,0.2770723802418412
4,2,153443.9796088091,0.5605,2.4032235,0.2778506715360153
4,2,153448.97960959142,0.5605,2.4044454,0.2786289641830393
4,2,153453.97961037373,0.5605,2.4057627,0.2794072603899739
4,2,153458.97961115604,0.5605,2.4069843,0.2801855555834838
4,2,153463.97961193835,0.5605,2.4082062,0.28096384994199225
4,2,153468.97961272066,0.5605,2.409428,0.28174214310324536
4,2,153473.97961350298,0.5605,2.4106116,0.2825204409525396
4,2,153478.9796142853,0.5605,2.4120433,0.28329873650695897
4,2,153483.9796150676,0.5605,2.4130552,0.2840770319140588
4,2,153488.9796158499,0.5605,2.414334,0.2848553263316222
4,2,153493.97961663222,0.5605,2.4156322,0.28563361913885355
4,2,153498.97961741453,0.5605,2.4168923,0.28641191026742274
4,2,153503.97961819684,0.5605,2.418114,0.28719020244572574
4,2,153508.97961897915,0.5605,2.4194694,0.2879684936911233
4,2,153513.97961976146,0.5605,2.420634,0.28874678204892756
4,2,153518.97962054377,0.5605,2.4220848,0.28952507397248034
4,2,153523.97962132609,0.5605,2.4232683,0.2903033634223807
4,2,153528.9796221084,0.5605,2.424414,0.29108165241373263
4,2,153533.9796228907,0.5605,2.425941,0.291859944591976
4,2,153538.97962367302,0.5605,2.427201,0.29263823549577606
4,2,153543.97962445533,0.5605,2.4284992,0.2934165287006432
4,2,153548.97962523764,0.5605,2.4298737,0.2941948220794533
4,2,153553.97962601995,0.5605,2.43121,0.29497311537178034
4,2,153558.97962680226,0.5605,2.432508,0.2957514110138251
4,2,153563.97962758457,0.5605,2.4338062,0.29652970800828277
4,2,153568.97962836688,0.5605,2.4352953,0.2973080040688118
4,2,153573.9796291492,0.5605,2.4365742,0.2980863004407817
4,2,153578.9796299315,0.5605,2.4379296,0.29886459703638496
4,2,153583.97963071382,0.5605,2.4394379,0.29964289714616543
4,2,153588.97963149613,0.5605,2.440736,0.3004211934589844
4,2,153593.97963227844,0.5605,2.4420915,0.3011994889244206
4,2,153598.97963306075,0.5605,2.4434469,0.30197778248058765
4,2,153603.97963384306,0.5605,2.444745,0.3027560766231518
4,2,153608.97963462537,0.5605,2.4461577,0.30353437279853235
4,2,153613.97963540768,0.5605,2.447475,0.30431266783509664
4,2,153618.97963619,0.5605,2.449002,0.3050909610812698
4,2,153623.9796369723,0.5605,2.4503193,0.30586925219768296
4,2,153628.97963775462,0.5605,2.4519038,0.3066475472727121
4,2,153633.97963853693,0.5605,2.453202,0.30742583883265995
4,2,153638.97963931924,0.5605,2.4544811,0.3082041304162278
4,2,153643.97964010155,0.5605,2.4560845,0.3089824209460518
4,2,153648.97964088386,0.5605,2.4573255,0.3097607156884373
4,2,153653.97964166617,0.5605,2.4587,0.3105390115638277
4,2,153658.97964244848,0.5605,2.460151,0.3113173095360465
4,2,153663.9796432308,0.5605,2.4618118,0.3120956081988514
4,2,153668.9796440131,0.5605,2.4630525,0.31287390640626356
4,2,153673.9796447954,0.5605,2.464656,0.3136522034784788
4,2,153678.97964557773,0.5605,2.4660878,0.31443050021634505
4,2,153683.97964636004,0.5605,2.4674816,0.3152088020397657
4,2,153688.97964714235,0.5605,2.4689896,0.3159871022276912
4,2,153693.97964792466,0.5605,2.4704406,0.316765401873486
4,2,153698.97964870697,0.5605,2.4719296,0.31754369919252073
4,2,153703.97964948928,0.5605,2.4733422,0.3183219955923492
4,2,153708.9796502716,0.5605,2.4747548,0.3191002918063105
4,2,153713.9796510539,0.5605,2.476225,0.3198785883916518
4,2,153718.9796518362,0.5605,2.4775803,0.3206568866478371
4,2,153723.97965261852,0.5605,2.479203,0.321435186518252
4,2,153728.97965340083,0.5605,2.4806347,0.3222134861497218
4,2,153733.97965418315,0.5605,2.482143,0.32299178490206276
4,2,153738.97965496546,0.5605,2.4834983,0.32377008738192264
4,2,153743.97965574777,0.5605,2.4850445,0.32454838882238346
4,2,153748.97965653008,0.5605,2.4864192,0.3253266888300943
4,2,153753.9796573124,0.5605,2.4879653,0.3261049911449056
4,2,153758.9796580947,0.5605,2.4894164,0.32688329483859085
4,2,153763.979658877,0.5605,2.4908671,0.3276615975702141
4,2,153768.97965965932,0.5605,2.4922225,0.3284399005311596
4,2,153773.97966044163,0.5605,2.4936924,0.32921820378465133
4,2,153778.97966122394,0.5605,2.4951243,0.3299965071039002
4,2,153783.97966200626,0.5605,2.496575,0.33077480929921743
4,2,153788.97966278857,0.5605,2.4979305,0.3315531135264272
4,2,153793.97966357088,0.5605,2.4993622,0.33233141993543847
4,2,153798.9796643532,0.5605,2.5008514,0.33310972588354026
4,2,153803.9796651355,0.5605,2.502245,0.3338880304050115
4,2,153808.9796659178,0.5605,2.5035622,0.33466633369530246
4,2,153813.97966670012,0.5605,2.5049367,0.3354446372748084
4,2,153818.97966748243,0.5605,2.5063303,0.33622294206700726
4,2,153823.97966826474,0.5605,2.5076094,0.33700124699803197
4,2,153828.97966904705,0.5605,2.5091174,0.33777954838206703
4,2,153833.97966982936,0.5605,2.5104156,0.3385578494673073
4,2,153838.97967061168,0.5605,2.5118856,0.339336148048381
4,2,153843.979671394,0.5605,2.5131836,0.3401144437551366
4,2,153848.9796721763,0.5605,2.5144627,0.3408927407335209
4,2,153853.9796729586,0.5605,2.5158563,0.3416710354626543
4,2,153858.97967374092,0.5605,2.5173073,0.3424493289598525
4,2,153863.97967452323,0.5605,2.518567,0.3432276245920559
4,2,153868.97967530554,0.5605,2.5195599,0.34400592009406294
4,2,153873.97967608785,0.5605,2.5209916,0.3447842198067242
4,2,153878.97967687016,0.5605,2.5224235,0.34556252140281607
4,2,153883.97967765247,0.5605,2.5235116,0.34634082277910255
4,2,153888.9796784348,0.5605,2.5248287,0.34711912560003344
4,2,153893.9796792171,0.5605,2.5259552,0.3478974274907974
4,2,153898.9796799994,0.5605,2.527215,0.3486757311771943
4,2,153903.97968078172,0.5605,2.528437,0.34945403529004926
4,2,153908.97968156403,0.5605,2.529487,0.350232339269658
4,2,153913.97968234634,0.5605,2.5307658,0.35101064084961686
4,2,153918.97968312865,0.5605,2.5320067,0.35178894356558066
4,2,153923.97968391096,0.5605,2.533095,0.35256724453136334
4,2,153928.97968469327,0.5605,2.5342212,0.35334554664731366
4,2,153933.97968547558,0.5605,2.5353665,0.3541238447614578
4,2,153938.9796862579,0.5605,2.5365312,0.35490214442146495
4,2,153943.9796870402,0.5605,2.537791,0.35568044577541624
4,2,153948.97968782252,0.5605,2.5387075,0.3564587462024524
4,2,153953.97968860483,0.5605,2.539719,0.35723704522565675
4,2,153958.97968938714,0.5605,2.5409029,0.35801534002196794
4,2,153963.97969016945,0.5605,2.5419147,0.3587936356451876
4,2,153968.97969095176,0.5605,2.543022,0.35957193171681967
4,2,153973.97969173407,0.5605,2.544091,0.3603502322211498
4,2,153978.97969251638,0.5605,2.5451407,0.3611285323505336
4,2,153983.9796932987,0.5605,2.546019,0.36190683083885916
4,2,153988.979694081,0.5605,2.5470881,0.3626851283862194
4,2,153993.97969486332,0.5605,2.5480998,0.3634634263856809
4,2,153998.97969564563,0.5605,2.5491116,0.36424172471089505
4,2,154003.97969642794,0.5605,2.5501616,0.3650200223999786
4,2,154008.97969721025,0.5605,2.551116,0.36579831836603094
4,2,154013.97969799256,0.5605,2.5520706,0.3665766156733997
4,2,154018.97969877487,0.5605,2.5529678,0.36735491644539775
4,2,154023.97969955718,0.5605,2.5539987,0.36813321828405404
4,2,154028.9797003395,0.5605,2.5548959,0.36891152372513886
4,2,154033.9797011218,0.5605,2.5558314,0.3696898268225194
4,2,154038.9797019041,0.5605,2.5567286,0.3704681303687957
4,2,154043.97970268643,0.5605,2.5577214,0.3712464330272245
4,2,154048.97970346874,0.5605,2.5585232,0.37202473344870085
4,2,154053.97970425105,0.5605,2.5594394,0.3728030337583192
4,2,154058.97970503336,0.5605,2.5604131,0.3735813367335135
4,2,154063.97970581567,0.5605,2.5613294,0.3743596386599177
4,2,154068.97970659798,0.5605,2.5621693,0.37513793940031204
4,2,154073.9797073803,0.5605,2.562914,0.37591624355128084
4,2,154078.9797081626,0.5605,2.5638301,0.37669454433719324
4,2,154083.9797089449,0.5605,2.5648038,0.37747284758224425
4,2,154088.97970972722,0.5605,2.5656438,0.3782511522187094
4,2,154093.97971050953,0.5605,2.5664265,0.37902945575087604
4,2,154098.97971129185,0.5605,2.5672283,0.37980776164891655
4,2,154103.97971207416,0.5605,2.5681255,0.3805860676372714
4,2,154108.97971285647,0.5605,2.5689654,0.381364374723004
4,2,154113.97971363878,0.5605,2.5697863,0.3821426822258499
4,2,154118.9797144211,0.5605,2.5706646,0.38292099075970054
4,2,154123.9797152034,0.5605,2.57118,0.38369929760231575
4,2,154128.9797159857,0.5605,2.5722682,0.38447760549765164
4,2,154133.97971676802,0.5605,2.5729363,0.38525591304308177
4,2,154138.97971755033,0.5605,2.5737572,0.3860342197734449
4,2,154143.97971833264,0.5605,2.5745971,0.38681252959289153
4,2,154148.97971911496,0.5605,2.5752273,0.38759083815938566
4,2,154153.97971989727,0.5605,2.5760481,0.3883691501264042
4,2,154158.97972067958,0.5605,2.576869,0.38914745853058164
4,2,154163.9797214619,0.5605,2.5776515,0.38992576497530934
4,2,154168.9797222442,0.5605,2.578358,0.39070407255404194
4,2,154173.9797230265,0.5605,2.5790834,0.39148237902206845
4,2,154178.97972380882,0.5605,2.5798087,0.3922606849861211
4,2,154183.97972459113,0.5605,2.580649,0.39303899154355787
4,2,154188.97972537344,0.5605,2.581336,0.393817300201363
4,2,154193.97972615575,0.5605,2.582176,0.39459560703867674
4,2,154198.97972693807,0.5605,2.5829015,0.39537391490095525
4,2,154203.97972772038,0.5605,2.5836077,0.39615222238597275
4,2,154208.9797285027,0.5605,2.5842187,0.3969305315976176
4,2,154213.979729285,0.5605,2.5850015,0.39770884169720944
4,2,154218.9797300673,0.5605,2.5857458,0.39848715106261773
4,2,154223.97973084962,0.5605,2.586376,0.3992654609369801
4,2,154228.97973163193,0.5605,2.587025,0.4000437681988114
4,2,154233.97973241424,0.5605,2.5879414,0.40082207648177615
4,2,154238.97973319655,0.5605,2.5884185,0.40160038487433064
4,2,154243.97973397886,0.5605,2.5890296,0.4023786919879185
4,2,154248.97973476117,0.5605,2.5899076,0.40315699605130817
4,2,154253.9797355435,0.5605,2.590404,0.40393529807226525
4,2,154258.9797363258,0.5605,2.5911484,0.4047135989094476
4,2,154263.9797371081,0.5605,2.5918548,0.4054918997753825
4,2,154268.97973789042,0.5605,2.5924847,0.40627020220530363
4,2,154273.97973867273,0.5605,2.5931911,0.40704850340191856
4,2,154278.97973945504,0.5605,2.5938401,0.4078268050051828
4,2,154283.97974023735,0.5605,2.5946038,0.40860510696658825
4,2,154288.97974101966,0.5605,2.595043,0.40938341274351875
4,2,154293.97974180197,0.5605,2.59573,0.4101617181830009
4,2,154298.97974258428,0.5605,2.5963411,0.4109400239947074
4,2,154303.9797433666,0.5605,2.596952,0.4117183292434547
4,2,154308.9797441489,0.5605,2.5976582,0.412496633100758
4,2,154313.97974493122,0.5605,2.5983646,0.4132749388078319
4,2,154318.97974571353,0.5605,2.5989373,0.41405324576838815
4,2,154323.97974649584,0.5605,2.5996246,0.41483155015353035
4,2,154328.97974727815,0.5605,2.6000826,0.4156098565772739
4,2,154333.97974806046,0.5605,2.6006362,0.4163881645899018
4,2,154338.97974884277,0.5605,2.6012092,0.41716647333899803
4,2,154343.97974962508,0.5605,2.6019535,0.41794478296015
4,2,154348.9797504074,0.5605,2.6025262,0.41872309196158247
4,2,154353.9797511897,0.5605,2.6031563,0.41950140076925685
4,2,154358.97975197202,0.5605,2.6036334,0.4202797097710106
4,2,154363.97975275433,0.5605,2.6042826,0.42105801849264235
4,2,154368.97975353664,0.5605,2.6049697,0.4218363262800938
4,2,154373.97975431895,0.5605,2.6054661,0.42261462990669735
4,2,154378.97975510126,0.5605,2.6059434,0.4233929336482286
4,2,154383.97975588357,0.5605,2.6066499,0.4241712403729624
4,2,154388.97975666588,0.5605,2.607127,0.42494955021804237
4,2,154393.9797574482,0.5605,2.607757,0.42572785393042695
4,2,154398.9797582305,0.5605,2.6082916,0.42650615791962876
4,2,154403.97975901281,0.5605,2.608597,0.42728446309498613
4,2,154408.97975979513,0.5605,2.609227,0.4280627672067649
4,2,154413.97976057744,0.5605,2.6099906,0.42884107208832767
4,2,154418.97976135975,0.5605,2.6106396,0.4296193781551023
4,2,154423.97976214206,0.5605,2.6112316,0.43039768352972796
4,2,154428.9797629239,0.5605,2.6117852,0.4311759916639725
4,2,154433.97976370621,0.5605,2.612205,0.43195429635621774
4,2,154438.97976448853,0.5605,2.6127777,0.43273259890303345
4,2,154443.97976527084,0.5605,2.6133313,0.4335109011407792
4,2,154448.97976605315,0.5605,2.6138277,0.4342892045811017
4,2,154453.97976683546,0.5605,2.6143432,0.43506750795171656
4,2,154458.97976761777,0.5605,2.6148777,0.43584581138956213
4,2,154463.97976840008,0.5605,2.6154504,0.43662411717652944
4,2,154468.9797691824,0.5605,2.616004,0.4374024217935072
4,2,154473.9797699647,0.5605,2.6165195,0.4381807253476414
4,2,154478.979770747,0.5605,2.6171303,0.4389590303781562
4,2,154483.97977152932,0.5605,2.6175885,0.4397373347344233
4,2,154488.97977231164,0.5605,2.6180086,0.4405156385787891
4,2,154493.97977309395,0.5605,2.6186004,0.4412939429879321
4,2,154498.97977387626,0.5605,2.6190012,0.44207224850502613
4,2,154503.97977465857,0.5605,2.6195548,0.4428505494253139
4,2,154508.97977544088,0.5605,2.6201658,0.44362885300220384
4,2,154513.9797762232,0.5605,2.6204712,0.44440715780909856
4,2,154518.9797770055,0.5605,2.621063,0.44518546377455526
4,2,154523.9797777878,0.5605,2.6215594,0.44596376975084673
4,2,154528.97977857012,0.5605,2.6222274,0.4467420770575735
4,2,154533.97977935243,0.5605,2.622552,0.44752038526713844
4,2,154538.97978013474,0.5605,2.6231246,0.4482986944896446
4,2,154543.97978091706,0.5605,2.6234684,0.4490770016300943
4,2,154548.97978169937,0.5605,2.6239455,0.44985530755432446
4,2,154553.97978248168,0.5605,2.6244228,0.4506336128048996
4,2,154558.979783264,0.5605,2.6250339,0.4514119208354122
4,2,154563.9797840463,0.5605,2.6254346,0.4521902280512949
4,2,154568.9797848286,0.5605,2.6259692,0.45296853644531304
4,2,154573.97978561092,0.5605,2.6265037,0.45374684453682435
4,2,154578.97978639323,0.5605,2.6269236,0.4545251556439631
4,2,154583.97978717554,0.5605,2.627439,0.4553034646472699
4,2,154588.97978795785,0.5605,2.6279736,0.45608177162942953
4,2,154593.97978874017,0.5605,2.62847,0.45686007967002523
4,2,154598.97978952248,0.5605,2.6287563,0.45763838613167734
4,2,154603.9797903048,0.5605,2.6292145,0.4584166926704115
4,2,154608.9797910871,0.5605,2.6298826,0.4591950012181335
4,2,154613.9797918694,0.5605,2.630417,0.45997330700284905
4,2,154618.97979265172,0.5605,2.6307228,0.4607516169481443
4,2,154623.97979343403,0.5605,2.6313336,0.46152992567818696
4,2,154628.97979421634,0.5605,2.6317916,0.4623082335074544
4,2,154633.97979499865,0.5605,2.6323261,0.46308654077551437
4,2,154638.97979578096,0.5605,2.6325934,0.4638648435548843
4,2,154643.97979656328,0.5605,2.633338,0.46464314810480684
4,2,154648.9797973456,0.5605,2.6335862,0.4654214535908965
4,2,154653.9797981279,0.5605,2.6341398,0.4661997601111797
4,2,154658.9797989102,0.5605,2.6346552,0.4669780646389293
4,2,154663.97979969252,0.5605,2.6349416,0.46775636724020714
4,2,154668.97980047483,0.5605,2.6354952,0.4685346676178443
4,2,154673.97980125714,0.5605,2.6358578,0.46931296879220347
4,2,154678.97980203945,0.5605,2.6363924,0.47009127481189045
4,2,154683.97980282176,0.5605,2.6369462,0.47086957738630975
4,2,154688.97980360407,0.5605,2.637347,0.4716478770277865
4,2,154693.97980438638,0.5605,2.6378624,0.4724261775241296
4,2,154698.9798051687,0.5605,2.638206,0.4732044756516914
4,2,154703.979805951,0.5605,2.6389124,0.4739827763204277
4,2,154708.97980673332,0.5605,2.639256,0.47476107667325274
4,2,154713.97980751563,0.5605,2.6395996,0.47553937613368036
4,2,154718.97980829794,0.5605,2.6399243,0.476317676383949
4,2,154723.97980908025,0.5605,2.640497,0.47709597733047937
4,2,154728.97980986256,0.5605,2.6410506,0.4778742770363225
4,2,154733.97981064487,0.5605,2.6416614,0.4786525807667706
4,2,154738.97981142718,0.5605,2.6418524,0.4794308839691811
4,2,154743.9798122095,0.5605,2.6422913,0.48020918506267335
4,2,154748.9798129918,0.5605,2.6427114,0.48098748482745224
4,2,154753.97981377412,0.5605,2.643265,0.48176578604658776
4,2,154758.97981455643,0.5605,2.6437232,0.48254408819542
4,2,154763.97981533874,0.5605,2.6442003,0.4833223905317552
4,2,154768.97981612105,0.5605,2.6446395,0.4841006914281051
4,2,154773.97981690336,0.5605,2.6450021,0.48487899229811304
4,2,154778.97981768567,0.5605,2.6454604,0.48565729438582067
4,2,154783.97981846798,0.5605,2.6459377,0.48643559650610224
4,2,154788.9798192503,0.5605,2.6463575,0.48721389652262465
4,2,154793.9798200326,0.5605,2.646873,0.48799219563414653
4,2,154798.97982081492,0.5605,2.6474075,0.4887704952681031
4,2,154803.97982159723,0.5605,2.647904,0.48954879112114175
4,2,154808.97982237954,0.5605,2.6482666,0.49032708680090303
4,2,154813.97982316185,0.5605,2.6486104,0.49110538513943547
4,2,154818.97982394416,0.5605,2.6491256,0.491883683986177
4,2,154823.97982472647,0.5605,2.6495266,0.4926619770711726
4,2,154828.97982550878,0.5605,2.6499658,0.49344027469004187
4,2,154833.9798262911,0.5605,2.6505003,0.4942185725943578
4,2,154838.9798270734,0.5605,2.6508057,0.4949968716438048
4,2,154843.9798278557,0.5605,2.6512256,0.49577516961093737
4,2,154848.97982863802,0.5605,2.651722,0.49655346614856843
4,2,154853.97982942034,0.5605,2.652123,0.49733176399929646
4,2,154858.97983020265,0.5605,2.6524475,0.4981100631278984
4,2,154863.97983098496,0.5605,2.652982,0.49888836070315695
4,2,154868.97983176727,0.5605,2.653459,0.4996666582801242
4,2,154873.97983254958,0.5605,2.6538982,0.500444960203972
4,2,154878.9798333319,0.5605,2.6542609,0.5012232602100537
4,2,154883.9798341142,0.5605,2.6548147,0.502001562323951
4,2,154888.9798348965,0.5605,2.6553109,0.5027798631297118
4,2,154893.97983567882,0.5605,2.655712,0.5035581638331347
4,2,154898.97983646113,0.5605,2.6560745,0.5043364645396073
4,2,154903.97983724345,0.5605,2.6566281,0.5051147640040682
4,2,154908.97983802576,0.5605,2.6568573,0.5058930616983539
4,2,154913.97983880807,0.5605,2.6575062,0.5066713592858082
4,2,154918.97983959038,0.5605,2.6577353,0.5074496574849784
4,2,154923.9798403727,0.5605,2.658289,0.5082279580154418
4,2,154928.979841155,0.5605,2.6588426,0.5090062597030235
4,2,154933.9798419373,0.5605,2.6592054,0.5097845606613589
4,2,154938.97984271962,0.5605,2.6596825,0.5105628602982063
4,2,154943.97984350193,0.5605,2.6601026,0.5113411628946164
4,2,154948.97984428424,0.5605,2.660427,0.5121194648310673
4,2,154953.97984506655,0.5605,2.6609807,0.5128977624608178
4,2,154958.97984584887,0.5605,2.6614008,0.5136760653194485
4,2,154963.97984663118,0.5605,2.6618397,0.5144543658564354
4,2,154968.9798474135,0.5605,2.6623743,0.5152326661407616
4,2,154973.9798481958,0.5605,2.6625652,0.5160109692170387
4,2,154978.9798489781,0.5605,2.663176,0.5167892717165647
4,2,154983.97984976042,0.5605,2.6638062,0.5175675732868015
4,2,154988.97985054273,0.5605,2.6641498,0.5183458724121582
4,2,154993.97985132504,0.5605,2.6645505,0.5191241691511802
4,2,154998.97985210735,0.5605,2.6650088,0.5199024665904111
4,2,155003.97985288966,0.5605,2.665448,0.5206807672346002
4,2,155008.97985367198,0.5605,2.6659253,0.5214590697086618
4,2,155013.9798544543,0.5605,2.6664598,0.5222373712811205
4,2,155018.9798552366,0.5605,2.6668797,0.5230156708249284
4,2,155023.9798560189,0.5605,2.6672997,0.52379396957216
4,2,155028.97985680122,0.5605,2.6676433,0.5245722703160908
4,2,155033.97985758353,0.5605,2.6680632,0.5253505716014967
4,2,155038.97985836584,0.5605,2.6685023,0.5261288712249993
4,2,155043.97985914815,0.5605,2.6689796,0.5269071737837426
4,2,155048.97985993046,0.5605,2.6693614,0.5276854725877542
4,2,155053.97986071277,0.5605,2.6698196,0.5284637731329699
4,2,155058.97986149509,0.5605,2.6702778,0.5292420748767819
4,2,155063.9798622774,0.5605,2.6707358,0.5300203751202291
4,2,155068.9798630597,0.5605,2.6710222,0.5307986760303345
4,2,155073.97986384202,0.5605,2.6715186,0.5315769762757057
4,2,155078.97986462433,0.5605,2.6718621,0.5323552769764629
4,2,155083.97986540664,0.5605,2.6723967,0.5331335787666572
4,2,155088.97986618895,0.5605,2.6727977,0.5339118782086174
4,2,155093.97986697126,0.5605,2.6731985,0.5346901788243916
4,2,155098.97986775357,0.5605,2.6738858,0.5354684777691033
4,2,155103.97986853588,0.5605,2.6741912,0.536246780404687
4,2,155108.9798693182,0.5605,2.6746304,0.5370250842939914
4,2,155113.9798701005,0.5605,2.6752603,0.5378033874701528
4,2,155118.97987088282,0.5605,2.6757567,0.538581692071342
4,2,155123.97987166513,0.5605,2.676062,0.5393599928561683
4,2,155128.97987244744,0.5605,2.6764057,0.540138294593202
4,2,155133.97987322975,0.5605,2.677093,0.5409165963724589
4,2,155138.97987401206,0.5605,2.6773412,0.5416948967773619
4,2,155143.97987479437,0.5605,2.677723,0.5424731983957625
4,2,155148.97987557668,0.5605,2.678162,0.5432514995345245
4,2,155153.979876359,0.5605,2.6786966,0.5440297992156813
4,2,155158.9798771413,0.5605,2.6791165,0.5448081007469001
4,2,155163.97987792362,0.5605,2.6794603,0.5455864029373794
4,2,155168.97987870593,0.5605,2.6800902,0.5463647023843298
4,2,155173.97987948824,0.5605,2.6805866,0.5471430039550135
4,2,155178.97988027055,0.5605,2.680911,0.5479213048893713
4,2,155183.97988105286,0.5605,2.6814265,0.5486996029668619
4,2,155188.97988183517,0.5605,2.681732,0.5494779032954379
4,2,155193.97988261748,0.5605,2.6822665,0.5502562047606048
4,2,155198.9798833998,0.5605,2.68282,0.5510345065410935
4,2,155203.9798841821,0.5605,2.6833737,0.5518128062778814
4,2,155208.9798849644,0.5605,2.6838129,0.5525911031881938
4,2,155213.97988574672,0.5605,2.6842709,0.5533693996509846
4,2,155218.97988652904,0.5605,2.6846147,0.5541476954814331
4,2,155223.97988731135,0.5605,2.6851873,0.5549259908319184
4,2,155228.97988809366,0.5605,2.685531,0.5557042816726468
4,2,155233.97988887597,0.5605,2.686199,0.556482574943695
4,2,155238.97988965828,0.5605,2.686409,0.5572608673496845
4,2,155243.9798904406,0.5605,2.6870773,0.5580391576471762
4,2,155248.9798912229,0.5605,2.6873446,0.5588174496251546
4,2,155253.9798920052,0.5605,2.6879172,0.5595957419552077
4,2,155258.97989278752,0.5605,2.6882417,0.5603740349934831
4,2,155263.97989356983,0.5605,2.688929,0.561152328415563
4,2,155268.97989435215,0.5605,2.6894062,0.5619306186990078
4,2,155273.97989513446,0.5605,2.689769,0.562708912417677
4,2,155278.97989591677,0.5605,2.6902652,0.5634872078221078
4,2,155283.97989669908,0.5605,2.6907806,0.5642655049285692
4,2,155288.9798974814,0.5605,2.6913726,0.5650438015205067
4,2,155293.9798982637,0.5605,2.6917925,0.5658220977319712
4,2,155298.979899046,0.5605,2.6922698,0.5666003936767944
4,2,155303.97989982832,0.5605,2.6926324,0.5673786905584502
4,2,155308.97990061063,0.5605,2.693186,0.5681569865463709
4,2,155313.97990139294,0.5605,2.6936443,0.5689352844789427
4,2,155318.97990217526,0.5605,2.694026,0.5697135820968351
4,2,155323.97990295757,0.5605,2.6945796,0.5704918770628241
4,2,155328.97990373988,0.5605,2.6951332,0.5712701729703216
4,2,155333.9799045222,0.5605,2.6955342,0.5720484692877333
4,2,155338.9799053045,0.5605,2.695954,0.5728267664492628
4,2,155343.9799060868,0.5605,2.696546,0.5736050626590055
4,2,155348.97990686912,0.5605,2.6970615,0.5743833578389917
4,2,155353.97990765143,0.5605,2.6974814,0.5751616542183725
4,2,155358.97990843374,0.5605,2.6979396,0.5759399522533352
4,2,155363.97990921605,0.5605,2.6984742,0.5767182508588236
4,2,155368.97990999836,0.5605,2.699085,0.5774965473966699
4,2,155373.97991078068,0.5605,2.6996005,0.5782748472408157
4,2,155378.979911563,0.5605,2.7000203,0.5790531478622027
4,2,155383.9799123453,0.5605,2.700822,0.5798314480440188
4,2,155388.9799131276,0.5605,2.701166,0.5806097487075828
4,2,155393.97991390992,0.5605,2.7017767,0.581388050920937
4,2,155398.97991469223,0.5605,2.7022731,0.5821663541940586
4,2,155403.97991547454,0.5605,2.7027504,0.5829446585457858
4,2,155408.97991625685,0.5605,2.7032275,0.5837229596780741
4,2,155413.97991703916,0.5605,2.703533,0.5845012636123965
4,2,155418.97991782147,0.5605,2.7042966,0.5852795669082539
4,2,155423.97991860379,0.5605,2.704812,0.5860578728444812
4,2,155428.9799193861,0.5605,2.7051365,0.5868361767948638
4,2,155433.9799201684,0.5605,2.705652,0.5876144807872808
4,2,155438.97992095072,0.5605,2.7062821,0.5883927880065245
4,2,155443.97992173303,0.5605,2.7067401,0.5891710910606751
4,2,155448.97992251534,0.5605,2.7073512,0.5899493937592344
4,2,155453.97992329765,0.5605,2.7078092,0.5907276957379549
4,2,155458.97992407996,0.5605,2.7082484,0.5915059977182285
4,2,155463.97992486227,0.5605,2.708802,0.5922842960144284
4,2,155468.97992564458,0.5605,2.7095656,0.5930625944515999
4,2,155473.9799264269,0.5605,2.7099092,0.5938408947060806
4,2,155478.9799272092,0.5605,2.710539,0.5946191960294878
4,2,155483.97992799152,0.5605,2.7112837,0.5953974927186272
4,2,155488.97992877383,0.5605,2.71157,0.5961757888289095
4,2,155493.97992955614,0.5605,2.7121046,0.5969540881142485
4,2,155498.97993033845,0.5605,2.7126963,0.5977323898910452
4,2,155503.97993112076,0.5605,2.7131927,0.5985106900640298
4,2,155508.97993190307,0.5605,2.7137082,0.5992889883373217
4,2,155513.97993268538,0.5605,2.7142618,0.6000672857143616
4,2,155518.9799334677,0.5605,2.7148726,0.6008455794156528
4,2,155523.97993425,0.5605,2.715388,0.6016238744052684
4,2,155528.97993503232,0.5605,2.7159417,0.6024021713937192
4,2,155533.97993581463,0.5605,2.7165143,0.6031804675337609
4,2,155538.97993659694,0.5605,2.7169535,0.6039587635351918
4,2,155543.97993737925,0.5605,2.717679,0.60473705932449
4,2,155548.97993816156,0.5605,2.718156,0.6055153527463644
4,2,155553.97993894387,0.5605,2.718729,0.6062936461085977
4,2,155558.97993972618,0.5605,2.7193017,0.6070719417660934
4,2,155563.9799405085,0.5605,2.7198362,0.607850238382641
4,2,155568.9799412908,0.5605,2.7205997,0.6086285346137386
4,2,155573.9799420731,0.5605,2.721115,0.6094068359592425
4,2,155578.97994285543,0.5605,2.7215924,0.6101851353815795
4,2,155583.97994363774,0.5605,2.7222033,0.610963432948351
4,2,155588.97994442005,0.5605,2.7228525,0.6117417305488819
4,2,155593.97994520236,0.5605,2.7226996,0.6125200272531676
4,2,155598.97994598467,0.5605,2.7224705,0.6132983237047064
4,2,155603.97994676698,0.5605,2.7218215,0.6140766211495732
4,2,155608.9799475493,0.5605,2.7246468,0.6148549207697644
4,2,155613.9799483316,0.5605,2.7255251,0.6156332205870616
4,2,155618.9799491139,0.5605,2.7262313,0.6164115210071737
4,2,155623.97994989622,0.5605,2.7268424,0.6171898243787654
4,2,155628.97995067853,0.5605,2.727186,0.6179681263270412
4,2,155633.97995146085,0.5605,2.7274342,0.6187464286011426
4,2,155638.97995224316,0.5605,2.728255,0.6195247295404078
4,2,155643.97995302547,0.5605,2.7289422,0.6203030275094908
4,2,155648.97995380778,0.5605,2.7296867,0.6210813246555794
4,2,155653.9799545901,0.5605,2.7302022,0.6218596235150731
4,2,155658.9799553724,0.5605,2.731023,0.6226379239824881
4,2,155663.9799561547,0.5605,2.7314432,0.6234162246191869
4,2,155668.97995693702,0.5605,2.7321875,0.6241945269623435
4,2,155673.97995771933,0.5605,2.732684,0.624972828091615
4,2,155678.97995850164,0.5605,2.7332947,0.6257511286762525
4,2,155683.97995928396,0.5605,2.7338293,0.6265294304937987
4,2,155688.97996006627,0.5605,2.7345166,0.6273077340103654
4,2,155693.97996084858,0.5605,2.7351656,0.6280860373798909
4,2,155698.9799616309,0.5605,2.735662,0.6288643381318418
4,2,155703.9799624132,0.5605,2.7364447,0.6296426375787624
4,2,155708.97996319504,0.5605,2.7370937,0.6304209389892255
4,2,155713.97996397736,0.5605,2.7376473,0.6311992368660835
4,2,155718.97996475967,0.5605,2.7368264,0.6319775329052575
4,2,155723.97996554198,0.5605,2.7376666,0.6327558304128714
4,2,155728.9799663243,0.5605,2.7382774,0.6335341301695275
4,2,155733.9799671066,0.5605,2.7393274,0.6343124293799534
4,2,155738.9799678889,0.5605,2.7395566,0.6350907324579989
4,2,155743.97996867122,0.5605,2.74032,0.6358690353474883
4,2,155748.97996945353,0.5605,2.7410073,0.6366473385695518
4,2,155753.97997023584,0.5605,2.7422864,0.6374256383359467
4,2,155758.97997101815,0.5605,2.743069,0.638203936543349
4,2,155763.97997180047,0.5605,2.7434509,0.6389822353963357
4,2,155768.97997258278,0.5605,2.7437372,0.639760529576156
4,2,155773.9799733651,0.5605,2.7437754,0.6405388229752449
4,2,155778.9799741474,0.5605,2.7442718,0.6413171168527968
4,2,155783.9799749297,0.5605,2.7450736,0.6420954122606318
4,2,155788.97997571202,0.5605,2.7457607,0.6428737121732965
4,2,155793.97997649433,0.5605,2.7465434,0.6436520117117334
4,2,155798.97997727664,0.5605,2.7470589,0.6444303108718066
4,2,155803.97997805895,0.5605,2.7476697,0.6452086109068461
4,2,155808.97997884126,0.5605,2.7486625,0.6459869107083712
4,2,155813.97997962357,0.5605,2.7488153,0.6467652107678653
4,2,155818.9799804059,0.5605,2.7492352,0.6475435103707149
4,2,155823.9799811882,0.5605,2.7497125,0.6483218085363673
4,2,155828.9799819705,0.5605,2.7501326,0.6491001078847548
4,2,155833.97998275282,0.5605,2.751087,0.6498784051218034
4,2,155838.97998353513,0.5605,2.7516215,0.6506567045641046
4,2,155843.97998431744,0.5605,2.752557,0.6514350036562285
4,2,155848.97998509975,0.5605,2.7533014,0.6522133023361035
4,2,155853.97998588206,0.5605,2.7537596,0.6529916004674006
4,2,155858.97998666437,0.5605,2.7543705,0.6537698978436425
4,2,155863.97998744668,0.5605,2.755115,0.6545481928448976
4,2,155868.979988229,0.5605,2.7557068,0.6553264848553937
4,2,155873.9799890113,0.5605,2.7563941,0.6561047780992291
4,2,155878.97998979362,0.5605,2.756986,0.6568830698646143
4,2,155883.97999057593,0.5605,2.7579021,0.6576613650786315
4,2,155888.97999135824,0.5605,2.7586086,0.6584396625238559
4,2,155893.97999214055,0.5605,2.7592194,0.6592179653883015
4,2,155898.97999292286,0.5605,2.7599068,0.6599962666566572
4,2,155903.97999370517,0.5605,2.7605748,0.6607745674109758
4,2,155908.97999448748,0.5605,2.7611666,0.6615528715690773
4,2,155913.9799952698,0.5605,2.761682,0.6623311743706068
4,2,155918.9799960521,0.5605,2.762503,0.6631094789464541
4,2,155923.97999683442,0.5605,2.7632093,0.6638877829853861
4,2,155928.97999761673,0.5605,2.762503,0.6646660848555666
4,2,155933.97999839904,0.5605,2.7632093,0.6654443879000679
4,2,155938.97999918135,0.5605,2.7630756,0.6662226920685638
4,2,155943.97999996366,0.5605,2.7650611,0.6670009948076178
4,2,155948.98000074597,0.5605,2.7657673,0.6677792957922355
4,2,155953.98000152828,0.5605,2.7665882,0.6685576008017993
4,2,155958.9800023106,0.5605,2.7675238,0.6693359008357859
4,2,155963.9800030929,0.5605,2.7636867,0.6701142002426952
4,2,155968.98000387521,0.5605,2.7687073,0.6708924979701443
4,2,155973.98000465753,0.5605,2.7696428,0.671670795976457
4,2,155978.98000543984,0.5605,2.77138,0.6724490908313463
4,2,155983.98000622215,0.5605,2.7720482,0.6732273877539869
4,2,155988.98000700446,0.5605,2.7726781,0.6740056845059067
4,2,155993.98000778677,0.5605,2.773499,0.6747839842804607
4,2,155998.98000856908,0.5605,2.7742627,0.6755622832040657
4,2,156003.9800093514,0.5605,2.7748353,0.6763405795840989
4,2,156008.9800101337,0.5605,2.7757325,0.6771188767044614
4,2,156013.980010916,0.5605,2.7765343,0.6778971723758151
4,2,156018.98001169832,0.5605,2.7769926,0.6786754653111766
4,2,156023.98001248064,0.5605,2.7780998,0.6794537587982619
4,2,156028.98001326295,0.5605,2.7792451,0.6802320462289655
4,2,156033.98001404526,0.5605,2.7801807,0.6810103391488364
4,2,156038.98001482757,0.5605,2.780467,0.6817886319046057
4,2,156043.98001560988,0.5605,2.7815933,0.6825669275296002
4,2,156048.9800163922,0.5605,2.7818987,0.6833452198457522
4,2,156053.9800171745,0.5605,2.7826433,0.6841235135888726
4,2,156058.9800179568,0.5605,2.783426,0.6849018098658393
4,2,156063.98001873912,0.5605,2.7847621,0.685680105413679
4,2,156068.98001952143,0.5605,2.7858312,0.6864584007069968
4,2,156073.98002030374,0.5605,2.7863467,0.6872366946298152
4,2,156078.98002108606,0.5605,2.7869768,0.6880149816881752
4,2,156083.98002186837,0.5605,2.7873585,0.6887932711280488
4,2,156088.98002265068,0.5605,2.7881603,0.6895715596473849
4,2,156093.980023433,0.5605,2.7886949,0.6903498487735527
4,2,156098.9800242153,0.5605,2.789764,0.6911281370561788
4,2,156103.9800249976,0.5605,2.790623,0.6919064277954337
4,2,156108.98002577992,0.5605,2.7913294,0.6926847171906733
4,2,156113.98002656223,0.5605,2.7922647,0.6934630083618598
4,2,156118.98002734454,0.5605,2.7929711,0.6942412993110124
4,2,156123.98002812685,0.5605,2.7937157,0.6950195911606422
4,2,156128.98002890917,0.5605,2.79446,0.6957978850445817
4,2,156133.98002969148,0.5605,2.795911,0.6965761770626939
4,2,156138.9800304738,0.5605,2.7965791,0.6973544677823157
4,2,156143.9800312561,0.5605,2.7972665,0.6981327592562242
4,2,156148.9800320384,0.5605,2.7978964,0.6989110517318583
4,2,156153.98003282072,0.5605,2.7988126,0.6996893417540626
4,2,156158.98003360303,0.5605,2.7996335,0.7004676332440976
4,2,156163.98003438534,0.5605,2.800569,0.7012459243610141
4,2,156168.98003516765,0.5605,2.8011608,0.7020242150567675
4,2,156173.98003594996,0.5605,2.8018482,0.7028025076159574
4,2,156178.98003673228,0.5605,2.8024971,0.7035807957519297
4,2,156183.9800375146,0.5605,2.8034134,0.704359083490637
4,2,156188.9800382969,0.5605,2.804158,0.7051373714648158
4,2,156193.9800390792,0.5605,2.801218,0.7059156600108912
4,2,156198.98003986152,0.5605,2.801008,0.7066939483372441
4,2,156203.98004064383,0.5605,2.801218,0.7074722401715753
4,2,156208.98004142614,0.5605,2.8029745,0.708250534465724
4,2,156213.98004220845,0.5605,2.8041198,0.7090288260445102
4,2,156218.98004299076,0.5605,2.807346,0.7098071158055469
4,2,156223.98004377307,0.5605,2.8089879,0.7105854080364841
4,2,156228.98004455538,0.5605,2.809656,0.7113637015944525
4,2,156233.9800453377,0.5605,2.810248,0.712141996775409
4,2,156238.98004612,0.5605,2.8114505,0.7129202959555359
4,2,156243.98004690232,0.5605,2.8125386,0.7136985937735443
4,2,156248.98004768463,0.5605,2.8133595,0.7144768893039695
4,2,156253.98004846694,0.5605,2.8143904,0.7152551880929938
4,2,156258.98004924925,0.5605,2.8153832,0.7160334848473342
4,2,156263.98005003156,0.5605,2.815975,0.7168117822841874
4,2,156268.98005081387,0.5605,2.816853,0.7175900769260961
4,2,156273.98005159618,0.5605,2.8176167,0.718368371161468
4,2,156278.9800523785,0.5605,2.8185902,0.719146663673216
4,2,156283.9800531608,0.5605,2.8195639,0.7199249549801389
4,2,156288.98005394312,0.5605,2.8205376,0.7207032474582433
4,2,156293.98005472543,0.5605,2.8211865,0.7214815382289396
4,2,156298.98005550774,0.5605,2.821893,0.7222598286286367
4,2,156303.98005629005,0.5605,2.8229237,0.7230381176785237
4,2,156308.98005707236,0.5605,2.8238592,0.7238164063062442
4,2,156313.98005785467,0.5605,2.8247564,0.7245946994280557
4,2,156318.98005863698,0.5605,2.82552,0.7253729934273534
4,2,156323.9800594193,0.5605,2.8263981,0.7261512905812468
4,2,156328.9800602016,0.5605,2.8270092,0.7269295881919702
4,2,156333.98006098391,0.5605,2.8279636,0.7277078829280575
4,2,156338.98006176623,0.5605,2.8288608,0.728486178694229
4,2,156343.98006254854,0.5605,2.8297582,0.7292644764112076
4,2,156348.98006333085,0.5605,2.8308272,0.7300427707103995
4,2,156353.98006411316,0.5605,2.8315334,0.7308210667669482
4,2,156358.98006489547,0.5605,2.8324308,0.7315993649297894
4,2,156363.98006567778,0.5605,2.833347,0.7323776597074179
4,2,156368.9800664601,0.5605,2.8343208,0.7331559539311668
4,2,156373.9800672424,0.5605,2.8353705,0.7339342444082771
4,2,156378.9800680247,0.5605,2.8364396,0.7347125340420976
4,2,156383.98006880702,0.5605,2.8372796,0.7354908216856063
4,2,156388.98006958934,0.5605,2.838387,0.7362691085254921
4,2,156393.98007037165,0.5605,2.8393605,0.7370473955812428
4,2,156398.98007115396,0.5605,2.8404486,0.7378256832259867
4,2,156403.98007193627,0.5605,2.8417087,0.7386039724714498
4,2,156408.98007271858,0.5605,2.842644,0.7393822624937038
4,2,156413.9800735009,0.5605,2.843484,0.7401605533710858
4,2,156418.9800742832,0.5605,2.8448777,0.7409388466068811
4,2,156423.9800750655,0.5605,2.8461566,0.7417171396013836
4,2,156428.98007584782,0.5605,2.8473213,0.7424954355101493
4,2,156433.98007663013,0.5605,2.8484476,0.7432737321795861
4,2,156438.98007741245,0.5605,2.849612,0.7440520315621668
4,2,156443.98007819476,0.5605,2.8503947,0.7448303265456366
4,2,156448.98007897707,0.5605,2.851922,0.745608623313676
4,2,156453.98007975938,0.5605,2.853201,0.7463869202258859
4,2,156458.9800805417,0.5605,2.8538883,0.7471652185146055
4,2,156463.980081324,0.5605,2.855129,0.7479435163910297
4,2,156468.9800821063,0.5605,2.856561,0.7487218146379366
4,2,156473.98008288862,0.5605,2.8575535,0.7495001122070791
4,2,156478.98008367093,0.5605,2.8581836,0.7502784080812774
4,2,156483.98008445324,0.5605,2.8596725,0.7510567025621278
4,2,156488.98008523555,0.5605,2.861066,0.7518349951935519
4,2,156493.98008601787,0.5605,2.8627462,0.7526132881048496
4,2,156498.98008680018,0.5605,2.8638916,0.7533915787290079
4,2,156503.9800875825,0.5605,2.865457,0.7541698683945082
4,2,156508.9800883648,0.5605,2.866736,0.7549481616770402
4,2,156513.9800891471,0.5605,2.8678813,0.7557264500123039
4,2,156518.98008992942,0.5605,2.8694277,0.7565047396968645
4,2,156523.98009071173,0.5605,2.870745,0.7572830289324862
4,2,156528.98009149404,0.5605,2.871642,0.7580613169591005
4,2,156533.98009227635,0.5605,2.873055,0.758839605966241
4,2,156538.98009305866,0.5605,2.874792,0.7596178999885032
4,2,156543.98009384098,0.5605,2.876491,0.7603961944143616
4,2,156548.9800946233,0.5605,2.8783047,0.7611744860243277
4,2,156553.9800954056,0.5605,2.8801184,0.7619527776393469
4,2,156558.9800961879,0.5605,2.8819702,0.7627310677239473
4,2,156563.98009697022,0.5605,2.8837836,0.7635093579871034
4,2,156568.98009775253,0.5605,2.8856926,0.7642876454450298
4,2,156573.98009853484,0.5605,2.887239,0.7650659368309288
4,2,156578.98009931715,0.5605,2.888938,0.7658442273102644
4,2,156583.98010009946,0.5605,2.890847,0.7666225185369395
4,2,156588.98010088177,0.5605,2.892985,0.7674008104095601
4,2,156593.98010166408,0.5605,2.895085,0.7681791054468098
4,2,156598.9801024464,0.5605,2.897147,0.7689573990399383
4,2,156603.9801032287,0.5605,2.8993232,0.7697356915563056
4,2,156608.98010401102,0.5605,2.9015567,0.7705139838534801
4,2,156613.98010479333,0.5605,2.903561,0.7712922739447563
4,2,156618.98010557564,0.5605,2.9055083,0.7720705637375754
4,2,156623.98010635795,0.5605,2.9076464,0.7728488556194215
4,2,156628.98010714026,0.5605,2.9100137,0.7736271480753895
4,2,156633.98010792257,0.5605,2.9125526,0.7744054421373814
4,2,156638.98010870488,0.5605,2.9149961,0.775183732941582
4,2,156643.9801094872,0.5605,2.91744,0.7759620230650315
4,2,156648.9801102695,0.5605,2.9201698,0.7767403128861099
4,2,156653.98011105182,0.5605,2.9225368,0.7775186050131099
4,2,156658.98011183413,0.5605,2.9249995,0.7782968950028926
4,2,156663.98011261644,0.5605,2.927806,0.779075187952185
4,2,156668.98011339875,0.5605,2.9304786,0.7798534784593658
4,2,156673.98011418106,0.5605,2.9329793,0.7806317680507577
4,2,156678.98011496337,0.5605,2.9356139,0.7814100552188235
4,2,156683.98011574568,0.5605,2.93842,0.7821883424916444
4,2,156688.980116528,0.5605,2.9411118,0.7829666294210531
4,2,156693.9801173103,0.5605,2.9437654,0.7837449194740466
4,2,156698.98011809262,0.5605,2.9464571,0.7845232092440471
4,2,156703.98011887493,0.5605,2.9490342,0.7853014971333223
4,2,156708.98011965724,0.5605,2.9512486,0.7860797868475329
4,2,156713.98012043955,0.5605,2.9538832,0.7868580769644787
4,2,156718.98012122186,0.5605,2.9561357,0.7876363633457002
4,2,156723.98012200417,0.5605,2.958484,0.7884146539080915
4,2,156728.98012278648,0.5605,2.9608703,0.7891929444693867
4,2,156733.9801235688,0.5605,2.9634473,0.7899712384699064
4,2,156738.9801243511,0.5605,2.9657955,0.7907495332472666
4,2,156743.9801251334,0.5605,2.9673038,0.7915278244505304
4,2,156748.98012591572,0.5605,2.96948,0.792306117006399
4,2,156753.98012669804,0.5605,2.9715607,0.7930844121741034
4,2,156758.98012748035,0.5605,2.9741762,0.7938627062574768
4,2,156763.98012826266,0.5605,2.976257,0.7946409976730456
4,2,156768.98012904497,0.5605,2.9785478,0.7954192885902767
4,2,156773.98012982728,0.5605,2.9806097,0.7961975798950007
4,2,156778.9801306096,0.5605,2.9825568,0.7969758731207692
4,2,156783.9801313919,0.5605,2.9845612,0.7977541672820989
4,2,156788.9801321742,0.5605,2.9862032,0.7985324610164375
4,2,156793.98013295652,0.5605,2.988093,0.7993107538550573
4,2,156798.98013373883,0.5605,2.9898875,0.8000890456477349
4,2,156803.98013452115,0.5605,2.9915674,0.800867337524147
4,2,156808.98013530346,0.5605,2.996359,0.8016456294156457
4,2,156813.98013608577,0.5605,2.9988027,0.8024239178495418
4,2,156816.83893653285,0.5605,3.0001771,0.8028689112512878
4,2,156816.83913653297,0.5605,2.9998908,0.8028689423870522
5,1,156816.83993653278,-0.5605,2.949076,-6.166012750731574e-08
5,1,156821.83993731556,-0.5605,2.5323503,-0.0007787506313025952
5,1,156826.8399380974,-0.5605,2.3940792,-0.0015574379776418209
5,1,156831.8399388797,-0.5605,2.2953253,-0.002336125225808885
5,1,156836.83993966202,-0.5605,2.218353,-0.0031148106350302697
5,1,156841.83994044433,-0.5605,2.1565769,-0.003893496740877628
5,1,156846.83994122664,-0.5605,2.1075912,-0.004672181250916587
5,1,156851.83994200896,-0.5605,2.069086,-0.005450871844622824
5,1,156856.83994279127,-0.5605,2.0373962,-0.006229560722960366
5,1,156861.83994357358,-0.5605,2.010269,-0.007008247319572502
5,1,156866.8399443559,-0.5605,1.9852414,-0.007786935170647171
5,1,156871.8399451382,-0.5605,1.9618176,-0.008565619623432557
5,1,156876.8399459205,-0.5605,1.9400165,-0.009344305431985193
5,1,156881.83994670282,-0.5605,1.9195136,-0.010122990094661713
5,1,156886.83994748513,-0.5605,1.9008242,-0.010901671014193032
5,1,156891.83994826744,-0.5605,1.8827456,-0.011680353465000789
5,1,156896.83994904975,-0.5605,1.8657362,-0.012459035508205494
5,1,156901.83994983207,-0.5605,1.8501967,-0.013237717527525292
5,1,156906.83995061438,-0.5605,1.835898,-0.01401639859441585
5,1,156911.8399513967,-0.5605,1.8233366,-0.01479507932520906
5,1,156916.839952179,-0.5605,1.8123978,-0.01557375926326712
5,1,156921.8399529613,-0.5605,1.8028909,-0.01635244089767337
5,1,156926.83995374362,-0.5605,1.7948921,-0.017131122240930795
5,1,156931.83995452593,-0.5605,1.7883251,-0.017909805872721802
5,1,156936.83995530824,-0.5605,1.7831134,-0.01868848804203338
5,1,156941.83995609055,-0.5605,1.7789899,-0.01946717093231943
5,1,156946.83995687286,-0.5605,1.7759163,-0.02024585277252727
5,1,156951.83995765517,-0.5605,1.7736446,-0.021024533704515957
5,1,156956.8399584375,-0.5605,1.7717929,-0.02180321295440528
5,1,156961.8399592198,-0.5605,1.770781,-0.022581890764994752
5,1,156966.8399600021,-0.5605,1.7699602,-0.023360569597045577
5,1,156971.83996078442,-0.5605,1.7694066,-0.024139250354849626
5,1,156976.83996156673,-0.5605,1.7689292,-0.0249179308523337
5,1,156981.83996234904,-0.5605,1.7689102,-0.025696609282414115
5,1,156986.83996313135,-0.5605,1.7690057,-0.026475289310200344
5,1,156991.83996391366,-0.5605,1.768872,-0.027253967232283616
5,1,156996.83996469597,-0.5605,1.7689484,-0.02803264516128765
5,1,157001.83996547828,-0.5605,1.7691965,-0.028811320525699187
5,1,157006.8399662606,-0.5605,1.7694447,-0.029589998940577105
5,1,157011.8399670429,-0.5605,1.7696165,-0.0303686764872339
5,1,157016.83996782522,-0.5605,1.7696738,-0.031147354391386106
5,1,157021.83996860753,-0.5605,1.7699983,-0.03192603518340653
5,1,157026.83996938984,-0.5605,1.769922,-0.03270471823047929
5,1,157031.83997017215,-0.5605,1.7702847,-0.03348340341471963
5,1,157036.83997095446,-0.5605,1.7703801,-0.0342620823759271
5,1,157041.83997173677,-0.5605,1.7707429,-0.03504076093487607
5,1,157046.83997251908,-0.5605,1.7709337,-0.03581944082418084
5,1,157051.8399733014,-0.5605,1.7709911,-0.036598117382470104
5,1,157056.8399740837,-0.5605,1.7712392,-0.03737679624740614
5,1,157061.83997486602,-0.5605,1.7712201,-0.03815547335962124
5,1,157066.83997564833,-0.5605,1.7716593,-0.03893415259650019
5,1,157071.83997643064,-0.5605,1.7717929,-0.03971282984282574
5,1,157076.83997721295,-0.5605,1.7717929,-0.04049151031611364
5,1,157081.83997799526,-0.5605,1.7720983,-0.04127018937845363
5,1,157086.83997877757,-0.5605,1.7721555,-0.042048866533968186
5,1,157091.83997955988,-0.5605,1.7722892,-0.04282754133687417
5,1,157096.8399803422,-0.5605,1.7722319,-0.04360621808985538
5,1,157101.8399811245,-0.5605,1.7725374,-0.044384895896040735
5,1,157106.8399819068,-0.5605,1.7724609,-0.045163574162658725
5,1,157111.83998268913,-0.5605,1.7727282,-0.04594225225928757
5,1,157116.83998347144,-0.5605,1.7729001,-0.04672092838113176
5,1,157121.83998425375,-0.5605,1.772881,-0.04749960428873036
5,1,157126.83998503606,-0.5605,1.772881,-0.04827828105347356
5,1,157131.83998581837,-0.5605,1.7729383,-0.04905695930390557
5,1,157136.83998660068,-0.5605,1.7731674,-0.04983563841765457
5,1,157141.839987383,-0.5605,1.773091,-0.05061431755909324
5,1,157146.8399881653,-0.5605,1.7733201,-0.05139299595436454
5,1,157151.8399889476,-0.5605,1.7732819,-0.05217167233873076
5,1,157156.83998972992,-0.5605,1.7733201,-0.05295034850245052
5,1,157161.83999051224,-0.5605,1.7733392,-0.053729025181793504
5,1,157166.83999129455,-0.5605,1.7733582,-0.05450769998655385
5,1,157171.83999207686,-0.5605,1.7734728,-0.05528637531535162
5,1,157176.83999285917,-0.5605,1.7736446,-0.05606505097574658
5,1,157181.83999364148,-0.5605,1.7734919,-0.05684372715490394
5,1,157186.8399944238,-0.5605,1.7736255,-0.057622402197142444
5,1,157191.8399952061,-0.5605,1.7737782,-0.058401077614218
5,1,157196.8399959884,-0.5605,1.7736636,-0.0591797535807954
5,1,157201.83999677072,-0.5605,1.7736636,-0.05995842971753081
5,1,157206.83999755303,-0.5605,1.7736636,-0.06073710737406546
5,1,157211.83999833534,-0.5605,1.7736255,-0.061515784145954586
5,1,157216.83999911766,-0.5605,1.773721,-0.062294463613414106
5,1,157221.83999989997,-0.5605,1.77353,-0.06307313946329886
5,1,157226.84000068228,-0.5605,1.7738355,-0.06385181323467361
5,1,157231.8400014646,-0.5605,1.7736255,-0.06463048875132203
5,1,157236.8400022469,-0.5605,1.773721,-0.0654091704089741
5,1,157241.8400030292,-0.5605,1.7737019,-0.06618785232974092
5,1,157246.84000381152,-0.5605,1.7735683,-0.06696653146257997
5,1,157251.84000459383,-0.5605,1.7736446,-0.0677452113369637
5,1,157256.84000537614,-0.5605,1.7737973,-0.06852388984324204
5,1,157261.84000615845,-0.5605,1.7736255,-0.06930256913981173
5,1,157266.84000694077,-0.5605,1.7735683,-0.07008124660893612
5,1,157271.84000772308,-0.5605,1.7736064,-0.0708599238755736
5,1,157276.8400085054,-0.5605,1.7734537,-0.07163860009145405
5,1,157281.8400092877,-0.5605,1.7735109,-0.0724172779361407
5,1,157286.84001007,-0.5605,1.7736064,-0.07319595645195907
5,1,157291.84001085232,-0.5605,1.7734728,-0.0739746314671735
5,1,157296.84001163463,-0.5605,1.7735683,-0.07475330912367834
5,1,157301.84001241694,-0.5605,1.7733964,-0.07553198905495472
5,1,157306.84001319925,-0.5605,1.7734728,-0.07631066613673833
5,1,157311.84001398156,-0.5605,1.7733773,-0.07708934504355656
5,1,157316.84001476387,-0.5605,1.7734346,-0.07786802329505815
5,1,157321.8400155462,-0.5605,1.7733582,-0.07864669990782275
5,1,157326.8400163285,-0.5605,1.7733392,-0.07942537820704447
5,1,157331.8400171108,-0.5605,1.7733582,-0.08020405673014455
5,1,157336.84001789312,-0.5605,1.7731674,-0.08098273876185881
5,1,157341.84001867543,-0.5605,1.77311,-0.08176141793720922
5,1,157346.84001945774,-0.5605,1.77311,-0.08254009604153038
5,1,157351.84002024005,-0.5605,1.7729955,-0.0833187750802239
5,1,157356.84002102236,-0.5605,1.7730528,-0.08409745044511227
5,1,157361.84002180467,-0.5605,1.7730337,-0.0848761278104418
5,1,157366.84002258698,-0.5605,1.7727665,-0.0856548069529103
5,1,157371.8400233693,-0.5605,1.7729001,-0.08643348386059868
5,1,157376.8400241516,-0.5605,1.7728237,-0.08721216295796964
5,1,157381.84002493392,-0.5605,1.7727474,-0.08799084055527051
5,1,157386.84002571623,-0.5605,1.7726519,-0.08876951838616862
5,1,157391.84002649854,-0.5605,1.7728428,-0.08954819755850237
5,1,157396.84002728085,-0.5605,1.7728046,-0.09032687586746282
5,1,157401.84002806316,-0.5605,1.7727091,-0.09110555528553659
5,1,157406.84002884547,-0.5605,1.7725374,-0.09188423599938221
5,1,157411.84002962778,-0.5605,1.7725183,-0.09266291469324961
5,1,157416.8400304101,-0.5605,1.7724801,-0.09344159742156666
5,1,157421.8400311924,-0.5605,1.7724228,-0.09422027733230592
5,1,157426.84003197472,-0.5605,1.7722701,-0.09499895698709622
5,1,157431.84003275703,-0.5605,1.7723273,-0.09577763639766641
5,1,157436.84003353934,-0.5605,1.7721746,-0.09655631506369182
5,1,157441.84003432165,-0.5605,1.7721364,-0.0973349972113934
5,1,157446.84003510396,-0.5605,1.7719456,-0.09811367951013977
5,1,157451.84003588627,-0.5605,1.7720792,-0.09889236428698236
5,1,157456.84003666858,-0.5605,1.7717737,-0.09967104808365307
5,1,157461.8400374509,-0.5605,1.7717355,-0.10044972619490493
5,1,157466.8400382332,-0.5605,1.771831,-0.10122840278289386
5,1,157471.84003901551,-0.5605,1.7716783,-0.10200708068788385
5,1,157476.84003979783,-0.5605,1.7716974,-0.10278576173680691
5,1,157481.84004058014,-0.5605,1.7715064,-0.10356444226546753
5,1,157486.84004136245,-0.5605,1.7715447,-0.10434312316891553
5,1,157491.84004214476,-0.5605,1.7715447,-0.10512180299532084
5,1,157496.84004292707,-0.5605,1.771392,-0.1059004826259845
5,1,157501.84004370938,-0.5605,1.7713346,-0.10667916252450481
5,1,157506.84004449146,-0.5605,1.7711629,-0.10745784415955678
5,1,157511.84004527377,-0.5605,1.7711629,-0.1082365269736151
5,1,157516.84004605608,-0.5605,1.7710292,-0.10901520750132866
5,1,157521.8400468384,-0.5605,1.7709719,-0.10979388889745541
5,1,157526.8400476207,-0.5605,1.7709911,-0.11057257070853313
5,1,157531.840048403,-0.5605,1.7708383,-0.11135125322031975
5,1,157536.84004918532,-0.5605,1.7706856,-0.11212993797700603
5,1,157541.84004996764,-0.5605,1.7706665,-0.11290862490737769
5,1,157546.84005074995,-0.5605,1.7705328,-0.11368731227718128
5,1,157551.84005153226,-0.5605,1.7705519,-0.11446600011286139
5,1,157556.84005231457,-0.5605,1.7704375,-0.11524468866507542
5,1,157561.84005309688,-0.5605,1.770342,-0.11602338091507222
5,1,157566.8400538792,-0.5605,1.7702274,-0.11680207073123587
5,1,157571.8400546615,-0.5605,1.770132,-0.11758076150915357
5,1,157576.8400554438,-0.5605,1.7700557,-0.11835945388397574
5,1,157581.84005622612,-0.5605,1.7700557,-0.11913814636378486
5,1,157586.84005700843,-0.5605,1.7698265,-0.11991683477577235
5,1,157591.84005779075,-0.5605,1.7698265,-0.12069552402189042
5,1,157596.84005857306,-0.5605,1.7696165,-0.12147421592680943
5,1,157601.84005935537,-0.5605,1.7696738,-0.12225290811140338
5,1,157606.84006013768,-0.5605,1.769502,-0.12303159716549183
5,1,157611.84006092,-0.5605,1.7694638,-0.12381028214683797
5,1,157616.8400617023,-0.5605,1.7693684,-0.12458896846760643
5,1,157621.8400624846,-0.5605,1.7693301,-0.12536765491290885
5,1,157626.84006326692,-0.5605,1.7692729,-0.12614634491441315
5,1,157631.84006404923,-0.5605,1.7691393,-0.1269250348995361
5,1,157636.84006483154,-0.5605,1.7691584,-0.12770372460764645
5,1,157641.84006561385,-0.5605,1.7687575,-0.12848241220952403
5,1,157646.84006639617,-0.5605,1.7689866,-0.1292610971380174
5,1,157651.84006717848,-0.5605,1.768853,-0.1300397833679252
5,1,157656.8400679608,-0.5605,1.7685475,-0.1308184698303971
5,1,157661.8400687431,-0.5605,1.7685475,-0.13159715488391122
5,1,157666.8400695254,-0.5605,1.7684139,-0.13237584099147054
5,1,157671.84007030772,-0.5605,1.7683756,-0.13315452442253628
5,1,157676.84007109003,-0.5605,1.7682039,-0.13393320794290633
5,1,157681.84007187234,-0.5605,1.7681657,-0.13471189303439854
5,1,157686.84007265465,-0.5605,1.7679938,-0.1354905806790226
5,1,157691.84007343696,-0.5605,1.7679747,-0.13626926475613646
5,1,157696.84007421928,-0.5605,1.7679557,-0.13704794822206098
5,1,157701.8400750016,-0.5605,1.7677839,-0.13782663013206917
5,1,157706.8400757839,-0.5605,1.7677457,-0.13860531078129343
5,1,157711.8400765662,-0.5605,1.7675738,-0.1393839915954371
5,1,157716.84007734852,-0.5605,1.7674594,-0.14016267514723538
5,1,157721.84007813083,-0.5605,1.7674211,-0.14094136005213193
5,1,157726.84007891314,-0.5605,1.7673258,-0.1417200422471894
5,1,157731.84007969545,-0.5605,1.7670966,-0.14249872258616153
5,1,157736.84008047776,-0.5605,1.7670585,-0.14327740535825156
5,1,157741.84008126007,-0.5605,1.7669439,-0.14405608685268292
5,1,157746.84008204238,-0.5605,1.7669057,-0.14483476582292712
5,1,157751.8400828247,-0.5605,1.7668484,-0.14561344507139254
5,1,157756.840083607,-0.5605,1.7666957,-0.1463921242616971
5,1,157761.84008438932,-0.5605,1.7666003,-0.14717080476827088
5,1,157766.84008517163,-0.5605,1.7664666,-0.14794948548207015
5,1,157771.84008595394,-0.5605,1.7662758,-0.1487281686844991
5,1,157776.84008673625,-0.5605,1.7663139,-0.14950684945422407
5,1,157781.84008751856,-0.5605,1.7661612,-0.15028552910713683
5,1,157786.84008830087,-0.5605,1.7659321,-0.1510642115832037
5,1,157791.84008908318,-0.5605,1.7658558,-0.15184289166824683
5,1,157796.8400898655,-0.5605,1.7658367,-0.15262156895590157
5,1,157801.8400906478,-0.5605,1.7656457,-0.15340024655658335
5,1,157806.84009143012,-0.5605,1.7657031,-0.15417892284582388
5,1,157811.84009221243,-0.5605,1.765493,-0.1549576000308328
5,1,157816.84009299474,-0.5605,1.7653975,-0.1557362760154704
5,1,157821.84009377705,-0.5605,1.7651685,-0.1565149524876707
5,1,157826.84009455936,-0.5605,1.7651303,-0.15729362936673227
5,1,157831.84009534167,-0.5605,1.7650349,-0.15807230738428563
5,1,157836.84009612398,-0.5605,1.764844,-0.15885098665038078
5,1,157841.8400969063,-0.5605,1.7647294,-0.1596296665152642
5,1,157846.8400976886,-0.5605,1.7646912,-0.16040834294533393
5,1,157851.84009847092,-0.5605,1.7645576,-0.16118702029828225
5,1,157856.84009925323,-0.5605,1.7645576,-0.16196569694757124
5,1,157861.84010003554,-0.5605,1.7643477,-0.16274437532629232
5,1,157866.84010081785,-0.5605,1.7641948,-0.16352305253882865
5,1,157871.84010160016,-0.5605,1.7641758,-0.16430172771892937
5,1,157876.84010238247,-0.5605,1.7639658,-0.16508040390374587
5,1,157881.84010316478,-0.5605,1.7639658,-0.16585908048259873
5,1,157886.8401039471,-0.5605,1.7639658,-0.16663775917844964
5,1,157891.8401047294,-0.5605,1.7636986,-0.1674164380393425
5,1,157896.8401055117,-0.5605,1.7635076,-0.16819512036706666
5,1,157901.84010629402,-0.5605,1.763393,-0.16897380206335247
5,1,157906.84010707634,-0.5605,1.7632977,-0.1697524833231137
5,1,157911.84010785865,-0.5605,1.7631831,-0.17053116334867802
5,1,157916.84010864096,-0.5605,1.763145,-0.1713098430944482
5,1,157921.84010942327,-0.5605,1.7628968,-0.17208852373373504
5,1,157926.84011020558,-0.5605,1.7628586,-0.17286720464951127
5,1,157931.8401109879,-0.5605,1.7626867,-0.17364588596167493
5,1,157936.8401117702,-0.5605,1.7624959,-0.17442456653669802
5,1,157941.8401125525,-0.5605,1.7625914,-0.17520324518371946
5,1,157946.84011333482,-0.5605,1.7624577,-0.17598192477900115
5,1,157951.84011411713,-0.5605,1.7622668,-0.17676060464044407
5,1,157956.84011489945,-0.5605,1.7622286,-0.17753928416873344
5,1,157961.84011568176,-0.5605,1.7619613,-0.17831796470886793
5,1,157966.84011646407,-0.5605,1.7619232,-0.17909664258269795
5,1,157971.84011724638,-0.5605,1.7617131,-0.17987532181601718
5,1,157976.8401180287,-0.5605,1.7617322,-0.18065399845955762
5,1,157981.840118811,-0.5605,1.761675,-0.18143267800274815
5,1,157986.8401195933,-0.5605,1.7614268,-0.18221136318177972
5,1,157991.84012037562,-0.5605,1.7614268,-0.18299004902637991
5,1,157996.84012115793,-0.5605,1.7611595,-0.18376873031741373
5,1,158001.84012194024,-0.5605,1.7609878,-0.1845474124591416
5,1,158006.84012272255,-0.5605,1.761045,-0.18532608921275862
5,1,158011.84012350487,-0.5605,1.7608159,-0.18610476621524155
5,1,158016.84012428718,-0.5605,1.7606059,-0.18688344349397878
5,1,158021.8401250695,-0.5605,1.7605104,-0.18766211852465398
5,1,158026.8401258518,-0.5605,1.7605869,-0.18844079460889093
5,1,158031.8401266341,-0.5605,1.7603196,-0.18921947277694934
5,1,158036.84012741642,-0.5605,1.7603577,-0.18999815092432823
5,1,158041.84012819873,-0.5605,1.7601095,-0.19077682884785527
5,1,158046.84012898104,-0.5605,1.760186,-0.19155550838913182
5,1,158051.84012976335,-0.5605,1.7598232,-0.19233418945158845
5,1,158056.84013054566,-0.5605,1.7598614,-0.19311286854183998
5,1,158061.84013132798,-0.5605,1.7596896,-0.19389154822452195
5,1,158066.8401321103,-0.5605,1.7595559,-0.19467023202092776
5,1,158071.8401328926,-0.5605,1.7593651,-0.19544891691293315
5,1,158076.8401336749,-0.5605,1.7592696,-0.19622760301076037
5,1,158081.84013445722,-0.5605,1.7592124,-0.19700628953230376
5,1,158086.84013523953,-0.5605,1.7589642,-0.1977849750351508
5,1,158091.84013602184,-0.5605,1.7588687,-0.1985636596564021
5,1,158096.84013680415,-0.5605,1.7587541,-0.19934234593886466
5,1,158101.840137586,-0.5605,1.7586778,-0.2001210342587199
5,1,158106.8401383683,-0.5605,1.7585251,-0.20089971991002556
5,1,158111.84013915062,-0.5605,1.7583723,-0.2016784056667652
5,1,158116.84013993293,-0.5605,1.7583151,-0.20245709133450518
5,1,158121.84014071524,-0.5605,1.7580097,-0.20323577468912796
5,1,158126.84014149755,-0.5605,1.7579142,-0.20401445818629194
5,1,158131.84014227986,-0.5605,1.7579333,-0.20479314323575623
5,1,158136.84014306217,-0.5605,1.757876,-0.20557182457218232
5,1,158141.84014384449,-0.5605,1.7576088,-0.20635050817199213
5,1,158146.8401446268,-0.5605,1.7574751,-0.20712919212465813
5,1,158151.8401454091,-0.5605,1.7573606,-0.2079078716945118
5,1,158156.84014619142,-0.5605,1.757246,-0.20868655412520298
5,1,158161.84014697373,-0.5605,1.7571315,-0.2094652363025678
5,1,158166.84014775604,-0.5605,1.7570552,-0.2102439200776881
5,1,158171.84014853835,-0.5605,1.7568833,-0.21102260216048685
5,1,158176.84014932066,-0.5605,1.7567688,-0.21180128413824234
5,1,158181.84015010297,-0.5605,1.7565778,-0.21257996929923356
5,1,158186.84015088528,-0.5605,1.7564251,-0.2133586560040513
5,1,158191.8401516676,-0.5605,1.7563679,-0.21413734118575511
5,1,158196.8401524499,-0.5605,1.7562151,-0.21491602512125166
5,1,158201.84015323222,-0.5605,1.7560624,-0.21569471221022135
5,1,158206.84015401453,-0.5605,1.7560242,-0.21647339766795762
5,1,158211.84015479684,-0.5605,1.7559097,-0.21725208229546739
5,1,158216.84015557915,-0.5605,1.7558334,-0.2180307668794724
5,1,158221.84015636146,-0.5605,1.7554897,-0.21880945576818778
5,1,158226.84015714377,-0.5605,1.7554516,-0.21958814304898508
5,1,158231.84015792608,-0.5605,1.7554134,-0.2203668283049596
5,1,158236.8401587084,-0.5605,1.7552224,-0.22114551314893027
5,1,158241.8401594907,-0.5605,1.7551461,-0.22192419809265262
5,1,158246.84016027302,-0.5605,1.754898,-0.222702880536682
5,1,158251.84016105533,-0.5605,1.7549742,-0.22348156492479965
5,1,158256.84016183764,-0.5605,1.7547643,-0.22426024924090496
5,1,158261.84016261995,-0.5605,1.7546116,-0.22503893467444502
5,1,158266.84016340226,-0.5605,1.7544206,-0.22581761856954619
5,1,158271.84016418457,-0.5605,1.7542679,-0.2265963042606611
5,1,158276.84016496688,-0.5605,1.7541534,-0.22737498695288091
5,1,158281.8401657492,-0.5605,1.7540007,-0.228153668707821
5,1,158286.8401665315,-0.5605,1.7539625,-0.22893235382397628
5,1,158291.8401673138,-0.5605,1.753848,-0.22971103631000708
5,1,158296.84016809613,-0.5605,1.753848,-0.2304897163677082
5,1,158301.84016887844,-0.5605,1.7535043,-0.23126839802479401
5,1,158306.84016966075,-0.5605,1.7533325,-0.2320470794571902
5,1,158311.84017044306,-0.5605,1.7533134,-0.23282575808192282
5,1,158316.84017122537,-0.5605,1.7530462,-0.23360443720604634
5,1,158321.84017200768,-0.5605,1.7530652,-0.23438311826593006
5,1,158326.84017279,-0.5605,1.752817,-0.23516179722745872
5,1,158331.8401735723,-0.5605,1.7527217,-0.23594047634235676
5,1,158336.8401743546,-0.5605,1.7526071,-0.2367191530128319
5,1,158341.84017513692,-0.5605,1.7523971,-0.23749782824065607
5,1,158346.84017591923,-0.5605,1.7525116,-0.23827650500955172
5,1,158351.84017670155,-0.5605,1.752168,-0.2390551818675199
5,1,158356.84017748386,-0.5605,1.7520535,-0.23983386199895199
5,1,158361.84017826617,-0.5605,1.7519199,-0.2406125433529217
5,1,158366.84017904848,-0.5605,1.7519008,-0.2413912247628436
5,1,158371.8401798308,-0.5605,1.7517098,-0.24216990395896623
5,1,158376.8401806131,-0.5605,1.7516143,-0.24294858043691175
5,1,158381.8401813954,-0.5605,1.7515953,-0.24372725717115062
5,1,158386.84018217772,-0.5605,1.7513089,-0.24450593531570491
5,1,158391.84018296003,-0.5605,1.7511371,-0.24528461094033377
5,1,158396.84018374234,-0.5605,1.750908,-0.2460632874354719
5,1,158401.84018452466,-0.5605,1.750889,-0.24684196730759728
5,1,158406.84018530697,-0.5605,1.750679,-0.24762064289771174
5,1,158411.84018608928,-0.5605,1.7505262,-0.24839932273096166
5,1,158416.8401868716,-0.5605,1.7504117,-0.24917800287728498
5,1,158421.8401876539,-0.5605,1.7503163,-0.24995668357069944
5,1,158426.8401884362,-0.5605,1.7501636,-0.25073536552908343
5,1,158431.84018921852,-0.5605,1.7501826,-0.2515140464711354
5,1,158436.84019000083,-0.5605,1.7500108,-0.25229272427820487
5,1,158441.84019078314,-0.5605,1.7497627,-0.2530714045394393
5,1,158446.84019156545,-0.5605,1.7495909,-0.2538500861767596
5,1,158451.84019234776,-0.5605,1.7495145,-0.2546287674265172
5,1,158456.84019313008,-0.5605,1.749419,-0.2554074484828114
5,1,158461.8401939124,-0.5605,1.7492281,-0.25618612993946666
5,1,158466.8401946947,-0.5605,1.7490563,-0.25696481327362186
5,1,158471.840195477,-0.5605,1.7488844,-0.25774349532640634
5,1,158476.84019625932,-0.5605,1.7488844,-0.25852217692892077
5,1,158481.84019704163,-0.5605,1.7486745,-0.25930085921148116
5,1,158486.84019782394,-0.5605,1.7485409,-0.2600795374947487
5,1,158491.84019860625,-0.5605,1.7484645,-0.2608582184271149
5,1,158496.84019938856,-0.5605,1.7483308,-0.2616369005515475
5,1,158501.84020017087,-0.5605,1.74814,-0.2624155829592313
5,1,158506.8402009532,-0.5605,1.7480254,-0.2631942666758993
5,1,158511.8402017355,-0.5605,1.7478536,-0.2639729498908916
5,1,158516.8402025178,-0.5605,1.7477009,-0.26475163750774316
5,1,158521.84020330012,-0.5605,1.7477391,-0.2655303238556483
5,1,158526.84020408243,-0.5605,1.74751,-0.2663090074800715
5,1,158531.84020486474,-0.5605,1.7472808,-0.26708769219785916
5,1,158536.84020564705,-0.5605,1.7471855,-0.26786637726166834
5,1,158541.84020642936,-0.5605,1.7470709,-0.26864506001851945
5,1,158546.84020721167,-0.5605,1.7469563,-0.2694237423639561
5,1,158551.84020799398,-0.5605,1.7467846,-0.27020242605357353
5,1,158556.8402087763,-0.5605,1.7465745,-0.27098111229332605
5,1,158561.8402095586,-0.5605,1.7465364,-0.2717597935375901
5,1,158566.84021034092,-0.5605,1.7462691,-0.2725384767478074
5,1,158571.84021112323,-0.5605,1.7461545,-0.27331716111242094
5,1,158576.84021190554,-0.5605,1.7460783,-0.2740958442713087
5,1,158581.84021268785,-0.5605,1.7458491,-0.27487452845291943
5,1,158586.84021347016,-0.5605,1.7457536,-0.2756532127928633
5,1,158591.84021425247,-0.5605,1.7454864,-0.27643189696226506
5,1,158596.84021503478,-0.5605,1.7452574,-0.2772105805793304
5,1,158601.8402158171,-0.5605,1.7450092,-0.27798926592871864
5,1,158606.8402165994,-0.5605,1.7451428,-0.27876794964698276
5,1,158611.84021738172,-0.5605,1.7449901,-0.27954663531688506
5,1,158616.84021816403,-0.5605,1.7447801,-0.28032532058676074
5,1,158621.84021894634,-0.5605,1.7445319,-0.2811040074856181
5,1,158626.84021972865,-0.5605,1.7444746,-0.2818826941226157
5,1,158631.84022051096,-0.5605,1.7443027,-0.2826613822556203
5,1,158636.84022129327,-0.5605,1.7442837,-0.28344007364874074
5,1,158641.84022207558,-0.5605,1.7441691,-0.2842187605671219
5,1,158646.8402228579,-0.5605,1.7438828,-0.28499744553226886
5,1,158651.8402236402,-0.5605,1.743711,-0.28577612489477455
5,1,158656.8402244225,-0.5605,1.7436728,-0.28655480858656096
5,1,158661.84022520483,-0.5605,1.7433292,-0.2873334925651748
5,1,158666.84022598714,-0.5605,1.7434437,-0.2881121738011472
5,1,158671.84022676945,-0.5605,1.7432146,-0.2888908522496653
5,1,158676.84022755176,-0.5605,1.7431383,-0.28966953259420386
5,1,158681.84022833407,-0.5605,1.742852,-0.29044821183510944
5,1,158686.84022911638,-0.5605,1.7427756,-0.29122689074573244
5,1,158691.8402298987,-0.5605,1.742661,-0.29200556912204284
5,1,158696.840230681,-0.5605,1.742432,-0.2927842458033627
5,1,158701.8402314633,-0.5605,1.7422984,-0.29356292460763445
5,1,158706.84023224562,-0.5605,1.7421838,-0.29434160945447607
5,1,158711.84023302794,-0.5605,1.7420692,-0.2951202914047803
5,1,158716.84023381025,-0.5605,1.7419356,-0.2958989744993778
5,1,158721.84023459256,-0.5605,1.741821,-0.29667765911065525
5,1,158726.84023537487,-0.5605,1.7415538,-0.2974563442822329
5,1,158731.84023615718,-0.5605,1.7414966,-0.29823502902082255
5,1,158736.8402369395,-0.5605,1.7414201,-0.2990137152358789
5,1,158741.8402377218,-0.5605,1.7410766,-0.2997924011205897
5,1,158746.8402385041,-0.5605,1.7409047,-0.30057108586057013
5,1,158751.84023928642,-0.5605,1.7408475,-0.30134976872527586
5,1,158756.84024006873,-0.5605,1.7407138,-0.30212844847088377
5,1,158761.84024085104,-0.5605,1.7405611,-0.30290712940102804
5,1,158766.84024163336,-0.5605,1.7402174,-0.30368581088234636
5,1,158771.84024241567,-0.5605,1.7401412,-0.30446449093274924
5,1,158776.84024319798,-0.5605,1.7399884,-0.3052431725120543
5,1,158781.84024398006,-0.5605,1.7397784,-0.30602185263302245
5,1,158786.84024476237,-0.5605,1.7397212,-0.30680052992798207
5,1,158791.84024554468,-0.5605,1.7395111,-0.3075792090379197
5,1,158796.840246327,-0.5605,1.739473,-0.3083578900676666
5,1,158801.8402471093,-0.5605,1.7392629,-0.30913657199522837
5,1,158806.8402478916,-0.5605,1.7391293,-0.3099152519667213
5,1,158811.84024867392,-0.5605,1.7389385,-0.3106939326671791
5,1,158816.84024945623,-0.5605,1.7387093,-0.31147261802267684
5,1,158821.84025023854,-0.5605,1.7385757,-0.31225129979253136
5,1,158826.84025102085,-0.5605,1.7385566,-0.31302998035449775
5,1,158831.84025180317,-0.5605,1.7383658,-0.31380866341874325
5,1,158836.84025258548,-0.5605,1.7381366,-0.3145873476151823
5,1,158841.8402533678,-0.5605,1.737984,-0.31536603451225814
5,1,158846.8402541501,-0.5605,1.7378312,-0.316144721307867
5,1,158851.8402549324,-0.5605,1.7376593,-0.31692340491455123
5,1,158856.84025571472,-0.5605,1.7374303,-0.3177020862944291
5,1,158861.84025649703,-0.5605,1.7374303,-0.31848077041604445
5,1,158866.84025727934,-0.5605,1.7371631,-0.31925945485311075
5,1,158871.84025806165,-0.5605,1.7369721,-0.3200381398478646
5,1,158876.84025884396,-0.5605,1.7368385,-0.32081682180652676
5,1,158881.84025962627,-0.5605,1.7366667,-0.32159550482243293
5,1,158886.8402604086,-0.5605,1.7366667,-0.32237418774216037
5,1,158891.8402611909,-0.5605,1.7364568,-0.3231528719804419
5,1,158896.8402619732,-0.5605,1.7362658,-0.3239315562007129
5,1,158901.84026275552,-0.5605,1.7359604,-0.3247102399975326
5,1,158906.84026353783,-0.5605,1.7359604,-0.3254889216218922
5,1,158911.84026432014,-0.5605,1.735655,-0.32626760558399226
5,1,158916.84026510245,-0.5605,1.7355021,-0.32704628839841154
5,1,158921.84026588476,-0.5605,1.7355213,-0.3278249701971975
5,1,158926.84026666707,-0.5605,1.7353113,-0.3286036530624032
5,1,158931.84026744938,-0.5605,1.7350059,-0.32938233784200416
5,1,158936.8402682317,-0.5605,1.7349677,-0.33016102230088906
5,1,158941.840269014,-0.5605,1.7346812,-0.3309397051759892
5,1,158946.84026979632,-0.5605,1.7345476,-0.3317183873755104
5,1,158951.84027057863,-0.5605,1.734414,-0.33249706882625485
5,1,158956.84027136094,-0.5605,1.7343186,-0.33327575169934165
5,1,158961.84027214325,-0.5605,1.7339749,-0.33405443611565233
5,1,158966.84027292556,-0.5605,1.7338986,-0.3348331181432903
5,1,158971.84027370787,-0.5605,1.7338222,-0.33561179625281695
5,1,158976.84027449018,-0.5605,1.733574,-0.33639047634271785
5,1,158981.8402752725,-0.5605,1.7331922,-0.33716915898615124
5,1,158986.8402760548,-0.5605,1.7333068,-0.3379478413739503
5,1,158991.84027683712,-0.5605,1.7328677,-0.3387265227339368
5,1,158996.84027761943,-0.5605,1.7328296,-0.33950520135327517
5,1,159001.84027840174,-0.5605,1.7325623,-0.34028388201475146
5,1,159006.84027918405,-0.5605,1.7324477,-0.34106256252019607
5,1,159011.84027996636,-0.5605,1.732295,-0.341841242782318
5,1,159016.84028074867,-0.5605,1.7322377,-0.3426199232314296
5,1,159021.84028153098,-0.5605,1.7320278,-0.3433986035353078
5,1,159026.8402823133,-0.5605,1.7319132,-0.344177283942875
5,1,159031.8402830956,-0.5605,1.7316078,-0.34495596738519607
5,1,159036.84028387791,-0.5605,1.7315505,-0.3457346500437558
5,1,159041.84028466023,-0.5605,1.7313023,-0.3465133339878884
5,1,159046.84028544254,-0.5605,1.7311496,-0.34729202219700817
5,1,159051.84028622485,-0.5605,1.7309206,-0.3480707107159297
5,1,159056.84028700716,-0.5605,1.7307487,-0.34884939697237816
5,1,159061.84028778947,-0.5605,1.730367,-0.34962808282241564
5,1,159066.84028857178,-0.5605,1.7305769,-0.35040677248050117
5,1,159071.8402893541,-0.5605,1.7302333,-0.3511854585756727
5,1,159076.8402901364,-0.5605,1.7300423,-0.3519641427723634
5,1,159081.8402909187,-0.5605,1.7298324,-0.3527428275056019
5,1,159086.84029170102,-0.5605,1.7296224,-0.35352151429786954
5,1,159091.84029248334,-0.5605,1.7294697,-0.3543002030405668
5,1,159096.84029326565,-0.5605,1.729336,-0.35507888986707076
5,1,159101.84029404796,-0.5605,1.7291642,-0.35585757834471277
5,1,159106.84029483027,-0.5605,1.7289733,-0.35663626511377106
5,1,159111.84029561258,-0.5605,1.7288015,-0.35741494863056483
5,1,159116.8402963949,-0.5605,1.7285914,-0.3581936369247371
5,1,159121.8402971772,-0.5605,1.7283242,-0.35897232137427404
5,1,159126.8402979595,-0.5605,1.7282288,-0.3597510054540933
5,1,159131.84029874182,-0.5605,1.7280761,-0.3605296889761521
5,1,159136.84029952413,-0.5605,1.7279042,-0.36130837427241275
5,1,159141.84030030644,-0.5605,1.7277133,-0.3620870565548639
5,1,159146.84030108876,-0.5605,1.7275606,-0.3628657433906165
5,1,159151.84030187107,-0.5605,1.7274652,-0.3636444314512081
5,1,159156.84030265338,-0.5605,1.7271407,-0.3644231216449374
5,1,159161.8403034357,-0.5605,1.7269306,-0.3652018120911056
5,1,159166.840304218,-0.5605,1.7267779,-0.3659804986512066
5,1,159171.8403050003,-0.5605,1.7265106,-0.3667591857395438
5,1,159176.84030578262,-0.5605,1.726377,-0.3675378684625163
5,1,159181.84030656493,-0.5605,1.7261288,-0.3683165506275794
5,1,159186.84030734724,-0.5605,1.7259761,-0.36909523303374325
5,1,159191.84030812955,-0.5605,1.7258234,-0.3698739154445298
5,1,159196.84030891187,-0.5605,1.7255943,-0.3706526036410531
5,1,159201.84030969418,-0.5605,1.725327,-0.3714312919995587
5,1,159206.8403104765,-0.5605,1.7253461,-0.372209978246987
5,1,159211.8403112588,-0.5605,1.7249835,-0.37298866486695753
5,1,159216.8403120411,-0.5605,1.724907,-0.37376735112575044
5,1,159221.84031282342,-0.5605,1.7245635,-0.3745460350229113
5,1,159226.84031360573,-0.5605,1.7244298,-0.3753247163277204
5,1,159231.84031438804,-0.5605,1.7243153,-0.3761033992473717
5,1,159236.84031517035,-0.5605,1.7239907,-0.37688208332850887
5,1,159241.84031595266,-0.5605,1.7239525,-0.3776607676637406
5,1,159246.84031673498,-0.5605,1.7237808,-0.37843945083074126
5,1,159251.8403175173,-0.5605,1.7234944,-0.3792181342133153
5,1,159256.8403182996,-0.5605,1.7231317,-0.3799968173901242
5,1,159261.8403190819,-0.5605,1.7230554,-0.3807755027231907
5,1,159266.84031986422,-0.5605,1.7228644,-0.3815541873428658
5,1,159271.84032064653,-0.5605,1.7225208,-0.3823328724628755
5,1,159276.84032142884,-0.5605,1.7224444,-0.38311155957120346
5,1,159281.84032221115,-0.5605,1.7223108,-0.38389024069748345
5,1,159286.84032299346,-0.5605,1.7220626,-0.38466892113591256
5,1,159291.84032377577,-0.5605,1.7218144,-0.38544760396548466
5,1,159296.84032455808,-0.5605,1.7216235,-0.3862262854363159
5,1,159301.8403253404,-0.5605,1.721509,-0.38700496785802
5,1,159306.8403261227,-0.5605,1.7212417,-0.38778365349638155
5,1,159311.84032690502,-0.5605,1.7210126,-0.38856233611511876
5,1,159316.84032768733,-0.5605,1.7207263,-0.3893410192276142
5,1,159321.84032846964,-0.5605,1.7205926,-0.39011970630318277
5,1,159326.84032925195,-0.5605,1.7204018,-0.3908983933188652
5,1,159331.84033003426,-0.5605,1.7200963,-0.3916770782474546
5,1,159336.84033081657,-0.5605,1.7198672,-0.3924557592259151
5,1,159341.84033159888,-0.5605,1.7196572,-0.39323443800278857
5,1,159346.8403323812,-0.5605,1.7194473,-0.3940131150250768
5,1,159351.8403331635,-0.5605,1.7193708,-0.3947917941934568
5,1,159356.84033394582,-0.5605,1.7191226,-0.39557047334427986
5,1,159361.84033472813,-0.5605,1.7189127,-0.39634915477054666
5,1,159366.84033551044,-0.5605,1.7187219,-0.3971278354121647
5,1,159371.84033629275,-0.5605,1.7184546,-0.3979065146131484
5,1,159376.84033707506,-0.5605,1.7182255,-0.39868519617281045
5,1,159381.8403378569,-0.5605,1.7180154,-0.39946387812757844
5,1,159386.84033863922,-0.5605,1.7179201,-0.40024256200374186
5,1,159391.84033942153,-0.5605,1.7175764,-0.40102124239046727
5,1,159396.84034020384,-0.5605,1.7174046,-0.40179992447374285
5,1,159401.84034098615,-0.5605,1.7171564,-0.40257860651942445
5,1,159406.84034176846,-0.5605,1.7168891,-0.4033572883866067
5,1,159411.84034255077,-0.5605,1.7167364,-0.40413597146760116
5,1,159416.84034333308,-0.5605,1.716431,-0.40491465149806627
5,1,159421.8403441154,-0.5605,1.7161638,-0.40569333482094294
5,1,159426.8403448977,-0.5605,1.7159537,-0.4064720177311899
5,1,159431.84034568002,-0.5605,1.7156864,-0.40725070433899113
5,1,159436.84034646233,-0.5605,1.7156864,-0.40802938948156453
5,1,159441.84034724464,-0.5605,1.7153429,-0.4088080755792361
5,1,159446.84034802695,-0.5605,1.7150756,-0.40958676201637934
5,1,159451.84034880926,-0.5605,1.7150756,-0.41036544706916495
5,1,159456.84034959157,-0.5605,1.7147892,-0.41114413081513196
5,1,159461.84035037388,-0.5605,1.7145602,-0.4119228170329864
5,1,159466.8403511562,-0.5605,1.7142355,-0.41270150372065784
5,1,159471.8403519385,-0.5605,1.7139683,-0.41348018742913023
5,1,159476.8403527208,-0.5605,1.7137393,-0.4142588729548191
5,1,159481.84035350312,-0.5605,1.7135674,-0.4150375588883263
5,1,159486.84035428544,-0.5605,1.7133956,-0.41581624221469315
5,1,159491.84035506775,-0.5605,1.7130902,-0.41659492630008216
5,1,159496.84035585006,-0.5605,1.7127274,-0.41737361174955656
5,1,159501.84035663237,-0.5605,1.7125747,-0.4181522973922427
5,1,159506.84035741468,-0.5605,1.7123456,-0.4189309767390094
5,1,159511.840358197,-0.5605,1.7121738,-0.41970965798688287
5,1,159516.8403589793,-0.5605,1.7118493,-0.4204883400692776
5,1,159521.8403597616,-0.5605,1.7116202,-0.4212670211507117
5,1,159526.84036054392,-0.5605,1.711372,-0.4220457022705312
5,1,159531.84036132623,-0.5605,1.7110666,-0.4228243827693034
5,1,159536.84036210855,-0.5605,1.7108948,-0.4236030627304516
5,1,159541.84036289086,-0.5605,1.7105511,-0.42438174385732763
5,1,159546.84036367317,-0.5605,1.7104748,-0.42516042316083136
5,1,159551.84036445548,-0.5605,1.7101312,-0.4259391020960545
5,1,159556.8403652378,-0.5605,1.7099211,-0.4267177833704288
5,1,159561.8403660201,-0.5605,1.709654,-0.42749646668898417
5,1,159566.8403668024,-0.5605,1.7095394,-0.42827514911201614
5,1,159571.84036758472,-0.5605,1.7093675,-0.42905383697239574
5,1,159576.84036836703,-0.5605,1.709024,-0.42983252639892383
5,1,159581.84036914934,-0.5605,1.7087376,-0.43061121729651775
5,1,159586.84036993166,-0.5605,1.708413,-0.431389908938928
5,1,159591.84037071397,-0.5605,1.7082986,-0.43216860128088813
5,1,159596.84037149628,-0.5605,1.7080313,-0.43294729064716253
5,1,159601.8403722786,-0.5605,1.7077831,-0.43372597929004847
5,1,159606.8403730609,-0.5605,1.7073249,-0.4345046675695845
5,1,159611.8403738432,-0.5605,1.7071912,-0.4352833538227845
5,1,159616.84037462552,-0.5605,1.7070004,-0.43606203774573427
5,1,159621.84037540783,-0.5605,1.7067331,-0.4368407229252791
5,1,159626.84037619014,-0.5605,1.7063704,-0.4376194063535732
5,1,159631.84037697245,-0.5605,1.7062367,-0.43839809130512697
5,1,159636.84037775476,-0.5605,1.7060649,-0.4391767761215437
5,1,159641.84037853708,-0.5605,1.7057213,-0.4399554613622694
5,1,159646.8403793194,-0.5605,1.7054349,-0.44073414649037207
5,1,159651.8403801017,-0.5605,1.7052631,-0.44151283426145066
5,1,159656.840380884,-0.5605,1.7049577,-0.4422915230485931
5,1,159661.84038166632,-0.5605,1.7047095,-0.44307021065519603
5,1,159666.84038244863,-0.5605,1.704385,-0.44384890025162055
5,1,159671.84038323094,-0.5605,1.7042705,-0.4446275895669396
5,1,159676.84038401325,-0.5605,1.7039077,-0.44540628064065196
5,1,159681.84038479556,-0.5605,1.7036786,-0.4461849711023538
5,1,159686.84038557787,-0.5605,1.7034305,-0.44696365943156696
5,1,159691.84038636019,-0.5605,1.7030296,-0.44774234781328853
5,1,159696.8403871425,-0.5605,1.7028005,-0.44852103921400194
5,1,159701.8403879248,-0.5605,1.7026669,-0.44929973069919166
5,1,159706.84038870712,-0.5605,1.7023615,-0.45007841847029345
5,1,159711.84038948943,-0.5605,1.7019606,-0.4508571064363985
5,1,159716.84039027174,-0.5605,1.7018269,-0.451635795729336
5,1,159721.84039105405,-0.5605,1.7015597,-0.4524144847799906
5,1,159726.84039183636,-0.5605,1.7011397,-0.4531931700649462
5,1,159731.84039261867,-0.5605,1.7009487,-0.45397185550328445
5,1,159736.84039340098,-0.5605,1.7006814,-0.454750545063317
5,1,159741.8403941833,-0.5605,1.7003188,-0.4555292341609003
5,1,159746.8403949656,-0.5605,1.7000133,-0.45630792257025193
5,1,159751.84039574792,-0.5605,1.6998796,-0.4570866104198729
5,1,159756.84039653023,-0.5605,1.6996124,-0.45786529664964165
5,1,159761.84039731254,-0.5605,1.6993451,-0.45864398313098836
5,1,159766.84039809485,-0.5605,1.6989442,-0.45942267263568465
5,1,159771.84039887716,-0.5605,1.6987724,-0.4602013584515554
5,1,159776.84039965947,-0.5605,1.6985242,-0.46098004607896365
5,1,159781.84040044178,-0.5605,1.6981424,-0.4617587359578877
5,1,159786.8404012241,-0.5605,1.6979897,-0.4625374240985913
5,1,159791.8404020064,-0.5605,1.6976271,-0.46331611497911507
5,1,159796.84040278872,-0.5605,1.6973215,-0.46409480699161054
5,1,159801.84040357103,-0.5605,1.696997,-0.46487349847137294
5,1,159806.84040435334,-0.5605,1.6966726,-0.4656521857126325
5,1,159811.84040513565,-0.5605,1.6964244,-0.4664308706779483
5,1,159816.84040591796,-0.5605,1.696138,-0.4672095546307865
5,1,159821.84040670027,-0.5605,1.6957753,-0.4679882377660642
5,1,159826.84040748258,-0.5605,1.695508,-0.4687669219920506
5,1,159831.8404082649,-0.5605,1.6952026,-0.46954560807828805
5,1,159836.8404090472,-0.5605,1.6949735,-0.4703242903726601
5,1,159841.8404098295,-0.5605,1.6945153,-0.4711029740504858
5,1,159846.84041061183,-0.5605,1.6943053,-0.47188165915565394
5,1,159851.84041139414,-0.5605,1.6939808,-0.4726603429181116
5,1,159856.84041217645,-0.5605,1.6936562,-0.47343902471443716
5,1,159861.84041295876,-0.5605,1.6932745,-0.47421770745207903
5,1,159866.84041374107,-0.5605,1.6930645,-0.47499639106111763
5,1,159871.84041452338,-0.5605,1.6927781,-0.4757750762666964
5,1,159876.8404153057,-0.5605,1.6924154,-0.4765537616754807
5,1,159881.840416088,-0.5605,1.692129,-0.47733244291915533
5,1,159886.8404168703,-0.5605,1.6918236,-0.47811112735294337
5,1,159891.84041765262,-0.5605,1.6914227,-0.4788898119419088
5,1,159896.84041843493,-0.5605,1.6913272,-0.4796684971804126
5,1,159901.84041921725,-0.5605,1.6907736,-0.4804471823738652
5,1,159906.84041999956,-0.5605,1.6905254,-0.48122586552872965
5,1,159911.84042078187,-0.5605,1.6901054,-0.482004548999704
5,1,159916.84042156418,-0.5605,1.6899527,-0.48278323050635763
5,1,159921.8404223465,-0.5605,1.68959,-0.48356191558302486
5,1,159926.8404231288,-0.5605,1.6892273,-0.48434059932682955
5,1,159931.8404239111,-0.5605,1.6889218,-0.48511928379412206
5,1,159936.84042469342,-0.5605,1.6886928,-0.4858979714629522
5,1,159941.84042547573,-0.5605,1.688311,-0.4866766563223075
5,1,159946.84042625804,-0.5605,1.6879673,-0.4874553380346468
5,1,159951.84042704036,-0.5605,1.6876619,-0.4882340203372244
5,1,159956.84042782267,-0.5605,1.6873755,-0.489012701057461
5,1,159961.84042860498,-0.5605,1.6869937,-0.48979138217238954
5,1,159966.8404293873,-0.5605,1.6865928,-0.49057006345642645
5,1,159971.8404301696,-0.5605,1.6862874,-0.49134874563771525
5,1,159976.8404309519,-0.5605,1.6860201,-0.49212742985019786
5,1,159981.84043173422,-0.5605,1.6855237,-0.49290611133977474
5,1,159986.84043251653,-0.5605,1.6851802,-0.49368479290074807
5,1,159991.84043329884,-0.5605,1.684932,-0.4944634742006266
5,1,159996.84043408115,-0.5605,1.684493,-0.4952421589908769
5,1,160001.84043486346,-0.5605,1.6842448,-0.49602084305283134
5,1,160006.84043564578,-0.5605,1.6839201,-0.49679952914732073
5,1,160011.8404364281,-0.5605,1.6835384,-0.4975782146174051
5,1,160016.8404372104,-0.5605,1.6831375,-0.4983569002737506
5,1,160021.8404379927,-0.5605,1.6828129,-0.4991355844465498
5,1,160026.84043877502,-0.5605,1.6825266,-0.4999142703675996
5,1,160031.84043955733,-0.5605,1.6820111,-0.5006929507299567
5,1,160036.84044033964,-0.5605,1.6817629,-0.5014716319572632
5,1,160041.84044112195,-0.5605,1.6814575,-0.5022503149739012
5,1,160046.84044190426,-0.5605,1.6810566,-0.5030289981106856
5,1,160051.84044268657,-0.5605,1.6806748,-0.5038076818526723
5,1,160056.8404434689,-0.5605,1.6804839,-0.504586361700128
5,1,160061.84044425096,-0.5605,1.6799685,-0.5053650446483829
5,1,160066.84044503327,-0.5605,1.6795866,-0.5061437249597118
5,1,160071.8404458156,-0.5605,1.6793003,-0.5069224036665366
5,1,160076.8404465979,-0.5605,1.6789567,-0.5077010847898397
5,1,160081.8404473802,-0.5605,1.6784413,-0.5084797658176793
5,1,160086.84044816252,-0.5605,1.678174,-0.5092584505853064
5,1,160091.84044894483,-0.5605,1.6778495,-0.5100371328297795
5,1,160096.84044972714,-0.5605,1.6774294,-0.510815812991643
5,1,160101.84045050945,-0.5605,1.6770477,-0.5115944961073836
5,1,160106.84045129176,-0.5605,1.6765895,-0.5123731782819603
5,1,160111.84045207407,-0.5605,1.6762459,-0.5131518645472964
5,1,160116.84045285638,-0.5605,1.6759022,-0.5139305507409713
5,1,160121.8404536387,-0.5605,1.6755013,-0.5147092376978007
5,1,160126.840454421,-0.5605,1.6751004,-0.515487922411022
5,1,160131.84045520332,-0.5605,1.6747186,-0.5162666031339243
5,1,160136.84045598563,-0.5605,1.6742605,-0.5170452835401437
5,1,160141.84045676794,-0.5605,1.6741078,-0.517823965900402
5,1,160146.84045755025,-0.5605,1.6736497,-0.5186026487189539
5,1,160151.84045833256,-0.5605,1.6732105,-0.5193813338395663
5,1,160156.84045911487,-0.5605,1.6729051,-0.5201600187334791
5,1,160161.84045989718,-0.5605,1.6724851,-0.5209387032491507
5,1,160166.8404606795,-0.5605,1.6719506,-0.5217173887253312
5,1,160171.8404614618,-0.5605,1.6716833,-0.5224960738771367
5,1,160176.84046224412,-0.5605,1.6712633,-0.5232747581013747
5,1,160181.84046302643,-0.5605,1.6709388,-0.5240534423191158
5,1,160186.84046380874,-0.5605,1.6704425,-0.5248321245121202
5,1,160191.84046459105,-0.5605,1.6702133,-0.5256108062318074
5,1,160196.84046537336,-0.5605,1.6697361,-0.526389488504851
5,1,160201.84046615567,-0.5605,1.6693925,-0.5271681702316312
5,1,160206.84046693798,-0.5605,1.6690106,-0.5279468548689096
5,1,160211.8404677203,-0.5605,1.668457,-0.528725539875101
5,1,160216.8404685026,-0.5605,1.668037,-0.5295042227660824
5,1,160221.8404692849,-0.5605,1.6675216,-0.5302829071088874
5,1,160226.84047006723,-0.5605,1.6672734,-0.5310615895994415
5,1,160231.84047084954,-0.5605,1.6669298,-0.5318402718368149
5,1,160236.84047163185,-0.5605,1.666548,-0.5326189540775461
5,1,160241.84047241416,-0.5605,1.6659944,-0.5333976369053102
5,1,160246.84047319647,-0.5605,1.6656317,-0.5341763179929895
5,1,160251.84047397878,-0.5605,1.6651926,-0.5349550021792063
5,1,160256.8404747611,-0.5605,1.6648108,-0.5357336844855523
5,1,160261.8404755434,-0.5605,1.6643527,-0.5365123668915605
5,1,160266.8404763257,-0.5605,1.6638753,-0.5372910478751932
5,1,160271.84047710802,-0.5605,1.6635699,-0.5380697312502174
5,1,160276.84047789034,-0.5605,1.6631309,-0.5388484130169592
5,1,160281.84047867265,-0.5605,1.6627872,-0.5396270929964292
5,1,160286.84047945496,-0.5605,1.6622719,-0.5404057734194737
5,1,160291.84048023727,-0.5605,1.6617755,-0.5411844532891884
5,1,160296.84048101958,-0.5605,1.6613364,-0.5419631327941624
5,1,160301.8404818019,-0.5605,1.6609163,-0.5427418118519162
5,1,160306.8404825842,-0.5605,1.6604964,-0.5435204883061324
5,1,160311.8404833665,-0.5605,1.6600382,-0.5442991678262857
5,1,160316.84048414882,-0.5605,1.6595418,-0.5450778501438672
5,1,160321.84048493113,-0.5605,1.6590456,-0.5458565345659993
5,1,160326.84048571344,-0.5605,1.6587592,-0.5466352171113367
5,1,160331.84048649576,-0.5605,1.6582819,-0.5474138996187026
5,1,160336.84048727807,-0.5605,1.6579192,-0.548192584355981
5,1,160341.84048806038,-0.5605,1.6573846,-0.5489712694137004
5,1,160346.8404888427,-0.5605,1.6569456,-0.5497499567693512
5,1,160351.840489625,-0.5605,1.656392,-0.5505286446644605
5,1,160356.8404904073,-0.5605,1.6560675,-0.551307331459662
5,1,160361.84049118962,-0.5605,1.6556093,-0.5520860169385513
5,1,160366.84049197193,-0.5605,1.6551511,-0.5528647021172749
5,1,160371.84049275424,-0.5605,1.6547502,-0.5536433877691236
5,1,160376.84049353655,-0.5605,1.6542538,-0.5544220732307705
5,1,160381.84049431887,-0.5605,1.6537766,-0.5552007581236932
5,1,160386.84049510118,-0.5605,1.6533567,-0.5559794405116313
5,1,160391.8404958835,-0.5605,1.6528603,-0.5567581194466624
5,1,160396.8404966658,-0.5605,1.6522876,-0.5575368011315471
5,1,160401.8404974481,-0.5605,1.6517912,-0.5583154822489493
5,1,160406.84049823042,-0.5605,1.6514094,-0.5590941633736398
5,1,160411.84049901273,-0.5605,1.6508558,-0.5598728437798162
5,1,160416.84049979504,-0.5605,1.6504167,-0.5606515239439778
5,1,160421.84050057735,-0.5605,1.649825,-0.5614302066718345
5,1,160426.84050135966,-0.5605,1.6493477,-0.5622088887744287
5,1,160431.84050214197,-0.5605,1.6489277,-0.5629875709147326
5,1,160436.8405029243,-0.5605,1.6484886,-0.5637662543636036
5,1,160441.8405037066,-0.5605,1.6479732,-0.5645449379974941
5,1,160446.8405044889,-0.5605,1.6474577,-0.5653236155409785
5,1,160451.84050527122,-0.5605,1.6469232,-0.5661022966129322
5,1,160456.84050605353,-0.5605,1.6466941,-0.5668809754620233
5,1,160461.84050683584,-0.5605,1.6458732,-0.5676596549833555
5,1,160466.84050761815,-0.5605,1.6454532,-0.5684383369828965
5,1,160471.84050840046,-0.5605,1.6449951,-0.569217015638044
5,1,160476.84050918277,-0.5605,1.6444415,-0.5699956955669958
5,1,160481.84050996508,-0.5605,1.6440215,-0.5707743779525001
5,1,160486.8405107474,-0.5605,1.6434487,-0.5715530621522505
5,1,160491.8405115297,-0.5605,1.6429715,-0.5723317460160096
5,1,160496.84051231202,-0.5605,1.6425325,-0.5731104298790534
5,1,160501.84051309433,-0.5605,1.6418452,-0.5738891135910027
5,1,160506.84051387664,-0.5605,1.6415015,-0.5746677978660569
5,1,160511.84051465895,-0.5605,1.6407952,-0.5754464794250335
5,1,160516.84051544126,-0.5605,1.6402416,-0.5762251593511474
5,1,160521.84051622357,-0.5605,1.6398598,-0.5770038421195618
5,1,160526.84051700588,-0.5605,1.6392488,-0.5777825287517877
5,1,160531.8405177882,-0.5605,1.6386762,-0.5785612172636494
5,1,160536.8405185705,-0.5605,1.6381226,-0.5793399037575594
5,1,160541.84051935282,-0.5605,1.6376644,-0.5801185914300221
5,1,160546.84052013513,-0.5605,1.6371871,-0.5808972762887118
5,1,160551.84052091744,-0.5605,1.6366526,-0.5816759592792065
5,1,160556.84052169975,-0.5605,1.636118,-0.5824546406185399
5,1,160561.84052248206,-0.5605,1.6355072,-0.5832333235406085
5,1,160566.84052326437,-0.5605,1.6352781,-0.584012008619246
5,1,160571.84052404668,-0.5605,1.6344191,-0.5847906912023827
5,1,160576.840524829,-0.5605,1.6339036,-0.5855693705671302
5,1,160581.8405256113,-0.5605,1.6332927,-0.5863480544342801
5,1,160586.84052639361,-0.5605,1.6329682,-0.5871267384963272
5,1,160591.84052717593,-0.5605,1.632281,-0.5879054225306483
5,1,160596.84052795824,-0.5605,1.6315937,-0.5886841067595785
5,1,160601.84052874055,-0.5605,1.6310592,-0.5894627886277807
5,1,160606.84052952286,-0.5605,1.6305056,-0.5902414719937416
5,1,160611.84053030517,-0.5605,1.629952,-0.5910201582707735
5,1,160616.84053108748,-0.5605,1.6294937,-0.5917988420439037
5,1,160621.8405318698,-0.5605,1.6288447,-0.5925775250800389
5,1,160626.8405326521,-0.5605,1.6282338,-0.5933562092179661
5,1,160631.8405334344,-0.5605,1.627871,-0.5941348942152299
5,1,160636.84053421672,-0.5605,1.6270884,-0.594913577791923
5,1,160641.84053499904,-0.5605,1.6264393,-0.5956922650005457
5,1,160646.84053578135,-0.5605,1.6259811,-0.5964709536750652
5,1,160651.84053656366,-0.5605,1.6254275,-0.5972496398480439
5,1,160656.84053734597,-0.5605,1.6247212,-0.5980283242176775
5,1,160661.8405381278,-0.5605,1.6242821,-0.5988070064603955
5,1,160666.84053891012,-0.5605,1.623614,-0.5995856889988651
5,1,160671.84053969244,-0.5605,1.6231366,-0.6003643715101319
5,1,160676.84054047475,-0.5605,1.6224113,-0.6011430504377389
5,1,160681.84054125706,-0.5605,1.6217622,-0.6019217318339948
5,1,160686.84054203937,-0.5605,1.6212467,-0.6027004116619267
5,1,160691.84054282168,-0.5605,1.6205595,-0.6034790895508333
5,1,160696.840543604,-0.5605,1.6200823,-0.6042577733788792
5,1,160701.8405443863,-0.5605,1.6193568,-0.6050364559200675
5,1,160706.8405451686,-0.5605,1.6187459,-0.6058151411576904
5,1,160711.84054595092,-0.5605,1.6182114,-0.6065938256417583
5,1,160716.84054673323,-0.5605,1.6174669,-0.6073725099922257
5,1,160721.84054751555,-0.5605,1.6168941,-0.6081511950717373
5,1,160726.84054829786,-0.5605,1.6163405,-0.6089298820929001
5,1,160731.84054908017,-0.5605,1.6155387,-0.6097085691961716
5,1,160736.84054986248,-0.5605,1.6148133,-0.6104872556452523
5,1,160741.8405506448,-0.5605,1.6142597,-0.6112659413745606
5,1,160746.8405514271,-0.5605,1.6135534,-0.6120446262777485
5,1,160751.8405522094,-0.5605,1.6131716,-0.6128233132440353
5,1,160756.84055299172,-0.5605,1.6124079,-0.6136019990105136
5,1,160761.84055377403,-0.5605,1.6118162,-0.6143806825912996
5,1,160766.84055455634,-0.5605,1.6110334,-0.615159365516524
5,1,160771.84055533865,-0.5605,1.6104989,-0.6159380505384973
5,1,160776.84055612097,-0.5605,1.609659,-0.6167167366006379
5,1,160781.84055690328,-0.5605,1.6091244,-0.6174954197944738
5,1,160786.8405576856,-0.5605,1.6085135,-0.6182741063806253
5,1,160791.8405584679,-0.5605,1.607769,-0.6190527912619052
5,1,160796.8405592502,-0.5605,1.6070244,-0.6198314781521265
5,1,160801.84056003252,-0.5605,1.6064327,-0.6206101660127015
5,1,160806.84056081483,-0.5605,1.6056309,-0.6213888542789027
5,1,160811.84056159714,-0.5605,1.60502,-0.6221675409037343
5,1,160816.84056237945,-0.5605,1.6042755,-0.6229462247765499
5,1,160821.84056316176,-0.5605,1.6035882,-0.6237249075598754
5,1,160826.84056394408,-0.5605,1.6028055,-0.6245035902929013
5,1,160831.8405647264,-0.5605,1.60229,-0.6252822738731375
5,1,160836.8405655087,-0.5605,1.6015074,-0.6260609565070342
5,1,160841.840566291,-0.5605,1.6006674,-0.6268396409222885
5,1,160846.84056707332,-0.5605,1.6000565,-0.6276183248152373
5,1,160851.84056785563,-0.5605,1.599312,-0.6283970092160706
5,1,160856.84056863794,-0.5605,1.5986438,-0.6291756955902084
5,1,160861.84056942025,-0.5605,1.5977085,-0.629954379984515
5,1,160866.84057020256,-0.5605,1.5970403,-0.6307330621095039
5,1,160871.84057098487,-0.5605,1.5963148,-0.6315117454609378
5,1,160876.84057176718,-0.5605,1.5956657,-0.6322904299797155
5,1,160881.8405725495,-0.5605,1.5947876,-0.6330691099407214
5,1,160886.8405733318,-0.5605,1.5942149,-0.6338477935292824
5,1,160891.84057411412,-0.5605,1.5932221,-0.6346264748290847
5,1,160896.84057489643,-0.5605,1.5924586,-0.635405158537226
5,1,160901.84057567874,-0.5605,1.5917714,-0.6361838423775671
5,1,160906.84057646105,-0.5605,1.5909886,-0.6369625264330412
5,1,160911.84057724336,-0.5605,1.590225,-0.63774121026016
5,1,160916.84057802567,-0.5605,1.5894041,-0.6385198964836138
5,1,160921.84057880798,-0.5605,1.5887359,-0.6392985805829072
5,1,160926.8405795903,-0.5605,1.5879341,-0.6400772650728892
5,1,160931.8405803726,-0.5605,1.587056,-0.6408559462882384
5,1,160936.84058115492,-0.5605,1.586426,-0.6416346275839313
5,1,160941.84058193723,-0.5605,1.585567,-0.6424133071725405
5,1,160946.84058271954,-0.5605,1.5846697,-0.6431919873141683
5,1,160951.84058350185,-0.5605,1.5840206,-0.6439706693036096
5,1,160956.84058428416,-0.5605,1.5831807,-0.6447493559147288
5,1,160961.84058506647,-0.5605,1.5823407,-0.6455280364629166
5,1,160966.84058584878,-0.5605,1.5815198,-0.6463067200133704
5,1,160971.8405866311,-0.5605,1.5805844,-0.6470854019558963
5,1,160976.8405874134,-0.5605,1.5797635,-0.6478640821529994
5,1,160981.84058819572,-0.5605,1.5789617,-0.6486427595603436
5,1,160986.84058897803,-0.5605,1.5779691,-0.6494214351906382
5,1,160991.84058976034,-0.5605,1.5772054,-0.6502001100161608
5,1,160996.84059054265,-0.5605,1.5762318,-0.6509787850244777
5,1,161001.84059132496,-0.5605,1.575411,-0.6517574600057605
5,1,161006.84059210727,-0.5605,1.5746282,-0.6525361381768952
5,1,161011.84059288958,-0.5605,1.5737883,-0.6533148150608575
5,1,161016.8405936719,-0.5605,1.572891,-0.6540934924608935
5,1,161021.8405944542,-0.5605,1.5719938,-0.6548721700354553
5,1,161026.8405952365,-0.5605,1.5710393,-0.6556508468586905
5,1,161031.84059601882,-0.5605,1.5702183,-0.656429526639336
5,1,161036.84059680114,-0.5605,1.5693021,-0.6572082082281745
5,1,161041.84059758345,-0.5605,1.5683093,-0.6579868903883301
5,1,161046.84059836576,-0.5605,1.5674312,-0.65876557419668
5,1,161051.84059914807,-0.5605,1.5665339,-0.6595442606090675
5,1,161056.84059993038,-0.5605,1.5655603,-0.6603229469379289
5,1,161061.8406007127,-0.5605,1.5646058,-0.6611016348775893
5,1,161066.840601495,-0.5605,1.5636322,-0.6618803263994492
5,1,161071.8406022773,-0.5605,1.5627923,-0.6626590158069666
5,1,161076.84060305962,-0.5605,1.5615705,-0.6634377029178178
5,1,161081.84060384193,-0.5605,1.5607305,-0.664216388226006
5,1,161086.84060462425,-0.5605,1.5597569,-0.6649950722648371
5,1,161091.84060540656,-0.5605,1.5588788,-0.6657737570135794
5,1,161096.84060618887,-0.5605,1.5579433,-0.6665524409014685
5,1,161101.84060697118,-0.5605,1.5569315,-0.6673311237688133
5,1,161106.8406077535,-0.5605,1.5560153,-0.6681098075090186
5,1,161111.8406085358,-0.5605,1.5549462,-0.6688884913069411
5,1,161116.8406093181,-0.5605,1.5540489,-0.6696671768779792
5,1,161121.84061010042,-0.5605,1.553018,-0.6704458616063201
5,1,161126.84061088273,-0.5605,1.5520062,-0.6712245479611494
5,1,161131.84061166504,-0.5605,1.5508609,-0.6720032336918915
5,1,161136.84061244735,-0.5605,1.5497535,-0.672781918227567
5,1,161141.84061322967,-0.5605,1.5486845,-0.6735606041181589
5,1,161146.84061401198,-0.5605,1.5478255,-0.6743392901647394
5,1,161151.8406147943,-0.5605,1.5467564,-0.6751179756177205
5,1,161156.8406155766,-0.5605,1.5456492,-0.6758966651892302
5,1,161161.8406163589,-0.5605,1.5445801,-0.6766753516215719
5,1,161166.84061714122,-0.5605,1.5435301,-0.6774540405029161
5,1,161171.84061792353,-0.5605,1.5423657,-0.6782327257190714
5,1,161176.84061870584,-0.5605,1.5412011,-0.6790114119339986
5,1,161181.84061948815,-0.5605,1.5401894,-0.679790099458314
5,1,161186.84062027046,-0.5605,1.5389485,-0.680568784723524
5,1,161191.84062105278,-0.5605,1.5378795,-0.6813474685395331
5,1,161196.8406218351,-0.5605,1.5366768,-0.6821261523779304
5,1,161201.8406226174,-0.5605,1.5356649,-0.682904835217632
5,1,161206.8406233997,-0.5605,1.5345768,-0.6836835138681338
5,1,161211.84062418202,-0.5605,1.5332404,-0.6844621958596613
5,1,161216.84062496433,-0.5605,1.5322287,-0.6852408781031343
5,1,161221.84062574664,-0.5605,1.5310451,-0.6860195585389706
5,1,161226.84062652895,-0.5605,1.5297661,-0.6867982408201468
5,1,161231.84062731126,-0.5605,1.5286015,-0.6875769208115013
5,1,161236.84062809357,-0.5605,1.527437,-0.6883556027737994
5,1,161241.84062887589,-0.5605,1.5262344,-0.6891342859233425
5,1,161246.8406296582,-0.5605,1.5250508,-0.6899129689695113
5,1,161251.8406304405,-0.5605,1.5238099,-0.6906916490622765
5,1,161256.84063122282,-0.5605,1.5226072,-0.6914703292478296
5,1,161261.84063200513,-0.5605,1.5212135,-0.6922490060454878
5,1,161266.84063278744,-0.5605,1.5201254,-0.6930276829393611
5,1,161271.84063356975,-0.5605,1.5188464,-0.6938063613516761
5,1,161276.84063435206,-0.5605,1.5174338,-0.6945850386806931
5,1,161281.84063513437,-0.5605,1.5162501,-0.6953637140445649
5,1,161286.84063591668,-0.5605,1.5150856,-0.6961423914841187
5,1,161291.840636699,-0.5605,1.5137492,-0.6969210675598951
5,1,161296.8406374813,-0.5605,1.5124321,-0.6976997434604869
5,1,161301.84063826362,-0.5605,1.5110575,-0.6984784174832344
5,1,161306.84063904593,-0.5605,1.5096639,-0.6992570923355592
5,1,161311.84063982824,-0.5605,1.5084422,-0.7000357671642509
5,1,161316.84064061055,-0.5605,1.5071441,-0.7008144401218567
5,1,161321.84064139286,-0.5605,1.5057313,-0.7015931148488032
5,1,161326.84064217517,-0.5605,1.5043378,-0.7023717894182476
5,1,161331.84064295748,-0.5605,1.502925,-0.703150465111402
5,1,161336.8406437398,-0.5605,1.5014933,-0.7039291412590649
5,1,161341.84064452187,-0.5605,1.5002142,-0.7047078148723185
5,1,161346.84064530418,-0.5605,1.4988016,-0.7054864902010268
5,1,161351.8406460865,-0.5605,1.4973698,-0.7062651662554978
5,1,161356.8406468688,-0.5605,1.4958616,-0.7070438417536821
5,1,161361.84064765112,-0.5605,1.4943917,-0.7078225174497769
5,1,161366.84064843343,-0.5605,1.492979,-0.7086011938033341
5,1,161371.84064921574,-0.5605,1.4915472,-0.7093798690278998
5,1,161376.84064999805,-0.5605,1.4900773,-0.71015854475183
5,1,161381.84065078036,-0.5605,1.4885119,-0.7109372230971956
5,1,161386.84065156267,-0.5605,1.4869847,-0.7117159022670425
5,1,161391.84065234498,-0.5605,1.4854957,-0.7124945815287633
5,1,161396.8406531273,-0.5605,1.4840829,-0.7132732605469495
5,1,161401.8406539096,-0.5605,1.4824985,-0.7140519404515031
5,1,161406.8406546919,-0.5605,1.4809521,-0.7148306172858381
5,1,161411.84065547423,-0.5605,1.4793104,-0.7156092933452298
5,1,161416.84065625654,-0.5605,1.4777259,-0.7163879691522058
5,1,161421.84065703885,-0.5605,1.4761032,-0.7171666467056277
5,1,161426.84065782116,-0.5605,1.4745569,-0.7179453248066309
5,1,161431.84065860347,-0.5605,1.4728388,-0.7187240036532021
5,1,161436.84065938578,-0.5605,1.471407,-0.7195026852725847
5,1,161441.8406601681,-0.5605,1.4695743,-0.7202813629814058
5,1,161446.8406609504,-0.5605,1.4679517,-0.7210600437870293
5,1,161451.8406617327,-0.5605,1.4663671,-0.7218387220115167
5,1,161456.84066251502,-0.5605,1.464439,-0.7226174016920727
5,1,161461.84066329733,-0.5605,1.4628545,-0.7233960807610255
5,1,161466.84066407965,-0.5605,1.4611746,-0.7241747599653967
5,1,161471.84066486196,-0.5605,1.4594183,-0.7249534393412737
5,1,161476.84066564427,-0.5605,1.4575665,-0.7257321195280321
5,1,161481.84066642658,-0.5605,1.4558866,-0.7265107979213463
5,1,161486.8406672089,-0.5605,1.4540731,-0.7272894776726961
5,1,161491.8406679912,-0.5605,1.4521639,-0.7280681602971223
5,1,161496.8406687735,-0.5605,1.4504459,-0.7288468429718713
5,1,161501.84066955582,-0.5605,1.4484223,-0.7296255249710447
5,1,161506.84067033813,-0.5605,1.4468187,-0.7304042060400645
5,1,161511.84067112044,-0.5605,1.4449097,-0.7311828822989829
5,1,161516.84067190276,-0.5605,1.4431152,-0.7319615590622359
5,1,161521.84067268507,-0.5605,1.4410534,-0.7327402377120753
5,1,161526.84067346738,-0.5605,1.4393926,-0.7335189192636278
5,1,161531.8406742497,-0.5605,1.4374645,-0.7342975963504181
5,1,161536.840675032,-0.5605,1.4354028,-0.7350762715805172
5,1,161541.8406758143,-0.5605,1.4335319,-0.7358549430162277
5,1,161546.84067659662,-0.5605,1.4315083,-0.7366336171662178
5,1,161551.84067737893,-0.5605,1.4294847,-0.7374122923344638
5,1,161556.84067816124,-0.5605,1.4274039,-0.7381909654979903
5,1,161561.84067894355,-0.5605,1.425323,-0.738969638177153
5,1,161566.84067972586,-0.5605,1.4232613,-0.7397483121464284
5,1,161571.84068050818,-0.5605,1.4211996,-0.7405269859577152
5,1,161576.8406812905,-0.5605,1.4189659,-0.7413056606561474
5,1,161581.8406820728,-0.5605,1.416847,-0.7420843331060408
5,1,161586.8406828551,-0.5605,1.4147851,-0.7428630099533364
5,1,161591.84068363742,-0.5605,1.4126853,-0.7436416903618241
5,1,161596.84068441973,-0.5605,1.4105281,-0.744420370428072
5,1,161601.84068520204,-0.5605,1.4084471,-0.7451990484682519
5,1,161606.84068598435,-0.5605,1.40608,-0.745977726124323
5,1,161611.84068676666,-0.5605,1.4038464,-0.7467564064380493
5,1,161616.84068754897,-0.5605,1.4015747,-0.7475350826441347
5,1,161621.8406883313,-0.5605,1.3994366,-0.7483137573866976
5,1,161626.8406891136,-0.5605,1.3970885,-0.749092432990584
5,1,161631.8406898959,-0.5605,1.3948168,-0.7498711081027024
5,1,161636.84069067822,-0.5605,1.3925259,-0.7506497809000776
5,1,161641.84069146053,-0.5605,1.3901014,-0.751428455956204
5,1,161646.84069224284,-0.5605,1.3878106,-0.7522071302027403
5,1,161651.84069302515,-0.5605,1.3854434,-0.7529858059700594
5,1,161656.84069380746,-0.5605,1.3829998,-0.7537644822196993
5,1,161661.84069458977,-0.5605,1.3805945,-0.7545431535562839
5,1,161666.84069537208,-0.5605,1.3781127,-0.7553218265884352
5,1,161671.8406961544,-0.5605,1.3756119,-0.7561004983240762
5,1,161676.8406969367,-0.5605,1.3732065,-0.7568791677830251
5,1,161681.84069771902,-0.5605,1.3704575,-0.7576578375814887
5,1,161686.84069850133,-0.5605,1.3680903,-0.7584365069467126
5,1,161691.84069928364,-0.5605,1.3654749,-0.7592151786202754
5,1,161696.84070006595,-0.5605,1.3628787,-0.7599938513897789
5,1,161701.84070084826,-0.5605,1.3603587,-0.7607725244749519
5,1,161706.84070163057,-0.5605,1.357667,-0.7615511976401772
5,1,161711.84070241288,-0.5605,1.3551089,-0.7623298721316986
5,1,161716.8407031952,-0.5605,1.3524172,-0.7631085451647903
5,1,161721.8407039775,-0.5605,1.3496872,-0.7638872142097486
5,1,161726.84070475982,-0.5605,1.3469764,-0.7646658860289024
5,1,161731.84070554213,-0.5605,1.3444375,-0.7654445614917014
5,1,161736.84070632444,-0.5605,1.3414402,-0.7662232324837215
5,1,161741.84070710675,-0.5605,1.3387867,-0.7670019059756332
5,1,161746.84070788906,-0.5605,1.3358849,-0.7677805764156845
5,1,161751.84070867137,-0.5605,1.3332314,-0.7685592481478785
5,1,161756.84070945368,-0.5605,1.3303488,-0.7693379200790691
5,1,161761.840710236,-0.5605,1.3272753,-0.7701165933634275
5,1,161766.8407110183,-0.5605,1.3244117,-0.7708952664567763
5,1,161771.8407118006,-0.5605,1.3214527,-0.7716739409478076
5,1,161776.84071258293,-0.5605,1.3187038,-0.7724526158308487
5,1,161781.84071336524,-0.5605,1.3156874,-0.7732312913060718
5,1,161786.84071414755,-0.5605,1.3125948,-0.7740099659406344
5,1,161791.84071492986,-0.5605,1.3097695,-0.7747886397772663
5,1,161796.84071571217,-0.5605,1.3064859,-0.7755673163531025
5,1,161801.84071649448,-0.5605,1.3035461,-0.7763459941796396
5,1,161806.8407172768,-0.5605,1.300568,-0.7771246732626822
5,1,161811.8407180591,-0.5605,1.2975135,-0.7779033501287599
5,1,161816.8407188414,-0.5605,1.2943063,-0.7786820275641116
5,1,161821.84071962372,-0.5605,1.2913473,-0.7794607050269279
5,1,161826.84072040603,-0.5605,1.2880065,-0.7802393805482553
5,1,161831.84072118835,-0.5605,1.2848948,-0.781018055813041
5,1,161836.84072197066,-0.5605,1.2818022,-0.7817967348474463
5,1,161841.84072275297,-0.5605,1.2784613,-0.7825754151062303
5,1,161846.84072353528,-0.5605,1.2751778,-0.7833540906420913
5,1,161851.8407243176,-0.5605,1.2718753,-0.7841327664230863
5,1,161856.8407250999,-0.5605,1.2687062,-0.7849114455027182
5,1,161861.8407258822,-0.5605,1.2653272,-0.7856901194111207
5,1,161866.84072666452,-0.5605,1.2620246,-0.7864687936996021
5,1,161871.84072744683,-0.5605,1.2586457,-0.7872474701594974
5,1,161876.84072822914,-0.5605,1.2552667,-0.7880261466332606
5,1,161881.84072901146,-0.5605,1.2517731,-0.7888048223095667
5,1,161886.84072979377,-0.5605,1.2484132,-0.7895834969335628
5,1,161891.84073057608,-0.5605,1.2451106,-0.7903621749921009
5,1,161896.8407313584,-0.5605,1.2417698,-0.7911408551058238
5,1,161901.8407321407,-0.5605,1.2381045,-0.7919195310960907
5,1,161906.840732923,-0.5605,1.2347445,-0.7926982069915333
5,1,161911.84073370532,-0.5605,1.2311175,-0.7934768866032526
5,1,161916.84073448763,-0.5605,1.2277002,-0.794255564108239
5,1,161921.84073526994,-0.5605,1.2241495,-0.7950342440793943
5,1,161926.84073605225,-0.5605,1.220675,-0.7958129229081403
5,1,161931.84073683457,-0.5605,1.2171052,-0.7965916000373162
5,1,161936.8407376164,-0.5605,1.2135544,-0.7973702742062506
5,1,161941.84073839872,-0.5605,1.2098508,-0.798148949759546
5,1,161946.84073918103,-0.5605,1.2064527,-0.798927624716073
5,1,161951.84073996334,-0.5605,1.2029593,-0.7997062980186143
5,1,161955.85154059017,-0.5605,1.199962,-0.8003309178014595
5,1,161955.8517405903,-0.5605,1.2000003,-0.8003309489457209
5,2,161955.85254059033,0.5605,1.2423668,6.186286939515007e-08
5,2,161960.8525413731,0.5605,1.3299097,0.0007783666096660827
5,2,161965.85254215542,0.5605,1.362096,0.0015566734767787987
5,2,161970.85254293773,0.5605,1.3878487,0.002334978043254879
5,2,161975.85254372004,0.5605,1.4104135,0.0031132815047204498
5,2,161980.85254450236,0.5605,1.4309928,0.0038915853702127935
5,2,161985.85254528467,0.5605,1.4501213,0.004669889271683163
5,2,161990.85254606698,0.5605,1.4683335,0.005448193029009634
5,2,161995.8525468493,0.5605,1.4855529,0.006226496783428722
5,2,162000.8525476316,0.5605,1.5023524,0.00700479730436537
5,2,162005.8525484139,0.5605,1.5182164,0.007783097561892536
5,2,162010.85254919622,0.5605,1.5339469,0.008561398947368066
5,2,162015.85254997853,0.5605,1.5492954,0.00933970064803958
5,2,162020.85255076084,0.5605,1.5640522,0.010118002072662115
5,2,162025.85255154315,0.5605,1.5787326,0.010896301445566945
5,2,162030.85255232546,0.5605,1.5929358,0.011674600287043386
5,2,162035.85255310778,0.5605,1.6071773,0.01245290074121621
5,2,162040.8525538901,0.5605,1.6209222,0.013231198807060718
5,2,162045.8525546724,0.5605,1.6345718,0.014009497968604167
5,2,162050.8525554547,0.5605,1.6481259,0.014787796235478585
5,2,162055.85255623702,0.5605,1.66147,0.015566093645470009
5,2,162060.85255701933,0.5605,1.6748523,0.016344390505443014
5,2,162065.85255780164,0.5605,1.6878719,0.017122688399407598
5,2,162070.85255858395,0.5605,1.7006052,0.017900986677298943
5,2,162075.85255936626,0.5605,1.7131093,0.01867928410190675
5,2,162080.85256014857,0.5605,1.7258234,0.01945758133172327
5,2,162085.85256093089,0.5605,1.7383658,0.0202358778202898
5,2,162090.8525617132,0.5605,1.7504117,0.021014175886243585
5,2,162095.8525624955,0.5605,1.762725,0.021792474627829263
5,2,162100.85256327735,0.5605,1.77458,0.022570772874825534
5,2,162105.85256405966,0.5605,1.7864923,0.02334906939105193
5,2,162110.85256484197,0.5605,1.7980419,0.024127367242382635
5,2,162115.8525656243,0.5605,1.809439,0.024905667446202706
5,2,162120.8525664066,0.5605,1.8207022,0.02568396511107021
5,2,162125.8525671889,0.5605,1.8318509,0.026462262760831252
5,2,162130.85256797122,0.5605,1.8427706,0.02724055941046609
5,2,162135.85256875353,0.5605,1.8532702,0.02801885568886002
5,2,162140.85256953584,0.5605,1.8639226,0.02879715220074521
5,2,162145.85257031815,0.5605,1.8740214,0.02957544879028201
5,2,162150.85257110046,0.5605,1.8839674,0.0303537471109728
5,2,162155.85257188277,0.5605,1.893799,0.03113204544356134
5,2,162160.85257266508,0.5605,1.9032868,0.03191034418663383
5,2,162165.8525734474,0.5605,1.9122974,0.03268864146625665
5,2,162170.8525742297,0.5605,1.9214035,0.033466939777834555
5,2,162175.85257501202,0.5605,1.9302042,0.03424523991888762
5,2,162180.85257579433,0.5605,1.9384512,0.03502354081506862
5,2,162185.85257657664,0.5605,1.9466599,0.03580184039619897
5,2,162190.85257735895,0.5605,1.9546015,0.03658013920885988
5,2,162195.85257814126,0.5605,1.9624286,0.037358438221411584
5,2,162200.85257892357,0.5605,1.9698929,0.0381367397702204
5,2,162205.85257970588,0.5605,1.977128,0.03891504061501226
5,2,162210.8525804882,0.5605,1.984077,0.039693343982136926
5,2,162215.8525812705,0.5605,1.9908158,0.040471646070318106
5,2,162220.85258205282,0.5605,1.9973447,0.041249947988867774
5,2,162225.85258283513,0.5605,2.003511,0.04202824838183987
5,2,162230.85258361744,0.5605,2.0098488,0.04280655026299425
5,2,162235.85258439975,0.5605,2.0156333,0.04358485230141879
5,2,162240.85258518206,0.5605,2.0213032,0.04436315169978805
5,2,162245.85258596437,0.5605,2.0268583,0.04514145113203593
5,2,162250.85258674668,0.5605,2.0321846,0.04591974752112231
5,2,162255.852587529,0.5605,2.0374534,0.046698045547919155
5,2,162260.8525883113,0.5605,2.0423214,0.047476344162152885
5,2,162265.8525890936,0.5605,2.0473232,0.048254641483058545
5,2,162270.85258987593,0.5605,2.0520384,0.049032936541067246
5,2,162275.85259065824,0.5605,2.056601,0.049811230672372725
5,2,162280.85259144055,0.5605,2.0609918,0.050589522966616694
5,2,162285.85259222286,0.5605,2.0653634,0.051367816568623
5,2,162290.85259300517,0.5605,2.0695443,0.05214610851821967
5,2,162295.85259378748,0.5605,2.0735915,0.052924399501442926
5,2,162300.8525945698,0.5605,2.0775049,0.05370269372155271
5,2,162305.8525953521,0.5605,2.0811512,0.054480990331500785
5,2,162310.8525961344,0.5605,2.0850456,0.05525928562043112
5,2,162315.85259691672,0.5605,2.08852,0.056037580820083636
5,2,162320.85259769903,0.5605,2.092109,0.05681587585035299
5,2,162325.85259848135,0.5605,2.0953162,0.057594171938724
5,2,162330.85259926366,0.5605,2.0987144,0.05837246766413253
5,2,162335.85260004597,0.5605,2.102017,0.05915076196736761
5,2,162340.85260082828,0.5605,2.1051095,0.05992905872536701
5,2,162345.8526016106,0.5605,2.108183,0.060707355667564626
5,2,162350.8526023929,0.5605,2.1111038,0.06148565417043701
5,2,162355.8526031752,0.5605,2.114101,0.06226394954232708
5,2,162360.85260395752,0.5605,2.1168692,0.06304224304615791
5,2,162365.85260473983,0.5605,2.1196754,0.06382053530797695
5,2,162370.85260552214,0.5605,2.1223671,0.06459882608525953
5,2,162375.85260630446,0.5605,2.1249633,0.06537711812240218
5,2,162380.85260708677,0.5605,2.1275406,0.0661554101244973
5,2,162385.85260786908,0.5605,2.1299078,0.06693370306073627
5,2,162390.8526086514,0.5605,2.132523,0.06771199138532084
5,2,162395.8526094337,0.5605,2.1347759,0.06849028248137237
5,2,162400.852610216,0.5605,2.1371622,0.06926857491677008
5,2,162405.85261099832,0.5605,2.1394339,0.0700468664191829
5,2,162410.85261178063,0.5605,2.1416864,0.07082515908413134
5,2,162415.85261256294,0.5605,2.1439583,0.07160345375129251
5,2,162420.85261334525,0.5605,2.1459055,0.07238174594473509
5,2,162425.85261412757,0.5605,2.1478717,0.07316003915981453
5,2,162430.85261490988,0.5605,2.150067,0.07393833496964311
5,2,162435.8526156922,0.5605,2.1520333,0.07471663063582448
5,2,162440.8526164745,0.5605,2.1539807,0.07549492620243961
5,2,162445.8526172568,0.5605,2.1558707,0.07627321845621203
5,2,162450.85261803912,0.5605,2.1577222,0.07705151009304326
5,2,162455.85261882143,0.5605,2.159593,0.07782980097224317
5,2,162460.85261960374,0.5605,2.1615405,0.07860808861719239
5,2,162465.85262038605,0.5605,2.1631823,0.07938638261409602
5,2,162470.85262116836,0.5605,2.1650147,0.08016467507632244
5,2,162475.85262195067,0.5605,2.1666949,0.08094296515611146
5,2,162480.852622733,0.5605,2.1681838,0.08172125593883463
5,2,162485.8526235153,0.5605,2.1699212,0.08249954653986297
5,2,162490.8526242976,0.5605,2.1712956,0.0832778367875053
5,2,162495.85262507992,0.5605,2.173071,0.08405613102947343
5,2,162500.85262586223,0.5605,2.1745982,0.08483442572545014
5,2,162505.85262664454,0.5605,2.1763163,0.08561272043350672
5,2,162510.85262742685,0.5605,2.1776335,0.08639101367442147
5,2,162515.85262820916,0.5605,2.1789317,0.08716930920511487
5,2,162520.85262899147,0.5605,2.1804588,0.08794760452816555
5,2,162525.85262977378,0.5605,2.1818335,0.08872590105347834
5,2,162530.8526305561,0.5605,2.1832461,0.08950420138887236
5,2,162535.8526313384,0.5605,2.1846397,0.0902825021772418
5,2,162540.85263212072,0.5605,2.185938,0.0910608011634052
5,2,162545.85263290303,0.5605,2.1873505,0.09183909885699552
5,2,162550.85263368534,0.5605,2.1886296,0.09261739756708345
5,2,162555.85263446765,0.5605,2.190004,0.09339569715582001
5,2,162560.85263524996,0.5605,2.1911876,0.09417399628040858
5,2,162565.85263603227,0.5605,2.1923904,0.09495229329498941
5,2,162570.85263681458,0.5605,2.193803,0.09573059434438415
5,2,162575.8526375969,0.5605,2.194834,0.09650889570634233
5,2,162580.8526383792,0.5605,2.1962085,0.09728719853753845
5,2,162585.85263916152,0.5605,2.197392,0.09806549944533242
5,2,162590.85263994383,0.5605,2.1985373,0.09884379616722465
5,2,162595.85264072614,0.5605,2.1998355,0.09962209434296357
5,2,162600.85264150845,0.5605,2.2007518,0.10040038703635998
5,2,162605.85264229076,0.5605,2.2019546,0.10117868018885454
5,2,162610.85264307307,0.5605,2.2031,0.10195697145498793
5,2,162615.85264385538,0.5605,2.204169,0.10273526356750065
5,2,162620.8526446377,0.5605,2.205219,0.10351355643727382
5,2,162625.85264542,0.5605,2.20625,0.10429185099789501
5,2,162630.85264620231,0.5605,2.2074716,0.10507014678287838
5,2,162635.85264698463,0.5605,2.2084453,0.10584844033359819
5,2,162640.85264776694,0.5605,2.2094188,0.10662673726355368
5,2,162645.85264854925,0.5605,2.2104497,0.10740503377650513
5,2,162650.85264933156,0.5605,2.211557,0.10818332581536307
5,2,162655.85265011387,0.5605,2.2125497,0.10896161753865083
5,2,162660.85265089618,0.5605,2.2137523,0.1097399085333877
5,2,162665.8526516785,0.5605,2.2145731,0.11051820014358228
5,2,162670.8526524608,0.5605,2.2155278,0.11129649347319205
5,2,162675.8526532431,0.5605,2.2163677,0.11207478918358352
5,2,162680.85265402542,0.5605,2.2174177,0.11285308032768301
5,2,162685.85265480774,0.5605,2.218353,0.11363137144850691
5,2,162690.85265559005,0.5605,2.2194796,0.11440965953846773
5,2,162695.85265637236,0.5605,2.220434,0.1151879406852093
5,2,162700.85265715467,0.5605,2.221293,0.11596622008727987
5,2,162705.85265793698,0.5605,2.2222857,0.11674449988843004
5,2,162710.8526587193,0.5605,2.2232401,0.11752278983050253
5,2,162715.8526595016,0.5605,2.2241375,0.11830108361969059
5,2,162720.8526602839,0.5605,2.2248628,0.11907937821842894
5,2,162725.85266106622,0.5605,2.2259128,0.1198576723830501
5,2,162730.85266184853,0.5605,2.2266765,0.12063596707673203
5,2,162735.85266263084,0.5605,2.227612,0.12141426207550365
5,2,162740.85266341316,0.5605,2.2285283,0.12219255870784321
5,2,162745.85266419547,0.5605,2.2292728,0.12297085812458063
5,2,162750.85266497778,0.5605,2.2302272,0.12374915677892828
5,2,162755.8526657601,0.5605,2.2311819,0.12452745208156438
5,2,162760.8526665424,0.5605,2.23206,0.12530574595123858
5,2,162765.8526673247,0.5605,2.2328808,0.12608404134110276
5,2,162770.85266810702,0.5605,2.2336445,0.12686233917002213
5,2,162775.85266888933,0.5605,2.2345607,0.12764063865388764
5,2,162780.85266967164,0.5605,2.2355344,0.12841893925474748
5,2,162785.85267045395,0.5605,2.236279,0.1291972411214709
5,2,162790.85267123627,0.5605,2.237138,0.12997554093229438
5,2,162795.85267201858,0.5605,2.2380352,0.13075383828745946
5,2,162800.8526728009,0.5605,2.2387035,0.13153213494113417
5,2,162805.8526735832,0.5605,2.2396197,0.13231043536534903
5,2,162810.8526743655,0.5605,2.2403262,0.1330887356347276
5,2,162815.85267514782,0.5605,2.2412043,0.133867036609898
5,2,162820.85267593013,0.5605,2.2421396,0.13464533703474202
5,2,162825.85267671244,0.5605,2.242827,0.13542363889668382
5,2,162830.85267749475,0.5605,2.2437432,0.1362019392128752
5,2,162835.85267827706,0.5605,2.2444305,0.13698024180803695
5,2,162840.85267905938,0.5605,2.2451558,0.1377585464421047
5,2,162845.8526798417,0.5605,2.2461104,0.13853684831387467
5,2,162850.852680624,0.5605,2.2468932,0.13931515006227294
5,2,162855.8526814063,0.5605,2.247733,0.1400934519472155
5,2,162860.85268218862,0.5605,2.2484396,0.14087175141682556
5,2,162865.85268297093,0.5605,2.2492795,0.14165005129944613
5,2,162870.85268375324,0.5605,2.2500622,0.1424283543028136
5,2,162875.85268453555,0.5605,2.2510357,0.14320665869581034
5,2,162880.85268531786,0.5605,2.2518375,0.14398496431080166
5,2,162885.85268610017,0.5605,2.2524865,0.14476327024036972
5,2,162890.85268688248,0.5605,2.2532501,0.14554157471598184
5,2,162895.8526876648,0.5605,2.2539566,0.14631987909125946
5,2,162900.8526884471,0.5605,2.2549493,0.14709818061065008
5,2,162905.85268922942,0.5605,2.2555983,0.14787648270349035
5,2,162910.85269001173,0.5605,2.2564,0.14865478476412755
5,2,162915.85269079404,0.5605,2.25724,0.1494330872741904
5,2,162920.85269157635,0.5605,2.2580037,0.15021138963066866
5,2,162925.85269235866,0.5605,2.2586145,0.15098969003570076
5,2,162930.85269314097,0.5605,2.2594736,0.15176799006252814
5,2,162935.85269392328,0.5605,2.2601418,0.15254629076781534
5,2,162940.8526947056,0.5605,2.260848,0.15332459147445357
5,2,162945.8526954879,0.5605,2.261688,0.154102893612249
5,2,162950.85269627022,0.5605,2.2623944,0.15488119829690783
5,2,162955.85269705253,0.5605,2.26333,0.15565950159797398
5,2,162960.85269783484,0.5605,2.26396,0.156437805811223
5,2,162965.85269861715,0.5605,2.2647235,0.1572161064690119
5,2,162970.85269939946,0.5605,2.2655063,0.15799440473880697
5,2,162975.85270018177,0.5605,2.2663271,0.1587727084874146
5,2,162980.85270096408,0.5605,2.2672434,0.15955101236971875
5,2,162985.8527017464,0.5605,2.2678924,0.1603293144476082
5,2,162990.8527025287,0.5605,2.268656,0.1611076184989412
5,2,162995.85270331101,0.5605,2.2693434,0.1618859219025671
5,2,163000.85270409333,0.5605,2.2699351,0.1626642278949717
5,2,163005.85270487564,0.5605,2.2708514,0.1634425305978357
5,2,163010.85270565795,0.5605,2.2716722,0.16422083399897475
5,2,163015.85270644026,0.5605,2.2725506,0.16499913469028796
5,2,163020.85270722257,0.5605,2.2731233,0.165777433956219
5,2,163025.85270800488,0.5605,2.2740204,0.16655573262347767
5,2,163030.8527087872,0.5605,2.274784,0.16733402736063124
5,2,163035.8527095695,0.5605,2.2754903,0.16811232348881153
5,2,163040.8527103518,0.5605,2.2763112,0.16889061915383724
5,2,163045.85271113412,0.5605,2.2770557,0.16966891405153925
5,2,163050.85271191644,0.5605,2.2778766,0.17044720884403575
5,2,163055.85271269875,0.5605,2.278545,0.1712255044783154
5,2,163060.85271348106,0.5605,2.2792892,0.17200379855094672
5,2,163065.85271426337,0.5605,2.2801104,0.1727820956411493
5,2,163070.85271504568,0.5605,2.2807975,0.17356039258347605
5,2,163075.852715828,0.5605,2.2816756,0.17433868868572502
5,2,163080.8527166103,0.5605,2.2823439,0.1751169857664041
5,2,163085.8527173926,0.5605,2.2831838,0.1758952812690171
5,2,163090.85271817492,0.5605,2.2839093,0.1766735751698182
5,2,163095.85271895723,0.5605,2.2848065,0.17745187045125158
5,2,163100.85271973955,0.5605,2.2854173,0.17823016485838417
5,2,163105.85272052186,0.5605,2.286391,0.17900845969429932
5,2,163110.85272130417,0.5605,2.2871163,0.1797867522159019
5,2,163115.85272208648,0.5605,2.287899,0.180565043047736
5,2,163120.8527228688,0.5605,2.2887008,0.18134333664711638
5,2,163125.8527236511,0.5605,2.289369,0.18212163291963263
5,2,163130.8527244334,0.5605,2.2901518,0.18289993212465436
5,2,163135.85272521572,0.5605,2.2909918,0.18367823116105456
5,2,163140.85272599803,0.5605,2.2917745,0.1844565294428798
5,2,163145.85272678034,0.5605,2.2924807,0.1852348257188498
5,2,163150.85272756265,0.5605,2.2933397,0.18601312157865024
5,2,163155.85272834497,0.5605,2.2941225,0.18679141535409613
5,2,163160.85272912728,0.5605,2.2947907,0.1875697113138337
5,2,163165.8527299096,0.5605,2.2957833,0.1883480052842232
5,2,163170.8527306919,0.5605,2.2965088,0.18912630126276606
5,2,163175.8527314742,0.5605,2.2974634,0.18990459642758628
5,2,163180.85273225652,0.5605,2.2982843,0.19068289289592366
5,2,163185.85273303883,0.5605,2.298876,0.19146118972397838
5,2,163190.85273382114,0.5605,2.299735,0.19223948327536047
5,2,163195.85273460345,0.5605,2.3005369,0.19301777760910652
5,2,163200.85273538576,0.5605,2.3013577,0.19379607327321166
5,2,163205.85273616808,0.5605,2.3022168,0.19457436891145172
5,2,163210.8527369504,0.5605,2.3029613,0.19535266379206706
5,2,163215.8527377327,0.5605,2.3039157,0.1961309566910134
5,2,163220.852738515,0.5605,2.304756,0.19690925185313818
5,2,163225.85273929732,0.5605,2.3055768,0.19768754765691357
5,2,163230.85274007963,0.5605,2.306302,0.1984658459720777
5,2,163235.85274086194,0.5605,2.3070085,0.1992441424332294
5,2,163240.85274164425,0.5605,2.3078675,0.20002244059480892
5,2,163245.85274242656,0.5605,2.3088028,0.20080073620123
5,2,163250.85274320887,0.5605,2.309452,0.2015790321075552
5,2,163255.85274399118,0.5605,2.3104064,0.20235732750416133
5,2,163260.8527447735,0.5605,2.31117,0.2031356197199391
5,2,163265.8527455558,0.5605,2.311972,0.20391391109636095
5,2,163270.85274633812,0.5605,2.3128884,0.20469220235059327
5,2,163275.85274712043,0.5605,2.3137474,0.20547049716367985
5,2,163280.85274790274,0.5605,2.314511,0.20624879234022564
5,2,163285.85274868505,0.5605,2.3153129,0.20702708480291895
5,2,163290.85274946736,0.5605,2.3164582,0.20780537441555327
5,2,163295.85275024967,0.5605,2.3172982,0.20858366656111346
5,2,163300.85275103198,0.5605,2.3179853,0.20936195864267482
5,2,163305.8527518143,0.5605,2.318787,0.21014024905193182
5,2,163310.8527525966,0.5605,2.3196654,0.21091854212714897
5,2,163315.85275337892,0.5605,2.3206007,0.2116968341034419
5,2,163320.85275416123,0.5605,2.3214598,0.2124751282801628
5,2,163325.85275494354,0.5605,2.3223188,0.21325342311840917
5,2,163330.85275572585,0.5605,2.3231971,0.21403171755489042
5,2,163335.85275650816,0.5605,2.3242471,0.21481001390498544
5,2,163340.85275729047,0.5605,2.3249724,0.21558831149936053
5,2,163345.85275807278,0.5605,2.3260605,0.21636660715325343
5,2,163350.8527588551,0.5605,2.3266714,0.21714490238174466
5,2,163355.8527596374,0.5605,2.3276641,0.21792320007045404
5,2,163360.85276041972,0.5605,2.3286188,0.21870149918570456
5,2,163365.85276120203,0.5605,2.3293824,0.2194798013680445
5,2,163370.85276198434,0.5605,2.3302796,0.22025810032398174
5,2,163375.85276276618,0.5605,2.3313105,0.22103639736726552
5,2,163380.8527635485,0.5605,2.3323412,0.2218146935836375
5,2,163385.8527643308,0.5605,2.3331814,0.2225929913608035
5,2,163390.85276511312,0.5605,2.3340023,0.22337128844649265
5,2,163395.85276589543,0.5605,2.335033,0.22414958636511367
5,2,163400.85276667774,0.5605,2.3359685,0.22492788468279112
5,2,163405.85276746005,0.5605,2.336694,0.225706182195233
5,2,163410.85276824236,0.5605,2.3377056,0.22648447519346082
5,2,163415.85276902467,0.5605,2.3385646,0.22726277049383856
5,2,163420.85276980698,0.5605,2.3395193,0.22804106413122685
5,2,163425.8527705893,0.5605,2.340512,0.22881935970871983
5,2,163430.8527713716,0.5605,2.3412564,0.229597657484952
5,2,163435.8527721539,0.5605,2.342192,0.2303759542088741
5,2,163440.85277293622,0.5605,2.3433754,0.23115425072549456
5,2,163445.85277371854,0.5605,2.3441772,0.23193254676082736
5,2,163450.85277450085,0.5605,2.3452082,0.23271084126176111
5,2,163455.85277528316,0.5605,2.3460863,0.23348913558849035
5,2,163460.85277606547,0.5605,2.34706,0.23426743033092556
5,2,163465.85277684778,0.5605,2.3481863,0.2350457208578852
5,2,163470.8527776301,0.5605,2.3490834,0.2358240125386318
5,2,163475.8527784124,0.5605,2.3501334,0.23660230383652783
5,2,163480.8527791947,0.5605,2.3510115,0.2373805979954402
5,2,163485.85277997702,0.5605,2.3519852,0.23815889121186737
5,2,163490.85278075933,0.5605,2.3530161,0.23893718098162947
5,2,163495.85278154165,0.5605,2.3537989,0.23971547475284344
5,2,163500.85278232396,0.5605,2.3549442,0.24049376663942143
5,2,163505.85278310627,0.5605,2.3561087,0.24127205748003394
5,2,163510.85278388858,0.5605,2.3570251,0.24205034656451813
5,2,163515.8527846709,0.5605,2.3579986,0.24282863303283525
5,2,163520.8527854532,0.5605,2.3589914,0.2436069186920193
5,2,163525.8527862355,0.5605,2.3599842,0.2443852051208583
5,2,163530.85278701782,0.5605,2.3609576,0.24516349327571862
5,2,163535.85278780013,0.5605,2.3618548,0.24594178244114923
5,2,163540.85278858244,0.5605,2.3630385,0.2467200726274319
5,2,163545.85278936476,0.5605,2.3641267,0.24749836164958286
5,2,163550.85279014707,0.5605,2.3649666,0.24827664825377208
5,2,163555.85279092938,0.5605,2.3660548,0.2490549368286895
5,2,163560.8527917117,0.5605,2.367162,0.24983322637386793
5,2,163565.852792494,0.5605,2.3683646,0.2506115183927252
5,2,163570.8527932763,0.5605,2.3692048,0.2513898074343967
5,2,163575.85279405862,0.5605,2.370312,0.2521680974537698
5,2,163580.85279484093,0.5605,2.3714573,0.25294638724901947
5,2,163585.85279562324,0.5605,2.3723164,0.25372467783616326
5,2,163590.85279640555,0.5605,2.3734426,0.2545029697579014
5,2,163595.85279718786,0.5605,2.3745308,0.25528126172552845
5,2,163600.85279797018,0.5605,2.3756955,0.25605955295135585
5,2,163605.8527987525,0.5605,2.3767645,0.2568378438929651
5,2,163610.8527995348,0.5605,2.3775854,0.2576161364825865
5,2,163615.8528003171,0.5605,2.3785398,0.25839442701732457
5,2,163620.85280109942,0.5605,2.3799334,0.25917271934920555
5,2,163625.85280188173,0.5605,2.3809643,0.25995101344000965
5,2,163630.85280266404,0.5605,2.3821287,0.2607293077884482
5,2,163635.85280344635,0.5605,2.3830452,0.26150760066982776
5,2,163640.85280422866,0.5605,2.3831215,0.26228589104642475
5,2,163645.85280501097,0.5605,2.3852215,0.2630641841652195
5,2,163650.85280579329,0.5605,2.386424,0.2638424788344006
5,2,163655.8528065756,0.5605,2.3877985,0.26462077443519566
5,2,163660.8528073579,0.5605,2.3887722,0.2653990706956188
5,2,163665.85280814022,0.5605,2.3899748,0.2661773644130826
5,2,163670.85280892253,0.5605,2.391254,0.26695565954478584
5,2,163675.85280970484,0.5605,2.392342,0.2677339536854989
5,2,163680.85281048715,0.5605,2.3934302,0.2685122487440606
5,2,163685.85281126946,0.5605,2.3945947,0.26929054295391175
5,2,163690.85281205177,0.5605,2.3956447,0.27006883702454965
5,2,163695.85281283408,0.5605,2.39679,0.27084713252855674
5,2,163700.8528136164,0.5605,2.3979738,0.2716254311105543
5,2,163705.8528143987,0.5605,2.3990428,0.2724037274259859
5,2,163710.85281518102,0.5605,2.4004364,0.2731820245817436
5,2,163715.85281596333,0.5605,2.4015436,0.27396032034253415
5,2,163720.85281674564,0.5605,2.4025364,0.274738615765161
5,2,163725.85281752795,0.5605,2.403529,0.2755169087904262
5,2,163730.85281831026,0.5605,2.4050562,0.2762952026342916
5,2,163735.85281909257,0.5605,2.4062781,0.2770734975079133
5,2,163740.85281987488,0.5605,2.4075189,0.2778517930794988
5,2,163745.8528206572,0.5605,2.4087024,0.27863008629006486
5,2,163750.8528214395,0.5605,2.4099815,0.2794083811925518
5,2,163755.85282222182,0.5605,2.4111843,0.28018667621869187
5,2,163760.85282300413,0.5605,2.4123678,0.28096497245553803
5,2,163765.85282378644,0.5605,2.4135897,0.2817432688838542
5,2,163770.85282456875,0.5605,2.4149067,0.28252156185134586
5,2,163775.85282535106,0.5605,2.4160905,0.28329985529347596
5,2,163780.85282613337,0.5605,2.4175222,0.28407814556300975
5,2,163785.85282691568,0.5605,2.4186866,0.284856440001256
5,2,163790.852827698,0.5605,2.4199085,0.28563473503938985
5,2,163795.8528284803,0.5605,2.4211302,0.2864130267278983
5,2,163800.8528292626,0.5605,2.4222758,0.28719131852986424
5,2,163805.85283004493,0.5605,2.4236503,0.2879696087898381
5,2,163810.85283082724,0.5605,2.4249291,0.28874790006369033
5,2,163815.85283160955,0.5605,2.4262464,0.28952619252376105
5,2,163820.85283239186,0.5605,2.4275255,0.2903044829898279
5,2,163825.85283317417,0.5605,2.4289572,0.29108277085449974
5,2,163830.85283395648,0.5605,2.430122,0.29186105989908523
5,2,163835.8528347388,0.5605,2.4315155,0.29263934788795987
5,2,163840.8528355211,0.5605,2.4328136,0.29341763615231065
5,2,163845.8528363034,0.5605,2.4341116,0.2941959261411463
5,2,163850.85283708572,0.5605,2.4353716,0.2949742168181474
5,2,163855.85283786803,0.5605,2.4367843,0.2957525076799924
5,2,163860.85283865035,0.5605,2.4378915,0.29653079736531124
5,2,163865.85283943266,0.5605,2.4391515,0.297309084736642
5,2,163870.85284021497,0.5605,2.4406023,0.29808737396773044
5,2,163875.85284099728,0.5605,2.4419577,0.2988656642815836
5,2,163880.8528417796,0.5605,2.4433322,0.29964395617321476
5,2,163885.8528425619,0.5605,2.444745,0.30042224881959634
5,2,163890.8528433442,0.5605,2.4461195,0.30120053883348913
5,2,163895.85284412652,0.5605,2.4474368,0.30197882864447445
5,2,163900.85284490883,0.5605,2.4487348,0.30275711910894526
5,2,163905.85284569114,0.5605,2.4501667,0.3035354093999268
5,2,163910.85284647346,0.5605,2.4512358,0.3043137000428539
5,2,163915.85284725577,0.5605,2.4528584,0.3050919916482172
5,2,163920.85284803808,0.5605,2.4541183,0.30587028203088723
5,2,163925.8528488204,0.5605,2.4553974,0.3066485741304194
5,2,163930.8528496027,0.5605,2.4567337,0.3074268660998081
5,2,163935.852850385,0.5605,2.4581273,0.3082051595189838
5,2,163940.85285116732,0.5605,2.4594445,0.3089834528734454
5,2,163945.85285194963,0.5605,2.4601126,0.3097617435998256
5,2,163950.85285273194,0.5605,2.4615445,0.3105400335951582
5,2,163955.85285351425,0.5605,2.462747,0.3113183241131076
5,2,163960.85285429657,0.5605,2.4646752,0.31209661260501564
5,2,163965.85285507888,0.5605,2.4659162,0.31287489923745415
5,2,163970.8528558612,0.5605,2.4677105,0.3136531864621211
5,2,163975.8528566435,0.5605,2.4690852,0.31443147273003413
5,2,163980.8528574258,0.5605,2.4704978,0.3152097604451314
5,2,163985.85285820812,0.5605,2.4719105,0.3159880473201906
5,2,163990.85285899043,0.5605,2.473304,0.3167663336754774
5,2,163995.85285977274,0.5605,2.4746404,0.317544620002154
5,2,164000.85286055505,0.5605,2.4759386,0.31832290549231584
5,2,164005.85286133736,0.5605,2.4775422,0.31910119257684566
5,2,164010.85286211967,0.5605,2.4788594,0.3198794805118609
5,2,164015.852862902,0.5605,2.4800048,0.3206577670051888
5,2,164020.8528636843,0.5605,2.4815893,0.32143605198067443
5,2,164025.8528644666,0.5605,2.48283,0.32221433622750656
5,2,164030.85286524892,0.5605,2.484262,0.32299262264182516
5,2,164035.85286603123,0.5605,2.4856555,0.32377090730176716
5,2,164040.85286681354,0.5605,2.4869153,0.3245491924856141
5,2,164045.85286759585,0.5605,2.4882135,0.32532748006381934
5,2,164050.85286837816,0.5605,2.4898362,0.32610576824237586
5,2,164055.85286916047,0.5605,2.4911344,0.32688405584221764
5,2,164060.85286994278,0.5605,2.4924326,0.32766233930145056
5,2,164065.8528707251,0.5605,2.493616,0.3284406225647531
5,2,164070.8528715074,0.5605,2.4938643,0.32921890760960865
5,2,164075.85287228972,0.5605,2.4963841,0.3299971923215623
5,2,164080.85287307203,0.5605,2.497625,0.3307754775849682
5,2,164085.85287385434,0.5605,2.4990568,0.3315537606613175
5,2,164090.85287463665,0.5605,2.500355,0.33233204351659973
5,2,164095.85287541896,0.5605,2.501615,0.3331103250507185
5,2,164100.85287620127,0.5605,2.5030086,0.3338886070992751
5,2,164105.85287698358,0.5605,2.5044212,0.33466689016103773
5,2,164110.8528777659,0.5605,2.5056047,0.33544517305318877
5,2,164115.8528785482,0.5605,2.5068648,0.3362234542704294
5,2,164120.85287933052,0.5605,2.5082011,0.33700173544898326
5,2,164125.85288011283,0.5605,2.5094993,0.33778001279590225
5,2,164130.85288089514,0.5605,2.5107975,0.3385582940746052
5,2,164135.85288167745,0.5605,2.5119238,0.3393365793337891
5,2,164140.85288245976,0.5605,2.5131264,0.3401148643802407
5,2,164145.85288324207,0.5605,2.5142145,0.3408931503615746
5,2,164150.85288402438,0.5605,2.5153027,0.34167143543487477
5,2,164155.8528848067,0.5605,2.5167537,0.3424497227169741
5,2,164160.852885589,0.5605,2.517918,0.3432280094122326
5,2,164165.8528863713,0.5605,2.5190253,0.344006293653495
5,2,164170.85288715363,0.5605,2.5201898,0.34478457634008614
5,2,164175.85288793594,0.5605,2.5211825,0.34556285981606466
5,2,164180.85288871825,0.5605,2.5224998,0.3463411410954862
5,2,164185.85288950056,0.5605,2.523779,0.34711942256779826
5,2,164190.85289028287,0.5605,2.5249052,0.3478977079109916
5,2,164195.85289106518,0.5605,2.5262797,0.34867599474812905
5,2,164200.8528918475,0.5605,2.5271578,0.34945428317543226
5,2,164205.8528926298,0.5605,2.5283031,0.35023257088153914
5,2,164210.8528934121,0.5605,2.529334,0.3510108592075244
5,2,164215.85289419442,0.5605,2.5302122,0.3517891464402413
5,2,164220.85289497674,0.5605,2.531415,0.35256743298826965
5,2,164225.85289575905,0.5605,2.532484,0.35334571811629356
5,2,164230.85289654136,0.5605,2.5333622,0.35412400153809476
5,2,164235.85289732367,0.5605,2.534393,0.3549022830592396
5,2,164240.85289810598,0.5605,2.5355003,0.35568056739246867
5,2,164245.8528988883,0.5605,2.5364165,0.35645885142249223
5,2,164250.8528996706,0.5605,2.5374475,0.35723713307550903
5,2,164255.8529004529,0.5605,2.5382683,0.3580154174475242
5,2,164260.85290123522,0.5605,2.5393755,0.358793706985656
5,2,164265.85290201753,0.5605,2.540311,0.3595719972896479
5,2,164270.85290279984,0.5605,2.5412273,0.36035028443795797
5,2,164275.85290358216,0.5605,2.5422964,0.3611285711138052
5,2,164280.85290436447,0.5605,2.54306,0.3619068595094981
5,2,164285.85290514678,0.5605,2.5440145,0.3626851461025843
5,2,164290.8529059291,0.5605,2.544969,0.36346343370304857
5,2,164295.8529067114,0.5605,2.5459235,0.36424172212171246
5,2,164300.8529074937,0.5605,2.5467634,0.36502000997587397
5,2,164305.85290827602,0.5605,2.5476608,0.3657983004547492
5,2,164310.85290905833,0.5605,2.5485008,0.36657659133870424
5,2,164315.85290984064,0.5605,2.5492835,0.36735488828548146
5,2,164320.85291062295,0.5605,2.5501997,0.3681331851046783
5,2,164325.85291140527,0.5605,2.5510588,0.36891148007670066
5,2,164330.85291218758,0.5605,2.5503907,0.3696897770216798
5,2,164335.8529129699,0.5605,2.552777,0.37046807483517813
5,2,164340.8529137522,0.5605,2.5535789,0.37124636931263094
5,2,164345.8529145345,0.5605,2.5545332,0.37202466145359825
5,2,164350.85291531682,0.5605,2.5550869,0.37280295565208477
5,2,164355.85291609913,0.5605,2.5560796,0.37358124834191814
5,2,164360.85291688144,0.5605,2.5567477,0.3743595452370446
5,2,164365.85291766375,0.5605,2.5576832,0.37513784381588644
5,2,164370.85291844606,0.5605,2.5584085,0.3759161398097013
5,2,164375.85291922837,0.5605,2.5593822,0.37669443799972546
5,2,164380.8529200107,0.5605,2.5600312,0.3774727355606822
5,2,164385.852920793,0.5605,2.560852,0.37825103272689725
5,2,164390.8529215753,0.5605,2.5616539,0.3790293303830592
5,2,164395.85292235762,0.5605,2.5623984,0.37980762815714225
5,2,164400.85292313993,0.5605,2.563124,0.380585924790813
5,2,164405.85292392224,0.5605,2.5639067,0.381364225148466
5,2,164410.85292470455,0.5605,2.5647466,0.3821425223898756
5,2,164415.85292548686,0.5605,2.5653765,0.38292081687108354
5,2,164420.85292626917,0.5605,2.566121,0.38369911247022953
5,2,164425.85292705148,0.5605,2.5670948,0.3844774092371994
5,2,164430.8529278338,0.5605,2.5675719,0.38525570914035046
5,2,164435.8529286161,0.5605,2.5683928,0.3860340074305535
5,2,164440.85292939842,0.5605,2.5691564,0.38681230737733513
5,2,164445.85293018073,0.5605,2.5698628,0.38759060527902844
5,2,164450.85293096304,0.5605,2.570588,0.3883689018549853
5,2,164455.85293174535,0.5605,2.5712564,0.38914719632247424
5,2,164460.85293252766,0.5605,2.5719435,0.38992549284721084
5,2,164465.85293330997,0.5605,2.572688,0.39070378715505866
5,2,164470.85293409228,0.5605,2.573318,0.39148208541849255
5,2,164475.8529348746,0.5605,2.5740054,0.39226038307152855
5,2,164480.8529356569,0.5605,2.574578,0.3930386814760665
5,2,164485.85293643922,0.5605,2.5752845,0.39381697985868325
5,2,164490.85293722153,0.5605,2.5758953,0.3945952776976427
5,2,164495.85293800384,0.5605,2.5765061,0.39537357583439686
5,2,164500.85293878615,0.5605,2.5772698,0.39615187547746306
5,2,164505.85293956846,0.5605,2.5780334,0.39693017699633376
5,2,164510.85294035077,0.5605,2.5786824,0.397708476080421
5,2,164515.85294113308,0.5605,2.5793507,0.3984867754887409
5,2,164520.8529419154,0.5605,2.5799806,0.3992650729661253
5,2,164525.8529426977,0.5605,2.5806105,0.4000433702031374
5,2,164530.85294348001,0.5605,2.5812025,0.4008216660367184
5,2,164535.85294426233,0.5605,2.5818706,0.40159995934294995
5,2,164540.85294504464,0.5605,2.5823097,0.4023782512582541
5,2,164545.85294582695,0.5605,2.5830734,0.4031565459388661
5,2,164550.85294660926,0.5605,2.5837796,0.40393484388446155
5,2,164555.85294739157,0.5605,2.5843904,0.40471314052768226
5,2,164560.85294817388,0.5605,2.5850015,0.4054914350201654
5,2,164565.8529489562,0.5605,2.5855932,0.40626973072893097
5,2,164570.8529497385,0.5605,2.5862422,0.4070480220800407
5,2,164575.8529505208,0.5605,2.586834,0.4078263171405396
5,2,164580.85295130312,0.5605,2.5874832,0.4086046102633543
5,2,164585.85295208544,0.5605,2.588285,0.40938290361305746
5,2,164590.85295286775,0.5605,2.5888577,0.41016119752096475
5,2,164595.85295365006,0.5605,2.5894685,0.4109394883031912
5,2,164600.85295443237,0.5605,2.5899649,0.41171777888266914
5,2,164605.85295521468,0.5605,2.5906904,0.4124960692444908
5,2,164610.852955997,0.5605,2.5911484,0.4132743619205886
5,2,164615.8529567793,0.5605,2.591702,0.41405265236959526
5,2,164620.8529575616,0.5605,2.5923512,0.41483094444933205
5,2,164625.85295834392,0.5605,2.5930574,0.4156092371592886
5,2,164630.85295912623,0.5605,2.5934775,0.416387527011325
5,2,164635.85295990855,0.5605,2.5941265,0.41716581775761646
5,2,164640.85296069086,0.5605,2.5945084,0.41794410875113475
5,2,164645.85296147317,0.5605,2.5953484,0.41872239985131887
5,2,164650.85296225548,0.5605,2.5956538,0.41950068852692846
5,2,164655.85296303732,0.5605,2.5963027,0.4202789766854015
5,2,164660.85296381963,0.5605,2.5968947,0.4210572692497207
5,2,164665.85296460195,0.5605,2.597391,0.42183556310037773
5,2,164670.85296538426,0.5605,2.5979254,0.42261385493988796
5,2,164675.85296616657,0.5605,2.598479,0.42339214541824993
5,2,164680.85296694888,0.5605,2.599071,0.42417043493505324
5,2,164685.8529677312,0.5605,2.599701,0.42494872446817167
5,2,164690.8529685135,0.5605,2.6000826,0.4257270168664324
5,2,164695.8529692958,0.5605,2.6005027,0.4265053119605317
5,2,164700.85297007812,0.5605,2.6012473,0.4272836076923444
5,2,164705.85297086043,0.5605,2.6017818,0.42806189864119565
5,2,164710.85297164274,0.5605,2.602278,0.4288401916193665
5,2,164715.85297242505,0.5605,2.6029272,0.4296184824334218
5,2,164720.85297320737,0.5605,2.6032708,0.43039677335250714
5,2,164725.85297398968,0.5605,2.603939,0.4311750660935674
5,2,164730.852974772,0.5605,2.6044736,0.4319533602140944
5,2,164735.8529755543,0.5605,2.6049507,0.43273165767158744
5,2,164740.8529763366,0.5605,2.6053517,0.43350995322812275
5,2,164745.85297711892,0.5605,2.606058,0.434288249278711
5,2,164750.85297790123,0.5605,2.6066499,0.4350665427112812
5,2,164755.85297868354,0.5605,2.6069744,0.4358448378076256
5,2,164760.85297946585,0.5605,2.607528,0.4366231306308575
5,2,164765.85298024816,0.5605,2.6081007,0.4374014228935971
5,2,164770.85298103048,0.5605,2.6086352,0.4381797134031158
5,2,164775.8529818128,0.5605,2.609055,0.43895800345617875
5,2,164780.8529825951,0.5605,2.6095514,0.4397362953896689
5,2,164785.8529833774,0.5605,2.6099334,0.4405145774735015
5,2,164790.85298415972,0.5605,2.6106396,0.4412928615215488
5,2,164795.85298494203,0.5605,2.6110406,0.44207114315486623
5,2,164800.85298572434,0.5605,2.6114032,0.44284942388276266
5,2,164805.85298650665,0.5605,2.6119378,0.44362770494401793
5,2,164810.85298728896,0.5605,2.6124914,0.4444059862277376
5,2,164815.85298807127,0.5605,2.6129496,0.44518427073688976
5,2,164820.85298885358,0.5605,2.6136177,0.4459625569619272
5,2,164825.8529896359,0.5605,2.6140568,0.4467408417709603
5,2,164830.8529904182,0.5605,2.6144576,0.4475191272520854
5,2,164835.85299120052,0.5605,2.6150112,0.44829741768344916
5,2,164840.85299198283,0.5605,2.6155457,0.44907571763780063
5,2,164845.85299276514,0.5605,2.6159468,0.4498540177288355
5,2,164850.85299354745,0.5605,2.6163285,0.45063231784146707
5,2,164855.85299432976,0.5605,2.6169968,0.45141061591685827
5,2,164860.85299511207,0.5605,2.6175313,0.4521889157303507
5,2,164865.85299589438,0.5605,2.6179512,0.4529672126222056
5,2,164870.8529966767,0.5605,2.6184666,0.4537455052114031
5,2,164875.852997459,0.5605,2.6190968,0.45452379650607055
5,2,164880.85299824132,0.5605,2.6193066,0.45530208845599507
5,2,164885.85299902363,0.5605,2.6199749,0.45608038120494965
5,2,164890.85299980594,0.5605,2.6205857,0.45685867220945175
5,2,164895.85300058825,0.5605,2.6209292,0.45763696683420424
5,2,164900.85300137056,0.5605,2.6213684,0.45841525946518463
5,2,164905.85300215287,0.5605,2.621922,0.45919355320307625
5,2,164910.85300293518,0.5605,2.622342,0.45997184550577747
5,2,164915.8530037175,0.5605,2.6228192,0.46075013822785693
5,2,164920.8530044998,0.5605,2.623182,0.4615284293235343
5,2,164925.85300528212,0.5605,2.6237166,0.4623067188771335
5,2,164930.85300606443,0.5605,2.6241555,0.46308501102019356
5,2,164935.85300684674,0.5605,2.6247091,0.4638633021354345
5,2,164940.85300762905,0.5605,2.625072,0.46464159320938925
5,2,164945.85300841136,0.5605,2.6256065,0.4654198885989554
5,2,164950.85300919367,0.5605,2.625912,0.4661981837690175
5,2,164955.85300997598,0.5605,2.626141,0.4669764799809754
5,2,164960.8530107583,0.5605,2.626752,0.4677547769355311
5,2,164965.8530115406,0.5605,2.6271527,0.46853307057998583
5,2,164970.8530123229,0.5605,2.627649,0.46931136329881684
5,2,164975.85301310522,0.5605,2.62805,0.47008966010938424
5,2,164980.85301388754,0.5605,2.6286228,0.4708679572531184
5,2,164985.85301466985,0.5605,2.6291192,0.4716462523984877
5,2,164990.85301545216,0.5605,2.6296728,0.4724245478561389
5,2,164995.85301623447,0.5605,2.6300735,0.4732028408301242
5,2,165000.85301701678,0.5605,2.6303027,0.4739811348876888
5,2,165005.8530177991,0.5605,2.630799,0.4747594292932982
5,2,165010.8530185814,0.5605,2.6312764,0.47553772299934105
5,2,165015.8530193637,0.5605,2.631639,0.476316015170263
5,2,165020.85302014602,0.5605,2.6322498,0.4770943083748024
5,2,165025.85302092833,0.5605,2.6325552,0.47787260266050374
5,2,165030.85302171065,0.5605,2.6331854,0.47865089356155205
5,2,165035.85302249296,0.5605,2.633567,0.4794291863522828
5,2,165040.85302327527,0.5605,2.6339872,0.48020748098493954
5,2,165045.85302405758,0.5605,2.6344833,0.48098577827987743
5,2,165050.8530248399,0.5605,2.6348271,0.48176407384436337
5,2,165055.8530256222,0.5605,2.6353998,0.48254236817990087
5,2,165060.8530264045,0.5605,2.6357052,0.48332066071716623
5,2,165065.85302718682,0.5605,2.6360679,0.4840989522880383
5,2,165070.85302796913,0.5605,2.6366215,0.4848772443254227
5,2,165075.85302875144,0.5605,2.6370606,0.4856555378922457
5,2,165080.85302953376,0.5605,2.637538,0.48643383087656245
5,2,165085.85303031607,0.5605,2.6378624,0.48721212503929945
5,2,165090.85303109838,0.5605,2.6383588,0.4879904160234532
5,2,165095.8530318807,0.5605,2.6389887,0.4887687093471787
5,2,165100.853032663,0.5605,2.6391988,0.48954700188767597
5,2,165105.8530334453,0.5605,2.6397905,0.49032529576502926
5,2,165110.85303422762,0.5605,2.640287,0.49110358954004135
5,2,165115.85303500993,0.5605,2.6407833,0.49188188707232827
5,2,165120.85303579224,0.5605,2.6412222,0.49266018368428965
5,2,165125.85303657455,0.5605,2.6416233,0.49343847753121806
5,2,165130.85303735686,0.5605,2.642215,0.4942167675512468
5,2,165135.85303813918,0.5605,2.6425967,0.4949950568235287
5,2,165140.8530389215,0.5605,2.643093,0.4957733475440345
5,2,165145.8530397038,0.5605,2.643475,0.4965516398110491
5,2,165150.8530404861,0.5605,2.644086,0.49732992937929454
5,2,165155.85304126842,0.5605,2.6444104,0.4981082208480705
5,2,165160.85304205073,0.5605,2.6448686,0.4988865150084465
5,2,165165.85304283304,0.5605,2.6450977,0.49966480990843004
5,2,165170.85304361535,0.5605,2.6450021,0.5004431027661366
5,2,165175.85304439766,0.5605,2.6458995,0.5012213993962178
5,2,165180.85304517997,0.5605,2.6462812,0.5019996956519786
5,2,165185.85304596229,0.5605,2.6467013,0.5027779945111841
5,2,165190.8530467446,0.5605,2.6473503,0.503556292300324
5,2,165195.8530475269,0.5605,2.6479802,0.5043345889641083
5,2,165200.85304830922,0.5605,2.6482666,0.5051128814097977
5,2,165205.85304909153,0.5605,2.6486485,0.5058911761938039
5,2,165210.85304987384,0.5605,2.6488392,0.5066694729184743
5,2,165215.85305065615,0.5605,2.6495266,0.5074477721134858
5,2,165220.85305143846,0.5605,2.6500802,0.5082260722323825
5,2,165225.85305222077,0.5605,2.6504428,0.5090043689703779
5,2,165230.85305300308,0.5605,2.6505384,0.5097826616242466
5,2,165235.8530537854,0.5605,2.6505003,0.5105609569653475
5,2,165240.8530545677,0.5605,2.6509392,0.51133925455409
5,2,165245.85305535002,0.5605,2.6514165,0.5121175500195925
5,2,165250.85305613233,0.5605,2.652581,0.512895845190095
5,2,165255.85305691464,0.5605,2.6529248,0.5136741417163946
5,2,165260.85305769695,0.5605,2.6532683,0.5144524383726753
5,2,165265.85305847926,0.5605,2.6533446,0.5152307371667727
5,2,165270.85305926157,0.5605,2.6535165,0.5160090366308362
5,2,165275.85306004388,0.5605,2.653669,0.516787334790111
5,2,165280.8530608262,0.5605,2.6549864,0.5175656343991495
5,2,165285.8530616085,0.5605,2.6549482,0.5183439345231424
5,2,165290.85306239082,0.5605,2.6553683,0.5191222356667787
5,2,165295.85306317313,0.5605,2.6558836,0.5199005351007154
5,2,165300.85306395544,0.5605,2.6561317,0.520678833304942
5,2,165305.85306473775,0.5605,2.6567237,0.521457132940902
5,2,165310.85306552006,0.5605,2.6572008,0.5222354312144057
5,2,165315.85306630237,0.5605,2.6577544,0.5230137263341019
5,2,165320.85306708468,0.5605,2.6580217,0.5237920275127427
5,2,165325.853067867,0.5605,2.658499,0.5245703311495452
5,2,165330.8530686493,0.5605,2.6588616,0.5253486360664238
5,2,165335.8530694316,0.5605,2.659568,0.5261269394782221
5,2,165340.85307021393,0.5605,2.6600072,0.5269052423877653
5,2,165345.85307099624,0.5605,2.660427,0.5276835456121136
5,2,165350.85307177855,0.5605,2.661038,0.5284618518854813
5,2,165355.85307256086,0.5605,2.6613626,0.5292401576112115
5,2,165360.85307334317,0.5605,2.661878,0.5300184628828668
5,2,165365.85307412548,0.5605,2.6621263,0.5307967665840556
5,2,165370.8530749078,0.5605,2.6628897,0.5315750697157717
5,2,165375.8530756901,0.5605,2.663348,0.5323533741427663
5,2,165380.8530764724,0.5605,2.6637106,0.5331316784656613
5,2,165385.85307725472,0.5605,2.6639779,0.5339099830849968
5,2,165390.85307803703,0.5605,2.664608,0.5346882871213227
5,2,165395.85307881935,0.5605,2.6649516,0.5354665873389909
5,2,165400.85307960166,0.5605,2.6654289,0.5362448870740932
5,2,165405.85308038397,0.5605,2.6657724,0.5370231884596184
5,2,165410.85308116628,0.5605,2.6662116,0.5378014892814195
5,2,165415.8530819486,0.5605,2.6666887,0.5385797921260465
5,2,165420.8530827309,0.5605,2.667166,0.539358094200512
5,2,165425.8530835132,0.5605,2.6674142,0.5401363949785168
5,2,165430.85308429552,0.5605,2.668006,0.540914694812116
5,2,165435.85308507783,0.5605,2.6684833,0.5416929979229472
5,2,165440.85308586014,0.5605,2.668884,0.5424712983747524
5,2,165445.85308664246,0.5605,2.669247,0.5432495955135559
5,2,165450.85308742477,0.5605,2.6695523,0.5440278976810742
5,2,165455.85308820708,0.5605,2.670144,0.5448061994928884
5,2,165460.8530889894,0.5605,2.6707358,0.5455845005198056
5,2,165465.8530897717,0.5605,2.6711369,0.5463628003777432
5,2,165470.853090554,0.5605,2.672206,0.5471411026816435
5,2,165475.85309133632,0.5605,2.6725876,0.5479194051878453
5,2,165480.85309211863,0.5605,2.6730268,0.5486977085133262
5,2,165485.85309290094,0.5605,2.6734085,0.5494760121878419
5,2,165490.85309368325,0.5605,2.6734657,0.5502543142758409
5,2,165495.85309446556,0.5605,2.673752,0.5510326164467434
5,2,165500.85309524788,0.5605,2.674325,0.551810916131503
5,2,165505.8530960302,0.5605,2.6749167,0.552589216746413
5,2,165510.8530968125,0.5605,2.675165,0.5533675152690676
5,2,165515.8530975948,0.5605,2.6758711,0.5541458141225742
5,2,165520.85309837712,0.5605,2.6761575,0.5549241153576309
5,2,165525.85309915943,0.5605,2.6769593,0.5557024146002102
5,2,165530.85309994174,0.5605,2.6773221,0.5564807168594534
5,2,165535.85310072405,0.5605,2.6775894,0.5572590168391236
5,2,165540.85310150636,0.5605,2.678162,0.5580373137113983
5,2,165545.85310228867,0.5605,2.6785629,0.5588156129624812
5,2,165550.853103071,0.5605,2.679193,0.5595939139705136
5,2,165555.8531038533,0.5605,2.679441,0.56037221510812
5,2,165560.8531046356,0.5605,2.6797848,0.5611505153531533
5,2,165565.85310541792,0.5605,2.6803575,0.5619288186816873
5,2,165570.85310620023,0.5605,2.6811402,0.5627071213356788
5,2,165575.85310698254,0.5605,2.6815982,0.5634854255560936
5,2,165580.85310776485,0.5605,2.6821136,0.5642637290847203
5,2,165585.85310854716,0.5605,2.6824384,0.5650420323245063
5,2,165590.85310932947,0.5605,2.6825147,0.5658203360889522
5,2,165595.85311011178,0.5605,2.6830873,0.5665986422977151
5,2,165600.8531108941,0.5605,2.683431,0.5673769510453278
5,2,165605.8531116764,0.5605,2.684481,0.5681552607206936
5,2,165610.85311245872,0.5605,2.68492,0.5689335689905685
5,2,165615.85311324103,0.5605,2.6854165,0.5697118785329496
5,2,165620.85311402334,0.5605,2.6858935,0.5704901828491192
5,2,165625.85311480565,0.5605,2.6862564,0.571268488481227
5,2,165630.85311558796,0.5605,2.6869054,0.5720467954423528
5,2,165635.85311637027,0.5605,2.68744,0.5728251027287743
5,2,165640.85311715258,0.5605,2.6878026,0.5736034078424442
5,2,165645.8531179349,0.5605,2.6883562,0.5743817153213986
5,2,165650.8531187172,0.5605,2.6888525,0.5751600248652433
5,2,165655.85311949952,0.5605,2.6893299,0.5759383327841661
5,2,165660.85312028183,0.5605,2.6897116,0.576716638802406
5,2,165665.85312106414,0.5605,2.690418,0.57749494572813
5,2,165670.85312184645,0.5605,2.6908953,0.578273251638704
5,2,165675.85312262876,0.5605,2.691659,0.5790515591066547
5,2,165680.85312341107,0.5605,2.692728,0.5798298672525719
5,2,165685.85312419338,0.5605,2.6930525,0.5806081761643889
5,2,165690.8531249757,0.5605,2.6934533,0.581386482474771
5,2,165695.853125758,0.5605,2.6943314,0.5821647868795695
5,2,165700.8531265403,0.5605,2.6949615,0.5829430932160387
5,2,165705.85312732263,0.5605,2.695496,0.5837213972751666
5,2,165710.85312810494,0.5605,2.6960306,0.5844997019194003
5,2,165715.85312888725,0.5605,2.6964886,0.5852780065266261
5,2,165720.85312966956,0.5605,2.697004,0.5860563128869933
5,2,165725.85313045187,0.5605,2.6974242,0.5868346180739504
5,2,165730.85313123418,0.5605,2.6979778,0.5876129213409724
5,2,165735.8531320165,0.5605,2.6987033,0.5883912250308099
5,2,165740.8531327988,0.5605,2.6991231,0.5891695259427596
5,2,165745.8531335811,0.5605,2.6998868,0.5899478296129971
5,2,165750.85313436342,0.5605,2.7002494,0.5907261353982756
5,2,165755.85313514573,0.5605,2.7006505,0.5915044387385451
5,2,165760.85313592805,0.5605,2.7012804,0.5922827438076043
5,2,165765.85313671036,0.5605,2.7017195,0.5930610470403636
5,2,165770.85313749267,0.5605,2.7024832,0.5938393504546388
5,2,165775.85313827498,0.5605,2.7029603,0.594617655216171
5,2,165780.8531390573,0.5605,2.7035522,0.5953959591754281
5,2,165785.8531398396,0.5605,2.7040102,0.5961742630258438
5,2,165790.8531406219,0.5605,2.704621,0.5969525684045888
5,2,165795.85314140422,0.5605,2.7052512,0.5977308731083708
5,2,165800.85314218653,0.5605,2.705843,0.5985091759415372
5,2,165805.85314296884,0.5605,2.7063394,0.5992874782384472
5,2,165810.85314375116,0.5605,2.7069883,0.6000657780677514
5,2,165815.85314453347,0.5605,2.7075038,0.6008440777624485
5,2,165820.85314531578,0.5605,2.7082102,0.6016223791516097
5,2,165825.8531460981,0.5605,2.7085729,0.6024006838909922
5,2,165830.8531468804,0.5605,2.7090693,0.6031789882987676
5,2,165835.8531476627,0.5605,2.7097564,0.6039572915147514
5,2,165840.85314844502,0.5605,2.7103865,0.604735597315686
5,2,165845.85314922733,0.5605,2.7107491,0.605513897940146
5,2,165850.85315000964,0.5605,2.7110546,0.6062921990247074
5,2,165855.85315079195,0.5605,2.7118564,0.6070705016625991
5,2,165860.85315157427,0.5605,2.7125056,0.6078488050920073
5,2,165865.85315235658,0.5605,2.7131355,0.6086271118846011
5,2,165870.8531531389,0.5605,2.7137082,0.6094054185388722
5,2,165875.8531539212,0.5605,2.7140899,0.6101837222217426
5,2,165880.8531547035,0.5605,2.7142427,0.6109620260071097
5,2,165885.85315548582,0.5605,2.7131927,0.6117403300011428
5,2,165890.85315626813,0.5605,2.7137272,0.6125186342171072
5,2,165895.85315705044,0.5605,2.7139754,0.6132969356528823
5,2,165900.85315783275,0.5605,2.7145863,0.6140752361750045
5,2,165905.85315861506,0.5605,2.7168007,0.6148535406189533
5,2,165910.85315939737,0.5605,2.7176409,0.6156318438082177
5,2,165915.8531601797,0.5605,2.7185,0.6164101461385593
5,2,165920.853160962,0.5605,2.718977,0.617188450999436
5,2,165925.8531617443,0.5605,2.7197025,0.6179667531620369
5,2,165930.85316252615,0.5605,2.7203133,0.6187450541792815
5,2,165935.85316330846,0.5605,2.7205997,0.6195233556250769
5,2,165940.85316409077,0.5605,2.7215543,0.6203016608430715
5,2,165945.8531648731,0.5605,2.7222798,0.6210799694518352
5,2,165950.8531656554,0.5605,2.7227569,0.621858275318878
5,2,165955.8531664377,0.5605,2.723387,0.6226365774563887
5,2,165960.85316722002,0.5605,2.724227,0.6234148825133216
5,2,165965.85316800233,0.5605,2.7247233,0.6241931875218224
5,2,165970.85316878464,0.5605,2.725315,0.6249714936850771
5,2,165975.85316956695,0.5605,2.7259831,0.6257497982457252
5,2,165980.85317034926,0.5605,2.7264795,0.6265281007171708
5,2,165985.85317113157,0.5605,2.727224,0.6273064023788344
5,2,165990.85317191388,0.5605,2.7276442,0.6280847080481322
5,2,165995.8531726962,0.5605,2.7283313,0.6288630178128221
5,2,166000.8531734785,0.5605,2.7290568,0.6296413225009346
5,2,166005.85317426082,0.5605,2.7295148,0.6304196281762061
5,2,166010.85317504313,0.5605,2.7301831,0.6311979339324273
5,2,166015.85317582544,0.5605,2.7309277,0.6319762441162902
5,2,166020.85317660775,0.5605,2.731634,0.6327545539351243
5,2,166025.85317739006,0.5605,2.7321684,0.6335328620282714
5,2,166030.85317817237,0.5605,2.7326648,0.6343111701067392
5,2,166035.85317895468,0.5605,2.7334094,0.6350894790735514
5,2,166040.853179737,0.5605,2.7341347,0.6358677885159093
5,2,166045.8531805193,0.5605,2.7350512,0.6366460936141648
5,2,166050.85318130162,0.5605,2.735662,0.6374244001707936
5,2,166055.85318208393,0.5605,2.7363875,0.6382027038284942
5,2,166060.85318286624,0.5605,2.7368264,0.6389810090669364
5,2,166065.85318364855,0.5605,2.7375138,0.6397593137052924
5,2,166070.85318443086,0.5605,2.738201,0.6405376169512276
5,2,166075.85318521317,0.5605,2.738831,0.641315921896309
5,2,166080.85318599548,0.5605,2.7394228,0.6420942257778616
5,2,166085.8531867778,0.5605,2.7401292,0.6428725285379858
5,2,166090.8531875601,0.5605,2.7407591,0.6436508324683016
5,2,166095.85318834241,0.5605,2.7414656,0.6444291397333846
5,2,166100.85318912473,0.5605,2.7420764,0.6452074457393824
5,2,166105.85318990704,0.5605,2.7426872,0.645985750871331
5,2,166110.85319068935,0.5605,2.7433555,0.6467640580399836
5,2,166115.85319147166,0.5605,2.7440045,0.6475423636677203
5,2,166120.85319225397,0.5605,2.7449207,0.6483206663940719
5,2,166125.85319303628,0.5605,2.7455318,0.6490989683985086
5,2,166130.8531938186,0.5605,2.7461236,0.6498772730244667
5,2,166135.8531946009,0.5605,2.7468107,0.6506555785663828
5,2,166140.8531953832,0.5605,2.7476697,0.6514338858370388
5,2,166145.85319616552,0.5605,2.7482617,0.6522121924969789
5,2,166150.85319694784,0.5605,2.7490635,0.6529905006368131
5,2,166155.85319773015,0.5605,2.7497125,0.6537688073347446
5,2,166160.85319851246,0.5605,2.7503042,0.6545471157802611
5,2,166165.85319929477,0.5605,2.7509725,0.6553254239713817
5,2,166170.85320007708,0.5605,2.7519841,0.6561037324580851
5,2,166175.8532008594,0.5605,2.7525377,0.6568820412803096
5,2,166180.8532016417,0.5605,2.7533014,0.6576603485876092
5,2,166185.853202424,0.5605,2.753855,0.6584386565295692
5,2,166190.85320320632,0.5605,2.7547905,0.6592169648209151
5,2,166195.85320398863,0.5605,2.7555733,0.6599952761387927
5,2,166200.85320477095,0.5605,2.756184,0.6607735867084565
5,2,166205.85320555326,0.5605,2.756986,0.6615518967090749
5,2,166210.85320633557,0.5605,2.757654,0.6623302100052009
5,2,166215.85320711788,0.5605,2.7583604,0.6631085231814354
5,2,166220.8532079002,0.5605,2.7592957,0.6638868359341061
5,2,166225.8532086825,0.5605,2.7598686,0.664665143718531
5,2,166230.8532094648,0.5605,2.760651,0.6654434524793661
5,2,166235.85321024712,0.5605,2.7614913,0.6662217603010969
5,2,166240.85321102943,0.5605,2.7622356,0.6670000659060978
5,2,166245.85321181174,0.5605,2.7628849,0.6677783631292155
5,2,166250.85321259405,0.5605,2.763572,0.6685566712696688
5,2,166255.85321337637,0.5605,2.7646601,0.6693349789252284
5,2,166260.85321415868,0.5605,2.7650611,0.6701132851243088
5,2,166265.853214941,0.5605,2.7659583,0.670891589035094
5,2,166270.8532157233,0.5605,2.7666264,0.6716698950939645
5,2,166275.8532165056,0.5605,2.7672946,0.6724482026193906
5,2,166280.85321728792,0.5605,2.7681918,0.6732265064827108
5,2,166285.85321807023,0.5605,2.7689745,0.6740048092607197
5,2,166290.85321885254,0.5605,2.7695663,0.674783116574695
5,2,166295.85321963485,0.5605,2.7704446,0.675561425163339
5,2,166300.85322041716,0.5605,2.7711508,0.6763397348789875
5,2,166305.85322119948,0.5605,2.7720482,0.6771180439785525
5,2,166310.8532219818,0.5605,2.7728307,0.6778963510211843
5,2,166315.8532227641,0.5605,2.7735372,0.6786746573996979
5,2,166320.8532235464,0.5605,2.7744153,0.6794529642312267
5,2,166325.85322432872,0.5605,2.7752934,0.6802312729530903
5,2,166330.85322511103,0.5605,2.7758088,0.6810095817211872
5,2,166335.85322589334,0.5605,2.7768207,0.6817878892946977
5,2,166340.85322667565,0.5605,2.777107,0.6825661985183694
5,2,166345.85322745796,0.5605,2.7776225,0.6833445076072717
5,2,166350.85322824027,0.5605,2.7787488,0.6841228148804543
5,2,166355.85322902258,0.5605,2.7797797,0.6849011231017117
5,2,166360.8532298049,0.5605,2.7805052,0.6856794320252045
5,2,166365.8532305872,0.5605,2.7814977,0.6864577390150002
5,2,166370.85323136952,0.5605,2.7822804,0.6872360464670431
5,2,166375.85323215183,0.5605,2.783044,0.688014356350674
5,2,166380.85323293414,0.5605,2.7838268,0.6887926651649976
5,2,166385.85323371645,0.5605,2.7846286,0.6895709747481549
5,2,166390.85323449876,0.5605,2.785335,0.6903492815619413
5,2,166395.85323528107,0.5605,2.7863276,0.6911275936634048
5,2,166400.85323606338,0.5605,2.787034,0.6919059052205918
5,2,166405.8532368457,0.5605,2.7878168,0.6926842177171811
5,2,166410.853237628,0.5605,2.7886949,0.6934625267499094
5,2,166415.85323841032,0.5605,2.789592,0.6942408319615163
5,2,166420.85323919263,0.5605,2.7903748,0.6950191321669921
5,2,166425.85323997494,0.5605,2.7911575,0.6957974358227058
5,2,166430.85324075725,0.5605,2.7921693,0.6965757360098564
5,2,166435.85324153956,0.5605,2.792914,0.6973540386225751
5,2,166440.85324232187,0.5605,2.7938874,0.6981323412489265
5,2,166445.85324310418,0.5605,2.7946892,0.698910643436972
5,2,166450.8532438865,0.5605,2.795491,0.6996889470203621
5,2,166455.8532446688,0.5605,2.7962737,0.7004672502737214
5,2,166460.85324545112,0.5605,2.7971137,0.7012455550008916
5,2,166465.85324623343,0.5605,2.797801,0.7020238600945012
5,2,166470.85324701574,0.5605,2.7986028,0.702802164572173
5,2,166475.85324779805,0.5605,2.7998054,0.7035804688913627
5,2,166480.85324858036,0.5605,2.800378,0.7043587726639612
5,2,166485.85324936267,0.5605,2.8012753,0.7051370777801775
5,2,166490.85325014498,0.5605,2.8021345,0.7059153829045101
5,2,166495.8532509273,0.5605,2.803108,0.7066936839554114
5,2,166500.8532517096,0.5605,2.8037953,0.7074719883092678
5,2,166505.8532524919,0.5605,2.804578,0.7082502932098214
5,2,166510.85325327422,0.5605,2.8056087,0.7090285977663501
5,2,166515.85325405654,0.5605,2.8065252,0.7098069009454022
5,2,166520.85325483885,0.5605,2.807327,0.7105852070995043
5,2,166525.85325562116,0.5605,2.807995,0.7113635127948394
5,2,166530.85325640347,0.5605,2.8089116,0.7121418178771507
5,2,166535.85325718578,0.5605,2.8098087,0.7129201207503548
5,2,166540.8532579681,0.5605,2.810496,0.7136984248086914
5,2,166545.8532587504,0.5605,2.8116033,0.7144767272510798
5,2,166550.8532595327,0.5605,2.8124242,0.7152550288272074
5,2,166555.85326031502,0.5605,2.8132832,0.7160333296078746
5,2,166560.85326109733,0.5605,2.8142567,0.7168116260694071
5,2,166565.85326187965,0.5605,2.814963,0.7175899258647234
5,2,166570.85326266196,0.5605,2.8160512,0.7183682270652821
5,2,166575.85326344427,0.5605,2.8169103,0.7191465247186493
5,2,166580.85326422658,0.5605,2.8178267,0.7199248202803901
5,2,166585.8532650089,0.5605,2.818533,0.7207031155866753
5,2,166590.8532657912,0.5605,2.8195066,0.7214814121162862
5,2,166595.8532665735,0.5605,2.8204038,0.7222597086947432
5,2,166600.85326735582,0.5605,2.8213966,0.7230380049518251
5,2,166605.85326813813,0.5605,2.8225992,0.7238163013270766
5,2,166610.85326892044,0.5605,2.8233056,0.7245946012969783
5,2,166615.85326970275,0.5605,2.8242981,0.7253729030614599
5,2,166620.85327048507,0.5605,2.8252718,0.7261512062945435
5,2,166625.85327126738,0.5605,2.82615,0.7269295047374106
5,2,166630.8532720497,0.5605,2.8270473,0.7277078022580779
5,2,166635.853272832,0.5605,2.8279636,0.7284860982099112
5,2,166640.8532736143,0.5605,2.8288417,0.7292643955407012
5,2,166645.85327439662,0.5605,2.8298726,0.7300426935956149
5,2,166650.85327517893,0.5605,2.831018,0.7308209897622104
5,2,166655.85327596124,0.5605,2.8317626,0.731599288263851
5,2,166660.85327674355,0.5605,2.8328125,0.7323775838476256
5,2,166665.85327752586,0.5605,2.8336906,0.7331558819916184
5,2,166670.85327830818,0.5605,2.835027,0.7339341818958854
5,2,166675.8532790905,0.5605,2.8357906,0.7347124807593527
5,2,166680.8532798728,0.5605,2.8367643,0.7354907804442018
5,2,166685.8532806551,0.5605,2.837776,0.7362690747936139
5,2,166690.85328143742,0.5605,2.838845,0.7370473682553308
5,2,166695.85328221973,0.5605,2.839895,0.7378256639370955
5,2,166700.85328300204,0.5605,2.8409832,0.738603955237379
5,2,166705.85328378435,0.5605,2.8418996,0.73938224733759
5,2,166710.85328456666,0.5605,2.8429878,0.7401605369801293
5,2,166715.85328534897,0.5605,2.8441331,0.7409388188019266
5,2,166720.85328613129,0.5605,2.8453166,0.7417171021184825
5,2,166725.8532869136,0.5605,2.8461757,0.7424953852789207
5,2,166730.8532876959,0.5605,2.8472638,0.7432736671877672
5,2,166735.85328847822,0.5605,2.848333,0.744051950029751
5,2,166740.85328926053,0.5605,2.8495739,0.744830231914971
5,2,166745.85329004284,0.5605,2.850872,0.745608513497502
5,2,166750.85329082515,0.5605,2.851731,0.7463867956839307
5,2,166755.85329160746,0.5605,2.852781,0.7471650772531633
5,2,166760.85329238977,0.5605,2.8541365,0.74794335980423
5,2,166765.85329317208,0.5605,2.8552437,0.7487216415358255
5,2,166770.8532939544,0.5605,2.85658,0.7494999230354631
5,2,166775.8532947367,0.5605,2.8578017,0.7502782045168086
5,2,166780.85329551902,0.5605,2.8587945,0.7510564863740872
5,2,166785.85329630133,0.5605,2.8602643,0.7518347674482468
5,2,166790.85329708364,0.5605,2.8614862,0.7526130483049324
5,2,166795.85329786595,0.5605,2.8627653,0.7533913299804036
5,2,166800.85329864826,0.5605,2.8641398,0.7541696119167709
5,2,166805.85329943057,0.5605,2.8654761,0.7549478958148397
5,2,166810.85330021288,0.5605,2.8668315,0.7557261791135341
5,2,166815.8533009952,0.5605,2.8683014,0.7565044639342762
5,2,166820.8533017775,0.5605,2.8696187,0.7572827490159774
5,2,166825.85330255982,0.5605,2.8710694,0.7580610358058351
5,2,166830.85330334213,0.5605,2.8725777,0.7588393229221143
5,2,166835.85330412444,0.5605,2.8741813,0.759617618556288
5,2,166840.85330490675,0.5605,2.875804,0.7603959171809624
5,2,166845.85330568906,0.5605,2.8774266,0.7611742154161504
5,2,166850.85330647137,0.5605,2.8789728,0.7619525112582648
5,2,166855.85330725368,0.5605,2.8807673,0.7627308072272908
5,2,166860.853308036,0.5605,2.8823328,0.7635091013930843
5,2,166865.8533088183,0.5605,2.8841271,0.7642873946136275
5,2,166870.8533096006,0.5605,2.8860364,0.7650656878365284
5,2,166875.85331038292,0.5605,2.8875825,0.7658439790540343
5,2,166880.85331116524,0.5605,2.8894153,0.7666222691750797
5,2,166885.85331194755,0.5605,2.8913052,0.767400558309198
5,2,166890.85331272986,0.5605,2.8932714,0.768178847432508
5,2,166895.85331351217,0.5605,2.8951995,0.7689571371178566
5,2,166900.85331429448,0.5605,2.8973758,0.7697354265132651
5,2,166905.8533150768,0.5605,2.8993995,0.7705137136972784
5,2,166910.8533158591,0.5605,2.901404,0.771292006332759
5,2,166915.8533166414,0.5605,2.903542,0.7720703004369642
5,2,166920.85331742372,0.5605,2.9056802,0.7728485967054903
5,2,166925.85331820603,0.5605,2.9080474,0.7736268916825824
5,2,166930.85331898835,0.5605,2.9100518,0.7744051855234874
5,2,166935.85331977066,0.5605,2.9125526,0.7751834774649712
5,2,166940.85332055297,0.5605,2.914958,0.7759617712996045
5,2,166945.85332133528,0.5605,2.9173062,0.7767400676353182
5,2,166950.8533221176,0.5605,2.9198835,0.7775183617853793
5,2,166955.8533228999,0.5605,2.9224033,0.7782966585700517
5,2,166960.8533236822,0.5605,2.924866,0.779074956211233
5,2,166965.85332446452,0.5605,2.9275577,0.7798532485120003
5,2,166970.85332524683,0.5605,2.9301922,0.7806315417602332
5,2,166975.85332602914,0.5605,2.9330366,0.7814098350985353
5,2,166980.85332681146,0.5605,2.9358237,0.7821881255099977
5,2,166985.85332759377,0.5605,2.938401,0.7829664164171125
5,2,166990.85332837608,0.5605,2.9414363,0.7837447041301137
5,2,166995.8533291584,0.5605,2.9440327,0.7845229908032456
5,2,167000.8533299407,0.5605,2.9468389,0.7853012772765662
5,2,167005.853330723,0.5605,2.9497406,0.7860795656682092
5,2,167010.85333150532,0.5605,2.952776,0.7868578551768831
5,2,167015.85333228763,0.5605,2.9553723,0.7876361423423759
5,2,167020.85333306994,0.5605,2.9581785,0.7884144283150009
5,2,167025.85333385225,0.5605,2.9610229,0.7891927175800342
5,2,167030.85333463456,0.5605,2.9638674,0.7899710075550548
5,2,167035.85333541688,0.5605,2.9665782,0.7907492976786201
5,2,167040.8533361992,0.5605,2.969289,0.7915275851617825
5,2,167045.8533369815,0.5605,2.9719236,0.7923058728943009
5,2,167050.8533377638,0.5605,2.9746153,0.7930841615136006
5,2,167055.85333854612,0.5605,2.9772305,0.7938624495871073
5,2,167060.85333932843,0.5605,2.979674,0.7946407370604515
5,2,167065.85334011074,0.5605,2.9820223,0.7954190248537467
5,2,167070.85334089305,0.5605,2.984504,0.7961973143341415
5,2,167075.85334167536,0.5605,2.986833,0.796975604487198
5,2,167080.85334245767,0.5605,2.9890666,0.7977538909298056
5,2,167085.85334323999,0.5605,2.9913576,0.7985321785272268
5,2,167090.8533440223,0.5605,2.9935148,0.7993104686805647
5,2,167095.8533448046,0.5605,2.9957483,0.800088753566544
5,2,167100.85334558692,0.5605,2.9978673,0.800867038410757
5,2,167105.85334636923,0.5605,2.999948,0.801645323005316
5,2,167105.93774638147,0.5605,3.0000627,0.8016584604538487
5,2,167105.93794638148,0.5605,2.9999099,0.8016584915821857
