cycle_number,half_cycle,time_s,current_mA,voltage_V,capacity_mAh
0,0,224845.21618036856,0.0,2.9303524,0.0
0,0,224846.21618052502,0.0,2.8956158,0.0
0,0,224847.21618068148,0.0,2.8793147,0.0
0,0,224848.21618083795,0.0,2.866583,0.0
0,0,224849.2161809944,0.0,2.8554928,0.0
0,0,224850.21618115087,0.0,2.8460443,0.0
0,0,224851.21618130733,0.0,2.8372638,0.0
0,0,224852.2161814638,0.0,2.8290942,0.0
0,0,224853.21618162026,0.0,2.8214972,0.0
0,0,224854.21618177672,0.0,2.8143773,0.0
1,1,224855.16798192658,-0.7195,2.807582,0.0
1,1,224855.16838192637,-0.7195,2.7178235,-7.965996861457824e-08
1,1,224860.16838270868,-0.7195,2.3962736,-0.0009996485953066084
1,1,224865.168383491,-0.7195,2.2839215,-0.001999226158797741
1,1,224870.1683842733,-0.7195,2.198159,-0.002998800907078716
1,1,224875.16838505561,-0.7195,2.1303966,-0.00399837781637907
1,1,224880.16838583793,-0.7195,2.0800042,-0.004997958291964398
1,1,224885.16838662024,-0.7195,2.040282,-0.005997541530112425
1,1,224890.16838740255,-0.7195,2.004015,-0.006997125897248585
1,1,224895.16838818486,-0.7195,1.9689883,-0.007996710160209072
1,1,224900.16838896717,-0.7195,1.934229,-0.008996295404695803
1,1,224905.16838974948,-0.7195,1.9000424,-0.009995879156870975
1,1,224910.1683905318,-0.7195,1.8666384,-0.010995464531279274
1,1,224915.1683913141,-0.7195,1.8334444,-0.011995049693571198
1,1,224920.1683920964,-0.7195,1.8005176,-0.012994634713845122
1,1,224925.16839287872,-0.7195,1.7666936,-0.01399422086286545
1,1,224930.16839366104,-0.7195,1.7342249,-0.014993807596243091
1,1,224935.16839444335,-0.7195,1.7019088,-0.01599339700663752
1,1,224940.16839522566,-0.7195,1.6703373,-0.01699298484748933
1,1,224945.16839600797,-0.7195,1.6407509,-0.01799257323425677
1,1,224950.16839679028,-0.7195,1.6133596,-0.018992162294374573
1,1,224955.1683975726,-0.7195,1.5883925,-0.019991752876606254
1,1,224960.1683983549,-0.7195,1.566403,-0.020991345451924538
1,1,224965.1683991372,-0.7195,1.5474105,-0.021990936601612304
1,1,224970.16839991952,-0.7195,1.5317583,-0.022990526231272353
1,1,224975.16840070183,-0.7195,1.5191793,-0.02399011674325996
1,1,224980.16840148414,-0.7195,1.50828,-0.02498970956163605
1,1,224985.16840226646,-0.7195,1.4991179,-0.025989303561200695
1,1,224990.16840304877,-0.7195,1.4914063,-0.026988897330403324
1,1,224995.16840383108,-0.7195,1.4852408,-0.02798849345069461
1,1,225000.1684046134,-0.7195,1.4803925,-0.02898808950901031
1,1,225005.1684053957,-0.7195,1.4754869,-0.029987680929958817
1,1,225010.168406178,-0.7195,1.4720129,-0.030987273673408557
1,1,225015.16840696032,-0.7195,1.4688634,-0.03198686643667353
1,1,225020.16840774263,-0.7195,1.4660765,-0.03298645788320568
1,1,225025.16840852494,-0.7195,1.4639195,-0.03398604749581549
1,1,225030.16840930725,-0.7195,1.4617817,-0.03498563912731078
1,1,225035.16841008957,-0.7195,1.4601783,-0.035985230303171606
1,1,225040.16841087188,-0.7195,1.4587085,-0.03698482200639446
1,1,225045.1684116542,-0.7195,1.4576586,-0.037984413248731023
1,1,225050.1684124365,-0.7195,1.4565325,-0.03898400164901879
1,1,225055.1684132188,-0.7195,1.4553299,-0.039983591708928345
1,1,225060.16841400112,-0.7195,1.4544137,-0.04098318185860912
1,1,225065.16841478343,-0.7195,1.453631,-0.04198276933126979
1,1,225070.16841556574,-0.7195,1.4528867,-0.04298235838577814
1,1,225075.16841634805,-0.7195,1.4524858,-0.04398194881172975
1,1,225080.16841713036,-0.7195,1.4519705,-0.04498153853829702
1,1,225085.16841791268,-0.7195,1.4515314,-0.045981126396622926
1,1,225090.168418695,-0.7195,1.4510351,-0.046980713423417676
1,1,225095.1684194773,-0.7195,1.4510351,-0.04798030312342445
1,1,225100.1684202596,-0.7195,1.4506342,-0.048979892104162114
1,1,225105.16842104192,-0.7195,1.450348,-0.04997948205936949
1,1,225110.16842182423,-0.7195,1.4500234,-0.050979070934782426
1,1,225115.16842260654,-0.7195,1.4501189,-0.05197865976673696
1,1,225120.16842338885,-0.7195,1.4496608,-0.052978248163627256
1,1,225125.16842417116,-0.7195,1.4496226,-0.053977836531135776
1,1,225130.16842495347,-0.7195,1.4493935,-0.05497742398174604
1,1,225135.16842573578,-0.7195,1.4494699,-0.05597700788343615
1,1,225140.1684265181,-0.7195,1.4492408,-0.05697659392391642
1,1,225145.1684273004,-0.7195,1.4493172,-0.05797617854182588
1,1,225150.16842808272,-0.7195,1.4492791,-0.05897576342829731
1,1,225155.16842886503,-0.7195,1.4493363,-0.05997535010449754
1,1,225160.16842964734,-0.7195,1.4492217,-0.06097493509777387
1,1,225165.16843042965,-0.7195,1.4488782,-0.06197452155713903
1,1,225170.16843121196,-0.7195,1.4491073,-0.0629741072240505
1,1,225175.16843199427,-0.7195,1.449069,-0.06397369434821275
1,1,225180.16843277658,-0.7195,1.4490309,-0.06497328009973301
1,1,225185.1684335589,-0.7195,1.4491073,-0.06597286647626427
1,1,225190.1684343412,-0.7195,1.4489927,-0.06697245397642586
1,1,225195.16843512352,-0.7195,1.4491264,-0.06797204001244903
1,1,225200.16843590583,-0.7195,1.4491454,-0.06897162723763121
1,1,225205.16843668814,-0.7195,1.4492217,-0.06997121394491196
1,1,225210.16843747045,-0.7195,1.4491645,-0.07097080262714293
1,1,225215.16843825276,-0.7195,1.4494127,-0.07197038967117998
1,1,225220.16843903507,-0.7195,1.4493744,-0.07296997961469823
1,1,225225.16843981738,-0.7195,1.4496036,-0.07396956947337256
1,1,225230.1684405997,-0.7195,1.4494127,-0.07496916249422562
1,1,225235.168441382,-0.7195,1.4495654,-0.07596875831083125
1,1,225240.16844216431,-0.7195,1.4495081,-0.07696835277915332
1,1,225245.16844294663,-0.7195,1.4496799,-0.07796794921392201
1,1,225250.16844372894,-0.7195,1.4498326,-0.0789675430228114
1,1,225255.16844451125,-0.7195,1.449928,-0.07996713556269473
1,1,225260.16844529356,-0.7195,1.4499662,-0.08096672932323813
1,1,225265.16844607587,-0.7195,1.4496036,-0.081966321541614
1,1,225270.16844685818,-0.7195,1.4498326,-0.08296591582334373
1,1,225275.1684476405,-0.7195,1.4499853,-0.0839655094296866
1,1,225280.1684484228,-0.7195,1.4498707,-0.0849651030312876
1,1,225285.1684492051,-0.7195,1.4500234,-0.08596469599067172
1,1,225290.16844998742,-0.7195,1.4500234,-0.08696428877297707
1,1,225295.16845076974,-0.7195,1.4499471,-0.08796388551711044
1,1,225300.16845155205,-0.7195,1.449928,-0.0889634821574655
1,1,225305.16845233436,-0.7195,1.449909,-0.0899630781823463
1,1,225310.16845311667,-0.7195,1.4499853,-0.09096267288509344
1,1,225315.16845389898,-0.7195,1.449928,-0.09196226688874763
1,1,225320.1684546813,-0.7195,1.450138,-0.09296186039824621
1,1,225325.1684554636,-0.7195,1.450157,-0.0939614544982778
1,1,225330.1684562459,-0.7195,1.4502716,-0.09496104714985691
1,1,225335.16845702822,-0.7195,1.4502144,-0.0959606406155262
1,1,225340.16845781053,-0.7195,1.450138,-0.09696023416705597
1,1,225345.16845859285,-0.7195,1.4501189,-0.0979598269675871
1,1,225350.16845937516,-0.7195,1.450138,-0.09895942012843492
1,1,225355.16846015747,-0.7195,1.4503098,-0.09995901631113227
1,1,225360.16846093978,-0.7195,1.4500998,-0.1009586141059697
1,1,225365.1684617221,-0.7195,1.4498516,-0.10195820907435817
1,1,225370.16846250393,-0.7195,1.4501189,-0.1029578050493532
1,1,225375.16846328625,-0.7195,1.4503098,-0.10395740278078122
1,1,225380.16846406856,-0.7195,1.4500043,-0.10495699783958333
1,1,225385.16846485087,-0.7195,1.4500043,-0.10595659454727839
1,1,225390.16846563318,-0.7195,1.4500426,-0.1069561916679343
1,1,225395.1684664155,-0.7195,1.4499471,-0.10795578741470645
1,1,225400.1684671978,-0.7195,1.4500426,-0.1089553849473331
1,1,225405.1684679801,-0.7195,1.4496989,-0.10995498334802525
1,1,225410.16846876242,-0.7195,1.4499471,-0.11095458372782009
1,1,225415.16846954473,-0.7195,1.4497944,-0.11195418444047045
1,1,225420.16847032704,-0.7195,1.4496417,-0.1129537856448525
1,1,225425.16847110935,-0.7195,1.4497372,-0.11395338591632252
1,1,225430.16847189167,-0.7195,1.4496417,-0.11495298386249614
1,1,225435.16847267398,-0.7195,1.4498326,-0.1159525821435154
1,1,225440.1684734563,-0.7195,1.4498707,-0.1169521810603606
1,1,225445.1684742386,-0.7195,1.4497372,-0.11795178184286759
1,1,225450.1684750209,-0.7195,1.4494699,-0.11895138226423997
1,1,225455.16847580322,-0.7195,1.4496608,-0.11995098223069316
1,1,225460.16847658553,-0.7195,1.4497181,-0.12095058119839104
1,1,225465.16847736784,-0.7195,1.4497372,-0.12195017907624117
1,1,225470.16847815015,-0.7195,1.4498135,-0.12294977984769481
1,1,225475.16847893246,-0.7195,1.4497753,-0.12394938045048387
1,1,225480.16847971478,-0.7195,1.4498516,-0.12494898133000405
1,1,225485.1684804971,-0.7195,1.4496608,-0.12594858147028756
1,1,225490.1684812794,-0.7195,1.4497563,-0.12694818262958532
1,1,225495.1684820617,-0.7195,1.4496799,-0.12794778711849125
1,1,225500.16848284402,-0.7195,1.4497944,-0.12894738698551728
1,1,225505.16848362633,-0.7195,1.4495462,-0.1299469885698988
1,1,225510.16848440864,-0.7195,1.4496226,-0.1309465893949867
1,1,225515.16848519095,-0.7195,1.4494509,-0.1319461855611504
1,1,225520.16848597326,-0.7195,1.4493935,-0.1329457798637583
1,1,225525.16848675557,-0.7195,1.4494127,-0.13394537542928928
1,1,225530.16848753789,-0.7195,1.4492981,-0.1349449722753499
1,1,225535.1684883202,-0.7195,1.4491454,-0.13594456641380662
1,1,225540.1684891025,-0.7195,1.4489927,-0.13694416071741786
1,1,225545.16848988482,-0.7195,1.4489927,-0.137943754701078
1,1,225550.16849066713,-0.7195,1.4487445,-0.1389433488235077
1,1,225555.16849144944,-0.7195,1.4487636,-0.13994294530096327
1,1,225560.16849223175,-0.7195,1.4485918,-0.14094254758275226
1,1,225565.16849301406,-0.7195,1.4487828,-0.14194215151502368
1,1,225570.16849379637,-0.7195,1.4486492,-0.14294175478449475
1,1,225575.16849457868,-0.7195,1.4486492,-0.14394136018143772
1,1,225580.168495361,-0.7195,1.4484774,-0.1449409648143849
1,1,225585.1684961433,-0.7195,1.4486301,-0.14594056889176713
1,1,225590.16849692562,-0.7195,1.4482101,-0.14694017393575456
1,1,225595.16849770793,-0.7195,1.4483438,-0.147939773234447
1,1,225600.16849849024,-0.7195,1.4479429,-0.14893937016573894
1,1,225605.16849927255,-0.7195,1.4478856,-0.1499389662081435
1,1,225610.16850005486,-0.7195,1.4478856,-0.1509385639358396
1,1,225615.16850083717,-0.7195,1.4474275,-0.15193816271362715
1,1,225620.16850161948,-0.7195,1.4475038,-0.1529377577263019
1,1,225625.1685024018,-0.7195,1.4472939,-0.1539373500666984
1,1,225630.1685031841,-0.7195,1.4470266,-0.15493694266093122
1,1,225635.16850396642,-0.7195,1.4470266,-0.1559365354047353
1,1,225640.16850474873,-0.7195,1.446893,-0.1569361294629774
1,1,225645.16850553104,-0.7195,1.4469503,-0.15793572396365485
1,1,225650.16850631335,-0.7195,1.4467976,-0.15893531547775216
1,1,225655.16850709566,-0.7195,1.4467404,-0.15993490750031022
1,1,225660.16850787797,-0.7195,1.4463967,-0.16093450110274568
1,1,225665.16850866028,-0.7195,1.4463776,-0.16193409314211887
1,1,225670.1685094426,-0.7195,1.4460531,-0.16293368699664557
1,1,225675.1685102249,-0.7195,1.4458241,-0.16393328157195466
1,1,225680.1685110072,-0.7195,1.4458241,-0.1649328782300752
1,1,225685.16851178952,-0.7195,1.4456141,-0.16593247174742173
1,1,225690.16851257184,-0.7195,1.4455569,-0.16693206566529822
1,1,225695.16851335415,-0.7195,1.4455569,-0.16793165871710927
1,1,225700.16851413646,-0.7195,1.445156,-0.16893125260329594
1,1,225705.16851491877,-0.7195,1.4446406,-0.16993084643943127
1,1,225710.16851570108,-0.7195,1.444507,-0.17093044310117778
1,1,225715.1685164834,-0.7195,1.4441825,-0.17193003916840105
1,1,225720.1685172657,-0.7195,1.4441062,-0.17292963272287132
1,1,225725.168518048,-0.7195,1.4441444,-0.17392922765021868
1,1,225730.16851883032,-0.7195,1.4445453,-0.17492882454869166
1,1,225735.16851961263,-0.7195,1.4439344,-0.1759284227223166
1,1,225740.16852039495,-0.7195,1.4438008,-0.17692802207327565
1,1,225745.16852117726,-0.7195,1.443438,-0.17792762217645194
1,1,225750.16852195957,-0.7195,1.4435526,-0.1789272237511742
1,1,225755.16852274188,-0.7195,1.4435717,-0.17992682463853238
1,1,225760.1685235242,-0.7195,1.4431136,-0.1809264279040629
1,1,225765.1685243065,-0.7195,1.4430373,-0.18192603011186928
1,1,225770.1685250888,-0.7195,1.4424646,-0.18292563148944918
1,1,225775.16852587112,-0.7195,1.4425219,-0.18392523224222007
1,1,225780.16852665343,-0.7195,1.4424646,-0.18492483216550623
1,1,225785.16852743574,-0.7195,1.4422356,-0.18592443193773767
1,1,225790.16852821806,-0.7195,1.4422165,-0.18692403030654794
1,1,225795.16852900037,-0.7195,1.4419683,-0.18792362932524753
1,1,225800.16852978268,-0.7195,1.4419111,-0.18892323100806943
1,1,225805.168530565,-0.7195,1.441682,-0.18992283207378458
1,1,225810.1685313473,-0.7195,1.4415102,-0.19092243275088075
1,1,225815.1685321296,-0.7195,1.4411476,-0.19192203129192859
1,1,225820.16853291192,-0.7195,1.441033,-0.1929216320063174
1,1,225825.16853369423,-0.7195,1.4408994,-0.19392123399631184
1,1,225830.16853447654,-0.7195,1.4405558,-0.19492083431930676
1,1,225835.16853525885,-0.7195,1.440365,-0.19592043470544618
1,1,225840.16853604116,-0.7195,1.4399831,-0.19692003439593647
1,1,225845.16853682348,-0.7195,1.4397541,-0.19791963121748302
1,1,225850.1685376058,-0.7195,1.4395442,-0.19891922846664653
1,1,225855.1685383881,-0.7195,1.4392579,-0.19991882541022366
1,1,225860.1685391704,-0.7195,1.4394106,-0.2009184201524357
1,1,225865.16853995272,-0.7195,1.4391242,-0.20191801288692154
1,1,225870.16854073503,-0.7195,1.4385325,-0.20291760555193158
1,1,225875.16854151734,-0.7195,1.4387043,-0.20391719844756193
1,1,225880.16854229965,-0.7195,1.4383798,-0.2049167925496863
1,1,225885.16854308196,-0.7195,1.4379598,-0.20591638886542785
1,1,225890.16854386427,-0.7195,1.4376353,-0.20691598514373766
1,1,225895.16854464659,-0.7195,1.4376926,-0.20791558399356075
1,1,225900.1685454289,-0.7195,1.4373108,-0.20891518031989204
1,1,225905.1685462112,-0.7195,1.4371009,-0.20991477756385007
1,1,225910.16854699352,-0.7195,1.4367192,-0.21091437398876745
1,1,225915.16854777583,-0.7195,1.4363755,-0.21191396980336638
1,1,225920.16854855814,-0.7195,1.436261,-0.2129135649732583
1,1,225925.16854934045,-0.7195,1.4359938,-0.21391315869201555
1,1,225930.16855012276,-0.7195,1.435822,-0.2149127526025441
1,1,225935.16855090507,-0.7195,1.4354975,-0.21591234905552203
1,1,225940.16855168738,-0.7195,1.4353639,-0.21691194641841452
1,1,225945.1685524697,-0.7195,1.4350585,-0.2179115433376332
1,1,225950.168553252,-0.7195,1.4348294,-0.2189111417868634
1,1,225955.16855403432,-0.7195,1.4347149,-0.2199107390890287
1,1,225960.16855481663,-0.7195,1.4344667,-0.22091033323771755
1,1,225965.16855559894,-0.7195,1.4340659,-0.22190992634645437
1,1,225970.16855638125,-0.7195,1.4337796,-0.2229095185937054
1,1,225975.16855716356,-0.7195,1.4335314,-0.22390911212916842
1,1,225980.16855794587,-0.7195,1.4333596,-0.22490870405093172
1,1,225985.16855872818,-0.7195,1.4331878,-0.22590829707642401
1,1,225990.1685595105,-0.7195,1.4329396,-0.22690789004811648
1,1,225995.1685602928,-0.7195,1.4325198,-0.22790748346325096
1,1,226000.16856107512,-0.7195,1.4322907,-0.22890707805822297
1,1,226005.16856185743,-0.7195,1.4321953,-0.22990667191885913
1,1,226010.16856263974,-0.7195,1.4318326,-0.23090626447124618
1,1,226015.16856342205,-0.7195,1.4317753,-0.23190585766895616
1,1,226020.16856420436,-0.7195,1.4314508,-0.23290544882091221
1,1,226025.16856498667,-0.7195,1.43084,-0.2339050390586456
1,1,226030.16856576898,-0.7195,1.4308591,-0.23490463092648656
1,1,226035.1685665513,-0.7195,1.4303628,-0.23590422447871173
1,1,226040.1685673336,-0.7195,1.4301146,-0.2369038189025058
1,1,226045.1685681159,-0.7195,1.4298856,-0.2379034115113782
1,1,226050.168568898,-0.7195,1.4294847,-0.23890300057193642
1,1,226055.1685696803,-0.7195,1.4292939,-0.23990259269513362
1,1,226060.1685704626,-0.7195,1.4289122,-0.24090218243721795
1,1,226065.16857124493,-0.7195,1.4285686,-0.2419017736526364
1,1,226070.16857202724,-0.7195,1.4284159,-0.24290136372028462
1,1,226075.16857280955,-0.7195,1.4283586,-0.24390095402001677
1,1,226080.16857359186,-0.7195,1.4282249,-0.24490054416951873
1,1,226085.16857437417,-0.7195,1.4272515,-0.24590013686993392
1,1,226090.16857515648,-0.7195,1.4272896,-0.24689973389803374
1,1,226095.1685759388,-0.7195,1.4267933,-0.24789932963559366
1,1,226100.1685767211,-0.7195,1.4266788,-0.24889892609877393
1,1,226105.1685775034,-0.7195,1.4263735,-0.24989852054215808
1,1,226110.16857828572,-0.7195,1.4261444,-0.2508981165680853
1,1,226115.16857906803,-0.7195,1.425858,-0.25189771316032616
1,1,226120.16857985035,-0.7195,1.4257244,-0.2528973087516759
1,1,226125.16858063266,-0.7195,1.4255335,-0.2538969037373199
1,1,226130.16858141497,-0.7195,1.4249227,-0.2548964992076854
1,1,226135.16858219728,-0.7195,1.4249609,-0.255896094902883
1,1,226140.1685829796,-0.7195,1.4247891,-0.2568956894737317
1,1,226145.1685837619,-0.7195,1.4246173,-0.2578952838046849
1,1,226150.1685845442,-0.7195,1.4241401,-0.25889487898501756
1,1,226155.16858532652,-0.7195,1.4240447,-0.25989447433828977
1,1,226160.16858610883,-0.7195,1.423701,-0.2608940710394217
1,1,226165.16858689114,-0.7195,1.4234148,-0.2618936670943631
1,1,226170.16858767346,-0.7195,1.4230903,-0.2628932623488175
1,1,226175.16858845577,-0.7195,1.4225749,-0.263892856784655
1,1,226180.16858923808,-0.7195,1.4224604,-0.2648924517685904
1,1,226185.1685900204,-0.7195,1.4222504,-0.26589205002225114
1,1,226190.1685908027,-0.7195,1.4220786,-0.2668916474469636
1,1,226195.168591585,-0.7195,1.4216014,-0.2678912431527973
1,1,226200.16859236732,-0.7195,1.4211242,-0.2688908407544627
1,1,226205.16859314963,-0.7195,1.4208952,-0.26989043699105586
1,1,226210.16859393194,-0.7195,1.4208379,-0.27089003359967473
1,1,226215.16859471425,-0.7195,1.420208,-0.27188963250939385
1,1,226220.16859549657,-0.7195,1.4202461,-0.2728892317101823
1,1,226225.16859627888,-0.7195,1.4197308,-0.27388883053857754
1,1,226230.1685970612,-0.7195,1.4192917,-0.27488843114691314
1,1,226235.1685978435,-0.7195,1.4188336,-0.2758880313610799
1,1,226240.1685986258,-0.7195,1.4184328,-0.2768876318717467
1,1,226245.16859940812,-0.7195,1.418261,-0.27788723281093114
1,1,226250.16860019043,-0.7195,1.4179366,-0.27888683623740085
1,1,226255.16860097274,-0.7195,1.4174975,-0.2798864377519224
1,1,226260.16860175505,-0.7195,1.417402,-0.2808860352285141
1,1,226265.16860253736,-0.7195,1.4173639,-0.2818856297084723
1,1,226270.16860331967,-0.7195,1.416734,-0.2828852236489522
1,1,226275.168604102,-0.7195,1.4161804,-0.2838848177152674
1,1,226280.1686048843,-0.7195,1.4159323,-0.28488441152343824
1,1,226285.1686056666,-0.7195,1.4156841,-0.28588400412169107
1,1,226290.16860644892,-0.7195,1.415417,-0.2868835972065264
1,1,226295.16860723123,-0.7195,1.4148252,-0.28788319034795634
1,1,226300.16860801354,-0.7195,1.4144624,-0.2888827832588852
1,1,226305.16860879585,-0.7195,1.4144434,-0.28988237750062357
1,1,226310.16860957816,-0.7195,1.4141762,-0.29088197357833395
1,1,226315.16861036047,-0.7195,1.4137181,-0.29188157161277545
1,1,226320.16861114278,-0.7195,1.4133745,-0.2928811689611575
1,1,226325.1686119251,-0.7195,1.4131073,-0.2938807690038682
1,1,226330.1686127074,-0.7195,1.4126301,-0.29488036963961534
1,1,226335.16861348972,-0.7195,1.4124583,-0.29587997106274977
1,1,226340.16861427203,-0.7195,1.4121529,-0.2968795689053835
1,1,226345.16861505434,-0.7195,1.4115802,-0.29787916809729414
1,1,226350.16861583665,-0.7195,1.4113894,-0.2988787666218547
1,1,226355.16861661896,-0.7195,1.4108931,-0.2998783667205838
1,1,226360.16861740127,-0.7195,1.410683,-0.3008779669756659
1,1,226365.16861818358,-0.7195,1.410015,-0.30187756747164673
1,1,226370.1686189659,-0.7195,1.4098241,-0.3028771682423023
1,1,226375.1686197482,-0.7195,1.4093088,-0.3038767681352398
1,1,226380.16862053052,-0.7195,1.4088507,-0.3048763703234329
1,1,226385.16862131283,-0.7195,1.4082017,-0.30587597397132393
1,1,226390.16862209514,-0.7195,1.4078199,-0.3068755769313674
1,1,226395.16862287745,-0.7195,1.4076672,-0.3078751792814368
1,1,226400.16862365976,-0.7195,1.40719,-0.3088747838071751
1,1,226405.16862444207,-0.7195,1.4065982,-0.3098743903240463
1,1,226410.16862522438,-0.7195,1.4061784,-0.3108739979066949
1,1,226415.1686260067,-0.7195,1.4057584,-0.3118736072139509
1,1,226420.168626789,-0.7195,1.4053193,-0.31287321595436673
1,1,226425.16862757131,-0.7195,1.4050139,-0.31387282475795686
1,1,226430.16862835363,-0.7195,1.4044031,-0.3148724340018664
1,1,226435.16862913594,-0.7195,1.4043268,-0.31587204295371313
1,1,226440.16862991825,-0.7195,1.4040786,-0.316871652172741
1,1,226445.16863070056,-0.7195,1.4032388,-0.31787125959630147
1,1,226450.16863148287,-0.7195,1.4028952,-0.3188708681239784
1,1,226455.16863226518,-0.7195,1.4027234,-0.3198704748356045
1,1,226460.1686330475,-0.7195,1.4025325,-0.32087008364426767
1,1,226465.1686338298,-0.7195,1.4019026,-0.32186969210366084
1,1,226470.1686346121,-0.7195,1.4012154,-0.32286930005695097
1,1,226475.16863539442,-0.7195,1.4009291,-0.3238689076470998
1,1,226480.16863617674,-0.7195,1.4003183,-0.32486851546617684
1,1,226485.16863695905,-0.7195,1.4001846,-0.32586812563130596
1,1,226490.16863774136,-0.7195,1.399822,-0.32686773700287614
1,1,226495.16863852367,-0.7195,1.399154,-0.3278673488515881
1,1,226500.16863930598,-0.7195,1.3987721,-0.3288669604848226
1,1,226505.1686400883,-0.7195,1.3984286,-0.3298665725379851
1,1,226510.1686408706,-0.7195,1.3980086,-0.33086618464051354
1,1,226515.1686416529,-0.7195,1.3974932,-0.33186579725698634
1,1,226520.16864243522,-0.7195,1.3973024,-0.33286540914879575
1,1,226525.16864321753,-0.7195,1.3965198,-0.33386501816880704
1,1,226530.16864399984,-0.7195,1.3962144,-0.33486462255885535
1,1,226535.16864478216,-0.7195,1.3957944,-0.335864227667835
1,1,226540.16864556447,-0.7195,1.3954318,-0.3368638319412072
1,1,226545.16864634678,-0.7195,1.3951073,-0.3378634360791345
1,1,226550.1686471291,-0.7195,1.394611,-0.33886304186047445
1,1,226555.1686479114,-0.7195,1.3942674,-0.33986264635733426
1,1,226560.1686486937,-0.7195,1.3937138,-0.34086225344461196
1,1,226565.16864947602,-0.7195,1.3932939,-0.3418618608995907
1,1,226570.16865025833,-0.7195,1.3925495,-0.34286146656861893
1,1,226575.16865104064,-0.7195,1.3918623,-0.3438610702393716
1,1,226580.16865182295,-0.7195,1.3917286,-0.34486067138610604
1,1,226585.16865260527,-0.7195,1.3912324,-0.3458602785557905
1,1,226590.16865338758,-0.7195,1.3908316,-0.3468598853961725
1,1,226595.1686541699,-0.7195,1.3905834,-0.3478594944754971
1,1,226600.1686549522,-0.7195,1.3901062,-0.3488591015019416
1,1,226605.1686557345,-0.7195,1.3895335,-0.34985870341968195
1,1,226610.16865651682,-0.7195,1.3888845,-0.35085830370084764
1,1,226615.16865729913,-0.7195,1.3886365,-0.3518579040193557
1,1,226620.16865808144,-0.7195,1.3884073,-0.3528575054688188
1,1,226625.16865886375,-0.7195,1.3876057,-0.3538571075894633
1,1,226630.16865964606,-0.7195,1.3871857,-0.3548567103548082
1,1,226635.16866042838,-0.7195,1.3866131,-0.3558563120154009
1,1,226640.1686612107,-0.7195,1.3860023,-0.35685591144003465
1,1,226645.168661993,-0.7195,1.3858496,-0.3578555120099418
1,1,226650.16866277484,-0.7195,1.3851624,-0.3588551132521463
1,1,226655.16866355715,-0.7195,1.3848761,-0.35985471404535896
1,1,226660.16866433946,-0.7195,1.3841317,-0.36085431599508383
1,1,226665.16866512178,-0.7195,1.383559,-0.3618539164030352
1,1,226670.1686659041,-0.7195,1.3830627,-0.3628535168970425
1,1,226675.1686666864,-0.7195,1.3826427,-0.36385311509309204
1,1,226680.1686674687,-0.7195,1.3819938,-0.36485271317746565
1,1,226685.16866825102,-0.7195,1.3816693,-0.36585231248418815
1,1,226690.16866903333,-0.7195,1.3813066,-0.3668519124476048
1,1,226695.16866981564,-0.7195,1.3809631,-0.36785151461459853
1,1,226700.16867059795,-0.7195,1.3801422,-0.3688511186881329
1,1,226705.16867138026,-0.7195,1.379665,-0.369850721733464
1,1,226710.16867216257,-0.7195,1.3792261,-0.37085032635232795
1,1,226715.16867294488,-0.7195,1.3784243,-0.37184992967472463
1,1,226720.1686737272,-0.7195,1.3779663,-0.37284953360604567
1,1,226725.1686745095,-0.7195,1.3772981,-0.37384913804845005
1,1,226730.16867529182,-0.7195,1.3768973,-0.3748487397727336
1,1,226735.16867607413,-0.7195,1.3767064,-0.3758483420889707
1,1,226740.16867685644,-0.7195,1.3762101,-0.3768479454740152
1,1,226745.16867763875,-0.7195,1.3759238,-0.3778475479338896
1,1,226750.16867842106,-0.7195,1.375542,-0.3788471517950427
1,1,226755.16867920337,-0.7195,1.374874,-0.379846757718596
1,1,226760.16867998568,-0.7195,1.3742441,-0.3808463631678387
1,1,226765.168680768,-0.7195,1.3737669,-0.381845972064379
1,1,226770.1686815503,-0.7195,1.3729652,-0.38284557815713993
1,1,226775.16868233262,-0.7195,1.3722017,-0.3838451845450598
1,1,226780.16868311493,-0.7195,1.3719344,-0.3848447897386847
1,1,226785.16868389724,-0.7195,1.3713236,-0.38584439214994487
1,1,226790.16868467955,-0.7195,1.3707701,-0.3868439950239325
1,1,226795.16868546186,-0.7195,1.3701974,-0.38784359793911355
1,1,226800.16868624417,-0.7195,1.3697011,-0.38884319879365936
1,1,226805.16868702648,-0.7195,1.3693384,-0.38984280082208556
1,1,226810.1686878088,-0.7195,1.3686513,-0.3908424031390512
1,1,226815.1686885911,-0.7195,1.3673915,-0.39184200821697357
1,1,226820.16868937341,-0.7195,1.367086,-0.3928416146386032
1,1,226825.16869015573,-0.7195,1.3665326,-0.3938412230796547
1,1,226830.16869093804,-0.7195,1.3661317,-0.3948408298645448
1,1,226835.16869172035,-0.7195,1.3654827,-0.39584043745503467
1,1,226840.16869250266,-0.7195,1.3647001,-0.3968400434563124
1,1,226845.16869328497,-0.7195,1.3645855,-0.3978396495897701
1,1,226850.16869406728,-0.7195,1.3639556,-0.3988392573749619
1,1,226855.1686948496,-0.7195,1.3633448,-0.3998388638522854
1,1,226860.1686956319,-0.7195,1.3628485,-0.40083846798261974
1,1,226865.1686964142,-0.7195,1.3619896,-0.4018380757255353
1,1,226870.16869719652,-0.7195,1.3616078,-0.402837682335595
1,1,226875.16869797884,-0.7195,1.3608633,-0.4038372889689105
1,1,226880.16869876115,-0.7195,1.3604625,-0.40483689319542354
1,1,226885.16869954346,-0.7195,1.3600807,-0.4058364962883953
1,1,226890.16870032577,-0.7195,1.3592981,-0.40683610059482495
1,1,226895.16870110808,-0.7195,1.35884,-0.4078357039062809
1,1,226900.1687018904,-0.7195,1.3582293,-0.40883530796049344
1,1,226905.1687026727,-0.7195,1.3576947,-0.4098349132233326
1,1,226910.168703455,-0.7195,1.3569312,-0.4108345163774952
1,1,226915.16870423732,-0.7195,1.3567976,-0.41183411918200696
1,1,226920.16870501963,-0.7195,1.3559196,-0.41283372420123526
1,1,226925.16870580195,-0.7195,1.3554615,-0.41383332943655693
1,1,226930.16870658426,-0.7195,1.3549079,-0.4148329341670339
1,1,226935.16870736657,-0.7195,1.3545071,-0.4158325397750667
1,1,226940.16870814888,-0.7195,1.3537054,-0.41683214453969375
1,1,226945.1687089312,-0.7195,1.3532473,-0.4178317486516301
1,1,226950.1687097135,-0.7195,1.3526174,-0.4188313532273237
1,1,226955.1687104958,-0.7195,1.3517584,-0.4198309584562047
1,1,226960.16871127812,-0.7195,1.3513193,-0.4208305624752042
1,1,226965.16871206043,-0.7195,1.3501741,-0.42183016746446794
1,1,226970.16871284274,-0.7195,1.3496206,-0.4228297712766492
1,1,226975.16871362505,-0.7195,1.3489333,-0.42382937651916647
1,1,226980.16871440737,-0.7195,1.348418,-0.42482898169668487
1,1,226985.16871518968,-0.7195,1.3479027,-0.4258285848214789
1,1,226990.168715972,-0.7195,1.3473681,-0.4268281859943632
1,1,226995.1687167543,-0.7195,1.3467382,-0.4278277858684523
1,1,227000.1687175366,-0.7195,1.346032,-0.42882738428945644
1,1,227005.16871831892,-0.7195,1.345593,-0.42982698331716296
1,1,227010.16871910123,-0.7195,1.3451349,-0.4308265849505064
1,1,227015.16871988354,-0.7195,1.3447149,-0.4318261852405367
1,1,227020.16872066585,-0.7195,1.3443904,-0.4328257857351168
1,1,227025.16872144816,-0.7195,1.3435506,-0.4338253855202692
1,1,227030.16872223048,-0.7195,1.3428442,-0.4348249864566158
1,1,227035.1687230128,-0.7195,1.3422334,-0.43582458865695173
1,1,227040.1687237951,-0.7195,1.3416799,-0.4368241901224319
1,1,227045.1687245774,-0.7195,1.3405538,-0.43782379062074395
1,1,227050.16872535972,-0.7195,1.3400383,-0.43882339069539944
1,1,227055.16872614203,-0.7195,1.3394276,-0.4398229928179745
1,1,227060.16872692434,-0.7195,1.338664,-0.4408225961039461
1,1,227065.16872770665,-0.7195,1.3379577,-0.4418221993766557
1,1,227070.16872848896,-0.7195,1.3371942,-0.4428218015498781
1,1,227075.16872927127,-0.7195,1.3364307,-0.44382140191566916
1,1,227080.16873005359,-0.7195,1.3361826,-0.4448210035608408
1,1,227085.1687308359,-0.7195,1.3351327,-0.4458206055125128
1,1,227090.1687316182,-0.7195,1.3349037,-0.4468202092675067
1,1,227095.16873240052,-0.7195,1.3341593,-0.44781981015646427
1,1,227100.16873318283,-0.7195,1.3332239,-0.44881941066759795
1,1,227105.16873396514,-0.7195,1.3327467,-0.4498190143036409
1,1,227110.16873474745,-0.7195,1.3320404,-0.45081861698848974
1,1,227115.16873552976,-0.7195,1.3314869,-0.4518182214688126
1,1,227120.16873631207,-0.7195,1.3309524,-0.4528178274898692
1,1,227125.16873709438,-0.7195,1.330189,-0.45381743274399944
1,1,227130.1687378767,-0.7195,1.3298262,-0.4548170375162559
1,1,227135.168738659,-0.7195,1.3290055,-0.4558166417730415
1,1,227140.16873944132,-0.7195,1.3278602,-0.45681624693569844
1,1,227145.16874022363,-0.7195,1.3271921,-0.45781585007341674
1,1,227150.16874100594,-0.7195,1.3264668,-0.4588154520422383
1,1,227155.16874178825,-0.7195,1.325875,-0.45981505293517944
1,1,227160.16874257056,-0.7195,1.3252833,-0.4608146571862496
1,1,227165.16874335287,-0.7195,1.3247489,-0.461814259272234
1,1,227170.16874413518,-0.7195,1.3240808,-0.4628138597479526
1,1,227175.1687449175,-0.7195,1.3233364,-0.4638134603092502
1,1,227180.1687456998,-0.7195,1.3227255,-0.464813059439076
1,1,227185.16874648212,-0.7195,1.3220956,-0.4658126580099924
1,1,227190.16874726443,-0.7195,1.3213321,-0.4668122545803319
1,1,227195.16874804674,-0.7195,1.3202059,-0.4678118489166628
1,1,227200.16874882905,-0.7195,1.3198241,-0.4688114452593158
1,1,227205.16874961136,-0.7195,1.3190607,-0.4698110440424247
1,1,227210.16875039367,-0.7195,1.3182781,-0.47081064167601827
1,1,227215.16875117598,-0.7195,1.3175908,-0.4718102397982011
1,1,227220.1687519583,-0.7195,1.316541,-0.47280983754169903
1,1,227225.1687527406,-0.7195,1.3161783,-0.4738094352615472
1,1,227230.1687535229,-0.7195,1.3154148,-0.4748090316547913
1,1,227235.16875430522,-0.7195,1.3143841,-0.47580862907154986
1,1,227240.16875508754,-0.7195,1.3139069,-0.4768082258457769
1,1,227245.16875586985,-0.7195,1.3131052,-0.47780782295058133
1,1,227250.16875665216,-0.7195,1.3123226,-0.4788074203956852
1,1,227255.16875743447,-0.7195,1.31154,-0.4798070201157626
1,1,227260.16875821678,-0.7195,1.3109673,-0.4808066199149188
1,1,227265.1687589991,-0.7195,1.3103946,-0.481806218539231
1,1,227270.1687597814,-0.7195,1.3094212,-0.48280581733664835
1,1,227275.1687605637,-0.7195,1.3083904,-0.4838054155382941
1,1,227280.16876134602,-0.7195,1.3078178,-0.4848050140568213
1,1,227285.16876212833,-0.7195,1.3070161,-0.48580461277641485
1,1,227290.16876291065,-0.7195,1.3064435,-0.48680421105044047
1,1,227295.16876369296,-0.7195,1.3051646,-0.4878038092934187
1,1,227300.16876447527,-0.7195,1.3049355,-0.4888034086813658
1,1,227305.16876525758,-0.7195,1.303962,-0.48980300842651026
1,1,227310.1687660399,-0.7195,1.3034467,-0.4908026078657074
1,1,227315.1687668222,-0.7195,1.3027213,-0.49180220991840595
1,1,227320.1687676045,-0.7195,1.3017478,-0.4928018114085459
1,1,227325.16876838682,-0.7195,1.3010224,-0.49380141057445903
1,1,227330.1687691689,-0.7195,1.2998772,-0.49480100696685214
1,1,227335.1687699512,-0.7195,1.299419,-0.49580060284771155
1,1,227340.16877073352,-0.7195,1.2982357,-0.49680020108501743
1,1,227345.16877151583,-0.7195,1.2975675,-0.4977997993215882
1,1,227350.16877229814,-0.7195,1.2964413,-0.4987993982415262
1,1,227355.16877308046,-0.7195,1.2954679,-0.49979899549832574
1,1,227360.16877386277,-0.7195,1.2947043,-0.5007985981814924
1,1,227365.16877464508,-0.7195,1.2939981,-0.5017982028457321
1,1,227370.1687754274,-0.7195,1.2932346,-0.5027978077619205
1,1,227375.1687762097,-0.7195,1.2923183,-0.5037974122740126
1,1,227380.168776992,-0.7195,1.2913257,-0.504797017341438
1,1,227385.16877777432,-0.7195,1.2906195,-0.505796626523458
1,1,227390.16877855663,-0.7195,1.2898369,-0.5067962328105202
1,1,227395.16877933894,-0.7195,1.2891306,-0.5077958395012052
1,1,227400.16878012125,-0.7195,1.287909,-0.5087954433644677
1,1,227405.16878090356,-0.7195,1.2869737,-0.5097950479189552
1,1,227410.16878168588,-0.7195,1.2859238,-0.5107946518805256
1,1,227415.1687824682,-0.7195,1.285084,-0.511794254341708
1,1,227420.1687832505,-0.7195,1.2840914,-0.5127938550135391
1,1,227425.1687840328,-0.7195,1.2832706,-0.5137934570734366
1,1,227430.16878481512,-0.7195,1.2824117,-0.5147930631332495
1,1,227435.16878559743,-0.7195,1.2813618,-0.5157926690069534
1,1,227440.16878637974,-0.7195,1.2804265,-0.5167922731342942
1,1,227445.16878716205,-0.7195,1.2798729,-0.5177918738993271
1,1,227450.16878794436,-0.7195,1.2793385,-0.5187914720547098
1,1,227455.16878872667,-0.7195,1.2783077,-0.5197910708030261
1,1,227460.16878950899,-0.7195,1.2771243,-0.5207906704231101
1,1,227465.1687902913,-0.7195,1.2763989,-0.5217902679870027
1,1,227470.1687910736,-0.7195,1.27533,-0.5227898657594321
1,1,227475.16879185592,-0.7195,1.2744901,-0.5237894600466521
1,1,227480.16879263823,-0.7195,1.2735548,-0.5247890550241932
1,1,227485.16879342054,-0.7195,1.2727913,-0.5257886540451379
1,1,227490.16879420285,-0.7195,1.2713597,-0.5267882524055406
1,1,227495.16879498516,-0.7195,1.2705199,-0.5277878481291298
1,1,227500.16879576747,-0.7195,1.2695272,-0.5287874438667262
1,1,227505.16879654978,-0.7195,1.2687255,-0.5297870418892698
1,1,227510.1687973321,-0.7195,1.267523,-0.5307866399294002
1,1,227515.1687981144,-0.7195,1.266645,-0.5317862371923324
1,1,227520.16879889672,-0.7195,1.2657859,-0.5327858359401819
1,1,227525.16879967903,-0.7195,1.2647552,-0.5337854340546161
1,1,227530.16880046134,-0.7195,1.2637818,-0.5347850344754123
1,1,227535.16880124365,-0.7195,1.2627891,-0.5357846326485338
1,1,227540.16880202596,-0.7195,1.2615484,-0.5367842331266299
1,1,227545.16880280827,-0.7195,1.2606514,-0.5377838307758168
1,1,227550.16880359058,-0.7195,1.2597542,-0.5387834250499469
1,1,227555.1688043729,-0.7195,1.2587616,-0.5397830191782808
1,1,227560.1688051552,-0.7195,1.25754,-0.5407826133728917
1,1,227565.16880593752,-0.7195,1.2563947,-0.5417822075285609
1,1,227570.16880671983,-0.7195,1.2549249,-0.5427818006995216
1,1,227575.16880750214,-0.7195,1.2539896,-0.5437813953503631
1,1,227580.16880828445,-0.7195,1.2530161,-0.544780991440309
1,1,227585.16880906676,-0.7195,1.2520236,-0.5457805902007946
1,1,227590.16880984907,-0.7195,1.25147,-0.5467801914522246
1,1,227595.16881063138,-0.7195,1.2499812,-0.5477797900946633
1,1,227600.1688114137,-0.7195,1.2491221,-0.548779388723575
1,1,227605.168812196,-0.7195,1.2482823,-0.5497789866746527
1,1,227610.1688129783,-0.7195,1.2467171,-0.5507785814740852
1,1,227615.16881376063,-0.7195,1.2454764,-0.551778173491951
1,1,227620.16881454294,-0.7195,1.2443693,-0.5527777666130889
1,1,227625.16881532525,-0.7195,1.2433385,-0.553777358301553
1,1,227630.16881610756,-0.7195,1.2420405,-0.5547769515067831
1,1,227635.16881688987,-0.7195,1.2413725,-0.5557765455713665
1,1,227640.16881767218,-0.7195,1.2400744,-0.5567761400586494
1,1,227645.1688184545,-0.7195,1.2390819,-0.5577757357727516
1,1,227650.1688192368,-0.7195,1.2383183,-0.5587753312796448
1,1,227655.1688200191,-0.7195,1.2371157,-0.5597749271023004
1,1,227660.16882080142,-0.7195,1.2359514,-0.5607745270732041
1,1,227665.16882158373,-0.7195,1.2351879,-0.5617741241965024
1,1,227670.16882236605,-0.7195,1.2339853,-0.5627737204082007
1,1,227675.16882314836,-0.7195,1.2326683,-0.5637733135423755
1,1,227680.16882393067,-0.7195,1.2315612,-0.5647729106049897
1,1,227685.16882471298,-0.7195,1.2303969,-0.565772505515214
1,1,227690.1688254953,-0.7195,1.228927,-0.566772105317198
1,1,227695.1688262776,-0.7195,1.2275527,-0.5677717049096287
1,1,227700.1688270599,-0.7195,1.2262356,-0.5687713013479438
1,1,227705.16882784222,-0.7195,1.2245941,-0.5697708953412566
1,1,227710.16882862453,-0.7195,1.223296,-0.5707704887405097
1,1,227715.16882940684,-0.7195,1.2225516,-0.5717700845170643
1,1,227720.16883018916,-0.7195,1.2210246,-0.5727696791247686
1,1,227725.16883097147,-0.7195,1.2197266,-0.5737692752912766
1,1,227730.16883175378,-0.7195,1.2184095,-0.574768870929171
1,1,227735.1688325361,-0.7195,1.2169398,-0.5757684669506014
1,1,227740.1688333184,-0.7195,1.2157754,-0.5767680631508523
1,1,227745.1688341007,-0.7195,1.2145156,-0.5777676600163837
1,1,227750.16883488302,-0.7195,1.212855,-0.5787672579526
1,1,227755.16883566533,-0.7195,1.2115952,-0.5797668548897299
1,1,227760.16883644764,-0.7195,1.2107171,-0.580766453125486
1,1,227765.16883722995,-0.7195,1.2094382,-0.58176604799102
1,1,227770.16883801227,-0.7195,1.2078921,-0.5827656435412625
1,1,227775.16883879458,-0.7195,1.2063841,-0.5837652418758332
1,1,227780.1688395769,-0.7195,1.2048188,-0.5847648377021776
1,1,227785.1688403592,-0.7195,1.2034827,-0.5857644328303727
1,1,227790.1688411415,-0.7195,1.201822,-0.5867640293064177
1,1,227795.16884192382,-0.7195,1.200295,-0.5877636241924392
1,1,227795.64624199644,-0.7195,1.1999705,-0.5878590654735195
1,1,227795.64644199656,-0.7195,1.1999896,-0.5878591054555669
1,2,227795.6472419966,0.7195,1.4096193,7.924006051487393e-08
1,2,227800.64724277938,0.7195,1.7371072,0.0009990511309703192
1,2,227805.6472435617,0.7195,1.815578,0.001998019044525094
1,2,227810.647244344,0.7195,1.8736246,0.0029969855103426516
1,2,227815.6472451263,0.7195,1.9218409,0.003995954029043516
1,2,227820.64724590862,0.7195,1.9630901,0.004994921347737313
1,2,227825.64724669093,0.7195,1.99972,0.005993888454344539
1,2,227830.64724747324,0.7195,2.0323606,0.006992857713845042
1,2,227835.64724825555,0.7195,2.0617752,0.007991826924264433
1,2,227840.64724903787,0.7195,2.0889566,0.008990797108186618
1,2,227845.64724982018,0.7195,2.1134083,0.009989769955082075
1,2,227850.6472506025,0.7195,2.1358175,0.010988741172674631
1,2,227855.6472513848,0.7195,2.1566617,0.011987708107762868
1,2,227860.6472521671,0.7195,2.1753297,0.012986676951785884
1,2,227865.64725294942,0.7195,2.1926236,0.01398564640543196
1,2,227870.64725373173,0.7195,2.20881,0.014984617410408126
1,2,227875.64725451404,0.7195,2.2238514,0.015983589166634612
1,2,227880.64725529635,0.7195,2.2376711,0.01698256234255764
1,2,227885.64725607866,0.7195,2.2504601,0.017981536958403058
1,2,227890.64725686098,0.7195,2.262333,0.018980508510990275
1,2,227895.6472576433,0.7195,2.273633,0.019979481624344986
1,2,227900.6472584256,0.7195,2.2836351,0.020978455739017993
1,2,227905.6472592079,0.7195,2.293542,0.02197742891133163
1,2,227910.64725999022,0.7195,2.3025703,0.02297640377610922
1,2,227915.64726077253,0.7195,2.3107593,0.023975383185641637
1,2,227920.64726155484,0.7195,2.3190243,0.02497436172681385
1,2,227925.64726233715,0.7195,2.326717,0.025973339012334746
1,2,227930.64726311946,0.7195,2.3338175,0.02697231777450111
1,2,227935.64726390177,0.7195,2.340861,0.027971297912687064
1,2,227940.64726468408,0.7195,2.3473318,0.028970275102519327
1,2,227945.6472654664,0.7195,2.3536499,0.029969251166529126
1,2,227950.6472662487,0.7195,2.359949,0.030968228624516064
1,2,227955.64726703102,0.7195,2.365389,0.03196720529097981
1,2,227960.64726781333,0.7195,2.3711536,0.03296618257607023
1,2,227965.64726859564,0.7195,2.3764029,0.03396515929534038
1,2,227970.64726937795,0.7195,2.381633,0.034964136487685975
1,2,227975.64727016026,0.7195,2.3865194,0.035963112410624824
1,2,227980.64727094257,0.7195,2.3914633,0.036962089372095136
1,2,227985.64727172488,0.7195,2.395949,0.03796106813622183
1,2,227990.6472725072,0.7195,2.400683,0.038960045641743477
1,2,227995.6472732895,0.7195,2.4049394,0.039959023081031116
1,2,228000.64727407182,0.7195,2.409616,0.04095800210678909
1,2,228005.64727485413,0.7195,2.413949,0.04195697712808186
1,2,228010.64727563644,0.7195,2.4181292,0.04295595402807329
1,2,228015.64727641875,0.7195,2.4222522,0.04395492996432716
1,2,228020.64727720106,0.7195,2.4259362,0.04495390432762769
1,2,228025.64727798337,0.7195,2.429983,0.04595288231432108
1,2,228030.64727876568,0.7195,2.433877,0.04695185916813547
1,2,228035.647279548,0.7195,2.437828,0.04795083466390108
1,2,228040.6472803303,0.7195,2.4416075,0.04894980724155242
1,2,228045.64728111262,0.7195,2.4455397,0.049948781526969556
1,2,228050.64728189493,0.7195,2.449109,0.050947754815058595
1,2,228055.64728267724,0.7195,2.452984,0.05194672804818221
1,2,228060.64728345955,0.7195,2.4564197,0.05294570142015485
1,2,228065.64728424186,0.7195,2.459932,0.05394467437972958
1,2,228070.64728502417,0.7195,2.4641695,0.054943650027265166
1,2,228075.64728580648,0.7195,2.4671855,0.05594262312745718
1,2,228080.6472865888,0.7195,2.4710603,0.056941595878680556
1,2,228085.6472873711,0.7195,2.4748397,0.05794056873814597
1,2,228090.6472881534,0.7195,2.4782755,0.05893954120671088
1,2,228095.64728893572,0.7195,2.4817877,0.05993851282421749
1,2,228100.64728971804,0.7195,2.4853191,0.060937485052221366
1,2,228105.64729050035,0.7195,2.4888504,0.06193645801923012
1,2,228110.64729128266,0.7195,2.4924772,0.06293543188546766
1,2,228115.64729206497,0.7195,2.4960847,0.06393440891496012
1,2,228120.64729284728,0.7195,2.4997878,0.0649333862362438
1,2,228125.6472936296,0.7195,2.503491,0.06593236204515897
1,2,228130.6472944119,0.7195,2.506965,0.06693133658175339
1,2,228135.6472951942,0.7195,2.5105343,0.06793030896921293
1,2,228140.64729597652,0.7195,2.514123,0.06892927925210532
1,2,228145.64729675883,0.7195,2.517406,0.06992825092519657
1,2,228150.64729754115,0.7195,2.5213192,0.07092722450715307
1,2,228155.64729832346,0.7195,2.5248885,0.07192619706000557
1,2,228160.64729910577,0.7195,2.5285535,0.0729251693921222
1,2,228165.64729988808,0.7195,2.5322757,0.07392414121494031
1,2,228170.6473006704,0.7195,2.5361505,0.07492311477526033
1,2,228175.6473014527,0.7195,2.539529,0.07592208374905259
1,2,228180.647302235,0.7195,2.5431366,0.0769210533897248
1,2,228185.64730301732,0.7195,2.5467443,0.0779200249135627
1,2,228190.64730379963,0.7195,2.5503519,0.07891899629756811
1,2,228195.64730458194,0.7195,2.5536542,0.07991797089592288
1,2,228200.64730536425,0.7195,2.5569944,0.08091694363558959
1,2,228205.64730614657,0.7195,2.5607932,0.08191591574285431
1,2,228210.64730692888,0.7195,2.564229,0.08291488907420308
1,2,228215.6473077112,0.7195,2.5681229,0.08391386370968823
1,2,228220.6473084935,0.7195,2.5717688,0.08491283833910364
1,2,228225.6473092758,0.7195,2.57509,0.08591181171458302
1,2,228230.64731005812,0.7195,2.5786211,0.0869107831385401
1,2,228235.64731084043,0.7195,2.5822098,0.0879097493124704
1,2,228240.64731162274,0.7195,2.5860465,0.08890871751865749
1,2,228245.64731240505,0.7195,2.5893297,0.08990768552581474
1,2,228250.64731318736,0.7195,2.5930135,0.09090665255572734
1,2,228255.64731396968,0.7195,2.5966785,0.09190561916961278
1,2,228260.647314752,0.7195,2.6000571,0.0929045870738063
1,2,228265.6473155343,0.7195,2.6038175,0.09390355513127649
1,2,228270.6473163166,0.7195,2.607158,0.0949025242369937
1,2,228275.64731709892,0.7195,2.6104982,0.09590149157481728
1,2,228280.64731788123,0.7195,2.6143732,0.09690045991183657
1,2,228285.64731866354,0.7195,2.6177897,0.09789942693833516
1,2,228290.64731944585,0.7195,2.6213403,0.09889839569794476
1,2,228295.64732022816,0.7195,2.624719,0.09989736047848734
1,2,228300.64732101047,0.7195,2.6279066,0.10089632593204252
1,2,228305.64732179279,0.7195,2.6314187,0.10189529421300364
1,2,228310.6473225751,0.7195,2.6348164,0.10289426141569687
1,2,228315.6473233574,0.7195,2.6382904,0.10389322752672771
1,2,228320.64732413972,0.7195,2.6417453,0.10489219014942983
1,2,228325.64732492203,0.7195,2.6450284,0.10589115651293601
1,2,228330.64732570434,0.7195,2.6484833,0.10689012542412685
1,2,228335.64732648665,0.7195,2.6514802,0.10788909345468223
1,2,228340.64732726896,0.7195,2.6548016,0.10888806314664423
1,2,228345.64732805127,0.7195,2.6576457,0.1098870317247047
1,2,228350.64732883358,0.7195,2.6611578,0.11088600077797645
1,2,228355.6473296159,0.7195,2.6636202,0.11188496921221752
1,2,228360.6473303982,0.7195,2.6664643,0.11288394023744602
1,2,228365.64733118052,0.7195,2.669671,0.11388291409236861
1,2,228370.64733196283,0.7195,2.6721334,0.11488188578473203
1,2,228375.64733274514,0.7195,2.6748822,0.1158808592678574
1,2,228380.64733352745,0.7195,2.677478,0.11687983270267652
1,2,228385.64733430976,0.7195,2.6801887,0.11787880245004104
1,2,228390.64733509207,0.7195,2.6827846,0.11887777408726354
1,2,228395.64733587438,0.7195,2.6849988,0.11987674790455241
1,2,228400.6473366567,0.7195,2.6873658,0.12087571887451416
1,2,228405.647337439,0.7195,2.6895225,0.12187468858574502
1,2,228410.64733822132,0.7195,2.691775,0.12287366043736211
1,2,228415.64733900363,0.7195,2.6939893,0.12387263166492851
1,2,228420.64733978594,0.7195,2.6957452,0.12487160599147616
1,2,228425.64734056825,0.7195,2.6977878,0.12587057945561084
1,2,228430.64734135056,0.7195,2.6995056,0.12686955115439832
1,2,228435.64734213287,0.7195,2.701338,0.12786852395167952
1,2,228440.64734291518,0.7195,2.7029605,0.12886749736450784
1,2,228445.6473436975,0.7195,2.7043922,0.12986646952191994
1,2,228450.6473444798,0.7195,2.706129,0.13086543910725917
1,2,228455.6473452621,0.7195,2.7075036,0.13186440842264896
1,2,228460.64734604442,0.7195,2.7090306,0.13286338382403723
1,2,228465.64734682674,0.7195,2.7101948,0.133862356830693
1,2,228470.64734760905,0.7195,2.7115884,0.1348613311995699
1,2,228475.64734839136,0.7195,2.7130582,0.135860303880728
1,2,228480.64734917367,0.7195,2.714108,0.13685927760293093
1,2,228485.64734995598,0.7195,2.7151387,0.1378582512062921
1,2,228490.6473507383,0.7195,2.7164557,0.13885722289647004
1,2,228495.6473515206,0.7195,2.7170856,0.13985619729963283
1,2,228500.6473523029,0.7195,2.718231,0.14085517242455822
1,2,228505.64735308522,0.7195,2.7190137,0.14185414590385234
1,2,228510.64735386753,0.7195,2.7200253,0.14285311662720318
1,2,228515.64735464985,0.7195,2.721075,0.14385208653223192
1,2,228520.64735543216,0.7195,2.721686,0.1448510568525229
1,2,228525.64735621447,0.7195,2.7224686,0.1458500290095873
1,2,228530.64735699678,0.7195,2.7231176,0.14684900325738065
1,2,228535.6473577791,0.7195,2.723881,0.14784797484439618
1,2,228540.6473585614,0.7195,2.7246637,0.14884694461448994
1,2,228545.6473593437,0.7195,2.7253509,0.14984591607567344
1,2,228550.64736012602,0.7195,2.7259426,0.15084488587223827
1,2,228555.64736090833,0.7195,2.726477,0.15184385513548063
1,2,228560.64736169064,0.7195,2.7269542,0.15284282613316186
1,2,228565.64736247296,0.7195,2.7274504,0.15384179947770643
1,2,228570.64736325527,0.7195,2.7282712,0.15484077372476135
1,2,228575.64736403758,0.7195,2.728405,0.1558397455274364
1,2,228580.6473648199,0.7195,2.729073,0.15683871796669568
1,2,228585.6473656022,0.7195,2.7295883,0.15783769141228668
1,2,228590.6473663845,0.7195,2.729722,0.15883666443597283
1,2,228595.64736716682,0.7195,2.7304282,0.15983563346779683
1,2,228600.64736794913,0.7195,2.7309818,0.16083460191509133
1,2,228605.64736873144,0.7195,2.7317834,0.16183357473558854
1,2,228610.64736951375,0.7195,2.7317643,0.1628325481073062
1,2,228615.64737029606,0.7195,2.7322416,0.16383152183079724
1,2,228620.64737107838,0.7195,2.7326233,0.1648304949650136
1,2,228625.6473718607,0.7195,2.7327952,0.16582946954732147
1,2,228630.647372643,0.7195,2.7331388,0.1668284443064995
1,2,228635.6473734253,0.7195,2.7335968,0.16782741637188867
1,2,228640.64737420762,0.7195,2.7337878,0.16882639026763713
1,2,228645.64737498993,0.7195,2.7343605,0.16982536554214697
1,2,228650.64737577224,0.7195,2.7346275,0.1708243397036361
1,2,228655.64737655455,0.7195,2.7351239,0.17182331225734296
1,2,228660.64737733686,0.7195,2.735601,0.17282228240256847
1,2,228665.64737811917,0.7195,2.7358873,0.17382125256703304
1,2,228670.64737890149,0.7195,2.736479,0.17482022282073903
1,2,228675.6473796838,0.7195,2.7368226,0.17581919261394283
1,2,228680.6473804661,0.7195,2.7370899,0.1768181614586811
1,2,228685.64738124842,0.7195,2.7374525,0.17781713094587798
1,2,228690.64738203073,0.7195,2.7377388,0.17881609981740523
1,2,228695.64738281304,0.7195,2.7381399,0.17981507143656422
1,2,228700.64738359535,0.7195,2.738178,0.1808140433539087
1,2,228705.64738437766,0.7195,2.7385025,0.18181301223746613
1,2,228710.64738515997,0.7195,2.7387698,0.18281198122886494
1,2,228715.64738594228,0.7195,2.7388842,0.18381094945819518
1,2,228720.6473867246,0.7195,2.7395904,0.18480991639028332
1,2,228725.6473875069,0.7195,2.7396095,0.1858088823909065
1,2,228730.64738828922,0.7195,2.7398195,0.18680784929357314
1,2,228735.64738907153,0.7195,2.739915,0.18780681482379646
1,2,228740.64738985384,0.7195,2.7403731,0.188805777838015
1,2,228745.64739063615,0.7195,2.7404304,0.18980474192226607
1,2,228750.64739141846,0.7195,2.7409458,0.19080370443398104
1,2,228755.64739220077,0.7195,2.7411938,0.19180267040216273
1,2,228760.64739298308,0.7195,2.7417092,0.1928016350679465
1,2,228765.6473937654,0.7195,2.74211,0.19380060146358952
1,2,228770.6473945477,0.7195,2.7423391,0.19479956570289544
1,2,228775.64739533002,0.7195,2.7423582,0.1957985304052533
1,2,228780.64739611233,0.7195,2.7428355,0.1967974946623777
1,2,228785.64739689464,0.7195,2.7428737,0.1977964636572137
1,2,228790.64739767695,0.7195,2.743618,0.19879543327218308
1,2,228795.64739845926,0.7195,2.7438471,0.19979440277647986
1,2,228800.64739924157,0.7195,2.7438662,0.20079337105548065
1,2,228805.64740002388,0.7195,2.7443242,0.20179233840352642
1,2,228810.6474008062,0.7195,2.744496,0.20279130628876568
1,2,228815.6474015885,0.7195,2.7445343,0.2037902753015758
1,2,228820.6474023708,0.7195,2.7450306,0.20478924407452692
1,2,228825.64740315313,0.7195,2.7453551,0.2057882140692176
1,2,228830.64740393544,0.7195,2.745947,0.20678718167138116
1,2,228835.64740471775,0.7195,2.7460232,0.2077861516694031
1,2,228840.64740550006,0.7195,2.746443,0.20878512205419625
1,2,228845.64740628237,0.7195,2.7465575,0.20978409186633115
1,2,228850.64740706468,0.7195,2.7470157,0.21078305936004404
1,2,228855.647407847,0.7195,2.7472258,0.2117820305490363
1,2,228860.6474086293,0.7195,2.747073,0.21278100406395412
1,2,228865.6474094116,0.7195,2.7474928,0.21377997614419808
1,2,228870.64741019392,0.7195,2.7478747,0.21477894618589696
1,2,228875.64741097623,0.7195,2.7480273,0.21577791829679097
1,2,228880.64741175855,0.7195,2.7482946,0.21677689041996684
1,2,228885.6474125404,0.7195,2.7485237,0.2177758627801672
1,2,228890.6474133227,0.7195,2.7489054,0.21877483632870534
1,2,228895.647414105,0.7195,2.7491536,0.21977380937122656
1,2,228900.64741488732,0.7195,2.749249,0.22077278357087593
1,2,228905.64741566963,0.7195,2.7499933,0.22177175638740945
1,2,228910.64741645195,0.7195,2.7503371,0.22277072815165277
1,2,228915.64741723426,0.7195,2.750547,0.22376970137645494
1,2,228920.64741801657,0.7195,2.750986,0.22476867372729736
1,2,228925.64741879888,0.7195,2.7512915,0.22576764529627255
1,2,228930.6474195812,0.7195,2.751406,0.22676662054893068
1,2,228935.6474203635,0.7195,2.7519214,0.22776559678538996
1,2,228940.6474211458,0.7195,2.752074,0.2287645705376336
1,2,228945.64742192812,0.7195,2.7526276,0.2297635421508288
1,2,228950.64742271043,0.7195,2.7523985,0.230762517150548
1,2,228955.64742349274,0.7195,2.7524939,0.23176149216886052
1,2,228960.64742427506,0.7195,2.7531428,0.23276046395417738
1,2,228965.64742505737,0.7195,2.753563,0.2337594382499624
1,2,228970.64742583968,0.7195,2.75404,0.23475841204026363
1,2,228975.647426622,0.7195,2.7547464,0.23575738313371958
1,2,228980.6474274043,0.7195,2.7547655,0.2367563552188412
1,2,228985.6474281866,0.7195,2.7553573,0.2377553260309798
1,2,228990.64742896892,0.7195,2.755529,0.2387542978341946
1,2,228995.64742975123,0.7195,2.7559679,0.23975326979361994
1,2,229000.64743053354,0.7195,2.7566743,0.24075224258321215
1,2,229005.64743131585,0.7195,2.757037,0.2417512187871604
1,2,229010.64743209817,0.7195,2.757247,0.24275019531838785
1,2,229015.64743288048,0.7195,2.757724,0.24374917355669562
1,2,229020.6474336628,0.7195,2.7580295,0.24474815070766898
1,2,229025.6474344451,0.7195,2.7582777,0.24574712590052378
1,2,229030.6474352274,0.7195,2.7590601,0.2467460972386866
1,2,229035.64743600972,0.7195,2.7592893,0.24774506913127525
1,2,229040.64743679203,0.7195,2.759423,0.24874404371013598
1,2,229045.64743757434,0.7195,2.75969,0.24974302055571831
1,2,229050.64743835665,0.7195,2.7601101,0.2507419974255134
1,2,229055.64743913896,0.7195,2.7603009,0.2517409747405916
1,2,229060.64743992127,0.7195,2.7609882,0.2527399551430877
1,2,229065.6474407036,0.7195,2.7616372,0.25373893351813187
1,2,229070.6474414859,0.7195,2.7621334,0.25473791125706197
1,2,229075.6474422682,0.7195,2.7623243,0.2557368886591497
1,2,229080.64744305052,0.7195,2.762706,0.2567358662505318
1,2,229085.64744383283,0.7195,2.7632215,0.25773483993055446
1,2,229090.64744461514,0.7195,2.763546,0.25873381745199714
1,2,229095.64744539745,0.7195,2.7640612,0.25973279528557613
1,2,229100.64744617976,0.7195,2.764653,0.2607317739292948
1,2,229105.64744696207,0.7195,2.7650156,0.2617307514815597
1,2,229110.64744774438,0.7195,2.7652447,0.2627297275741731
1,2,229115.6474485267,0.7195,2.765493,0.26372870375871343
1,2,229120.647449309,0.7195,2.76618,0.26472768123455526
1,2,229125.64745009132,0.7195,2.7664664,0.26572665972708676
1,2,229130.64745087363,0.7195,2.7671535,0.2667256371070711
1,2,229135.64745165594,0.7195,2.76765,0.2677246179008783
1,2,229140.64745243825,0.7195,2.7682607,0.26872359970440146
1,2,229145.64745322056,0.7195,2.7688525,0.26972258052913356
1,2,229150.64745400287,0.7195,2.7693105,0.2707215579567817
1,2,229155.64745478518,0.7195,2.7699976,0.2717205388771296
1,2,229160.6474555675,0.7195,2.7702458,0.2727195192743905
1,2,229165.6474563498,0.7195,2.7706275,0.2737184987613295
1,2,229170.64745713212,0.7195,2.7712002,0.2747174772047203
1,2,229175.64745791443,0.7195,2.7717538,0.2757164542856019
1,2,229180.64745869674,0.7195,2.772021,0.2767154317390655
1,2,229185.64745947905,0.7195,2.7723837,0.2777144091845421
1,2,229190.64746026136,0.7195,2.7730517,0.2787133878859614
1,2,229195.64746104367,0.7195,2.7736435,0.2797123660203882
1,2,229200.64746182598,0.7195,2.7743306,0.28071134258139147
1,2,229205.6474626083,0.7195,2.7746742,0.28171032161392784
1,2,229210.6474633906,0.7195,2.7753997,0.28270929753925417
1,2,229215.64746417291,0.7195,2.7758958,0.283708272030453
1,2,229220.64746495523,0.7195,2.776354,0.28470724663346025
1,2,229225.64746573754,0.7195,2.7769456,0.2857062221683033
1,2,229230.64746651985,0.7195,2.777633,0.2867051961340177
1,2,229235.64746730216,0.7195,2.7784154,0.2877041683035229
1,2,229240.64746808447,0.7195,2.77895,0.2887031380985347
1,2,229245.64746886678,0.7195,2.779408,0.28970211337303464
1,2,229250.6474696491,0.7195,2.7800953,0.29070108814041823
1,2,229255.6474704314,0.7195,2.780916,0.29170006009176386
1,2,229260.6474712137,0.7195,2.781794,0.29269903289707516
1,2,229265.64747199602,0.7195,2.7825003,0.29369800873339524
1,2,229270.64747277834,0.7195,2.7827675,0.2946969833555753
1,2,229275.64747356065,0.7195,2.783302,0.29569595924146985
1,2,229280.64747434296,0.7195,2.7841227,0.29669493821632215
1,2,229285.64747512527,0.7195,2.7844663,0.29769391495509295
1,2,229290.64747590758,0.7195,2.7852108,0.2986928911682369
1,2,229295.6474766899,0.7195,2.786089,0.2996918674944575
1,2,229300.6474774722,0.7195,2.7862797,0.30069084278551755
1,2,229305.6474782545,0.7195,2.7869096,0.30168981867561095
1,2,229310.64747903682,0.7195,2.787406,0.3026887931118974
1,2,229315.64747981913,0.7195,2.7881503,0.3036877671290208
1,2,229320.64748060144,0.7195,2.789391,0.30468674389232553
1,2,229325.64748138376,0.7195,2.7896392,0.30568572310394404
1,2,229330.64748216607,0.7195,2.7905364,0.3066847019350399
1,2,229335.64748294838,0.7195,2.7915099,0.3076836768714159
1,2,229340.6474837307,0.7195,2.7919679,0.30868265168592357
1,2,229345.647484513,0.7195,2.7932277,0.3096816270145114
1,2,229350.6474852953,0.7195,2.7938385,0.3106806020999752
1,2,229355.64748607762,0.7195,2.7945065,0.31167957644638117
1,2,229360.64748685993,0.7195,2.7951748,0.31267855171722203
1,2,229365.64748764224,0.7195,2.7955756,0.3136775238621006
1,2,229370.64748842455,0.7195,2.7966635,0.3146764963229368
1,2,229375.64748920687,0.7195,2.79737,0.3156754694215824
1,2,229380.64748998918,0.7195,2.7980762,0.3166744421266321
1,2,229385.6474907715,0.7195,2.7988396,0.3176734136620598
1,2,229390.6474915538,0.7195,2.7997177,0.31867238373922674
1,2,229395.6474923361,0.7195,2.8003666,0.3196713550905953
1,2,229400.64749311842,0.7195,2.8011112,0.32067032669756185
1,2,229405.64749390073,0.7195,2.8021991,0.32166930272385186
1,2,229410.64749468304,0.7195,2.80281,0.32266827766794337
1,2,229415.64749546535,0.7195,2.8039172,0.323667249215441
1,2,229420.64749624766,0.7195,2.8048525,0.3246662232283523
1,2,229425.64749702998,0.7195,2.8053677,0.3256651986996204
1,2,229430.6474978123,0.7195,2.8066847,0.32666417469682335
1,2,229435.6474985946,0.7195,2.807582,0.32766315212823655
1,2,229440.6474993769,0.7195,2.80867,0.3286621276684043
1,2,229445.64750015922,0.7195,2.8094144,0.3296611064766716
1,2,229450.64750094153,0.7195,2.8102162,0.3306600830182073
1,2,229455.64750172384,0.7195,2.8113422,0.3316590600683627
1,2,229460.64750250615,0.7195,2.8120868,0.33265803626001256
1,2,229465.64750328846,0.7195,2.8130412,0.33365701110807766
1,2,229470.64750407077,0.7195,2.814301,0.3346559844418073
1,2,229475.64750485308,0.7195,2.814778,0.3356549599832201
1,2,229480.6475056354,0.7195,2.8158472,0.33665393737313193
1,2,229485.6475064177,0.7195,2.816935,0.33765291402124076
1,2,229490.64750720002,0.7195,2.8178704,0.3386518877493379
1,2,229495.64750798233,0.7195,2.8189776,0.339650862074157
1,2,229500.64750876464,0.7195,2.8199701,0.3406498346909388
1,2,229505.64750954695,0.7195,2.8213825,0.3416488066249527
1,2,229510.64751032926,0.7195,2.8221653,0.34264777615718084
1,2,229515.64751111157,0.7195,2.823425,0.3436467453026709
1,2,229520.64751189388,0.7195,2.8246658,0.3446457212559088
1,2,229525.6475126762,0.7195,2.8257918,0.3456446943499483
1,2,229530.6475134585,0.7195,2.8268418,0.34664366445992434
1,2,229535.64751424082,0.7195,2.828025,0.3476426362560694
1,2,229540.64751502313,0.7195,2.8293996,0.34864160818034456
1,2,229545.64751580544,0.7195,2.8299341,0.3496405769408482
1,2,229550.64751658775,0.7195,2.8308501,0.35063954559880206
1,2,229555.64751737006,0.7195,2.8319955,0.35163851372998334
1,2,229560.64751815237,0.7195,2.8334844,0.35263748501699876
1,2,229565.64751893468,0.7195,2.8345914,0.35363645357668777
1,2,229570.647519717,0.7195,2.8360803,0.35463542194111525
1,2,229575.6475204993,0.7195,2.836882,0.3556343901725449
1,2,229580.64752128161,0.7195,2.837741,0.35663335704418064
1,2,229585.64752206393,0.7195,2.8390963,0.3576323263732861
1,2,229590.64752284624,0.7195,2.8406615,0.3586312947956924
1,2,229595.64752362855,0.7195,2.8422077,0.3596302646116122
1,2,229600.64752441086,0.7195,2.8433719,0.3606292348884017
1,2,229605.64752519317,0.7195,2.845109,0.3616282038605813
1,2,229610.64752597548,0.7195,2.8461778,0.3626271774400609
1,2,229615.6475267578,0.7195,2.8475332,0.3636261456532582
1,2,229620.6475275401,0.7195,2.8491938,0.3646251122253641
1,2,229625.6475283224,0.7195,2.8502436,0.36562407777671724
1,2,229630.64752910472,0.7195,2.8521333,0.36662304242769256
1,2,229635.64752988704,0.7195,2.8539085,0.36762200348123947
1,2,229640.64753066935,0.7195,2.8554165,0.3686209659188493
1,2,229645.64753145166,0.7195,2.8564472,0.36961992945308525
1,2,229650.64753223397,0.7195,2.8580315,0.3706188956740966
1,2,229655.64753301628,0.7195,2.859387,0.37161785775360506
1,2,229660.6475337986,0.7195,2.8610475,0.37261682369782567
1,2,229665.6475345809,0.7195,2.8624027,0.3736157907126053
1,2,229670.6475353632,0.7195,2.8637006,0.3746147579170072
1,2,229675.64753614552,0.7195,2.8653996,0.3756137255556455
1,2,229680.64753692783,0.7195,2.8668692,0.3766126953164177
1,2,229685.64753771015,0.7195,2.8680527,0.37761166511421107
1,2,229690.64753849246,0.7195,2.8699234,0.3786106369816267
1,2,229695.64753927477,0.7195,2.871126,0.37960960457964443
1,2,229700.64754005708,0.7195,2.873321,0.3806085767479973
1,2,229705.6475408394,0.7195,2.874619,0.3816075439602438
1,2,229710.6475416217,0.7195,2.876566,0.38260651309896876
1,2,229715.647542404,0.7195,2.8783603,0.38360548415833745
1,2,229720.64754318632,0.7195,2.8804982,0.3846044591817329
1,2,229725.64754396863,0.7195,2.8818533,0.38560343210385606
1,2,229730.64754475094,0.7195,2.8835905,0.38660240903736187
1,2,229735.64754553325,0.7195,2.885671,0.3876013839293258
1,2,229740.64754631557,0.7195,2.887236,0.3886003537001216
1,2,229745.64754709788,0.7195,2.8890686,0.38959932367201017
1,2,229750.6475478802,0.7195,2.8915691,0.3905982940163251
1,2,229755.6475486625,0.7195,2.893478,0.3915972623740438
1,2,229760.6475494448,0.7195,2.8952913,0.3925962307933937
1,2,229765.64755022712,0.7195,2.8970857,0.3935952003091908
1,2,229770.64755100943,0.7195,2.8994334,0.3945941706868314
1,2,229775.64755179174,0.7195,2.901304,0.3955931429768274
1,2,229780.64755257405,0.7195,2.9031556,0.3965921157367762
1,2,229785.64755335636,0.7195,2.9050643,0.39759108968127466
1,2,229790.64755413868,0.7195,2.9070306,0.3985900585785114
1,2,229795.647554921,0.7195,2.9091876,0.3995890323993666
1,2,229800.6475557033,0.7195,2.9116116,0.40058800546135537
1,2,229805.6475564856,0.7195,2.914093,0.4015869765439666
1,2,229810.64755726792,0.7195,2.91604,0.4025859506972137
1,2,229815.64755805023,0.7195,2.917968,0.403584919350833
1,2,229820.64755883254,0.7195,2.9199722,0.40458389403920736
1,2,229825.64755961485,0.7195,2.921919,0.40558286548092665
1,2,229830.64756039716,0.7195,2.9244196,0.40658183961072597
1,2,229835.64756117947,0.7195,2.926882,0.4075808171127475
1,2,229840.64756196178,0.7195,2.929478,0.4085797949440814
1,2,229845.6475627441,0.7195,2.9322457,0.4095787706220121
1,2,229850.6475635264,0.7195,2.9347653,0.4105777384567033
1,2,229855.64756430872,0.7195,2.9372087,0.41157671069555524
1,2,229860.64756509103,0.7195,2.939652,0.412575684125851
1,2,229865.64756587334,0.7195,2.9425151,0.4135746569784387
1,2,229870.64756665565,0.7195,2.9450347,0.41457362582853147
1,2,229875.64756743796,0.7195,2.94744,0.4155725982631714
1,2,229880.64756822027,0.7195,2.9504557,0.41657157357581825
1,2,229885.64756900258,0.7195,2.9531662,0.41757054818157063
1,2,229890.6475697849,0.7195,2.9558384,0.4185695225683786
1,2,229895.6475705672,0.7195,2.9588163,0.4195684972712137
1,2,229900.64757134952,0.7195,2.961584,0.42056746925082183
1,2,229905.64757213183,0.7195,2.9641418,0.42156644049330266
1,2,229910.64757291414,0.7195,2.9677112,0.42256541087321153
1,2,229915.64757369645,0.7195,2.9704409,0.42356438183089806
1,2,229920.64757447876,0.7195,2.973304,0.42456335720637817
1,2,229925.64757526107,0.7195,2.976759,0.42556233113704833
1,2,229930.64757604338,0.7195,2.9799657,0.42656130317093977
1,2,229935.6475768257,0.7195,2.9827716,0.42756027617611203
1,2,229940.647577608,0.7195,2.9864366,0.42855924931189465
1,2,229945.64757839032,0.7195,2.990006,0.42955822281469286
1,2,229950.64757917263,0.7195,2.9933846,0.43055719560639444
1,2,229955.64757995494,0.7195,2.9965532,0.43155616757472737
1,2,229960.34858068917,0.7195,3.0000463,0.43249540208058934
1,2,229960.3487806893,0.7195,2.9999318,0.4324954420372815
2,1,229960.34958068933,-0.7195,2.8401618,-7.900892363654243e-08
2,1,229965.3495814721,-0.7195,2.2916903,-0.0009996725915074349
2,1,229970.34958225442,-0.7195,2.1633234,-0.001999264385941956
2,1,229975.34958303673,-0.7195,2.0959427,-0.0029988555823266512
2,1,229980.34958381904,-0.7195,2.0532048,-0.00399844802766045
2,1,229985.34958460135,-0.7195,2.0152385,-0.004998041517221266
2,1,229990.34958538366,-0.7195,1.9769671,-0.0059976328468918805
2,1,229995.34958616598,-0.7195,1.9381994,-0.0069972270555992925
2,1,230000.3495869483,-0.7195,1.8980572,-0.007996822032915222
2,1,230005.3495877306,-0.7195,1.8561591,-0.00899641558323635
2,1,230010.3495885129,-0.7195,1.8136309,-0.009996007250481182
2,1,230015.34958929522,-0.7195,1.7714083,-0.010995598913017247
2,1,230020.34959007753,-0.7195,1.7309799,-0.011995188884894054
2,1,230025.34959085984,-0.7195,1.6928039,-0.01299477922615409
2,1,230030.34959164215,-0.7195,1.6584073,-0.013994369081185926
2,1,230035.34959242446,-0.7195,1.6281146,-0.014993960408111415
2,1,230040.34959320677,-0.7195,1.6022885,-0.015993550869845684
2,1,230045.34959398909,-0.7195,1.5812535,-0.016993140916112398
2,1,230050.3495947714,-0.7195,1.5644561,-0.01799273057479991
2,1,230055.3495955537,-0.7195,1.5511708,-0.018992320526036954
2,1,230060.34959633602,-0.7195,1.5409206,-0.019991910203268133
2,1,230065.34959711833,-0.7195,1.5324646,-0.02099149803274539
2,1,230070.34959790064,-0.7195,1.525841,-0.021991086198906107
2,1,230075.34959868295,-0.7195,1.5206109,-0.022990674338539446
2,1,230080.34959946526,-0.7195,1.5164306,-0.023990265291048425
2,1,230085.34960024757,-0.7195,1.5128803,-0.024989855398787397
2,1,230090.34960102988,-0.7195,1.5099026,-0.02598944589405259
2,1,230095.3496018122,-0.7195,1.5073638,-0.026989037409229415
2,1,230100.3496025945,-0.7195,1.5050352,-0.027988627854492933
2,1,230105.34960337682,-0.7195,1.5031072,-0.028988217760619193
2,1,230110.34960415913,-0.7195,1.5016375,-0.029987804377045898
2,1,230115.34960494144,-0.7195,1.5002822,-0.03098739253381226
2,1,230120.34960572375,-0.7195,1.4989461,-0.03198697982499003
2,1,230125.34960650606,-0.7195,1.4978771,-0.032986574136551886
2,1,230130.34960728837,-0.7195,1.4967127,-0.03398616539869375
2,1,230135.34960807068,-0.7195,1.4960256,-0.03498575987031394
2,1,230140.349608853,-0.7195,1.4952811,-0.03598535142114428
2,1,230145.3496096353,-0.7195,1.4946895,-0.03698494099713697
2,1,230150.34961041762,-0.7195,1.4938877,-0.03798453298565084
2,1,230155.34961119993,-0.7195,1.4933342,-0.038984126809090386
2,1,230160.34961198224,-0.7195,1.4928188,-0.03998371861773068
2,1,230165.34961276455,-0.7195,1.4923798,-0.04098331042911279
2,1,230170.34961354686,-0.7195,1.4918262,-0.04198290066832967
2,1,230175.34961432917,-0.7195,1.4914063,-0.0429824912644095
2,1,230180.34961511148,-0.7195,1.4907955,-0.0439820807498528
2,1,230185.3496158938,-0.7195,1.4906046,-0.04498167009321518
2,1,230190.3496166761,-0.7195,1.4903374,-0.04598125969825851
2,1,230195.3496174584,-0.7195,1.490051,-0.04698084858726131
2,1,230200.34961824073,-0.7195,1.489612,-0.047980440233505436
2,1,230205.34961902304,-0.7195,1.4891729,-0.04898003367576335
2,1,230210.34961980535,-0.7195,1.4892112,-0.049979620900097825
2,1,230215.34962058766,-0.7195,1.4890966,-0.05097921189218429
2,1,230220.34962136997,-0.7195,1.4890776,-0.0519787994179229
2,1,230225.34962215228,-0.7195,1.4887531,-0.052978389115737545
2,1,230230.3496229346,-0.7195,1.4883522,-0.05397797852484385
2,1,230235.3496237169,-0.7195,1.4883713,-0.05497756719226307
2,1,230240.3496244992,-0.7195,1.4881041,-0.05597715918806195
2,1,230245.34962528152,-0.7195,1.4877604,-0.056976751480244926
2,1,230250.34962606383,-0.7195,1.4876077,-0.057976346410406956
2,1,230255.34962684615,-0.7195,1.4876268,-0.05897594236693779
2,1,230260.34962762846,-0.7195,1.4874933,-0.05997553713091214
2,1,230265.34962841077,-0.7195,1.4875886,-0.060975134147521516
2,1,230270.34962919308,-0.7195,1.4872451,-0.06197472746348381
2,1,230275.3496299754,-0.7195,1.4871114,-0.06297432281717658
2,1,230280.3496307577,-0.7195,1.4870352,-0.06397391903646456
2,1,230285.34963154,-0.7195,1.4869969,-0.064973512025651
2,1,230290.34963232232,-0.7195,1.4869587,-0.06597310697193941
2,1,230295.34963310463,-0.7195,1.4867107,-0.06697269766559535
2,1,230300.34963388694,-0.7195,1.4867297,-0.06797228941602178
2,1,230305.34963466926,-0.7195,1.4867297,-0.06897187953662873
2,1,230310.34963545157,-0.7195,1.4866533,-0.06997147025642461
2,1,230315.34963623388,-0.7195,1.4864625,-0.07097106023500031
2,1,230320.3496370162,-0.7195,1.4865006,-0.07197064928129646
2,1,230325.3496377985,-0.7195,1.4867297,-0.07297024111286798
2,1,230330.3496385808,-0.7195,1.4864243,-0.07396983176276749
2,1,230335.34963936312,-0.7195,1.4863098,-0.07496941948617497
2,1,230340.34964014543,-0.7195,1.4862716,-0.0759690096201731
2,1,230345.34964092774,-0.7195,1.4863288,-0.0769685967040426
2,1,230350.34964171005,-0.7195,1.4863288,-0.07796818449903195
2,1,230355.34964249237,-0.7195,1.4861952,-0.07896777409817111
2,1,230360.34964327468,-0.7195,1.4861189,-0.07996736539329753
2,1,230365.349644057,-0.7195,1.485928,-0.08096695641070935
2,1,230370.3496448393,-0.7195,1.4862525,-0.08196654832979043
2,1,230375.3496456216,-0.7195,1.4857371,-0.08296613931118117
2,1,230380.34964640392,-0.7195,1.4856608,-0.08396572963140739
2,1,230385.34964718623,-0.7195,1.4854699,-0.08496532139343023
2,1,230390.34964796854,-0.7195,1.485718,-0.08596491441232959
2,1,230395.34964875085,-0.7195,1.4856608,-0.0869645064240959
2,1,230400.34964953316,-0.7195,1.4856799,-0.08796409926247928
2,1,230405.34965031547,-0.7195,1.4854126,-0.08896369204657939
2,1,230410.3496510978,-0.7195,1.4854317,-0.08996328369877074
2,1,230415.3496518801,-0.7195,1.4852791,-0.09096287888771959
2,1,230420.3496526624,-0.7195,1.4852217,-0.09196247583704525
2,1,230425.34965344472,-0.7195,1.4851836,-0.0929620735067659
2,1,230430.34965422703,-0.7195,1.4850118,-0.09396167087973158
2,1,230435.34965500934,-0.7195,1.4848018,-0.0949612678802775
2,1,230440.34965579165,-0.7195,1.4846683,-0.09596086491510604
2,1,230445.34965657396,-0.7195,1.4846873,-0.09696046303904389
2,1,230450.34965735627,-0.7195,1.4845346,-0.09796005826751393
2,1,230455.34965813858,-0.7195,1.4846109,-0.09895965302889216
2,1,230460.3496589209,-0.7195,1.4844391,-0.09995924583654273
2,1,230465.3496597032,-0.7195,1.4841719,-0.10095883753557008
2,1,230470.34966048552,-0.7195,1.4841528,-0.10195842910921245
2,1,230475.34966126783,-0.7195,1.4841719,-0.10295802285370895
2,1,230480.34966205014,-0.7195,1.4840765,-0.10395761520469853
2,1,230485.34966283245,-0.7195,1.4840956,-0.1049572087799642
2,1,230490.34966361476,-0.7195,1.4838665,-0.10595680059616766
2,1,230495.34966439707,-0.7195,1.4838092,-0.10695639473013085
2,1,230500.34966517938,-0.7195,1.4834847,-0.10795599232526623
2,1,230505.3496659617,-0.7195,1.4837139,-0.10895558689041274
2,1,230510.349666744,-0.7195,1.4835038,-0.10995518129206039
2,1,230515.34966752632,-0.7195,1.4832366,-0.11095477765118418
2,1,230520.34966830863,-0.7195,1.483542,-0.11195437663988939
2,1,230525.34966909094,-0.7195,1.483103,-0.11295397531095813
2,1,230530.34966987325,-0.7195,1.4830266,-0.11395357401673996
2,1,230535.34967065556,-0.7195,1.4829121,-0.1149531700433758
2,1,230540.34967143787,-0.7195,1.482893,-0.11595276624135512
2,1,230545.34967222018,-0.7195,1.4826066,-0.11695236126812303
2,1,230550.3496730025,-0.7195,1.4826258,-0.11795195540128486
2,1,230555.3496737848,-0.7195,1.482454,-0.11895155004958646
2,1,230560.34967456711,-0.7195,1.4823014,-0.11995114663882392
2,1,230565.34967534943,-0.7195,1.4819577,-0.12095074406933788
2,1,230570.34967613174,-0.7195,1.4821486,-0.12195033877365129
2,1,230575.34967691405,-0.7195,1.4818623,-0.12294993360273046
2,1,230580.34967769636,-0.7195,1.481805,-0.1239495313640767
2,1,230585.34967847867,-0.7195,1.481595,-0.12494912978608744
2,1,230590.34967926098,-0.7195,1.4812706,-0.12594873010582067
2,1,230595.3496800433,-0.7195,1.4810033,-0.1269483291097317
2,1,230600.3496808256,-0.7195,1.4810033,-0.12794792644007344
2,1,230605.3496816079,-0.7195,1.4808887,-0.12894752499325413
2,1,230610.34968239022,-0.7195,1.4807361,-0.12994712462519278
2,1,230615.34968317254,-0.7195,1.4804689,-0.1309467265863485
2,1,230620.34968395485,-0.7195,1.4802207,-0.1319463261621429
2,1,230625.34968473716,-0.7195,1.480068,-0.13294592613166242
2,1,230630.34968551947,-0.7195,1.4799343,-0.13394552591453993
2,1,230635.34968630178,-0.7195,1.4796098,-0.13494512693914443
2,1,230640.3496870841,-0.7195,1.4791709,-0.13594472688740825
2,1,230645.3496878664,-0.7195,1.4790373,-0.1369443289819062
2,1,230650.3496886487,-0.7195,1.4788272,-0.13794392874242534
2,1,230655.34968943102,-0.7195,1.4786745,-0.138943527141985
2,1,230660.34969021333,-0.7195,1.4785982,-0.13994312554585606
2,1,230665.34969099564,-0.7195,1.4784265,-0.14094272383516368
2,1,230670.34969177796,-0.7195,1.4780256,-0.14194232434522777
2,1,230675.34969256027,-0.7195,1.4778728,-0.1429419256099794
2,1,230680.34969334258,-0.7195,1.4778156,-0.14394152550879125
2,1,230685.3496941249,-0.7195,1.4773766,-0.14494112691910072
2,1,230690.3496949072,-0.7195,1.4773575,-0.14594072953635126
2,1,230695.3496956895,-0.7195,1.4767848,-0.14694033050348032
2,1,230700.34969647182,-0.7195,1.4764413,-0.14793993321454527
2,1,230705.34969725413,-0.7195,1.476365,-0.14893953579152958
2,1,230710.34969803644,-0.7195,1.4759068,-0.1499391416847077
2,1,230715.34969881875,-0.7195,1.4757159,-0.15093874747865402
2,1,230720.34969960107,-0.7195,1.4757159,-0.15193835531433095
2,1,230725.34970038338,-0.7195,1.4752579,-0.1529379619520605
2,1,230730.3497011657,-0.7195,1.4747424,-0.15393756417708268
2,1,230735.349701948,-0.7195,1.4747233,-0.1549371681320767
2,1,230740.3497027303,-0.7195,1.4741507,-0.15593677260178992
2,1,230745.34970351262,-0.7195,1.4740362,-0.1569363759745128
2,1,230750.34970429493,-0.7195,1.4738454,-0.15793597885352376
2,1,230755.34970507724,-0.7195,1.4735208,-0.15893558119312592
2,1,230760.34970585955,-0.7195,1.4733872,-0.159935183151318
2,1,230765.34970664186,-0.7195,1.4728718,-0.16093478602940842
2,1,230770.34970742417,-0.7195,1.4728527,-0.16193438975692462
2,1,230775.3497082065,-0.7195,1.4724329,-0.162933996825705
2,1,230780.3497089888,-0.7195,1.4721082,-0.16393360669152277
2,1,230785.3497097711,-0.7195,1.4716502,-0.16493321363101074
2,1,230790.34971055342,-0.7195,1.4712303,-0.16593281756119266
2,1,230795.34971133573,-0.7195,1.4710011,-0.1669324197059042
2,1,230800.34971211804,-0.7195,1.4708103,-0.16793202094676096
2,1,230805.34971290035,-0.7195,1.4705049,-0.16893162446652518
2,1,230810.34971368266,-0.7195,1.4701804,-0.16993122866287166
2,1,230815.34971446497,-0.7195,1.4694551,-0.17093083184884655
2,1,230820.34971524728,-0.7195,1.4690733,-0.17193043603341449
2,1,230825.3497160296,-0.7195,1.4689015,-0.17293003929225606
2,1,230830.3497168119,-0.7195,1.4684625,-0.173929638153053
2,1,230835.34971759422,-0.7195,1.4683479,-0.17492923792539372
2,1,230840.34971837653,-0.7195,1.468157,-0.1759288400109245
2,1,230845.34971915884,-0.7195,1.4676989,-0.17692844957840445
2,1,230850.34971994115,-0.7195,1.4673935,-0.17792805790138577
2,1,230855.34972072346,-0.7195,1.467069,-0.17892766162248455
2,1,230860.34972150577,-0.7195,1.46663,-0.17992726133338283
2,1,230865.34972228808,-0.7195,1.4659429,-0.18092686051190895
2,1,230870.3497230704,-0.7195,1.4653511,-0.18192645981409816
2,1,230875.3497238527,-0.7195,1.4651793,-0.18292605884986454
2,1,230880.34972463502,-0.7195,1.464683,-0.18392565678382253
2,1,230885.34972541733,-0.7195,1.4643013,-0.18492525430711443
2,1,230890.34972619964,-0.7195,1.4639386,-0.18592485530859232
2,1,230895.34972698195,-0.7195,1.463595,-0.18692445749891798
2,1,230900.34972776426,-0.7195,1.462946,-0.18792405806724893
2,1,230905.34972854657,-0.7195,1.4626025,-0.188923657877581
2,1,230910.34972932888,-0.7195,1.4622589,-0.1899232564909657
2,1,230915.3497301112,-0.7195,1.4615335,-0.19092285355405678
2,1,230920.3497308935,-0.7195,1.4612472,-0.19192245008674597
2,1,230925.34973167581,-0.7195,1.4606555,-0.1929220464936528
2,1,230930.34973245813,-0.7195,1.4601783,-0.19392164197252856
2,1,230935.34973324044,-0.7195,1.4598156,-0.1949212363790671
2,1,230940.34973402275,-0.7195,1.4595102,-0.19592083145224387
2,1,230945.34973480506,-0.7195,1.4588422,-0.19692042607383597
2,1,230950.34973558737,-0.7195,1.4585558,-0.19792001981168325
2,1,230955.34973636968,-0.7195,1.4583459,-0.1989196090723243
2,1,230960.349737152,-0.7195,1.4579068,-0.19991920157117316
2,1,230965.34973793384,-0.7195,1.4573915,-0.20091879601887533
2,1,230970.34973871615,-0.7195,1.4569715,-0.20191838837250406
2,1,230975.34973949846,-0.7195,1.4565325,-0.20291797902725472
2,1,230980.34974028077,-0.7195,1.4559598,-0.2039175716439022
2,1,230985.34974106308,-0.7195,1.4555781,-0.20491716516099706
2,1,230990.3497418454,-0.7195,1.4550437,-0.20591675671682094
2,1,230995.3497426277,-0.7195,1.4546046,-0.20691634873105422
2,1,231000.34974341,-0.7195,1.4538792,-0.2079159423205687
2,1,231005.34974419232,-0.7195,1.4535738,-0.2089155357912514
2,1,231010.34974497464,-0.7195,1.4530585,-0.20991513006775248
2,1,231015.34974575695,-0.7195,1.4524286,-0.21091472569813333
2,1,231020.34974653926,-0.7195,1.4520086,-0.2119143186025752
2,1,231025.34974732157,-0.7195,1.4511497,-0.2129139132735034
2,1,231030.34974810388,-0.7195,1.4507297,-0.21391351016088658
2,1,231035.3497488862,-0.7195,1.4502907,-0.21491310795743268
2,1,231040.3497496685,-0.7195,1.4497372,-0.21591270294113293
2,1,231045.3497504508,-0.7195,1.4494127,-0.21691229400980805
2,1,231050.34975123312,-0.7195,1.4487064,-0.21791188750475315
2,1,231055.34975201543,-0.7195,1.4480956,-0.2189114800264107
2,1,231060.34975279775,-0.7195,1.4473511,-0.21991107235455845
2,1,231065.34975358006,-0.7195,1.446893,-0.22091066691327096
2,1,231070.34975436237,-0.7195,1.4461486,-0.22191026268465322
2,1,231075.34975514468,-0.7195,1.4456141,-0.2229098565841251
2,1,231080.349755927,-0.7195,1.4449079,-0.22390945018171934
2,1,231085.3497567093,-0.7195,1.4445261,-0.22490904416892926
2,1,231090.3497574916,-0.7195,1.443839,-0.22590863794678118
2,1,231095.34975827392,-0.7195,1.4433045,-0.22690823206494914
2,1,231100.34975905623,-0.7195,1.4429227,-0.2279078223592639
2,1,231105.34975983854,-0.7195,1.4422547,-0.22890741487095093
2,1,231110.34976062085,-0.7195,1.4416438,-0.22990700581659212
2,1,231115.34976140317,-0.7195,1.4408231,-0.2309065979164574
2,1,231120.34976218548,-0.7195,1.4403459,-0.23190618345655337
2,1,231125.3497629678,-0.7195,1.4396777,-0.23290577585959105
2,1,231130.3497637501,-0.7195,1.4391814,-0.23390537213287751
2,1,231135.3497645324,-0.7195,1.438647,-0.234904967239615
2,1,231140.34976531472,-0.7195,1.4380171,-0.23590456178657213
2,1,231145.34976609703,-0.7195,1.4372154,-0.2369041573506726
2,1,231150.34976687934,-0.7195,1.4367573,-0.23790375470613107
2,1,231155.34976766165,-0.7195,1.4360319,-0.23890335024911824
2,1,231160.34976844396,-0.7195,1.4353639,-0.23990294264783457
2,1,231165.34976922628,-0.7195,1.4350013,-0.24090253200095887
2,1,231170.3497700086,-0.7195,1.4342949,-0.24190212416554818
2,1,231175.3497707909,-0.7195,1.4334168,-0.24290171718841788
2,1,231180.3497715732,-0.7195,1.4331306,-0.24390131081881786
2,1,231185.34977235552,-0.7195,1.432348,-0.24490090667535858
2,1,231190.34977313783,-0.7195,1.4315654,-0.24590050267562266
2,1,231195.34977392014,-0.7195,1.4307828,-0.24690009596508405
2,1,231200.34977470245,-0.7195,1.4303247,-0.24789969620413246
2,1,231205.34977548476,-0.7195,1.4295802,-0.24889928779956694
2,1,231210.34977626707,-0.7195,1.4287404,-0.24989888533062732
2,1,231215.34977704939,-0.7195,1.4282823,-0.25089847627948053
2,1,231220.3497778317,-0.7195,1.427347,-0.25189807087491944
2,1,231225.349778614,-0.7195,1.4266788,-0.25289766617179577
2,1,231230.34977939632,-0.7195,1.4260298,-0.2538972615097463
2,1,231235.34978017863,-0.7195,1.4251709,-0.2548968531721731
2,1,231240.34978096094,-0.7195,1.4243692,-0.2558964465780324
2,1,231245.34978174325,-0.7195,1.423453,-0.25689604037178554
2,1,231250.34978252556,-0.7195,1.4229949,-0.2578956335635086
2,1,231255.34978330787,-0.7195,1.4221932,-0.2588952251550025
2,1,231260.34978409018,-0.7195,1.4214869,-0.2598948173692193
2,1,231265.3497848725,-0.7195,1.420647,-0.260894410405053
2,1,231270.3497856548,-0.7195,1.4197689,-0.26189400331527984
2,1,231275.34978643712,-0.7195,1.4192917,-0.2628935964689387
2,1,231280.34978721943,-0.7195,1.4184519,-0.26389319647899595
2,1,231285.34978800174,-0.7195,1.4177839,-0.26489279664252524
2,1,231290.34978878405,-0.7195,1.4167912,-0.26589239713651924
2,1,231295.34978956636,-0.7195,1.4160277,-0.26689199791961565
2,1,231300.34979034867,-0.7195,1.4155697,-0.26789159788141303
2,1,231305.34979113098,-0.7195,1.4146916,-0.268891196765181
2,1,231310.3497919133,-0.7195,1.4138708,-0.2698907907429932
2,1,231315.3497926956,-0.7195,1.4129546,-0.2708903861949078
2,1,231320.34979347792,-0.7195,1.4120383,-0.2718899815828832
2,1,231325.34979426023,-0.7195,1.4111794,-0.2728895783073768
2,1,231330.34979504254,-0.7195,1.4105495,-0.2738891742638646
2,1,231335.34979582485,-0.7195,1.4094042,-0.2748887680124904
2,1,231340.34979660716,-0.7195,1.4086215,-0.2758883599478866
2,1,231345.34979738947,-0.7195,1.4078199,-0.2768879502297572
2,1,231350.34979817178,-0.7195,1.4065791,-0.2778875430170594
2,1,231355.3497989541,-0.7195,1.4060447,-0.2788871354995766
2,1,231360.3497997364,-0.7195,1.4049376,-0.279886731981784
2,1,231365.3498005187,-0.7195,1.4040977,-0.28088632543637676
2,1,231370.34980130102,-0.7195,1.4033151,-0.28188592188731154
2,1,231375.34980208334,-0.7195,1.402628,-0.2828855179446272
2,1,231380.34980286565,-0.7195,1.4015399,-0.28388511240315756
2,1,231385.34980364796,-0.7195,1.4004519,-0.28488471078635574
2,1,231390.34980443027,-0.7195,1.3998601,-0.2858843081419864
2,1,231395.34980521258,-0.7195,1.3986385,-0.28688390068004516
2,1,231400.3498059949,-0.7195,1.3978751,-0.28788349185551193
2,1,231405.3498067772,-0.7195,1.3968252,-0.2888830800512763
2,1,231410.3498075595,-0.7195,1.3958899,-0.28988266397139745
2,1,231415.34980834182,-0.7195,1.3948973,-0.29088225630940645
2,1,231420.34980912413,-0.7195,1.3943056,-0.2918818470596239
2,1,231425.34980990645,-0.7195,1.393523,-0.29288143596830946
2,1,231430.34981068876,-0.7195,1.3922822,-0.29388102428699847
2,1,231435.34981147107,-0.7195,1.3914996,-0.2948806150397425
2,1,231440.34981225338,-0.7195,1.3900299,-0.29588020982577057
2,1,231445.3498130357,-0.7195,1.3889036,-0.2968798059806425
2,1,231450.349813818,-0.7195,1.3879683,-0.29787940245318734
2,1,231455.3498146003,-0.7195,1.387033,-0.29887899597420614
2,1,231460.34981538262,-0.7195,1.3861741,-0.299878589783377
2,1,231465.34981616493,-0.7195,1.3853151,-0.300878181884441
2,1,231470.34981694724,-0.7195,1.384208,-0.3018777764961851
2,1,231475.34981772956,-0.7195,1.3833109,-0.3028773738799392
2,1,231480.34981851187,-0.7195,1.3824328,-0.30387696971632694
2,1,231485.34981929418,-0.7195,1.381593,-0.30487656201938446
2,1,231490.3498200765,-0.7195,1.3803332,-0.30587615552289277
2,1,231495.3498208588,-0.7195,1.3793405,-0.30687574918335003
2,1,231500.3498216411,-0.7195,1.3783098,-0.3078753420829937
2,1,231505.34982242342,-0.7195,1.3773172,-0.3088749337875709
2,1,231510.34982320573,-0.7195,1.3763628,-0.3098745226892397
2,1,231515.34982398804,-0.7195,1.3752366,-0.31087410977763585
2,1,231520.34982477035,-0.7195,1.3742441,-0.311873696390632
2,1,231525.34982555266,-0.7195,1.3733088,-0.31287328326962377
2,1,231530.34982633498,-0.7195,1.3722017,-0.3138728723323443
2,1,231535.3498271173,-0.7195,1.3714,-0.3148724605926108
2,1,231540.3498278996,-0.7195,1.3699492,-0.31587205044042055
2,1,231545.3498286819,-0.7195,1.3690139,-0.31687164121236056
2,1,231550.34982946422,-0.7195,1.3679068,-0.317871231747488
2,1,231555.34983024653,-0.7195,1.3669524,-0.31887082343405465
2,1,231560.34983102884,-0.7195,1.36575,-0.3198704161429105
2,1,231565.34983181115,-0.7195,1.3645474,-0.3208700094144342
2,1,231570.34983259346,-0.7195,1.363612,-0.32186960186455293
2,1,231575.34983337577,-0.7195,1.3625622,-0.3228691932995714
2,1,231580.34983415809,-0.7195,1.3613597,-0.3238687836365101
2,1,231585.3498349404,-0.7195,1.3599854,-0.3248683732567096
2,1,231590.3498357227,-0.7195,1.3588973,-0.32586796255405387
2,1,231595.34983650502,-0.7195,1.3575994,-0.32686755229104864
2,1,231600.34983728733,-0.7195,1.3566449,-0.3278671434717043
2,1,231605.34983806964,-0.7195,1.3555378,-0.32886673401017624
2,1,231610.34983885195,-0.7195,1.3546216,-0.3298663237434093
2,1,231615.34983963426,-0.7195,1.3535718,-0.3308659136570755
2,1,231620.34984041657,-0.7195,1.3522165,-0.3318655005679856
2,1,231625.34984119888,-0.7195,1.3513193,-0.3328650871505403
2,1,231630.3498419812,-0.7195,1.3502696,-0.3338646749249528
2,1,231635.3498427635,-0.7195,1.3485135,-0.33486426443984413
2,1,231640.34984354582,-0.7195,1.3475399,-0.3358638524611258
2,1,231645.34984432813,-0.7195,1.3464137,-0.33686344164060855
2,1,231650.34984511044,-0.7195,1.345173,-0.3378630296182861
2,1,231655.34984589275,-0.7195,1.3443713,-0.33886261878763274
2,1,231660.34984667506,-0.7195,1.343207,-0.33986220584732924
2,1,231665.34984745737,-0.7195,1.3417754,-0.3408617934284902
2,1,231670.34984823968,-0.7195,1.3408018,-0.3418613842779163
2,1,231675.349849022,-0.7195,1.3392557,-0.342860972002645
2,1,231680.3498498043,-0.7195,1.3376714,-0.343860559759792
2,1,231685.34985058662,-0.7195,1.3368125,-0.34486014680309063
2,1,231690.34985136893,-0.7195,1.335419,-0.34585973499075867
2,1,231695.34985215124,-0.7195,1.334312,-0.34685932322013013
2,1,231700.34985293355,-0.7195,1.3329948,-0.3478589089627594
2,1,231705.34985371586,-0.7195,1.3316206,-0.3488584939608836
2,1,231710.34985449817,-0.7195,1.3301507,-0.3498580753647384
2,1,231715.34985528048,-0.7195,1.32891,-0.35085766009643976
2,1,231720.3498560628,-0.7195,1.3277075,-0.3518572460781399
2,1,231725.3498568451,-0.7195,1.3264859,-0.35285683146222735
2,1,231730.3498576274,-0.7195,1.325436,-0.35385641863382494
2,1,231735.34985840973,-0.7195,1.3240616,-0.35485600746725965
2,1,231740.34985919204,-0.7195,1.3226874,-0.35585559714622267
2,1,231745.34985997435,-0.7195,1.3216566,-0.35685519171063407
2,1,231750.34986075666,-0.7195,1.3201869,-0.35785478519511527
2,1,231755.34986153897,-0.7195,1.3193278,-0.3588543747753068
2,1,231760.34986232128,-0.7195,1.318068,-0.3598539633784391
2,1,231765.3498631036,-0.7195,1.3169991,-0.3608535517970487
2,1,231770.3498638859,-0.7195,1.3156056,-0.3618531371600924
2,1,231775.3498646682,-0.7195,1.3142123,-0.3628527230188811
2,1,231780.34986545052,-0.7195,1.3128952,-0.3638523092766733
2,1,231785.34986623283,-0.7195,1.3111963,-0.36485189551422303
2,1,231790.34986701515,-0.7195,1.3101083,-0.36585147781737287
2,1,231795.34986779746,-0.7195,1.3087531,-0.36685105949971053
2,1,231800.34986857977,-0.7195,1.3073406,-0.36785063799873297
2,1,231805.34986936208,-0.7195,1.306348,-0.3688502166008582
2,1,231810.3498701444,-0.7195,1.304611,-0.36984979652675626
2,1,231815.3498709267,-0.7195,1.3031031,-0.3708493773038716
2,1,231820.349871709,-0.7195,1.3024349,-0.37184895296723947
2,1,231825.34987249132,-0.7195,1.3009461,-0.37284853079616004
2,1,231830.34987327363,-0.7195,1.2994381,-0.37384810855423384
2,1,231835.34987405594,-0.7195,1.2978157,-0.3748476857836343
2,1,231840.34987483826,-0.7195,1.296575,-0.37584726334531743
2,1,231845.34987562057,-0.7195,1.2952579,-0.3768468384736045
2,1,231850.34987640288,-0.7195,1.2939599,-0.3778464142182036
2,1,231855.3498771852,-0.7195,1.2927,-0.3788459926284648
2,1,231860.3498779675,-0.7195,1.2912303,-0.3798455736018383
2,1,231865.3498787498,-0.7195,1.2898178,-0.3808451513004498
2,1,231870.34987953212,-0.7195,1.2883672,-0.3818447333805028
2,1,231875.34988031443,-0.7195,1.2869164,-0.3828443146868411
2,1,231880.34988109674,-0.7195,1.285981,-0.383843895270685
2,1,231885.34988187905,-0.7195,1.2845495,-0.3848434753328393
2,1,231890.34988266136,-0.7195,1.2828698,-0.3858430560571118
2,1,231895.34988344368,-0.7195,1.2814,-0.3868426373431382
2,1,231900.349884226,-0.7195,1.2800065,-0.3878422176166174
2,1,231905.3498850083,-0.7195,1.2788613,-0.3888417979522411
2,1,231910.3498857906,-0.7195,1.2775633,-0.3898413789563044
2,1,231915.34988657292,-0.7195,1.2761699,-0.39084096163573834
2,1,231920.34988735523,-0.7195,1.2743756,-0.39184054551360975
2,1,231925.34988813754,-0.7195,1.2730776,-0.39284012973174093
2,1,231930.34988891985,-0.7195,1.2721041,-0.39383970772923005
2,1,231935.34988970216,-0.7195,1.270558,-0.3948392870152093
2,1,231940.34989048447,-0.7195,1.2689164,-0.3958388647002972
2,1,231945.3498912668,-0.7195,1.2673894,-0.39683844272782376
2,1,231950.3498920491,-0.7195,1.2656524,-0.39783802453365563
2,1,231955.3498928314,-0.7195,1.2642207,-0.3988376071364744
2,1,231960.34989361372,-0.7195,1.2628274,-0.39983719085048275
2,1,231965.34989439603,-0.7195,1.2614912,-0.4008367726515694
2,1,231970.34989517834,-0.7195,1.2596778,-0.40183635591502953
2,1,231975.34989596065,-0.7195,1.258189,-0.40283594061605765
2,1,231980.34989674296,-0.7195,1.2569292,-0.4038355268034899
2,1,231985.34989752527,-0.7195,1.2554785,-0.40483511394443084
2,1,231990.34989830758,-0.7195,1.2537606,-0.4058347011836532
2,1,231995.3498990899,-0.7195,1.252329,-0.4068342872000433
2,1,232000.3498998722,-0.7195,1.2513937,-0.40783387311644986
2,1,232005.34990065452,-0.7195,1.2495421,-0.4088334560294314
2,1,232010.34990143683,-0.7195,1.2477478,-0.40983303819077516
2,1,232015.34990221914,-0.7195,1.2466025,-0.4108326215356221
2,1,232020.34990300145,-0.7195,1.2450564,-0.4118322040891777
2,1,232025.34990378376,-0.7195,1.2435102,-0.41283178478994936
2,1,232030.34990456607,-0.7195,1.2423078,-0.41383136718133723
2,1,232035.34990534838,-0.7195,1.2407807,-0.4148309496818712
2,1,232040.3499061307,-0.7195,1.2390819,-0.4158305328128335
2,1,232045.349906913,-0.7195,1.2379748,-0.4168301162480411
2,1,232050.34990769532,-0.7195,1.2366004,-0.4178297003536917
2,1,232055.34990847763,-0.7195,1.2350543,-0.41882928770055017
2,1,232060.34990925994,-0.7195,1.2337945,-0.41982887257848156
2,1,232065.34991004225,-0.7195,1.2323247,-0.4208284564238221
2,1,232070.34991082456,-0.7195,1.2305686,-0.4218280409927299
2,1,232075.34991160687,-0.7195,1.2289652,-0.42282762430209225
2,1,232080.34991238918,-0.7195,1.2274191,-0.4238272061869698
2,1,232085.3499131715,-0.7195,1.225682,-0.424826788703385
2,1,232090.3499139538,-0.7195,1.2244986,-0.4258263672281501
2,1,232095.3499147361,-0.7195,1.2229716,-0.4268259482603004
2,1,232100.34991551843,-0.7195,1.22133,-0.42782552889680836
2,1,232105.34991630074,-0.7195,1.2199366,-0.42882511164074116
2,1,232110.34991708305,-0.7195,1.218066,-0.4298246955608524
2,1,232115.34991786536,-0.7195,1.2160426,-0.4308242786449522
2,1,232120.34991864767,-0.7195,1.2146301,-0.4318238653338979
2,1,232125.34991942998,-0.7195,1.2127595,-0.4328234511884878
2,1,232130.3499202123,-0.7195,1.2110034,-0.43382303605749506
2,1,232135.3499209946,-0.7195,1.2095528,-0.4348226186462439
2,1,232140.3499217769,-0.7195,1.2082165,-0.4358222011077434
2,1,232145.34992255922,-0.7195,1.2069758,-0.436821785769045
2,1,232150.34992334154,-0.7195,1.2054678,-0.43782137175910635
2,1,232155.34992412385,-0.7195,1.203979,-0.4388209574694431
2,1,232160.34992490616,-0.7195,1.2026237,-0.4398205409935245
2,1,232165.34992568847,-0.7195,1.2010204,-0.4408201248500012
2,1,232168.1011261195,-0.7195,1.200085,-0.4413701345610184
2,1,232168.10132611962,-0.7195,1.2001041,-0.44137017454271477
2,2,232168.10212612012,0.7195,1.4101806,7.92365272839864e-08
2,2,232173.1021269029,0.7195,1.7234019,0.0009990558136337333
2,2,232178.1021276852,0.7195,1.7979789,0.0019980330119132995
2,2,232183.10212846752,0.7195,1.8538876,0.002997009435948398
2,2,232188.10212924983,0.7195,1.8998706,0.003995984908574157
2,2,232193.10213003214,0.7195,1.9398981,0.004994960060874621
2,2,232198.10213081446,0.7195,1.9756691,0.005993934128165245
2,2,232203.10213159677,0.7195,2.0078325,0.006992907760222753
2,2,232208.10213237908,0.7195,2.0371706,0.007991880390521552
2,2,232213.1021331614,0.7195,2.0640466,0.008990852532929843
2,2,232218.1021339437,0.7195,2.0886703,0.009989824338727527
2,2,232223.102134726,0.7195,2.1113658,0.010988797263327571
2,2,232228.10213550832,0.7195,2.1321144,0.011987769597586658
2,2,232233.10213629063,0.7195,2.1514316,0.012986741838653882
2,2,232238.10213707294,0.7195,2.169107,0.013985715541832977
2,2,232243.10213785525,0.7195,2.1853127,0.014984690679639577
2,2,232248.10213863757,0.7195,2.2006786,0.01598366489573982
2,2,232253.10213941988,0.7195,2.214651,0.016982640274948543
2,2,232258.1021402022,0.7195,2.2275927,0.01798161369651556
2,2,232263.1021409845,0.7195,2.23958,0.018980587669408983
2,2,232268.1021417668,0.7195,2.2509756,0.019979561297989553
2,2,232273.10214254912,0.7195,2.2613976,0.020978535177157982
2,2,232278.10214333143,0.7195,2.2713807,0.02197750751649671
2,2,232283.10214411374,0.7195,2.2805429,0.022976479116426574
2,2,232288.10214489605,0.7195,2.2891133,0.023975450113405784
2,2,232293.10214567836,0.7195,2.2974358,0.024974419487622048
2,2,232298.10214646067,0.7195,2.3048992,0.02597338719884223
2,2,232303.102147243,0.7195,2.3123055,0.026972355741855168
2,2,232308.1021480253,0.7195,2.3191197,0.02797132770391636
2,2,232313.1021488076,0.7195,2.3256097,0.028970300653649698
2,2,232318.10214958992,0.7195,2.3317943,0.029969273321959703
2,2,232323.10215037223,0.7195,2.337826,0.0309682440238893
2,2,232328.10215115454,0.7195,2.3436286,0.03196721455726358
2,2,232333.10215193685,0.7195,2.3494124,0.03296618536182244
2,2,232338.10215271916,0.7195,2.354719,0.0339651547284358
2,2,232343.10215350147,0.7195,2.3598154,0.03496412546736995
2,2,232348.10215428378,0.7195,2.3647592,0.03596309749493002
2,2,232353.1021550661,0.7195,2.3698366,0.03696206939636667
2,2,232358.1021558484,0.7195,2.3743606,0.037961036081929994
2,2,232363.10215663072,0.7195,2.3786743,0.0389600033551024
2,2,232368.10215741303,0.7195,2.3829882,0.03995896810863746
2,2,232373.10215819534,0.7195,2.3873212,0.040957936285611646
2,2,232378.10215897765,0.7195,2.391406,0.04195690702300269
2,2,232383.10215975996,0.7195,2.3956244,0.04295587765256562
2,2,232388.10216054227,0.7195,2.3997858,0.04395484737448227
2,2,232393.10216132458,0.7195,2.4038134,0.04495381555436384
2,2,232398.1021621069,0.7195,2.4078217,0.04595278350100913
2,2,232403.10216288874,0.7195,2.4116395,0.04695175091425576
2,2,232408.10216367105,0.7195,2.415266,0.04795072036190495
2,2,232413.10216445336,0.7195,2.4190836,0.0489496909707619
2,2,232418.10216523567,0.7195,2.4230158,0.04994866199940111
2,2,232423.10216601798,0.7195,2.4268334,0.05094763251382774
2,2,232428.1021668003,0.7195,2.4306319,0.05194660179701777
2,2,232433.1021675826,0.7195,2.4342396,0.052945572692914125
2,2,232438.10216836492,0.7195,2.4377708,0.053944543522354615
2,2,232443.10216914723,0.7195,2.441455,0.05494351279861727
2,2,232448.10216992954,0.7195,2.4450052,0.05594248213798469
2,2,232453.10217071185,0.7195,2.4487083,0.05694145142264497
2,2,232458.10217149416,0.7195,2.4524305,0.05794042031327882
2,2,232463.10217227647,0.7195,2.4559236,0.05893938955582843
2,2,232468.10217305878,0.7195,2.459493,0.05993835991344848
2,2,232473.1021738411,0.7195,2.4630625,0.06093732839993966
2,2,232478.1021746234,0.7195,2.466651,0.06193629467746614
2,2,232483.10217540571,0.7195,2.4703732,0.0629352630238566
2,2,232488.10217618803,0.7195,2.4740953,0.06393423363971047
2,2,232493.10217697034,0.7195,2.4777985,0.06493320289983683
2,2,232498.10217775265,0.7195,2.4811387,0.06593217260825303
2,2,232503.10217853496,0.7195,2.4847846,0.06693114054541455
2,2,232508.10217931727,0.7195,2.488564,0.067930111750712
2,2,232513.10218009958,0.7195,2.492248,0.06892908220269944
2,2,232518.1021808819,0.7195,2.4958746,0.0699280509551035
2,2,232523.1021816642,0.7195,2.4997497,0.07092702076595359
2,2,232528.1021824465,0.7195,2.5032618,0.07192598862801988
2,2,232533.10218322882,0.7195,2.5070603,0.07292495754135647
2,2,232538.10218401114,0.7195,2.5108206,0.07392392452442313
2,2,232543.10218479345,0.7195,2.5145428,0.0749228904473053
2,2,232548.10218557576,0.7195,2.5182078,0.07592185888610282
2,2,232553.10218635807,0.7195,2.5219872,0.07692082556742097
2,2,232558.10218714038,0.7195,2.5254993,0.07791979113612901
2,2,232563.1021879227,0.7195,2.5291452,0.07891875899812245
2,2,232568.102188705,0.7195,2.5330772,0.07991772603718768
2,2,232573.1021894873,0.7195,2.5367804,0.08091669087234798
2,2,232578.10219026962,0.7195,2.5405788,0.08191565243414373
2,2,232583.10219105193,0.7195,2.5443392,0.08291461453710659
2,2,232588.10219183424,0.7195,2.5480804,0.08391357640708152
2,2,232593.10219261656,0.7195,2.551898,0.08491254149570727
2,2,232598.10219339887,0.7195,2.5556583,0.0859115062752399
2,2,232603.10219418118,0.7195,2.5594378,0.08691047127538255
2,2,232608.1021949635,0.7195,2.563351,0.0879094381620685
2,2,232613.1021957458,0.7195,2.5672257,0.08890840749695232
2,2,232618.1021965281,0.7195,2.571005,0.08990737550083132
2,2,232623.10219731042,0.7195,2.57467,0.09090634342598913
2,2,232628.10219809273,0.7195,2.578755,0.09190531197726062
2,2,232633.10219887504,0.7195,2.5824962,0.09290427808925839
2,2,232638.10219965735,0.7195,2.5863519,0.09390324382290242
2,2,232643.10220043967,0.7195,2.5901122,0.09490221128037901
2,2,232648.10220122198,0.7195,2.5942352,0.09590117609402204
2,2,232653.1022020043,0.7195,2.597652,0.09690014188136656
2,2,232658.1022027866,0.7195,2.6013741,0.09789910693054066
2,2,232663.1022035689,0.7195,2.6053064,0.09889807001226478
2,2,232668.10220435122,0.7195,2.6088758,0.09989703368698556
2,2,232673.10220513353,0.7195,2.6126742,0.10089599997182686
2,2,232678.10220591584,0.7195,2.61653,0.10189496755461559
2,2,232683.10220669815,0.7195,2.6199467,0.1028939366021653
2,2,232688.10220748046,0.7195,2.6235354,0.10389290556034776
2,2,232693.10220826278,0.7195,2.6269903,0.10489187141413159
2,2,232698.1022090451,0.7195,2.6303308,0.10589083799350262
2,2,232703.1022098274,0.7195,2.6339574,0.10688980118486285
2,2,232708.1022106097,0.7195,2.6372216,0.107888767195089
2,2,232713.10221139202,0.7195,2.6403327,0.10888773221219249
2,2,232718.10221217433,0.7195,2.6439404,0.10988669720718265
2,2,232723.10221295664,0.7195,2.647128,0.11088566012977892
2,2,232728.10221373895,0.7195,2.6499531,0.1118846200197902
2,2,232733.10221452126,0.7195,2.6530645,0.11288357932469249
2,2,232738.10221530357,0.7195,2.656004,0.11388254282430477
2,2,232743.10221608588,0.7195,2.6589627,0.11488150792566273
2,2,232748.1022168682,0.7195,2.6617305,0.1158804740329451
2,2,232753.1022176505,0.7195,2.6645365,0.11687943682361973
2,2,232758.10221843282,0.7195,2.666865,0.1178783989219798
2,2,232763.10221921513,0.7195,2.6693275,0.1188773609131111
2,2,232768.10221999744,0.7195,2.67179,0.11987632401179274
2,2,232773.10222077975,0.7195,2.6743095,0.12087528358581993
2,2,232778.10222156206,0.7195,2.676161,0.12187424530794885
2,2,232783.10222234437,0.7195,2.6782606,0.12287321073235737
2,2,232788.10222312668,0.7195,2.6798642,0.12387217643866605
2,2,232793.102223909,0.7195,2.6818683,0.12487114199964536
2,2,232798.1022246913,0.7195,2.6835098,0.12587011039663684
2,2,232803.10222547362,0.7195,2.6851707,0.1268690807888872
2,2,232808.10222625593,0.7195,2.6866403,0.127868051328467
2,2,232813.10222703824,0.7195,2.6882246,0.12886702213224768
2,2,232818.10222782055,0.7195,2.6896753,0.1298659944029119
2,2,232823.10222860286,0.7195,2.690878,0.13086496689029864
2,2,232828.10222938517,0.7195,2.692195,0.13186393871021931
2,2,232833.10223016748,0.7195,2.6933212,0.13286290910485055
2,2,232838.1022309498,0.7195,2.694371,0.13386187952242626
2,2,232843.1022317321,0.7195,2.69502,0.13486084862671627
2,2,232848.10223251441,0.7195,2.6962225,0.13585981575825148
2,2,232853.10223329673,0.7195,2.6971006,0.13685877685723372
2,2,232858.10223407904,0.7195,2.698074,0.13785773859313794
2,2,232863.10223486135,0.7195,2.6990094,0.13885670569971537
2,2,232868.10223564366,0.7195,2.6998491,0.13985567496189477
2,2,232873.10223642597,0.7195,2.700651,0.14085464623103872
2,2,232878.10223720828,0.7195,2.70088,0.14185361833846902
2,2,232883.1022379906,0.7195,2.7014909,0.14285258708416423
2,2,232888.1022387729,0.7195,2.7020442,0.14385155620913373
2,2,232893.1022395552,0.7195,2.7027125,0.144850523081349
2,2,232898.10224033752,0.7195,2.7031515,0.14584949167367814
2,2,232903.10224111984,0.7195,2.7034569,0.14684846197268364
2,2,232908.10224190215,0.7195,2.7039914,0.1478474333471457
2,2,232913.10224268446,0.7195,2.704583,0.14884640283102127
2,2,232918.10224346677,0.7195,2.7049267,0.14984537048290833
2,2,232923.10224424908,0.7195,2.7051938,0.15084433388367624
2,2,232928.1022450314,0.7195,2.705652,0.15184329902489646
2,2,232933.1022458137,0.7195,2.7058046,0.15284226556075278
2,2,232938.102246596,0.7195,2.7062247,0.15384123176956174
2,2,232943.10224737832,0.7195,2.7063391,0.15484019864880705
2,2,232948.10224816063,0.7195,2.7067974,0.15583916437198383
2,2,232953.10224894295,0.7195,2.7070835,0.15683812918518644
2,2,232958.10224972526,0.7195,2.7072172,0.1578370917021466
2,2,232963.10225050757,0.7195,2.7075036,0.15883605574077694
2,2,232968.10225128988,0.7195,2.7077327,0.15983502108430858
2,2,232973.1022520722,0.7195,2.708038,0.1608339882158736
2,2,232978.1022528545,0.7195,2.7081716,0.161832955017517
2,2,232983.1022536368,0.7195,2.7083051,0.16283192354323794
2,2,232988.10225441912,0.7195,2.7085915,0.1638308896787398
2,2,232993.10225520143,0.7195,2.7090497,0.16482985535596803
2,2,232998.10225598374,0.7195,2.7091641,0.16582882472378674
2,2,233003.10225676605,0.7195,2.709107,0.16682779512633877
2,2,233008.10225754837,0.7195,2.7094886,0.1678267666115297
2,2,233013.10225833068,0.7195,2.7098703,0.16882573654678132
2,2,233018.102259113,0.7195,2.709985,0.16982470601265298
2,2,233023.1022598953,0.7195,2.7100613,0.1708236768574516
2,2,233028.1022606776,0.7195,2.710424,0.17182264809972048
2,2,233033.10226145992,0.7195,2.7105958,0.17282161896423168
2,2,233038.10226224223,0.7195,2.711111,0.17382058975058795
2,2,233043.10226302454,0.7195,2.7109776,0.1748195604418748
2,2,233048.10226380685,0.7195,2.7113593,0.17581853338526024
2,2,233053.10226458916,0.7195,2.711493,0.17681750727053816
2,2,233058.10226537148,0.7195,2.7115884,0.17781648139973813
2,2,233063.1022661538,0.7195,2.7116838,0.17881545725475417
2,2,233068.1022669361,0.7195,2.7118747,0.17981443252977397
2,2,233073.1022677184,0.7195,2.7119129,0.1808134078242282
2,2,233078.10226850072,0.7195,2.7122183,0.18181238140885697
2,2,233083.10226928303,0.7195,2.7125428,0.18281135569961865
2,2,233088.10227006534,0.7195,2.712619,0.18381032947654194
2,2,233093.10227084765,0.7195,2.712829,0.1848093051452372
2,2,233098.10227162996,0.7195,2.7129054,0.18580828025192023
2,2,233103.10227241227,0.7195,2.7130008,0.18680725428813366
2,2,233108.10227319458,0.7195,2.7131917,0.18780622652365767
2,2,233113.1022739769,0.7195,2.7131917,0.18880520135724546
2,2,233118.1022747592,0.7195,2.7136307,0.18980417568102148
2,2,233123.10227554152,0.7195,2.713917,0.19080315022811295
2,2,233128.10227632383,0.7195,2.7138789,0.19180212292718227
2,2,233133.10227710614,0.7195,2.713917,0.1928010944630305
2,2,233138.10227788845,0.7195,2.7142606,0.19380007027445237
2,2,233143.10227867076,0.7195,2.714757,0.19479904392065606
2,2,233148.10227945307,0.7195,2.714585,0.19579801574748423
2,2,233153.10228023538,0.7195,2.7146997,0.19679699142875273
2,2,233158.1022810177,0.7195,2.714948,0.197795968120618
2,2,233163.1022818,0.7195,2.715406,0.19879494372451967
2,2,233168.10228258232,0.7195,2.7153678,0.19979392066727744
2,2,233173.10228336463,0.7195,2.7156923,0.20079289648216964
2,2,233178.10228414694,0.7195,2.7157495,0.2017918741199573
2,2,233183.10228492925,0.7195,2.7160358,0.20279085405933198
2,2,233188.10228571156,0.7195,2.7159023,0.20378983249394103
2,2,233193.10228649387,0.7195,2.7163603,0.20478881043762967
2,2,233198.10228727618,0.7195,2.7166848,0.2057877877601187
2,2,233203.1022880585,0.7195,2.7168186,0.20678676569142942
2,2,233208.1022888408,0.7195,2.7174485,0.20778574219427512
2,2,233213.10228962312,0.7195,2.717563,0.20878471592522005
2,2,233218.10229040543,0.7195,2.7179446,0.2097836920324035
2,2,233223.10229118774,0.7195,2.7183073,0.21078266869592344
2,2,233228.10229197005,0.7195,2.718212,0.21178164254351797
2,2,233233.10229275236,0.7195,2.7187846,0.21278061825445965
2,2,233238.10229353467,0.7195,2.7188609,0.2137795940043894
2,2,233243.10229431698,0.7195,2.718899,0.21477856941665882
2,2,233248.1022950993,0.7195,2.7194335,0.2157775457275312
2,2,233253.1022958816,0.7195,2.7199106,0.21677651731339767
2,2,233258.1022966639,0.7195,2.719968,0.21777549018273096
2,2,233263.10229744622,0.7195,2.720407,0.21877446405361434
2,2,233268.10229822854,0.7195,2.720598,0.21977343983273048
2,2,233273.10229901085,0.7195,2.7210178,0.2207724127669335
2,2,233278.10229979316,0.7195,2.7211895,0.22177138669761026
2,2,233283.10230057547,0.7195,2.7214568,0.22277035649087368
2,2,233288.10230135778,0.7195,2.7219532,0.22376932693285748
2,2,233293.1023021401,0.7195,2.722373,0.22476829867175557
2,2,233298.1023029224,0.7195,2.7224877,0.22576726754032908
2,2,233303.1023037047,0.7195,2.7228312,0.2267662390962674
2,2,233308.10230448702,0.7195,2.7232893,0.227765211077008
2,2,233313.10230526933,0.7195,2.723881,0.22876418256678185
2,2,233318.10230605165,0.7195,2.7238047,0.22976315233866706
2,2,233323.10230683396,0.7195,2.7241483,0.23076212166771295
2,2,233328.10230761627,0.7195,2.7242818,0.23176109247608984
2,2,233333.10230839858,0.7195,2.724721,0.23276006718373302
2,2,233338.1023091809,0.7195,2.7250454,0.23375904168719056
2,2,233343.1023099632,0.7195,2.7255416,0.23475801783695158
2,2,233348.1023107455,0.7195,2.725847,0.23575699311482579
2,2,233353.10231152782,0.7195,2.7261333,0.2367559693399039
2,2,233358.10231231013,0.7195,2.7268014,0.2377549439300895
2,2,233363.10231309244,0.7195,2.7270687,0.23875391628333928
2,2,233368.10231387476,0.7195,2.7272215,0.23975288729417327
2,2,233373.10231465707,0.7195,2.7276032,0.2407518589187066
2,2,233378.10231543938,0.7195,2.7279277,0.24175083324385355
2,2,233383.1023162217,0.7195,2.728195,0.24274980673625407
2,2,233388.102317004,0.7195,2.7285385,0.2437487799880472
2,2,233393.1023177863,0.7195,2.7291112,0.2447477542309
2,2,233398.10231856862,0.7195,2.729531,0.2457467305871348
2,2,233403.10231935093,0.7195,2.7295501,0.2467457061160439
2,2,233408.10232013324,0.7195,2.7304282,0.24774467823939528
2,2,233413.10232091555,0.7195,2.7307146,0.2487436490121683
2,2,233418.10232169786,0.7195,2.7313254,0.24974262299941652
2,2,233423.10232248018,0.7195,2.7315354,0.250741597116977
2,2,233428.1023232625,0.7195,2.7319934,0.2517405694810119
2,2,233433.1023240448,0.7195,2.732509,0.252739540089892
2,2,233438.1023248271,0.7195,2.733005,0.25373851081181564
2,2,233443.10232560942,0.7195,2.7335587,0.2547374814023011
2,2,233448.10232639173,0.7195,2.7339594,0.25573645358122055
2,2,233453.10232717404,0.7195,2.7342076,0.25673542730237375
2,2,233458.10232795635,0.7195,2.734494,0.2577343998333646
2,2,233463.10232873866,0.7195,2.735143,0.2587333716189894
2,2,233468.10232952097,0.7195,2.7357728,0.25973234072967366
2,2,233473.10233030329,0.7195,2.7363646,0.26073131153217616
2,2,233478.1023310856,0.7195,2.7368991,0.261730279716687
2,2,233483.1023318679,0.7195,2.7373571,0.26272924959885074
2,2,233488.10233265022,0.7195,2.737949,0.2637282215865651
2,2,233493.10233343253,0.7195,2.7382734,0.26472719511150317
2,2,233498.10233421484,0.7195,2.7385979,0.2657261689857145
2,2,233503.10233499715,0.7195,2.739457,0.266725143140922
2,2,233508.10233577946,0.7195,2.739705,0.26772411540293695
2,2,233513.10233656177,0.7195,2.7402585,0.26872308711838394
2,2,233518.10233734408,0.7195,2.7411747,0.2697220594413612
2,2,233523.1023381264,0.7195,2.741423,0.27072103119879964
2,2,233528.1023389087,0.7195,2.7419002,0.27172000206604274
2,2,233533.10233969102,0.7195,2.7423391,0.27271897525072764
2,2,233538.10234047333,0.7195,2.7433126,0.27371794758531126
2,2,233543.10234125564,0.7195,2.743828,0.27471692052373625
2,2,233548.10234203795,0.7195,2.7443624,0.27571589551760756
2,2,233553.10234282026,0.7195,2.7449732,0.27671486952821417
2,2,233558.10234360257,0.7195,2.745756,0.27771384437109037
2,2,233563.10234438488,0.7195,2.746252,0.2787128178544078
2,2,233568.1023451672,0.7195,2.7467294,0.27971179356554154
2,2,233573.1023459495,0.7195,2.7469394,0.2807107685119974
2,2,233578.10234673182,0.7195,2.7477982,0.28170974345511535
2,2,233583.10234751413,0.7195,2.748371,0.2827087173917625
2,2,233588.10234829644,0.7195,2.749039,0.2837076927796702
2,2,233593.10234907875,0.7195,2.7498217,0.28470667136789696
2,2,233598.10234986106,0.7195,2.7504325,0.2857056481755144
2,2,233603.10235064337,0.7195,2.7511196,0.2867046217374537
2,2,233608.10235142568,0.7195,2.7519214,0.2877035951199399
2,2,233613.102352208,0.7195,2.752513,0.2887025706430972
2,2,233618.1023529903,0.7195,2.7529902,0.2897015448349251
2,2,233623.1023537726,0.7195,2.7541165,0.29070051861728236
2,2,233628.10235455493,0.7195,2.754212,0.2916994909118944
2,2,233633.10235533724,0.7195,2.7548227,0.29269846514874037
2,2,233638.10235611955,0.7195,2.7560253,0.29369743715704155
2,2,233643.10235690186,0.7195,2.7566361,0.29469640911455625
2,2,233648.10235768417,0.7195,2.757247,0.2956953816042709
2,2,233653.10235846648,0.7195,2.757915,0.2966943549544249
2,2,233658.1023592488,0.7195,2.7588122,0.2976933273789188
2,2,233663.1023600311,0.7195,2.7597282,0.2986922981007795
2,2,233668.1023608134,0.7195,2.7606063,0.2996912710406284
2,2,233673.10236159572,0.7195,2.760969,0.3006902407637372
2,2,233678.10236237803,0.7195,2.7617135,0.3016892111009294
2,2,233683.10236315988,0.7195,2.7627823,0.30268817870437775
2,2,233688.1023639422,0.7195,2.7634122,0.3036871482302746
2,2,233693.1023647245,0.7195,2.7643285,0.3046861178814273
2,2,233698.1023655068,0.7195,2.7649393,0.30568508974105457
2,2,233703.10236628912,0.7195,2.7659318,0.3066840581595236
2,2,233708.10236707143,0.7195,2.766619,0.30768302585987917
2,2,233713.10236785375,0.7195,2.7673826,0.30868199517567296
2,2,233718.10236863606,0.7195,2.768337,0.30968096670938866
2,2,233723.10236941837,0.7195,2.769196,0.31067993811132516
2,2,233728.10237020068,0.7195,2.7700167,0.31167891060807973
2,2,233733.102370983,0.7195,2.7710857,0.31267788074593084
2,2,233738.1023717653,0.7195,2.7722883,0.3136768529080749
2,2,233743.1023725476,0.7195,2.7731853,0.31467582634492386
2,2,233748.10237332992,0.7195,2.7739298,0.315674800748984
2,2,233753.10237411223,0.7195,2.7746933,0.31667377602311636
2,2,233758.10237489454,0.7195,2.7757432,0.3176727508032984
2,2,233763.10237567686,0.7195,2.7767167,0.3186717250297036
2,2,233768.10237645917,0.7195,2.7777665,0.3196706987547112
2,2,233773.10237724148,0.7195,2.7783964,0.32066967245237027
2,2,233778.1023780238,0.7195,2.77979,0.32166864679223295
2,2,233783.1023788061,0.7195,2.7805152,0.32266762312082115
2,2,233788.1023795884,0.7195,2.7814314,0.32366659804336556
2,2,233793.10238037072,0.7195,2.7823477,0.32466557330708695
2,2,233798.10238115303,0.7195,2.7829776,0.3256645462686849
2,2,233803.10238193534,0.7195,2.7839892,0.32666352278360383
2,2,233808.10238271765,0.7195,2.7851727,0.32766249886819376
2,2,233813.10238349997,0.7195,2.7861652,0.3286614765864576
2,2,233818.10238428228,0.7195,2.7875776,0.3296604550909465
2,2,233823.1023850646,0.7195,2.788723,0.33065943291628347
2,2,233828.1023858469,0.7195,2.7896774,0.3316584117809036
2,2,233833.1023866292,0.7195,2.7908037,0.3326573881132303
2,2,233838.10238741152,0.7195,2.792197,0.33365636411407573
2,2,233843.10238819383,0.7195,2.7929606,0.3346553390966652
2,2,233848.10238897614,0.7195,2.7945259,0.3356543126349812
2,2,233853.10238975845,0.7195,2.7956328,0.33665328358371377
2,2,233858.10239054076,0.7195,2.7966063,0.33765225598141535
2,2,233863.10239132307,0.7195,2.7977707,0.33865123178268125
2,2,233868.1023921054,0.7195,2.7989352,0.3396502089142963
2,2,233873.1023928877,0.7195,2.800004,0.3406491835937531
2,2,233878.10239367,0.7195,2.8010728,0.3416481574479737
2,2,233883.10239445232,0.7195,2.8022182,0.3426471305155057
2,2,233888.10239523463,0.7195,2.8034208,0.3436461034916704
2,2,233893.10239601694,0.7195,2.8047187,0.34464507677550105
2,2,233898.10239679925,0.7195,2.8060167,0.3456440519721573
2,2,233903.10239758156,0.7195,2.807372,0.34664302496799815
2,2,233908.10239836387,0.7195,2.8080974,0.34764199685148717
2,2,233913.10239914618,0.7195,2.809319,0.34864097013670525
2,2,233918.1023999285,0.7195,2.811094,0.3496399440245528
2,2,233923.1024007108,0.7195,2.8125257,0.3506389230214191
2,2,233928.10240149312,0.7195,2.8138046,0.35163790203969003
2,2,233933.10240227543,0.7195,2.8152745,0.3526368770331872
2,2,233938.10240305774,0.7195,2.8163052,0.3536358502406278
2,2,233943.10240384005,0.7195,2.8181186,0.35463482642717153
2,2,233948.10240462236,0.7195,2.8194737,0.3556338043397896
2,2,233953.10240540467,0.7195,2.8211343,0.35663278274999716
2,2,233958.10240618698,0.7195,2.822776,0.3576317577083739
2,2,233963.1024069693,0.7195,2.824093,0.3586307342893447
2,2,233968.1024077516,0.7195,2.825563,0.3596297100858886
2,2,233973.10240853392,0.7195,2.8273952,0.36062868326256997
2,2,233978.10240931623,0.7195,2.8287888,0.3616276571677194
2,2,233983.10241009854,0.7195,2.8304875,0.3626266345239049
2,2,233988.10241088085,0.7195,2.8315184,0.3636256120043595
2,2,233993.10241166316,0.7195,2.83337,0.3646245899861785
2,2,233998.10241244547,0.7195,2.8349352,0.36562356769354465
2,2,234003.10241322778,0.7195,2.8369203,0.3666225447420841
2,2,234008.1024140101,0.7195,2.838619,0.36762151888072814
2,2,234013.1024147924,0.7195,2.8403943,0.3686204920512934
2,2,234018.1024155747,0.7195,2.8421886,0.3696194652975565
2,2,234023.10241635703,0.7195,2.8436964,0.3706184363806611
2,2,234028.10241713934,0.7195,2.8456244,0.3716174093596967
2,2,234033.10241792165,0.7195,2.8473423,0.37261638212007603
2,2,234038.10241870396,0.7195,2.8490984,0.3736153569914068
2,2,234043.10241948627,0.7195,2.8512936,0.37461433310659714
2,2,234048.10242026858,0.7195,2.853126,0.3756133089488578
2,2,234053.1024210509,0.7195,2.8549201,0.37661228292834414
2,2,234058.1024218332,0.7195,2.8567908,0.37761125770774473
2,2,234063.1024226155,0.7195,2.8586233,0.3786102333721352
2,2,234068.10242339782,0.7195,2.8612766,0.3796092099582618
2,2,234073.10242418014,0.7195,2.862861,0.38060818572737765
2,2,234078.10242496245,0.7195,2.8649986,0.3816071596505177
2,2,234083.10242574476,0.7195,2.8670602,0.3826061328430406
2,2,234088.10242652707,0.7195,2.8693125,0.3836051061325436
2,2,234093.10242730938,0.7195,2.8717368,0.38460408121408346
2,2,234098.1024280917,0.7195,2.873531,0.3856030559136403
2,2,234103.102428874,0.7195,2.875917,0.3866020275919867
2,2,234108.1024296563,0.7195,2.8780358,0.38760099831871847
2,2,234113.10243043862,0.7195,2.8804028,0.3885999693619939
2,2,234118.10243122093,0.7195,2.8829796,0.38959894086593383
2,2,234123.10243200324,0.7195,2.8852892,0.39059791157226753
2,2,234128.10243278556,0.7195,2.887618,0.3915968819662133
2,2,234133.10243356787,0.7195,2.8901186,0.39259585246378503
2,2,234138.10243435018,0.7195,2.89239,0.3935948209716445
2,2,234143.1024351325,0.7195,2.8952723,0.3945937911446061
2,2,234148.1024359148,0.7195,2.8972573,0.3955927619085974
2,2,234153.1024366971,0.7195,2.9000823,0.39659173453055485
2,2,234158.10243747942,0.7195,2.9030411,0.3975907068422271
2,2,234163.10243826173,0.7195,2.9053316,0.3985896784064074
2,2,234168.10243904404,0.7195,2.908023,0.39958864929755855
2,2,234173.10243982635,0.7195,2.9110963,0.4005876219857467
2,2,234178.10244060867,0.7195,2.9137113,0.4015865919856429
2,2,234183.10244139098,0.7195,2.916689,0.40258555666868223
2,2,234188.1024421733,0.7195,2.9195523,0.4035845210254391
2,2,234193.1024429556,0.7195,2.9221673,0.404583484966543
2,2,234198.1024437379,0.7195,2.9252214,0.40558244983742303
2,2,234203.10244452022,0.7195,2.9277983,0.4065814134758678
2,2,234208.10244530253,0.7195,2.930566,0.40758037942172753
2,2,234213.10244608484,0.7195,2.93362,0.4085793453135888
2,2,234218.10244686715,0.7195,2.9367888,0.4095783121889764
2,2,234223.10244764946,0.7195,2.9403582,0.41057728362562596
2,2,234228.10244843177,0.7195,2.9432213,0.41157625729332376
2,2,234233.1024492141,0.7195,2.946581,0.41257523189044004
2,2,234238.1024499964,0.7195,2.9496732,0.4135742050862048
2,2,234243.1024507787,0.7195,2.952689,0.4145731784876817
2,2,234248.10245156102,0.7195,2.9558575,0.41557215185618734
2,2,234253.10245234333,0.7195,2.9590836,0.41657112320660883
2,2,234258.10245312564,0.7195,2.9626148,0.41757009446444776
2,2,234263.10245390795,0.7195,2.9657261,0.4185690637006561
2,2,234268.10245469026,0.7195,2.9692764,0.4195680341035426
2,2,234273.10245547257,0.7195,2.972655,0.4205670047213535
2,2,234278.10245625488,0.7195,2.9758618,0.4215659754203956
2,2,234283.1024570372,0.7195,2.9793358,0.4225649453579718
2,2,234288.1024578195,0.7195,2.9830198,0.42356391351635597
2,2,234293.10245860182,0.7195,2.9865701,0.4245628785983987
2,2,234298.10245938413,0.7195,2.989987,0.4255618446113633
2,2,234303.10246016644,0.7195,2.99369,0.4265608150613838
2,2,234308.10246094875,0.7195,2.9977367,0.4275597861452368
2,2,234311.27786144638,0.7195,3.0001037,0.42819421260212864
2,2,234311.27806144627,0.7195,2.9999127,0.42819425256058913
3,1,234311.27886144607,-0.7195,2.8450522,-7.900680436028375e-08
3,1,234316.27886222815,-0.7195,2.317917,-0.0009996646364695495
3,1,234321.27886301046,-0.7195,2.1889014,-0.001999249489284224
3,1,234326.27886379277,-0.7195,2.1164432,-0.002998834705024958
3,1,234331.27886457508,-0.7195,2.072598,-0.003998419271843301
3,1,234336.2788653574,-0.7195,2.0358536,-0.004998004488120477
3,1,234341.2788661397,-0.7195,2.00014,-0.0059975889755354995
3,1,234346.27886692202,-0.7195,1.9642354,-0.006997176086349621
3,1,234351.27886770433,-0.7195,1.9270902,-0.007996760249634586
3,1,234356.27886848664,-0.7195,1.8878452,-0.008996342969520227
3,1,234361.27886926895,-0.7195,1.8468823,-0.009995924181093775
3,1,234366.27887005126,-0.7195,1.8054041,-0.010995508589804175
3,1,234371.27887083357,-0.7195,1.7646321,-0.011995093099319275
3,1,234376.27887161588,-0.7195,1.7256353,-0.012994678751498463
3,1,234381.2788723982,-0.7195,1.6892344,-0.01399426518239909
3,1,234386.2788731805,-0.7195,1.6564221,-0.014993851957771516
3,1,234391.27887396282,-0.7195,1.6282101,-0.015993436909387513
3,1,234396.27887474513,-0.7195,1.6039301,-0.016993025936037305
3,1,234401.27887552744,-0.7195,1.5840786,-0.017992613800383278
3,1,234406.27887630975,-0.7195,1.5686746,-0.01899219863208135
3,1,234411.27887709206,-0.7195,1.5562291,-0.01999178235461977
3,1,234416.27887787437,-0.7195,1.546418,-0.020991366385916872
3,1,234421.27887865668,-0.7195,1.53863,-0.021990949670344595
3,1,234426.278879439,-0.7195,1.5325791,-0.02299053425327606
3,1,234431.2788802213,-0.7195,1.5271772,-0.02399012204440104
3,1,234436.2788810036,-0.7195,1.5230542,-0.024989711453682853
3,1,234441.27888178593,-0.7195,1.519561,-0.025989301683939172
3,1,234446.27888256824,-0.7195,1.5166597,-0.026988894138508378
3,1,234451.27888335055,-0.7195,1.5141783,-0.027988485131111414
3,1,234456.27888413286,-0.7195,1.5118304,-0.028988075602942046
3,1,234461.27888491517,-0.7195,1.5100362,-0.029987666042702067
3,1,234466.27888569748,-0.7195,1.5085855,-0.030987256384710473
3,1,234471.2788864798,-0.7195,1.5070202,-0.031986845785703925
3,1,234476.2788872621,-0.7195,1.5061423,-0.0329864350339671
3,1,234481.2788880444,-0.7195,1.504558,-0.033986023851947655
3,1,234486.27888882672,-0.7195,1.5037371,-0.03498561165259613
3,1,234491.27888960904,-0.7195,1.50284,-0.035985198474943636
3,1,234496.27889039135,-0.7195,1.5017138,-0.036984786829647086
3,1,234501.27889117366,-0.7195,1.501103,-0.03798437324059009
3,1,234506.27889195597,-0.7195,1.5005876,-0.0389839610431128
3,1,234511.27889273828,-0.7195,1.499805,-0.03998355086243814
3,1,234516.2788935206,-0.7195,1.499156,-0.04098314148345589
3,1,234521.2788943029,-0.7195,1.4987552,-0.041982731877128275
3,1,234526.2788950852,-0.7195,1.4982207,-0.04298232153201102
3,1,234531.27889586752,-0.7195,1.4977626,-0.04398191318908333
3,1,234536.27889664983,-0.7195,1.4971708,-0.044981506480382544
3,1,234541.27889743214,-0.7195,1.4970754,-0.04598109889968567
3,1,234546.27889821446,-0.7195,1.4966173,-0.04698069062247541
3,1,234551.27889899677,-0.7195,1.4964455,-0.04798028070745203
3,1,234556.27889977908,-0.7195,1.4959493,-0.04897987340079413
3,1,234561.2789005614,-0.7195,1.4958347,-0.04997946633767088
3,1,234566.2789013437,-0.7195,1.4953384,-0.05097906045738856
3,1,234571.278902126,-0.7195,1.495262,-0.05197865528686179
3,1,234576.27890290832,-0.7195,1.4948994,-0.05297825012117293
3,1,234581.27890369063,-0.7195,1.4947848,-0.053977847518622876
3,1,234586.27890447294,-0.7195,1.4944222,-0.054977443548305166
3,1,234591.27890525525,-0.7195,1.4943076,-0.055977039444234634
3,1,234596.27890603757,-0.7195,1.4939831,-0.056976634011636176
3,1,234601.27890681988,-0.7195,1.4937732,-0.05797622837114334
3,1,234606.2789076022,-0.7195,1.4936396,-0.05897582088142633
3,1,234611.2789083845,-0.7195,1.4934487,-0.059975412056131494
3,1,234616.2789091668,-0.7195,1.4932005,-0.06097500304390655
3,1,234621.27890994912,-0.7195,1.4931242,-0.0619745945150819
3,1,234626.27891073143,-0.7195,1.4930288,-0.06297418840257327
3,1,234631.27891151374,-0.7195,1.4927998,-0.06397377952403162
3,1,234636.27891229605,-0.7195,1.4924561,-0.06497336921012402
3,1,234641.27891307836,-0.7195,1.4923607,-0.0659729598183963
3,1,234646.27891386067,-0.7195,1.4923224,-0.06697254931047228
3,1,234651.278914643,-0.7195,1.4921507,-0.06797214219207565
3,1,234656.2789154253,-0.7195,1.4920934,-0.06897173676154017
3,1,234661.2789162076,-0.7195,1.4918644,-0.06997132867374353
3,1,234666.27891698992,-0.7195,1.491998,-0.070970924369259
3,1,234671.27891777223,-0.7195,1.491788,-0.07197051951405074
3,1,234676.27891855454,-0.7195,1.4916735,-0.07297011367534266
3,1,234681.27891933685,-0.7195,1.4915972,-0.07396970744415786
3,1,234686.27892011916,-0.7195,1.4916735,-0.07496929715380735
3,1,234691.27892090147,-0.7195,1.4914254,-0.07596888584850894
3,1,234696.27892168378,-0.7195,1.4911772,-0.07696847463496195
3,1,234701.2789224661,-0.7195,1.4912918,-0.07796806459667947
3,1,234706.2789232484,-0.7195,1.49112,-0.07896765399724576
3,1,234711.27892403072,-0.7195,1.4910245,-0.07996724314223064
3,1,234716.27892481303,-0.7195,1.4907191,-0.08096683218841089
3,1,234721.27892559534,-0.7195,1.4906809,-0.08196641932703388
3,1,234726.27892637765,-0.7195,1.4905092,-0.08296600801209608
3,1,234731.27892715996,-0.7195,1.4903946,-0.08396559635194473
3,1,234736.27892794227,-0.7195,1.4905473,-0.08496518318612045
3,1,234741.27892872458,-0.7195,1.4903755,-0.08596476975738339
3,1,234746.2789295069,-0.7195,1.4901465,-0.08696435563413302
3,1,234751.2789302892,-0.7195,1.4902037,-0.0879639412837161
3,1,234756.27893107152,-0.7195,1.490051,-0.08896352629761894
3,1,234761.27893185383,-0.7195,1.489822,-0.08996311435158054
3,1,234766.27893263614,-0.7195,1.4896693,-0.0909627023422122
3,1,234771.27893341845,-0.7195,1.4897456,-0.0919622911374569
3,1,234776.27893420076,-0.7195,1.4898028,-0.09296188181067506
3,1,234781.27893498307,-0.7195,1.489402,-0.09396147060922119
3,1,234786.27893576538,-0.7195,1.4893639,-0.09496105780634946
3,1,234791.2789365477,-0.7195,1.4894402,-0.09596064529733193
3,1,234796.27893733,-0.7195,1.4892112,-0.096960230501314
3,1,234801.27893811231,-0.7195,1.4890202,-0.0979598171704279
3,1,234806.27893889463,-0.7195,1.4888103,-0.09895940315645602
3,1,234811.27893967694,-0.7195,1.4886194,-0.09995899136267768
3,1,234816.27894045925,-0.7195,1.4886194,-0.10095857944251431
3,1,234821.27894124156,-0.7195,1.4883522,-0.10195816905271013
3,1,234826.27894202387,-0.7195,1.4883713,-0.1029577578995625
3,1,234831.27894280618,-0.7195,1.4882759,-0.10395734618824388
3,1,234836.2789435885,-0.7195,1.4879514,-0.10495693300940924
3,1,234841.27894437057,-0.7195,1.4878368,-0.10595652077057627
3,1,234846.27894515288,-0.7195,1.4877414,-0.10695610948476858
3,1,234851.2789459352,-0.7195,1.4874169,-0.10795569663556086
3,1,234856.2789467175,-0.7195,1.4874359,-0.10895528440653615
3,1,234861.2789474998,-0.7195,1.4873978,-0.10995487182944681
3,1,234866.27894828212,-0.7195,1.4872451,-0.11095445779692464
3,1,234871.27894906444,-0.7195,1.4869206,-0.11195404521491462
3,1,234876.27894984675,-0.7195,1.4866916,-0.11295363355249166
3,1,234881.27895062906,-0.7195,1.4868443,-0.11395322333762381
3,1,234886.27895141137,-0.7195,1.4865006,-0.11495281322306394
3,1,234891.27895219368,-0.7195,1.486367,-0.11595240194163388
3,1,234896.278952976,-0.7195,1.4862907,-0.11695198745698729
3,1,234901.2789537583,-0.7195,1.4859662,-0.11795157591883008
3,1,234906.2789545406,-0.7195,1.486138,-0.11895116471347211
3,1,234911.27895532292,-0.7195,1.4858516,-0.11995075310127601
3,1,234916.27895610523,-0.7195,1.4855653,-0.12095034049983155
3,1,234921.27895688755,-0.7195,1.4854126,-0.12194993062534265
3,1,234926.27895766986,-0.7195,1.4852027,-0.12294952062178319
3,1,234931.27895845217,-0.7195,1.4852027,-0.12394911060274308
3,1,234936.27895923448,-0.7195,1.4848591,-0.12494869882836605
3,1,234941.2789600168,-0.7195,1.484821,-0.12594828426201807
3,1,234946.2789607991,-0.7195,1.4845155,-0.12694786989730927
3,1,234951.2789615814,-0.7195,1.4843628,-0.12794745563984247
3,1,234956.27896236372,-0.7195,1.4842674,-0.12894704143645697
3,1,234961.27896314603,-0.7195,1.4839047,-0.12994663229832384
3,1,234966.27896392834,-0.7195,1.483752,-0.13094622119567792
3,1,234971.27896471065,-0.7195,1.4834466,-0.1319458062975837
3,1,234976.27896549297,-0.7195,1.483103,-0.13294539357977442
3,1,234981.27896627528,-0.7195,1.4831412,-0.1339449778063893
3,1,234986.2789670576,-0.7195,1.4827785,-0.13494456387397644
3,1,234991.2789678399,-0.7195,1.4826066,-0.1359441526132292
3,1,234996.2789686222,-0.7195,1.4821486,-0.13694374053103722
3,1,235001.27896940452,-0.7195,1.482244,-0.1379433316101001
3,1,235006.27897018683,-0.7195,1.4819959,-0.1389429202865395
3,1,235011.27897096914,-0.7195,1.4818814,-0.13994250849171477
3,1,235016.27897175145,-0.7195,1.4815378,-0.14094209743107025
3,1,235021.27897253376,-0.7195,1.4811178,-0.14194168633666962
3,1,235026.27897331608,-0.7195,1.4809651,-0.1429412754871845
3,1,235031.2789740984,-0.7195,1.4806406,-0.143940863205913
3,1,235036.2789748807,-0.7195,1.4803734,-0.14494045155339436
3,1,235041.278975663,-0.7195,1.4801061,-0.14594004016060957
3,1,235046.27897644532,-0.7195,1.4799153,-0.14693963155251075
3,1,235051.27897722763,-0.7195,1.4795526,-0.14793922245224975
3,1,235056.27897800994,-0.7195,1.4790564,-0.1489388101524644
3,1,235061.27897879225,-0.7195,1.4787891,-0.14993839789956143
3,1,235066.27897957456,-0.7195,1.4786555,-0.1509379839078618
3,1,235071.27898035687,-0.7195,1.4784837,-0.15193756998638971
3,1,235076.27898113918,-0.7195,1.4782356,-0.1529371552191774
3,1,235081.2789819215,-0.7195,1.4778919,-0.15393674048884376
3,1,235086.2789827038,-0.7195,1.4775484,-0.15493632819344597
3,1,235091.27898348612,-0.7195,1.4774338,-0.15593591646252736
3,1,235096.27898426843,-0.7195,1.4769758,-0.15693550399000444
3,1,235101.27898505074,-0.7195,1.4767658,-0.15793509575731884
3,1,235106.27898583305,-0.7195,1.476613,-0.15893468509398234
3,1,235111.27898661536,-0.7195,1.4762695,-0.15993427300150195
3,1,235116.27898739767,-0.7195,1.4757351,-0.16093386096243395
3,1,235121.27898817998,-0.7195,1.4754487,-0.16193344745560487
3,1,235126.2789889623,-0.7195,1.4749715,-0.16293303346144491
3,1,235131.2789897446,-0.7195,1.474647,-0.16393261921291552
3,1,235136.27899052692,-0.7195,1.4743607,-0.1649322040265534
3,1,235141.27899130923,-0.7195,1.4742843,-0.16593178841548167
3,1,235146.27899209154,-0.7195,1.4739789,-0.16693137410399983
3,1,235151.27899287385,-0.7195,1.4735208,-0.16793095981938974
3,1,235156.27899365616,-0.7195,1.4732155,-0.16893054881263445
3,1,235161.27899443847,-0.7195,1.4727573,-0.16993013604559834
3,1,235166.27899522078,-0.7195,1.4723755,-0.17092972327197925
3,1,235171.2789960031,-0.7195,1.4722801,-0.17192931258905267
3,1,235176.2789967854,-0.7195,1.4718792,-0.17292890524433058
3,1,235181.27899756772,-0.7195,1.4715357,-0.17392849482117428
3,1,235186.27899835003,-0.7195,1.470963,-0.17492808527738518
3,1,235191.27899913234,-0.7195,1.4706004,-0.17592767642838755
3,1,235196.27899991465,-0.7195,1.4701422,-0.17692726783115995
3,1,235201.27900069696,-0.7195,1.4698368,-0.17792686122847926
3,1,235206.27900147927,-0.7195,1.4693215,-0.17892645096250373
3,1,235211.27900226158,-0.7195,1.4688443,-0.17992603961534298
3,1,235216.2790030439,-0.7195,1.4688443,-0.18092562789864006
3,1,235221.2790038262,-0.7195,1.4683862,-0.18192521814907917
3,1,235226.2790046085,-0.7195,1.4679853,-0.18292480992650317
3,1,235231.27900539082,-0.7195,1.4675462,-0.18392440060018825
3,1,235236.27900617314,-0.7195,1.46705,-0.18492399283556138
3,1,235241.27900695545,-0.7195,1.4667827,-0.1859235833381149
3,1,235246.27900773776,-0.7195,1.4664391,-0.18692317281426982
3,1,235251.27900852007,-0.7195,1.4658474,-0.18792276192288923
3,1,235256.27900930238,-0.7195,1.4658283,-0.18892234921745454
3,1,235261.2790100847,-0.7195,1.4651603,-0.18992193523795733
3,1,235266.279010867,-0.7195,1.4649312,-0.19092152201731333
3,1,235271.2790116493,-0.7195,1.4646068,-0.19192110783156086
3,1,235276.27901243162,-0.7195,1.4641868,-0.19292069156500694
3,1,235281.27901321393,-0.7195,1.463805,-0.1939202758800685
3,1,235286.27901399625,-0.7195,1.4633851,-0.19491985902583925
3,1,235291.27901477856,-0.7195,1.4628315,-0.19591944278000786
3,1,235296.27901556087,-0.7195,1.4625261,-0.1969190252699719
3,1,235301.27901634318,-0.7195,1.4619917,-0.19791860981606108
3,1,235306.2790171255,-0.7195,1.4615335,-0.198918196156558
3,1,235311.2790179078,-0.7195,1.4608272,-0.19991777876780756
3,1,235316.2790186901,-0.7195,1.460331,-0.2009173609458903
3,1,235321.27901947242,-0.7195,1.4599111,-0.20191694284171854
3,1,235326.27902025473,-0.7195,1.4593956,-0.20291652638082697
3,1,235331.27902103704,-0.7195,1.4589566,-0.20391610950996472
3,1,235336.27902181935,-0.7195,1.4583459,-0.2049156899252765
3,1,235341.27902260167,-0.7195,1.4578114,-0.20591527064899598
3,1,235346.27902338398,-0.7195,1.4572579,-0.2069148503113885
3,1,235351.2790241663,-0.7195,1.4567615,-0.2079144306648042
3,1,235356.2790249486,-0.7195,1.4562271,-0.20891401031162668
3,1,235361.2790257309,-0.7195,1.4556162,-0.20991359121404748
3,1,235366.27902651322,-0.7195,1.4550627,-0.2109131776770452
3,1,235371.27902729553,-0.7195,1.4545091,-0.2119127616494231
3,1,235376.27902807784,-0.7195,1.4539747,-0.21291234665472633
3,1,235381.27902886015,-0.7195,1.4537838,-0.21391193158147395
3,1,235386.27902964246,-0.7195,1.4532112,-0.21491151660689042
3,1,235391.27903042478,-0.7195,1.4527531,-0.2159111008519364
3,1,235396.2790312071,-0.7195,1.4521232,-0.2169106878418955
3,1,235401.2790319894,-0.7195,1.4515505,-0.2179102745752003
3,1,235406.2790327717,-0.7195,1.4509779,-0.21890986339079666
3,1,235411.27903355402,-0.7195,1.4504625,-0.21990945379282031
3,1,235416.27903433633,-0.7195,1.450157,-0.22090905031640987
3,1,235421.27903511864,-0.7195,1.4493172,-0.22190864829696544
3,1,235426.27903590095,-0.7195,1.4487828,-0.2229082474272383
3,1,235431.27903668326,-0.7195,1.4480383,-0.2239078463452524
3,1,235436.27903746557,-0.7195,1.4474657,-0.22490744198661705
3,1,235441.27903824742,-0.7195,1.4466449,-0.22590703901525333
3,1,235446.27903902973,-0.7195,1.4461868,-0.2269066323368019
3,1,235451.27903981204,-0.7195,1.4455187,-0.22790622533396873
3,1,235456.27904059435,-0.7195,1.4450225,-0.2289058149118787
3,1,235461.27904137666,-0.7195,1.4443352,-0.22990540412920374
3,1,235466.27904215897,-0.7195,1.4437244,-0.23090499364447253
3,1,235471.27904294129,-0.7195,1.44319,-0.23190458343110804
3,1,235476.2790437236,-0.7195,1.4421974,-0.2329041734210947
3,1,235481.2790445059,-0.7195,1.441453,-0.2339037622475358
3,1,235486.27904528822,-0.7195,1.4409184,-0.2349033479402627
3,1,235491.27904607053,-0.7195,1.4401549,-0.23590293452003255
3,1,235496.27904685284,-0.7195,1.4396586,-0.23690252395217937
3,1,235501.27904763515,-0.7195,1.439296,-0.23790211238550796
3,1,235506.27904841746,-0.7195,1.438628,-0.23890170270904224
3,1,235511.27904919977,-0.7195,1.4379598,-0.23990129335949806
3,1,235516.27904998208,-0.7195,1.4370437,-0.24090088466486653
3,1,235521.2790507644,-0.7195,1.4364138,-0.2419004754349025
3,1,235526.2790515467,-0.7195,1.4356884,-0.2429000657604468
3,1,235531.27905232902,-0.7195,1.434963,-0.24389965758818705
3,1,235536.27905311133,-0.7195,1.4342759,-0.2448992490312257
3,1,235541.27905389364,-0.7195,1.4337223,-0.2458988352632455
3,1,235546.27905467595,-0.7195,1.4329396,-0.2468984238949483
3,1,235551.27905545826,-0.7195,1.4322716,-0.24789801172380962
3,1,235556.27905624057,-0.7195,1.4316036,-0.24889759923579943
3,1,235561.27905702288,-0.7195,1.430821,-0.24989718815428996
3,1,235566.2790578052,-0.7195,1.4299428,-0.25089677890634854
3,1,235571.2790585875,-0.7195,1.4292939,-0.2518963689731259
3,1,235576.27905936982,-0.7195,1.4285494,-0.2528959607550898
3,1,235581.27906015213,-0.7195,1.4279578,-0.25389555489141397
3,1,235586.27906093444,-0.7195,1.4273087,-0.25489515028914794
3,1,235591.27906171675,-0.7195,1.4264307,-0.25589474555619873
3,1,235596.27906249906,-0.7195,1.4256862,-0.25689434036367453
3,1,235601.27906328137,-0.7195,1.4247319,-0.2578939332586525
3,1,235606.27906406368,-0.7195,1.424102,-0.2588935271494652
3,1,235611.279064846,-0.7195,1.4233193,-0.2598931203742953
3,1,235616.2790656283,-0.7195,1.4224604,-0.26089271196177255
3,1,235621.2790664106,-0.7195,1.4215442,-0.261892304952267
3,1,235626.27906719293,-0.7195,1.4207807,-0.26289189745461267
3,1,235631.27906797524,-0.7195,1.4199216,-0.26389148811583374
3,1,235636.27906875755,-0.7195,1.4191773,-0.26489108068539025
3,1,235641.27906953986,-0.7195,1.418471,-0.2658906776293449
3,1,235646.27907032217,-0.7195,1.4176693,-0.2668902739825678
3,1,235651.27907110448,-0.7195,1.416734,-0.2678898695303068
3,1,235656.2790718868,-0.7195,1.4159132,-0.2688894630206226
3,1,235661.2790726691,-0.7195,1.4150542,-0.26988905685303266
3,1,235666.2790734514,-0.7195,1.4143099,-0.2708886492158207
3,1,235671.27907423372,-0.7195,1.413489,-0.27188824319320576
3,1,235676.27907501603,-0.7195,1.4129355,-0.27288783456664273
3,1,235681.27907579835,-0.7195,1.4118665,-0.2738874252929753
3,1,235686.27907658066,-0.7195,1.4110075,-0.27488701660586384
3,1,235691.27907736297,-0.7195,1.4100722,-0.27588660544427557
3,1,235696.27907814528,-0.7195,1.4090797,-0.27688619364631495
3,1,235701.2790789276,-0.7195,1.4084116,-0.277885780349026
3,1,235706.2790797099,-0.7195,1.4072281,-0.27888536943763814
3,1,235711.2790804922,-0.7195,1.4060638,-0.2798849576163589
3,1,235716.27908127452,-0.7195,1.405472,-0.28088454595277695
3,1,235721.27908205683,-0.7195,1.4045177,-0.2818841347650487
3,1,235726.27908283914,-0.7195,1.4035251,-0.2828837213914128
3,1,235731.27908362146,-0.7195,1.4025707,-0.28388331017113383
3,1,235736.27908440377,-0.7195,1.4018263,-0.2848829004847737
3,1,235741.27908518608,-0.7195,1.4008336,-0.2858824918347861
3,1,235746.2790859684,-0.7195,1.399822,-0.2868820833650462
3,1,235751.2790867507,-0.7195,1.3990966,-0.2878816761066449
3,1,235756.279087533,-0.7195,1.3980469,-0.28888126597845876
3,1,235761.27908831532,-0.7195,1.3969398,-0.28988085634234206
3,1,235766.27908909763,-0.7195,1.3960807,-0.29088044455334205
3,1,235771.27908987994,-0.7195,1.3950118,-0.29188002946306923
3,1,235776.27909066225,-0.7195,1.3940192,-0.29287961703630283
3,1,235781.27909144456,-0.7195,1.393103,-0.2938792046501669
3,1,235786.27909222688,-0.7195,1.392034,-0.29487879205500084
3,1,235791.2790930092,-0.7195,1.3908888,-0.29587837971402203
3,1,235796.2790937915,-0.7195,1.3900299,-0.29687796777852704
3,1,235801.2790945738,-0.7195,1.3888845,-0.2978775564338962
3,1,235806.27909535612,-0.7195,1.3879492,-0.29887714335890275
3,1,235811.27909613843,-0.7195,1.3869567,-0.29987672984522246
3,1,235816.27909692074,-0.7195,1.3859259,-0.3008763149786194
3,1,235821.27909770305,-0.7195,1.3849906,-0.30187590097901223
3,1,235826.27909848536,-0.7195,1.3839217,-0.30287548623711863
3,1,235831.27909926767,-0.7195,1.3825855,-0.30387507118845314
3,1,235836.27910005,-0.7195,1.3814784,-0.3048746588665081
3,1,235841.2791008323,-0.7195,1.380524,-0.3058742460482253
3,1,235846.2791016146,-0.7195,1.3795506,-0.3068738337047464
3,1,235851.27910239692,-0.7195,1.3782334,-0.3078734217807319
3,1,235856.27910317923,-0.7195,1.3771263,-0.3088730090463658
3,1,235861.27910396154,-0.7195,1.3759238,-0.3098725980939004
3,1,235866.27910474385,-0.7195,1.3748358,-0.31087218621147006
3,1,235871.27910552616,-0.7195,1.3736142,-0.3118717751175198
3,1,235876.27910630847,-0.7195,1.3724307,-0.3128713645981384
3,1,235881.27910709078,-0.7195,1.3714763,-0.3138709544147683
3,1,235886.2791078731,-0.7195,1.3699111,-0.3148705430735945
3,1,235891.2791086554,-0.7195,1.3686703,-0.31587012936245396
3,1,235896.27910943772,-0.7195,1.3676205,-0.31686972026263005
3,1,235901.27911022003,-0.7195,1.3666279,-0.3178693103883001
3,1,235906.27911100234,-0.7195,1.3655208,-0.31886890126464756
3,1,235911.27911178465,-0.7195,1.3646237,-0.31986849120662936
3,1,235916.27911256696,-0.7195,1.3630967,-0.3208680799774295
3,1,235921.27911334927,-0.7195,1.3617796,-0.32186767111816994
3,1,235926.27911413158,-0.7195,1.3603671,-0.3228672632964749
3,1,235931.2791149139,-0.7195,1.3591646,-0.32386685503705004
3,1,235936.2791156962,-0.7195,1.3581338,-0.32486644483160965
3,1,235941.27911647852,-0.7195,1.3567976,-0.32586603405037184
3,1,235946.27911726083,-0.7195,1.3555568,-0.32686562483099757
3,1,235951.27911804314,-0.7195,1.3545071,-0.3278652127090493
3,1,235956.27911882545,-0.7195,1.353209,-0.3288647982166475
3,1,235961.27911960776,-0.7195,1.3519684,-0.3298643839158051
3,1,235966.27912039007,-0.7195,1.3506513,-0.3308639713035755
3,1,235971.27912117238,-0.7195,1.3495632,-0.3318635569574964
3,1,235976.2791219547,-0.7195,1.3482653,-0.3328631447853279
3,1,235981.279122737,-0.7195,1.3469673,-0.3338627336603965
3,1,235986.2791235193,-0.7195,1.345383,-0.33486232091211265
3,1,235991.27912430163,-0.7195,1.3437605,-0.3358619070398243
3,1,235996.27912508394,-0.7195,1.342348,-0.33686148991723514
3,1,236001.27912586625,-0.7195,1.3410691,-0.3378610755089024
3,1,236006.27912664856,-0.7195,1.3396757,-0.338860662483851
3,1,236011.27912743087,-0.7195,1.3381486,-0.33986024755527894
3,1,236016.27912821318,-0.7195,1.3367552,-0.3408598293216823
3,1,236021.2791289955,-0.7195,1.3357817,-0.3418594124365944
3,1,236026.2791297778,-0.7195,1.3338538,-0.34285899776502105
3,1,236031.2791305601,-0.7195,1.3324604,-0.343858584720373
3,1,236036.27913134242,-0.7195,1.3312006,-0.3448581749214992
3,1,236041.27913212474,-0.7195,1.3296354,-0.3458577640607124
3,1,236046.27913290705,-0.7195,1.3278984,-0.346857351910846
3,1,236051.27913368936,-0.7195,1.326505,-0.3478569389586017
3,1,236056.27913447167,-0.7195,1.3249779,-0.34885652490866836
3,1,236061.27913525398,-0.7195,1.32347,-0.34985611040132236
3,1,236066.2791360363,-0.7195,1.3220192,-0.35085569449677395
3,1,236071.2791368186,-0.7195,1.320645,-0.3518552803262968
3,1,236076.2791376009,-0.7195,1.3188888,-0.3528548695407244
3,1,236081.27913838322,-0.7195,1.3174,-0.35385446097661716
3,1,236086.27913916553,-0.7195,1.3158729,-0.35485405141564536
3,1,236091.27913994784,-0.7195,1.3145559,-0.35585363857055036
3,1,236096.27914073016,-0.7195,1.3128761,-0.35685322623678706
3,1,236101.27914151247,-0.7195,1.3115208,-0.3578528149758279
3,1,236106.27914229478,-0.7195,1.3098602,-0.35885240471678304
3,1,236111.2791430771,-0.7195,1.3081042,-0.35985199258099987
3,1,236116.27914385917,-0.7195,1.3066152,-0.3608515816248257
3,1,236121.27914464148,-0.7195,1.3048018,-0.3618511704330808
3,1,236126.2791454238,-0.7195,1.3031603,-0.36285075863210686
3,1,236131.2791462061,-0.7195,1.3017287,-0.36385034751225176
3,1,236136.2791469884,-0.7195,1.300049,-0.3648499329235123
3,1,236141.27914777072,-0.7195,1.2984265,-0.3658495215408272
3,1,236146.27914855303,-0.7195,1.2965559,-0.3668491099066006
3,1,236151.27914933534,-0.7195,1.2946088,-0.3678486962302128
3,1,236156.27915011765,-0.7195,1.2929864,-0.368848283129298
3,1,236161.27915089997,-0.7195,1.2915739,-0.3698478710141016
3,1,236166.27915168228,-0.7195,1.289646,-0.3708474599970314
3,1,236171.2791524646,-0.7195,1.288119,-0.37184704960534637
3,1,236176.2791532469,-0.7195,1.2867637,-0.3728466369902061
3,1,236181.2791540292,-0.7195,1.2850076,-0.3738462250737382
3,1,236186.27915481152,-0.7195,1.2837096,-0.3748458121796217
3,1,236191.27915559383,-0.7195,1.2817626,-0.3758454005927377
3,1,236196.27915637614,-0.7195,1.2800256,-0.3768449914097587
3,1,236201.27915715845,-0.7195,1.278346,-0.37784458384238345
3,1,236206.27915794076,-0.7195,1.2770097,-0.37884417302063106
3,1,236211.27915872307,-0.7195,1.2752918,-0.37984376370778344
3,1,236216.2791595054,-0.7195,1.2734785,-0.3808433540873759
3,1,236221.2791602877,-0.7195,1.271856,-0.3818429429390629
3,1,236226.27916107,-0.7195,1.2700999,-0.3828425322455664
3,1,236231.27916185232,-0.7195,1.2684201,-0.38384211962482
3,1,236236.27916263463,-0.7195,1.2665304,-0.3848417070052922
3,1,236241.27916341694,-0.7195,1.2648698,-0.3858412952939802
3,1,236246.27916419925,-0.7195,1.2633809,-0.38684088421785173
3,1,236251.27916498156,-0.7195,1.2617584,-0.38784047091860574
3,1,236256.27916576387,-0.7195,1.2596205,-0.3888400603253146
3,1,236261.27916654618,-0.7195,1.2579026,-0.3898396480136216
3,1,236266.2791673285,-0.7195,1.2563756,-0.39083923411727284
3,1,236271.2791681108,-0.7195,1.254734,-0.39183882025769023
3,1,236276.27916889312,-0.7195,1.2525771,-0.39283840785349744
3,1,236281.27916967543,-0.7195,1.2510309,-0.3938379936461648
3,1,236286.27917045774,-0.7195,1.2492748,-0.3948375802176496
3,1,236291.27917124005,-0.7195,1.2474997,-0.3958371661357781
3,1,236296.27917202236,-0.7195,1.2457818,-0.39683675284485026
3,1,236301.27917280467,-0.7195,1.2442166,-0.39783633948931435
3,1,236306.27917358698,-0.7195,1.2424031,-0.3988359239705702
3,1,236311.2791743693,-0.7195,1.2409906,-0.39983550914888916
3,1,236316.2791751516,-0.7195,1.2393491,-0.40083509271994566
3,1,236321.27917593392,-0.7195,1.2374594,-0.40183467399569023
3,1,236326.27917671623,-0.7195,1.235646,-0.4028342567212019
3,1,236331.27917749854,-0.7195,1.2343862,-0.4038338423221906
3,1,236336.27917828085,-0.7195,1.2325537,-0.40483343168555364
3,1,236341.27917906316,-0.7195,1.2312939,-0.4058330191107591
3,1,236346.27917984547,-0.7195,1.2299769,-0.4068326061014268
3,1,236351.27918062778,-0.7195,1.2282971,-0.40783219415016636
3,1,236356.2791814101,-0.7195,1.2264265,-0.40883178466885617
3,1,236361.2791821924,-0.7195,1.2249186,-0.409831374858078
3,1,236366.27918297471,-0.7195,1.2232388,-0.41083096005555986
3,1,236371.27918375703,-0.7195,1.2217882,-0.41183054523939555
3,1,236376.27918453934,-0.7195,1.2202611,-0.4128301338458657
3,1,236381.27918532165,-0.7195,1.2188295,-0.41382972038987936
3,1,236386.27918610396,-0.7195,1.2172643,-0.41482930420725206
3,1,236391.27918688627,-0.7195,1.2153555,-0.4158288867690364
3,1,236396.27918766858,-0.7195,1.2139047,-0.41682847169639664
3,1,236401.2791884509,-0.7195,1.2126831,-0.41782805924122196
3,1,236406.2791892332,-0.7195,1.2107934,-0.4188276461407674
3,1,236411.2791900155,-0.7195,1.2095718,-0.41982723350122897
3,1,236416.27919079782,-0.7195,1.208102,-0.42082682284692585
3,1,236421.27919158014,-0.7195,1.206365,-0.4218264111540052
3,1,236426.27919236245,-0.7195,1.2053725,-0.4228259959388441
3,1,236431.27919314476,-0.7195,1.2034827,-0.42382558101600737
3,1,236436.27919392707,-0.7195,1.2018602,-0.4248251662072175
3,1,236441.27919470938,-0.7195,1.2004095,-0.42582475171357725
3,1,236441.8355947961,-0.7195,1.2000278,-0.42593598601972393
3,1,236441.83579479624,-0.7195,1.2000469,-0.4259360260014203
3,2,236441.83659479627,0.7195,1.4126658,7.92319311036004e-08
3,2,236446.83659557858,0.7195,1.7315717,0.0009990485269659095
3,2,236451.8365963609,0.7195,1.8067211,0.001998019015209542
3,2,236456.8365971432,0.7195,1.8629926,0.002996987078199784
3,2,236461.83659792552,0.7195,1.9094146,0.003995955544448562
3,2,236466.83659870783,0.7195,1.9499576,0.004994925103614728
3,2,236471.83659949014,0.7195,1.9859384,0.0059938977210389245
3,2,236476.83660027245,0.7195,2.0182545,0.006992871081782712
3,2,236481.83660105476,0.7195,2.0479555,0.007991843696961801
3,2,236486.83660183707,0.7195,2.0750985,0.008990813780311082
3,2,236491.83660261938,0.7195,2.0997412,0.009989785140921673
3,2,236496.8366034017,0.7195,2.1223605,0.010988755523350505
3,2,236501.836604184,0.7195,2.143281,0.011987723097185295
3,2,236506.83660496632,0.7195,2.1622736,0.01298669391157892
3,2,236511.83660574863,0.7195,2.1802545,0.013985667221910424
3,2,236516.83660653094,0.7195,2.1963456,0.014984639585663876
3,2,236521.83660731325,0.7195,2.2113297,0.01598361390850279
3,2,236526.83660809556,0.7195,2.2250159,0.0169825891366601
3,2,236531.83660887787,0.7195,2.2379003,0.01798156253085534
3,2,236536.83660966018,0.7195,2.2499256,0.0189805377001928
3,2,236541.8366104425,0.7195,2.2607868,0.019979512927515642
3,2,236546.8366112248,0.7195,2.2711706,0.02097849045605461
3,2,236551.83661200712,0.7195,2.2811728,0.02197746572583914
3,2,236556.83661278943,0.7195,2.2901824,0.022976441846314408
3,2,236561.83661357174,0.7195,2.2988675,0.023975418207761317
3,2,236566.83661435405,0.7195,2.307018,0.024974397640695176
3,2,236571.83661513636,0.7195,2.314386,0.02597337724685669
3,2,236576.83661591867,0.7195,2.3214104,0.026972355618099374
3,2,236581.83661670098,0.7195,2.328282,0.027971331849863133
3,2,236586.8366174833,0.7195,2.3346574,0.02897030658472909
3,2,236591.8366182656,0.7195,2.3410137,0.02996927802256081
3,2,236596.8366190479,0.7195,2.3465874,0.030968251300533614
3,2,236601.83661983022,0.7195,2.3522947,0.03196722595995665
3,2,236606.83662061254,0.7195,2.3576584,0.032966203780137836
3,2,236611.83662139485,0.7195,2.363022,0.03396518088905348
3,2,236616.83662217716,0.7195,2.367985,0.03496415950903959
3,2,236621.83662295947,0.7195,2.3731008,0.03596313842925761
3,2,236626.83662374178,0.7195,2.3778536,0.036962114043530496
3,2,236631.8366245241,0.7195,2.3825111,0.03796108933512039
3,2,236636.8366253064,0.7195,2.387073,0.03896006669349472
3,2,236641.8366260887,0.7195,2.3912342,0.03995904267149502
3,2,236646.83662687102,0.7195,2.3957963,0.040958021413008375
3,2,236651.83662765333,0.7195,2.4000912,0.04195699933119284
3,2,236656.83662843565,0.7195,2.4040422,0.04295597630242838
3,2,236661.83662921796,0.7195,2.408299,0.04395495126016604
3,2,236666.83663000027,0.7195,2.4121737,0.044953927417433925
3,2,236671.83663078258,0.7195,2.4161441,0.04595290455165837
3,2,236676.8366315649,0.7195,2.4198663,0.04695188152467542
3,2,236681.8366323472,0.7195,2.423894,0.0479508578262594
3,2,236686.8366331295,0.7195,2.4276161,0.04894983215906885
3,2,236691.83663391182,0.7195,2.431338,0.04994880753737357
3,2,236696.83663469413,0.7195,2.4353085,0.050947784001989495
3,2,236701.83663547644,0.7195,2.4388971,0.05194676016793317
3,2,236706.83663625875,0.7195,2.4426382,0.05294573623816172
3,2,236711.83663704107,0.7195,2.4463603,0.05394471108212404
3,2,236716.83663782338,0.7195,2.4500825,0.05494368630708588
3,2,236721.8366386057,0.7195,2.4535756,0.055942661145163906
3,2,236726.836639388,0.7195,2.457355,0.05694163603316413
3,2,236731.8366401703,0.7195,2.4610772,0.05794061299840609
3,2,236736.83664095262,0.7195,2.4649332,0.058939588174939155
3,2,236741.83664173493,0.7195,2.4684262,0.05993856223537525
3,2,236746.83664251724,0.7195,2.4721484,0.060937536843803194
3,2,236751.83664329955,0.7195,2.4758513,0.06193651237084468
3,2,236756.83664408186,0.7195,2.479631,0.06293548701656858
3,2,236761.83664486418,0.7195,2.4834294,0.06393446239447594
3,2,236766.8366456465,0.7195,2.4868462,0.06493343832550115
3,2,236771.8366464288,0.7195,2.4905682,0.06593241278709967
3,2,236776.8366472111,0.7195,2.4943094,0.06693138743355208
3,2,236781.83664799342,0.7195,2.4979744,0.06793036220564114
3,2,236786.83664877573,0.7195,2.5016012,0.06892933759733372
3,2,236791.83664955804,0.7195,2.5055332,0.0699283161185748
3,2,236796.83665034035,0.7195,2.5092936,0.07092729415098163
3,2,236801.83665112266,0.7195,2.513092,0.07192627257171604
3,2,236806.83665190497,0.7195,2.5170243,0.07292524901128476
3,2,236811.83665268729,0.7195,2.5204792,0.07392422313993506
3,2,236816.8366534696,0.7195,2.5243158,0.07492319547086622
3,2,236821.8366542519,0.7195,2.5280952,0.07592216876458459
3,2,236826.83665503422,0.7195,2.5321229,0.07692114211788442
3,2,236831.83665581653,0.7195,2.535864,0.07792011622200741
3,2,236836.83665659884,0.7195,2.5396054,0.07891908975047204
3,2,236841.83665738115,0.7195,2.543442,0.07991806420028873
3,2,236846.83665816346,0.7195,2.5475268,0.08091703922580348
3,2,236851.83665894577,0.7195,2.5512109,0.08191601278228892
3,2,236856.83665972808,0.7195,2.5550284,0.08291498426999318
3,2,236861.8366605104,0.7195,2.5589797,0.08391395496885314
3,2,236866.8366612927,0.7195,2.56274,0.08491292313866483
3,2,236871.83666207502,0.7195,2.5669012,0.0859118949429724
3,2,236876.83666285733,0.7195,2.5707378,0.08691086725480027
3,2,236881.83666363964,0.7195,2.574632,0.08790984016950594
3,2,236886.83666442195,0.7195,2.578583,0.08890881323684255
3,2,236891.83666520426,0.7195,2.5828397,0.0899077888295816
3,2,236896.83666598657,0.7195,2.5866382,0.09090676492789387
3,2,236901.83666676888,0.7195,2.5905704,0.09190574190443754
3,2,236906.8366675512,0.7195,2.5943499,0.0929047162048055
3,2,236911.8366683335,0.7195,2.598339,0.0939036905347473
3,2,236916.83666911582,0.7195,2.601985,0.09490266428442795
3,2,236921.83666989813,0.7195,2.6058598,0.0959016371240682
3,2,236926.83667068044,0.7195,2.6096392,0.09690060775297217
3,2,236931.83667146275,0.7195,2.6133804,0.09789957821311884
3,2,236936.83667224506,0.7195,2.6171217,0.09889854625082346
3,2,236941.83667302737,0.7195,2.6211493,0.09989751511520809
3,2,236946.83667380968,0.7195,2.624547,0.10089648722824453
3,2,236951.836674592,0.7195,2.6282501,0.10189545860633252
3,2,236956.8366753743,0.7195,2.6320677,0.1028944321852558
3,2,236961.8366761566,0.7195,2.6354654,0.1038934075518416
3,2,236966.83667693892,0.7195,2.6391304,0.10489238298951253
3,2,236971.83667772124,0.7195,2.6422224,0.10589135632678864
3,2,236976.83667850355,0.7195,2.6457157,0.1068903344813287
3,2,236981.83667928586,0.7195,2.649094,0.10788931093157991
3,2,236986.83668006817,0.7195,2.6523964,0.10888828535178964
3,2,236991.83668085048,0.7195,2.6554506,0.10988726203568112
3,2,236996.8366816328,0.7195,2.65839,0.1108862401365472
3,2,237001.8366824151,0.7195,2.6614633,0.11188521715965534
3,2,237006.8366831974,0.7195,2.6643836,0.11288419515574638
3,2,237011.83668397972,0.7195,2.6672468,0.11388317501114803
3,2,237016.83668476203,0.7195,2.669671,0.11488215302027593
3,2,237021.83668554435,0.7195,2.6725533,0.115881131354173
3,2,237026.83668632666,0.7195,2.674825,0.11688010835250878
3,2,237031.83668710897,0.7195,2.6774018,0.11787908521608177
3,2,237036.83668789128,0.7195,2.6795397,0.11887806391882562
3,2,237041.8366886736,0.7195,2.681582,0.11987703966838781
3,2,237046.8366894559,0.7195,2.6837962,0.12087601518295536
3,2,237051.8366902382,0.7195,2.6855333,0.12187499009841014
3,2,237056.83669102052,0.7195,2.6872892,0.12287396457401577
3,2,237061.83669180283,0.7195,2.6891408,0.12387293726782662
3,2,237066.83669258514,0.7195,2.6908588,0.12487190931581123
3,2,237071.83669336746,0.7195,2.6921186,0.12587088270428773
3,2,237076.83669414977,0.7195,2.6933594,0.1268698563360174
3,2,237081.83669493208,0.7195,2.6947908,0.1278688302158117
3,2,237086.8366957144,0.7195,2.695879,0.1288678029451436
3,2,237091.8366964967,0.7195,2.697196,0.12986677474873923
3,2,237096.836697279,0.7195,2.698303,0.13086574539533916
3,2,237101.83669806132,0.7195,2.698933,0.13186471813395284
3,2,237106.83669884363,0.7195,2.69983,0.1328636912613014
3,2,237111.83669962594,0.7195,2.7009182,0.13386266401770378
3,2,237116.83670040825,0.7195,2.7015862,0.13486163721353475
3,2,237121.83670119056,0.7195,2.7023497,0.1358606111116409
3,2,237126.83670197288,0.7195,2.703056,0.1368595855516195
3,2,237131.8367027552,0.7195,2.7037623,0.13785855886333517
3,2,237136.8367035375,0.7195,2.7044113,0.13885753358736633
3,2,237141.8367043198,0.7195,2.7048693,0.13985650637629626
3,2,237146.83670510212,0.7195,2.7052512,0.1408554798956447
3,2,237151.83670588443,0.7195,2.706091,0.1418544525903165
3,2,237156.83670666674,0.7195,2.706301,0.1428534247711367
3,2,237161.83670744905,0.7195,2.7066636,0.14385239974704714
3,2,237166.83670823136,0.7195,2.7072172,0.14485137632673978
3,2,237171.83670901367,0.7195,2.7072744,0.14585035130744842
3,2,237176.83670979599,0.7195,2.7078662,0.14684932536258632
3,2,237181.8367105783,0.7195,2.7081907,0.14784829983518855
3,2,237186.8367113606,0.7195,2.708267,0.14884727425133853
3,2,237191.83671214292,0.7195,2.708477,0.14984624676845804
3,2,237196.83671292523,0.7195,2.7086296,0.15084521674586668
3,2,237201.83671370754,0.7195,2.7088969,0.15184418915158843
3,2,237206.83671448985,0.7195,2.7092214,0.15284315975380938
3,2,237211.83671527216,0.7195,2.7092786,0.1538421342550516
3,2,237216.83671605447,0.7195,2.7096796,0.15484110932855805
3,2,237221.83671683678,0.7195,2.7096224,0.1558400857330362
3,2,237226.8367176191,0.7195,2.709966,0.15683906232563985
3,2,237231.8367184014,0.7195,2.7101948,0.15783803986901376
3,2,237236.83671918372,0.7195,2.7100613,0.15883701723669305
3,2,237241.83671996603,0.7195,2.7103286,0.1598359947235154
3,2,237246.83672074834,0.7195,2.710462,0.16083497344716724
3,2,237251.83672153065,0.7195,2.7103858,0.16183394974782403
3,2,237256.83672231296,0.7195,2.7108438,0.16283292463489044
3,2,237261.83672309527,0.7195,2.711111,0.16383189937705797
3,2,237266.83672387758,0.7195,2.7110157,0.16483087511473565
3,2,237271.8367246599,0.7195,2.7110348,0.1658298523351451
3,2,237276.8367254422,0.7195,2.7113593,0.16682882830616172
3,2,237281.83672622452,0.7195,2.7113783,0.16782780338391665
3,2,237286.83672700683,0.7195,2.7116456,0.1688267794141273
3,2,237291.83672778914,0.7195,2.7117028,0.16982575739152567
3,2,237296.83672857145,0.7195,2.7115693,0.1708247342668739
3,2,237301.83672935376,0.7195,2.7115884,0.17182371162837745
3,2,237306.83673013607,0.7195,2.7116265,0.17282268748239676
3,2,237311.83673091838,0.7195,2.7119892,0.1738216656097008
3,2,237316.8367317007,0.7195,2.7122374,0.17482064371917974
3,2,237321.836732483,0.7195,2.7121992,0.17581961979648136
3,2,237326.8367332653,0.7195,2.712142,0.17681859914824694
3,2,237331.83673404763,0.7195,2.7125046,0.17781757815035842
3,2,237336.83673482994,0.7195,2.7124283,0.17881655777660008
3,2,237341.83673561225,0.7195,2.7127337,0.17981553505372996
3,2,237346.83673639456,0.7195,2.7129626,0.18081451081459715
3,2,237351.83673717687,0.7195,2.7130008,0.18181348539513345
3,2,237356.8367379587,0.7195,2.7128863,0.18281245924671155
3,2,237361.83673874103,0.7195,2.7133636,0.18381143111790546
3,2,237366.83673952334,0.7195,2.7133443,0.18481039978795244
3,2,237371.83674030565,0.7195,2.7136307,0.18580937108268997
3,2,237376.83674108796,0.7195,2.7137263,0.1868083424223396
3,2,237381.83674187027,0.7195,2.7139742,0.18780731062810946
3,2,237386.83674265258,0.7195,2.7142224,0.18880628211846281
3,2,237391.8367434349,0.7195,2.714108,0.18980525458500117
3,2,237396.8367442172,0.7195,2.7142224,0.19080422765243713
3,2,237401.8367449995,0.7195,2.714566,0.19180320097576575
3,2,237406.83674578182,0.7195,2.7146041,0.19280217365980146
3,2,237411.83674656413,0.7195,2.714776,0.19380115018384653
3,2,237416.83674734645,0.7195,2.7149096,0.1948001257906589
3,2,237421.83674812876,0.7195,2.7151577,0.19579910064389636
3,2,237426.83674891107,0.7195,2.715196,0.19679807681054204
3,2,237431.83674969338,0.7195,2.7152724,0.19779704989604813
3,2,237436.8367504757,0.7195,2.715234,0.1987960228374004
3,2,237441.836751258,0.7195,2.7156541,0.19979499498988518
3,2,237446.8367520403,0.7195,2.7158449,0.20079396688205992
3,2,237451.83675282262,0.7195,2.7161121,0.20179293931353087
3,2,237456.83675360493,0.7195,2.7163413,0.20279191425814228
3,2,237461.83675438724,0.7195,2.716761,0.20379088681353127
3,2,237466.83675516956,0.7195,2.7168376,0.20478986039364333
3,2,237471.83675595187,0.7195,2.717143,0.20578883260961037
3,2,237476.83675673418,0.7195,2.717124,0.20678780516802264
3,2,237481.8367575165,0.7195,2.7173529,0.2077867784828543
3,2,237486.8367582988,0.7195,2.7174866,0.2087857517364753
3,2,237491.8367590811,0.7195,2.7179255,0.20978472572601828
3,2,237496.83675986342,0.7195,2.7181928,0.21078369947368894
3,2,237501.83676064573,0.7195,2.7183263,0.21178267236903967
3,2,237506.83676142804,0.7195,2.7185745,0.21278164098337948
3,2,237511.83676221035,0.7195,2.7187083,0.21378061098432535
3,2,237516.83676299267,0.7195,2.718899,0.2147795816009541
3,2,237521.83676377498,0.7195,2.7195098,0.21577855371384483
3,2,237526.8367645573,0.7195,2.7192616,0.21677752564789515
3,2,237531.8367653396,0.7195,2.7194908,0.21777649585728176
3,2,237536.8367661219,0.7195,2.719949,0.21877546465924377
3,2,237541.83676690422,0.7195,2.720235,0.21977443302730384
3,2,237546.83676768653,0.7195,2.7205405,0.2207734023119873
3,2,237551.83676846884,0.7195,2.7209034,0.22177237139589584
3,2,237556.83676925115,0.7195,2.7209034,0.22277133936889962
3,2,237561.83677003346,0.7195,2.7213995,0.22377030867078565
3,2,237566.83677081577,0.7195,2.7215524,0.22476927931023302
3,2,237571.8367715981,0.7195,2.7221248,0.22576824891436428
3,2,237576.8367723804,0.7195,2.7222967,0.2267672205586698
3,2,237581.8367731627,0.7195,2.7228122,0.22776619329194225
3,2,237586.83677394502,0.7195,2.7228122,0.22876516674489775
3,2,237591.83677472733,0.7195,2.723022,0.22976413665747308
3,2,237596.83677550964,0.7195,2.7235565,0.23076310789333115
3,2,237601.83677629195,0.7195,2.7237475,0.23176207571779686
3,2,237606.83677707426,0.7195,2.724091,0.23276104353784519
3,2,237611.83677785657,0.7195,2.72453,0.23376001090062323
3,2,237616.83677863888,0.7195,2.724721,0.234758978301386
3,2,237621.8367794212,0.7195,2.7249882,0.23575794449411164
3,2,237626.8367802035,0.7195,2.7252553,0.2367569113856355
3,2,237631.83678098582,0.7195,2.7256563,0.23775588032919828
3,2,237636.83678176813,0.7195,2.7261906,0.2387548481051789
3,2,237641.83678255044,0.7195,2.7259998,0.2397538161777655
3,2,237646.83678333275,0.7195,2.7266488,0.24075278234792086
3,2,237651.83678411506,0.7195,2.7271643,0.24175174500196178
3,2,237656.83678489737,0.7195,2.7274313,0.24275070564676987
3,2,237661.83678567968,0.7195,2.7278323,0.24374966695804065
3,2,237666.836786462,0.7195,2.728023,0.24474863027968008
3,2,237671.8367872443,0.7195,2.7286339,0.24574759648888309
3,2,237676.83678802662,0.7195,2.7289202,0.24674656354012753
3,2,237681.83678880893,0.7195,2.729493,0.24774553054123452
3,2,237686.83678959124,0.7195,2.7299128,0.24874449857712452
3,2,237691.83679037355,0.7195,2.73039,0.24974346820541551
3,2,237696.83679115586,0.7195,2.7308671,0.2507424375995894
3,2,237701.83679193817,0.7195,2.7313445,0.2517414073079162
3,2,237706.83679272048,0.7195,2.7319744,0.2527403751259711
3,2,237711.8367935028,0.7195,2.7320125,0.2537393416180346
3,2,237716.8367942851,0.7195,2.732509,0.25473831259475815
3,2,237721.83679506741,0.7195,2.7327952,0.25573728373215926
3,2,237726.83679584973,0.7195,2.7335205,0.25673625757543245
3,2,237731.83679663204,0.7195,2.7338831,0.25773522976742186
3,2,237736.83679741435,0.7195,2.734322,0.2587342060652938
3,2,237741.83679819666,0.7195,2.734513,0.25973318419845237
3,2,237746.83679897897,0.7195,2.7352765,0.2607321618752016
3,2,237751.83679976128,0.7195,2.7356393,0.261731138631728
3,2,237756.8368005436,0.7195,2.7363074,0.26273011717226774
3,2,237761.8368013259,0.7195,2.7365746,0.2637290951692694
3,2,237766.8368021082,0.7195,2.7370517,0.2647280766497553
3,2,237771.83680289052,0.7195,2.7376244,0.26572705664671464
3,2,237776.83680367284,0.7195,2.7380252,0.2667260347940028
3,2,237781.83680445515,0.7195,2.7385406,0.26772501019507317
3,2,237786.83680523746,0.7195,2.739304,0.268723984277808
3,2,237791.83680601977,0.7195,2.7397623,0.26972295451288425
3,2,237796.83680680208,0.7195,2.7402775,0.2707219253802631
3,2,237801.8368075844,0.7195,2.7408502,0.2717208984182775
3,2,237806.8368083667,0.7195,2.741671,0.27271987237535583
3,2,237811.836809149,0.7195,2.7418427,0.2737188480111692
3,2,237816.83680993132,0.7195,2.74232,0.27471782210459644
3,2,237821.83681071363,0.7195,2.7425873,0.275716796091189
3,2,237826.83681149594,0.7195,2.7432935,0.2767157704370618
3,2,237831.83681227826,0.7195,2.7438662,0.27771474282798836
3,2,237836.83681306057,0.7195,2.744439,0.27871371610083845
3,2,237841.83681384288,0.7195,2.7450306,0.27971268992512094
3,2,237846.8368146252,0.7195,2.746004,0.28071166173155443
3,2,237851.8368154075,0.7195,2.7465003,0.28171063220433396
3,2,237856.8368161898,0.7195,2.7469966,0.2827096041325761
3,2,237861.83681697212,0.7195,2.747722,0.2837085800079306
3,2,237866.83681775443,0.7195,2.7482946,0.28470755369429124
3,2,237871.83681853674,0.7195,2.749039,0.28570652708241673
3,2,237876.83681931905,0.7195,2.7497454,0.2867055014641351
3,2,237881.83682010137,0.7195,2.7508714,0.2877044739879601
3,2,237886.83682088368,0.7195,2.750967,0.28870344679895704
3,2,237891.836821666,0.7195,2.7519786,0.2897024216751125
3,2,237896.8368224483,0.7195,2.7528949,0.2907013953704602
3,2,237901.8368232306,0.7195,2.7535248,0.29170037030333607
3,2,237906.83682401292,0.7195,2.7538302,0.29269934316780166
3,2,237911.83682479523,0.7195,2.7550135,0.2936983157199985
3,2,237916.83682557754,0.7195,2.755758,0.2946972881086998
3,2,237921.83682635985,0.7195,2.7565215,0.29569625951135814
3,2,237926.83682714216,0.7195,2.7569225,0.2966952324518859
3,2,237931.83682792448,0.7195,2.7576096,0.29769420332895047
3,2,237936.8368287068,0.7195,2.7582777,0.29869316776920685
3,2,237941.8368294891,0.7195,2.7589266,0.29969213671526307
3,2,237946.8368302714,0.7195,2.7596138,0.3006911081321206
3,2,237951.83683105372,0.7195,2.760339,0.3016900782407356
3,2,237956.83683183603,0.7195,2.761389,0.3026890498862299
3,2,237961.83683261834,0.7195,2.762267,0.3036880217337376
3,2,237966.83683340065,0.7195,2.7629542,0.30468699515993725
3,2,237971.83683418296,0.7195,2.7640994,0.30568596683847904
3,2,237976.83683496527,0.7195,2.7648249,0.3066849405029449
3,2,237981.83683574758,0.7195,2.7656264,0.3076839120706585
3,2,237986.8368365299,0.7195,2.76639,0.3086828838362727
3,2,237991.8368373122,0.7195,2.7675352,0.30968185488659145
3,2,237996.83683809452,0.7195,2.7681842,0.31068082827718724
3,2,238001.83683887683,0.7195,2.769196,0.3116798043408328
3,2,238006.83683965914,0.7195,2.7703793,0.31267877806431393
3,2,238011.83684044145,0.7195,2.7710476,0.3136777526654271
3,2,238016.83684122376,0.7195,2.7722309,0.31467672796057006
3,2,238021.83684200607,0.7195,2.7733953,0.3156757011207707
3,2,238026.83684278838,0.7195,2.7742543,0.31667467566488855
3,2,238031.8368435707,0.7195,2.775285,0.3176736499834757
3,2,238036.836844353,0.7195,2.7759721,0.31867262393298423
3,2,238041.83684513532,0.7195,2.7771747,0.3196715984976988
3,2,238046.83684591763,0.7195,2.7780337,0.3206705734022658
3,2,238051.83684669994,0.7195,2.7791216,0.32166954627711913
3,2,238056.83684748225,0.7195,2.7799997,0.32266851912540206
3,2,238061.83684826456,0.7195,2.7808015,0.32366748894147085
3,2,238066.83684904687,0.7195,2.7822711,0.32466645723894244
3,2,238071.83684982918,0.7195,2.7833402,0.32566542421391614
3,2,238076.8368506115,0.7195,2.7846,0.32666439213591825
3,2,238081.8368513938,0.7195,2.7855163,0.3276633587096202
3,2,238086.83685217611,0.7195,2.7866807,0.3286623268984226
3,2,238091.83685295843,0.7195,2.7875586,0.3296612977024318
3,2,238096.83685374074,0.7195,2.7886086,0.33066026664934567
3,2,238101.83685452305,0.7195,2.7897346,0.3316592343123457
3,2,238106.83685530536,0.7195,2.7911663,0.33265820532055707
3,2,238111.83685608767,0.7195,2.7923498,0.3336571779460776
3,2,238116.83685686998,0.7195,2.7937622,0.3346561479440101
3,2,238121.8368576523,0.7195,2.794812,0.335655117061688
3,2,238126.8368584346,0.7195,2.796339,0.3366540875966352
3,2,238131.8368592169,0.7195,2.797351,0.3376530596080391
3,2,238136.83685999922,0.7195,2.798496,0.3386520294195978
3,2,238141.83686078154,0.7195,2.7999659,0.3396509976297519
3,2,238146.83686156385,0.7195,2.8009393,0.3406499664539862
3,2,238151.83686234616,0.7195,2.8023136,0.34164893773299804
3,2,238156.83686312847,0.7195,2.8040698,0.3426479092967346
3,2,238161.83686391078,0.7195,2.8050814,0.34364688003462235
3,2,238166.8368646931,0.7195,2.8065894,0.34464585482709953
3,2,238171.8368654754,0.7195,2.808021,0.34564482925765067
3,2,238176.8368662577,0.7195,2.8094907,0.34664380419714597
3,2,238181.83686704002,0.7195,2.8112278,0.3476427789496814
3,2,238186.83686782233,0.7195,2.8120103,0.34864175281100485
3,2,238191.83686860465,0.7195,2.8137093,0.3496407290719451
3,2,238196.83686938696,0.7195,2.8148735,0.35063970745822803
3,2,238201.83687016927,0.7195,2.816477,0.3516386861047813
3,2,238206.83687095158,0.7195,2.8178704,0.3526376650420065
3,2,238211.8368717339,0.7195,2.8197029,0.3536366412563127
3,2,238216.8368725162,0.7195,2.8211536,0.3546356127733292
3,2,238221.8368732985,0.7195,2.822547,0.3556345852214961
3,2,238226.83687408082,0.7195,2.8243222,0.35663355703249594
3,2,238231.83687486313,0.7195,2.8259447,0.35763252851661065
3,2,238236.83687564544,0.7195,2.8278344,0.3586315014529164
3,2,238241.83687642775,0.7195,2.829705,0.35963047599753756
3,2,238246.83687721007,0.7195,2.831194,0.36062944946896386
3,2,238251.83687799238,0.7195,2.833007,0.3616284252924755
3,2,238256.8368787747,0.7195,2.8344197,0.3626274016133118
3,2,238261.836879557,0.7195,2.835794,0.3636263769766723
3,2,238266.8368803393,0.7195,2.837741,0.36462535100793525
3,2,238271.83688112162,0.7195,2.8392298,0.3656243245328865
3,2,238276.83688190393,0.7195,2.8412914,0.3666232963570524
3,2,238281.83688268624,0.7195,2.8433337,0.36762226881235194
3,2,238286.83688346855,0.7195,2.8452044,0.3686212421719533
3,2,238291.83688425086,0.7195,2.8469415,0.36962021829067687
3,2,238296.83688503318,0.7195,2.848774,0.3706191945587995
3,2,238301.8368858155,0.7195,2.850931,0.3716181705886393
3,2,238306.8368865978,0.7195,2.8527822,0.37261714533350554
3,2,238311.8368873801,0.7195,2.8547103,0.3736161188273465
3,2,238316.83688816242,0.7195,2.8569818,0.3746150940776039
3,2,238321.83688894473,0.7195,2.8589478,0.3756140683573785
3,2,238326.83688972704,0.7195,2.8612192,0.37661304272083795
3,2,238331.83689050935,0.7195,2.8630898,0.377612017994818
3,2,238336.83689129166,0.7195,2.865533,0.37861099242599827
3,2,238341.83689207397,0.7195,2.867499,0.37960996502088196
3,2,238346.83689285628,0.7195,2.8701143,0.380608936807222
3,2,238351.8368936386,0.7195,2.872004,0.3816079101727706
3,2,238356.8368944209,0.7195,2.8745618,0.3826068817922177
3,2,238361.83689520322,0.7195,2.8768141,0.38360585645814094
3,2,238366.83689598553,0.7195,2.8793528,0.3846048290033442
3,2,238371.83689676784,0.7195,2.881739,0.3856038028224146
3,2,238376.83689755015,0.7195,2.8838959,0.3866027782410021
3,2,238381.83689833246,0.7195,2.8868544,0.38760175047736056
3,2,238386.83689911477,0.7195,2.889393,0.3886007225124639
3,2,238391.83689989708,0.7195,2.8920083,0.38959969455816035
3,2,238396.8369006794,0.7195,2.894528,0.39059866654837483
3,2,238401.8369014617,0.7195,2.8972957,0.39159763789297164
3,2,238406.83690224402,0.7195,2.9000251,0.3925966061720453
3,2,238411.83690302633,0.7195,2.9030602,0.3935955760241617
3,2,238416.83690380864,0.7195,2.905809,0.3945945466365949
3,2,238421.83690459095,0.7195,2.9087484,0.39559351983372393
3,2,238426.83690537326,0.7195,2.9118788,0.3965924911188121
3,2,238431.83690615557,0.7195,2.9144175,0.3975914627683132
3,2,238436.83690693788,0.7195,2.917758,0.3985904365274544
3,2,238441.8369077202,0.7195,2.9207547,0.3995894115328956
3,2,238446.8369085025,0.7195,2.923828,0.40058838466720137
3,2,238451.83690928482,0.7195,2.9272447,0.40158735596665096
3,2,238456.83691006713,0.7195,2.9299934,0.40258632658318033
3,2,238461.83691084944,0.7195,2.93299,0.40358529699552076
3,2,238466.83691163175,0.7195,2.936216,0.40458426513233137
3,2,238471.83691241406,0.7195,2.9398618,0.4055832327607309
3,2,238476.83691319637,0.7195,2.9430687,0.4065821989877093
3,2,238481.83691397868,0.7195,2.9466763,0.4075811648904219
3,2,238486.836914761,0.7195,2.9502075,0.4085801287010446
3,2,238491.8369155433,0.7195,2.9541206,0.40957909453349656
3,2,238496.8369163256,0.7195,2.957442,0.41057806264651825
3,2,238501.83691710792,0.7195,2.9608014,0.41157702896464876
3,2,238506.83691789024,0.7195,2.9642372,0.4125759955770242
3,2,238511.83691867255,0.7195,2.9676921,0.41357496489306633
3,2,238516.83691945486,0.7195,2.971128,0.4145739339939357
3,2,238521.83692023717,0.7195,2.975289,0.4155729048875439
3,2,238526.83692101948,0.7195,2.9794695,0.41657187680191476
3,2,238531.8369218018,0.7195,2.9831727,0.4175708502132364
3,2,238536.8369225841,0.7195,2.986933,0.4185698232463732
3,2,238541.8369233664,0.7195,2.9905787,0.4195687970368731
3,2,238546.83692414872,0.7195,2.9942055,0.42056776886214825
3,2,238551.83692493103,0.7195,2.9978895,0.42156674005444855
3,2,238554.2449253085,0.7195,2.999989,0.422047845364776
3,2,238554.24512530863,0.7195,2.999989,0.42204788532676973
4,1,238554.24592530867,-0.7195,2.8464954,-7.900715536541408e-08
4,1,238559.24592609145,-0.7195,2.3281102,-0.0009996635607216091
4,1,238564.24592687376,-0.7195,2.2000296,-0.0019992466853294105
4,1,238569.24592765607,-0.7195,2.1257582,-0.002998831979582707
4,1,238574.24592843838,-0.7195,2.0809014,-0.00399841816172666
4,1,238579.2459292207,-0.7195,2.044825,-0.004998002708945009
4,1,238584.245930003,-0.7195,2.0100658,-0.005997585651149352
4,1,238589.2459307853,-0.7195,1.975211,-0.006997169515295161
4,1,238594.24593156762,-0.7195,1.9388484,-0.007996756150159571
4,1,238599.24593234994,-0.7195,1.9009968,-0.008996340847369697
4,1,238604.24593313225,-0.7195,1.861351,-0.009995925011638138
4,1,238609.24593391456,-0.7195,1.82056,-0.010995510052796868
4,1,238614.24593469687,-0.7195,1.7797879,-0.011995096982611551
4,1,238619.24593547918,-0.7195,1.7407148,-0.012994685044546924
4,1,238624.2459362615,-0.7195,1.7037985,-0.013994271039538915
4,1,238629.2459370438,-0.7195,1.6700319,-0.014993855660819346
4,1,238634.2459378261,-0.7195,1.6402164,-0.015993437637733088
4,1,238639.24593860842,-0.7195,1.6146194,-0.016993020759622255
4,1,238644.24593939073,-0.7195,1.5931835,-0.017992602729373506
4,1,238649.24594017304,-0.7195,1.5758708,-0.018992186364008318
4,1,238654.24594095536,-0.7195,1.5624518,-0.019991770958311027
4,1,238659.24594173767,-0.7195,1.5514762,-0.02099135389843914
4,1,238664.24594251998,-0.7195,1.542944,-0.021990938169883355
4,1,238669.2459433023,-0.7195,1.5360913,-0.022990522771683
4,1,238674.2459440846,-0.7195,1.5307658,-0.02399010639032059
4,1,238679.2459448669,-0.7195,1.5258793,-0.024989692136430076
4,1,238684.24594564922,-0.7195,1.5220425,-0.025989278146048386
4,1,238689.24594643153,-0.7195,1.5190648,-0.02698886340861188
4,1,238694.24594721384,-0.7195,1.5163734,-0.027988447459651362
4,1,238699.24594799615,-0.7195,1.5143119,-0.028988033724851075
4,1,238704.24594877847,-0.7195,1.5120977,-0.02998761855517493
4,1,238709.24594956078,-0.7195,1.5103607,-0.030987202236983508
4,1,238714.2459503431,-0.7195,1.5088527,-0.031986784547686574
4,1,238719.2459511254,-0.7195,1.5074021,-0.03298636763996879
4,1,238724.2459519077,-0.7195,1.5063331,-0.033985952719956636
4,1,238729.24595269002,-0.7195,1.5050352,-0.03498553581910001
4,1,238734.24595347233,-0.7195,1.5038326,-0.03598511734837294
4,1,238739.24595425464,-0.7195,1.5029736,-0.03698469820833869
4,1,238744.24595503695,-0.7195,1.5022674,-0.037984278240674074
4,1,238749.24595581926,-0.7195,1.5016184,-0.038983860092282295
4,1,238754.24595660158,-0.7195,1.5009694,-0.039983444117211636
4,1,238759.2459573839,-0.7195,1.5003395,-0.04098303158609073
4,1,238764.2459581662,-0.7195,1.499576,-0.04198261944501268
4,1,238769.2459589485,-0.7195,1.4990033,-0.042982205997324656
4,1,238774.24595973082,-0.7195,1.4986597,-0.04398179006638792
4,1,238779.24596051313,-0.7195,1.4982207,-0.04498137622862724
4,1,238784.24596129544,-0.7195,1.497839,-0.045980961176736494
4,1,238789.24596207775,-0.7195,1.4973044,-0.04698054544227985
4,1,238794.24596286006,-0.7195,1.4971136,-0.04798013081485696
4,1,238799.24596364237,-0.7195,1.4967319,-0.04897971535496912
4,1,238804.24596442468,-0.7195,1.4962355,-0.04997930048975681
4,1,238809.245965207,-0.7195,1.496102,-0.05097888628161948
4,1,238814.2459659893,-0.7195,1.4956629,-0.051978472940209845
4,1,238819.24596677162,-0.7195,1.4953194,-0.0529780580197937
4,1,238824.24596755393,-0.7195,1.4951093,-0.05397764671964447
4,1,238829.24596833624,-0.7195,1.4948803,-0.05497723593412506
4,1,238834.24596911855,-0.7195,1.4944222,-0.055976828941858486
4,1,238839.24596990086,-0.7195,1.4945558,-0.056976422095292155
4,1,238844.24597068317,-0.7195,1.4942313,-0.05797601335833471
4,1,238849.24597146548,-0.7195,1.4943076,-0.05897560444046723
4,1,238854.2459722478,-0.7195,1.4937732,-0.05997519513924586
4,1,238859.2459730301,-0.7195,1.4938304,-0.060974785631444726
4,1,238864.24597381242,-0.7195,1.4937159,-0.06197437499989736
4,1,238869.24597459473,-0.7195,1.4932578,-0.06297396562846502
4,1,238874.24597537704,-0.7195,1.4931624,-0.06397355629252395
4,1,238879.24597615935,-0.7195,1.4929906,-0.06497314877551133
4,1,238884.24597694166,-0.7195,1.4927233,-0.0659727394200696
4,1,238889.24597772397,-0.7195,1.4925134,-0.06697232746435207
4,1,238894.24597850628,-0.7195,1.4924179,-0.06797191741830444
4,1,238899.2459792886,-0.7195,1.4924752,-0.06897150722295048
4,1,238904.2459800709,-0.7195,1.4921889,-0.06997109654621285
4,1,238909.24598085321,-0.7195,1.4923607,-0.07097068279580608
4,1,238914.24598163553,-0.7195,1.4921125,-0.07197026962862745
4,1,238919.24598241784,-0.7195,1.4920171,-0.07296985834430325
4,1,238924.24598320015,-0.7195,1.4919217,-0.07396945011271704
4,1,238929.24598398246,-0.7195,1.4917117,-0.07496904097972647
4,1,238934.24598476477,-0.7195,1.4917308,-0.07596862977165979
4,1,238939.24598554708,-0.7195,1.4915017,-0.07696821827711332
4,1,238944.2459863294,-0.7195,1.4915781,-0.07796780794900988
4,1,238949.2459871117,-0.7195,1.4912918,-0.07896739984963339
4,1,238954.24598789355,-0.7195,1.4910245,-0.07996699279406005
4,1,238959.24598867586,-0.7195,1.491139,-0.08096658794955082
4,1,238964.24598945817,-0.7195,1.4910436,-0.0819661824767722
4,1,238969.24599024048,-0.7195,1.4907572,-0.08296577649465203
4,1,238974.2459910228,-0.7195,1.4907191,-0.08396537034393019
4,1,238979.2459918051,-0.7195,1.4907955,-0.08496496149412791
4,1,238984.2459925874,-0.7195,1.4906619,-0.08596455396488309
4,1,238989.24599336972,-0.7195,1.4904137,-0.0869641464685036
4,1,238994.24599415204,-0.7195,1.4902419,-0.08796373471887906
4,1,238999.24599493435,-0.7195,1.4902419,-0.0889633254977862
4,1,239004.24599571666,-0.7195,1.4900701,-0.08996291688773367
4,1,239009.24599649897,-0.7195,1.4899555,-0.09096250505400696
4,1,239014.24599728128,-0.7195,1.4897838,-0.0919620912836194
4,1,239019.2459980636,-0.7195,1.4894974,-0.09296167717185286
4,1,239024.2459988459,-0.7195,1.489402,-0.0939612655845417
4,1,239029.2459996282,-0.7195,1.4894211,-0.09496085522229804
4,1,239034.24600041052,-0.7195,1.4890202,-0.09596044604767694
4,1,239039.24600119283,-0.7195,1.4889821,-0.0969600352005197
4,1,239044.24600197515,-0.7195,1.4890776,-0.09795962534531288
4,1,239049.24600275746,-0.7195,1.4889249,-0.09895921391173534
4,1,239054.24600353977,-0.7195,1.4888103,-0.09995880119654205
4,1,239059.24600432208,-0.7195,1.4886194,-0.10095838548048006
4,1,239064.2460051044,-0.7195,1.4884858,-0.10195796996175249
4,1,239069.2460058867,-0.7195,1.4884094,-0.10295755440032482
4,1,239074.246006669,-0.7195,1.4883522,-0.10395713827964001
4,1,239079.24600745132,-0.7195,1.487894,-0.10495672236573696
4,1,239084.24600823363,-0.7195,1.4879322,-0.1059563076269461
4,1,239089.24600901594,-0.7195,1.4879322,-0.10695589573344257
4,1,239094.24600979825,-0.7195,1.487646,-0.10795548606833484
4,1,239099.24601058057,-0.7195,1.4875124,-0.10895507653219501
4,1,239104.24601136288,-0.7195,1.4872069,-0.10995466305732726
4,1,239109.2460121452,-0.7195,1.4871305,-0.11095424761883417
4,1,239114.2460129275,-0.7195,1.4870161,-0.11195383383430374
4,1,239119.2460137098,-0.7195,1.4867679,-0.11295341938268474
4,1,239124.24601449212,-0.7195,1.4865006,-0.11395300686547821
4,1,239129.24601527443,-0.7195,1.4865389,-0.11495259514806004
4,1,239134.24601605674,-0.7195,1.4864625,-0.1159521820341779
4,1,239139.24601683905,-0.7195,1.4864053,-0.11695176639474099
4,1,239144.24601762136,-0.7195,1.486138,-0.11795135285678172
4,1,239149.24601840368,-0.7195,1.4858135,-0.1189509424009952
4,1,239154.246019186,-0.7195,1.4856989,-0.11995053306063676
4,1,239159.2460199683,-0.7195,1.4855844,-0.12095012470440067
4,1,239164.2460207506,-0.7195,1.4851836,-0.12194971682169037
4,1,239169.24602153292,-0.7195,1.4850118,-0.12294930843145976
4,1,239174.24602231523,-0.7195,1.4848018,-0.12394889876656727
4,1,239179.24602309754,-0.7195,1.4848018,-0.12494848721636993
4,1,239184.24602387985,-0.7195,1.4844201,-0.12594807184510426
4,1,239189.24602466216,-0.7195,1.484401,-0.12694765671463804
4,1,239194.24602544447,-0.7195,1.4842292,-0.12794724135943913
4,1,239199.24602622679,-0.7195,1.4839429,-0.12894682365487017
4,1,239204.2460270091,-0.7195,1.4838856,-0.12994640565513238
4,1,239209.2460277914,-0.7195,1.4837329,-0.1309459858977099
4,1,239214.24602857372,-0.7195,1.4835993,-0.1319455689757764
4,1,239219.24602935603,-0.7195,1.4834466,-0.13294514984049396
4,1,239224.24603013834,-0.7195,1.483103,-0.13394472921138337
4,1,239229.24603092065,-0.7195,1.4827021,-0.13494430802572766
4,1,239234.24603170296,-0.7195,1.4825494,-0.13594388370950683
4,1,239239.24603248527,-0.7195,1.4825494,-0.13694346071068444
4,1,239244.24603326758,-0.7195,1.4821486,-0.13794303560751012
4,1,239249.2460340499,-0.7195,1.4819767,-0.13894261223242016
4,1,239254.2460348322,-0.7195,1.481576,-0.139942190732542
4,1,239259.24603561452,-0.7195,1.481366,-0.14094176729171143
4,1,239264.24603639683,-0.7195,1.4810797,-0.1419413455894755
4,1,239269.24603717914,-0.7195,1.4810797,-0.14294092394603292
4,1,239274.24603796145,-0.7195,1.4808887,-0.14394050005562437
4,1,239279.24603874376,-0.7195,1.4806406,-0.14494007849675083
4,1,239284.24603952607,-0.7195,1.4805642,-0.145939655807462
4,1,239289.24604030838,-0.7195,1.4801253,-0.14693923322726618
4,1,239294.2460410907,-0.7195,1.4798962,-0.1479388057054877
4,1,239299.246041873,-0.7195,1.4792854,-0.14893838023461234
4,1,239304.24604265532,-0.7195,1.4792281,-0.14993795646771788
4,1,239309.24604343763,-0.7195,1.4790945,-0.1509375331990487
4,1,239314.24604421994,-0.7195,1.4788272,-0.15193710956345666
4,1,239319.24604500225,-0.7195,1.4782928,-0.15293668879968592
4,1,239324.24604578456,-0.7195,1.4782164,-0.15393626753636866
4,1,239329.24604656687,-0.7195,1.4778538,-0.15493584673071573
4,1,239334.24604734918,-0.7195,1.4777201,-0.15593542761050003
4,1,239339.2460481315,-0.7195,1.4773766,-0.1569350117310584
4,1,239344.2460489138,-0.7195,1.4770712,-0.15793459582169192
4,1,239349.2460496961,-0.7195,1.4767467,-0.15893418071326285
4,1,239354.24605047842,-0.7195,1.4763267,-0.15993376719509234
4,1,239359.24605126074,-0.7195,1.4760213,-0.16093335577245224
4,1,239364.24605204305,-0.7195,1.4757159,-0.16193294485954116
4,1,239369.24605282536,-0.7195,1.4753342,-0.1629325344465044
4,1,239374.24605360767,-0.7195,1.4750669,-0.16393212296693527
4,1,239379.24605438998,-0.7195,1.4747998,-0.16493171131739023
4,1,239384.2460551723,-0.7195,1.4747424,-0.1659313005885118
4,1,239389.2460559546,-0.7195,1.474437,-0.16693088924011593
4,1,239394.2460567369,-0.7195,1.4740553,-0.16793047967990243
4,1,239399.24605751922,-0.7195,1.4736544,-0.16893007031343385
4,1,239404.24605830153,-0.7195,1.4732536,-0.16992966271511056
4,1,239409.24605908385,-0.7195,1.4729291,-0.17092925255695984
4,1,239414.24605986616,-0.7195,1.4725282,-0.17192884400689276
4,1,239419.24606064847,-0.7195,1.4723374,-0.1729284349248443
4,1,239424.24606143078,-0.7195,1.4720129,-0.17392802592869605
4,1,239429.2460622131,-0.7195,1.4716502,-0.17492761812871369
4,1,239434.2460629954,-0.7195,1.4711729,-0.1759272082069351
4,1,239439.2460637777,-0.7195,1.470963,-0.1769267991267344
4,1,239444.24606456002,-0.7195,1.4703712,-0.17792638990620116
4,1,239449.24606534233,-0.7195,1.4699323,-0.1789259811769857
4,1,239454.24606612464,-0.7195,1.469646,-0.17992557575497037
4,1,239459.24606690696,-0.7195,1.4692641,-0.18092517625803092
4,1,239464.24606768927,-0.7195,1.4690542,-0.18192477592175874
4,1,239469.24606847158,-0.7195,1.4685006,-0.18292437789631227
4,1,239474.2460692539,-0.7195,1.4680617,-0.1839239793654416
4,1,239479.2460700362,-0.7195,1.4676608,-0.1849235794264675
4,1,239484.2460708185,-0.7195,1.4672408,-0.18592317812992806
4,1,239489.24607160082,-0.7195,1.4665728,-0.1869227798024218
4,1,239494.24607238313,-0.7195,1.4662864,-0.1879223832057616
4,1,239499.24607316544,-0.7195,1.4658283,-0.18892198386587708
4,1,239504.24607394775,-0.7195,1.465332,-0.18992158293831687
4,1,239509.24607473006,-0.7195,1.4646258,-0.19092117687336613
4,1,239514.24607551238,-0.7195,1.4643586,-0.19192077171014094
4,1,239519.2460762947,-0.7195,1.4639577,-0.1929203688888054
4,1,239524.246077077,-0.7195,1.4635187,-0.1939199698823294
4,1,239529.2460778593,-0.7195,1.463175,-0.19491956854562636
4,1,239534.24607864162,-0.7195,1.4626788,-0.19591916923340832
4,1,239539.24607942393,-0.7195,1.462087,-0.196918774560137
4,1,239544.24608020624,-0.7195,1.4617244,-0.19791838207928347
4,1,239549.24608098855,-0.7195,1.4613427,-0.19891799141687824
4,1,239554.24608177086,-0.7195,1.4607509,-0.19991759785649849
4,1,239559.24608255317,-0.7195,1.4604455,-0.2009171995992661
4,1,239564.24608333549,-0.7195,1.4599874,-0.20191680066818005
4,1,239569.2460841178,-0.7195,1.4595102,-0.20291640058637003
4,1,239574.2460849001,-0.7195,1.459033,-0.20391599758446224
4,1,239579.24608568242,-0.7195,1.4585177,-0.20491559769113865
4,1,239584.24608646473,-0.7195,1.4578687,-0.20591519432040725
4,1,239589.24608724704,-0.7195,1.4576014,-0.20691478992257523
4,1,239594.24608802935,-0.7195,1.4573342,-0.20791438690928957
4,1,239599.24608881166,-0.7195,1.4568188,-0.20891398185358784
4,1,239604.24608959397,-0.7195,1.4563988,-0.2099135766272645
4,1,239609.24609037628,-0.7195,1.4557499,-0.2109131695763304
4,1,239614.2460911586,-0.7195,1.4552155,-0.21191276353269825
4,1,239619.2460919409,-0.7195,1.4546809,-0.21291236334954708
4,1,239624.24609272322,-0.7195,1.4542801,-0.2139119648054541
4,1,239629.24609350553,-0.7195,1.4536884,-0.2149115591182544
4,1,239634.2460942876,-0.7195,1.4531538,-0.21591115462462449
4,1,239639.24609506992,-0.7195,1.452314,-0.21691075102107402
4,1,239644.24609585223,-0.7195,1.4519895,-0.2179103460722666
4,1,239649.24609663454,-0.7195,1.4512833,-0.21890993982373022
4,1,239654.24609741685,-0.7195,1.4510161,-0.21990953255869292
4,1,239659.24609819916,-0.7195,1.4504815,-0.22090912549391728
4,1,239664.24609898147,-0.7195,1.4496608,-0.2219087180867461
4,1,239669.24609976378,-0.7195,1.4492027,-0.22290830892950636
4,1,239674.2461005461,-0.7195,1.4483819,-0.22390789931112204
4,1,239679.2461013284,-0.7195,1.4476756,-0.22490749120994416
4,1,239684.24610211072,-0.7195,1.4469694,-0.2259070850082438
4,1,239689.24610289303,-0.7195,1.4464731,-0.2269066810840634
4,1,239694.24610367534,-0.7195,1.4459195,-0.22790627778675498
4,1,239699.24610445765,-0.7195,1.4454232,-0.22890587267556134
4,1,239704.24610523996,-0.7195,1.4448315,-0.22990547023820887
4,1,239709.24610602227,-0.7195,1.4441634,-0.23090506687379886
4,1,239714.24610680458,-0.7195,1.4435908,-0.23190466393534684
4,1,239719.2461075869,-0.7195,1.4430182,-0.2329042636409933
4,1,239724.2461083692,-0.7195,1.4422165,-0.2339038639898864
4,1,239729.2461091515,-0.7195,1.4417584,-0.23490346362141115
4,1,239734.24610993383,-0.7195,1.4410902,-0.23590306120219173
4,1,239739.24611071614,-0.7195,1.440384,-0.2369026586289506
4,1,239744.24611149845,-0.7195,1.4398687,-0.23790225431469753
4,1,239749.24611228076,-0.7195,1.4390478,-0.23890184950553053
4,1,239754.24611306307,-0.7195,1.438647,-0.23990144478248895
4,1,239759.24611384538,-0.7195,1.4378644,-0.24090103930948847
4,1,239764.2461146277,-0.7195,1.4371964,-0.24190063349508914
4,1,239769.24611541,-0.7195,1.4367764,-0.24290022936814698
4,1,239774.2461161923,-0.7195,1.4359747,-0.24389982521043227
4,1,239779.24611697462,-0.7195,1.4350013,-0.24489941702480122
4,1,239784.24611775693,-0.7195,1.4345049,-0.24589900615627902
4,1,239789.24611853925,-0.7195,1.4337032,-0.24689859720044338
4,1,239794.24611932156,-0.7195,1.4332069,-0.2478981855692301
4,1,239799.24612010387,-0.7195,1.4324052,-0.24889777455987538
4,1,239804.24612088618,-0.7195,1.4317372,-0.2498973650830488
4,1,239809.2461216685,-0.7195,1.4312217,-0.25089695874935064
4,1,239814.2461224508,-0.7195,1.43042,-0.25189655033954655
4,1,239819.2461232331,-0.7195,1.4299238,-0.2528961412771279
4,1,239824.24612401542,-0.7195,1.4293894,-0.2538957320797378
4,1,239829.24612479773,-0.7195,1.4283967,-0.2548953214903475
4,1,239834.24612558004,-0.7195,1.427595,-0.2558949082508883
4,1,239839.24612636236,-0.7195,1.4269651,-0.25689449680443616
4,1,239844.24612714467,-0.7195,1.4262208,-0.25789408642182093
4,1,239849.24612792698,-0.7195,1.42561,-0.25889367353389997
4,1,239854.2461287093,-0.7195,1.4248655,-0.259893261139681
4,1,239859.2461294916,-0.7195,1.4241401,-0.26089284577618044
4,1,239864.2461302739,-0.7195,1.4232812,-0.26189243219518993
4,1,239869.24613105622,-0.7195,1.4221932,-0.26289201869499024
4,1,239874.24613183853,-0.7195,1.4214487,-0.2638916081093649
4,1,239879.24613262084,-0.7195,1.4208188,-0.2648911980240444
4,1,239884.24613340315,-0.7195,1.4200362,-0.26589078625844587
4,1,239889.24613418547,-0.7195,1.4194635,-0.266890374804871
4,1,239894.24613496778,-0.7195,1.4184138,-0.2678899627438188
4,1,239899.2461357501,-0.7195,1.4175547,-0.2688895489875741
4,1,239904.2461365324,-0.7195,1.4166385,-0.2698891369422211
4,1,239909.2461373147,-0.7195,1.4161041,-0.2708887235041261
4,1,239914.24613809702,-0.7195,1.4152069,-0.27188831223095133
4,1,239919.24613887933,-0.7195,1.4143671,-0.2728879017677209
4,1,239924.24613966164,-0.7195,1.4136035,-0.2738874906672439
4,1,239929.24614044395,-0.7195,1.4128209,-0.2748870808600718
4,1,239934.24614122626,-0.7195,1.4118475,-0.2758866690218781
4,1,239939.24614200857,-0.7195,1.4110458,-0.27688625563481795
4,1,239944.2461427909,-0.7195,1.4101105,-0.2778858420583607
4,1,239949.2461435732,-0.7195,1.409595,-0.27888542390805826
4,1,239954.2461443555,-0.7195,1.4085643,-0.2798850067202351
4,1,239959.24614513782,-0.7195,1.4078771,-0.280884591331949
4,1,239964.24614592013,-0.7195,1.40698,-0.2818841758032542
4,1,239969.24614670244,-0.7195,1.4059492,-0.2828837614361645
4,1,239974.24614748475,-0.7195,1.4049186,-0.28388334535580556
4,1,239979.24614826706,-0.7195,1.4040977,-0.28488292838654267
4,1,239984.24614904937,-0.7195,1.4030097,-0.2858825125760239
4,1,239989.24614983168,-0.7195,1.401979,-0.28688209799139713
4,1,239994.246150614,-0.7195,1.401139,-0.28788168498017075
4,1,239999.2461513963,-0.7195,1.3999747,-0.2888812723014985
4,1,240004.24615217862,-0.7195,1.3990394,-0.28988086133710556
4,1,240009.24615296093,-0.7195,1.3983523,-0.2908804497070413
4,1,240014.24615374324,-0.7195,1.397226,-0.29188003868841145
4,1,240019.24615452555,-0.7195,1.3964052,-0.29287962717416893
4,1,240024.24615530786,-0.7195,1.3954699,-0.2938792132730353
4,1,240029.24615609017,-0.7195,1.3946682,-0.2948787971173957
4,1,240034.24615687248,-0.7195,1.3933321,-0.2958783809330564
4,1,240039.2461576548,-0.7195,1.3923585,-0.2968779661253891
4,1,240044.2461584371,-0.7195,1.3916142,-0.2978775519598393
4,1,240049.24615921942,-0.7195,1.3901443,-0.2988771359002923
4,1,240054.24616000173,-0.7195,1.3894382,-0.2998767210263446
4,1,240059.24616078404,-0.7195,1.3880829,-0.30087630726828524
4,1,240064.24616156635,-0.7195,1.3872621,-0.30187589477308274
4,1,240069.24616234866,-0.7195,1.3864413,-0.3028754878627957
4,1,240074.24616313097,-0.7195,1.3855823,-0.30387508114682976
4,1,240079.24616391328,-0.7195,1.384208,-0.30487467367365967
4,1,240084.2461646956,-0.7195,1.38312,-0.3058742690282266
4,1,240089.2461654779,-0.7195,1.3819366,-0.3068738657891221
4,1,240094.2461662602,-0.7195,1.3806194,-0.3078734595029951
4,1,240099.24616704253,-0.7195,1.3793979,-0.3088730550477208
4,1,240104.24616782484,-0.7195,1.3784816,-0.30987265123753427
4,1,240109.24616860715,-0.7195,1.3772409,-0.3108722434214918
4,1,240114.24616938946,-0.7195,1.375962,-0.31187183384280415
4,1,240119.24617017177,-0.7195,1.374874,-0.31287142536207385
4,1,240124.24617095408,-0.7195,1.3739196,-0.3138710148629846
4,1,240129.2461717364,-0.7195,1.3726598,-0.3148706025477318
4,1,240134.2461725187,-0.7195,1.3716481,-0.31587019428182656
4,1,240139.246173301,-0.7195,1.3705028,-0.31686978734864474
4,1,240144.24617408332,-0.7195,1.3692621,-0.3178693790834448
4,1,240149.24617486564,-0.7195,1.3678687,-0.3188689706084299
4,1,240154.24617564795,-0.7195,1.3667806,-0.31986856140553965
4,1,240159.24617643026,-0.7195,1.3654445,-0.3208681521120271
4,1,240164.24617721257,-0.7195,1.3642038,-0.32186774481473046
4,1,240169.24617799488,-0.7195,1.3631921,-0.3228673396687972
4,1,240174.2461787772,-0.7195,1.361665,-0.32386693468557143
4,1,240179.2461795595,-0.7195,1.3605962,-0.3248665296908916
4,1,240184.2461803418,-0.7195,1.3590691,-0.3258661243104306
4,1,240189.24618112412,-0.7195,1.3577138,-0.3268657209522791
4,1,240194.24618190643,-0.7195,1.3563204,-0.3278653204849893
4,1,240199.24618268874,-0.7195,1.3550415,-0.32886492118665583
4,1,240204.24618347106,-0.7195,1.3539916,-0.3298645210574899
4,1,240209.24618425337,-0.7195,1.3526937,-0.3308641203676132
4,1,240214.24618503568,-0.7195,1.3514148,-0.33186371791232305
4,1,240219.246185818,-0.7195,1.3499832,-0.3328633152099816
4,1,240224.2461866003,-0.7195,1.3484371,-0.3338629117546513
4,1,240229.2461873826,-0.7195,1.347349,-0.33486250965478365
4,1,240234.24618816446,-0.7195,1.3458602,-0.3358621063034602
4,1,240239.24618894677,-0.7195,1.3443522,-0.33686170021934325
4,1,240244.24618972908,-0.7195,1.3428061,-0.33786129211079097
4,1,240249.2461905114,-0.7195,1.3415082,-0.33886088500521594
4,1,240254.2461912937,-0.7195,1.3401529,-0.3398604783631498
4,1,240259.246192076,-0.7195,1.3390076,-0.34086007206338986
4,1,240264.24619285832,-0.7195,1.3375951,-0.3418596630845369
4,1,240269.24619364063,-0.7195,1.3362207,-0.34285925314573457
4,1,240274.24619442294,-0.7195,1.3344265,-0.34385884342523093
4,1,240279.24619520525,-0.7195,1.332823,-0.34485843491410223
4,1,240284.24619598757,-0.7195,1.331506,-0.3458580278759169
4,1,240289.24619676988,-0.7195,1.3302844,-0.34685762210327065
4,1,240294.2461975522,-0.7195,1.3285092,-0.34785721601460384
4,1,240299.2461983345,-0.7195,1.326524,-0.34885680865330837
4,1,240304.2461991168,-0.7195,1.3249207,-0.3498564002555676
4,1,240309.24619989912,-0.7195,1.3234127,-0.3508559916367333
4,1,240314.24620068143,-0.7195,1.3218665,-0.351855583831317
4,1,240319.24620146374,-0.7195,1.3198814,-0.3528551725492147
4,1,240324.24620224605,-0.7195,1.3180871,-0.3538547634995382
4,1,240329.24620302836,-0.7195,1.316083,-0.3548543560657933
4,1,240334.24620381068,-0.7195,1.3147277,-0.35585394617294286
4,1,240339.246204593,-0.7195,1.3131624,-0.3568535359146298
4,1,240344.2462053753,-0.7195,1.3115208,-0.3578531284215054
4,1,240349.2462061576,-0.7195,1.3095739,-0.35885271835281796
4,1,240354.24620693992,-0.7195,1.3079705,-0.3598523078614011
4,1,240359.24620772223,-0.7195,1.3060426,-0.3608518989406494
4,1,240364.24620850454,-0.7195,1.3042483,-0.3618514885786243
4,1,240369.24620928685,-0.7195,1.3027403,-0.3628510773050157
4,1,240374.24621006916,-0.7195,1.3005643,-0.36385066701905605
4,1,240379.24621085147,-0.7195,1.2988273,-0.36485025957699296
4,1,240384.24621163378,-0.7195,1.2972621,-0.36584985484917637
4,1,240389.2462124161,-0.7195,1.2954869,-0.36684944872449843
4,1,240394.2462131984,-0.7195,1.2936354,-0.3678490438081027
4,1,240399.24621398072,-0.7195,1.2917647,-0.36884863937038853
4,1,240404.24621476303,-0.7195,1.2902569,-0.36984823429031183
4,1,240409.24621554534,-0.7195,1.2883672,-0.3708478304726582
4,1,240414.24621632765,-0.7195,1.2867064,-0.3718474260117247
4,1,240419.24621710996,-0.7195,1.2845685,-0.37284702399067426
4,1,240424.24621789227,-0.7195,1.2826025,-0.37384662186416334
4,1,240429.24621867458,-0.7195,1.2808465,-0.3748462217499317
4,1,240434.2462194569,-0.7195,1.2788613,-0.3758458233514098
4,1,240439.2462202392,-0.7195,1.2769907,-0.37684542344100286
4,1,240444.24622102152,-0.7195,1.274891,-0.3778450237410434
4,1,240449.24622180383,-0.7195,1.2730395,-0.3788446240666907
4,1,240454.24622258614,-0.7195,1.2713025,-0.37984422377114174
4,1,240459.24622336845,-0.7195,1.2694128,-0.3808438242631158
4,1,240464.24622415076,-0.7195,1.2676184,-0.3818434245973727
4,1,240469.24622493307,-0.7195,1.2661105,-0.3828430266451505
4,1,240474.24622571538,-0.7195,1.2642971,-0.3838426301594808
4,1,240479.2462264977,-0.7195,1.2625983,-0.3848422326183949
4,1,240484.24622728,-0.7195,1.2606514,-0.3858418346483278
4,1,240489.24622806231,-0.7195,1.259277,-0.3868414364906782
4,1,240494.24622884463,-0.7195,1.2572918,-0.3878410402874716
4,1,240499.24622962694,-0.7195,1.2554402,-0.38884063970854227
4,1,240504.24623040925,-0.7195,1.2539133,-0.3898402395129238
4,1,240509.24623119156,-0.7195,1.2516799,-0.39083984031883884
4,1,240514.24623197387,-0.7195,1.2498093,-0.3918394409046869
4,1,240519.24623275618,-0.7195,1.2483586,-0.3928390404005581
4,1,240524.2462335385,-0.7195,1.2463926,-0.3938386422203482
4,1,240529.2462343208,-0.7195,1.24477,-0.3948382422970402
4,1,240534.2462351031,-0.7195,1.2429758,-0.3958378421167964
4,1,240539.24623588542,-0.7195,1.2415252,-0.39683744120116377
4,1,240544.24623666774,-0.7195,1.2399026,-0.39783704196985575
4,1,240549.24623745005,-0.7195,1.2381465,-0.3988366413543391
4,1,240554.24623823236,-0.7195,1.2365241,-0.3998362413892482
4,1,240559.24623901467,-0.7195,1.2346535,-0.40083583988736415
4,1,240564.24623979698,-0.7195,1.2332027,-0.4018354356213776
4,1,240569.2462405793,-0.7195,1.2316375,-0.4028350310849383
4,1,240574.2462413616,-0.7195,1.2301868,-0.40383462845702645
4,1,240579.2462421439,-0.7195,1.2281444,-0.40483422631703825
4,1,240584.24624292622,-0.7195,1.226522,-0.405833822827932
4,1,240589.24624370853,-0.7195,1.2255676,-0.406833417311695
4,1,240594.24624449085,-0.7195,1.2238306,-0.4078330122952396
4,1,240599.24624527316,-0.7195,1.2227426,-0.4088326066729527
4,1,240604.24624605547,-0.7195,1.2209291,-0.4098322011791767
4,1,240609.24624683778,-0.7195,1.2194403,-0.4108317949723768
4,1,240614.2462476201,-0.7195,1.217646,-0.4118313896201188
4,1,240619.2462484024,-0.7195,1.2158709,-0.41283098328803985
4,1,240624.2462491847,-0.7195,1.2140002,-0.4138305779507989
4,1,240629.24624996702,-0.7195,1.2130649,-0.4148301720535359
4,1,240634.24625074933,-0.7195,1.2110606,-0.41582976665785587
4,1,240639.24625153164,-0.7195,1.2097627,-0.41682936147463
4,1,240644.24625231395,-0.7195,1.2079875,-0.41782896058054775
4,1,240649.24625309627,-0.7195,1.2063078,-0.41882855788637874
4,1,240654.24625387858,-0.7195,1.2050289,-0.41982815192476586
4,1,240659.2462546609,-0.7195,1.2031773,-0.42082774670206846
4,1,240664.2462554432,-0.7195,1.2014976,-0.4218273393366669
4,1,240669.21845621977,-0.7195,1.1999514,-0.42282137555237287
4,1,240669.21865621977,-0.7195,1.2000278,-0.42282141553336056
4,2,240669.21945621975,0.7195,1.4121046,7.923653059535557e-08
4,2,240674.21945700207,0.7195,1.7294338,0.0009990532928903896
4,2,240679.21945778438,0.7195,1.8055949,0.0019980270474652447
4,2,240684.2194585667,0.7195,1.8617901,0.002997000250481897
4,2,240689.219459349,0.7195,1.9083266,0.003995974414991008
4,2,240694.2194601313,0.7195,1.948736,0.004994950409776634
4,2,240699.21946091362,0.7195,1.9847741,0.0059939256259103615
4,2,240704.21946169593,0.7195,2.017472,0.006992897756367922
4,2,240709.21946247824,0.7195,2.0470011,0.007991869064288008
4,2,240714.21946326055,0.7195,2.0743732,0.008990842254228063
4,2,240719.21946404286,0.7195,2.098806,0.009989817430777682
4,2,240724.21946482518,0.7195,2.1214442,0.010988792612271177
4,2,240729.2194656075,0.7195,2.1424985,0.01198776643463307
4,2,240734.2194663898,0.7195,2.1615481,0.012986742287294732
4,2,240739.2194671721,0.7195,2.1793,0.013985719005488687
4,2,240744.21946795442,0.7195,2.195525,0.01498469321888354
4,2,240749.21946873673,0.7195,2.2104516,0.015983667610555887
4,2,240754.21946951904,0.7195,2.224367,0.0169826430275672
4,2,240759.21947030135,0.7195,2.2373085,0.017981618652800718
4,2,240764.21947108366,0.7195,2.2492385,0.01898059236328138
4,2,240769.21947186597,0.7195,2.2603478,0.019979564509547416
4,2,240774.21947264828,0.7195,2.2708652,0.02097853876545694
4,2,240779.2194734306,0.7195,2.2804475,0.02197751260232925
4,2,240784.2194742129,0.7195,2.2896097,0.022976489083220558
4,2,240789.21947499522,0.7195,2.2981038,0.02397546611274613
4,2,240794.21947577753,0.7195,2.3060062,0.024974441331750814
4,2,240799.21947655984,0.7195,2.3135078,0.02597341584694054
4,2,240804.21947734215,0.7195,2.3206277,0.02697239019854863
4,2,240809.21947812446,0.7195,2.3274612,0.027971362357040244
4,2,240814.21947890677,0.7195,2.3340085,0.028970334027194313
4,2,240819.21947968908,0.7195,2.3402312,0.029969305683083
4,2,240824.2194804714,0.7195,2.34611,0.030968276603165597
4,2,240829.2194812537,0.7195,2.3518367,0.031967248050911556
4,2,240834.21948203602,0.7195,2.357391,0.032966218813210726
4,2,240839.21948281833,0.7195,2.3626595,0.03396518757556875
4,2,240844.21948360064,0.7195,2.3678896,0.03496415949715177
4,2,240849.21948438295,0.7195,2.37249,0.035963134174813824
4,2,240854.21948516526,0.7195,2.3771665,0.036962109599096904
4,2,240859.21948594757,0.7195,2.3818812,0.0379610851088994
4,2,240864.21948672988,0.7195,2.3863478,0.0389600574384133
4,2,240869.2194875122,0.7195,2.390757,0.03995902925772468
4,2,240874.2194882945,0.7195,2.3951664,0.040958000477234524
4,2,240879.21948907682,0.7195,2.399213,0.04195697262348731
4,2,240884.21948985913,0.7195,2.4031641,0.042955943341099555
4,2,240889.21949064144,0.7195,2.4073255,0.04395491666658388
4,2,240894.21949142375,0.7195,2.4113722,0.044953890000518824
4,2,240899.21949220606,0.7195,2.4153614,0.045952863012048935
4,2,240904.21949298837,0.7195,2.41937,0.046951837121122414
4,2,240909.21949377068,0.7195,2.4229586,0.04795081271174219
4,2,240914.219494553,0.7195,2.4268715,0.04894979072241319
4,2,240919.2194953353,0.7195,2.430689,0.049948767553528145
4,2,240924.2194961176,0.7195,2.434316,0.050947747684193974
4,2,240929.21949689992,0.7195,2.4381335,0.051946726999137126
4,2,240934.21949768224,0.7195,2.4420657,0.0529457030887405
4,2,240939.21949846455,0.7195,2.4456732,0.05394467766033278
4,2,240944.21949924686,0.7195,2.4494526,0.05494365279675854
4,2,240949.21950002917,0.7195,2.4530604,0.055942629862679366
4,2,240954.21950081148,0.7195,2.4568017,0.05694160715635285
4,2,240959.2195015938,0.7195,2.460543,0.057940585747291634
4,2,240964.2195023761,0.7195,2.4643605,0.058939567342523064
4,2,240969.2195031584,0.7195,2.4677773,0.05993854847994115
4,2,240974.21950394072,0.7195,2.4714038,0.060937528790112994
4,2,240979.21950472303,0.7195,2.4753551,0.061936506697356696
4,2,240984.21950550535,0.7195,2.4790773,0.0629354836055537
4,2,240989.21950628766,0.7195,2.482456,0.06393446130817466
4,2,240994.21950706997,0.7195,2.4863117,0.06493343701617917
4,2,240999.21950785228,0.7195,2.4898238,0.06593241201799446
4,2,241004.2195086346,0.7195,2.493565,0.06693138929128979
4,2,241009.2195094169,0.7195,2.4974208,0.06793036697748966
4,2,241014.2195101992,0.7195,2.5012386,0.06892934694230557
4,2,241019.21951098152,0.7195,2.5048652,0.06992832463660506
4,2,241024.21951176383,0.7195,2.5086064,0.0709273052393761
4,2,241029.21951254614,0.7195,2.512424,0.07192628012283975
4,2,241034.21951332845,0.7195,2.5161653,0.07292525493104922
4,2,241039.21951411077,0.7195,2.5198874,0.07392423131402664
4,2,241044.21951489308,0.7195,2.5238006,0.07492320590924555
4,2,241049.2195156754,0.7195,2.5274272,0.07592218210841219
4,2,241054.2195164577,0.7195,2.5313976,0.07692115837115049
4,2,241059.21951724,0.7195,2.5350623,0.07792013398934404
4,2,241064.21951802232,0.7195,2.5388992,0.0789191087277068
4,2,241069.21951880463,0.7195,2.5425258,0.07991808134503166
4,2,241074.21951958694,0.7195,2.5466487,0.08091705347783698
4,2,241079.21952036925,0.7195,2.5506382,0.0819160260027349
4,2,241084.21952115156,0.7195,2.5539596,0.08291499742468529
4,2,241089.21952193388,0.7195,2.5581398,0.08391396964863605
4,2,241094.2195227162,0.7195,2.561843,0.08491293925539653
4,2,241099.2195234985,0.7195,2.5658514,0.0859119078109695
4,2,241104.2195242808,0.7195,2.5697453,0.0869108744286067
4,2,241109.21952506312,0.7195,2.5735438,0.08790984178700381
4,2,241114.21952584543,0.7195,2.5774188,0.08890881062633461
4,2,241119.21952662774,0.7195,2.5812554,0.08990778024283713
4,2,241124.21952741005,0.7195,2.5851302,0.09090674971805347
4,2,241129.21952819236,0.7195,2.5889862,0.09190571685939695
4,2,241134.21952897467,0.7195,2.5929563,0.09290468652657005
4,2,241139.21952975699,0.7195,2.5967739,0.09390365816438528
4,2,241144.2195305393,0.7195,2.600687,0.09490263021230035
4,2,241149.2195313216,0.7195,2.6044092,0.09590159913391537
4,2,241154.21953210392,0.7195,2.6083987,0.09690057335139976
4,2,241159.21953288623,0.7195,2.6122735,0.09789954478346638
4,2,241164.21953366854,0.7195,2.6158428,0.09889851703237493
4,2,241169.21953445085,0.7195,2.6195078,0.09989748714096677
4,2,241174.21953523316,0.7195,2.6229627,0.10089645795092979
4,2,241179.21953601547,0.7195,2.6266277,0.10189543168908356
4,2,241184.21953679778,0.7195,2.6305788,0.10289440475380088
4,2,241189.21953757963,0.7195,2.6342437,0.10389337803074716
4,2,241194.21953836194,0.7195,2.6375842,0.1048923488304052
4,2,241199.21953914425,0.7195,2.6409435,0.10589131844383477
4,2,241204.21953992656,0.7195,2.6440358,0.10689028697883751
4,2,241209.21954070887,0.7195,2.6474907,0.10788925685348444
4,2,241214.21954149118,0.7195,2.650583,0.10888822477155592
4,2,241219.2195422735,0.7195,2.6536944,0.10988719099136855
4,2,241224.2195430558,0.7195,2.657054,0.11088615994657741
4,2,241229.21954383812,0.7195,2.6594973,0.1118851305700077
4,2,241234.21954462043,0.7195,2.6625512,0.11288410180553794
4,2,241239.21954540274,0.7195,2.6654718,0.1138830717414452
4,2,241244.21954618505,0.7195,2.6678576,0.11488204283041424
4,2,241249.21954696736,0.7195,2.6704347,0.11588101436639825
4,2,241254.21954774967,0.7195,2.6727824,0.11687998677882883
4,2,241259.21954853198,0.7195,2.6750157,0.11787895862095885
4,2,241264.2195493143,0.7195,2.6772108,0.11887793096046315
4,2,241269.2195500966,0.7195,2.6790814,0.11987690235523382
4,2,241274.21955087892,0.7195,2.6810665,0.12087587066107656
4,2,241279.21955166123,0.7195,2.6827083,0.12187483626637192
4,2,241284.21955244354,0.7195,2.6845598,0.12287380416742297
4,2,241289.21955322585,0.7195,2.686106,0.12387277328256102
4,2,241294.21955400816,0.7195,2.6877475,0.12487174229582149
4,2,241299.21955479047,0.7195,2.6891599,0.1258707121952176
4,2,241304.21955557278,0.7195,2.6906297,0.12686967925780346
4,2,241309.2195563551,0.7195,2.6916223,0.12786864991311228
4,2,241314.2195571374,0.7195,2.6929202,0.12886762011802524
4,2,241319.2195579197,0.7195,2.6938937,0.12986659059172864
4,2,241324.21955870203,0.7195,2.6949627,0.13086556408776173
4,2,241329.21955948434,0.7195,2.695688,0.131864537967258
4,2,241334.21956026665,0.7195,2.6967762,0.13286351099693772
4,2,241339.21956104896,0.7195,2.6974823,0.1338624864488045
4,2,241344.21956183127,0.7195,2.6983414,0.13486146238915783
4,2,241349.21956261358,0.7195,2.6990666,0.13586043621900343
4,2,241354.2195633959,0.7195,2.6995628,0.13685941061082146
4,2,241359.2195641782,0.7195,2.699983,0.1378583881798088
4,2,241364.2195649605,0.7195,2.700651,0.13885736958736508
4,2,241369.21956574282,0.7195,2.7012045,0.13985634757384985
4,2,241374.21956652513,0.7195,2.7015672,0.1408553220106131
4,2,241379.21956730745,0.7195,2.701758,0.14185429702330293
4,2,241384.21956808976,0.7195,2.7020633,0.1428532723182903
4,2,241389.21956887207,0.7195,2.7024262,0.143852244891011
4,2,241394.21956965438,0.7195,2.7027698,0.14485121816112592
4,2,241399.2195704367,0.7195,2.7031133,0.14585019425633544
4,2,241404.219571219,0.7195,2.703686,0.14684916964707104
4,2,241409.2195720013,0.7195,2.703667,0.1478481452463666
4,2,241414.21957278362,0.7195,2.7039723,0.14884712193674837
4,2,241419.21957356593,0.7195,2.7041821,0.14984609838258223
4,2,241424.21957434824,0.7195,2.7042778,0.15084507317229107
4,2,241429.21957513056,0.7195,2.704583,0.1518440462283624
4,2,241434.21957591287,0.7195,2.7046022,0.15284302212372747
4,2,241439.21957669518,0.7195,2.7046595,0.15384199856401146
4,2,241444.2195774775,0.7195,2.7045257,0.15484097345961126
4,2,241449.2195782598,0.7195,2.7049458,0.15583995148835242
4,2,241454.2195790421,0.7195,2.7050984,0.1568389288453161
4,2,241459.21957982442,0.7195,2.7054229,0.15783790637777906
4,2,241464.21958060673,0.7195,2.7054229,0.15883688280097968
4,2,241469.21958138904,0.7195,2.7057664,0.1598358566386699
4,2,241474.21958217135,0.7195,2.7056901,0.16083483518520983
4,2,241479.21958295366,0.7195,2.7057855,0.1618338107088704
4,2,241484.21958373598,0.7195,2.7060719,0.1628327858966621
4,2,241489.2195845183,0.7195,2.7064345,0.16383176083500178
4,2,241494.2195853006,0.7195,2.706091,0.16483073572729354
4,2,241499.2195860829,0.7195,2.70632,0.16582971028141172
4,2,241504.21958686522,0.7195,2.7064345,0.1668286873024933
4,2,241509.21958764753,0.7195,2.7066064,0.16782766326198967
4,2,241514.21958842984,0.7195,2.706492,0.16882664102112907
4,2,241519.21958921215,0.7195,2.7066445,0.16982562234923565
4,2,241524.21958999446,0.7195,2.7067208,0.1708246022987133
4,2,241529.21959077677,0.7195,2.7066827,0.17182358030625505
4,2,241534.2195915591,0.7195,2.7069309,0.17282255500901397
4,2,241539.2195923414,0.7195,2.7068546,0.17382153015709906
4,2,241544.2195931237,0.7195,2.7068546,0.1748205077313614
4,2,241549.21959390602,0.7195,2.7073698,0.17581948807279257
4,2,241554.21959468833,0.7195,2.7074273,0.1768184665516084
4,2,241559.21959547064,0.7195,2.7072744,0.1778174498344725
4,2,241564.21959625295,0.7195,2.7073507,0.17881643038626832
4,2,241569.21959703538,0.7195,2.7075608,0.17981540864241774
4,2,241574.2195978177,0.7195,2.7075799,0.18081438704306207
4,2,241579.2195986,0.7195,2.7079234,0.18181336393347702
4,2,241584.2195993823,0.7195,2.7079234,0.18281234383355566
4,2,241589.21960016462,0.7195,2.7079806,0.18381132155794885
4,2,241594.21960094693,0.7195,2.7084198,0.18481030046546115
4,2,241599.21960172924,0.7195,2.708458,0.18580927904885333
4,2,241604.21960251156,0.7195,2.7085724,0.18680826142549833
4,2,241609.21960329387,0.7195,2.7086296,0.18780724232170637
4,2,241614.21960407618,0.7195,2.7086105,0.18880622051001578
4,2,241619.2196048585,0.7195,2.708458,0.18980519601106302
4,2,241624.2196056408,0.7195,2.7086105,0.19080417268980865
4,2,241629.2196064231,0.7195,2.7088015,0.19180314647882174
4,2,241634.21960720542,0.7195,2.7088778,0.19280212089172327
4,2,241639.21960798773,0.7195,2.7092786,0.1938010974230997
4,2,241644.21960877004,0.7195,2.7091641,0.19480007773495703
4,2,241649.21960955235,0.7195,2.7093933,0.19579905193885155
4,2,241654.21961033467,0.7195,2.709584,0.19679802426340834
4,2,241659.21961111698,0.7195,2.709775,0.19779700040664927
4,2,241664.2196118993,0.7195,2.7101567,0.1987959755340648
4,2,241669.2196126816,0.7195,2.7102332,0.1997949497009846
4,2,241674.2196134639,0.7195,2.7105386,0.2007939251148203
4,2,241679.21961424622,0.7195,2.7105768,0.20179289900412153
4,2,241684.21961502853,0.7195,2.7110157,0.20279187411553654
4,2,241689.21961581084,0.7195,2.7109394,0.20379084707335954
4,2,241694.21961659315,0.7195,2.7109203,0.20478981946654776
4,2,241699.21961737546,0.7195,2.7111301,0.2057887952054142
4,2,241704.21961815777,0.7195,2.7113593,0.2067877709932757
4,2,241709.2196189401,0.7195,2.7116838,0.20778674583137358
4,2,241714.2196197224,0.7195,2.7118556,0.20878571773424404
4,2,241719.2196205047,0.7195,2.7121038,0.20978469100121316
4,2,241724.21962128702,0.7195,2.712142,0.21078366356390704
4,2,241729.21962206933,0.7195,2.7122374,0.21178263709688838
4,2,241734.21962285164,0.7195,2.712791,0.2127816043496197
4,2,241739.21962363395,0.7195,2.713249,0.213780569505804
4,2,241744.21962441626,0.7195,2.7134972,0.21477954238651847
4,2,241749.21962519857,0.7195,2.7135162,0.21577851832996464
4,2,241754.21962598088,0.7195,2.7139552,0.21677749252849807
4,2,241759.2196267632,0.7195,2.7139742,0.21777646337753856
4,2,241764.2196275455,0.7195,2.7141461,0.21877543715967726
4,2,241769.21962832782,0.7195,2.7142224,0.21977441106164447
4,2,241774.21962911013,0.7195,2.7144706,0.2207733827749788
4,2,241779.21962989244,0.7195,2.7149289,0.22177235451994332
4,2,241784.21963067475,0.7195,2.714986,0.2227713283274736
4,2,241789.21963145706,0.7195,2.7153678,0.223770301017983
4,2,241794.21963223937,0.7195,2.7156923,0.22476927472740404
4,2,241799.21963302168,0.7195,2.7157304,0.2257682491683032
4,2,241804.219633804,0.7195,2.7157876,0.22676722145440173
4,2,241809.2196345863,0.7195,2.7161121,0.22776619402460913
4,2,241814.21963536862,0.7195,2.7166276,0.22876516524170168
4,2,241819.21963615093,0.7195,2.7169902,0.22976413622963424
4,2,241824.21963693324,0.7195,2.7172003,0.2307631091869705
4,2,241829.21963771555,0.7195,2.717582,0.23176208070435123
4,2,241834.21963849786,0.7195,2.717754,0.23276104899285233
4,2,241839.21963928017,0.7195,2.717811,0.233760019575566
4,2,241844.21964006248,0.7195,2.7181547,0.2347589899697535
4,2,241849.2196408448,0.7195,2.7186317,0.2357579611642658
4,2,241854.2196416271,0.7195,2.7189944,0.2367569337008363
4,2,241859.2196424094,0.7195,2.719109,0.23775590983976252
4,2,241864.21964319173,0.7195,2.7197962,0.23875488432838846
4,2,241869.2196439738,0.7195,2.7200634,0.239753857813749
4,2,241874.21964475611,0.7195,2.720235,0.24075283033904096
4,2,241879.21964553843,0.7195,2.720846,0.24175180389060902
4,2,241884.21964632074,0.7195,2.7211514,0.24275077829890776
4,2,241889.21964710305,0.7195,2.7215524,0.2437497539281977
4,2,241894.21964788536,0.7195,2.721705,0.24474872952243348
4,2,241899.21964866767,0.7195,2.7222586,0.24574770475535254
4,2,241904.21964944998,0.7195,2.7225258,0.24674667759201588
4,2,241909.2196502323,0.7195,2.723041,0.24774564822709885
4,2,241914.2196510146,0.7195,2.723404,0.24874461905615852
4,2,241919.2196517969,0.7195,2.7236328,0.24974359071657384
4,2,241924.21965257922,0.7195,2.724091,0.25074256031029746
4,2,241929.21965336154,0.7195,2.7246447,0.2517415278045634
4,2,241934.21965414385,0.7195,2.725217,0.25274049975118035
4,2,241939.21965492616,0.7195,2.7254653,0.2537394707516994
4,2,241944.21965570847,0.7195,2.726019,0.25473844030550774
4,2,241949.21965649078,0.7195,2.7261715,0.25573741177603926
4,2,241954.2196572731,0.7195,2.7265534,0.2567363802614178
4,2,241959.2196580554,0.7195,2.7270305,0.25773534981541496
4,2,241964.2196588377,0.7195,2.727527,0.25873432033023896
4,2,241969.21965962002,0.7195,2.7279086,0.25973329061613143
4,2,241974.21966040233,0.7195,2.7282712,0.26073226489894585
4,2,241979.21966118464,0.7195,2.7287104,0.26173124062914976
4,2,241984.21966196696,0.7195,2.729054,0.2627302155062622
4,2,241989.21966274927,0.7195,2.729531,0.26372918920363314
4,2,241994.21966353158,0.7195,2.7300847,0.26472816309257013
4,2,241999.2196643139,0.7195,2.7305427,0.2657271379178232
4,2,242004.2196650962,0.7195,2.7308671,0.2667261144419544
4,2,242009.2196658785,0.7195,2.7316308,0.26772509091229235
4,2,242014.21966666082,0.7195,2.7317643,0.26872406884597405
4,2,242019.21966744313,0.7195,2.732547,0.26972305016472603
4,2,242024.21966822544,0.7195,2.7326996,0.2707220282924705
4,2,242029.21966900775,0.7195,2.7337687,0.27172100459351806
4,2,242034.21966979007,0.7195,2.734322,0.2727199807337291
4,2,242039.21967057238,0.7195,2.7347422,0.27371895815805264
4,2,242044.2196713547,0.7195,2.735181,0.27471793839500347
4,2,242049.219672137,0.7195,2.7357538,0.27571691551075045
4,2,242054.2196729193,0.7195,2.7362692,0.27671589435230026
4,2,242059.21967370162,0.7195,2.7366319,0.2777148717487686
4,2,242064.21967448393,0.7195,2.7373953,0.2787138485253585
4,2,242069.21967526624,0.7195,2.7378345,0.2797128214996622
4,2,242074.21967604855,0.7195,2.7385597,0.28071179532149426
4,2,242079.21967683086,0.7195,2.7389605,0.28171076618375707
4,2,242084.21967761318,0.7195,2.7398195,0.2827097373093134
4,2,242089.2196783955,0.7195,2.7407167,0.28370870928550757
4,2,242094.2196791778,0.7195,2.7409074,0.28470768123365436
4,2,242099.2196799601,0.7195,2.7415373,0.2857066535723242
4,2,242104.21968074242,0.7195,2.7419002,0.28670562398621435
4,2,242109.21968152473,0.7195,2.7426827,0.28770459639719453
4,2,242114.21968230704,0.7195,2.7432935,0.28870356451508394
4,2,242119.21968308935,0.7195,2.7441907,0.289702532853845
4,2,242124.21968387166,0.7195,2.7447824,0.2907015058739847
4,2,242129.21968465397,0.7195,2.7452214,0.2917004806806875
4,2,242134.21968543628,0.7195,2.7459085,0.29269945501571226
4,2,242139.2196862186,0.7195,2.746863,0.29369842864095164
4,2,242144.2196870009,0.7195,2.7474928,0.2946974013785355
4,2,242149.21968778322,0.7195,2.7481802,0.29569637535653504
4,2,242154.21968856553,0.7195,2.7490964,0.29669534627925015
4,2,242159.21968934784,0.7195,2.7496116,0.2976943169986638
4,2,242164.21969013015,0.7195,2.7502797,0.2986932870883974
4,2,242169.21969091246,0.7195,2.7511196,0.299692253741304
4,2,242174.21969169477,0.7195,2.7517114,0.300691222792781
4,2,242179.21969247708,0.7195,2.752284,0.30169018776784995
4,2,242184.2196932594,0.7195,2.7532194,0.3026891546013487
4,2,242189.2196940417,0.7195,2.754059,0.30368812398758527
4,2,242194.21969482402,0.7195,2.7545173,0.30468709283460177
4,2,242199.21969560633,0.7195,2.7556627,0.30568606027829315
4,2,242204.21969638864,0.7195,2.7565024,0.30668503068220615
4,2,242209.21969717095,0.7195,2.757266,0.30768399857128
4,2,242214.21969795326,0.7195,2.758373,0.30868296592062383
4,2,242219.21969873557,0.7195,2.759022,0.3096819318802456
4,2,242224.21969951788,0.7195,2.759881,0.3106808959707154
4,2,242229.2197003002,0.7195,2.7609499,0.31167985829959977
4,2,242234.2197010825,0.7195,2.7617898,0.3126788199953073
4,2,242239.21970186481,0.7195,2.7625341,0.31367778543618985
4,2,242244.21970264713,0.7195,2.7636032,0.31467675125219424
4,2,242249.21970342944,0.7195,2.7643285,0.3156757170905338
4,2,242254.21970421175,0.7195,2.7652447,0.31667468667096893
4,2,242259.21970499406,0.7195,2.765951,0.31767365405048265
4,2,242264.21970577637,0.7195,2.767039,0.318672620762123
4,2,242269.21970655868,0.7195,2.767688,0.3196715880996419
4,2,242274.219707341,0.7195,2.768795,0.32067055074215267
4,2,242279.2197081233,0.7195,2.7699976,0.3216695143035584
4,2,242284.2197089056,0.7195,2.7707613,0.3226684817093677
4,2,242289.21970968792,0.7195,2.7719445,0.323667447449949
4,2,242294.21971047024,0.7195,2.7729373,0.32466641230711335
4,2,242299.21971125255,0.7195,2.773987,0.325665378445506
4,2,242304.21971203486,0.7195,2.7749605,0.32666434788112503
4,2,242309.21971281717,0.7195,2.775915,0.3276633141529427
4,2,242314.21971359948,0.7195,2.7769456,0.3286622813946902
4,2,242319.2197143818,0.7195,2.778129,0.32966124703610933
4,2,242324.2197151641,0.7195,2.7791982,0.3306602146806584
4,2,242329.2197159464,0.7195,2.7801526,0.3316591844139761
4,2,242334.21971672872,0.7195,2.7810688,0.33265815600050486
4,2,242339.21971751103,0.7195,2.782252,0.33365712848839163
4,2,242344.21971829335,0.7195,2.7833402,0.3346560979011688
4,2,242349.21971907566,0.7195,2.7845619,0.3356550682650109
4,2,242354.21971985797,0.7195,2.785879,0.3366540411240359
4,2,242359.21972064028,0.7195,2.787196,0.33765301420166427
4,2,242364.2197214226,0.7195,2.7884557,0.3386519854931202
4,2,242369.2197222049,0.7195,2.7896392,0.33965095574094517
4,2,242374.2197229872,0.7195,2.7908037,0.34064992498330604
4,2,242379.21972376952,0.7195,2.7916052,0.34164889549711014
4,2,242384.21972455183,0.7195,2.7929797,0.34264786534386543
4,2,242389.21972533414,0.7195,2.7944303,0.3436468395776318
4,2,242394.21972611645,0.7195,2.7957473,0.3446458106251359
4,2,242399.2197268987,0.7195,2.7971218,0.3456447821373509
4,2,242404.21972768102,0.7195,2.798515,0.3466437498077154
4,2,242409.21972846333,0.7195,2.8000422,0.34764272038194866
4,2,242414.21972924564,0.7195,2.8014166,0.34864169054333366
4,2,242419.21973002795,0.7195,2.8030963,0.3496406613590684
4,2,242424.21973081026,0.7195,2.8045087,0.3506396304284003
4,2,242429.21973159257,0.7195,2.8059404,0.3516386040675408
4,2,242434.21973237488,0.7195,2.8074484,0.35263757427529824
4,2,242439.2197331572,0.7195,2.8089755,0.35363654282404317
4,2,242444.2197339395,0.7195,2.8100824,0.35463550932257376
4,2,242449.21973472182,0.7195,2.8118386,0.35563447617682487
4,2,242454.21973550413,0.7195,2.8134992,0.35663344289424354
4,2,242459.21973628644,0.7195,2.8152173,0.3576324121035602
4,2,242464.21973706875,0.7195,2.8164387,0.3586313796233634
4,2,242469.2197378506,0.7195,2.818405,0.3596303474231925
4,2,242474.2197386329,0.7195,2.8198555,0.36062931815605026
4,2,242479.21973941522,0.7195,2.8216116,0.3616282867546975
4,2,242484.21974019753,0.7195,2.823005,0.36262725502132037
4,2,242489.21974097984,0.7195,2.8249521,0.3636262289995583
4,2,242494.21974176215,0.7195,2.8263073,0.3646252009193499
4,2,242499.21974254446,0.7195,2.8281016,0.3656241724186936
4,2,242504.21974332677,0.7195,2.8298004,0.3666231454006598
4,2,242509.21974410908,0.7195,2.83148,0.36762211746464163
4,2,242514.2197448914,0.7195,2.8331027,0.3686210874878333
4,2,242519.2197456737,0.7195,2.835336,0.36962005986442825
4,2,242524.21974645602,0.7195,2.8372257,0.3706190341200894
4,2,242529.21974723833,0.7195,2.8388672,0.3716180081804063
4,2,242534.21974802064,0.7195,2.8408906,0.372616981124358
4,2,242539.21974880295,0.7195,2.842952,0.37361595161385663
4,2,242544.21974958526,0.7195,2.8449755,0.37461492601344976
4,2,242549.21975036757,0.7195,2.847304,0.37561389903450004
4,2,242554.21975114988,0.7195,2.8491557,0.376612872857607
4,2,242559.2197519322,0.7195,2.8510644,0.37761184667349845
4,2,242564.2197527145,0.7195,2.853107,0.37861082301830573
4,2,242569.2197534968,0.7195,2.855302,0.37960979869997824
4,2,242574.21975427913,0.7195,2.8572872,0.3806087758257587
4,2,242579.21975506144,0.7195,2.8595586,0.38160775087562526
4,2,242584.21975584375,0.7195,2.8621736,0.38260672590737205
4,2,242589.21975662606,0.7195,2.8640442,0.3836057037800649
4,2,242594.21975740837,0.7195,2.8666022,0.38460468073015736
4,2,242599.21975819068,0.7195,2.8689308,0.38560365611780345
4,2,242604.219758973,0.7195,2.8712978,0.3866026304707195
4,2,242609.2197597553,0.7195,2.8737793,0.3876016048653291
4,2,242614.2197605376,0.7195,2.875955,0.38860058082660365
4,2,242619.21976131992,0.7195,2.878513,0.3895995548622972
4,2,242624.21976210224,0.7195,2.881548,0.39059852862622996
4,2,242629.21976288455,0.7195,2.8840866,0.39159750251393843
4,2,242634.21976366686,0.7195,2.8866827,0.39259647634487344
4,2,242639.21976444917,0.7195,2.8895268,0.3935954492488834
4,2,242644.21976523148,0.7195,2.8919508,0.39459442244493953
4,2,242649.2197660138,0.7195,2.8953867,0.395593397479746
4,2,242654.2197667961,0.7195,2.8979638,0.39659236721993146
4,2,242659.2197675784,0.7195,2.900655,0.39759133910475164
4,2,242664.21976836072,0.7195,2.9036329,0.3985903136623898
4,2,242669.21976914303,0.7195,2.906687,0.3995892861012285
4,2,242674.21976992534,0.7195,2.9098556,0.40058825888529737
4,2,242679.21977070766,0.7195,2.912967,0.4015872356205846
4,2,242684.21977148997,0.7195,2.9158874,0.40258620640316595
4,2,242689.21977227228,0.7195,2.919247,0.40358517839555264
4,2,242694.2197730546,0.7195,2.9224536,0.4045841520143746
4,2,242699.2197738369,0.7195,2.9258132,0.40558312539654956
4,2,242704.2197746192,0.7195,2.9291153,0.406582097685423
4,2,242709.21977540152,0.7195,2.9328375,0.40758106914622905
4,2,242714.21977618383,0.7195,2.9362733,0.40858003967631845
4,2,242719.21977696614,0.7195,2.9399192,0.40957901448916384
4,2,242724.21977774845,0.7195,2.9435458,0.4105779867151776
4,2,242729.21977853077,0.7195,2.9473443,0.4115769581613838
4,2,242734.21977931308,0.7195,2.9507039,0.4125759288153449
4,2,242739.2197800954,0.7195,2.9543116,0.41357489679121634
4,2,242744.2197808777,0.7195,2.95832,0.4145738665861553
4,2,242749.21978166,0.7195,2.962195,0.41557283669624057
4,2,242754.21978244232,0.7195,2.9657643,0.4165718038895825
4,2,242759.21978322463,0.7195,2.9694865,0.41757077813246174
4,2,242764.21978400694,0.7195,2.9735713,0.4185697443081471
4,2,242769.21978478925,0.7195,2.9772744,0.41956871993759265
4,2,242774.21978557156,0.7195,2.9812446,0.42056769094514507
4,2,242779.21978635387,0.7195,2.9853487,0.4215666636556651
4,2,242784.2197871362,0.7195,2.989548,0.4225656391404303
4,2,242789.2197879185,0.7195,2.993232,0.42356461195764267
4,2,242794.2197887008,0.7195,2.9971068,0.42456357966821384
4,2,242797.76538925606,0.7195,3.0000656,0.42527196745070145
4,2,242797.76558925604,0.7195,2.9999127,0.4252720074073936
5,1,242797.76638925605,-0.7195,2.8472168,-7.901139722930061e-08
5,1,242802.76639003836,-0.7195,2.3348482,-0.0009996795784433684
5,1,242807.76639082067,-0.7195,2.2074358,-0.0019992767943938575
5,1,242812.76639160299,-0.7195,2.1317327,-0.002998867761337095
5,1,242817.7663923853,-0.7195,2.0863032,-0.003998464687062634
5,1,242822.7663931676,-0.7195,2.0509713,-0.0049980541402532
5,1,242827.76639394992,-0.7195,2.01709,-0.005997645346608427
5,1,242832.76639473223,-0.7195,1.983228,-0.006997240069329739
5,1,242837.76639551454,-0.7195,1.9485259,-0.007996833751155272
5,1,242842.76639629685,-0.7195,1.9121442,-0.008996426488644549
5,1,242847.76639707916,-0.7195,1.8745408,-0.00999601133726703
5,1,242852.76639786147,-0.7195,1.8354677,-0.010995602412485416
5,1,242857.76639864378,-0.7195,1.7960318,-0.01199519372696678
5,1,242862.7663994261,-0.7195,1.7574741,-0.012994788626806605
5,1,242867.7664002084,-0.7195,1.7205961,-0.013994381206148203
5,1,242872.76640099072,-0.7195,1.6865811,-0.014993973683704935
5,1,242877.76640177303,-0.7195,1.6558495,-0.015993565308451654
5,1,242882.76640255534,-0.7195,1.6286873,-0.01699315690730678
5,1,242887.76640333765,-0.7195,1.6054381,-0.017992748464736676
5,1,242892.76640411996,-0.7195,1.5859492,-0.01899233626503415
5,1,242897.76640490227,-0.7195,1.5706979,-0.019991928117225572
5,1,242902.76640568458,-0.7195,1.5585006,-0.02099151941938202
5,1,242907.7664064669,-0.7195,1.5486512,-0.021991111275119917
5,1,242912.7664072492,-0.7195,1.5407296,-0.02299070185261634
5,1,242917.76640803152,-0.7195,1.5343543,-0.023990289514869458
5,1,242922.76640881383,-0.7195,1.5290669,-0.024989879406505166
5,1,242927.76640959614,-0.7195,1.5244477,-0.02598946740911736
5,1,242932.76641037845,-0.7195,1.521069,-0.026989050831529835
5,1,242937.76641116076,-0.7195,1.5180149,-0.02798863143093388
5,1,242942.76641194307,-0.7195,1.5153235,-0.02898821775264211
5,1,242947.76641272492,-0.7195,1.5130712,-0.02998779820030266
5,1,242952.76641350723,-0.7195,1.5112768,-0.030987379783309173
5,1,242957.76641428954,-0.7195,1.5094826,-0.031986965945104764
5,1,242962.76641507185,-0.7195,1.5080701,-0.03298655563048854
5,1,242967.76641585416,-0.7195,1.5066385,-0.03398614189249278
5,1,242972.76641663647,-0.7195,1.5054169,-0.03498573128057852
5,1,242977.76641741878,-0.7195,1.5041761,-0.03598532084156739
5,1,242982.7664182011,-0.7195,1.5031263,-0.036984910438646885
5,1,242987.7664189834,-0.7195,1.5022101,-0.0379844995827973
5,1,242992.7664197657,-0.7195,1.501561,-0.03898409103341567
5,1,242997.76642054803,-0.7195,1.5008167,-0.03998368254193333
5,1,243002.76642133034,-0.7195,1.5001485,-0.04098326915918457
5,1,243007.76642211265,-0.7195,1.4994805,-0.04198285846226415
5,1,243012.76642289496,-0.7195,1.4989079,-0.04298244887065557
5,1,243017.76642367727,-0.7195,1.4981253,-0.04398203874016802
5,1,243022.76642445958,-0.7195,1.4976863,-0.04498163108299507
5,1,243027.7664252419,-0.7195,1.4974571,-0.04598122468602989
5,1,243032.7664260242,-0.7195,1.4970945,-0.04698081875954734
5,1,243037.7664268065,-0.7195,1.4967127,-0.04798040894579225
5,1,243042.76642758882,-0.7195,1.4961783,-0.048980001054104834
5,1,243047.76642837113,-0.7195,1.4956439,-0.04997959136900968
5,1,243052.76642915345,-0.7195,1.4954721,-0.05097918420753214
5,1,243057.76642993576,-0.7195,1.4951476,-0.05197877516444855
5,1,243062.76643071807,-0.7195,1.4952239,-0.052978366705500414
5,1,243067.76643150038,-0.7195,1.4947276,-0.05397795883675747
5,1,243072.7664322827,-0.7195,1.494365,-0.054977554159233964
5,1,243077.766433065,-0.7195,1.4942123,-0.05597714820606509
5,1,243082.7664338473,-0.7195,1.4938495,-0.05697674652414851
5,1,243087.76643462962,-0.7195,1.4936014,-0.057976344253748646
5,1,243092.76643541193,-0.7195,1.493277,-0.058975939826293115
5,1,243097.76643619424,-0.7195,1.493296,-0.05997553861673672
5,1,243102.76643697656,-0.7195,1.4929142,-0.06097513535755872
5,1,243107.76643775887,-0.7195,1.4927043,-0.06197473403729001
5,1,243112.76643854118,-0.7195,1.4927806,-0.06297433251209722
5,1,243117.7664393235,-0.7195,1.4925134,-0.06397392780750658
5,1,243122.7664401058,-0.7195,1.4924752,-0.06497353076247372
5,1,243127.7664408881,-0.7195,1.4923034,-0.06597312798230513
5,1,243132.76644167042,-0.7195,1.4918071,-0.06697272451770635
5,1,243137.76644245273,-0.7195,1.4918835,-0.0679723227039774
5,1,243142.76644323504,-0.7195,1.4918835,-0.06897192183468737
5,1,243147.76644401735,-0.7195,1.4918071,-0.06997151691963605
5,1,243152.76644479966,-0.7195,1.4916544,-0.07097110899488461
5,1,243157.76644558198,-0.7195,1.4915208,-0.07197069839828212
5,1,243162.7664463643,-0.7195,1.491349,-0.07297028673393857
5,1,243167.7664471466,-0.7195,1.4912153,-0.073969876707279
5,1,243172.7664479289,-0.7195,1.4909099,-0.07496946822650233
5,1,243177.76644871122,-0.7195,1.4908527,-0.07596906040058864
5,1,243182.76644949353,-0.7195,1.4908336,-0.07696865416130753
5,1,243187.76645027584,-0.7195,1.4907,-0.07796824766778282
5,1,243192.76645105815,-0.7195,1.4906046,-0.07896783625855378
5,1,243197.76645184046,-0.7195,1.4904327,-0.07996742895997562
5,1,243202.76645262277,-0.7195,1.4903183,-0.08096701950663326
5,1,243207.7664534051,-0.7195,1.4903183,-0.08196661105767553
5,1,243212.7664541874,-0.7195,1.490051,-0.0829662030656768
5,1,243217.7664549697,-0.7195,1.490051,-0.08396579530346392
5,1,243222.76645575202,-0.7195,1.4899938,-0.08496538190020453
5,1,243227.76645653433,-0.7195,1.4896501,-0.08596497023892069
5,1,243232.76645731664,-0.7195,1.489822,-0.08696455741154152
5,1,243237.76645809895,-0.7195,1.4896693,-0.08796414615202279
5,1,243242.76645888126,-0.7195,1.4895166,-0.08896373671450215
5,1,243247.76645966357,-0.7195,1.4891539,-0.08996332593823801
5,1,243252.76646044588,-0.7195,1.4894211,-0.09096291843207344
5,1,243257.7664612282,-0.7195,1.4893066,-0.09196251040522255
5,1,243262.7664620105,-0.7195,1.4890394,-0.0929621038792994
5,1,243267.76646279282,-0.7195,1.4888675,-0.09396170161868794
5,1,243272.76646357513,-0.7195,1.4890012,-0.0949613032713499
5,1,243277.76646435744,-0.7195,1.4888294,-0.09596090062059293
5,1,243282.76646513975,-0.7195,1.4884477,-0.0969605003979305
5,1,243287.76646592206,-0.7195,1.488314,-0.09796009894769055
5,1,243292.76646670437,-0.7195,1.4881995,-0.09895968897863887
5,1,243297.76646748668,-0.7195,1.4878178,-0.09995927844229999
5,1,243302.766468269,-0.7195,1.4877032,-0.10095887149006125
5,1,243307.7664690513,-0.7195,1.4876077,-0.10195846682902174
5,1,243312.76646983362,-0.7195,1.4875696,-0.10295805879637927
5,1,243317.76647061593,-0.7195,1.4875886,-0.10395765153488513
5,1,243322.76647139824,-0.7195,1.4873406,-0.10495724558532565
5,1,243327.76647218067,-0.7195,1.4871305,-0.10595683844837873
5,1,243332.76647296298,-0.7195,1.4873023,-0.10695643101384901
5,1,243337.7664737453,-0.7195,1.4870161,-0.10795602410686343
5,1,243342.7664745276,-0.7195,1.4866343,-0.10895561528114142
5,1,243347.7664753099,-0.7195,1.4866916,-0.10995520405579602
5,1,243352.76647609222,-0.7195,1.4864243,-0.11095479211025763
5,1,243357.76647687453,-0.7195,1.4864053,-0.1119543828077978
5,1,243362.76647765684,-0.7195,1.4860808,-0.11295397271220546
5,1,243367.76647843915,-0.7195,1.4860617,-0.11395356452837249
5,1,243372.76647922146,-0.7195,1.4855081,-0.1149531539749039
5,1,243377.76648000377,-0.7195,1.4853363,-0.11595274631538319
5,1,243382.7664807861,-0.7195,1.4850881,-0.11695233774802083
5,1,243387.7664815684,-0.7195,1.48505,-0.11795192945013769
5,1,243392.7664823507,-0.7195,1.4849545,-0.1189515214202569
5,1,243397.76648313302,-0.7195,1.4848782,-0.11995111252138675
5,1,243402.76648391533,-0.7195,1.4847255,-0.12095069882008097
5,1,243407.76648469764,-0.7195,1.4846109,-0.12195028776335712
5,1,243412.76648547995,-0.7195,1.4843628,-0.12294987588390041
5,1,243417.76648626226,-0.7195,1.4843438,-0.1239494562087158
5,1,243422.76648704457,-0.7195,1.4839238,-0.12494904069838254
5,1,243427.76648782688,-0.7195,1.4836375,-0.12594862415473657
5,1,243432.7664886092,-0.7195,1.4836565,-0.12694820461769232
5,1,243437.7664893915,-0.7195,1.4833511,-0.12794779070980677
5,1,243442.76649017382,-0.7195,1.4831603,-0.12894737142673793
5,1,243447.76649095613,-0.7195,1.4830266,-0.1299469548614124
5,1,243452.76649173844,-0.7195,1.4828358,-0.13094653872731654
5,1,243457.76649252075,-0.7195,1.4826831,-0.13194612380042336
5,1,243462.76649330306,-0.7195,1.4823776,-0.1329457102826138
5,1,243467.76649408537,-0.7195,1.4822059,-0.13394529515437611
5,1,243472.76649486768,-0.7195,1.4817668,-0.13494487948777273
5,1,243477.76649565,-0.7195,1.481576,-0.13594446528001952
5,1,243482.7664964323,-0.7195,1.4814042,-0.136944048596094
5,1,243487.76649721462,-0.7195,1.4810797,-0.1379436366998089
5,1,243492.76649799693,-0.7195,1.4808315,-0.13894322180638705
5,1,243497.76649877924,-0.7195,1.4806025,-0.1399428116182552
5,1,243502.76649956155,-0.7195,1.4804689,-0.14094240261209337
5,1,243507.76650034386,-0.7195,1.4801444,-0.14194199047941958
5,1,243512.76650112617,-0.7195,1.4799535,-0.142941577972975
5,1,243517.76650190848,-0.7195,1.4795717,-0.1439411683461467
5,1,243522.7665026908,-0.7195,1.4793618,-0.14494075627303452
5,1,243527.7665034731,-0.7195,1.4790754,-0.14594034135002887
5,1,243532.7665042554,-0.7195,1.4788082,-0.14693993027575805
5,1,243537.76650503773,-0.7195,1.478541,-0.14793952164872812
5,1,243542.76650582004,-0.7195,1.4782547,-0.1489391123826205
5,1,243547.76650660235,-0.7195,1.4778538,-0.14993870380019142
5,1,243552.76650738466,-0.7195,1.4775865,-0.15093829630924258
5,1,243557.76650816697,-0.7195,1.4774911,-0.15193789184560041
5,1,243562.76650894928,-0.7195,1.4769949,-0.1529374878184861
5,1,243567.7665097316,-0.7195,1.4767848,-0.1539370811577306
5,1,243572.7665105139,-0.7195,1.4766321,-0.1549366738326019
5,1,243577.7665112962,-0.7195,1.4764413,-0.1559362657387322
5,1,243582.76651207852,-0.7195,1.4759068,-0.156935858569814
5,1,243587.76651286084,-0.7195,1.4756396,-0.1579354509821434
5,1,243592.76651364315,-0.7195,1.475296,-0.1589350429049564
5,1,243597.76651442546,-0.7195,1.4749142,-0.15993463768972943
5,1,243602.76651520777,-0.7195,1.4744753,-0.160934234427601
5,1,243607.76651599008,-0.7195,1.4741889,-0.16193382414049232
5,1,243612.7665167724,-0.7195,1.4740171,-0.16293340951846697
5,1,243617.7665175547,-0.7195,1.4736544,-0.1639329963100055
5,1,243622.766518337,-0.7195,1.4730054,-0.16493258357941765
5,1,243627.7665191191,-0.7195,1.4729673,-0.1659321731368137
5,1,243632.7665199014,-0.7195,1.4726619,-0.16693176244870814
5,1,243637.7665206837,-0.7195,1.472471,-0.16793135108962315
5,1,243642.76652146602,-0.7195,1.4722801,-0.168930934418708
5,1,243647.76652224833,-0.7195,1.471631,-0.16993052098043418
5,1,243652.76652303064,-0.7195,1.471402,-0.17093010892586896
5,1,243657.76652381296,-0.7195,1.4710966,-0.1719296979443165
5,1,243662.76652459527,-0.7195,1.4706576,-0.1729292880322568
5,1,243667.76652537758,-0.7195,1.4703712,-0.17392887719323227
5,1,243672.7665261599,-0.7195,1.469875,-0.17492846852588642
5,1,243677.7665269422,-0.7195,1.4692069,-0.17592805718356028
5,1,243682.7665277245,-0.7195,1.4690924,-0.17692764659291493
5,1,243687.76652850682,-0.7195,1.4687679,-0.17792723290932827
5,1,243692.76652928913,-0.7195,1.468157,-0.17892681877228273
5,1,243697.76653007144,-0.7195,1.4680998,-0.17992640806408708
5,1,243702.76653085375,-0.7195,1.4680234,-0.18092599672656906
5,1,243707.76653163607,-0.7195,1.4675081,-0.1819255882723595
5,1,243712.76653241838,-0.7195,1.4666682,-0.18292517898486374
5,1,243717.7665332007,-0.7195,1.46642,-0.18392477173672436
5,1,243722.766533983,-0.7195,1.4660956,-0.1849243641506697
5,1,243727.7665347653,-0.7195,1.4653894,-0.18592395249799212
5,1,243732.76653554762,-0.7195,1.4651793,-0.1869235445967216
5,1,243737.76653632993,-0.7195,1.4645494,-0.18792313732021043
5,1,243742.76653711224,-0.7195,1.4641677,-0.1889227305208576
5,1,243747.76653789455,-0.7195,1.4637477,-0.18992232797621014
5,1,243752.76653867686,-0.7195,1.4634423,-0.1909219271430604
5,1,243757.76653945917,-0.7195,1.4629842,-0.1919215229952798
5,1,243762.7665402415,-0.7195,1.4625834,-0.19292111684851834
5,1,243767.7665410238,-0.7195,1.4619726,-0.19392071416232642
5,1,243772.7665418061,-0.7195,1.4616098,-0.19492031139333701
5,1,243777.76654258842,-0.7195,1.46119,-0.19591990653107552
5,1,243782.76654337073,-0.7195,1.4604074,-0.19691950307533465
5,1,243787.76654415304,-0.7195,1.4601592,-0.19791909768396274
5,1,243792.76654493535,-0.7195,1.4596629,-0.1989186914688745
5,1,243797.76654571766,-0.7195,1.4593575,-0.19991828080827317
5,1,243802.76654649997,-0.7195,1.4587848,-0.20091787286856097
5,1,243807.76654728228,-0.7195,1.4584031,-0.2019174685188067
5,1,243812.7665480646,-0.7195,1.457945,-0.2029170594389934
5,1,243817.7665488469,-0.7195,1.4576586,-0.2039166474915278
5,1,243822.76654962922,-0.7195,1.4571242,-0.20491623911796994
5,1,243827.76655041153,-0.7195,1.4565706,-0.20591583036882002
5,1,243832.76655119384,-0.7195,1.4559981,-0.20691542379147793
5,1,243837.76655197615,-0.7195,1.4551963,-0.20791501657147857
5,1,243842.76655275846,-0.7195,1.4548527,-0.20891460699203265
5,1,243847.76655354077,-0.7195,1.4546237,-0.20991419859754695
5,1,243852.76655432308,-0.7195,1.4540129,-0.2109137913539905
5,1,243857.7665551054,-0.7195,1.4533257,-0.211913383330047
5,1,243862.7665558877,-0.7195,1.4528294,-0.21291296937968981
5,1,243867.76655667002,-0.7195,1.4521041,-0.21391256236178
5,1,243872.76655745233,-0.7195,1.4517796,-0.21491215398343058
5,1,243877.76655823464,-0.7195,1.4512069,-0.21591174364449234
5,1,243882.76655901695,-0.7195,1.4505198,-0.21691133273639265
5,1,243887.76655979926,-0.7195,1.4502335,-0.2179109239534403
5,1,243892.76656058157,-0.7195,1.4498326,-0.2189105152735841
5,1,243897.76656136388,-0.7195,1.4489355,-0.21991010366525898
5,1,243902.7665621462,-0.7195,1.4482864,-0.22090969479836342
5,1,243907.7665629285,-0.7195,1.4475802,-0.2219092854160698
5,1,243912.76656371081,-0.7195,1.4471412,-0.22290887037520923
5,1,243917.76656449313,-0.7195,1.4463013,-0.22390845847901356
5,1,243922.76656527544,-0.7195,1.4463395,-0.22490804397587297
5,1,243927.76656605775,-0.7195,1.4457287,-0.2259076297813785
5,1,243932.76656684006,-0.7195,1.4452324,-0.2269072178278597
5,1,243937.76656762237,-0.7195,1.4448315,-0.22790680808957403
5,1,243942.76656840468,-0.7195,1.4439344,-0.22890639596908277
5,1,243947.766569187,-0.7195,1.4433427,-0.22990598405610838
5,1,243952.7665699693,-0.7195,1.4426364,-0.2309055703216955
5,1,243957.7665707516,-0.7195,1.4421592,-0.23190515194770678
5,1,243962.76657153392,-0.7195,1.4412048,-0.23290473313917037
5,1,243967.76657231624,-0.7195,1.4408231,-0.2339043152439427
5,1,243972.76657309855,-0.7195,1.4400405,-0.23490390016011048
5,1,243977.76657388086,-0.7195,1.4396586,-0.2359034817007414
5,1,243982.76657466317,-0.7195,1.4388951,-0.23690306822843998
5,1,243987.76657544548,-0.7195,1.4383798,-0.2379026526653798
5,1,243992.7665762278,-0.7195,1.4376736,-0.23890223638747782
5,1,243997.7665770101,-0.7195,1.4368336,-0.23990182394152865
5,1,244002.7665777924,-0.7195,1.436051,-0.24090140825369938
5,1,244007.76657857472,-0.7195,1.4357074,-0.24190099457238431
5,1,244012.76657935703,-0.7195,1.4349248,-0.24290058059446992
5,1,244017.76658013935,-0.7195,1.4342949,-0.24390016781289361
5,1,244022.76658092166,-0.7195,1.4334168,-0.2448997549261979
5,1,244027.76658170397,-0.7195,1.4327106,-0.24589933847542256
5,1,244032.76658248628,-0.7195,1.4322525,-0.24689892413062833
5,1,244037.7665832686,-0.7195,1.4313363,-0.24789850974853817
5,1,244042.7665840509,-0.7195,1.4306873,-0.24889809245617173
5,1,244047.7665848332,-0.7195,1.4300574,-0.24989767738012456
5,1,244052.76658561552,-0.7195,1.4293894,-0.25089725984870376
5,1,244057.76658639783,-0.7195,1.4286449,-0.2518968465627894
5,1,244062.76658718014,-0.7195,1.4280531,-0.25289643190281574
5,1,244067.76658796245,-0.7195,1.427347,-0.2538960147743058
5,1,244072.76658874477,-0.7195,1.4265261,-0.2548955963474676
5,1,244077.76658952708,-0.7195,1.4258771,-0.2558951781320041
5,1,244082.7665903094,-0.7195,1.4249609,-0.25689475734275896
5,1,244087.7665910917,-0.7195,1.4242165,-0.2578943359098599
5,1,244092.766591874,-0.7195,1.4233575,-0.2588939162463909
5,1,244097.76659265632,-0.7195,1.4228231,-0.25989349622298935
5,1,244102.76659343863,-0.7195,1.4220405,-0.2608930749476452
5,1,244107.76659422094,-0.7195,1.4212769,-0.26189265693784747
5,1,244112.76659500325,-0.7195,1.4203798,-0.2628922351610428
5,1,244117.76659578556,-0.7195,1.4197117,-0.26389181603020095
5,1,244122.76659656788,-0.7195,1.41891,-0.2648913953710562
5,1,244127.7665973502,-0.7195,1.418051,-0.26589098027759783
5,1,244132.7665981325,-0.7195,1.4172493,-0.26689056378236403
5,1,244137.7665989148,-0.7195,1.4166194,-0.2678901472231248
5,1,244142.76659969712,-0.7195,1.4158177,-0.2688897307470606
5,1,244147.76660047943,-0.7195,1.4146152,-0.2698893145153522
5,1,244152.76660126174,-0.7195,1.4140044,-0.2708889007862508
5,1,244157.766602044,-0.7195,1.4134127,-0.2718884873589508
5,1,244162.7666028263,-0.7195,1.4125727,-0.27288807488162975
5,1,244167.76660360862,-0.7195,1.411752,-0.27388766072293447
5,1,244172.76660439093,-0.7195,1.4111412,-0.2748872495374083
5,1,244177.76660517324,-0.7195,1.4099959,-0.2758868341873784
5,1,244182.76660595555,-0.7195,1.4092324,-0.27688642219837833
5,1,244187.76660673786,-0.7195,1.4086025,-0.2778860103343857
5,1,244192.76660752017,-0.7195,1.4076099,-0.2788855985393954
5,1,244197.76660830248,-0.7195,1.4066556,-0.27988518855771743
5,1,244202.7666090848,-0.7195,1.4057393,-0.28088477619850954
5,1,244207.7666098671,-0.7195,1.4049567,-0.28188436426205754
5,1,244212.7666106494,-0.7195,1.4038877,-0.2828839567562572
5,1,244217.76661143173,-0.7195,1.4028379,-0.2838835462085305
5,1,244222.76661221404,-0.7195,1.4019026,-0.284883133659111
5,1,244227.76661299588,-0.7195,1.4012154,-0.2858827221320171
5,1,244232.7666137782,-0.7195,1.4002037,-0.2868823095099362
5,1,244237.7666145605,-0.7195,1.3993257,-0.2878818983333805
5,1,244242.7666153428,-0.7195,1.3981231,-0.28888148593899926
5,1,244247.76661612513,-0.7195,1.3973405,-0.2898810737672083
5,1,244252.76661690744,-0.7195,1.3960807,-0.29088066048288663
5,1,244257.76661768975,-0.7195,1.395279,-0.29188024677976954
5,1,244262.76661847206,-0.7195,1.393962,-0.2928798337773216
5,1,244267.76661925437,-0.7195,1.3932557,-0.2938794220039843
5,1,244272.76662003668,-0.7195,1.3926067,-0.2948790099533
5,1,244277.766620819,-0.7195,1.3916333,-0.295878598524971
5,1,244282.7666216013,-0.7195,1.3909079,-0.29687818779094005
5,1,244287.7666223836,-0.7195,1.3897245,-0.29787777894864464
5,1,244292.76662316592,-0.7195,1.3888655,-0.2988773691777056
5,1,244297.76662394824,-0.7195,1.3876438,-0.2998769582832686
5,1,244302.76662473055,-0.7195,1.3866131,-0.3008765478045045
5,1,244307.76662551286,-0.7195,1.3852388,-0.3018761403967836
5,1,244312.76662629517,-0.7195,1.3846279,-0.30287573058853867
5,1,244317.76662707748,-0.7195,1.38333,-0.3038753209524385
5,1,244322.7666278598,-0.7195,1.382471,-0.3048749127610656
5,1,244327.7666286421,-0.7195,1.381402,-0.3058745060069527
5,1,244332.7666294244,-0.7195,1.3805622,-0.3068740959146883
5,1,244337.76663020672,-0.7195,1.3793405,-0.30787368170316676
5,1,244342.76663098903,-0.7195,1.3780617,-0.30887326975922447
5,1,244347.76663177134,-0.7195,1.3771837,-0.3098728587065173
5,1,244352.76663255366,-0.7195,1.3758284,-0.3108724443949527
5,1,244357.76663333597,-0.7195,1.3747976,-0.3118720295479165
5,1,244362.76663411828,-0.7195,1.3736905,-0.3128716139914161
5,1,244367.7666349006,-0.7195,1.3724307,-0.31387120067103697
5,1,244372.7666356829,-0.7195,1.3712664,-0.3148707856947812
5,1,244377.7666364652,-0.7195,1.3703883,-0.31587036837544036
5,1,244382.76663724752,-0.7195,1.3689376,-0.3168699501998291
5,1,244387.76663802983,-0.7195,1.3679068,-0.31786953446956134
5,1,244392.76663881214,-0.7195,1.3667806,-0.3188691180775198
5,1,244397.76663959445,-0.7195,1.3652536,-0.31986869781868316
5,1,244402.76664037677,-0.7195,1.3637648,-0.3208682802494101
5,1,244407.76664115908,-0.7195,1.3628485,-0.32186786447315735
5,1,244412.7666419414,-0.7195,1.3616269,-0.32286744823541896
5,1,244417.7666427237,-0.7195,1.3605579,-0.3238670278777413
5,1,244422.766643506,-0.7195,1.3591837,-0.3248666100072131
5,1,244427.76664428832,-0.7195,1.3578475,-0.3258661912306712
5,1,244432.76664507063,-0.7195,1.3565876,-0.3268657760594486
5,1,244437.76664585294,-0.7195,1.3552706,-0.3278653621951738
5,1,244442.76664663525,-0.7195,1.3541253,-0.32886494667191296
5,1,244447.76664741756,-0.7195,1.3529991,-0.32986453212612193
5,1,244452.76664819987,-0.7195,1.351453,-0.3308641182283162
5,1,244457.7666489822,-0.7195,1.3505176,-0.33186370512844116
5,1,244462.7666497645,-0.7195,1.3491434,-0.3328632896013557
5,1,244467.7666505468,-0.7195,1.3475782,-0.3338628738388816
5,1,244472.76665132912,-0.7195,1.3462229,-0.33486245705311823
5,1,244477.76665211143,-0.7195,1.3450203,-0.33586204221673804
5,1,244482.76665289374,-0.7195,1.3435696,-0.33686162686497634
5,1,244487.76665367605,-0.7195,1.3420044,-0.33786120956624216
5,1,244492.76665445836,-0.7195,1.3406682,-0.33886079359247284
5,1,244497.76665524067,-0.7195,1.3394276,-0.33986037874660885
5,1,244502.76665602298,-0.7195,1.337576,-0.3408599600169493
5,1,244507.7666568053,-0.7195,1.336488,-0.34185954379255573
5,1,244512.7666575876,-0.7195,1.3346937,-0.34285912692320014
5,1,244517.76665836992,-0.7195,1.3330712,-0.3438587083925936
5,1,244522.76665915223,-0.7195,1.3316778,-0.34485829229729703
5,1,244527.76665993454,-0.7195,1.3305516,-0.34585787477475405
5,1,244532.76666071685,-0.7195,1.3288909,-0.3468574578296741
5,1,244537.76666149916,-0.7195,1.3270967,-0.3478570423101584
5,1,244542.76666228147,-0.7195,1.3255506,-0.3488566265446676
5,1,244547.76666306378,-0.7195,1.3238517,-0.3498562119811508
5,1,244552.7666638461,-0.7195,1.3222674,-0.3508557973938783
5,1,244557.7666646284,-0.7195,1.3209121,-0.35185538066379557
5,1,244562.76666541072,-0.7195,1.3192325,-0.35285496561727586
5,1,244567.76666619303,-0.7195,1.3175336,-0.3538545495370593
5,1,244572.76666697534,-0.7195,1.315682,-0.35485413708529534
5,1,244577.76666775765,-0.7195,1.3142695,-0.35585372009788613
5,1,244582.76666853996,-0.7195,1.3122844,-0.35685330461562004
5,1,244587.76666932227,-0.7195,1.3110819,-0.3578528882016969
5,1,244592.76667010458,-0.7195,1.3092303,-0.3588524716091983
5,1,244597.7666708869,-0.7195,1.3075696,-0.35985205517343344
5,1,244602.7666716692,-0.7195,1.3055844,-0.360851641240961
5,1,244607.76667245163,-0.7195,1.3040956,-0.3618512265523109
5,1,244612.76667323394,-0.7195,1.3022441,-0.3628508139434324
5,1,244617.76667401625,-0.7195,1.3003544,-0.3638503998472226
5,1,244622.76667479856,-0.7195,1.2985983,-0.3648499850943485
5,1,244627.76667558088,-0.7195,1.2968613,-0.3658495683704879
5,1,244632.7666763632,-0.7195,1.2945325,-0.36684914839739924
5,1,244637.7666771455,-0.7195,1.2929101,-0.36784872825142073
5,1,244642.7666779278,-0.7195,1.2912685,-0.3688483076704806
5,1,244647.76667871012,-0.7195,1.2895505,-0.36984789337813845
5,1,244652.76667949243,-0.7195,1.2876227,-0.3708474797852038
5,1,244657.76668027474,-0.7195,1.2852939,-0.37184706438565573
5,1,244662.76668105705,-0.7195,1.2835569,-0.3728466486849055
5,1,244667.76668183936,-0.7195,1.2818772,-0.3738462367458243
5,1,244672.76668262167,-0.7195,1.279892,-0.3748458203693892
5,1,244677.76668340398,-0.7195,1.2778114,-0.37584540738029265
5,1,244682.7666841863,-0.7195,1.275979,-0.37684499171300384
5,1,244687.7666849686,-0.7195,1.2741466,-0.37784456988426696
5,1,244692.76668575092,-0.7195,1.271856,-0.3788441561070083
5,1,244697.76668653323,-0.7195,1.2698709,-0.37984374084442835
5,1,244702.76668731554,-0.7195,1.2678857,-0.38084332795988834
5,1,244707.76668809785,-0.7195,1.2659005,-0.3818429140535724
5,1,244712.76668888016,-0.7195,1.264259,-0.382842495639228
5,1,244717.76668966247,-0.7195,1.2623693,-0.38384207832621187
5,1,244722.76669044478,-0.7195,1.2602123,-0.38484166203306763
5,1,244727.7666912271,-0.7195,1.2583798,-0.38584124500237554
5,1,244732.7666920094,-0.7195,1.2560701,-0.3868408281608653
5,1,244737.76669279172,-0.7195,1.2541041,-0.38784041429294464
5,1,244742.76669357403,-0.7195,1.2520236,-0.3888400004275837
5,1,244747.76669435634,-0.7195,1.250401,-0.3898395842917527
5,1,244752.76669513865,-0.7195,1.2484541,-0.3908391699568429
5,1,244757.76669592096,-0.7195,1.2465644,-0.39183875464182083
5,1,244762.76669670327,-0.7195,1.2446364,-0.39283833947894625
5,1,244767.76669748558,-0.7195,1.2426323,-0.39383792433523457
5,1,244772.7666982679,-0.7195,1.2407807,-0.3948375052831172
5,1,244777.7666990502,-0.7195,1.2393682,-0.3958370912073055
5,1,244782.76669983251,-0.7195,1.2374785,-0.39683667597425304
5,1,244787.76670061483,-0.7195,1.2354361,-0.39783626346134465
5,1,244792.76670139714,-0.7195,1.23347,-0.3988358521844346
5,1,244797.76670217945,-0.7195,1.2317902,-0.3998354395438829
5,1,244802.76670296176,-0.7195,1.2303205,-0.4008350246432555
5,1,244807.76670374407,-0.7195,1.228259,-0.4018346133539609
5,1,244812.76670452638,-0.7195,1.2268655,-0.4028342034818562
5,1,244817.7667053087,-0.7195,1.2250904,-0.403833796133942
5,1,244822.766706091,-0.7195,1.2238878,-0.4048333902293377
5,1,244827.7667068733,-0.7195,1.2219026,-0.4058329803745448
5,1,244832.76670765562,-0.7195,1.2204901,-0.40683257510711746
5,1,244837.76670843794,-0.7195,1.2188677,-0.4078321740270455
5,1,244842.76670922025,-0.7195,1.2177606,-0.4088317745568222
5,1,244847.76671000256,-0.7195,1.2163862,-0.4098313782360818
5,1,244852.76671078487,-0.7195,1.2142675,-0.4108309808506071
5,1,244857.76671156718,-0.7195,1.2125113,-0.4118305820113519
5,1,244862.7667123495,-0.7195,1.2108126,-0.41283018389814424
5,1,244867.7667131318,-0.7195,1.209839,-0.4138297840432822
5,1,244872.7667139141,-0.7195,1.2077584,-0.41482938044310935
5,1,244877.76671469642,-0.7195,1.2057732,-0.41582897350853015
5,1,244882.76671547873,-0.7195,1.2044181,-0.41682857319030164
5,1,244887.76671626105,-0.7195,1.203311,-0.41782816681427093
5,1,244892.76671704336,-0.7195,1.201593,-0.4188277612206704
5,1,244897.76671782567,-0.7195,1.2000469,-0.41982735741792454
5,1,244898.3301179132,-0.7195,1.1999133,-0.4199399925046762
5,1,244898.3303179131,-0.7195,1.2000087,-0.41994003249025674
5,2,244898.3311179129,0.7195,1.4128262,7.923263642523024e-08
5,2,244903.33111869497,0.7195,1.7347784,0.0009990493479404183
5,2,244908.33111947728,0.7195,1.8113214,0.0019980243198606702
5,2,244913.3311202596,0.7195,1.8682799,0.002996991916818751
5,2,244918.3311210419,0.7195,1.9148165,0.003995960600617859
5,2,244923.33112182422,0.7195,1.9556649,0.004994930749648147
5,2,244928.33112260653,0.7195,1.9920084,0.005993904712905487
5,2,244933.33112338884,0.7195,2.02442,0.006992875381045872
5,2,244938.33112417115,0.7195,2.0541782,0.007991845605184636
5,2,244943.33112495346,0.7195,2.0813594,0.00899081505427758
5,2,244948.33112573577,0.7195,2.106193,0.009989783645368285
5,2,244953.33112651808,0.7195,2.1287932,0.0109887564155923
5,2,244958.3311273004,0.7195,2.1498473,0.01198772772103217
5,2,244963.3311280827,0.7195,2.1692598,0.012986701551957264
5,2,244968.33112886501,0.7195,2.186916,0.013985670392821234
5,2,244973.33112964733,0.7195,2.20337,0.01498463967813055
5,2,244978.33113042964,0.7195,2.2182014,0.015983607844978574
5,2,244983.33113121195,0.7195,2.2321167,0.01698257981257969
5,2,244988.33113199426,0.7195,2.2447147,0.017981553776125116
5,2,244993.33113277657,0.7195,2.2570074,0.018980528605444566
5,2,244998.33113355888,0.7195,2.2679257,0.01997949995665749
5,2,245003.3311343412,0.7195,2.2780042,0.020978471250087026
5,2,245008.3311351235,0.7195,2.2876437,0.021977441356377473
5,2,245013.3311359058,0.7195,2.296825,0.022976412193155955
5,2,245018.33113668812,0.7195,2.305491,0.02397538076027897
5,2,245023.33113747044,0.7195,2.3133743,0.024974349465770856
5,2,245028.33113825275,0.7195,2.3209903,0.025973318871729906
5,2,245033.33113903506,0.7195,2.3280911,0.02697228767850333
5,2,245038.33113981737,0.7195,2.3350582,0.027971256509453063
5,2,245043.33114059968,0.7195,2.3414145,0.02897022435060475
5,2,245048.331141382,0.7195,2.3473508,0.029969192665745818
5,2,245053.3311421643,0.7195,2.3533828,0.030968160275843412
5,2,245058.3311429466,0.7195,2.358899,0.03196713249472115
5,2,245063.33114372892,0.7195,2.3643394,0.032966103206687504
5,2,245068.33114451123,0.7195,2.3693595,0.033965074796570675
5,2,245073.33114529354,0.7195,2.374494,0.034964047314594196
5,2,245078.33114607586,0.7195,2.3794951,0.0359630184971922
5,2,245083.33114685817,0.7195,2.3839808,0.036961995635151866
5,2,245088.33114764048,0.7195,2.388772,0.03796097115651104
5,2,245093.3311484228,0.7195,2.393353,0.03895994493410985
5,2,245098.3311492051,0.7195,2.3977814,0.03995892034338249
5,2,245103.3311499874,0.7195,2.4022098,0.040957893261816765
5,2,245108.33115076972,0.7195,2.4065237,0.041956866473605234
5,2,245113.33115155203,0.7195,2.410475,0.04295583534166548
5,2,245118.33115233434,0.7195,2.4146361,0.04395480667386121
5,2,245123.33115311665,0.7195,2.4186828,0.0449537775359816
5,2,245128.33115389897,0.7195,2.4226723,0.04595274942683842
5,2,245133.33115468128,0.7195,2.4266424,0.04695172378842367
5,2,245138.3311554636,0.7195,2.4304218,0.047950698371794484
5,2,245143.3311562459,0.7195,2.4343731,0.048949677267058025
5,2,245148.3311570282,0.7195,2.4381907,0.04994865869431363
5,2,245153.33115781052,0.7195,2.4420466,0.050947634485486476
5,2,245158.33115859283,0.7195,2.4459023,0.05194661365804738
5,2,245163.33115937514,0.7195,2.4498727,0.05294559117057919
5,2,245168.33116015745,0.7195,2.453213,0.05394457537807027
5,2,245173.33116093976,0.7195,2.457088,0.0549435510979361
5,2,245178.33116172208,0.7195,2.4607337,0.05594252353571189
5,2,245183.3311625044,0.7195,2.4645512,0.05694149773378835
5,2,245188.3311632867,0.7195,2.468197,0.05794047251053319
5,2,245193.331164069,0.7195,2.472072,0.058939452266017586
5,2,245198.33116485132,0.7195,2.4758706,0.0599384309464693
5,2,245203.33116563363,0.7195,2.4797263,0.06093740853954023
5,2,245208.33116641594,0.7195,2.4834867,0.06193638270282082
5,2,245213.33116719825,0.7195,2.487228,0.06293536515597502
5,2,245218.33116798056,0.7195,2.4910455,0.06393434471504886
5,2,245223.33116876287,0.7195,2.4948058,0.06493332006013723
5,2,245228.33116954518,0.7195,2.4987571,0.06593229152479435
5,2,245233.3311703275,0.7195,2.5022883,0.06693126017728115
5,2,245238.3311711098,0.7195,2.5062203,0.06793022738919985
5,2,245243.33117189235,0.7195,2.5103817,0.0689291963858836
5,2,245248.33117267466,0.7195,2.5138748,0.06992816528122953
5,2,245253.33117345697,0.7195,2.517635,0.07092714168109825
5,2,245258.33117423928,0.7195,2.5216627,0.07192611041234265
5,2,245263.3311750216,0.7195,2.5254421,0.07292507984555095
5,2,245268.3311758039,0.7195,2.5291452,0.07392405037391182
5,2,245273.33117658622,0.7195,2.5330963,0.07492301956947972
5,2,245278.33117736853,0.7195,2.5369713,0.07592199261293806
5,2,245283.33117815084,0.7195,2.5410943,0.07692096031653547
5,2,245288.33117893315,0.7195,2.5448928,0.07791992668017081
5,2,245293.33117971546,0.7195,2.5485768,0.07891889267394939
5,2,245298.33118049777,0.7195,2.5529096,0.07991786086609627
5,2,245303.33118128008,0.7195,2.5567656,0.08091683235269122
5,2,245308.3311820624,0.7195,2.560583,0.08191580088356468
5,2,245313.3311828447,0.7195,2.5645344,0.08291477366311682
5,2,245318.33118362701,0.7195,2.5683138,0.08391374077123072
5,2,245323.33118440933,0.7195,2.5722077,0.08491270486980014
5,2,245328.33118519164,0.7195,2.5762353,0.08591167344117165
5,2,245333.33118597395,0.7195,2.5801482,0.08691064215812087
5,2,245338.33118675626,0.7195,2.5840423,0.08790961258572672
5,2,245343.33118753857,0.7195,2.58807,0.0889085869855053
5,2,245348.33118832088,0.7195,2.5921357,0.08990755595959227
5,2,245353.3311891032,0.7195,2.596125,0.09090652931232916
5,2,245358.3311898855,0.7195,2.6001525,0.09190550179774232
5,2,245363.3311906678,0.7195,2.6040847,0.09290447033461598
5,2,245368.33119145012,0.7195,2.6077304,0.09390344019517304
5,2,245373.33119223244,0.7195,2.6116436,0.09490240822787749
5,2,245378.33119301475,0.7195,2.6155565,0.0959013748463889
5,2,245383.33119379706,0.7195,2.6193743,0.09690034685616031
5,2,245388.33119457937,0.7195,2.6230009,0.09789931733986405
5,2,245393.33119536168,0.7195,2.6269522,0.0988982873142726
5,2,245398.331196144,0.7195,2.6302352,0.09989726067514884
5,2,245403.3311969263,0.7195,2.6339955,0.10089623491311406
5,2,245408.3311977086,0.7195,2.6374695,0.10189519829261304
5,2,245413.33119849092,0.7195,2.640982,0.10289417347638806
5,2,245418.33119927323,0.7195,2.644265,0.10389314175861412
5,2,245423.33120005555,0.7195,2.6476054,0.1048921135062145
5,2,245428.33120083786,0.7195,2.6509075,0.10589108521459832
5,2,245433.33120162017,0.7195,2.654229,0.10689006054319276
5,2,245438.33120240248,0.7195,2.6573594,0.10788903366940221
5,2,245443.3312031848,0.7195,2.6601844,0.10888800629044242
5,2,245448.3312039671,0.7195,2.662914,0.10988697825737795
5,2,245453.3312047494,0.7195,2.6657197,0.11088594806317158
5,2,245458.33120553172,0.7195,2.6685832,0.11188492051778569
5,2,245463.33120631403,0.7195,2.67116,0.11288389295808143
5,2,245468.33120709634,0.7195,2.6736033,0.1138828682130244
5,2,245473.33120787865,0.7195,2.6758938,0.11488184259700444
5,2,245478.33120866097,0.7195,2.6782224,0.11588082011599012
5,2,245483.33120944328,0.7195,2.6805513,0.1168797957323326
5,2,245488.3312102256,0.7195,2.682231,0.11787876925876738
5,2,245493.3312110079,0.7195,2.6845407,0.11887773689911432
5,2,245498.3312117902,0.7195,2.686125,0.11987670634656152
5,2,245503.33121257252,0.7195,2.6877475,0.1208756752940615
5,2,245508.33121335483,0.7195,2.6894844,0.12187464656795727
5,2,245513.33121413714,0.7195,2.690725,0.12287361669375499
5,2,245518.33121491945,0.7195,2.6923285,0.12387259080917305
5,2,245523.33121570176,0.7195,2.6936266,0.12487156316236654
5,2,245528.33121648408,0.7195,2.6949437,0.1258705353599886
5,2,245533.3312172664,0.7195,2.6960316,0.1268695068920387
5,2,245538.3312180487,0.7195,2.6971388,0.12786847550949124
5,2,245543.33121883078,0.7195,2.697845,0.12886744362249308
5,2,245548.3312196131,0.7195,2.698723,0.1298664091372788
5,2,245553.3312203954,0.7195,2.699353,0.1308653820577562
5,2,245558.3312211777,0.7195,2.7000973,0.1318643553642995
5,2,245563.33122196002,0.7195,2.7009563,0.13286332696723607
5,2,245568.33122274233,0.7195,2.7017007,0.13386229645519787
5,2,245573.33122352464,0.7195,2.7022161,0.13486126382558877
5,2,245578.33122430695,0.7195,2.7027507,0.13586023615282775
5,2,245583.33122508926,0.7195,2.7033231,0.1368592083278133
5,2,245588.33122587157,0.7195,2.7038958,0.13785817806989287
5,2,245593.33122665389,0.7195,2.7042394,0.13885714600759747
5,2,245598.3312274362,0.7195,2.7045257,0.13985611736899947
5,2,245603.3312282185,0.7195,2.7047358,0.14085508538393512
5,2,245608.33122900082,0.7195,2.7050602,0.1418540558161239
5,2,245613.33122978313,0.7195,2.7055948,0.1428530226178368
5,2,245618.33123056544,0.7195,2.7055948,0.14385198969630403
5,2,245623.33123134775,0.7195,2.7059002,0.14485095466073025
5,2,245628.33123213006,0.7195,2.7061865,0.14584992489043544
5,2,245633.33123291237,0.7195,2.7063391,0.14684889667451717
5,2,245638.33123369468,0.7195,2.7067018,0.1478478653564619
5,2,245643.331234477,0.7195,2.706988,0.1488468356071678
5,2,245648.3312352593,0.7195,2.7070453,0.14984580458878152
5,2,245653.33123604162,0.7195,2.70716,0.15084477743753796
5,2,245658.33123682393,0.7195,2.7075036,0.15184374873999099
5,2,245663.33123760624,0.7195,2.7072744,0.15284271961390317
5,2,245668.33123838855,0.7195,2.7075799,0.15384169212357873
5,2,245673.33123917086,0.7195,2.707637,0.15484066317243717
5,2,245678.33123995317,0.7195,2.707847,0.15583963588969252
5,2,245683.33124073548,0.7195,2.7079425,0.15683860904744937
5,2,245688.3312415178,0.7195,2.7082098,0.15783758223180977
5,2,245693.3312423001,0.7195,2.7084007,0.15883655735298335
5,2,245698.33124308242,0.7195,2.7082288,0.15983553099726644
5,2,245703.33124386473,0.7195,2.708038,0.16083450244500247
5,2,245708.33124464704,0.7195,2.7082098,0.16183347381172586
5,2,245713.33124542935,0.7195,2.7081716,0.1628324443021252
5,2,245718.33124621166,0.7195,2.7083242,0.16383141636504409
5,2,245723.33124699397,0.7195,2.708267,0.16483038561989874
5,2,245728.33124777628,0.7195,2.7085915,0.16582935958635486
5,2,245733.3312485586,0.7195,2.7086105,0.16682833389902788
5,2,245738.3312493409,0.7195,2.7087061,0.16782731019683028
5,2,245743.3312501232,0.7195,2.7086296,0.16882628552387832
5,2,245748.33125090552,0.7195,2.7088397,0.169825260393719
5,2,245753.33125168784,0.7195,2.7090688,0.1708242381283013
5,2,245758.33125247015,0.7195,2.7090497,0.17182321287928037
5,2,245763.33125325246,0.7195,2.7088587,0.17282219010882588
5,2,245768.33125403477,0.7195,2.7087061,0.17382116148043353
5,2,245773.33125481708,0.7195,2.7091641,0.17482014106241875
5,2,245778.3312555994,0.7195,2.7092023,0.17581911474855755
5,2,245783.3312563817,0.7195,2.709145,0.17681809193525394
5,2,245788.331257164,0.7195,2.709317,0.1778170664679277
5,2,245793.33125794632,0.7195,2.709756,0.1788160419069596
5,2,245798.33125872863,0.7195,2.7098513,0.17981501503797054
5,2,245803.33125951095,0.7195,2.709794,0.18081398603201587
5,2,245808.33126029326,0.7195,2.7098894,0.18181295842691939
5,2,245813.33126107557,0.7195,2.7098894,0.1828119318759211
5,2,245818.33126185788,0.7195,2.7098513,0.1838109021519755
5,2,245823.3312626402,0.7195,2.7100422,0.18480987442548752
5,2,245828.3312634225,0.7195,2.7101185,0.185808841889865
5,2,245833.3312642048,0.7195,2.7102523,0.1868078114703961
5,2,245838.33126498712,0.7195,2.7105577,0.18780678033634038
5,2,245843.33126576943,0.7195,2.7102904,0.18880574791151297
5,2,245848.33126655174,0.7195,2.7107484,0.18980471467416496
5,2,245853.33126733406,0.7195,2.710634,0.19080368223741662
5,2,245858.33126811637,0.7195,2.7108438,0.19180264985382237
5,2,245863.33126889868,0.7195,2.7108822,0.19280161663616047
5,2,245868.331269681,0.7195,2.7111492,0.19380058733061298
5,2,245873.3312704633,0.7195,2.711073,0.19479955719991204
5,2,245878.3312712456,0.7195,2.711283,0.19579852889086483
5,2,245883.33127202792,0.7195,2.7115312,0.19679750072155408
5,2,245888.33127281023,0.7195,2.7115884,0.197796474279023
5,2,245893.33127359254,0.7195,2.7115312,0.19879544904754903
5,2,245898.33127437485,0.7195,2.7119892,0.19979441888682722
5,2,245903.33127515716,0.7195,2.712161,0.2007933892724747
5,2,245908.33127593948,0.7195,2.712142,0.2017923592080773
5,2,245913.3312767218,0.7195,2.7122755,0.2027913309875794
5,2,245918.3312775041,0.7195,2.7123327,0.20379030668123574
5,2,245923.33127828618,0.7195,2.7125618,0.20478927801763028
5,2,245928.3312790685,0.7195,2.7125428,0.20578824470624998
5,2,245933.3312798508,0.7195,2.712791,0.20678721155120275
5,2,245938.3312806331,0.7195,2.7130198,0.20778618691195058
5,2,245943.33128141542,0.7195,2.71323,0.20878515957907512
5,2,245948.33128219773,0.7195,2.7133827,0.20978412374137184
5,2,245953.33128298004,0.7195,2.7136688,0.2107830946083136
5,2,245958.33128376235,0.7195,2.7135925,0.21178206389331827
5,2,245963.33128454466,0.7195,2.7142606,0.21278103474954443
5,2,245968.33128532697,0.7195,2.7144134,0.21378000455240087
5,2,245973.33128610929,0.7195,2.7144325,0.21477897259570172
5,2,245978.3312868916,0.7195,2.7146807,0.21577794404514972
5,2,245983.3312876739,0.7195,2.714948,0.2167769152452185
5,2,245988.33128845622,0.7195,2.7148714,0.21777588541459383
5,2,245993.33128923853,0.7195,2.7154632,0.21877485736029356
5,2,245998.33129002084,0.7195,2.7157114,0.2197738292508325
5,2,246003.33129080315,0.7195,2.7158258,0.22077280182225847
5,2,246008.33129158546,0.7195,2.7161312,0.22177177272777104
5,2,246013.33129236777,0.7195,2.7165132,0.22277074710951258
5,2,246018.33129315008,0.7195,2.7166657,0.2237697192627325
5,2,246023.3312939324,0.7195,2.7168186,0.22476869322030424
5,2,246028.3312947147,0.7195,2.7172194,0.22576766880107932
5,2,246033.33129549702,0.7195,2.7172575,0.2267666412802406
5,2,246038.33129627933,0.7195,2.7176774,0.22776561309635981
5,2,246043.33129706164,0.7195,2.7180784,0.22876458447807707
5,2,246048.33129784395,0.7195,2.7183645,0.22976355623978056
5,2,246053.33129862626,0.7195,2.7185364,0.23076252451987078
5,2,246058.33129940857,0.7195,2.7190137,0.2317614931231374
5,2,246063.33130019088,0.7195,2.7194526,0.232760462992155
5,2,246068.3313009732,0.7195,2.7196245,0.23375943103252528
5,2,246073.3313017555,0.7195,2.7197962,0.23475839746356353
5,2,246078.33130253782,0.7195,2.7203116,0.2357573658087884
5,2,246083.33130332013,0.7195,2.7202544,0.23675632830570484
5,2,246088.33130410244,0.7195,2.7208078,0.23775529006552376
5,2,246093.33130488475,0.7195,2.721266,0.23875425154645918
5,2,246098.33130566706,0.7195,2.7218003,0.23975321762655852
5,2,246103.33130644937,0.7195,2.721743,0.2407521841365696
5,2,246108.33130723168,0.7195,2.7219913,0.24175114928449534
5,2,246113.331308014,0.7195,2.722392,0.24275011092735008
5,2,246118.3313087963,0.7195,2.7227166,0.24374907960172504
5,2,246123.3313095786,0.7195,2.7233274,0.24474804791959798
5,2,246128.33131036093,0.7195,2.72369,0.2457470141498315
5,2,246133.33131114324,0.7195,2.7239382,0.2467459784658817
5,2,246138.33131192555,0.7195,2.7243009,0.24774494219287907
5,2,246143.3313127074,0.7195,2.7246828,0.24874390620575026
5,2,246148.3313134897,0.7195,2.7249882,0.24974287030886952
5,2,246153.331314272,0.7195,2.7251027,0.25074183735009375
5,2,246158.33131505433,0.7195,2.725599,0.2517408019992776
5,2,246163.33131583664,0.7195,2.725828,0.25273976768777445
5,2,246168.33131661895,0.7195,2.7263434,0.25373873383043216
5,2,246173.33131740126,0.7195,2.726668,0.25473769853853856
5,2,246178.33131818357,0.7195,2.7271643,0.2557366659172079
5,2,246183.33131896588,0.7195,2.7276604,0.2567356321921085
5,2,246188.3313197482,0.7195,2.7281759,0.257734597510381
5,2,246193.3313205305,0.7195,2.7282522,0.25873356549457394
5,2,246198.3313213128,0.7195,2.7289965,0.25973253551302367
5,2,246203.33132209512,0.7195,2.7291112,0.26073150562552294
5,2,246208.33132287744,0.7195,2.7298365,0.26173047566854307
5,2,246213.33132365975,0.7195,2.73018,0.2627294450458753
5,2,246218.33132444206,0.7195,2.730829,0.2637284164089363
5,2,246223.33132522437,0.7195,2.7310581,0.2647273888116745
5,2,246228.33132600668,0.7195,2.731459,0.26572636307234576
5,2,246233.331326789,0.7195,2.732146,0.26672533828576084
5,2,246238.3313275713,0.7195,2.7324133,0.2677243116135731
5,2,246243.3313283536,0.7195,2.7330432,0.26872328173501964
5,2,246248.33132913592,0.7195,2.7335587,0.269722253228542
5,2,246253.33132991823,0.7195,2.7342076,0.27072122647945757
5,2,246258.33133070054,0.7195,2.734723,0.2717201959249179
5,2,246263.33133148286,0.7195,2.7350857,0.2727191639390655
5,2,246268.33133226517,0.7195,2.7354484,0.2737181290620136
5,2,246273.33133304748,0.7195,2.7360783,0.27471709306709313
5,2,246278.3313338298,0.7195,2.7365746,0.27571605673055527
5,2,246283.3313346121,0.7195,2.7372808,0.27671502221641286
5,2,246288.3313353944,0.7195,2.7377007,0.27771398688955784
5,2,246293.33133617672,0.7195,2.7383306,0.27871295432429194
5,2,246298.33133695903,0.7195,2.7390752,0.2797119226876333
5,2,246303.33133774134,0.7195,2.739686,0.28071089014221573
5,2,246308.33133852365,0.7195,2.740163,0.2817098602703976
5,2,246313.33133930597,0.7195,2.740812,0.28270883066710506
5,2,246318.33134008828,0.7195,2.7413275,0.2837077967092462
5,2,246323.3313408706,0.7195,2.7419574,0.2847067624031869
5,2,246328.3313416529,0.7195,2.7428355,0.28570572731225696
5,2,246333.3313424352,0.7195,2.7431982,0.28670469405340826
5,2,246338.33134321752,0.7195,2.7437708,0.2877036571893196
5,2,246343.33134399983,0.7195,2.7445343,0.2887026175781423
5,2,246348.33134478214,0.7195,2.744954,0.2897015822896594
5,2,246353.33134556445,0.7195,2.7456605,0.2907005487251084
5,2,246358.33134634676,0.7195,2.7461948,0.29169951950324585
5,2,246363.33134712907,0.7195,2.746863,0.29269848706088475
5,2,246368.3313479114,0.7195,2.7474928,0.29369745523443497
5,2,246373.3313486937,0.7195,2.7481227,0.2946964209814702
5,2,246378.331349476,0.7195,2.7490964,0.29569538598863626
5,2,246383.33135025832,0.7195,2.7496116,0.2966943529353706
5,2,246388.33135104063,0.7195,2.7506425,0.2976933210647571
5,2,246393.33135182294,0.7195,2.7512915,0.29869229075410975
5,2,246398.33135260525,0.7195,2.751845,0.2996912585391635
5,2,246403.33135338756,0.7195,2.7525513,0.30069022953329494
5,2,246408.33135416987,0.7195,2.7534292,0.3016891976757481
5,2,246413.33135495218,0.7195,2.754059,0.30268816298500706
5,2,246418.3313557345,0.7195,2.7551281,0.30368712333494435
5,2,246423.3313565168,0.7195,2.7559679,0.30468608579200185
5,2,246428.33135729912,0.7195,2.7569032,0.30568504905049676
5,2,246433.33135808143,0.7195,2.7573614,0.3066840140963694
5,2,246438.33135886374,0.7195,2.7583349,0.30768297771632347
5,2,246443.33135964605,0.7195,2.759022,0.3086819423473908
5,2,246448.33136042836,0.7195,2.7597666,0.3096809043110477
5,2,246453.33136121067,0.7195,2.760702,0.3106798665027321
5,2,246458.33136199298,0.7195,2.7616754,0.3116788307306039
5,2,246463.3313627753,0.7195,2.762477,0.3126778010936082
5,2,246468.3313635576,0.7195,2.7634504,0.3136767716080812
5,2,246473.33136433992,0.7195,2.7640421,0.3146757421431575
5,2,246478.33136512223,0.7195,2.7650537,0.31567471047719
5,2,246483.33136590454,0.7195,2.7661228,0.3166736739608249
5,2,246488.33136668685,0.7195,2.7671344,0.3176726395467256
5,2,246493.33136746916,0.7195,2.7678025,0.3186716046920221
5,2,246498.33136825147,0.7195,2.768967,0.31967056953455353
5,2,246503.33136903378,0.7195,2.7701504,0.3206695399061277
5,2,246508.3313698161,0.7195,2.7711048,0.3216685047075319
5,2,246513.3313705984,0.7195,2.7720401,0.3226674772813387
5,2,246518.33137138071,0.7195,2.7731662,0.3236664496047498
5,2,246523.33137216326,0.7195,2.774178,0.3246654230955277
5,2,246528.33137294557,0.7195,2.7751706,0.3256643927959304
5,2,246533.33137372788,0.7195,2.7764304,0.32666336287724984
5,2,246538.3313745102,0.7195,2.7773466,0.3276623312229118
5,2,246543.3313752925,0.7195,2.7784345,0.32866130010974415
5,2,246548.3313760748,0.7195,2.7795036,0.3296602715942993
5,2,246553.33137685712,0.7195,2.7806106,0.3306592413394882
5,2,246558.33137763944,0.7195,2.7818322,0.3316582154187296
5,2,246563.33137842175,0.7195,2.7831302,0.33265718705269703
5,2,246568.33137920406,0.7195,2.7843328,0.33365616262098163
5,2,246573.33137998637,0.7195,2.7854972,0.3346551408240995
5,2,246578.33138076868,0.7195,2.786776,0.3356541151246694
5,2,246583.331381551,0.7195,2.7880168,0.33665308995698234
5,2,246588.3313823333,0.7195,2.7892385,0.33765206679487897
5,2,246593.3313831156,0.7195,2.7904217,0.3386510394260487
5,2,246598.33138389792,0.7195,2.7913954,0.339650012699273
5,2,246603.33138468023,0.7195,2.7929223,0.34064898627320933
5,2,246608.33138546254,0.7195,2.7940676,0.34164795818856036
5,2,246613.33138624486,0.7195,2.7951367,0.3426469327530531
5,2,246618.33138702717,0.7195,2.7964728,0.34364590742983764
5,2,246623.33138780948,0.7195,2.7979808,0.34464487891853196
5,2,246628.3313885918,0.7195,2.7990496,0.3456438500059314
5,2,246633.3313893741,0.7195,2.8003666,0.3466428206338817
5,2,246638.3313901564,0.7195,2.8017793,0.3476417924806741
5,2,246643.33139093872,0.7195,2.8030581,0.3486407613194685
5,2,246648.33139172103,0.7195,2.8046234,0.3496397277872662
5,2,246653.33139250334,0.7195,2.8060358,0.3506386957935426
5,2,246658.33139328565,0.7195,2.8074865,0.3516376591498223
5,2,246663.33139406797,0.7195,2.8089945,0.3526366277927459
5,2,246668.33139485028,0.7195,2.8109224,0.3536355910791458
5,2,246673.3313956326,0.7195,2.8125257,0.35463455512990233
5,2,246678.3313964149,0.7195,2.8137856,0.35563352458813796
5,2,246683.3313971972,0.7195,2.815637,0.35663250025436954
5,2,246688.33139797952,0.7195,2.8174696,0.35763147060868816
5,2,246693.33139876183,0.7195,2.8192065,0.35863044310977404
5,2,246698.33139954414,0.7195,2.8206,0.35962941172291846
5,2,246703.33140032645,0.7195,2.8223178,0.3606283810858595
5,2,246708.33140110876,0.7195,2.8239403,0.36162734636296506
5,2,246713.33140189108,0.7195,2.8257346,0.3626263120477035
5,2,246718.3314026734,0.7195,2.827357,0.3636252785924111
5,2,246723.3314034557,0.7195,2.8292468,0.3646242489409216
5,2,246728.331404238,0.7195,2.831213,0.3656232136757077
5,2,246733.33140502032,0.7195,2.83316,0.36662218300982663
5,2,246738.33140580263,0.7195,2.8347633,0.36762115358856334
5,2,246743.33140658494,0.7195,2.8364239,0.3686201278663312
5,2,246748.33140736725,0.7195,2.8387146,0.36961909207328836
5,2,246753.33140814956,0.7195,2.8405087,0.3706180540664098
5,2,246758.33140893187,0.7195,2.8427994,0.3716170223168368
5,2,246763.33140971418,0.7195,2.844937,0.3726159882074563
5,2,246768.3314104965,0.7195,2.847075,0.3736149576437342
5,2,246773.3314112788,0.7195,2.8491175,0.3746139282392728
5,2,246778.33141206112,0.7195,2.8508735,0.37561289742249593
5,2,246783.33141284343,0.7195,2.852935,0.37661186350908554
5,2,246788.33141362574,0.7195,2.8554928,0.3776108307620586
5,2,246793.33141440805,0.7195,2.8577452,0.37860979911899906
5,2,246798.33141519036,0.7195,2.860055,0.3796087664329145
5,2,246803.33141597267,0.7195,2.8624218,0.3806077340425585
5,2,246808.33141675498,0.7195,2.8647316,0.3816067027241887
5,2,246813.3314175373,0.7195,2.867022,0.38260567132893214
5,2,246818.3314183196,0.7195,2.8695226,0.38360463692307484
5,2,246823.33141910168,0.7195,2.8717558,0.38460360209224304
5,2,246828.331419884,0.7195,2.8745046,0.3856025753683085
5,2,246833.3314206663,0.7195,2.877005,0.3866015458776025
5,2,246838.33142144862,0.7195,2.879792,0.38760051902822334
5,2,246843.33142223093,0.7195,2.8825214,0.38859948708674985
5,2,246848.33142301324,0.7195,2.8853464,0.389598461332106
5,2,246853.33142379555,0.7195,2.8882098,0.390597432668484
5,2,246858.33142457786,0.7195,2.8911302,0.39159640211286156
5,2,246863.33142536017,0.7195,2.8937833,0.39259536999227945
5,2,246868.33142614248,0.7195,2.8965702,0.39359433694628887
5,2,246873.3314269248,0.7195,2.8996053,0.3945933003632262
5,2,246878.3314277071,0.7195,2.9025257,0.395592269359251
5,2,246883.33142848941,0.7195,2.9059806,0.39659123752173797
5,2,246888.33142927173,0.7195,2.9090538,0.39759020546026047
5,2,246893.33143005404,0.7195,2.9125278,0.39858917152563417
5,2,246898.33143083635,0.7195,2.9158683,0.3995881420094836
5,2,246903.33143161866,0.7195,2.9189606,0.4005871113056476
5,2,246908.33143240097,0.7195,2.9219,0.401586077009135
5,2,246913.33143318328,0.7195,2.9252214,0.4025850456123652
5,2,246918.3314339656,0.7195,2.9287717,0.4035840139565503
5,2,246923.3314347479,0.7195,2.9322457,0.40458298411279936
5,2,246928.3314355302,0.7195,2.9359488,0.4055819561668603
5,2,246933.33143631252,0.7195,2.9398046,0.4065809301280116
5,2,246938.33143709484,0.7195,2.9436605,0.40757990472787636
5,2,246943.33143787715,0.7195,2.9475734,0.4085788770927822
5,2,246948.33143865946,0.7195,2.9513528,0.4095778474058842
5,2,246953.33143944177,0.7195,2.9556096,0.4105768171833325
5,2,246958.33144022408,0.7195,2.9595606,0.41157579178027665
5,2,246963.3314410064,0.7195,2.9638746,0.41257476322926767
5,2,246968.3314417887,0.7195,2.967673,0.4135737394747074
5,2,246973.331442571,0.7195,2.971796,0.4145727083028259
5,2,246978.33144335332,0.7195,2.97611,0.4155716758744321
5,2,246983.33144413563,0.7195,2.9803667,0.41657064224503454
5,2,246988.33144491795,0.7195,2.9843178,0.41756960936871185
5,2,246993.33144570026,0.7195,2.9883835,0.41856857885792537
5,2,246998.33144648257,0.7195,2.9928885,0.4195675474623642
5,2,247003.33144726488,0.7195,2.9968014,0.42056651645903137
5,2,247006.7760478058,0.7195,3.0001419,0.42125472553076027
5,2,247006.77624780592,0.7195,3.0000463,0.42125476549028035
