cycle_number,half_cycle,time_s,current_mA,voltage_V,capacity_mAh
0,0,249095.72457464458,0.0,2.7405114,0.0
0,0,249096.72457480105,0.0,2.5386891,0.0
0,0,249097.7245749575,0.0,2.4786382,0.0
0,0,249098.72457511397,0.0,2.4423902,0.0
0,0,249099.72457527043,0.0,2.4169457,0.0
0,0,249100.7245754269,0.0,2.3972852,0.0
0,0,249101.72457558336,0.0,2.381404,0.0
0,0,249102.72457573982,0.0,2.3685005,0.0
0,0,249103.72457589628,0.0,2.3574677,0.0
0,0,249104.72457605274,0.0,2.3480573,0.0
1,1,249105.6763762012,-0.7195,2.3401737,0.0
1,1,249105.67677620146,-0.7195,2.2714403,-7.96783533361223e-08
1,1,249110.67677698378,-0.7195,2.0635886,-0.0009996555574436983
1,1,249115.6767777661,-0.7195,1.9898897,-0.0019992415323224332
1,1,249120.6767785484,-0.7195,1.9153128,-0.0029988299726148443
1,1,249125.6767793307,-0.7195,1.8481612,-0.003998420495039887
1,1,249130.67678011302,-0.7195,1.7921952,-0.0049980105090638
1,1,249135.67678089533,-0.7195,1.7468802,-0.005997602551241715
1,1,249140.67678167764,-0.7195,1.709525,-0.006997190351035859
1,1,249145.67678245995,-0.7195,1.6791178,-0.007996780961698955
1,1,249150.67678324226,-0.7195,1.6547805,-0.008996371486852565
1,1,249155.67678402457,-0.7195,1.6349291,-0.009995960835966797
1,1,249160.67678480688,-0.7195,1.6187042,-0.010995551088995402
1,1,249165.6767855892,-0.7195,1.605209,-0.011995144186837805
1,1,249170.6767863715,-0.7195,1.593928,-0.012994734000298712
1,1,249175.67678715382,-0.7195,1.5840595,-0.013994326278954744
1,1,249180.67678793613,-0.7195,1.5756607,-0.014993914840128686
1,1,249185.67678871844,-0.7195,1.5682164,-0.015993503438548908
1,1,249190.67678950075,-0.7195,1.561612,-0.016993093136794035
1,1,249195.67679028306,-0.7195,1.5553702,-0.017992683896349535
1,1,249200.67679106537,-0.7195,1.5498347,-0.018992273030953275
1,1,249205.67679184768,-0.7195,1.5446619,-0.019991861372096673
1,1,249210.67679263,-0.7195,1.5401762,-0.020991449329455694
1,1,249215.6767934123,-0.7195,1.5357095,-0.021991038265387217
1,1,249220.67679419462,-0.7195,1.5315865,-0.022990625006036627
1,1,249225.67679497693,-0.7195,1.5276544,-0.023990210768835413
1,1,249230.67679575924,-0.7195,1.5240277,-0.02498979562755426
1,1,249235.67679654155,-0.7195,1.5205919,-0.025989382532076707
1,1,249240.67679732386,-0.7195,1.5171942,-0.02698896969968412
1,1,249245.67679810617,-0.7195,1.5141973,-0.027988559916449923
1,1,249250.67679888848,-0.7195,1.5112768,-0.028988150691270833
1,1,249255.6767996708,-0.7195,1.5085664,-0.029987740188982755
1,1,249260.6768004531,-0.7195,1.505455,-0.030987334394852323
1,1,249265.67680123542,-0.7195,1.5027636,-0.03198692585658365
1,1,249270.67680201773,-0.7195,1.500454,-0.03298651623756356
1,1,249275.67680280004,-0.7195,1.4977053,-0.03398611048499081
1,1,249280.67680358235,-0.7195,1.4950902,-0.03498570272139708
1,1,249285.67680436466,-0.7195,1.4928188,-0.035985292374965214
1,1,249290.67680514697,-0.7195,1.4906619,-0.03698488198828697
1,1,249295.67680592928,-0.7195,1.4884286,-0.037984470168418355
1,1,249300.6768067116,-0.7195,1.4860808,-0.038984061087820265
1,1,249305.6768074939,-0.7195,1.4840384,-0.03998365438493424
1,1,249310.6768082762,-0.7195,1.4819005,-0.04098324572552906
1,1,249315.67680905852,-0.7195,1.4797816,-0.04198283518323302
1,1,249320.67680984084,-0.7195,1.4777584,-0.04298242822105355
1,1,249325.67681062315,-0.7195,1.4757923,-0.04398201991333895
1,1,249330.67681140546,-0.7195,1.4739981,-0.04498161014569799
1,1,249335.67681218777,-0.7195,1.4721274,-0.045981202494002046
1,1,249340.67681297008,-0.7195,1.4701804,-0.04698079602897829
1,1,249345.6768137524,-0.7195,1.4685961,-0.047980387924869854
1,1,249350.6768145347,-0.7195,1.4667064,-0.04897997813676463
1,1,249355.676815317,-0.7195,1.4649885,-0.049979571762462455
1,1,249360.67681609932,-0.7195,1.4634233,-0.050979164972282116
1,1,249365.67681688163,-0.7195,1.461629,-0.05197875876419743
1,1,249370.67681766395,-0.7195,1.4599302,-0.052978347529129846
1,1,249375.67681844626,-0.7195,1.4584986,-0.053977937939061055
1,1,249380.67681922857,-0.7195,1.4567807,-0.054977529533873
1,1,249385.67682001088,-0.7195,1.4552155,-0.055977125767783985
1,1,249390.6768207932,-0.7195,1.4535929,-0.05697671980111797
1,1,249395.6768215755,-0.7195,1.4520086,-0.057976308604707316
1,1,249400.6768223578,-0.7195,1.4509206,-0.0589758992004262
1,1,249405.67682314012,-0.7195,1.4492408,-0.059975490765810005
1,1,249410.67682392243,-0.7195,1.4479047,-0.0609750797621409
1,1,249415.67682470474,-0.7195,1.446454,-0.061974668847994664
1,1,249420.67682548705,-0.7195,1.4454232,-0.06297425824448796
1,1,249425.67682626937,-0.7195,1.4439535,-0.06397384801559977
1,1,249430.67682705168,-0.7195,1.4428273,-0.0649734356188211
1,1,249435.676827834,-0.7195,1.4413766,-0.06597302588828072
1,1,249440.6768286163,-0.7195,1.4399068,-0.066972617461433
1,1,249445.6768293986,-0.7195,1.4388379,-0.06797220995662609
1,1,249450.67683018092,-0.7195,1.4375399,-0.06897180204658707
1,1,249455.67683096323,-0.7195,1.4363755,-0.06997139188292623
1,1,249460.67683174554,-0.7195,1.4354594,-0.07097097926478585
1,1,249465.67683252785,-0.7195,1.4341422,-0.07197056502593889
1,1,249470.67683331016,-0.7195,1.4333405,-0.07297015667918988
1,1,249475.67683409248,-0.7195,1.4320807,-0.07396975105351541
1,1,249480.6768348748,-0.7195,1.4309927,-0.07496934641930461
1,1,249485.6768356571,-0.7195,1.4297901,-0.07596894312343663
1,1,249490.6768364394,-0.7195,1.4289503,-0.0769685370094743
1,1,249495.67683722172,-0.7195,1.4278241,-0.07796812939372989
1,1,249500.67683800403,-0.7195,1.4267743,-0.07896771949109103
1,1,249505.67683878634,-0.7195,1.4259344,-0.07996730921529067
1,1,249510.67683956865,-0.7195,1.4251136,-0.0809668961789906
1,1,249515.67684035096,-0.7195,1.4240638,-0.08196647972650992
1,1,249520.67684113327,-0.7195,1.4233003,-0.08296606342659725
1,1,249525.67684191559,-0.7195,1.4224222,-0.08396564909626046
1,1,249530.6768426979,-0.7195,1.4213915,-0.0849652371955514
1,1,249535.6768434802,-0.7195,1.4204562,-0.08596482377258605
1,1,249540.67684426252,-0.7195,1.4195971,-0.08696440842873851
1,1,249545.67684504483,-0.7195,1.4188145,-0.08796399386876158
1,1,249550.67684582714,-0.7195,1.4181083,-0.08896358117967842
1,1,249555.67684660945,-0.7195,1.4171157,-0.08996316794994472
1,1,249560.67684739176,-0.7195,1.4164667,-0.09096275412963825
1,1,249565.67684817407,-0.7195,1.4154932,-0.09196234120031195
1,1,249570.67684895638,-0.7195,1.414787,-0.0929619270565377
1,1,249575.6768497387,-0.7195,1.4138517,-0.09396151128339765
1,1,249580.676850521,-0.7195,1.4132409,-0.09496109792454373
1,1,249585.67685130332,-0.7195,1.4123819,-0.09596068433276479
1,1,249590.67685208563,-0.7195,1.4116757,-0.0969602700322204
1,1,249595.67685286794,-0.7195,1.4107404,-0.09795985724950497
1,1,249600.67685365025,-0.7195,1.4099387,-0.09895944293638731
1,1,249605.67685443256,-0.7195,1.4093279,-0.09995902660334109
1,1,249610.67685521487,-0.7195,1.408507,-0.10095861200889282
1,1,249615.67685599718,-0.7195,1.4077626,-0.10195820182887712
1,1,249620.6768567795,-0.7195,1.406961,-0.10295779012760518
1,1,249625.6768575618,-0.7195,1.4062737,-0.10395738010438613
1,1,249630.67685834412,-0.7195,1.4055485,-0.10495696981460848
1,1,249635.67685912643,-0.7195,1.4048612,-0.10595655891097583
1,1,249640.67685990874,-0.7195,1.4037923,-0.10695614669084877
1,1,249645.67686069105,-0.7195,1.4031433,-0.10795573167703545
1,1,249650.67686147336,-0.7195,1.4025325,-0.10895531760679679
1,1,249655.67686225567,-0.7195,1.4018835,-0.10995490154643188
1,1,249660.67686303752,-0.7195,1.4011009,-0.1109544885361691
1,1,249665.67686381983,-0.7195,1.4004519,-0.11195407263101469
1,1,249670.67686460214,-0.7195,1.399593,-0.1129536562923557
1,1,249675.67686538445,-0.7195,1.3987721,-0.1139532426292035
1,1,249680.67686616676,-0.7195,1.3981231,-0.11495282726705734
1,1,249685.67686694907,-0.7195,1.3974551,-0.11595241317016877
1,1,249690.67686773138,-0.7195,1.3968633,-0.11695199656184843
1,1,249695.6768685137,-0.7195,1.3962144,-0.11795158068131073
1,1,249700.676869296,-0.7195,1.3954318,-0.11895116464655926
1,1,249705.6768700783,-0.7195,1.394401,-0.11995074951160613
1,1,249710.67687086063,-0.7195,1.3937329,-0.12095033126477066
1,1,249715.67687164294,-0.7195,1.3932366,-0.1219499119635224
1,1,249720.67687242525,-0.7195,1.3925112,-0.12294949678639568
1,1,249725.67687320756,-0.7195,1.3916142,-0.12394908334879408
1,1,249730.67687398987,-0.7195,1.3908507,-0.12494866919027431
1,1,249735.67687477218,-0.7195,1.3900299,-0.12594825479527974
1,1,249740.6768755545,-0.7195,1.3891327,-0.1269478407008217
1,1,249745.6768763368,-0.7195,1.3884264,-0.1279474225678609
1,1,249750.6768771191,-0.7195,1.3878156,-0.12894700319466654
1,1,249755.67687790142,-0.7195,1.3868995,-0.12994658387882838
1,1,249760.67687868373,-0.7195,1.3861169,-0.1309461640796065
1,1,249765.67687946605,-0.7195,1.3853343,-0.13194574486858973
1,1,249770.67688024836,-0.7195,1.3845898,-0.13294532677007379
1,1,249775.67688103067,-0.7195,1.3838263,-0.13394490862233766
1,1,249780.67688181298,-0.7195,1.3828528,-0.13494448924948105
1,1,249785.6768825953,-0.7195,1.3819366,-0.1359440694479677
1,1,249790.6768833776,-0.7195,1.3812302,-0.13694365024554062
1,1,249795.6768841599,-0.7195,1.3802186,-0.13794323150620522
1,1,249800.67688494222,-0.7195,1.3795887,-0.13894282084527607
1,1,249805.67688572453,-0.7195,1.3786725,-0.13994240660938614
1,1,249810.67688650684,-0.7195,1.3777753,-0.14094199088651266
1,1,249815.67688728916,-0.7195,1.377031,-0.14194157354912817
1,1,249820.67688807147,-0.7195,1.3761338,-0.142941157198386
1,1,249825.67688885378,-0.7195,1.3753893,-0.14394074057955536
1,1,249830.6768896361,-0.7195,1.3743204,-0.144940319279217
1,1,249835.6768904184,-0.7195,1.3733851,-0.14593990568048087
1,1,249840.6768912007,-0.7195,1.3723544,-0.1469394903506073
1,1,249845.67689198302,-0.7195,1.3713427,-0.14793907258356603
1,1,249850.67689276533,-0.7195,1.3703883,-0.14893865436489045
1,1,249855.67689354764,-0.7195,1.3696438,-0.14993823670677336
1,1,249860.67689432995,-0.7195,1.3687658,-0.15093781990044972
1,1,249865.67689511226,-0.7195,1.3676205,-0.15193739901789022
1,1,249870.67689589458,-0.7195,1.3666089,-0.15293698538845107
1,1,249875.6768966769,-0.7195,1.3656354,-0.15393657213012038
1,1,249880.6768974592,-0.7195,1.3648337,-0.15493615444759187
1,1,249885.6768982415,-0.7195,1.3639938,-0.15593573653623452
1,1,249890.67689902382,-0.7195,1.3629631,-0.1569353184705541
1,1,249895.67689980613,-0.7195,1.3621231,-0.15793489693447937
1,1,249900.67690058844,-0.7195,1.3611306,-0.1589344756574166
1,1,249905.67690137075,-0.7195,1.360138,-0.15993405403893182
1,1,249910.67690215306,-0.7195,1.3589164,-0.16093363282833817
1,1,249915.67690293537,-0.7195,1.3575611,-0.16193321781318043
1,1,249920.6769037177,-0.7195,1.3569503,-0.16293280534587293
1,1,249925.6769045,-0.7195,1.3556714,-0.16393239640363047
1,1,249930.6769052823,-0.7195,1.3546025,-0.16493198601425677
1,1,249935.67690606462,-0.7195,1.3536099,-0.16593157058092278
1,1,249940.67690684693,-0.7195,1.3523501,-0.1669311581109132
1,1,249945.67690762924,-0.7195,1.3513767,-0.16793074870003252
1,1,249950.67690841155,-0.7195,1.3502122,-0.1689303393966422
1,1,249955.67690919386,-0.7195,1.3493533,-0.16992992798957549
1,1,249960.67690997617,-0.7195,1.3482271,-0.1709295199907454
1,1,249965.67691075848,-0.7195,1.3470055,-0.1719291081068614
1,1,249970.6769115408,-0.7195,1.3458984,-0.17292869503290445
1,1,249975.6769123231,-0.7195,1.3444668,-0.17392828485699816
1,1,249980.67691310542,-0.7195,1.3432833,-0.1749278762113749
1,1,249985.67691388773,-0.7195,1.3420616,-0.17592746889575975
1,1,249990.67691467004,-0.7195,1.3408592,-0.17692706226144225
1,1,249995.67691545235,-0.7195,1.3395611,-0.17792665368599353
1,1,250000.67691623466,-0.7195,1.3383968,-0.17892624192159698
1,1,250005.67691701697,-0.7195,1.3369461,-0.1799258326910005
1,1,250010.67691779928,-0.7195,1.3355336,-0.18092542578763424
1,1,250015.6769185816,-0.7195,1.3341402,-0.1819250165812902
1,1,250020.6769193639,-0.7195,1.3329376,-0.1829246077361106
1,1,250025.67692014622,-0.7195,1.3316396,-0.18392419729402323
1,1,250030.67692092853,-0.7195,1.3303034,-0.18492378668868203
1,1,250035.67692171084,-0.7195,1.3286619,-0.18592337771001782
1,1,250040.67692249315,-0.7195,1.3276693,-0.18692296841716427
1,1,250045.67692327546,-0.7195,1.3262568,-0.18792255968492552
1,1,250050.67692405777,-0.7195,1.3250734,-0.18892215149535063
1,1,250055.67692484008,-0.7195,1.323699,-0.18992174380617
1,1,250060.6769256224,-0.7195,1.3221529,-0.19092133766520344
1,1,250065.6769264047,-0.7195,1.3204732,-0.1919209335078596
1,1,250070.676927187,-0.7195,1.3189843,-0.19292052561395356
1,1,250075.67692796933,-0.7195,1.3176099,-0.1939201192475159
1,1,250080.67692875164,-0.7195,1.3162738,-0.19491971285656415
1,1,250085.67692953395,-0.7195,1.3145177,-0.19591930496071433
1,1,250090.67693031626,-0.7195,1.3128952,-0.19691889771610488
1,1,250095.67693109857,-0.7195,1.3114827,-0.19791848862430775
1,1,250100.67693188088,-0.7195,1.3100892,-0.19891808207679448
1,1,250105.6769326632,-0.7195,1.3083904,-0.19991767859377454
1,1,250110.6769334455,-0.7195,1.3068634,-0.20091727637169088
1,1,250115.6769342278,-0.7195,1.3050691,-0.20191686805272094
1,1,250120.67693501012,-0.7195,1.3030457,-0.20291645941912126
1,1,250125.67693579243,-0.7195,1.3015951,-0.20391604900286256
1,1,250130.67693657475,-0.7195,1.3001826,-0.20491563880172695
1,1,250135.67693735706,-0.7195,1.2981402,-0.20591523123961677
1,1,250140.67693813937,-0.7195,1.2967086,-0.2069148236076831
1,1,250145.67693892168,-0.7195,1.2951243,-0.20791441453046922
1,1,250150.676939704,-0.7195,1.2932537,-0.20891400718886644
1,1,250155.6769404863,-0.7195,1.2916503,-0.20991360217138452
1,1,250160.6769412686,-0.7195,1.2899896,-0.21091319958400054
1,1,250165.67694205092,-0.7195,1.2884244,-0.21191279531129853
1,1,250170.67694283323,-0.7195,1.2864583,-0.21291239014918265
1,1,250175.67694361554,-0.7195,1.2847213,-0.2139119869499272
1,1,250180.67694439786,-0.7195,1.2830224,-0.21491158424843013
1,1,250185.67694518017,-0.7195,1.281171,-0.2159111816758877
1,1,250190.67694596248,-0.7195,1.2795293,-0.21691077653213664
1,1,250195.6769467448,-0.7195,1.2778687,-0.21791036823877352
1,1,250200.6769475271,-0.7195,1.2760935,-0.21890995934362867
1,1,250205.6769483094,-0.7195,1.2745473,-0.2199095480921665
1,1,250210.67694909172,-0.7195,1.2726576,-0.22090913813061838
1,1,250215.67694987403,-0.7195,1.2713025,-0.2219087270837028
1,1,250220.67695065634,-0.7195,1.269489,-0.22290831664394992
1,1,250225.67695143865,-0.7195,1.2678475,-0.2239079077592458
1,1,250230.67695222097,-0.7195,1.2664541,-0.22490749629983958
1,1,250235.67695300328,-0.7195,1.2648315,-0.22590708891989447
1,1,250240.6769537856,-0.7195,1.2628846,-0.226906686074078
1,1,250245.6769545679,-0.7195,1.261663,-0.2279062796612977
1,1,250250.6769553502,-0.7195,1.2598305,-0.22890587539419854
1,1,250255.67695613252,-0.7195,1.2581317,-0.22990546964822536
1,1,250260.67695691483,-0.7195,1.2566237,-0.2309050649835036
1,1,250265.67695769714,-0.7195,1.2552685,-0.23190466049041675
1,1,250270.67695847945,-0.7195,1.253856,-0.23290425513467186
1,1,250275.67695926176,-0.7195,1.2522144,-0.23390385011661047
1,1,250280.67696004407,-0.7195,1.250821,-0.23490344466840885
1,1,250285.6769608264,-0.7195,1.2492558,-0.23590303930210732
1,1,250290.6769616087,-0.7195,1.2475569,-0.23690263408896323
1,1,250295.676962391,-0.7195,1.2461253,-0.23790222860632004
1,1,250300.67696317332,-0.7195,1.2450373,-0.23890182431690887
1,1,250305.67696395563,-0.7195,1.2433575,-0.23990142003852125
1,1,250310.67696473794,-0.7195,1.2421359,-0.2409010178039206
1,1,250315.67696552025,-0.7195,1.2408189,-0.24190061614349812
1,1,250320.67696630256,-0.7195,1.2390628,-0.24290021299361517
1,1,250325.67696708487,-0.7195,1.237822,-0.24389980856775573
1,1,250330.67696786718,-0.7195,1.2365813,-0.24489940466927487
1,1,250335.6769686495,-0.7195,1.2353787,-0.24589900292305814
1,1,250340.6769694318,-0.7195,1.2339281,-0.24689859997504618
1,1,250345.67697021412,-0.7195,1.2326874,-0.2478981991831561
1,1,250350.67697099643,-0.7195,1.2314085,-0.24889780115465654
1,1,250355.67697177874,-0.7195,1.2299769,-0.2498973988966412
1,1,250360.67697256105,-0.7195,1.2283926,-0.2508969986704257
1,1,250365.67697334336,-0.7195,1.2273809,-0.25189660090129906
1,1,250370.67697412567,-0.7195,1.2261593,-0.25289620043200917
1,1,250375.67697490798,-0.7195,1.2250904,-0.25389580201140377
1,1,250380.6769756903,-0.7195,1.2237542,-0.2548954022002187
1,1,250385.6769764726,-0.7195,1.2223607,-0.2558949997319116
1,1,250390.67697725492,-0.7195,1.2209864,-0.25689459671768883
1,1,250395.67697803723,-0.7195,1.2194213,-0.2578941924888989
1,1,250400.67697881954,-0.7195,1.2180086,-0.2588937864970168
1,1,250405.67697960185,-0.7195,1.2164817,-0.2598933804373642
1,1,250410.67698038416,-0.7195,1.2152028,-0.2608929763506154
1,1,250415.67698116647,-0.7195,1.2135803,-0.2618925712778866
1,1,250420.67698194878,-0.7195,1.2122059,-0.2628921704657641
1,1,250425.6769827311,-0.7195,1.2106789,-0.26389176932432257
1,1,250430.6769835134,-0.7195,1.2093236,-0.26489136750718956
1,1,250435.67698429571,-0.7195,1.2077775,-0.2658909652807316
1,1,250440.67698507803,-0.7195,1.2066323,-0.2668905600959394
1,1,250445.67698586034,-0.7195,1.2051624,-0.26789015500016017
1,1,250450.67698664265,-0.7195,1.2036736,-0.2688897504618996
1,1,250455.67698742496,-0.7195,1.2027955,-0.2698893421793249
1,1,250460.67698820727,-0.7195,1.2008104,-0.2708889342674779
1,1,250463.24858861056,-0.7195,1.1999896,-0.2714030450348722
1,1,250463.24878861057,-0.7195,1.1999133,-0.2714030850186878
1,2,250463.24958861055,0.7195,1.4046489,7.924253741900126e-08
1,2,250468.24958939292,0.7195,1.7166638,0.000999053874346945
1,2,250473.24959017523,0.7195,1.7921188,0.0019980273358490733
1,2,250478.24959095754,0.7195,1.8483902,0.0029969990477429495
1,2,250483.24959173985,0.7195,1.8949459,0.003995970979180601
1,2,250488.24959252216,0.7195,1.9361187,0.004994944810486502
1,2,250493.24959330447,0.7195,1.9729395,0.005993917278091112
1,2,250498.24959408678,0.7195,2.0059428,0.006992889483859141
1,2,250503.2495948691,0.7195,2.0366554,0.007991863817936843
1,2,250508.2495956514,0.7195,2.0648675,0.008990837829599778
1,2,250513.2495964337,0.7195,2.0907507,0.009989808079070515
1,2,250518.24959721602,0.7195,2.1148016,0.010988779037028551
1,2,250523.24959799834,0.7195,2.1370964,0.011987751656876669
1,2,250528.24959878065,0.7195,2.1574824,0.01298672586760587
1,2,250533.24959956296,0.7195,2.1763606,0.013985700080295402
1,2,250538.24960034527,0.7195,2.1938834,0.014984674845553105
1,2,250543.24960112758,0.7195,2.2102418,0.015983650862574576
1,2,250548.2496019099,0.7195,2.2253022,0.016982625442660517
1,2,250553.2496026922,0.7195,2.2392745,0.017981601066397297
1,2,250558.2496034745,0.7195,2.252159,0.01898057730009821
1,2,250563.24960425682,0.7195,2.2642417,0.01997955477376779
1,2,250568.24960503913,0.7195,2.275618,0.02097853166860673
1,2,250573.24960582145,0.7195,2.285983,0.02197750680810213
1,2,250578.24960660376,0.7195,2.2959278,0.02297647998575701
1,2,250583.24960738607,0.7195,2.3051856,0.023975456170045668
1,2,250588.24960816838,0.7195,2.314405,0.02497443359490898
1,2,250593.2496089507,0.7195,2.3223073,0.02597340905689531
1,2,250598.249609733,0.7195,2.3301718,0.026972385233326093
1,2,250603.2496105153,0.7195,2.3377116,0.027971360942737927
1,2,250608.24961129762,0.7195,2.344755,0.028970336041430636
1,2,250613.24961207993,0.7195,2.3514166,0.029969311377267046
1,2,250618.24961286224,0.7195,2.357754,0.030968286600930827
1,2,250623.24961364456,0.7195,2.3639002,0.03196726125633717
1,2,250628.24961442687,0.7195,2.3698366,0.03296623903133804
1,2,250633.24961520918,0.7195,2.3752193,0.033965216376324506
1,2,250638.2496159915,0.7195,2.3809075,0.03496419622331859
1,2,250643.2496167738,0.7195,2.386424,0.035963175952921325
1,2,250648.2496175561,0.7195,2.391578,0.036962153963281064
1,2,250653.24961833842,0.7195,2.3965025,0.03796113264154727
1,2,250658.24961912073,0.7195,2.4016182,0.03896011373781166
1,2,250663.24961990304,0.7195,2.406581,0.039959097251358974
1,2,250668.24962068535,0.7195,2.411334,0.04095807849751911
1,2,250673.24962146766,0.7195,2.4160104,0.0419570574276613
1,2,250678.24962224998,0.7195,2.4206297,0.042956034950041126
1,2,250683.2496230323,0.7195,2.4253826,0.04395501033907799
1,2,250688.2496238146,0.7195,2.4296203,0.044953984470559503
1,2,250693.2496245969,0.7195,2.4342015,0.04595295666599606
1,2,250698.24962537922,0.7195,2.4387252,0.0469519285958873
1,2,250703.24962616153,0.7195,2.4429436,0.04795089936883252
1,2,250708.24962694384,0.7195,2.4472003,0.04894986931265395
1,2,250713.24962772615,0.7195,2.4515905,0.049948840527342435
1,2,250718.24962850846,0.7195,2.4559999,0.050947812304115964
1,2,250723.24962929077,0.7195,2.46018,0.05194678145426181
1,2,250728.24963007309,0.7195,2.4642842,0.052945751285099325
1,2,250733.2496308554,0.7195,2.4684644,0.053944719184425144
1,2,250738.2496316377,0.7195,2.4726636,0.054943684991366336
1,2,250743.24963242002,0.7195,2.4768822,0.0559426540852156
1,2,250748.24963320233,0.7195,2.4811006,0.0569416242172983
1,2,250753.24963398464,0.7195,2.4850137,0.05794059531118473
1,2,250758.24963476695,0.7195,2.4891558,0.05893956671794256
1,2,250763.24963554926,0.7195,2.4931834,0.05993853517520759
1,2,250768.24963633157,0.7195,2.497192,0.060937504057950447
1,2,250773.24963711388,0.7195,2.5012767,0.06193647388683425
1,2,250778.2496378962,0.7195,2.505648,0.062935445585933
1,2,250783.2496386785,0.7195,2.5093126,0.06393441777465741
1,2,250788.24963946082,0.7195,2.5135121,0.06493338629303376
1,2,250793.24964024313,0.7195,2.5175588,0.06593235400615136
1,2,250798.24964102544,0.7195,2.5213573,0.06693132220191425
1,2,250803.24964180775,0.7195,2.525404,0.06793029143284757
1,2,250808.24964259006,0.7195,2.5291834,0.06892925895374019
1,2,250813.24964337237,0.7195,2.5332491,0.06992822934765948
1,2,250818.24964415468,0.7195,2.5375247,0.07092719947860307
1,2,250823.249644937,0.7195,2.541247,0.07192616972460349
1,2,250828.2496457193,0.7195,2.545122,0.07292513973938093
1,2,250833.24964650162,0.7195,2.549092,0.07392410908061928
1,2,250838.24964728404,0.7195,2.5527952,0.07492307972653044
1,2,250843.24964806635,0.7195,2.5565746,0.07592205126452115
1,2,250848.24964884866,0.7195,2.5608504,0.07692102143884698
1,2,250853.24964963098,0.7195,2.564706,0.07791999014424283
1,2,250858.2496504133,0.7195,2.5682948,0.07891896109175019
1,2,250863.2496511956,0.7195,2.5724177,0.07991793405043415
1,2,250868.2496519779,0.7195,2.5760443,0.08091690340625245
1,2,250873.24965276022,0.7195,2.5800147,0.08191587121613819
1,2,250878.24965354253,0.7195,2.5834696,0.08291483848264482
1,2,250883.24965432484,0.7195,2.5873253,0.08391380788451763
1,2,250888.24965510715,0.7195,2.5908568,0.08491277575897507
1,2,250893.24965588946,0.7195,2.5944834,0.08591174076646566
1,2,250898.24965667177,0.7195,2.5979955,0.08691071044030123
1,2,250903.2496574541,0.7195,2.6018896,0.087909681297491
1,2,250908.2496582364,0.7195,2.6050963,0.08890865287128422
1,2,250913.2496590187,0.7195,2.6085322,0.08990762298543255
1,2,250918.24965980102,0.7195,2.61193,0.09090659393196636
1,2,250923.24966058333,0.7195,2.615251,0.09190556536122825
1,2,250928.24966136564,0.7195,2.6188207,0.09290453860658075
1,2,250933.24966214795,0.7195,2.621894,0.09390350803765322
1,2,250938.24966293026,0.7195,2.6250052,0.0949024766131275
1,2,250943.24966371257,0.7195,2.6280591,0.09590144563483197
1,2,250948.24966449488,0.7195,2.630846,0.09690041763764287
1,2,250953.2496652772,0.7195,2.6334612,0.09789938620014653
1,2,250958.2496660595,0.7195,2.6361525,0.09889835788578125
1,2,250963.24966684182,0.7195,2.6390347,0.09989733234990966
1,2,250968.24966762413,0.7195,2.6415734,0.10089630575101904
1,2,250973.24966840644,0.7195,2.644055,0.10189527849872575
1,2,250978.24966918875,0.7195,2.64625,0.10289425425515902
1,2,250983.24966997106,0.7195,2.6484833,0.1038932313530445
1,2,250988.24967075337,0.7195,2.650793,0.10489220482158329
1,2,250993.24967153568,0.7195,2.6529882,0.10589117904388903
1,2,250998.249672318,0.7195,2.6546297,0.1068901530879206
1,2,251003.2496731003,0.7195,2.6565576,0.10788912753817438
1,2,251008.24967388262,0.7195,2.6583328,0.10888810106551315
1,2,251013.24967466493,0.7195,2.6599553,0.10988707107381687
1,2,251018.24967544724,0.7195,2.6615014,0.1108860406962037
1,2,251023.24967622955,0.7195,2.6629903,0.11188500858393972
1,2,251028.24967701186,0.7195,2.6644218,0.11288397752320765
1,2,251033.24967779417,0.7195,2.6656816,0.11388294789823888
1,2,251038.24967857648,0.7195,2.6669605,0.11488191873827244
1,2,251043.2496793588,0.7195,2.6679723,0.11588088761329318
1,2,251048.2496801411,0.7195,2.6690602,0.11687985707085992
1,2,251053.2496809234,0.7195,2.6700528,0.11787883124344546
1,2,251058.24968170573,0.7195,2.670988,0.11887780197152825
1,2,251063.24968248804,0.7195,2.671637,0.11987677288195159
1,2,251068.24968327035,0.7195,2.672687,0.12087574493525424
1,2,251073.24968405266,0.7195,2.6736033,0.12187471299759876
1,2,251078.24968483497,0.7195,2.674424,0.12287368265664907
1,2,251083.24968561728,0.7195,2.6751876,0.12387265298120179
1,2,251088.2496863996,0.7195,2.6756837,0.12487162067801089
1,2,251093.2496871819,0.7195,2.6764092,0.12587058772131135
1,2,251098.2496879642,0.7195,2.6769435,0.12686955840324027
1,2,251103.24968874652,0.7195,2.6776116,0.1278685300065113
1,2,251108.24968952884,0.7195,2.6782415,0.1288675003260175
1,2,251113.24969031115,0.7195,2.6790242,0.12986647074108978
1,2,251118.24969109346,0.7195,2.6795206,0.13086544136879172
1,2,251123.24969187577,0.7195,2.6799405,0.13186440999553595
1,2,251128.24969265808,0.7195,2.6806467,0.13286338051944302
1,2,251133.2496934404,0.7195,2.681105,0.1338623502347038
1,2,251138.24969422247,0.7195,2.6814866,0.13486132087979374
1,2,251143.24969500478,0.7195,2.6819446,0.13586029186281884
1,2,251148.2496957871,0.7195,2.6823838,0.1368592641443841
1,2,251153.2496965694,0.7195,2.6827655,0.13785823751477058
1,2,251158.2496973517,0.7195,2.6831853,0.1388572059877282
1,2,251163.24969813402,0.7195,2.6836817,0.13985617623073845
1,2,251168.24969891633,0.7195,2.6842353,0.14085514977970046
1,2,251173.24969969864,0.7195,2.684598,0.1418541250333222
1,2,251178.24970048096,0.7195,2.685094,0.1428531021727819
1,2,251183.24970126327,0.7195,2.6854951,0.14385207961632795
1,2,251188.24970204558,0.7195,2.6861632,0.14485105314685226
1,2,251193.2497028279,0.7195,2.6862967,0.14585002827764537
1,2,251198.2497036102,0.7195,2.686564,0.14684900301093512
1,2,251203.2497043925,0.7195,2.686774,0.147847979502446
1,2,251208.24970517482,0.7195,2.6872702,0.14884695436257772
1,2,251213.24970595713,0.7195,2.6874802,0.14984592675726266
1,2,251218.24970673944,0.7195,2.6877475,0.15084489721703515
1,2,251223.24970752175,0.7195,2.6881292,0.15184386529230726
1,2,251228.24970830407,0.7195,2.6886256,0.1528428340734606
1,2,251233.24970908638,0.7195,2.688759,0.15384179996476224
1,2,251238.2497098687,0.7195,2.6891408,0.15484076690561557
1,2,251243.249710651,0.7195,2.6894653,0.15583973196521056
1,2,251248.2497114333,0.7195,2.6894844,0.1568386993628805
1,2,251253.24971221562,0.7195,2.6899045,0.15783766353310463
1,2,251258.24971299793,0.7195,2.689828,0.15883662827587774
1,2,251263.24971378024,0.7195,2.6901717,0.15983558968627437
1,2,251268.24971456255,0.7195,2.690267,0.1608345513793924
1,2,251273.24971534486,0.7195,2.6909351,0.16183351337874582
1,2,251278.24971612717,0.7195,2.690916,0.16283247482794838
1,2,251283.2497169095,0.7195,2.6909542,0.16383143778659884
1,2,251288.2497176918,0.7195,2.6914315,0.16483040119858236
1,2,251293.2497184741,0.7195,2.6914122,0.16582936598753914
1,2,251298.24971925642,0.7195,2.6916223,0.166828329153478
1,2,251303.24972003873,0.7195,2.6916032,0.16782729532276244
1,2,251308.24972082104,0.7195,2.691756,0.16882626311766755
1,2,251313.24972160335,0.7195,2.692023,0.1698252314235997
1,2,251318.24972238566,0.7195,2.692195,0.17082419748801642
1,2,251323.24972316797,0.7195,2.691985,0.17182316345344303
1,2,251328.24972395028,0.7195,2.6922903,0.17282212718187753
1,2,251333.2497247326,0.7195,2.6922712,0.17382109439636587
1,2,251338.2497255149,0.7195,2.6925194,0.17482006134866993
1,2,251343.24972629722,0.7195,2.6928058,0.17581902629617838
1,2,251348.24972707953,0.7195,2.6927867,0.17681799167237666
1,2,251353.24972786184,0.7195,2.693073,0.17781695796322147
1,2,251358.24972864415,0.7195,2.6932447,0.17881592548731617
1,2,251363.24972942646,0.7195,2.6934166,0.1798148936893475
1,2,251368.24973020877,0.7195,2.6934738,0.180813862657474
1,2,251373.24973099108,0.7195,2.6936266,0.18181283344935031
1,2,251378.2497317734,0.7195,2.6938174,0.18281179880975007
1,2,251383.2497325557,0.7195,2.69418,0.18381076382747277
1,2,251388.24973333802,0.7195,2.6940465,0.18480973012818547
1,2,251393.24973412033,0.7195,2.694352,0.18580869512755988
1,2,251398.24973490264,0.7195,2.694562,0.18680765899581364
1,2,251403.24973568495,0.7195,2.694581,0.18780662684216087
1,2,251408.24973646726,0.7195,2.6947336,0.18880559413405906
1,2,251413.24973724957,0.7195,2.6948864,0.18980455985432185
1,2,251418.24973803188,0.7195,2.695039,0.19080352718140003
1,2,251423.2497388142,0.7195,2.6953444,0.19180250234204183
1,2,251428.2497395965,0.7195,2.695459,0.1928014744760856
1,2,251433.24974037881,0.7195,2.6957452,0.19380044282511522
1,2,251438.24974116113,0.7195,2.6957834,0.1947994093888069
1,2,251443.24974194344,0.7195,2.6959743,0.19579837470741387
1,2,251448.24974272575,0.7195,2.6962035,0.19679733987586018
1,2,251453.24974350806,0.7195,2.6964517,0.1977963065593837
1,2,251458.24974429037,0.7195,2.6966043,0.19879527113256837
1,2,251463.24974507268,0.7195,2.6969287,0.19979423444670755
1,2,251468.249745855,0.7195,2.697005,0.20079319856983077
1,2,251473.2497466373,0.7195,2.6973486,0.20179216490563073
1,2,251478.2497474196,0.7195,2.697406,0.20279113134886806
1,2,251483.24974820192,0.7195,2.6976924,0.20379009275506257
1,2,251488.24974898424,0.7195,2.6979594,0.20478905669772943
1,2,251493.24974976655,0.7195,2.698074,0.20578802057370862
1,2,251498.24975054886,0.7195,2.6986084,0.20678698685838434
1,2,251503.24975133117,0.7195,2.6985512,0.2077859522639942
1,2,251508.24975211348,0.7195,2.6991239,0.20878491907206825
1,2,251513.2497528958,0.7195,2.6992767,0.20978389120672794
1,2,251518.2497536781,0.7195,2.6994865,0.21078285730310267
1,2,251523.2497544604,0.7195,2.6998875,0.2117818237805862
1,2,251528.24975524272,0.7195,2.7001355,0.21278079008049422
1,2,251533.24975602503,0.7195,2.7003264,0.21377975570911487
1,2,251538.24975680734,0.7195,2.700651,0.21477871822144243
1,2,251543.24975758966,0.7195,2.7010136,0.21577768217943097
1,2,251548.24975837197,0.7195,2.701109,0.21677664599531543
1,2,251553.24975915428,0.7195,2.7012236,0.2177756100275846
1,2,251558.2497599366,0.7195,2.7017007,0.21877457856352114
1,2,251563.2497607189,0.7195,2.7021208,0.21977354469685406
1,2,251568.2497615012,0.7195,2.7026742,0.22077250450633615
1,2,251573.24976228352,0.7195,2.702827,0.22177146608366882
1,2,251578.24976306583,0.7195,2.7029414,0.22277042908016823
1,2,251583.24976384814,0.7195,2.703304,0.22376939215557093
1,2,251588.24976463045,0.7195,2.7034378,0.22476835483310934
1,2,251593.24976541277,0.7195,2.7041059,0.22576732007274677
1,2,251598.24976619508,0.7195,2.7042394,0.22676628655119058
1,2,251603.2497669774,0.7195,2.7046976,0.22776525246665857
1,2,251608.2497677597,0.7195,2.7049649,0.22876422101149607
1,2,251613.249768542,0.7195,2.7053084,0.2297631885463991
1,2,251618.24976932432,0.7195,2.7056901,0.23076215897669378
1,2,251623.24977010663,0.7195,2.7060719,0.2317611270797814
1,2,251628.24977088894,0.7195,2.7062628,0.23276009511085335
1,2,251633.24977167125,0.7195,2.7066255,0.23375906388529458
1,2,251638.24977245356,0.7195,2.7068737,0.23475803185493732
1,2,251643.24977323588,0.7195,2.7074273,0.23575700023018306
1,2,251648.2497740182,0.7195,2.7078853,0.2367559678511883
1,2,251653.2497748005,0.7195,2.7086105,0.2377549313309986
1,2,251658.2497755828,0.7195,2.7088206,0.23875390027315072
1,2,251663.24977636512,0.7195,2.709355,0.2397528741245235
1,2,251668.24977714743,0.7195,2.7094696,0.24075184641586062
1,2,251673.24977792974,0.7195,2.7100422,0.24175081540478252
1,2,251678.24977871205,0.7195,2.7105193,0.24274978577904882
1,2,251683.24977949436,0.7195,2.7107103,0.2437487562379736
1,2,251688.24978027667,0.7195,2.7111685,0.2447477282909981
1,2,251693.24978105898,0.7195,2.7116838,0.24574669904088628
1,2,251698.2497818413,0.7195,2.7121801,0.24674567254477392
1,2,251703.2497826236,0.7195,2.7126381,0.24774464689153747
1,2,251708.24978340592,0.7195,2.7131155,0.24874361798556296
1,2,251713.24978418823,0.7195,2.7135735,0.2497425924872688
1,2,251718.24978497054,0.7195,2.7139742,0.2507415676125386
1,2,251723.24978575285,0.7195,2.7143562,0.25174053989105405
1,2,251728.24978653516,0.7195,2.714986,0.2527395090818569
1,2,251733.24978731747,0.7195,2.7154632,0.25373848046540864
1,2,251738.24978809932,0.7195,2.7156732,0.2547374534896511
1,2,251743.24978888163,0.7195,2.716303,0.25573642657758444
1,2,251748.24978966394,0.7195,2.7168186,0.2567353954172199
1,2,251753.24979044625,0.7195,2.7174292,0.2577343684463599
1,2,251758.24979122856,0.7195,2.7178302,0.25873333920964253
1,2,251763.24979201087,0.7195,2.71825,0.25973230598243063
1,2,251768.24979279318,0.7195,2.7185936,0.2607312751421232
1,2,251773.2497935755,0.7195,2.7191472,0.26173024338191075
1,2,251778.2497943578,0.7195,2.7197962,0.26272920925835097
1,2,251783.24979514012,0.7195,2.720216,0.26372817522962877
1,2,251788.24979592243,0.7195,2.7208269,0.2647271432736945
1,2,251793.24979670474,0.7195,2.721228,0.2657261142891975
1,2,251798.24979748705,0.7195,2.7217622,0.2667250845942231
1,2,251803.24979826936,0.7195,2.7224495,0.2677240560326906
1,2,251808.24979905167,0.7195,2.7229457,0.26872301899870227
1,2,251813.24979983398,0.7195,2.7232702,0.269721988923778
1,2,251818.2498006163,0.7195,2.7240338,0.2707209563170339
1,2,251823.2498013986,0.7195,2.7244728,0.2717199227528703
1,2,251828.24980218092,0.7195,2.7249882,0.2727188889140949
1,2,251833.24980296323,0.7195,2.7256372,0.2737178614149357
1,2,251838.24980374554,0.7195,2.726038,0.2747168295397525
1,2,251843.24980452785,0.7195,2.7267632,0.27571579551145753
1,2,251848.24980531016,0.7195,2.7273169,0.2767147635496622
1,2,251853.24980609247,0.7195,2.7280803,0.27771372810056133
1,2,251858.24980687478,0.7195,2.7285957,0.27871269678877447
1,2,251863.2498076571,0.7195,2.7294357,0.27971166435803296
1,2,251868.2498084394,0.7195,2.7299702,0.28071063344321967
1,2,251873.2498092217,0.7195,2.730199,0.28170960208442797
1,2,251878.24981000402,0.7195,2.7311153,0.28270857288479134
1,2,251883.24981078634,0.7195,2.7319362,0.2837075410308804
1,2,251888.24981156865,0.7195,2.7326615,0.2847065139955878
1,2,251893.24981235096,0.7195,2.733196,0.28570548527621886
1,2,251898.24981313327,0.7195,2.733864,0.2867044555024802
1,2,251903.24981391558,0.7195,2.7345512,0.2877034305762416
1,2,251908.2498146979,0.7195,2.7354674,0.28870240291503724
1,2,251913.2498154802,0.7195,2.7361546,0.28970137383708017
1,2,251918.2498162625,0.7195,2.736479,0.29070034316489424
1,2,251923.24981704482,0.7195,2.7374525,0.29169931228651597
1,2,251928.24981782713,0.7195,2.7382543,0.2926982821277512
1,2,251933.24981860945,0.7195,2.7389414,0.2936972500088446
1,2,251938.24981939176,0.7195,2.739285,0.2946962196561462
1,2,251943.24982017407,0.7195,2.7403731,0.2956951902453667
1,2,251948.24982095638,0.7195,2.7412894,0.29669416264418425
1,2,251953.2498217387,0.7195,2.74232,0.2976931340149508
1,2,251958.249822521,0.7195,2.7428355,0.2986921016061272
1,2,251963.2498233033,0.7195,2.7434845,0.2996910716247955
1,2,251968.24982408562,0.7195,2.744286,0.30069003956462603
1,2,251973.24982486793,0.7195,2.7452404,0.30168900958276124
1,2,251978.24982565024,0.7195,2.7460232,0.3026879809882806
1,2,251983.24982643255,0.7195,2.7469394,0.3036869510808785
1,2,251988.24982721487,0.7195,2.747722,0.3046859201560947
1,2,251993.24982799718,0.7195,2.748791,0.3056848857708341
1,2,251998.2498287795,0.7195,2.7496498,0.30668385154484373
1,2,252003.2498295618,0.7195,2.7504897,0.3076828163944482
1,2,252008.2498303441,0.7195,2.7513678,0.308681783286386
1,2,252013.24983112642,0.7195,2.752265,0.3096807495406005
1,2,252018.24983190873,0.7195,2.7532957,0.3106797192214661
1,2,252023.24983269104,0.7195,2.7540975,0.31167869040469987
1,2,252028.24983347335,0.7195,2.755071,0.31267766081441767
1,2,252033.24983425566,0.7195,2.7560444,0.3136766316797103
1,2,252038.24983503798,0.7195,2.757075,0.3146755987430744
1,2,252043.2498358203,0.7195,2.7581058,0.3156745649927986
1,2,252048.2498366026,0.7195,2.7589839,0.3166735295689138
1,2,252053.2498373849,0.7195,2.7599573,0.3176724951079189
1,2,252058.24983816722,0.7195,2.7610645,0.3186714578787551
1,2,252063.24983894953,0.7195,2.7618852,0.31967042308233173
1,2,252068.24983973184,0.7195,2.7629352,0.32066939042824827
1,2,252073.24984051415,0.7195,2.7637367,0.32166836158445467
1,2,252078.24984129646,0.7195,2.7649202,0.3226673350554306
1,2,252083.24984207877,0.7195,2.7658365,0.3236663074307275
1,2,252088.24984286109,0.7195,2.7671535,0.32466527995193656
1,2,252093.2498436434,0.7195,2.7678597,0.3256642525634897
1,2,252098.2498444257,0.7195,2.7689097,0.3266632247921923
1,2,252103.24984520802,0.7195,2.7699785,0.3276621934616929
1,2,252108.24984599033,0.7195,2.7712193,0.3286611629367569
1,2,252113.24984677264,0.7195,2.7722309,0.3296601332722338
1,2,252118.24984755507,0.7195,2.77309,0.33065910567604156
1,2,252123.24984833738,0.7195,2.7742734,0.331658079837587
1,2,252128.2498491197,0.7195,2.7754378,0.3326570465077823
1,2,252133.249849902,0.7195,2.7766595,0.33365601412021106
1,2,252138.2498506843,0.7195,2.7781863,0.3346549822995761
1,2,252143.24985146662,0.7195,2.7790644,0.3356539532578123
1,2,252148.24985224893,0.7195,2.7804005,0.33665292069567565
1,2,252153.24985303124,0.7195,2.781775,0.33765188585348255
1,2,252158.24985381356,0.7195,2.782863,0.33865085243605236
1,2,252163.24985459587,0.7195,2.7842946,0.33964981954150725
1,2,252168.24985537818,0.7195,2.7852871,0.34064879524766734
1,2,252173.2498561605,0.7195,2.7864516,0.3416477686775922
1,2,252178.2498569428,0.7195,2.7880359,0.34264674080055946
1,2,252183.2498577251,0.7195,2.7892957,0.3436457087988853
1,2,252188.24985850742,0.7195,2.7908037,0.3446446758574677
1,2,252193.24985928973,0.7195,2.7921398,0.34564364283081883
1,2,252198.24986007204,0.7195,2.7933042,0.3466426105751593
1,2,252203.24986085435,0.7195,2.7950792,0.3476415805807875
1,2,252208.24986163666,0.7195,2.7961864,0.3486405511467655
1,2,252213.24986241898,0.7195,2.7974844,0.3496395193936692
1,2,252218.2498632013,0.7195,2.7988396,0.35063848798575004
1,2,252223.2498639836,0.7195,2.8006148,0.35163745727391044
1,2,252228.2498647659,0.7195,2.801989,0.35263642644900745
1,2,252233.24986554822,0.7195,2.8038788,0.3536353973699543
1,2,252238.24986633053,0.7195,2.8050623,0.35463436848571567
1,2,252243.24986711284,0.7195,2.8069139,0.3556333373241988
1,2,252248.24986789515,0.7195,2.8083837,0.35663230608538127
1,2,252253.24986867746,0.7195,2.810426,0.3576312784510917
1,2,252258.24986945977,0.7195,2.8117433,0.3586302522505058
1,2,252263.24987024209,0.7195,2.8133466,0.35962922469904024
1,2,252268.2498710244,0.7195,2.8145108,0.36062819634584253
1,2,252273.2498718067,0.7195,2.8164387,0.3616271682708429
1,2,252278.24987258902,0.7195,2.8180614,0.36262613921537334
1,2,252283.24987337133,0.7195,2.819913,0.3636251114643713
1,2,252288.24987415364,0.7195,2.8218026,0.36462408432995613
1,2,252293.24987493595,0.7195,2.8235776,0.365623055809829
1,2,252298.24987571826,0.7195,2.8257537,0.36662202202495275
1,2,252303.24987650057,0.7195,2.8270707,0.3676209895342688
1,2,252308.24987728288,0.7195,2.8293614,0.3686199573970272
1,2,252313.2498780652,0.7195,2.8311365,0.36961892560950255
1,2,252318.2498788475,0.7195,2.8332934,0.37061789135932593
1,2,252323.24987962982,0.7195,2.835374,0.3716168570964171
1,2,252328.24988041213,0.7195,2.8374739,0.37261582164076634
1,2,252333.24988119444,0.7195,2.8391917,0.3736147869911558
1,2,252338.24988197675,0.7195,2.8413486,0.3746137512776752
1,2,252343.24988275906,0.7195,2.8433912,0.3756127167226407
1,2,252348.24988354137,0.7195,2.845796,0.3766116815796461
1,2,252353.24988432368,0.7195,2.8480484,0.3776106479820178
1,2,252358.249885106,0.7195,2.8500338,0.37860961499280726
1,2,252363.2498858883,0.7195,2.8525534,0.379608583298193
1,2,252368.24988667062,0.7195,2.854863,0.3806075503932734
1,2,252373.24988745293,0.7195,2.8568864,0.38160651979329846
1,2,252378.24988823524,0.7195,2.859406,0.3826054876433346
1,2,252383.24988901755,0.7195,2.8619828,0.38360445670517285
1,2,252388.24988979986,0.7195,2.8642542,0.3846034253510336
1,2,252393.24989058217,0.7195,2.8667548,0.38560239438750676
1,2,252398.24989136448,0.7195,2.8691218,0.38660136554571983
1,2,252403.2498921468,0.7195,2.871584,0.3876003369828959
1,2,252408.2498929291,0.7195,2.8747144,0.38859930663102205
1,2,252413.2498937114,0.7195,2.877425,0.3895982739956015
1,2,252418.2498944935,0.7195,2.879811,0.3905972410033743
1,2,252423.2498952758,0.7195,2.8830178,0.3915962055517369
1,2,252428.2498960581,0.7195,2.8858237,0.3925951697789199
1,2,252433.24989684043,0.7195,2.8888779,0.3935941364603109
1,2,252438.24989762274,0.7195,2.8916264,0.39459310570431416
1,2,252443.24989840505,0.7195,2.8941653,0.3955920736771756
1,2,252448.24989918736,0.7195,2.8973148,0.39659104358437325
1,2,252453.24989996967,0.7195,2.9007316,0.39759000615837836
1,2,252458.24990075198,0.7195,2.9037282,0.39858897090429396
1,2,252463.2499015343,0.7195,2.9068015,0.3995879367879364
1,2,252468.2499023166,0.7195,2.909932,0.4005869041172365
1,2,252473.2499030989,0.7195,2.913425,0.4015858722860482
1,2,252478.24990388122,0.7195,2.9165554,0.40258484029117225
1,2,252483.24990466353,0.7195,2.9201822,0.40358380760461754
1,2,252488.24990544585,0.7195,2.9235797,0.4045827737309469
1,2,252493.24990622816,0.7195,2.927302,0.4055817398185465
1,2,252498.24990701047,0.7195,2.9311197,0.4065807096132603
1,2,252503.24990779278,0.7195,2.9342883,0.4075796778169109
1,2,252508.2499085751,0.7195,2.9382203,0.40857864648976927
1,2,252513.2499093574,0.7195,2.9419615,0.40957761517819435
1,2,252518.2499101397,0.7195,2.9458363,0.41057658432272415
1,2,252523.24991092202,0.7195,2.949635,0.4115755554524793
1,2,252528.24991170433,0.7195,2.9537961,0.41257452459446925
1,2,252533.24991248664,0.7195,2.9575565,0.41357349237603946
1,2,252538.24991326896,0.7195,2.961336,0.414572458973474
1,2,252543.24991405127,0.7195,2.9652488,0.4155714268830485
1,2,252548.24991483358,0.7195,2.9692001,0.41657039150589376
1,2,252553.2499156159,0.7195,2.9733613,0.4175693575875428
1,2,252558.2499163982,0.7195,2.977427,0.41856832497831853
1,2,252563.2499171805,0.7195,2.9816265,0.4195672951181266
1,2,252568.24991796282,0.7195,2.985654,0.42056626357425253
1,2,252573.24991874513,0.7195,2.989987,0.4215652327137258
1,2,252578.24991952744,0.7195,2.9942055,0.42256420013926754
1,2,252583.24992030975,0.7195,2.9985766,0.4235631666320661
1,2,252584.78972055065,0.7195,3.0000846,0.4238708078942729
1,2,252584.78992055077,0.7195,2.9999127,0.42387084785061074
2,1,252584.7907205508,-0.7195,2.8479383,-7.901104953553941e-08
2,1,252589.7907213336,-0.7195,2.3461292,-0.0009996686113145615
2,1,252594.7907221159,-0.7195,2.2195568,-0.0019992552738090355
2,1,252599.7907228982,-0.7195,2.1435864,-0.0029988411196006665
2,1,252604.79072368052,-0.7195,2.0976605,-0.003998426950590477
2,1,252609.79072446283,-0.7195,2.0631495,-0.004998014166086912
2,1,252614.79072524514,-0.7195,2.0308526,-0.00599759993244542
2,1,252619.79072602745,-0.7195,1.9984602,-0.006997184884683953
2,1,252624.79072680976,-0.7195,1.964999,-0.007996768890851073
2,1,252629.79072759207,-0.7195,1.930106,-0.008996353582349088
2,1,252634.79072837438,-0.7195,1.893457,-0.009995936296131875
2,1,252639.7907291567,-0.7195,1.855281,-0.010995518977532783
2,1,252644.790729939,-0.7195,1.8162079,-0.011995102421760558
2,1,252649.79073072132,-0.7195,1.7772874,-0.012994687661743824
2,1,252654.79073150363,-0.7195,1.7399703,-0.013994271698256332
2,1,252659.79073228594,-0.7195,1.7045239,-0.014993856012711922
2,1,252664.79073306825,-0.7195,1.6718261,-0.01599344108119938
2,1,252669.79073385056,-0.7195,1.6426024,-0.01699302155155606
2,1,252674.79073463287,-0.7195,1.6175971,-0.017992603306283553
2,1,252679.79073541518,-0.7195,1.5962377,-0.018992185075809558
2,1,252684.7907361975,-0.7195,1.5786958,-0.0199917677609192
2,1,252689.7907369798,-0.7195,1.5645516,-0.020991348647021586
2,1,252694.79073776212,-0.7195,1.553366,-0.021990928677088684
2,1,252699.79073854443,-0.7195,1.5443565,-0.022990506158441303
2,1,252704.79073932674,-0.7195,1.5370076,-0.023990084175146285
2,1,252709.79074010905,-0.7195,1.5307658,-0.024989662611832216
2,1,252714.79074089136,-0.7195,1.5260129,-0.025989240547455016
2,1,252719.79074167367,-0.7195,1.5216799,-0.026988819766938683
2,1,252724.79074245598,-0.7195,1.5183586,-0.027988397872053913
2,1,252729.7907432383,-0.7195,1.5153426,-0.028987978478607204
2,1,252734.7907440206,-0.7195,1.5129757,-0.02998755864391062
2,1,252739.79074480291,-0.7195,1.5104179,-0.030987140271008014
2,1,252744.79074558523,-0.7195,1.5083755,-0.03198672337368462
2,1,252749.79074636754,-0.7195,1.5068485,-0.032986306877291864
2,1,252754.79074714985,-0.7195,1.5051879,-0.033985889744563236
2,1,252759.79074793216,-0.7195,1.5042716,-0.03498547325892581
2,1,252764.79074871447,-0.7195,1.5028973,-0.035985056693381735
2,1,252769.79074949678,-0.7195,1.5018474,-0.036984640152408016
2,1,252774.7907502791,-0.7195,1.5009311,-0.03798422375340594
2,1,252779.7907510614,-0.7195,1.4999768,-0.03898380651477972
2,1,252784.7907518437,-0.7195,1.4991751,-0.039983390320883855
2,1,252789.79075262602,-0.7195,1.4982588,-0.04098297253839506
2,1,252794.79075340834,-0.7195,1.4977626,-0.041982557703882456
2,1,252799.79075419065,-0.7195,1.4970945,-0.04298214361657368
2,1,252804.79075497296,-0.7195,1.4966555,-0.04398172754977147
2,1,252809.79075575527,-0.7195,1.4960828,-0.0449813116441634
2,1,252814.79075653758,-0.7195,1.4954911,-0.04598089718592829
2,1,252819.7907573199,-0.7195,1.4951857,-0.046980482799785006
2,1,252824.7907581022,-0.7195,1.494594,-0.04798006679128607
2,1,252829.7907588845,-0.7195,1.4941931,-0.048979651052266364
2,1,252834.79075966682,-0.7195,1.4936968,-0.04997923689272338
2,1,252839.79076044913,-0.7195,1.4934487,-0.0509788225391739
2,1,252844.79076123144,-0.7195,1.4931242,-0.05197841027994289
2,1,252849.79076201376,-0.7195,1.4930478,-0.05297799813931188
2,1,252854.79076279607,-0.7195,1.4927043,-0.05397758519935609
2,1,252859.79076357838,-0.7195,1.4920744,-0.05497717123702169
2,1,252864.7907643607,-0.7195,1.4919598,-0.055976757667015
2,1,252869.790765143,-0.7195,1.491788,-0.056976343354453646
2,1,252874.7907659253,-0.7195,1.4914635,-0.05797593099346426
2,1,252879.79076670762,-0.7195,1.4914063,-0.05897551706746883
2,1,252884.79076748993,-0.7195,1.4911581,-0.059975104716496336
2,1,252889.79076827224,-0.7195,1.4909291,-0.06097469025372134
2,1,252894.79076905455,-0.7195,1.4907955,-0.06197427541479468
2,1,252899.79076983687,-0.7195,1.4907,-0.06297386216241783
2,1,252904.79077061918,-0.7195,1.4906809,-0.06397344863948226
2,1,252909.7907714015,-0.7195,1.4906046,-0.06497303531185455
2,1,252914.7907721838,-0.7195,1.4904137,-0.0659726224877437
2,1,252919.7907729661,-0.7195,1.4901656,-0.06697221092784406
2,1,252924.79077374842,-0.7195,1.4901083,-0.06797180042846668
2,1,252929.79077453073,-0.7195,1.4898793,-0.06897139160880779
2,1,252934.79077531304,-0.7195,1.4897075,-0.06997098288347325
2,1,252939.79077609535,-0.7195,1.4897075,-0.07097057355972795
2,1,252944.79077687766,-0.7195,1.489402,-0.07197016572350265
2,1,252949.79077765997,-0.7195,1.4893639,-0.0729697576382922
2,1,252954.7907784423,-0.7195,1.489192,-0.07396934845324027
2,1,252959.7907792246,-0.7195,1.4889439,-0.07496893644073606
2,1,252964.7907800069,-0.7195,1.4887148,-0.07596852195625173
2,1,252969.79078078922,-0.7195,1.4889249,-0.07696810888404317
2,1,252974.79078157153,-0.7195,1.4885813,-0.0779676962041325
2,1,252979.79078235384,-0.7195,1.4883903,-0.07896728390088678
2,1,252984.79078313615,-0.7195,1.488295,-0.07996687058007056
2,1,252989.79078391846,-0.7195,1.4883331,-0.08096645589448347
2,1,252994.79078470077,-0.7195,1.4881041,-0.08196604024921193
2,1,252999.79078548308,-0.7195,1.4880468,-0.08296562362619904
2,1,253004.7907862654,-0.7195,1.4880468,-0.08396520686435038
2,1,253009.7907870477,-0.7195,1.4880658,-0.08496479116920963
2,1,253014.79078783002,-0.7195,1.4877795,-0.0859643758055601
2,1,253019.79078861233,-0.7195,1.4877414,-0.08696395993796986
2,1,253024.79078939464,-0.7195,1.4873787,-0.0879635447092785
2,1,253029.79079017695,-0.7195,1.487455,-0.08896313029104473
2,1,253034.79079095926,-0.7195,1.487226,-0.08996271797425881
2,1,253039.79079174157,-0.7195,1.4873215,-0.09096230899845231
2,1,253044.79079252388,-0.7195,1.4869778,-0.09196190244110096
2,1,253049.7907933062,-0.7195,1.4869778,-0.09296149728151495
2,1,253054.7907940885,-0.7195,1.4868634,-0.09396109232057467
2,1,253059.79079487082,-0.7195,1.4869587,-0.0949606869146228
2,1,253064.79079565313,-0.7195,1.4865006,-0.09596027833940918
2,1,253069.79079643544,-0.7195,1.4865006,-0.09695987106903727
2,1,253074.79079721775,-0.7195,1.4863479,-0.09795946168391242
2,1,253079.79079800006,-0.7195,1.4860998,-0.0989590500768357
2,1,253084.79079878237,-0.7195,1.4863288,-0.09995863806210956
2,1,253089.79079956468,-0.7195,1.4860617,-0.10095822478362257
2,1,253094.790800347,-0.7195,1.4858326,-0.10195781288467515
2,1,253099.7908011293,-0.7195,1.4855462,-0.10295740044069623
2,1,253104.79080191161,-0.7195,1.485489,-0.10395698613188335
2,1,253109.79080269393,-0.7195,1.4854317,-0.1049565724676086
2,1,253114.79080347624,-0.7195,1.4854126,-0.1059561600513326
2,1,253119.79080425855,-0.7195,1.4853172,-0.10695574657589199
2,1,253124.79080504086,-0.7195,1.4852027,-0.10795532991455994
2,1,253129.79080582317,-0.7195,1.4849163,-0.10895491599996555
2,1,253134.79080660548,-0.7195,1.4847064,-0.10995450267168881
2,1,253139.7908073878,-0.7195,1.4844391,-0.11095409201698503
2,1,253144.7908081701,-0.7195,1.4844965,-0.11195368266025849
2,1,253149.7908089524,-0.7195,1.4842674,-0.11295327188114657
2,1,253154.79080973472,-0.7195,1.4841528,-0.11395286137645112
2,1,253159.79081051704,-0.7195,1.4839429,-0.1149524526249667
2,1,253164.79081129935,-0.7195,1.4839429,-0.11595204261400302
2,1,253169.79081208166,-0.7195,1.4835229,-0.11695163273153371
2,1,253174.79081286397,-0.7195,1.4832939,-0.11795122172485457
2,1,253179.79081364628,-0.7195,1.4830838,-0.11895081135189864
2,1,253184.7908144286,-0.7195,1.4830076,-0.11995039895901415
2,1,253189.7908152109,-0.7195,1.4829503,-0.12094998748314711
2,1,253194.7908159932,-0.7195,1.4825876,-0.12194957474635376
2,1,253199.79081677552,-0.7195,1.4825685,-0.12294916226127081
2,1,253204.79081755783,-0.7195,1.4822631,-0.12394874865689211
2,1,253209.79081834015,-0.7195,1.4820341,-0.12494833820912572
2,1,253214.79081912246,-0.7195,1.4818432,-0.12594792923085224
2,1,253219.79081990477,-0.7195,1.4817096,-0.12694751790807643
2,1,253224.79082068708,-0.7195,1.481595,-0.12794710771270593
2,1,253229.7908214694,-0.7195,1.4811941,-0.12894670115043058
2,1,253234.7908222517,-0.7195,1.4811751,-0.12994629487636356
2,1,253239.790823034,-0.7195,1.4808315,-0.13094588606152932
2,1,253244.79082381632,-0.7195,1.4805642,-0.13194547439708976
2,1,253249.79082459863,-0.7195,1.4801825,-0.1329450633785559
2,1,253254.79082538094,-0.7195,1.4803734,-0.13394465121804014
2,1,253259.79082616325,-0.7195,1.4799917,-0.13494424139258598
2,1,253264.79082694557,-0.7195,1.4800298,-0.13594383296845358
2,1,253269.79082772788,-0.7195,1.4795145,-0.1369434226204091
2,1,253274.7908285102,-0.7195,1.4794381,-0.13794301223606867
2,1,253279.7908292925,-0.7195,1.47919,-0.13894260026466518
2,1,253284.7908300748,-0.7195,1.4789227,-0.1399421886002455
2,1,253289.79083085712,-0.7195,1.4786173,-0.14094177738688393
2,1,253294.79083163943,-0.7195,1.4785028,-0.1419413666905397
2,1,253299.79083242174,-0.7195,1.4780446,-0.14294095231568155
2,1,253304.79083320405,-0.7195,1.4777966,-0.14394053658589392
2,1,253309.79083398636,-0.7195,1.4773766,-0.1449401195739243
2,1,253314.79083476868,-0.7195,1.4771284,-0.14593970480699342
2,1,253319.790835551,-0.7195,1.477014,-0.146939292361786
2,1,253324.7908363333,-0.7195,1.4768612,-0.14793887714047235
2,1,253329.7908371156,-0.7195,1.4765558,-0.14893846297943925
2,1,253334.79083789792,-0.7195,1.4760405,-0.14993804745402603
2,1,253339.79083868023,-0.7195,1.4760213,-0.15093763185367653
2,1,253344.79083946254,-0.7195,1.4756014,-0.15193721919292547
2,1,253349.79084024485,-0.7195,1.4753723,-0.15293680658115286
2,1,253354.79084102716,-0.7195,1.4749333,-0.15393639497780473
2,1,253359.79084180947,-0.7195,1.4744179,-0.1549359856737422
2,1,253364.79084259178,-0.7195,1.4741699,-0.15593557409951425
2,1,253369.7908433741,-0.7195,1.4741889,-0.15693516326079107
2,1,253374.7908441564,-0.7195,1.4739026,-0.1579347512287796
2,1,253379.79084493872,-0.7195,1.4734254,-0.15893433856676026
2,1,253384.79084572103,-0.7195,1.4732536,-0.15993393061163694
2,1,253389.79084650334,-0.7195,1.4727573,-0.1609335224884815
2,1,253394.79084728565,-0.7195,1.4725091,-0.16193311334256003
2,1,253399.79084806796,-0.7195,1.472032,-0.1629327062638634
2,1,253404.79084885027,-0.7195,1.4719938,-0.16393230031952927
2,1,253409.79084963258,-0.7195,1.4717838,-0.16493189339398678
2,1,253414.7908504149,-0.7195,1.4713066,-0.16593148794930845
2,1,253419.7908511972,-0.7195,1.470963,-0.16693108210633864
2,1,253424.79085197952,-0.7195,1.4705049,-0.16793067542376455
2,1,253429.79085276183,-0.7195,1.4703903,-0.16893026986795667
2,1,253434.79085354414,-0.7195,1.4699131,-0.16992986295796106
2,1,253439.79085432645,-0.7195,1.4697604,-0.17092946115757693
2,1,253444.79085510876,-0.7195,1.4693978,-0.1719290612906781
2,1,253449.79085589107,-0.7195,1.4690924,-0.17292866165707182
2,1,253454.79085667338,-0.7195,1.4685006,-0.17392825806467738
2,1,253459.7908574557,-0.7195,1.468138,-0.17492784979939136
2,1,253464.790858238,-0.7195,1.467718,-0.17592744406216348
2,1,253469.79085902032,-0.7195,1.4676036,-0.17692703781246813
2,1,253474.79085980263,-0.7195,1.46705,-0.17792662926370242
2,1,253479.79086058494,-0.7195,1.4666682,-0.17892622357243304
2,1,253484.79086136725,-0.7195,1.4662292,-0.1799258199850586
2,1,253489.79086214956,-0.7195,1.4659619,-0.18092541624828182
2,1,253494.7908629314,-0.7195,1.4656374,-0.18192501083545554
2,1,253499.79086371372,-0.7195,1.4652557,-0.18292460762443477
2,1,253504.79086449603,-0.7195,1.4646258,-0.18392420580148036
2,1,253509.79086527834,-0.7195,1.4641677,-0.18492380409982803
2,1,253514.79086606065,-0.7195,1.4639577,-0.18592340168052915
2,1,253519.79086684296,-0.7195,1.4634995,-0.18692299766982928
2,1,253524.79086762527,-0.7195,1.4630224,-0.1879225901622309
2,1,253529.79086840758,-0.7195,1.4626025,-0.18892217998405963
2,1,253534.7908691899,-0.7195,1.4623352,-0.18992177141834965
2,1,253539.7908699722,-0.7195,1.4617625,-0.1909213640350766
2,1,253544.7908707545,-0.7195,1.4613427,-0.1919209589768251
2,1,253549.79087153682,-0.7195,1.4610564,-0.19292055529356666
2,1,253554.79087231914,-0.7195,1.4606745,-0.193920151768095
2,1,253559.79087310145,-0.7195,1.4599111,-0.19491975005094875
2,1,253564.79087388376,-0.7195,1.4596248,-0.19591934634899763
2,1,253569.79087466607,-0.7195,1.4591666,-0.19691894061283602
2,1,253574.79087544838,-0.7195,1.4588612,-0.1979185332384242
2,1,253579.7908762307,-0.7195,1.4584986,-0.19891812490181793
2,1,253584.790877013,-0.7195,1.4580214,-0.1999177150610454
2,1,253589.7908777953,-0.7195,1.4574869,-0.20091730510764985
2,1,253594.79087857762,-0.7195,1.4570478,-0.2019168961582184
2,1,253599.79087935993,-0.7195,1.456208,-0.20291648393201167
2,1,253604.79088014225,-0.7195,1.4559981,-0.2039160711710089
2,1,253609.79088092456,-0.7195,1.4556162,-0.2049156618377401
2,1,253614.79088170687,-0.7195,1.4549673,-0.2059152539634208
2,1,253619.79088248918,-0.7195,1.4543564,-0.20691484516258044
2,1,253624.7908832715,-0.7195,1.4538602,-0.20791443378461072
2,1,253629.7908840538,-0.7195,1.453383,-0.208914023341371
2,1,253634.7908848361,-0.7195,1.4531348,-0.20991361229126324
2,1,253639.79088561842,-0.7195,1.4522377,-0.21091320046139428
2,1,253644.79088640073,-0.7195,1.4521232,-0.2119127893131839
2,1,253649.79088718304,-0.7195,1.4516078,-0.21291238142431446
2,1,253654.79088796536,-0.7195,1.4508634,-0.21391197440788814
2,1,253659.79088874767,-0.7195,1.4501761,-0.21491156506460907
2,1,253664.79088952998,-0.7195,1.4498326,-0.215911156908383
2,1,253669.7908903123,-0.7195,1.4490881,-0.21691074809127717
2,1,253674.7908910946,-0.7195,1.4489355,-0.21791033982069627
2,1,253679.7908918769,-0.7195,1.4482673,-0.2189099325344629
2,1,253684.79089265922,-0.7195,1.4474847,-0.2199095230981509
2,1,253689.79089344153,-0.7195,1.447084,-0.2209091126417021
2,1,253694.79089422384,-0.7195,1.4465685,-0.2219087023992969
2,1,253699.79089500615,-0.7195,1.4460531,-0.2229082909647392
2,1,253704.79089578846,-0.7195,1.4455569,-0.22390787720807392
2,1,253709.79089657078,-0.7195,1.4448888,-0.2249074657955236
2,1,253714.7908973531,-0.7195,1.4445834,-0.2259070573076937
2,1,253719.7908981354,-0.7195,1.4439152,-0.2269066470856203
2,1,253724.7908989177,-0.7195,1.4433999,-0.2279062358370291
2,1,253729.79089970002,-0.7195,1.4426554,-0.2289058273440997
2,1,253734.79090048233,-0.7195,1.4420638,-0.22990541819660534
2,1,253739.79090126464,-0.7195,1.4413384,-0.23090501340635952
2,1,253744.79090204695,-0.7195,1.4405749,-0.23190460843706798
2,1,253749.79090282926,-0.7195,1.4400595,-0.2329042011890213
2,1,253754.79090361157,-0.7195,1.4390287,-0.2339037940464583
2,1,253759.79090439389,-0.7195,1.4385706,-0.2349033856646452
2,1,253764.7909051762,-0.7195,1.4378263,-0.23590298079511193
2,1,253769.7909059585,-0.7195,1.4374063,-0.23690257475019164
2,1,253774.79090674082,-0.7195,1.436891,-0.23790216846724352
2,1,253779.79090752313,-0.7195,1.4363183,-0.2389017599519193
2,1,253784.79090830544,-0.7195,1.435612,-0.23990135089956388
2,1,253789.79090908775,-0.7195,1.4350013,-0.24090094454874594
2,1,253794.79090987006,-0.7195,1.4342949,-0.2419005366970433
2,1,253799.79091065237,-0.7195,1.4335314,-0.24290012825602292
2,1,253804.79091143468,-0.7195,1.4327488,-0.2438997214166853
2,1,253809.790912217,-0.7195,1.4321953,-0.24489931488275196
2,1,253814.7909129993,-0.7195,1.4313172,-0.24589890937862463
2,1,253819.79091378162,-0.7195,1.4307445,-0.24689850510908498
2,1,253824.79091456393,-0.7195,1.430172,-0.24789810041617685
2,1,253829.79091534624,-0.7195,1.4291985,-0.24889769542453688
2,1,253834.79091612855,-0.7195,1.4286067,-0.2498972884442144
2,1,253839.79091691086,-0.7195,1.4279004,-0.2508968810145921
2,1,253844.79091769317,-0.7195,1.4271561,-0.25189647851700253
2,1,253849.79091847548,-0.7195,1.4263161,-0.25289607572235334
2,1,253854.7909192578,-0.7195,1.4259154,-0.25389567111886213
2,1,253859.7909200401,-0.7195,1.4249609,-0.2548952639012503
2,1,253864.79092082242,-0.7195,1.4243501,-0.2558948553889891
2,1,253869.79092160473,-0.7195,1.4235675,-0.2568944453703099
2,1,253874.79092238704,-0.7195,1.4228612,-0.25789403360759555
2,1,253879.79092316935,-0.7195,1.4222313,-0.2588936233537065
2,1,253884.79092395166,-0.7195,1.4215251,-0.25989321316598857
2,1,253889.79092473397,-0.7195,1.4207807,-0.26089280279930765
2,1,253894.79092551628,-0.7195,1.4199216,-0.2618923911841214
2,1,253899.7909262986,-0.7195,1.4192154,-0.2628919811698861
2,1,253904.7909270809,-0.7195,1.4183947,-0.26389157191106016
2,1,253909.7909278632,-0.7195,1.4177265,-0.26489116325252254
2,1,253914.79092864553,-0.7195,1.4169822,-0.2658907544503477
2,1,253919.79092942784,-0.7195,1.4160659,-0.2668903460669253
2,1,253924.79093021015,-0.7195,1.415417,-0.26788993457811744
2,1,253929.79093099246,-0.7195,1.4145961,-0.26888952564422625
2,1,253934.79093177477,-0.7195,1.413909,-0.26988911434684865
2,1,253939.79093255708,-0.7195,1.41284,-0.2708887017023829
2,1,253944.7909333394,-0.7195,1.4123437,-0.27188829142360227
2,1,253949.7909341217,-0.7195,1.4111602,-0.2728878821226822
2,1,253954.790934904,-0.7195,1.4104731,-0.27388747038245864
2,1,253959.79093568632,-0.7195,1.4098623,-0.27488705802977415
2,1,253964.79093646863,-0.7195,1.4088697,-0.27588664448186423
2,1,253969.79093725095,-0.7195,1.4078008,-0.2768862319827775
2,1,253974.79093803326,-0.7195,1.4070754,-0.277885818597628
2,1,253979.79093881557,-0.7195,1.4063501,-0.2788854021547801
2,1,253984.79093959788,-0.7195,1.4057012,-0.2798849838955535
2,1,253989.7909403802,-0.7195,1.4047467,-0.2808845667507119
2,1,253994.7909411625,-0.7195,1.4039068,-0.2818841509832409
2,1,253999.7909419448,-0.7195,1.4032197,-0.2828837358791464
2,1,254004.79094272712,-0.7195,1.4021698,-0.28388332335867483
2,1,254009.79094350943,-0.7195,1.40112,-0.2848829107610351
2,1,254014.79094429174,-0.7195,1.4002801,-0.28588250057933723
2,1,254019.79094507406,-0.7195,1.3994211,-0.2868820886348088
2,1,254024.79094585637,-0.7195,1.3985622,-0.2878816765724486
2,1,254029.79094663868,-0.7195,1.3975506,-0.28888126343950954
2,1,254034.790947421,-0.7195,1.3969207,-0.2898808505686554
2,1,254039.7909482033,-0.7195,1.395928,-0.2908804397838413
2,1,254044.7909489856,-0.7195,1.3947637,-0.29188002935988366
2,1,254049.79094976792,-0.7195,1.3941147,-0.2928796176765726
2,1,254054.79095055023,-0.7195,1.3932748,-0.29387920528427425
2,1,254059.79095133254,-0.7195,1.3921677,-0.29487879173828163
2,1,254064.79095211485,-0.7195,1.3911942,-0.2958783828559617
2,1,254069.79095289716,-0.7195,1.390278,-0.2968779719951782
2,1,254074.79095367948,-0.7195,1.3893617,-0.29787755950375394
2,1,254079.7909544618,-0.7195,1.3881401,-0.2988771480965018
2,1,254084.7909552441,-0.7195,1.3869567,-0.2998767358185185
2,1,254089.7909560264,-0.7195,1.3858305,-0.30087632528947783
2,1,254094.79095680872,-0.7195,1.3849715,-0.30187591595609975
2,1,254099.79095759103,-0.7195,1.3840935,-0.3028755055229067
2,1,254104.79095837334,-0.7195,1.3831009,-0.3038751022430128
2,1,254109.79095915565,-0.7195,1.3822229,-0.3048746923744413
2,1,254114.79095993796,-0.7195,1.3810012,-0.3058742782355745
2,1,254119.79096072027,-0.7195,1.3797414,-0.3068738637732333
2,1,254124.7909615026,-0.7195,1.3789588,-0.3078734478841026
2,1,254129.7909622849,-0.7195,1.377909,-0.3088730328326622
2,1,254134.7909630672,-0.7195,1.3770882,-0.3098726160191827
2,1,254139.79096384952,-0.7195,1.3759047,-0.3108721994749506
2,1,254144.79096463183,-0.7195,1.374874,-0.3118717839028471
2,1,254149.79096541414,-0.7195,1.3735569,-0.3128713679670658
2,1,254154.79096619645,-0.7195,1.3723735,-0.3138709534020788
2,1,254159.79096697876,-0.7195,1.3712854,-0.3148705372569793
2,1,254164.79096776107,-0.7195,1.3702546,-0.31587012361810274
2,1,254169.79096854338,-0.7195,1.3690522,-0.3168697100865245
2,1,254174.7909693257,-0.7195,1.3680595,-0.3178692950927615
2,1,254179.790970108,-0.7195,1.3668379,-0.31886888147543535
2,1,254184.79097089032,-0.7195,1.365578,-0.3198684684903655
2,1,254189.79097167263,-0.7195,1.3646237,-0.3208680541335841
2,1,254194.79097245494,-0.7195,1.3633257,-0.3218676410019762
2,1,254199.79097323725,-0.7195,1.3618177,-0.3228672307069798
2,1,254204.79097401956,-0.7195,1.3607106,-0.32386681423821384
2,1,254209.79097480187,-0.7195,1.3595654,-0.3248664006013837
2,1,254214.79097558418,-0.7195,1.3585155,-0.3258659846222765
2,1,254219.7909763665,-0.7195,1.3575994,-0.3268655672581328
2,1,254224.7909771488,-0.7195,1.3562632,-0.327865151463704
2,1,254229.79097793112,-0.7195,1.355137,-0.32886473727557064
2,1,254234.79097871343,-0.7195,1.3537436,-0.32986431960775126
2,1,254239.79097949574,-0.7195,1.3522929,-0.3308639037683474
2,1,254244.79098027805,-0.7195,1.3510522,-0.3318634888062709
2,1,254249.79098106036,-0.7195,1.3497733,-0.33286307593030073
2,1,254254.79098184267,-0.7195,1.3483416,-0.33386266362963457
2,1,254259.79098262498,-0.7195,1.3472345,-0.3348622522239818
2,1,254264.7909834073,-0.7195,1.3460702,-0.33586183970283473
2,1,254269.7909841896,-0.7195,1.3446386,-0.3368614283953508
2,1,254274.7909849719,-0.7195,1.3430924,-0.3378610173617436
2,1,254279.79098575423,-0.7195,1.341928,-0.338860608431836
2,1,254284.79098653654,-0.7195,1.3403437,-0.3398601992882027
2,1,254289.79098731885,-0.7195,1.339294,-0.3408597873904242
2,1,254294.79098810116,-0.7195,1.3377478,-0.34185937615775075
2,1,254299.79098888347,-0.7195,1.3363353,-0.3428589672570527
2,1,254304.79098966578,-0.7195,1.3347319,-0.343858558212085
2,1,254309.7909904481,-0.7195,1.3331475,-0.3448581489825978
2,1,254314.7909912304,-0.7195,1.3315251,-0.34585773935277936
2,1,254319.7909920127,-0.7195,1.3301126,-0.3468573307556412
2,1,254324.79099279502,-0.7195,1.3288337,-0.3478569194179278
2,1,254329.79099357734,-0.7195,1.3272303,-0.3488565081603926
2,1,254334.79099435965,-0.7195,1.3255506,-0.3498560994049213
2,1,254339.79099514196,-0.7195,1.3240044,-0.3508556899305153
2,1,254344.79099592427,-0.7195,1.3225538,-0.35185528242808595
2,1,254349.79099670658,-0.7195,1.3210267,-0.3528548759920731
2,1,254354.7909974889,-0.7195,1.3192325,-0.3538544668914909
2,1,254359.7909982712,-0.7195,1.3177245,-0.3548540582818887
2,1,254364.7909990535,-0.7195,1.3161783,-0.35585365029236027
2,1,254369.79099983582,-0.7195,1.3145177,-0.3568532425711521
2,1,254374.79100061813,-0.7195,1.3123608,-0.3578528371297354
2,1,254379.79100140044,-0.7195,1.3106428,-0.35885243039030845
2,1,254384.79100218276,-0.7195,1.3091158,-0.3598520257871947
2,1,254389.79100296507,-0.7195,1.3072833,-0.360851618683431
2,1,254394.79100374738,-0.7195,1.3056036,-0.3618512122486202
2,1,254399.7910045297,-0.7195,1.3038666,-0.3628508057248031
2,1,254404.791005312,-0.7195,1.3021678,-0.3638503993402986
2,1,254409.7910060943,-0.7195,1.3006216,-0.3648499955155056
2,1,254414.79100687662,-0.7195,1.2986938,-0.3658495925253863
2,1,254419.79100765893,-0.7195,1.2969759,-0.3668491873571874
2,1,254424.79100844124,-0.7195,1.2952197,-0.3678487792289888
2,1,254429.79100922355,-0.7195,1.2936927,-0.3688483714521794
2,1,254434.79101000587,-0.7195,1.2918602,-0.3698479653658902
2,1,254439.79101078818,-0.7195,1.2897605,-0.3708475609026123
2,1,254444.7910115705,-0.7195,1.2877945,-0.371847156271789
2,1,254449.7910123528,-0.7195,1.2858475,-0.37284675443216847
2,1,254454.7910131351,-0.7195,1.2839005,-0.37384635456408744
2,1,254459.79101391742,-0.7195,1.2822207,-0.37484595490715256
2,1,254464.79101469973,-0.7195,1.2804074,-0.37584555649321627
2,1,254469.79101548204,-0.7195,1.2780215,-0.3768451559724611
2,1,254474.79101626435,-0.7195,1.2763608,-0.37784475269776935
2,1,254479.79101704666,-0.7195,1.2741084,-0.37884434842278913
2,1,254484.79101782897,-0.7195,1.2718941,-0.379843944151468
2,1,254489.7910186113,-0.7195,1.2700236,-0.38084354227290906
2,1,254494.7910193936,-0.7195,1.2680384,-0.3818431409920291
2,1,254499.7910201759,-0.7195,1.2659386,-0.38284273861998014
2,1,254504.79102095822,-0.7195,1.2641253,-0.38384233947719826
2,1,254509.79102174053,-0.7195,1.2621592,-0.38484194196679883
2,1,254514.79102252284,-0.7195,1.2603841,-0.38584154205005394
2,1,254519.79102330515,-0.7195,1.2583226,-0.3868411423752211
2,1,254524.79102408746,-0.7195,1.2562802,-0.38784074155865467
2,1,254529.79102486977,-0.7195,1.2542568,-0.3888403383263716
2,1,254534.79102565208,-0.7195,1.2521954,-0.38983993417579954
2,1,254539.7910264344,-0.7195,1.2502102,-0.39083953217923334
2,1,254544.7910272167,-0.7195,1.2483968,-0.3918391244266102
2,1,254549.79102799902,-0.7195,1.2463162,-0.39283871909468066
2,1,254554.79102878133,-0.7195,1.2444837,-0.3938383149719042
2,1,254559.79102956364,-0.7195,1.2422886,-0.39483791179404015
2,1,254564.79103034595,-0.7195,1.2401699,-0.39583750809051615
2,1,254569.79103112826,-0.7195,1.238051,-0.39683710397770694
2,1,254574.79103191057,-0.7195,1.2364095,-0.3978366979615161
2,1,254579.79103269288,-0.7195,1.2344626,-0.39883629070684007
2,1,254584.7910334752,-0.7195,1.2322292,-0.39983588244669
2,1,254589.7910342575,-0.7195,1.2301487,-0.4008354739672842
2,1,254594.79103503982,-0.7195,1.2281253,-0.40183506438390104
2,1,254599.79103582213,-0.7195,1.2263502,-0.4028346557033726
2,1,254604.79103660444,-0.7195,1.2243268,-0.40383424602636386
2,1,254609.79103738675,-0.7195,1.222857,-0.4048338353425234
2,1,254614.79103816906,-0.7195,1.2214254,-0.4058334270265105
2,1,254619.79103895137,-0.7195,1.2194785,-0.40683301800438126
2,1,254624.79103973368,-0.7195,1.2174551,-0.4078326076644695
2,1,254629.791040516,-0.7195,1.21526,-0.4088321973505222
2,1,254634.7910412983,-0.7195,1.2141148,-0.4098317890354497
2,1,254639.79104208061,-0.7195,1.2124732,-0.41083138146355447
2,1,254644.79104286293,-0.7195,1.2111752,-0.4118309710736907
2,1,254649.79104364524,-0.7195,1.2095145,-0.4128305579396655
2,1,254654.79104442755,-0.7195,1.2075485,-0.41383014398091733
2,1,254659.79104520986,-0.7195,1.205945,-0.414829730599513
2,1,254664.79104599217,-0.7195,1.2048953,-0.41582931683061225
2,1,254669.79104677448,-0.7195,1.2031392,-0.41682890539492207
2,1,254674.7910475568,-0.7195,1.2010013,-0.4178284956861506
2,1,254678.72124817013,-0.7195,1.200085,-0.41861421438434093
2,1,254678.72144817002,-0.7195,1.2000469,-0.4186142543628517
2,2,254678.72224816983,0.7195,1.4091383,7.92372359169854e-08
2,2,254683.7222489519,0.7195,1.7283267,0.000999050827052858
2,2,254688.72224973422,0.7195,1.8048123,0.001998022733353906
2,2,254693.72225051653,0.7195,1.8616183,0.002996996141473452
2,2,254698.72225129884,0.7195,1.9088038,0.003995968217713965
2,2,254703.72225208115,0.7195,1.9499193,0.004994941021634472
2,2,254708.72225286346,0.7195,1.9863203,0.005993911609176132
2,2,254713.72225364577,0.7195,2.0193043,0.006992882315946949
2,2,254718.72225442808,0.7195,2.0494254,0.007991855676005282
2,2,254723.7222552104,0.7195,2.0767403,0.00899082849470443
2,2,254728.7222559927,0.7195,2.1017838,0.00998980419796705
2,2,254733.722256775,0.7195,2.1251473,0.01098878032735321
2,2,254738.72225755733,0.7195,2.1468503,0.01198775387994117
2,2,254743.72225833964,0.7195,2.1665683,0.012986727536578972
2,2,254748.72225912195,0.7195,2.1847785,0.01398570337280962
2,2,254753.72225990426,0.7195,2.2010221,0.014984681502395205
2,2,254758.72226068657,0.7195,2.2167315,0.015983660470926097
2,2,254763.72226146888,0.7195,2.2309332,0.016982639531532923
2,2,254768.7222622512,0.7195,2.244123,0.017981615929812192
2,2,254773.7222630335,0.7195,2.256263,0.018980590904325245
2,2,254778.7222638158,0.7195,2.2674484,0.019979566489709746
2,2,254783.72226459812,0.7195,2.2778516,0.020978541998644667
2,2,254788.72226538043,0.7195,2.2878728,0.021977515987200866
2,2,254793.72226616275,0.7195,2.2969968,0.02297649313937955
2,2,254798.72226694506,0.7195,2.3058918,0.02397547111554278
2,2,254803.72226772737,0.7195,2.3139088,0.02497444458721081
2,2,254808.72226850968,0.7195,2.321582,0.025973421156234206
2,2,254813.722269292,0.7195,2.328683,0.026972394062995904
2,2,254818.7222700743,0.7195,2.335688,0.02797136416040857
2,2,254823.7222708566,0.7195,2.3420634,0.028970335891763364
2,2,254828.72227163892,0.7195,2.3485916,0.029969310833712414
2,2,254833.72227242123,0.7195,2.3544326,0.030968284500777717
2,2,254838.72227320354,0.7195,2.3602352,0.031967256781518454
2,2,254843.72227398586,0.7195,2.3657136,0.0329662285234332
2,2,254848.72227476817,0.7195,2.3709056,0.0339651996323102
2,2,254853.72227555048,0.7195,2.3762693,0.03496417117225461
2,2,254858.7222763328,0.7195,2.3812513,0.035963143688960204
2,2,254863.7222771151,0.7195,2.3860042,0.03696211437858144
2,2,254868.7222778974,0.7195,2.3910053,0.03796108881508973
2,2,254873.72227867972,0.7195,2.3953574,0.038960064692424405
2,2,254878.72227946203,0.7195,2.3999002,0.03995904180616472
2,2,254883.72228024434,0.7195,2.4042904,0.040958017786777684
2,2,254888.72228102665,0.7195,2.408757,0.04195699303388596
2,2,254893.72228180896,0.7195,2.4128802,0.04295596808437507
2,2,254898.72228259128,0.7195,2.4170794,0.04395494407781628
2,2,254903.7222833736,0.7195,2.4212596,0.04495391996531023
2,2,254908.7222841559,0.7195,2.425211,0.0459528963821133
2,2,254913.7222849382,0.7195,2.4292386,0.04695187324721615
2,2,254918.72228572052,0.7195,2.4331706,0.047950849016706154
2,2,254923.72228650283,0.7195,2.4371028,0.04894982252082891
2,2,254928.72228728514,0.7195,2.4409776,0.04994879422947765
2,2,254933.72228806745,0.7195,2.4448907,0.05094776381305192
2,2,254938.72228884976,0.7195,2.4490519,0.051946735810988486
2,2,254943.72228963207,0.7195,2.4527931,0.05294570829425256
2,2,254948.7222904144,0.7195,2.456878,0.05394467913457421
2,2,254953.7222911967,0.7195,2.4607337,0.054943648355335
2,2,254958.722291979,0.7195,2.464475,0.05594261832399832
2,2,254963.72229276132,0.7195,2.4682925,0.056941590856168005
2,2,254968.72229354363,0.7195,2.4721675,0.05794056131532788
2,2,254973.72229432594,0.7195,2.4761567,0.05893953229728341
2,2,254978.72229510825,0.7195,2.480089,0.05993850352029006
2,2,254983.72229589056,0.7195,2.4836583,0.06093747541271647
2,2,254988.72229667287,0.7195,2.487247,0.061936449288152985
2,2,254993.72229745518,0.7195,2.4914463,0.06293542115106185
2,2,254998.7222982375,0.7195,2.4953976,0.06393439192680186
2,2,255003.7222990198,0.7195,2.499196,0.06493336218558748
2,2,255008.72229980212,0.7195,2.5028038,0.0659323332908584
2,2,255013.72230058443,0.7195,2.5068693,0.06693130390003986
2,2,255018.72230136674,0.7195,2.510477,0.06793027387725313
2,2,255023.72230214905,0.7195,2.5147147,0.06892924400409393
2,2,255028.72230293136,0.7195,2.5183604,0.06992821588110923
2,2,255033.72230371344,0.7195,2.5222545,0.07092718689684072
2,2,255038.72230449575,0.7195,2.526301,0.07192615868020387
2,2,255043.72230527806,0.7195,2.5302522,0.07292513006943131
2,2,255048.72230606037,0.7195,2.5339172,0.07392410109582873
2,2,255053.72230684268,0.7195,2.5378683,0.07492307398426862
2,2,255058.722307625,0.7195,2.5417433,0.075922046845648
2,2,255063.7223084073,0.7195,2.5459616,0.07692101998152003
2,2,255068.72230918962,0.7195,2.5498557,0.07791999427271881
2,2,255073.72230997193,0.7195,2.5540168,0.07891896944351989
2,2,255078.72231075424,0.7195,2.5580444,0.07991794012976353
2,2,255083.72231153655,0.7195,2.5619383,0.08091691280267302
2,2,255088.72231231886,0.7195,2.5658514,0.08191588539126844
2,2,255093.72231310117,0.7195,2.5695162,0.08291485800208646
2,2,255098.72231388348,0.7195,2.5736966,0.08391383276105918
2,2,255103.7223146658,0.7195,2.5775714,0.08491280731557804
2,2,255108.7223154481,0.7195,2.581618,0.08591177928941446
2,2,255113.7223162304,0.7195,2.5854166,0.08691075228443408
2,2,255118.72231701273,0.7195,2.5894823,0.08790972503640583
2,2,255123.72231779504,0.7195,2.5935671,0.08890869637326065
2,2,255128.72231857735,0.7195,2.5972703,0.08990766795095467
2,2,255133.72231935966,0.7195,2.601355,0.09090664102926185
2,2,255138.72232014197,0.7195,2.6052299,0.09190561365409027
2,2,255143.72232092428,0.7195,2.608971,0.09290458595555687
2,2,255148.7223217066,0.7195,2.6129224,0.09390355357701245
2,2,255153.7223224889,0.7195,2.6167018,0.09490252547021041
2,2,255158.7223232712,0.7195,2.620634,0.09590149900523487
2,2,255163.72232405352,0.7195,2.6240506,0.096900473843346
2,2,255168.72232483584,0.7195,2.6278875,0.09789944587042593
2,2,255173.72232561815,0.7195,2.631476,0.09889841852999723
2,2,255178.72232640046,0.7195,2.63495,0.09989739114195435
2,2,255183.72232718277,0.7195,2.638615,0.10089636407869719
2,2,255188.72232796508,0.7195,2.64165,0.10189533653933137
2,2,255193.7223287474,0.7195,2.645143,0.1028943078353802
2,2,255198.7223295297,0.7195,2.648407,0.10389327857873834
2,2,255203.722330312,0.7195,2.6516712,0.10489225311070347
2,2,255208.72233109432,0.7195,2.6547441,0.10589122598373887
2,2,255213.72233187663,0.7195,2.6576648,0.10689019835294947
2,2,255218.72233265894,0.7195,2.6604517,0.10788916992521284
2,2,255223.72233344126,0.7195,2.6632576,0.10888814007868036
2,2,255228.72233422357,0.7195,2.665968,0.10988711309379999
2,2,255233.72233500588,0.7195,2.6684494,0.11088608814458713
2,2,255238.7223357882,0.7195,2.6710453,0.11188506000276073
2,2,255243.7223365705,0.7195,2.6734695,0.1128840301856862
2,2,255248.7223373528,0.7195,2.6753592,0.11388300279371273
2,2,255253.72233813466,0.7195,2.6775925,0.11488197657139763
2,2,255258.72233891697,0.7195,2.6792915,0.11588095193079112
2,2,255263.72233969928,0.7195,2.6812384,0.11687992652670871
2,2,255268.7223404816,0.7195,2.682918,0.1178789025455084
2,2,255273.7223412639,0.7195,2.684579,0.11887787603723671
2,2,255278.7223420462,0.7195,2.6860294,0.11987684570343295
2,2,255283.72234282852,0.7195,2.6875756,0.12087581550627284
2,2,255288.72234361083,0.7195,2.6890454,0.12187478494221633
2,2,255293.72234439314,0.7195,2.6902099,0.12287375144683982
2,2,255298.72234517545,0.7195,2.6913168,0.1238727164987756
2,2,255303.72234595777,0.7195,2.692424,0.12487168087675173
2,2,255308.72234674008,0.7195,2.6933594,0.1258706488848229
2,2,255313.7223475224,0.7195,2.694352,0.12686961807218192
2,2,255318.7223483047,0.7195,2.6950772,0.12786858501865464
2,2,255323.722349087,0.7195,2.6958408,0.128867552062975
2,2,255328.72234986932,0.7195,2.696566,0.12986651956733727
2,2,255333.72235065163,0.7195,2.697215,0.13086548429857026
2,2,255338.72235143394,0.7195,2.6975968,0.13186444859403368
2,2,255343.72235221625,0.7195,2.698303,0.13286341341255767
2,2,255348.72235299856,0.7195,2.698723,0.1338623811672197
2,2,255353.72235378087,0.7195,2.6992576,0.13486135172641606
2,2,255358.7223545632,0.7195,2.6995628,0.1358603233885268
2,2,255363.7223553455,0.7195,2.699983,0.13685929425686263
2,2,255368.7223561278,0.7195,2.7005746,0.13785826510873103
2,2,255373.72235691012,0.7195,2.7005937,0.1388572329755955
2,2,255378.72235769243,0.7195,2.7011473,0.13985620438327057
2,2,255383.72235847474,0.7195,2.7013953,0.14085517312895254
2,2,255388.72235925705,0.7195,2.7016053,0.14185414225644533
2,2,255393.72236003936,0.7195,2.7016816,0.14285311112960838
2,2,255398.72236082167,0.7195,2.7020442,0.1438520811828507
2,2,255403.72236160398,0.7195,2.7022352,0.14485105163146716
2,2,255408.7223623863,0.7195,2.7023497,0.14585001979610318
2,2,255413.7223631686,0.7195,2.7025979,0.14684898777234878
2,2,255418.72236395092,0.7195,2.7027316,0.1478479588020079
2,2,255423.72236473323,0.7195,2.702846,0.14884692912335523
2,2,255428.72236551554,0.7195,2.7030752,0.14984589976582588
2,2,255433.72236629785,0.7195,2.703056,0.15084487157485546
2,2,255438.72236708016,0.7195,2.7033424,0.15184384119056327
2,2,255443.72236786247,0.7195,2.703495,0.15284281365960833
2,2,255448.72236864478,0.7195,2.703514,0.15384178365428247
2,2,255453.7223694271,0.7195,2.7035522,0.15484075176591672
2,2,255458.7223702094,0.7195,2.7034378,0.15583971958982942
2,2,255463.72237099172,0.7195,2.7038195,0.15683868811134496
2,2,255468.72237177403,0.7195,2.7038195,0.1578376550622483
2,2,255473.72237255634,0.7195,2.7039149,0.1588366223167744
2,2,255478.72237333865,0.7195,2.704125,0.15983558754288488
2,2,255483.72237412096,0.7195,2.7040868,0.16083455420278842
2,2,255488.72237490327,0.7195,2.704125,0.16183352221256828
2,2,255493.72237568558,0.7195,2.7043731,0.16283248783269857
2,2,255498.7223764679,0.7195,2.7044113,0.16383145480440062
2,2,255503.7223772502,0.7195,2.7046022,0.16483042501970133
2,2,255508.72237803251,0.7195,2.7044876,0.16582939268992344
2,2,255513.72237881483,0.7195,2.7047358,0.16682836171196896
2,2,255518.72237959714,0.7195,2.7047358,0.16782732905832926
2,2,255523.72238037945,0.7195,2.7046976,0.1688262974065741
2,2,255528.72238116176,0.7195,2.7045257,0.16982526409950852
2,2,255533.72238194407,0.7195,2.704984,0.1708242306398087
2,2,255538.72238272638,0.7195,2.7048311,0.17182319849723576
2,2,255543.7223835087,0.7195,2.7051938,0.1728221680636803
2,2,255548.722384291,0.7195,2.7051175,0.1738211361315482
2,2,255553.7223850733,0.7195,2.705461,0.17482010285754004
2,2,255558.72238585562,0.7195,2.7053657,0.17581907242429917
2,2,255563.72238663794,0.7195,2.7057664,0.17681804111382032
2,2,255568.72238742025,0.7195,2.705461,0.17781701269672312
2,2,255573.72238820256,0.7195,2.705843,0.17881598173764016
2,2,255578.72238898487,0.7195,2.7057092,0.17981494937826195
2,2,255583.72238976718,0.7195,2.7057855,0.1808139196559654
2,2,255588.7223905495,0.7195,2.7059574,0.1818128910292983
2,2,255593.7223913318,0.7195,2.706091,0.1828118629855083
2,2,255598.7223921141,0.7195,2.706282,0.18381083440476656
2,2,255603.72239289642,0.7195,2.7061865,0.1848098040650752
2,2,255608.72239367873,0.7195,2.7063963,0.1858087748827802
2,2,255613.72239446105,0.7195,2.706969,0.18680774547236498
2,2,255618.72239524336,0.7195,2.7068546,0.1878067158166965
2,2,255623.72239602567,0.7195,2.706988,0.1888056852812105
2,2,255628.72239680798,0.7195,2.7072935,0.18980465723871856
2,2,255633.72239759052,0.7195,2.7072935,0.19080363118598861
2,2,255638.72239837283,0.7195,2.707141,0.19180260543479857
2,2,255643.72239915514,0.7195,2.7074463,0.19280157969510558
2,2,255648.72239993745,0.7195,2.7077327,0.19380055358126763
2,2,255653.72240071977,0.7195,2.707599,0.19479952755926055
2,2,255658.72240150208,0.7195,2.707637,0.19579849682967532
2,2,255663.7224022844,0.7195,2.708267,0.19679746760232583
2,2,255668.7224030667,0.7195,2.708477,0.19779643771219588
2,2,255673.722403849,0.7195,2.7088397,0.19879540658264694
2,2,255678.72240463132,0.7195,2.7089734,0.19979437430481783
2,2,255683.72240541363,0.7195,2.7091832,0.20079334643189117
2,2,255688.72240619594,0.7195,2.709355,0.20179231940193645
2,2,255693.72240697825,0.7195,2.7096033,0.2027912918816077
2,2,255698.72240776056,0.7195,2.7099469,0.20379026309265036
2,2,255703.72240854288,0.7195,2.7100422,0.20478923626157977
2,2,255708.7224093252,0.7195,2.7103477,0.20578820832117403
2,2,255713.7224101075,0.7195,2.710462,0.20678717972005412
2,2,255718.7224108898,0.7195,2.7107866,0.2077861509267887
2,2,255723.72241167212,0.7195,2.7109013,0.20878512311429123
2,2,255728.72241245443,0.7195,2.711092,0.20978409386005673
2,2,255733.72241323674,0.7195,2.7113974,0.21078306473986644
2,2,255738.72241401905,0.7195,2.7113783,0.2117820373686122
2,2,255743.72241480136,0.7195,2.711512,0.21278101108052005
2,2,255748.72241558367,0.7195,2.7116647,0.21377998856959413
2,2,255753.72241636598,0.7195,2.712161,0.21477896034791075
2,2,255758.7224171483,0.7195,2.7122946,0.21577793230991565
2,2,255763.7224179306,0.7195,2.7125428,0.216776901330332
2,2,255768.72241871292,0.7195,2.7124474,0.21777587163529136
2,2,255773.72241949523,0.7195,2.7124856,0.21877484343718492
2,2,255778.72242027754,0.7195,2.7131345,0.2197738145056036
2,2,255783.72242105985,0.7195,2.713459,0.22077278572907383
2,2,255788.72242184216,0.7195,2.7138216,0.22177175656603443
2,2,255793.72242262447,0.7195,2.714108,0.2227707261897458
2,2,255798.72242340678,0.7195,2.7141652,0.22376969324818916
2,2,255803.7224241891,0.7195,2.7142606,0.2247686617105272
2,2,255808.7224249714,0.7195,2.7148142,0.2257676317673756
2,2,255813.72242575372,0.7195,2.714776,0.22676660305181146
2,2,255818.72242653603,0.7195,2.7148714,0.22776557716737852
2,2,255823.72242731834,0.7195,2.7156541,0.22876455157477987
2,2,255828.72242810065,0.7195,2.7158833,0.22976352400445274
2,2,255833.72242888296,0.7195,2.7159214,0.23076249603925147
2,2,255838.72242966527,0.7195,2.7165132,0.2317614681729277
2,2,255843.72243044758,0.7195,2.7169902,0.23276044145129454
2,2,255848.7224312299,0.7195,2.71741,0.23375941429287855
2,2,255853.7224320122,0.7195,2.7178683,0.23475838596732745
2,2,255858.72243279452,0.7195,2.718269,0.23575735756269756
2,2,255863.72243357683,0.7195,2.7183454,0.2367563274851176
2,2,255868.72243435914,0.7195,2.7188227,0.23775529999487263
2,2,255873.72243514145,0.7195,2.7194145,0.2387542702336377
2,2,255878.72243592376,0.7195,2.7201207,0.23975323829767103
2,2,255883.72243670607,0.7195,2.720235,0.24075220807992082
2,2,255888.72243748838,0.7195,2.7205596,0.2417511810927788
2,2,255893.7224382707,0.7195,2.7208843,0.24275015123867652
2,2,255898.722439053,0.7195,2.7211514,0.24374911980633265
2,2,255903.7224398353,0.7195,2.7216096,0.2447480882323781
2,2,255908.72244061762,0.7195,2.721896,0.2457470575564834
2,2,255913.72244139994,0.7195,2.722392,0.2467460283261901
2,2,255918.72244218225,0.7195,2.7227166,0.24774499946794237
2,2,255923.72244296456,0.7195,2.723251,0.24874397084538466
2,2,255928.72244374687,0.7195,2.7235947,0.24974294307593498
2,2,255933.72244452895,0.7195,2.7241101,0.25074191616233843
2,2,255938.72244531126,0.7195,2.7242246,0.25174088764502267
2,2,255943.72244609357,0.7195,2.7247972,0.2527398565136094
2,2,255948.72244687588,0.7195,2.7252936,0.2537388272013399
2,2,255953.7224476582,0.7195,2.725828,0.2547377997876207
2,2,255958.7224484405,0.7195,2.7263815,0.25573677277213996
2,2,255963.7224492228,0.7195,2.7265916,0.25673574561354184
2,2,255968.72245000512,0.7195,2.7272406,0.25773471982780427
2,2,255973.72245078743,0.7195,2.727546,0.2587336935380498
2,2,255978.72245156975,0.7195,2.7280803,0.2597326647494468
2,2,255983.72245235206,0.7195,2.728691,0.2607316337080465
2,2,255988.72245313437,0.7195,2.729321,0.2617306033056444
2,2,255993.72245391668,0.7195,2.729722,0.2627295745074186
2,2,255998.722454699,0.7195,2.7302754,0.263728544564714
2,2,256003.7224554813,0.7195,2.730848,0.26472751443715226
2,2,256008.7224562636,0.7195,2.731249,0.265726481719623
2,2,256013.72245704592,0.7195,2.73186,0.2667254449648195
2,2,256018.72245782823,0.7195,2.732528,0.2677244073635936
2,2,256023.72245861054,0.7195,2.7329288,0.2687233709563083
2,2,256028.72245939285,0.7195,2.7334633,0.26972233528683587
2,2,256033.72246017517,0.7195,2.733845,0.2707213023945756
2,2,256038.72246095748,0.7195,2.7345893,0.2717202739653588
2,2,256043.7224617398,0.7195,2.7350285,0.2727192441262471
2,2,256048.7224625221,0.7195,2.735601,0.27371821501539156
2,2,256053.7224633044,0.7195,2.736231,0.27471718533133804
2,2,256058.72246408672,0.7195,2.7368226,0.2757161529904174
2,2,256063.72246486903,0.7195,2.7373762,0.2767151214591729
2,2,256068.72246565134,0.7195,2.7380824,0.27771409329127605
2,2,256073.72246643365,0.7195,2.7387314,0.2787130645204352
2,2,256078.72246721596,0.7195,2.7394187,0.27971203412046697
2,2,256083.72246799828,0.7195,2.7398958,0.28071100495095386
2,2,256088.7224687806,0.7195,2.7405639,0.2817099767883817
2,2,256093.7224695629,0.7195,2.7409458,0.28270894671058655
2,2,256098.7224703452,0.7195,2.741461,0.28370791378243104
2,2,256103.72247112752,0.7195,2.7424154,0.28470688284165
2,2,256108.72247190983,0.7195,2.743141,0.28570585413396693
2,2,256113.72247269214,0.7195,2.7437325,0.2867048242083258
2,2,256118.72247347445,0.7195,2.7441525,0.287703795328031
2,2,256123.72247425676,0.7195,2.7448015,0.28870276588595906
2,2,256128.72247503907,0.7195,2.7452977,0.28970173466289706
2,2,256133.72247582139,0.7195,2.7462904,0.29070070691344807
2,2,256138.7224766037,0.7195,2.7470348,0.29169967954164744
2,2,256143.722477386,0.7195,2.7478747,0.2926986517040001
2,2,256148.72247816832,0.7195,2.748581,0.2936976262633039
2,2,256153.72247895063,0.7195,2.7494018,0.29469660267852416
2,2,256158.72247973294,0.7195,2.7502415,0.2956955760469967
2,2,256163.72248051525,0.7195,2.7508333,0.29669455358944674
2,2,256168.72248129756,0.7195,2.7517877,0.29769353098150103
2,2,256173.72248207987,0.7195,2.752284,0.29869250648216084
2,2,256178.72248286218,0.7195,2.7530284,0.2996914810659986
2,2,256183.7224836445,0.7195,2.7539637,0.30069045358231344
2,2,256188.7224844268,0.7195,2.7543454,0.30168943008079807
2,2,256193.72248520912,0.7195,2.7549372,0.302688404019846
2,2,256198.72248599143,0.7195,2.7559297,0.3036873755760426
2,2,256203.72248677374,0.7195,2.7567506,0.30468635043358816
2,2,256208.72248755605,0.7195,2.7578194,0.3056853262893625
2,2,256213.72248833836,0.7195,2.7584493,0.30668429838966677
2,2,256218.72248912067,0.7195,2.7593465,0.30768327015079405
2,2,256223.72248990298,0.7195,2.7603965,0.30868223773622194
2,2,256228.7224906853,0.7195,2.7611217,0.30968120406691246
2,2,256233.7224914676,0.7195,2.7616372,0.31068017200554754
2,2,256238.72249224992,0.7195,2.7628396,0.31167914186717416
2,2,256243.72249303223,0.7195,2.7639658,0.31267811323582473
2,2,256248.72249381454,0.7195,2.7647676,0.3136770837165251
2,2,256253.72249459685,0.7195,2.7655501,0.3146760533300772
2,2,256258.72249537916,0.7195,2.7664664,0.3156750251978604
2,2,256263.72249616147,0.7195,2.7675161,0.31667399522283685
2,2,256268.72249694378,0.7195,2.7682035,0.3176729638693466
2,2,256273.7224977261,0.7195,2.7691195,0.3186719323740603
2,2,256278.7224985084,0.7195,2.7701695,0.31967089930715836
2,2,256283.7224992907,0.7195,2.771353,0.32066986922371726
2,2,256288.72250007303,0.7195,2.772689,0.32166883874899155
2,2,256293.72250085534,0.7195,2.773147,0.32266780762267117
2,2,256298.72250163765,0.7195,2.774445,0.3236667778140108
2,2,256303.72250241996,0.7195,2.7753232,0.3246657471294602
2,2,256308.72250320204,0.7195,2.7765448,0.32566471162446675
2,2,256313.72250398435,0.7195,2.777633,0.3266636752167245
2,2,256318.72250476666,0.7195,2.7784154,0.32766263814542695
2,2,256323.72250554897,0.7195,2.7795227,0.32866160276750395
2,2,256328.72250633128,0.7195,2.7807443,0.32966056874721916
2,2,256333.7225071136,0.7195,2.782004,0.33065953630643424
2,2,256338.7225078959,0.7195,2.7833593,0.33165850501263144
2,2,256343.7225086782,0.7195,2.7842374,0.3326574726112154
2,2,256348.72250946052,0.7195,2.7855353,0.3336564363314543
2,2,256353.72251024283,0.7195,2.7866807,0.33465540073318617
2,2,256358.72251102515,0.7195,2.7880359,0.3356543674057391
2,2,256363.72251180746,0.7195,2.7894673,0.3366533348385791
2,2,256368.72251258977,0.7195,2.7907846,0.33765230226008097
2,2,256373.72251337208,0.7195,2.7917962,0.338651269644469
2,2,256378.7225141544,0.7195,2.7932277,0.3396502375427319
2,2,256383.7225149367,0.7195,2.794335,0.3406492051306764
2,2,256388.722515719,0.7195,2.7957857,0.34164817257881824
2,2,256393.72251650132,0.7195,2.797408,0.34264713965272237
2,2,256398.72251728363,0.7195,2.7986488,0.34364610802167983
2,2,256403.72251806594,0.7195,2.800176,0.3446450764372481
2,2,256408.72251884826,0.7195,2.801512,0.34564404417955547
2,2,256413.72251963057,0.7195,2.8031535,0.346643012317737
2,2,256418.72252041288,0.7195,2.8048716,0.347641979422513
2,2,256423.7225211952,0.7195,2.8063412,0.34864094682446123
2,2,256428.7225219775,0.7195,2.8076391,0.3496399108987848
2,2,256433.7225227598,0.7195,2.8093572,0.35063887853589987
2,2,256438.72252354212,0.7195,2.810808,0.35163784641005263
2,2,256443.72252432443,0.7195,2.8123157,0.3526368137656914
2,2,256448.72252510674,0.7195,2.813919,0.3536357813575731
2,2,256453.72252588905,0.7195,2.8154652,0.3546347503077454
2,2,256458.72252667136,0.7195,2.816916,0.3556337177119321
2,2,256463.72252745368,0.7195,2.8183668,0.356632684253676
2,2,256468.722528236,0.7195,2.8205237,0.3576316510706477
2,2,256473.7225290183,0.7195,2.822089,0.35863061761748455
2,2,256478.7225298006,0.7195,2.8239787,0.35962958542060186
2,2,256483.72253058292,0.7195,2.82583,0.3606285536175237
2,2,256488.72253136523,0.7195,2.8273952,0.3616275223905576
2,2,256493.72253214754,0.7195,2.8293233,0.36262649259705343
2,2,256498.72253292985,0.7195,2.8312702,0.3636254630348119
2,2,256503.72253371216,0.7195,2.832969,0.3646244363761279
2,2,256508.72253449447,0.7195,2.8352406,0.36562340749225347
2,2,256513.7225352768,0.7195,2.8371685,0.36662237957020266
2,2,256518.7225360591,0.7195,2.8392298,0.36762135225485426
2,2,256523.7225368414,0.7195,2.8411767,0.3686203248417079
2,2,256528.72253762325,0.7195,2.8434865,0.3696192968516085
2,2,256533.72253840556,0.7195,2.8456435,0.3706182658242153
2,2,256538.72253918787,0.7195,2.8477814,0.3716172357289825
2,2,256543.7225399702,0.7195,2.8501863,0.3726162083761759
2,2,256548.7225407525,0.7195,2.8521333,0.37361518052196174
2,2,256553.7225415348,0.7195,2.8546338,0.374614150703662
2,2,256558.72254231712,0.7195,2.8567717,0.37561312103903627
2,2,256563.72254309943,0.7195,2.8593295,0.3766120912465288
2,2,256568.72254388174,0.7195,2.8617728,0.37761106043576864
2,2,256573.72254466405,0.7195,2.8641207,0.37861002979643477
2,2,256578.72254544636,0.7195,2.8666213,0.37960899864379893
2,2,256583.72254622867,0.7195,2.8692553,0.3806079679534236
2,2,256588.72254701098,0.7195,2.871794,0.38160694163080383
2,2,256593.7225477933,0.7195,2.8743136,0.3826059155073629
2,2,256598.7225485756,0.7195,2.876967,0.3836048858898017
2,2,256603.72254935792,0.7195,2.8796582,0.3846038573112388
2,2,256608.72255014023,0.7195,2.8823116,0.3856028270365728
2,2,256613.72255092254,0.7195,2.8850603,0.3866017955144114
2,2,256618.72255170485,0.7195,2.8879998,0.3876007673613462
2,2,256623.72255248716,0.7195,2.890882,0.3885997376805312
2,2,256628.72255326947,0.7195,2.8935926,0.38959870506013433
2,2,256633.72255405178,0.7195,2.8967612,0.39059766932743456
2,2,256638.7225548341,0.7195,2.8997388,0.3915966346217328
2,2,256643.7225556164,0.7195,2.9026213,0.39259560343652966
2,2,256648.72255639872,0.7195,2.9057324,0.39359457144434257
2,2,256653.72255718103,0.7195,2.9088438,0.39459353815511866
2,2,256658.72255796334,0.7195,2.9122796,0.39559250539488267
2,2,256663.72255874565,0.7195,2.9155629,0.39659147174860376
2,2,256668.72255952796,0.7195,2.9188077,0.3975904359094799
2,2,256673.72256031027,0.7195,2.9224536,0.39858939997190906
2,2,256678.72256109258,0.7195,2.9258323,0.39958836496355804
2,2,256683.7225618749,0.7195,2.9298024,0.40058733111121925
2,2,256688.7225626572,0.7195,2.9330285,0.40158629482715996
2,2,256693.7225634395,0.7195,2.9364069,0.40258525804279255
2,2,256698.72256422183,0.7195,2.940091,0.4035842198488183
2,2,256703.72256500414,0.7195,2.944271,0.4045831834284664
2,2,256708.72256578645,0.7195,2.9482605,0.40558214977731644
2,2,256713.72256656876,0.7195,2.9523454,0.4065811161210107
2,2,256718.72256735107,0.7195,2.9561439,0.40758008388618633
2,2,256723.72256813338,0.7195,2.9604578,0.40857905106884906
2,2,256728.7225689157,0.7195,2.9650009,0.40957801834492885
2,2,256733.722569698,0.7195,2.9690475,0.41057698396462206
2,2,256738.7225704803,0.7195,2.9732087,0.41157594890703764
2,2,256743.72257126262,0.7195,2.9778852,0.41257491190593776
2,2,256748.72257204494,0.7195,2.98239,0.41357387471262946
2,2,256753.72257282725,0.7195,2.9869711,0.41457283995942606
2,2,256758.72257360956,0.7195,2.9916668,0.41557180541076594
2,2,256763.72257439187,0.7195,2.9957898,0.4165707686828441
2,2,256768.4283751296,0.7195,3.0000656,0.417510954747147
2,2,256768.4285751297,0.7195,2.9998364,0.4175109947073724
3,1,256768.42937512975,-0.7195,2.8517864,-7.901493708292644e-08
3,1,256773.42937591253,-0.7195,2.347599,-0.0009996799550122683
3,1,256778.42937669484,-0.7195,2.221542,-0.0019992818444867924
3,1,256783.42937747715,-0.7195,2.1452851,-0.0029988877172768113
3,1,256788.42937825946,-0.7195,2.0993404,-0.003998492889689074
3,1,256793.42937904177,-0.7195,2.0650966,-0.004998097386313809
3,1,256798.42937982408,-0.7195,2.0334487,-0.005997703610691759
3,1,256803.4293806064,-0.7195,2.0016289,-0.006997307193911738
3,1,256808.4293813887,-0.7195,1.9687593,-0.007996912631336185
3,1,256813.42938217102,-0.7195,1.9349926,-0.008996519456091853
3,1,256818.42938295333,-0.7195,1.899088,-0.009996124029351605
3,1,256823.42938373564,-0.7195,1.8614846,-0.010995727543966638
3,1,256828.42938451795,-0.7195,1.822965,-0.01199532677602768
3,1,256833.42938530026,-0.7195,1.78435,-0.012994925912105375
3,1,256838.42938608257,-0.7195,1.7470711,-0.013994526159356037
3,1,256843.42938686488,-0.7195,1.7118156,-0.01499412623399496
3,1,256848.4293876472,-0.7195,1.6791178,-0.015993724478668637
3,1,256853.4293884295,-0.7195,1.6497986,-0.01699332366739048
3,1,256858.42938921181,-0.7195,1.623858,-0.017992922410749727
3,1,256863.42938999413,-0.7195,1.6019068,-0.018992522665864892
3,1,256868.42939077644,-0.7195,1.5836778,-0.019992123900608883
3,1,256873.42939155875,-0.7195,1.5690945,-0.020991723564061853
3,1,256878.42939234106,-0.7195,1.557279,-0.021991324328518577
3,1,256883.42939312337,-0.7195,1.547525,-0.022990926362444958
3,1,256888.42939390568,-0.7195,1.5398326,-0.023990529164950054
3,1,256893.429394688,-0.7195,1.5335908,-0.02499013248074717
3,1,256898.4293954703,-0.7195,1.5284561,-0.02598973514230384
3,1,256903.4293962526,-0.7195,1.5240468,-0.026989336423393753
3,1,256908.42939703492,-0.7195,1.5202483,-0.027988937885191707
3,1,256913.42939781724,-0.7195,1.5170605,-0.02898853684516748
3,1,256918.42939859955,-0.7195,1.51435,-0.02998813815006945
3,1,256923.42939938186,-0.7195,1.5121359,-0.03098773774115576
3,1,256928.42940016417,-0.7195,1.5100362,-0.03198733880896039
3,1,256933.42940094648,-0.7195,1.5082228,-0.03298693975437019
3,1,256938.4294017288,-0.7195,1.5066195,-0.03398654066931209
3,1,256943.4294025111,-0.7195,1.505207,-0.03498614159221451
3,1,256948.4294032934,-0.7195,1.504138,-0.03598574367215568
3,1,256953.42940407572,-0.7195,1.50284,-0.036985341601789005
3,1,256958.42940485803,-0.7195,1.5019047,-0.03798493793204096
3,1,256963.42940564035,-0.7195,1.5009311,-0.03898453422194058
3,1,256968.42940642266,-0.7195,1.5002631,-0.03998413139061796
3,1,256973.42940720497,-0.7195,1.4994614,-0.04098373035487533
3,1,256978.42940798728,-0.7195,1.4987934,-0.04198333183290231
3,1,256983.4294087696,-0.7195,1.4980108,-0.04298293282952575
3,1,256988.4294095519,-0.7195,1.497419,-0.043982534904244884
3,1,256993.4294103342,-0.7195,1.4968846,-0.0449821381663349
3,1,256998.42941111652,-0.7195,1.4963119,-0.04598174091471898
3,1,257003.42941189883,-0.7195,1.4956629,-0.04698134103838603
3,1,257008.42941268114,-0.7195,1.495243,-0.04798094258042177
3,1,257013.42941346345,-0.7195,1.4948612,-0.048980543368442195
3,1,257018.42941424577,-0.7195,1.4944794,-0.049980145578556595
3,1,257023.42941502808,-0.7195,1.4942123,-0.05097974737067355
3,1,257028.4294158104,-0.7195,1.4940213,-0.0519793500492043
3,1,257033.4294165927,-0.7195,1.4936587,-0.052978951564020584
3,1,257038.429417375,-0.7195,1.4934869,-0.053978553668797016
3,1,257043.42941815732,-0.7195,1.493086,-0.054978155218081345
3,1,257048.42941893963,-0.7195,1.492857,-0.055977757908274736
3,1,257053.42941972194,-0.7195,1.4925897,-0.056977359983666084
3,1,257058.42942050425,-0.7195,1.4923416,-0.05797696181262865
3,1,257063.42942128656,-0.7195,1.4920934,-0.058976564153691145
3,1,257068.42942206888,-0.7195,1.4919217,-0.059976167008058905
3,1,257073.4294228512,-0.7195,1.4918262,-0.06097576816794609
3,1,257078.4294236335,-0.7195,1.4917308,-0.06197536949413685
3,1,257083.4294244158,-0.7195,1.4913299,-0.0629749729389118
3,1,257088.42942519812,-0.7195,1.4910626,-0.0639745746721758
3,1,257093.42942598043,-0.7195,1.4908336,-0.06497417611699305
3,1,257098.42942676274,-0.7195,1.4908336,-0.06597378003821441
3,1,257103.42942754505,-0.7195,1.4905092,-0.06697338510865307
3,1,257108.42942832736,-0.7195,1.4904327,-0.06797298812166852
3,1,257113.42942910967,-0.7195,1.4904137,-0.06897259106223454
3,1,257118.42942989198,-0.7195,1.4901465,-0.06997219254926512
3,1,257123.4294306743,-0.7195,1.4901083,-0.07097179554113417
3,1,257128.4294314566,-0.7195,1.4899555,-0.07197139850731361
3,1,257133.42943223892,-0.7195,1.4898793,-0.07297100341442891
3,1,257138.42943302123,-0.7195,1.4897456,-0.07397060807843342
3,1,257143.42943380354,-0.7195,1.4895166,-0.07497021081211502
3,1,257148.42943458585,-0.7195,1.4894783,-0.07596981439602708
3,1,257153.42943536816,-0.7195,1.489192,-0.07696941713847719
3,1,257158.42943615047,-0.7195,1.4890202,-0.0779690205623011
3,1,257163.42943693278,-0.7195,1.4889249,-0.07896862360035713
3,1,257168.4294377151,-0.7195,1.4886385,-0.07996822559714319
3,1,257173.4294384974,-0.7195,1.4886385,-0.08096782641197246
3,1,257178.42943927972,-0.7195,1.4886194,-0.0819674273890522
3,1,257183.42944006203,-0.7195,1.4886576,-0.08296702727595637
3,1,257188.42944084434,-0.7195,1.4884858,-0.08396662765526774
3,1,257193.42944162665,-0.7195,1.4881423,-0.08496622944984836
3,1,257198.42944240896,-0.7195,1.4879322,-0.08596582873689468
3,1,257203.42944319127,-0.7195,1.4879131,-0.08696542762087121
3,1,257208.42944397358,-0.7195,1.4877795,-0.08796502780968946
3,1,257213.4294447559,-0.7195,1.4877987,-0.08896462824774452
3,1,257218.4294455382,-0.7195,1.4875505,-0.08996423050342667
3,1,257223.42944632052,-0.7195,1.4874359,-0.09096383182482257
3,1,257228.42944710283,-0.7195,1.4871688,-0.09196343249755767
3,1,257233.42944788514,-0.7195,1.4872451,-0.09296303158156077
3,1,257238.42944866745,-0.7195,1.4870733,-0.09396263043267197
3,1,257243.42944944976,-0.7195,1.486806,-0.09496222948017717
3,1,257248.42945023207,-0.7195,1.4866152,-0.09596182923116288
3,1,257253.42945101438,-0.7195,1.4866343,-0.09696142953123982
3,1,257258.4294517967,-0.7195,1.4864625,-0.0979610291015241
3,1,257263.429452579,-0.7195,1.4861761,-0.09896062935264907
3,1,257268.4294533613,-0.7195,1.4860617,-0.09996022721773057
3,1,257273.42945414362,-0.7195,1.4863098,-0.1009598240184751
3,1,257278.42945492594,-0.7195,1.4860234,-0.10195942133771381
3,1,257283.42945570825,-0.7195,1.4860044,-0.10295901562816569
3,1,257288.42945649056,-0.7195,1.4856989,-0.10395861178613704
3,1,257293.42945727287,-0.7195,1.4853554,-0.10495820931016075
3,1,257298.42945805518,-0.7195,1.4851645,-0.10595780618528194
3,1,257303.4294588375,-0.7195,1.4851645,-0.10695739981858267
3,1,257308.4294596198,-0.7195,1.48505,-0.1079569960274299
3,1,257313.4294604021,-0.7195,1.48505,-0.10895658975338605
3,1,257318.42946118442,-0.7195,1.4849927,-0.10995618551410238
3,1,257323.42946196673,-0.7195,1.4848591,-0.1109557820415828
3,1,257328.42946274858,-0.7195,1.4846491,-0.11195537678277492
3,1,257333.4294635309,-0.7195,1.4842483,-0.11295497261643078
3,1,257338.4294643132,-0.7195,1.4840001,-0.11395456892467538
3,1,257343.4294650955,-0.7195,1.4838665,-0.11495416591254538
3,1,257348.42946587782,-0.7195,1.4838092,-0.11595376427072286
3,1,257353.42946666013,-0.7195,1.4836375,-0.11695336446785264
3,1,257358.42946744245,-0.7195,1.4835038,-0.11795296329126423
3,1,257363.42946822476,-0.7195,1.4834466,-0.11895256524886355
3,1,257368.42946900707,-0.7195,1.4830838,-0.1199521640274624
3,1,257373.42946978938,-0.7195,1.4830838,-0.12095176397364006
3,1,257378.4294705717,-0.7195,1.4827594,-0.1219513661016027
3,1,257383.429471354,-0.7195,1.4826258,-0.12295096899406777
3,1,257388.4294721363,-0.7195,1.4823776,-0.12395057065479953
3,1,257393.42947291862,-0.7195,1.4821295,-0.12495017236392364
3,1,257398.42947370093,-0.7195,1.4821486,-0.1259497700015803
3,1,257403.42947448324,-0.7195,1.4821486,-0.1269493682799505
3,1,257408.42947526556,-0.7195,1.4818432,-0.12794896412755383
3,1,257413.42947604787,-0.7195,1.4816713,-0.12894856144749456
3,1,257418.42947683018,-0.7195,1.4812706,-0.12994816032066278
3,1,257423.4294776125,-0.7195,1.4812324,-0.1309477570864823
3,1,257428.4294783948,-0.7195,1.4808887,-0.1319473533785012
3,1,257433.4294791771,-0.7195,1.4807361,-0.13294694883917438
3,1,257438.42947995942,-0.7195,1.480488,-0.1339465460928546
3,1,257443.42948074173,-0.7195,1.4802016,-0.1349461444092062
3,1,257448.42948152404,-0.7195,1.480068,-0.13594574430395828
3,1,257453.42948230635,-0.7195,1.4796672,-0.13694534329796498
3,1,257458.42948308866,-0.7195,1.4794762,-0.13794494085788395
3,1,257463.42948387098,-0.7195,1.4793618,-0.13894453768247364
3,1,257468.4294846533,-0.7195,1.4790754,-0.13994413470934827
3,1,257473.4294854356,-0.7195,1.4789227,-0.1409437319266829
3,1,257478.4294862179,-0.7195,1.4784455,-0.14194332601406506
3,1,257483.42948700022,-0.7195,1.4782356,-0.14294291967880393
3,1,257488.42948778253,-0.7195,1.4781401,-0.14394251640906927
3,1,257493.42948856484,-0.7195,1.4777775,-0.14494211430019138
3,1,257498.42948934715,-0.7195,1.4776438,-0.14594171222538416
3,1,257503.42949012946,-0.7195,1.4774721,-0.14694131075505412
3,1,257508.42949091177,-0.7195,1.477033,-0.14794091067345272
3,1,257513.42949169409,-0.7195,1.4766704,-0.14894050831282798
3,1,257518.4294924764,-0.7195,1.4764985,-0.14994010626114074
3,1,257523.4294932587,-0.7195,1.4760977,-0.15093970433144765
3,1,257528.42949404102,-0.7195,1.4758686,-0.1519393022863964
3,1,257533.42949482333,-0.7195,1.4753342,-0.15293889998552532
3,1,257538.42949560564,-0.7195,1.4751624,-0.15393849725661674
3,1,257543.42949638795,-0.7195,1.4751052,-0.1549380945292082
3,1,257548.42949717026,-0.7195,1.4746852,-0.1559376896610823
3,1,257553.42949795257,-0.7195,1.4745897,-0.15693728408052524
3,1,257558.42949873488,-0.7195,1.4742461,-0.15793687536752885
3,1,257563.4294995172,-0.7195,1.4740171,-0.15893646706779466
3,1,257568.4295002995,-0.7195,1.4736162,-0.15993605907479258
3,1,257573.42950108182,-0.7195,1.4731009,-0.1609356535857419
3,1,257578.42950186413,-0.7195,1.4728336,-0.16193524803978868
3,1,257583.42950264644,-0.7195,1.4726237,-0.16293484422444304
3,1,257588.42950342875,-0.7195,1.4721847,-0.1639344389757183
3,1,257593.42950421106,-0.7195,1.4719365,-0.16493403607646295
3,1,257598.42950499337,-0.7195,1.4716502,-0.16593362979124654
3,1,257603.42950577568,-0.7195,1.471402,-0.16693322379263906
3,1,257608.429506558,-0.7195,1.4709058,-0.16793281542973718
3,1,257613.4295073403,-0.7195,1.470543,-0.1689324096245534
3,1,257618.42950812262,-0.7195,1.4701232,-0.1699320013926592
3,1,257623.42950890493,-0.7195,1.4699131,-0.17093159508756797
3,1,257628.42950968724,-0.7195,1.4694933,-0.1719311860655414
3,1,257633.42951046955,-0.7195,1.4690351,-0.17293078133618503
3,1,257638.42951125186,-0.7195,1.4684434,-0.17393037413672607
3,1,257643.42951203417,-0.7195,1.4682907,-0.17492996613406475
3,1,257648.42951281648,-0.7195,1.4678899,-0.17592955823174453
3,1,257653.4295135988,-0.7195,1.4675653,-0.17692914966147477
3,1,257658.4295143811,-0.7195,1.4673172,-0.17792874591279362
3,1,257663.4295151634,-0.7195,1.4668591,-0.17892834130681556
3,1,257668.42951594573,-0.7195,1.4663628,-0.17992793658091627
3,1,257673.42951672804,-0.7195,1.4659429,-0.18092753442551032
3,1,257678.42951751035,-0.7195,1.4656374,-0.18192713429141377
3,1,257683.42951829266,-0.7195,1.4654084,-0.18292673190870884
3,1,257688.42951907497,-0.7195,1.4648358,-0.18392632913546764
3,1,257693.42951985728,-0.7195,1.4643586,-0.18492592410704498
3,1,257698.4295206396,-0.7195,1.4638432,-0.18592551790275844
3,1,257703.4295214219,-0.7195,1.4636332,-0.18692511536795237
3,1,257708.4295222042,-0.7195,1.4631943,-0.18792471400512925
3,1,257713.42952298652,-0.7195,1.4626788,-0.18892431190970543
3,1,257718.42952376883,-0.7195,1.462278,-0.18992391420001126
3,1,257723.42952455115,-0.7195,1.4619343,-0.19092350643016898
3,1,257728.42952533346,-0.7195,1.4614381,-0.19192309907156893
3,1,257733.42952611577,-0.7195,1.4610564,-0.19292269321244296
3,1,257738.42952689808,-0.7195,1.4605027,-0.1939222885051635
3,1,257743.4295276804,-0.7195,1.4599683,-0.1949218845198784
3,1,257748.4295284627,-0.7195,1.4595866,-0.19592148254429306
3,1,257753.429529245,-0.7195,1.4590139,-0.19692108000011582
3,1,257758.42953002732,-0.7195,1.4587085,-0.19792067364664215
3,1,257763.42953080963,-0.7195,1.4583267,-0.1989202701044381
3,1,257768.42953159194,-0.7195,1.4577923,-0.19991986827783786
3,1,257773.42953237426,-0.7195,1.4571624,-0.20091946825215554
3,1,257778.42953315657,-0.7195,1.456857,-0.20191906332479254
3,1,257783.42953393888,-0.7195,1.4563416,-0.2029186575811936
3,1,257788.4295347212,-0.7195,1.4558071,-0.2039182533365157
3,1,257793.4295355035,-0.7195,1.45512,-0.2049178490127623
3,1,257798.4295362858,-0.7195,1.4546809,-0.20591744701478548
3,1,257803.42953706812,-0.7195,1.4543755,-0.20691704391368232
3,1,257808.42953785043,-0.7195,1.4538411,-0.20791664564383364
3,1,257813.42953863274,-0.7195,1.4532112,-0.2089162424531844
3,1,257818.42953941505,-0.7195,1.4529439,-0.20991583823382526
3,1,257823.42954019736,-0.7195,1.4523712,-0.21091543197685483
3,1,257828.42954097968,-0.7195,1.4518368,-0.21191502645505803
3,1,257833.429541762,-0.7195,1.4513024,-0.21291461879685855
3,1,257838.4295425443,-0.7195,1.450806,-0.21391420913518472
3,1,257843.4295433266,-0.7195,1.4504243,-0.2149138021420936
3,1,257848.42954410892,-0.7195,1.4497181,-0.21591339519519942
3,1,257853.42954489123,-0.7195,1.4493172,-0.2169129897850388
3,1,257858.42954567354,-0.7195,1.448821,-0.21791258277712933
3,1,257863.42954645585,-0.7195,1.44842,-0.21891217664495777
3,1,257868.42954723816,-0.7195,1.4478475,-0.2199117729043067
3,1,257873.42954802047,-0.7195,1.4472748,-0.22091136889184187
3,1,257878.4295488028,-0.7195,1.4466449,-0.22191096576000918
3,1,257883.4295495851,-0.7195,1.4461486,-0.22291056006365353
3,1,257888.4295503674,-0.7195,1.4454805,-0.22391015782616536
3,1,257893.42955114972,-0.7195,1.4448124,-0.22490975324431725
3,1,257898.42955193203,-0.7195,1.4443543,-0.2259093468285435
3,1,257903.42955271434,-0.7195,1.4437435,-0.22690894149399798
3,1,257908.42955349665,-0.7195,1.4429227,-0.22790853654105134
3,1,257913.42955427896,-0.7195,1.4425027,-0.22890813302838803
3,1,257918.42955506127,-0.7195,1.4417201,-0.22990772695627146
3,1,257923.42955584358,-0.7195,1.4414339,-0.23090732077163456
3,1,257928.4295566259,-0.7195,1.4408422,-0.23190691476076178
3,1,257933.4295574082,-0.7195,1.4403076,-0.23290650748709837
3,1,257938.42955819052,-0.7195,1.4396969,-0.23390609728819794
3,1,257943.42955897283,-0.7195,1.4392005,-0.23490568984033333
3,1,257948.42955975514,-0.7195,1.4385325,-0.23590528370686373
3,1,257953.42956053745,-0.7195,1.4379216,-0.2369048743465245
3,1,257958.42956131976,-0.7195,1.4371964,-0.23790446621606418
3,1,257963.42956210207,-0.7195,1.4367383,-0.23890406193124586
3,1,257968.42956288438,-0.7195,1.4361084,-0.2399036580890053
3,1,257973.4295636667,-0.7195,1.4351157,-0.24090325368086166
3,1,257978.429564449,-0.7195,1.4344858,-0.24190284728066458
3,1,257983.42956523132,-0.7195,1.433665,-0.24290244028843444
3,1,257988.42956601363,-0.7195,1.4329588,-0.2439020324825214
3,1,257993.42956679594,-0.7195,1.4323289,-0.24490162672223978
3,1,257998.42956757825,-0.7195,1.4311454,-0.24590122005507017
3,1,258003.42956836056,-0.7195,1.4306301,-0.2469008112483157
3,1,258008.42956914287,-0.7195,1.4299619,-0.24790040408767594
3,1,258013.42956992518,-0.7195,1.4294084,-0.2488999978369011
3,1,258018.4295707075,-0.7195,1.4288167,-0.24989959099805356
3,1,258023.4295714898,-0.7195,1.4279195,-0.25089918335361616
3,1,258028.4295722721,-0.7195,1.4271178,-0.2518987767407398
3,1,258033.42957305443,-0.7195,1.4263926,-0.2528983714583583
3,1,258038.42957383674,-0.7195,1.4256672,-0.253897967119664
3,1,258043.42957461905,-0.7195,1.42498,-0.2548975609715283
3,1,258048.42957540136,-0.7195,1.4242356,-0.2558971565323936
3,1,258053.42957618367,-0.7195,1.4233766,-0.2568967494426204
3,1,258058.42957696598,-0.7195,1.4227657,-0.25789634274295636
3,1,258063.4295777483,-0.7195,1.4220405,-0.2588959375329018
3,1,258068.4295785306,-0.7195,1.4210861,-0.2598955334156421
3,1,258073.4295793129,-0.7195,1.4205325,-0.2608951296595666
3,1,258078.42958009522,-0.7195,1.4198263,-0.2618947247742481
3,1,258083.42958087754,-0.7195,1.4190246,-0.26289431653108863
3,1,258088.42958165985,-0.7195,1.4180702,-0.2638939055517614
3,1,258093.42958244216,-0.7195,1.4172876,-0.26489349936861795
3,1,258098.42958322447,-0.7195,1.4163904,-0.2658930954762134
3,1,258103.42958400678,-0.7195,1.415665,-0.2668926923083928
3,1,258108.4295847891,-0.7195,1.4149015,-0.2678922885875934
3,1,258113.4295855714,-0.7195,1.4139853,-0.2688918826639189
3,1,258118.4295863537,-0.7195,1.41326,-0.2698914726455609
3,1,258123.42958713602,-0.7195,1.4123437,-0.27089106352185544
3,1,258128.42958791833,-0.7195,1.4115802,-0.27189065593084366
3,1,258133.42958870064,-0.7195,1.4106449,-0.2728902483886613
3,1,258138.42958948296,-0.7195,1.4102058,-0.2738898417529762
3,1,258143.42959026527,-0.7195,1.4090987,-0.2748894347423017
3,1,258148.42959104758,-0.7195,1.4081444,-0.2758890283061862
3,1,258153.4295918299,-0.7195,1.4075145,-0.2768886227780349
3,1,258158.4295926122,-0.7195,1.4066365,-0.27788821793494295
3,1,258163.4295933945,-0.7195,1.4056247,-0.2788878131922815
3,1,258168.42959417682,-0.7195,1.4049186,-0.27988740986478994
3,1,258173.42959495913,-0.7195,1.403964,-0.2808870077800122
3,1,258178.42959574144,-0.7195,1.4031814,-0.2818866035486162
3,1,258183.42959652375,-0.7195,1.4023416,-0.2828861977036993
3,1,258188.42959730607,-0.7195,1.4013491,-0.28388579069550507
3,1,258193.42959808838,-0.7195,1.4005665,-0.2848853809850548
3,1,258198.4295988707,-0.7195,1.399402,-0.2858849714234671
3,1,258203.429599653,-0.7195,1.3984286,-0.28688456306320104
3,1,258208.4296004353,-0.7195,1.3975314,-0.28788415735803385
3,1,258213.42960121762,-0.7195,1.396787,-0.28888375187247334
3,1,258218.42960199993,-0.7195,1.39568,-0.2898833463530309
3,1,258223.42960278224,-0.7195,1.3949355,-0.2908829387303459
3,1,258228.42960356455,-0.7195,1.3937902,-0.29188252962612776
3,1,258233.42960434686,-0.7195,1.3927404,-0.29288211970148814
3,1,258238.42960512917,-0.7195,1.3916142,-0.29388171150559184
3,1,258243.4296059115,-0.7195,1.3910415,-0.2948813058380716
3,1,258248.4296066938,-0.7195,1.3899535,-0.29588089780147203
3,1,258253.4296074761,-0.7195,1.3888464,-0.2968804890779654
3,1,258258.42960825842,-0.7195,1.3879111,-0.297880081426435
3,1,258263.42960904073,-0.7195,1.3867085,-0.2988796720962988
3,1,258268.42960982304,-0.7195,1.3858496,-0.29987926211795873
3,1,258273.42961060535,-0.7195,1.3843607,-0.3008788516809974
3,1,258278.42961138766,-0.7195,1.3835781,-0.30187844250552853
3,1,258283.42961216997,-0.7195,1.3825855,-0.3028780309879118
3,1,258288.42961295228,-0.7195,1.381593,-0.30387762223006953
3,1,258293.4296137346,-0.7195,1.3804667,-0.30487721190853256
3,1,258298.4296145169,-0.7195,1.3793215,-0.3058768020448917
3,1,258303.42961529922,-0.7195,1.3785388,-0.3068763946891626
3,1,258308.42961608153,-0.7195,1.3773172,-0.30787598344192574
3,1,258313.42961686384,-0.7195,1.3763819,-0.3088755758673019
3,1,258318.42961764615,-0.7195,1.3750839,-0.30987517019251654
3,1,258323.42961842846,-0.7195,1.3742632,-0.3108747642725872
3,1,258328.42961921077,-0.7195,1.3728507,-0.3118743599728611
3,1,258333.42961999308,-0.7195,1.3718008,-0.31287395696097614
3,1,258338.4296207754,-0.7195,1.3706365,-0.313873551169018
3,1,258343.4296215577,-0.7195,1.3695103,-0.3148731470829646
3,1,258348.42962234002,-0.7195,1.3683649,-0.315872744694425
3,1,258353.42962312233,-0.7195,1.3669143,-0.3168723439738022
3,1,258358.42962390464,-0.7195,1.3656163,-0.3178719435042176
3,1,258363.42962468695,-0.7195,1.3642038,-0.3188715422001382
3,1,258368.42962546926,-0.7195,1.3630394,-0.3198711435570949
3,1,258373.42962625157,-0.7195,1.3617033,-0.32087074506513613
3,1,258378.42962703388,-0.7195,1.3606915,-0.3218703477879796
3,1,258383.4296278162,-0.7195,1.3596418,-0.3228699491779871
3,1,258388.4296285985,-0.7195,1.3582484,-0.3238695479265419
3,1,258393.42962938081,-0.7195,1.3571603,-0.324869148167544
3,1,258398.42963016313,-0.7195,1.3557287,-0.32586874949294004
3,1,258403.42963094544,-0.7195,1.3545071,-0.32686835028354
3,1,258408.42963172775,-0.7195,1.3531137,-0.32786795012787984
3,1,258413.42963251006,-0.7195,1.351663,-0.32886755223261654
3,1,258418.42963329237,-0.7195,1.3503458,-0.3298671556574306
3,1,258423.42963407468,-0.7195,1.3489333,-0.3308667579275536
3,1,258428.429634857,-0.7195,1.3476926,-0.33186635805521086
3,1,258433.4296356393,-0.7195,1.3464137,-0.33286595203793057
3,1,258438.4296364216,-0.7195,1.3449249,-0.3338655461488533
3,1,258443.42963720392,-0.7195,1.3434741,-0.33486513639998117
3,1,258448.42963798624,-0.7195,1.3425198,-0.33586472492665065
3,1,258453.42963876855,-0.7195,1.3408782,-0.3368643144788147
3,1,258458.42963955086,-0.7195,1.3396757,-0.3378639033846194
3,1,258463.42964033317,-0.7195,1.3380723,-0.33886348908993286
3,1,258468.42964111548,-0.7195,1.336488,-0.33986307384937686
3,1,258473.4296418978,-0.7195,1.3351899,-0.34086265907785973
3,1,258478.4296426801,-0.7195,1.3336056,-0.3418622452942532
3,1,258483.4296434624,-0.7195,1.3318877,-0.3428618339231446
3,1,258488.42964424472,-0.7195,1.3304752,-0.34386142215926796
3,1,258493.42964502703,-0.7195,1.3289292,-0.34486101278169967
3,1,258498.42964580934,-0.7195,1.3270967,-0.3458606015273599
3,1,258503.42964659166,-0.7195,1.3254741,-0.34686018912435257
3,1,258508.42964737397,-0.7195,1.3240235,-0.3478597736011646
3,1,258513.42964815628,-0.7195,1.3224583,-0.34885935831940856
3,1,258518.4296489386,-0.7195,1.3205686,-0.34985894338292567
3,1,258523.4296497209,-0.7195,1.3192515,-0.3508585303365259
3,1,258528.4296505032,-0.7195,1.3177054,-0.351858117481116
3,1,258533.42965128552,-0.7195,1.316083,-0.35285770583475984
3,1,258538.42965206783,-0.7195,1.3143458,-0.3538572920658657
3,1,258543.42965285014,-0.7195,1.3126853,-0.3548568791556162
3,1,258548.42965363245,-0.7195,1.3111391,-0.35585646540483523
3,1,258553.42965441477,-0.7195,1.3094403,-0.35685604944493393
3,1,258558.42965519708,-0.7195,1.3077797,-0.35785563173247065
3,1,258563.4296559794,-0.7195,1.3057563,-0.35885521610960713
3,1,258568.4296567617,-0.7195,1.3044583,-0.3598547982606989
3,1,258573.429657544,-0.7195,1.3024732,-0.3608543776491849
3,1,258578.42965832632,-0.7195,1.3004498,-0.3618539630333187
3,1,258583.42965910863,-0.7195,1.2986174,-0.3628535493907698
3,1,258588.42965989094,-0.7195,1.2965559,-0.36385313775836775
3,1,258593.42966067325,-0.7195,1.2947043,-0.3648527259930904
3,1,258598.42966145556,-0.7195,1.2927574,-0.36585231260947404
3,1,258603.42966223788,-0.7195,1.2907531,-0.3668519003713861
3,1,258608.42966301972,-0.7195,1.288787,-0.3678514877692496
3,1,258613.42966380203,-0.7195,1.2869737,-0.36885107306975806
3,1,258618.42966458434,-0.7195,1.2851985,-0.36985065900979125
3,1,258623.42966536665,-0.7195,1.2830033,-0.370850251508703
3,1,258628.42966614896,-0.7195,1.2812663,-0.3718498407799007
3,1,258633.42966693128,-0.7195,1.2792621,-0.3728494293926227
3,1,258638.4296677136,-0.7195,1.2770861,-0.37384902006751314
3,1,258643.4296684959,-0.7195,1.2751582,-0.374848612276084
3,1,258648.4296692782,-0.7195,1.2733258,-0.3758481993176806
3,1,258653.42967006052,-0.7195,1.2711498,-0.3768477827278145
3,1,258658.42967084283,-0.7195,1.2689164,-0.3778473675369456
3,1,258663.42967162514,-0.7195,1.2671221,-0.37884695333142426
3,1,258668.42967240745,-0.7195,1.265156,-0.3798465393733152
3,1,258673.42967318976,-0.7195,1.2635145,-0.3808461288899781
3,1,258678.42967397207,-0.7195,1.2612813,-0.3818457194711965
3,1,258683.42967475438,-0.7195,1.2591624,-0.3828453091193605
3,1,258688.4296755367,-0.7195,1.2572346,-0.3838448972529671
3,1,258693.429676319,-0.7195,1.2550013,-0.38484448180888775
3,1,258698.42967710132,-0.7195,1.2528253,-0.385844066148427
3,1,258703.42967788363,-0.7195,1.2511073,-0.3868436436211833
3,1,258708.42967866594,-0.7195,1.2485877,-0.38784322364352164
3,1,258713.42967944825,-0.7195,1.2467552,-0.38884280968775037
3,1,258718.42968023056,-0.7195,1.2444837,-0.38984239141421534
3,1,258723.42968101287,-0.7195,1.2424413,-0.3908419780160952
3,1,258728.42968179518,-0.7195,1.2403035,-0.3918415634080869
3,1,258733.4296825775,-0.7195,1.2383183,-0.39284114909419104
3,1,258738.4296833598,-0.7195,1.2364095,-0.39384073467262937
3,1,258743.42968414212,-0.7195,1.2345198,-0.3948403216072654
3,1,258748.42968492443,-0.7195,1.2326492,-0.3958399078109233
3,1,258753.42968570674,-0.7195,1.2306259,-0.3968394943558741
3,1,258758.42968648905,-0.7195,1.2287552,-0.3978390799290242
3,1,258763.42968727136,-0.7195,1.2266747,-0.39883866677117036
3,1,258768.4296880532,-0.7195,1.2245749,-0.3998382542813455
3,1,258773.42968883552,-0.7195,1.2229143,-0.40083784133601535
3,1,258778.42968961783,-0.7195,1.2212155,-0.40183742738617806
3,1,258783.42969040014,-0.7195,1.2199366,-0.40283701829180796
3,1,258788.42969118245,-0.7195,1.2178178,-0.4038366090859441
3,1,258793.42969196476,-0.7195,1.2162144,-0.4048361999125184
3,1,258798.42969274707,-0.7195,1.2144202,-0.40583578928929914
3,1,258803.42969352938,-0.7195,1.2122823,-0.4068353766920535
3,1,258808.4296943117,-0.7195,1.2109079,-0.40783496546144965
3,1,258813.429695094,-0.7195,1.2093809,-0.40883455509333494
3,1,258818.42969587632,-0.7195,1.2076248,-0.4098341436249781
3,1,258823.42969665863,-0.7195,1.2058496,-0.41083373217720476
3,1,258828.42969744094,-0.7195,1.2040745,-0.41183332003792145
3,1,258833.42969822325,-0.7195,1.2026811,-0.4128329052438307
3,1,258838.42969900556,-0.7195,1.2010394,-0.4138324893053838
3,1,258841.59029950178,-0.7195,1.1999705,-0.41446434680247657
3,1,258841.59049950168,-0.7195,1.200085,-0.41446438678523256
3,2,258841.59129950148,0.7195,1.408978,7.923546433448792e-08
3,2,258846.5913002845,0.7195,1.7292811,0.0009990604337056477
3,2,258851.5913010668,0.7195,1.8061676,0.0019980407405793665
3,2,258856.5913018491,0.7195,1.8632598,0.002997021098236243
3,2,258861.59130263142,0.7195,1.9104645,0.003996001193775071
3,2,258866.59130341373,0.7195,1.9515991,0.004994981602817774
3,2,258871.59130419604,0.7195,1.9882481,0.00599396302013927
3,2,258876.59130497836,0.7195,2.021614,0.006992943634394142
3,2,258881.59130576067,0.7195,2.051582,0.007991923360251717
3,2,258886.59130654298,0.7195,2.0792217,0.008990901710510254
3,2,258891.5913073253,0.7195,2.104456,0.009989881004648076
3,2,258896.5913081076,0.7195,2.1278198,0.010988860065854257
3,2,258901.5913088899,0.7195,2.1492364,0.01198784115291304
3,2,258906.59130967222,0.7195,2.1687443,0.012986823239220513
3,2,258911.59131045453,0.7195,2.1869736,0.013985807240880197
3,2,258916.59131123684,0.7195,2.2036755,0.014984787095208962
3,2,258921.59131201915,0.7195,2.2190223,0.01598376651892066
3,2,258926.59131280147,0.7195,2.233338,0.016982744142227703
3,2,258931.59131358378,0.7195,2.2464135,0.01798171952287025
3,2,258936.5913143661,0.7195,2.2587826,0.018980694119860732
3,2,258941.5913151484,0.7195,2.26972,0.019979669626620084
3,2,258946.5913159307,0.7195,2.2803903,0.02097864418562916
3,2,258951.59131671302,0.7195,2.2902396,0.021977618751383494
3,2,258956.59131749533,0.7195,2.2995164,0.02297659354249968
3,2,258961.59131827764,0.7195,2.308144,0.02397556957081623
3,2,258966.59131905995,0.7195,2.3164284,0.024974542810264566
3,2,258971.59131984226,0.7195,2.324178,0.025973513668288793
3,2,258976.59132062458,0.7195,2.331336,0.026972487783537977
3,2,258981.5913214069,0.7195,2.3380742,0.027971462951378697
3,2,258986.5913221892,0.7195,2.3444304,0.02897044078403381
3,2,258991.5913229715,0.7195,2.3509395,0.029969418404903685
3,2,258996.59132375382,0.7195,2.3567421,0.03096839706429509
3,2,259001.59132453613,0.7195,2.3627741,0.03196737525278662
3,2,259006.59132531844,0.7195,2.368157,0.032966351674020296
3,2,259011.59132610075,0.7195,2.3734825,0.03396532827151485
3,2,259016.59132688306,0.7195,2.3786361,0.034964302042666415
3,2,259021.59132766537,0.7195,2.3836372,0.03596327739529478
3,2,259026.59132844768,0.7195,2.3882947,0.03696225091269613
3,2,259031.59132923,0.7195,2.3932004,0.03796122476336692
3,2,259036.5913300123,0.7195,2.3977623,0.03896019848382474
3,2,259041.59133079462,0.7195,2.4021907,0.03995917265902295
3,2,259046.59133157693,0.7195,2.4066384,0.04095814839873381
3,2,259051.59133235924,0.7195,2.4110286,0.04195712520442407
3,2,259056.59133314155,0.7195,2.4150753,0.04295610192917785
3,2,259061.59133392386,0.7195,2.4191408,0.043955076015032006
3,2,259066.59133470617,0.7195,2.4234166,0.04495404762458471
3,2,259071.59133548848,0.7195,2.4275205,0.045953017443064195
3,2,259076.5913362708,0.7195,2.431739,0.04695198708411059
3,2,259081.5913370531,0.7195,2.4357092,0.04795095578814216
3,2,259086.59133783495,0.7195,2.4396796,0.0489499247532785
3,2,259091.59133861726,0.7195,2.4433637,0.049948892665187525
3,2,259096.59133939957,0.7195,2.4474294,0.05094786310846939
3,2,259101.59134018188,0.7195,2.4513805,0.05194683346176148
3,2,259106.5913409642,0.7195,2.4552937,0.05294580242642761
3,2,259111.5913417465,0.7195,2.4590921,0.05394477171227999
3,2,259116.59134252882,0.7195,2.462738,0.05494374225191276
3,2,259121.59134331113,0.7195,2.4668229,0.05594271538965239
3,2,259126.59134409344,0.7195,2.4706976,0.05694168741737803
3,2,259131.59134487575,0.7195,2.474477,0.05794065950818857
3,2,259136.59134565806,0.7195,2.4782755,0.05893962914844686
3,2,259141.59134644037,0.7195,2.4821696,0.059938604384097795
3,2,259146.59134722268,0.7195,2.4860444,0.06093758026390606
3,2,259151.591348005,0.7195,2.4898238,0.061936553587466484
3,2,259156.5913487873,0.7195,2.493756,0.06293552808644044
3,2,259161.59134956961,0.7195,2.4976308,0.0639344983458784
3,2,259166.59135035193,0.7195,2.5015056,0.06493346742358475
3,2,259171.59135113424,0.7195,2.5053425,0.0659324371505413
3,2,259176.59135191655,0.7195,2.5090263,0.06693140690782337
3,2,259181.59135269886,0.7195,2.5131495,0.06793037958726621
3,2,259186.59135348117,0.7195,2.516929,0.06892935169878936
3,2,259191.59135426348,0.7195,2.5209756,0.06992832239902022
3,2,259196.5913550458,0.7195,2.5249076,0.07092729123650328
3,2,259201.5913558281,0.7195,2.5291069,0.07192626097846033
3,2,259206.5913566104,0.7195,2.5329628,0.07292523096872372
3,2,259211.59135739272,0.7195,2.5366085,0.07392420296304428
3,2,259216.59135817504,0.7195,2.5408652,0.07492317498767048
3,2,259221.59135895735,0.7195,2.5445683,0.07592214548953377
3,2,259226.59135973966,0.7195,2.5486913,0.07692111516703172
3,2,259231.59136052197,0.7195,2.5524707,0.07792008931788474
3,2,259236.59136130428,0.7195,2.5567656,0.07891906009061472
3,2,259241.5913620866,0.7195,2.5607357,0.07991803101129667
3,2,259246.5913628689,0.7195,2.564515,0.08091700342847576
3,2,259251.5913636512,0.7195,2.5687718,0.0819159751755463
3,2,259256.59136443352,0.7195,2.5726466,0.08291494744682977
3,2,259261.59136521583,0.7195,2.576598,0.0839139200621678
3,2,259266.59136599815,0.7195,2.5804727,0.08491289404943257
3,2,259271.59136678046,0.7195,2.5845385,0.08591186845118803
3,2,259276.59136756277,0.7195,2.588528,0.08691084285687078
3,2,259281.59136834508,0.7195,2.5924792,0.08790981510663698
3,2,259286.5913691274,0.7195,2.596373,0.08890878696870808
3,2,259291.5913699097,0.7195,2.5999808,0.08990776003538573
3,2,259296.591370692,0.7195,2.603951,0.09090673302332233
3,2,259301.59137147432,0.7195,2.607845,0.09190570482926903
3,2,259306.59137225663,0.7195,2.611777,0.0929046757052475
3,2,259311.59137303894,0.7195,2.6157665,0.09390364505196948
3,2,259316.59137382125,0.7195,2.6195078,0.09490261164597014
3,2,259321.59137460357,0.7195,2.6233635,0.09590157931860956
3,2,259326.59137538588,0.7195,2.6270285,0.09690054870798195
3,2,259331.5913761682,0.7195,2.6308842,0.0978995164932013
3,2,259336.5913769505,0.7195,2.6341102,0.0988984826358756
3,2,259341.5913777328,0.7195,2.6377177,0.09989744802614721
3,2,259346.59137851512,0.7195,2.641249,0.10089641234145236
3,2,259351.59137929743,0.7195,2.644475,0.1018953791850309
3,2,259356.59138007974,0.7195,2.6478534,0.10289434677157804
3,2,259361.59138086205,0.7195,2.6511748,0.10389331501016687
3,2,259366.59138164436,0.7195,2.654248,0.10489228362017873
3,2,259371.59138242668,0.7195,2.6571302,0.10589125050198704
3,2,259376.591383209,0.7195,2.660108,0.10689021787799732
3,2,259381.5913839913,0.7195,2.6629903,0.10788918251097536
3,2,259386.5913847736,0.7195,2.6656625,0.1088881484208935
3,2,259391.59138555592,0.7195,2.6682587,0.1098871155622403
3,2,259396.59138633823,0.7195,2.6707017,0.11088608055590923
3,2,259401.59138712054,0.7195,2.6729734,0.11188504894640713
3,2,259406.59138790285,0.7195,2.675474,0.11288401531769504
3,2,259411.59138868516,0.7195,2.6778598,0.11388298391425612
3,2,259416.59138946747,0.7195,2.6798067,0.11488195359104213
3,2,259421.59139024979,0.7195,2.6813529,0.11588092352404862
3,2,259426.5913910321,0.7195,2.6831853,0.11687989348918533
3,2,259431.5913918144,0.7195,2.6849415,0.11787886747055255
3,2,259436.59139259672,0.7195,2.6865258,0.11887784035452872
3,2,259441.59139337903,0.7195,2.6879573,0.1198768103953799
3,2,259446.59139416134,0.7195,2.6892936,0.12087578113898638
3,2,259451.59139494365,0.7195,2.6903625,0.12187475092000434
3,2,259456.59139572596,0.7195,2.691584,0.12287372070616155
3,2,259461.59139650827,0.7195,2.6925766,0.1238726917872959
3,2,259466.59139729058,0.7195,2.6938174,0.1248716617594759
3,2,259471.5913980729,0.7195,2.6944664,0.12587063321094052
3,2,259476.5913988552,0.7195,2.695459,0.12686960312746634
3,2,259481.59139963752,0.7195,2.696337,0.12786857580535282
3,2,259486.59140041983,0.7195,2.696967,0.12886754630424913
3,2,259491.59140120214,0.7195,2.697826,0.12986651658333342
3,2,259496.59140198445,0.7195,2.6982076,0.13086548774787785
3,2,259501.59140276676,0.7195,2.6988184,0.13186445773651534
3,2,259506.59140354907,0.7195,2.6994293,0.13286342878846658
3,2,259511.59140433138,0.7195,2.6995437,0.1338623988076713
3,2,259516.5914051137,0.7195,2.7000973,0.13486137101658183
3,2,259521.591405896,0.7195,2.700479,0.13586034730489716
3,2,259526.59140667832,0.7195,2.700861,0.13685931878155136
3,2,259531.59140746063,0.7195,2.701319,0.13785828566159802
3,2,259536.59140824294,0.7195,2.7018154,0.1388572530358268
3,2,259541.59140902525,0.7195,2.7017007,0.1398562225069569
3,2,259546.59140980756,0.7195,2.7020252,0.14085519369632665
3,2,259551.59141058987,0.7195,2.702197,0.1418541615252958
3,2,259556.59141137218,0.7195,2.7024262,0.14285312868263653
3,2,259561.5914121545,0.7195,2.7025025,0.14385209349194827
3,2,259566.5914129368,0.7195,2.7027125,0.1448510538310938
3,2,259571.5914137191,0.7195,2.7029223,0.1458500163773033
3,2,259576.59141450142,0.7195,2.7031705,0.14684898123212983
3,2,259581.59141528374,0.7195,2.7032468,0.1478479418627222
3,2,259586.59141606605,0.7195,2.703285,0.14884690526729488
3,2,259591.59141684836,0.7195,2.7033806,0.1498458733806113
3,2,259596.59141763067,0.7195,2.7033806,0.1508448367208838
3,2,259601.59141841298,0.7195,2.7036285,0.15184380125503072
3,2,259606.5914191953,0.7195,2.7037814,0.1528427728527254
3,2,259611.5914199776,0.7195,2.7038577,0.15384174135036266
3,2,259616.5914207599,0.7195,2.7040486,0.1548407089413702
3,2,259621.59142154222,0.7195,2.7042203,0.15583967783180536
3,2,259626.59142232453,0.7195,2.7044113,0.15683864398961592
3,2,259631.59142310685,0.7195,2.7042584,0.1578376056090626
3,2,259636.59142388916,0.7195,2.7045448,0.1588365712180038
3,2,259641.59142467147,0.7195,2.7045639,0.15983552918839783
3,2,259646.59142545378,0.7195,2.704583,0.16083449486476512
3,2,259651.5914262361,0.7195,2.7046595,0.16183345670549734
3,2,259656.5914270184,0.7195,2.7046785,0.16283242302493914
3,2,259661.5914278007,0.7195,2.7046213,0.16383138527441354
3,2,259666.59142858302,0.7195,2.7047358,0.16483034659376078
3,2,259671.59142936533,0.7195,2.704774,0.1658293087439802
3,2,259676.59143014764,0.7195,2.7048502,0.16682827008010942
3,2,259681.59143092996,0.7195,2.7049077,0.16782723148104547
3,2,259686.59143171227,0.7195,2.704984,0.16882619339699215
3,2,259691.59143249458,0.7195,2.7050602,0.16982515923577546
3,2,259696.5914332769,0.7195,2.7053084,0.17082412548056905
3,2,259701.5914340592,0.7195,2.7052512,0.17182309392337997
3,2,259706.5914348415,0.7195,2.7054992,0.17282205859039887
3,2,259711.59143562382,0.7195,2.7053657,0.17382102144636707
3,2,259716.59143640613,0.7195,2.7056901,0.17481998504407867
3,2,259721.59143718844,0.7195,2.7054992,0.175818954772224
3,2,259726.59143797075,0.7195,2.705213,0.1768179248560137
3,2,259731.59143875306,0.7195,2.7053275,0.17781689303175938
3,2,259736.59143953538,0.7195,2.7053847,0.17881585978299377
3,2,259741.5914403177,0.7195,2.7054229,0.17981482743881474
3,2,259746.5914411,0.7195,2.7057283,0.18081379304289152
3,2,259751.5914418823,0.7195,2.7054229,0.18181275701144003
3,2,259756.59144266462,0.7195,2.705862,0.1828117206432819
3,2,259761.59144344693,0.7195,2.705862,0.18381068440399234
3,2,259766.591444229,0.7195,2.7059383,0.18480964835773572
3,2,259771.59144501132,0.7195,2.7059956,0.1858086108302242
3,2,259776.59144579363,0.7195,2.7059574,0.18680757422784963
3,2,259781.59144657594,0.7195,2.7062628,0.1878065366086463
3,2,259786.59144735825,0.7195,2.706301,0.18880549852544398
3,2,259791.59144814056,0.7195,2.7063963,0.1898044590486884
3,2,259796.59144892287,0.7195,2.7067018,0.1908034204963909
3,2,259801.59144970519,0.7195,2.7070072,0.19180238066644797
3,2,259806.5914504875,0.7195,2.7069309,0.19280133990613285
3,2,259811.5914512698,0.7195,2.7072172,0.19380030221832126
3,2,259816.59145205212,0.7195,2.7072172,0.19479926739492015
3,2,259821.59145283443,0.7195,2.7072363,0.1957982323990563
3,2,259826.59145361674,0.7195,2.7073507,0.1967971976816422
3,2,259831.59145439905,0.7195,2.707828,0.19779616422237617
3,2,259836.59145518136,0.7195,2.7081144,0.19879512984018188
3,2,259841.59145596367,0.7195,2.7081335,0.19979409700162207
3,2,259846.59145674598,0.7195,2.7083051,0.2007930640630324
3,2,259851.5914575283,0.7195,2.708248,0.20179203099291518
3,2,259856.5914583106,0.7195,2.7085915,0.20279099876923357
3,2,259861.59145909292,0.7195,2.708935,0.20378996336110758
3,2,259866.59145987523,0.7195,2.7089734,0.20478893112227645
3,2,259871.59146065754,0.7195,2.7092214,0.20578789944439127
3,2,259876.59146143985,0.7195,2.709317,0.20678686577183333
3,2,259881.59146222216,0.7195,2.7093742,0.20778583068822815
3,2,259886.59146300447,0.7195,2.7096224,0.20878479485196863
3,2,259891.59146378678,0.7195,2.7100232,0.2097837581335107
3,2,259896.5914645691,0.7195,2.7104049,0.21078272053440075
3,2,259901.5914653514,0.7195,2.710443,0.2117816863370206
3,2,259906.59146613372,0.7195,2.710615,0.21278065320103362
3,2,259911.59146691603,0.7195,2.7109203,0.21377961848906007
3,2,259916.59146769834,0.7195,2.7111492,0.2147785852989057
3,2,259921.59146848065,0.7195,2.711283,0.21577755004285765
3,2,259926.59146926296,0.7195,2.7116838,0.21677651437210366
3,2,259931.59147004527,0.7195,2.711722,0.21777548374952863
3,2,259936.59147082758,0.7195,2.7120464,0.21877444965521153
3,2,259941.5914716099,0.7195,2.712409,0.21977341235122405
3,2,259946.5914723922,0.7195,2.7127528,0.22077237788785156
3,2,259951.5914731745,0.7195,2.7129436,0.22177134358210354
3,2,259956.59147395683,0.7195,2.7133253,0.22277031071542028
3,2,259961.59147473914,0.7195,2.7133827,0.22376927700983143
3,2,259966.59147552145,0.7195,2.7136116,0.22476823931616202
3,2,259971.59147630376,0.7195,2.7138216,0.22576720118458724
3,2,259976.59147708607,0.7195,2.7141843,0.22676616729427698
3,2,259981.59147786838,0.7195,2.714585,0.22776513471734514
3,2,259986.5914786507,0.7195,2.714776,0.22876410158515298
3,2,259991.591479433,0.7195,2.715234,0.22976306785325862
3,2,259996.5914802153,0.7195,2.7156541,0.23076203594942216
3,2,260001.59148099762,0.7195,2.7156732,0.23176100249878556
3,2,260006.59148177993,0.7195,2.7161503,0.2327599677178594
3,2,260011.59148256225,0.7195,2.7165322,0.23375893451624108
3,2,260016.59148334456,0.7195,2.7166085,0.2347579001079234
3,2,260021.59148412687,0.7195,2.7172194,0.2357568646311627
3,2,260026.59148490918,0.7195,2.7173529,0.2367558290820353
3,2,260031.5914856915,0.7195,2.7179446,0.23775479428484367
3,2,260036.5914864738,0.7195,2.71846,0.23875376266199344
3,2,260041.5914872561,0.7195,2.7187274,0.23975272905384495
3,2,260046.59148803842,0.7195,2.7191281,0.24075169393551013
3,2,260051.59148882073,0.7195,2.7193573,0.24175066096458495
3,2,260056.59148960304,0.7195,2.7199106,0.24274962722491217
3,2,260061.59149038536,0.7195,2.7203116,0.24374859433112533
3,2,260066.59149116767,0.7195,2.720598,0.24474756202158324
3,2,260071.59149194998,0.7195,2.721056,0.24574652900177232
3,2,260076.5914927323,0.7195,2.721228,0.24674549717752461
3,2,260081.5914935146,0.7195,2.7215714,0.2477444670507907
3,2,260086.5914942969,0.7195,2.7220294,0.24874343450105182
3,2,260091.59149507922,0.7195,2.722545,0.249742399873048
3,2,260096.59149586153,0.7195,2.7226975,0.25074136634290545
3,2,260101.59149664384,0.7195,2.723213,0.2517403330645395
3,2,260106.59149742615,0.7195,2.7236137,0.25273929832208153
3,2,260111.59149820847,0.7195,2.7241864,0.2537382623067001
3,2,260116.59149899078,0.7195,2.7246828,0.25473722782301234
3,2,260121.5914997731,0.7195,2.7251217,0.25573619269825676
3,2,260126.5915005554,0.7195,2.725389,0.25673516136446256
3,2,260131.5915013377,0.7195,2.7257516,0.25773413200775114
3,2,260136.59150212002,0.7195,2.7263815,0.25873309861033156
3,2,260141.59150290233,0.7195,2.7269733,0.25973206585029757
3,2,260146.59150368464,0.7195,2.727527,0.26073103224351335
3,2,260151.59150446695,0.7195,2.7279086,0.26172999712693684
3,2,260156.59150524926,0.7195,2.7283285,0.26272896253456335
3,2,260161.59150603157,0.7195,2.7288058,0.2637279284544686
3,2,260166.5915068139,0.7195,2.7290921,0.26472689322155374
3,2,260171.5915075962,0.7195,2.7294357,0.2657258597641752
3,2,260176.5915083785,0.7195,2.7300656,0.26672482746794146
3,2,260181.59150916082,0.7195,2.7304282,0.2677237965271869
3,2,260186.59150994313,0.7195,2.7312872,0.2687227680580118
3,2,260191.59151072544,0.7195,2.7319171,0.26972173998513144
3,2,260196.59151150775,0.7195,2.7322607,0.27072071245340823
3,2,260201.59151229006,0.7195,2.7329288,0.2717196812367372
3,2,260206.59151307237,0.7195,2.7334251,0.2727186497222548
3,2,260211.59151385468,0.7195,2.7339785,0.27371761711013304
3,2,260216.591514637,0.7195,2.7346084,0.27471658430941887
3,2,260221.5915154193,0.7195,2.735181,0.27571555758653404
3,2,260226.59151620162,0.7195,2.73583,0.2767145310347311
3,2,260231.59151698393,0.7195,2.7363265,0.27771350393768474
3,2,260236.59151776624,0.7195,2.737147,0.2787124763168857
3,2,260241.59151854855,0.7195,2.7377007,0.279711446922779
3,2,260246.59151933086,0.7195,2.7383878,0.28071041312980977
3,2,260251.59152011317,0.7195,2.7390177,0.281709379005793
3,2,260256.59152089548,0.7195,2.739495,0.2827083487352927
3,2,260261.5915216778,0.7195,2.7402203,0.2837073191171917
3,2,260266.5915224601,0.7195,2.7410984,0.28470628889953425
3,2,260271.59152324242,0.7195,2.7415948,0.2857052592475878
3,2,260276.59152402473,0.7195,2.742129,0.2867042285094956
3,2,260281.59152480704,0.7195,2.74274,0.2877031967870791
3,2,260286.59152558935,0.7195,2.7432363,0.2887021634694966
3,2,260291.59152637166,0.7195,2.744057,0.28970112724540625
3,2,260296.59152715397,0.7195,2.7445915,0.2907000897919403
3,2,260301.59152793628,0.7195,2.7454696,0.29169905318815836
3,2,260306.5915287186,0.7195,2.7463095,0.29269801406291124
3,2,260311.5915295009,0.7195,2.7471492,0.2936969751411047
3,2,260316.5915302832,0.7195,2.7476265,0.29469593302497266
3,2,260321.59153106553,0.7195,2.7485237,0.2956948979374269
3,2,260326.59153184784,0.7195,2.7493443,0.29669386321187013
3,2,260331.59153263015,0.7195,2.7498026,0.2976928267459836
3,2,260336.59153341246,0.7195,2.7508905,0.2986917916114528
3,2,260341.59153419477,0.7195,2.7515585,0.2996907570928301
3,2,260346.59153497708,0.7195,2.7523413,0.3006897234077221
3,2,260351.5915357594,0.7195,2.752723,0.3016886929820709
3,2,260356.5915365417,0.7195,2.7538683,0.30268766386168194
3,2,260361.591537324,0.7195,2.754689,0.3036866341754131
3,2,260366.59153810586,0.7195,2.7553763,0.3046856056327852
3,2,260371.59153888817,0.7195,2.7564833,0.30568457730307835
3,2,260376.59153967048,0.7195,2.7569032,0.306683546412693
3,2,260381.5915404528,0.7195,2.7575715,0.3076825160196588
3,2,260386.5915412351,0.7195,2.7587357,0.30868148381558047
3,2,260391.5915420174,0.7195,2.7596138,0.3096804533726704
3,2,260396.59154279972,0.7195,2.760511,0.3106794240641129
3,2,260401.59154358204,0.7195,2.7613318,0.3116783945690657
3,2,260406.59154436435,0.7195,2.7621524,0.31267736421467185
3,2,260411.59154514666,0.7195,2.7632406,0.31367633030308273
3,2,260416.59154592897,0.7195,2.7638705,0.31467529854519155
3,2,260421.59154671128,0.7195,2.765073,0.3156742685713899
3,2,260426.5915474936,0.7195,2.7660847,0.3166732380669811
3,2,260431.5915482759,0.7195,2.7673254,0.31767220802224994
3,2,260436.5915490582,0.7195,2.7684324,0.31867117495074854
3,2,260441.59154984052,0.7195,2.7692914,0.3196701421479912
3,2,260446.59155062283,0.7195,2.7703602,0.32066911160374
3,2,260451.59155140514,0.7195,2.7710476,0.321668080028451
3,2,260456.59155218746,0.7195,2.7723455,0.3226670482534202
3,2,260461.59155296977,0.7195,2.7733572,0.32366601623779523
3,2,260466.59155375208,0.7195,2.7743878,0.3246649849448501
3,2,260471.5915545344,0.7195,2.7757432,0.3256639542496865
3,2,260476.5915553167,0.7195,2.7767549,0.32666292100741784
3,2,260481.591556099,0.7195,2.7776902,0.3276618881094388
3,2,260486.59155688132,0.7195,2.7790453,0.32866085551906943
3,2,260491.59155766363,0.7195,2.7803624,0.3296598228984507
3,2,260496.59155844594,0.7195,2.7814887,0.3306587903675866
3,2,260501.59155922825,0.7195,2.7826912,0.33165775603592385
3,2,260506.59156001057,0.7195,2.7835884,0.33265672417649944
3,2,260511.59156079288,0.7195,2.7850008,0.333655692181746
3,2,260516.5915615752,0.7195,2.7863944,0.3346546587690643
3,2,260521.5915623575,0.7195,2.7875776,0.33565362570188423
3,2,260526.5915631398,0.7195,2.7888184,0.33665259032046113
3,2,260531.59156392212,0.7195,2.7902691,0.337651556545009
3,2,260536.59156470443,0.7195,2.7912426,0.3386505233977104
3,2,260541.59156548674,0.7195,2.7927506,0.339649488848686
3,2,260546.59156626905,0.7195,2.7944303,0.3406484523366555
3,2,260551.59156705136,0.7195,2.7956138,0.3416474158265291
3,2,260556.59156783368,0.7195,2.797179,0.34264637849154056
3,2,260561.591568616,0.7195,2.7983434,0.34364534035719413
3,2,260566.5915693983,0.7195,2.7999659,0.34464430075519925
3,2,260571.5915701806,0.7195,2.8012638,0.34564326159548076
3,2,260576.59157096292,0.7195,2.8026955,0.34664222368345965
3,2,260581.59157174523,0.7195,2.8040316,0.3476411842420297
3,2,260586.59157252754,0.7195,2.805425,0.3486401429415276
3,2,260591.59157330985,0.7195,2.806933,0.34963910188486813
3,2,260596.59157409216,0.7195,2.8087082,0.3506380641742346
3,2,260601.59157487447,0.7195,2.8101206,0.35163702789345025
3,2,260606.59157565678,0.7195,2.8117049,0.35263599338067875
3,2,260611.5915764391,0.7195,2.813423,0.3536349571034276
3,2,260616.5915772214,0.7195,2.8148353,0.35463391972687813
3,2,260621.59157800372,0.7195,2.8165152,0.35563288096207685
3,2,260626.59157878603,0.7195,2.8182712,0.35663184267656645
3,2,260631.59157956834,0.7195,2.8201418,0.3576308056949275
3,2,260636.59158035065,0.7195,2.8215926,0.3586297696354155
3,2,260641.59158113296,0.7195,2.823215,0.35962873223162994
3,2,260646.59158191527,0.7195,2.8249712,0.3606276948844159
3,2,260651.59158269758,0.7195,2.826899,0.361626659958561
3,2,260656.5915834799,0.7195,2.8287888,0.3626256276547045
3,2,260661.5915842622,0.7195,2.8308694,0.36362459581920475
3,2,260666.59158504452,0.7195,2.8328545,0.3646235628834231
3,2,260671.59158582683,0.7195,2.8349543,0.3656225325812463
3,2,260676.59158660914,0.7195,2.836882,0.36662150034976637
3,2,260681.59158739145,0.7195,2.8386955,0.3676204691803353
3,2,260686.59158817376,0.7195,2.8406425,0.3686194404720926
3,2,260691.59158895607,0.7195,2.8429902,0.36961840923480166
3,2,260696.59158973838,0.7195,2.8453572,0.37061737559190033
3,2,260701.5915905207,0.7195,2.8474567,0.3716163411370414
3,2,260706.591591303,0.7195,2.8493848,0.3726153085700271
3,2,260711.59159208531,0.7195,2.8516753,0.37361427322818813
3,2,260716.59159286763,0.7195,2.8539658,0.3746132413400409
3,2,260721.59159364994,0.7195,2.8562756,0.3756122085406016
3,2,260726.59159443225,0.7195,2.8585851,0.37661117291056756
3,2,260731.59159521456,0.7195,2.8610857,0.3776101385932099
3,2,260736.59159599687,0.7195,2.8633761,0.37860910767393624
3,2,260741.59159677918,0.7195,2.8661058,0.37960807871351954
3,2,260746.5915975615,0.7195,2.868511,0.38060704876111595
3,2,260751.5915983438,0.7195,2.8714123,0.38160601506253067
3,2,260756.5915991261,0.7195,2.8738747,0.38260498292231876
3,2,260761.59159990842,0.7195,2.8766234,0.38360395188997504
3,2,260766.59160069074,0.7195,2.8792384,0.38460292024838577
3,2,260771.59160147305,0.7195,2.8820062,0.385601887564149
3,2,260776.59160225536,0.7195,2.8848884,0.38660085283800943
3,2,260781.59160303767,0.7195,2.88758,0.38759982089102585
3,2,260786.59160381998,0.7195,2.8905003,0.3885987912941242
3,2,260791.5916046023,0.7195,2.893497,0.389597763701399
3,2,260796.5916053846,0.7195,2.8968375,0.3905967365259791
3,2,260801.5916061669,0.7195,2.9000823,0.3915957089529797
3,2,260806.59160694922,0.7195,2.9033084,0.39259467967117806
3,2,260811.59160773153,0.7195,2.9061906,0.39359365230730153
3,2,260816.59160851385,0.7195,2.9096265,0.3945926246708894
3,2,260821.59160929616,0.7195,2.9129095,0.3955915987742905
3,2,260826.59161007847,0.7195,2.9163835,0.3965905723437234
3,2,260831.59161086078,0.7195,2.919514,0.39758954579977174
3,2,260836.5916116431,0.7195,2.923179,0.3985885182251001
3,2,260841.5916124254,0.7195,2.9272447,0.3995874908361466
3,2,260846.5916132077,0.7195,2.930986,0.4005864647235769
3,2,260851.59161399002,0.7195,2.9345362,0.40158543999841456
3,2,260856.59161477233,0.7195,2.9385066,0.4025844131617577
3,2,260861.59161555464,0.7195,2.9425533,0.40358338718685155
3,2,260866.59161633695,0.7195,2.9467716,0.4045823586352697
3,2,260871.59161711927,0.7195,2.950933,0.40558132905114336
3,2,260876.59161790158,0.7195,2.9553995,0.40658030003201606
3,2,260881.5916186839,0.7195,2.9601715,0.4075792732934552
3,2,260886.5916194662,0.7195,2.964008,0.4085782456555232
3,2,260891.5916202485,0.7195,2.9686656,0.4095772190452713
3,2,260896.59162103082,0.7195,2.973094,0.410576192556189
3,2,260901.59162181313,0.7195,2.9777896,0.4115751620870231
3,2,260906.59162259544,0.7195,2.9824662,0.41257413261988746
3,2,260911.59162337775,0.7195,2.987372,0.4135731001793741
3,2,260916.59162416006,0.7195,2.991915,0.41457206707940486
3,2,260921.59162494238,0.7195,2.9965532,0.4155710357681644
3,2,260925.6714255805,0.7195,3.0000272,0.416386155383653
3,2,260925.67162558052,0.7195,3.0001419,0.4163861953428188
4,1,260925.6724255805,-0.7195,2.8514657,-7.901493708292644e-08
4,1,260930.6724263628,-0.7195,2.3505769,-0.0009996805740363067
4,1,260935.67242714512,-0.7195,2.225493,-0.0019992836045689055
4,1,260940.67242792743,-0.7195,2.14874,-0.0029988857518964346
4,1,260945.67242870975,-0.7195,2.10228,-0.0039984893853730625
4,1,260950.67242949206,-0.7195,2.0683224,-0.00499809207745062
4,1,260955.67243027437,-0.7195,2.0371706,-0.005997690301520957
4,1,260960.67243105668,-0.7195,2.0064008,-0.006997289928055471
4,1,260965.672431839,-0.7195,1.9749819,-0.007996888639433515
4,1,260970.6724326213,-0.7195,1.9419405,-0.008996487429791027
4,1,260975.6724334036,-0.7195,1.9078685,-0.009996087634060118
4,1,260980.67243418592,-0.7195,1.8718303,-0.010995688524560796
4,1,260985.67243496823,-0.7195,1.8346851,-0.011995291508485873
4,1,260990.67243575054,-0.7195,1.7972535,-0.012994897732320758
4,1,260995.67243653286,-0.7195,1.76028,-0.013994505673574076
4,1,261000.67243731517,-0.7195,1.724948,-0.014994112637874151
4,1,261005.67243809748,-0.7195,1.6922313,-0.015993719815135
4,1,261010.6724388798,-0.7195,1.6615186,-0.016993323908295895
4,1,261015.6724396621,-0.7195,1.6347954,-0.017992928423927888
4,1,261020.6724404444,-0.7195,1.6113362,-0.018992533649802204
4,1,261025.67244122672,-0.7195,1.5920001,-0.01999213807229532
4,1,261030.67244200903,-0.7195,1.5758517,-0.02099173944359024
4,1,261035.67244279134,-0.7195,1.5630817,-0.021991339426835375
4,1,261040.67244357365,-0.7195,1.5521634,-0.022990939960519468
4,1,261045.67244435597,-0.7195,1.543612,-0.02399054159064425
4,1,261050.67244513828,-0.7195,1.5363394,-0.02499014228425754
4,1,261055.6724459206,-0.7195,1.5308611,-0.0259897425210509
4,1,261060.6724467029,-0.7195,1.5258793,-0.026989341501163108
4,1,261065.6724474852,-0.7195,1.5218517,-0.027988940597630206
4,1,261070.67244826752,-0.7195,1.518473,-0.028988539086467688
4,1,261075.67244904983,-0.7195,1.5154953,-0.02998814036549793
4,1,261080.67244983214,-0.7195,1.5131093,-0.030987742797864804
4,1,261085.67245061445,-0.7195,1.5108379,-0.03198734374548329
4,1,261090.67245139676,-0.7195,1.50891,-0.032986945361306266
4,1,261095.67245217907,-0.7195,1.5071539,-0.033986546779271626
4,1,261100.6724529614,-0.7195,1.5055505,-0.03498614847097794
4,1,261105.6724537437,-0.7195,1.5043288,-0.03598574864356716
4,1,261110.672454526,-0.7195,1.5032982,-0.036985347290568876
4,1,261115.67245530832,-0.7195,1.5021147,-0.037984947011924446
4,1,261120.67245609063,-0.7195,1.5009121,-0.03898454639284146
4,1,261125.67245687294,-0.7195,1.5002059,-0.03998414462281928
4,1,261130.67245765525,-0.7195,1.499576,-0.04098374037991629
4,1,261135.67245843756,-0.7195,1.4985261,-0.04198333741271164
4,1,261140.67245921987,-0.7195,1.497839,-0.042982937297989916
4,1,261145.67246000218,-0.7195,1.4974953,-0.04398253849190804
4,1,261150.6724607845,-0.7195,1.4967319,-0.044982137338558825
4,1,261155.6724615668,-0.7195,1.4962738,-0.045981734074883984
4,1,261160.67246234912,-0.7195,1.495682,-0.04698133013357718
4,1,261165.67246313096,-0.7195,1.4951857,-0.047980924363921075
4,1,261170.67246391327,-0.7195,1.4948039,-0.048980518524189776
4,1,261175.67246469558,-0.7195,1.4943076,-0.04998011247292491
4,1,261180.6724654779,-0.7195,1.4939259,-0.050979709707544896
4,1,261185.6724662602,-0.7195,1.4934678,-0.051979306345512455
4,1,261190.67246704252,-0.7195,1.4929715,-0.052978902528534315
4,1,261195.67246782483,-0.7195,1.4927615,-0.05397849635639785
4,1,261200.67246860714,-0.7195,1.4924179,-0.054978089798927286
4,1,261205.67246938945,-0.7195,1.4923416,-0.05597768495266303
4,1,261210.67247017176,-0.7195,1.4920934,-0.05697728025537065
4,1,261215.67247095407,-0.7195,1.4916925,-0.057976877641734134
4,1,261220.67247173638,-0.7195,1.4915972,-0.05897647565998963
4,1,261225.6724725187,-0.7195,1.4914063,-0.05997607642646298
4,1,261230.672473301,-0.7195,1.4912536,-0.060975676313989674
4,1,261235.67247408332,-0.7195,1.4910626,-0.06197527694237893
4,1,261240.67247486563,-0.7195,1.4908909,-0.06297487461764943
4,1,261245.67247564794,-0.7195,1.4905854,-0.06397447217769422
4,1,261250.67247643025,-0.7195,1.4904901,-0.0649740674105154
4,1,261255.67247721256,-0.7195,1.4904327,-0.06597366216871471
4,1,261260.67247799487,-0.7195,1.4901465,-0.06697325761365557
4,1,261265.67247877718,-0.7195,1.4901083,-0.06797285142860476
4,1,261270.6724795595,-0.7195,1.4898411,-0.0689724443766044
4,1,261275.6724803418,-0.7195,1.4897075,-0.06997203879537844
4,1,261280.67248112411,-0.7195,1.4897075,-0.07097163377243608
4,1,261285.67248190643,-0.7195,1.4892875,-0.07197122988114751
4,1,261290.67248268874,-0.7195,1.489192,-0.07297082674186094
4,1,261295.67248347105,-0.7195,1.488963,-0.07397042583127482
4,1,261300.67248425336,-0.7195,1.4890202,-0.07497002245042056
4,1,261305.67248503567,-0.7195,1.4886004,-0.07596961706442631
4,1,261310.67248581798,-0.7195,1.4885049,-0.07696921156670315
4,1,261315.6724866003,-0.7195,1.488543,-0.07796880506218139
4,1,261320.6724873826,-0.7195,1.4882759,-0.07896839897134565
4,1,261325.6724881649,-0.7195,1.488524,-0.07996799146920439
4,1,261330.67248894722,-0.7195,1.4884477,-0.08096758293353183
4,1,261335.67248972954,-0.7195,1.4882185,-0.08196717551374101
4,1,261340.67249051185,-0.7195,1.4881804,-0.08296677001096801
4,1,261345.67249129416,-0.7195,1.4877032,-0.08396636483095087
4,1,261350.67249207647,-0.7195,1.4878368,-0.08496595843561487
4,1,261355.67249285878,-0.7195,1.4877032,-0.08596555227338934
4,1,261360.6724936411,-0.7195,1.4875314,-0.08696514495129053
4,1,261365.6724944234,-0.7195,1.4873215,-0.08796473956640559
4,1,261370.6724952057,-0.7195,1.4871879,-0.0889643352832529
4,1,261375.67249598802,-0.7195,1.4869015,-0.08996392863564025
4,1,261380.67249677033,-0.7195,1.4870161,-0.09096352256404688
4,1,261385.67249755264,-0.7195,1.486787,-0.09196311373669569
4,1,261390.67249833496,-0.7195,1.4866343,-0.09296270549670853
4,1,261395.67249911727,-0.7195,1.4866916,-0.09396229811082943
4,1,261400.67249989958,-0.7195,1.4864815,-0.09496189418214557
4,1,261405.6725006819,-0.7195,1.4861571,-0.09596148882361251
4,1,261410.6725014642,-0.7195,1.4861189,-0.09696108660383686
4,1,261415.6725022465,-0.7195,1.4859662,-0.09796068675839899
4,1,261420.67250302882,-0.7195,1.4857563,-0.09896028629040385
4,1,261425.67250381113,-0.7195,1.4857754,-0.09995988672928345
4,1,261430.67250459344,-0.7195,1.4853935,-0.10095948522715766
4,1,261435.67250537575,-0.7195,1.4854317,-0.10195908411691584
4,1,261440.67250615807,-0.7195,1.4853363,-0.10295868098830513
4,1,261445.67250694038,-0.7195,1.4850881,-0.10395827865719462
4,1,261450.6725077227,-0.7195,1.4847445,-0.10495787561424902
4,1,261455.672508505,-0.7195,1.4847064,-0.1059574719792538
4,1,261460.6725092873,-0.7195,1.4843819,-0.10695706617657011
4,1,261465.67251006962,-0.7195,1.4843628,-0.10795666284548573
4,1,261470.67251085193,-0.7195,1.4841146,-0.10895626316333147
4,1,261475.67251163424,-0.7195,1.4837902,-0.10995586549439362
4,1,261480.67251241655,-0.7195,1.4837139,-0.11095546634202201
4,1,261485.67251319886,-0.7195,1.483542,-0.11195506680535276
4,1,261490.67251398118,-0.7195,1.483332,-0.1129546713113553
4,1,261495.6725147635,-0.7195,1.4831793,-0.11395427775769432
4,1,261500.6725155458,-0.7195,1.4831984,-0.11495388187597194
4,1,261505.6725163281,-0.7195,1.4827594,-0.11595348436055249
4,1,261510.67251711042,-0.7195,1.4826258,-0.11695308569821052
4,1,261515.67251789273,-0.7195,1.4823395,-0.11795268849910628
4,1,261520.67251867504,-0.7195,1.4821868,-0.11895229197802476
4,1,261525.67251945735,-0.7195,1.4821868,-0.11995189436336026
4,1,261530.67252023966,-0.7195,1.4820532,-0.12095149760202234
4,1,261535.67252102197,-0.7195,1.4817096,-0.12195110308336217
4,1,261540.67252180428,-0.7195,1.4814805,-0.12295070942906537
4,1,261545.6725225867,-0.7195,1.4815378,-0.12395031472602816
4,1,261550.67252336902,-0.7195,1.4814805,-0.12494991716230576
4,1,261555.67252415133,-0.7195,1.4812706,-0.12594951949424543
4,1,261560.67252493365,-0.7195,1.4809079,-0.12694912273536788
4,1,261565.67252571596,-0.7195,1.4807361,-0.12794872380467917
4,1,261570.67252649827,-0.7195,1.4806025,-0.1289483233275314
4,1,261575.67252728058,-0.7195,1.480278,-0.12994792360698182
4,1,261580.6725280629,-0.7195,1.4801825,-0.1309475245875716
4,1,261585.6725288452,-0.7195,1.4798771,-0.13194712605457504
4,1,261590.6725296275,-0.7195,1.4796289,-0.13294672670289212
4,1,261595.67253040982,-0.7195,1.4791327,-0.1339463245094882
4,1,261600.67253119213,-0.7195,1.4790373,-0.1349459234602352
4,1,261605.67253197444,-0.7195,1.4788846,-0.13594552074106203
4,1,261610.67253275675,-0.7195,1.4785792,-0.1369451186616255
4,1,261615.67253353907,-0.7195,1.4785218,-0.13794471595071753
4,1,261620.67253432138,-0.7195,1.4781401,-0.13894431389069226
4,1,261625.6725351037,-0.7195,1.477911,-0.139943912057966
4,1,261630.672535886,-0.7195,1.4776248,-0.14094351188303034
4,1,261635.6725366683,-0.7195,1.4774338,-0.14194311343934138
4,1,261640.67253745062,-0.7195,1.477014,-0.14294271365297834
4,1,261645.67253823293,-0.7195,1.4768231,-0.14394231570144164
4,1,261650.67253901524,-0.7195,1.476613,-0.14494191592718828
4,1,261655.67253979755,-0.7195,1.4765177,-0.14594151685321663
4,1,261660.67254057986,-0.7195,1.476174,-0.14694111828571227
4,1,261665.67254136218,-0.7195,1.4760405,-0.1479407198942734
4,1,261670.6725421445,-0.7195,1.4756587,-0.14894031994238494
4,1,261675.6725429268,-0.7195,1.4754487,-0.14993991953836877
4,1,261680.6725437091,-0.7195,1.4750097,-0.15093951961024601
4,1,261685.67254449142,-0.7195,1.4746852,-0.15193912042576405
4,1,261690.67254527373,-0.7195,1.4743798,-0.15293872142694392
4,1,261695.67254605604,-0.7195,1.4741507,-0.15393832258139054
4,1,261700.67254683835,-0.7195,1.4739789,-0.15493792542188367
4,1,261705.67254762066,-0.7195,1.47354,-0.1559375282098419
4,1,261710.67254840297,-0.7195,1.4731581,-0.15693712952947286
4,1,261715.67254918528,-0.7195,1.4724519,-0.15793672952592375
4,1,261720.6725499676,-0.7195,1.4723755,-0.15893633016708494
4,1,261725.6725507499,-0.7195,1.4721274,-0.15993593170126943
4,1,261730.67255153222,-0.7195,1.4718602,-0.16093553063139984
4,1,261735.67255231453,-0.7195,1.471631,-0.16193512824457557
4,1,261740.67255309684,-0.7195,1.4713066,-0.16293472365561792
4,1,261745.67255387915,-0.7195,1.4709821,-0.16393432167628078
4,1,261750.67255466146,-0.7195,1.4704477,-0.1649339214714269
4,1,261755.67255544377,-0.7195,1.4701041,-0.16593352038744424
4,1,261760.67255622608,-0.7195,1.4698559,-0.16693311968228886
4,1,261765.6725570084,-0.7195,1.4695696,-0.1679327182778882
4,1,261770.6725577907,-0.7195,1.4691879,-0.1689323162985908
4,1,261775.67255857302,-0.7195,1.4686342,-0.1699319129808446
4,1,261780.67255935533,-0.7195,1.4683671,-0.17093151116271815
4,1,261785.67256013764,-0.7195,1.4678899,-0.17193110759353308
4,1,261790.67256091995,-0.7195,1.4678516,-0.1729307085125016
4,1,261795.67256170226,-0.7195,1.4672599,-0.17393030669248438
4,1,261800.67256248457,-0.7195,1.4668972,-0.17492990441652143
4,1,261805.67256326688,-0.7195,1.4664391,-0.1759295033177568
4,1,261810.6725640492,-0.7195,1.4661337,-0.17692910453022523
4,1,261815.6725648315,-0.7195,1.4658856,-0.17792870640559993
4,1,261820.67256561382,-0.7195,1.4655229,-0.1789283097941346
4,1,261825.67256639613,-0.7195,1.465084,-0.17992791263049512
4,1,261830.67256717844,-0.7195,1.4648739,-0.18092751240749164
4,1,261835.67256796075,-0.7195,1.4642822,-0.1819271108805074
4,1,261840.67256874306,-0.7195,1.4638814,-0.18292671076268954
4,1,261845.67256952514,-0.7195,1.463595,-0.18392631052493721
4,1,261850.67257030745,-0.7195,1.4630988,-0.18492590525414881
4,1,261855.67257108976,-0.7195,1.4628315,-0.1859255018005239
4,1,261860.67257187207,-0.7195,1.4623734,-0.18692510161191558
4,1,261865.67257265438,-0.7195,1.4620107,-0.1879247036454214
4,1,261870.6725734367,-0.7195,1.4615335,-0.18892430684333048
4,1,261875.672574219,-0.7195,1.4611518,-0.1899239043724206
4,1,261880.6725750013,-0.7195,1.4605792,-0.1909235029314856
4,1,261885.67257578362,-0.7195,1.460102,-0.19192310098798743
4,1,261890.67257656594,-0.7195,1.4595674,-0.1929226998822325
4,1,261895.67257734825,-0.7195,1.4592048,-0.19392230018361412
4,1,261900.67257813056,-0.7195,1.4586513,-0.19492190171449386
4,1,261905.67257891287,-0.7195,1.4583076,-0.1959215013342732
4,1,261910.67257969518,-0.7195,1.457945,-0.19692110313277778
4,1,261915.6725804775,-0.7195,1.4573151,-0.19792070341936088
4,1,261920.6725812598,-0.7195,1.456876,-0.19892030369344027
4,1,261925.6725820421,-0.7195,1.4563798,-0.1999199033648637
4,1,261930.67258282442,-0.7195,1.455769,-0.20091950337788467
4,1,261935.67258360673,-0.7195,1.455139,-0.20191910579851935
4,1,261940.67258438905,-0.7195,1.4548146,-0.20291871017178564
4,1,261945.67258517136,-0.7195,1.454471,-0.20391831439137792
4,1,261950.67258595367,-0.7195,1.4538792,-0.20491792011851073
4,1,261955.67258673598,-0.7195,1.453402,-0.2059175257134504
4,1,261960.6725875183,-0.7195,1.4526958,-0.20691713498362238
4,1,261965.6725883006,-0.7195,1.4524095,-0.20791674562643636
4,1,261970.6725890829,-0.7195,1.451894,-0.20891635739319195
4,1,261975.67258986522,-0.7195,1.4514169,-0.20991597000310158
4,1,261980.67259064753,-0.7195,1.4509206,-0.21091558356959955
4,1,261985.67259142984,-0.7195,1.4502144,-0.21191519299578337
4,1,261990.67259221215,-0.7195,1.4498326,-0.21291479927066964
4,1,261995.67259299447,-0.7195,1.4490881,-0.21391440566631822
4,1,262000.67259377678,-0.7195,1.4484965,-0.21491401371434332
4,1,262005.6725945591,-0.7195,1.4480002,-0.21591362106215625
4,1,262010.6725953414,-0.7195,1.4476374,-0.21691322587094708
4,1,262015.6725961237,-0.7195,1.4472176,-0.21791282936032616
4,1,262020.67259690602,-0.7195,1.4467976,-0.21891243206744065
4,1,262025.67259768833,-0.7195,1.4461104,-0.21991203402173193
4,1,262030.67259847064,-0.7195,1.4457668,-0.22091163645260206
4,1,262035.67259925295,-0.7195,1.4450033,-0.221911240698884
4,1,262040.67260003526,-0.7195,1.4441444,-0.22291084455481838
4,1,262045.67260081758,-0.7195,1.4436862,-0.22391044712395142
4,1,262050.6726015999,-0.7195,1.4431518,-0.22491004988391206
4,1,262055.6726023822,-0.7195,1.4423883,-0.22590965345381703
4,1,262060.6726031645,-0.7195,1.4420447,-0.22690925439874338
4,1,262065.67260394682,-0.7195,1.441453,-0.22790885740654013
4,1,262070.67260472913,-0.7195,1.440594,-0.22890845964509257
4,1,262075.67260551144,-0.7195,1.4400023,-0.2299080644611684
4,1,262080.67260629375,-0.7195,1.4393723,-0.23090766827985984
4,1,262085.67260707606,-0.7195,1.438628,-0.23190727314420218
4,1,262090.67260785837,-0.7195,1.4383607,-0.23290687381314576
4,1,262095.67260864069,-0.7195,1.4375018,-0.2339064726565216
4,1,262100.672609423,-0.7195,1.436891,-0.23490607404520783
4,1,262105.6726102053,-0.7195,1.436261,-0.23590567587861758
4,1,262110.67261098762,-0.7195,1.4358411,-0.23690527845895298
4,1,262115.67261176993,-0.7195,1.4354594,-0.23790487826618562
4,1,262120.67261255224,-0.7195,1.4347149,-0.2389044800083274
4,1,262125.67261333455,-0.7195,1.434085,-0.23990408248582823
4,1,262130.67261411686,-0.7195,1.4333215,-0.2409036844771174
4,1,262135.67261489917,-0.7195,1.4326725,-0.24190328668543704
4,1,262140.67261568148,-0.7195,1.4320426,-0.24290289111352306
4,1,262145.6726149544,-0.7195,1.4312981,-0.24390249419575274
4,1,262150.6728112288,-0.7195,1.430611,-0.24490213557368193
4,1,262155.67300750315,-0.7195,1.4297138,-0.2459017793804143
4,1,262160.6732037775,-0.7195,1.4291985,-0.24690142368769322
4,1,262165.6734000519,-0.7195,1.428664,-0.24790106628907066
4,1,262170.67359632626,-0.7195,1.4275569,-0.2489007081346943
4,1,262175.67379260063,-0.7195,1.4268888,-0.24990035039858363
4,1,262180.673988875,-0.7195,1.4261253,-0.2508999932077561
4,1,262185.6741851494,-0.7195,1.4255909,-0.25189963797343445
4,1,262190.67438142374,-0.7195,1.4247891,-0.2528992816661133
4,1,262195.6745776981,-0.7195,1.4239683,-0.2538989245171183
4,1,262200.6747739725,-0.7195,1.4233193,-0.2548985647657945
4,1,262205.67497024685,-0.7195,1.4224604,-0.25589820445492206
4,1,262210.6751665212,-0.7195,1.4218113,-0.25689784674995814
4,1,262215.6753627956,-0.7195,1.4212005,-0.257897488676611
4,1,262220.67555906996,-0.7195,1.4201126,-0.2588971294093331
4,1,262225.67575534433,-0.7195,1.4194254,-0.25989677045136034
4,1,262230.6759516187,-0.7195,1.4186618,-0.26089641153845194
4,1,262235.6761478931,-0.7195,1.4176121,-0.2618960546016528
4,1,262240.67634416744,-0.7195,1.4171349,-0.2628956974601746
4,1,262245.6765404418,-0.7195,1.4162377,-0.26389533937829407
4,1,262250.6767367162,-0.7195,1.4152833,-0.26489498205998874
4,1,262255.67693299055,-0.7195,1.4144052,-0.2658946231196258
4,1,262260.6771292649,-0.7195,1.4136417,-0.2668942639575303
4,1,262265.6773255393,-0.7195,1.4127446,-0.26789390589672
4,1,262270.67752181366,-0.7195,1.4118093,-0.2688935494517287
4,1,262275.67771808803,-0.7195,1.4111794,-0.2698931959181594
4,1,262280.6779143624,-0.7195,1.410454,-0.2708928421316876
4,1,262285.67811063677,-0.7195,1.4096142,-0.27189248509085184
4,1,262290.67830691114,-0.7195,1.4087552,-0.27289212663294216
4,1,262295.6785031855,-0.7195,1.4080107,-0.2738917648737928
4,1,262300.6786994599,-0.7195,1.4070373,-0.2748914029707843
4,1,262305.67889573425,-0.7195,1.4063119,-0.27589103892214767
4,1,262310.6790920086,-0.7195,1.405472,-0.2768906753071183
4,1,262315.679288283,-0.7195,1.4046513,-0.2778903107695382
4,1,262320.67948455736,-0.7195,1.4034868,-0.27888994239732634
4,1,262325.67968083173,-0.7195,1.4027997,-0.27988957612094956
4,1,262330.67987710657,-0.7195,1.401998,-0.2808892058686383
4,1,262335.6800733814,-0.7195,1.4009482,-0.2818888372056982
4,1,262340.68026965624,-0.7195,1.4002229,-0.28288846978088894
4,1,262345.6804659311,-0.7195,1.399383,-0.28388810279322013
4,1,262350.6806622059,-0.7195,1.3981996,-0.2848877376228605
4,1,262355.68085848074,-0.7195,1.3970733,-0.28588736990545865
4,1,262360.6810547556,-0.7195,1.3962334,-0.2868870047143964
4,1,262365.6812510304,-0.7195,1.3952218,-0.28788663958163074
4,1,262370.68144730525,-0.7195,1.3943056,-0.2888862744522096
4,1,262375.6816435801,-0.7195,1.3931412,-0.28988590975339557
4,1,262380.6818398549,-0.7195,1.3923395,-0.290885543586688
4,1,262385.68203612976,-0.7195,1.3914615,-0.2918851794737744
4,1,262390.6822324046,-0.7195,1.3903735,-0.2928848156185813
4,1,262395.6824286794,-0.7195,1.3893427,-0.2938844523448382
4,1,262400.68262495426,-0.7195,1.3883692,-0.2948840903285179
4,1,262405.6828212291,-0.7195,1.3876438,-0.29588372907016347
4,1,262410.68301750394,-0.7195,1.386804,-0.29688336671169935
4,1,262415.6832137788,-0.7195,1.3855823,-0.2978830031338831
4,1,262420.6834100536,-0.7195,1.3847616,-0.29888263749356075
4,1,262425.6836063282,-0.7195,1.3837881,-0.2998822736395962
4,1,262430.6838026028,-0.7195,1.3826046,-0.3008819114997089
4,1,262435.6839988774,-0.7195,1.3813639,-0.30188154696717195
4,1,262440.684195152,-0.7195,1.3803141,-0.30288118437407746
4,1,262445.68439142685,-0.7195,1.3795887,-0.30388081899369423
4,1,262450.68458770146,-0.7195,1.3783098,-0.30488045498561855
4,1,262455.68478397606,-0.7195,1.3771837,-0.30588009210925626
4,1,262460.68498025066,-0.7195,1.3763247,-0.3068797323879235
4,1,262465.68517652526,-0.7195,1.3749886,-0.3078793737154702
4,1,262470.68537279987,-0.7195,1.3738241,-0.30887901442649957
4,1,262475.6855690746,-0.7195,1.3728507,-0.3098786567125453
4,1,262480.6857653493,-0.7195,1.3719726,-0.31087830035882524
4,1,262485.685961624,-0.7195,1.3707509,-0.31187794443082145
4,1,262490.68615789874,-0.7195,1.3696057,-0.31287759004998206
4,1,262495.68635417346,-0.7195,1.3684223,-0.31387723243357735
4,1,262500.6865504482,-0.7195,1.367296,-0.31487687471913295
4,1,262505.6867467228,-0.7195,1.365998,-0.3158765161593589
4,1,262510.6869429975,-0.7195,1.3648146,-0.31687615777910083
4,1,262515.6871392722,-0.7195,1.3637648,-0.31787579962686696
4,1,262520.68733554694,-0.7195,1.3625813,-0.31887544140643875
4,1,262525.68753182166,-0.7195,1.361436,-0.3198750814131896
4,1,262530.6877280963,-0.7195,1.3603861,-0.3208747198960384
4,1,262535.68792437104,-0.7195,1.3588783,-0.32187435682207677
4,1,262540.68812064576,-0.7195,1.3574275,-0.32287399518442483
4,1,262545.6883169205,-0.7195,1.3563204,-0.323873634575559
4,1,262550.68851319514,-0.7195,1.3548316,-0.32487327458904514
4,1,262555.68870946986,-0.7195,1.353629,-0.3258729150174061
4,1,262560.6889057446,-0.7195,1.352331,-0.32687255832379725
4,1,262565.6891020193,-0.7195,1.3514339,-0.32787220002433326
4,1,262570.689298294,-0.7195,1.350155,-0.32887184187629487
4,1,262575.6894945686,-0.7195,1.3486089,-0.3298714837467968
4,1,262580.6896908432,-0.7195,1.3470818,-0.33087112476677694
4,1,262585.68988711736,-0.7195,1.345612,-0.33187076381192604
4,1,262590.69008339196,-0.7195,1.3446386,-0.33287040222039815
4,1,262595.69027966657,-0.7195,1.342787,-0.33387004148713745
4,1,262600.69047594117,-0.7195,1.3413364,-0.3348696821442445
4,1,262605.6906722158,-0.7195,1.3401338,-0.33586932034842837
4,1,262610.6908684904,-0.7195,1.338645,-0.3368689586983489
4,1,262615.691064765,-0.7195,1.3370224,-0.3378685983312461
4,1,262620.6912610396,-0.7195,1.3355145,-0.3388682405042615
4,1,262625.6914573144,-0.7195,1.3342929,-0.3398678832719624
4,1,262630.69165358925,-0.7195,1.3323649,-0.34086752633006373
4,1,262635.6918498641,-0.7195,1.3307616,-0.34186717046156523
4,1,262640.6920461389,-0.7195,1.3294445,-0.34286681428952015
4,1,262645.69224241376,-0.7195,1.328013,-0.3438664580140544
4,1,262650.6924386886,-0.7195,1.3263522,-0.34486609973807136
4,1,262655.69263496343,-0.7195,1.3244625,-0.3458657425168388
4,1,262660.69283123827,-0.7195,1.322821,-0.3468653841462235
4,1,262665.6930275131,-0.7195,1.3210267,-0.3478650256288085
4,1,262670.69322378794,-0.7195,1.3196332,-0.3488646644453009
4,1,262675.6934200628,-0.7195,1.3179917,-0.34986430293477244
4,1,262680.6936163376,-0.7195,1.3162929,-0.35086394331746634
4,1,262685.69381261244,-0.7195,1.314823,-0.3518635831129684
4,1,262690.6940088873,-0.7195,1.3128761,-0.3528632252624863
4,1,262695.6942051621,-0.7195,1.3109864,-0.3538628637587561
4,1,262700.69440143695,-0.7195,1.3092113,-0.35486250456407337
4,1,262705.6945977118,-0.7195,1.3076651,-0.35586214501245816
4,1,262710.6947939866,-0.7195,1.3058898,-0.35686178185001677
4,1,262715.69499026146,-0.7195,1.3042865,-0.35786141666470633
4,1,262720.6951865363,-0.7195,1.3026259,-0.3588610499429968
4,1,262725.6953828111,-0.7195,1.3008697,-0.3598606852768726
4,1,262730.6955790855,-0.7195,1.2987891,-0.3608603177950912
4,1,262735.69577535987,-0.7195,1.2971094,-0.3618599479987654
4,1,262740.69597163424,-0.7195,1.2954679,-0.36285957693418197
4,1,262745.6961679086,-0.7195,1.293349,-0.3638592064819601
4,1,262750.696364183,-0.7195,1.2916884,-0.3648588357672658
4,1,262755.69656045735,-0.7195,1.2899896,-0.3658584672739406
4,1,262760.6967567317,-0.7195,1.2880044,-0.3668581019157171
4,1,262765.6969530061,-0.7195,1.2859048,-0.36785773497476176
4,1,262770.69714928046,-0.7195,1.2841678,-0.36885736695581006
4,1,262775.6973455548,-0.7195,1.2822016,-0.3698569974962042
4,1,262780.6975418292,-0.7195,1.2799684,-0.37085663031670446
4,1,262785.69773810357,-0.7195,1.2782505,-0.371856262744334
4,1,262790.69793437794,-0.7195,1.2765707,-0.3728558969519734
4,1,262795.6981306523,-0.7195,1.2741275,-0.37385553293044366
4,1,262800.6983269267,-0.7195,1.2721041,-0.37485516909669836
4,1,262805.69852320105,-0.7195,1.270138,-0.37585480906770957
4,1,262810.6987194754,-0.7195,1.2682865,-0.3768544461859597
4,1,262815.6989157498,-0.7195,1.2661296,-0.3778540829646587
4,1,262820.69911202416,-0.7195,1.2641635,-0.3788537195205059
4,1,262825.6993082985,-0.7195,1.2620256,-0.37985335676435955
4,1,262830.6995045729,-0.7195,1.2597542,-0.3808529958009918
4,1,262835.69970084727,-0.7195,1.257769,-0.38185263615568144
4,1,262840.69989712164,-0.7195,1.2555166,-0.38285227548138956
4,1,262845.700093396,-0.7195,1.2535124,-0.38385191471818414
4,1,262850.7002896704,-0.7195,1.2510309,-0.38485155572234914
4,1,262855.70048594475,-0.7195,1.2488549,-0.38585119820597097
4,1,262860.7006822191,-0.7195,1.2470607,-0.38685084006187975
4,1,262865.7008784935,-0.7195,1.2454954,-0.3878504814722107
4,1,262870.70107476786,-0.7195,1.2436057,-0.388850123119225
4,1,262875.7012710422,-0.7195,1.241296,-0.38984976365984136
4,1,262880.7014673166,-0.7195,1.2394254,-0.39084940357593023
4,1,262885.70166359097,-0.7195,1.2374976,-0.39184904583038543
4,1,262890.70185986534,-0.7195,1.2356079,-0.392848689036505
4,1,262895.7020561397,-0.7195,1.2335845,-0.3938483291710581
4,1,262900.7022524141,-0.7195,1.2317902,-0.39484797075306033
4,1,262905.70244868845,-0.7195,1.2298814,-0.39584761024978415
4,1,262910.7026449628,-0.7195,1.2282017,-0.3968472491997877
4,1,262915.7028412372,-0.7195,1.2261401,-0.39784688946151064
4,1,262920.70303751156,-0.7195,1.2244796,-0.3988465285245279
4,1,262925.7032337859,-0.7195,1.2229906,-0.3998461672540704
4,1,262930.7034300603,-0.7195,1.2211391,-0.40084580598694747
4,1,262935.70362633467,-0.7195,1.2194213,-0.4018454411429067
4,1,262940.70382260904,-0.7195,1.2177415,-0.4028450737067792
4,1,262945.7040188834,-0.7195,1.216348,-0.40384470694162117
4,1,262950.7042151578,-0.7195,1.2139621,-0.40484434009142056
4,1,262955.70441143215,-0.7195,1.212435,-0.4058439732927051
4,1,262960.7046077065,-0.7195,1.2106789,-0.40684360405611997
4,1,262965.7048039809,-0.7195,1.2093427,-0.40784323561072355
4,1,262970.70500025526,-0.7195,1.2075102,-0.40884286447838947
4,1,262975.7051965296,-0.7195,1.2060977,-0.4098424954519372
4,1,262980.705392804,-0.7195,1.2046089,-0.4108421256481112
4,1,262985.70558907837,-0.7195,1.2032727,-0.4118417561463913
4,1,262990.70578535274,-0.7195,1.201593,-0.41284138606596993
4,1,262994.5723824799,-0.7195,1.1999514,-0.4136143896578087
4,1,262994.57258247957,-0.7195,1.200085,-0.41361442964020706
4,2,262994.57338247914,0.7195,1.4083366,7.923616965611776e-08
4,2,262999.57357875444,0.7195,1.7290521,0.0009990908809668487
4,2,263004.5737750288,0.7195,1.8056521,0.0019981044026613232
4,2,263009.5739713032,0.7195,1.8630499,0.0029971211029324266
4,2,263014.57416757755,0.7195,1.91035,0.003996137650741471
4,2,263019.5743638519,0.7195,1.9514083,0.0049951524061063925
4,2,263024.5745601263,0.7195,1.9883436,0.005994166878749927
4,2,263029.57475640066,0.7195,2.0216713,0.006993182734625208
4,2,263034.57495267503,0.7195,2.0523267,0.007992199032813311
4,2,263039.5751489494,0.7195,2.0801187,0.008991212930030294
4,2,263044.57534522377,0.7195,2.1053913,0.009990224613779122
4,2,263049.57554149814,0.7195,2.1286404,0.010989235416395798
4,2,263054.5757377725,0.7195,2.150458,0.0119882471344471
4,2,263059.5759340469,0.7195,2.170157,0.012987261794779038
4,2,263064.57613032125,0.7195,2.188195,0.013986274378726881
4,2,263069.5763265956,0.7195,2.205088,0.01498528334760335
4,2,263074.57652287,0.7195,2.2205493,0.015984293387720984
4,2,263079.57671914436,0.7195,2.2347317,0.016983304944207273
4,2,263084.57691541873,0.7195,2.2479787,0.01798231754390399
4,2,263089.5771116931,0.7195,2.2601187,0.01898132853484154
4,2,263094.57730796747,0.7195,2.271438,0.019980340938309832
4,2,263099.57750424184,0.7195,2.2821653,0.02097935778888067
4,2,263104.5777005162,0.7195,2.2916903,0.021978375316997374
4,2,263109.5778967906,0.7195,2.3006425,0.02297738991593984
4,2,263114.57809306495,0.7195,2.3094995,0.023976400767909162
4,2,263119.5782893393,0.7195,2.3177454,0.024975410679578786
4,2,263124.5784856137,0.7195,2.3255715,0.02597441903909379
4,2,263129.57868188806,0.7195,2.3327487,0.0269734294035501
4,2,263134.5788781624,0.7195,2.3395822,0.027972441569265396
4,2,263139.5790744368,0.7195,2.3462439,0.02897145327631633
4,2,263144.57927071117,0.7195,2.3525429,0.029970464187963144
4,2,263149.57946698554,0.7195,2.3583455,0.030969473496609265
4,2,263154.5796632599,0.7195,2.364282,0.031968483798927735
4,2,263159.5798595343,0.7195,2.3696074,0.03296749423164792
4,2,263164.58005580865,0.7195,2.375124,0.033966505752679385
4,2,263169.580252083,0.7195,2.380297,0.034965516670346274
4,2,263174.5804483574,0.7195,2.3852787,0.035964527626163444
4,2,263179.58064463176,0.7195,2.3901844,0.036963539578550406
4,2,263184.5808409061,0.7195,2.3951855,0.03796254936554698
4,2,263189.5810371805,0.7195,2.3996902,0.0389615602452159
4,2,263194.58123345487,0.7195,2.4042141,0.039960574684504015
4,2,263199.58142972924,0.7195,2.4086807,0.04095959039619235
4,2,263204.5816260036,0.7195,2.4129183,0.04195860400355857
4,2,263209.581822278,0.7195,2.4170985,0.0429576176779469
4,2,263214.58201855235,0.7195,2.421546,0.04395663090092938
4,2,263219.5822148267,0.7195,2.4255736,0.04495564340570901
4,2,263224.5824111011,0.7195,2.4296775,0.04595465768578318
4,2,263229.58260737546,0.7195,2.433877,0.04695367206756937
4,2,263234.5828036498,0.7195,2.4376564,0.047952685337493826
4,2,263239.5829999242,0.7195,2.441932,0.048951697571929964
4,2,263244.58319619857,0.7195,2.4457686,0.04995070889720984
4,2,263249.58339247294,0.7195,2.4496818,0.050949720235413984
4,2,263254.5835887473,0.7195,2.453614,0.05194873244081273
4,2,263259.5837850217,0.7195,2.4576223,0.052947743456784234
4,2,263264.58398129605,0.7195,2.461898,0.053946759381327376
4,2,263269.5841775704,0.7195,2.4656394,0.054945774521195236
4,2,263274.5843738448,0.7195,2.469686,0.05594478663806453
4,2,263279.58457011916,0.7195,2.4732745,0.056943801498985966
4,2,263284.5847663935,0.7195,2.477302,0.05794281682909861
4,2,263289.5849626679,0.7195,2.4811769,0.05894183252851832
4,2,263294.58515894227,0.7195,2.485109,0.059940848519215995
4,2,263299.58535521664,0.7195,2.4888313,0.0609398646542993
4,2,263304.585551491,0.7195,2.4927251,0.0619388792006804
4,2,263309.5857477654,0.7195,2.4966574,0.06293789299321506
4,2,263314.5859440402,0.7195,2.500704,0.06393690504436692
4,2,263319.58614031505,0.7195,2.5044453,0.06493591905263398
4,2,263324.5863365894,0.7195,2.5085492,0.06593493239558405
4,2,263329.58653286425,0.7195,2.5123286,0.06693394393978848
4,2,263334.5867291391,0.7195,2.5162225,0.06793295470142034
4,2,263339.5869254139,0.7195,2.5199828,0.06893196221888398
4,2,263344.58712168876,0.7195,2.5239532,0.06993097066590523
4,2,263349.5873179636,0.7195,2.5277517,0.0709299810034368
4,2,263354.58751423843,0.7195,2.531722,0.07192899124236904
4,2,263359.58771051327,0.7195,2.5359213,0.07292800069638758
4,2,263364.5879067881,0.7195,2.5396054,0.07392700856471396
4,2,263369.58810306294,0.7195,2.5435376,0.07492601558688286
4,2,263374.5882993378,0.7195,2.5473742,0.07592502468168408
4,2,263379.5884956126,0.7195,2.5513062,0.07692403286046455
4,2,263384.58869188745,0.7195,2.5552194,0.07792303979799155
4,2,263389.5888881623,0.7195,2.5592089,0.07892204600065619
4,2,263394.5890844371,0.7195,2.5634654,0.07992105450778872
4,2,263399.58928071195,0.7195,2.5671494,0.08092006416311863
4,2,263404.5894769868,0.7195,2.571406,0.0819190733905203
4,2,263409.5896732616,0.7195,2.575281,0.08291808258502685
4,2,263414.5898695362,0.7195,2.5793467,0.08391708833963675
4,2,263419.59006581083,0.7195,2.583107,0.0849160948276487
4,2,263424.59026208543,0.7195,2.587421,0.08591510259306434
4,2,263429.59045836003,0.7195,2.591143,0.0869141106271413
4,2,263434.59065463464,0.7195,2.5951514,0.08791311764791611
4,2,263439.59085090924,0.7195,2.5990646,0.08891212609973553
4,2,263444.59104718384,0.7195,2.6031113,0.08991113264954094
4,2,263449.5912434587,0.7195,2.6066043,0.09091013882681401
4,2,263454.5914397333,0.7195,2.6105745,0.09190914407071475
4,2,263459.5916360079,0.7195,2.6145067,0.09290814652622081
4,2,263464.5918322826,0.7195,2.618477,0.0939071510569255
4,2,263469.5920285573,0.7195,2.6222184,0.09490615661992302
4,2,263474.59222483204,0.7195,2.6259212,0.09590516400393848
4,2,263479.59242110676,0.7195,2.6297963,0.09690416922912337
4,2,263484.5926173815,0.7195,2.633232,0.09790317345695698
4,2,263489.5928136562,0.7195,2.636668,0.09890217999326856
4,2,263494.5930099309,0.7195,2.64018,0.09990118818379115
4,2,263499.59320620564,0.7195,2.6433868,0.10090019674169028
4,2,263504.59340248036,0.7195,2.64688,0.10189920290483041
4,2,263509.5935987551,0.7195,2.6502967,0.1028982099081212
4,2,263514.5937950297,0.7195,2.6532745,0.10389721756200992
4,2,263519.59399130434,0.7195,2.656424,0.10489622545117143
4,2,263524.59418757906,0.7195,2.6591537,0.10589523192661342
4,2,263529.5943838538,0.7195,2.661883,0.10689423950125777
4,2,263534.5945801285,0.7195,2.6647463,0.10789324628442198
4,2,263539.59477640316,0.7195,2.6675332,0.10889225226393015
4,2,263544.5949726779,0.7195,2.6700146,0.10989125894782614
4,2,263549.5951689526,0.7195,2.6722288,0.1108902664722867
4,2,263554.5953652273,0.7195,2.6745195,0.11188927762665356
4,2,263559.59556150204,0.7195,2.6766572,0.1128882873354952
4,2,263564.59575777664,0.7195,2.678757,0.11388729759810373
4,2,263569.59595405124,0.7195,2.6807995,0.11488630473056771
4,2,263574.59615032584,0.7195,2.6826317,0.11588531146158448
4,2,263579.59634660045,0.7195,2.6844451,0.11688431802453933
4,2,263584.59654287505,0.7195,2.685724,0.1178833259196911
4,2,263589.59673914965,0.7195,2.687423,0.11888233172077607
4,2,263594.5969354238,0.7195,2.688721,0.11988133893555077
4,2,263599.5971316984,0.7195,2.6899998,0.1208803458390137
4,2,263604.597327973,0.7195,2.6910496,0.12187935191532312
4,2,263609.5975242476,0.7195,2.692233,0.12287836053130036
4,2,263614.59772052243,0.7195,2.693092,0.12387736939422626
4,2,263619.59791679727,0.7195,2.6942372,0.12487637393309678
4,2,263624.5981130721,0.7195,2.6949818,0.12587537765983084
4,2,263629.59830934694,0.7195,2.6959171,0.12687438147603808
4,2,263634.5985056218,0.7195,2.6968906,0.12787338370944729
4,2,263639.5987018966,0.7195,2.6972914,0.12887239009622406
4,2,263644.59889817145,0.7195,2.697864,0.1298713968316317
4,2,263649.5990944463,0.7195,2.6986275,0.1308704039810499
4,2,263654.5992907211,0.7195,2.6991048,0.1318694151857264
4,2,263659.59948699595,0.7195,2.6995628,0.13286842647855815
4,2,263664.5996832708,0.7195,2.7001927,0.1338674377427565
4,2,263669.5998795456,0.7195,2.7007082,0.1348664506778949
4,2,263674.60007582046,0.7195,2.7010136,0.13586546164247726
4,2,263679.6002720953,0.7195,2.7011664,0.13686447086003423
4,2,263684.60046837013,0.7195,2.7013571,0.13786348239838084
4,2,263689.60066464497,0.7195,2.7017963,0.1388624917841587
4,2,263694.6008609198,0.7195,2.7021208,0.13986149956714444
4,2,263699.60105719464,0.7195,2.7022734,0.14086050747585627
4,2,263704.6012534695,0.7195,2.7022924,0.1418595161152515
4,2,263709.6014497443,0.7195,2.7025597,0.14285852508744926
4,2,263714.60164601915,0.7195,2.7029223,0.1438575337343613
4,2,263719.6018422935,0.7195,2.7029033,0.1448565415037506
4,2,263724.6020385679,0.7195,2.7031705,0.14585554937007691
4,2,263729.60223484226,0.7195,2.7034187,0.14685455291246705
4,2,263734.6024311166,0.7195,2.7034187,0.14785355661590563
4,2,263739.602627391,0.7195,2.703667,0.1488525643907719
4,2,263744.60282366537,0.7195,2.7039723,0.14985157326212856
4,2,263749.60301993974,0.7195,2.7038958,0.15085058346266877
4,2,263754.6032162141,0.7195,2.7041059,0.15184959348623286
4,2,263759.6034124885,0.7195,2.704144,0.1528486054232054
4,2,263764.60360876285,0.7195,2.7042203,0.15384761590043702
4,2,263769.6038050372,0.7195,2.704316,0.1548466267291208
4,2,263774.6040013116,0.7195,2.7042968,0.155845635386765
4,2,263779.60419758596,0.7195,2.7044303,0.15684464276316099
4,2,263784.6043938603,0.7195,2.7045066,0.15784365178475446
4,2,263789.6045901347,0.7195,2.7043922,0.15884266239352357
4,2,263794.60478640907,0.7195,2.7044494,0.15984167124224039
4,2,263799.60498268344,0.7195,2.7046213,0.16084067979306313
4,2,263804.6051789578,0.7195,2.7045639,0.16183968731869922
4,2,263809.6053752322,0.7195,2.7046404,0.16283869541757967
4,2,263814.60557150654,0.7195,2.704984,0.16383770345165993
4,2,263819.6057677809,0.7195,2.705003,0.16483671010017395
4,2,263824.6059640553,0.7195,2.7048883,0.16583571747849715
4,2,263829.60616032965,0.7195,2.7046976,0.1668347274687025
4,2,263834.606356604,0.7195,2.7050412,0.16783373884543443
4,2,263839.6065528784,0.7195,2.7052512,0.16883274822173183
4,2,263844.60674915276,0.7195,2.7050602,0.16983175660577082
4,2,263849.60694542713,0.7195,2.7050984,0.170830766313427
4,2,263854.6071417015,0.7195,2.705461,0.17182977656869752
4,2,263859.6073379759,0.7195,2.7053657,0.172828783880949
4,2,263864.60753425024,0.7195,2.7053847,0.17382779123978812
4,2,263869.6077305246,0.7195,2.7053657,0.17482680037834245
4,2,263874.607926799,0.7195,2.7054229,0.17582581222187807
4,2,263879.60812307335,0.7195,2.7053657,0.17682482263135907
4,2,263884.6083193477,0.7195,2.7053466,0.17782383303456503
4,2,263889.6085156221,0.7195,2.7055182,0.1788228449888494
4,2,263894.60871189646,0.7195,2.7057092,0.17982185565177267
4,2,263899.60890817083,0.7195,2.7059383,0.1808208656564719
4,2,263904.6091044452,0.7195,2.7059193,0.18181987692791554
4,2,263909.6093007196,0.7195,2.7059574,0.1828188876270155
4,2,263914.60949699394,0.7195,2.705843,0.18381789758982262
4,2,263919.6096932683,0.7195,2.7059193,0.18481690223941538
4,2,263924.6098895427,0.7195,2.7059765,0.18581591239135134
4,2,263929.61008581705,0.7195,2.7062628,0.18681492247409623
4,2,263934.6102820914,0.7195,2.70632,0.18781393102856808
4,2,263939.6104783658,0.7195,2.7063582,0.18881293894188603
4,2,263944.61067464016,0.7195,2.7065682,0.18981194526775677
4,2,263949.61087091453,0.7195,2.7067783,0.19081095359802908
4,2,263954.6110671889,0.7195,2.7070262,0.19180996168645884
4,2,263959.6112634633,0.7195,2.7072554,0.19280896789164673
4,2,263964.61145973764,0.7195,2.7074273,0.19380797407954267
4,2,263969.611656012,0.7195,2.7074654,0.1948069802554614
4,2,263974.6118522864,0.7195,2.7076561,0.19580598602896596
4,2,263979.61204856075,0.7195,2.7077518,0.19680499097483686
4,2,263984.6122448351,0.7195,2.7079425,0.1978039977977077
4,2,263989.6124411095,0.7195,2.7080572,0.19880300484295682
4,2,263994.61263738386,0.7195,2.708267,0.1998020115715331
4,2,263999.61283365823,0.7195,2.708286,0.20080101914657814
4,2,264004.6130299326,0.7195,2.7087252,0.20180002459382013
4,2,264009.613226207,0.7195,2.7088969,0.2027990261366367
4,2,264014.61342248134,0.7195,2.7089734,0.2037980290743311
4,2,264019.6136187557,0.7195,2.7092786,0.20479703319984008
4,2,264024.6138150301,0.7195,2.709355,0.20579603836161556
4,2,264029.61401130445,0.7195,2.7094314,0.20679504341748353
4,2,264034.6142075788,0.7195,2.7098513,0.20779405016845792
4,2,264039.6144038532,0.7195,2.7100232,0.20879305748545127
4,2,264044.61460012756,0.7195,2.7101758,0.2097920629691713
4,2,264049.61479640193,0.7195,2.710424,0.21079106947844553
4,2,264054.6149926763,0.7195,2.7105386,0.21179007286145946
4,2,264059.6151889507,0.7195,2.7109203,0.21278907878212458
4,2,264064.61538522504,0.7195,2.7113402,0.21378808591644954
4,2,264069.6155814994,0.7195,2.7115312,0.2147870956320232
4,2,264074.6157777738,0.7195,2.71176,0.21578610482892385
4,2,264079.61597404815,0.7195,2.711722,0.21678511235484804
4,2,264084.6161703225,0.7195,2.7121992,0.21778412006882156
4,2,264089.6163665969,0.7195,2.71239,0.21878313070044245
4,2,264094.61656287126,0.7195,2.7126763,0.2197821397975848
4,2,264099.61675914563,0.7195,2.7129626,0.22078114893512255
4,2,264104.61695542,0.7195,2.7132108,0.22178016013938842
4,2,264109.6171516944,0.7195,2.7136881,0.22277917237958633
4,2,264114.6173479692,0.7195,2.7139552,0.22377818327847776
4,2,264119.61754424404,0.7195,2.713917,0.2247771930186913
4,2,264124.6177405189,0.7195,2.7142415,0.2257762026750014
4,2,264129.6179367937,0.7195,2.7142415,0.2267752143114705
4,2,264134.61813306855,0.7195,2.714795,0.22777422690920357
4,2,264139.6183293434,0.7195,2.7152534,0.2287732392448153
4,2,264144.6185256182,0.7195,2.7154822,0.22977225304748938
4,2,264149.61872189306,0.7195,2.7157495,0.23077126459912783
4,2,264154.6189181679,0.7195,2.716055,0.2317702763655715
4,2,264159.6191144427,0.7195,2.7165132,0.23276928947978542
4,2,264164.61931071756,0.7195,2.7163985,0.23376830254721964
4,2,264169.6195069924,0.7195,2.7167993,0.23476731436321463
4,2,264174.61970326724,0.7195,2.7172766,0.23576632725336147
4,2,264179.6198995421,0.7195,2.7171812,0.23676534161080248
4,2,264184.6200958169,0.7195,2.7176201,0.23776435531988072
4,2,264189.62029209174,0.7195,2.71804,0.23876336794930358
4,2,264194.6204883666,0.7195,2.7185555,0.23976237925676167
4,2,264199.6206846414,0.7195,2.7188227,0.24076138816505332
4,2,264204.62088091625,0.7195,2.7192616,0.24176039531145155
4,2,264209.6210771911,0.7195,2.7196245,0.24275940118332034
4,2,264214.6212734657,0.7195,2.7200634,0.24375840572835
4,2,264219.6214697403,0.7195,2.7203498,0.24475741087225403
4,2,264224.6216660149,0.7195,2.7208078,0.24575641949082075
4,2,264229.6218622895,0.7195,2.721037,0.24675542844851472
4,2,264234.6220585641,0.7195,2.7214186,0.24775443709007228
4,2,264239.6222548387,0.7195,2.7218003,0.24875344221182324
4,2,264244.6224511133,0.7195,2.7221632,0.24975244576233616
4,2,264249.6226473879,0.7195,2.722354,0.2507514513861933
4,2,264254.6228436625,0.7195,2.7227356,0.25175045842689264
4,2,264259.6230399371,0.7195,2.7235374,0.25274946464946857
4,2,264264.62323621183,0.7195,2.7240148,0.25374847165562037
4,2,264269.62343248655,0.7195,2.72453,0.25474748037628325
4,2,264274.62362876127,0.7195,2.7246637,0.25574648829916113
4,2,264279.623825036,0.7195,2.7252936,0.25674549702281085
4,2,264284.6240213107,0.7195,2.725599,0.2577445042516357
4,2,264289.6242175854,0.7195,2.7259998,0.2587435132788187
4,2,264294.62441386015,0.7195,2.7266107,0.259742525405589
4,2,264299.62461013487,0.7195,2.7272596,0.26074153667651606
4,2,264304.6248064096,0.7195,2.7276604,0.2617405434210598
4,2,264309.6250026843,0.7195,2.7283094,0.26273955060321086
4,2,264314.62519895897,0.7195,2.7285576,0.2637385558279653
4,2,264319.6253952337,0.7195,2.7290921,0.2647375627715521
4,2,264324.6255915084,0.7195,2.7295883,0.26573656948864455
4,2,264329.6257877831,0.7195,2.730371,0.2667355771070023
4,2,264334.6259840573,0.7195,2.7314398,0.2677345856073134
4,2,264339.62618033204,0.7195,2.731669,0.2687335936917364
4,2,264344.62637660676,0.7195,2.7320507,0.26973259989015586
4,2,264349.6265728815,0.7195,2.7326806,0.2707316025414301
4,2,264354.6267691562,0.7195,2.7331007,0.2717306081515087
4,2,264359.6269654308,0.7195,2.733654,0.27272961154338055
4,2,264364.6271617054,0.7195,2.7339976,0.2737286171325743
4,2,264369.62735798,0.7195,2.735143,0.2747276214397185
4,2,264374.6275542546,0.7195,2.7355247,0.2757266252914336
4,2,264379.62775052944,0.7195,2.7362118,0.27672563119791943
4,2,264384.62794680404,0.7195,2.7365746,0.27772463385616075
4,2,264389.62814307865,0.7195,2.737147,0.27872363381103343
4,2,264394.62833935325,0.7195,2.737529,0.2797226347535782
4,2,264399.62853562785,0.7195,2.7382734,0.2807216356992225
4,2,264404.62873190246,0.7195,2.7390177,0.2817206386312975
4,2,264409.62892817706,0.7195,2.7393613,0.28271964258501264
4,2,264414.6291244519,0.7195,2.740125,0.2837186497299208
4,2,264419.62932072673,0.7195,2.740793,0.28471765895120305
4,2,264424.62951700157,0.7195,2.741423,0.2857166672294769
4,2,264429.6297132764,0.7195,2.7420528,0.28671567636700473
4,2,264434.62990955124,0.7195,2.742778,0.2877146832758818
4,2,264439.6301058261,0.7195,2.7435608,0.28871368678519466
4,2,264444.6303021009,0.7195,2.7439044,0.28971269282453926
4,2,264449.63049837574,0.7195,2.7445343,0.2907117000098891
4,2,264454.6306946506,0.7195,2.7452595,0.29171070528844667
4,2,264459.6308909254,0.7195,2.7460804,0.29270970977187827
4,2,264464.63108720025,0.7195,2.7465384,0.2937087160999378
4,2,264469.6312834751,0.7195,2.746863,0.2947077265963456
4,2,264474.6314797499,0.7195,2.747741,0.2957067358608677
4,2,264479.63167602476,0.7195,2.7488863,0.2967057414991525
4,2,264484.6318722996,0.7195,2.749421,0.297704747107635
4,2,264489.6320685744,0.7195,2.7500699,0.29870375578574343
4,2,264494.63226484926,0.7195,2.750757,0.2997027630296085
4,2,264499.6324611241,0.7195,2.7515776,0.3007017715778484
4,2,264504.63265739894,0.7195,2.7526085,0.30170078059055083
4,2,264509.6328536738,0.7195,2.753391,0.3026997902704478
4,2,264514.63304994814,0.7195,2.7543645,0.3036988003011247
4,2,264519.6332462225,0.7195,2.755071,0.304697812568956
4,2,264524.6334424969,0.7195,2.756178,0.3056968252841897
4,2,264529.63363877125,0.7195,2.757037,0.30669583519240884
4,2,264534.6338350456,0.7195,2.757724,0.3076948471767439
4,2,264539.63403132,0.7195,2.7587738,0.3086938573160039
4,2,264544.63422759436,0.7195,2.7596138,0.3096928651147882
4,2,264549.63442386873,0.7195,2.7602818,0.3106918708036542
4,2,264554.6346201431,0.7195,2.7612743,0.31169087520038086
4,2,264559.63481641747,0.7195,2.7617517,0.312689884150856
4,2,264564.63501269184,0.7195,2.7630687,0.3136888919354213
4,2,264569.6352089662,0.7195,2.7640803,0.314687900262465
4,2,264574.6354052406,0.7195,2.764863,0.31568691080888106
4,2,264579.63560151495,0.7195,2.7656646,0.3166859232731196
4,2,264584.6357977893,0.7195,2.7667909,0.31768493133534653
4,2,264589.6359940637,0.7195,2.7679172,0.31868393745796214
4,2,264594.63619033806,0.7195,2.7686234,0.31968294781431555
4,2,264599.63638661243,0.7195,2.7697494,0.3206819585892061
4,2,264604.6365828868,0.7195,2.7708185,0.32168097072487073
4,2,264609.63677916117,0.7195,2.7716584,0.3226799822962615
4,2,264614.63697543554,0.7195,2.7728608,0.3236789955896073
4,2,264619.6371717099,0.7195,2.7738152,0.32467800589909485
4,2,264624.6373679843,0.7195,2.7749987,0.32567701646818054
4,2,264629.63756425865,0.7195,2.7763157,0.32667602773217025
4,2,264634.637760533,0.7195,2.7774992,0.3276750385100212
4,2,264639.6379568074,0.7195,2.7783773,0.3286740513707962
4,2,264644.63815308176,0.7195,2.779408,0.3296730642115705
4,2,264649.63834935613,0.7195,2.7804005,0.33067207732829446
4,2,264654.6385456305,0.7195,2.7813551,0.3316710902642574
4,2,264659.63874190487,0.7195,2.7828057,0.33267010300755495
4,2,264664.63893817924,0.7195,2.7838364,0.33366911501869223
4,2,264669.6391344536,0.7195,2.7852871,0.33466812756715214
4,2,264674.639330728,0.7195,2.7866232,0.33566714119138646
4,2,264679.63952700235,0.7195,2.7875776,0.3366661520890725
4,2,264684.6397232767,0.7195,2.7892003,0.33766516287515225
4,2,264689.6399195511,0.7195,2.790441,0.33866417684894795
4,2,264694.64011582546,0.7195,2.79172,0.3396631909329096
4,2,264699.64031209983,0.7195,2.7929988,0.3406622036766939
4,2,264704.6405083742,0.7195,2.7944684,0.3416612177757587
4,2,264709.64070464857,0.7195,2.7960145,0.34266022603247226
4,2,264714.64090092294,0.7195,2.7974653,0.3436592327673203
4,2,264719.6410971973,0.7195,2.7989733,0.3446582357935044
4,2,264724.6412934717,0.7195,2.800214,0.3456572375031279
4,2,264729.64148974605,0.7195,2.801722,0.3466562446934746
4,2,264734.6416860204,0.7195,2.8031726,0.34765525444049306
4,2,264739.6418822948,0.7195,2.8048332,0.3486542661114832
4,2,264744.64207856916,0.7195,2.8063602,0.34965327473005653
4,2,264749.6422748435,0.7195,2.8074675,0.3506522835941381
4,2,264754.6424711179,0.7195,2.8094525,0.35165129378015464
4,2,264759.64266739227,0.7195,2.8107123,0.35265030216779975
4,2,264764.64286366664,0.7195,2.8126402,0.3536493117479748
4,2,264769.643059941,0.7195,2.8141863,0.354648322940237
4,2,264774.6432562154,0.7195,2.8158088,0.3556473353406754
4,2,264779.64345248975,0.7195,2.8177369,0.3566463484276202
4,2,264784.6436487641,0.7195,2.8193593,0.3576453601075543
4,2,264789.6438450385,0.7195,2.8214207,0.3586443740752339
4,2,264794.64404131286,0.7195,2.8228714,0.35964338852983047
4,2,264799.6442375872,0.7195,2.824704,0.3606424041874408
4,2,264804.6444338616,0.7195,2.8261547,0.36164141465325483
4,2,264809.64463013597,0.7195,2.827968,0.3626404235192239
4,2,264814.64482641034,0.7195,2.8298767,0.3636394330837792
4,2,264819.6450226847,0.7195,2.8317854,0.3646384422358075
4,2,264824.6452189591,0.7195,2.833809,0.3656374521852201
4,2,264829.64541523345,0.7195,2.8358705,0.3666364629992974
4,2,264834.6456115078,0.7195,2.8375502,0.3676354752552707
4,2,264839.6458077822,0.7195,2.8396115,0.3686344861914912
4,2,264844.64600405656,0.7195,2.8417113,0.36963349776789206
4,2,264849.6462003309,0.7195,2.8438683,0.3706325094283586
4,2,264854.6463966053,0.7195,2.8461206,0.37163151971117975
4,2,264859.64659287967,0.7195,2.848373,0.37263052992587936
4,2,264864.64678915404,0.7195,2.850549,0.3736295431140163
4,2,264869.6469854284,0.7195,2.8532023,0.37462855532331585
4,2,264874.6471817028,0.7195,2.8551493,0.37562756639407396
4,2,264879.64737797715,0.7195,2.8573825,0.3766265781116451
4,2,264884.6475742515,0.7195,2.8597686,0.3776255918100177
4,2,264889.6477705259,0.7195,2.862708,0.3786246061768696
4,2,264894.64796680026,0.7195,2.8653996,0.37962361853067067
4,2,264899.6481630746,0.7195,2.867862,0.38062262854088663
4,2,264904.648359349,0.7195,2.8707824,0.38162163564883655
4,2,264909.64855562383,0.7195,2.8734546,0.3826206448864306
4,2,264914.64875189867,0.7195,2.8761842,0.3836196546623043
4,2,264919.6489481735,0.7195,2.8789902,0.3846186632273262
4,2,264924.64914444834,0.7195,2.8816435,0.38561766774159656
4,2,264929.6493407232,0.7195,2.8843157,0.3866166717332766
4,2,264934.649536998,0.7195,2.8873317,0.3876156701386205
4,2,264939.64973327285,0.7195,2.8902903,0.3886146684708958
4,2,264944.6499295477,0.7195,2.893478,0.38961366727146823
4,2,264949.6501258225,0.7195,2.8964558,0.3906126708382433
4,2,264954.65032209735,0.7195,2.8996816,0.39161167334055885
4,2,264959.6505183722,0.7195,2.9026976,0.39261067703982844
4,2,264964.650714647,0.7195,2.9059043,0.39360968170991856
4,2,264969.65091092186,0.7195,2.9093592,0.3946086904626818
4,2,264974.6511071967,0.7195,2.912337,0.3956076984630954
4,2,264979.65130347153,0.7195,2.9159064,0.39660670858072555
4,2,264984.65149974637,0.7195,2.919724,0.3976057169934145
4,2,264989.6516960212,0.7195,2.9229882,0.3986047276313303
4,2,264994.65189229604,0.7195,2.9269965,0.3996037390818793
4,2,264999.6520885709,0.7195,2.9309287,0.40060275189580835
4,2,265004.6522848457,0.7195,2.9345362,0.4016017660086319
4,2,265009.6524811203,0.7195,2.9384494,0.40260078286749773
4,2,265014.6526773949,0.7195,2.9423623,0.40359979924426465
4,2,265019.6528736695,0.7195,2.9469626,0.4045988138255244
4,2,265024.6530699441,0.7195,2.9512193,0.4055978257425757
4,2,265029.6532662187,0.7195,2.9556477,0.40659683639414756
4,2,265034.6534624933,0.7195,2.9598851,0.4075958459376459
4,2,265039.65365876793,0.7195,2.964409,0.4085948572557931
4,2,265044.65385504253,0.7195,2.9690666,0.40959386863579333
4,2,265049.65405131713,0.7195,2.9737813,0.41059287886708623
4,2,265054.65424759174,0.7195,2.9788778,0.4115918836572797
4,2,265059.65444386646,0.7195,2.9837835,0.4125908850510019
4,2,265064.6546401412,0.7195,2.988231,0.41358988603168706
4,2,265069.65483641543,0.7195,2.9935374,0.41458888870734617
4,2,265074.65503269015,0.7195,2.9976604,0.41558789672278346
4,2,265077.0166309308,0.7195,3.000199,0.41605972951057535
4,2,265077.0168309305,0.7195,3.0001037,0.41605976947256906
5,1,265077.01763093006,-0.7195,2.852027,-7.901812262005277e-08
5,1,265082.01782720536,-0.7195,2.3536117,-0.0009997154708703358
5,1,265087.01802347973,-0.7195,2.228719,-0.0019993559879362584
5,1,265092.0182197541,-0.7195,2.1520615,-0.0029989953947663307
5,1,265097.01841602847,-0.7195,2.1049714,-0.003998636723700497
5,1,265102.01861230284,-0.7195,2.0708802,-0.004998278508474429
5,1,265107.0188085772,-0.7195,2.040301,-0.005997918713894155
5,1,265112.0190048516,-0.7195,2.0096266,-0.006997560375852717
5,1,265117.01920112595,-0.7195,1.9785132,-0.007997199734929534
5,1,265122.0193974003,-0.7195,1.9463308,-0.008996835814608467
5,1,265127.0195936747,-0.7195,1.9134423,-0.0099964706174367
5,1,265132.01978994906,-0.7195,1.8783966,-0.010996106145819027
5,1,265137.01998622343,-0.7195,1.8421676,-0.011995739868604473
5,1,265142.0201824978,-0.7195,1.8056521,-0.012995375147504937
5,1,265147.02037877217,-0.7195,1.7692513,-0.013995012264112629
5,1,265152.02057504654,-0.7195,1.7338622,-0.014994650114042888
5,1,265157.0207713209,-0.7195,1.7007636,-0.01599428931188583
5,1,265162.0209675953,-0.7195,1.6699555,-0.016993927972200843
5,1,265167.02116386965,-0.7195,1.6428314,-0.01799356602588958
5,1,265172.021360144,-0.7195,1.618666,-0.01899320332997375
5,1,265177.0215564184,-0.7195,1.5979365,-0.019992839252316288
5,1,265182.02175269276,-0.7195,1.5808718,-0.020992477376421292
5,1,265187.0219489671,-0.7195,1.5668421,-0.02199211482481824
5,1,265192.0221452415,-0.7195,1.5556756,-0.022991752156194714
5,1,265197.02234151587,-0.7195,1.5463034,-0.02399138857019941
5,1,265202.02253779024,-0.7195,1.5388018,-0.024991023703214196
5,1,265207.0227340646,-0.7195,1.5328463,-0.025990659148517583
5,1,265212.022930339,-0.7195,1.5273299,-0.026990296925319568
5,1,265217.02312661335,-0.7195,1.5229206,-0.027989932896084257
5,1,265222.0233228877,-0.7195,1.5196375,-0.02898956656081478
5,1,265227.02351916255,-0.7195,1.5164497,-0.02998920437361466
5,1,265232.0237154374,-0.7195,1.5133766,-0.030988841974768377
5,1,265237.0239117122,-0.7195,1.5111051,-0.03198847628674574
5,1,265242.02410798706,-0.7195,1.5091963,-0.03298810916187366
5,1,265247.0243042619,-0.7195,1.5073066,-0.03398774159390066
5,1,265252.02450053673,-0.7195,1.5055696,-0.034987375634647086
5,1,265257.02469681157,-0.7195,1.5040808,-0.03598701271626354
5,1,265262.0248930864,-0.7195,1.5026873,-0.03698665223828621
5,1,265267.02508936124,-0.7195,1.5013893,-0.03798629293882517
5,1,265272.0252856361,-0.7195,1.5006067,-0.03898593152584964
5,1,265277.0254819109,-0.7195,1.499576,-0.03998557157342634
5,1,265282.02567818575,-0.7195,1.4985261,-0.04098520688589746
5,1,265287.0258744606,-0.7195,1.4977626,-0.04198484061481888
5,1,265292.0260707354,-0.7195,1.49698,-0.042984478468461186
5,1,265297.02626701025,-0.7195,1.49635,-0.04398411738065218
5,1,265302.0264632851,-0.7195,1.495682,-0.04498375580335658
5,1,265307.0266595599,-0.7195,1.4952048,-0.0459833929573397
5,1,265312.02685583476,-0.7195,1.4945558,-0.046983032334109165
5,1,265317.0270521096,-0.7195,1.4939641,-0.047982672003279145
5,1,265322.02724838443,-0.7195,1.493525,-0.04898231140542694
5,1,265327.02744465903,-0.7195,1.4930097,-0.04998194902331963
5,1,265332.02764093364,-0.7195,1.4927043,-0.050981587550246066
5,1,265337.0278372078,-0.7195,1.4921125,-0.05198122761652868
5,1,265342.0280334824,-0.7195,1.4919598,-0.052980867680701954
5,1,265347.028229757,-0.7195,1.4915398,-0.05398050617143844
5,1,265352.0284260316,-0.7195,1.491139,-0.054980143776463146
5,1,265357.0286223062,-0.7195,1.4910436,-0.055979781691528036
5,1,265362.0288185808,-0.7195,1.4905092,-0.05697942029338745
5,1,265367.0290148554,-0.7195,1.4903374,-0.057979059203697586
5,1,265372.02921113,-0.7195,1.4901847,-0.05897869641591775
5,1,265377.0294074047,-0.7195,1.4898028,-0.05997833553351297
5,1,265382.02960367943,-0.7195,1.489612,-0.06097797586971191
5,1,265387.02979995415,-0.7195,1.4894211,-0.061977615988446616
5,1,265392.02999622887,-0.7195,1.4890776,-0.06297725505397056
5,1,265397.0301925036,-0.7195,1.4892875,-0.0639768947704898
5,1,265402.0303887783,-0.7195,1.4889439,-0.06497653506758809
5,1,265407.030585053,-0.7195,1.4887912,-0.06597617549950216
5,1,265412.03078132775,-0.7195,1.4884667,-0.06697581464398239
5,1,265417.03097760247,-0.7195,1.4881804,-0.06797545137500101
5,1,265422.0311738772,-0.7195,1.4880849,-0.06897508693937791
5,1,265427.0313701519,-0.7195,1.4879322,-0.0699747198399504
5,1,265432.0315664266,-0.7195,1.4877795,-0.07097435584794151
5,1,265437.0317627013,-0.7195,1.4875505,-0.0719739917950266
5,1,265442.031958976,-0.7195,1.4874169,-0.07297363306086263
5,1,265447.0321552507,-0.7195,1.4873978,-0.07397327604325282
5,1,265452.0323515254,-0.7195,1.4872642,-0.07497291715021268
5,1,265457.0325478001,-0.7195,1.4871496,-0.07597256017282607
5,1,265462.0327440748,-0.7195,1.4869969,-0.07697220037910675
5,1,265467.0329403498,-0.7195,1.4870542,-0.07797184113744565
5,1,265472.0331366245,-0.7195,1.4868251,-0.07897148335071738
5,1,265477.0333328992,-0.7195,1.4864815,-0.07997112354095778
5,1,265482.0335291738,-0.7195,1.4864434,-0.08097076330373686
5,1,265487.0337254484,-0.7195,1.4861952,-0.08197040338931813
5,1,265492.033921723,-0.7195,1.4860425,-0.0829700421583487
5,1,265497.0341179976,-0.7195,1.4860808,-0.08396968076155584
5,1,265502.0343142722,-0.7195,1.4858326,-0.08496931951061223
5,1,265507.03451054683,-0.7195,1.4855844,-0.08596895856996378
5,1,265512.03470682143,-0.7195,1.4855653,-0.08696860077894066
5,1,265517.03490309604,-0.7195,1.4852599,-0.08796824368483822
5,1,265522.03509937064,-0.7195,1.4852217,-0.08896788489715589
5,1,265527.03529564524,-0.7195,1.4852599,-0.08996752537802523
5,1,265532.0354919201,-0.7195,1.4848591,-0.09096716653441388
5,1,265537.0356881949,-0.7195,1.4848018,-0.09196680720632273
5,1,265542.03588446975,-0.7195,1.4847827,-0.0929664467140734
5,1,265547.0360807446,-0.7195,1.4843819,-0.0939660839653611
5,1,265552.0362770194,-0.7195,1.4845346,-0.0949657217160993
5,1,265557.03647329425,-0.7195,1.4842674,-0.09596535891168977
5,1,265562.0366695691,-0.7195,1.4840001,-0.09696499474587704
5,1,265567.0368658439,-0.7195,1.4839619,-0.09796462779892814
5,1,265572.03706211876,-0.7195,1.4839619,-0.09896426192826693
5,1,265577.0372583936,-0.7195,1.4836756,-0.09996389516737725
5,1,265582.03745466843,-0.7195,1.483332,-0.10096352461370162
5,1,265587.03765094327,-0.7195,1.4832557,-0.10196315759580332
5,1,265592.0378472181,-0.7195,1.4830838,-0.10296279539209933
5,1,265597.03804349294,-0.7195,1.4832366,-0.10396243219695156
5,1,265602.0382397678,-0.7195,1.4830076,-0.10496207121515604
5,1,265607.03843604214,-0.7195,1.4829121,-0.1059617081116239
5,1,265612.038632317,-0.7195,1.4826066,-0.10696134320877657
5,1,265617.0388285918,-0.7195,1.4822631,-0.10796097688630885
5,1,265622.03902486665,-0.7195,1.4823967,-0.10896061197540494
5,1,265627.0392211415,-0.7195,1.4820532,-0.10996024795937205
5,1,265632.03941741586,-0.7195,1.4816523,-0.11095988228591612
5,1,265637.0396136902,-0.7195,1.4815569,-0.11195951692822242
5,1,265642.0398099646,-0.7195,1.4815569,-0.11295915242119298
5,1,265647.04000623897,-0.7195,1.4812896,-0.11395878640690445
5,1,265652.04020251334,-0.7195,1.481156,-0.11495841961179507
5,1,265657.0403987877,-0.7195,1.4809079,-0.11595805311439102
5,1,265662.0405950621,-0.7195,1.4806597,-0.1169576848472456
5,1,265667.04079133645,-0.7195,1.4803925,-0.11795731805556349
5,1,265672.0409876108,-0.7195,1.4801253,-0.11895695348705515
5,1,265677.0411838852,-0.7195,1.4798962,-0.11995658982942169
5,1,265682.04138015956,-0.7195,1.4797244,-0.12095622308135694
5,1,265687.0415764339,-0.7195,1.4795526,-0.12195585762729245
5,1,265692.0417727083,-0.7195,1.4791709,-0.12295549119403626
5,1,265697.04196898267,-0.7195,1.4792091,-0.12395512465494869
5,1,265702.04216525704,-0.7195,1.4788655,-0.1249547623437411
5,1,265707.0423615314,-0.7195,1.4786936,-0.12595439735013245
5,1,265712.0425578058,-0.7195,1.4786364,-0.12695403248518042
5,1,265717.04275408015,-0.7195,1.4782356,-0.12795366891707644
5,1,265722.0429503545,-0.7195,1.4780446,-0.1289533054681983
5,1,265727.0431466289,-0.7195,1.477911,-0.12995294290640286
5,1,265732.04334290326,-0.7195,1.4776629,-0.1309525816786057
5,1,265737.0435391776,-0.7195,1.4775674,-0.1319522187218136
5,1,265742.043735452,-0.7195,1.4771476,-0.1329518586309055
5,1,265747.04393172637,-0.7195,1.477243,-0.13395149726256722
5,1,265752.04412800074,-0.7195,1.4766704,-0.13495113621976634
5,1,265757.0443242751,-0.7195,1.4762886,-0.13595077631863284
5,1,265762.0445205495,-0.7195,1.4762504,-0.13695041638021663
5,1,265767.04471682385,-0.7195,1.4756396,-0.13795005584385656
5,1,265772.0449130982,-0.7195,1.4753532,-0.13894969666094245
5,1,265777.0451093726,-0.7195,1.4754297,-0.13994933766943543
5,1,265782.04530564696,-0.7195,1.4747233,-0.14094897811193594
5,1,265787.0455019213,-0.7195,1.4748951,-0.1419486199438439
5,1,265792.0456981957,-0.7195,1.474437,-0.14294825950410625
5,1,265797.04589447007,-0.7195,1.4742461,-0.1439478985345628
5,1,265802.04609074444,-0.7195,1.4739598,-0.14494753443085812
5,1,265807.0462870188,-0.7195,1.4736927,-0.14594716976527036
5,1,265812.0464832932,-0.7195,1.4734063,-0.14694680383775957
5,1,265817.04667956755,-0.7195,1.4732155,-0.1479464387725558
5,1,265822.0468758419,-0.7195,1.4728146,-0.14894607167847615
5,1,265827.0470721163,-0.7195,1.4725091,-0.14994570412153332
5,1,265832.04726839066,-0.7195,1.4721847,-0.15094533970330487
5,1,265837.047464665,-0.7195,1.472261,-0.15194497682811484
5,1,265842.0476609394,-0.7195,1.4717456,-0.15294461361274123
5,1,265847.04785721377,-0.7195,1.4713448,-0.15394424972530205
5,1,265852.04805348814,-0.7195,1.4711157,-0.154943885355254
5,1,265857.0482497625,-0.7195,1.470543,-0.1559435211268862
5,1,265862.0484460369,-0.7195,1.470734,-0.1569431561887827
5,1,265867.04864231125,-0.7195,1.4701422,-0.1579427895364364
5,1,265872.0488385856,-0.7195,1.4698559,-0.15894242233568429
5,1,265877.04903486,-0.7195,1.4698368,-0.1599420560133457
5,1,265882.04923113436,-0.7195,1.4693978,-0.1609416909084254
5,1,265887.0494274087,-0.7195,1.4689587,-0.1619413265828424
5,1,265892.0496236831,-0.7195,1.468558,-0.16294095965902342
5,1,265897.04981995746,-0.7195,1.4682335,-0.1639405954434077
5,1,265902.05001623183,-0.7195,1.468138,-0.16494023161152005
5,1,265907.0502125062,-0.7195,1.4677372,-0.16593986639025476
5,1,265912.0504087806,-0.7195,1.4673554,-0.16693950284986364
5,1,265917.05060505494,-0.7195,1.4669737,-0.16793913901769453
5,1,265922.0508013293,-0.7195,1.4666109,-0.1689387763456073
5,1,265927.0509976037,-0.7195,1.4663438,-0.1699384114837746
5,1,265932.05119387805,-0.7195,1.4657711,-0.17093804913711216
5,1,265937.0513901524,-0.7195,1.4654275,-0.17193768458037906
5,1,265942.0515864268,-0.7195,1.4649694,-0.17293731988701225
5,1,265947.05178270116,-0.7195,1.4643776,-0.1739369541258481
5,1,265952.05197897553,-0.7195,1.4639577,-0.174936588719517
5,1,265957.0521752499,-0.7195,1.4636714,-0.17593622416067786
5,1,265962.0523715243,-0.7195,1.463576,-0.17693585710860624
5,1,265967.05256779864,-0.7195,1.463156,-0.17793549338805015
5,1,265972.052764073,-0.7195,1.4627361,-0.1789351293544041
5,1,265977.0529603474,-0.7195,1.4623162,-0.17993476802203723
5,1,265982.05315662175,-0.7195,1.4620107,-0.18093440500543184
5,1,265987.0533528961,-0.7195,1.4614954,-0.18193404237692887
5,1,265992.0535491705,-0.7195,1.4610564,-0.18293367825582293
5,1,265997.05374544486,-0.7195,1.4604455,-0.1839333143143687
5,1,266002.05394171923,-0.7195,1.4601592,-0.18493295869289175
5,1,266007.0541379936,-0.7195,1.4596629,-0.18593260037151313
5,1,266012.054334268,-0.7195,1.4593575,-0.18693224437192085
5,1,266017.05453054234,-0.7195,1.4587848,-0.18793188569329847
5,1,266022.0547268172,-0.7195,1.4584031,-0.18893152805207175
5,1,266027.054923092,-0.7195,1.4579831,-0.18993117102056745
5,1,266032.05511936685,-0.7195,1.4576014,-0.19093081463245554
5,1,266037.0553156417,-0.7195,1.4572388,-0.19193045825800964
5,1,266042.0555119165,-0.7195,1.4567997,-0.19293010008212927
5,1,266047.05570819136,-0.7195,1.456437,-0.1939297425679068
5,1,266052.0559044662,-0.7195,1.4558835,-0.19492938234049415
5,1,266057.056100741,-0.7195,1.4554635,-0.19592902411998975
5,1,266062.05629701586,-0.7195,1.4549673,-0.19692866857837307
5,1,266067.0564932907,-0.7195,1.4545473,-0.197928310841716
5,1,266072.05668956554,-0.7195,1.4540701,-0.1989279535438882
5,1,266077.0568858399,-0.7195,1.4535357,-0.19992759348487854
5,1,266082.05708211474,-0.7195,1.4530585,-0.20092723039179708
5,1,266087.0572783896,-0.7195,1.4526958,-0.2019268675711519
5,1,266092.0574746644,-0.7195,1.4523331,-0.20292650489147834
5,1,266097.05767093925,-0.7195,1.4516841,-0.20392614022780126
5,1,266102.0578672141,-0.7195,1.4512069,-0.20492577763294842
5,1,266107.0580634889,-0.7195,1.4510542,-0.20592541731619504
5,1,266112.05825976375,-0.7195,1.4502716,-0.20692505621086227
5,1,266117.0584560386,-0.7195,1.4498135,-0.20792469508935016
5,1,266122.0586523132,-0.7195,1.4495654,-0.20892433554795387
5,1,266127.0588485878,-0.7195,1.4490118,-0.2099239803527892
5,1,266132.0590448624,-0.7195,1.4484774,-0.21092362902334005
5,1,266137.059241137,-0.7195,1.4477711,-0.21192327717322115
5,1,266142.0594374116,-0.7195,1.4474275,-0.2129229228201211
5,1,266147.0596336862,-0.7195,1.4469312,-0.21392256769079968
5,1,266152.0598299608,-0.7195,1.4463776,-0.21492221257738275
5,1,266157.0600262354,-0.7195,1.4459769,-0.21592185846468478
5,1,266162.06022251,-0.7195,1.4457287,-0.21692150162407098
5,1,266167.0604187846,-0.7195,1.4448888,-0.21792114807697804
5,1,266172.06061505934,-0.7195,1.4443734,-0.21892079121009844
5,1,266177.06081133406,-0.7195,1.4436862,-0.21992043460683694
5,1,266182.0610076088,-0.7195,1.4430563,-0.22092007463461827
5,1,266187.0612038835,-0.7195,1.4424455,-0.2219197137176428
5,1,266192.0614001582,-0.7195,1.4417965,-0.22291935198132865
5,1,266197.06159643293,-0.7195,1.4414911,-0.22391899049095648
5,1,266202.0617927079,-0.7195,1.4408422,-0.2249186271640957
5,1,266207.0619889826,-0.7195,1.4401932,-0.2259182643951145
5,1,266212.0621852573,-0.7195,1.4394296,-0.22691790294422381
5,1,266217.06238153204,-0.7195,1.4390287,-0.22791754250422128
5,1,266222.06257780676,-0.7195,1.4384943,-0.228917177712626
5,1,266227.0627740815,-0.7195,1.4379026,-0.22991680883910268
5,1,266232.0629703562,-0.7195,1.4372917,-0.23091643861750108
5,1,266237.06316663086,-0.7195,1.4368527,-0.2319160692331527
5,1,266242.0633629056,-0.7195,1.4361846,-0.23291570208572357
5,1,266247.06355918024,-0.7195,1.4353448,-0.23391533463469158
5,1,266252.06375545496,-0.7195,1.4346958,-0.2349149667431614
5,1,266257.0639517297,-0.7195,1.4341613,-0.235914600041777
5,1,266262.0641480044,-0.7195,1.4332833,-0.2369142349643576
5,1,266267.064344279,-0.7195,1.4324052,-0.23791387229409164
5,1,266272.0645405536,-0.7195,1.431909,-0.23891351008007275
5,1,266277.0647368282,-0.7195,1.4311645,-0.23991315006486258
5,1,266282.0649331028,-0.7195,1.43042,-0.2409127913773889
5,1,266287.0651293774,-0.7195,1.4298666,-0.24191242873899818
5,1,266292.065325652,-0.7195,1.4292939,-0.24291206687008024
5,1,266297.0655219266,-0.7195,1.428454,-0.24391170680371935
5,1,266302.0657182012,-0.7195,1.4277477,-0.2449113458457127
5,1,266307.0659144758,-0.7195,1.4269651,-0.24591098411420334
5,1,266312.0661107504,-0.7195,1.4263926,-0.24691062385414392
5,1,266317.06630702503,-0.7195,1.4257627,-0.24791026202614788
5,1,266322.06650329987,-0.7195,1.4248273,-0.24890990201876578
5,1,266327.0666995747,-0.7195,1.4241592,-0.2499095429473786
5,1,266332.06689584954,-0.7195,1.4235675,-0.2509091813197634
5,1,266337.0670921244,-0.7195,1.4228803,-0.2519088185046946
5,1,266342.0672883992,-0.7195,1.4221741,-0.25290846042415516
5,1,266347.0674846736,-0.7195,1.421296,-0.25390810266785174
5,1,266352.0676809484,-0.7195,1.4206852,-0.25490774506557
5,1,266357.06787722325,-0.7195,1.4200362,-0.2559073874958457
5,1,266362.0680734981,-0.7195,1.4191773,-0.2569070317760575
5,1,266367.0682697729,-0.7195,1.4183183,-0.2579066746331786
5,1,266372.06846604776,-0.7195,1.4174975,-0.25890631730457825
5,1,266377.0686623226,-0.7195,1.4165813,-0.2599059602453379
5,1,266382.0688585974,-0.7195,1.4159132,-0.26090560039530875
5,1,266387.06905487226,-0.7195,1.4151306,-0.26190524102887197
5,1,266392.0692511471,-0.7195,1.4144052,-0.2629048801127442
5,1,266397.06944742193,-0.7195,1.4135845,-0.26390451727339975
5,1,266402.06964369677,-0.7195,1.4131073,-0.2649041529475982
5,1,266407.0698399716,-0.7195,1.4120765,-0.26590379198468084
5,1,266412.07003624644,-0.7195,1.4110075,-0.26690343043756837
5,1,266417.0702325213,-0.7195,1.4102441,-0.26790307128033725
5,1,266422.0704287961,-0.7195,1.4094996,-0.26890271112219843
5,1,266427.0706250705,-0.7195,1.4085643,-0.2699023508358633
5,1,266432.07082134485,-0.7195,1.4078008,-0.27090199051609987
5,1,266437.0710176192,-0.7195,1.4070563,-0.2719016319992081
5,1,266442.0712138936,-0.7195,1.406121,-0.2729012692751092
5,1,266447.07141016796,-0.7195,1.4055485,-0.2739009070454275
5,1,266452.07160644233,-0.7195,1.404594,-0.2749005460488302
5,1,266457.0718027167,-0.7195,1.4037923,-0.2759001849067743
5,1,266462.0719989911,-0.7195,1.4028761,-0.27689982280096104
5,1,266467.07219526544,-0.7195,1.4021889,-0.2778994623066421
5,1,266472.0723915398,-0.7195,1.4012345,-0.27889910172214794
5,1,266477.0725878142,-0.7195,1.4003947,-0.27989874300824624
5,1,266482.07278408855,-0.7195,1.3993257,-0.2808983842165307
5,1,266487.0729803629,-0.7195,1.3986003,-0.28189802225187444
5,1,266492.0731766373,-0.7195,1.3977605,-0.28289766026433
5,1,266497.07337291166,-0.7195,1.3968824,-0.28389730051505585
5,1,266502.07356918603,-0.7195,1.3960617,-0.28489694030187546
5,1,266507.0737654604,-0.7195,1.39526,-0.2858965768304337
5,1,266512.0739617348,-0.7195,1.3942865,-0.2868962117836775
5,1,266517.07415800914,-0.7195,1.3934466,-0.2878958468216097
5,1,266522.0743542835,-0.7195,1.3923013,-0.2888954819475679
5,1,266527.0745505579,-0.7195,1.391366,-0.2898951181234322
5,1,266532.07474683225,-0.7195,1.3904688,-0.2908947518815334
5,1,266537.0749431066,-0.7195,1.3893236,-0.29189438323311695
5,1,266542.075139381,-0.7195,1.3882165,-0.29289401691383476
5,1,266547.07533565536,-0.7195,1.3873767,-0.2938936485614282
5,1,266552.07553192973,-0.7195,1.3864604,-0.2948932797934514
5,1,266557.0757282041,-0.7195,1.3856014,-0.2958929120156767
5,1,266562.0759244785,-0.7195,1.3846661,-0.2968925456681651
5,1,266567.07612075284,-0.7195,1.383559,-0.29789218215427155
5,1,266572.0763170272,-0.7195,1.382471,-0.29889182064480935
5,1,266577.0765133016,-0.7195,1.3814975,-0.2998914599971045
5,1,266582.07670957595,-0.7195,1.3803904,-0.3008911020780241
5,1,266587.0769058503,-0.7195,1.379436,-0.3018907420903877
5,1,266592.0771021247,-0.7195,1.3783861,-0.30289038284569336
5,1,266597.07729839906,-0.7195,1.3772218,-0.30389002063248577
5,1,266602.07749467343,-0.7195,1.3760957,-0.30488965944576285
5,1,266607.0776909478,-0.7195,1.3749121,-0.3058892993739117
5,1,266612.07788722217,-0.7195,1.3738623,-0.3068889377486244
5,1,266617.07808349654,-0.7195,1.3725834,-0.3078885742601622
5,1,266622.0782797709,-0.7195,1.3717245,-0.30888821558292395
5,1,266627.0784760453,-0.7195,1.3704838,-0.3098878576190606
5,1,266632.07867231965,-0.7195,1.3692621,-0.310887498888963
5,1,266637.078868594,-0.7195,1.3683459,-0.31188714084975605
5,1,266642.0790648684,-0.7195,1.3672388,-0.31288678442817947
5,1,266647.07926114276,-0.7195,1.3661126,-0.31388642167585445
5,1,266652.07945741713,-0.7195,1.3648337,-0.314886055011819
5,1,266657.0796536915,-0.7195,1.3636883,-0.3158856854752569
5,1,266662.07984996587,-0.7195,1.3627149,-0.31688531902722206
5,1,266667.08004624024,-0.7195,1.3613979,-0.3178849519772664
5,1,266672.0802425146,-0.7195,1.3605007,-0.31888458555477217
5,1,266677.080438789,-0.7195,1.3592218,-0.3198842195442553
5,1,266682.08063506335,-0.7195,1.3578093,-0.32088385183888696
5,1,266687.0808313377,-0.7195,1.3567213,-0.3218834815252757
5,1,266692.0810276121,-0.7195,1.3551561,-0.322883110505303
5,1,266697.08122388646,-0.7195,1.3541062,-0.3238827416657543
5,1,266702.08142016083,-0.7195,1.3529419,-0.3248823751330809
5,1,266707.0816164352,-0.7195,1.3517584,-0.32588200670839707
5,1,266712.08181270957,-0.7195,1.3501931,-0.3268816377241879
5,1,266717.08200898394,-0.7195,1.3489715,-0.3278812742028404
5,1,266722.0822052583,-0.7195,1.3476545,-0.3288809109206732
5,1,266727.0824015327,-0.7195,1.3464519,-0.32988054780307435
5,1,266732.08259780705,-0.7195,1.3450203,-0.3308801832830047
5,1,266737.0827940814,-0.7195,1.3433979,-0.3318798184547261
5,1,266742.0829903558,-0.7195,1.3420999,-0.3328794533065063
5,1,266747.08318663016,-0.7195,1.341031,-0.33387908852778897
5,1,266752.08338290453,-0.7195,1.3396566,-0.3348787238812714
5,1,266757.0835791789,-0.7195,1.3380151,-0.3358783640783398
5,1,266762.08377545327,-0.7195,1.3367552,-0.33687800269257384
5,1,266767.08397172764,-0.7195,1.3350372,-0.3378776443926264
5,1,266772.084168002,-0.7195,1.333663,-0.3388772853097223
5,1,266777.0843642764,-0.7195,1.3321931,-0.3398769250098337
5,1,266782.08456055075,-0.7195,1.3306279,-0.3408765690732468
5,1,266787.0847568251,-0.7195,1.3289864,-0.34187621224429565
5,1,266792.0849530995,-0.7195,1.327612,-0.3428758537628322
5,1,266797.08514937386,-0.7195,1.326104,-0.3438754980669587
5,1,266802.08534564823,-0.7195,1.3242908,-0.34487513975885203
5,1,266807.0855419226,-0.7195,1.322821,-0.3458747822165094
5,1,266812.08573819697,-0.7195,1.3214276,-0.34687442441281036
5,1,266817.08593447134,-0.7195,1.319576,-0.3478740648022958
5,1,266822.0861307462,-0.7195,1.3181635,-0.3488737057176632
5,1,266827.086327021,-0.7195,1.3165792,-0.3498733455385833
5,1,266832.08652329585,-0.7195,1.3149185,-0.35087298254295546
5,1,266837.0867195707,-0.7195,1.3133152,-0.3518726235873238
5,1,266842.0869158455,-0.7195,1.3112727,-0.3528722660534086
5,1,266847.08711212035,-0.7195,1.3096694,-0.3538719107469223
5,1,266852.0873083952,-0.7195,1.3079705,-0.3548715569302872
5,1,266857.08750467,-0.7195,1.3059472,-0.35587119974958586
5,1,266862.08770094486,-0.7195,1.3042102,-0.35687084352509535
5,1,266867.0878972197,-0.7195,1.3023205,-0.3578704869696566
5,1,266872.08809349453,-0.7195,1.3006026,-0.35887013025138464
5,1,266877.08828976937,-0.7195,1.2990564,-0.3598697725824616
5,1,266882.0884860442,-0.7195,1.2970331,-0.3608694135685763
5,1,266887.08868231904,-0.7195,1.2952197,-0.36186905608241443
5,1,266892.0888785939,-0.7195,1.2934064,-0.3628687011453809
5,1,266897.0890748687,-0.7195,1.2914593,-0.3638683451079761
5,1,266902.08927114354,-0.7195,1.2898369,-0.36486798786675284
5,1,266907.0894674184,-0.7195,1.2876227,-0.3658676321628294
5,1,266912.0896636932,-0.7195,1.2856375,-0.36686727494056376
5,1,266917.0898599678,-0.7195,1.2837859,-0.3678669159619876
5,1,266922.0900562424,-0.7195,1.2819345,-0.36886655766722576
5,1,266927.090252517,-0.7195,1.2797585,-0.369866200321446
5,1,266932.0904487916,-0.7195,1.2777733,-0.3708658417029051
5,1,266937.09064506623,-0.7195,1.2759217,-0.3718654794167248
5,1,266942.09084134107,-0.7195,1.2738602,-0.3728651183627448
5,1,266947.09103761567,-0.7195,1.271627,-0.37386475806263103
5,1,266952.09123389027,-0.7195,1.2699853,-0.37486439584087017
5,1,266957.0914301649,-0.7195,1.2681147,-0.37586403420205267
5,1,266962.0916264395,-0.7195,1.265996,-0.376863672013571
5,1,266967.0918227142,-0.7195,1.264507,-0.377863310097572
5,1,266972.0920189889,-0.7195,1.2624074,-0.37886294572454704
5,1,266977.09221526363,-0.7195,1.2603459,-0.3798625815663902
5,1,266982.09241153835,-0.7195,1.2583989,-0.380862217000074
5,1,266987.0926078131,-0.7195,1.2564138,-0.38186185395824923
5,1,266992.0928040878,-0.7195,1.254066,-0.3828614917461476
5,1,266997.0930003625,-0.7195,1.2517563,-0.3838611276068291
5,1,267002.0931966371,-0.7195,1.2498475,-0.3848607623726429
5,1,267007.09339291183,-0.7195,1.2478242,-0.38586039779169706
5,1,267012.09358918655,-0.7195,1.2455717,-0.3868600320272215
5,1,267017.0937854613,-0.7195,1.2436248,-0.3878596659440499
5,1,267022.09398173593,-0.7195,1.241926,-0.3888592987594507
5,1,267027.09417801065,-0.7195,1.2398263,-0.3898589326243303
5,1,267032.09437428537,-0.7195,1.238032,-0.3908585699821845
5,1,267037.0945705601,-0.7195,1.2356842,-0.39185821102268514
5,1,267042.09476683475,-0.7195,1.2338518,-0.39285785243912225
5,1,267047.09496310947,-0.7195,1.2320575,-0.39385749212973004
5,1,267052.0951593842,-0.7195,1.2304541,-0.3948571325938174
5,1,267057.0953556589,-0.7195,1.2282208,-0.3958567734146385
5,1,267062.0955519336,-0.7195,1.2266937,-0.3968564142526423
5,1,267067.09574820823,-0.7195,1.2247467,-0.3978560510202184
5,1,267072.09594448283,-0.7195,1.2228953,-0.39885568813421673
5,1,267077.09614075744,-0.7195,1.2209101,-0.39985532669579005
5,1,267082.0963370316,-0.7195,1.2193639,-0.4008549651299021
5,1,267087.0965333062,-0.7195,1.2174742,-0.40185460151789265
5,1,267092.0967295808,-0.7195,1.2158899,-0.4028542360826666
5,1,267097.0969258554,-0.7195,1.2145537,-0.40385386839431536
5,1,267102.09712213,-0.7195,1.2131412,-0.4048535005717875
5,1,267107.0973184046,-0.7195,1.2115188,-0.4058531342662144
5,1,267112.0975146792,-0.7195,1.2094382,-0.40685276943038917
5,1,267117.097710954,-0.7195,1.2081593,-0.4078524048447114
5,1,267122.09790722886,-0.7195,1.2063459,-0.40885204159128025
5,1,267127.0981035037,-0.7195,1.2047426,-0.4098516805754107
5,1,267132.09829977853,-0.7195,1.2029673,-0.41085131909534356
5,1,267137.09849605337,-0.7195,1.2014021,-0.41185095829227586
5,1,267141.5102927685,-0.7195,1.1999896,-0.4127329646187228
5,1,267141.51049276814,-0.7195,1.1999896,-0.41273300460147877
5,2,267141.5112927677,0.7195,1.4076953,7.924395468499926e-08
5,2,267146.511489043,0.7195,1.7276396,0.0009990950994789602
5,2,267151.5116853174,0.7195,1.8051559,0.0019981124073565008
5,2,267156.51188159175,0.7195,1.8629162,0.002997127942373355
5,2,267161.5120778661,0.7195,1.9104453,0.0039961422474185625
5,2,267166.5122741405,0.7195,1.9521718,0.004995156404117743
5,2,267171.51247041486,0.7195,1.9891834,0.0059941704586876764
5,2,267176.51266668923,0.7195,2.0226448,0.0069931846257580655
5,2,267181.5128629636,0.7195,2.0528803,0.007992199642042319
5,2,267186.513059238,0.7195,2.0811114,0.008991212907648748
5,2,267191.51325551234,0.7195,2.1067657,0.009990222782688008
5,2,267196.5134517867,0.7195,2.1303966,0.010989232177793979
5,2,267201.5136480611,0.7195,2.1520233,0.011988243433803319
5,2,267206.51384433545,0.7195,2.1719322,0.012987257041715912
5,2,267211.5140406098,0.7195,2.1901422,0.013986270523521634
5,2,267216.5142368842,0.7195,2.2071114,0.014985283918976782
5,2,267221.51443315856,0.7195,2.2225535,0.01598429525063435
5,2,267226.51462943293,0.7195,2.2368886,0.016983304687592717
5,2,267231.5148257073,0.7195,2.2503266,0.01798231660762098
5,2,267236.5150219817,0.7195,2.262791,0.018981327750672895
5,2,267241.51521825604,0.7195,2.2742248,0.01998033802145057
5,2,267246.5154145304,0.7195,2.284704,0.020979348798563082
5,2,267251.5156108048,0.7195,2.2944388,0.02197835887168182
5,2,267256.51580707915,0.7195,2.3036966,0.022977369728525477
5,2,267261.5160033535,0.7195,2.3123817,0.02397638137709763
5,2,267266.5161996279,0.7195,2.3203413,0.024975390929175743
5,2,267271.51639590226,0.7195,2.3279192,0.025974401406145754
5,2,267276.51659217663,0.7195,2.3352683,0.026973414049320747
5,2,267281.516788451,0.7195,2.3420827,0.027972425668656823
5,2,267286.5169847254,0.7195,2.3486106,0.028971440627422594
5,2,267291.51718099974,0.7195,2.354929,0.02997045218762755
5,2,267296.5173772741,0.7195,2.3609035,0.030969459764427606
5,2,267301.5175735485,0.7195,2.3666298,0.03196846858017312
5,2,267306.51776982285,0.7195,2.3724134,0.03296747732975747
5,2,267311.5179660972,0.7195,2.3776817,0.03396648735357986
5,2,267316.5181623716,0.7195,2.3829691,0.03496549680077367
5,2,267321.51835864596,0.7195,2.3878558,0.035964505188812806
5,2,267326.51855492033,0.7195,2.3927994,0.03696351352768473
5,2,267331.5187511947,0.7195,2.3978004,0.03796252272807558
5,2,267336.51894746907,0.7195,2.4020953,0.03896152765472067
5,2,267341.51914374344,0.7195,2.4068482,0.03996053147049082
5,2,267346.5193400178,0.7195,2.411334,0.040959538505421736
5,2,267351.5195362922,0.7195,2.4156668,0.04195854730003078
5,2,267356.51973256655,0.7195,2.420038,0.042957557485189694
5,2,267361.5199288409,0.7195,2.4241803,0.04395656813660263
5,2,267366.5201251153,0.7195,2.4285705,0.044955577776352555
5,2,267371.52032138966,0.7195,2.4326744,0.045954585725936616
5,2,267376.52051766403,0.7195,2.4367402,0.04695359190351432
5,2,267381.5207139384,0.7195,2.4408822,0.04795259774155748
5,2,267386.52091021277,0.7195,2.4448526,0.04895160231050517
5,2,267391.52110648714,0.7195,2.449071,0.049950604578160564
5,2,267396.5213027615,0.7195,2.452984,0.0509496070417861
5,2,267401.5214990359,0.7195,2.4568589,0.05194860870938167
5,2,267406.52169531025,0.7195,2.4606764,0.052947613711549164
5,2,267411.5218915846,0.7195,2.4649904,0.05394661784547235
5,2,267416.522087859,0.7195,2.4688842,0.05494562389338346
5,2,267421.52228413336,0.7195,2.4728737,0.05594462911281651
5,2,267426.52248040773,0.7195,2.4767485,0.05694363562016023
5,2,267431.5226766821,0.7195,2.4808142,0.05794264058664771
5,2,267436.52287295647,0.7195,2.4846702,0.0589416446252697
5,2,267441.52306923084,0.7195,2.488545,0.0599406483491924
5,2,267446.5232655052,0.7195,2.4925535,0.06093965215233961
5,2,267451.52346178005,0.7195,2.4962757,0.06193865312576624
5,2,267456.5236580549,0.7195,2.5003223,0.06293765234823358
5,2,267461.5238543297,0.7195,2.5042162,0.06393664853403301
5,2,267466.52405060455,0.7195,2.508301,0.06493564694948327
5,2,267471.5242468794,0.7195,2.5120804,0.06593464568498067
5,2,267476.5244431542,0.7195,2.5162034,0.06693364655152624
5,2,267481.52463942906,0.7195,2.5201547,0.06793264796103701
5,2,267486.5248357034,0.7195,2.5242777,0.0689316483492818
5,2,267491.52503197826,0.7195,2.528248,0.06993065046873356
5,2,267496.5252282531,0.7195,2.5321229,0.07092965265224707
5,2,267501.52542452794,0.7195,2.536265,0.07192865404710172
5,2,267506.5256208028,0.7195,2.54014,0.07292765640750194
5,2,267511.5258170776,0.7195,2.5441675,0.07392665960789718
5,2,267516.52601335244,0.7195,2.5481186,0.07492566479771003
5,2,267521.5262096273,0.7195,2.5520508,0.07592467431129347
5,2,267526.5264059021,0.7195,2.5559256,0.07692368321716121
5,2,267531.52660217695,0.7195,2.5602014,0.07792268939885495
5,2,267536.5267984518,0.7195,2.564,0.07892169426295159
5,2,267541.5269947266,0.7195,2.5682373,0.07992069800891807
5,2,267546.52719100146,0.7195,2.571826,0.08091970338788956
5,2,267551.52738727606,0.7195,2.5761015,0.08191870990705487
5,2,267556.52758355066,0.7195,2.5801482,0.08291771450663935
5,2,267561.52777982526,0.7195,2.5840042,0.08391671752701531
5,2,267566.52797609987,0.7195,2.5877645,0.08491571990043915
5,2,267571.52817237447,0.7195,2.5919828,0.0859147226762672
5,2,267576.5283686491,0.7195,2.5959914,0.08691372713440654
5,2,267581.5285649237,0.7195,2.599828,0.08791273155434261
5,2,267586.5287611983,0.7195,2.60397,0.08891173655833798
5,2,267591.5289574729,0.7195,2.6074634,0.08991073975744841
5,2,267596.5291537475,0.7195,2.6118343,0.09090974219167561
5,2,267601.5293500222,0.7195,2.615633,0.0919087443715731
5,2,267606.5295462969,0.7195,2.6194124,0.09290774751587706
5,2,267611.5297425719,0.7195,2.6231537,0.09390675214227039
5,2,267616.5299388466,0.7195,2.626933,0.0949057573280831
5,2,267621.5301351213,0.7195,2.630617,0.09590476172170041
5,2,267626.53033139603,0.7195,2.6342628,0.09690376881032518
5,2,267631.53052767075,0.7195,2.6378515,0.09790277586863767
5,2,267636.53072394547,0.7195,2.641268,0.09890178441542054
5,2,267641.5309202202,0.7195,2.6447995,0.09990079073528116
5,2,267646.5311164949,0.7195,2.6478918,0.10089979829620982
5,2,267651.5313127696,0.7195,2.6511557,0.10189880432842505
5,2,267656.53150904435,0.7195,2.6540952,0.1028978115856548
5,2,267661.53170531907,0.7195,2.6572638,0.10389681763981447
5,2,267666.5319015937,0.7195,2.660318,0.10489582205966776
5,2,267671.53209786845,0.7195,2.6632385,0.1058948292585876
5,2,267676.532294143,0.7195,2.6657963,0.10689383476484814
5,2,267681.5324904177,0.7195,2.6684685,0.1078928394607471
5,2,267686.53268669243,0.7195,2.670988,0.10889184372437992
5,2,267691.53288296715,0.7195,2.6733742,0.10989085102562439
5,2,267696.53307924187,0.7195,2.6755311,0.11088985590736732
5,2,267701.53327551647,0.7195,2.6776116,0.11188886158409382
5,2,267706.5334717911,0.7195,2.679845,0.11288786816941035
5,2,267711.5336680657,0.7195,2.6816773,0.11388687200688652
5,2,267716.5338643403,0.7195,2.683758,0.11488587546682356
5,2,267721.5340606149,0.7195,2.685285,0.1158848806413412
5,2,267726.5342568895,0.7195,2.6869838,0.116883887862732
5,2,267731.5344531641,0.7195,2.6882818,0.11788289442079927
5,2,267736.5346494387,0.7195,2.6899807,0.11888190150355299
5,2,267741.5348457133,0.7195,2.6910877,0.11988090902348028
5,2,267746.5350419879,0.7195,2.692386,0.12087991703636447
5,2,267751.53523826273,0.7195,2.6934738,0.12187892653357982
5,2,267756.5354345371,0.7195,2.6945426,0.12287793822708724
5,2,267761.53563081194,0.7195,2.6956117,0.12387695070050159
5,2,267766.5358270868,0.7195,2.696318,0.12487596110944614
5,2,267771.5360233616,0.7195,2.6967952,0.12587497152452004
5,2,267776.53621963644,0.7195,2.697826,0.1268739808536768
5,2,267781.5364159113,0.7195,2.6985512,0.12787298867079283
5,2,267786.5366121861,0.7195,2.699181,0.1288719982928203
5,2,267791.53680846095,0.7195,2.6996584,0.12987100933629936
5,2,267796.5370047358,0.7195,2.700002,0.13087002140583262
5,2,267801.5372010106,0.7195,2.7006319,0.13186903255795437
5,2,267806.53739728546,0.7195,2.7011664,0.13286804695158863
5,2,267811.5375935603,0.7195,2.7013762,0.13386705612794886
5,2,267816.5377898351,0.7195,2.7018917,0.13486606859562128
5,2,267821.53798610996,0.7195,2.702178,0.13586508203288247
5,2,267826.5381823848,0.7195,2.7025216,0.13686409435749383
5,2,267831.53837865964,0.7195,2.702827,0.13786310593634843
5,2,267836.5385749345,0.7195,2.7031133,0.13886211773782306
5,2,267841.5387712093,0.7195,2.7031133,0.13986113003411227
5,2,267846.53896748414,0.7195,2.7033997,0.1408601421874
5,2,267851.539163759,0.7195,2.703514,0.14185915560651158
5,2,267856.53936003335,0.7195,2.7040296,0.14285816855261393
5,2,267861.5395563077,0.7195,2.7042584,0.14385718140979278
5,2,267866.5397525821,0.7195,2.7042778,0.144856197880639
5,2,267871.53994885646,0.7195,2.7042584,0.14585521460818254
5,2,267876.5401451308,0.7195,2.7045066,0.1468542296068801
5,2,267881.5403414052,0.7195,2.7045448,0.1478532443950309
5,2,267886.54053767957,0.7195,2.704793,0.1488522582005627
5,2,267891.54073395394,0.7195,2.7046213,0.14985127040825622
5,2,267896.5409302283,0.7195,2.7048311,0.15085028271143638
5,2,267901.5411265027,0.7195,2.705003,0.1518492934595976
5,2,267906.54132277705,0.7195,2.7050793,0.15284830395967103
5,2,267911.5415190514,0.7195,2.7051365,0.15384731411676608
5,2,267916.5417153258,0.7195,2.7050984,0.15484632341996502
5,2,267921.54191160016,0.7195,2.7052321,0.15584533389999142
5,2,267926.5421078745,0.7195,2.7052703,0.15684434566365352
5,2,267931.5423041489,0.7195,2.7054038,0.15784335539025734
5,2,267936.54250042327,0.7195,2.7052512,0.15884236633944185
5,2,267941.54269669764,0.7195,2.7054229,0.15984137638924856
5,2,267946.542892972,0.7195,2.7053466,0.16084038618381494
5,2,267951.5430892464,0.7195,2.7052512,0.16183939651418403
5,2,267956.54328552075,0.7195,2.7052321,0.162838408407218
5,2,267961.5434817951,0.7195,2.7053275,0.16383742217650024
5,2,267966.5436780695,0.7195,2.7054229,0.1648364349165063
5,2,267971.54387434386,0.7195,2.705633,0.16583544473631193
5,2,267976.5440706182,0.7195,2.705843,0.1668344512023728
5,2,267981.5442668926,0.7195,2.7058237,0.1678334578512974
5,2,267986.54446316697,0.7195,2.7057283,0.16883246585234346
5,2,267991.54465944134,0.7195,2.705881,0.1698314741687312
5,2,267996.5448557157,0.7195,2.705862,0.17083048130678147
5,2,268001.5450519901,0.7195,2.7059574,0.17182949153231591
5,2,268006.54524826445,0.7195,2.7061675,0.1728285005226037
5,2,268011.5454445388,0.7195,2.70632,0.17382750869121827
5,2,268016.5456408132,0.7195,2.706282,0.17482651646422687
5,2,268021.54583708756,0.7195,2.7063963,0.17582552615670372
5,2,268026.5460333619,0.7195,2.7062247,0.1768245351089836
5,2,268031.5462296363,0.7195,2.7063773,0.17782354217127305
5,2,268036.54642591067,0.7195,2.7067783,0.17882254943342682
5,2,268041.54662218504,0.7195,2.7064536,0.1798215596284238
5,2,268046.5468184594,0.7195,2.7067783,0.18082056794767257
5,2,268051.5470147338,0.7195,2.706988,0.18181957710733687
5,2,268056.54721100815,0.7195,2.7068546,0.18281858443244306
5,2,268061.5474072825,0.7195,2.70695,0.18381759251708132
5,2,268066.5476035569,0.7195,2.7072554,0.1848166000603008
5,2,268071.54779983126,0.7195,2.7073698,0.18581561105307945
5,2,268076.5479961056,0.7195,2.7075036,0.18681462031190935
5,2,268081.54819238,0.7195,2.7075608,0.18781363008698168
5,2,268086.54838865437,0.7195,2.707618,0.1888126372998954
5,2,268091.54858492874,0.7195,2.7078662,0.18981164483630666
5,2,268096.5487812031,0.7195,2.7079425,0.19081065114102438
5,2,268101.5489774775,0.7195,2.7080953,0.19180965641998923
5,2,268106.54917375185,0.7195,2.7082098,0.1928086621012159
5,2,268111.5493700262,0.7195,2.7082098,0.1938076665374671
5,2,268116.5495663006,0.7195,2.708477,0.1948066706672875
5,2,268121.54976257496,0.7195,2.7087824,0.19580567810503985
5,2,268126.5499588493,0.7195,2.7090306,0.19680468533763965
5,2,268131.5501551237,0.7195,2.7091641,0.1978036888853677
5,2,268136.55035139807,0.7195,2.7094123,0.19880269465251776
5,2,268141.55054767244,0.7195,2.709584,0.19980170145923243
5,2,268146.5507439468,0.7195,2.7096033,0.2008007085998821
5,2,268151.5509402212,0.7195,2.7099085,0.20179971658536802
5,2,268156.55113649555,0.7195,2.7101758,0.20279872165090518
5,2,268161.5513327699,0.7195,2.7103858,0.20379772799544543
5,2,268166.5515290443,0.7195,2.7103286,0.2047967333741785
5,2,268171.55172531866,0.7195,2.7105768,0.2057957372908262
5,2,268176.551921593,0.7195,2.7109203,0.20679474647988555
5,2,268181.5521178674,0.7195,2.711264,0.20779375377297743
5,2,268186.55231414177,0.7195,2.711512,0.2087927584163647
5,2,268191.55251041614,0.7195,2.7116456,0.20979176413373163
5,2,268196.5527066905,0.7195,2.711741,0.21079076684404754
5,2,268201.5529029649,0.7195,2.7119892,0.21178976927616208
5,2,268206.55309923925,0.7195,2.7123518,0.2127887740285199
5,2,268211.5532955136,0.7195,2.7123709,0.21378777950182237
5,2,268216.553491788,0.7195,2.7126572,0.21478678527020426
5,2,268221.55368806235,0.7195,2.7130582,0.21578579200924777
5,2,268226.5538843367,0.7195,2.7132108,0.2167847995292148
5,2,268231.5540806111,0.7195,2.713287,0.2177838082317645
5,2,268236.55427688546,0.7195,2.713287,0.2187828148646091
5,2,268241.55447315983,0.7195,2.7134972,0.21978182042228195
5,2,268246.5546694342,0.7195,2.7139935,0.22078082793951379
5,2,268251.55486570904,0.7195,2.7140508,0.22177983113908117
5,2,268256.5550619839,0.7195,2.7144325,0.22277883539165733
5,2,268261.5552582587,0.7195,2.714986,0.22377783861898393
5,2,268266.55545453355,0.7195,2.7149096,0.22477684201173329
5,2,268271.5556508084,0.7195,2.7152724,0.2257758458898764
5,2,268276.5558470832,0.7195,2.715616,0.2267748517869447
5,2,268281.55604335805,0.7195,2.7159214,0.22777386492826882
5,2,268286.5562396329,0.7195,2.7161312,0.2287728766595424
5,2,268291.5564359077,0.7195,2.7165704,0.22977188182891417
5,2,268296.55663218256,0.7195,2.716742,0.2307708902960586
5,2,268301.5568284574,0.7195,2.7172194,0.2317698977198999
5,2,268306.55702473223,0.7195,2.7176964,0.23276890411445175
5,2,268311.55722100707,0.7195,2.7178683,0.23376791259388469
5,2,268316.5574172819,0.7195,2.7184029,0.23476692141974312
5,2,268321.55761355674,0.7195,2.7186127,0.2357659333063365
5,2,268326.5578098316,0.7195,2.719109,0.23676494170494883
5,2,268331.5580061064,0.7195,2.7192235,0.23776395289925412
5,2,268336.55820238125,0.7195,2.7194717,0.23876296714072767
5,2,268341.5583986561,0.7195,2.720178,0.23976198207433697
5,2,268346.5585949307,0.7195,2.720426,0.24076098774536792
5,2,268351.5587912055,0.7195,2.7205596,0.24175999390777955
5,2,268356.5589874801,0.7195,2.721247,0.2427590015287665
5,2,268361.5591837547,0.7195,2.7216477,0.24375801328748803
5,2,268366.5593800293,0.7195,2.721896,0.24475701797824775
5,2,268371.55957630393,0.7195,2.722564,0.24575602092821408
5,2,268376.55977257853,0.7195,2.722793,0.24675502582164613
5,2,268381.55996885314,0.7195,2.723232,0.24775403385898478
5,2,268386.56016512774,0.7195,2.7234612,0.24875304075357987
5,2,268391.56036140234,0.7195,2.7235947,0.2497520446007352
5,2,268396.56055767706,0.7195,2.7241483,0.2507510506604679
5,2,268401.5607539518,0.7195,2.724702,0.25175005436445613
5,2,268406.5609502265,0.7195,2.7248163,0.2527490584870478
5,2,268411.5611465011,0.7195,2.7254272,0.2537480621552501
5,2,268416.5613427758,0.7195,2.725866,0.25474707164365057
5,2,268421.56153905054,0.7195,2.7264388,0.25574607712764547
5,2,268426.56173532526,0.7195,2.7269924,0.25674508227801657
5,2,268431.5619316,0.7195,2.7272787,0.2577440831044449
5,2,268436.5621278747,0.7195,2.728004,0.258743085415168
5,2,268441.5623241494,0.7195,2.7282903,0.25974208656964376
5,2,268446.56252042414,0.7195,2.7287867,0.2607410916647945
5,2,268451.5627166988,0.7195,2.7293594,0.26174009625609057
5,2,268456.5629129735,0.7195,2.7295692,0.2627390988935994
5,2,268461.56310924824,0.7195,2.73018,0.26373810715537604
5,2,268466.56330552296,0.7195,2.7304473,0.26473711538673445
5,2,268471.5635017976,0.7195,2.7312872,0.26573612658713597
5,2,268476.56369807234,0.7195,2.731898,0.266735132701397
5,2,268481.56389434705,0.7195,2.7322989,0.26773413824020825
5,2,268486.5640906218,0.7195,2.7326424,0.2687331443781919
5,2,268491.564286896,0.7195,2.733635,0.2697321546212269
5,2,268496.56448317063,0.7195,2.7339785,0.27073116520678664
5,2,268501.56467944523,0.7195,2.7346659,0.2717301743257476
5,2,268506.56487571984,0.7195,2.735334,0.2727291830554472
5,2,268511.56507199444,0.7195,2.7359447,0.27372819213468497
5,2,268516.56526826904,0.7195,2.736689,0.27472719974654913
5,2,268521.56546454364,0.7195,2.7372808,0.27572620565466416
5,2,268526.56566081825,0.7195,2.7381015,0.2767252131237189
5,2,268531.56585709285,0.7195,2.738407,0.2777242225935393
5,2,268536.56605336745,0.7195,2.738846,0.2787232314195997
5,2,268541.5662496423,0.7195,2.7392278,0.27972223927362094
5,2,268546.5664459169,0.7195,2.7398005,0.2807212506292992
5,2,268551.5666421917,0.7195,2.7408311,0.28172026124678384
5,2,268556.56683846656,0.7195,2.7414038,0.2827192700298263
5,2,268561.5670347414,0.7195,2.7422247,0.2837182785333991
5,2,268566.56723101623,0.7195,2.7425873,0.28471728563202087
5,2,268571.56742729107,0.7195,2.7433317,0.2857162900900311
5,2,268576.5676235659,0.7195,2.7436943,0.2867152916207578
5,2,268581.56781984074,0.7195,2.7444198,0.28771429707491725
5,2,268586.5680161156,0.7195,2.7450688,0.28871330307566784
5,2,268591.5682123904,0.7195,2.7461185,0.2897123079970048
5,2,268596.56840866525,0.7195,2.7468247,0.29071131612804196
5,2,268601.5686049401,0.7195,2.7473211,0.29171032522680024
5,2,268606.5688012149,0.7195,2.7481036,0.2927093351314034
5,2,268611.56899748975,0.7195,2.74881,0.29370834560123743
5,2,268616.5691937646,0.7195,2.7496307,0.2947073542500204
5,2,268621.5693900394,0.7195,2.7502797,0.29570636193233724
5,2,268626.56958631426,0.7195,2.7511578,0.2967053708634111
5,2,268631.5697825891,0.7195,2.7517114,0.29770438011769446
5,2,268636.56997886393,0.7195,2.7524939,0.29870339320730493
5,2,268641.57017513877,0.7195,2.7532575,0.2997024058594372
5,2,268646.5703714136,0.7195,2.7541928,0.3007014189175764
5,2,268651.570567688,0.7195,2.75467,0.3017004322661889
5,2,268656.57076396234,0.7195,2.7554336,0.30269944369363444
5,2,268661.5709602367,0.7195,2.7564833,0.303698452491737
5,2,268666.5711565111,0.7195,2.757228,0.30469745977477225
5,2,268671.57135278545,0.7195,2.7581248,0.305696465191298
5,2,268676.5715490598,0.7195,2.7589457,0.30669547147830983
5,2,268681.5717453342,0.7195,2.759881,0.3076944774426354
5,2,268686.57194160856,0.7195,2.7609308,0.3086934837462604
5,2,268691.57213788293,0.7195,2.7615607,0.30969249010546007
5,2,268696.5723341573,0.7195,2.762496,0.3106914976805084
5,2,268701.5725304317,0.7195,2.763527,0.3116905081275867
5,2,268706.57272670604,0.7195,2.7645385,0.3126895193757017
5,2,268711.5729229804,0.7195,2.7656074,0.31368852844265765
5,2,268716.5731192548,0.7195,2.766352,0.31468753854527737
5,2,268721.57331552915,0.7195,2.767249,0.31568654861203166
5,2,268726.5735118035,0.7195,2.7684324,0.3166855580472946
5,2,268731.5737080779,0.7195,2.7694058,0.31768456622094243
5,2,268736.57390435226,0.7195,2.770284,0.31868357615165244
5,2,268741.57410062663,0.7195,2.7715247,0.3196825854086114
5,2,268746.574296901,0.7195,2.7724218,0.32068159363892007
5,2,268751.5744931754,0.7195,2.773319,0.3216805989163253
5,2,268756.57468944974,0.7195,2.774655,0.3226796075413591
5,2,268761.5748857241,0.7195,2.7756476,0.3236786146443122
5,2,268766.5750819985,0.7195,2.7766595,0.32467761886776153
5,2,268771.57527827285,0.7195,2.7778618,0.3256766250958608
5,2,268776.5754745472,0.7195,2.7788546,0.32667563593837284
5,2,268781.5756708216,0.7195,2.7799234,0.32767464991720846
5,2,268786.57586709596,0.7195,2.7814124,0.328673662597037
5,2,268791.57606337033,0.7195,2.782615,0.3296726732493275
5,2,268796.5762596447,0.7195,2.7838748,0.3306716826946172
5,2,268801.5764559191,0.7195,2.7849245,0.3316706894417902
5,2,268806.57665219344,0.7195,2.786585,0.3326696949188047
5,2,268811.5768484678,0.7195,2.787444,0.33366869967938795
5,2,268816.5770447422,0.7195,2.7884557,0.3346677055267857
5,2,268821.57724101655,0.7195,2.7899828,0.33566671427919137
5,2,268826.5774372909,0.7195,2.7918534,0.3366657229855756
5,2,268831.5776335653,0.7195,2.793266,0.3376647287729648
5,2,268836.57782983966,0.7195,2.794354,0.33866373344898226
5,2,268841.57802611403,0.7195,2.7962055,0.3396627376130654
5,2,268846.5782223884,0.7195,2.797389,0.34066174484634404
5,2,268851.5784186628,0.7195,2.7983243,0.3416607529515591
5,2,268856.57861493714,0.7195,2.799813,0.3426597606966628
5,2,268861.5788112115,0.7195,2.801321,0.34365876922782596
5,2,268866.5790074859,0.7195,2.8026764,0.34465777576075995
5,2,268871.57920376025,0.7195,2.8044133,0.34565678218564394
5,2,268876.5794000346,0.7195,2.806074,0.34665578809860353
5,2,268881.579596309,0.7195,2.8077538,0.3476547905851603
5,2,268886.57979258336,0.7195,2.8094335,0.3486537931327754
5,2,268891.57998885773,0.7195,2.8107886,0.3496527953502172
5,2,268896.5801851321,0.7195,2.8124685,0.35065179789830914
5,2,268901.5803814065,0.7195,2.813919,0.35165080170350277
5,2,268906.58057768084,0.7195,2.8154843,0.3526498063611157
5,2,268911.5807739552,0.7195,2.817107,0.353648812984109
5,2,268916.5809702296,0.7195,2.818863,0.35464781910278076
5,2,268921.58116650395,0.7195,2.8207526,0.3556468243265881
5,2,268926.5813627783,0.7195,2.8223944,0.3566458279712201
5,2,268931.5815590527,0.7195,2.823883,0.3576448298761183
5,2,268936.58175532706,0.7195,2.825811,0.3586438273354736
5,2,268941.58195160143,0.7195,2.8278725,0.35964282546706666
5,2,268946.5821478758,0.7195,2.829724,0.36064182495677805
5,2,268951.58234415017,0.7195,2.8312893,0.36164082466277153
5,2,268956.58254042454,0.7195,2.833637,0.362639828172548
5,2,268961.5827366989,0.7195,2.8354695,0.3636388318666087
5,2,268966.5829329733,0.7195,2.8374164,0.3646378349229064
5,2,268971.58312924765,0.7195,2.8397071,0.36563684076528413
5,2,268976.583325522,0.7195,2.8417685,0.3666358434916999
5,2,268981.5835217964,0.7195,2.8439445,0.3676348453320099
5,2,268986.58371807076,0.7195,2.8456244,0.3686338493460516
5,2,268991.58391434513,0.7195,2.8478768,0.36963285291603204
5,2,268996.5841106195,0.7195,2.8499956,0.3706318564278715
5,2,269001.58430689387,0.7195,2.8524196,0.37163085813147156
5,2,269006.58450316824,0.7195,2.8546722,0.37262986005218157
5,2,269011.5846994426,0.7195,2.857039,0.37362886532015266
5,2,269016.584895717,0.7195,2.8591578,0.3746278720250427
5,2,269021.58509199135,0.7195,2.8616202,0.3756268776874343
5,2,269026.5852882657,0.7195,2.864178,0.37662588193470237
5,2,269031.5854845401,0.7195,2.8664494,0.3776248872641424
5,2,269036.58568081446,0.7195,2.8688736,0.3786238931518528
5,2,269041.58587708883,0.7195,2.8712213,0.37962290124638876
5,2,269046.58607336367,0.7195,2.8744855,0.3806219067410065
5,2,269051.5862696385,0.7195,2.877005,0.38162091545384125
5,2,269056.58646591334,0.7195,2.8798683,0.3826199228047132
5,2,269061.5866621882,0.7195,2.8827124,0.383618930009216
5,2,269066.586858463,0.7195,2.8853848,0.3846179354118406
5,2,269071.58705473784,0.7195,2.8885725,0.3856169420164458
5,2,269076.5872510127,0.7195,2.8912828,0.38661594924685017
5,2,269081.5874472875,0.7195,2.8943179,0.3876149588460557
5,2,269086.58764356235,0.7195,2.8974292,0.38861396827374883
5,2,269091.5878398372,0.7195,2.9004643,0.38961297778639187
5,2,269096.588036112,0.7195,2.9035373,0.3906119882080885
5,2,269101.58823238686,0.7195,2.9068205,0.39161100110492103
5,2,269106.5884286617,0.7195,2.910409,0.39261001182500516
5,2,269111.5886249365,0.7195,2.9135013,0.3936090205799076
5,2,269116.58882121136,0.7195,2.9167655,0.3946080291390253
5,2,269121.5890174862,0.7195,2.9199913,0.3956070376799868
5,2,269126.58921376104,0.7195,2.9239616,0.39660604679108985
5,2,269131.5894100359,0.7195,2.9276264,0.3976050567639569
5,2,269136.5896063107,0.7195,2.9316921,0.39860406658230224
5,2,269141.58980258554,0.7195,2.9357197,0.3996030819046696
5,2,269146.58999886014,0.7195,2.939671,0.4006020889407231
5,2,269151.59019513475,0.7195,2.9440231,0.40160109781645403
5,2,269156.59039140935,0.7195,2.9474971,0.40260010705753496
5,2,269161.59058768395,0.7195,2.9523263,0.4035991131534609
5,2,269166.59078395856,0.7195,2.9566593,0.4045981192445556
5,2,269171.59098023316,0.7195,2.9608777,0.4055971232711242
5,2,269176.59117650776,0.7195,2.9655542,0.40659612819942825
5,2,269181.59137278236,0.7195,2.9703836,0.40759513518449
5,2,269186.59156905697,0.7195,2.9755182,0.4085941455179386
5,2,269191.59176533157,0.7195,2.9802902,0.40959314992447027
5,2,269196.5919616063,0.7195,2.984795,0.41059215666614635
5,2,269201.592157881,0.7195,2.9893188,0.4115911598002844
5,2,269206.5923541557,0.7195,2.99432,0.41259016420232253
5,2,269211.59255043045,0.7195,2.9993973,0.41358916835670007
5,2,269212.34394987166,0.7195,3.0000463,0.4137392927880022
5,2,269212.3441498717,0.7195,2.999951,0.41373933274964486
