cycle_number,half_cycle,time_s,current_mA,voltage_V,capacity_mAh
0,0,322307.9541904982,0.0,2.9056315,0.0
0,0,322308.95418975316,0.0,2.8654816,0.0
0,0,322309.9541890081,0.0,2.8443487,0.0
0,0,322310.95418826304,0.0,2.8269193,0.0
0,0,322311.954187518,0.0,2.8114944,0.0
0,0,322312.9541867729,0.0,2.7970238,0.0
0,0,322313.95418602787,0.0,2.7828207,0.0
0,0,322314.9541852828,0.0,2.7686558,0.0
0,0,322315.95418453775,0.0,2.755006,0.0
0,0,322316.9541837927,0.0,2.741681,0.0
1,1,322317.9059830861,-1.624,2.7292533,0.0
1,1,322317.9063830861,-1.624,2.6247613,-1.7982025278939142e-07
1,1,322322.90657936083,-1.624,2.2384992,-0.002255915516104963
1,1,322327.9067756355,-1.624,2.0996745,-0.004511654046244091
1,1,322332.9069719102,-1.624,2.024554,-0.006767395058015982
1,1,322337.90716818493,-1.624,1.9758546,-0.009023138009574678
1,1,322342.9073644596,-1.624,1.9288353,-0.011278880983816252
1,1,322347.9075607343,-1.624,1.882274,-0.01353462591675255
1,1,322352.90775700903,-1.624,1.8310548,-0.01579037242045005
1,1,322357.90795328375,-1.624,1.7786901,-0.018046119868424203
1,1,322362.90814955847,-1.624,1.7253327,-0.020301869337360064
1,1,322367.9083458332,-1.624,1.6725099,-0.022557619802322654
1,1,322372.908542108,-1.624,1.6218442,-0.02481336796051926
1,1,322377.9087383826,-1.624,1.5741757,-0.027069118448197843
1,1,322382.90893465723,-1.624,1.5309744,-0.029324868271205163
1,1,322387.90913093183,-1.624,1.4944929,-0.03158061521780491
1,1,322392.90932720643,-1.624,1.4653993,-0.03383636487741603
1,1,322397.90952348104,-1.624,1.4438272,-0.036092115093085506
1,1,322402.90971975564,-1.624,1.4281349,-0.0383478632495006
1,1,322407.90991603024,-1.624,1.4167571,-0.04060361452329821
1,1,322412.91011230485,-1.624,1.4082428,-0.04285936506299178
1,1,322417.91030857945,-1.624,1.4022485,-0.045115115372578306
1,1,322422.9105048543,-1.624,1.3977814,-0.047370869975195996
1,1,322427.9107011291,-1.624,1.394097,-0.049626627518097564
1,1,322432.91089740396,-1.624,1.3914052,-0.05188238455715445
1,1,322437.9110936788,-1.624,1.3894007,-0.05413814124757052
1,1,322442.9112899536,-1.624,1.3878926,-0.056393895729925904
1,1,322447.91148622846,-1.624,1.3866899,-0.058649650249713005
1,1,322452.9116825033,-1.624,1.3857163,-0.06090540366036363
1,1,322457.91187877813,-1.624,1.3849717,-0.06316115803472865
1,1,322462.91207505297,-1.624,1.3843418,-0.06541691768840288
1,1,322467.9122713278,-1.624,1.3840746,-0.06767267505973579
1,1,322472.91246760264,-1.624,1.3838836,-0.0699284311338597
1,1,322477.9126638775,-1.624,1.3836163,-0.07218419007356963
1,1,322482.9128601523,-1.624,1.3834827,-0.07443995064968535
1,1,322487.91305642715,-1.624,1.3836163,-0.07669571296607125
1,1,322492.913252702,-1.624,1.38333,-0.07895147531704771
1,1,322497.9134489768,-1.624,1.3831964,-0.081207234411988
1,1,322502.91364525165,-1.624,1.3830436,-0.08346299329917961
1,1,322507.9138415265,-1.624,1.3834445,-0.08571875269736184
1,1,322512.9140378013,-1.624,1.3836737,-0.08797451325062249
1,1,322517.9142340757,-1.624,1.3836355,-0.09023027479343944
1,1,322522.91443035007,-1.624,1.3838073,-0.09248603996667597
1,1,322527.91462662444,-1.624,1.3835782,-0.09474180596656931
1,1,322532.9148228988,-1.624,1.3839791,-0.09699757232852113
1,1,322537.9150191732,-1.624,1.3838264,-0.0992533378743463
1,1,322542.91521544755,-1.624,1.3839409,-0.10150910093819432
1,1,322547.9154117219,-1.624,1.3840172,-0.10376486293914582
1,1,322552.9156079963,-1.624,1.3841509,-0.10602062417672077
1,1,322557.91580427065,-1.624,1.3843609,-0.10827638634557855
1,1,322562.916000545,-1.624,1.3844945,-0.1105321476408508
1,1,322567.9161968194,-1.624,1.3844564,-0.11278790821596649
1,1,322572.91639309376,-1.624,1.3843418,-0.11504366740005546
1,1,322577.91658936813,-1.624,1.3843418,-0.11729942931523588
1,1,322582.9167856425,-1.624,1.3847045,-0.11955519241286648
1,1,322587.9169819169,-1.624,1.3845136,-0.12181095383175214
1,1,322592.91717819124,-1.624,1.3846282,-0.1240667128335966
1,1,322597.9173744656,-1.624,1.3845136,-0.1263224737279415
1,1,322602.91757074,-1.624,1.3844181,-0.12857823398976193
1,1,322607.91776701435,-1.624,1.3846282,-0.130833992635164
1,1,322612.9179632887,-1.624,1.3845708,-0.1330897502140204
1,1,322617.9181595631,-1.624,1.3844945,-0.13534551034571726
1,1,322622.91835583746,-1.624,1.3847237,-0.13760126812328893
1,1,322627.91855211183,-1.624,1.3846854,-0.13985702255864274
1,1,322632.9187483862,-1.624,1.3844755,-0.1421127785958184
1,1,322637.9189446606,-1.624,1.3842654,-0.14436853251065146
1,1,322642.91914093494,-1.624,1.3843037,-0.14662428653134238
1,1,322647.9193372093,-1.624,1.3843037,-0.14888004119008116
1,1,322652.9195334837,-1.624,1.3841509,-0.15113579737617572
1,1,322657.91972975805,-1.624,1.38417,-0.15339155183916622
1,1,322662.9199260324,-1.624,1.3840364,-0.15564730617156958
1,1,322667.9201223068,-1.624,1.38375,-0.1579030619569355
1,1,322672.92031858116,-1.624,1.3835591,-0.16015881927114728
1,1,322677.92051485553,-1.624,1.3835973,-0.1624145770579378
1,1,322682.9207111299,-1.624,1.3834255,-0.16467033397218916
1,1,322687.9209074043,-1.624,1.3834445,-0.1669260928403073
1,1,322692.92110367864,-1.624,1.3832154,-0.169181853417529
1,1,322697.921299953,-1.624,1.3830627,-0.1714376109542052
1,1,322702.9214962274,-1.624,1.3828146,-0.17369336937532823
1,1,322707.92169250175,-1.624,1.3827382,-0.17594912656772138
1,1,322712.9218887761,-1.624,1.3827573,-0.17820488391958345
1,1,322717.9220850505,-1.624,1.3822801,-0.1804606393354469
1,1,322722.92228132486,-1.624,1.3822992,-0.18271639671083292
1,1,322727.92247759923,-1.624,1.3820319,-0.1849721521478825
1,1,322732.9226738736,-1.624,1.3817837,-0.18722790673575135
1,1,322737.922870148,-1.624,1.3816501,-0.18948366112115647
1,1,322742.92306642234,-1.624,1.3815737,-0.1917394180155529
1,1,322747.9232626967,-1.624,1.381211,-0.1939951730727156
1,1,322752.9234589711,-1.624,1.3809628,-0.1962509293398791
1,1,322757.92365524545,-1.624,1.3805429,-0.19850668598547247
1,1,322762.9238515198,-1.624,1.3801801,-0.2007624426156481
1,1,322767.9240477942,-1.624,1.3800465,-0.203018202732159
1,1,322772.92424406856,-1.624,1.3797411,-0.20527396540285478
1,1,322777.92444034293,-1.624,1.3796837,-0.20752972734010217
1,1,322782.9246366173,-1.624,1.3793592,-0.20978548697879576
1,1,322787.9248328917,-1.624,1.3789774,-0.21204124639668726
1,1,322792.92502916604,-1.624,1.3785193,-0.21429700462516807
1,1,322797.9252254404,-1.624,1.3784238,-0.21655276086090666
1,1,322802.9254217148,-1.624,1.3780993,-0.21880851601569515
1,1,322807.92561798915,-1.624,1.3777938,-0.22106427365282505
1,1,322812.9258142635,-1.624,1.377622,-0.22332003141071394
1,1,322817.9260105379,-1.624,1.3772211,-0.22557579115930526
1,1,322822.92620681226,-1.624,1.3766866,-0.22783154839705755
1,1,322827.92640308663,-1.624,1.3762666,-0.23008730721261764
1,1,322832.926599361,-1.624,1.3760567,-0.23234306481611064
1,1,322837.9267956354,-1.624,1.3755221,-0.23459882411889232
1,1,322842.92699190974,-1.624,1.3753694,-0.23685458356685105
1,1,322847.9271881841,-1.624,1.374873,-0.23911034374592036
1,1,322852.9273844585,-1.624,1.3745867,-0.24136610483925205
1,1,322857.92758073285,-1.624,1.3743004,-0.24362186666615138
1,1,322862.9277770072,-1.624,1.373804,-0.24587763164514298
1,1,322867.9279732816,-1.624,1.3732885,-0.24813339713787366
1,1,322872.92816955596,-1.624,1.3725822,-0.250389160146296
1,1,322877.92836583033,-1.624,1.3723149,-0.25264492335418853
1,1,322882.9285621047,-1.624,1.3719904,-0.25490068683989175
1,1,322887.9287583791,-1.624,1.3715703,-0.25715644858756326
1,1,322892.92895465344,-1.624,1.3712077,-0.25941221194113623
1,1,322897.9291509278,-1.624,1.3707687,-0.2616679734618531
1,1,322902.9293472022,-1.624,1.3704059,-0.2639237336706784
1,1,322907.92954347655,-1.624,1.3700622,-0.2661794915118482
1,1,322912.9297397514,-1.624,1.3695469,-0.26843525149167247
1,1,322917.9299360262,-1.624,1.3690124,-0.27069101157715586
1,1,322922.93013230106,-1.624,1.368535,-0.27294677334533135
1,1,322927.9303285759,-1.624,1.3680578,-0.2752025340191192
1,1,322932.93052485073,-1.624,1.3678097,-0.2774582953538299
1,1,322937.93072112557,-1.624,1.367256,-0.2797140565393832
1,1,322942.9309174004,-1.624,1.3667215,-0.28196982076358135
1,1,322947.93111367524,-1.624,1.3665305,-0.2842255775775976
1,1,322952.9313099501,-1.624,1.3659006,-0.2864813358375695
1,1,322957.9315062249,-1.624,1.3654042,-0.288737095678356
1,1,322962.93170249974,-1.624,1.3649843,-0.29099285309281614
1,1,322967.9318987746,-1.624,1.3644116,-0.29324861207463343
1,1,322972.9320950494,-1.624,1.3639152,-0.295504371828311
1,1,322977.93229132425,-1.624,1.3633425,-0.2977601308340364
1,1,322982.9324875991,-1.624,1.3628843,-0.3000158913468917
1,1,322987.93268387346,-1.624,1.3624452,-0.3022716522488329
1,1,322992.9328801483,-1.624,1.3619488,-0.30452741369262004
1,1,322997.9330764231,-1.624,1.3616244,-0.30678317230774954
1,1,323002.93327269796,-1.624,1.3611089,-0.3090389321003622
1,1,323007.9334689728,-1.624,1.3607271,-0.31129468641790414
1,1,323012.9336652474,-1.624,1.3602499,-0.31355044395332204
1,1,323017.933861522,-1.624,1.3597153,-0.315806203269177
1,1,323022.9340577966,-1.624,1.3589135,-0.3180619624365701
1,1,323027.9342540712,-1.624,1.358589,-0.32031772126385905
1,1,323032.9344503458,-1.624,1.3578635,-0.3225734823287792
1,1,323037.9346466204,-1.624,1.357329,-0.32482924137584374
1,1,323042.934842895,-1.624,1.3567182,-0.32708500065858503
1,1,323047.9350391696,-1.624,1.3562409,-0.3293407621317507
1,1,323052.9352354442,-1.624,1.3557446,-0.33159652300857184
1,1,323057.9354317188,-1.624,1.3549428,-0.33385228766347974
1,1,323062.93562799355,-1.624,1.3543509,-0.33610804904949676
1,1,323067.93582426826,-1.624,1.3538164,-0.3383638099069861
1,1,323072.936020543,-1.624,1.3529764,-0.34061956964571616
1,1,323077.9362168177,-1.624,1.352461,-0.34287532826256095
1,1,323082.9364130924,-1.624,1.351621,-0.3451310881818732
1,1,323087.93660936714,-1.624,1.3510865,-0.3473868472218911
1,1,323092.93680564186,-1.624,1.3504947,-0.3496426084740957
1,1,323097.9370019166,-1.624,1.3498266,-0.35189837069133256
1,1,323102.9371981913,-1.624,1.3494638,-0.3541541318870717
1,1,323107.937394466,-1.624,1.3489484,-0.35640989138624407
1,1,323112.93759074097,-1.624,1.3480512,-0.35866564822904934
1,1,323117.9377870157,-1.624,1.3477075,-0.36092140293009417
1,1,323122.9379832904,-1.624,1.3468103,-0.363177157837285
1,1,323127.93817956507,-1.624,1.3461039,-0.3654329145051109
1,1,323132.9383758398,-1.624,1.3454549,-0.36768867227580815
1,1,323137.93857211445,-1.624,1.3448821,-0.36994443066575794
1,1,323142.93876838917,-1.624,1.3440803,-0.3722001878995697
1,1,323147.9389646639,-1.624,1.3434886,-0.3744559459647471
1,1,323152.9391609386,-1.624,1.342954,-0.37671170182189684
1,1,323157.9393572133,-1.624,1.3420377,-0.378967456451171
1,1,323162.93955348805,-1.624,1.3414459,-0.3812232122565111
1,1,323167.93974976265,-1.624,1.3407205,-0.3834789674365919
1,1,323172.939946037,-1.624,1.3398805,-0.38573472181703655
1,1,323177.9401423116,-1.624,1.3392506,-0.3879904733957848
1,1,323182.9403385862,-1.624,1.3383533,-0.3902462267142469
1,1,323187.9405348608,-1.624,1.3377806,-0.39250198505229433
1,1,323192.94073113543,-1.624,1.3369979,-0.3947577419640953
1,1,323197.94092741003,-1.624,1.3360624,-0.3970134961579311
1,1,323202.94112368464,-1.624,1.3352989,-0.3992692530618907
1,1,323207.94131995924,-1.624,1.3346115,-0.40152501015010816
1,1,323212.9415162341,-1.624,1.3337334,-0.4037807670514982
1,1,323217.9417125089,-1.624,1.3331798,-0.4060365256368386
1,1,323222.94190878375,-1.624,1.3323016,-0.40829228504394166
1,1,323227.9421050586,-1.624,1.3316334,-0.4105480436534286
1,1,323232.9423013334,-1.624,1.3305645,-0.4128038022941683
1,1,323237.94249760825,-1.624,1.3295336,-0.4150595585443908
1,1,323242.9426938831,-1.624,1.328999,-0.4173153154303565
1,1,323247.9428901579,-1.624,1.3280255,-0.41957107388882514
1,1,323252.9430864323,-1.624,1.3270327,-0.4218268344153432
1,1,323257.9432827071,-1.624,1.3263073,-0.42408259734152437
1,1,323262.94347898196,-1.624,1.3253528,-0.4263383583757481
1,1,323267.9436752568,-1.624,1.324341,-0.4285941208941276
1,1,323272.94387153164,-1.624,1.323501,-0.4308498872738681
1,1,323277.9440678065,-1.624,1.3224511,-0.4331056536161437
1,1,323282.9442640813,-1.624,1.3217256,-0.43536141562849295
1,1,323287.94446035614,-1.624,1.3204848,-0.4376171761613357
1,1,323292.944656631,-1.624,1.3195112,-0.43987293780906345
1,1,323297.9448529058,-1.624,1.3186712,-0.442128699273593
1,1,323302.94504918065,-1.624,1.3173349,-0.44438446655872804
1,1,323307.9452454555,-1.624,1.3164567,-0.4466402317937216
1,1,323312.9454417303,-1.624,1.3155977,-0.44889599620128345
1,1,323317.9456380047,-1.624,1.3144331,-0.4511517570968205
1,1,323322.94583427906,-1.624,1.3134786,-0.4534075208725003
1,1,323327.94603055343,-1.624,1.3127913,-0.4556632822468613
1,1,323332.9462268278,-1.624,1.3117987,-0.4579190419458483
1,1,323337.94642310217,-1.624,1.3103096,-0.46017480364205454
1,1,323342.94661937654,-1.624,1.3095078,-0.4624305668108332
1,1,323347.9468156509,-1.624,1.3085915,-0.4646863305652938
1,1,323352.9470119253,-1.624,1.307637,-0.46694209543367904
1,1,323357.94720819965,-1.624,1.306167,-0.4691978590753941
1,1,323362.947404474,-1.624,1.3051171,-0.471453625431551
1,1,323367.9476007484,-1.624,1.3043725,-0.47370939235075327
1,1,323372.94779702276,-1.624,1.3032653,-0.47596516022395435
1,1,323377.94799329713,-1.624,1.3021008,-0.4782209271440176
1,1,323382.9481895715,-1.624,1.3012608,-0.4804766931299171
1,1,323387.94838584587,-1.624,1.3002491,-0.4827324554396405
1,1,323392.94858212024,-1.624,1.2989509,-0.4849882144828307
1,1,323397.9487783946,-1.624,1.2978055,-0.48724397801644276
1,1,323402.948974669,-1.624,1.2969464,-0.4894997405170136
1,1,323407.94917094335,-1.624,1.296011,-0.4917555014003979
1,1,323412.9493672177,-1.624,1.2948465,-0.49401126172911464
1,1,323417.9495634921,-1.624,1.2934338,-0.4962670218159954
1,1,323422.94975976646,-1.624,1.2925366,-0.498522779939625
1,1,323427.94995604083,-1.624,1.2914293,-0.5007785396921768
1,1,323432.9501523152,-1.624,1.2903985,-0.5030343042245375
1,1,323437.95034858957,-1.624,1.2891003,-0.5052900619292392
1,1,323442.95054486394,-1.624,1.2878594,-0.5075458219955034
1,1,323447.9507411383,-1.624,1.2867522,-0.5098015822225545
1,1,323452.9509374127,-1.624,1.2856259,-0.5120573442444736
1,1,323457.95113368705,-1.624,1.2846332,-0.5143131054542132
1,1,323462.9513299614,-1.624,1.283125,-0.5165688674645755
1,1,323467.9515262358,-1.624,1.2822087,-0.5188246286057764
1,1,323472.95172251016,-1.624,1.2806624,-0.5210803905727532
1,1,323477.9519187845,-1.624,1.2792689,-0.5233361555829975
1,1,323482.9521150589,-1.624,1.2779707,-0.5255919206404686
1,1,323487.95231133327,-1.624,1.2767298,-0.5278476849020652
1,1,323492.95250760764,-1.624,1.2754316,-0.5301034507994187
1,1,323497.952703882,-1.624,1.2739999,-0.5323592184426982
1,1,323502.9529001564,-1.624,1.2726445,-0.5346149891534976
1,1,323507.95309643075,-1.624,1.2714609,-0.5368707616987028
1,1,323512.9532927051,-1.624,1.2700864,-0.539126536296202
1,1,323517.9534889795,-1.624,1.2688264,-0.5413823072972098
1,1,323522.95368525386,-1.624,1.2673182,-0.5436380779972804
1,1,323527.9538815282,-1.624,1.2656765,-0.5458938439589274
1,1,323532.9540778026,-1.624,1.2641875,-0.5481496081642772
1,1,323537.95427407697,-1.624,1.2627366,-0.5504053756026623
1,1,323542.95447035134,-1.624,1.2612284,-0.552661141619682
1,1,323547.9546666257,-1.624,1.2599113,-0.5549169057223927
1,1,323552.9548629001,-1.624,1.2584985,-0.5571726673233242
1,1,323557.95505917445,-1.624,1.2571431,-0.5594284278636175
1,1,323562.9552554488,-1.624,1.2557114,-0.5616841898037921
1,1,323567.9554517232,-1.624,1.2538596,-0.5639399537111783
1,1,323572.95564799756,-1.624,1.2524661,-0.5661957160822747
1,1,323577.9558442719,-1.624,1.2509388,-0.5684514797405003
1,1,323582.9560405463,-1.624,1.2493734,-0.5707072430493498
1,1,323587.95623682067,-1.624,1.2479798,-0.5729630060756801
1,1,323592.95643309504,-1.624,1.2464526,-0.575218767901182
1,1,323597.9566293694,-1.624,1.2445436,-0.5774745290032954
1,1,323602.9568256438,-1.624,1.2429018,-0.5797302915840875
1,1,323607.95702191815,-1.624,1.2411264,-0.5819860545235604
1,1,323612.9572181925,-1.624,1.2392937,-0.5842418194042508
1,1,323617.9574144669,-1.624,1.2374038,-0.5864975839856861
1,1,323622.95761074126,-1.624,1.235762,-0.5887533487936918
1,1,323627.9578070156,-1.624,1.2342348,-0.5910091138378976
1,1,323632.95800329,-1.624,1.2322876,-0.593264877280553
1,1,323637.95819956437,-1.624,1.2302831,-0.595520640417165
1,1,323642.95839583874,-1.624,1.2287368,-0.5977764043551482
1,1,323647.9585921131,-1.624,1.2266941,-0.6000321715671352
1,1,323652.9587883875,-1.624,1.2250142,-0.602287938604454
1,1,323657.95898466185,-1.624,1.2231243,-0.6045437072290378
1,1,323662.9591809362,-1.624,1.2214252,-0.6067994771925143
1,1,323667.9593772106,-1.624,1.2196307,-0.6090552470902798
1,1,323672.95957348496,-1.624,1.2174163,-0.6113110144539936
1,1,323677.9597697593,-1.624,1.2156981,-0.6135667831918661
1,1,323682.9599660337,-1.624,1.2135983,-0.6158225511028168
1,1,323687.96016230807,-1.624,1.2117083,-0.618078315272384
1,1,323692.96035858244,-1.624,1.2096655,-0.6203340802348651
1,1,323697.9605548568,-1.624,1.2076038,-0.6225898465049398
1,1,323702.9607511312,-1.624,1.2054085,-0.6248456112601821
1,1,323707.960947406,-1.624,1.2034804,-0.627101377977775
1,1,323712.96114368085,-1.624,1.2015331,-0.6293571409020952
1,1,323715.98014144227,-1.624,1.1999487,-0.6307191175911424
1,1,323715.98034144193,-1.624,1.2001777,-0.6307192078168721
1,2,323715.9811414415,1.624,1.3891891,1.7897568808661566e-07
1,2,323720.9813377168,1.624,1.831093,0.0022558898640010093
1,2,323725.9815339912,1.624,1.9645723,0.004511601088040405
1,2,323730.98173026554,1.624,2.0596611,0.006767306241419581
1,2,323735.9819265399,1.624,2.1330633,0.009023011470549638
1,2,323740.9821228143,1.624,2.1911361,0.011278715181152027
1,2,323745.98231908865,1.624,2.237888,0.013534419000301098
1,2,323750.982515363,1.624,2.275515,0.015790121586872475
1,2,323755.9827116374,1.624,2.306766,0.018045824173496833
1,2,323760.98290791176,1.624,2.3328052,0.020301527950174283
1,2,323765.98310418613,1.624,2.3548925,0.022557229509790742
1,2,323770.9833004605,1.624,2.374193,0.02481293018727833
1,2,323775.9834967349,1.624,2.391374,0.027068633743517933
1,2,323780.98369300924,1.624,2.4065318,0.02932433392293586
1,2,323785.9838892836,1.624,2.4201431,0.03158003448313475
1,2,323790.984085558,1.624,2.432762,0.033835738731960455
1,2,323795.98428183235,1.624,2.444235,0.036091441966235635
1,2,323800.9844781067,1.624,2.455155,0.03834714588795105
1,2,323805.9846743811,1.624,2.46554,0.04060284762663311
1,2,323810.98487065546,1.624,2.4749897,0.04285854779292477
1,2,323815.98506692983,1.624,2.484115,0.04511424935681952
1,2,323820.9852632042,1.624,2.492801,0.04736995039131906
1,2,323825.9854594786,1.624,2.501258,0.04962565107036961
1,2,323830.98565575294,1.624,2.509295,0.051881351341903206
1,2,323835.9858520273,1.624,2.5171602,0.05413705579464303
1,2,323840.9860483017,1.624,2.5249681,0.05639276073459784
1,2,323845.98624457605,1.624,2.5322413,0.058648465116136604
1,2,323850.9864408504,1.624,2.5396676,0.06090416928349601
1,2,323855.9866371248,1.624,2.5469983,0.06315987361747027
1,2,323860.98683339916,1.624,2.5540807,0.06541557953420614
1,2,323865.98702967353,1.624,2.5610297,0.0676712867082225
1,2,323870.9872259479,1.624,2.568093,0.06992699144302475
1,2,323875.9874222223,1.624,2.5745647,0.07218269758780799
1,2,323880.98761849664,1.624,2.5815134,0.07443840419541466
1,2,323885.987814771,1.624,2.5882714,0.07669410958943765
1,2,323890.9880110454,1.624,2.5948195,0.07894981610530616
1,2,323895.98820731975,1.624,2.6016347,0.08120552209326294
1,2,323900.9884035941,1.624,2.608259,0.08346122667130497
1,2,323905.9885998685,1.624,2.615017,0.08571693221777678
1,2,323910.98879614286,1.624,2.621145,0.08797263638676538
1,2,323915.98899241723,1.624,2.6278458,0.09022834012052086
1,2,323920.9891886916,1.624,2.6342027,0.0924840432595412
1,2,323925.989384966,1.624,2.6408272,0.09473974550306798
1,2,323930.98958124034,1.624,2.6473942,0.09699544705282317
1,2,323935.9897775147,1.624,2.653694,0.09925115116337935
1,2,323940.9899737891,1.624,2.6599936,0.10150685538645585
1,2,323945.99017006345,1.624,2.666408,0.1037625606964694
1,2,323950.9903663378,1.624,2.6726887,0.10601826408749818
1,2,323955.9905626122,1.624,2.6784732,0.10827396899757781
1,2,323960.99075888656,1.624,2.684773,0.11052967379819682
1,2,323965.99095516093,1.624,2.6904428,0.11278538061514164
1,2,323970.9911514353,1.624,2.6961699,0.11504108651436698
1,2,323975.99134770967,1.624,2.7013242,0.11729678939881588
1,2,323980.99154398404,1.624,2.7071276,0.11955249449148442
1,2,323985.9917402584,1.624,2.711843,0.12180819879711335
1,2,323990.9919365328,1.624,2.7169592,0.12406390196200873
1,2,323995.99213280715,1.624,2.7216935,0.1263196052416033
1,2,324000.992329082,1.624,2.7261608,0.12857531132872896
1,2,324005.9925253568,1.624,2.7307806,0.13083101773566666
1,2,324010.99272163166,1.624,2.735095,0.133086723323769
1,2,324015.9929179065,1.624,2.7391994,0.1353424247731566
1,2,324020.9931141813,1.624,2.7428455,0.13759812620501383
1,2,324025.99331045616,1.624,2.7465873,0.13985382847360767
1,2,324030.993506731,1.624,2.7502527,0.14210953175416915
1,2,324035.99370300584,1.624,2.753708,0.14436523652856212
1,2,324040.9938992807,1.624,2.7570298,0.1466209385010136
1,2,324045.9940955555,1.624,2.7600079,0.14887664154097763
1,2,324050.99429183034,1.624,2.7632723,0.1511323445646696
1,2,324055.9944881052,1.624,2.7660022,0.15338804562146788
1,2,324060.99468438,1.624,2.7686367,0.15564374701164158
1,2,324065.99488065485,1.624,2.7713091,0.1578994505581921
1,2,324070.9950769297,1.624,2.7738674,0.16015515049132364
1,2,324075.9952732045,1.624,2.77612,0.1624108463642729
1,2,324080.99546947936,1.624,2.7783344,0.1646665458586745
1,2,324085.9956657542,1.624,2.7805872,0.16692224458698424
1,2,324090.995862029,1.624,2.7827253,0.16917794439717126
1,2,324095.99605830386,1.624,2.784997,0.1714336436004903
1,2,324100.99625457847,1.624,2.786906,0.17368934365246685
1,2,324105.99645085307,1.624,2.7890632,0.17594504487342297
1,2,324110.9966471277,1.624,2.791087,0.17820074621606527
1,2,324115.9968434023,1.624,2.7927668,0.18045644751013643
1,2,324120.9970396769,1.624,2.794542,0.18271214723894325
1,2,324125.9972359515,1.624,2.796203,0.18496784721165888
1,2,324130.9974322261,1.624,2.7979212,0.1872235482796827
1,2,324135.9976285007,1.624,2.799391,0.18947925095634982
1,2,324140.9978247753,1.624,2.8008037,0.19173494919963668
1,2,324145.9980210499,1.624,2.8022928,0.19399064651809128
1,2,324150.9982173246,1.624,2.8035529,0.19624634726770712
1,2,324155.9984135993,1.624,2.8052137,0.1985020514883862
1,2,324160.99860987405,1.624,2.8066645,0.20075775202498167
1,2,324165.99880614877,1.624,2.8077145,0.20301345004733398
1,2,324170.9990024235,1.624,2.8092418,0.2052691478762626
1,2,324175.9991986982,1.624,2.810807,0.20752484458439874
1,2,324180.9993949729,1.624,2.8117998,0.20978054243146704
1,2,324185.99959124764,1.624,2.812888,0.21203624142487176
1,2,324190.99978752236,1.624,2.8143387,0.21429193923716408
1,2,324195.9999837966,1.624,2.8155224,0.21654763553580306
1,2,324201.0001800713,1.624,2.8166296,0.2188033330799672
1,2,324206.000376346,1.624,2.8180995,0.22105903262439697
1,2,324211.0005726207,1.624,2.8192642,0.2233147329427202
1,2,324216.00076889544,1.624,2.8206577,0.22557043132525675
1,2,324221.00096517015,1.624,2.821994,0.2278261248744262
1,2,324226.0011614448,1.624,2.8233876,0.23008181737609698
1,2,324231.00135771954,1.624,2.8244758,0.23233750749860202
1,2,324236.00155399425,1.624,2.8257165,0.23459319926689726
1,2,324241.001750269,1.624,2.8269193,0.236848893405146
1,2,324246.0019465437,1.624,2.8283892,0.239104585766673
1,2,324251.0021428184,1.624,2.829592,0.2413602762744757
1,2,324256.002339093,1.624,2.8307564,0.24361596929667384
1,2,324261.0025353676,1.624,2.8319783,0.24587166211924277
1,2,324266.0027316422,1.624,2.8330665,0.24812736000465674
1,2,324271.0029279168,1.624,2.8343263,0.25038305448855286
1,2,324276.0031241914,1.624,2.835491,0.25263874895438876
1,2,324281.003320466,1.624,2.8366745,0.2548944415894018
1,2,324286.00351674063,1.624,2.8379345,0.25715013562368677
1,2,324291.00371301523,1.624,2.8389652,0.25940583380556764
1,2,324296.00390928984,1.624,2.840168,0.26166152988300717
1,2,324301.0041055647,1.624,2.8411415,0.26391722337288986
1,2,324306.0043018395,1.624,2.8423443,0.2661729149978028
1,2,324311.00449811434,1.624,2.8432796,0.2684286100279424
1,2,324316.0046943892,1.624,2.8446732,0.27068430355070694
1,2,324321.004890664,1.624,2.8459713,0.27293999693522847
1,2,324326.00508693885,1.624,2.8471167,0.27519568939463956
1,2,324331.0052832137,1.624,2.8482432,0.27745138135168945
1,2,324336.0054794885,1.624,2.849675,0.27970707440774967
1,2,324341.00567576336,1.624,2.8507059,0.2819627670059336
1,2,324346.0058720382,1.624,2.8520613,0.2842184587239689
1,2,324351.006068313,1.624,2.8532257,0.286474153635025
1,2,324356.00626458786,1.624,2.8546002,0.28872984610647623
1,2,324361.0064608627,1.624,2.8558793,0.29098553934493987
1,2,324366.00665713754,1.624,2.8573682,0.2932412338264319
1,2,324371.0068534124,1.624,2.8589146,0.2954969281136459
1,2,324376.0070496872,1.624,2.8604038,0.29775262249136625
1,2,324381.00724596204,1.624,2.8615682,0.30000831687749746
1,2,324386.0074422369,1.624,2.8633244,0.30226401206139053
1,2,324391.0076385117,1.624,2.864489,0.30451970614527324
1,2,324396.00783478655,1.624,2.8658826,0.30677539920159835
1,2,324401.0080310609,1.624,2.8671424,0.3090310969585444
1,2,324406.0082273353,1.624,2.8688798,0.31128679259170416
1,2,324411.00842360966,1.624,2.870159,0.3135424896147515
1,2,324416.008619884,1.624,2.8715715,0.3157981869548426
1,2,324421.0088161584,1.624,2.873156,0.3180538809427883
1,2,324426.00901243277,1.624,2.8746068,0.3203095708822276
1,2,324431.00920870714,1.624,2.876096,0.3225652623931897
1,2,324436.0094049815,1.624,2.8776612,0.32482095301267166
1,2,324441.0096012559,1.624,2.8791504,0.3270766449250313
1,2,324446.00979753025,1.624,2.880983,0.32933233647564375
1,2,324451.0099938046,1.624,2.882663,0.3315880281545916
1,2,324456.010190079,1.624,2.8842475,0.3338437197668816
1,2,324461.01038635336,1.624,2.8862138,0.3360994115104078
1,2,324466.0105826277,1.624,2.888161,0.3383551040612656
1,2,324471.0107789021,1.624,2.8897455,0.3406107943737108
1,2,324476.01097517647,1.624,2.89133,0.3428664885765511
1,2,324481.01117145084,1.624,2.893048,0.3451221814642613
1,2,324486.0113677252,1.624,2.894919,0.3473778751751382
1,2,324491.0115639996,1.624,2.8965607,0.3496335644526878
1,2,324496.01176027395,1.624,2.8983934,0.3518892558994358
1,2,324501.0119565483,1.624,2.9006078,0.35414494625578313
1,2,324506.0121528227,1.624,2.902574,0.35640063588288745
1,2,324511.01234909706,1.624,2.9043686,0.3586563273214564
1,2,324516.0125453714,1.624,2.9064305,0.3609120165276328
1,2,324521.0127416458,1.624,2.9082248,0.3631677070001297
1,2,324526.01293792017,1.624,2.9106302,0.36542339595837053
1,2,324531.01313419454,1.624,2.9125774,0.36767908498740187
1,2,324536.0133304689,1.624,2.9147155,0.3699347730937798
1,2,324541.0135267433,1.624,2.9172738,0.37219045938559364
1,2,324546.01372301765,1.624,2.919431,0.3744461472413274
1,2,324551.013919292,1.624,2.9215882,0.37670183572726773
1,2,324556.0141155664,1.624,2.9240124,0.3789575252980192
1,2,324561.01431184076,1.624,2.9265134,0.3812132155986494
1,2,324566.0145081151,1.624,2.9288042,0.38346890864592786
1,2,324571.0147043895,1.624,2.931744,0.38572460329018693
1,2,324576.01490066387,1.624,2.9338822,0.3879802956813838
1,2,324581.01509693824,1.624,2.9369557,0.3902359873666564
1,2,324586.0152932126,1.624,2.9395711,0.3924916772072844
1,2,324591.015489487,1.624,2.9419956,0.3947473665714197
1,2,324596.01568576135,1.624,2.94484,0.39700306189017814
1,2,324601.0158820357,1.624,2.9474554,0.399258759872953
1,2,324606.0160783101,1.624,2.9503572,0.4015144552603098
1,2,324611.01627458446,1.624,2.9531825,0.40377014836015956
1,2,324616.0164708588,1.624,2.9561033,0.4060258416088024
1,2,324621.0166671332,1.624,2.9591959,0.4082815361032154
1,2,324626.01686340757,1.624,2.9622886,0.4105372289824352
1,2,324631.01705968194,1.624,2.965343,0.4127929230601919
1,2,324636.0172559563,1.624,2.9686074,0.415048614804036
1,2,324641.0174522307,1.624,2.9717002,0.4173043022459744
1,2,324646.01764850505,1.624,2.9750981,0.41955998930285365
1,2,324651.0178447794,1.624,2.9783244,0.421815677753561
1,2,324656.0180410538,1.624,2.981837,0.42407136834363796
1,2,324661.01823732816,1.624,2.9854834,0.42632706203362003
1,2,324666.0184336025,1.624,2.9888432,0.42858275326566553
1,2,324671.0186298769,1.624,2.9924893,0.4308384477755625
1,2,324676.01882615127,1.624,2.996632,0.43309414215088543
1,2,324680.36862290837,1.624,2.999992,0.4350564274319012
1,2,324680.3688229085,1.624,3.0000682,0.4350565176533923
2,1,324680.36962290853,-1.624,2.8100572,-1.7900398042466906e-07
2,1,324685.36981918383,-1.624,2.1470184,-0.002255936951875687
2,1,324690.37001545867,-1.624,2.0540295,-0.004511696284439828
2,1,324695.3702117335,-1.624,1.9978086,-0.006767455708146095
2,1,324700.37040800834,-1.624,1.9358605,-0.009023216997702916
2,1,324705.3706042832,-1.624,1.8672118,-0.011278979149235618
2,1,324710.370800558,-1.624,1.7956423,-0.013534741013083192
2,1,324715.37099683285,-1.624,1.7251608,-0.01579050031066603
2,1,324720.37119310745,-1.624,1.6596621,-0.01804625954889589
2,1,324725.37138938205,-1.624,1.6021621,-0.020302017884280946
2,1,324730.3715856562,-1.624,1.5564408,-0.022557779005408285
2,1,324735.3717819308,-1.624,1.5230901,-0.024813540007405807
2,1,324740.3719782054,-1.624,1.5000099,-0.027069301512903633
2,1,324745.37217448,-1.624,1.4838977,-0.02932505871161487
2,1,324750.3723707546,-1.624,1.472539,-0.03158081617071893
2,1,324755.3725670292,-1.624,1.4641775,-0.03383657311660713
2,1,324760.3727633038,-1.624,1.4577249,-0.03609233100046713
2,1,324765.3729595784,-1.624,1.4529141,-0.03834808883812692
2,1,324770.3731558531,-1.624,1.4489052,-0.04060384711103968
2,1,324775.37335212785,-1.624,1.4455262,-0.04285960547174347
2,1,324780.37354840257,-1.624,1.4427199,-0.04511536356029908
2,1,324785.3737446773,-1.624,1.4404864,-0.04737112291105588
2,1,324790.373940952,-1.624,1.4386537,-0.049626882413102515
2,1,324795.3741372267,-1.624,1.4373364,-0.05188263962395323
2,1,324800.37433350144,-1.624,1.4360001,-0.05413839740582307
2,1,324805.37452977616,-1.624,1.4345684,-0.056394152858098345
2,1,324810.3747260509,-1.624,1.4335948,-0.05864990997676054
2,1,324815.3749223256,-1.624,1.4328121,-0.06090566807599862
2,1,324820.3751186003,-1.624,1.432163,-0.06316142791055308
2,1,324825.37531487504,-1.624,1.431533,-0.06541718901426924
2,1,324830.3755111497,-1.624,1.430693,-0.06767294685901536
2,1,324835.3757074244,-1.624,1.4301776,-0.06992870061511464
2,1,324840.37590369914,-1.624,1.429624,-0.07218445634299517
2,1,324845.3760999738,-1.624,1.4292231,-0.0744402131267455
2,1,324850.3762962485,-1.624,1.428994,-0.07669597304029598
2,1,324855.3764925235,-1.624,1.4285167,-0.07895173435080714
2,1,324860.3766887982,-1.624,1.4280013,-0.0812074946640465
2,1,324865.3768850729,-1.624,1.4276004,-0.08346325496703387
2,1,324870.37708134763,-1.624,1.4273523,-0.08571901526092159
2,1,324875.37727762223,-1.624,1.427085,-0.08797477102732658
2,1,324880.37747389683,-1.624,1.4268559,-0.09023052670375506
2,1,324885.37767017144,-1.624,1.4263405,-0.09248628320566812
2,1,324890.37786644604,-1.624,1.4259969,-0.09474204410735765
2,1,324895.37806272064,-1.624,1.4255577,-0.09699780409513578
2,1,324900.37825899525,-1.624,1.425386,-0.09925356427287392
2,1,324905.37845526985,-1.624,1.4250615,-0.10150932231346765
2,1,324910.37865154445,-1.624,1.4246032,-0.10376507934147781
2,1,324915.37884781905,-1.624,1.4242787,-0.10602083769037988
2,1,324920.37904409366,-1.624,1.4240878,-0.10827659491836363
2,1,324925.3792403685,-1.624,1.4236106,-0.11053235281585985
2,1,324930.3794366433,-1.624,1.4232478,-0.11278811046181786
2,1,324935.37963291816,-1.624,1.4227897,-0.11504386796453928
2,1,324940.379829193,-1.624,1.422446,-0.11729962605285646
2,1,324945.38002546784,-1.624,1.4219688,-0.11955538404493864
2,1,324950.3802217427,-1.624,1.4217016,-0.12181114183833204
2,1,324955.3804180175,-1.624,1.421148,-0.12406690254979004
2,1,324960.38061429234,-1.624,1.4206516,-0.12632266213142876
2,1,324965.3808105672,-1.624,1.4199643,-0.1285784216843248
2,1,324970.381006842,-1.624,1.419487,-0.13083418182233975
2,1,324975.38120311685,-1.624,1.4189717,-0.13308993935506216
2,1,324980.3813993917,-1.624,1.4185517,-0.13534569728389056
2,1,324985.3815956665,-1.624,1.4182462,-0.13760145830499468
2,1,324990.38179194136,-1.624,1.4176162,-0.1398572175391714
2,1,324995.3819882162,-1.624,1.4172153,-0.14211297570049766
2,1,325000.38218449056,-1.624,1.4165663,-0.14436873259527158
2,1,325005.3823807654,-1.624,1.4157645,-0.14662449185535648
2,1,325010.38257704023,-1.624,1.4152299,-0.14888024934891203
2,1,325015.38277331507,-1.624,1.414829,-0.15113600707889932
2,1,325020.3829695899,-1.624,1.41376,-0.15339176531161205
2,1,325025.3831658643,-1.624,1.4131682,-0.15564752533173565
2,1,325030.38336213864,-1.624,1.4124427,-0.15790328262458247
2,1,325035.383558413,-1.624,1.4117364,-0.1601590398510761
2,1,325040.3837546874,-1.624,1.4111065,-0.16241479906378192
2,1,325045.38395096175,-1.624,1.4102092,-0.1646705580640833
2,1,325050.3841472361,-1.624,1.409331,-0.16692631618360682
2,1,325055.3843435105,-1.624,1.4085484,-0.16918207406006922
2,1,325060.38453978486,-1.624,1.4077083,-0.17143783357261289
2,1,325065.38473605923,-1.624,1.4070401,-0.17369359377097424
2,1,325070.3849323336,-1.624,1.406162,-0.1759493510859079
2,1,325075.385128608,-1.624,1.4051884,-0.17820510783284904
2,1,325080.38532488234,-1.624,1.4046348,-0.1804608644138641
2,1,325085.3855211567,-1.624,1.4037757,-0.18271662270481723
2,1,325090.3857174311,-1.624,1.4026494,-0.18497238193004004
2,1,325095.38591370545,-1.624,1.4020576,-0.18722814397782092
2,1,325100.3861099798,-1.624,1.401084,-0.18948390812000307
2,1,325105.3863062542,-1.624,1.4000341,-0.1917396720028454
2,1,325110.38650252856,-1.624,1.3991749,-0.19399543566709762
2,1,325115.38669880293,-1.624,1.3982204,-0.1962511985474759
2,1,325120.3868950773,-1.624,1.3972278,-0.19850696401875553
2,1,325125.3870913517,-1.624,1.3961778,-0.20076272961956268
2,1,325130.38728762604,-1.624,1.3952614,-0.20301849238399008
2,1,325135.3874839004,-1.624,1.3942688,-0.20527426003457447
2,1,325140.3876801748,-1.624,1.3931043,-0.20753002754966424
2,1,325145.38787644915,-1.624,1.3920734,-0.20978579130070082
2,1,325150.3880727235,-1.624,1.3910807,-0.21204155450522244
2,1,325155.3882689979,-1.624,1.3899734,-0.21429731554775774
2,1,325160.38846527226,-1.624,1.388828,-0.2165530767806703
2,1,325165.38866154663,-1.624,1.3876253,-0.21880883933838216
2,1,325170.388857821,-1.624,1.38648,-0.22106460384284796
2,1,325175.3890540954,-1.624,1.3852963,-0.2233203687744009
2,1,325180.38925036974,-1.624,1.3841509,-0.22557613080461827
2,1,325185.3894466441,-1.624,1.3829483,-0.22783189107499527
2,1,325190.3896429185,-1.624,1.3818219,-0.23008765048775415
2,1,325195.38983919285,-1.624,1.3806956,-0.23234340883974902
2,1,325200.3900354672,-1.624,1.3792638,-0.23459916813918621
2,1,325205.3902317416,-1.624,1.3781756,-0.23685493071041508
2,1,325210.39042801596,-1.624,1.3769157,-0.23911069398362111
2,1,325215.39062429033,-1.624,1.3757894,-0.24136645470890075
2,1,325220.3908205647,-1.624,1.3746248,-0.2436222168786857
2,1,325225.3910168391,-1.624,1.373174,-0.245877980133209
2,1,325230.39121311344,-1.624,1.3717804,-0.24813374332814087
2,1,325235.3914093878,-1.624,1.3704822,-0.2503895007677873
2,1,325240.3916056622,-1.624,1.3690886,-0.252645261144797
2,1,325245.39180193655,-1.624,1.3677142,-0.25490102197237147
2,1,325250.3919982109,-1.624,1.3664352,-0.2571567837586138
2,1,325255.3921944853,-1.624,1.3648316,-0.25941254820438886
2,1,325260.39239075966,-1.624,1.3633425,-0.2616683140075803
2,1,325265.39258703403,-1.624,1.3620253,-0.2639240790853832
2,1,325270.3927833084,-1.624,1.3604217,-0.26617984445256
2,1,325275.3929795828,-1.624,1.3591427,-0.2684356128113072
2,1,325280.39317585714,-1.624,1.35752,-0.2706913800632292
2,1,325285.3933721315,-1.624,1.3561455,-0.27294714772557555
2,1,325290.3935684059,-1.624,1.3546755,-0.27520291708976696
2,1,325295.39376468025,-1.624,1.3529574,-0.27745868530274764
2,1,325300.3939609546,-1.624,1.3512775,-0.2797144518553615
2,1,325305.394157229,-1.624,1.3498075,-0.2819702186573148
2,1,325310.39435350336,-1.624,1.3483757,-0.2842259846470025
2,1,325315.39454977773,-1.624,1.3467339,-0.2864817505049242
2,1,325320.3947460521,-1.624,1.3450731,-0.2887375176646908
2,1,325325.3949423265,-1.624,1.3434122,-0.29099328631432186
2,1,325330.39513860084,-1.624,1.342076,-0.2932490520705713
2,1,325335.3953348752,-1.624,1.3403959,-0.29550481648084187
2,1,325340.3955311496,-1.624,1.3384488,-0.29776058081295087
2,1,325345.39572742395,-1.624,1.3368642,-0.3000163461502128
2,1,325350.3959236983,-1.624,1.3352034,-0.3022721110747456
2,1,325355.3961199727,-1.624,1.3335234,-0.3045278760409686
2,1,325360.39631624706,-1.624,1.3318435,-0.3067836423187918
2,1,325365.39651252143,-1.624,1.3300681,-0.30903940680883324
2,1,325370.3967087958,-1.624,1.3282927,-0.31129516860698986
2,1,325375.39690507017,-1.624,1.3266127,-0.31355093294990055
2,1,325380.39710134454,-1.624,1.3249137,-0.31580669832042185
2,1,325385.3972976189,-1.624,1.3229474,-0.3180624661377403
2,1,325390.3974938933,-1.624,1.3214011,-0.32031823346871796
2,1,325395.39769016765,-1.624,1.3194538,-0.3225740011070238
2,1,325400.397886442,-1.624,1.3174112,-0.324829768347356
2,1,325405.3980827164,-1.624,1.3157504,-0.3270855335659318
2,1,325410.39827899076,-1.624,1.3138032,-0.32934129794706896
2,1,325415.3984752656,-1.624,1.3117223,-0.33159706351896123
2,1,325420.39867154043,-1.624,1.3096606,-0.33385282874392136
2,1,325425.39886781527,-1.624,1.307847,-0.33610859415918587
2,1,325430.3990640901,-1.624,1.3059571,-0.338364359252572
2,1,325435.39926036494,-1.624,1.3037617,-0.34062012182095314
2,1,325440.3994566398,-1.624,1.3018526,-0.3428758828426732
2,1,325445.3996529146,-1.624,1.2995236,-0.3451316422380606
2,1,325450.39984918945,-1.624,1.2973664,-0.3473874061748319
2,1,325455.4000454643,-1.624,1.295591,-0.3496431690178778
2,1,325460.4002417391,-1.624,1.2935102,-0.3518989302545653
2,1,325465.40043801395,-1.624,1.2915629,-0.3541546906024085
2,1,325470.4006342883,-1.624,1.2895012,-0.3564104509064555
2,1,325475.40083056316,-1.624,1.287363,-0.35866621896320583
2,1,325480.401026838,-1.624,1.2850722,-0.36092198693354266
2,1,325485.4012231128,-1.624,1.2830296,-0.36317775156641674
2,1,325490.40141938766,-1.624,1.2810252,-0.3654335176709096
2,1,325495.4016156625,-1.624,1.2789252,-0.36768928506092236
2,1,325500.40181193734,-1.624,1.2767298,-0.36994504967778924
2,1,325505.4020082122,-1.624,1.2745917,-0.37220081408274175
2,1,325510.402204487,-1.624,1.2724345,-0.37445657796965703
2,1,325515.4024007616,-1.624,1.2699909,-0.3767123438562486
2,1,325520.4025970362,-1.624,1.2677956,-0.3789681099179983
2,1,325525.4027933108,-1.624,1.2655429,-0.38122387539123825
2,1,325530.4029895854,-1.624,1.2633094,-0.38347963888253767
2,1,325535.40318586,-1.624,1.2609804,-0.38573540256749256
2,1,325540.4033821346,-1.624,1.2586131,-0.3879911664897468
2,1,325545.4035784092,-1.624,1.2567422,-0.39024693057752313
2,1,325550.40377468383,-1.624,1.254585,-0.39250269459517795
2,1,325555.40397095843,-1.624,1.2521605,-0.3947584564183222
2,1,325560.40416723303,-1.624,1.2500225,-0.3970142203316159
2,1,325565.40436350775,-1.624,1.2475598,-0.3992699802843067
2,1,325570.4045597825,-1.624,1.245269,-0.40152574219317566
2,1,325575.4047560572,-1.624,1.2431881,-0.40378150242490896
2,1,325580.4049523319,-1.624,1.2409164,-0.40603726605729257
2,1,325585.40514860663,-1.624,1.2385302,-0.4082930308812724
2,1,325590.40534488135,-1.624,1.2363347,-0.4105487941307359
2,1,325595.4055411563,-1.624,1.2341202,-0.4128045573024551
2,1,325600.405737431,-1.624,1.2317339,-0.4150603201032281
2,1,325605.40593370574,-1.624,1.2294432,-0.417316081309345
2,1,325610.40612998046,-1.624,1.2270378,-0.4195718434298038
2,1,325615.4063262552,-1.624,1.2246324,-0.42182760410530695
2,1,325620.4065225299,-1.624,1.2220361,-0.42408336546132297
2,1,325625.4067188046,-1.624,1.2197071,-0.4263391260703471
2,1,325630.4069150793,-1.624,1.2171681,-0.4285948862918284
2,1,325635.407111354,-1.624,1.21461,-0.4308506498645676
2,1,325640.40730762866,-1.624,1.2119946,-0.4331064095618592
2,1,325645.4075039034,-1.624,1.2096847,-0.43536217092746493
2,1,325650.4077001781,-1.624,1.2071075,-0.43761793079846434
2,1,325655.4078964527,-1.624,1.2045876,-0.43987369341892
2,1,325660.4080927274,-1.624,1.2022395,-0.44212945607929094
2,1,325665.18568916514,-1.624,1.1999487,-0.4442847970252169
2,1,325665.18588916515,-1.624,1.2000632,-0.4442848872523638
2,2,325665.1866891652,1.624,1.3816522,1.789668401082357e-07
2,2,325670.18688543944,1.624,1.8044047,0.0022558692858550286
2,2,325675.18708171416,1.624,1.9379796,0.004511565310604043
2,2,325680.1872779889,1.624,2.0345192,0.0067672578877872895
2,2,325685.1874742636,1.624,2.1098495,0.009022949755496449
2,2,325690.18767053826,1.624,2.1700222,0.011278644142495261
2,2,325695.187866813,1.624,2.2182252,0.0135343391644756
2,2,325700.1880630877,1.624,2.257112,0.015790035593383843
2,2,325705.1882593624,1.624,2.289222,0.01804573038825724
2,2,325710.18845563714,1.624,2.3158529,0.020301426443749004
2,2,325715.1886519118,1.624,2.338704,0.02255712280380726
2,2,325720.1888481865,1.624,2.3585389,0.024812819934467475
2,2,325725.18904446124,1.624,2.3758347,0.02706851752571265
2,2,325730.18924073596,1.624,2.391336,0.029324214568687813
2,2,325735.1894370107,1.624,2.405291,0.031579907599435915
2,2,325740.1896332854,1.624,2.417566,0.0338356024985181
2,2,325745.18982956,1.624,2.429173,0.03609130141710573
2,2,325750.1900258346,1.624,2.4403408,0.03834700411267413
2,2,325755.1902221092,1.624,2.4506876,0.04060270724458165
2,2,325760.1904183838,1.624,2.4604619,0.04285841034586562
2,2,325765.1906146584,1.624,2.4696062,0.04511411304248042
2,2,325770.190810933,1.624,2.4784832,0.047369816012905706
2,2,325775.1910072076,1.624,2.486902,0.049625519219941565
2,2,325780.1912034822,1.624,2.4952826,0.05188122538181146
2,2,325785.1913997568,1.624,2.5030143,0.054136929057061675
2,2,325790.19159603165,1.624,2.5113566,0.056392632964856096
2,2,325795.1917923065,1.624,2.5189164,0.058648340457982485
2,2,325800.1919885813,1.624,2.526629,0.060904046282913946
2,2,325805.19218485616,1.624,2.5339406,0.06315975139712625
2,2,325810.192381131,1.624,2.5414238,0.06541545528174109
2,2,325815.19257740583,1.624,2.5487738,0.06767116256168816
2,2,325820.19277368067,1.624,2.5561426,0.06992686744607157
2,2,325825.1929699555,1.624,2.563187,0.07218256939240297
2,2,325830.19316623034,1.624,2.5703266,0.0744382704886463
2,2,325835.1933625052,1.624,2.5776763,0.07669397024577856
2,2,325840.19355878,1.624,2.5846634,0.0789496695821219
2,2,325845.19375505485,1.624,2.5918605,0.08120537143716548
2,2,325850.1939513297,1.624,2.5986757,0.08346107131256661
2,2,325855.1941476045,1.624,2.6060445,0.08571677014605868
2,2,325860.19434387935,1.624,2.612917,0.08797246877709364
2,2,325865.1945401542,1.624,2.6200187,0.09022816756498815
2,2,325870.194736429,1.624,2.6271393,0.09248386588537695
2,2,325875.19493270386,1.624,2.633802,0.09473956858660117
2,2,325880.1951289787,1.624,2.6407125,0.09699526655154098
2,2,325885.19532525353,1.624,2.6474895,0.09925096489412256
2,2,325890.1955215279,1.624,2.6541903,0.10150666037982704
2,2,325895.1957178023,1.624,2.660662,0.10376235470163162
2,2,325900.19591407664,1.624,2.667038,0.10601805013525488
2,2,325905.196110351,1.624,2.6730132,0.10827374509676299
2,2,325910.1963066254,1.624,2.6791604,0.11052944087582828
2,2,325915.19650289975,1.624,2.6849065,0.11278513876703052
2,2,325920.1966991741,1.624,2.6906335,0.11504083310959738
2,2,325925.1968954485,1.624,2.6958644,0.1172965313816468
2,2,325930.19709172286,1.624,2.7008278,0.11955222755718894
2,2,325935.19728799723,1.624,2.7058868,0.12180792267072864
2,2,325940.1974842716,1.624,2.7100484,0.1240636198775106
2,2,325945.19768054597,1.624,2.7141528,0.12631931541941563
2,2,325950.19787682034,1.624,2.718238,0.1285750091610882
2,2,325955.1980730947,1.624,2.722018,0.1308307033845981
2,2,325960.1982693691,1.624,2.7256644,0.13308640170319214
2,2,325965.19846564345,1.624,2.7289479,0.13534209838469824
2,2,325970.1986619178,1.624,2.7318115,0.13759779705448283
2,2,325975.1988581922,1.624,2.7348087,0.13985349311243164
2,2,325980.19905446656,1.624,2.737443,0.14210918589057525
2,2,325985.19925074093,1.624,2.7399056,0.14436488137876324
2,2,325990.1994470153,1.624,2.742311,0.1466205795547962
2,2,325995.19964328967,1.624,2.74464,0.14887627618819474
2,2,326000.19983956404,1.624,2.7465873,0.1511319729793469
2,2,326005.2000358384,1.624,2.7488399,0.15338766766154766
2,2,326010.2002321128,1.624,2.7506344,0.15564336228250794
2,2,326015.20042838715,1.624,2.7524862,0.15789905819337235
2,2,326020.2006246615,1.624,2.7541852,0.16015475737024015
2,2,326025.2008209359,1.624,2.7561324,0.16241045677580435
2,2,326030.20101721026,1.624,2.757736,0.16466615961094697
2,2,326035.20121348463,1.624,2.7591295,0.16692186408412457
2,2,326040.201409759,1.624,2.760485,0.16917757042647733
2,2,326045.20160603337,1.624,2.7618787,0.1714332728337778
2,2,326050.20180230774,1.624,2.7631004,0.1736889731008278
2,2,326055.2019985821,1.624,2.7645514,0.17594467390158441
2,2,326060.2021948565,1.624,2.7658303,0.17820037179292572
2,2,326065.20239113085,1.624,2.7667468,0.18045607282575632
2,2,326070.2025874052,1.624,2.7681212,0.18271177493096058
2,2,326075.2027836796,1.624,2.7691712,0.18496747712781691
2,2,326080.20297995396,1.624,2.77045,0.18722317814688547
2,2,326085.20317622833,1.624,2.7713666,0.18947887986801726
2,2,326090.2033725027,1.624,2.7726645,0.19173458109627162
2,2,326095.20356877707,1.624,2.7738292,0.19399028397094537
2,2,326100.20376505144,1.624,2.7748792,0.1962459862804876
2,2,326105.2039613258,1.624,2.77612,0.1985016914437545
2,2,326110.2041576002,1.624,2.7770174,0.20075739539206022
2,2,326115.20435387455,1.624,2.7781246,0.2030131004898945
2,2,326120.2045501489,1.624,2.7792318,0.20526880216926993
2,2,326125.2047464233,1.624,2.7802434,0.20752450567371972
2,2,326130.20494269766,1.624,2.7812934,0.20978020349169435
2,2,326135.205138972,1.624,2.7825153,0.21203590429988167
2,2,326140.2053352464,1.624,2.7834315,0.21429160434704353
2,2,326145.20553152077,1.624,2.7844625,0.21654729995971914
2,2,326150.20572779514,1.624,2.7853215,0.21880299734968606
2,2,326155.2059240695,1.624,2.7863905,0.22105869278940887
2,2,326160.2061203439,1.624,2.7874405,0.22331438728853728
2,2,326165.20631661825,1.624,2.7885096,0.22557008056620093
2,2,326170.2065128926,1.624,2.7894833,0.22782577302718823
2,2,326175.206709167,1.624,2.790514,0.23008146531410348
2,2,326180.20690544136,1.624,2.7916214,0.23233715683929787
2,2,326185.2071017157,1.624,2.7925758,0.23459285066350963
2,2,326190.2072979901,1.624,2.7938359,0.23684854633892907
2,2,326195.20749426447,1.624,2.7948666,0.23910424196514157
2,2,326200.20769053884,1.624,2.7961648,0.2413599369904995
2,2,326205.2078868132,1.624,2.797253,0.24361563148106471
2,2,326210.2080830876,1.624,2.79836,0.24587132743108275
2,2,326215.20827936195,1.624,2.799391,0.24812702419233987
2,2,326220.2084756363,1.624,2.8008227,0.25038272007553447
2,2,326225.2086719107,1.624,2.8017964,0.25263841634545725
2,2,326230.20886818506,1.624,2.8032665,0.2548941141000324
2,2,326235.2090644594,1.624,2.804412,0.2571498112846745
2,2,326240.2092607338,1.624,2.8058054,0.2594055122041371
2,2,326245.20945700817,1.624,2.8067982,0.2616612141059703
2,2,326250.20965328254,1.624,2.808249,0.2639169149460859
2,2,326255.2098495569,1.624,2.8096807,0.2661726121702525
2,2,326260.2100458313,1.624,2.8107688,0.2684283074394663
2,2,326265.21024210565,1.624,2.8121243,0.27068400268112947
2,2,326270.21043838,1.624,2.8138616,0.27293969861194817
2,2,326275.2106346544,1.624,2.8155034,0.27519539463543885
2,2,326280.21083092876,1.624,2.8165724,0.2774510918209949
2,2,326285.2110272036,1.624,2.8180423,0.27970678846185065
2,2,326290.2112234784,1.624,2.8195505,0.2819624854129817
2,2,326295.21141975326,1.624,2.8210013,0.2842181837000978
2,2,326300.2116160281,1.624,2.8225858,0.28647388250282063
2,2,326305.21181230294,1.624,2.8242085,0.28872957682355893
2,2,326310.2120085778,1.624,2.8258693,0.2909852736455598
2,2,326315.2122048526,1.624,2.8273776,0.29324097056573617
2,2,326320.21240112744,1.624,2.8290384,0.2954966683388881
2,2,326325.2125974023,1.624,2.8309283,0.2977523655993076
2,2,326330.2127936771,1.624,2.8326845,0.30000806597582486
2,2,326335.21298995195,1.624,2.8341355,0.3022637651660441
2,2,326340.2131862268,1.624,2.8361971,0.30451946268563124
2,2,326345.2133825016,1.624,2.8377817,0.30677515706360986
2,2,326350.21357877646,1.624,2.8398626,0.3090308549158638
2,2,326355.2137750513,1.624,2.8416378,0.3112865527938802
2,2,326360.2139713261,1.624,2.8438907,0.3135422506290938
2,2,326365.21416760096,1.624,2.845475,0.3157979482342004
2,2,326370.2143638758,1.624,2.8474033,0.3180536458027494
2,2,326375.21456015063,1.624,2.8491595,0.3203093461642198
2,2,326380.21475642547,1.624,2.8515458,0.3225650447412662
2,2,326385.2149527001,1.624,2.853894,0.32482074399399746
2,2,326390.2151489747,1.624,2.8557837,0.32707644255524865
2,2,326395.2153452493,1.624,2.858132,0.32933214356805207
2,2,326400.2155415239,1.624,2.860461,0.3315878433012696
2,2,326405.2157377985,1.624,2.8625991,0.3338435391659934
2,2,326410.2159340726,1.624,2.8651953,0.3360992344906064
2,2,326415.2161303472,1.624,2.8673525,0.3383549285481836
2,2,326420.2163266218,1.624,2.869968,0.34061062100619066
2,2,326425.21652289643,1.624,2.8722777,0.3428663163522017
2,2,326430.21671917103,1.624,2.8750076,0.3451220104942453
2,2,326435.21691544575,1.624,2.8779094,0.3473777054860988
2,2,326440.21711172047,1.624,2.8804486,0.3496333987413842
2,2,326445.2173079952,1.624,2.8830066,0.3518890908894339
2,2,326450.2175042699,1.624,2.8855455,0.35414478296767327
2,2,326455.2177005446,1.624,2.8889818,0.3564004768725036
2,2,326460.21789681935,1.624,2.8920171,0.35865616825657404
2,2,326465.21809309407,1.624,2.8948617,0.3609118612890109
2,2,326470.2182893688,1.624,2.8982596,0.3631675562741291
2,2,326475.2184856435,1.624,2.9013906,0.36542324984942526
2,2,326480.2186819182,1.624,2.9045787,0.36767894396599116
2,2,326485.21887819294,1.624,2.9079576,0.36993463521322256
2,2,326490.21907446766,1.624,2.9117947,0.3721903241517476
2,2,326495.2192707423,1.624,2.9153073,0.374446015363448
2,2,326500.21946701704,1.624,2.918858,0.37670170687694
2,2,326505.21966329176,1.624,2.9228098,0.37895740067019706
2,2,326510.2198595664,1.624,2.9267998,0.3812130923690992
2,2,326515.22005584114,1.624,2.930866,0.38346878660776856
2,2,326520.22025211586,1.624,2.9350276,0.38572448365985
2,2,326525.2204483906,1.624,2.9389794,0.38798018207628837
2,2,326530.2206446653,1.624,2.943332,0.3902358817568022
2,2,326535.22084094025,1.624,2.9472263,0.39249158313239924
2,2,326540.22103721485,1.624,2.9514453,0.39474728346323945
2,2,326545.22123348946,1.624,2.9554543,0.39700298542061097
2,2,326550.22142976406,1.624,2.9594631,0.3992586899002457
2,2,326555.22162603866,1.624,2.963644,0.40151439452206406
2,2,326560.22182231327,1.624,2.9679585,0.40377009891096066
2,2,326565.22201858787,1.624,2.9720056,0.4060258003381091
2,2,326570.2222148625,1.624,2.9764535,0.4082815031130444
2,2,326575.2224111371,1.624,2.980558,0.4105372055851682
2,2,326580.2226074117,1.624,2.9847198,0.4127929062727753
2,2,326585.2228036863,1.624,2.9888241,0.41504860794866055
2,2,326590.2229999611,1.624,2.9931386,0.4173043084590498
2,2,326595.22319623595,1.624,2.997243,0.41956000830868184
2,2,326598.309193932,1.624,3.0001256,0.4209521716020435
2,2,326598.3093939319,1.624,3.000011,0.42095226182813744
3,1,326598.3101939317,-1.624,2.8183959,-1.7900008625454372e-07
3,1,326603.3103902063,-1.624,2.1750047,-0.0022559257654017873
3,1,326608.310586481,-1.624,2.075067,-0.004511677488221063
3,1,326613.3107827557,-1.624,2.023046,-0.006767429432332516
3,1,326618.31097903044,-1.624,1.968963,-0.009023181648711364
3,1,326623.31117530516,-1.624,1.9064424,-0.011278934441963833
3,1,326628.3113715799,-1.624,1.8383855,-0.013534686838865282
3,1,326633.3115678546,-1.624,1.7693168,-0.015790441592567497
3,1,326638.3117641293,-1.624,1.7025579,-0.018046195046961307
3,1,326643.31196040404,-1.624,1.6413927,-0.020301950328012307
3,1,326648.31215667876,-1.624,1.588837,-0.0225577055412266
3,1,326653.3123529535,-1.624,1.5485756,-0.024813461341076426
3,1,326658.3125492282,-1.624,1.5187376,-0.02706921747593085
3,1,326663.3127455028,-1.624,1.4983681,-0.02932497228983376
3,1,326668.31294177746,-1.624,1.483936,-0.03158072784628471
3,1,326673.3131380522,-1.624,1.4734744,-0.03383648288469183
3,1,326678.3133343269,-1.624,1.4657619,-0.036092237836089405
3,1,326683.31353060156,-1.624,1.4599203,-0.03834799259448052
3,1,326688.3137268763,-1.624,1.4550713,-0.040603748418430494
3,1,326693.313923151,-1.624,1.451406,-0.042859502918309644
3,1,326698.3141194257,-1.624,1.4482371,-0.04511525962160032
3,1,326703.31431570044,-1.624,1.4457362,-0.04737101712401709
3,1,326708.31451197504,-1.624,1.443369,-0.04962677432036401
3,1,326713.31470824964,-1.624,1.4414217,-0.051882534051087184
3,1,326718.31490452425,-1.624,1.4398564,-0.05413829528139699
3,1,326723.31510079885,-1.624,1.4384246,-0.05639405428920854
3,1,326728.31529707345,-1.624,1.4372983,-0.058649813857058704
3,1,326733.31549334805,-1.624,1.4360956,-0.060905573031279796
3,1,326738.31568962266,-1.624,1.4351792,-0.06316133128942386
3,1,326743.3158858968,-1.624,1.4342438,-0.06541708983216023
3,1,326748.3160821714,-1.624,1.4334612,-0.06767284679492978
3,1,326753.316278446,-1.624,1.4328884,-0.06992860451118815
3,1,326758.31647472084,-1.624,1.4323539,-0.07218436345913677
3,1,326763.3166709957,-1.624,1.4317049,-0.07444012360737723
3,1,326768.3168672705,-1.624,1.4310367,-0.07669588182863264
3,1,326773.31706354534,-1.624,1.4305022,-0.07895164048856498
3,1,326778.3172598202,-1.624,1.4299103,-0.0812073984944622
3,1,326783.317456095,-1.624,1.429395,-0.08346315582097241
3,1,326788.31765236985,-1.624,1.428994,-0.08571890957627033
3,1,326793.3178486447,-1.624,1.4286885,-0.08797466128598984
3,1,326798.3180449195,-1.624,1.4282876,-0.09023041688812444
3,1,326803.31824119436,-1.624,1.4276577,-0.0924861722585228
3,1,326808.3184374692,-1.624,1.4272568,-0.09474192966854575
3,1,326813.318633744,-1.624,1.4270658,-0.09699768652301367
3,1,326818.31883001886,-1.624,1.4265313,-0.09925344470694995
3,1,326823.3190262937,-1.624,1.4263214,-0.10150920278135939
3,1,326828.31922256853,-1.624,1.4256723,-0.10376495882129673
3,1,326833.31941884337,-1.624,1.4252332,-0.10602071887000405
3,1,326838.3196151182,-1.624,1.4247559,-0.1082764812275569
3,1,326843.31981139304,-1.624,1.4243742,-0.11053224255720115
3,1,326848.3200076679,-1.624,1.4237633,-0.11278800011431511
3,1,326853.3202039427,-1.624,1.4232097,-0.11504375819200942
3,1,326858.32040021755,-1.624,1.4228469,-0.11729951643896105
3,1,326863.3205964919,-1.624,1.4223888,-0.11955527235080139
3,1,326868.3207927663,-1.624,1.4217969,-0.12181102764742907
3,1,326873.32098904066,-1.624,1.4213197,-0.12406678501855668
3,1,326878.321185315,-1.624,1.4208233,-0.12632254081637334
3,1,326883.3213815894,-1.624,1.4200598,-0.12857829850992233
3,1,326888.32157786377,-1.624,1.4195443,-0.13083405611084573
3,1,326893.32177413814,-1.624,1.4190289,-0.1330898138182826
3,1,326898.3219704125,-1.624,1.4185517,-0.13534556913421558
3,1,326903.3221666869,-1.624,1.4178643,-0.13760132494607905
3,1,326908.32236296125,-1.624,1.4171771,-0.13985708148338402
3,1,326913.3225592356,-1.624,1.4164135,-0.14211283889786408
3,1,326918.32275551,-1.624,1.4154781,-0.14436859306818914
3,1,326923.32295178436,-1.624,1.4147526,-0.1466243514122566
3,1,326928.3231480587,-1.624,1.4140463,-0.1488801071161562
3,1,326933.3233443331,-1.624,1.41334,-0.151135863252812
3,1,326938.32354060747,-1.624,1.4126527,-0.1533916187039548
3,1,326943.32373688184,-1.624,1.4116218,-0.15564737497129047
3,1,326948.3239331562,-1.624,1.4110682,-0.15790313011317125
3,1,326953.3241294306,-1.624,1.4100755,-0.16015888618490437
3,1,326958.32432570495,-1.624,1.4093119,-0.16241464005151066
3,1,326963.3245219793,-1.624,1.408682,-0.16467039383100143
3,1,326968.3247182537,-1.624,1.4077847,-0.16692614813804632
3,1,326973.32491452806,-1.624,1.406773,-0.16918190786933243
3,1,326978.3251108024,-1.624,1.4056275,-0.1714376725633145
3,1,326983.3253070768,-1.624,1.4045966,-0.17369343420000877
3,1,326988.32550335117,-1.624,1.4036613,-0.1759491956056092
3,1,326993.32569962554,-1.624,1.402783,-0.17820495880276632
3,1,326998.3258958999,-1.624,1.4018095,-0.1804607220520444
3,1,327003.3260921743,-1.624,1.4010077,-0.1827164835415748
3,1,327008.32628844865,-1.624,1.400015,-0.18497224309292773
3,1,327013.326484723,-1.624,1.3990605,-0.18722800170783208
3,1,327018.3266809974,-1.624,1.3978578,-0.18948376130178907
3,1,327023.32687727176,-1.624,1.3969414,-0.19173952432425823
3,1,327028.3270735461,-1.624,1.3959105,-0.19399528810277256
3,1,327033.3272698205,-1.624,1.3948797,-0.19625105118201183
3,1,327038.32746609487,-1.624,1.3936006,-0.19850680946974628
3,1,327043.32766236924,-1.624,1.3927797,-0.20076256905620635
3,1,327048.3278586436,-1.624,1.3917106,-0.20301833012864995
3,1,327053.328054918,-1.624,1.3903743,-0.20527409392272108
3,1,327058.32825119235,-1.624,1.3891525,-0.20752985939325233
3,1,327063.3284474667,-1.624,1.3879308,-0.20978562185088137
3,1,327068.3286437411,-1.624,1.386728,-0.21204138139639303
3,1,327073.32884001546,-1.624,1.38543,-0.2142971397998201
3,1,327078.3290362898,-1.624,1.3842082,-0.21655289698019958
3,1,327083.3292325642,-1.624,1.3831773,-0.21880865428268914
3,1,327088.32942883857,-1.624,1.38186,-0.22106441223350504
3,1,327093.32962511294,-1.624,1.3806765,-0.22332016931702697
3,1,327098.3298213873,-1.624,1.379512,-0.2255759266575244
3,1,327103.3300176617,-1.624,1.3781375,-0.22783168494811326
3,1,327108.33021393605,-1.624,1.3768202,-0.23008744409371087
3,1,327113.3304102104,-1.624,1.3754076,-0.23234320177589526
3,1,327118.3306064848,-1.624,1.3741285,-0.2345989612292383
3,1,327123.33080275916,-1.624,1.3729831,-0.23685472137318722
3,1,327128.3309990335,-1.624,1.3714559,-0.23911048047838612
3,1,327133.3311953079,-1.624,1.370005,-0.24136624190288786
3,1,327138.33139158227,-1.624,1.3687259,-0.2436220035364032
3,1,327143.33158785664,-1.624,1.3671987,-0.24587776416933538
3,1,327148.331784131,-1.624,1.3657478,-0.2481335250087182
3,1,327153.3319804054,-1.624,1.3640107,-0.250389285889811
3,1,327158.33217667975,-1.624,1.3626361,-0.2526450468993254
3,1,327163.3323729541,-1.624,1.3610708,-0.25490080843495005
3,1,327168.3325692285,-1.624,1.3596008,-0.2571565711550117
3,1,327173.33276550286,-1.624,1.3579972,-0.2594123315945732
3,1,327178.3329617772,-1.624,1.3564318,-0.26166809329011054
3,1,327183.3331580516,-1.624,1.355,-0.26392385882759106
3,1,327188.33335432597,-1.624,1.3534346,-0.2661796244250868
3,1,327193.33355060034,-1.624,1.3520219,-0.26843538914954673
3,1,327198.3337468747,-1.624,1.3501701,-0.2706911509856318
3,1,327203.3339431491,-1.624,1.3485475,-0.27294691462026716
3,1,327208.33413942344,-1.624,1.3468676,-0.2752026811788679
3,1,327213.3343356978,-1.624,1.3451494,-0.2774584465410975
3,1,327218.3345319722,-1.624,1.3436794,-0.27971420821196513
3,1,327223.33472824655,-1.624,1.3419231,-0.2819699737914934
3,1,327228.3349245209,-1.624,1.3403004,-0.2842257401384249
3,1,327233.3351207953,-1.624,1.338697,-0.2864815069860089
3,1,327238.33531706966,-1.624,1.3369024,-0.2887372757305504
3,1,327243.33551334403,-1.624,1.3349934,-0.2909930416652893
3,1,327248.3357096184,-1.624,1.3331225,-0.2932488074001671
3,1,327253.3359058928,-1.624,1.3315381,-0.29550457359284177
3,1,327258.3361021676,-1.624,1.329419,-0.29776033929571194
3,1,327263.33629844245,-1.624,1.3274528,-0.3000161034494706
3,1,327268.3364947173,-1.624,1.3254864,-0.3022718660558265
3,1,327273.3366909921,-1.624,1.3234628,-0.3045276272223593
3,1,327278.33688726695,-1.624,1.3215348,-0.3067833893059758
3,1,327283.3370835418,-1.624,1.3195302,-0.30903915261166637
3,1,327288.3372798166,-1.624,1.3177549,-0.3112949168665874
3,1,327293.33747609146,-1.624,1.3158077,-0.3135506832423807
3,1,327298.3376723663,-1.624,1.313994,-0.315806448810498
3,1,327303.33786864113,-1.624,1.3118368,-0.3180622102471856
3,1,327308.33806491597,-1.624,1.3096796,-0.3203179727916255
3,1,327313.3382611908,-1.624,1.3072743,-0.32257373926199817
3,1,327318.33845746564,-1.624,1.3054225,-0.32482950551713846
3,1,327323.3386537405,-1.624,1.3030362,-0.3270852675454088
3,1,327328.3388500153,-1.624,1.3007454,-0.32934102978643454
3,1,327333.33904629014,-1.624,1.29855,-0.33159679327869424
3,1,327338.339242565,-1.624,1.2963547,-0.3338525572696859
3,1,327343.3394388398,-1.624,1.2942547,-0.33610831781521777
3,1,327348.33963511465,-1.624,1.2918684,-0.33836408134818086
3,1,327353.3398313895,-1.624,1.2896158,-0.3406198439110386
3,1,327358.3400276641,-1.624,1.2873058,-0.34287560681249707
3,1,327363.3402239387,-1.624,1.2849004,-0.34513136995084426
3,1,327368.3404202133,-1.624,1.2824187,-0.34738713167576
3,1,327373.3406164879,-1.624,1.2799942,-0.3496428949884707
3,1,327378.3408127625,-1.624,1.2776079,-0.3518986583467458
3,1,327383.3410090371,-1.624,1.2749354,-0.35415441890366217
3,1,327388.3412053117,-1.624,1.2726636,-0.35641017787889645
3,1,327393.3414015863,-1.624,1.2700291,-0.3586659372102089
3,1,327398.3415978609,-1.624,1.267471,-0.3609216963491175
3,1,327403.3417941355,-1.624,1.2650657,-0.36317745598869855
3,1,327408.34199041023,-1.624,1.2624311,-0.36543321574727694
3,1,327413.34218668495,-1.624,1.2599494,-0.36768897577970555
3,1,327418.3423829597,-1.624,1.2572768,-0.3699447338716321
3,1,327423.3425792344,-1.624,1.254776,-0.3722004930774371
3,1,327428.3427755091,-1.624,1.2523706,-0.37445624958790674
3,1,327433.34297178383,-1.624,1.2500033,-0.3767120059882336
3,1,327438.34316805855,-1.624,1.2475216,-0.37896776381705205
3,1,327443.34336433327,-1.624,1.2448872,-0.38122352542561955
3,1,327448.343560608,-1.624,1.2424245,-0.38347928819927907
3,1,327453.3437568827,-1.624,1.2397519,-0.3857350526142518
3,1,327458.34395315737,-1.624,1.2367548,-0.38799081682884695
3,1,327463.3441494321,-1.624,1.2342348,-0.39024658087113173
3,1,327468.3443457068,-1.624,1.2318103,-0.3925023454749651
3,1,327473.3445419815,-1.624,1.2292904,-0.39475810966034075
3,1,327478.3447382562,-1.624,1.2266941,-0.3970138741985361
3,1,327483.34493453044,-1.624,1.2238115,-0.3992696401398845
3,1,327488.34513080516,-1.624,1.2211579,-0.40152540369822587
3,1,327493.3453270799,-1.624,1.2182944,-0.4037811667658356
3,1,327498.3455233546,-1.624,1.2156217,-0.4060369286366503
3,1,327503.3457196292,-1.624,1.2126819,-0.4082926909019484
3,1,327508.3459159038,-1.624,1.209952,-0.41054845231806575
3,1,327513.3461121784,-1.624,1.2070693,-0.4128042135543161
3,1,327518.346308453,-1.624,1.2041485,-0.4150599740134478
3,1,327523.3465047276,-1.624,1.2011704,-0.4173157353057199
3,1,327525.4069031919,-1.624,1.1999677,-0.41824525200090806
3,1,327525.4071031919,-1.624,1.1998723,-0.41824534222946563
3,2,327525.40790319187,1.624,1.3795676,1.7897462182574802e-07
3,2,327530.4080994666,1.624,1.8041565,0.0022558844266202718
3,2,327535.4082957411,1.624,1.9387622,0.004511585764699512
3,2,327540.4084920157,1.624,2.0366,0.006767287114772532
3,2,327545.4086882903,1.624,2.1129994,0.00902298775333166
3,2,327550.4088845649,1.624,2.1739738,0.011278687599294715
3,2,327555.4090808395,1.624,2.2223105,0.013534387453138829
3,2,327560.4092771141,1.624,2.2614837,0.015790086423079174
3,2,327565.4094733887,1.624,2.2936127,0.0180457854192853
3,2,327570.4096696633,1.624,2.320263,0.020301482686585853
3,2,327575.4098659379,1.624,2.3428276,0.022557181539701095
3,2,327580.4100622125,1.624,2.3624332,0.024812878721157713
3,2,327585.41025848733,1.624,2.379538,0.027068576002776627
3,2,327590.41045476217,1.624,2.3946576,0.029324274383723738
3,2,327595.410651037,1.624,2.4085555,0.03157997293517325
3,2,327600.41084731184,1.624,2.4211931,0.03383567081581884
3,2,327605.4110435867,1.624,2.432953,0.03609137069935931
3,2,327610.4112398615,1.624,2.4440825,0.03834706778587235
3,2,327615.4114361359,1.624,2.4542003,0.040602763760897845
3,2,327620.4116324107,1.624,2.463879,0.04285845940005117
3,2,327625.41182868555,1.624,2.4734242,0.045114153914895316
3,2,327630.4120249604,1.624,2.4824731,0.0473698501526051
3,2,327635.4122212352,1.624,2.491102,0.04962554651119973
3,2,327640.41241751006,1.624,2.499597,0.051881244604031235
3,2,327645.4126137849,1.624,2.507844,0.05413694157895114
3,2,327650.41281005973,1.624,2.5156138,0.05639263718390464
3,2,327655.41300633457,1.624,2.5238035,0.05864833391508128
3,2,327660.4132026094,1.624,2.5316496,0.060904027831249756
3,2,327665.41339888424,1.624,2.5390568,0.06315972174692815
3,2,327670.4135951591,1.624,2.5468454,0.0654154119900796
3,2,327675.4137914339,1.624,2.5543861,0.06767110290830664
3,2,327680.41398770874,1.624,2.5620031,0.06992679755271142
3,2,327685.4141839836,1.624,2.5694294,0.07218249137445952
3,2,327690.41438025795,1.624,2.576741,0.07443818437419333
3,2,327695.4145765323,1.624,2.5840716,0.07669388040001524
3,2,327700.4147728067,1.624,2.591803,0.07894957617896131
3,2,327705.41496908106,1.624,2.599134,0.08120527062270375
3,2,327710.4151653554,1.624,2.6064837,0.08346096653557485
3,2,327715.4153616298,1.624,2.6137953,0.08571666469218332
3,2,327720.41555790417,1.624,2.6210494,0.08797236194707286
3,2,327725.41575417854,1.624,2.6282465,0.09022805879179635
3,2,327730.4159504529,1.624,2.6354628,0.09248375304710864
3,2,327735.4161467273,1.624,2.6424115,0.09473944808639419
3,2,327740.41634300165,1.624,2.6495323,0.0969951416052646
3,2,327745.416539276,1.624,2.6560802,0.09925083410518698
3,2,327750.4167355504,1.624,2.662781,0.10150652428390582
3,2,327755.41693182476,1.624,2.669176,0.10376221351697047
3,2,327760.4171280991,1.624,2.675247,0.10601790229160918
3,2,327765.4173243735,1.624,2.6813939,0.10827359170633555
3,2,327770.41752064787,1.624,2.6870446,0.11052928427948555
3,2,327775.41771692224,1.624,2.6926,0.1127849765981502
3,2,327780.4179131966,1.624,2.6976016,0.11504066630609831
3,2,327785.418109471,1.624,2.7026033,0.11729635463566251
3,2,327790.41830574535,1.624,2.7073567,0.11955204614743922
3,2,327795.4185020197,1.624,2.7113657,0.12180773791774777
3,2,327800.4186982941,1.624,2.7155082,0.12406343129374584
3,2,327805.41889456846,1.624,2.719231,0.12631912266518672
3,2,327810.4190908428,1.624,2.7226863,0.1285748148540126
3,2,327815.4192871172,1.624,2.7258554,0.13083050416464936
3,2,327820.41948339157,1.624,2.728757,0.13308619307610722
3,2,327825.41967966594,1.624,2.7316587,0.13534188324215013
3,2,327830.4198759403,1.624,2.7341022,0.13759757385194962
3,2,327835.4200722147,1.624,2.7366605,0.13985326858912572
3,2,327840.42026848905,1.624,2.7388558,0.14210896331830156
3,2,327845.4204647634,1.624,2.7411466,0.14436465505545004
3,2,327850.4206610378,1.624,2.7430174,0.14662034672001334
3,2,327855.42085731216,1.624,2.744831,0.1488760381589267
3,2,327860.4210535865,1.624,2.7466445,0.15113172929777702
3,2,327865.4212498609,1.624,2.748401,0.15338742158672544
3,2,327870.42144613527,1.624,2.7500808,0.15564311372761594
3,2,327875.42164240964,1.624,2.7516654,0.15789880473262735
3,2,327880.421838684,1.624,2.752887,0.1601544980819689
3,2,327885.4220349584,1.624,2.7545097,0.16241018925225073
3,2,327890.42223123275,1.624,2.7557507,0.16466588079927366
3,2,327895.4224275071,1.624,2.7570298,0.16692157182766995
3,2,327900.4226237815,1.624,2.7582133,0.16917726328169638
3,2,327905.42282005586,1.624,2.7592442,0.17143295267490546
3,2,327910.4230163302,1.624,2.7603514,0.17368864229228761
3,2,327915.4232126046,1.624,2.761554,0.17594433246299293
3,2,327920.42340887897,1.624,2.7625277,0.17820002520935402
3,2,327925.42360515334,1.624,2.763444,0.18045571810732947
3,2,327930.4238014277,1.624,2.7645514,0.1827114110531012
3,2,327935.4239977021,1.624,2.765563,0.18496710538202524
3,2,327940.42419397645,1.624,2.766422,0.1872227995893889
3,2,327945.4243902508,1.624,2.7675295,0.1894784916462832
3,2,327950.4245865252,1.624,2.768694,0.19173418671031128
3,2,327955.42478279956,1.624,2.7696674,0.19398988241925502
3,2,327960.4249790739,1.624,2.770393,0.19624557690179345
3,2,327965.4251753483,1.624,2.7716339,0.19850126994825731
3,2,327970.42537162267,1.624,2.7724166,0.2007569653522703
3,2,327975.42556789704,1.624,2.7734473,0.20301265549478925
3,2,327980.4257641714,1.624,2.7743638,0.20526834409928318
3,2,327985.4259604458,1.624,2.775261,0.20752403470575143
3,2,327990.42615672015,1.624,2.7763681,0.209779725600779
3,2,327995.4263529945,1.624,2.77738,0.2120354162345462
3,2,328000.4265492689,1.624,2.7781627,0.21429110619540342
3,2,328005.42674554326,1.624,2.7794225,0.21654680101222457
3,2,328010.4269418176,1.624,2.7802818,0.21880249446520536
3,2,328015.427138092,1.624,2.7812743,0.22105818531314528
3,2,328020.42733436637,1.624,2.7823815,0.22331387539894046
3,2,328025.42753064074,1.624,2.7836034,0.2255695651995804
3,2,328030.4277269151,1.624,2.7845006,0.22782525683369897
3,2,328035.4279231895,1.624,2.7853405,0.23008094770540127
3,2,328040.42811946385,1.624,2.7865434,0.23233663811398872
3,2,328045.4283157382,1.624,2.7875934,0.23459233017404868
3,2,328050.4285120126,1.624,2.789216,0.23684801925927396
3,2,328055.42870828696,1.624,2.7903233,0.23910370714757834
3,2,328060.4289045613,1.624,2.7916787,0.24135939236174683
3,2,328065.4291008357,1.624,2.7927477,0.2436150795452528
3,2,328070.42929711007,1.624,2.7937593,0.24587076499565438
3,2,328075.42949338444,1.624,2.7950385,0.24812645497807526
3,2,328080.4296896593,1.624,2.7962604,0.2503821448805928
3,2,328085.42988593364,1.624,2.7975583,0.252637833450218
3,2,328090.4300822085,1.624,2.798742,0.2548935222490761
3,2,328095.4302784833,1.624,2.7999828,0.25714921462597445
3,2,328100.43047475815,1.624,2.801472,0.2594049066901008
3,2,328105.430671033,1.624,2.8028083,0.2616605994044873
3,2,328110.4308673078,1.624,2.8041255,0.26391629279285006
3,2,328115.43106358266,1.624,2.8056145,0.26617198686250715
3,2,328120.4312598575,1.624,2.8070846,0.2684276807557477
3,2,328125.4314561323,1.624,2.8084016,0.2706833743853304
3,2,328130.43165240716,1.624,2.8098335,0.27293906957690584
3,2,328135.431848682,1.624,2.8114944,0.27519476084012456
3,2,328140.43204495683,1.624,2.8127735,0.27745045414086184
3,2,328145.43224123167,1.624,2.8142052,0.2797061482044723
3,2,328150.4324375065,1.624,2.8159232,0.2819618417169187
3,2,328155.43263378134,1.624,2.817603,0.28421753688130114
3,2,328160.4328300562,1.624,2.8190923,0.2864732306583524
3,2,328165.433026331,1.624,2.8207722,0.28872892731176486
3,2,328170.43322260585,1.624,2.8225477,0.29098462212298315
3,2,328175.4334188807,1.624,2.8243039,0.293240314761334
3,2,328180.4336151553,1.624,2.826251,0.2954960097646846
3,2,328185.4338114299,1.624,2.8280075,0.2977517031442788
3,2,328190.4340077045,1.624,2.8299356,0.3000073959015542
3,2,328195.4342039791,1.624,2.8320737,0.3022630848789215
3,2,328200.4344002537,1.624,2.8338299,0.30451877530011867
3,2,328205.4345965283,1.624,2.8357198,0.30677446695920496
3,2,328210.43479280313,1.624,2.838087,0.30903015926692884
3,2,328215.43498907774,1.624,2.8401108,0.3112858521298501
3,2,328220.43518535234,1.624,2.842077,0.31354154354400104
3,2,328225.43538162694,1.624,2.844196,0.3157972368618117
3,2,328230.43557790166,1.624,2.8461814,0.3180529285750654
3,2,328235.4357741764,1.624,2.8487012,0.320308619571752
3,2,328240.4359704511,1.624,2.8508584,0.32256430928152796
3,2,328245.4361667258,1.624,2.8531494,0.32481999823954366
3,2,328250.43636300054,1.624,2.8558602,0.3270756870992779
3,2,328255.43655927526,1.624,2.8582466,0.3293313773994512
3,2,328260.43675555,1.624,2.8608236,0.33158706478699046
3,2,328265.4369518247,1.624,2.8635535,0.33384275166200267
3,2,328270.4371480994,1.624,2.8664172,0.3360984414137999
3,2,328275.437344374,1.624,2.868918,0.3383541303923196
3,2,328280.43754064874,1.624,2.872068,0.3406098199795683
3,2,328285.4377369234,1.624,2.8746831,0.3428655141100817
3,2,328290.4379331981,1.624,2.878024,0.34512120759948756
3,2,328295.43812947284,1.624,2.8809638,0.34737690118187664
3,2,328300.43832574756,1.624,2.8841138,0.3496325942935414
3,2,328305.4385220222,1.624,2.887512,0.3518882908612821
3,2,328310.43871829694,1.624,2.8905854,0.35414398772589367
3,2,328315.43891457166,1.624,2.8937926,0.3563996833221383
3,2,328320.4391108464,1.624,2.8973625,0.3586553784518176
3,2,328325.4393071211,1.624,2.9013715,0.3609110692364905
3,2,328330.4395033957,1.624,2.9050941,0.3631667613627315
3,2,328335.4396996703,1.624,2.909122,0.3654224527429012
3,2,328340.4398959449,1.624,2.9132457,0.36767814708962715
3,2,328345.4400922195,1.624,2.9172738,0.36993383768659177
3,2,328350.4402884941,1.624,2.9216454,0.37218952910972314
3,2,328355.44048476825,1.624,2.9258833,0.37444522120165835
3,2,328360.44068104285,1.624,2.9305415,0.37670091465373845
3,2,328365.44087731745,1.624,2.9352949,0.378956608192636
3,2,328370.44107359205,1.624,2.9400103,0.3812123018223843
3,2,328375.44126986666,1.624,2.9449165,0.38346799629930667
3,2,328380.4414661415,1.624,2.9499753,0.38572368639812216
3,2,328385.4416624163,1.624,2.9552824,0.3879793741847344
3,2,328390.44185869116,1.624,2.9605896,0.39023506361044785
3,2,328395.442054966,1.624,2.9656866,0.3924907522429626
3,2,328400.44225124083,1.624,2.9709556,0.39474644003142256
3,2,328405.44244751567,1.624,2.9764535,0.3970021295253039
3,2,328410.4426437905,1.624,2.9814363,0.3992578226257696
3,2,328415.44284006534,1.624,2.9865522,0.40151351749871844
3,2,328420.4430363402,1.624,2.9918594,0.40376921262950377
3,2,328425.443232615,1.624,2.996613,0.4060249030065074
3,2,328428.73423015885,1.624,3.000011,0.4075095385003555
3,2,328428.7344301585,1.624,2.999992,0.4075096287243235
4,1,328428.7352301581,-1.624,2.8228858,-1.7900894085566202e-07
4,1,328433.7354264334,-1.624,2.1884825,-0.0022559301616218354
4,1,328438.73562270775,-1.624,2.0847075,-0.004511683175120089
4,1,328443.7358189821,-1.624,2.0343666,-0.0067674419938988165
4,1,328448.7360152565,-1.624,1.9837198,-0.009023197220510908
4,1,328453.73621153086,-1.624,1.9242154,-0.011278950162079601
4,1,328458.73640780523,-1.624,1.8580866,-0.013534704469455615
4,1,328463.7366040796,-1.624,1.7895525,-0.015790458979454306
4,1,328468.736800354,-1.624,1.7225837,-0.01804621662331952
4,1,328473.73699662834,-1.624,1.6599485,-0.02030197591943211
4,1,328478.7371929027,-1.624,1.6050638,-0.02255773615817229
4,1,328483.7373891771,-1.624,1.5612134,-0.02481349457915624
4,1,328488.73758545145,-1.624,1.5287408,-0.027069254978497822
4,1,328493.7377817258,-1.624,1.5055461,-0.029325016856378977
4,1,328498.7379780002,-1.624,1.4895866,-0.03158078082303868
4,1,328503.73817427456,-1.624,1.4777888,-0.03383654145816962
4,1,328508.73837054893,-1.624,1.4689119,-0.03609230311691099
4,1,328513.7385668233,-1.624,1.4623257,-0.038348058868931396
4,1,328518.7387630977,-1.624,1.457114,-0.04060381800770097
4,1,328523.73895937204,-1.624,1.4529141,-0.04285957785116302
4,1,328528.7391556464,-1.624,1.4495543,-0.04511533562291331
4,1,328533.7393519208,-1.624,1.4465189,-0.04737109358030558
4,1,328538.73954819515,-1.624,1.4439989,-0.04962685144314501
4,1,328543.7397444695,-1.624,1.4419755,-0.05188260982828008
4,1,328548.7399407439,-1.624,1.4399519,-0.05413836777754625
4,1,328553.74013701826,-1.624,1.4385201,-0.05639412840369013
4,1,328558.74033329263,-1.624,1.4372219,-0.05864988804519177
4,1,328563.740529567,-1.624,1.4358665,-0.0609056490264535
4,1,328568.7407258414,-1.624,1.4345875,-0.06316140796145465
4,1,328573.74092211574,-1.624,1.4336902,-0.06541717133869066
4,1,328578.7411183901,-1.624,1.4326403,-0.06767293160455758
4,1,328583.7413146645,-1.624,1.431743,-0.06992869343433779
4,1,328588.74151093885,-1.624,1.4310176,-0.07218445626236335
4,1,328593.7417072132,-1.624,1.4302921,-0.07444022048025001
4,1,328598.7419034876,-1.624,1.4296049,-0.07669598019882046
4,1,328603.74209976196,-1.624,1.4289558,-0.0789517416241699
4,1,328608.7422960368,-1.624,1.4284786,-0.08120750325910253
4,1,328613.74249231163,-1.624,1.4279441,-0.0834632637831569
4,1,328618.74268858647,-1.624,1.4272568,-0.08571902018443084
4,1,328623.7428848613,-1.624,1.4267986,-0.08797477822189201
4,1,328628.74308113614,-1.624,1.4264932,-0.0902305337301824
4,1,328633.743277411,-1.624,1.4255577,-0.09248628776487379
4,1,328638.7434736858,-1.624,1.4250041,-0.09474204283871256
4,1,328643.74366996065,-1.624,1.4244696,-0.09699779898605747
4,1,328648.7438662355,-1.624,1.423916,-0.09925355396334333
4,1,328653.7440625103,-1.624,1.4231333,-0.10150930956427259
4,1,328658.74425878515,-1.624,1.4225796,-0.10376506784615255
4,1,328663.74445506,-1.624,1.4221025,-0.10602082715780871
4,1,328668.7446513348,-1.624,1.4217206,-0.10827658603410592
4,1,328673.74484760966,-1.624,1.4210143,-0.11053234481712848
4,1,328678.7450438845,-1.624,1.4204607,-0.11278810361313824
4,1,328683.74524015933,-1.624,1.4197161,-0.11504386281499601
4,1,328688.74543643417,-1.624,1.4193726,-0.11729961981650197
4,1,328693.745632709,-1.624,1.4185898,-0.11955537939432598
4,1,328698.74582898384,-1.624,1.4180553,-0.12181113639505045
4,1,328703.7460252587,-1.624,1.4173298,-0.12406689369833472
4,1,328708.7462215333,-1.624,1.4167954,-0.12632265223469338
4,1,328713.7464178079,-1.624,1.4157263,-0.12857841295048927
4,1,328718.7466140825,-1.624,1.4152871,-0.13083417174120082
4,1,328723.7468103571,-1.624,1.4146763,-0.13308992864247826
4,1,328728.7470066317,-1.624,1.413779,-0.13534568631231786
4,1,328733.7472029063,-1.624,1.4130155,-0.13760144539703265
4,1,328738.7473991809,-1.624,1.4125763,-0.13985720433257026
4,1,328743.7475954555,-1.624,1.41145,-0.14211296645408208
4,1,328748.7477917301,-1.624,1.4106101,-0.14436872409627174
4,1,328753.7479880047,-1.624,1.4100374,-0.1466244827636348
4,1,328758.74818427896,-1.624,1.4093692,-0.1488802403527101
4,1,328763.7483805537,-1.624,1.4083002,-0.15113599958032373
4,1,328768.7485768284,-1.624,1.4076511,-0.15339176126901974
4,1,328773.7487731031,-1.624,1.407002,-0.15564752334899376
4,1,328778.74896937783,-1.624,1.4060475,-0.1579032844970889
4,1,328783.74916565255,-1.624,1.4051503,-0.16015904468234385
4,1,328788.7493619273,-1.624,1.4043866,-0.16241480434774033
4,1,328793.749558202,-1.624,1.4032794,-0.1646705633698901
4,1,328798.7497544767,-1.624,1.4024203,-0.16692632521853187
4,1,328803.74995075143,-1.624,1.4015803,-0.16918208428582884
4,1,328808.75014702615,-1.624,1.4004731,-0.17143784482391017
4,1,328813.75034330087,-1.624,1.3994422,-0.17369360543572243
4,1,328818.7505395755,-1.624,1.3988314,-0.17594936651933857
4,1,328823.75073585025,-1.624,1.3973805,-0.17820512727783125
4,1,328828.75093212497,-1.624,1.396636,-0.18046088693941964
4,1,328833.7511283996,-1.624,1.3955287,-0.18271664665714898
4,1,328838.75132467435,-1.624,1.3944215,-0.18497240582666793
4,1,328843.75152094907,-1.624,1.3934288,-0.18722816329412326
4,1,328848.7517172238,-1.624,1.392207,-0.18948392304689352
4,1,328853.7519134985,-1.624,1.3910998,-0.19173968531762225
4,1,328858.7521097732,-1.624,1.3901262,-0.19399544749650688
4,1,328863.7523060478,-1.624,1.3887516,-0.19625121002844967
4,1,328868.75250232243,-1.624,1.3875108,-0.19850697604858872
4,1,328873.75269859703,-1.624,1.3864226,-0.20076274268899358
4,1,328878.75289487164,-1.624,1.3852009,-0.20301850890687437
4,1,328883.7530911465,-1.624,1.3839219,-0.20527427713333896
4,1,328888.7532874211,-1.624,1.3825855,-0.20753004395859107
4,1,328893.7534836957,-1.624,1.3814592,-0.20978581154032547
4,1,328898.7536799703,-1.624,1.3800846,-0.21204157928585343
4,1,328903.7538762449,-1.624,1.3789774,-0.21429735054116117
4,1,328908.7540725195,-1.624,1.3775839,-0.21655312206662364
4,1,328913.7542687943,-1.624,1.3765529,-0.21880888922423125
4,1,328918.75446506916,-1.624,1.3749685,-0.22106465497310956
4,1,328923.754661344,-1.624,1.3737849,-0.22332041990091403
4,1,328928.7548576188,-1.624,1.3724676,-0.22557618424572548
4,1,328933.75505389366,-1.624,1.3713413,-0.22783195045818885
4,1,328938.7552501685,-1.624,1.3698714,-0.23008771479264234
4,1,328943.75544644333,-1.624,1.3683633,-0.23234347886751758
4,1,328948.75564271817,-1.624,1.3668169,-0.23459923913843103
4,1,328953.755838993,-1.624,1.365557,-0.23685500232742232
4,1,328958.75603526784,-1.624,1.3641443,-0.23911076523890762
4,1,328963.7562315427,-1.624,1.3625407,-0.2413665281836788
4,1,328968.7564278175,-1.624,1.3609943,-0.2436222895582186
4,1,328973.75662409235,-1.624,1.3597726,-0.24587805274955432
4,1,328978.7568203672,-1.624,1.3582454,-0.24813381791857878
4,1,328983.757016642,-1.624,1.3566991,-0.2503895825001995
4,1,328988.75721291685,-1.624,1.3550764,-0.25264534319874976
4,1,328993.7574091917,-1.624,1.3536065,-0.2549011039833029
4,1,328998.7576054665,-1.624,1.3518692,-0.25715686680372557
4,1,329003.75780174136,-1.624,1.3501129,-0.2594126294539306
4,1,329008.75799801573,-1.624,1.3487194,-0.26166839526088376
4,1,329013.7581942901,-1.624,1.3466958,-0.26392416106247907
4,1,329018.7583905645,-1.624,1.3450731,-0.26617992528426654
4,1,329023.75858683884,-1.624,1.343565,-0.2684356915393075
4,1,329028.7587831132,-1.624,1.342095,-0.2706914598127207
4,1,329033.7589793876,-1.624,1.3402432,-0.2729472236702973
4,1,329038.75917566195,-1.624,1.3385824,-0.2752029836780827
4,1,329043.7593719363,-1.624,1.3367687,-0.2774587454308405
4,1,329048.7595682107,-1.624,1.3349934,-0.27971450890519234
4,1,329053.75976448506,-1.624,1.3330462,-0.2819702712481818
4,1,329058.75996075943,-1.624,1.3309654,-0.28422603346991554
4,1,329063.7601570338,-1.624,1.3292663,-0.2864817932264144
4,1,329068.7603533082,-1.624,1.3274719,-0.2887375549076069
4,1,329073.76054958254,-1.624,1.3253909,-0.29099331945992857
4,1,329078.7607458569,-1.624,1.3235202,-0.29324908272109446
4,1,329083.7609421313,-1.624,1.3214966,-0.29550484020098067
4,1,329088.76113840565,-1.624,1.3194157,-0.297760600088676
4,1,329093.76133468,-1.624,1.3174112,-0.3000163590265051
4,1,329098.7615309544,-1.624,1.3153876,-0.30227211874898957
4,1,329103.76172722876,-1.624,1.3134023,-0.3045278802503747
4,1,329108.76192350313,-1.624,1.3113787,-0.3067836433911657
4,1,329113.7621197775,-1.624,1.3093361,-0.30903940626853066
4,1,329118.76231605187,-1.624,1.3069497,-0.31129517456079214
4,1,329123.76251232624,-1.624,1.3047544,-0.313550941838821
4,1,329128.7627086006,-1.624,1.3025972,-0.3158067084416617
4,1,329133.762904875,-1.624,1.3002491,-0.31806247529469617
4,1,329138.76310114935,-1.624,1.2979773,-0.32031824086446253
4,1,329143.7632974237,-1.624,1.2956865,-0.32257400611406584
4,1,329148.7634936981,-1.624,1.2933002,-0.32482977535167684
4,1,329153.76368997246,-1.624,1.2909521,-0.3270855401078663
4,1,329158.76388624683,-1.624,1.2883558,-0.3293413049817484
4,1,329163.7640825212,-1.624,1.285874,-0.331597069722785
4,1,329168.76427879557,-1.624,1.2833542,-0.33385283394649307
4,1,329173.76447506994,-1.624,1.2809106,-0.33610859777637997
4,1,329178.7646713443,-1.624,1.2784861,-0.3383643623311852
4,1,329183.7648676187,-1.624,1.2760426,-0.3406201246332859
4,1,329188.76506389305,-1.624,1.2734271,-0.34287588992271173
4,1,329193.7652601674,-1.624,1.2709264,-0.3451316540428799
4,1,329198.7654564418,-1.624,1.2680819,-0.3473874216321576
4,1,329203.76565271616,-1.624,1.2653329,-0.34964318721395743
4,1,329208.76584899053,-1.624,1.262832,-0.35189895518584396
4,1,329213.7660452649,-1.624,1.2599113,-0.3541547203449807
4,1,329218.76624153927,-1.624,1.2571813,-0.3564104877697628
4,1,329223.76643781364,-1.624,1.2545469,-0.35866625538593544
4,1,329228.766634088,-1.624,1.2516834,-0.3609220214323999
4,1,329233.7668303624,-1.624,1.2489344,-0.36317778836306613
4,1,329238.76702663675,-1.624,1.2459754,-0.3654335542863079
4,1,329243.7672229111,-1.624,1.2432836,-0.3676893179822036
4,1,329248.7674191855,-1.624,1.2406491,-0.36994508455324193
4,1,329253.76761545986,-1.624,1.2379956,-0.37220084709539036
4,1,329258.76781173423,-1.624,1.2351512,-0.37445660996113905
4,1,329263.7680080086,-1.624,1.2322303,-0.37671237212110914
4,1,329268.76820428297,-1.624,1.2293668,-0.378968133608507
4,1,329273.76840055734,-1.624,1.2265033,-0.38122389493785985
4,1,329278.7685968317,-1.624,1.2233725,-0.38347965497105674
4,1,329283.7687931061,-1.624,1.2207953,-0.38573541468297134
4,1,329288.76898938045,-1.624,1.2177598,-0.3879911739895611
4,1,329293.7691856548,-1.624,1.2148008,-0.39024693307052744
4,1,329298.7693819292,-1.624,1.2120137,-0.3925026932676106
4,1,329303.76957820356,-1.624,1.208902,-0.39475845519686437
4,1,329308.7697744779,-1.624,1.2058475,-0.3970142159669071
4,1,329313.7699707523,-1.624,1.2028503,-0.399269978697585
4,1,329318.77016702667,-1.624,1.2002922,-0.40152574555566606
4,1,329318.9815668762,-1.624,1.1998913,-0.40162111572827264
4,1,329318.98176687583,-1.624,1.2000632,-0.40162120595435996
4,2,329318.9825668754,1.624,1.3788459,1.7897497945361667e-07
4,2,329323.9827631507,1.624,1.8093683,0.0022558850088980464
4,2,329328.9829594251,1.624,1.9455584,0.004511589003046354
4,2,329333.98315569945,1.624,2.0445607,0.006767286075982783
4,2,329338.9833519738,1.624,2.1214945,0.00902298556037744
4,2,329343.9835482482,1.624,2.1825073,0.011278684005108145
4,2,329348.98374452256,1.624,2.2307675,0.013534381663627096
4,2,329353.9839407969,1.624,2.2694635,0.015790079583346845
4,2,329358.9841370713,1.624,2.3012488,0.01804577653894822
4,2,329363.98433334567,1.624,2.327708,0.020301476908127468
4,2,329368.98452962004,1.624,2.3502727,0.022557176970111
4,2,329373.9847258944,1.624,2.3696303,0.02481287610481845
4,2,329378.9849221688,1.624,2.3865633,0.027068577158146433
4,2,329383.98511844315,1.624,2.4018166,0.029324277862515714
4,2,329388.9853147175,1.624,2.4159243,0.031579975469410416
4,2,329393.9855109919,1.624,2.4286003,0.03383567438993851
4,2,329398.98570726626,1.624,2.440398,0.03609137657374143
4,2,329403.9859035406,1.624,2.4515276,0.038347073774291404
4,2,329408.986099815,1.624,2.4619892,0.04060276714149448
4,2,329413.98629608937,1.624,2.4720116,0.04285846662551826
4,2,329418.98649236374,1.624,2.4816139,0.045114168253408526
4,2,329423.9866886381,1.624,2.49093,0.04736986761010354
4,2,329428.9868849125,1.624,2.499578,0.04962556739475328
4,2,329433.98708118685,1.624,2.5084932,0.05188126695569355
4,2,329438.9872774612,1.624,2.5169883,0.05413696525657175
4,2,329443.9874737356,1.624,2.5254643,0.05639266545187101
4,2,329448.98767000996,1.624,2.5335205,0.05864836485982602
4,2,329453.9878662843,1.624,2.5415003,0.060904062558008544
4,2,329458.9880625587,1.624,2.5494037,0.06315975861678519
4,2,329463.98825883307,1.624,2.557326,0.06541545667327774
4,2,329468.98845510744,1.624,2.565134,0.0676711559218102
4,2,329473.9886513818,1.624,2.572942,0.06992685628777741
4,2,329478.9888476562,1.624,2.5804636,0.07218255786671239
4,2,329483.98904393055,1.624,2.5880997,0.07443825646946163
4,2,329488.9892402049,1.624,2.595774,0.07669395512625242
4,2,329493.9894364793,1.624,2.6035247,0.0789496565952367
4,2,329498.98963275366,1.624,2.6110463,0.08120535506037206
4,2,329503.989829028,1.624,2.6186824,0.08346105458731119
4,2,329508.9900253024,1.624,2.625975,0.08571675382273725
4,2,329513.99022157677,1.624,2.6333246,0.087972453143941
4,2,329518.99041785114,1.624,2.6405406,0.09022815088369446
4,2,329523.9906141255,1.624,2.6479287,0.09248384745624327
4,2,329528.9908103999,1.624,2.654782,0.09473954197740551
4,2,329533.99100667424,1.624,2.6618645,0.09699523611025013
4,2,329538.9912029486,1.624,2.668279,0.0992509310092992
4,2,329543.991399223,1.624,2.6747315,0.10150662615837651
4,2,329548.99159549735,1.624,2.680955,0.10376231711636646
4,2,329553.9917917717,1.624,2.6869302,0.10601801257068579
4,2,329558.9919880461,1.624,2.6926382,0.10827371260912548
4,2,329563.99218432046,1.624,2.6976972,0.11052941294000543
4,2,329568.9923805953,1.624,2.7028131,0.1127851117461787
4,2,329573.99257687014,1.624,2.7073567,0.11504081176325344
4,2,329578.992773145,1.624,2.7117093,0.11729651237353347
4,2,329583.9929694198,1.624,2.715833,0.11955221011163787
4,2,329588.99316569464,1.624,2.7195554,0.12180790997257494
4,2,329593.9933619695,1.624,2.7229154,0.12406360780390763
4,2,329598.9935582443,1.624,2.726046,0.1263193100502623
4,2,329603.99375451915,1.624,2.7292724,0.1285750105525255
4,2,329608.993950794,1.624,2.7321742,0.13083071118192538
4,2,329613.9941470688,1.624,2.734866,0.13308641264376372
4,2,329618.99434334366,1.624,2.7372713,0.1353421125577158
4,2,329623.9945396185,1.624,2.7395048,0.13759781285693246
4,2,329628.9947358933,1.624,2.7415667,0.1398535079912808
4,2,329633.99493216816,1.624,2.7436855,0.14210920422102344
4,2,329638.995128443,1.624,2.745461,0.14436490255543918
4,2,329643.99532471783,1.624,2.7471027,0.14662060279601147
4,2,329648.99552099267,1.624,2.7487826,0.14887630427255893
4,2,329653.9957172675,1.624,2.750539,0.15113200662960607
4,2,329658.99591354234,1.624,2.7519326,0.15338770829092793
4,2,329663.99610981694,1.624,2.7533453,0.15564341012363964
4,2,329668.99630609155,1.624,2.7546816,0.15789911454141803
4,2,329673.99650236615,1.624,2.7559988,0.1601548197563423
4,2,329678.99669864075,1.624,2.757106,0.16241052916777796
4,2,329683.99689491536,1.624,2.7584996,0.16466623272337516
4,2,329688.9970911902,1.624,2.7597024,0.16692193578794928
4,2,329693.9972874648,1.624,2.7607331,0.16917763858891194
4,2,329698.9974837394,1.624,2.7617831,0.1714333405342102
4,2,329703.997680014,1.624,2.7629287,0.17368904173257615
4,2,329708.9978762886,1.624,2.7637877,0.17594474249994754
4,2,329713.9980725633,1.624,2.7648377,0.17820044439152213
4,2,329718.99826883804,1.624,2.765926,0.18045614665976498
4,2,329723.99846511276,1.624,2.7667658,0.1827118484585219
4,2,329728.9986613875,1.624,2.7677968,0.18496754957075914
4,2,329733.9988576622,1.624,2.768923,0.18722324905347826
4,2,329738.9990539369,1.624,2.769591,0.18947894821708733
4,2,329743.99925021164,1.624,2.770622,0.19173464531942871
4,2,329748.99944648624,1.624,2.7713475,0.19399034451678066
4,2,329753.99964276096,1.624,2.772531,0.19624604313315286
4,2,329758.9998390357,1.624,2.7734282,0.19850174085499844
4,2,329764.0000353104,1.624,2.774249,0.20075743973502186
4,2,329769.00023158506,1.624,2.775261,0.20301313785296016
4,2,329774.0004278598,1.624,2.7762918,0.2052688361337251
4,2,329779.0006241345,1.624,2.7773037,0.20752453421256276
4,2,329784.0008204092,1.624,2.7783918,0.2097802340662744
4,2,329789.0010166839,1.624,2.7793272,0.2120359323469864
4,2,329794.0012129586,1.624,2.7804916,0.2142916323093838
4,2,329799.0014092333,1.624,2.7815034,0.21654733446159627
4,2,329804.00160550803,1.624,2.7826679,0.21880303466521367
4,2,329809.00180178275,1.624,2.7834697,0.2210587333293822
4,2,329814.00199805736,1.624,2.7844434,0.2233144354820781
4,2,329819.00219433196,1.624,2.785646,0.2255701391606728
4,2,329824.00239060656,1.624,2.7870014,0.22782584267439443
4,2,329829.0025868807,1.624,2.788166,0.2300815428491963
4,2,329834.0027831553,1.624,2.7894642,0.23233724207027087
4,2,329839.0029794299,1.624,2.7903423,0.23459294469817477
4,2,329844.0031757045,1.624,2.7914305,0.2368486479698088
4,2,329849.0033719791,1.624,2.7926903,0.23910434774964381
4,2,329854.0035682537,1.624,2.793893,0.24136004826727836
4,2,329859.0037645283,1.624,2.7950385,0.24361574779531023
4,2,329864.00396080315,1.624,2.796413,0.24587144943525388
4,2,329869.004157078,1.624,2.7977302,0.24812715173210032
4,2,329874.0043533528,1.624,2.7991428,0.25038285460767473
4,2,329879.00454962766,1.624,2.8003647,0.2526385575734575
4,2,329884.0047459025,1.624,2.801682,0.2548942580758465
4,2,329889.00494217733,1.624,2.8029418,0.2571499596782856
4,2,329894.00513845216,1.624,2.8046792,0.2594056665103236
4,2,329899.005334727,1.624,2.8060727,0.26166137305382214
4,2,329904.00553100184,1.624,2.8071418,0.26391708118550633
4,2,329909.0057272767,1.624,2.8088598,0.2661727856262855
4,2,329914.0059235515,1.624,2.81033,0.2684284902470243
4,2,329919.00611982634,1.624,2.8119335,0.270684194637974
4,2,329924.0063161012,1.624,2.8135562,0.27293989837500776
4,2,329929.006512376,1.624,2.8151405,0.2751956002389192
4,2,329934.00670865085,1.624,2.8166869,0.27745130518902006
4,2,329939.0069049257,1.624,2.8185577,0.27970700718128677
4,2,329944.0071012005,1.624,2.820524,0.2819627069602741
4,2,329949.00729747536,1.624,2.8222995,0.2842184048245284
4,2,329954.0074937502,1.624,2.8240747,0.2864741030607886
4,2,329959.007690025,1.624,2.825793,0.2887298030805389
4,2,329964.00788629986,1.624,2.827702,0.29098550383516814
4,2,329969.00808257423,1.624,2.829802,0.2932412040246129
4,2,329974.0082788486,1.624,2.8322072,0.2954969066598548
4,2,329979.008475123,1.624,2.8341162,0.2977526114672091
4,2,329984.00867139734,1.624,2.836369,0.3000083209776216
4,2,329989.0088676717,1.624,2.8384116,0.30226403255252704
4,2,329994.0090639461,1.624,2.8405116,0.304519737303098
4,2,329999.00926022045,1.624,2.842726,0.30677544072566426
4,2,330004.0094564948,1.624,2.8453224,0.30903114337480064
4,2,330009.0096527692,1.624,2.847613,0.311286843013366
4,2,330014.00984904356,1.624,2.8502858,0.3135425427527096
4,2,330019.01004531793,1.624,2.8527484,0.31579824478427565
4,2,330024.0102415923,1.624,2.8553638,0.3180539443153871
4,2,330029.0104378667,1.624,2.8578265,0.3203096441669596
4,2,330034.01063414104,1.624,2.8607664,0.3225653450286984
4,2,330039.0108304154,1.624,2.8636682,0.32482104519845373
4,2,330044.0110266898,1.624,2.8665888,0.32707674891378474
4,2,330049.01122296415,1.624,2.8695288,0.32933244944048584
4,2,330054.0114192385,1.624,2.8723924,0.3315881514749394
4,2,330059.0116155129,1.624,2.8759432,0.3338438542802201
4,2,330064.01181178726,1.624,2.8790166,0.3360995566281544
4,2,330069.01200806163,1.624,2.8821094,0.33835525806349515
4,2,330074.012204336,1.624,2.8855455,0.3406109611893892
4,2,330079.0124006104,1.624,2.8890965,0.3428666637544102
4,2,330084.01259688474,1.624,2.8925898,0.3451223656811317
4,2,330089.0127931591,1.624,2.8960834,0.3473780668244892
4,2,330094.0129894335,1.624,2.8999014,0.34963376932266027
4,2,330099.01318570785,1.624,2.904006,0.35188946962729434
4,2,330104.0133819822,1.624,2.9081676,0.35414516748263447
4,2,330109.0135782566,1.624,2.9123101,0.3564008678459261
4,2,330114.01377453096,1.624,2.9163764,0.3586565687560374
4,2,330119.01397080533,1.624,2.9211872,0.3609122701366876
4,2,330124.0141670797,1.624,2.9254444,0.36316796941549256
4,2,330129.0143633541,1.624,2.930446,0.365423666858554
4,2,330134.01455962844,1.624,2.935352,0.3676793642290964
4,2,330139.0147559028,1.624,2.940583,0.36993506390845127
4,2,330144.0149521772,1.624,2.9456801,0.3721907637849783
4,2,330149.01514845155,1.624,2.9511209,0.3744464620136554
4,2,330154.0153447259,1.624,2.9566379,0.3767021629991334
4,2,330159.0155410003,1.624,2.962384,0.37895786402516246
4,2,330164.01573727466,1.624,2.968321,0.38121356731288314
4,2,330169.01593354903,1.624,2.974182,0.38346927377033246
4,2,330174.0161298234,1.624,2.9802525,0.3857249790094231
4,2,330179.0163260978,1.624,2.9861705,0.3879806859262123
4,2,330184.01652237214,1.624,2.992203,0.39023639467683113
4,2,330189.0167186465,1.624,2.9980447,0.3924921018342443
4,2,330190.52591751935,1.624,3.0001447,0.3931729365580017
4,2,330190.5261175195,1.624,3.0000873,0.3931730267840956
5,1,330190.5269175195,-1.624,2.8240085,-1.7901388804117838e-07
5,1,330195.5271137948,-1.624,2.1929305,-0.002255937616242303
5,1,330200.52731006965,-1.624,2.0880675,-0.0045116941887272735
5,1,330205.52750634425,-1.624,2.0379746,-0.006767449282513725
5,1,330210.52770261886,-1.624,1.988397,-0.009023209145751266
5,1,330215.52789889346,-1.624,1.9299806,-0.011278969017320211
5,1,330220.52809516806,-1.624,1.8642147,-0.013534731231609982
5,1,330225.52829144266,-1.624,1.7959095,-0.01579049386202627
5,1,330230.52848771727,-1.624,1.7289217,-0.018046255466136668
5,1,330235.52868399187,-1.624,1.6660573,-0.020302018451107875
5,1,330240.5288802665,-1.624,1.6101991,-0.022557781184242835
5,1,330245.5290765411,-1.624,1.5648979,-0.024813544305384162
5,1,330250.5292728157,-1.624,1.5310508,-0.02706930973016554
5,1,330255.5294690904,-1.624,1.5071497,-0.02932507756908735
5,1,330260.5296653651,-1.624,1.490083,-0.03158084721613593
5,1,330265.52986163984,-1.624,1.4777507,-0.033836618643667965
5,1,330270.53005791456,-1.624,1.4686828,-0.03609238705737061
5,1,330275.5302541893,-1.624,1.4614667,-0.03834815216680368
5,1,330280.530450464,-1.624,1.4559305,-0.04060391728589932
5,1,330285.5306467387,-1.624,1.4514441,-0.042859682382702824
5,1,330290.53084301343,-1.624,1.4478934,-0.04511545017231835
5,1,330295.53103928815,-1.624,1.4446863,-0.04737121693378687
5,1,330300.5312355624,-1.624,1.4419755,-0.04962698556941085
5,1,330305.53143183707,-1.624,1.4396082,-0.05188275232663419
5,1,330310.5316281118,-1.624,1.4376037,-0.0541385205682516
5,1,330315.5318243865,-1.624,1.4356756,-0.05639428717578781
5,1,330320.5320206612,-1.624,1.4340339,-0.05865005093233452
5,1,330325.53221693594,-1.624,1.432774,-0.06090581650835937
5,1,330330.5324132106,-1.624,1.4313421,-0.06316158236355914
5,1,330335.5326094853,-1.624,1.4300822,-0.06541734369289874
5,1,330340.53280576004,-1.624,1.429204,-0.06767310725165737
5,1,330345.53300203476,-1.624,1.4282876,-0.06992886958050727
5,1,330350.5331983095,-1.624,1.4273905,-0.0721846317217085
5,1,330355.5333945842,-1.624,1.4264169,-0.07444039356813165
5,1,330360.5335908588,-1.624,1.4255387,-0.07669615656142101
5,1,330365.5337871334,-1.624,1.4250423,-0.07895192078773841
5,1,330370.533983408,-1.624,1.424355,-0.08120768424777187
5,1,330375.5341796826,-1.624,1.4235724,-0.08346345011842249
5,1,330380.5343759572,-1.624,1.423076,-0.08571921458209221
5,1,330385.5345722318,-1.624,1.422217,-0.08797497719813716
5,1,330390.5347685064,-1.624,1.4216634,-0.09023073925996487
5,1,330395.534964781,-1.624,1.421167,-0.0924865038401683
5,1,330400.5351610556,-1.624,1.4204988,-0.09474226449278325
5,1,330405.53535733046,-1.624,1.4199262,-0.09699802499984367
5,1,330410.5355536053,-1.624,1.4193916,-0.09925378380409211
5,1,330415.53574988013,-1.624,1.4189334,-0.10150954444234898
5,1,330420.53594615497,-1.624,1.4179026,-0.10376530547386405
5,1,330425.5361424298,-1.624,1.4174634,-0.10602106422215697
5,1,330430.53633870464,-1.624,1.4168907,-0.10827682334121065
5,1,330435.5365349795,-1.624,1.416108,-0.11053258265724444
5,1,330440.5367312543,-1.624,1.4153445,-0.1127883429266479
5,1,330445.53692752915,-1.624,1.4145617,-0.11504410237290459
5,1,330450.537123804,-1.624,1.4139317,-0.11729985945215488
5,1,330455.5373200788,-1.624,1.4133018,-0.11955562165235147
5,1,330460.53751635365,-1.624,1.4125955,-0.12181138304299777
5,1,330465.5377126285,-1.624,1.41187,-0.12406714859273697
5,1,330470.5379089033,-1.624,1.4111637,-0.12632291387093067
5,1,330475.53810517816,-1.624,1.4103047,-0.12857867659918468
5,1,330480.538301453,-1.624,1.4097701,-0.13083444030180244
5,1,330485.53849772783,-1.624,1.4089874,-0.13309020132030383
5,1,330490.53869400267,-1.624,1.408262,-0.13534596385827333
5,1,330495.5388902775,-1.624,1.4074793,-0.13760172821021746
5,1,330500.53908655234,-1.624,1.4066584,-0.13985749538272624
5,1,330505.5392828267,-1.624,1.4056847,-0.14211326020555368
5,1,330510.5394791011,-1.624,1.4049021,-0.14436902403353985
5,1,330515.53967537545,-1.624,1.403814,-0.14662478843388296
5,1,330520.5398716498,-1.624,1.403203,-0.1488805519103342
5,1,330525.5400679242,-1.624,1.402153,-0.15113631214715378
5,1,330530.54026419856,-1.624,1.4012368,-0.15339207168081076
5,1,330535.5404604729,-1.624,1.4003776,-0.15564783242725005
5,1,330540.5406567473,-1.624,1.3996141,-0.15790359279443825
5,1,330545.54085302167,-1.624,1.3987168,-0.16015935577201848
5,1,330550.54104929604,-1.624,1.3977814,-0.16241511589638397
5,1,330555.5412455704,-1.624,1.3967505,-0.1646708794239164
5,1,330560.5414418448,-1.624,1.3958914,-0.1669266429742244
5,1,330565.54163811915,-1.624,1.3947078,-0.1691824034205477
5,1,330570.5418343935,-1.624,1.3937724,-0.1714381634763281
5,1,330575.5420306679,-1.624,1.392837,-0.1736939276551141
5,1,330580.54222694226,-1.624,1.3916153,-0.17594969511241387
5,1,330585.5424232166,-1.624,1.3904698,-0.17820546295653453
5,1,330590.542619491,-1.624,1.3894389,-0.1804612301709851
5,1,330595.54281576537,-1.624,1.3884653,-0.18271699788398876
5,1,330600.54301203974,-1.624,1.3871481,-0.18497276607951854
5,1,330605.5432083141,-1.624,1.38585,-0.18722853490461908
5,1,330610.5434045885,-1.624,1.3849909,-0.18948430258558857
5,1,330615.54360086285,-1.624,1.3837309,-0.19174006936714386
5,1,330620.5437971372,-1.624,1.3826427,-0.19399583697888587
5,1,330625.5439934116,-1.624,1.3814019,-0.19625160680366224
5,1,330630.54418968596,-1.624,1.3801801,-0.19850737733608484
5,1,330635.5443859603,-1.624,1.3788438,-0.2007631482198106
5,1,330640.5445822347,-1.624,1.3777175,-0.2030189164900051
5,1,330645.54477850907,-1.624,1.3764384,-0.20527468235254287
5,1,330650.54497478344,-1.624,1.375274,-0.2075304494382673
5,1,330655.5451710578,-1.624,1.3737849,-0.20978621707478498
5,1,330660.5453673322,-1.624,1.3724676,-0.2120419852848914
5,1,330665.54556360655,-1.624,1.3712268,-0.21429775667799184
5,1,330670.5457598809,-1.624,1.369795,-0.21655352642403047
5,1,330675.5459561553,-1.624,1.368516,-0.218809298609621
5,1,330680.54615242966,-1.624,1.3671606,-0.2210650682989889
5,1,330685.546348704,-1.624,1.3658051,-0.22332083653173845
5,1,330690.5465449784,-1.624,1.3642015,-0.22557660769989094
5,1,330695.54674125277,-1.624,1.3627316,-0.2278323787634439
5,1,330700.54693752714,-1.624,1.361338,-0.23008814838910766
5,1,330705.5471338015,-1.624,1.3598871,-0.2323439194952316
5,1,330710.5473300759,-1.624,1.3583026,-0.23459968970207373
5,1,330715.54752635024,-1.624,1.356909,-0.23685545731125277
5,1,330720.5477226246,-1.624,1.3553245,-0.23911122681961458
5,1,330725.547918899,-1.624,1.3538355,-0.2413669952965975
5,1,330730.54811517335,-1.624,1.352232,-0.24362276387017967
5,1,330735.5483114477,-1.624,1.3504183,-0.2458785311203864
5,1,330740.5485077221,-1.624,1.3489102,-0.248134302361846
5,1,330745.54870399646,-1.624,1.347173,-0.25039007295929727
5,1,330750.54890027083,-1.624,1.3454357,-0.25264584394168194
5,1,330755.5490965452,-1.624,1.3437749,-0.2549016140145329
5,1,330760.5492928196,-1.624,1.3420377,-0.25715737989346854
5,1,330765.54948909394,-1.624,1.3402623,-0.25941314727136167
5,1,330770.5496853683,-1.624,1.3384869,-0.26166891687317034
5,1,330775.5498816427,-1.624,1.3367879,-0.2639246840600041
5,1,330780.55007791705,-1.624,1.3348597,-0.2661804535093904
5,1,330785.5502741914,-1.624,1.3331225,-0.26843622230664893
5,1,330790.5504704658,-1.624,1.3312325,-0.270691989420765
5,1,330795.55066674016,-1.624,1.3292663,-0.2729477560957273
5,1,330800.55086301453,-1.624,1.3275672,-0.27520352478035953
5,1,330805.5510592889,-1.624,1.3257728,-0.2774592917485767
5,1,330810.5512555633,-1.624,1.3235583,-0.2797150570627451
5,1,330815.55145183764,-1.624,1.3214583,-0.28197082223386893
5,1,330820.551648112,-1.624,1.3196257,-0.2842265880743132
5,1,330825.5518443864,-1.624,1.3174685,-0.2864823529732028
5,1,330830.55204066075,-1.624,1.3154259,-0.28873811528493293
5,1,330835.5522369351,-1.624,1.3134786,-0.29099387835372814
5,1,330840.5524332095,-1.624,1.3113978,-0.2932496415356132
5,1,330845.55262948386,-1.624,1.3092024,-0.29550540318298996
5,1,330850.55282575823,-1.624,1.3070834,-0.2977611676509181
5,1,330855.5530220326,-1.624,1.304888,-0.30001692992741524
5,1,330860.553218307,-1.624,1.302559,-0.30227269309837945
5,1,330865.55341458134,-1.624,1.30044,-0.304528455880516
5,1,330870.5536108557,-1.624,1.2979964,-0.30678421753902557
5,1,330875.5538071301,-1.624,1.2955338,-0.3090399786594973
5,1,330880.55400340445,-1.624,1.2935674,-0.31129574126378023
5,1,330885.5541996788,-1.624,1.2912956,-0.3135515070153474
5,1,330890.5543959532,-1.624,1.2887758,-0.31580726962210726
5,1,330895.55459222756,-1.624,1.2863704,-0.31806303528639995
5,1,330900.5547885024,-1.624,1.2837551,-0.3203187989473805
5,1,330905.55498477723,-1.624,1.2813878,-0.3225745620496603
5,1,330910.55518105207,-1.624,1.2785434,-0.32483032342998175
5,1,330915.5553773269,-1.624,1.2761189,-0.3270860855795343
5,1,330920.55557360174,-1.624,1.2732553,-0.32934184634681535
5,1,330925.5557698766,-1.624,1.2707927,-0.33159760964832036
5,1,330930.5559661514,-1.624,1.2681391,-0.33385337056354675
5,1,330935.55616242625,-1.624,1.2654856,-0.3361091298736863
5,1,330940.5563587011,-1.624,1.2626221,-0.3383648918470806
5,1,330945.5565549759,-1.624,1.2598158,-0.3406206541004379
5,1,330950.55675125076,-1.624,1.2570859,-0.342876415608863
5,1,330955.5569475256,-1.624,1.2544514,-0.34513217943596175
5,1,330960.5571438004,-1.624,1.251607,-0.34738794199632933
5,1,330965.55734007526,-1.624,1.2486098,-0.34964370390075444
5,1,330970.5575363501,-1.624,1.2460326,-0.35189946557193996
5,1,330975.55773262493,-1.624,1.24315,-0.35415522654348613
5,1,330980.55792889977,-1.624,1.2401528,-0.35641098637652396
5,1,330985.5581251746,-1.624,1.2373275,-0.35866674872687787
5,1,330990.55832144944,-1.624,1.2345784,-0.3609225113492343
5,1,330995.5585177243,-1.624,1.2315812,-0.36317827419359816
5,1,331000.5587139989,-1.624,1.2284887,-0.3654340364204711
5,1,331005.5589102735,-1.624,1.2258542,-0.3676897972967691
5,1,331010.5591065481,-1.624,1.2230479,-0.3699455551204019
5,1,331015.5593028227,-1.624,1.2200888,-0.3722013138273358
5,1,331020.5594990973,-1.624,1.2173208,-0.3744570746838251
5,1,331025.5596953719,-1.624,1.2142663,-0.376712837908301
5,1,331030.5598916465,-1.624,1.2111928,-0.3789685943471987
5,1,331035.5600879211,-1.624,1.2080811,-0.38122435249616693
5,1,331040.56028419523,-1.624,1.205103,-0.3834801137970288
5,1,331045.56048046984,-1.624,1.2020867,-0.3857358764012323
5,1,331048.8368780245,-1.624,1.1999677,-0.38721397378102934
5,1,331048.83707802463,-1.624,1.2001204,-0.38721406400499736
5,2,331048.8378780247,1.624,1.3786856,1.7897391981548734e-07
5,2,331053.8380743,1.624,1.8142744,0.00225587637917863
5,2,331058.8382705748,1.624,1.9517627,0.004511573327011532
5,2,331063.83846684964,1.624,2.0519485,0.00676726842691501
5,2,331068.8386631245,1.624,2.1294935,0.009022967949926854
5,2,331073.8388593993,1.624,2.1904488,0.011278664957768388
5,2,331078.83905567415,1.624,2.2384036,0.013534361412975524
5,2,331083.839251949,1.624,2.2771568,0.01579005644677745
5,2,331088.8394482238,1.624,2.3083313,0.018045750349548126
5,2,331093.83964449866,1.624,2.334657,0.02030144286715322
5,2,331098.8398407735,1.624,2.356878,0.022557135552015568
5,2,331103.8400370481,1.624,2.376121,0.02481283338987165
5,2,331108.8402333227,1.624,2.393226,0.027068533415787747
5,2,331113.8404295973,1.624,2.4084218,0.02932423744581143
5,2,331118.8406258719,1.624,2.422205,0.03157994144476122
5,2,331123.8408221465,1.624,2.4349954,0.03383564419781499
5,2,331128.8410184211,1.624,2.4470224,0.036091351194825434
5,2,331133.8412146957,1.624,2.458152,0.03834705797465642
5,2,331138.8414109703,1.624,2.4687471,0.04060276090142462
5,2,331143.8416072449,1.624,2.478903,0.042858460413873194
5,2,331148.84180351964,1.624,2.4887347,0.045114160816000566
5,2,331153.84199979436,1.624,2.498108,0.04736986045597659
5,2,331158.84219606896,1.624,2.507004,0.049625563225348786
5,2,331163.8423923437,1.624,2.5159001,0.05188126603488789
5,2,331168.8425886184,1.624,2.524548,0.05413696623269054
5,2,331173.8427848931,1.624,2.5329096,0.0563926642547316
5,2,331178.84298116784,1.624,2.5413284,0.05864836476281616
5,2,331183.84317744256,1.624,2.5497472,0.060904065858648875
5,2,331188.8433737173,1.624,2.557937,0.06315976757875415
5,2,331193.843569992,1.624,2.566184,0.06541546952235035
5,2,331198.8437662667,1.624,2.5742018,0.06767117182944217
5,2,331203.8439625414,1.624,2.5823343,0.06992687358587979
5,2,331208.8441588161,1.624,2.5904095,0.07218257556176184
5,2,331213.8443550908,1.624,2.5982556,0.07443827830561663
5,2,331218.84455136553,1.624,2.6060827,0.07669398273489209
5,2,331223.8447476402,1.624,2.6139097,0.07894968681858644
5,2,331228.8449439149,1.624,2.621775,0.08120538802376057
5,2,331233.84514018963,1.624,2.629411,0.08346108629214762
5,2,331238.8453364639,1.624,2.6369517,0.08571678285045092
5,2,331243.8455327386,1.624,2.644378,0.087972479424768
5,2,331248.8457290132,1.624,2.6515749,0.0902281735182007
5,2,331253.8459252878,1.624,2.6587148,0.09248386857787766
5,2,331258.8461215624,1.624,2.6654153,0.09473956222667294
5,2,331263.846317837,1.624,2.6720016,0.09699525757963125
5,2,331268.8465141116,1.624,2.6782823,0.09925095078539183
5,2,331273.8467103862,1.624,2.6844866,0.10150664201499353
5,2,331278.8469066608,1.624,2.6905382,0.1037623327270481
5,2,331283.84710293566,1.624,2.6959217,0.10601802331536343
5,2,331288.84729921026,1.624,2.7009041,0.10827371328827405
5,2,331293.84749548486,1.624,2.705906,0.11052940266547598
5,2,331298.84769175947,1.624,2.7101247,0.11278508905682959
5,2,331303.8478880343,1.624,2.7144966,0.11504077725514436
5,2,331308.84808430914,1.624,2.718219,0.11729646911357507
5,2,331313.848280584,1.624,2.72177,0.11955215972405007
5,2,331318.8484768588,1.624,2.7249389,0.12180785053938625
5,2,331323.84867313365,1.624,2.7280698,0.12406354220441976
5,2,331328.8488694085,1.624,2.730857,0.12631923461892205
5,2,331333.8490656833,1.624,2.7337205,0.12857492698729037
5,2,331338.84926195815,1.624,2.7360303,0.13083062001713777
5,2,331343.849458233,1.624,2.7383595,0.1330863130820261
5,2,331348.8496545078,1.624,2.7406502,0.1353420049146215
5,2,331353.84985078266,1.624,2.7425592,0.13759769772566688
5,2,331358.8500470575,1.624,2.744583,0.1398533894209398
5,2,331363.85024333233,1.624,2.7461865,0.1421090837608311
5,2,331368.85043960717,1.624,2.7481146,0.14436477819179827
5,2,331373.850635882,1.624,2.7496226,0.1466204756206274
5,2,331378.85083215684,1.624,2.75115,0.14887617394782438
5,2,331383.8510284317,1.624,2.7525053,0.15113186977228854
5,2,331388.8512247065,1.624,2.7538607,0.15338756417247984
5,2,331393.85142098134,1.624,2.7551208,0.15564325906623735
5,2,331398.8516172562,1.624,2.7564187,0.1578989528335399
5,2,331403.85181353055,1.624,2.757736,0.1601546440047423
5,2,331408.8520098049,1.624,2.7589006,0.16241034016421768
5,2,331413.8522060793,1.624,2.759874,0.16466603414844141
5,2,331418.85240235366,1.624,2.761077,0.16692172854218879
5,2,331423.85259862803,1.624,2.7622223,0.16917742476589812
5,2,331428.8527949024,1.624,2.763024,0.1714331237613095
5,2,331433.85299117677,1.624,2.7642648,0.1736888206639687
5,2,331438.85318745114,1.624,2.7649903,0.17594451612330145
5,2,331443.8533837255,1.624,2.7663457,0.17820020829494132
5,2,331448.8535799999,1.624,2.7673576,0.18045590043117601
5,2,331453.85377627425,1.624,2.7684076,0.18271159392722447
5,2,331458.8539725486,1.624,2.769343,0.18496728219829664
5,2,331463.854168823,1.624,2.7703738,0.18722297259743345
5,2,331468.85436509736,1.624,2.7711184,0.1894786643556025
5,2,331473.8545613717,1.624,2.7721684,0.19173435855818455
5,2,331478.8547576461,1.624,2.7730846,0.1939900533494353
5,2,331483.85495392047,1.624,2.7741346,0.1962457495410707
5,2,331488.85515019484,1.624,2.7751846,0.19850144257760047
5,2,331493.8553464692,1.624,2.7762346,0.20075713770534595
5,2,331498.8555427436,1.624,2.7772272,0.2030128352659411
5,2,331503.85573901795,1.624,2.7782009,0.20526853111483656
5,2,331508.8559352923,1.624,2.77927,0.20752422288713857
5,2,331513.8561315667,1.624,2.7803009,0.20977991579141886
5,2,331518.85632784106,1.624,2.7813125,0.21203561040257748
5,2,331523.8565241154,1.624,2.7825916,0.21429130364582938
5,2,331528.8567203898,1.624,2.783508,0.21654699692820842
5,2,331533.85691666417,1.624,2.7846344,0.21880269338501826
5,2,331538.85711293854,1.624,2.7857225,0.22105838681452805
5,2,331543.8573092129,1.624,2.7867534,0.22331407655547725
5,2,331548.8575054873,1.624,2.788147,0.22556976678933038
5,2,331553.85770176165,1.624,2.789197,0.22782546050278346
5,2,331558.857898036,1.624,2.7903805,0.2300811515569687
5,2,331563.8580943104,1.624,2.791545,0.23233684399718046
5,2,331568.85829058476,1.624,2.7931676,0.234592537344065
5,2,331573.8584868591,1.624,2.7943895,0.23684822917728954
5,2,331578.8586831335,1.624,2.7955348,0.23910392209427886
5,2,331583.85887940787,1.624,2.7967374,0.2413596152274675
5,2,331588.85907568224,1.624,2.7980547,0.2436153070892493
5,2,331593.8592719566,1.624,2.799563,0.2458709991965559
5,2,331598.859468231,1.624,2.8008611,0.24812669233333404
5,2,331603.85966450535,1.624,2.8024263,0.2503823862642646
5,2,331608.8598607797,1.624,2.8037817,0.252638075663964
5,2,331613.8600570541,1.624,2.8053663,0.25489376580414513
5,2,331618.86025332846,1.624,2.8067982,0.25714945569480135
5,2,331623.8604496028,1.624,2.8084972,0.2594051485670673
5,2,331628.8606458772,1.624,2.809948,0.26166083942349094
5,2,331633.86084215157,1.624,2.8118188,0.26391652958065936
5,2,331638.86103842594,1.624,2.8133461,0.26617222382106387
5,2,331643.8612347003,1.624,2.8151214,0.26842791776148484
5,2,331648.8614309747,1.624,2.816897,0.2706836097365353
5,2,331653.86162724905,1.624,2.8185577,0.27293930225354435
5,2,331658.8618235234,1.624,2.8206959,0.2751949958209727
5,2,331663.8620197978,1.624,2.8222995,0.27745068852625293
5,2,331668.86221607216,1.624,2.8242085,0.2797063838925759
5,2,331673.8624123465,1.624,2.826232,0.28196208183417054
5,2,331678.8626086209,1.624,2.8282747,0.2842177808001041
5,2,331683.86280489527,1.624,2.830241,0.2864734793344736
5,2,331688.86300116964,1.624,2.8324935,0.28872917628372374
5,2,331693.863197444,1.624,2.8345363,0.2909848740897907
5,2,331698.8633937184,1.624,2.8367317,0.29324056752794314
5,2,331703.86358999275,1.624,2.8388317,0.2954962618448535
5,2,331708.8637862671,1.624,2.8415997,0.29775195536547894
5,2,331713.8639825415,1.624,2.8438141,0.30000765215969083
5,2,331718.86417881586,1.624,2.8462768,0.30226335283282063
5,2,331723.8643750902,1.624,2.849026,0.3045190494053098
5,2,331728.8645713646,1.624,2.851565,0.3067747475914822
5,2,331733.86476763897,1.624,2.854142,0.30903044433638116
5,2,331738.86496391334,1.624,2.8569674,0.31128614413419026
5,2,331743.8651601877,1.624,2.8596592,0.3135418433535429
5,2,331748.8653564621,1.624,2.8625417,0.315797545239369
5,2,331753.86555273645,1.624,2.8652143,0.31805324394928736
5,2,331758.8657490108,1.624,2.8685553,0.32030894283993366
5,2,331763.8659452852,1.624,2.871686,0.322564641168336
5,2,331768.86614155956,1.624,2.8750076,0.3248203373715479
5,2,331773.8663378339,1.624,2.8782723,0.32707603138220964
5,2,331778.8665341083,1.624,2.8815558,0.3293317304610477
5,2,331783.86673038267,1.624,2.8850303,0.33158743027789056
5,2,331788.86692665704,1.624,2.8887336,0.3338431302736136
5,2,331793.8671229314,1.624,2.8927045,0.3360988266426192
5,2,331798.86731920624,1.624,2.8964653,0.3383545277436309
5,2,331803.8675154811,1.624,2.900627,0.340610228808807
5,2,331808.8677117559,1.624,2.9047694,0.34286592837141616
5,2,331813.86790803075,1.624,2.9089313,0.34512162448004213
5,2,331818.8681043056,1.624,2.913322,0.34737732143025923
5,2,331823.8683005804,1.624,2.918018,0.34963302162447896
5,2,331828.86849685526,1.624,2.9228861,0.3518887197503182
5,2,331833.8686931301,1.624,2.927907,0.3541444206515285
5,2,331838.8688894049,1.624,2.933214,0.3564001223383347
5,2,331843.86908567976,1.624,2.9384258,0.35865582174572674
5,2,331848.8692819546,1.624,2.9438283,0.36091152009399724
5,2,331853.86947822943,1.624,2.949727,0.3631672179926103
5,2,331858.86967450427,1.624,2.9552824,0.36542291709938307
5,2,331863.8698707791,1.624,2.9614296,0.3676786162360906
5,2,331868.87006705394,1.624,2.9677293,0.3699343163885739
5,2,331873.8702633288,1.624,2.9742963,0.37219002064708867
5,2,331878.8704596036,1.624,2.9808443,0.37444572440573903
5,2,331883.87065587845,1.624,2.987545,0.37670142460965444
5,2,331888.8708521533,1.624,2.9942458,0.3789571243449648
5,2,331893.37404879974,1.624,2.9999537,0.38098861784411137
5,2,331893.37424879975,1.624,2.9999537,0.38098870806666213
