cycle_number,half_cycle,time_s,current_mA,voltage_V,capacity_mAh
0,0,331893.4230487626,0.0,2.8466992,0.0
0,0,331894.42304801755,0.0,2.7383213,0.0
0,0,331895.4230472725,0.0,2.6843147,0.0
0,0,331896.42304652743,0.0,2.6462488,0.0
0,0,331897.4230457824,0.0,2.617556,0.0
0,0,331898.4230450373,0.0,2.5945714,0.0
0,0,331899.42304429226,0.0,2.5755,0.0
0,0,331900.4230435472,0.0,2.5591588,0.0
0,0,331901.42304280214,0.0,2.5449173,0.0
0,0,331902.4230420571,0.0,2.5322607,0.0
1,1,331903.37484135095,-0.812,2.521398,0.0
1,1,331903.3752413509,-0.812,2.4781122,-8.994675013754104e-08
1,1,331908.3754376256,-0.812,2.2771187,-0.0011279952550033727
1,1,331913.37563390034,-0.812,2.2138534,-0.0022559076227280828
1,1,331918.37583017506,-0.812,2.1826026,-0.003383824170195394
1,1,331923.3760264497,-0.812,2.1622334,-0.004511743330028322
1,1,331928.37622272444,-0.812,2.1462166,-0.005639663147399823
1,1,331933.37641899916,-0.812,2.1317651,-0.006767583756102456
1,1,331938.3766152739,-0.812,2.1178293,-0.007895502856069141
1,1,331943.3768115486,-0.812,2.103187,-0.009023419939570957
1,1,331948.3770078232,-0.812,2.087705,-0.010151339328921503
1,1,331953.3772040978,-0.812,2.0706763,-0.011279258990705013
1,1,331958.3774003724,-0.812,2.0521967,-0.012407176576528284
1,1,331963.377596647,-0.812,2.0322285,-0.013535095716247956
1,1,331968.3777929216,-0.812,2.011019,-0.014663013231446346
1,1,331973.3779891962,-0.812,1.9885306,-0.015790928809410996
1,1,331978.37818547036,-0.812,1.965336,-0.0169188447405431
1,1,331983.37838174496,-0.812,1.9413586,-0.018046759501722125
1,1,331988.37857801956,-0.812,1.9168274,-0.019174676357133522
1,1,331993.37877429416,-0.812,1.8917619,-0.020302592735207743
1,1,331998.378970569,-0.812,1.8665627,-0.021430507777902816
1,1,332003.37916684384,-0.812,1.8415927,-0.022558422328478763
1,1,332008.37936311867,-0.812,1.8168325,-0.023686337634818425
1,1,332013.3795593935,-0.812,1.7932751,-0.024814251086390685
1,1,332018.37975566834,-0.812,1.7709585,-0.025942164403044518
1,1,332023.3799519432,-0.812,1.7500546,-0.0270700785920322
1,1,332028.380148218,-0.812,1.7307925,-0.02819799708607131
1,1,332033.38034449285,-0.812,1.7130767,-0.029325916052771944
1,1,332038.3805407677,-0.812,1.6972127,-0.03045383561330703
1,1,332043.3807370425,-0.812,1.6831431,-0.03158175634135472
1,1,332048.38093331736,-0.812,1.6710209,-0.032709676814185254
1,1,332053.3811295922,-0.812,1.6603494,-0.033837595621440154
1,1,332058.381325867,-0.812,1.6513768,-0.03496551388124957
1,1,332063.38152214186,-0.812,1.6435499,-0.036093434756004156
1,1,332068.3817184167,-0.812,1.6370401,-0.03722135776844621
1,1,332073.38191469153,-0.812,1.6318094,-0.038349279281460584
1,1,332078.38211096637,-0.812,1.6271895,-0.03947719982370735
1,1,332083.3823072412,-0.812,1.6233715,-0.040605120165073214
1,1,332088.38250351604,-0.812,1.6198779,-0.0417330411999623
1,1,332093.3826997909,-0.812,1.6168616,-0.04286096256329947
1,1,332098.3828960657,-0.812,1.6145709,-0.043988885032008096
1,1,332103.3830923401,-0.812,1.6123563,-0.04511681017964417
1,1,332108.38328861445,-0.812,1.6107718,-0.04624473535023465
1,1,332113.3834848888,-0.812,1.6090537,-0.04737266011131804
1,1,332118.3836811632,-0.812,1.6075456,-0.0485005846343173
1,1,332123.38387743756,-0.812,1.6063429,-0.04962850576313668
1,1,332128.38407371193,-0.812,1.6052357,-0.05075642871817616
1,1,332133.3842699863,-0.812,1.6043575,-0.051884350561158525
1,1,332138.3844662607,-0.812,1.6034602,-0.053012273517876865
1,1,332143.38466253504,-0.812,1.6026967,-0.05414019798986779
1,1,332148.3848588094,-0.812,1.6020094,-0.05526812247621351
1,1,332153.3850550838,-0.812,1.6013222,-0.056396049216336674
1,1,332158.38525135815,-0.812,1.6011312,-0.05752397510596116
1,1,332163.3854476325,-0.812,1.6005394,-0.058651901306957
1,1,332168.3856439069,-0.812,1.6000621,-0.059779828489985726
1,1,332173.38584018126,-0.812,1.5996995,-0.06090775554052988
1,1,332178.38603645563,-0.812,1.5992986,-0.06203567960163288
1,1,332183.38623273,-0.812,1.5989358,-0.06316360153962837
1,1,332188.3864290044,-0.812,1.5986876,-0.06429152377721335
1,1,332193.38662527874,-0.812,1.5982486,-0.06541944610899686
1,1,332198.3868215531,-0.812,1.5981722,-0.066547369116452
1,1,332203.3870178275,-0.812,1.5977905,-0.06767529288554522
1,1,332208.38721410185,-0.812,1.5974468,-0.06880321303287479
1,1,332213.3874103762,-0.812,1.597275,-0.06993113703558511
1,1,332218.3876066506,-0.812,1.5969887,-0.07105905988164411
1,1,332223.38780292496,-0.812,1.5968168,-0.07218698318030768
1,1,332228.38799919933,-0.812,1.5967023,-0.0733149055067036
1,1,332233.3881954737,-0.812,1.5965304,-0.07444283282068703
1,1,332238.38839174807,-0.812,1.5963014,-0.07557075753588478
1,1,332243.38858802244,-0.812,1.5960723,-0.0766986812646091
1,1,332248.3887842968,-0.812,1.5959768,-0.07782660566928984
1,1,332253.3889805712,-0.812,1.5958813,-0.07895453107340801
1,1,332258.38917684555,-0.812,1.5957286,-0.08008245326562062
1,1,332263.3893731199,-0.812,1.5953851,-0.08121037563516036
1,1,332268.3895693943,-0.812,1.5953851,-0.08233829892215465
1,1,332273.38976566866,-0.812,1.5952133,-0.08346622233514986
1,1,332278.38996194303,-0.812,1.5949268,-0.0845941451567246
1,1,332283.3901582174,-0.812,1.5948315,-0.08572206697772611
1,1,332288.39035449177,-0.812,1.5946405,-0.08684999220475226
1,1,332293.39055076614,-0.812,1.5944306,-0.08797791837462123
1,1,332298.3907470405,-0.812,1.5942014,-0.08910584302783345
1,1,332303.3909433149,-0.812,1.5940869,-0.09023376857433386
1,1,332308.39113958925,-0.812,1.5939915,-0.09136169182899265
1,1,332313.3913358636,-0.812,1.5937433,-0.09248961655078665
1,1,332318.391532138,-0.812,1.593457,-0.09361753807704318
1,1,332323.39172841236,-0.812,1.5933996,-0.09474545929989552
1,1,332328.39192468673,-0.812,1.5930178,-0.0958733824995955
1,1,332333.3921209611,-0.812,1.5930369,-0.09700130659446121
1,1,332338.39231723547,-0.812,1.5925788,-0.0981292316036092
1,1,332343.39251350984,-0.812,1.5925406,-0.09925715734777849
1,1,332348.3927097842,-0.812,1.5923688,-0.10038508293377692
1,1,332353.3929060586,-0.812,1.5921206,-0.10151301008376148
1,1,332358.39310233295,-0.812,1.5920633,-0.10264093733283547
1,1,332363.3932986073,-0.812,1.5917579,-0.10376886452598043
1,1,332368.3934948817,-0.812,1.5915478,-0.10489678923651577
1,1,332373.39369115606,-0.812,1.5913379,-0.10602471341162921
1,1,332378.39388743043,-0.812,1.5911852,-0.10715263608434467
1,1,332383.3940837048,-0.812,1.5908989,-0.10828056077005467
1,1,332388.39427997917,-0.812,1.5906698,-0.10940848494115474
1,1,332393.39447625354,-0.812,1.590498,-0.11053640810294948
1,1,332398.3946725279,-0.812,1.5901352,-0.11166433044454789
1,1,332403.3948688023,-0.812,1.5900971,-0.11279225502361856
1,1,332408.39506507665,-0.812,1.5896962,-0.11392018314219848
1,1,332413.395261351,-0.812,1.5895625,-0.11504810928377181
1,1,332418.3954576254,-0.812,1.5892762,-0.11617603507338964
1,1,332423.39565389976,-0.812,1.5889707,-0.11730396212766903
1,1,332428.3958501741,-0.812,1.588837,-0.11843188825878173
1,1,332433.3960464485,-0.812,1.5885316,-0.11955981577855683
1,1,332438.39624272287,-0.812,1.588398,-0.1206877437286013
1,1,332443.39643899724,-0.812,1.5881116,-0.12181567394448324
1,1,332448.3966352716,-0.812,1.5878634,-0.12294360411667828
1,1,332453.396831546,-0.812,1.5874435,-0.12407153403521581
1,1,332458.39702782035,-0.812,1.5873098,-0.1251994653900233
1,1,332463.3972240947,-0.812,1.5870616,-0.12632739647964972
1,1,332468.3974203691,-0.812,1.5865463,-0.12745532484472133
1,1,332473.39761664346,-0.812,1.5864699,-0.12858325536957055
1,1,332478.3978129178,-0.812,1.586279,-0.12971118235019846
1,1,332483.3980091922,-0.812,1.5858972,-0.13083911068835857
1,1,332488.39820546657,-0.812,1.5857445,-0.1319670401666827
1,1,332493.39840174094,-0.812,1.5854199,-0.13309497015489807
1,1,332498.3985980158,-0.812,1.5850954,-0.13422289880931712
1,1,332503.3987942906,-0.812,1.5848091,-0.13535082691007855
1,1,332508.39899056545,-0.812,1.584599,-0.13647875480699873
1,1,332513.3991868403,-0.812,1.584179,-0.13760668562528824
1,1,332518.3993831151,-0.812,1.583969,-0.13873461882599197
1,1,332523.39957938995,-0.812,1.5835682,-0.13986255157362423
1,1,332528.3997756648,-0.812,1.5833772,-0.14099048234423334
1,1,332533.3999719396,-0.812,1.5830528,-0.14211841458216642
1,1,332538.40016821446,-0.812,1.5826519,-0.14324634695600472
1,1,332543.4003644893,-0.812,1.5823655,-0.14437428171919453
1,1,332548.40056076413,-0.812,1.5820409,-0.145502216958142
1,1,332553.40075703897,-0.812,1.5817546,-0.14663014901296298
1,1,332558.4009533138,-0.812,1.5814492,-0.14775808160124554
1,1,332563.40114958864,-0.812,1.5810864,-0.14888601512428457
1,1,332568.4013458635,-0.812,1.5806664,-0.15001394805407525
1,1,332573.4015421383,-0.812,1.5803992,-0.15114187854844996
1,1,332578.40173841314,-0.812,1.5801128,-0.1522698079931372
1,1,332583.401934688,-0.812,1.5795592,-0.15339773921247987
1,1,332588.4021309628,-0.812,1.5792729,-0.15452567151868013
1,1,332593.40232723765,-0.812,1.5789865,-0.15565360239166023
1,1,332598.40252351225,-0.812,1.5786619,-0.1567815350958374
1,1,332603.40271978686,-0.812,1.5782801,-0.15790946477170786
1,1,332608.40291606146,-0.812,1.5778601,-0.15903739626274177
1,1,332613.40311233606,-0.812,1.577402,-0.16016532907050188
1,1,332618.40330861066,-0.812,1.5772684,-0.16129326491480075
1,1,332623.40350488527,-0.812,1.5769439,-0.16242119807522498
1,1,332628.40370115987,-0.812,1.5764093,-0.16354912865729798
1,1,332633.4038974345,-0.812,1.5759511,-0.16467706239669194
1,1,332638.4040937091,-0.812,1.5758175,-0.16580499548438196
1,1,332643.4042899837,-0.812,1.5753784,-0.1669329278217919
1,1,332648.4044862584,-0.812,1.5750539,-0.16806086216705382
1,1,332653.4046825331,-0.812,1.5745194,-0.16918879177636245
1,1,332658.40487880784,-0.812,1.5741185,-0.17031672270756634
1,1,332663.40507508256,-0.812,1.5739084,-0.17144465449871293
1,1,332668.4052713573,-0.812,1.5735075,-0.17257258827712807
1,1,332673.405467632,-0.812,1.5730304,-0.17370051945976753
1,1,332678.4056639067,-0.812,1.572553,-0.17482845168620353
1,1,332683.40586018143,-0.812,1.5721712,-0.17595638150095613
1,1,332688.40605645615,-0.812,1.5717131,-0.17708431205696204
1,1,332693.40625273087,-0.812,1.5713122,-0.1782122398972876
1,1,332698.40644900553,-0.812,1.5708349,-0.17934016833884522
1,1,332703.40664528025,-0.812,1.5705868,-0.18046809924245216
1,1,332708.40684155497,-0.812,1.570205,-0.18159602781174253
1,1,332713.4070378297,-0.812,1.5697277,-0.18272396016557352
1,1,332718.4072341039,-0.812,1.5693268,-0.18385189094046422
1,1,332723.4074303786,-0.812,1.5689068,-0.1849798201096654
1,1,332728.4076266533,-0.812,1.5684868,-0.18610774949761896
1,1,332733.40782292804,-0.812,1.5680478,-0.18723568014018405
1,1,332738.40801920276,-0.812,1.5675323,-0.18836361127178539
1,1,332743.40821547736,-0.812,1.5670551,-0.1894915418090158
1,1,332748.40841175197,-0.812,1.5667686,-0.19061947424807815
1,1,332753.40860802657,-0.812,1.5663487,-0.1917474072379503
1,1,332758.4088043012,-0.812,1.5656997,-0.1928753389739891
1,1,332763.409000576,-0.812,1.5653942,-0.19400327002354464
1,1,332768.4091968506,-0.812,1.564936,-0.19513120305674939
1,1,332773.4093931252,-0.812,1.5644587,-0.1962591371144818
1,1,332778.4095893998,-0.812,1.5639625,-0.1973870671821336
1,1,332783.4097856744,-0.812,1.5634851,-0.198514999810795
1,1,332788.409981949,-0.812,1.5629697,-0.19964293094690974
1,1,332793.4101782236,-0.812,1.562588,-0.20077086039130557
1,1,332798.41037449846,-0.812,1.5621107,-0.2018987884896133
1,1,332803.4105707733,-0.812,1.5616333,-0.20302671830682292
1,1,332808.41076704813,-0.812,1.5610797,-0.20415464765477845
1,1,332813.41096332297,-0.812,1.5606025,-0.20528257347127465
1,1,332818.4111595978,-0.812,1.5601635,-0.20641050125629043
1,1,332823.41135587264,-0.812,1.5596099,-0.2075384310224586
1,1,332828.4115521475,-0.812,1.5589608,-0.20866635722456375
1,1,332833.4117484223,-0.812,1.5585026,-0.2097942834400667
1,1,332838.41194469715,-0.812,1.5579872,-0.21092220824130706
1,1,332843.412140972,-0.812,1.5574527,-0.21205013358376423
1,1,332848.4123372468,-0.812,1.5568799,-0.21317805648487143
1,1,332853.41253352165,-0.812,1.5564599,-0.21430598441337875
1,1,332858.4127297965,-0.812,1.5557727,-0.21543391522070432
1,1,332863.4129260713,-0.812,1.5554672,-0.21656184585977922
1,1,332868.41312234616,-0.812,1.5549327,-0.21768977574126253
1,1,332873.413318621,-0.812,1.5543982,-0.21881770753760466
1,1,332878.41351489583,-0.812,1.5538255,-0.21994563525010474
1,1,332883.41371117067,-0.812,1.5534055,-0.22107356261327196
1,1,332888.4139074455,-0.812,1.5527564,-0.2222014887941678
1,1,332893.41410372034,-0.812,1.5522219,-0.2233294143129686
1,1,332898.4142999947,-0.812,1.5516301,-0.2244573398855063
1,1,332903.4144962691,-0.812,1.5510383,-0.22558526538121365
1,1,332908.41469254345,-0.812,1.5504465,-0.2267131929479539
1,1,332913.4148888178,-0.812,1.5499692,-0.22784111764053167
1,1,332918.4150850922,-0.812,1.5493774,-0.22896904379707236
1,1,332923.41528136656,-0.812,1.5488048,-0.23009696751188563
1,1,332928.4154776409,-0.812,1.5483084,-0.2312248935835957
1,1,332933.4156739153,-0.812,1.5477357,-0.2323528223575353
1,1,332938.41587018967,-0.812,1.5471057,-0.2334807485779225
1,1,332943.41606646404,-0.812,1.5465521,-0.23460867479886272
1,1,332948.4162627384,-0.812,1.545903,-0.2357366031082073
1,1,332953.4164590128,-0.812,1.5454067,-0.23686452967653993
1,1,332958.41665528715,-0.812,1.5445858,-0.2379924564559492
1,1,332963.4168515615,-0.812,1.5441276,-0.23912038428152924
1,1,332968.4170478359,-0.812,1.5435168,-0.24024831282231535
1,1,332973.41724411026,-0.812,1.5429631,-0.2413762428506347
1,1,332978.4174403846,-0.812,1.5422567,-0.24250417269872615
1,1,332983.417636659,-0.812,1.5415885,-0.2436320988615121
1,1,332988.41783293337,-0.812,1.5409396,-0.24476002637848246
1,1,332993.41802920774,-0.812,1.5402141,-0.245887956830316
1,1,332998.4182254821,-0.812,1.5397369,-0.24701588758358678
1,1,333003.4184217565,-0.812,1.5390496,-0.24814381578521916
1,1,333008.41861803085,-0.812,1.5386105,-0.24927174377832467
1,1,333013.4188143052,-0.812,1.5378087,-0.25039967213475695
1,1,333018.4190105796,-0.812,1.5372742,-0.2515276012316312
1,1,333023.41920685396,-0.812,1.5365297,-0.2526555301662815
1,1,333028.4194031283,-0.812,1.5358806,-0.2537834607751104
1,1,333033.4195994027,-0.812,1.5352315,-0.25491139008566066
1,1,333038.41979567707,-0.812,1.5346779,-0.25603931991365875
1,1,333043.41999195144,-0.812,1.533857,-0.25716724839199245
1,1,333048.4201882258,-0.812,1.5331888,-0.2582951783796151
1,1,333053.4203845002,-0.812,1.5324825,-0.25942310737841984
1,1,333058.42058077455,-0.812,1.531738,-0.2605510349630845
1,1,333063.4207770489,-0.812,1.5311271,-0.2616789641307095
1,1,333068.4209733233,-0.812,1.5304971,-0.2628068908022774
1,1,333073.42116959766,-0.812,1.529829,-0.2639348196303712
1,1,333078.421365872,-0.812,1.5291609,-0.26506275331413415
1,1,333083.4215621464,-0.812,1.5283972,-0.2661906881104741
1,1,333088.42175842077,-0.812,1.5276909,-0.26731862027850745
1,1,333093.42195469514,-0.812,1.5269463,-0.2684465546049111
1,1,333098.4221509695,-0.812,1.5262781,-0.2695744867446919
1,1,333103.4223472439,-0.812,1.5254573,-0.2707024173850417
1,1,333108.42254351825,-0.812,1.5249991,-0.2718303486204776
1,1,333113.4227397926,-0.812,1.5241592,-0.27295827725127003
1,1,333118.422936067,-0.812,1.5234528,-0.27408620605827366
1,1,333123.42313234136,-0.812,1.5227846,-0.275214136810551
1,1,333128.4233286157,-0.812,1.5219256,-0.2763420657921797
1,1,333133.4235248901,-0.812,1.5212574,-0.27746999220751384
1,1,333138.42372116446,-0.812,1.5206083,-0.2785979208696219
1,1,333143.42391743883,-0.812,1.5198829,-0.279725847747849
1,1,333148.4241137132,-0.812,1.5191957,-0.2808537744844853
1,1,333153.4243099876,-0.812,1.5182984,-0.28198170302333425
1,1,333158.42450626194,-0.812,1.5175349,-0.28310963201492684
1,1,333163.4247025363,-0.812,1.5170003,-0.2842375612672136
1,1,333168.4248988107,-0.812,1.5158931,-0.28536549334434663
1,1,333173.42509508505,-0.812,1.5152822,-0.28649342536322603
1,1,333178.4252913594,-0.812,1.5145185,-0.2876213567704194
1,1,333183.4254876338,-0.812,1.5136786,-0.28874928586468096
1,1,333188.42568390816,-0.812,1.5128577,-0.2898772161213954
1,1,333193.42588018253,-0.812,1.5120941,-0.2910051417528159
1,1,333198.4260764569,-0.812,1.5113114,-0.2921330650448435
1,1,333203.4262727313,-0.812,1.5105668,-0.29326098995824984
1,1,333208.42646900564,-0.812,1.5098224,-0.2943889164257116
1,1,333213.42666528,-0.812,1.5090206,-0.29551684455353683
1,1,333218.4268615544,-0.812,1.5080087,-0.29664477072583634
1,1,333223.42705782875,-0.812,1.5073979,-0.2977726950999929
1,1,333228.4272541031,-0.812,1.5066533,-0.2989006205602354
1,1,333233.4274503775,-0.812,1.5056416,-0.3000285451043314
1,1,333238.42764665186,-0.812,1.5049353,-0.3011564711031052
1,1,333243.42784292623,-0.812,1.5043052,-0.302284399049133
1,1,333248.4280392006,-0.812,1.503179,-0.3034123260041508
1,1,333253.428235475,-0.812,1.5023389,-0.3045402516392303
1,1,333258.42843174934,-0.812,1.5016899,-0.30566817854183903
1,1,333263.4286280237,-0.812,1.5008117,-0.3067961039071579
1,1,333268.4288242981,-0.812,1.4999145,-0.307924029123187
1,1,333273.42902057245,-0.812,1.4991127,-0.309051956618001
1,1,333278.4292168468,-0.812,1.4981582,-0.3101798825368053
1,1,333283.4294131212,-0.812,1.4971464,-0.3113078083804514
1,1,333288.42960939556,-0.812,1.4962873,-0.31243573582241263
1,1,333293.4298056704,-0.812,1.4956192,-0.31356366147427417
1,1,333298.43000194523,-0.812,1.4945883,-0.3146915871698028
1,1,333303.43019822007,-0.812,1.493882,-0.3158195125215384
1,1,333308.4303944949,-0.812,1.4929084,-0.31694743906962863
1,1,333313.43059076974,-0.812,1.4920684,-0.31807536474565656
1,1,333318.4307870446,-0.812,1.4910947,-0.31920328912536294
1,1,333323.4309833194,-0.812,1.490102,-0.32033121538931125
1,1,333328.43117959425,-0.812,1.4892812,-0.3214591405880947
1,1,333333.4313758691,-0.812,1.4882885,-0.3225870633832944
1,1,333338.4315721439,-0.812,1.4874103,-0.3237149842815597
1,1,333343.43176841876,-0.812,1.486494,-0.3248429070720804
1,1,333348.4319646936,-0.812,1.4856158,-0.3259708323729004
1,1,333353.4321609684,-0.812,1.4846423,-0.3270987568110028
1,1,333358.43235724326,-0.812,1.4838977,-0.3282266806070274
1,1,333363.4325535181,-0.812,1.4827905,-0.32935460379258785
1,1,333368.43274979293,-0.812,1.4816259,-0.3304825288946694
1,1,333373.43294606777,-0.812,1.4809005,-0.3316104550617303
1,1,333378.4331423426,-0.812,1.4797552,-0.33273838224863334
1,1,333383.43333861744,-0.812,1.4788579,-0.33386631033436776
1,1,333388.4335348923,-0.812,1.4778079,-0.33499423718425286
1,1,333393.4337311669,-0.812,1.4770061,-0.3361221634644633
1,1,333398.4339274415,-0.812,1.4760134,-0.33725008497758363
1,1,333403.4341237161,-0.812,1.4749825,-0.3383780058704481
1,1,333408.4343199907,-0.812,1.474028,-0.3395059265124366
1,1,333413.4345162653,-0.812,1.4729589,-0.3406338449454339
1,1,333418.4347125399,-0.812,1.4720618,-0.34176176454439083
1,1,333423.4349088145,-0.812,1.4711454,-0.34288968413949994
1,1,333428.4351050891,-0.812,1.4700382,-0.34401760457343183
1,1,333433.4353013637,-0.812,1.4691792,-0.345145524761021
1,1,333438.4354976383,-0.812,1.4680337,-0.3462734460514683
1,1,333443.435693913,-0.812,1.4670027,-0.34740136564766355
1,1,333448.43589018774,-0.812,1.465972,-0.3485292843144005
1,1,333453.436086462,-0.812,1.4649984,-0.3496572048221229
1,1,333458.4362827367,-0.812,1.4639484,-0.3507851307827266
1,1,333463.43647901143,-0.812,1.4628221,-0.35191305474682305
1,1,333468.43667528615,-0.812,1.4620011,-0.35304097901925763
1,1,333473.4368715609,-0.812,1.4607985,-0.35416890561382625
1,1,333478.4370678356,-0.812,1.4599203,-0.3552968341903553
1,1,333483.4372641103,-0.812,1.4588131,-0.3564247646777033
1,1,333488.43746038503,-0.812,1.4576676,-0.357552693581985
1,1,333493.4376566597,-0.812,1.4567131,-0.35868062274659
1,1,333498.43785293447,-0.812,1.4557204,-0.35980855338433376
1,1,333503.43804920913,-0.812,1.4546514,-0.3609364826617372
1,1,333508.43824548385,-0.812,1.4535251,-0.36206440909888005
1,1,333513.43844175857,-0.812,1.4524941,-0.36319233740660206
1,1,333518.4386380332,-0.812,1.4515396,-0.3643202655124498
1,1,333523.43883430795,-0.812,1.4505279,-0.3654481934816207
1,1,333528.43903058267,-0.812,1.4493061,-0.36657612205358003
1,1,333533.4392268574,-0.812,1.4480461,-0.3677040481903916
1,1,333538.4394231321,-0.812,1.4470534,-0.36883197641049476
1,1,333543.4396194068,-0.812,1.4460989,-0.3699599075845081
1,1,333548.4398156814,-0.812,1.4450489,-0.3710878387201162
1,1,333553.44001195603,-0.812,1.4438462,-0.37221576764641523
1,1,333558.44020823063,-0.812,1.4427963,-0.37334369721655697
1,1,333563.44040450524,-0.812,1.4417273,-0.37447162540470214
1,1,333568.44060077984,-0.812,1.4404672,-0.37559955525776395
1,1,333573.44079705444,-0.812,1.4393791,-0.3767274818655615
1,1,333578.4409933293,-0.812,1.4381573,-0.3778554154305357
1,1,333583.4411896039,-0.812,1.436821,-0.3789833483842775
1,1,333588.4413858785,-0.812,1.4360193,-0.3801112816027997
1,1,333593.4415821531,-0.812,1.4349693,-0.3812392141318485
1,1,333598.4417784279,-0.812,1.4337857,-0.3823671478974321
1,1,333603.44197470276,-0.812,1.4327548,-0.38349507878241923
1,1,333608.4421709776,-0.812,1.4316094,-0.3846230077368616
1,1,333613.4423672524,-0.812,1.4305212,-0.38575093626347834
1,1,333618.44256352726,-0.812,1.4293567,-0.386878866147422
1,1,333623.4427598021,-0.812,1.4281923,-0.3880067971647513
1,1,333628.44295607693,-0.812,1.4271041,-0.3891347270936633
1,1,333633.44315235177,-0.812,1.4259396,-0.39026265779909475
1,1,333638.4433486266,-0.812,1.4248323,-0.3913905889509319
1,1,333643.44354490144,-0.812,1.4234579,-0.3925185187044672
1,1,333648.4437411763,-0.812,1.4224269,-0.3936464495902358
1,1,333653.4439374511,-0.812,1.4212816,-0.39477437801502135
1,1,333658.44413372595,-0.812,1.4202888,-0.39590230856405684
1,1,333663.4443300008,-0.812,1.4191625,-0.3970302386889622
1,1,333668.4445262756,-0.812,1.4179407,-0.3981581696696214
1,1,333673.44472255046,-0.812,1.4167571,-0.39928609864383263
1,1,333678.4449188253,-0.812,1.415688,-0.400414027440475
1,1,333683.4451151001,-0.812,1.4144853,-0.40154195818009963
1,1,333688.44531137496,-0.812,1.4131873,-0.4026698885322378
1,1,333693.44550764933,-0.812,1.4122328,-0.40379781976655116
1,1,333698.4457039237,-0.812,1.4110873,-0.4049257501343852
1,1,333703.4459001981,-0.812,1.4099038,-0.4060536830703648
1,1,333708.44609647244,-0.812,1.4087392,-0.4071816139552526
1,1,333713.4462927468,-0.812,1.4075556,-0.40830954560175525
1,1,333718.4464890212,-0.812,1.4064484,-0.4094374766017694
1,1,333723.44668529555,-0.812,1.4052075,-0.41056540739810454
1,1,333728.4468815699,-0.812,1.4040812,-0.4116933367169796
1,1,333733.4470778443,-0.812,1.4029548,-0.41282126450067413
1,1,333738.44727411866,-0.812,1.4018857,-0.4139491937503615
1,1,333743.44747039303,-0.812,1.4006832,-0.415077123671621
1,1,333748.4476666674,-0.812,1.3995949,-0.4162050544595353
1,1,333753.4478629418,-0.812,1.3984305,-0.4173329844652347
1,1,333758.44805921614,-0.812,1.3970941,-0.41846091297721855
1,1,333763.4482554905,-0.812,1.3960632,-0.41958884134458163
1,1,333768.4484517649,-0.812,1.3948224,-0.4207167732709712
1,1,333773.44864803925,-0.812,1.3937724,-0.4218447041766544
1,1,333778.4488443136,-0.812,1.3923979,-0.42297263310089706
1,1,333783.449040588,-0.812,1.3912334,-0.4241005668687688
1,1,333788.44923686236,-0.812,1.389878,-0.4252285010300047
1,1,333793.44943313673,-0.812,1.3887708,-0.4263564347682893
1,1,333798.4496294111,-0.812,1.3876063,-0.42748437024769187
1,1,333803.4498256855,-0.812,1.3863654,-0.4286123066008621
1,1,333808.45002195984,-0.812,1.3851818,-0.4297402403925326
1,1,333813.4502182342,-0.812,1.3840172,-0.43086817185324433
1,1,333818.4504145086,-0.812,1.3827573,-0.4319961007033653
1,1,333823.45061078295,-0.812,1.3817647,-0.43312402754726015
1,1,333828.4508070573,-0.812,1.3806765,-0.43425195457748245
1,1,333833.4510033317,-0.812,1.3793592,-0.4353798838007053
1,1,333838.45119960606,-0.812,1.3781565,-0.4365078094800314
1,1,333843.45139588043,-0.812,1.3769921,-0.43763573470199113
1,1,333848.4515921548,-0.812,1.375713,-0.4387636609932582
1,1,333853.45178842917,-0.812,1.3745867,-0.43989158597251776
1,1,333858.45198470354,-0.812,1.3733459,-0.4410195140099327
1,1,333863.4521809779,-0.812,1.3722194,-0.44214744280502205
1,1,333868.4523772523,-0.812,1.370864,-0.44327537143344353
1,1,333873.45257352665,-0.812,1.369585,-0.4444033001580603
1,1,333878.452769801,-0.812,1.3684014,-0.44553122681038915
1,1,333883.4529660754,-0.812,1.3671224,-0.44665915370838183
1,1,333888.45316234976,-0.812,1.3659197,-0.44778708186969496
1,1,333893.45335862413,-0.812,1.364717,-0.4489150094499224
1,1,333898.4535548985,-0.812,1.3634379,-0.4500429380827149
1,1,333903.45375117287,-0.812,1.3622161,-0.4511708680334224
1,1,333908.45394744724,-0.812,1.360918,-0.452298796865705
1,1,333913.4541437216,-0.812,1.3598108,-0.4534267261944281
1,1,333918.454339996,-0.812,1.3587035,-0.45455465482913787
1,1,333923.45453627035,-0.812,1.3575963,-0.4556825843672918
1,1,333928.4547325447,-0.812,1.3562218,-0.45681051187977195
1,1,333933.4549288191,-0.812,1.3550191,-0.45793844319190913
1,1,333938.45512509346,-0.812,1.3535682,-0.45906637199308475
1,1,333943.45532136783,-0.812,1.3524419,-0.46019430202911626
1,1,333948.4555176422,-0.812,1.3510102,-0.46132223183078236
1,1,333953.45571391657,-0.812,1.3497692,-0.462450160938955
1,1,333958.45591019094,-0.812,1.3484712,-0.46357809430926705
1,1,333963.4561064653,-0.812,1.3472303,-0.46470602694109414
1,1,333968.4563027397,-0.812,1.3459703,-0.4658339577558405
1,1,333973.45649901405,-0.812,1.3446339,-0.4669618873621226
1,1,333978.4566952884,-0.812,1.3436986,-0.4680898193441961
1,1,333983.4568915628,-0.812,1.3420377,-0.469217749228653
1,1,333988.45708783716,-0.812,1.3409305,-0.470345679574079
1,1,333993.45728411153,-0.812,1.3396324,-0.47147361202560206
1,1,333998.4574803859,-0.812,1.3381815,-0.47260154481384165
1,1,334003.45767666027,-0.812,1.3370551,-0.4737294779664709
1,1,334008.45787293464,-0.812,1.335566,-0.4748574114285211
1,1,334013.458069209,-0.812,1.3346115,-0.47598534510719115
1,1,334018.4582654834,-0.812,1.3332561,-0.4771132757582698
1,1,334023.45846175775,-0.812,1.3318244,-0.47824120739783843
1,1,334028.4586580321,-0.812,1.3306217,-0.4793691383118662
1,1,334033.4588543065,-0.812,1.3293235,-0.4804970690320763
1,1,334038.45905058086,-0.812,1.327949,-0.4816249955124888
1,1,334043.45924685523,-0.812,1.3264983,-0.4827529224882722
1,1,334048.4594431296,-0.812,1.3252192,-0.48388085201242564
1,1,334053.45963940397,-0.812,1.3240355,-0.48500878095786104
1,1,334058.45983567834,-0.812,1.3225083,-0.4861367061493231
1,1,334063.4600319527,-0.812,1.3213056,-0.48726463278751897
1,1,334068.4602282271,-0.812,1.3200076,-0.4883925623398787
1,1,334073.46042450145,-0.812,1.3186712,-0.4895204896578921
1,1,334078.4606207758,-0.812,1.3172776,-0.4906484182030591
1,1,334083.4608170502,-0.812,1.3158268,-0.49177634618511457
1,1,334088.461013325,-0.812,1.3144331,-0.4929042731655504
1,1,334093.46120959986,-0.812,1.3133259,-0.49403220273499016
1,1,334098.4614058747,-0.812,1.3120086,-0.49516013734814185
1,1,334103.46160214953,-0.812,1.3105196,-0.49628806954020255
1,1,334108.46179842437,-0.812,1.3091642,-0.49741600201951125
1,1,334113.4619946992,-0.812,1.3080379,-0.4985439400324225
1,1,334118.46219097404,-0.812,1.3063961,-0.499671876370165
1,1,334123.4623872489,-0.812,1.3050979,-0.5007998072268797
1,1,334128.4625835237,-0.812,1.3035707,-0.5019277391852471
1,1,334133.46277979854,-0.812,1.3022153,-0.5030556732707255
1,1,334138.4629760734,-0.812,1.3008409,-0.5041836039276487
1,1,334143.4631723482,-0.812,1.2995619,-0.5053115331133173
1,1,334148.46336862305,-0.812,1.2980345,-0.5064394607532818
1,1,334153.4635648979,-0.812,1.2964501,-0.5075673906439079
1,1,334158.4637611727,-0.812,1.2949038,-0.5086953226722147
1,1,334163.46395744756,-0.812,1.2936248,-0.5098232532749639
1,1,334168.4641537224,-0.812,1.2923075,-0.5109511824034088
1,1,334173.46434999723,-0.812,1.290933,-0.5120791116299596
1,1,334178.46454627207,-0.812,1.2895585,-0.5132070416313641
1,1,334183.4647425469,-0.812,1.2882222,-0.5143349712081287
1,1,334188.4649388215,-0.812,1.2866186,-0.5154629005909596
1,1,334193.46513509564,-0.812,1.2853013,-0.5165908290656209
1,1,334198.46533137024,-0.812,1.2840605,-0.5177187595266137
1,1,334203.46552764485,-0.812,1.2826287,-0.5188466917563511
1,1,334208.46572391945,-0.812,1.281006,-0.5199746249671081
1,1,334213.46592019405,-0.812,1.2796698,-0.5211025568037628
1,1,334218.46611646865,-0.812,1.2782189,-0.5222304888791176
1,1,334223.46631274326,-0.812,1.2764626,-0.5233584193062285
1,1,334228.46650901786,-0.812,1.275298,-0.5244863492488563
1,1,334233.46670529246,-0.812,1.2737136,-0.5256142752603458
1,1,334238.4669015672,-0.812,1.272339,-0.5267422038113342
1,1,334243.4670978419,-0.812,1.2706782,-0.5278701331166658
1,1,334248.4672941166,-0.812,1.2692846,-0.5289980630881256
1,1,334253.46749039134,-0.812,1.2677001,-0.5301259897652698
1,1,334258.46768666606,-0.812,1.2660965,-0.5312539161060551
1,1,334263.4678829408,-0.812,1.2646074,-0.5323818440717094
1,1,334268.4680792155,-0.812,1.2630612,-0.5335097725375427
1,1,334273.4682754902,-0.812,1.2616484,-0.5346376996544401
1,1,334278.46847176494,-0.812,1.2600449,-0.5357656283062068
1,1,334283.46866803966,-0.812,1.2583649,-0.5368935560573803
1,1,334288.4688643144,-0.812,1.2568377,-0.5380214834247032
1,1,334293.4690605891,-0.812,1.2550433,-0.5391494102761679
1,1,334298.46925686375,-0.812,1.2535542,-0.5402773358081314
1,1,334303.4694531385,-0.812,1.2519125,-0.5414052635448244
1,1,334308.4696494132,-0.812,1.2500607,-0.5425331919028031
1,1,334313.46984568785,-0.812,1.2485143,-0.5436611201664607
1,1,334318.4700419628,-0.812,1.246968,-0.5447890510542095
1,1,334323.4702382375,-0.812,1.2454599,-0.5459169804731475
1,1,334328.47043451224,-0.812,1.2437799,-0.5470449038359788
1,1,334333.47063078696,-0.812,1.2420428,-0.5481728279192846
1,1,334338.4708270617,-0.812,1.2405537,-0.5493007550149362
1,1,334343.4710233363,-0.812,1.2388165,-0.5504286824538543
1,1,334348.4712196109,-0.812,1.2372893,-0.5515566095795202
1,1,334353.4714158855,-0.812,1.2354375,-0.5526845363832746
1,1,334358.4716121601,-0.812,1.2335476,-0.5538124614703557
1,1,334363.4718084347,-0.812,1.2318676,-0.5549403839730456
1,1,334368.4720047093,-0.812,1.230035,-0.5560683080690405
1,1,334373.4722009839,-0.812,1.2281259,-0.5571962347728248
1,1,334378.4723972585,-0.812,1.2267514,-0.5583241613238621
1,1,334383.4725935329,-0.812,1.2251478,-0.5594520888305209
1,1,334388.4727898077,-0.812,1.2232388,-0.5605800175073016
1,1,334393.47298608255,-0.812,1.2216543,-0.5617079432497755
1,1,334398.4731823574,-0.812,1.219898,-0.5628358669279881
1,1,334403.4733786322,-0.812,1.217989,-0.5639637913188373
1,1,334408.47357490705,-0.812,1.2162136,-0.5650917190407516
1,1,334413.4737711819,-0.812,1.2143809,-0.5662196488222911
1,1,334418.4739674567,-0.812,1.2128155,-0.5673475796210435
1,1,334423.47416373156,-0.812,1.2107155,-0.5684755080593262
1,1,334428.4743600064,-0.812,1.2088829,-0.5696034343507655
1,1,334433.47455628123,-0.812,1.2068975,-0.5707313618579541
1,1,334438.47475255607,-0.812,1.2050457,-0.5718592884711492
1,1,334443.4749488309,-0.812,1.203175,-0.5729872148746452
1,1,334448.47514510574,-0.812,1.2014377,-0.5741151408100064
1,1,334452.23814229295,-0.812,1.199796,-0.5749639811593428
1,1,334452.2383422926,-0.812,1.2000823,-0.5749640262710619
1,2,334452.2391422922,0.812,1.2885634,8.958018157217238e-08
1,2,334457.2393385675,0.812,1.5146904,0.0011276998729738924
1,2,334462.23953484185,0.812,1.5913761,0.0022553083276814884
1,2,334467.2397311162,0.812,1.6506515,0.003382917177359263
1,2,334472.2399273906,0.812,1.700439,0.00451052871528599
1,2,334477.24012366496,0.812,1.7441558,0.005638139404459132
1,2,334482.24031993933,0.812,1.7834626,0.006765750942584541
1,2,334487.2405162137,0.812,1.8196961,0.007893361320270431
1,2,334492.24071248807,0.812,1.852875,0.009020973488397067
1,2,334497.24090876244,0.812,1.8840113,0.010148583631472453
1,2,334502.2411050368,0.812,1.913143,0.011276191769007177
1,2,334507.2413013112,0.812,1.940614,0.012403801331013438
1,2,334512.24149758555,0.812,1.9662714,0.013531412785685721
1,2,334517.2416938599,0.812,1.9907069,0.014659025066938662
1,2,334522.2418901343,0.812,2.0135007,0.01578663453033235
1,2,334527.24208640866,0.812,2.0347483,0.016914243242558503
1,2,334532.2422826835,0.812,2.0546021,0.018041849940369524
1,2,334537.24247895833,0.812,2.0735397,0.019169454300281073
1,2,334542.24267523317,0.812,2.0907402,0.02029705835052662
1,2,334547.242871508,0.812,2.1069095,0.021424662832150852
1,2,334552.24306778284,0.812,2.122029,0.022552266711403923
1,2,334557.2432640577,0.812,2.136156,0.02367987438932061
1,2,334562.2434603325,0.812,2.1490228,0.024807481600552794
1,2,334567.24365660734,0.812,2.161107,0.02593508819645643
1,2,334572.2438528822,0.812,2.1724658,0.027062694482955663
1,2,334577.244049157,0.812,2.1827745,0.028190301362673437
1,2,334582.24424543185,0.812,2.1927397,0.029317907999545333
1,2,334587.2444417067,0.812,2.2018075,0.030445513976325587
1,2,334592.2446379815,0.812,2.2102644,0.03157312127362357
1,2,334597.24483425636,0.812,2.2182062,0.03270072653731373
1,2,334602.2450305312,0.812,2.2259376,0.03382833250873288
1,2,334607.24522680603,0.812,2.2328866,0.03495593923922049
1,2,334612.24542308087,0.812,2.2395873,0.03608354962034689
1,2,334617.2456193557,0.812,2.2460015,0.037211157924062675
1,2,334622.24581563054,0.812,2.2519577,0.03833876507785585
1,2,334627.2460119054,0.812,2.2574558,0.039466372866368955
1,2,334632.24620818,0.812,2.2627056,0.040593982248253294
1,2,334637.2464044546,0.812,2.2680128,0.04172159036031697
1,2,334642.2466007292,0.812,2.272728,0.04284919832272662
1,2,334647.2467970038,0.812,2.2772906,0.04397680918295516
1,2,334652.2469932784,0.812,2.2817767,0.04510442572622829
1,2,334657.247189553,0.812,2.2861867,0.04623204114242726
1,2,334662.2473858271,0.812,2.290291,0.047359652812722655
1,2,334667.2475821017,0.812,2.2943764,0.048487264369275834
1,2,334672.24777837633,0.812,2.298118,0.04961487517229054
1,2,334677.24797465093,0.812,2.3018215,0.05074248496516215
1,2,334682.24817092565,0.812,2.3055632,0.05187009587381946
1,2,334687.2483672004,0.812,2.3089042,0.052997705260220504
1,2,334692.2485634751,0.812,2.3122067,0.054125316220247084
1,2,334697.2487597498,0.812,2.3156238,0.055252925514340405
1,2,334702.24895602453,0.812,2.3187547,0.056380533577803114
1,2,334707.24915229925,0.812,2.3218856,0.057508141910798026
1,2,334712.24934857397,0.812,2.3249972,0.05863574761117168
1,2,334717.2495448487,0.812,2.3282998,0.05976335248926945
1,2,334722.2497411234,0.812,2.3311062,0.060890957099566864
1,2,334727.2499373981,0.812,2.3339696,0.06201856209738719
1,2,334732.25013367285,0.812,2.3368523,0.0631461652076708
1,2,334737.25032994756,0.812,2.3397348,0.06427376843070985
1,2,334742.2505262222,0.812,2.3425221,0.06540137574611109
1,2,334747.25072249694,0.812,2.345271,0.06652898576656648
1,2,334752.25091877166,0.812,2.3480392,0.06765659544847079
1,2,334757.2511150463,0.812,2.3506355,0.06878420279341275
1,2,334762.25131132104,0.812,2.3533463,0.06991181164686218
1,2,334767.25150759576,0.812,2.3559043,0.07103941987225747
1,2,334772.2517038705,0.812,2.358596,0.07216702737445303
1,2,334777.2519001452,0.812,2.3609443,0.07329463358941676
1,2,334782.2520964199,0.812,2.363636,0.0744222412641744
1,2,334787.25229269476,0.812,2.365965,0.07554984962882601
1,2,334792.25248896936,0.812,2.3687332,0.07667745652192172
1,2,334797.25268524396,0.812,2.371272,0.07780506219091353
1,2,334802.25288151857,0.812,2.37383,0.07893266873660025
1,2,334807.25307779317,0.812,2.3762355,0.08006027715384302
1,2,334812.25327406777,0.812,2.3788128,0.08118788464853172
1,2,334817.2534703424,0.812,2.38118,0.08231549109613899
1,2,334822.253666617,0.812,2.383757,0.08344309379557441
1,2,334827.2538628916,0.812,2.3862388,0.08457069388822056
1,2,334832.2540591662,0.812,2.388587,0.0856982939672338
1,2,334837.254255441,0.812,2.3909924,0.08682589646552673
1,2,334842.25445171585,0.812,2.3937604,0.08795349815479918
1,2,334847.2546479907,0.812,2.3961277,0.08908110110692849
1,2,334852.2548442655,0.812,2.3985713,0.09020870806802979
1,2,334857.25504054036,0.812,2.401072,0.09133631789333625
1,2,334862.2552368152,0.812,2.4033246,0.09246392707645235
1,2,334867.25543309003,0.812,2.4057872,0.09359153448142281
1,2,334872.25562936487,0.812,2.4084218,0.09471914101722509
1,2,334877.2558256397,0.812,2.4106553,0.0958467483741542
1,2,334882.25602191454,0.812,2.4131563,0.09697435267116299
1,2,334887.2562181894,0.812,2.415619,0.09810195553936896
1,2,334892.2564144642,0.812,2.418234,0.09922955896803741
1,2,334897.25661073904,0.812,2.4206395,0.1003571637088988
1,2,334902.2568070139,0.812,2.4230258,0.10148476624602083
1,2,334907.2570032887,0.812,2.4255648,0.1026123691332175
1,2,334912.25719956355,0.812,2.4280467,0.10373997084899085
1,2,334917.2573958384,0.812,2.4306047,0.10486757459167644
1,2,334922.2575921132,0.812,2.4331245,0.1059951761418184
1,2,334927.25778838806,0.812,2.4354155,0.1071227777746585
1,2,334932.2579846624,0.812,2.4379544,0.10825038048466713
1,2,334937.2581809368,0.812,2.4405317,0.10937798356657893
1,2,334942.25837721117,0.812,2.4430134,0.11050558747471707
1,2,334947.25857348554,0.812,2.4453807,0.11163319151823724
1,2,334952.2587697599,0.812,2.4476714,0.11276079532888536
1,2,334957.2589660343,0.812,2.4502103,0.11388840328759291
1,2,334962.25916230865,0.812,2.4525585,0.11501601036781409
1,2,334967.259358583,0.812,2.4551358,0.1161436156899168
1,2,334972.2595548574,0.812,2.4573693,0.11727122263102073
1,2,334977.25975113176,0.812,2.4598892,0.11839883046004512
1,2,334982.2599474061,0.812,2.4622946,0.11952643731783501
1,2,334987.2601436805,0.812,2.464528,0.12065404462116962
1,2,334992.26033995487,0.812,2.46701,0.12178165430855094
1,2,334997.26053622924,0.812,2.4694917,0.12290926011654409
1,2,335002.2607325036,0.812,2.4719543,0.12403686657672794
1,2,335007.260928778,0.812,2.474245,0.12516446971043618
1,2,335012.26112505235,0.812,2.476517,0.12629207364074393
1,2,335017.2613213267,0.812,2.4789224,0.12741968035845297
1,2,335022.2615176011,0.812,2.481194,0.12854728655853873
1,2,335027.26171387546,0.812,2.4836376,0.12967489464858512
1,2,335032.2619101498,0.812,2.4859667,0.13080250287641093
1,2,335037.2621064242,0.812,2.4884102,0.13193010752925613
1,2,335042.26230269857,0.812,2.490529,0.13305771404255767
1,2,335047.26249897294,0.812,2.4929345,0.13418531868482966
1,2,335052.2626952473,0.812,2.4950345,0.13531292233337633
1,2,335057.2628915217,0.812,2.497306,0.13644052805607854
1,2,335062.26308779605,0.812,2.499387,0.13756813379153282
1,2,335067.2632840704,0.812,2.501678,0.13869573553990328
1,2,335072.2634803448,0.812,2.5036252,0.13982333901385802
1,2,335077.26367661916,0.812,2.505973,0.1409509422229628
1,2,335082.2638728935,0.812,2.508226,0.1420785464572344
1,2,335087.2640691679,0.812,2.5102875,0.14320615074400772
1,2,335092.26426544227,0.812,2.512254,0.1443337556070487
1,2,335097.26446171664,0.812,2.5142775,0.1454613598720266
1,2,335102.264657991,0.812,2.5162246,0.1465889623572595
1,2,335107.2648542654,0.812,2.5180001,0.14771656426326768
1,2,335112.26505053975,0.812,2.519852,0.14884416857021718
1,2,335117.2652468141,0.812,2.5220091,0.14997177259012065
1,2,335122.2654430885,0.812,2.5237463,0.15109937748593094
1,2,335127.26563936286,0.812,2.5256743,0.15222698358158604
1,2,335132.2658356372,0.812,2.5276024,0.15335459020182823
1,2,335137.2660319116,0.812,2.5293016,0.15448219665197202
1,2,335142.26622818597,0.812,2.530886,0.1556098000611961
1,2,335147.26642446034,0.812,2.5325086,0.1567374038666851
1,2,335152.2666207347,0.812,2.5341313,0.15786500779530738
1,2,335157.2668170091,0.812,2.5358686,0.1589926129072143
1,2,335162.26701328345,0.812,2.537224,0.16012021921282676
1,2,335167.2672095578,0.812,2.5387514,0.16124782766847148
1,2,335172.2674058322,0.812,2.5402021,0.16237543557568063
1,2,335177.26760210656,0.812,2.541691,0.16350304529364906
1,2,335182.2677983809,0.812,2.5429893,0.16463065288692716
1,2,335187.2679946553,0.812,2.5442684,0.16575825932246782
1,2,335192.26819092967,0.812,2.5455475,0.16688586812023656
1,2,335197.26838720404,0.812,2.546903,0.16801347367026412
1,2,335202.2685834784,0.812,2.5480673,0.16914108037804568
1,2,335207.2687797528,0.812,2.549289,0.17026868502520526
1,2,335212.26897602715,0.812,2.5503771,0.17139628931974377
1,2,335217.2691723015,0.812,2.5512173,0.17252389390314954
1,2,335222.2693685759,0.812,2.5522099,0.17365149632629756
1,2,335227.26956485026,0.812,2.553088,0.17477909864147176
1,2,335232.2697611246,0.812,2.5543098,0.17590670314410994
1,2,335237.269957399,0.812,2.5551307,0.17703430807469622
1,2,335242.27015367337,0.812,2.5559516,0.17816191084242533
1,2,335247.27034994774,0.812,2.5569444,0.1792895138106744
1,2,335252.2705462221,0.812,2.557727,0.18041711590814596
1,2,335257.2707424965,0.812,2.558567,0.18154471840964428
1,2,335262.27093877085,0.812,2.559388,0.18267232119950988
1,2,335267.2711350452,0.812,2.5600178,0.18379992283983698
1,2,335272.2713313196,0.812,2.5606668,0.18492752514895802
1,2,335277.27152759396,0.812,2.5614877,0.18605512642748492
1,2,335282.2717238683,0.812,2.562156,0.1871827266462545
1,2,335287.2719201427,0.812,2.5624614,0.1883103282834093
1,2,335292.27211641707,0.812,2.5633013,0.18943793103617762
1,2,335297.27231269144,0.812,2.5639505,0.1905655350349115
1,2,335302.2725089658,0.812,2.5644467,0.19169314221457973
1,2,335307.2727052402,0.812,2.5648859,0.1928207473131683
1,2,335312.27290151455,0.812,2.5655158,0.19394835313901967
1,2,335317.2730977889,0.812,2.5660503,0.19507596008012693
1,2,335322.2732940633,0.812,2.5665085,0.19620356749151813
1,2,335327.2734903381,0.812,2.567005,0.19733117499355476
1,2,335332.27368661296,0.812,2.5673866,0.19845878127590486
1,2,335337.2738828878,0.812,2.5677876,0.19958638830437594
1,2,335342.2740791626,0.812,2.568265,0.20071399393448566
1,2,335347.27427543746,0.812,2.568933,0.2018415977175832
1,2,335352.2744717123,0.812,2.5692766,0.20296920179667077
1,2,335357.27466798713,0.812,2.5696394,0.20409680479355985
1,2,335362.27486426197,0.812,2.5700974,0.20522440868225694
1,2,335367.2750605368,0.812,2.5704794,0.20635201503407624
1,2,335372.27525681164,0.812,2.5707848,0.20747962321456936
1,2,335377.2754530865,0.812,2.5712047,0.20860722951391672
1,2,335382.2756493613,0.812,2.571663,0.2097348362585505
1,2,335387.27584563615,0.812,2.5719874,0.2108624412214756
1,2,335392.276041911,0.812,2.5722737,0.21199004526909854
1,2,335397.2762381858,0.812,2.5724647,0.21311764856553075
1,2,335402.2764344602,0.812,2.5728657,0.21424525382959508
1,2,335407.276630735,0.812,2.5732665,0.21537286101538933
1,2,335412.27682700986,0.812,2.5735147,0.21650046763690972
1,2,335417.2770232847,0.812,2.5738964,0.2176280744122167
1,2,335422.27721955953,0.812,2.5742018,0.21875568226798373
1,2,335427.27741583413,0.812,2.574431,0.2198832884218262
1,2,335432.27761210874,0.812,2.5746791,0.22101089434952534
1,2,335437.27780838334,0.812,2.5749464,0.22213850046090944
1,2,335442.27800465794,0.812,2.5753856,0.22326610568701225
1,2,335447.27820093255,0.812,2.5756338,0.22439370766352942
1,2,335452.27839720715,0.812,2.57571,0.2255213059017393
1,2,335457.27859348175,0.812,2.5760727,0.22664890568086832
1,2,335462.27878975635,0.812,2.57634,0.22777650421168402
1,2,335467.27898603096,0.812,2.5766072,0.2289041016278432
1,2,335472.27918230556,0.812,2.576722,0.23003169853443234
1,2,335477.2793785803,0.812,2.5772564,0.2311592944337096
1,2,335482.279574855,0.812,2.5772564,0.23228689213267628
1,2,335487.2797711297,0.812,2.577428,0.23341448915121288
1,2,335492.27996740444,0.812,2.577772,0.23454208652944364
1,2,335497.28016367916,0.812,2.5780392,0.2356696834321949
1,2,335502.2803599539,0.812,2.5781918,0.23679728044130405
1,2,335507.2805562286,0.812,2.57844,0.23792487986684177
1,2,335512.2807525033,0.812,2.5786119,0.23905248100814225
1,2,335517.28094877803,0.812,2.57886,0.2401800825378067
1,2,335522.28114505275,0.812,2.5789936,0.24130768475227887
1,2,335527.2813413277,0.812,2.5790892,0.2424352873460485
1,2,335532.2815376024,0.812,2.5794137,0.24356288908247153
1,2,335537.28173387714,0.812,2.5799673,0.2446904919898245
1,2,335542.2819301518,0.812,2.5799673,0.24581809656858775
1,2,335547.2821264265,0.812,2.5802536,0.24694569899923272
1,2,335552.2823227012,0.812,2.5801964,0.24807330167688926
1,2,335557.2825189759,0.812,2.580559,0.2492009041088124
1,2,335562.2827152506,0.812,2.580769,0.2503285083043509
1,2,335567.28291152534,0.812,2.5809598,0.2514561122938924
1,2,335572.28310780006,0.812,2.5810935,0.2525837157027953
1,2,335577.2833040748,0.812,2.5813227,0.2537113202824559
1,2,335582.2835003494,0.812,2.581437,0.2548389276173048
1,2,335587.28369662375,0.812,2.5816662,0.2559665329544213
1,2,335592.28389289835,0.812,2.581819,0.2570941391230755
1,2,335597.28408917296,0.812,2.5819716,0.258221742158244
1,2,335602.28428544756,0.812,2.582258,0.25934934583120206
1,2,335607.28448172216,0.812,2.5826209,0.26047694835724094
1,2,335612.28467799677,0.812,2.5827544,0.26160455157283274
1,2,335617.28487427137,0.812,2.5828688,0.2627321568341122
1,2,335622.285070546,0.812,2.5829835,0.26385976188924243
1,2,335627.2852668208,0.812,2.583289,0.26498736624474983
1,2,335632.28546309564,0.812,2.5834417,0.2661149693597323
1,2,335637.2856593705,0.812,2.5835562,0.2672425731799072
1,2,335642.2858556453,0.812,2.5837853,0.2683701790032121
1,2,335647.28605192015,0.812,2.5840144,0.26949778574003436
1,2,335652.286248195,0.812,2.584148,0.2706253930724461
1,2,335657.2864444698,0.812,2.5843008,0.27175299961886795
1,2,335662.28664074466,0.812,2.5845299,0.2728806061965028
1,2,335667.286837019,0.812,2.5846825,0.27400821573669043
1,2,335672.28703329386,0.812,2.5849307,0.2751358215407828
1,2,335677.2872295687,0.812,2.5850644,0.27626342994092234
1,2,335682.28742584353,0.812,2.585198,0.27739103913688984
1,2,335687.28762211837,0.812,2.585389,0.2785186486090189
1,2,335692.2878183932,0.812,2.5856943,0.2796462598579194
1,2,335697.28801466804,0.812,2.5857706,0.28077387197309395
1,2,335702.2882109429,0.812,2.5861716,0.28190148458898723
1,2,335707.2884072177,0.812,2.5859425,0.28302909635269635
1,2,335712.28860349255,0.812,2.586248,0.2841567073451512
1,2,335717.2887997674,0.812,2.5864007,0.28528431694642364
1,2,335722.2889960422,0.812,2.5865724,0.2864119267899824
1,2,335727.28919231705,0.812,2.5868397,0.2875395370756354
1,2,335732.2893885914,0.812,2.5870688,0.28866714633571433
1,2,335737.2895848658,0.812,2.5872023,0.28979475414243333
1,2,335742.28978114016,0.812,2.587298,0.29092236135882793
1,2,335747.28997741453,0.812,2.5873551,0.29204997183921927
1,2,335752.2901736889,0.812,2.5876796,0.2931775829438401
1,2,335757.2903699633,0.812,2.5878325,0.2943051928465267
1,2,335762.29056623764,0.812,2.5880425,0.2954328023864097
1,2,335767.290762512,0.812,2.5882332,0.2965604113047917
1,2,335772.2909587864,0.812,2.5883288,0.2976880190333856
1,2,335777.29115506075,0.812,2.5886343,0.29881562718898386
1,2,335782.2913513351,0.812,2.5887868,0.2999432341436545
1,2,335787.2915476095,0.812,2.589054,0.30107084345615237
1,2,335792.29174388386,0.812,2.589035,0.30219845339330365
1,2,335797.29194015823,0.812,2.589436,0.30332606399789447
1,2,335802.2921364326,0.812,2.5897415,0.30445367315179767
1,2,335807.292332707,0.812,2.5899515,0.30558128319235306
1,2,335812.29252898134,0.812,2.5901804,0.3067088926048146
1,2,335817.2927252557,0.812,2.590066,0.307836502732065
1,2,335822.2929215301,0.812,2.5905814,0.30896411368061105
1,2,335827.29311780445,0.812,2.5907915,0.31009172978756494
1,2,335832.2933140788,0.812,2.5910015,0.3112193432544503
1,2,335837.2935103532,0.812,2.591307,0.312346954114755
1,2,335842.29370662756,0.812,2.591555,0.3134745631493098
1,2,335847.29390290193,0.812,2.5917268,0.3146021738453011
1,2,335852.2940991763,0.812,2.5920131,0.31572978429128395
1,2,335857.2942954507,0.812,2.5922804,0.31685739324142537
1,2,335862.29449172504,0.812,2.5924141,0.31798500283144915
1,2,335867.2946879994,0.812,2.5927958,0.31911261063889995
1,2,335872.2948842738,0.812,2.5926814,0.3202402196107805
1,2,335877.29508054815,0.812,2.5929105,0.321367829831726
1,2,335882.2952768225,0.812,2.593445,0.3224954392118918
1,2,335887.2954730969,0.812,2.5933876,0.3236230470802652
1,2,335892.29566937126,0.812,2.5938077,0.3247506610776683
1,2,335897.29586564563,0.812,2.594113,0.3258782745583654
1,2,335902.29606192,0.812,2.5942085,0.32700588645668827
1,2,335907.2962581944,0.812,2.5943995,0.32813349866461755
1,2,335912.29645446874,0.812,2.5946667,0.3292611070600152
1,2,335917.2966507431,0.812,2.594934,0.3303887153124942
1,2,335922.2968470175,0.812,2.5952966,0.3315163232919077
1,2,335927.29704329185,0.812,2.5956213,0.33264393038149015
1,2,335932.2972395662,0.812,2.5956786,0.33377153816065525
1,2,335937.2974358406,0.812,2.5960984,0.3348991480690671
1,2,335942.29763211496,0.812,2.5963085,0.3360267574750715
1,2,335947.29782838933,0.812,2.5965185,0.3371543649509218
1,2,335952.2980246637,0.812,2.5967286,0.3382819732316766
1,2,335957.2982209381,0.812,2.5972056,0.33940958164475693
1,2,335962.29841721244,0.812,2.5973966,0.34053719147197076
1,2,335967.2986134868,0.812,2.5976448,0.3416647997385131
1,2,335972.2988097612,0.812,2.5980265,0.3427924076598022
1,2,335977.29900603555,0.812,2.598313,0.34392001329076954
1,2,335982.2992023099,0.812,2.598523,0.3450476223887172
1,2,335987.2993985843,0.812,2.598771,0.3461752314788136
1,2,335992.29959485866,0.812,2.5992484,0.3473028396402167
1,2,335997.29979113303,0.812,2.599783,0.3484304478609297
1,2,336002.2999874074,0.812,2.5998402,0.3495580576268468
1,2,336007.3001836818,0.812,2.6001265,0.3506856689358122
1,2,336012.30037995614,0.812,2.6003175,0.3518132763962779
1,2,336017.3005762305,0.812,2.6005466,0.3529408842167126
1,2,336022.3007725049,0.812,2.6010046,0.35406848730484647
1,2,336027.30096877925,0.812,2.6012719,0.35519609130136176
1,2,336032.3011650536,0.812,2.6015582,0.3563236974144777
1,2,336037.301361328,0.812,2.6017873,0.3574513053967225
1,2,336042.30155760236,0.812,2.6022837,0.35857891477631204
1,2,336047.30175387673,0.812,2.6026466,0.35970652531918557
1,2,336052.3019501511,0.812,2.6028755,0.3608341378399697
1,2,336057.30214642547,0.812,2.6030474,0.36196175058190033
1,2,336062.30234269984,0.812,2.60362,0.3630893613104523
1,2,336067.3025389742,0.812,2.603792,0.3642169700804221
1,2,336072.3027352486,0.812,2.6040974,0.3653445790803963
1,2,336077.30293152295,0.812,2.6046891,0.36647218889964295
1,2,336082.3031277973,0.812,2.6049182,0.3675997948032254
1,2,336087.3033240717,0.812,2.6054146,0.36872740010135713
1,2,336092.30352034606,0.812,2.605701,0.3698550056862236
1,2,336097.30371662043,0.812,2.6062737,0.3709826158562734
1,2,336102.3039128948,0.812,2.6065218,0.3721102269476057
1,2,336107.30410916917,0.812,2.6068654,0.3732378379766247
1,2,336112.30430544354,0.812,2.6071708,0.3743654443245399
1,2,336117.3045017179,0.812,2.6075144,0.3754930507598819
1,2,336122.30469799275,0.812,2.6079535,0.37662065990270854
1,2,336127.3048942676,0.812,2.608278,0.37774826688002894
1,2,336132.3050905424,0.812,2.6088126,0.37887587559710295
1,2,336137.3052868168,0.812,2.6091945,0.3800034841952359
1,2,336142.3054830916,0.812,2.6096525,0.3811310911973253
1,2,336147.30567936646,0.812,2.6100154,0.3822586958607437
1,2,336152.3058756413,0.812,2.610569,0.3833863007717101
1,2,336157.30607191613,0.812,2.610779,0.3845139057401155
1,2,336162.30626819097,0.812,2.6113327,0.385641509318991
1,2,336167.3064644658,0.812,2.6120198,0.3867691115941208
1,2,336172.30666074064,0.812,2.6124017,0.3878967143900164
1,2,336177.3068570155,0.812,2.6128216,0.3890243153254987
1,2,336182.3070532903,0.812,2.6132226,0.3901519148261416
1,2,336187.30724956514,0.812,2.613547,0.3912795165185764
1,2,336192.30744584,0.812,2.6141198,0.39240711886917895
1,2,336197.3076421148,0.812,2.6145396,0.3935347201385433
1,2,336202.30783838965,0.812,2.6149597,0.39466232404688345
1,2,336207.3080346645,0.812,2.615857,0.39578992526389506
1,2,336212.3082309393,0.812,2.6160097,0.3969175262699592
1,2,336217.30842721416,0.812,2.6165633,0.3980451284877626
1,2,336222.30862348876,0.812,2.616945,0.3991727320952185
1,2,336227.30881976336,0.812,2.617327,0.400300334026456
1,2,336232.30901603797,0.812,2.6177468,0.40142793405433835
1,2,336237.30921231257,0.812,2.6181479,0.4025555340033704
1,2,336242.30940858717,0.812,2.6185677,0.4036831331532433
1,2,336247.3096048618,0.812,2.6190832,0.4048107332145639
1,2,336252.3098011364,0.812,2.619675,0.4059383342794082
1,2,336257.309997411,0.812,2.620095,0.4070659375739662
1,2,336262.3101936858,0.812,2.6204386,0.4081935416162479
1,2,336267.3103899604,0.812,2.6208587,0.4093211471106113
1,2,336272.31058623514,0.812,2.621355,0.41044875271749837
1,2,336277.31078250986,0.812,2.6219277,0.41157635551408606
1,2,336282.3109787846,0.812,2.6223476,0.412703956891209
1,2,336287.3111750593,0.812,2.6229393,0.4138315560123888
1,2,336292.311371334,0.812,2.6235886,0.41495915588260035
1,2,336297.31156760873,0.812,2.6240468,0.4160867575448785
1,2,336302.31176388345,0.812,2.624543,0.4172143593970074
1,2,336307.3119601582,0.812,2.6251922,0.41834196729722295
1,2,336312.3121564329,0.812,2.6255167,0.4194695741328697
1,2,336317.3123527076,0.812,2.6261275,0.4205971781136792
1,2,336322.3125489823,0.812,2.626662,0.4217247821910117
1,2,336327.31274525693,0.812,2.627082,0.42285238682003823
1,2,336332.3129415316,0.812,2.6278074,0.4239799934722451
1,2,336337.3131378063,0.812,2.6282656,0.42510760274813914
1,2,336342.31333408103,0.812,2.6289148,0.42623521270312215
1,2,336347.3135303557,0.812,2.6293728,0.4273628236144153
1,2,336352.3137266304,0.812,2.630003,0.4284904332823489
1,2,336357.31392290513,0.812,2.6303656,0.4296180410363907
1,2,336362.31411917985,0.812,2.6309192,0.4307456491451496
1,2,336367.31431545457,0.812,2.6315873,0.4318732561429442
1,2,336372.3145117292,0.812,2.6322365,0.43300086412528166
1,2,336377.3147080038,0.812,2.6328282,0.43412847319174486
1,2,336382.3149042784,0.812,2.6332674,0.43525607862914945
1,2,336387.315100553,0.812,2.6336682,0.436383678254919
1,2,336392.3152968276,0.812,2.6343555,0.43751127414620594
1,2,336397.3154931022,0.812,2.6350427,0.4386388691604933
1,2,336402.3156893768,0.812,2.6355581,0.4397664673338931
1,2,336407.3158856509,0.812,2.636207,0.44089406182867963
1,2,336412.3160819255,0.812,2.636551,0.442021661006219
1,2,336417.31627820013,0.812,2.637257,0.4431492603954906
1,2,336422.31647447497,0.812,2.6377153,0.4442768640249803
1,2,336427.3166707498,0.812,2.638288,0.4454044666949346
1,2,336432.31686702464,0.812,2.6388416,0.4465320679482852
1,2,336437.3170632995,0.812,2.63951,0.4476596666283973
1,2,336442.3172595743,0.812,2.6400445,0.44878726601173824
1,2,336447.31745584914,0.812,2.6406744,0.44991486386583923
1,2,336452.317652124,0.812,2.6413424,0.45104246231656614
1,2,336457.3178483988,0.812,2.6418388,0.45217006561756806
1,2,336462.31804467365,0.812,2.6424499,0.4532976653103796
1,2,336467.3182409485,0.812,2.6430225,0.4544252659825386
1,2,336472.3184372233,0.812,2.6434424,0.45555286739611967
1,2,336477.31863349816,0.812,2.644168,0.4566804696129694
1,2,336482.318829773,0.812,2.6446834,0.4578080711248452
1,2,336487.31902604783,0.812,2.6450841,0.4589356695390742
1,2,336492.31922232267,0.812,2.6457715,0.4600632661406399
1,2,336497.3194185975,0.812,2.6463442,0.4611908663327364
1,2,336502.31961487234,0.812,2.646764,0.4623184658166635
1,2,336507.3198111472,0.812,2.6474514,0.46344605835608327
1,2,336512.320007422,0.812,2.6479478,0.4645736449552644
1,2,336517.32020369684,0.812,2.648635,0.4657012320369186
1,2,336522.3203999717,0.812,2.6492076,0.4668288203389812
1,2,336527.32059624605,0.812,2.6495895,0.4679564207115076
1,2,336532.3207925204,0.812,2.650124,0.4690840190394092
1,2,336537.3209887948,0.812,2.6506968,0.4702116200393771
1,2,336542.32118506916,0.812,2.651174,0.4713392209936481
1,2,336547.3213813435,0.812,2.651594,0.472466821500179
1,2,336552.3215776179,0.812,2.6522431,0.4735944228851035
1,2,336557.32177389227,0.812,2.6527202,0.4747220232391392
1,2,336562.32197016664,0.812,2.6532166,0.47584962159739613
1,2,336567.322166441,0.812,2.653923,0.4769772206795846
1,2,336572.3223627154,0.812,2.654572,0.4781048255288701
1,2,336577.32255898975,0.812,2.654954,0.47923243309602154
1,2,336582.3227552641,0.812,2.6554503,0.48036004070707505
1,2,336587.3229515385,0.812,2.6559274,0.48148764917772024
1,2,336592.32314781286,0.812,2.656462,0.4826152558442554
1,2,336597.3233440872,0.812,2.6571302,0.48374286130908145
1,2,336602.3235403616,0.812,2.6574166,0.48487046927311034
1,2,336607.32373663597,0.812,2.6580083,0.48599807483214813
1,2,336612.32393291034,0.812,2.6584475,0.48712567966433046
1,2,336617.3241291847,0.812,2.6590393,0.4882532852512831
1,2,336622.3243254591,0.812,2.65944,0.48938089126586926
1,2,336627.32452173345,0.812,2.6599174,0.49050849648305783
1,2,336632.3247180078,0.812,2.6606238,0.49163610127175195
1,2,336637.3249142822,0.812,2.6610818,0.49276370612917353
1,2,336642.32511055656,0.812,2.6616545,0.4938913119324248
1,2,336647.3253068309,0.812,2.6620555,0.4950189173015225
1,2,336652.3255031053,0.812,2.662609,0.496146522236791
1,2,336657.32569937967,0.812,2.6629527,0.4972741255110338
1,2,336662.32589565404,0.812,2.6637354,0.4984017288855779
1,2,336667.3260919284,0.812,2.664289,0.4995293312221535
1,2,336672.3262882028,0.812,2.6648426,0.5006569351567064
1,2,336677.32648447715,0.812,2.6649382,0.5017845392496818
1,2,336682.3266807515,0.812,2.66574,0.5029121436128484
1,2,336687.3268770259,0.812,2.666198,0.5040397476821973
1,2,336692.32707330026,0.812,2.6666753,0.5051673523407778
1,2,336697.3272695746,0.812,2.6670954,0.5062949558409089
1,2,336702.327465849,0.812,2.6677444,0.507422558542798
1,2,336707.32766212337,0.812,2.668317,0.5085501611163982
1,2,336712.32785839774,0.812,2.6686988,0.5096777656090857
1,2,336717.3280546721,0.812,2.6694624,0.5108053673248193
1,2,336722.3282509465,0.812,2.6699398,0.5119329737176797
1,2,336727.32844722085,0.812,2.6701498,0.5130605808288555
1,2,336732.3286434952,0.812,2.6709516,0.5141881847630508
1,2,336737.3288397696,0.812,2.6714096,0.5153157865176136
1,2,336742.32903604396,0.812,2.6719635,0.5164433902119796
1,2,336747.3292323183,0.812,2.672498,0.5175709924624563
1,2,336752.3294285927,0.812,2.672956,0.5186985950905715
1,2,336757.32962486707,0.812,2.6736624,0.5198262018790908
1,2,336762.32982114144,0.812,2.6739488,0.5209538086101678
1,2,336767.3300174158,0.812,2.6747124,0.5220814135089384
1,2,336772.3302136902,0.812,2.6753423,0.5232090182501145
1,2,336777.33040996455,0.812,2.6758196,0.5243366231624618
1,2,336782.3306062389,0.812,2.6764114,0.5254642301761476
1,2,336787.3308025133,0.812,2.6773658,0.5265918370873698
1,2,336792.33099878766,0.812,2.677996,0.5277194465147755
1,2,336797.331195062,0.812,2.678702,0.5288470527560712
1,2,336802.3313913364,0.812,2.6791985,0.5299746568017438
1,2,336807.33158761077,0.812,2.6797712,0.5311022573046917
1,2,336812.33178388514,0.812,2.6804395,0.5322298566900924
1,2,336817.3319801595,0.812,2.6810503,0.5333574583701658
1,2,336822.3321764339,0.812,2.6815276,0.534485058604979
1,2,336827.33237270825,0.812,2.6823294,0.5356126625993949
1,2,336832.3325689826,0.812,2.6827683,0.5367402678010399
1,2,336837.332765257,0.812,2.6834366,0.5378678717536696
1,2,336842.33296153136,0.812,2.6840856,0.5389954758769441
1,2,336847.3331578057,0.812,2.684754,0.5401230823098356
1,2,336852.3333540801,0.812,2.6856701,0.5412506893293462
1,2,336857.33355035447,0.812,2.6863,0.5423782972410488
1,2,336862.33374662884,0.812,2.686854,0.5435059045690266
1,2,336867.3339429032,0.812,2.687369,0.544633512379153
1,2,336872.3341391776,0.812,2.6880565,0.545761119374633
1,2,336877.33433545195,0.812,2.6888773,0.5468887287169001
1,2,336882.3345317263,0.812,2.689469,0.5480163379525907
1,2,336887.3347280007,0.812,2.690309,0.5491439458165533
1,2,336892.33492427506,0.812,2.6909008,0.5502715553316574
1,2,336897.3351205494,0.812,2.6915119,0.5513991670493915
1,2,336902.3353168238,0.812,2.692199,0.5525267756460542
1,2,336907.33551309817,0.812,2.6929436,0.5536543837681281
1,2,336912.33570937254,0.812,2.6938598,0.554781992986209
1,2,336917.3359056469,0.812,2.6943753,0.5559096025370626
1,2,336922.33610192174,0.812,2.6953108,0.5570372095501822
1,2,336927.3362981966,0.812,2.6958454,0.5581648180651833
1,2,336932.3364944714,0.812,2.696628,0.5592924257140427
1,2,336937.33669074625,0.812,2.697449,0.5604200333819558
1,2,336942.3368870211,0.812,2.6982124,0.5615476409518722
1,2,336947.3370832959,0.812,2.6988235,0.5626752488918142
1,2,336952.33727957075,0.812,2.6994915,0.5638028587055143
1,2,336957.3374758456,0.812,2.7003124,0.5649304672713448
1,2,336962.3376721204,0.812,2.7010188,0.5660580742535991
1,2,336967.33786839526,0.812,2.7018397,0.567185683264981
1,2,336972.3380646701,0.812,2.7028897,0.5683132901944554
1,2,336977.33826094493,0.812,2.703367,0.5694408934856987
1,2,336982.33845721977,0.812,2.7040732,0.5705684941171179
1,2,336987.3386534946,0.812,2.705066,0.5716960987697578
1,2,336992.33884976944,0.812,2.7058678,0.572823703884986
1,2,336997.3390460443,0.812,2.7067077,0.5739513082727893
1,2,337002.3392423191,0.812,2.7075477,0.575078914376597
1,2,337007.33943859395,0.812,2.7083685,0.5762065168329282
1,2,337012.3396348688,0.812,2.7093039,0.5773341218188044
1,2,337017.3398311436,0.812,2.709953,0.5784617245462607
1,2,337022.3400274182,0.812,2.7107358,0.5795893280301395
1,2,337027.3402236928,0.812,2.7114038,0.5807169312911865
1,2,337032.3404199674,0.812,2.7118812,0.5818445357142128
1,2,337037.340616242,0.812,2.7132556,0.5829721396158143
1,2,337042.34081251663,0.812,2.713943,0.5840997441771333
1,2,337047.34100879123,0.812,2.7147448,0.5852273481164082
1,2,337052.34120506584,0.812,2.7156801,0.5863549526457724
1,2,337057.34140134044,0.812,2.7165391,0.5874825592957705
1,2,337062.34159761504,0.812,2.7174747,0.5886101643951307
1,2,337067.34179388965,0.812,2.7182,0.5897377680392335
1,2,337072.34199016436,0.812,2.719269,0.5908653699328175
1,2,337077.3421864391,0.812,2.720128,0.5919929708055891
1,2,337082.3423827138,0.812,2.7211018,0.5931205717290247
1,2,337087.3425789885,0.812,2.7219417,0.5942481749939459
1,2,337092.34277526324,0.812,2.7229154,0.5953757772022986
1,2,337097.34297153796,0.812,2.7240608,0.5965033797768127
1,2,337102.3431678127,0.812,2.7250345,0.5976309843141407
1,2,337107.3433640874,0.812,2.7258744,0.5987585860213277
1,2,337112.3435603621,0.812,2.726905,0.5998861884754668
1,2,337117.34375663684,0.812,2.728108,0.6010137908627163
1,2,337122.3439529115,0.812,2.7290816,0.602141392597646
1,2,337127.3441491862,0.812,2.7299979,0.6032689917238591
1,2,337132.34434546094,0.812,2.7311242,0.6043965941178273
1,2,337137.34454173566,0.812,2.7320597,0.6055241991168662
1,2,337142.3447380103,0.812,2.7333577,0.6066518024922116
1,2,337147.34493428457,0.812,2.7340832,0.607779406200214
1,2,337152.3451305593,0.812,2.7351332,0.6089070123600501
1,2,337157.345326834,0.812,2.7362976,0.6100346178555096
1,2,337162.3455231087,0.812,2.737462,0.6111622225165008
1,2,337167.34571938333,0.812,2.7386267,0.6122898268243112
1,2,337172.34591565793,0.812,2.739753,0.6134174306642186
1,2,337177.34611193254,0.812,2.7409365,0.6145450359994145
1,2,337182.34630820714,0.812,2.7420247,0.6156726434790397
1,2,337187.34650448174,0.812,2.7430556,0.6168002516186474
1,2,337192.3467007566,0.812,2.7441628,0.6179278580785962
1,2,337197.3468970312,0.812,2.7454038,0.6190554658577447
1,2,337202.3470933058,0.812,2.7466636,0.6201830727457641
1,2,337207.3472895804,0.812,2.74779,0.6213106789277069
1,2,337212.347485855,0.812,2.7489927,0.6224382831106854
1,2,337217.3476821296,0.812,2.7500236,0.6235658875197939
1,2,337222.3478784044,0.812,2.7514172,0.6246934947691466
1,2,337227.34807467926,0.812,2.75241,0.6258211026453812
1,2,337232.3482709541,0.812,2.7535553,0.6269487123642735
1,2,337237.34846722893,0.812,2.754777,0.6280763204840791
1,2,337242.34866350377,0.812,2.7561898,0.6292039287979012
1,2,337247.3488597786,0.812,2.7576406,0.6303315363303825
1,2,337252.34905605344,0.812,2.758977,0.6314591446479861
1,2,337257.3492523283,0.812,2.7601604,0.6325867522754541
1,2,337262.3494486031,0.812,2.7612867,0.6337143592673578
1,2,337267.34964487795,0.812,2.7626615,0.6348419666413735
1,2,337272.3498411528,0.812,2.7641695,0.6359695723201437
1,2,337277.3500374276,0.812,2.7652767,0.6370971769686842
1,2,337282.35023370245,0.812,2.766632,0.6382247812295427
1,2,337287.3504299773,0.812,2.7680256,0.6393523855431977
1,2,337292.3506262521,0.812,2.7694001,0.6404799889141689
1,2,337297.35082252696,0.812,2.7708702,0.6416075937385629
1,2,337302.3510188018,0.812,2.7722256,0.6427351981038356
1,2,337307.35121507663,0.812,2.773543,0.6438628013283482
1,2,337312.35141135147,0.812,2.775089,0.6449904029248956
1,2,337317.3516076263,0.812,2.7764828,0.6461180016622646
1,2,337322.3518039007,0.812,2.777609,0.6472456016651561
1,2,337327.35200017504,0.812,2.778888,0.6483732049340477
1,2,337332.3521964494,0.812,2.7806063,0.6495008051788447
1,2,337337.3523927238,0.812,2.7818854,0.6506284049194095
1,2,337342.35258899815,0.812,2.783508,0.6517560063394908
1,2,337347.3527852725,0.812,2.784997,0.6528836066597539
1,2,337352.3529815469,0.812,2.7866197,0.6540112062446711
1,2,337357.35317782126,0.812,2.788128,0.6551388077887699
1,2,337362.35337409563,0.812,2.7897887,0.6562664105696153
1,2,337367.35357037,0.812,2.791087,0.657394015251892
1,2,337372.3537666444,0.812,2.792633,0.6585216171527013
1,2,337377.35396291874,0.812,2.7942176,0.6596492187828062
1,2,337382.3541591931,0.812,2.7958212,0.6607768169361722
1,2,337387.3543554675,0.812,2.7974057,0.6619044159477027
1,2,337392.35455174185,0.812,2.798952,0.6630320155840388
1,2,337397.3547480162,0.812,2.8005557,0.6641596177022329
1,2,337402.3549442906,0.812,2.8022928,0.6652872184838855
1,2,337407.35514056496,0.812,2.8039346,0.6664148173996214
1,2,337412.35533683933,0.812,2.805519,0.6675424174456203
1,2,337417.3555331137,0.812,2.8072371,0.668670019322644
1,2,337422.3557293881,0.812,2.809127,0.6697976202319201
1,2,337427.35592566244,0.812,2.810826,0.6709252203175992
1,2,337432.3561219368,0.812,2.8125062,0.6720528162961903
1,2,337437.3563182112,0.812,2.8143196,0.6731804125077198
1,2,337442.35651448555,0.812,2.816038,0.6743080095002852
1,2,337447.3567107599,0.812,2.8180232,0.675435608974626
1,2,337452.3569070343,0.812,2.8197796,0.6765632084758119
1,2,337457.35710330866,0.812,2.8214977,0.6776908061932858
1,2,337462.35729958303,0.812,2.8233876,0.678818402425051
1,2,337467.3574958574,0.812,2.8250866,0.6799459965737366
1,2,337472.3576921318,0.812,2.8270912,0.6810735876749923
1,2,337477.35788840614,0.812,2.829191,0.6822011795129812
1,2,337482.3580846805,0.812,2.8310428,0.6833287748276395
1,2,337487.3582809549,0.812,2.8329518,0.6844563730483886
1,2,337492.35847722925,0.812,2.8347654,0.6855839695881343
1,2,337497.3586735036,0.812,2.8365598,0.6867115654515759
1,2,337502.358869778,0.812,2.8385835,0.6878391632467875
1,2,337507.35906605236,0.812,2.8406262,0.6889667617675267
1,2,337512.35926232673,0.812,2.842707,0.6900943602870772
1,2,337517.3594586011,0.812,2.8448832,0.691221960052103
1,2,337522.3596548755,0.812,2.8466969,0.6923495575262277
1,2,337527.35985114984,0.812,2.849064,0.693477155787306
1,2,337532.3600474242,0.812,2.850954,0.694604754426675
1,2,337537.3602436986,0.812,2.8531303,0.6957323530185259
1,2,337542.36043997295,0.812,2.8554592,0.6968599521584182
1,2,337547.3606362473,0.812,2.857483,0.6979875529326104
1,2,337552.3608325217,0.812,2.8597736,0.6991151545839643
1,2,337557.36102879606,0.812,2.8617399,0.7002427548937601
1,2,337562.36122507043,0.812,2.8639164,0.7013703578675888
1,2,337567.3614213448,0.812,2.8662453,0.702497960611635
1,2,337572.3616176192,0.812,2.8684216,0.703625562848916
1,2,337577.36181389354,0.812,2.8705978,0.7047531633746628
1,2,337582.3620101679,0.812,2.8728507,0.7058807664613594
1,2,337587.3622064423,0.812,2.8750842,0.7070083695924781
1,2,337592.36240271665,0.812,2.877413,0.7081359713271329
1,2,337597.362598991,0.812,2.879494,0.7092635745300587
1,2,337602.3627952654,0.812,2.8820329,0.7103911761842306
1,2,337607.36299153976,0.812,2.884343,0.7115187784789306
1,2,337612.36318781413,0.812,2.8868246,0.7126463774549102
1,2,337617.3633840885,0.812,2.889211,0.71377397249497
1,2,337622.3635803629,0.812,2.8912153,0.7149015682971414
1,2,337627.36377663724,0.812,2.8937354,0.7160291643810771
1,2,337632.3639729116,0.812,2.8958735,0.7171567562026847
1,2,337637.364169186,0.812,2.8983362,0.718284345421086
1,2,337642.36436546035,0.812,2.9007607,0.7194119345648423
1,2,337647.3645617347,0.812,2.903414,0.7205395242641106
1,2,337652.3647580091,0.812,2.9056096,0.7216671146001817
1,2,337657.36495428346,0.812,2.9081676,0.7227947076262171
1,2,337662.36515055783,0.812,2.9108212,0.7239223011269638
1,2,337667.3653468322,0.812,2.9130356,0.7250498965252938
1,2,337672.36554310657,0.812,2.9155173,0.7261774906014868
1,2,337677.36573938094,0.812,2.9178274,0.7273050862248773
1,2,337682.3659356553,0.812,2.92029,0.7284326853326097
1,2,337687.3661319297,0.812,2.922638,0.7295602865244781
1,2,337692.36632820405,0.812,2.9249098,0.730687885213882
1,2,337697.3665244784,0.812,2.9272962,0.7318154837756556
1,2,337702.3667207528,0.812,2.9298542,0.7329430826733246
1,2,337707.36691702716,0.812,2.9319732,0.7340706838636367
1,2,337712.36711330153,0.812,2.934665,0.7351982879693643
1,2,337717.36730957637,0.812,2.9370894,0.7363258922321003
1,2,337722.3675058512,0.812,2.9394758,0.737453495335834
1,2,337727.36770212604,0.812,2.9417856,0.7385810991346374
1,2,337732.3678984009,0.812,2.9439619,0.7397087025829655
1,2,337737.3680946757,0.812,2.9461954,0.7408363065635896
1,2,337742.36829095054,0.812,2.9487917,0.7419639122727913
1,2,337747.3684872254,0.812,2.95114,0.7430915173125502
1,2,337752.3686835002,0.812,2.9536216,0.7442191228682005
1,2,337757.36887977505,0.812,2.9557216,0.7453467298817638
1,2,337762.3690760499,0.812,2.9581077,0.7464743350683056
1,2,337767.3692723247,0.812,2.9607613,0.7476019399042761
1,2,337772.36946859956,0.812,2.9633005,0.748729544167201
1,2,337777.3696648744,0.812,2.965725,0.7498571469368309
1,2,337782.36986114923,0.812,2.9684358,0.7509847526067631
1,2,337787.37005742406,0.812,2.9707646,0.7521123597330156
1,2,337792.3702536989,0.812,2.9734373,0.7532399657896363
1,2,337797.37044997374,0.812,2.9759953,0.7543675692920224
1,2,337802.3706462486,0.812,2.9787064,0.7554951744754119
1,2,337807.3708425234,0.812,2.981799,0.7566227776158025
1,2,337812.37103879824,0.812,2.9844143,0.7577503793713156
1,2,337817.37123507285,0.812,2.9872777,0.7588779817276303
1,2,337822.37143134745,0.812,2.990313,0.7600055854231587
1,2,337827.37162762205,0.812,2.9930623,0.761133186322802
1,2,337832.37182389665,0.812,2.9960403,0.7622607883845571
1,2,337837.37202017126,0.812,2.998961,0.7633883900177814
1,2,337839.1986188162,0.812,3.00003,0.7638003090696471
1,2,337839.1988188159,0.812,3.000011,0.7638003541732269
2,1,337839.19961881544,-0.812,2.8959298,-8.922177222039965e-08
2,1,337844.19981509075,-0.812,2.5252354,-0.0011280260117782486
2,1,337849.2000113651,-0.812,2.3848643,-0.0022559619923134644
2,1,337854.2002076395,-0.812,2.2931545,-0.003383899955521027
2,1,337859.20040391386,-0.812,2.2272549,-0.004511835430261161
2,1,337864.2006001882,-0.812,2.1814764,-0.005639767410311434
2,1,337869.2007964626,-0.812,2.1512754,-0.006767699592825439
2,1,337874.20099273697,-0.812,2.1296654,-0.007895631350258985
2,1,337879.20118901134,-0.812,2.1128466,-0.009023561928398078
2,1,337884.2013852857,-0.812,2.0982425,-0.010151493947936428
2,1,337889.2015815601,-0.812,2.0842304,-0.011279424061510297
2,1,337894.20177783445,-0.812,2.0702944,-0.012407355979641276
2,1,337899.2019741088,-0.812,2.0554612,-0.013535288469930488
2,1,337904.2021703832,-0.812,2.0395782,-0.014663220559603637
2,1,337909.20236665756,-0.812,2.0229695,-0.015791155443158414
2,1,337914.2025629319,-0.812,2.0056355,-0.01691909061345458
2,1,337919.2027592063,-0.812,1.987767,-0.018047022724688052
2,1,337924.20295548066,-0.812,1.9697267,-0.0191749584458669
2,1,337929.20315175503,-0.812,1.9512855,-0.020302892051054372
2,1,337934.2033480294,-0.812,1.9331115,-0.0214308253941834
2,1,337939.2035443038,-0.812,1.9143648,-0.022558761025534738
2,1,337944.20374057814,-0.812,1.8959808,-0.023686696386684976
2,1,337949.2039368525,-0.812,1.8777497,-0.024814632718374335
2,1,337954.2041331269,-0.812,1.8595375,-0.02594256753270163
2,1,337959.20432940125,-0.812,1.8413062,-0.027070501903696198
2,1,337964.2045256756,-0.812,1.823285,-0.02819843535112342
2,1,337969.20472195,-0.812,1.8054165,-0.029326369941764414
2,1,337974.20491822436,-0.812,1.7874907,-0.030454302596780995
2,1,337979.20511449873,-0.812,1.7696794,-0.031582235381576756
2,1,337984.2053107731,-0.812,1.7519445,-0.032710168877740704
2,1,337989.2055070475,-0.812,1.7348206,-0.03383810130288535
2,1,337994.20570332184,-0.812,1.7178684,-0.034966032866444854
2,1,337999.2058995962,-0.812,1.7016226,-0.03609396208088928
2,1,338004.2060958706,-0.812,1.6861784,-0.03722189036293162
2,1,338009.20629214495,-0.812,1.6716508,-0.03834981667287813
2,1,338014.2064884193,-0.812,1.658574,-0.03947774512497584
2,1,338019.2066846937,-0.812,1.6466424,-0.04060567351226012
2,1,338024.20688096806,-0.812,1.6360855,-0.04173360182663467
2,1,338029.20707724243,-0.812,1.6264449,-0.04286153022841944
2,1,338034.2072735168,-0.812,1.6181407,-0.04398945914423135
2,1,338039.2074697912,-0.812,1.6109054,-0.04511738896837831
2,1,338044.20766606554,-0.812,1.6046438,-0.04624531890461843
2,1,338049.2078623399,-0.812,1.5994704,-0.04737324847556155
2,1,338054.2080586143,-0.812,1.594946,-0.04850117789468501
2,1,338059.20825488865,-0.812,1.5910516,-0.04962910741996104
2,1,338064.208451163,-0.812,1.5878062,-0.05075703751953775
2,1,338069.2086474374,-0.812,1.585019,-0.05188496684175069
2,1,338074.20884371176,-0.812,1.5825564,-0.05301289722275735
2,1,338079.20903998613,-0.812,1.5806473,-0.05414082685902054
2,1,338084.2092362605,-0.812,1.5790819,-0.05526875575609672
2,1,338089.2094325349,-0.812,1.5775928,-0.056396683575441454
2,1,338094.20962880924,-0.812,1.5763329,-0.0575246108887858
2,1,338099.2098250836,-0.812,1.5752257,-0.05865253820294143
2,1,338104.210021358,-0.812,1.5745194,-0.05978046456128691
2,1,338109.21021763235,-0.812,1.5736985,-0.060908394156379844
2,1,338114.2104139067,-0.812,1.5729349,-0.062036320964843045
2,1,338119.2106101811,-0.812,1.5724767,-0.06316424707102776
2,1,338124.21080645546,-0.812,1.5720185,-0.06429217182599174
2,1,338129.2110027303,-0.812,1.5716367,-0.06542009835661451
2,1,338134.21119900513,-0.812,1.571274,-0.06654802463704679
2,1,338139.21139527997,-0.812,1.5709877,-0.06767595149533616
2,1,338144.2115915548,-0.812,1.5706631,-0.06880387858713666
2,1,338149.21178782964,-0.812,1.5706059,-0.06993180659782224
2,1,338154.2119841045,-0.812,1.5704913,-0.07105973556828167
2,1,338159.2121803793,-0.812,1.5703768,-0.07218766515044701
2,1,338164.21237665415,-0.812,1.5700523,-0.07331559357921613
2,1,338169.212572929,-0.812,1.5699377,-0.0744435225050946
2,1,338174.2127692038,-0.812,1.570014,-0.07557145128924317
2,1,338179.21296547865,-0.812,1.5699186,-0.07669938057852785
2,1,338184.2131617535,-0.812,1.5697277,-0.07782730823980437
2,1,338189.2133580283,-0.812,1.5696895,-0.07895524478963017
2,1,338194.21355430316,-0.812,1.569594,-0.08008318671252992
2,1,338199.213750578,-0.812,1.5699186,-0.08121112802930011
2,1,338204.21394685283,-0.812,1.5697086,-0.08233907051029801
2,1,338209.21414312767,-0.812,1.5695559,-0.08346701348531908
2,1,338214.2143394025,-0.812,1.5696514,-0.08459495803047551
2,1,338219.2145356769,-0.812,1.5695177,-0.08572290069122115
2,1,338224.2147319517,-0.812,1.569575,-0.08685084431324402
2,1,338229.2149282263,-0.812,1.569594,-0.08797878791330921
2,1,338234.2151245009,-0.812,1.5696704,-0.08910673320271241
2,1,338239.2153207755,-0.812,1.5697277,-0.09023468080187506
2,1,338244.2155170501,-0.812,1.5696514,-0.09136262692338229
2,1,338249.2157133247,-0.812,1.5697467,-0.09249057720390956
2,1,338254.2159095993,-0.812,1.5698041,-0.09361852746217782
2,1,338259.21610587393,-0.812,1.5698613,-0.09474647579531538
2,1,338264.21630214853,-0.812,1.5699568,-0.09587442544419236
2,1,338269.21649842313,-0.812,1.5699186,-0.09700237112343975
2,1,338274.21669469774,-0.812,1.5699759,-0.09813031512546871
2,1,338279.21689097246,-0.812,1.570014,-0.09925824926055472
2,1,338284.2170872472,-0.812,1.5698996,-0.10038618205950658
2,1,338289.2172835219,-0.812,1.5698231,-0.10151411491810283
2,1,338294.2174797966,-0.812,1.5697659,-0.10264204567607245
2,1,338299.21767607133,-0.812,1.5698613,-0.10376997595142326
2,1,338304.21787234605,-0.812,1.5699759,-0.10489790753374498
2,1,338309.2180686208,-0.812,1.5699759,-0.10602583956847257
2,1,338314.2182648955,-0.812,1.5699759,-0.10715376957886087
2,1,338319.2184611702,-0.812,1.5699568,-0.10828170059279933
2,1,338324.21865744493,-0.812,1.5698996,-0.10940963275424309
2,1,338329.21885371965,-0.812,1.5699949,-0.11053756352932587
2,1,338334.21904999437,-0.812,1.5698613,-0.11166549352660445
2,1,338339.219246269,-0.812,1.569785,-0.11279342440622052
2,1,338344.219442544,-0.812,1.5698996,-0.1139213561749955
2,1,338349.2196388187,-0.812,1.5699949,-0.11504929070686301
2,1,338354.21983509336,-0.812,1.5699949,-0.11617722657134467
2,1,338359.2200313681,-0.812,1.5699949,-0.11730516582080391
2,1,338364.2202276428,-0.812,1.5698422,-0.11843310481439034
2,1,338369.2204239175,-0.812,1.5698804,-0.11956104243380825
2,1,338374.22062019224,-0.812,1.5701668,-0.12068897973211275
2,1,338379.22081646696,-0.812,1.5701095,-0.12181691659410794
2,1,338384.22101274156,-0.812,1.569785,-0.12294485185274481
2,1,338389.22120901616,-0.812,1.5696704,-0.12407278536743918
2,1,338394.22140529077,-0.812,1.5699186,-0.12520071842989988
2,1,338399.22160156537,-0.812,1.5697659,-0.12632865062344076
2,1,338404.22179784,-0.812,1.5698231,-0.12745658414000605
2,1,338409.22199411434,-0.812,1.5696131,-0.1285845173537963
2,1,338414.22219038894,-0.812,1.5696131,-0.12971244814589622
2,1,338419.22238666355,-0.812,1.569594,-0.1308403774242037
2,1,338424.22258293815,-0.812,1.5695368,-0.1319683062814408
2,1,338429.222779213,-0.812,1.5695559,-0.1330962367457317
2,1,338434.2229754878,-0.812,1.5694032,-0.13422416743728519
2,1,338439.22317176266,-0.812,1.569365,-0.13535209896774425
2,1,338444.2233680375,-0.812,1.5693077,-0.13648002882143856
2,1,338449.2235643123,-0.812,1.569155,-0.1376079596301847
2,1,338454.22376058716,-0.812,1.569174,-0.13873589164531894
2,1,338459.223956862,-0.812,1.5691931,-0.139863821918673
2,1,338464.22415313683,-0.812,1.569174,-0.14099175416100027
2,1,338469.22434941167,-0.812,1.5690786,-0.14211968382058873
2,1,338474.2245456865,-0.812,1.5690023,-0.14324761598717173
2,1,338479.22474196134,-0.812,1.5688877,-0.14437554657584098
2,1,338484.2249382362,-0.812,1.5688686,-0.1455034779049688
2,1,338489.22513451055,-0.812,1.5687922,-0.1466314109207491
2,1,338494.2253307854,-0.812,1.5688877,-0.14775934409256775
2,1,338499.2255270602,-0.812,1.5687732,-0.1488872773339649
2,1,338504.22572333505,-0.812,1.5686395,-0.15001521094544396
2,1,338509.2259196099,-0.812,1.5684677,-0.15114314265078965
2,1,338514.2261158847,-0.812,1.5684868,-0.15227107501538592
2,1,338519.22631215956,-0.812,1.5683341,-0.15339900296421513
2,1,338524.2265084344,-0.812,1.5683341,-0.15452693508758808
2,1,338529.22670470923,-0.812,1.5683722,-0.15565486710322232
2,1,338534.2269009836,-0.812,1.5682577,-0.15678279972000914
2,1,338539.227097258,-0.812,1.5682005,-0.15791072988039914
2,1,338544.22729353234,-0.812,1.5679523,-0.1590386622659663
2,1,338549.2274898067,-0.812,1.5679141,-0.1601665952133801
2,1,338554.2276860811,-0.812,1.5677232,-0.16129452598562832
2,1,338559.22788235545,-0.812,1.5675895,-0.16242245868539806
2,1,338564.2280786298,-0.812,1.5673032,-0.16355039336761165
2,1,338569.2282749042,-0.812,1.5674751,-0.16467832810070113
2,1,338574.22847117856,-0.812,1.5673223,-0.1658062597514225
2,1,338579.22866745293,-0.812,1.5674177,-0.1669341909579005
2,1,338584.2288637273,-0.812,1.5672269,-0.16806212187047131
2,1,338589.2290600017,-0.812,1.5670168,-0.16919005397813183
2,1,338594.22925627604,-0.812,1.5670359,-0.17031798773874504
2,1,338599.2294525504,-0.812,1.5667114,-0.17144592026523744
2,1,338604.2296488248,-0.812,1.5666542,-0.17257385269106754
2,1,338609.22984509915,-0.812,1.5665396,-0.17370178108566664
2,1,338614.2300413735,-0.812,1.5664442,-0.17482971083155602
2,1,338619.2302376479,-0.812,1.5662341,-0.1759576419817805
2,1,338624.23043392226,-0.812,1.5661387,-0.17708557383095222
2,1,338629.23063019663,-0.812,1.5660051,-0.17821350614301362
2,1,338634.230826471,-0.812,1.5660051,-0.17934143904765776
2,1,338639.23102274537,-0.812,1.5657951,-0.1804693716281056
2,1,338644.23121901974,-0.812,1.565776,-0.18159730526817505
2,1,338649.2314152941,-0.812,1.5656997,-0.18272523815829883
2,1,338654.2316115685,-0.812,1.5654896,-0.183853170581003
2,1,338659.23180784285,-0.812,1.5652988,-0.18498110088295405
2,1,338664.2320041172,-0.812,1.5652224,-0.18610903287910752
2,1,338669.2322003916,-0.812,1.5650887,-0.18723696202457282
2,1,338674.23239666596,-0.812,1.5648406,-0.18836489119713506
2,1,338679.23259294033,-0.812,1.564936,-0.189492821550462
2,1,338684.2327892147,-0.812,1.5646497,-0.19062075418272614
2,1,338689.23298548907,-0.812,1.5645542,-0.19174868375509646
2,1,338694.23318176344,-0.812,1.564306,-0.19287661179481613
2,1,338699.2333780378,-0.812,1.5641152,-0.19400453982124727
2,1,338704.2335743122,-0.812,1.5640197,-0.19513246733197903
2,1,338709.23377058655,-0.812,1.5637143,-0.19626039510283208
2,1,338714.2339668609,-0.812,1.5636761,-0.19738832440309395
2,1,338719.2341631353,-0.812,1.5636188,-0.1985162526034978
2,1,338724.23435940966,-0.812,1.5632179,-0.1996441806010505
2,1,338729.23455568403,-0.812,1.5631988,-0.20077210824237934
2,1,338734.2347519584,-0.812,1.5629888,-0.2019000385333532
2,1,338739.23494823277,-0.812,1.5628551,-0.20302796653364108
2,1,338744.23514450714,-0.812,1.562588,-0.2041558949960305
2,1,338749.2353407815,-0.812,1.5625306,-0.2052838232445353
2,1,338754.2355370559,-0.812,1.5623589,-0.20641175522096294
2,1,338759.23573333025,-0.812,1.5623015,-0.2075396895068487
2,1,338764.2359296046,-0.812,1.5620342,-0.20866761917039095
2,1,338769.236125879,-0.812,1.5617862,-0.20979554977363685
2,1,338774.23632215336,-0.812,1.5617479,-0.21092347759069674
2,1,338779.23651842773,-0.812,1.5615761,-0.21205140576751372
2,1,338784.2367147021,-0.812,1.5612516,-0.21317933395605623
2,1,338789.23691097647,-0.812,1.5610225,-0.21430726421303556
2,1,338794.23710725084,-0.812,1.5610607,-0.21543519363895064
2,1,338799.2373035252,-0.812,1.5607171,-0.21656312066419595
2,1,338804.2374997996,-0.812,1.5606216,-0.21769104674868459
2,1,338809.23769607395,-0.812,1.5603544,-0.21881897350758653
2,1,338814.2378923483,-0.812,1.5601443,-0.21994689917947524
2,1,338819.2380886227,-0.812,1.5598007,-0.2210748257412878
2,1,338824.23828489706,-0.812,1.5596099,-0.2222027567193277
2,1,338829.23848117143,-0.812,1.5595907,-0.22333068760035774
2,1,338834.2386774458,-0.812,1.559209,-0.2244586190605363
2,1,338839.23887372017,-0.812,1.558999,-0.22558655208329367
2,1,338844.23906999454,-0.812,1.5588462,-0.2267144846877655
2,1,338849.2392662689,-0.812,1.5586553,-0.2278424183921947
2,1,338854.2394625433,-0.812,1.5583689,-0.22897035103310154
2,1,338859.23965881765,-0.812,1.5582353,-0.23009828162389007
2,1,338864.239855092,-0.812,1.5581781,-0.23122621169190613
2,1,338869.2400513664,-0.812,1.5578917,-0.2323541439137062
2,1,338874.24024764076,-0.812,1.5575099,-0.23348208220819308
2,1,338879.2404439151,-0.812,1.5571662,-0.23461002096737432
2,1,338884.2406401895,-0.812,1.5570326,-0.2357379575045242
2,1,338889.24083646387,-0.812,1.5567272,-0.2368658959708579
2,1,338894.24103273824,-0.812,1.5564408,-0.23799383428410698
2,1,338899.2412290126,-0.812,1.5563263,-0.23912177087173866
2,1,338904.241425287,-0.812,1.5560209,-0.24024970711081897
2,1,338909.24162156135,-0.812,1.5559444,-0.24137764049429042
2,1,338914.2418178357,-0.812,1.5557154,-0.24250557623630772
2,1,338919.2420141101,-0.812,1.5556581,-0.24363351113480008
2,1,338924.2422103849,-0.812,1.5554672,-0.24476144743210418
2,1,338929.24240665976,-0.812,1.5550854,-0.2458893810260661
2,1,338934.2426029346,-0.812,1.5549136,-0.24701731279587424
2,1,338939.24279920943,-0.812,1.5545509,-0.24814524329619617
2,1,338944.24299548427,-0.812,1.5544363,-0.24927317541500604
2,1,338949.2431917591,-0.812,1.5543218,-0.2504011077829998
2,1,338954.24338803394,-0.812,1.5543218,-0.2515290391626061
2,1,338959.2435843083,-0.812,1.5538446,-0.2526569656382237
2,1,338964.24378058314,-0.812,1.5537682,-0.25378489383723346
2,1,338969.243976858,-0.812,1.5532146,-0.25491282382930325
2,1,338974.2441731328,-0.812,1.5530428,-0.25604075713030505
2,1,338979.24436940765,-0.812,1.5528519,-0.2571686891604431
2,1,338984.2445656825,-0.812,1.5524701,-0.2582966214019756
2,1,338989.2447619573,-0.812,1.552241,-0.25942455446395285
2,1,338994.24495823216,-0.812,1.5523365,-0.2605524880198009
2,1,338999.245154507,-0.812,1.5519165,-0.2616804179549549
2,1,339004.2453507818,-0.812,1.5516874,-0.26280834577107437
2,1,339009.24554705666,-0.812,1.5514201,-0.26393627680474857
2,1,339014.2457433315,-0.812,1.5509237,-0.26506420669803027
2,1,339019.24593960634,-0.812,1.5507901,-0.26619214008899533
2,1,339024.24613588094,-0.812,1.5506374,-0.2673200701875058
2,1,339029.24633215554,-0.812,1.550351,-0.2684479985230897
2,1,339034.24652843014,-0.812,1.5500265,-0.2695759272566008
2,1,339039.24672470475,-0.812,1.5496447,-0.2707038566030397
2,1,339044.24692097935,-0.812,1.5493584,-0.2718317857256764
2,1,339049.24711725395,-0.812,1.549053,-0.27295971901731364
2,1,339054.24731352855,-0.812,1.5489956,-0.2740876512155931
2,1,339059.24750980316,-0.812,1.5488429,-0.2752155821396643
2,1,339064.24770607776,-0.812,1.5484039,-0.27634351495890824
2,1,339069.24790235236,-0.812,1.5481747,-0.2774714453096192
2,1,339074.2480986271,-0.812,1.5478503,-0.27859937866685464
2,1,339079.2482949018,-0.812,1.5475066,-0.27972731340537477
2,1,339084.24849117675,-0.812,1.5471057,-0.2808552503456971
2,1,339089.2486874515,-0.812,1.5469148,-0.28198318612395734
2,1,339094.2488837262,-0.812,1.5466475,-0.2831111215253937
2,1,339099.2490800009,-0.812,1.5462085,-0.2842390536285905
2,1,339104.24927627563,-0.812,1.5460366,-0.2853669862398837
2,1,339109.24947255035,-0.812,1.5457121,-0.2864949158339534
2,1,339114.24966882507,-0.812,1.5455021,-0.28762284781283476
2,1,339119.2498650998,-0.812,1.5451967,-0.28875078171365465
2,1,339124.2500613745,-0.812,1.5450249,-0.2898787135013442
2,1,339129.2502576492,-0.812,1.5446812,-0.29100664710121027
2,1,339134.25045392395,-0.812,1.5443567,-0.29213458142207405
2,1,339139.2506501986,-0.812,1.5439558,-0.293262514843964
2,1,339144.2508464732,-0.812,1.543784,-0.2943904456959334
2,1,339149.25104274787,-0.812,1.5434213,-0.29551837682162396
2,1,339154.2512390226,-0.812,1.5431159,-0.2966463067324725
2,1,339159.2514352973,-0.812,1.5428677,-0.2977742366960778
2,1,339164.251631572,-0.812,1.5426385,-0.2989021682212055
2,1,339169.25182784675,-0.812,1.5420659,-0.30003009987960266
2,1,339174.25202412135,-0.812,1.5420468,-0.30115802899418614
2,1,339179.25222039595,-0.812,1.5416459,-0.30228595950077647
2,1,339184.25241667056,-0.812,1.5414168,-0.3034138940320877
2,1,339189.25261294516,-0.812,1.5411876,-0.30454182582256206
2,1,339194.25280921976,-0.812,1.5407867,-0.30566975824643183
2,1,339199.25300549436,-0.812,1.5404241,-0.30679769169860754
2,1,339204.25320176897,-0.812,1.540195,-0.30792562549800684
2,1,339209.25339804357,-0.812,1.5398896,-0.3090535590476693
2,1,339214.2535943182,-0.812,1.5394696,-0.31018149440864073
2,1,339219.2537905928,-0.812,1.5394505,-0.3113094312512346
2,1,339224.25398686714,-0.812,1.5389732,-0.31243736788941767
2,1,339229.254183142,-0.812,1.5386869,-0.3135653008963434
2,1,339234.2543794168,-0.812,1.5384768,-0.3146932318225107
2,1,339239.25457569165,-0.812,1.5380569,-0.3158211606499455
2,1,339244.2547719665,-0.812,1.5377133,-0.3169490909563404
2,1,339249.2549682413,-0.812,1.5375797,-0.3180770209478042
2,1,339254.25516451616,-0.812,1.5371978,-0.3192049506987898
2,1,339259.255360791,-0.812,1.5366824,-0.32033288139732696
2,1,339264.25555706583,-0.812,1.5363388,-0.32146081223122297
2,1,339269.25575334067,-0.812,1.5360525,-0.3225887404418656
2,1,339274.2559496155,-0.812,1.535976,-0.32371666724534187
2,1,339279.25614589034,-0.812,1.5354415,-0.32484459249954445
2,1,339284.2563421652,-0.812,1.535117,-0.32597251919719267
2,1,339289.25653844,-0.812,1.5347161,-0.3271004455453093
2,1,339294.25673471484,-0.812,1.5343152,-0.3282283749082521
2,1,339299.2569309897,-0.812,1.5341243,-0.32935630574712177
2,1,339304.2571272645,-0.812,1.5339334,-0.33048423763825185
2,1,339309.25732353935,-0.812,1.5333415,-0.33161216920615255
2,1,339314.2575198142,-0.812,1.5329598,-0.3327400985529756
2,1,339319.257716089,-0.812,1.5325589,-0.33386802746634703
2,1,339324.25791236386,-0.812,1.5323107,-0.33499595535731996
2,1,339329.2581086382,-0.812,1.5317953,-0.3361238838279746
2,1,339334.2583049126,-0.812,1.5315089,-0.33725181264424015
2,1,339339.25850118697,-0.812,1.5309553,-0.3383797411228487
2,1,339344.25869746134,-0.812,1.5308408,-0.3395076723332374
2,1,339349.2588937357,-0.812,1.5304017,-0.34063560238604434
2,1,339354.2590900101,-0.812,1.530039,-0.34176353181111835
2,1,339359.25928628445,-0.812,1.5297526,-0.34289146240509905
2,1,339364.2594825588,-0.812,1.5293326,-0.34401939410586846
2,1,339369.2596788332,-0.812,1.5289317,-0.34514732798522074
2,1,339374.25987510756,-0.812,1.5287217,-0.34627526005172427
2,1,339379.2600713819,-0.812,1.5282826,-0.34740319235099715
2,1,339384.2602676563,-0.812,1.5279772,-0.348531123803894
2,1,339389.26046393067,-0.812,1.5275763,-0.34965905852054585
2,1,339394.26066020504,-0.812,1.5271754,-0.35078699160896765
2,1,339399.2608564794,-0.812,1.5268317,-0.3519149218624568
2,1,339404.2610527538,-0.812,1.5263736,-0.3530428509415755
2,1,339409.26124902815,-0.812,1.5261636,-0.3541707804947498
2,1,339414.2614453025,-0.812,1.525801,-0.3552987107521
2,1,339419.2616415769,-0.812,1.5253236,-0.3564266391951047
2,1,339424.26183785126,-0.812,1.5249037,-0.35755456955881276
2,1,339429.2620341256,-0.812,1.5247319,-0.3586824987757407
2,1,339434.2622304,-0.812,1.5242736,-0.35981042745983294
2,1,339439.26242667437,-0.812,1.5239873,-0.3609383543045821
2,1,339444.26262294874,-0.812,1.5235673,-0.3620662818819287
2,1,339449.2628192231,-0.812,1.5233574,-0.36319420872712493
2,1,339454.2630154975,-0.812,1.5228419,-0.3643221347603105
2,1,339459.26321177185,-0.812,1.522422,-0.3654500600577496
2,1,339464.2634080462,-0.812,1.5220592,-0.3665779856079157
2,1,339469.2636043206,-0.812,1.5216964,-0.3677059112621648
2,1,339474.26380059496,-0.812,1.5213338,-0.3688338390172292
2,1,339479.2639968693,-0.812,1.5209329,-0.36996176865618124
2,1,339484.2641931437,-0.812,1.5206847,-0.3710896997832361
2,1,339489.26438941807,-0.812,1.520093,-0.37221762888146137
2,1,339494.26458569244,-0.812,1.5195775,-0.3733455586649083
2,1,339499.2647819668,-0.812,1.5190239,-0.3744734869831572
2,1,339504.2649782412,-0.812,1.5186039,-0.3756014140042864
2,1,339509.26517451555,-0.812,1.5181075,-0.37672934180720674
2,1,339514.2653707899,-0.812,1.5177639,-0.37785727105254957
2,1,339519.2655670643,-0.812,1.5174966,-0.3789852003448443
2,1,339524.26576333866,-0.812,1.5170575,-0.38011312710250117
2,1,339529.265959613,-0.812,1.5167521,-0.3812410527199907
2,1,339534.2661558874,-0.812,1.5163512,-0.3823689778646035
2,1,339539.26635216177,-0.812,1.5158358,-0.38349690451078977
2,1,339544.26654843614,-0.812,1.5154158,-0.38462482981836826
2,1,339549.2667447105,-0.812,1.5150149,-0.38575275447986224
2,1,339554.2669409849,-0.812,1.5145568,-0.38688067990505065
2,1,339559.26713725924,-0.812,1.5141749,-0.3880086064579987
2,1,339564.2673335336,-0.812,1.5137168,-0.3891365304532286
2,1,339569.267529808,-0.812,1.513335,-0.390264455992795
2,1,339574.26772608235,-0.812,1.5128386,-0.3913923808145725
2,1,339579.2679223567,-0.812,1.5125332,-0.3925203013645182
2,1,339584.2681186311,-0.812,1.5120559,-0.3936482237682909
2,1,339589.26831490546,-0.812,1.5115213,-0.3947761481982043
2,1,339594.26851117983,-0.812,1.5111969,-0.39590407178227804
2,1,339599.2687074542,-0.812,1.5107578,-0.3970319973305169
2,1,339604.2689037286,-0.812,1.5101278,-0.39815992393375804
2,1,339609.26910000294,-0.812,1.509746,-0.39928785138139167
2,1,339614.2692962773,-0.812,1.5092114,-0.40041577860500455
2,1,339619.2694925517,-0.812,1.5089251,-0.4015437082628976
2,1,339624.26968882605,-0.812,1.5084096,-0.40267163686523544
2,1,339629.2698851004,-0.812,1.5079324,-0.4037995666926209
2,1,339634.2700813748,-0.812,1.5075315,-0.40492749345076123
2,1,339639.27027764916,-0.812,1.5069588,-0.40605541870603334
2,1,339644.27047392353,-0.812,1.5062524,-0.4071833440128668
2,1,339649.2706701979,-0.812,1.5060043,-0.4083112733925022
2,1,339654.2708664723,-0.812,1.5053552,-0.4094392035180566
2,1,339659.27106274664,-0.812,1.5051833,-0.41056713246020715
2,1,339664.271259021,-0.812,1.5045916,-0.41169505950544316
2,1,339669.2714552954,-0.812,1.504057,-0.41282298541259144
2,1,339674.27165156975,-0.812,1.5037135,-0.41395091150665986
2,1,339679.2718478441,-0.812,1.5030262,-0.41507883891798764
2,1,339684.2720441185,-0.812,1.5024917,-0.41620676331183354
2,1,339689.27224039286,-0.812,1.501938,-0.41733468790769285
2,1,339694.27243666723,-0.812,1.5015944,-0.41846261354452413
2,1,339699.2726329416,-0.812,1.5013081,-0.4195905385990246
2,1,339704.272829216,-0.812,1.5007354,-0.42071846529902723
2,1,339709.27302549034,-0.812,1.5002962,-0.4218463923711979
2,1,339714.2732217647,-0.812,1.4996663,-0.42297432060724205
2,1,339719.2734180391,-0.812,1.49917,-0.42410224919553635
2,1,339724.2736143139,-0.812,1.4988455,-0.42523017758940695
2,1,339729.27381058875,-0.812,1.4982154,-0.42635810343403985
2,1,339734.2740068636,-0.812,1.4976618,-0.42748602868306673
2,1,339739.2742031384,-0.812,1.4970509,-0.4286139556581647
2,1,339744.27439941326,-0.812,1.4965355,-0.4297418842820529
2,1,339749.2745956881,-0.812,1.4960964,-0.4308698118663533
2,1,339754.27479196293,-0.812,1.4955618,-0.4319977403040234
2,1,339759.27498823777,-0.812,1.494951,-0.4331256670693262
2,1,339764.2751845126,-0.812,1.4944546,-0.43425359724697504
2,1,339769.27538078744,-0.812,1.4939584,-0.43538152474609715
2,1,339774.2755770623,-0.812,1.4937483,-0.4365094525259902
2,1,339779.2757733371,-0.812,1.4929847,-0.4376373794371257
2,1,339784.27596961195,-0.812,1.4922974,-0.4387653063763218
2,1,339789.2761658868,-0.812,1.4917438,-0.4398932346454597
2,1,339794.2763621616,-0.812,1.491362,-0.4410211650148236
2,1,339799.27655843645,-0.812,1.4908274,-0.44214909448858797
2,1,339804.2767547113,-0.812,1.4901402,-0.4432770186344024
2,1,339809.2769509861,-0.812,1.4895866,-0.444404945013285
2,1,339814.27714726096,-0.812,1.4888803,-0.4455328739566806
2,1,339819.2773435358,-0.812,1.4882503,-0.44666080120081075
2,1,339824.2775398104,-0.812,1.4878494,-0.44778872904245093
2,1,339829.277736085,-0.812,1.4870285,-0.44891665890713234
2,1,339834.2779323596,-0.812,1.486494,-0.45004458541495634
2,1,339839.2781286342,-0.812,1.4859977,-0.4511725105995274
2,1,339844.2783249088,-0.812,1.485234,-0.45230043433169553
2,1,339849.2785211834,-0.812,1.4848713,-0.4534283603826897
2,1,339854.278717458,-0.812,1.4842031,-0.4545562870391909
2,1,339859.2789137326,-0.812,1.4837259,-0.455684213104563
2,1,339864.2791100072,-0.812,1.4831914,-0.4568121417724295
2,1,339869.27930628194,-0.812,1.482466,-0.45794007155305183
2,1,339874.27950255666,-0.812,1.4818169,-0.459067998444137
2,1,339879.2796988314,-0.812,1.4812824,-0.46019592599777415
2,1,339884.279895106,-0.812,1.4807287,-0.4613238541400039
2,1,339889.2800913807,-0.812,1.4801178,-0.46245178527936043
2,1,339894.2802876554,-0.812,1.4794306,-0.4635797150011596
2,1,339899.28048393014,-0.812,1.4786861,-0.46470764550325305
2,1,339904.28068020486,-0.812,1.4781706,-0.46583557481619414
2,1,339909.2808764796,-0.812,1.4778461,-0.46696350223668115
2,1,339914.2810727543,-0.812,1.4771206,-0.46809143258280256
2,1,339919.281269029,-0.812,1.4762425,-0.4692193618609014
2,1,339924.2814653037,-0.812,1.4757271,-0.4703472913231124
2,1,339929.2816615784,-0.812,1.4750971,-0.47147522214507426
2,1,339934.2818578531,-0.812,1.4745244,-0.47260315069142017
2,1,339939.28205412783,-0.812,1.4739898,-0.47373107769639655
2,1,339944.2822504025,-0.812,1.4731499,-0.4748590044013894
2,1,339949.2824466772,-0.812,1.4725963,-0.4759869327848093
2,1,339954.28264295193,-0.812,1.4719853,-0.47711486158654454
2,1,339959.28283922665,-0.812,1.4712981,-0.47824279135428893
2,1,339964.2830355009,-0.812,1.4708972,-0.4793707169207668
2,1,339969.2832317755,-0.812,1.4702864,-0.4804986436636219
2,1,339974.2834280501,-0.812,1.4695036,-0.48162657382688284
2,1,339979.2836243247,-0.812,1.46895,-0.4827545010376675
2,1,339984.2838205993,-0.812,1.4682437,-0.483882428335157
2,1,339989.2840168739,-0.812,1.4674991,-0.4850103542918665
2,1,339994.2842131485,-0.812,1.4667928,-0.48613828170957857
2,1,339999.2844094231,-0.812,1.4663728,-0.4872662086454434
2,1,340004.2846056977,-0.812,1.4656665,-0.48839413430283496
2,1,340009.28480197256,-0.812,1.4648838,-0.48952206231032835
2,1,340014.28499824717,-0.812,1.4642347,-0.49064999226339684
2,1,340019.28519452177,-0.812,1.4633374,-0.49177792095012823
2,1,340024.2853907966,-0.812,1.4628221,-0.4929058504926068
2,1,340029.28558707144,-0.812,1.462192,-0.4940337817714349
2,1,340034.2857833463,-0.812,1.4614857,-0.49516171152581795
2,1,340039.2859796211,-0.812,1.4608557,-0.4962896410915258
2,1,340044.28617589595,-0.812,1.4599203,-0.49741756703682766
2,1,340049.2863721708,-0.812,1.4593285,-0.49854549431613115
2,1,340054.2865684456,-0.812,1.458374,-0.4996734271559453
2,1,340059.28676472045,-0.812,1.457744,-0.5008013586210346
2,1,340064.2869609953,-0.812,1.4570568,-0.501929288803783
2,1,340069.2871572701,-0.812,1.456465,-0.5030572186854815
2,1,340074.28735354496,-0.812,1.4554341,-0.5041851446158689
2,1,340079.2875498198,-0.812,1.4545941,-0.5053130705571243
2,1,340084.28774609463,-0.812,1.4540023,-0.5064409965511761
2,1,340089.28794236947,-0.812,1.453315,-0.507568924835702
2,1,340094.2881386443,-0.812,1.452666,-0.5086968518117239
2,1,340099.28833491914,-0.812,1.4518642,-0.5098247800357345
2,1,340104.288531194,-0.812,1.4510624,-0.5109527102942404
2,1,340109.2887274688,-0.812,1.450356,-0.512080639561968
2,1,340114.28892374365,-0.812,1.449516,-0.5132085684486565
2,1,340119.2891200185,-0.812,1.4484853,-0.5143364990470082
2,1,340124.28931629285,-0.812,1.4478171,-0.515464430118793
2,1,340129.2895125672,-0.812,1.446977,-0.5165923623889191
2,1,340134.2897088416,-0.812,1.4462326,-0.517720293966413
2,1,340139.28990511596,-0.812,1.4453162,-0.5188482250028257
2,1,340144.29010139033,-0.812,1.4443998,-0.5199761572787104
2,1,340149.2902976647,-0.812,1.4437318,-0.521104087504427
2,1,340154.2904939391,-0.812,1.4429108,-0.5222320196385619
2,1,340159.29069021344,-0.812,1.4422618,-0.5233599519147115
2,1,340164.2908864878,-0.812,1.4414217,-0.5244878832405677
2,1,340169.2910827622,-0.812,1.4406391,-0.5256158154463673
2,1,340174.29127903655,-0.812,1.439971,-0.5267437478892774
2,1,340179.2914753109,-0.812,1.4389974,-0.527871680007713
2,1,340184.2916715853,-0.812,1.4383674,-0.5289996125771605
2,1,340189.29186785966,-0.812,1.4373555,-0.5301275441509125
2,1,340194.29206413403,-0.812,1.4365729,-0.5312554736678836
2,1,340199.2922604084,-0.812,1.4356947,-0.5323834030287138
2,1,340204.2924566828,-0.812,1.4347975,-0.5335113333783584
2,1,340209.29265295714,-0.812,1.4339765,-0.5346392648031848
2,1,340214.2928492315,-0.812,1.4329267,-0.5357671950234708
2,1,340219.2930455059,-0.812,1.4323157,-0.5368951251626018
2,1,340224.29324178025,-0.812,1.4312657,-0.5380230596128772
2,1,340229.2934380546,-0.812,1.4305977,-0.5391509910049641
2,1,340234.293634329,-0.812,1.4296813,-0.5402789243751736
2,1,340239.29383060336,-0.812,1.4287077,-0.541406854655859
2,1,340244.29402687773,-0.812,1.4278677,-0.542534783252402
2,1,340249.2942231521,-0.812,1.4269896,-0.5436627115287787
2,1,340254.2944194265,-0.812,1.4260732,-0.5447906409615019
2,1,340259.29461570084,-0.812,1.4251378,-0.5459185702664493
2,1,340264.2948119752,-0.812,1.4241832,-0.5470464971175563
2,1,340269.2950082496,-0.812,1.4234579,-0.5481744244089992
2,1,340274.29520452395,-0.812,1.422446,-0.5493023536531102
2,1,340279.2954007983,-0.812,1.4213579,-0.5504302838014469
2,1,340284.2955970727,-0.812,1.4204988,-0.5515582134083316
2,1,340289.29579334706,-0.812,1.4197161,-0.5526861399260896
2,1,340294.29598962143,-0.812,1.4187616,-0.5538140682506035
2,1,340299.2961858958,-0.812,1.4179407,-0.5549419962784685
2,1,340304.29638217017,-0.812,1.4169672,-0.556069923047149
2,1,340309.29657844454,-0.812,1.4160699,-0.5571978500026138
2,1,340314.2967747189,-0.812,1.4150199,-0.5583257785231442
2,1,340319.2969709933,-0.812,1.4141227,-0.5594537047089211
2,1,340324.29716726765,-0.812,1.4129963,-0.5605816345771953
2,1,340329.297363542,-0.812,1.41208,-0.5617095652543311
2,1,340334.2975598164,-0.812,1.4110682,-0.5628374946892465
2,1,340339.29775609076,-0.812,1.4100374,-0.5639654241526992
2,1,340344.29795236513,-0.812,1.4089301,-0.5650933544275865
2,1,340349.2981486395,-0.812,1.4079947,-0.5662212844257161
2,1,340354.29834491387,-0.812,1.4069829,-0.5673492124691412
2,1,340359.29854118824,-0.812,1.4059902,-0.5684771428684895
2,1,340364.2987374626,-0.812,1.4049402,-0.5696050741377577
2,1,340369.298933737,-0.812,1.403814,-0.5707330037032802
2,1,340374.29913001135,-0.812,1.4030694,-0.5718609319731764
2,1,340379.2993262857,-0.812,1.4019622,-0.5729888621803627
2,1,340384.2995225601,-0.812,1.4008931,-0.5741167919905522
2,1,340389.29971883446,-0.812,1.4005686,-0.5752447217576939
2,1,340394.29991510883,-0.812,1.3997477,-0.5763726485025092
2,1,340399.3001113832,-0.812,1.398526,-0.577500575235609
2,1,340404.30030765757,-0.812,1.3974569,-0.5786285020437046
2,1,340409.30050393194,-0.812,1.3966168,-0.5797564279789333
2,1,340414.3007002063,-0.812,1.395376,-0.5808843544934165
2,1,340419.3008964807,-0.812,1.3943833,-0.5820122835307125
2,1,340424.30109275505,-0.812,1.3928752,-0.5831402103827501
2,1,340429.3012890294,-0.812,1.3916343,-0.5842681400269407
2,1,340434.3014853038,-0.812,1.3910425,-0.5853960734261743
2,1,340439.30168157816,-0.812,1.3900307,-0.5865240063870852
2,1,340444.30187785253,-0.812,1.3889998,-0.5876519391086736
2,1,340449.3020741269,-0.812,1.3880072,-0.5887798742520318
2,1,340454.30227040127,-0.812,1.3869381,-0.5899078084217051
2,1,340459.30246667564,-0.812,1.3856208,-0.5910357392733202
2,1,340464.30266295,-0.812,1.3846091,-0.5921636743345531
2,1,340469.3028592244,-0.812,1.3833873,-0.5932916111143038
2,1,340474.30305549875,-0.812,1.3822228,-0.5944195461521188
2,1,340479.3032517731,-0.812,1.3810774,-0.595547484833771
2,1,340484.3034480475,-0.812,1.3799893,-0.5966754220772491
2,1,340489.30364432186,-0.812,1.3789965,-0.597803358085282
2,1,340494.3038405962,-0.812,1.377832,-0.5989312948284486
2,1,340499.3040368706,-0.812,1.3767439,-0.6000592297234012
2,1,340504.30423314497,-0.812,1.3756748,-0.6011871661348316
2,1,340509.30442941934,-0.812,1.374434,-0.6023151020232312
2,1,340514.3046256937,-0.812,1.3734412,-0.6034430348688238
2,1,340519.30482196854,-0.812,1.3721431,-0.6045709680442949
2,1,340524.3050182434,-0.812,1.3707304,-0.6056989025911497
2,1,340529.3052145182,-0.812,1.369566,-0.6068268399052296
2,1,340534.30541079305,-0.812,1.3681151,-0.6079547775158393
2,1,340539.3056070679,-0.812,1.367485,-0.609082715510942
2,1,340544.3058033427,-0.812,1.3658814,-0.6102106516947589
2,1,340549.30599961756,-0.812,1.3643161,-0.6113385884191667
2,1,340554.3061958924,-0.812,1.3630562,-0.6124665233092117
2,1,340559.30639216723,-0.812,1.3613762,-0.6135944555898581
2,1,340564.30658844206,-0.812,1.3600017,-0.6147223866598581
2,1,340569.3067847169,-0.812,1.3586844,-0.6158503180360041
2,1,340574.30698099174,-0.812,1.3573673,-0.6169782499478964
2,1,340579.3071772666,-0.812,1.3560691,-0.618106182020357
2,1,340584.3073735414,-0.812,1.3547901,-0.6192341142980862
2,1,340589.30756981624,-0.812,1.3532628,-0.6203620476255159
2,1,340594.3077660911,-0.812,1.3519074,-0.6214899807088978
2,1,340599.3079623659,-0.812,1.3505329,-0.6226179140085982
2,1,340604.30815864075,-0.812,1.3492539,-0.623745848405842
2,1,340609.3083549156,-0.812,1.3480512,-0.6248737820679685
2,1,340614.3085511904,-0.812,1.3467339,-0.6260017152044516
2,1,340619.308747465,-0.812,1.3454549,-0.6271296466163073
2,1,340624.3089437396,-0.812,1.343985,-0.6282575757442422
2,1,340629.30914001423,-0.812,1.3426105,-0.6293855066714096
2,1,340634.30933628883,-0.812,1.3412359,-0.6305134391064221
2,1,340639.30953256343,-0.812,1.3396515,-0.6316413728263618
2,1,340644.30972883804,-0.812,1.338506,-0.6327693071165192
2,1,340649.30992511264,-0.812,1.3371315,-0.6338972406806789
2,1,340654.31012138724,-0.812,1.3358142,-0.6350251762756449
2,1,340659.31031766185,-0.812,1.3344207,-0.6361531148106631
2,1,340664.31051393645,-0.812,1.3329698,-0.6372810509906354
2,1,340669.31071021117,-0.812,1.3312899,-0.638408986019195
2,1,340674.3109064859,-0.812,1.3302017,-0.6395369230030453
2,1,340679.3111027606,-0.812,1.3289036,-0.6406648593687987
2,1,340684.3112990353,-0.812,1.3273,-0.6417927973139063
2,1,340689.31149531004,-0.812,1.3260019,-0.6429207335605166
2,1,340694.31169158476,-0.812,1.3246846,-0.6440486703279291
2,1,340699.3118878595,-0.812,1.3231956,-0.6451766044709724
2,1,340704.31208413374,-0.812,1.3218592,-0.6463045392368477
2,1,340709.31228040846,-0.812,1.3204466,-0.647432473963692
2,1,340714.3124766832,-0.812,1.3188621,-0.6485604070219042
2,1,340719.31267295784,-0.812,1.3175257,-0.649688342331662
2,1,340724.31286923256,-0.812,1.3159413,-0.6508162776770369
2,1,340729.3130655073,-0.812,1.3143759,-0.6519442103468255
2,1,340734.313261782,-0.812,1.3128104,-0.6530721409982551
2,1,340739.3134580567,-0.812,1.3113214,-0.6542000742671895
2,1,340744.3136543314,-0.812,1.3098897,-0.6553280099464465
2,1,340749.3138506061,-0.812,1.3084006,-0.6564559420299538
2,1,340754.3140468808,-0.812,1.306797,-0.6575838742314221
2,1,340759.31424315553,-0.812,1.3053844,-0.6587118068207278
2,1,340764.31443943025,-0.812,1.3038954,-0.659839738483347
2,1,340769.31463570497,-0.812,1.3023299,-0.660967667849515
2,1,340774.3148319796,-0.812,1.3008599,-0.6620955986305682
2,1,340779.3150282542,-0.812,1.2994664,-0.6632235286500263
2,1,340784.3152245288,-0.812,1.2973855,-0.6643514582382316
2,1,340789.3154208034,-0.812,1.2962592,-0.6654793874004359
2,1,340794.315617078,-0.812,1.294541,-0.6666073149673583
2,1,340799.3158133526,-0.812,1.2930138,-0.6677352427311515
2,1,340804.3160096272,-0.812,1.2914866,-0.6688631694260612
2,1,340809.3162059018,-0.812,1.289883,-0.6699910978967389
2,1,340814.3164021764,-0.812,1.2883558,-0.6711190240812575
2,1,340819.31659845123,-0.812,1.2868094,-0.6722469509758957
2,1,340824.31679472607,-0.812,1.2850531,-0.6733748779769515
2,1,340829.3169910009,-0.812,1.2834878,-0.6745028061089225
2,1,340834.31718727574,-0.812,1.281827,-0.6756307324752352
2,1,340839.3173835506,-0.812,1.2804906,-0.6767586589388491
2,1,340844.3175798254,-0.812,1.2786388,-0.6778865866508658
2,1,340849.31777610024,-0.812,1.2771116,-0.6790145145275767
2,1,340854.3179723751,-0.812,1.2753553,-0.680142444855022
2,1,340859.3181686499,-0.812,1.2739235,-0.681270373869612
2,1,340864.31836492475,-0.812,1.272129,-0.6823983027095438
2,1,340869.3185611996,-0.812,1.2704109,-0.6835262288445441
2,1,340874.3187574744,-0.812,1.2685019,-0.6846541563993468
2,1,340879.31895374926,-0.812,1.2666693,-0.685782083730748
2,1,340884.3191500241,-0.812,1.265142,-0.6869100122649014
2,1,340889.31934629893,-0.812,1.263252,-0.6880379389574999
2,1,340894.31954257376,-0.812,1.2616293,-0.689165866191229
2,1,340899.3197388486,-0.812,1.2597777,-0.6902937926615849
2,1,340904.31993512344,-0.812,1.2582694,-0.6914217203818203
2,1,340909.3201313983,-0.812,1.2565323,-0.6925496516092989
2,1,340914.3203276731,-0.812,1.254566,-0.693677582420108
2,1,340919.3205239475,-0.812,1.2529051,-0.6948055111092335
2,1,340924.32072022185,-0.812,1.2509388,-0.6959334390147103
2,1,340929.3209164962,-0.812,1.2490488,-0.6970613691221416
2,1,340934.3211127706,-0.812,1.2473308,-0.6981892994600342
2,1,340939.32130904496,-0.812,1.2456698,-0.6993172294359113
2,1,340944.3215053193,-0.812,1.2438182,-0.7004451569362653
2,1,340949.3217015937,-0.812,1.2421,-0.7015730869160631
2,1,340954.32189786807,-0.812,1.2402482,-0.7027010194381184
2,1,340959.32209414244,-0.812,1.2383392,-0.7038289503551364
2,1,340964.3222904168,-0.812,1.2362393,-0.7049568835145043
2,1,340969.3224866912,-0.812,1.2345212,-0.7060848150059984
2,1,340974.32268296555,-0.812,1.2326503,-0.7072127431520561
2,1,340979.3228792399,-0.812,1.2308367,-0.7083406706928054
2,1,340984.3230755143,-0.812,1.2290995,-0.7094685975195539
2,1,340989.32327178866,-0.812,1.2269614,-0.710596525199947
2,1,340994.323468063,-0.812,1.2253196,-0.7117244528325404
2,1,340999.3236643374,-0.812,1.2232006,-0.7128523829343026
2,1,341004.32386061177,-0.812,1.2212725,-0.7139803109633266
2,1,341009.32405688614,-0.812,1.2195735,-0.7151082380947211
2,1,341014.3242531605,-0.812,1.217569,-0.7162361664888599
2,1,341019.3244494349,-0.812,1.215469,-0.7173640959691974
2,1,341024.32464570925,-0.812,1.2135983,-0.7184920234495275
2,1,341029.3248419836,-0.812,1.2118227,-0.7196199488603743
2,1,341034.325038258,-0.812,1.2098184,-0.7207478744592275
2,1,341039.32523453236,-0.812,1.2078139,-0.7218758021652307
2,1,341044.3254308067,-0.812,1.2060002,-0.7230037307360543
2,1,341049.3256270811,-0.812,1.2039958,-0.7241316587837775
2,1,341054.32582335547,-0.812,1.2020485,-0.7252595898850434
2,1,341058.86581996456,-0.812,1.1999296,-0.7262837112654719
2,1,341058.8660199642,-0.812,1.2001204,-0.7262837563796646
2,2,341058.8668199638,0.812,1.2967417,8.95780622959137e-08
2,2,341063.8670162391,0.812,1.5513246,0.0011276956140365865
2,2,341068.8672125139,0.812,1.6350166,0.002255300107051929
2,2,341073.86740878876,0.812,1.6992172,0.0033829068913459777
2,2,341078.8676050636,0.812,1.7524409,0.004510515257663197
2,2,341083.86780133843,0.812,1.798773,0.0056381215598748785
2,2,341088.86799761327,0.812,1.840409,0.006765727425939507
2,2,341093.8681938881,0.812,1.8778641,0.007893330984807677
2,2,341098.86839016294,0.812,1.9124177,0.009020933297514916
2,2,341103.8685864373,0.812,1.944203,0.010148537301414544
2,2,341108.86878271215,0.812,1.9736211,0.011276140609552465
2,2,341113.868978987,0.812,2.0012066,0.012403743959863982
2,2,341118.8691752618,0.812,2.026635,0.013531347562197184
2,2,341123.86937153665,0.812,2.0503259,0.014658950852904057
2,2,341128.8695678115,0.812,2.072089,0.015786552974591653
2,2,341133.8697640863,0.812,2.0922673,0.0169141550414496
2,2,341138.86996036116,0.812,2.1108613,0.01804175766586264
2,2,341143.870156636,0.812,2.1277754,0.01916935742980573
2,2,341148.87035291083,0.812,2.1437156,0.020296958515604337
2,2,341153.87054918567,0.812,2.1581862,0.021424560791396433
2,2,341158.8707454605,0.812,2.1717021,0.022552162408709525
2,2,341163.87094173534,0.812,2.1840343,0.023679766644550692
2,2,341168.87113800994,0.812,2.195565,0.024807366192208392
2,2,341173.87133428454,0.812,2.2063892,0.025934964516129755
2,2,341178.87153055915,0.812,2.216087,0.02706256453446547
2,2,341183.87172683375,0.812,2.225174,0.028190165540824333
2,2,341188.87192310835,0.812,2.2335737,0.02931776612170206
2,2,341193.87211938296,0.812,2.241878,0.03044536791872647
2,2,341198.87231565756,0.812,2.2490177,0.03157297086623642
2,2,341203.87251193216,0.812,2.2561767,0.03270057336740692
2,2,341208.87270820676,0.812,2.2627056,0.03382817715327938
2,2,341213.87290448137,0.812,2.268929,0.03495578234016895
2,2,341218.8731007561,0.812,2.2748852,0.03608338778903418
2,2,341223.8732970308,0.812,2.280536,0.0372109921712776
2,2,341228.87349330576,0.812,2.2857857,0.03833859663927886
2,2,341233.8736895805,0.812,2.2905965,0.03946620203217864
2,2,341238.8738858552,0.812,2.2956555,0.04059380945800742
2,2,341243.8740821299,0.812,2.3001606,0.04172141716913383
2,2,341248.87427840463,0.812,2.3044941,0.042849024602439674
2,2,341253.87447467935,0.812,2.3087132,0.04397663445684646
2,2,341258.8746709541,0.812,2.3128557,0.04510424175031318
2,2,341263.8748672288,0.812,2.3167884,0.0462318477039271
2,2,341268.8750635035,0.812,2.3206065,0.04735945273011261
2,2,341273.87525977823,0.812,2.3241382,0.048487055494682664
2,2,341278.87545605295,0.812,2.327536,0.049614660476946175
2,2,341283.8756523276,0.812,2.3310297,0.050742267431239295
2,2,341288.8758486023,0.812,2.334447,0.051869874396449994
2,2,341293.8760448769,0.812,2.3375585,0.05299748103901744
2,2,341298.8762411516,0.812,2.3406322,0.05412508871025178
2,2,341303.8764374263,0.812,2.3439348,0.05525269567796257
2,2,341308.87663370103,0.812,2.3468938,0.056380302477214074
2,2,341313.87682997575,0.812,2.3499482,0.05750790850107869
2,2,341318.87702625035,0.812,2.3530025,0.058635518992384277
2,2,341323.87722252496,0.812,2.3559043,0.05976312965908978
2,2,341328.87741879956,0.812,2.3587298,0.06089073895798127
2,2,341333.87761507416,0.812,2.3614407,0.06201834671743711
2,2,341338.87781134876,0.812,2.3639987,0.06314595388598906
2,2,341343.87800762337,0.812,2.3667667,0.06427356044338478
2,2,341348.87820389797,0.812,2.3695922,0.06540116659301519
2,2,341353.8784001726,0.812,2.3720167,0.06652877493934829
2,2,341358.8785964472,0.812,2.3746893,0.0676563791299429
2,2,341363.8787927218,0.812,2.3773618,0.06878398279900351
2,2,341368.8789889966,0.812,2.3798246,0.06991158875041205
2,2,341373.879185271,0.812,2.3823636,0.07103919553210668
2,2,341378.8793815458,0.812,2.3849597,0.07216680189432037
2,2,341383.87957782065,0.812,2.387365,0.07329441233655479
2,2,341388.8797740955,0.812,2.390076,0.07442202217022909
2,2,341393.8799703703,0.812,2.392214,0.07554963331537776
2,2,341398.88016664516,0.812,2.3948104,0.07667724550809131
2,2,341403.88036292,0.812,2.3971968,0.07780485821724269
2,2,341408.88055919483,0.812,2.3997548,0.0789324688238634
2,2,341413.88075546967,0.812,2.4019501,0.0800600781610012
2,2,341418.8809517445,0.812,2.4045084,0.081187686410139
2,2,341423.88114801934,0.812,2.406799,0.08231529471992452
2,2,341428.8813442942,0.812,2.4093764,0.08344290402237242
2,2,341433.881540569,0.812,2.411839,0.08457051337818304
2,2,341438.88173684385,0.812,2.414168,0.08569812615460488
2,2,341443.8819331187,0.812,2.4166498,0.08682573951133092
2,2,341448.8821293935,0.812,2.4189405,0.08795335016929441
2,2,341453.88232566835,0.812,2.4214413,0.08908096182063553
2,2,341458.8825219432,0.812,2.423923,0.0902085729173157
2,2,341463.882718218,0.812,2.426214,0.09133618093279998
2,2,341468.88291449286,0.812,2.4287148,0.09246378543369638
2,2,341473.88311076723,0.812,2.4310057,0.09359138929028643
2,2,341478.8833070416,0.812,2.4333537,0.09471899346950981
2,2,341483.88350331597,0.812,2.4356446,0.09584659844956464
2,2,341488.88369959034,0.812,2.4381454,0.09697420566266775
2,2,341493.8838958647,0.812,2.440379,0.09810181277974778
2,2,341498.8840921391,0.812,2.4428606,0.09922941783064936
2,2,341503.88428841345,0.812,2.445266,0.10035702483875222
2,2,341508.8844846878,0.812,2.4475951,0.10148463244151738
2,2,341513.8846809622,0.812,2.4500005,0.10261224223790236
2,2,341518.88487723656,0.812,2.4526923,0.10373985165580446
2,2,341523.88507351093,0.812,2.454983,0.104867461100575
2,2,341528.8852697853,0.812,2.457293,0.10599507001575496
2,2,341533.88546605967,0.812,2.4599082,0.10712267803481883
2,2,341538.88566233404,0.812,2.4622946,0.1082502867384586
2,2,341543.8858586084,0.812,2.4645472,0.1093778942899439
2,2,341548.8860548828,0.812,2.4670672,0.1105055013533069
2,2,341553.88625115715,0.812,2.469358,0.11163310949303044
2,2,341558.8864474315,0.812,2.4717634,0.11276071537060871
2,2,341563.8866437059,0.812,2.474207,0.11388831895765
2,2,341568.88683998026,0.812,2.476536,0.11501592073634598
2,2,341573.88703625463,0.812,2.4789605,0.11614351782340805
2,2,341578.887232529,0.812,2.481213,0.11727111401402951
2,2,341583.88742880337,0.812,2.483752,0.11839870817900036
2,2,341588.88762507774,0.812,2.4860811,0.11952630588330164
2,2,341593.8878213521,0.812,2.4885437,0.12065390327757598
2,2,341598.8880176265,0.812,2.4910064,0.12178150503695012
2,2,341603.88821390085,0.812,2.4932399,0.12290910617098214
2,2,341608.8884101752,0.812,2.49555,0.12403670844846634
2,2,341613.8886064496,0.812,2.4979172,0.12516430897343161
2,2,341618.88880272396,0.812,2.5002842,0.1262919105865492
2,2,341623.8889989983,0.812,2.5025942,0.12741951351756522
2,2,341628.8891952727,0.812,2.5047896,0.12854711603287858
2,2,341633.88939154707,0.812,2.507195,0.12967471956595117
2,2,341638.88958782144,0.812,2.5093904,0.13080232423571414
2,2,341643.8897840958,0.812,2.5117195,0.1319299279716346
2,2,341648.8899803702,0.812,2.513972,0.13305753183691038
2,2,341653.89017664455,0.812,2.5163202,0.1341851353509625
2,2,341658.8903729189,0.812,2.5186682,0.13531273691476717
2,2,341663.8905691933,0.812,2.52094,0.13644033527139823
2,2,341668.89076546766,0.812,2.5231545,0.13756793372863532
2,2,341673.890961742,0.812,2.5252354,0.1386955331350234
2,2,341678.8911580164,0.812,2.5273352,0.13982312922330697
2,2,341683.89135429077,0.812,2.5294924,0.14095072530650762
2,2,341688.89155056514,0.812,2.531516,0.14207832103471293
2,2,341693.8917468395,0.812,2.5335205,0.1432059141975774
2,2,341698.8919431139,0.812,2.5357158,0.14433350816824372
2,2,341703.89213938825,0.812,2.5379303,0.14546110157132813
2,2,341708.8923356626,0.812,2.5400875,0.14658869680281483
2,2,341713.892531937,0.812,2.5417867,0.14771629534430308
2,2,341718.89272821136,0.812,2.5440392,0.14884389469663967
2,2,341723.8929244857,0.812,2.5459864,0.14997149615963964
2,2,341728.8931207601,0.812,2.5478954,0.15109909681608613
2,2,341733.89331703447,0.812,2.5497854,0.15222669605032604
2,2,341738.89351330884,0.812,2.5515418,0.15335429584374033
2,2,341743.8937095832,0.812,2.55347,0.1544818946853181
2,2,341748.8939058576,0.812,2.5553598,0.15560949266304244
2,2,341753.89410213195,0.812,2.5570397,0.1567370924969647
2,2,341758.8942984063,0.812,2.5587196,0.1578646892751025
2,2,341763.8944946807,0.812,2.5603805,0.15899228669389753
2,2,341768.89469095506,0.812,2.5620415,0.16011988516640002
2,2,341773.8948872294,0.812,2.5636833,0.1612474834400548
2,2,341778.8950835038,0.812,2.5651722,0.16237508113164043
2,2,341783.89527977817,0.812,2.5667567,0.1635026782780356
2,2,341788.89547605254,0.812,2.5684175,0.16463027789187765
2,2,341793.8956723269,0.812,2.5699067,0.16575787661086852
2,2,341798.8958686013,0.812,2.5714147,0.16688547688472605
2,2,341803.89606487565,0.812,2.5726938,0.16801307695076204
2,2,341808.89626115,0.812,2.5738964,0.16914068059676887
2,2,341813.8964574244,0.812,2.5753665,0.17026828621880877
2,2,341818.89665369876,0.812,2.5767982,0.1713958933397929
2,2,341823.8968499731,0.812,2.5778863,0.17252349902606012
2,2,341828.8970462475,0.812,2.5792608,0.17365110661021207
2,2,341833.89724252187,0.812,2.5804636,0.17477871460023192
2,2,341838.89743879624,0.812,2.5814943,0.17590632470865383
2,2,341843.8976350706,0.812,2.5827353,0.17703393308198123
2,2,341848.897831345,0.812,2.5837662,0.17816154055893424
2,2,341853.89802761935,0.812,2.5847971,0.17928914540067317
2,2,341858.8982238937,0.812,2.5855415,0.18041674918680392
2,2,341863.8984201681,0.812,2.5867443,0.1815443519985378
2,2,341868.8986164429,0.812,2.5876606,0.18267195511134468
2,2,341873.89881271776,0.812,2.588386,0.18379956006415687
2,2,341878.8990089926,0.812,2.5892832,0.1849271637612946
2,2,341883.89920526743,0.812,2.5901232,0.18605476676693564
2,2,341888.89940154226,0.812,2.5910015,0.1871823692634305
2,2,341893.8995978171,0.812,2.5918987,0.18830997216795226
2,2,341898.89979409194,0.812,2.5927196,0.18943757539656433
2,2,341903.8999903668,0.812,2.5934067,0.19056517703110318
2,2,341908.9001866416,0.812,2.594285,0.19169277591644732
2,2,341913.90038291644,0.812,2.5948958,0.1928203763010867
2,2,341918.9005791913,0.812,2.5956595,0.19394797773055908
2,2,341923.9007754661,0.812,2.596156,0.19507557780858883
2,2,341928.90097174095,0.812,2.5968812,0.19620318019343094
2,2,341933.9011680158,0.812,2.5976639,0.19733078164475834
2,2,341938.9013642906,0.812,2.5982747,0.19845838408146974
2,2,341943.90156056546,0.812,2.5988667,0.19958598807076955
2,2,341948.9017568403,0.812,2.599382,0.20071358952303076
2,2,341953.9019531151,0.812,2.6000693,0.20184119113594304
2,2,341958.90214938996,0.812,2.6005847,0.2029687936345108
2,2,341963.90234566457,0.812,2.6011193,0.20409639732211177
2,2,341968.9025419394,0.812,2.6017683,0.20522400129166588
2,2,341973.902738214,0.812,2.6023028,0.2063516063055596
2,2,341978.9029344886,0.812,2.6027992,0.20747921389890392
2,2,341983.9031307632,0.812,2.6032765,0.20860681989017804
2,2,341988.9033270378,0.812,2.603792,0.20973442313309523
2,2,341993.9035233124,0.812,2.60425,0.21086202830705392
2,2,341998.903719587,0.812,2.6044028,0.21198963317840974
2,2,342003.9039158616,0.812,2.6052046,0.21311724032143103
2,2,342008.9041121362,0.812,2.6055672,0.2142448469814792
2,2,342013.90430841094,0.812,2.6061018,0.21537245205683522
2,2,342018.90450468566,0.812,2.6064646,0.21650005615592677
2,2,342023.9047009604,0.812,2.6071136,0.2176276617634728
2,2,342028.9048972351,0.812,2.6073427,0.21875526980629906
2,2,342033.9050935097,0.812,2.6079154,0.21988287731394845
2,2,342038.9052897844,0.812,2.608488,0.22101048580859448
2,2,342043.90548605914,0.812,2.6090798,0.22213809211132604
2,2,342048.90568233386,0.812,2.609309,0.22326569735073393
2,2,342053.9058786086,0.812,2.6095572,0.22439330043284772
2,2,342058.9060748833,0.812,2.6099007,0.2255209043641522
2,2,342063.906271158,0.812,2.610187,0.22664850855674357
2,2,342068.9064674327,0.812,2.6107597,0.22777611232219813
2,2,342073.9066637074,0.812,2.6111417,0.22890371788939515
2,2,342078.9068599821,0.812,2.6116,0.2300313235424129
2,2,342083.90705625684,0.812,2.6117716,0.23115893123936335
2,2,342088.9072525315,0.812,2.6122298,0.23228653820296805
2,2,342093.9074488062,0.812,2.6126306,0.23341414366520458
2,2,342098.90764508094,0.812,2.613146,0.23454175079936465
2,2,342103.90784135566,0.812,2.6136997,0.23566935833451166
2,2,342108.9080376304,0.812,2.6137762,0.23679696217666746
2,2,342113.9082339045,0.812,2.6141388,0.2379245631160936
2,2,342118.9084301791,0.812,2.6144824,0.23905216605186477
2,2,342123.9086264537,0.812,2.6148262,0.2401797671338553
2,2,342128.9088227283,0.812,2.6151316,0.24130737049919712
2,2,342133.9090190029,0.812,2.6153033,0.24243497640772343
2,2,342138.9092152775,0.812,2.6158187,0.24356258385819873
2,2,342143.90941155213,0.812,2.6162388,0.24469019280605198
2,2,342148.90960782673,0.812,2.616506,0.24581780113645407
2,2,342153.90980410133,0.812,2.6168115,0.24694541221368327
2,2,342158.91000037617,0.812,2.6172698,0.2480730201379592
2,2,342163.9101966508,0.812,2.6174605,0.24920062443711374
2,2,342168.9103929256,0.812,2.6178234,0.2503282303711111
2,2,342173.91058920044,0.812,2.6181288,0.2514558348482849
2,2,342178.9107854753,0.812,2.6184533,0.25258343741484496
2,2,342183.9109817501,0.812,2.6187968,0.2537110391785173
2,2,342188.91117802495,0.812,2.6189878,0.25483863950298247
2,2,342193.9113742998,0.812,2.619446,0.25596624040804655
2,2,342198.9115705746,0.812,2.6195605,0.2570938367137977
2,2,342203.91176684946,0.812,2.6199613,0.2582214341382651
2,2,342208.9119631243,0.812,2.6202478,0.2593490308271052
2,2,342213.91215939913,0.812,2.6205723,0.26047662851358466
2,2,342218.91235567397,0.812,2.620935,0.2616042271218765
2,2,342223.9125519488,0.812,2.6212976,0.2627318302446936
2,2,342228.91274822364,0.812,2.6216414,0.2638594347242251
2,2,342233.9129444985,0.812,2.6219087,0.26498704018100117
2,2,342238.9131407733,0.812,2.6220613,0.26611464337842344
2,2,342243.91333704814,0.812,2.6224623,0.2672422429505025
2,2,342248.913533323,0.812,2.6228821,0.26836984267177527
2,2,342253.9137295978,0.812,2.6231494,0.2694974445399279
2,2,342258.91392587265,0.812,2.6233404,0.2706250436554089
2,2,342263.9141221475,0.812,2.6236458,0.2717526400080921
2,2,342268.91431842186,0.812,2.6238558,0.27288023503852565
2,2,342273.9145146962,0.812,2.6240468,0.27400783021133157
2,2,342278.9147109706,0.812,2.6243331,0.27513542681998027
2,2,342283.91490724497,0.812,2.6244667,0.27626302461192687
2,2,342288.91510351934,0.812,2.6247911,0.2773906229733429
2,2,342293.9152997937,0.812,2.624982,0.27851822269146986
2,2,342298.9154960681,0.812,2.6253257,0.2796458242198263
2,2,342303.91569234245,0.812,2.6255357,0.28077342261170357
2,2,342308.9158886168,0.812,2.625803,0.28190102432072833
2,2,342313.9160848912,0.812,2.625975,0.2830286242657934
2,2,342318.91628116556,0.812,2.6263947,0.28415622298861554
2,2,342323.9164774399,0.812,2.6265094,0.2852838207930758
2,2,342328.9166737143,0.812,2.6267767,0.28641141913889523
2,2,342333.91686998866,0.812,2.6272347,0.287539017038054
2,2,342338.91706626303,0.812,2.6272347,0.28866661484897804
2,2,342343.9172625374,0.812,2.6276357,0.28979421274029554
2,2,342348.9174588118,0.812,2.6280746,0.2909218114946982
2,2,342353.91765508614,0.812,2.6281703,0.2920494076870714
2,2,342358.9178513605,0.812,2.6283228,0.29317700408288183
2,2,342363.9180476349,0.812,2.6287048,0.29430460098527217
2,2,342368.91824390925,0.812,2.628934,0.2954321953799262
2,2,342373.9184401836,0.812,2.629182,0.29655978955124496
2,2,342378.918636458,0.812,2.62943,0.2976873798046544
2,2,342383.91883273236,0.812,2.6295447,0.2988149727308354
2,2,342388.91902900673,0.812,2.6300411,0.2999425658350389
2,2,342393.9192252811,0.812,2.6302319,0.3010701591372557
2,2,342398.9194215555,0.812,2.6305566,0.3021977522513834
2,2,342403.91961782984,0.812,2.630671,0.3033253450226553
2,2,342408.9198141042,0.812,2.6311102,0.30445293775842597
2,2,342413.9200103786,0.812,2.6311483,0.3055805291784672
2,2,342418.92020665295,0.812,2.6316063,0.3067081183454826
2,2,342423.9204029273,0.812,2.6317782,0.3078357083440954
2,2,342428.9205992017,0.812,2.6320646,0.3089632959380548
2,2,342433.92079547606,0.812,2.6324847,0.3100908855921925
2,2,342438.92099175043,0.812,2.6328664,0.31121847372593825
2,2,342443.9211880248,0.812,2.6330574,0.31234606415122096
2,2,342448.9213842992,0.812,2.6333628,0.3134736542766029
2,2,342453.92158057354,0.812,2.6337063,0.31460124575465265
2,2,342458.9217768479,0.812,2.6338782,0.31572884017514197
2,2,342463.9219731223,0.812,2.6341074,0.3168564330540532
2,2,342468.92216939665,0.812,2.63426,0.3179840262967912
2,2,342473.922365671,0.812,2.634661,0.31911161645313774
2,2,342478.9225619454,0.812,2.63489,0.3202392085965111
2,2,342483.92275821976,0.812,2.6352527,0.32136680306352516
2,2,342488.92295449413,0.812,2.6356153,0.32249439832013854
2,2,342493.9231507685,0.812,2.635692,0.32362199298210287
2,2,342498.9233470429,0.812,2.6359208,0.3247495860423215
2,2,342503.92354331724,0.812,2.6364744,0.3258771774182354
2,2,342508.9237395916,0.812,2.636398,0.327004767486334
2,2,342513.923935866,0.812,2.6369135,0.3281323608765239
2,2,342518.92413214035,0.812,2.6373146,0.32925995142967845
2,2,342523.9243284147,0.812,2.6375434,0.33038754409319177
2,2,342528.9245246891,0.812,2.6377726,0.33151513559099055
2,2,342533.92472096346,0.812,2.6381736,0.3326427264609107
2,2,342538.92491723783,0.812,2.6384408,0.33377031905582233
2,2,342543.9251135122,0.812,2.638689,0.3348979129856065
2,2,342548.9253097866,0.812,2.6390135,0.3360255054615307
2,2,342553.92550606094,0.812,2.639338,0.33715309421479056
2,2,342558.9257023353,0.812,2.63951,0.33828068617668433
2,2,342563.9258986097,0.812,2.6398726,0.33940828004912554
2,2,342568.92609488405,0.812,2.6400826,0.3405358747187722
2,2,342573.9262911584,0.812,2.640216,0.3416634706507228
2,2,342578.9264874328,0.812,2.6407125,0.34279106611887966
2,2,342583.92668370716,0.812,2.6408844,0.34391866287207956
2,2,342588.92687998153,0.812,2.6411898,0.3450462609063621
2,2,342593.9270762559,0.812,2.6415143,0.34617385725554184
2,2,342598.9272725303,0.812,2.6420298,0.3473014547998411
2,2,342603.92746880464,0.812,2.6421633,0.34842905279769193
2,2,342608.927665079,0.812,2.6424305,0.34955665069534403
2,2,342613.9278613534,0.812,2.6427934,0.3506842470888365
2,2,342618.92805762775,0.812,2.6430607,0.3518118420208529
2,2,342623.9282539021,0.812,2.643538,0.35293944094144
2,2,342628.9284501765,0.812,2.6437287,0.3540670380498041
2,2,342633.92864645086,0.812,2.6441107,0.355194636064576
2,2,342638.92884272523,0.812,2.6443205,0.35632223640984323
2,2,342643.9290389996,0.812,2.6447406,0.3574498337882396
2,2,342648.929235274,0.812,2.645046,0.35857743109289836
2,2,342653.92943154834,0.812,2.645237,0.35970503052975766
2,2,342658.9296278227,0.812,2.645447,0.3608326256434027
2,2,342663.92982409755,0.812,2.6457715,0.361960223217385
2,2,342668.9300203724,0.812,2.6458478,0.36308782181537846
2,2,342673.9302166472,0.812,2.6461723,0.36421542103798554
2,2,342678.93041292205,0.812,2.6466877,0.3653430193830732
2,2,342683.9306091969,0.812,2.6468406,0.36647061788490115
2,2,342688.9308054717,0.812,2.6471078,0.3675982168771363
2,2,342693.93100174656,0.812,2.6472795,0.36872581394753556
2,2,342698.9311980214,0.812,2.6474514,0.36985341173476677
2,2,342703.93139429623,0.812,2.647833,0.3709810094803277
2,2,342708.93159057107,0.812,2.648024,0.3721086094272206
2,2,342713.9317868459,0.812,2.6485395,0.37323620888729925
2,2,342718.93198312074,0.812,2.6489406,0.3743638068025612
2,2,342723.9321793956,0.812,2.649246,0.3754914056570235
2,2,342728.9323756704,0.812,2.6495132,0.3766190037605997
2,2,342733.93257194525,0.812,2.6497805,0.37774660130538573
2,2,342738.9327682201,0.812,2.6502385,0.3788742019355068
2,2,342743.9329644949,0.812,2.6503723,0.38000180349227813
2,2,342748.93316076975,0.812,2.6506586,0.3811294031186868
2,2,342753.9333570446,0.812,2.6512122,0.38225700391010137
2,2,342758.9335533194,0.812,2.6513457,0.3833846045071982
2,2,342763.933749594,0.812,2.6519186,0.38451220559065896
2,2,342768.93394586863,0.812,2.6523194,0.3856398055732451
2,2,342773.93414214323,0.812,2.6524723,0.3867674072081879
2,2,342778.93433841784,0.812,2.6527967,0.38789500843422964
2,2,342783.93453469244,0.812,2.6530068,0.38902260994272453
2,2,342788.93473096704,0.812,2.653541,0.3901502096235357
2,2,342793.93492724164,0.812,2.6538277,0.3912778119255373
2,2,342798.93512351625,0.812,2.6541522,0.3924054143971174
2,2,342803.93531979085,0.812,2.6546102,0.3935330145737465
2,2,342808.93551606545,0.812,2.6548393,0.39466061566660493
2,2,342813.9357123402,0.812,2.655393,0.3957882124431003
2,2,342818.9359086149,0.812,2.655603,0.39691580661124015
2,2,342823.9361048896,0.812,2.655832,0.3980434030121104
2,2,342828.9363011643,0.812,2.6563094,0.399171000513183
2,2,342833.93649743905,0.812,2.656481,0.4002985962221625
2,2,342838.93669371377,0.812,2.6569202,0.40142619261389006
2,2,342843.9368899885,0.812,2.6574357,0.40255378925613594
2,2,342848.93708626274,0.812,2.6576838,0.4036813862373501
2,2,342853.93728253746,0.812,2.6580465,0.4048089834516151
2,2,342858.9374788122,0.812,2.658409,0.40593657837770747
2,2,342863.93767508684,0.812,2.6586192,0.40706417142122026
2,2,342868.93787136156,0.812,2.6592302,0.40819176444236804
2,2,342873.9380676363,0.812,2.6596692,0.4093193578054511
2,2,342878.938263911,0.812,2.6599174,0.41044695212017196
2,2,342883.9384601857,0.812,2.6604137,0.4115745472446683
2,2,342888.9386564604,0.812,2.660662,0.41270214137488304
2,2,342893.9388527351,0.812,2.660891,0.4138297347990774
2,2,342898.9390490098,0.812,2.6615782,0.4149573299253056
2,2,342903.93924528453,0.812,2.661559,0.4160849253718028
2,2,342908.93944155925,0.812,2.6620555,0.41721251882228616
2,2,342913.939637834,0.812,2.662571,0.4183401152479817
2,2,342918.9398341086,0.812,2.6629717,0.41946770933376776
2,2,342923.9400303832,0.812,2.6631818,0.4205953026064968
2,2,342928.9402266578,0.812,2.6638117,0.4217228972513248
2,2,342933.9404229324,0.812,2.6640408,0.4228504917215542
2,2,342938.940619207,0.812,2.6644037,0.4239780860323379
2,2,342943.9408154816,0.812,2.6646135,0.4251056782668004
2,2,342948.9410117562,0.812,2.6651099,0.42623327047966947
2,2,342953.9412080308,0.812,2.6653771,0.4273608649197323
2,2,342958.9414043054,0.812,2.665969,0.42848846192247697
2,2,342963.94160058023,0.812,2.6663318,0.4296160589464939
2,2,342968.94179685507,0.812,2.6667898,0.4307436568768988
2,2,342973.9419931299,0.812,2.6672099,0.4318712550129298
2,2,342978.94218940474,0.812,2.6675534,0.432998851592051
2,2,342983.9423856796,0.812,2.6679544,0.43412644829505714
2,2,342988.9425819544,0.812,2.6684124,0.43525404365269377
2,2,342993.94277822925,0.812,2.6686225,0.43638164016501474
2,2,342998.9429745041,0.812,2.668966,0.4375092366566529
2,2,343003.9431707789,0.812,2.6696534,0.4386368337761929
2,2,343008.94336705375,0.812,2.6699588,0.4397644297332039
2,2,343013.9435633286,0.812,2.6704361,0.44089202612742157
2,2,343018.9437596034,0.812,2.6709325,0.44201962549081814
2,2,343023.94395587826,0.812,2.6716197,0.44314722284734287
2,2,343028.9441521531,0.812,2.6719441,0.44427481982755035
2,2,343033.94434842793,0.812,2.6724024,0.44540241643037437
2,2,343038.94454470277,0.812,2.6725743,0.4465300131429736
2,2,343043.9447409776,0.812,2.6730132,0.44765760982458497
2,2,343048.94493725244,0.812,2.6735668,0.44878520829043494
2,2,343053.9451335273,0.812,2.6737578,0.4499128048959809
2,2,343058.9453298021,0.812,2.6743114,0.4510404011347364
2,2,343063.9455260765,0.812,2.6744642,0.4521679957156086
2,2,343068.94572235085,0.812,2.6753042,0.4532955925505927
2,2,343073.9459186252,0.812,2.6755905,0.45442319052653224
2,2,343078.9461148996,0.812,2.6761632,0.4555507895161646
2,2,343083.94631117396,0.812,2.676545,0.45667838521000126
2,2,343088.94650744833,0.812,2.6770031,0.45780598186412497
2,2,343093.9467037227,0.812,2.677385,0.4589335772659253
2,2,343098.94689999707,0.812,2.6778622,0.4600611720516852
2,2,343103.94709627144,0.812,2.678244,0.461188768242555
2,2,343108.9472925458,0.812,2.6787214,0.46231636484711086
2,2,343113.9474888202,0.812,2.6791031,0.4634439611554581
2,2,343118.94768509455,0.812,2.679504,0.4645715567890576
2,2,343123.9478813689,0.812,2.679905,0.4656991522288559
2,2,343128.9480776433,0.812,2.680554,0.4668267454701965
2,2,343133.94827391766,0.812,2.6811266,0.46795434142388614
2,2,343138.94847019203,0.812,2.6813748,0.4690819340036483
2,2,343143.9486664664,0.812,2.6821194,0.47020952260523746
2,2,343148.94886274077,0.812,2.6824439,0.4713371129332454
2,2,343153.94905901514,0.812,2.6831312,0.47246470382755373
2,2,343158.9492552895,0.812,2.683532,0.4735922958964312
2,2,343163.9494515639,0.812,2.6841047,0.4747198894448516
2,2,343168.94964783825,0.812,2.6844294,0.4758474817768604
2,2,343173.9498441126,0.812,2.6848874,0.47697507320879273
2,2,343178.950040387,0.812,2.6853647,0.4781026655187114
2,2,343183.95023666136,0.812,2.6859565,0.4792302581989769
2,2,343188.95043293573,0.812,2.6864147,0.4803578499163294
2,2,343193.9506292101,0.812,2.6867583,0.4814854420354072
2,2,343198.95082548447,0.812,2.687331,0.48261303706677133
2,2,343203.95102175884,0.812,2.687751,0.48374063428423514
2,2,343208.9512180332,0.812,2.6882474,0.48486823235099225
2,2,343213.9514143076,0.812,2.6889155,0.48599583054528345
2,2,343218.95161058195,0.812,2.6895072,0.4871234288773508
2,2,343223.9518068563,0.812,2.6899083,0.4882510234498783
2,2,343228.9520031307,0.812,2.6904428,0.48937861912636005
2,2,343233.95219940506,0.812,2.6908054,0.4905062138061263
2,2,343238.95239567943,0.812,2.6914163,0.49163380822035385
2,2,343243.9525919538,0.812,2.6919317,0.4927614031042991
2,2,343248.95278822817,0.812,2.6922946,0.49388899534612607
2,2,343253.95298450254,0.812,2.6931155,0.49501659192185643
2,2,343258.9531807769,0.812,2.6938026,0.49614419266163684
2,2,343263.9533770513,0.812,2.6940508,0.49727179127873355
2,2,343268.95357332565,0.812,2.6944518,0.49839938864745403
2,2,343273.9537696,0.812,2.695177,0.4995269868072275
2,2,343278.9539658744,0.812,2.6958263,0.500654588030703
2,2,343283.95416214876,0.812,2.696609,0.5017821867683103
2,2,343288.9543584231,0.812,2.6971626,0.5029097880470028
2,2,343293.9545546975,0.812,2.6976206,0.5040373894323578
2,2,343298.95475097187,0.812,2.6981933,0.5051649906603896
2,2,343303.95494724624,0.812,2.6989188,0.5062925899632146
2,2,343308.9551435206,0.812,2.6993961,0.50742019187165
2,2,343313.955339795,0.812,2.6999116,0.508547792019904
2,2,343318.95553606935,0.812,2.7005606,0.5096753926800162
2,2,343323.9557323437,0.812,2.701095,0.5108029952354368
2,2,343328.9559286181,0.812,2.7018015,0.5119305974057485
2,2,343333.95612489246,0.812,2.7023742,0.5130581985592083
2,2,343338.9563211668,0.812,2.703195,0.5141857964665892
2,2,343343.9565174412,0.812,2.7039206,0.5153133957068194
2,2,343348.95671371557,0.812,2.7045696,0.516440996167574
2,2,343353.95690998994,0.812,2.705295,0.5175685959764458
2,2,343358.9571062643,0.812,2.7057722,0.5186961977719503
2,2,343363.9573025387,0.812,2.7066505,0.5198237989888592
2,2,343368.95749881305,0.812,2.7072232,0.5209514004933076
2,2,343373.9576950874,0.812,2.7080822,0.522078999155121
2,2,343378.9578913618,0.812,2.7088459,0.5232066007603741
2,2,343383.95808763616,0.812,2.7096667,0.5243342014250459
2,2,343388.9582839105,0.812,2.7101057,0.5254618024201859
2,2,343393.9584801849,0.812,2.710812,0.5265894041074086
2,2,343398.95867645927,0.812,2.7114038,0.5277170051141318
2,2,343403.95887273364,0.812,2.7122247,0.5288446032454771
2,2,343408.959069008,0.812,2.7128358,0.5299722015810809
2,2,343413.9592652824,0.812,2.713561,0.531099801062041
2,2,343418.95946155675,0.812,2.7143629,0.5322274025154248
2,2,343423.9596578311,0.812,2.7151647,0.5333550011777481
2,2,343428.9598541055,0.812,2.7162528,0.534482599164241
2,2,343433.96005037986,0.812,2.7166348,0.5356102004820341
2,2,343438.9602466542,0.812,2.7173028,0.5367378011018635
2,2,343443.9604429286,0.812,2.718219,0.5378654006768698
2,2,343448.96063920297,0.812,2.7189445,0.538993000382758
2,2,343453.96083547734,0.812,2.71946,0.5401206017683812
2,2,343458.9610317522,0.812,2.7205482,0.5412482004142637
2,2,343463.961228027,0.812,2.7212546,0.5423758007234601
2,2,343468.96142430184,0.812,2.7217317,0.5435033979680175
2,2,343473.9616205767,0.812,2.7225144,0.5446309937736293
2,2,343478.9618168515,0.812,2.7232018,0.5457585916572049
2,2,343483.96201312635,0.812,2.724099,0.5468861893115972
2,2,343488.9622094012,0.812,2.7248626,0.5480137843178776
2,2,343493.962405676,0.812,2.7256835,0.5491413769454758
2,2,343498.96260195086,0.812,2.7266953,0.5502689715664421
2,2,343503.9627982257,0.812,2.7275543,0.5513965681605174
2,2,343508.9629945005,0.812,2.7282033,0.5525241642276579
2,2,343513.96319077536,0.812,2.7288716,0.5536517621089949
2,2,343518.9633870502,0.812,2.729845,0.554779361937758
2,2,343523.96358332504,0.812,2.7307425,0.5559069590597185
2,2,343528.9637795999,0.812,2.7316396,0.5570345553797483
2,2,343533.9639758747,0.812,2.7324986,0.5581621529932883
2,2,343538.96417214954,0.812,2.733014,0.55928974999297
2,2,343543.9643684244,0.812,2.7338731,0.560417345357544
2,2,343548.9645646992,0.812,2.7349422,0.5615449402879742
2,2,343553.96476097405,0.812,2.7359922,0.5626725368760196
2,2,343558.96495724865,0.812,2.7368321,0.5638001321480672
2,2,343563.96515352326,0.812,2.7377677,0.5649277277870113
2,2,343568.96534979786,0.812,2.738512,0.566055325781521
2,2,343573.96554607246,0.812,2.7394667,0.5671829246493612
2,2,343578.96574234706,0.812,2.7402112,0.5683105242085291
2,2,343583.96593862167,0.812,2.7411656,0.5694381255782643
2,2,343588.9661348958,0.812,2.742521,0.5705657241315178
2,2,343593.9663311704,0.812,2.74338,0.5716933261748882
2,2,343598.966527445,0.812,2.7444682,0.57282092899598
2,2,343603.9667237196,0.812,2.7451746,0.5739485307227636
2,2,343608.96691999433,0.812,2.74611,0.5750761337242655
2,2,343613.96711626905,0.812,2.747179,0.5762037336192494
2,2,343618.96731254377,0.812,2.7479808,0.5773313344669406
2,2,343623.9675088185,0.812,2.74926,0.5784589391527439
2,2,343628.9677050932,0.812,2.7502337,0.5795865442724193
2,2,343633.9679013679,0.812,2.7514935,0.5807141507496766
2,2,343638.96809764265,0.812,2.7525053,0.5818417562453546
2,2,343643.96829391737,0.812,2.7534406,0.58296935966643
2,2,343648.9684901921,0.812,2.7547388,0.5840969606215521
2,2,343653.9686864668,0.812,2.755827,0.5852245614427359
2,2,343658.9688827415,0.812,2.7569726,0.586352163641744
2,2,343663.96907901624,0.812,2.757946,0.5874797672159935
2,2,343668.9692752909,0.812,2.7590723,0.5886073724034989
2,2,343673.9694715656,0.812,2.7601986,0.5897349796017737
2,2,343678.96966784034,0.812,2.7614586,0.5908625847525528
2,2,343683.969864115,0.812,2.7627568,0.5919901888320642
2,2,343688.9700603897,0.812,2.763635,0.5931177900632452
2,2,343693.97025666444,0.812,2.7646468,0.5942453921681342
2,2,343698.97045293916,0.812,2.765964,0.5953729940512277
2,2,343703.9706492139,0.812,2.7672238,0.5965005956707561
2,2,343708.9708454886,0.812,2.768541,0.5976281951859226
2,2,343713.97104176343,0.812,2.7698011,0.598755794244905
2,2,343718.97123803804,0.812,2.7709465,0.5998833954172098
2,2,343723.97143431264,0.812,2.7721684,0.6010109964789712
2,2,343728.97163058724,0.812,2.7732756,0.6021385970560971
2,2,343733.97182686185,0.812,2.7748983,0.6032661962911946
2,2,343738.97202313645,0.812,2.7759674,0.6043937956518824
2,2,343743.97221941105,0.812,2.7774372,0.6055213986734247
2,2,343748.97241568565,0.812,2.7785254,0.6066490007854597
2,2,343753.97261196026,0.812,2.7797854,0.6077766035726067
2,2,343758.97280823486,0.812,2.78137,0.6089042057803038
2,2,343763.9730045097,0.812,2.7828398,0.6100318079777853
2,2,343768.97320078453,0.812,2.7845006,0.611159411219527
2,2,343773.97339705937,0.812,2.7861423,0.6122870134130879
2,2,343778.9735933342,0.812,2.7872305,0.6134146191780498
2,2,343783.97378960904,0.812,2.7887197,0.6145422253637908
2,2,343788.9739858839,0.812,2.7903042,0.6156698295382027
2,2,343793.9741821587,0.812,2.791793,0.6167974346728322
2,2,343798.97437843354,0.812,2.7933967,0.6179250395941666
2,2,343803.9745747084,0.812,2.7947903,0.6190526469597681
2,2,343808.9747709832,0.812,2.7962413,0.620180254404081
2,2,343813.97496725805,0.812,2.7977111,0.6213078614950045
2,2,343818.9751635329,0.812,2.7992575,0.6224354682245219
2,2,343823.9753598077,0.812,2.8007655,0.6235630753914612
2,2,343828.97555608256,0.812,2.8022928,0.6246906814901196
2,2,343833.9757523574,0.812,2.8038392,0.6258182889821625
2,2,343838.97594863223,0.812,2.805309,0.6269458947546743
2,2,343843.97614490706,0.812,2.8072753,0.6280734993267519
2,2,343848.9763411819,0.812,2.8086882,0.6292011052249236
2,2,343853.97653745627,0.812,2.8105588,0.6303287099243267
2,2,343858.9767337311,0.812,2.8121815,0.631456314975917
2,2,343863.9769300055,0.812,2.813957,0.6325839218432536
2,2,343868.97712627985,0.812,2.8158278,0.6337115294891759
2,2,343873.9773225542,0.812,2.8175077,0.6348391385749841
2,2,343878.9775188286,0.812,2.8193214,0.6359667459126113
2,2,343883.97771510296,0.812,2.8210204,0.6370943522313367
2,2,343888.9779113773,0.812,2.8226812,0.638221956289397
2,2,343893.9781076517,0.812,2.8243995,0.6393495610576666
2,2,343898.97830392607,0.812,2.826423,0.6404771630703241
2,2,343903.97850020044,0.812,2.828332,0.6416047629743149
2,2,343908.9786964748,0.812,2.830031,0.6427323656101092
2,2,343913.9788927492,0.812,2.8317683,0.643859968689491
2,2,343918.97908902355,0.812,2.8335626,0.6449875726803902
2,2,343923.9792852979,0.812,2.835491,0.6461151770948367
2,2,343928.9794815723,0.812,2.8375907,0.647242781216535
2,2,343933.97967784666,0.812,2.8395953,0.6483703856514855
2,2,343938.979874121,0.812,2.841695,0.649497991291473
2,2,343943.9800703954,0.812,2.8437188,0.6506255954932104
2,2,343948.98026666977,0.812,2.8462005,0.6517532016506921
2,2,343953.98046294414,0.812,2.8481667,0.6528808079009318
2,2,343958.9806592185,0.812,2.8499994,0.6540084151494434
2,2,343963.9808554929,0.812,2.8521948,0.6551360198247728
2,2,343968.98105176724,0.812,2.8546383,0.6562636265281734
2,2,343973.9812480416,0.812,2.8565855,0.6573912312863665
2,2,343978.981444316,0.812,2.8586283,0.6585188363789912
2,2,343983.98164059035,0.812,2.8610337,0.6596464429424799
2,2,343988.9818368647,0.812,2.86321,0.660774053427484
2,2,343993.9820331391,0.812,2.8654435,0.6619016620462004
2,2,343998.98222941346,0.812,2.8675816,0.6630292689411372
2,2,344003.98242568783,0.812,2.8700824,0.6641568735810085
2,2,344008.9826219622,0.812,2.8725069,0.665284476884974
2,2,344013.9828182366,0.812,2.8746831,0.6664120792581767
2,2,344018.98301451094,0.812,2.8771648,0.6675396841446191
2,2,344023.9832107853,0.812,2.8794558,0.6686672873740822
2,2,344028.9834070597,0.812,2.881785,0.6697948907353841
2,2,344033.98360333405,0.812,2.884343,0.6709224970626132
2,2,344038.9837996084,0.812,2.8865764,0.6720501007135341
2,2,344043.9839958828,0.812,2.889039,0.6731777048547198
2,2,344048.98419215716,0.812,2.8916926,0.6743053099622094
2,2,344053.98438843153,0.812,2.89406,0.6754329131184482
2,2,344058.9845847059,0.812,2.8964653,0.6765605124372539
2,2,344063.9847809803,0.812,2.8988323,0.6776881104745333
2,2,344068.98497725464,0.812,2.9017723,0.6788157137995393
2,2,344073.985173529,0.812,2.9040442,0.6799433156410023
2,2,344078.9853698034,0.812,2.906583,0.6810709190769425
2,2,344083.98556607775,0.812,2.909103,0.682198523925824
2,2,344088.9857623521,0.812,2.9119666,0.6833261304367546
2,2,344093.9859586265,0.812,2.9142766,0.684453736472623
2,2,344098.98615490086,0.812,2.9170256,0.6855813418307832
2,2,344103.98635117523,0.812,2.9197745,0.6867089482696518
2,2,344108.9865474496,0.812,2.9223325,0.6878365538203549
2,2,344113.986743724,0.812,2.9250815,0.6889641580999525
2,2,344118.98693999834,0.812,2.9277732,0.6900917638746696
2,2,344123.9871362727,0.812,2.9304268,0.6912193680295512
2,2,344128.9873325471,0.812,2.9332905,0.6923469734749726
2,2,344133.98752882145,0.812,2.9358675,0.6934745767677193
2,2,344138.9877250958,0.812,2.9388838,0.6946021804364223
2,2,344143.9879213702,0.812,2.9416902,0.695729781884488
2,2,344148.98811764456,0.812,2.9445155,0.6968573835868171
2,2,344153.98831391893,0.812,2.9472644,0.6979849839121797
2,2,344158.9885101933,0.812,2.950128,0.6991125876440006
2,2,344163.9887064677,0.812,2.9530299,0.7002401898740429
2,2,344168.98890274204,0.812,2.9561224,0.7013677924141021
2,2,344173.9890990164,0.812,2.9588714,0.7024953929942679
2,2,344178.9892952908,0.812,2.961945,0.7036229924625157
2,2,344183.98949156515,0.812,2.964904,0.7047505891365441
2,2,344188.9896878395,0.812,2.9677484,0.705878183561282
2,2,344193.9898841139,0.812,2.9706693,0.7070057802983919
2,2,344198.99008038826,0.812,2.9737046,0.7081333770972191
2,2,344203.99027666263,0.812,2.9764917,0.709260975926015
2,2,344208.990472937,0.812,2.9798708,0.7103885751149157
2,2,344213.9906692114,0.812,2.9827917,0.7115161747044424
2,2,344218.99086548574,0.812,2.9857123,0.7126437752614517
2,2,344223.9910617601,0.812,2.9888813,0.7137713770697944
2,2,344228.9912580345,0.812,2.992375,0.7148989808716542
2,2,344233.99145430885,0.812,2.995563,0.7160265843867162
2,2,344238.9916505832,0.812,2.998503,0.7171541899907489
2,2,344241.1478489768,0.812,3.000049,0.717640440390259
2,2,344241.14804897644,0.812,3.00003,0.7176404854885307
3,1,344241.1488489765,-0.812,2.896491,-8.922212322552999e-08
3,1,344246.1490452513,-0.812,2.5248535,-0.0011280188104510309
3,1,344251.14924152615,-0.812,2.3812945,-0.0022559476463860934
3,1,344256.149437801,-0.812,2.2878094,-0.003383878637045622
3,1,344261.14963407535,-0.812,2.221356,-0.00451180971022447
3,1,344266.1498303502,-0.812,2.175921,-0.005639737762739261
3,1,344271.150026625,-0.812,2.1459684,-0.006767667416539457
3,1,344276.15022289986,-0.812,2.1251028,-0.007895598342928621
3,1,344281.1504191747,-0.812,2.1083987,-0.009023531048860814
3,1,344286.15061544953,-0.812,2.0936036,-0.010151462291234068
3,1,344291.15081172436,-0.812,2.0796487,-0.011279393413030438
3,1,344296.1510079992,-0.812,2.0654263,-0.012407323260585466
3,1,344301.15120427404,-0.812,2.0503259,-0.013535251150465673
3,1,344306.1514005489,-0.812,2.033813,-0.014663177812321317
3,1,344311.1515968237,-0.812,2.016307,-0.015791103648937408
3,1,344316.15179309854,-0.812,1.998114,-0.01691903189014726
3,1,344321.1519893734,-0.812,1.9798446,-0.018046959868086705
3,1,344326.1521856482,-0.812,1.960926,-0.019174886895620157
3,1,344331.1523819228,-0.812,1.9424275,-0.020302811456074314
3,1,344336.1525781974,-0.812,1.9234518,-0.02143073713583747
3,1,344341.152774472,-0.812,1.904896,-0.022558664842754598
3,1,344346.1529707466,-0.812,1.886073,-0.023686593353672156
3,1,344351.1531670212,-0.812,1.8675745,-0.024814520901915098
3,1,344356.15336329583,-0.812,1.8490379,-0.025942447417620154
3,1,344361.15355957043,-0.812,1.8306156,-0.0270703747557501
3,1,344366.15375584504,-0.812,1.8125372,-0.028198304509007267
3,1,344371.15395211964,-0.812,1.7941341,-0.029326233537783224
3,1,344376.15414839424,-0.812,1.7760365,-0.030454164240906634
3,1,344381.15434466896,-0.812,1.758359,-0.03158209691139062
3,1,344386.1545409439,-0.812,1.7407194,-0.03271003045592374
3,1,344391.15473721863,-0.812,1.7230228,-0.03383796183496051
3,1,344396.15493349335,-0.812,1.706586,-0.0349658933100303
3,1,344401.15512976807,-0.812,1.6904356,-0.036093821564876366
3,1,344406.1553260428,-0.812,1.6752207,-0.03722175228880842
3,1,344411.1555223175,-0.812,1.6612275,-0.03834968413423829
3,1,344416.1557185922,-0.812,1.6484942,-0.039477617909275814
3,1,344421.15591486695,-0.812,1.6369447,-0.04060555113299356
3,1,344426.15611114167,-0.812,1.6266359,-0.04173348360660671
3,1,344431.1563074164,-0.812,1.6177016,-0.042861416181534516
3,1,344436.1565036911,-0.812,1.60976,-0.04398934741682806
3,1,344441.1566999658,-0.812,1.6028875,-0.04511727996128134
3,1,344446.15689624037,-0.812,1.5971605,-0.04624521119271052
3,1,344451.1570925151,-0.812,1.5922352,-0.047373142219053366
3,1,344456.15728878975,-0.812,1.5878634,-0.048501071472618305
3,1,344461.15748506447,-0.812,1.5844654,-0.04962900033957096
3,1,344466.1576813392,-0.812,1.5813537,-0.05075692878932091
3,1,344471.1578776139,-0.812,1.5785856,-0.05188485649348298
3,1,344476.1580738886,-0.812,1.5768293,-0.053012783813294426
3,1,344481.1582701632,-0.812,1.575073,-0.054140713686005926
3,1,344486.15846643783,-0.812,1.5736412,-0.05526864192153016
3,1,344491.15866271243,-0.812,1.5722476,-0.05639657038561171
3,1,344496.15885898704,-0.812,1.571064,-0.05752449963717989
3,1,344501.15905526164,-0.812,1.5700713,-0.05865242827430035
3,1,344506.15925153624,-0.812,1.5694413,-0.05978035536817046
3,1,344511.15944781085,-0.812,1.5687922,-0.06090828254228829
3,1,344516.15964408545,-0.812,1.567876,-0.06203620925361579
3,1,344521.15984036005,-0.812,1.5676087,-0.06316413285102446
3,1,344526.1600366342,-0.812,1.5670933,-0.06429205611273314
3,1,344531.160232909,-0.812,1.5667686,-0.06541997894124851
3,1,344536.16042918386,-0.812,1.5663869,-0.06654790413389602
3,1,344541.1606254587,-0.812,1.5659287,-0.0676758299918539
3,1,344546.16082173353,-0.812,1.5657951,-0.06880375516681207
3,1,344551.16101800837,-0.812,1.5656805,-0.06993168088537123
3,1,344556.1612142832,-0.812,1.5653942,-0.07105960527259111
3,1,344561.16141055804,-0.812,1.5652415,-0.07218753045119179
3,1,344566.1616068329,-0.812,1.5652033,-0.07331545514721009
3,1,344571.1618031077,-0.812,1.5650506,-0.07444338079414102
3,1,344576.16199938254,-0.812,1.5650697,-0.075571306334979
3,1,344581.1621956574,-0.812,1.5650123,-0.07669923308989074
3,1,344586.1623919322,-0.812,1.5647833,-0.07782716501448551
3,1,344591.16258820705,-0.812,1.5648406,-0.07895509385862946
3,1,344596.1627844819,-0.812,1.5646878,-0.08008302298649152
3,1,344601.1629807567,-0.812,1.5648979,-0.08121095437855522
3,1,344606.16317703156,-0.812,1.564917,-0.08233888444559773
3,1,344611.1633733064,-0.812,1.5650123,-0.08346681458959977
3,1,344616.16356958123,-0.812,1.5648024,-0.08459474556846089
3,1,344621.16376585606,-0.812,1.5647451,-0.08572267607159084
3,1,344626.1639621309,-0.812,1.5648024,-0.08685060783777303
3,1,344631.16415840574,-0.812,1.564917,-0.08797853914326428
3,1,344636.1643546801,-0.812,1.564936,-0.08910647093895077
3,1,344641.1645509545,-0.812,1.5652033,-0.09023440248111221
3,1,344646.16474722885,-0.812,1.5648979,-0.09136233352332976
3,1,344651.1649435032,-0.812,1.5649933,-0.09249026454566915
3,1,344656.1651397776,-0.812,1.5649742,-0.09361819725999566
3,1,344661.16533605196,-0.812,1.5649742,-0.0947461304476261
3,1,344666.1655323263,-0.812,1.564917,-0.09587406247379712
3,1,344671.1657286007,-0.812,1.5650506,-0.09700199563850295
3,1,344676.16592487507,-0.812,1.5649933,-0.09812992770703301
3,1,344681.16612114944,-0.812,1.5648024,-0.09925785752284194
3,1,344686.1663174238,-0.812,1.5650315,-0.10038579042877421
3,1,344691.1665136982,-0.812,1.565146,-0.10151372328328091
3,1,344696.16670997255,-0.812,1.5650506,-0.10264165971958636
3,1,344701.1669062469,-0.812,1.5649742,-0.10376959448638888
3,1,344706.1671025213,-0.812,1.5650887,-0.10489752956479124
3,1,344711.16729879566,-0.812,1.5650123,-0.10602546501823597
3,1,344716.16749507,-0.812,1.5651078,-0.10715339973458315
3,1,344721.1676913444,-0.812,1.5650315,-0.10828133382720748
3,1,344726.16788761877,-0.812,1.565146,-0.10940926671658951
3,1,344731.16808389314,-0.812,1.5651078,-0.11053720065494708
3,1,344736.1682801675,-0.812,1.5651652,-0.11166513507106568
3,1,344741.1684764419,-0.812,1.5652033,-0.1127930675030185
3,1,344746.16867271625,-0.812,1.5650315,-0.11392100062140821
3,1,344751.1688689906,-0.812,1.5651269,-0.11504893616838917
3,1,344756.169065265,-0.812,1.5651842,-0.11617686916818551
3,1,344761.16926153935,-0.812,1.5650315,-0.11730479906011289
3,1,344766.1694578137,-0.812,1.5648979,-0.11843272811155847
3,1,344771.1696540881,-0.812,1.5648979,-0.11956065813717906
3,1,344776.16985036246,-0.812,1.5648215,-0.120688589039329
3,1,344781.17004663683,-0.812,1.564917,-0.12181652022246517
3,1,344786.1702429112,-0.812,1.5650506,-0.12294445072035323
3,1,344791.1704391856,-0.812,1.564726,-0.12407238246920702
3,1,344796.17063545994,-0.812,1.5647069,-0.12520031537196036
3,1,344801.1708317343,-0.812,1.564726,-0.12632824550749192
3,1,344806.1710280087,-0.812,1.5646497,-0.1274561784914897
3,1,344811.17122428305,-0.812,1.5646497,-0.1285841121065318
3,1,344816.1714205574,-0.812,1.5645542,-0.12971204299153216
3,1,344821.1716168318,-0.812,1.5646114,-0.1308399740279846
3,1,344826.17181310616,-0.812,1.564726,-0.13196790329657324
3,1,344831.17200938053,-0.812,1.5646114,-0.1330958328941199
3,1,344836.1722056549,-0.812,1.5645351,-0.1342237635294662
3,1,344841.1724019293,-0.812,1.5643634,-0.13535169349874385
3,1,344846.17259820364,-0.812,1.5641533,-0.13647962649771234
3,1,344851.172794478,-0.812,1.5642107,-0.1376075592576364
3,1,344856.1729907524,-0.812,1.564287,-0.13873549034225272
3,1,344861.17318702675,-0.812,1.5641342,-0.13986342224450898
3,1,344866.1733833011,-0.812,1.5636952,-0.14099135168092772
3,1,344871.1735795755,-0.812,1.563886,-0.14211928358608805
3,1,344876.17377584986,-0.812,1.5638098,-0.1432472167234254
3,1,344881.17397212423,-0.812,1.5636569,-0.14437514816883526
3,1,344886.1741683986,-0.812,1.5637906,-0.1455030799654158
3,1,344891.174364673,-0.812,1.5635042,-0.1466310146291056
3,1,344896.17456094734,-0.812,1.5634089,-0.14775894850777904
3,1,344901.1747572217,-0.812,1.563237,-0.1488868826919296
3,1,344906.1749534961,-0.812,1.5631988,-0.1500148170301913
3,1,344911.17514977045,-0.812,1.5631988,-0.1511427498012515
3,1,344916.1753460448,-0.812,1.5629315,-0.15227068208705705
3,1,344921.1755423192,-0.812,1.562836,-0.15339861256471926
3,1,344926.17573859356,-0.812,1.5629125,-0.15452654229491605
3,1,344931.17593486793,-0.812,1.562607,-0.15565447163936813
3,1,344936.1761311423,-0.812,1.5624352,-0.1567824002236888
3,1,344941.1763274167,-0.812,1.5625497,-0.15791033038572788
3,1,344946.17652369104,-0.812,1.5624161,-0.15903825723729847
3,1,344951.1767199654,-0.812,1.5623015,-0.16016618359779966
3,1,344956.1769162398,-0.812,1.5620342,-0.16129411022873374
3,1,344961.17711251415,-0.812,1.5619961,-0.16242203679929826
3,1,344966.1773087885,-0.812,1.5618815,-0.16354996434985586
3,1,344971.1775050629,-0.812,1.561958,-0.1646778944460053
3,1,344976.17770133726,-0.812,1.561538,-0.16580582390565993
3,1,344981.17789761163,-0.812,1.5616143,-0.16693375365765548
3,1,344986.178093886,-0.812,1.5613279,-0.16806168216514908
3,1,344991.1782901604,-0.812,1.5611752,-0.1691896116504039
3,1,344996.17848643474,-0.812,1.560927,-0.17031754218338252
3,1,345001.1786827091,-0.812,1.560908,-0.17144547478481453
3,1,345006.1788789835,-0.812,1.5607553,-0.1725734072405761
3,1,345011.17907525785,-0.812,1.5607362,-0.17370133893746126
3,1,345016.1792715322,-0.812,1.5606598,-0.17482926842984214
3,1,345021.1794678066,-0.812,1.560488,-0.17595719725565767
3,1,345026.17966408096,-0.812,1.5602971,-0.1770851253097851
3,1,345031.1798603558,-0.812,1.5600871,-0.17821305266014392
3,1,345036.18005663063,-0.812,1.5600107,-0.1793409814291529
3,1,345041.18025290547,-0.812,1.559648,-0.18046890972476523
3,1,345046.1804491803,-0.812,1.5594763,-0.18159683476342084
3,1,345051.18064545514,-0.812,1.5593808,-0.18272475922451073
3,1,345056.18084173,-0.812,1.5592853,-0.1838526838442649
3,1,345061.1810380048,-0.812,1.5591898,-0.18498060853410087
3,1,345066.18123427965,-0.812,1.5588081,-0.18610853135738095
3,1,345071.1814305545,-0.812,1.5586745,-0.18723645448295925
3,1,345076.1816268293,-0.812,1.5585599,-0.1883643800744082
3,1,345081.18182310415,-0.812,1.5584263,-0.18949230511083193
3,1,345086.182019379,-0.812,1.558159,-0.1906202310603856
3,1,345091.1822156538,-0.812,1.5579108,-0.1917481566578612
3,1,345096.18241192866,-0.812,1.5577581,-0.1928760832885006
3,1,345101.1826082035,-0.812,1.557739,-0.1940040115998651
3,1,345106.18280447833,-0.812,1.5575099,-0.19513194102630668
3,1,345111.18300075317,-0.812,1.5572999,-0.19625987852850543
3,1,345116.183197028,-0.812,1.5570135,-0.19738781601313737
3,1,345121.18339330284,-0.812,1.5569372,-0.1985157570767567
3,1,345126.1835895777,-0.812,1.556689,-0.19964369232127058
3,1,345131.1837858523,-0.812,1.5564599,-0.20077161973732696
3,1,345136.1839821269,-0.812,1.5561163,-0.2018995464469491
3,1,345141.1841784015,-0.812,1.5559636,-0.2030274758761325
3,1,345146.1843746761,-0.812,1.5558681,-0.2041554044280349
3,1,345151.1845709507,-0.812,1.5557727,-0.2052833347190187
3,1,345156.1847672253,-0.812,1.55541,-0.20641126452803601
3,1,345161.1849634999,-0.812,1.5553336,-0.20753919319702177
3,1,345166.1851597745,-0.812,1.5551236,-0.20866712200915802
3,1,345171.1853560491,-0.812,1.5549899,-0.20979505196354775
3,1,345176.1855523238,-0.812,1.5547419,-0.21092297973191726
3,1,345181.18574859854,-0.812,1.554589,-0.21205090524888356
3,1,345186.18594487314,-0.812,1.5542836,-0.21317883302987933
3,1,345191.18614114786,-0.812,1.5541118,-0.21430676093874362
3,1,345196.1863374226,-0.812,1.553921,-0.215434688675728
3,1,345201.1865336973,-0.812,1.5537109,-0.2165626174589891
3,1,345206.186729972,-0.812,1.5534055,-0.2176905497403806
3,1,345211.18692624674,-0.812,1.5534627,-0.21881848150163877
3,1,345216.18712252146,-0.812,1.5528901,-0.21994641128542675
3,1,345221.1873187962,-0.812,1.5528327,-0.2210743426186673
3,1,345226.1875150709,-0.812,1.5526419,-0.22220227626261432
3,1,345231.18771134556,-0.812,1.5525655,-0.22333020603370984
3,1,345236.1879076203,-0.812,1.5521264,-0.22445813726350652
3,1,345241.188103895,-0.812,1.5518782,-0.22558606550026922
3,1,345246.1883001697,-0.812,1.5516874,-0.22671399138830095
3,1,345251.1884964444,-0.812,1.5514773,-0.22784192032775935
3,1,345256.1886927191,-0.812,1.551191,-0.2289698503627114
3,1,345261.1888889938,-0.812,1.5510764,-0.23009778178539864
3,1,345266.18908526807,-0.812,1.5508665,-0.23122571037609038
3,1,345271.1892815428,-0.812,1.5503892,-0.23235363839662396
3,1,345276.1894778174,-0.812,1.5502365,-0.2334815662765535
3,1,345281.189674092,-0.812,1.5498929,-0.2346094907485974
3,1,345286.1898703666,-0.812,1.549721,-0.23573741851134752
3,1,345291.1900666412,-0.812,1.5494539,-0.23686534503435747
3,1,345296.1902629158,-0.812,1.5491866,-0.237993271674166
3,1,345301.1904591904,-0.812,1.5490147,-0.2391211977106696
3,1,345306.190655465,-0.812,1.5486138,-0.24024912461406644
3,1,345311.19085173984,-0.812,1.5484229,-0.241377056395971
3,1,345316.19104801444,-0.812,1.5483084,-0.24250498744394042
3,1,345321.19124428905,-0.812,1.5479648,-0.24363291621089636
3,1,345326.19144056365,-0.812,1.5477738,-0.2447608418332205
3,1,345331.1916368385,-0.812,1.547583,-0.24588876462169812
3,1,345336.1918331133,-0.812,1.5473157,-0.24701668497700485
3,1,345341.19202938816,-0.812,1.5470102,-0.24814460557218718
3,1,345346.192225663,-0.812,1.5468575,-0.24927252329029304
3,1,345351.1924219378,-0.812,1.5466285,-0.25040044142789636
3,1,345356.19261821266,-0.812,1.5465139,-0.2515283583123816
3,1,345361.1928144875,-0.812,1.5461512,-0.25265627769357624
3,1,345366.19301076233,-0.812,1.5458076,-0.2537841986550953
3,1,345371.19320703717,-0.812,1.5455021,-0.2549121194388601
3,1,345376.193403312,-0.812,1.5452348,-0.25604004220788673
3,1,345381.19359958684,-0.812,1.5450821,-0.25716796344698467
3,1,345386.1937958617,-0.812,1.5447385,-0.2582958850278192
3,1,345391.1939921365,-0.812,1.5445476,-0.25942380511381224
3,1,345396.19418841135,-0.812,1.5442421,-0.2605517236012021
3,1,345401.1943846862,-0.812,1.5438412,-0.2616796457193692
3,1,345406.194580961,-0.812,1.5434785,-0.2628075686881873
3,1,345411.19477723585,-0.812,1.5432876,-0.2639354908821913
3,1,345416.1949735107,-0.812,1.5430968,-0.2650634149514999
3,1,345421.1951697855,-0.812,1.542734,-0.2661913405762645
3,1,345426.19536606036,-0.812,1.5424858,-0.2673192655735379
3,1,345431.19556233473,-0.812,1.5421422,-0.2684471874672405
3,1,345436.1957586091,-0.812,1.5418367,-0.26957510784309757
3,1,345441.1959548835,-0.812,1.5414358,-0.27070302818880465
3,1,345446.19615115784,-0.812,1.5410732,-0.27183094945075764
3,1,345451.1963474322,-0.812,1.540825,-0.27295887273358294
3,1,345456.1965437066,-0.812,1.5405004,-0.27408679820609744
3,1,345461.19673998095,-0.812,1.5400804,-0.275214724987818
3,1,345466.1969362553,-0.812,1.5399468,-0.276342649738411
3,1,345471.1971325297,-0.812,1.5396223,-0.2774705736197265
3,1,345476.19732880406,-0.812,1.5394313,-0.27859849675699394
3,1,345481.19752507843,-0.812,1.5389351,-0.27972642091701083
3,1,345486.1977213528,-0.812,1.5388205,-0.2808543455069759
3,1,345491.19791762717,-0.812,1.538706,-0.281982270145734
3,1,345496.19811390154,-0.812,1.5381714,-0.28311019412992056
3,1,345501.1983101759,-0.812,1.5379996,-0.284238121424198
3,1,345506.1985064503,-0.812,1.537446,-0.2853660450455876
3,1,345511.19870272465,-0.812,1.5371978,-0.28649396980837305
3,1,345516.198898999,-0.812,1.5369496,-0.28762189531114685
3,1,345521.1990952734,-0.812,1.5366061,-0.28874982339369243
3,1,345526.19929154776,-0.812,1.5363388,-0.28987775015885286
3,1,345531.19948782213,-0.812,1.5359188,-0.29100567824786555
3,1,345536.1996840965,-0.812,1.5356324,-0.2921336059439346
3,1,345541.19988037087,-0.812,1.5353651,-0.29326153275709005
3,1,345546.20007664524,-0.812,1.5349451,-0.29438946111236663
3,1,345551.2002729196,-0.812,1.5347161,-0.29551738718801723
3,1,345556.200469194,-0.812,1.534277,-0.29664531250936443
3,1,345561.20066546835,-0.812,1.5341625,-0.2977732372314763
3,1,345566.2008617427,-0.812,1.5336852,-0.29890116228509267
3,1,345571.2010580171,-0.812,1.5332843,-0.3000290851660237
3,1,345576.20125429146,-0.812,1.532998,-0.30115700979979493
3,1,345581.20145056583,-0.812,1.5329025,-0.3022849346384008
3,1,345586.2016468402,-0.812,1.532578,-0.30341285830474884
3,1,345591.20184311457,-0.812,1.532158,-0.3045407817456887
3,1,345596.20203938894,-0.812,1.5321007,-0.3056687064743339
3,1,345601.2022356633,-0.812,1.531528,-0.30679663028007076
3,1,345606.2024319377,-0.812,1.5311271,-0.3079245544469256
3,1,345611.20262821205,-0.812,1.5310125,-0.3090524824887911
3,1,345616.2028244864,-0.812,1.5305735,-0.31018040671717784
3,1,345621.2030207608,-0.812,1.5302681,-0.3113083325610359
3,1,345626.20321703516,-0.812,1.5299627,-0.3124362573825584
3,1,345631.20341330953,-0.812,1.529619,-0.3135641831784248
3,1,345636.2036095839,-0.812,1.5291035,-0.3146921100178957
3,1,345641.20380585827,-0.812,1.52876,-0.31582003857609964
3,1,345646.20400213264,-0.812,1.5284927,-0.31694796650699447
3,1,345651.204198407,-0.812,1.5279008,-0.31807589408763587
3,1,345656.2043946814,-0.812,1.5276909,-0.31920382420650795
3,1,345661.20459095575,-0.812,1.5274236,-0.320331751995759
3,1,345666.2047872301,-0.812,1.5270036,-0.3214596798981429
3,1,345671.2049835045,-0.812,1.5267936,-0.32258760783304113
3,1,345676.20517977886,-0.812,1.52624,-0.32371553867589437
3,1,345681.2053760532,-0.812,1.5258582,-0.3248434675057895
3,1,345686.2055723276,-0.812,1.5255337,-0.32597139251745416
3,1,345691.20576860197,-0.812,1.5252664,-0.32709931918115426
3,1,345696.20596487634,-0.812,1.524751,-0.3282272444720368
3,1,345701.2061611507,-0.812,1.5244455,-0.32935517214869797
3,1,345706.2063574251,-0.812,1.5241783,-0.3304830966837738
3,1,345711.20655369945,-0.812,1.5238537,-0.3316110218176279
3,1,345716.2067499738,-0.812,1.5234146,-0.33273894851727953
3,1,345721.2069462482,-0.812,1.5230519,-0.3338668764119811
3,1,345726.20714252256,-0.812,1.5227274,-0.33499480656773517
3,1,345731.2073387969,-0.812,1.5223455,-0.33612273406274457
3,1,345736.2075350713,-0.812,1.5218683,-0.3372506623247167
3,1,345741.20773134567,-0.812,1.521582,-0.3383785904246867
3,1,345746.20792762004,-0.812,1.5213338,-0.3395065184023248
3,1,345751.2081238944,-0.812,1.5207993,-0.3406344437184864
3,1,345756.2083201688,-0.812,1.5206656,-0.34176237036517926
3,1,345761.20851644315,-0.812,1.5201311,-0.3428902967958285
3,1,345766.2087127175,-0.812,1.5198065,-0.34401822244707747
3,1,345771.2089089919,-0.812,1.5191575,-0.34514614880667466
3,1,345776.20910526626,-0.812,1.5189284,-0.34627407380176256
3,1,345781.2093015406,-0.812,1.5185466,-0.3474019999943707
3,1,345786.209497815,-0.812,1.5183175,-0.3485299297412369
3,1,345791.20969408937,-0.812,1.5178593,-0.3496578582124843
3,1,345796.20989036374,-0.812,1.5175539,-0.35078578472828537
3,1,345801.2100866381,-0.812,1.5170957,-0.35191371259430054
3,1,345806.2102829125,-0.812,1.5166949,-0.3530416402678689
3,1,345811.21047918685,-0.812,1.5162367,-0.3541695673186647
3,1,345816.2106754612,-0.812,1.5158739,-0.35529749384951265
3,1,345821.2108717356,-0.812,1.5155494,-0.35642541878789336
3,1,345826.2110680104,-0.812,1.5151294,-0.35755334793274607
3,1,345831.21126428526,-0.812,1.5145568,-0.35868127878203
3,1,345836.2114605601,-0.812,1.5141368,-0.3598092089000146
3,1,345841.21165683493,-0.812,1.5139267,-0.36093713755859935
3,1,345846.21185310977,-0.812,1.5136404,-0.3620650642791027
3,1,345851.2120493846,-0.812,1.5129913,-0.36319299061294735
3,1,345856.21224565944,-0.812,1.5124186,-0.36432091454957266
3,1,345861.2124419343,-0.812,1.5121323,-0.36544884023712415
3,1,345866.2126382091,-0.812,1.5117314,-0.36657676375450365
3,1,345871.21283448394,-0.812,1.5113305,-0.3677046880213089
3,1,345876.2130307588,-0.812,1.5108722,-0.3688326138504181
3,1,345881.2132270336,-0.812,1.5104715,-0.3699605405454934
3,1,345886.21342330845,-0.812,1.5098605,-0.3710884689395428
3,1,345891.2136195833,-0.812,1.5096314,-0.37221639457608924
3,1,345896.2138158581,-0.812,1.5091351,-0.37334432099951637
3,1,345901.21401213296,-0.812,1.5085623,-0.3744722488238149
3,1,345906.2142084078,-0.812,1.5081042,-0.37560017503999005
3,1,345911.2144046826,-0.812,1.5076842,-0.3767281000387072
3,1,345916.21460095746,-0.812,1.5073788,-0.3778560229850709
3,1,345921.2147972323,-0.812,1.5067297,-0.3789839480330745
3,1,345926.2149935069,-0.812,1.506138,-0.3801118745525313
3,1,345931.2151897815,-0.812,1.5058515,-0.381239801148547
3,1,345936.2153860561,-0.812,1.5054698,-0.38236773054807377
3,1,345941.2155823307,-0.812,1.5047443,-0.38349565897315735
3,1,345946.2157786053,-0.812,1.5045344,-0.38462359038866556
3,1,345951.2159748799,-0.812,1.5041335,-0.3857515222118662
3,1,345956.2161711545,-0.812,1.5035225,-0.38687945275718966
3,1,345961.2163674291,-0.812,1.5030262,-0.38800737928919987
3,1,345966.2165637037,-0.812,1.5024534,-0.38913530523916745
3,1,345971.2167599783,-0.812,1.5022244,-0.39026323199482427
3,1,345976.21695625305,-0.812,1.501709,-0.39139115837940575
3,1,345981.21715252777,-0.812,1.5013081,-0.39251908037515815
3,1,345986.2173488025,-0.812,1.5007926,-0.3936470043619507
3,1,345991.2175450772,-0.812,1.5002581,-0.3947749268833631
3,1,345996.2177413519,-0.812,1.499609,-0.39590284781831836
3,1,346001.21793762664,-0.812,1.4990554,-0.3970307696831889
3,1,346006.2181339009,-0.812,1.4985782,-0.3981586938451098
3,1,346011.2183301756,-0.812,1.49812,-0.39928661631670925
3,1,346016.21852645034,-0.812,1.4976045,-0.4004145425531864
3,1,346021.21872272505,-0.812,1.4970701,-0.40154246938113375
3,1,346026.2189189997,-0.812,1.4965928,-0.40267039770128
3,1,346031.21911527443,-0.812,1.4960201,-0.4037983247184588
3,1,346036.21931154915,-0.812,1.4954282,-0.4049262517479923
3,1,346041.2195078239,-0.812,1.4951228,-0.40605417968423496
3,1,346046.2197040986,-0.812,1.4946456,-0.4071821082548631
3,1,346051.21990037325,-0.812,1.4939965,-0.40831003567537
3,1,346056.220096648,-0.812,1.493481,-0.40943796445565417
3,1,346061.2202929227,-0.812,1.493042,-0.41056589349882466
3,1,346066.2204891974,-0.812,1.4923738,-0.41169382018196576
3,1,346071.22068547213,-0.812,1.4919156,-0.41282174425938056
3,1,346076.22088174685,-0.812,1.491152,-0.41394966581273074
3,1,346081.22107802145,-0.812,1.4908274,-0.41507758723547716
3,1,346086.22127429605,-0.812,1.4903693,-0.4162055075119435
3,1,346091.22147057066,-0.812,1.4897776,-0.4173334295980135
3,1,346096.22166684526,-0.812,1.4891475,-0.4184613532217078
3,1,346101.22186311986,-0.812,1.4887276,-0.41958927720729833
3,1,346106.22205939447,-0.812,1.4879639,-0.42071719952083286
3,1,346111.22225566907,-0.812,1.487563,-0.42184512057220924
3,1,346116.2224519437,-0.812,1.4869903,-0.4229730402037434
3,1,346121.2226482183,-0.812,1.4863412,-0.42410096172343675
3,1,346126.2228444931,-0.812,1.485845,-0.4252288872726161
3,1,346131.22304076795,-0.812,1.4851385,-0.4263568131994239
3,1,346136.2232370428,-0.812,1.4846232,-0.42748473993312636
3,1,346141.2234333176,-0.812,1.4840887,-0.42861266734217257
3,1,346146.22362959245,-0.812,1.4834205,-0.42974059458137204
3,1,346151.2238258673,-0.812,1.4827714,-0.4308685226326583
3,1,346156.2240221421,-0.812,1.4823514,-0.4319964498343466
3,1,346161.22421841696,-0.812,1.4817405,-0.4331243766207892
3,1,346166.2244146918,-0.812,1.4813205,-0.4342523043518793
3,1,346171.22461096663,-0.812,1.4808815,-0.4353802316845819
3,1,346176.22480724147,-0.812,1.4801178,-0.43650816075693216
3,1,346181.2250035163,-0.812,1.4795833,-0.43763608596695114
3,1,346186.22519979114,-0.812,1.4791633,-0.4387640112577145
3,1,346191.225396066,-0.812,1.4782088,-0.4398919367513854
3,1,346196.2255923408,-0.812,1.4776361,-0.4410198620479503
3,1,346201.22578861564,-0.812,1.4767771,-0.44214778816724803
3,1,346206.2259848905,-0.812,1.4764143,-0.44327571590701725
3,1,346211.2261811653,-0.812,1.4757271,-0.44440364068840266
3,1,346216.22637744015,-0.812,1.4752498,-0.44553156643884034
3,1,346221.226573715,-0.812,1.4744672,-0.446659494915972
3,1,346226.22676998936,-0.812,1.4736844,-0.44778742395540067
3,1,346231.2269662637,-0.812,1.4732645,-0.4489153532403408
3,1,346236.2271625381,-0.812,1.472558,-0.45004328251996295
3,1,346241.22735881247,-0.812,1.4717945,-0.4511712095908257
3,1,346246.22755508684,-0.812,1.4713172,-0.4522991356559031
3,1,346251.2277513612,-0.812,1.4705727,-0.4534270603579381
3,1,346256.2279476356,-0.812,1.4698472,-0.45455498676388784
3,1,346261.22814390995,-0.812,1.4693891,-0.4556829157481789
3,1,346266.2283401843,-0.812,1.4688355,-0.45681084593475185
3,1,346271.2285364587,-0.812,1.4680146,-0.4579387760090065
3,1,346276.22873273306,-0.812,1.46727,-0.4590667022822233
3,1,346281.2289290074,-0.812,1.4666018,-0.4601946294420029
3,1,346286.2291252818,-0.812,1.4658383,-0.46132255667027816
3,1,346291.22932155617,-0.812,1.4653419,-0.4624504851324855
3,1,346296.22951783054,-0.812,1.4645975,-0.4635784124058914
3,1,346301.2297141049,-0.812,1.4638338,-0.46470634073187567
3,1,346306.2299103793,-0.812,1.463223,-0.4658342683759364
3,1,346311.23010665365,-0.812,1.4625739,-0.4669621941623157
3,1,346316.230302928,-0.812,1.4615811,-0.4680901229960587
3,1,346321.2304992024,-0.812,1.4610084,-0.46921805116328924
3,1,346326.23069547676,-0.812,1.4600921,-0.47034598288696006
3,1,346331.2308917511,-0.812,1.4595194,-0.4714739125912553
3,1,346336.2310880255,-0.812,1.4585458,-0.4726018429482049
3,1,346341.23128429987,-0.812,1.4580303,-0.473729772910479
3,1,346346.23148057424,-0.812,1.4571332,-0.47485770231972135
3,1,346351.2316768486,-0.812,1.4563122,-0.47598563353321616
3,1,346356.231873123,-0.812,1.4556249,-0.47711356664956606
3,1,346361.23206939735,-0.812,1.455224,-0.47824150131043125
3,1,346366.2322656717,-0.812,1.4544414,-0.4793694337961177
3,1,346371.2324619461,-0.812,1.4536396,-0.48049736772427626
3,1,346376.23265822046,-0.812,1.4528188,-0.48162530062612563
3,1,346381.2328544948,-0.812,1.4521123,-0.4827532304010524
3,1,346386.2330507692,-0.812,1.4515778,-0.4838811632928683
3,1,346391.23324704356,-0.812,1.4506806,-0.4850090978003078
3,1,346396.23344331793,-0.812,1.449936,-0.4861370295639833
3,1,346401.2336395923,-0.812,1.4491916,-0.48726496217764753
3,1,346406.2338358667,-0.812,1.4482371,-0.48839289238173106
3,1,346411.23403214104,-0.812,1.4475307,-0.4895208240861761
3,1,346416.2342284154,-0.812,1.4467099,-0.49064875674526565
3,1,346421.2344246898,-0.812,1.4458317,-0.49177669049314665
3,1,346426.23462096415,-0.812,1.4450872,-0.49290462432485493
3,1,346431.2348172385,-0.812,1.4440563,-0.49403255776595084
3,1,346436.2350135129,-0.812,1.4433309,-0.4951604902959069
3,1,346441.23520978726,-0.812,1.4424908,-0.4962884206043151
3,1,346446.23540606163,-0.812,1.4415363,-0.4974163548840649
3,1,346451.235602336,-0.812,1.4406391,-0.4985442869498763
3,1,346456.2357986104,-0.812,1.4399136,-0.4996722181939483
3,1,346461.23599488474,-0.812,1.4390355,-0.5008001496412887
3,1,346466.2361911591,-0.812,1.4384055,-0.5019280807488197
3,1,346471.2363874335,-0.812,1.4374129,-0.5030560121114122
3,1,346476.23658370785,-0.812,1.4369738,-0.5041839444154633
3,1,346481.2367799822,-0.812,1.4360956,-0.5053118750235372
3,1,346486.2369762566,-0.812,1.4351411,-0.5064398061353068
3,1,346491.23717253096,-0.812,1.4342821,-0.5075677375758688
3,1,346496.23736880533,-0.812,1.4331748,-0.5086956651143498
3,1,346501.2375650797,-0.812,1.4325067,-0.5098235947871375
3,1,346506.2377613541,-0.812,1.431743,-0.5109515232901077
3,1,346511.23795762844,-0.812,1.4305403,-0.5120794514443014
3,1,346516.2381539028,-0.812,1.4299103,-0.5132073833829993
3,1,346521.2383501772,-0.812,1.4289176,-0.5143353124053611
3,1,346526.23854645155,-0.812,1.428154,-0.51546324126484
3,1,346531.2387427259,-0.812,1.4271232,-0.5165911683414843
3,1,346536.2389390003,-0.812,1.4263214,-0.5177190962582231
3,1,346541.23913527466,-0.812,1.425405,-0.5188470269250837
3,1,346546.23933154903,-0.812,1.4244696,-0.5199749561700987
3,1,346551.2395278234,-0.812,1.4236106,-0.5211028836619954
3,1,346556.2397240978,-0.812,1.4228278,-0.522230816346205
3,1,346561.23992037214,-0.812,1.4218924,-0.5233587485947014
3,1,346566.2401166465,-0.812,1.420976,-0.524486680919409
3,1,346571.2403129209,-0.812,1.4199643,-0.5256146146579354
3,1,346576.24050919525,-0.812,1.4191244,-0.526742544193778
3,1,346581.2407054696,-0.812,1.4180744,-0.5278704713041585
3,1,346586.240901744,-0.812,1.4170244,-0.5289983980536264
3,1,346591.24109801836,-0.812,1.4160699,-0.530126322919402
3,1,346596.24129429273,-0.812,1.4150772,-0.5312542516995538
3,1,346601.2414905671,-0.812,1.4141418,-0.5323821806834739
3,1,346606.2416868415,-0.812,1.41334,-0.5335101091270282
3,1,346611.24188311584,-0.812,1.4121946,-0.5346380389869844
3,1,346616.2420793902,-0.812,1.4112782,-0.5357659696256519
3,1,346621.24227566505,-0.812,1.4102283,-0.5368939021160041
3,1,346626.2424719399,-0.812,1.4092737,-0.5380218333456518
3,1,346631.2426682147,-0.812,1.4083383,-0.5391497642226651
3,1,346636.24286448956,-0.812,1.4075174,-0.5402776937683988
3,1,346641.2430607644,-0.812,1.4064293,-0.5414056231706145
3,1,346646.2432570392,-0.812,1.405112,-0.5425335546906129
3,1,346651.24345331406,-0.812,1.404043,-0.5436614824364453
3,1,346656.2436495889,-0.812,1.4033176,-0.5447894126686423
3,1,346661.24384586373,-0.812,1.4024203,-0.5459173444573551
3,1,346666.24404213857,-0.812,1.4013895,-0.5470452762739164
3,1,346671.2442384134,-0.812,1.4003204,-0.5481732077266477
3,1,346676.24443468824,-0.812,1.3991559,-0.549301141838723
3,1,346681.2446309631,-0.812,1.3983159,-0.5504290742357674
3,1,346686.2448272379,-0.812,1.3973805,-0.5515570037171148
3,1,346691.24502351275,-0.812,1.3963878,-0.5526849328603217
3,1,346696.2452197876,-0.812,1.395166,-0.5538128653283055
3,1,346701.2454160624,-0.812,1.3942115,-0.554940796898852
3,1,346706.24561233725,-0.812,1.3929707,-0.5560687302531105
3,1,346711.2458086121,-0.812,1.3918443,-0.5571966616588336
3,1,346716.2460048869,-0.812,1.3909088,-0.5583245915922525
3,1,346721.2462011615,-0.812,1.3897061,-0.5594525226293969
3,1,346726.24639743613,-0.812,1.3885989,-0.5605804538842044
3,1,346731.24659371073,-0.812,1.387339,-0.5617083832165203
3,1,346736.24678998534,-0.812,1.3862318,-0.5628363112469218
3,1,346741.2469862595,-0.812,1.3853154,-0.5639642390791643
3,1,346746.2471825341,-0.812,1.3838454,-0.5650921691248286
3,1,346751.2473788087,-0.812,1.3824519,-0.5662200985729431
3,1,346756.2475750833,-0.812,1.381211,-0.5673480297418569
3,1,346761.2477713579,-0.812,1.3798938,-0.5684759630645515
3,1,346766.2479676325,-0.812,1.3787675,-0.569603894464079
3,1,346771.2481639072,-0.812,1.3778511,-0.5707318276901147
3,1,346776.2483601819,-0.812,1.3764957,-0.5718597614808415
3,1,346781.24855645665,-0.812,1.3751594,-0.5729876952227123
3,1,346786.24875273136,-0.812,1.374014,-0.5741156289248103
3,1,346791.2489490061,-0.812,1.3728685,-0.5752435625288719
3,1,346796.2491452808,-0.812,1.3717232,-0.5763714960022503
3,1,346801.2493415555,-0.812,1.3702532,-0.5774994295910002
3,1,346806.24953783024,-0.812,1.3691268,-0.5786273610980147
3,1,346811.24973410496,-0.812,1.3679814,-0.5797552892552317
3,1,346816.2499303797,-0.812,1.3670079,-0.5808832172571753
3,1,346821.2501266544,-0.812,1.3660533,-0.5820111463482083
3,1,346826.2503229291,-0.812,1.3646979,-0.5831390752565564
3,1,346831.2505192038,-0.812,1.3635525,-0.5842670069338581
3,1,346836.2507154785,-0.812,1.3622925,-0.5853949364393156
3,1,346841.2509117532,-0.812,1.3610898,-0.5865228663982618
3,1,346846.2511080279,-0.812,1.359658,-0.5876507976462014
3,1,346851.2513043026,-0.812,1.3585508,-0.588778732398722
3,1,346856.2515005773,-0.812,1.3572145,-0.5899066634254192
3,1,346861.25169685204,-0.812,1.3559164,-0.5910345951860912
3,1,346866.251893127,-0.812,1.3546755,-0.5921625280807582
3,1,346871.2520894017,-0.812,1.3534538,-0.5932904641603597
3,1,346876.2522856763,-0.812,1.3518692,-0.5944183988746968
3,1,346881.2524819509,-0.812,1.3506093,-0.5955463364889821
3,1,346886.2526782255,-0.812,1.349292,-0.5966742712990278
3,1,346891.2528745001,-0.812,1.3480129,-0.5978022056334052
3,1,346896.2530707747,-0.812,1.3463712,-0.5989301382142439
3,1,346901.2532670493,-0.812,1.3449776,-0.6000580726364521
3,1,346906.2534633239,-0.812,1.3436794,-0.6011860060640607
3,1,346911.25365959853,-0.812,1.3422477,-0.6023139387303194
3,1,346916.25385587313,-0.812,1.3411214,-0.6034418708875113
3,1,346921.25405214773,-0.812,1.339575,-0.6045698010107312
3,1,346926.25424842257,-0.812,1.3381433,-0.6056977321070532
3,1,346931.2544446974,-0.812,1.3367687,-0.6068256630363498
3,1,346936.25464097224,-0.812,1.3352989,-0.6079535954273311
3,1,346941.2548372471,-0.812,1.3338289,-0.6090815306481686
3,1,346946.2550335219,-0.812,1.3322253,-0.610209464820799
3,1,346951.25522979675,-0.812,1.3310226,-0.6113373974636364
3,1,346956.2554260716,-0.812,1.3292663,-0.6124653299411437
3,1,346961.2556223464,-0.812,1.3277009,-0.6135932644354238
3,1,346966.25581862126,-0.812,1.3263264,-0.614721198292676
3,1,346971.2560148961,-0.812,1.3246655,-0.6158491365849708
3,1,346976.2562111709,-0.812,1.323272,-0.6169770749675334
3,1,346981.25640744576,-0.812,1.3214583,-0.6181050127805604
3,1,346986.2566037206,-0.812,1.320332,-0.6192329510261648
3,1,346991.25679999543,-0.812,1.3185567,-0.6203608899582823
3,1,346996.25699627027,-0.812,1.3170867,-0.6214888263917268
3,1,347001.2571925451,-0.812,1.315464,-0.6226167635034489
3,1,347006.25738881994,-0.812,1.3138795,-0.623744699557215
3,1,347011.2575850943,-0.812,1.3122951,-0.6248726351473662
3,1,347016.25778136915,-0.812,1.3107105,-0.626000570216202
3,1,347021.257977644,-0.812,1.3091642,-0.6271285059115886
3,1,347026.25817391835,-0.812,1.3074461,-0.6282564401625493
3,1,347031.2583701927,-0.812,1.3058616,-0.6293843723752398
3,1,347036.2585664671,-0.812,1.3043153,-0.6305123045905562
3,1,347041.25876274146,-0.812,1.3030553,-0.6316402389982043
3,1,347046.25895901583,-0.812,1.3015472,-0.6327681750947632
3,1,347051.2591552902,-0.812,1.2999436,-0.633896108250131
3,1,347056.2593515646,-0.812,1.2982637,-0.6350240390351015
3,1,347061.25954783894,-0.812,1.2965838,-0.6361519702252976
3,1,347066.2597441133,-0.812,1.2951138,-0.6372799022697242
3,1,347071.2599403877,-0.812,1.2931856,-0.6384078352688053
3,1,347076.26013666205,-0.812,1.2913148,-0.6395357685677374
3,1,347081.2603329364,-0.812,1.2895393,-0.6406637004136507
3,1,347086.2605292108,-0.812,1.2876877,-0.6417916301227938
3,1,347091.26072548516,-0.812,1.2860459,-0.6429195650400849
3,1,347096.26092175953,-0.812,1.2842513,-0.6440474998225568
3,1,347101.2611180339,-0.812,1.2825714,-0.6451754315048653
3,1,347106.26131430827,-0.812,1.2808915,-0.6463033621870807
3,1,347111.26151058264,-0.812,1.2792115,-0.6474312921308112
3,1,347116.261706857,-0.812,1.2772453,-0.6485592249817151
3,1,347121.2619031314,-0.812,1.2756989,-0.6496871581624613
3,1,347126.26209940575,-0.812,1.2740762,-0.650815092374232
3,1,347131.2622956801,-0.812,1.2722054,-0.6519430261146293
3,1,347136.2624919545,-0.812,1.2705636,-0.6530709579054977
3,1,347141.26268822886,-0.812,1.2687882,-0.6541988907632595
3,1,347146.26288450323,-0.812,1.267242,-0.6553268210477265
3,1,347151.2630807776,-0.812,1.2655811,-0.6564547497389515
3,1,347156.26327705197,-0.812,1.2636912,-0.6575826801983183
3,1,347161.26347332634,-0.812,1.2618966,-0.6587106103834542
3,1,347166.2636696007,-0.812,1.2600831,-0.6598385401035878
3,1,347171.2638658751,-0.812,1.2583268,-0.6609664704737034
3,1,347176.26406214945,-0.812,1.2564559,-0.6620944003644552
3,1,347181.2642584238,-0.812,1.2545278,-0.6632223303663565
3,1,347186.2644546982,-0.812,1.2529814,-0.6643502605466644
3,1,347191.26465097256,-0.812,1.2510915,-0.6654781930718653
3,1,347196.26484724693,-0.812,1.2492398,-0.6666061243751479
3,1,347201.2650435213,-0.812,1.2474835,-0.6677340544061461
3,1,347206.26523979567,-0.812,1.2453835,-0.6688619820235767
3,1,347211.26543607004,-0.812,1.2434745,-0.6699899083504344
3,1,347216.2656323444,-0.812,1.2416991,-0.6711178348970677
3,1,347221.2658286188,-0.812,1.2398665,-0.6722457606297366
3,1,347226.26602489315,-0.812,1.2379766,-0.6733736875697175
3,1,347231.2662211675,-0.812,1.2360674,-0.6745016121896703
3,1,347236.2664174419,-0.812,1.2343875,-0.6756295380631784
3,1,347241.26661371626,-0.812,1.2322494,-0.6767574658699167
3,1,347246.26680999063,-0.812,1.2304549,-0.6778853945787183
3,1,347251.267006265,-0.812,1.2288704,-0.6790133195573553
3,1,347256.26720253937,-0.812,1.2270569,-0.6801412468442186
3,1,347261.26739881374,-0.812,1.2250524,-0.6812691760629546
3,1,347266.2675950881,-0.812,1.2234678,-0.6823971018293994
3,1,347271.2677913625,-0.812,1.2214061,-0.6835250260450672
3,1,347276.26798763685,-0.812,1.2194399,-0.6846529537698193
3,1,347281.2681839112,-0.812,1.2172827,-0.6857808837247521
3,1,347286.2683801856,-0.812,1.2153163,-0.6869088130809164
3,1,347291.26857645996,-0.812,1.2132927,-0.6880367446476615
3,1,347296.26877273433,-0.812,1.2117083,-0.6891646783108675
3,1,347301.2689690087,-0.812,1.209742,-0.6902926110449761
3,1,347306.26916528307,-0.812,1.2075466,-0.6914205420947668
3,1,347311.26936155744,-0.812,1.205523,-0.6925484691937596
3,1,347316.2695578318,-0.812,1.2033849,-0.6936763976954251
3,1,347321.2697541062,-0.812,1.2011895,-0.6948043245384987
3,1,347324.1007520072,-0.812,1.1999868,-0.6954429325779408
3,1,347324.10095200734,-0.812,1.2001586,-0.6954429776917824
3,2,347324.1017520074,0.812,1.2997886,8.956391281551785e-08
3,2,347329.10194828175,0.812,1.5677805,0.0011276916134191884
3,2,347334.1021445561,0.812,1.6549659,0.002255294600367546
3,2,347339.1023408305,0.812,1.7210755,0.0033828962177634243
3,2,347344.10253710486,0.812,1.7762084,0.004510498017221689
3,2,347349.10273337923,0.812,1.8240486,0.005638100245190991
3,2,347354.1029296536,0.812,1.8663336,0.0067656994462940425
3,2,347359.10312592797,0.812,1.9047433,0.007893299694849386
3,2,347364.10332220234,0.812,1.9400795,0.009020898060825136
3,2,347369.1035184767,0.812,1.9725902,0.010148496825082435
3,2,347374.1037147511,0.812,2.0023901,0.011276092775364717
3,2,347379.10391102545,0.812,2.0299947,0.012403690539373291
3,2,347384.1041072998,0.812,2.0553658,0.013531290012528499
3,2,347389.1043035742,0.812,2.0789232,0.014658888470398056
3,2,347394.10449984856,0.812,2.1001709,0.015786487617300615
3,2,347399.10469612293,0.812,2.1197193,0.01691408522751596
3,2,347404.1048923973,0.812,2.137817,0.01804168053617742
3,2,347409.10508867167,0.812,2.1544445,0.019169277852518686
3,2,347414.10528494604,0.812,2.1694877,0.020296877410014465
3,2,347419.1054812204,0.812,2.1836145,0.02142447679895162
3,2,347424.1056774948,0.812,2.1964622,0.02255207642111513
3,2,347429.10587376915,0.812,2.2084317,0.02367967456004023
3,2,347434.1060700435,0.812,2.2193134,0.02480727177332838
3,2,347439.1062663179,0.812,2.2294502,0.025934867054356464
3,2,347444.10646259226,0.812,2.2388809,0.02706246184185478
3,2,347449.1066588666,0.812,2.2476623,0.02819005591913395
3,2,347454.106855141,0.812,2.2557185,0.029317650970617927
3,2,347459.10705141537,0.812,2.2633164,0.030445245256877605
3,2,347464.10724768974,0.812,2.2703798,0.031572836341387696
3,2,347469.1074439641,0.812,2.2768323,0.03270042780955964
3,2,347474.1076402385,0.812,2.283132,0.03382802148400744
3,2,347479.10783651285,0.812,2.2891266,0.034955615526166224
3,2,347484.1080327872,0.812,2.2949872,0.03608320947471923
3,2,347489.1082290616,0.812,2.3001225,0.037210801853547484
3,2,347494.10842533596,0.812,2.3054106,0.03833839398639069
3,2,347499.1086216103,0.812,2.3101068,0.03946598774736126
3,2,347504.1088178847,0.812,2.314574,0.040593584506087826
3,2,347509.10901415907,0.812,2.3191938,0.04172117887666821
3,2,347514.10921043344,0.812,2.3235083,0.04284877622149387
3,2,347519.1094067078,0.812,2.3276126,0.04397637394905752
3,2,347524.1096029822,0.812,2.3316214,0.045103973295943595
3,2,347529.10979925655,0.812,2.3353822,0.04623157395122779
3,2,347534.1099955309,0.812,2.3390477,0.04735917344738046
3,2,347539.1101918053,0.812,2.3425412,0.048486775363203546
3,2,347544.11038807966,0.812,2.3460348,0.0496143802004622
3,2,347549.110584354,0.812,2.34949,0.05074198606401681
3,2,347554.1107806284,0.812,2.352468,0.05186959023596842
3,2,347559.11097690277,0.812,2.3557518,0.052997195289231
3,2,347564.11117317714,0.812,2.3590734,0.05412479997199442
3,2,347569.1113694515,0.812,2.3621278,0.05525240503887004
3,2,347574.1115657259,0.812,2.3650486,0.05638001272091931
3,2,347579.11176200025,0.812,2.3681796,0.05750762223687105
3,2,347584.1119582746,0.812,2.3711383,0.05863522958895564
3,2,347589.112154549,0.812,2.3738492,0.05976283489674992
3,2,347594.11235082336,0.812,2.3767128,0.060890439591887925
3,2,347599.1125470977,0.812,2.3795955,0.062018043114278054
3,2,347604.1127433721,0.812,2.3823063,0.063145645133194
3,2,347609.11293964647,0.812,2.3851316,0.06427324970753656
3,2,347614.11313592084,0.812,2.3876324,0.06540084988669223
3,2,347619.1133321952,0.812,2.390515,0.06652845475353467
3,2,347624.1135284696,0.812,2.3932068,0.06765606120966872
3,2,347629.11372474395,0.812,2.3958032,0.06878366783586806
3,2,347634.1139210183,0.812,2.398323,0.06991127404447728
3,2,347639.1141172927,0.812,2.4009576,0.07103887907013297
3,2,347644.11431356706,0.812,2.4036493,0.07216648387560248
3,2,347649.1145098414,0.812,2.4062073,0.07329408710709877
3,2,347654.1147061158,0.812,2.408689,0.07442168934170074
3,2,347659.11490239017,0.812,2.4113617,0.07554929335186217
3,2,347664.11509866454,0.812,2.4139962,0.07667689887915055
3,2,347669.1152949389,0.812,2.4164207,0.07780450208054648
3,2,347674.1154912133,0.812,2.4189405,0.07893210307953755
3,2,347679.11568748765,0.812,2.4214222,0.08005970616608526
3,2,347684.115883762,0.812,2.4242094,0.08118730882015823
3,2,347689.1160800364,0.812,2.4265575,0.08231490814448064
3,2,347694.11627631076,0.812,2.4291158,0.083442510728793
3,2,347699.1164725851,0.812,2.4315403,0.08457010910027224
3,2,347704.1166688595,0.812,2.4341936,0.08569770722920032
3,2,347709.11686513387,0.812,2.4367518,0.08682530297801229
3,2,347714.11706140824,0.812,2.4390235,0.087952898401267
3,2,347719.1172576831,0.812,2.4415052,0.08908049328223201
3,2,347724.1174539579,0.812,2.4440253,0.0902080914992955
3,2,347729.11765023274,0.812,2.4463732,0.09133568763025271
3,2,347734.1178465076,0.812,2.449084,0.09246328514736891
3,2,347739.1180427824,0.812,2.4514322,0.09359088423038192
3,2,347744.11823905725,0.812,2.4538376,0.0947184847321974
3,2,347749.1184353321,0.812,2.4563193,0.09584608461051188
3,2,347754.1186316069,0.812,2.4590492,0.09697368568790292
3,2,347759.11882788176,0.812,2.4614165,0.09810128541151353
3,2,347764.1190241566,0.812,2.4639745,0.09922888546288346
3,2,347769.1192204314,0.812,2.466437,0.10035648305553861
3,2,347774.11941670626,0.812,2.4691863,0.10148408271559743
3,2,347779.1196129811,0.812,2.4715343,0.10261168130901789
3,2,347784.11980925594,0.812,2.474035,0.10373927720686132
3,2,347789.12000553077,0.812,2.4765933,0.1048668778369758
3,2,347794.1202018056,0.812,2.478884,0.10599447784209254
3,2,347799.12039808044,0.812,2.4815757,0.1071220762800409
3,2,347804.1205943553,0.812,2.4840002,0.10824967716457118
3,2,347809.1207906301,0.812,2.4866347,0.1093772788512707
3,2,347814.1209869045,0.812,2.4890783,0.11050488160323106
3,2,347819.1211831791,0.812,2.4914455,0.11163248689407776
3,2,347824.1213794537,0.812,2.493851,0.1127600918589599
3,2,347829.1215757283,0.812,2.4962945,0.11388769579632087
3,2,347834.1217720029,0.812,2.4985852,0.11501529729121596
3,2,347839.1219682775,0.812,2.501315,0.11614290141097376
3,2,347844.1221645521,0.812,2.5034342,0.11727050741772853
3,2,347849.1223608267,0.812,2.5058777,0.11839811509790688
3,2,347854.1225571013,0.812,2.508474,0.11952571969482637
3,2,347859.1227533759,0.812,2.510822,0.12065332312297823
3,2,347864.1229496505,0.812,2.5130749,0.1217809298178322
3,2,347869.12314592523,0.812,2.5156329,0.1229085350899531
3,2,347874.12334219995,0.812,2.5177329,0.12403614047522349
3,2,347879.12353847467,0.812,2.5202336,0.12516374451635284
3,2,347884.1237347494,0.812,2.52262,0.12629134985644622
3,2,347889.1239310241,0.812,2.5248725,0.12741895496664116
3,2,347894.1241272988,0.812,2.5272398,0.12854656162599726
3,2,347899.12432357355,0.812,2.5296261,0.12967416436914606
3,2,347904.12451984826,0.812,2.5316687,0.130801762449099
3,2,347909.124716123,0.812,2.534055,0.1319293568311069
3,2,347914.1249123977,0.812,2.536174,0.1330569542728696
3,2,347919.1251086724,0.812,2.5383122,0.13418455054407322
3,2,347924.12530494714,0.812,2.5404694,0.13531214564782715
3,2,347929.1255012218,0.812,2.5424166,0.13643974308895404
3,2,347934.1256974965,0.812,2.5445929,0.13756734022891523
3,2,347939.12589377124,0.812,2.546731,0.13869493602667254
3,2,347944.12609004613,0.812,2.5488691,0.13982253193086056
3,2,347949.12628632085,0.812,2.5511217,0.14095012956768274
3,2,347954.1264825956,0.812,2.5529735,0.14207772922258577
3,2,347959.1266788703,0.812,2.5548825,0.14320532616139783
3,2,347964.126875145,0.812,2.5570397,0.1443329240073032
3,2,347969.12707141973,0.812,2.5589297,0.14546052172231344
3,2,347974.12726769433,0.812,2.5610487,0.14658811867435112
3,2,347979.12746396894,0.812,2.5627668,0.14771571677512593
3,2,347984.12766024354,0.812,2.5647905,0.14884331346041296
3,2,347989.12785651814,0.812,2.5666614,0.1499709083753129
3,2,347994.12805279274,0.812,2.5683222,0.1510985035412378
3,2,347999.12824906735,0.812,2.5698876,0.15222610031126277
3,2,348004.1284453417,0.812,2.5715485,0.15335369460607903
3,2,348009.1286416163,0.812,2.5733047,0.15448129019865067
3,2,348014.1288378909,0.812,2.5748892,0.15560888391538466
3,2,348019.12903416576,0.812,2.5764928,0.15673647682084976
3,2,348024.1292304406,0.812,2.577791,0.15786407219616908
3,2,348029.12942671543,0.812,2.5794709,0.15899166687112057
3,2,348034.12962299027,0.812,2.5809407,0.16011926199781568
3,2,348039.1298192651,0.812,2.5821817,0.16124685666997238
3,2,348044.13001553994,0.812,2.583709,0.16237445118193497
3,2,348049.1302118148,0.812,2.5849688,0.1635020458726221
3,2,348054.1304080896,0.812,2.5861142,0.16462964078560144
3,2,348059.13060436444,0.812,2.5875652,0.1657572365990149
3,2,348064.1308006393,0.812,2.5886152,0.16688483115540614
3,2,348069.1309969141,0.812,2.5899706,0.16801242760186397
3,2,348074.13119318895,0.812,2.5910015,0.16914002472711606
3,2,348079.1313894638,0.812,2.5921469,0.1702676232457658
3,2,348084.13158573816,0.812,2.5931394,0.17139522402450114
3,2,348089.131782013,0.812,2.594094,0.1725228280328347
3,2,348094.1319782878,0.812,2.595125,0.17365043177642428
3,2,348099.13217456266,0.812,2.5962512,0.1747780340280533
3,2,348104.1323708375,0.812,2.5973203,0.17590563642498522
3,2,348109.13256711233,0.812,2.5981984,0.1770332388692929
3,2,348114.13276338717,0.812,2.5990384,0.17816084345207947
3,2,348119.132959662,0.812,2.599993,0.17928844568836694
3,2,348124.1331559364,0.812,2.6007948,0.18041604779336193
3,2,348129.13335221075,0.812,2.6017873,0.18154365012968915
3,2,348134.1335484851,0.812,2.602551,0.18267125365405285
3,2,348139.1337447595,0.812,2.6031427,0.18379885924437644
3,2,348144.13394103386,0.812,2.6038873,0.18492646211564875
3,2,348149.1341373082,0.812,2.6047273,0.18605406717515657
3,2,348154.1343335826,0.812,2.6053,0.18718167184833026
3,2,348159.13452985696,0.812,2.6059492,0.1883092758620845
3,2,348164.13472613133,0.812,2.6064837,0.18943688033759595
3,2,348169.1349224057,0.812,2.6072664,0.19056448465930423
3,2,348174.1351186801,0.812,2.6079726,0.1916920879980127
3,2,348179.13531495444,0.812,2.6084309,0.1928196909975774
3,2,348184.1355112288,0.812,2.60929,0.19394729327736632
3,2,348189.1357075032,0.812,2.6099007,0.19507489569914013
3,2,348194.13590377755,0.812,2.6102445,0.1962024988061223
3,2,348199.1361000519,0.812,2.6109126,0.19733010011008054
3,2,348204.1362963263,0.812,2.6113136,0.19845770033581392
3,2,348209.13649260066,0.812,2.6119626,0.19958530363227928
3,2,348214.13668887503,0.812,2.6124017,0.2007129036627081
3,2,348219.1368851494,0.812,2.6128216,0.20184050002670292
3,2,348224.1370814238,0.812,2.6134324,0.20296809909936128
3,2,348229.13727769814,0.812,2.6139479,0.2040956984942258
3,2,348234.1374739725,0.812,2.614578,0.205223298288756
3,2,348239.1376702469,0.812,2.6149597,0.20635090123379898
3,2,348244.13786652125,0.812,2.6153798,0.20747850260643502
3,2,348249.1380627956,0.812,2.6160288,0.20860610274061567
3,2,348254.13825907,0.812,2.6163914,0.20973370060611107
3,2,348259.13845534436,0.812,2.6168878,0.21086129974661608
3,2,348264.13865161873,0.812,2.6170216,0.21198889786505704
3,2,348269.1388478931,0.812,2.6178043,0.21311649567422605
3,2,348274.1390441675,0.812,2.6181097,0.2142440925834378
3,2,348279.13924044184,0.812,2.6187396,0.21537169030077594
3,2,348284.1394367162,0.812,2.6191597,0.2164992852057583
3,2,348289.1396329906,0.812,2.619694,0.21762688070327377
3,2,348294.13982926495,0.812,2.6198277,0.21875447759966388
3,2,348299.1400255393,0.812,2.6204004,0.21988207369172905
3,2,348304.1402218137,0.812,2.6206868,0.22100966970708966
3,2,348309.14041808806,0.812,2.621164,0.22213726535644795
3,2,348314.14061436243,0.812,2.6216795,0.2232648616680536
3,2,348319.1408106368,0.812,2.622214,0.22439245817925202
3,2,348324.1410069112,0.812,2.6222713,0.22552005344138876
3,2,348329.14120318554,0.812,2.6227295,0.22664764964291786
3,2,348334.1413994599,0.812,2.6231875,0.22777524563810894
3,2,348339.1415957343,0.812,2.6234548,0.22890284163742267
3,2,348344.14179200865,0.812,2.6239512,0.23003043624923297
3,2,348349.141988283,0.812,2.6242375,0.2311580321271751
3,2,348354.1421845574,0.812,2.6244857,0.23228562911680012
3,2,348359.14238083176,0.812,2.6250393,0.23341322406383358
3,2,348364.14257710613,0.812,2.624963,0.2345408190559083
3,2,348369.1427733805,0.812,2.625612,0.23566841694174875
3,2,348374.1429696549,0.812,2.6258602,0.23679601637558145
3,2,348379.14316592924,0.812,2.6261466,0.23792361448223726
3,2,348384.1433622036,0.812,2.626662,0.23905121206892532
3,2,348389.143558478,0.812,2.626853,0.2401788088497851
3,2,348394.14375475235,0.812,2.627082,0.24130640739840936
3,2,348399.1439510267,0.812,2.62754,0.24243400348744462
3,2,348404.1441473011,0.812,2.6278458,0.24356160190834275
3,2,348409.14434357546,0.812,2.6282275,0.2446892012328506
3,2,348414.14453984983,0.812,2.628533,0.2458167977364726
3,2,348419.1447361242,0.812,2.628762,0.24694439558878878
3,2,348424.1449323986,0.812,2.6291628,0.2480719928448598
3,2,348429.14512867294,0.812,2.6294494,0.24919959067361558
3,2,348434.1453249473,0.812,2.6297357,0.25032718935263826
3,2,348439.1455212217,0.812,2.6301556,0.25145478638337726
3,2,348444.14571749605,0.812,2.6304038,0.25258238543660116
3,2,348449.1459137704,0.812,2.6307092,0.253709984137502
3,2,348454.1461100448,0.812,2.631072,0.2548375844808453
3,2,348459.14630631916,0.812,2.631339,0.255965182408313
3,2,348464.14650259353,0.812,2.63153,0.25709278135706326
3,2,348469.1466988679,0.812,2.6318545,0.25822038194783203
3,2,348474.1468951423,0.812,2.6322174,0.2593479819341236
3,2,348479.14709141664,0.812,2.632351,0.26047558204644594
3,2,348484.147287691,0.812,2.6328664,0.26160318229255747
3,2,348489.1474839654,0.812,2.6330955,0.2627307830016978
3,2,348494.14768023975,0.812,2.6331146,0.2638583835792807
3,2,348499.1478765141,0.812,2.6337445,0.264985982352886
3,2,348504.1480727885,0.812,2.633802,0.26611358033131566
3,2,348509.14826906286,0.812,2.63426,0.267241178497596
3,2,348514.1484653377,0.812,2.6343555,0.26836877695599537
3,2,348519.14866161253,0.812,2.6349282,0.2694963738448985
3,2,348524.14885788737,0.812,2.6350427,0.27062397085935547
3,2,348529.1490541622,0.812,2.6355581,0.27175156546909285
3,2,348534.14925043704,0.812,2.6355772,0.2728791565950977
3,2,348539.1494467119,0.812,2.636188,0.27400674819244286
3,2,348544.1496429867,0.812,2.6360354,0.27513434266276166
3,2,348549.14983926155,0.812,2.6364172,0.27626193580394326
3,2,348554.1500355359,0.812,2.63678,0.2773895280704333
3,2,348559.15023181075,0.812,2.6369898,0.27851711991132966
3,2,348564.1504280856,0.812,2.637219,0.2796447109663851
3,2,348569.1506243604,0.812,2.637429,0.28077230098481315
3,2,348574.15082063526,0.812,2.637658,0.2818998916549981
3,2,348579.1510169101,0.812,2.6381736,0.2830274819639359
3,2,348584.15121318493,0.812,2.638269,0.2841550706383554
3,2,348589.15140945977,0.812,2.6388416,0.2852826577451164
3,2,348594.1516057346,0.812,2.6389372,0.2864102455113134
3,2,348599.15180200944,0.812,2.6390898,0.2875378356633717
3,2,348604.1519982843,0.812,2.6393952,0.28866542436827897
3,2,348609.1521945591,0.812,2.639529,0.2897930158243313
3,2,348614.1523908337,0.812,2.6398916,0.29092060761396765
3,2,348619.1525871083,0.812,2.6399488,0.2920482003977664
3,2,348624.1527833829,0.812,2.6403117,0.2931757922608423
3,2,348629.1529796575,0.812,2.6405406,0.294303383406669
3,2,348634.1531759321,0.812,2.6409225,0.2954309714467725
3,2,348639.1533722067,0.812,2.641247,0.2965585591214035
3,2,348644.1535684813,0.812,2.641457,0.2976861487962141
3,2,348649.15376475593,0.812,2.6417434,0.2988137383456198
3,2,348654.15396103053,0.812,2.6419916,0.29994132897196557
3,2,348659.15415730514,0.812,2.6423733,0.3010689233252573
3,2,348664.15435357986,0.812,2.6425643,0.30219651691300353
3,2,348669.1545498546,0.812,2.6429844,0.3033241145694489
3,2,348674.1547461293,0.812,2.6430798,0.3044517119148938
3,2,348679.15494240425,0.812,2.6435952,0.3055793084789814
3,2,348684.15513867897,0.812,2.6435761,0.3067069044517512
3,2,348689.1553349537,0.812,2.6439197,0.3078345002131927
3,2,348694.1555312284,0.812,2.6442442,0.30896209637862787
3,2,348699.1557275031,0.812,2.6442633,0.31008969210922066
3,2,348704.15592377784,0.812,2.6446452,0.31121729034341716
3,2,348709.15612005256,0.812,2.6447978,0.3123448878666362
3,2,348714.1563163273,0.812,2.6450078,0.3134724844259124
3,2,348719.156512602,0.812,2.6453705,0.31460008320040844
3,2,348724.1567088767,0.812,2.645466,0.31572768468481643
3,2,348729.1569051514,0.812,2.6460388,0.31685528669349033
3,2,348734.1571014261,0.812,2.6459625,0.31798288983519885
3,2,348739.15729770076,0.812,2.6462104,0.31911049650545265
3,2,348744.15749397536,0.812,2.6466496,0.3202381003284886
3,2,348749.1576902501,0.812,2.6468406,0.3213657021672031
3,2,348754.1578865248,0.812,2.6470697,0.32249330074348725
3,2,348759.1580827995,0.812,2.6472604,0.3236208964038989
3,2,348764.1582790741,0.812,2.6476042,0.3247484936414296
3,2,348769.1584753487,0.812,2.6478522,0.3258760933060945
3,2,348774.1586716233,0.812,2.6478715,0.32700369482477515
3,2,348779.15886789793,0.812,2.6485014,0.32813129592373647
3,2,348784.15906417253,0.812,2.6487305,0.3292589007663264
3,2,348789.15926044714,0.812,2.648845,0.3303865029627483
3,2,348794.15945672174,0.812,2.6491313,0.3315141052940588
3,2,348799.15965299634,0.812,2.6495323,0.33264170899188855
3,2,348804.15984927095,0.812,2.6496468,0.3337693126360874
3,2,348809.16004554555,0.812,2.6501622,0.33489691453558545
3,2,348814.1602418204,0.812,2.6504295,0.3360245178421935
3,2,348819.1604380952,0.812,2.650735,0.3371521233597233
3,2,348824.1606343696,0.812,2.6512122,0.33827972724220495
3,2,348829.1608306444,0.812,2.651384,0.3394073345989188
3,2,348834.16102691926,0.812,2.651823,0.34053493874035945
3,2,348839.1612231941,0.812,2.652014,0.3416625384771659
3,2,348844.16141946893,0.812,2.6524148,0.342790137537241
3,2,348849.16161574377,0.812,2.6523385,0.34391773741411175
3,2,348854.1618120186,0.812,2.6527011,0.34504533454213543
3,2,348859.16200829344,0.812,2.6530259,0.34617293139326905
3,2,348864.1622045683,0.812,2.6533885,0.347300528284053
3,2,348869.1624008431,0.812,2.6536748,0.348428127253698
3,2,348874.16259711795,0.812,2.6537702,0.3495557243406143
3,2,348879.1627933928,0.812,2.654114,0.3506833218993478
3,2,348884.1629896676,0.812,2.6541522,0.35181091952125226
3,2,348889.16318594245,0.812,2.654744,0.35293851841290125
3,2,348894.1633822173,0.812,2.654973,0.3540661159544454
3,2,348899.1635784921,0.812,2.6553547,0.3551937131594452
3,2,348904.16377476696,0.812,2.6555648,0.35632130737244416
3,2,348909.1639710418,0.812,2.655794,0.3574488974532915
3,2,348914.16416731663,0.812,2.6559656,0.3585764919213354
3,2,348919.164363591,0.812,2.6563284,0.3597040850809348
3,2,348924.16455986537,0.812,2.6567483,0.36083167871447064
3,2,348929.16475613974,0.812,2.657092,0.3619592746694816
3,2,348934.1649524141,0.812,2.6573975,0.3630868732256392
3,2,348939.1651486885,0.812,2.6576648,0.3642144727249542
3,2,348944.16534496285,0.812,2.657932,0.3653420678207973
3,2,348949.1655412372,0.812,2.6581993,0.3664696630128522
3,2,348954.1657375116,0.812,2.6584666,0.3675972580668727
3,2,348959.16593378596,0.812,2.6588292,0.3687248524879283
3,2,348964.16613006033,0.812,2.6590965,0.3698524478600985
3,2,348969.1663263347,0.812,2.6593065,0.3709800413141284
3,2,348974.16652260907,0.812,2.6597455,0.372107636259579
3,2,348979.16671888344,0.812,2.6600127,0.3732352288695971
3,2,348984.1669151578,0.812,2.66028,0.37436282298596696
3,2,348989.1671114322,0.812,2.6606238,0.3754904148996273
3,2,348994.16730770655,0.812,2.6609864,0.3766180073643061
3,2,348999.1675039809,0.812,2.661521,0.37774560077161917
3,2,349004.1677002553,0.812,2.661502,0.37887319481969206
3,2,349009.16789652966,0.812,2.6620936,0.38000078995759284
3,2,349014.16809280403,0.812,2.6623037,0.38112838386298215
3,2,349019.1682890784,0.812,2.66259,0.3822559765542712
3,2,349024.16848535277,0.812,2.662781,0.3833835671079158
3,2,349029.16868162714,0.812,2.6630292,0.3845111554274956
3,2,349034.1688779015,0.812,2.663411,0.3856387437925537
3,2,349039.1690741759,0.812,2.6635637,0.3867663330834938
3,2,349044.16927045025,0.812,2.6640217,0.38789392243211795
3,2,349049.1694667246,0.812,2.6645944,0.3890215127423803
3,2,349054.169662999,0.812,2.6650336,0.3901491023695568
3,2,349059.16985927336,0.812,2.665148,0.39127669428251516
3,2,349064.17005554773,0.812,2.6656253,0.3924042849239177
3,2,349069.1702518221,0.812,2.6660264,0.3935318762038946
3,2,349074.17044809647,0.812,2.6663508,0.3946594683475064
3,2,349079.17064437084,0.812,2.666618,0.39578706366093624
3,2,349084.1708406452,0.812,2.667076,0.39691465967061784
3,2,349089.1710369196,0.812,2.6673243,0.39804225383295283
3,2,349094.17123319395,0.812,2.6676106,0.3991698499469558
3,2,349099.1714294683,0.812,2.6680117,0.40029744748190704
3,2,349104.1716257427,0.812,2.6685271,0.40142504313808675
3,2,349109.17182201706,0.812,2.6687372,0.40255263860015733
3,2,349114.1720182914,0.812,2.669176,0.40368023471359077
3,2,349119.1722145658,0.812,2.669539,0.40480782888548567
3,2,349124.17241084017,0.812,2.6696725,0.4059354243014984
3,2,349129.17260711454,0.812,2.6702642,0.40706302140572
3,2,349134.1728033889,0.812,2.6709516,0.40819061914680727
3,2,349139.1729996633,0.812,2.6712189,0.409318219185849
3,2,349144.17319593765,0.812,2.671467,0.4104458192447589
3,2,349149.173392212,0.812,2.6718297,0.4115734191423323
3,2,349154.1735884864,0.812,2.6723642,0.4127010152075224
3,2,349159.17378476076,0.812,2.6726315,0.41382860896176427
3,2,349164.1739810351,0.812,2.673147,0.41495620616983037
3,2,349169.1741773095,0.812,2.6733952,0.4160838047682907
3,2,349174.17437358387,0.812,2.6737578,0.4172114016990065
3,2,349179.17456985824,0.812,2.6741014,0.41833899794805046
3,2,349184.1747661326,0.812,2.6743877,0.4194665930780536
3,2,349189.174962407,0.812,2.674884,0.4205941847529411
3,2,349194.17515868135,0.812,2.6751704,0.4217217777934173
3,2,349199.1753549557,0.812,2.6756668,0.42284937133240363
3,2,349204.1755512301,0.812,2.6759531,0.4239769631081521
3,2,349209.17574750446,0.812,2.676335,0.42510455864871205
3,2,349214.1759437788,0.812,2.6769269,0.4262321533691949
3,2,349219.1761400532,0.812,2.6773276,0.42735974866740567
3,2,349224.17633632757,0.812,2.6777477,0.428487341367801
3,2,349229.17653260194,0.812,2.6781104,0.4296149321392476
3,2,349234.1767288763,0.812,2.6785877,0.4307425255396929
3,2,349239.1769251507,0.812,2.679046,0.43187012011635967
3,2,349244.17712142505,0.812,2.6798286,0.4329977102398608
3,2,349249.1773176994,0.812,2.6801531,0.43412530277661815
3,2,349254.1775139738,0.812,2.6804585,0.4352528994826873
3,2,349259.17771024816,0.812,2.6808784,0.43638049686466984
3,2,349264.1779065225,0.812,2.6812413,0.4375080922942691
3,2,349269.1781027969,0.812,2.681833,0.43863568902720673
3,2,349274.17829907127,0.812,2.6821957,0.43976328386722335
3,2,349279.17849534564,0.812,2.6825776,0.44089087883183026
3,2,349284.17869162,0.812,2.683093,0.4420184747181336
3,2,349289.1788878944,0.812,2.683513,0.44314607374629045
3,2,349294.17908416875,0.812,2.6837993,0.44427367369973986
3,2,349299.1792804431,0.812,2.6843338,0.4454012734443479
3,2,349304.1794767175,0.812,2.684811,0.4465288754097587
3,2,349309.17967299186,0.812,2.685212,0.44765647762871447
3,2,349314.1798692667,0.812,2.6857464,0.44878407696645783
3,2,349319.1800655415,0.812,2.6863575,0.4499116733446286
3,2,349324.18026181636,0.812,2.686873,0.4510392708583341
3,2,349329.1804580912,0.812,2.6871784,0.4521668672028382
3,2,349334.18065436604,0.812,2.687751,0.4532944605237146
3,2,349339.18085064087,0.812,2.6880565,0.454422052985092
3,2,349344.1810469157,0.812,2.688572,0.4555496462114254
3,2,349349.18124319054,0.812,2.6891637,0.45667723867350146
3,2,349354.1814394654,0.812,2.6896791,0.4578048333579036
3,2,349359.1816357402,0.812,2.6900227,0.45893242535237466
3,2,349364.18183201505,0.812,2.690309,0.46006001634950106
3,2,349369.1820282899,0.812,2.69092,0.4611876053534415
3,2,349374.1822245647,0.812,2.6913972,0.4623151929923097
3,2,349379.18242083956,0.812,2.6920273,0.4634427815992269
3,2,349384.1826171144,0.812,2.692619,0.4645703744020992
3,2,349389.1828133892,0.812,2.69281,0.46569796331569885
3,2,349394.18300966406,0.812,2.693669,0.46682555108780993
3,2,349399.1832059389,0.812,2.6942036,0.46795314188337656
3,2,349404.18340221373,0.812,2.6947381,0.46908073430636854
3,2,349409.18359848834,0.812,2.6951962,0.47020832751932073
3,2,349414.18379476294,0.812,2.6955972,0.47133592211018
3,2,349419.1839910378,0.812,2.696208,0.4724635157991945
3,2,349424.1841873124,0.812,2.6967616,0.4735911110143727
3,2,349429.184383587,0.812,2.6971052,0.4747187051468656
3,2,349434.1845798616,0.812,2.6978688,0.4758463015937473
3,2,349439.1847761362,0.812,2.6985753,0.4769738977375957
3,2,349444.1849724108,0.812,2.698938,0.4781014943426151
3,2,349449.1851686854,0.812,2.6995106,0.47922908744410336
3,2,349454.18536496,0.812,2.7001023,0.4803566805842452
3,2,349459.1855612347,0.812,2.7006369,0.48148427392737725
3,2,349464.18575750943,0.812,2.701076,0.4826118643254769
3,2,349469.18595378415,0.812,2.7015915,0.48373945564783605
3,2,349474.1861500589,0.812,2.7018588,0.48486705098599847
3,2,349479.1863463335,0.812,2.7024887,0.4859946455348696
3,2,349484.1865426082,0.812,2.7030613,0.48712224107680047
3,2,349489.1867388829,0.812,2.7036915,0.4882498375233411
3,2,349494.18693515763,0.812,2.7041495,0.4893774334712922
3,2,349499.18713143235,0.812,2.7049131,0.49050502718887723
3,2,349504.18732770707,0.812,2.7053905,0.4916326241563823
3,2,349509.1875239818,0.812,2.7060394,0.4927602203080654
3,2,349514.18772025645,0.812,2.7066696,0.4938878155895405
3,2,349519.18791653117,0.812,2.7072804,0.4950154124814073
3,2,349524.1881128059,0.812,2.7079484,0.49614301117082105
3,2,349529.1883090806,0.812,2.7083304,0.4972706123967601
3,2,349534.18850535527,0.812,2.7090366,0.49839821511899435
3,2,349539.18870163,0.812,2.7094185,0.49952581922461925
3,2,349544.1888979047,0.812,2.7101247,0.500653420510504
3,2,349549.1890941794,0.812,2.7108693,0.501781022191647
3,2,349554.18929045415,0.812,2.7113466,0.5029086255889865
3,2,349559.1894867283,0.812,2.7120721,0.5040362267803847
3,2,349564.1896830029,0.812,2.7127783,0.5051638284465604
3,2,349569.1898792775,0.812,2.71337,0.506291430765046
3,2,349574.1900755521,0.812,2.7141147,0.507419028336621
3,2,349579.1902718267,0.812,2.7145348,0.5085466244753963
3,2,349584.1904681013,0.812,2.7154891,0.5096742236176331
3,2,349589.1906643759,0.812,2.7161384,0.5108018216385113
3,2,349594.1908606505,0.812,2.716501,0.5119294229871432
3,2,349599.1910569251,0.812,2.7172265,0.5130570258171326
3,2,349604.1912531997,0.812,2.7177036,0.5141846291843222
3,2,349609.19144947454,0.812,2.7186964,0.515312231405725
3,2,349614.1916457494,0.812,2.719288,0.5164398342393504
3,2,349619.1918420242,0.812,2.7201664,0.5175674363613956
3,2,349624.19203829905,0.812,2.7208345,0.5186950375834968
3,2,349629.1922345739,0.812,2.7218654,0.5198226390109326
3,2,349634.1924308487,0.812,2.7225525,0.520950237344914
3,2,349639.19262712356,0.812,2.7235072,0.5220778394723203
3,2,349644.1928233984,0.812,2.724347,0.5232054440976812
3,2,349649.1930196732,0.812,2.725168,0.5243330470575558
3,2,349654.19321594806,0.812,2.7261226,0.5254606477728221
3,2,349659.1934122229,0.812,2.7266762,0.5265882449361649
3,2,349664.19360849774,0.812,2.7271724,0.5277158433121376
3,2,349669.19380477257,0.812,2.728108,0.5288434435617957
3,2,349674.1940010474,0.812,2.7289097,0.529971043137994
3,2,349679.19419732224,0.812,2.7297878,0.5310986409717732
3,2,349684.1943935971,0.812,2.7306087,0.5322262374383046
3,2,349689.1945898719,0.812,2.7313914,0.5333538320028351
3,2,349694.19478614675,0.812,2.7322314,0.5344814280142287
3,2,349699.1949824216,0.812,2.7330713,0.535609026728726
3,2,349704.1951786964,0.812,2.734007,0.5367366260469622
3,2,349709.19537497126,0.812,2.7349803,0.5378642249520321
3,2,349714.1955712456,0.812,2.735744,0.5389918244390288
3,2,349719.19576752,0.812,2.7366412,0.5401194257426593
3,2,349724.19596379437,0.812,2.737443,0.5412470242250892
3,2,349729.19616006874,0.812,2.7383785,0.5423746226304835
3,2,349734.1963563431,0.812,2.7394094,0.5435022205174499
3,2,349739.1965526175,0.812,2.7403066,0.5446298186253508
3,2,349744.19674889185,0.812,2.7411847,0.5457574194806251
3,2,349749.1969451662,0.812,2.7420056,0.5468850187472336
3,2,349754.1971414406,0.812,2.7430747,0.5480126166601942
3,2,349759.19733771496,0.812,2.744201,0.5491402142592535
3,2,349764.1975339893,0.812,2.745041,0.5502678099452356
3,2,349769.1977302637,0.812,2.74611,0.5513954069593151
3,2,349774.19792653807,0.812,2.7470074,0.5525230016911824
3,2,349779.19812281244,0.812,2.7479236,0.5536505963637133
3,2,349784.1983190868,0.812,2.7489355,0.5547781910367541
3,2,349789.1985153612,0.812,2.7498708,0.5559057863362132
3,2,349794.19871163554,0.812,2.7510736,0.5570333811110059
3,2,349799.1989079099,0.812,2.7519708,0.5581609762530823
3,2,349804.1991041843,0.812,2.753097,0.5592885736128588
3,2,349809.19930045865,0.812,2.7542999,0.5604161708961989
3,2,349814.199496733,0.812,2.755388,0.561543768217676
3,2,349819.1996930074,0.812,2.756457,0.5626713663829298
3,2,349824.19988928176,0.812,2.7575262,0.5637989639994765
3,2,349829.20008555613,0.812,2.7585187,0.5649265627652139
3,2,349834.2002818305,0.812,2.759645,0.5660541635677646
3,2,349839.2004781049,0.812,2.760924,0.5671817657621865
3,2,349844.20067437924,0.812,2.761535,0.5683093695051734
3,2,349849.2008706536,0.812,2.7629287,0.569436970373488
3,2,349854.201066928,0.812,2.7642076,0.5705645718836948
3,2,349859.20126320235,0.812,2.765334,0.5716921749619773
3,2,349864.2014594767,0.812,2.766441,0.5728197764939299
3,2,349869.2016557511,0.812,2.767663,0.5739473720488281
3,2,349874.20185202546,0.812,2.7689803,0.5750749652905892
3,2,349879.20204829983,0.812,2.7701066,0.5762025567826461
3,2,349884.2022445742,0.812,2.771443,0.5773301493189068
3,2,349889.2024408486,0.812,2.7727983,0.5784577424412036
3,2,349894.20263712294,0.812,2.7739437,0.5795853364692791
3,2,349899.2028333973,0.812,2.7753181,0.5807129300566976
3,2,349904.2030296717,0.812,2.7766354,0.5818405267617336
3,2,349909.20322594605,0.812,2.7777045,0.5829681241021121
3,2,349914.2034222204,0.812,2.779098,0.5840957208051911
3,2,349919.2036184948,0.812,2.78053,0.5852233174544604
3,2,349924.20381476916,0.812,2.7819045,0.5863509145700003
3,2,349929.20401104353,0.812,2.7832599,0.5874785099559524
3,2,349934.2042073179,0.812,2.7845197,0.5886061071480246
3,2,349939.2044035923,0.812,2.7860088,0.5897337021303672
3,2,349944.20459986664,0.812,2.7872877,0.5908612950715985
3,2,349949.204796141,0.812,2.788605,0.5919888872803051
3,2,349954.2049924154,0.812,2.7899604,0.5931164795056348
3,2,349959.20518868975,0.812,2.7915068,0.5942440759819215
3,2,349964.2053849641,0.812,2.7929194,0.5953716698826385
3,2,349969.2055812385,0.812,2.7943323,0.5964992700867353
3,2,349974.20577751286,0.812,2.7956111,0.5976268685757649
3,2,349979.20597378723,0.812,2.7975202,0.5987544654638103
3,2,349984.2061700616,0.812,2.7988946,0.5998820627869067
3,2,349989.206366336,0.812,2.8005364,0.6010096612045034
3,2,349994.20656261034,0.812,2.8022738,0.6021372606375248
3,2,349999.2067588847,0.812,2.8038008,0.6032648589881391
3,2,350004.2069551591,0.812,2.8057482,0.6043924541488387
3,2,350009.20715143345,0.812,2.8069317,0.6055200520594481
3,2,350014.2073477078,0.812,2.8088598,0.6066476507707533
3,2,350019.2075439822,0.812,2.8104634,0.6077752505226033
3,2,350024.20774025656,0.812,2.8121624,0.6089028516606354
3,2,350029.20793653093,0.812,2.8138235,0.610030450541486
3,2,350034.2081328053,0.812,2.8157706,0.6111580516216519
3,2,350039.2083290797,0.812,2.8174887,0.6122856506158209
3,2,350044.20852535404,0.812,2.8191876,0.6134132490055557
3,2,350049.2087216284,0.812,2.820944,0.614540851515763
3,2,350054.2089179028,0.812,2.822834,0.6156684542511267
3,2,350059.20911417715,0.812,2.8248575,0.6167960540195038
3,2,350064.2093104515,0.812,2.826633,0.6179236501327088
3,2,350069.2095067259,0.812,2.8285801,0.6190512474335362
3,2,350074.20970300026,0.812,2.8305273,0.6201788465194301
3,2,350079.20989927463,0.812,2.832322,0.6213064446919987
3,2,350084.210095549,0.812,2.834479,0.6224340399172137
3,2,350089.2102918234,0.812,2.8363118,0.6235616348310242
3,2,350094.21048809774,0.812,2.8383353,0.6246892263708873
3,2,350099.2106843721,0.812,2.8404734,0.6258168200034628
3,2,350104.2108806465,0.812,2.8424206,0.6269444153530462
3,2,350109.2110769213,0.812,2.8444824,0.6280720117781226
3,2,350114.21127319615,0.812,2.8464868,0.6291996122940611
3,2,350119.211469471,0.812,2.848816,0.6303272142240999
3,2,350124.2116657458,0.812,2.850916,0.6314548154372968
3,2,350129.21186202066,0.812,2.853283,0.6325824131038815
3,2,350134.2120582955,0.812,2.8554592,0.6337100103935894
3,2,350139.21225457033,0.812,2.8576736,0.6348376089041826
3,2,350144.21245084517,0.812,2.8600218,0.635965204813894
3,2,350149.21264712,0.812,2.8625035,0.6370928022335168
3,2,350154.21284339484,0.812,2.8648708,0.6382204004993369
3,2,350159.2130396697,0.812,2.8673716,0.639347999523242
3,2,350164.2132359445,0.812,2.8697007,0.6404755965258144
3,2,350169.21343221935,0.812,2.872068,0.6416031927687224
3,2,350174.2136284942,0.812,2.8745687,0.6427307900909082
3,2,350179.213824769,0.812,2.8770885,0.6438583874291541
3,2,350184.21402104385,0.812,2.8793795,0.6449859887013993
3,2,350189.2142173187,0.812,2.8818803,0.6461135876452619
3,2,350194.2144135935,0.812,2.8844383,0.6472411870857141
3,2,350199.21460986836,0.812,2.8870156,0.6483687849151586
3,2,350204.2148061432,0.812,2.8895164,0.649496382803423
3,2,350209.2150024178,0.812,2.8922844,0.6506239799708289
3,2,350214.2151986924,0.812,2.894919,0.6517515822578002
3,2,350219.215394967,0.812,2.8973815,0.652879181782977
3,2,350224.2155912416,0.812,2.899978,0.6540067813708778
3,2,350229.2157875162,0.812,2.902765,0.6551343829664219
3,2,350234.2159837908,0.812,2.9054186,0.6562619829445145
3,2,350239.2161800654,0.812,2.9083395,0.6573895839008287
3,2,350244.21637634,0.812,2.9109356,0.6585171843656628
3,2,350249.2165726146,0.812,2.9139328,0.6596447843341624
3,2,350254.2167688892,0.812,2.9167964,0.6607723872877089
3,2,350259.21696516394,0.812,2.9195454,0.6618999898973963
3,2,350264.21716143866,0.812,2.9225426,0.6630275920779998
3,2,350269.2173577134,0.812,2.925368,0.6641551945238869
3,2,350274.2175539881,0.812,2.9284034,0.6652827999087898
3,2,350279.2177502628,0.812,2.9316678,0.666410401328136
3,2,350284.21794653754,0.812,2.9345503,0.6675380016401571
3,2,350289.21814281226,0.812,2.9376621,0.6686656005417567
3,2,350294.218339087,0.812,2.9404492,0.6697931985711484
3,2,350299.21853536123,0.812,2.9436755,0.6709207977955105
3,2,350304.21873163595,0.812,2.9468637,0.6720483993875843
3,2,350309.2189279106,0.812,2.9501472,0.6731759970851503
3,2,350314.2191241853,0.812,2.953507,0.6743035934447609
3,2,350319.21932046005,0.812,2.956848,0.6754311914417541
3,2,350324.21951673477,0.812,2.9599214,0.6765587915736897
3,2,350329.2197130095,0.812,2.963262,0.6776863920592596
3,2,350334.21990928415,0.812,2.9666603,0.6788139935830629
3,2,350339.22010555887,0.812,2.9702873,0.6799415937738912
3,2,350344.2203018336,0.812,2.9735327,0.6810691929630401
3,2,350349.2204981083,0.812,2.9770837,0.6821967940075989
3,2,350354.220694383,0.812,2.9805198,0.6833243967380983
3,2,350359.22089065774,0.812,2.9837651,0.6844519984150359
3,2,350364.22108693235,0.812,2.9872396,0.6855796011251802
3,2,350369.22128320695,0.812,2.9906569,0.6867072024406123
3,2,350374.22147948155,0.812,2.9941504,0.6878348041538028
3,2,350379.22167575615,0.812,2.997892,0.6889624060848119
3,2,350382.0970736139,0.812,3.0000682,0.6896108423133785
3,2,350382.0972736138,0.812,3.000049,0.6896108874091733
4,1,350382.09807361383,-0.812,2.8971324,-8.92203516430325e-08
4,1,350387.09826988867,-0.812,2.5234408,-0.0011280220238169033
4,1,350392.0984661635,-0.812,2.37971,-0.002255954784042305
4,1,350397.09866243834,-0.812,2.2861485,-0.0033838889362414674
4,1,350402.0988587132,-0.812,2.2200196,-0.004511824089715878
4,1,350407.099054988,-0.812,2.175062,-0.005639760839939117
4,1,350412.09925126284,-0.812,2.145663,-0.00676769860494799
4,1,350417.0994475377,-0.812,2.1250837,-0.007895637066698736
4,1,350422.0996438125,-0.812,2.108475,-0.009023575755794842
4,1,350427.09984008735,-0.812,2.0940428,-0.010151512794660197
4,1,350432.1000363622,-0.812,2.0800877,-0.011279448125918705
4,1,350437.100232637,-0.812,2.0659418,-0.012407383133163054
4,1,350442.10042891186,-0.812,2.0505168,-0.01353531753861573
4,1,350447.1006251867,-0.812,2.03408,-0.014663255649894475
4,1,350452.1008214615,-0.812,2.0163262,-0.015791189654442997
4,1,350457.10101773636,-0.812,1.9979422,-0.016919122945629885
4,1,350462.1012140112,-0.812,1.9790237,-0.018047054375327293
4,1,350467.10141028604,-0.812,1.9601433,-0.019174987541238465
4,1,350472.1016065609,-0.812,1.9412057,-0.020302922256890267
4,1,350477.10180283524,-0.812,1.9219055,-0.021430854709347087
4,1,350482.1019991096,-0.812,1.9029679,-0.02255878558535377
4,1,350487.102195384,-0.812,1.8841258,-0.0236867165346841
4,1,350492.10239165835,-0.812,1.8655318,-0.02481464783816536
4,1,350497.1025879327,-0.812,1.8472624,-0.025942580251491727
4,1,350502.1027842071,-0.812,1.8286494,-0.02707051377305388
4,1,350507.10298048146,-0.812,1.8105518,-0.02819844634777307
4,1,350512.10317675583,-0.812,1.7922823,-0.029326380767110315
4,1,350517.1033730302,-0.812,1.7743948,-0.03045431537561615
4,1,350522.10356930457,-0.812,1.7566789,-0.03158225062960717
4,1,350527.10376557894,-0.812,1.7394595,-0.03271018511030409
4,1,350532.1039618533,-0.812,1.7222592,-0.0338381208523843
4,1,350537.1041581277,-0.812,1.7056696,-0.03496605424105127
4,1,350542.10435440205,-0.812,1.6895002,-0.036093984956022764
4,1,350547.1045506764,-0.812,1.6747243,-0.03722191692852311
4,1,350552.1047469508,-0.812,1.6607693,-0.038349849859644965
4,1,350557.10494322516,-0.812,1.6477879,-0.03947778103367156
4,1,350562.10513949953,-0.812,1.636391,-0.04060570994087722
4,1,350567.1053357739,-0.812,1.6264832,-0.041733638580858705
4,1,350572.10553204827,-0.812,1.6169761,-0.04286156934808029
4,1,350577.10572832264,-0.812,1.6092637,-0.04398949860162867
4,1,350582.105924597,-0.812,1.6023148,-0.04511742952514357
4,1,350587.1061208714,-0.812,1.5965495,-0.0462453588652114
4,1,350592.10631714575,-0.812,1.5915288,-0.047373287649952696
4,1,350597.1065134201,-0.812,1.5872908,-0.048501220878071245
4,1,350602.1067096945,-0.812,1.5835682,-0.0496291517744594
4,1,350607.10690596886,-0.812,1.5803419,-0.05075708515661954
4,1,350612.10710224323,-0.812,1.577822,-0.051885016205324055
4,1,350617.1072985176,-0.812,1.5755693,-0.05301294907209276
4,1,350622.10749479197,-0.812,1.5735649,-0.05414087898403736
4,1,350627.10769106634,-0.812,1.5719804,-0.05526880898240539
4,1,350632.1078873407,-0.812,1.5704722,-0.05639673582585652
4,1,350637.1080836151,-0.812,1.5694222,-0.05752466307458943
4,1,350642.10827988945,-0.812,1.5684296,-0.058652592465682156
4,1,350647.1084761638,-0.812,1.567685,-0.05978052166392736
4,1,350652.1086724382,-0.812,1.5667878,-0.060908453241669464
4,1,350657.10886871256,-0.812,1.5660814,-0.06203638449988431
4,1,350662.10906498693,-0.812,1.5657569,-0.0631643146241274
4,1,350667.1092612613,-0.812,1.5651652,-0.064292246459345
4,1,350672.10945753567,-0.812,1.5645542,-0.06542017775976325
4,1,350677.10965381004,-0.812,1.564306,-0.06654810939433176
4,1,350682.1098500844,-0.812,1.5641342,-0.067676042965581
4,1,350687.1100463588,-0.812,1.5636952,-0.06880397607416575
4,1,350692.11024263315,-0.812,1.5635616,-0.06993190632360509
4,1,350697.1104389075,-0.812,1.5632943,-0.0710598379847076
4,1,350702.1106351819,-0.812,1.5631416,-0.07218776824189554
4,1,350707.11083145626,-0.812,1.5629125,-0.07331569860625264
4,1,350712.1110277306,-0.812,1.562836,-0.07444363123274178
4,1,350717.111224005,-0.812,1.5626452,-0.07557156525479089
4,1,350722.11142027937,-0.812,1.5626452,-0.07669949907614454
4,1,350727.11161655374,-0.812,1.562588,-0.07782743252924414
4,1,350732.1118128281,-0.812,1.5626643,-0.07895536592721937
4,1,350737.1120091025,-0.812,1.5625306,-0.08008329638889099
4,1,350742.11220537685,-0.812,1.5624543,-0.08121122673240302
4,1,350747.1124016512,-0.812,1.5624161,-0.08233915835095112
4,1,350752.1125979256,-0.812,1.5623779,-0.08346709120388825
4,1,350757.11279419996,-0.812,1.5622443,-0.0845950243164334
4,1,350762.1129904743,-0.812,1.5624734,-0.08572295735870467
4,1,350767.1131867487,-0.812,1.5621488,-0.08685089215264385
4,1,350772.11338302307,-0.812,1.5623779,-0.08797882498752076
4,1,350777.11357929744,-0.812,1.5620725,-0.08910675796040228
4,1,350782.1137755718,-0.812,1.5623015,-0.09023469079501097
4,1,350787.1139718462,-0.812,1.5621488,-0.09136262283496721
4,1,350792.11416812055,-0.812,1.561958,-0.09249055542382263
4,1,350797.1143643949,-0.812,1.561958,-0.09361848764736781
4,1,350802.1145606693,-0.812,1.561958,-0.09474642189223233
4,1,350807.11475694366,-0.812,1.5620534,-0.09587435812385212
4,1,350812.114953218,-0.812,1.561958,-0.09700229490767913
4,1,350817.1151494924,-0.812,1.5620152,-0.09813023214432925
4,1,350822.11534576677,-0.812,1.5618815,-0.09925816915232272
4,1,350827.11554204114,-0.812,1.5619198,-0.10038610631747044
4,1,350832.1157383155,-0.812,1.5619006,-0.10151404279341959
4,1,350837.1159345899,-0.812,1.5618434,-0.10264197752496597
4,1,350842.11613086425,-0.812,1.5620725,-0.10376990906733272
4,1,350847.1163271386,-0.812,1.561977,-0.10489783829881083
4,1,350852.116523413,-0.812,1.5620152,-0.10602577086030772
4,1,350857.11671968736,-0.812,1.5619389,-0.10715370172510211
4,1,350862.1169159617,-0.812,1.5620534,-0.10828163496462502
4,1,350867.1171122361,-0.812,1.5620342,-0.10940956777573292
4,1,350872.11730851093,-0.812,1.5618052,-0.11053749927470749
4,1,350877.11750478577,-0.812,1.5618625,-0.11166543070124917
4,1,350882.1177010606,-0.812,1.5619961,-0.1127933627053466
4,1,350887.11789733544,-0.812,1.5620152,-0.11392129495551187
4,1,350892.1180936103,-0.812,1.5619389,-0.11504922765951353
4,1,350897.1182898851,-0.812,1.5619389,-0.11617716014441183
4,1,350902.11848615995,-0.812,1.5617862,-0.11730509022399449
4,1,350907.1186824348,-0.812,1.5618052,-0.11843301735080279
4,1,350912.1188787096,-0.812,1.5615952,-0.11956094573309684
4,1,350917.11907498445,-0.812,1.5616333,-0.12068887760964696
4,1,350922.1192712593,-0.812,1.5614425,-0.12181680894862609
4,1,350927.1194675341,-0.812,1.5615952,-0.12294473956896859
4,1,350932.11966380896,-0.812,1.561557,-0.12407267201664711
4,1,350937.1198600838,-0.812,1.5614234,-0.1252006029074225
4,1,350942.12005635863,-0.812,1.5613853,-0.12632853296758398
4,1,350947.12025263347,-0.812,1.5612707,-0.12745646201477115
4,1,350952.1204489083,-0.812,1.5613853,-0.1285843922383487
4,1,350957.12064518314,-0.812,1.5612134,-0.1297123207155532
4,1,350962.120841458,-0.812,1.5610416,-0.13084024937251867
4,1,350967.1210377328,-0.812,1.560908,-0.13196818070308364
4,1,350972.1212340074,-0.812,1.5608317,-0.13309611236418284
4,1,350977.121430282,-0.812,1.5606598,-0.13422404428308538
4,1,350982.1216265566,-0.812,1.5608698,-0.1353519750821259
4,1,350987.1218228312,-0.812,1.5606216,-0.13647990599543847
4,1,350992.1220191058,-0.812,1.560507,-0.13760783778390948
4,1,350997.1222153804,-0.812,1.5602971,-0.13873577066924173
4,1,351002.12241165503,-0.812,1.5602589,-0.1398637048196726
4,1,351007.12260792963,-0.812,1.5601062,-0.14099163944731485
4,1,351012.12280420423,-0.812,1.5601062,-0.14211957389843793
4,1,351017.12300047884,-0.812,1.5601635,-0.1432475093888309
4,1,351022.12319675356,-0.812,1.559858,-0.1443754470168352
4,1,351027.1233930283,-0.812,1.5597053,-0.14550338494777676
4,1,351032.123589303,-0.812,1.559629,-0.14663132371588875
4,1,351037.12378557725,-0.812,1.5594763,-0.1477592589569588
4,1,351042.12398185197,-0.812,1.5593426,-0.14888719611383802
4,1,351047.1241781267,-0.812,1.5591135,-0.15001512968648134
4,1,351052.1243744014,-0.812,1.5591135,-0.15114306219789048
4,1,351057.1245706761,-0.812,1.5588272,-0.15227099283499182
4,1,351062.12476695084,-0.812,1.5588462,-0.1533989241748849
4,1,351067.12496322556,-0.812,1.5587317,-0.15452685709946348
4,1,351072.1251595002,-0.812,1.5584835,-0.1556547908958759
4,1,351077.125355775,-0.812,1.5584644,-0.15678272490076217
4,1,351082.12555204966,-0.812,1.5582545,-0.15791065908862809
4,1,351087.1257483244,-0.812,1.5583308,-0.1590385966886579
4,1,351092.1259445991,-0.812,1.5582736,-0.1601665315377612
4,1,351097.12614087376,-0.812,1.5578536,-0.1612944670095244
4,1,351102.1263371485,-0.812,1.5578536,-0.16242240183227252
4,1,351107.1265334232,-0.812,1.5576626,-0.16355033444996336
4,1,351112.1267296979,-0.812,1.557529,-0.16467826714416336
4,1,351117.12692597264,-0.812,1.5572236,-0.16580619989393477
4,1,351122.12712224736,-0.812,1.5573572,-0.1669341329448487
4,1,351127.12731852196,-0.812,1.5570326,-0.16806206952390065
4,1,351132.12751479656,-0.812,1.5568608,-0.16919000791992403
4,1,351137.12771107117,-0.812,1.5569372,-0.1703179441192646
4,1,351142.12790734577,-0.812,1.5568036,-0.17144588036144764
4,1,351147.1281036204,-0.812,1.556479,-0.17257381706092415
4,1,351152.128299895,-0.812,1.5564218,-0.17370175258186782
4,1,351157.1284961696,-0.812,1.5561545,-0.17482968768250934
4,1,351162.1286924444,-0.812,1.5561545,-0.1759576200465162
4,1,351167.128888719,-0.812,1.5559636,-0.17708555144660335
4,1,351172.1290849936,-0.812,1.5559444,-0.1782134824844267
4,1,351177.12928126846,-0.812,1.5557536,-0.17934141700370768
4,1,351182.1294775433,-0.812,1.5555435,-0.18046935087315233
4,1,351187.1296738181,-0.812,1.5553527,-0.18159728255038782
4,1,351192.12987009296,-0.812,1.5550663,-0.18272521354947477
4,1,351197.1300663678,-0.812,1.5550663,-0.18385314576762574
4,1,351202.13026264263,-0.812,1.55478,-0.18498107804351374
4,1,351207.13045891747,-0.812,1.5546273,-0.1861090101699166
4,1,351212.1306551923,-0.812,1.5544746,-0.1872369414299593
4,1,351217.13085146714,-0.812,1.5544173,-0.1883648735840154
4,1,351222.131047742,-0.812,1.5538827,-0.1894928057963218
4,1,351227.1312440168,-0.812,1.5538446,-0.19062073987911135
4,1,351232.13144029165,-0.812,1.5535201,-0.1917486751682625
4,1,351237.1316365665,-0.812,1.5534437,-0.19287660882636234
4,1,351242.1318328413,-0.812,1.5531,-0.19400454466682995
4,1,351247.13202911615,-0.812,1.5529855,-0.19513247692129007
4,1,351252.132225391,-0.812,1.5528136,-0.1962604094771146
4,1,351257.1324216658,-0.812,1.5526037,-0.19738834072685896
4,1,351262.13261794066,-0.812,1.552451,-0.1985162701644665
4,1,351267.1328142155,-0.812,1.552241,-0.19964419907058933
4,1,351272.13301048987,-0.812,1.5521647,-0.20077212717858942
4,1,351277.13320676424,-0.812,1.5519356,-0.20190005607016873
4,1,351282.1334030386,-0.812,1.5514773,-0.2030279875033265
4,1,351287.133599313,-0.812,1.5513246,-0.2041559216063982
4,1,351292.13379558735,-0.812,1.551191,-0.2052838548245694
4,1,351297.1339918617,-0.812,1.5508665,-0.20641178738958296
4,1,351302.1341881361,-0.812,1.5507329,-0.20753972141635077
4,1,351307.13438441046,-0.812,1.5506183,-0.2086676554320321
4,1,351312.1345806848,-0.812,1.5502365,-0.20979558800915535
4,1,351317.1347769592,-0.812,1.5501411,-0.2109235198604596
4,1,351322.13497323357,-0.812,1.5498738,-0.21205145300339318
4,1,351327.13516950794,-0.812,1.549492,-0.21317938873698303
4,1,351332.1353657823,-0.812,1.5494156,-0.21430732303083264
4,1,351337.1355620567,-0.812,1.5491102,-0.2154352572898334
4,1,351342.13575833105,-0.812,1.5488429,-0.21656319174969849
4,1,351347.1359546054,-0.812,1.5485756,-0.21769112790278916
4,1,351352.1361508798,-0.812,1.5484611,-0.21881906209277766
4,1,351357.13634715416,-0.812,1.5482512,-0.21994699449364666
4,1,351362.1365434285,-0.812,1.5478693,-0.22107492451806524
4,1,351367.1367397029,-0.812,1.5476593,-0.22220285396906725
4,1,351372.13693597727,-0.812,1.5474875,-0.22333078311796312
4,1,351377.13713225164,-0.812,1.5472393,-0.22445871345358084
4,1,351382.137328526,-0.812,1.5470484,-0.22558664426039315
4,1,351387.1375248004,-0.812,1.5467621,-0.2267145730500419
4,1,351392.13772107475,-0.812,1.5465902,-0.22784250060196376
4,1,351397.1379173491,-0.812,1.5464375,-0.2289704285649292
4,1,351402.1381136235,-0.812,1.5459412,-0.2300983569223416
4,1,351407.13830989785,-0.812,1.5456166,-0.23122628601288453
4,1,351412.1385061722,-0.812,1.5455021,-0.23235421410335091
4,1,351417.1387024466,-0.812,1.5451585,-0.2334821420773134
4,1,351422.13889872096,-0.812,1.5450249,-0.23461007175034604
4,1,351427.13909499533,-0.812,1.5445285,-0.23573800021056654
4,1,351432.1392912697,-0.812,1.5443758,-0.23686592966145928
4,1,351437.1394875441,-0.812,1.543994,-0.23799386160413413
4,1,351442.13968381844,-0.812,1.5438794,-0.2391217931106851
4,1,351447.1398800928,-0.812,1.5435168,-0.24024972207596557
4,1,351452.1400763672,-0.812,1.5432304,-0.24137765078661166
4,1,351457.14027264155,-0.812,1.5429822,-0.24250558130580838
4,1,351462.1404689159,-0.812,1.5426576,-0.24363351405428174
4,1,351467.1406651903,-0.812,1.5424094,-0.2447614462868802
4,1,351472.14086146466,-0.812,1.5421613,-0.24588937598315866
4,1,351477.14105773903,-0.812,1.5418941,-0.24701730831809168
4,1,351482.1412540134,-0.812,1.5414168,-0.24814524073369296
4,1,351487.1414502878,-0.812,1.5413977,-0.2492731733692685
4,1,351492.14164656214,-0.812,1.5409204,-0.2504011055183741
4,1,351497.1418428365,-0.812,1.5406723,-0.2515290387461383
4,1,351502.1420391109,-0.812,1.540386,-0.25265697232242745
4,1,351507.14223538525,-0.812,1.5399851,-0.2537849033726519
4,1,351512.1424316596,-0.812,1.5396795,-0.2549128341290619
4,1,351517.142627934,-0.812,1.5393741,-0.25604076694751443
4,1,351522.14282420836,-0.812,1.5390687,-0.2571686988787551
4,1,351527.14302048273,-0.812,1.538725,-0.25829663117435897
4,1,351532.1432167571,-0.812,1.5385914,-0.2594245652188426
4,1,351537.1434130315,-0.812,1.5382478,-0.26055249954039184
4,1,351542.14360930584,-0.812,1.5379423,-0.26168043386748757
4,1,351547.1438055802,-0.812,1.5376369,-0.26280837273570556
4,1,351552.1440018546,-0.812,1.537446,-0.26393631007204776
4,1,351557.14419812895,-0.812,1.5370833,-0.26506424759126695
4,1,351562.1443944033,-0.812,1.5368924,-0.26619218137887773
4,1,351567.1445906777,-0.812,1.5364151,-0.2673201156301564
4,1,351572.14478695206,-0.812,1.5363196,-0.26844804603089883
4,1,351577.14498322643,-0.812,1.5360906,-0.26957597750848195
4,1,351582.1451795008,-0.812,1.5356133,-0.2707039086375567
4,1,351587.1453757752,-0.812,1.5352507,-0.2718318411766489
4,1,351592.14557204954,-0.812,1.5348498,-0.27295977409517097
4,1,351597.1457683239,-0.812,1.5346397,-0.27408770494921336
4,1,351602.1459645983,-0.812,1.5341625,-0.2752156365672217
4,1,351607.14616087265,-0.812,1.5338761,-0.276343568136947
4,1,351612.146357147,-0.812,1.533628,-0.277471501658178
4,1,351617.1465534214,-0.812,1.5332462,-0.27859943480514154
4,1,351622.14674969576,-0.812,1.5327116,-0.2797273691342142
4,1,351627.14694597013,-0.812,1.5325016,-0.2808553065279623
4,1,351632.1471422445,-0.812,1.5322534,-0.2819832445516421
4,1,351637.1473385189,-0.812,1.5318143,-0.28311117881594106
4,1,351642.14753479324,-0.812,1.5315471,-0.2842391132120027
4,1,351647.1477310676,-0.812,1.5311652,-0.2853670470764935
4,1,351652.147927342,-0.812,1.5308789,-0.28649498219179115
4,1,351657.14812361635,-0.812,1.5304208,-0.28762292081528573
4,1,351662.1483198907,-0.812,1.5301726,-0.2887508555067612
4,1,351667.14851616556,-0.812,1.5298098,-0.28987879150591955
4,1,351672.1487124404,-0.812,1.5295999,-0.2910067273807029
4,1,351677.14890871523,-0.812,1.5292753,-0.29213466442166763
4,1,351682.14910499007,-0.812,1.5289317,-0.29326259881230854
4,1,351687.1493012649,-0.812,1.5286263,-0.294390533637762
4,1,351692.14949753974,-0.812,1.5281872,-0.2955184688606593
4,1,351697.1496938146,-0.812,1.5276909,-0.29664640093709027
4,1,351702.1498900894,-0.812,1.5275573,-0.29777433785628604
4,1,351707.15008636424,-0.812,1.5271945,-0.2989022721904946
4,1,351712.1502826391,-0.812,1.527099,-0.30003020557330706
4,1,351717.1504789139,-0.812,1.5266981,-0.3011581396078268
4,1,351722.15067518875,-0.812,1.5261445,-0.30228607178841355
4,1,351727.1508714636,-0.812,1.5258772,-0.30341400388075895
4,1,351732.1510677384,-0.812,1.5254763,-0.3045419360953502
4,1,351737.15126401326,-0.812,1.5251328,-0.30566986755534664
4,1,351742.1514602881,-0.812,1.524751,-0.3067977978876464
4,1,351747.1516565629,-0.812,1.5244455,-0.30792572734547313
4,1,351752.15185283776,-0.812,1.5241209,-0.3090536599887012
4,1,351757.1520491126,-0.812,1.5235482,-0.3101815942240687
4,1,351762.15224538743,-0.812,1.5231473,-0.3113095307842856
4,1,351767.15244166204,-0.812,1.5226701,-0.3124374640077715
4,1,351772.15263793664,-0.812,1.5226701,-0.31356539511153747
4,1,351777.1528342108,-0.812,1.5221738,-0.3146933281932935
4,1,351782.1530304854,-0.812,1.5217347,-0.31582125962889174
4,1,351787.15322676,-0.812,1.5215247,-0.31694919096854307
4,1,351792.1534230346,-0.812,1.521162,-0.318077123274495
4,1,351797.1536193092,-0.812,1.5208756,-0.31920505849030595
4,1,351802.1538155838,-0.812,1.5202838,-0.32033299247210534
4,1,351807.1540118584,-0.812,1.5198829,-0.32146092679557847
4,1,351812.154208133,-0.812,1.5195584,-0.3225888587091199
4,1,351817.1544044077,-0.812,1.5190048,-0.3237167899948456
4,1,351822.15460068244,-0.812,1.5186421,-0.32484472037372636
4,1,351827.15479695715,-0.812,1.5181266,-0.3259726513657104
4,1,351832.1549932319,-0.812,1.5177448,-0.32710058317079455
4,1,351837.1551895066,-0.812,1.5175158,-0.3282285146653054
4,1,351842.1553857813,-0.812,1.5169239,-0.3293564469254478
4,1,351847.15558205603,-0.812,1.5165994,-0.3304843787068755
4,1,351852.15577833075,-0.812,1.5161221,-0.3316123121671045
4,1,351857.15597460547,-0.812,1.5157403,-0.3327402462004884
4,1,351862.1561708802,-0.812,1.5152631,-0.33386818420174363
4,1,351867.1563671549,-0.812,1.5149386,-0.3349961251233582
4,1,351872.1565634296,-0.812,1.5143658,-0.3361240645421112
4,1,351877.1567597043,-0.812,1.5140985,-0.3372520053191845
4,1,351882.156955979,-0.812,1.5135832,-0.3383799408390884
4,1,351887.1571522537,-0.812,1.5130677,-0.33950787376281927
4,1,351892.1573485284,-0.812,1.5127431,-0.34063581021640343
4,1,351897.1575448031,-0.812,1.5122468,-0.341763746853358
4,1,351902.15774107806,-0.812,1.5116932,-0.34289168707269074
4,1,351907.1579373528,-0.812,1.5113686,-0.3440196274040703
4,1,351912.1581336275,-0.812,1.5107578,-0.34514756770692906
4,1,351917.1583299022,-0.812,1.5104905,-0.3462755071276656
4,1,351922.1585261768,-0.812,1.5099369,-0.3474034458165928
4,1,351927.1587224514,-0.812,1.5094978,-0.34853138088915725
4,1,351932.158918726,-0.812,1.5090587,-0.34965931691278995
4,1,351937.1591150006,-0.812,1.508696,-0.35078725527633875
4,1,351942.15931127523,-0.812,1.5083333,-0.3519151922925278
4,1,351947.15950754983,-0.812,1.5078369,-0.35304313121691655
4,1,351952.15970382444,-0.812,1.5074551,-0.35417106942625154
4,1,351957.15990009904,-0.812,1.5069206,-0.35529900846192214
4,1,351962.1600963734,-0.812,1.506558,-0.35642694932098495
4,1,351967.16029264824,-0.812,1.5060616,-0.3575548912502922
4,1,351972.1604889231,-0.812,1.5056034,-0.35868283316156246
4,1,351977.1606851979,-0.812,1.5052025,-0.35981077293667507
4,1,351982.16088147275,-0.812,1.5048016,-0.3609387122410931
4,1,351987.1610777476,-0.812,1.5044007,-0.3620666509685382
4,1,351992.1612740224,-0.812,1.5038662,-0.3631945921975538
4,1,351997.16147029726,-0.812,1.5033507,-0.3643225328144959
4,1,352002.1616665721,-0.812,1.5027971,-0.36545047494236277
4,1,352007.16186284693,-0.812,1.5024344,-0.3665784200145766
4,1,352012.16205912177,-0.812,1.5017471,-0.3677063621070979
4,1,352017.1622553966,-0.812,1.5012126,-0.36883430487447627
4,1,352022.16245167144,-0.812,1.500869,-0.36996224637788183
4,1,352027.1626479463,-0.812,1.5004681,-0.37109018796293586
4,1,352032.1628442211,-0.812,1.499819,-0.37221812730644793
4,1,352037.16304049594,-0.812,1.4993991,-0.37334606832331735
4,1,352042.1632367703,-0.812,1.4987309,-0.37447400503138023
4,1,352047.16343304515,-0.812,1.4984063,-0.3756019425660205
4,1,352052.16362932,-0.812,1.4977,-0.3767298846676348
4,1,352057.1638255948,-0.812,1.4974136,-0.37785782599817036
4,1,352062.16402186966,-0.812,1.4968982,-0.37898576680010876
4,1,352067.1642181445,-0.812,1.4963064,-0.38011371233742425
4,1,352072.16441441886,-0.812,1.4958291,-0.3812416550369692
4,1,352077.16461069323,-0.812,1.4954282,-0.382369598401351
4,1,352082.1648069676,-0.812,1.494741,-0.3834975409026476
4,1,352087.165003242,-0.812,1.4943593,-0.38462548540153757
4,1,352092.16519951634,-0.812,1.493901,-0.3857534279653727
4,1,352097.1653957907,-0.812,1.4932519,-0.3868813698927229
4,1,352102.1655920651,-0.812,1.492622,-0.3880093115852938
4,1,352107.16578833945,-0.812,1.4921066,-0.38913724826411394
4,1,352112.1659846138,-0.812,1.491572,-0.39026518347724265
4,1,352117.1661808882,-0.812,1.4912857,-0.3913931154061455
4,1,352122.16637716256,-0.812,1.4906175,-0.3925210496683417
4,1,352127.16657343693,-0.812,1.4901975,-0.39364898850348246
4,1,352132.1667697113,-0.812,1.4897202,-0.3947769285178017
4,1,352137.16696598567,-0.812,1.4891475,-0.3959048670813208
4,1,352142.16716226004,-0.812,1.4886894,-0.3970328072502214
4,1,352147.1673585344,-0.812,1.4882694,-0.39816074643517846
4,1,352152.1675548088,-0.812,1.4876204,-0.3992886861293049
4,1,352157.16775108315,-0.812,1.4872004,-0.4004166264022256
4,1,352162.1679473575,-0.812,1.4865704,-0.40154456696328505
4,1,352167.1681436319,-0.812,1.4859403,-0.40267250944494853
4,1,352172.16833990626,-0.812,1.4854058,-0.403800450686948
4,1,352177.16853618063,-0.812,1.4849668,-0.4049283932199476
4,1,352182.168732455,-0.812,1.4842795,-0.40605633458995466
4,1,352187.16892872937,-0.812,1.4836878,-0.4071842743508218
4,1,352192.16912500374,-0.812,1.4830196,-0.4083122123605408
4,1,352197.1693212781,-0.812,1.482485,-0.4094401475521059
4,1,352202.1695175525,-0.812,1.4819314,-0.4105680864608749
4,1,352207.16971382685,-0.812,1.4815115,-0.41169602661758303
4,1,352212.1699101012,-0.812,1.4808242,-0.4128239678083457
4,1,352217.1701063756,-0.812,1.4803278,-0.4139519075858292
4,1,352222.17030264996,-0.812,1.4796978,-0.4150798444666992
4,1,352227.17049892433,-0.812,1.4791251,-0.4162077806778481
4,1,352232.1706951987,-0.812,1.4785906,-0.41733571813481024
4,1,352237.17089147307,-0.812,1.4779989,-0.41846365327736046
4,1,352242.17108774744,-0.812,1.4774834,-0.4195915870460302
4,1,352247.1712840218,-0.812,1.4768343,-0.42071951970680527
4,1,352252.1714802962,-0.812,1.4760706,-0.4218474512404863
4,1,352257.17167657055,-0.812,1.4754025,-0.42297538306503796
4,1,352262.1718728449,-0.812,1.4749825,-0.4241033179740638
4,1,352267.1720691193,-0.812,1.474028,-0.4252312542273101
4,1,352272.17226539366,-0.812,1.473589,-0.42635919400447575
4,1,352277.17246166803,-0.812,1.4729208,-0.42748713273105327
4,1,352282.1726579424,-0.812,1.4723672,-0.4286150692580538
4,1,352287.17285421677,-0.812,1.4716035,-0.42974300531362797
4,1,352292.17305049114,-0.812,1.470859,-0.4308709425682224
4,1,352297.1732467655,-0.812,1.47021,-0.4319988778818412
4,1,352302.1734430399,-0.812,1.4697518,-0.4331268124684622
4,1,352307.17363931425,-0.812,1.4689882,-0.43425474940732417
4,1,352312.1738355886,-0.812,1.4681673,-0.43538268469910124
4,1,352317.174031863,-0.812,1.4674419,-0.43651062175616256
4,1,352322.17422813736,-0.812,1.4667928,-0.43763855774024757
4,1,352327.1744244117,-0.812,1.465991,-0.4387664969395793
4,1,352332.1746206861,-0.812,1.4652656,-0.439894433277196
4,1,352337.17481696047,-0.812,1.4643683,-0.44102236766946945
4,1,352342.17501323484,-0.812,1.4637002,-0.44215030352139106
4,1,352347.1752095092,-0.812,1.4629557,-0.4432782397375865
4,1,352352.1754057836,-0.812,1.462173,-0.4444061758918825
4,1,352357.17560205795,-0.812,1.4616194,-0.44553411122355163
4,1,352362.1757983323,-0.812,1.4608748,-0.4466620460628069
4,1,352367.1759946067,-0.812,1.4601876,-0.4477899839322928
4,1,352372.17619088106,-0.812,1.4593858,-0.44891792429328264
4,1,352377.1763871554,-0.812,1.4588512,-0.45004586548589304
4,1,352382.1765834298,-0.812,1.4580877,-0.4511738056118419
4,1,352387.17677970417,-0.812,1.457324,-0.4523017448282073
4,1,352392.17697597854,-0.812,1.4563886,-0.45342968456570604
4,1,352397.1771722529,-0.812,1.4556059,-0.4545576240940455
4,1,352402.1773685273,-0.812,1.4550332,-0.4556855618945158
4,1,352407.17756480165,-0.812,1.4541932,-0.4568135000593824
4,1,352412.177761076,-0.812,1.4533341,-0.45794143863647147
4,1,352417.1779573504,-0.812,1.4527423,-0.4590693760465413
4,1,352422.17815362476,-0.812,1.4521123,-0.46019731324236557
4,1,352427.1783498991,-0.812,1.4511578,-0.4613252525024609
4,1,352432.1785461735,-0.812,1.4507378,-0.46245319108115596
4,1,352437.17874244787,-0.812,1.4498407,-0.4635811303519007
4,1,352442.17893872224,-0.812,1.4490198,-0.464709068932119
4,1,352447.1791349966,-0.812,1.448027,-0.46583700740974116
4,1,352452.179331271,-0.812,1.4474543,-0.46696494587333964
4,1,352457.17952754535,-0.812,1.4464808,-0.4680928859191103
4,1,352462.1797238202,-0.812,1.4458698,-0.4692208285962704
4,1,352467.179920095,-0.812,1.4450872,-0.4703487712211374
4,1,352472.18011636985,-0.812,1.4441135,-0.4714767116378112
4,1,352477.1803126447,-0.812,1.443369,-0.47260465388429795
4,1,352482.1805089195,-0.812,1.4425099,-0.4737325929926995
4,1,352487.18070519436,-0.812,1.44167,-0.47486053327095806
4,1,352492.1809014692,-0.812,1.4411545,-0.47598847267866434
4,1,352497.18109774403,-0.812,1.4401618,-0.47711641082133155
4,1,352502.18129401887,-0.812,1.4393028,-0.4782443455899189
4,1,352507.1814902937,-0.812,1.4384437,-0.47937227943708466
4,1,352512.1816865681,-0.812,1.4374701,-0.4805002173019313
4,1,352517.1818828429,-0.812,1.4368019,-0.48162815241782503
4,1,352522.18207911775,-0.812,1.4357902,-0.48275608536271225
4,1,352527.1822753926,-0.812,1.4347975,-0.483884017824633
4,1,352532.1824716674,-0.812,1.434072,-0.48501195385094126
4,1,352537.18266794225,-0.812,1.4333085,-0.4861398896141546
4,1,352542.1828642171,-0.812,1.4324112,-0.4872678221849995
4,1,352547.1830604919,-0.812,1.4318385,-0.4883957525858479
4,1,352552.18325676676,-0.812,1.4306549,-0.4895236821392805
4,1,352557.1834530416,-0.812,1.4297767,-0.4906516134845744
4,1,352562.1836493162,-0.812,1.428975,-0.491779544000824
4,1,352567.1838455908,-0.812,1.4280777,-0.49290747373662036
4,1,352572.1840418654,-0.812,1.427295,-0.4940354068032633
4,1,352577.18423814,-0.812,1.4263023,-0.4951633389003837
4,1,352582.1844344146,-0.812,1.4252523,-0.4962912725058593
4,1,352587.1846306892,-0.812,1.4241451,-0.49741920587371763
4,1,352592.1848269638,-0.812,1.4234196,-0.4985471364567079
4,1,352597.1850232384,-0.812,1.4225796,-0.4996750692631302
4,1,352602.185219513,-0.812,1.4216061,-0.5008029945372638
4,1,352607.1854157876,-0.812,1.4206516,-0.5019309238568045
4,1,352612.18561206234,-0.812,1.4198879,-0.503058851080775
4,1,352617.18580833706,-0.812,1.4189143,-0.5041867796495819
4,1,352622.1860046118,-0.812,1.4179789,-0.5053147089989514
4,1,352627.1862008865,-0.812,1.4167571,-0.5064426391734478
4,1,352632.1863971612,-0.812,1.4159553,-0.5075705686616067
4,1,352637.18659343617,-0.812,1.4149626,-0.5086984997159505
4,1,352642.1867897109,-0.812,1.4140272,-0.509826430986924
4,1,352647.1869859856,-0.812,1.4131109,-0.5109543626290524
4,1,352652.1871822603,-0.812,1.4122709,-0.5120822927918796
4,1,352657.18737853505,-0.812,1.4113355,-0.5132102233655881
4,1,352662.18757480977,-0.812,1.410381,-0.5143381529703965
4,1,352667.1877710845,-0.812,1.4094074,-0.5154660811652042
4,1,352672.1879673592,-0.812,1.4084529,-0.5165940125569699
4,1,352677.18816363387,-0.812,1.4074029,-0.5177219446487424
4,1,352682.1883599086,-0.812,1.4063721,-0.5188498767400117
4,1,352687.18855618325,-0.812,1.4054366,-0.5199778120325305
4,1,352692.18875245797,-0.812,1.4043102,-0.5211057494836712
4,1,352697.1889487327,-0.812,1.4030694,-0.5222336848087573
4,1,352702.1891450073,-0.812,1.4019812,-0.5233616204546025
4,1,352707.189341282,-0.812,1.4008168,-0.5244895537133247
4,1,352712.1895375566,-0.812,1.3999004,-0.525617486791276
4,1,352717.1897338312,-0.812,1.3990222,-0.5267454193754126
4,1,352722.1899301058,-0.812,1.3978959,-0.5278733526060114
4,1,352727.1901263804,-0.812,1.3966168,-0.529001284699476
4,1,352732.190322655,-0.812,1.3955669,-0.5301292183605263
4,1,352737.1905189296,-0.812,1.3941925,-0.5312571498847865
4,1,352742.1907152042,-0.812,1.3932761,-0.5323850740769998
4,1,352747.1909114788,-0.812,1.3921115,-0.5335130038152796
4,1,352752.19110775343,-0.812,1.3908898,-0.5346409344122305
4,1,352757.19130402803,-0.812,1.389668,-0.5357688654792634
4,1,352762.19150030287,-0.812,1.388618,-0.5368967967143715
4,1,352767.1916965777,-0.812,1.3875108,-0.5380247287369861
4,1,352772.19189285254,-0.812,1.38648,-0.5391526633601879
4,1,352777.1920891274,-0.812,1.3856972,-0.5402805970247018
4,1,352782.19228540175,-0.812,1.3845518,-0.5414085320690599
4,1,352787.1924816766,-0.812,1.3832918,-0.5425364686207633
4,1,352792.1926779514,-0.812,1.3822228,-0.5436644077005646
4,1,352797.19287422625,-0.812,1.3810391,-0.5447923460139759
4,1,352802.1930705011,-0.812,1.3800465,-0.5459202834444901
4,1,352807.1932667759,-0.812,1.3787675,-0.5470482197800239
4,1,352812.19346305076,-0.812,1.3774693,-0.5481761600692597
4,1,352817.1936593256,-0.812,1.3763812,-0.549304095468335
4,1,352822.19385560043,-0.812,1.3753502,-0.5504320361216691
4,1,352827.19405187527,-0.812,1.3740712,-0.5515599776742618
4,1,352832.1942481501,-0.812,1.372964,-0.5526879196887573
4,1,352837.19444442494,-0.812,1.3715322,-0.5538158618257933
4,1,352842.1946406998,-0.812,1.370444,-0.5549438012967766
4,1,352847.1948369746,-0.812,1.3691651,-0.5560717426447465
4,1,352852.19503324945,-0.812,1.367886,-0.5571996855908692
4,1,352857.1952295243,-0.812,1.3666451,-0.5583276282592906
4,1,352862.1954257991,-0.812,1.3651942,-0.559455569095846
4,1,352867.1956220735,-0.812,1.3640107,-0.5605835100232555
4,1,352872.19581834786,-0.812,1.3626934,-0.5617114509617415
4,1,352877.1960146222,-0.812,1.361548,-0.5628393925417357
4,1,352882.1962108966,-0.812,1.3603262,-0.5639673332827813
4,1,352887.19640717097,-0.812,1.35899,-0.56509527618126
4,1,352892.19660344534,-0.812,1.3576345,-0.5662232195910804
4,1,352897.1967997197,-0.812,1.3562982,-0.5673511638186202
4,1,352902.1969959941,-0.812,1.3548664,-0.5684791031572148
4,1,352907.19719226845,-0.812,1.3535682,-0.5696070458912411
4,1,352912.1973885428,-0.812,1.352232,-0.5707349881158331
4,1,352917.1975848172,-0.812,1.3508574,-0.5718629277778757
4,1,352922.19778109156,-0.812,1.349693,-0.572990867771085
4,1,352927.1979773659,-0.812,1.3482994,-0.5741188078876495
4,1,352932.1981736403,-0.812,1.3466958,-0.5752467454228128
4,1,352937.19836991467,-0.812,1.345283,-0.576374686039447
4,1,352942.19856618904,-0.812,1.3438513,-0.5775026259869461
4,1,352947.1987624634,-0.812,1.3425341,-0.5786305667286705
4,1,352952.1989587378,-0.812,1.3411596,-0.5797585074318208
4,1,352957.19915501215,-0.812,1.3399378,-0.5808864469503155
4,1,352962.1993512865,-0.812,1.3384297,-0.5820143802897358
4,1,352967.1995475609,-0.812,1.337036,-0.583142317861874
4,1,352972.19974383526,-0.812,1.335738,-0.5842702554479265
4,1,352977.1999401096,-0.812,1.334077,-0.5853981941972433
4,1,352982.200136384,-0.812,1.3326453,-0.5865261339181951
4,1,352987.20033265837,-0.812,1.3312517,-0.5876540745248918
4,1,352992.20052893274,-0.812,1.3298581,-0.5887820155929185
4,1,352997.2007252071,-0.812,1.3285217,-0.5899099552470006
4,1,353002.2009214815,-0.812,1.3267082,-0.5910378958888343
4,1,353007.20111775585,-0.812,1.3255628,-0.59216583705652
4,1,353012.2013140302,-0.812,1.3238828,-0.5932937771054432
4,1,353017.2015103046,-0.812,1.3225847,-0.5944217158071755
4,1,353022.20170657896,-0.812,1.3213056,-0.5955496525195233
4,1,353027.2019028533,-0.812,1.3195493,-0.5966775890208508
4,1,353032.2020991277,-0.812,1.3182513,-0.5978055241290355
4,1,353037.20229540206,-0.812,1.3168385,-0.5989334581939735
4,1,353042.20249167643,-0.812,1.3153495,-0.6000613938002776
4,1,353047.2026879508,-0.812,1.3138032,-0.6011893292410894
4,1,353052.2028842252,-0.812,1.3122187,-0.6023172598239107
4,1,353057.20308049954,-0.812,1.3105388,-0.6034451887120263
4,1,353062.2032767739,-0.812,1.3093361,-0.6045731191778438
4,1,353067.2034730483,-0.812,1.3075224,-0.6057010508472811
4,1,353072.20366932265,-0.812,1.3059952,-0.6068289822286094
4,1,353077.203865597,-0.812,1.3045062,-0.6079569146323626
4,1,353082.2040618714,-0.812,1.3028263,-0.6090848486992642
4,1,353087.20425814576,-0.812,1.300879,-0.6102127811137495
4,1,353092.20445442013,-0.812,1.2998291,-0.6113407126128334
4,1,353097.2046506945,-0.812,1.2982827,-0.6124686441320338
4,1,353102.2048469689,-0.812,1.296431,-0.6135965773940575
4,1,353107.20504324324,-0.812,1.2948465,-0.6147245107021655
4,1,353112.2052395176,-0.812,1.293262,-0.6158524432104222
4,1,353117.205435792,-0.812,1.2917348,-0.6169803728283172
4,1,353122.20563206635,-0.812,1.2903221,-0.6181083083159816
4,1,353127.2058283407,-0.812,1.2885848,-0.619236240859617
4,1,353132.2060246151,-0.812,1.2868859,-0.6203641737420618
4,1,353137.20622088946,-0.812,1.2848241,-0.6214921063203076
4,1,353142.20641716383,-0.812,1.2828768,-0.6226200407132864
4,1,353147.2066134382,-0.812,1.2814451,-0.6237479797775805
4,1,353152.2068097126,-0.812,1.2796506,-0.6248759180177906
4,1,353157.20700598694,-0.812,1.2780662,-0.626003856737348
4,1,353162.2072022613,-0.812,1.2763098,-0.6271317951916118
4,1,353167.2073985357,-0.812,1.2746108,-0.6282597342200702
4,1,353172.20759481005,-0.812,1.2727972,-0.6293876697855948
4,1,353177.2077910844,-0.812,1.2712127,-0.6305156018942752
4,1,353182.2079873588,-0.812,1.2693037,-0.6316435348853958
4,1,353187.20818363316,-0.812,1.2672992,-0.6327714695454497
4,1,353192.20837990753,-0.812,1.2655811,-0.633899405680702
4,1,353197.2085761819,-0.812,1.2635384,-0.6350273439036435
4,1,353202.2087724563,-0.812,1.2619157,-0.636155286195178
4,1,353207.20896873064,-0.812,1.2603503,-0.6372832275098057
4,1,353212.209165005,-0.812,1.2585176,-0.6384111668640831
4,1,353217.2093612794,-0.812,1.2567613,-0.639539109698255
4,1,353222.20955755375,-0.812,1.2548141,-0.6406670537455603
4,1,353227.2097538281,-0.812,1.2531724,-0.6417949938876786
4,1,353232.2099501025,-0.812,1.2514352,-0.6429229338043588
4,1,353237.21014637686,-0.812,1.2493161,-0.6440508749679318
4,1,353242.21034265123,-0.812,1.2476743,-0.6451788105210852
4,1,353247.2105389256,-0.812,1.2458417,-0.6463067512056985
4,1,353252.2107352,-0.812,1.2442572,-0.6474346906469887
4,1,353257.21093147434,-0.812,1.2425773,-0.6485626269045199
4,1,353262.2111277492,-0.812,1.2409354,-0.6496905583025177
4,1,353267.211324024,-0.812,1.2390074,-0.650818489803234
4,1,353272.21152029885,-0.812,1.2373656,-0.6519464265571063
4,1,353277.2117165737,-0.812,1.2355521,-0.6530743660555574
4,1,353282.2119128485,-0.812,1.233643,-0.6542023040194802
4,1,353287.21210912336,-0.812,1.2315812,-0.6553302413792437
4,1,353292.2123053982,-0.812,1.2298249,-0.6564581786937805
4,1,353297.212501673,-0.812,1.227935,-0.6575861111201239
4,1,353302.21269794786,-0.812,1.2260259,-0.6587140468750323
4,1,353307.2128942227,-0.812,1.2242124,-0.6598419850356074
4,1,353312.21309049753,-0.812,1.2226852,-0.6609699194332586
4,1,353317.21328677237,-0.812,1.2204516,-0.6620978575440837
4,1,353322.2134830472,-0.812,1.2184854,-0.6632257972377366
4,1,353327.21367932204,-0.812,1.2164235,-0.6643537365712218
4,1,353332.2138755969,-0.812,1.21482,-0.6654816731548037
4,1,353337.2140718717,-0.812,1.2128155,-0.666609609570158
4,1,353342.21426814655,-0.812,1.2107346,-0.6677375457551935
4,1,353347.2144644214,-0.812,1.2088065,-0.6688654815641071
4,1,353352.2146606962,-0.812,1.2068784,-0.6699934177883823
4,1,353357.2148569708,-0.812,1.2050266,-0.671121356486333
4,1,353362.2150532454,-0.812,1.2029649,-0.6722492980222959
4,1,353367.21524952,-0.812,1.2010368,-0.673377237133489
4,1,353369.22064802924,-0.812,1.1999677,-0.6738296137391685
4,1,353369.22084802925,-0.812,1.2000059,-0.6738296588593813
4,2,353369.22164802905,0.812,1.3007507,8.956320418251885e-08
4,2,353374.2218443034,0.812,1.5760657,0.0011276865600380632
4,2,353379.22204057826,0.812,1.6651983,0.0022552803344693447
4,2,353384.22223685286,0.812,1.7331598,0.003382874527474244
4,2,353389.22243312746,0.812,1.7893233,0.004510469068712658
4,2,353394.22262940207,0.812,1.8380609,0.005638060870687167
4,2,353399.22282567667,0.812,1.8813195,0.006765652332716518
4,2,353404.2230219515,0.812,1.9203019,0.00789324279017912
4,2,353409.22321822634,0.812,1.9560199,0.009020829784340328
4,2,353414.2234145012,0.812,1.988836,0.010148417634728882
4,2,353419.223610776,0.812,2.018827,0.011276007548242808
4,2,353424.22380705085,0.812,2.0466225,0.012403597937852145
4,2,353429.2240033257,0.812,2.071879,0.013531189629170631
4,2,353434.2241996005,0.812,2.09494,0.014658781708098121
4,2,353439.22439587535,0.812,2.1162257,0.01578637317447199
4,2,353444.2245921502,0.812,2.1354496,0.01691396457709869
4,2,353449.224788425,0.812,2.1534517,0.018041559612145028
4,2,353454.22498469986,0.812,2.1696212,0.019169151008589402
4,2,353459.2251809747,0.812,2.184607,0.020296742289228575
4,2,353464.22537724953,0.812,2.1983712,0.021424332684020206
4,2,353469.22557352437,0.812,2.210818,0.022551923399027854
4,2,353474.2257697992,0.812,2.2223487,0.023679514482991566
4,2,353479.22596607404,0.812,2.2329056,0.02480710643135177
4,2,353484.2261623489,0.812,2.2428133,0.02593469777259562
4,2,353489.2263586237,0.812,2.2520342,0.027062288924770223
4,2,353494.22655489855,0.812,2.2603574,0.02818988111670481
4,2,353499.2267511729,0.812,2.2683754,0.029317473841730092
4,2,353504.2269474473,0.812,2.2757442,0.03044506496523486
4,2,353509.22714372166,0.812,2.282655,0.03157265719901853
4,2,353514.227339996,0.812,2.2891839,0.03270025081558691
4,2,353519.2275362704,0.812,2.2954454,0.03382784592554967
4,2,353524.22773254476,0.812,2.3009624,0.034955441071069904
4,2,353529.22792881913,0.812,2.3065941,0.036083034245236054
4,2,353534.2281250935,0.812,2.311615,0.037210625818106864
4,2,353539.2283213679,0.812,2.3166738,0.03833821907496121
4,2,353544.22851764224,0.812,2.32116,0.03946581612671746
4,2,353549.2287139166,0.812,2.325799,0.04059341264448894
4,2,353554.228910191,0.812,2.330266,0.041721009478059075
4,2,353559.22910646535,0.812,2.3346379,0.04284860606007443
4,2,353564.2293027397,0.812,2.3384178,0.04397620335543486
4,2,353569.2294990141,0.812,2.3423312,0.04510380271016226
4,2,353574.22969528846,0.812,2.3460538,0.04623140622353553
4,2,353579.22989156283,0.812,2.3497572,0.04735901097231109
4,2,353584.2300878372,0.812,2.3534799,0.04848661036785112
4,2,353589.2302841116,0.812,2.3570306,0.04961421197425656
4,2,353594.23048038594,0.812,2.360295,0.0507418086530235
4,2,353599.2306766603,0.812,2.3637505,0.05186940351960725
4,2,353604.2308729347,0.812,2.367053,0.052996999171485495
4,2,353609.23106920905,0.812,2.3702984,0.05412459624436828
4,2,353614.2312654834,0.812,2.373372,0.05525218795216745
4,2,353619.2314617578,0.812,2.376331,0.05637978171106179
4,2,353624.23165803216,0.812,2.3793473,0.05750737498919831
4,2,353629.23185430653,0.812,2.3822489,0.05863496650566988
4,2,353634.2320505809,0.812,2.3851697,0.059762558355559894
4,2,353639.2322468553,0.812,2.3883197,0.06089015355899267
4,2,353644.23244312964,0.812,2.391145,0.06201774762894378
4,2,353649.232639404,0.812,2.3940086,0.06314534137366545
4,2,353654.2328356784,0.812,2.3969486,0.06427293288905751
4,2,353659.23303195275,0.812,2.3995256,0.0654005218476388
4,2,353664.2332282271,0.812,2.4022365,0.06652810863185589
4,2,353669.2334245015,0.812,2.4050238,0.06765569720013934
4,2,353674.23362077586,0.812,2.4080591,0.06878328515267701
4,2,353679.23381705023,0.812,2.4105217,0.06991087495389248
4,2,353684.2340133246,0.812,2.4132326,0.07103846274263989
4,2,353689.234209599,0.812,2.415657,0.07216605439580809
4,2,353694.23440587334,0.812,2.4182725,0.07329364532126649
4,2,353699.2346021477,0.812,2.4211931,0.0744212359225849
4,2,353704.2347984221,0.812,2.4236176,0.07554882914767329
4,2,353709.23499469645,0.812,2.4262712,0.07667641865309739
4,2,353714.2351909708,0.812,2.4289439,0.07780400539478326
4,2,353719.2353872452,0.812,2.4315784,0.07893159261023665
4,2,353724.23558351956,0.812,2.4338882,0.08005918102344206
4,2,353729.23577979393,0.812,2.436618,0.08118676852613023
4,2,353734.2359760683,0.812,2.4391382,0.08231435658048919
4,2,353739.2361723427,0.812,2.4420016,0.08344194528180358
4,2,353744.23636861704,0.812,2.444598,0.08456953640374208
4,2,353749.2365648914,0.812,2.447175,0.0856971269470453
4,2,353754.2367611658,0.812,2.449676,0.08682471608141062
4,2,353759.23695744015,0.812,2.4523675,0.0879523062197599
4,2,353764.2371537145,0.812,2.4549067,0.08907989491143821
4,2,353769.2373499889,0.812,2.4575028,0.09020748400784862
4,2,353774.23754626326,0.812,2.4601946,0.0913350743126306
4,2,353779.23774253763,0.812,2.4624474,0.09246266381635597
4,2,353784.237938812,0.812,2.4649863,0.09359025391720398
4,2,353789.2381350864,0.812,2.4677162,0.09471784635102415
4,2,353794.23833136074,0.812,2.4702935,0.09584544013714788
4,2,353799.2385276351,0.812,2.4727561,0.09697303166677883
4,2,353804.2387239095,0.812,2.475276,0.09810062647480763
4,2,353809.23892018385,0.812,2.477815,0.09922822354636587
4,2,353814.2391164582,0.812,2.4802778,0.10035581833965908
4,2,353819.2393127326,0.812,2.482912,0.1014834105598562
4,2,353824.23950900696,0.812,2.4854894,0.10261100481328696
4,2,353829.23970528133,0.812,2.487933,0.10373859938580787
4,2,353834.2399015557,0.812,2.4903955,0.10486619396133882
4,2,353839.2400978301,0.812,2.4929154,0.10599378805588017
4,2,353844.24029410444,0.812,2.4953208,0.10712138380212913
4,2,353849.2404903788,0.812,2.4980507,0.10824897949442264
4,2,353854.2406866532,0.812,2.500456,0.10937657732296317
4,2,353859.24088292755,0.812,2.5030143,0.11050417584004663
4,2,353864.2410792019,0.812,2.5055532,0.11163177284023493
4,2,353869.2412754763,0.812,2.508073,0.11275937444652448
4,2,353874.24147175066,0.812,2.5104022,0.11388697584690316
4,2,353879.24166802503,0.812,2.5128267,0.11501457136535641
4,2,353884.2418642994,0.812,2.5152893,0.1161421643089122
4,2,353889.2420605738,0.812,2.517981,0.1172697595946954
4,2,353894.2422568486,0.812,2.5204437,0.11839735659710232
4,2,353899.24245312344,0.812,2.5229826,0.11952495636609525
4,2,353904.2426493983,0.812,2.5251207,0.1206525544215606
4,2,353909.2428456731,0.812,2.5274117,0.12178015402068029
4,2,353914.24304194795,0.812,2.5301034,0.12290775344128407
4,2,353919.2432382228,0.812,2.5324323,0.12403534909407626
4,2,353924.2434344976,0.812,2.5348568,0.12516294526186583
4,2,353929.24363077246,0.812,2.5371478,0.12629054040087592
4,2,353934.2438270473,0.812,2.5394385,0.1274181379791995
4,2,353939.2440233221,0.812,2.5414622,0.1285457353752156
4,2,353944.24421959696,0.812,2.5438483,0.12967333412120408
4,2,353949.2444158718,0.812,2.5462537,0.13080093602790435
4,2,353954.24461214663,0.812,2.54822,0.1319285405184428
4,2,353959.24480842147,0.812,2.5502627,0.13305614505730737
4,2,353964.2450046963,0.812,2.5523245,0.1341837484491534
4,2,353969.24520097114,0.812,2.5544627,0.13531135345286133
4,2,353974.245397246,0.812,2.5567153,0.13643896080722082
4,2,353979.2455935208,0.812,2.5587578,0.13756656660999525
4,2,353984.24578979565,0.812,2.560686,0.13869416776674656
4,2,353989.24598607,0.812,2.5625567,0.13982176590159207
4,2,353994.2461823446,0.812,2.5644276,0.1409493655209707
4,2,353999.2463786192,0.812,2.566375,0.1420769666524066
4,2,354004.2465748938,0.812,2.5683413,0.14320456565327777
4,2,354009.24677116843,0.812,2.5698876,0.14433216455838416
4,2,354014.24696744303,0.812,2.5717967,0.14545976297064953
4,2,354019.24716371763,0.812,2.5734,0.14658735941463708
4,2,354024.24735999224,0.812,2.5751755,0.1477149580405288
4,2,354029.24755626684,0.812,2.5766072,0.14884255366883342
4,2,354034.24775254144,0.812,2.5783255,0.1499701497366362
4,2,354039.24794881605,0.812,2.5800626,0.15109774474900298
4,2,354044.24814509077,0.812,2.5813608,0.15222533853670292
4,2,354049.2483413655,0.812,2.5828307,0.15335293401154212
4,2,354054.2485376402,0.812,2.5847015,0.15448053007576198
4,2,354059.2487339149,0.812,2.5857706,0.1556081257542868
4,2,354064.24893018964,0.812,2.5873551,0.15673571711558432
4,2,354069.24912646436,0.812,2.5886915,0.15786331092259617
4,2,354074.2493227391,0.812,2.5901613,0.15899090595188736
4,2,354079.2495190138,0.812,2.5912685,0.16011849895047148
4,2,354084.2497152885,0.812,2.5924904,0.1612460889808668
4,2,354089.24991156324,0.812,2.5936358,0.16237368018052975
4,2,354094.25010783796,0.812,2.5948195,0.16350127043209803
4,2,354099.2503041127,0.812,2.5961366,0.1646288606467644
4,2,354104.25050038734,0.812,2.5973012,0.16575645294686817
4,2,354109.25069666206,0.812,2.5981412,0.16688404364593487
4,2,354114.250892937,0.812,2.5993629,0.1680116331488556
4,2,354119.25108921167,0.812,2.6001647,0.169139221619553
4,2,354124.2512854864,0.812,2.6013103,0.17026681123371915
4,2,354129.2514817611,0.812,2.6021502,0.1713944021549953
4,2,354134.2516780358,0.812,2.603181,0.17252199279692101
4,2,354139.25187431055,0.812,2.604021,0.17364958168510258
4,2,354144.25207058527,0.812,2.6047845,0.17477717075677043
4,2,354149.25226685987,0.812,2.6056247,0.1759047607877618
4,2,354154.2524631345,0.812,2.60635,0.17703235099519285
4,2,354159.2526594091,0.812,2.60698,0.17815994394833173
4,2,354164.2528556837,0.812,2.607839,0.1792875355257358
4,2,354169.2530519583,0.812,2.6085072,0.18041512758986147
4,2,354174.2532482329,0.812,2.6092136,0.18154272208603878
4,2,354179.25344450725,0.812,2.6099772,0.18267031723148947
4,2,354184.25364078186,0.812,2.6106071,0.18379791155124364
4,2,354189.25383705646,0.812,2.6112943,0.18492550662827814
4,2,354194.2540333313,0.812,2.611848,0.18605310038926526
4,2,354199.25422960613,0.812,2.6126115,0.18718069340414462
4,2,354204.25442588096,0.812,2.6132035,0.18830828357685928
4,2,354209.2546221558,0.812,2.6137571,0.18943587151055524
4,2,354214.25481843064,0.812,2.6142533,0.19056345807501002
4,2,354219.2550147055,0.812,2.615017,0.19169104388668462
4,2,354224.2552109803,0.812,2.615456,0.19281863194130186
4,2,354229.25540725514,0.812,2.6157997,0.19394621724322428
4,2,354234.25560353,0.812,2.616487,0.19507380329803947
4,2,354239.2557998048,0.812,2.6168878,0.19620139010939985
4,2,354244.25599607965,0.812,2.6174986,0.19732897496946641
4,2,354249.2561923545,0.812,2.6181288,0.1984565627123315
4,2,354254.2563886293,0.812,2.6182623,0.1995841511329875
4,2,354259.2565849037,0.812,2.6187587,0.2007117387261754
4,2,354264.2567811785,0.812,2.6191788,0.20183932923028858
4,2,354269.25697745336,0.812,2.6198277,0.20296691783991447
4,2,354274.2571737282,0.812,2.6200569,0.2040945062125854
4,2,354279.25737000303,0.812,2.6205914,0.2052220938602122
4,2,354284.25756627787,0.812,2.6208968,0.20634968103959153
4,2,354289.2577625527,0.812,2.6215458,0.20747726671504632
4,2,354294.25795882754,0.812,2.6218705,0.208604852185385
4,2,354299.2581551019,0.812,2.6223476,0.20973243734619343
4,2,354304.2583513763,0.812,2.622844,0.2108600203443632
4,2,354309.25854765065,0.812,2.6230159,0.21198760335262276
4,2,354314.258743925,0.812,2.6235886,0.21311518714597813
4,2,354319.2589401994,0.812,2.6239321,0.21424277122254165
4,2,354324.25913647376,0.812,2.624314,0.2153703561478389
4,2,354329.25933274813,0.812,2.6250012,0.21649794075648976
4,2,354334.2595290225,0.812,2.6251159,0.21762552935867832
4,2,354339.25972529687,0.812,2.6255357,0.21875311308556125
4,2,354344.25992157124,0.812,2.6259367,0.2198806946382886
4,2,354349.2601178456,0.812,2.6263947,0.22100827775770748
4,2,354354.26031412,0.812,2.6266239,0.22213586378189912
4,2,354359.26051039435,0.812,2.6271584,0.22326344781483864
4,2,354364.2607066687,0.812,2.6276357,0.224391031411151
4,2,354369.2609029431,0.812,2.6277692,0.22551861672509368
4,2,354374.26109921746,0.812,2.6282656,0.2266461978313127
4,2,354379.26129549183,0.812,2.6286283,0.22777377934745938
4,2,354384.2614917662,0.812,2.6290865,0.228901362034834
4,2,354389.26168804057,0.812,2.629392,0.23002894272770474
4,2,354394.26188431494,0.812,2.6295638,0.2311565278947253
4,2,354399.2620805893,0.812,2.6300411,0.2322841093435154
4,2,354404.2622768637,0.812,2.6303847,0.23341169304765585
4,2,354409.26247313805,0.812,2.6310146,0.23453927493732496
4,2,354414.2626694124,0.812,2.6309955,0.23566685529620107
4,2,354419.2628656868,0.812,2.6313584,0.23679443740498346
4,2,354424.26306196116,0.812,2.63174,0.23792202113884015
4,2,354429.2632582355,0.812,2.6319692,0.239049602682044
4,2,354434.2634545099,0.812,2.632351,0.24017718200132904
4,2,354439.26365078427,0.812,2.6324081,0.2413047628347608
4,2,354444.26384705864,0.812,2.6326563,0.2424323448033663
4,2,354449.264043333,0.812,2.632981,0.24355992169290772
4,2,354454.2642396074,0.812,2.6333628,0.2446875008593565
4,2,354459.26443588175,0.812,2.6334963,0.24581507894458696
4,2,354464.2646321561,0.812,2.6337829,0.24694265557288453
4,2,354469.2648284305,0.812,2.6341264,0.2480702343271937
4,2,354474.26502470486,0.812,2.6345272,0.24919781331873925
4,2,354479.2652209792,0.812,2.63468,0.2503253930735289
4,2,354484.2654172536,0.812,2.6349854,0.2514529725599983
4,2,354489.26561352797,0.812,2.6352718,0.2525805549477702
4,2,354494.26580980234,0.812,2.635539,0.25370814109619116
4,2,354499.2660060767,0.812,2.6357872,0.2548357254264817
4,2,354504.2662023511,0.812,2.6361308,0.2559633127030133
4,2,354509.26639862545,0.812,2.6364553,0.25709089693883713
4,2,354514.2665948998,0.812,2.6366844,0.2582184762810037
4,2,354519.2667911742,0.812,2.6371617,0.2593460561369391
4,2,354524.26698744856,0.812,2.6377153,0.2604736363837188
4,2,354529.2671837229,0.812,2.6378682,0.26160121480632476
4,2,354534.2673799973,0.812,2.6381736,0.26272879421544393
4,2,354539.26757627167,0.812,2.6386316,0.26385637466854506
4,2,354544.26777254604,0.812,2.6388416,0.2649839516147705
4,2,354549.2679688204,0.812,2.639147,0.2661115302329327
4,2,354554.2681650948,0.812,2.6393762,0.2672391108968555
4,2,354559.26836136915,0.812,2.63951,0.2683666922317643
4,2,354564.2685576435,0.812,2.6396625,0.2694942710859046
4,2,354569.2687539179,0.812,2.640197,0.2706218507392737
4,2,354574.26895019226,0.812,2.6403499,0.27174943175789046
4,2,354579.2691464666,0.812,2.6406934,0.27287701448239216
4,2,354584.269342741,0.812,2.6409035,0.27400459811407324
4,2,354589.26953901537,0.812,2.6411898,0.2751321763974428
4,2,354594.26973528974,0.812,2.6415524,0.2762597570170197
4,2,354599.2699315641,0.812,2.6417434,0.2773873361569676
4,2,354604.2701278385,0.812,2.6421251,0.2785149186449415
4,2,354609.27032411285,0.812,2.642278,0.2796424985676275
4,2,354614.2705203872,0.812,2.6424305,0.2807700780679848
4,2,354619.2707166616,0.812,2.6426597,0.2818976568608913
4,2,354624.27091293596,0.812,2.6428888,0.28302524004968005
4,2,354629.2711092103,0.812,2.643328,0.28415282562356525
4,2,354634.2713054847,0.812,2.6434996,0.28528041036928364
4,2,354639.27150175907,0.812,2.6437478,0.2864079965740012
4,2,354644.27169803344,0.812,2.6441107,0.2875355781844192
4,2,354649.2718943078,0.812,2.6442823,0.288663158216546
4,2,354654.2720905822,0.812,2.6445305,0.28979074019470813
4,2,354659.27228685655,0.812,2.644836,0.2909183228341706
4,2,354664.2724831309,0.812,2.6449697,0.29204590336560216
4,2,354669.2726794053,0.812,2.6453514,0.2931734880080853
4,2,354674.27287567966,0.812,2.6456568,0.29430107465670846
4,2,354679.273071954,0.812,2.6458287,0.2954286567205589
4,2,354684.2732682284,0.812,2.6459816,0.29655624613852644
4,2,354689.27346450323,0.812,2.646287,0.2976838375851182
4,2,354694.27366077807,0.812,2.6466305,0.2988114250059526
4,2,354699.2738570529,0.812,2.6470122,0.2999390121795966
4,2,354704.27405332774,0.812,2.6472986,0.3010666012345553
4,2,354709.2742496026,0.812,2.6475086,0.30219418809519216
4,2,354714.2744458774,0.812,2.6476805,0.30332177615191874
4,2,354719.27464215225,0.812,2.6481578,0.3044493667894668
4,2,354724.2748384271,0.812,2.648177,0.3055769552157753
4,2,354729.27503470145,0.812,2.6487877,0.30670454244536827
4,2,354734.2752309763,0.812,2.6487687,0.3078321292217672
4,2,354739.2754272511,0.812,2.6489978,0.3089597203656634
4,2,354744.27562352596,0.812,2.6493986,0.31008730348289343
4,2,354749.2758198008,0.812,2.6496086,0.31121488813510206
4,2,354754.27601607563,0.812,2.649933,0.31234247432699136
4,2,354759.27621235047,0.812,2.6502004,0.3134700608546171
4,2,354764.2764086253,0.812,2.650315,0.3145976490710543
4,2,354769.27660490014,0.812,2.6506586,0.31572523722435697
4,2,354774.276801175,0.812,2.6510022,0.3168528289076619
4,2,354779.2769974498,0.812,2.6512122,0.3179804220886197
4,2,354784.27719372464,0.812,2.6515558,0.3191080170614156
4,2,354789.27738999925,0.812,2.651823,0.32023561095944375
4,2,354794.27758627385,0.812,2.6519568,0.3213632045598394
4,2,354799.27778254845,0.812,2.6522813,0.3224907965352138
4,2,354804.27797882305,0.812,2.652854,0.32361838676822846
4,2,354809.27817509766,0.812,2.6529875,0.32474597857875626
4,2,354814.27837137226,0.812,2.653045,0.325873567100813
4,2,354819.27856764686,0.812,2.6533313,0.32700115751396946
4,2,354824.27876392147,0.812,2.653732,0.32812874688354465
4,2,354829.27896019607,0.812,2.654095,0.32925633764237827
4,2,354834.2791564707,0.812,2.6543622,0.33038392842630876
4,2,354839.2793527454,0.812,2.6544194,0.33151151917374794
4,2,354844.2795490201,0.812,2.6547058,0.3326391107643809
4,2,354849.2797452948,0.812,2.6552022,0.3337667016115354
4,2,354854.2799415698,0.812,2.6554694,0.33489429518934416
4,2,354859.2801378445,0.812,2.655603,0.3360218895423975
4,2,354864.2803341192,0.812,2.6558893,0.3371494865350325
4,2,354869.28053039394,0.812,2.6563284,0.3382770841694573
4,2,354874.28072666866,0.812,2.6567292,0.339404680356678
4,2,354879.2809229434,0.812,2.6568248,0.3405322757986982
4,2,354884.2811192181,0.812,2.6572065,0.3416598723572724
4,2,354889.2813154928,0.812,2.6574166,0.3427874689849681
4,2,354894.28151176753,0.812,2.6578174,0.3439150668169624
4,2,354899.28170804225,0.812,2.6581993,0.34504266319857696
4,2,354904.2819043169,0.812,2.6585238,0.3461702574322024
4,2,354909.28210059163,0.812,2.6588292,0.3472978519018623
4,2,354914.2822968662,0.812,2.6590774,0.34842544561674194
4,2,354919.2824931409,0.812,2.6592302,0.3495530428011218
4,2,354924.2826894156,0.812,2.659803,0.35068063979554503
4,2,354929.28288569034,0.812,2.660261,0.3518082326784299
4,2,354934.28308196506,0.812,2.6605663,0.35293582960707276
4,2,354939.28327823966,0.812,2.660662,0.35406342319772305
4,2,354944.28347451426,0.812,2.6609483,0.35519101946035686
4,2,354949.28367078886,0.812,2.6614637,0.35631861545062726
4,2,354954.28386706347,0.812,2.661502,0.3574462063778175
4,2,354959.28406333807,0.812,2.6618836,0.35857379938704764
4,2,354964.2842596127,0.812,2.6619792,0.3597013930080367
4,2,354969.2844558873,0.812,2.6620936,0.3608289870642423
4,2,354974.2846521619,0.812,2.6626854,0.3619565807236532
4,2,354979.2848484365,0.812,2.6631627,0.3630841783906552
4,2,354984.2850447111,0.812,2.6636019,0.36421177085420814
4,2,354989.2852409859,0.812,2.6635253,0.36533936512841775
4,2,354994.2854372603,0.812,2.6642318,0.3664669610923495
4,2,354999.2856335351,0.812,2.66448,0.36759455696768223
4,2,355004.28582980996,0.812,2.6648235,0.3687221530215872
4,2,355009.2860260848,0.812,2.6652055,0.3698497490983803
4,2,355014.28622235963,0.812,2.6653771,0.3709773453538781
4,2,355019.28641863447,0.812,2.665759,0.37210494173218134
4,2,355024.2866149093,0.812,2.6660645,0.37323254068911726
4,2,355029.28681118414,0.812,2.6665034,0.37436013851484645
4,2,355034.287007459,0.812,2.6668282,0.3754877325999504
4,2,355039.2872037338,0.812,2.6671336,0.3766153289298348
4,2,355044.28740000864,0.812,2.667458,0.37774292572997004
4,2,355049.2875962835,0.812,2.6678207,0.37887051956913526
4,2,355054.2877925583,0.812,2.6679926,0.37999811204160905
4,2,355059.28798883315,0.812,2.6683743,0.3811257049667139
4,2,355064.288185108,0.812,2.6687372,0.3822532992935577
4,2,355069.2883813828,0.812,2.6690617,0.38338089165803785
4,2,355074.28857765766,0.812,2.6694052,0.3845084861478805
4,2,355079.2887739325,0.812,2.6698825,0.3856360810832712
4,2,355084.28897020733,0.812,2.6700351,0.3867636784006489
4,2,355089.28916648217,0.812,2.6705697,0.38789127598878737
4,2,355094.28936275654,0.812,2.6709325,0.3890188723170227
4,2,355099.2895590309,0.812,2.671276,0.3901464713514016
4,2,355104.2897553053,0.812,2.6716006,0.39127406965555744
4,2,355109.28995157965,0.812,2.6719635,0.392401668067899
4,2,355114.290147854,0.812,2.6725552,0.3935292656408482
4,2,355119.2903441284,0.812,2.6726887,0.3946568638304406
4,2,355124.29054040276,0.812,2.672956,0.3957844615535703
4,2,355129.2907366771,0.812,2.673357,0.39691205722131
4,2,355134.2909329515,0.812,2.6737387,0.39803965178538364
4,2,355139.29112922587,0.812,2.6741207,0.3991672472558949
4,2,355144.29132550023,0.812,2.674655,0.4002948440242145
4,2,355149.2915217746,0.812,2.6749222,0.4014224412979484
4,2,355154.291718049,0.812,2.6754186,0.4025500397333536
4,2,355159.29191432334,0.812,2.675896,0.40367763591895833
4,2,355164.2921105977,0.812,2.676125,0.4048052338736521
4,2,355169.2923068721,0.812,2.6765642,0.40593283067225416
4,2,355174.29250314645,0.812,2.6770604,0.4070604259668655
4,2,355179.2926994208,0.812,2.677385,0.40818802330091924
4,2,355184.2928956952,0.812,2.677614,0.4093156231362124
4,2,355189.29309196956,0.812,2.678034,0.41044322229621144
4,2,355194.29328824393,0.812,2.6786258,0.4115708188869158
4,2,355199.2934845183,0.812,2.6791604,0.41269841611251235
4,2,355204.2936807927,0.812,2.6793323,0.41382601161214044
4,2,355209.29387706704,0.812,2.679752,0.41495360779651663
4,2,355214.2940733414,0.812,2.6802485,0.4160812056862811
4,2,355219.2942696158,0.812,2.680764,0.41720880368149277
4,2,355224.29446589015,0.812,2.680993,0.41833640073153705
4,2,355229.2946621645,0.812,2.6815085,0.41946399816957114
4,2,355234.2948584389,0.812,2.681852,0.4205915945045484
4,2,355239.29505471326,0.812,2.6825204,0.4217191920306119
4,2,355244.29525098763,0.812,2.6829402,0.4228467879156834
4,2,355249.295447262,0.812,2.6832838,0.42397438501712015
4,2,355254.2956435364,0.812,2.6836467,0.4251019812625017
4,2,355259.29583981074,0.812,2.684391,0.4262295772498945
4,2,355264.2960360851,0.812,2.6849256,0.42735717087032066
4,2,355269.2962323595,0.812,2.6853075,0.428484764939285
4,2,355274.29642863385,0.812,2.6855938,0.429612359486868
4,2,355279.2966249082,0.812,2.6862047,0.4307399533177217
4,2,355284.2968211826,0.812,2.6866057,0.43186754745924805
4,2,355289.29701745696,0.812,2.6870637,0.4329951456227071
4,2,355294.29721373133,0.812,2.6875792,0.43412274445820187
4,2,355299.2974100057,0.812,2.6881328,0.43525034372607535
4,2,355304.2976062801,0.812,2.688362,0.43637794318233597
4,2,355309.29780255444,0.812,2.6889918,0.43750553999901814
4,2,355314.2979988288,0.812,2.6892974,0.43863313814872174
4,2,355319.2981951032,0.812,2.6897936,0.4397607351797157
4,2,355324.29839137755,0.812,2.6902137,0.4408883316697876
4,2,355329.2985876519,0.812,2.6907482,0.44201592762264613
4,2,355334.2987839263,0.812,2.691321,0.4431435246340302
4,2,355339.29898020066,0.812,2.6916454,0.44427112585446576
4,2,355344.29917647503,0.812,2.69218,0.4453987271216678
4,2,355349.2993727494,0.812,2.6927526,0.44652632990630475
4,2,355354.2995690238,0.812,2.693268,0.4476539346123504
4,2,355359.29976529814,0.812,2.6938598,0.4487815388084949
4,2,355364.2999615725,0.812,2.6943562,0.44990914394015746
4,2,355369.3001578469,0.812,2.6947763,0.4510367462326587
4,2,355374.30035412125,0.812,2.695349,0.4521643483462103
4,2,355379.3005503956,0.812,2.6959026,0.4532919509978626
4,2,355384.30074667,0.812,2.6963227,0.45441955227405834
4,2,355389.30094294436,0.812,2.6969335,0.4555471556818453
4,2,355394.30113921873,0.812,2.697468,0.45667476128564616
4,2,355399.3013354931,0.812,2.698136,0.45780236800313995
4,2,355404.3015317675,0.812,2.6987088,0.4589299727366236
4,2,355409.30172804184,0.812,2.6991289,0.46005757689684307
4,2,355414.3019243162,0.812,2.6996634,0.4611851793975765
4,2,355419.3021205906,0.812,2.7001216,0.46231278085316563
4,2,355424.30231686495,0.812,2.7008088,0.4634403791222209
4,2,355429.3025131393,0.812,2.7012098,0.4645679802997544
4,2,355434.3027094137,0.812,2.7019541,0.4656955848194991
4,2,355439.30290568806,0.812,2.7024696,0.46682318810023543
4,2,355444.30310196243,0.812,2.7033286,0.46795078737662243
4,2,355449.3032982368,0.812,2.7038822,0.4690783874454764
4,2,355454.3034945112,0.812,2.7043977,0.47020598563144284
4,2,355459.30369078554,0.812,2.7047606,0.47133358535927544
4,2,355464.3038870599,0.812,2.7055814,0.4724611804333463
4,2,355469.3040833343,0.812,2.7061923,0.4735887736126583
4,2,355474.30427960865,0.812,2.7065358,0.47471636710718285
4,2,355479.304475883,0.812,2.7072232,0.47584396097243836
4,2,355484.3046721574,0.812,2.7077196,0.476971552985655
4,2,355489.3048684322,0.812,2.7080631,0.4780991463850075
4,2,355494.30506470706,0.812,2.7085786,0.47922674094586576
4,2,355499.3052609819,0.812,2.7091513,0.4803543361697827
4,2,355504.30545725673,0.812,2.7098193,0.481481932830251
4,2,355509.30565353157,0.812,2.7105258,0.48260952994313844
4,2,355514.3058498064,0.812,2.7110794,0.48373712895988763
4,2,355519.30604608124,0.812,2.7115948,0.4848647302138177
4,2,355524.3062423561,0.812,2.7123394,0.4859923324172332
4,2,355529.3064386309,0.812,2.7128165,0.48711993633464984
4,2,355534.30663490575,0.812,2.7136374,0.4882475380726789
4,2,355539.3068311806,0.812,2.7145538,0.48937513890959167
4,2,355544.3070274554,0.812,2.715432,0.49050273796628924
4,2,355549.30722373025,0.812,2.716081,0.4916303358751967
4,2,355554.3074200051,0.812,2.7168255,0.49275793655210415
4,2,355559.3076162799,0.812,2.717551,0.4938855357653202
4,2,355564.30781255476,0.812,2.7180665,0.4950131356147595
4,2,355569.3080088296,0.812,2.718792,0.4961407357405558
4,2,355574.30820510443,0.812,2.719269,0.4972683346362115
4,2,355579.30840137927,0.812,2.7203763,0.49839593297550755
4,2,355584.3085976539,0.812,2.7212162,0.4995235334129699
4,2,355589.3087939285,0.812,2.72177,0.5006511363421018
4,2,355594.3089902033,0.812,2.72261,0.5017787366032636
4,2,355599.3091864779,0.812,2.723278,0.5029063369430207
4,2,355604.3093827525,0.812,2.7240417,0.5040339382272365
4,2,355609.3095790271,0.812,2.7248435,0.5051615400309962
4,2,355614.3097753017,0.812,2.7254353,0.5062891381904916
4,2,355619.3099715763,0.812,2.7262752,0.5074167346079286
4,2,355624.3101678509,0.812,2.727077,0.5085443331691923
4,2,355629.31036412553,0.812,2.7278407,0.5096719309398469
4,2,355634.31056040025,0.812,2.7288525,0.5107995299804677
4,2,355639.31075667497,0.812,2.729368,0.511927129934894
4,2,355644.3109529497,0.812,2.7301698,0.5130547300290667
4,2,355649.3111492244,0.812,2.7310479,0.5141823303710357
4,2,355654.311345499,0.812,2.731907,0.5153099297330448
4,2,355659.3115417737,0.812,2.7326515,0.516437533008579
4,2,355664.31173804845,0.812,2.7332623,0.5175651343562274
4,2,355669.31193432317,0.812,2.734045,0.5186927346328367
4,2,355674.3121305979,0.812,2.7353048,0.519820335131821
4,2,355679.3123268726,0.812,2.7360494,0.5209479350071685
4,2,355684.3125231473,0.812,2.737023,0.5220755375002427
4,2,355689.312719422,0.812,2.7378058,0.5232031375300557
4,2,355694.3129156967,0.812,2.738684,0.524330736701671
4,2,355699.3131119714,0.812,2.739543,0.5254583335779909
4,2,355704.31330824614,0.812,2.7403638,0.5265859327472584
4,2,355709.3135045208,0.812,2.741013,0.5277135306978858
4,2,355714.3137007955,0.812,2.7420247,0.5288411285989751
4,2,355719.31389707024,0.812,2.7430365,0.5299687250075377
4,2,355724.31409334496,0.812,2.7440293,0.5310963231742981
4,2,355729.3142896197,0.812,2.7451365,0.5322239215182267
4,2,355734.3144858938,0.812,2.7459764,0.5333515187134182
4,2,355739.3146821684,0.812,2.7472746,0.5344791197124822
4,2,355744.314878443,0.812,2.7479045,0.5356067202092081
4,2,355749.3150747176,0.812,2.7489736,0.5367343171380264
4,2,355754.3152709922,0.812,2.7500236,0.5378619132809245
4,2,355759.31546726683,0.812,2.7510164,0.5389895087634924
4,2,355764.31566354143,0.812,2.7519326,0.5401171072963479
4,2,355769.31585981604,0.812,2.7534025,0.5412447056874072
4,2,355774.31605609064,0.812,2.7543762,0.5423723060574137
4,2,355779.3162523655,0.812,2.755407,0.5434999053173862
4,2,355784.3164486401,0.812,2.7565906,0.5446275015872455
4,2,355789.3166449149,0.812,2.7575452,0.5457550979575948
4,2,355794.31684118975,0.812,2.7585952,0.5468826944637566
4,2,355799.3170374646,0.812,2.7597978,0.5480102905574211
4,2,355804.3172337394,0.812,2.7608478,0.5491378850356674
4,2,355809.31743001426,0.812,2.7614777,0.5502654810530049
4,2,355814.3176262891,0.812,2.762776,0.5513930787198645
4,2,355819.3178225639,0.812,2.7639594,0.5525206777409848
4,2,355824.31801883876,0.812,2.7652194,0.5536482748627235
4,2,355829.3182151136,0.812,2.7662885,0.5547758729108575
4,2,355834.31841138843,0.812,2.7673957,0.5559034715416202
4,2,355839.31860766327,0.812,2.768522,0.5570310702654888
4,2,355844.3188039381,0.812,2.7695339,0.5581586696445879
4,2,355849.31900021294,0.812,2.7708893,0.559286270230605
4,2,355854.3191964878,0.812,2.772302,0.5604138704558714
4,2,355859.3193927626,0.812,2.7737336,0.5615414724159146
4,2,355864.31958903745,0.812,2.7748792,0.5626690723577279
4,2,355869.3197853123,0.812,2.7761772,0.5637966715754142
4,2,355874.3199815871,0.812,2.7774563,0.5649242703325653
4,2,355879.32017786196,0.812,2.778888,0.5660518684258995
4,2,355884.3203741368,0.812,2.7803771,0.5671794662861961
4,2,355889.32057041116,0.812,2.7816563,0.5683070617902184
4,2,355894.32076668553,0.812,2.7828398,0.5694346622345783
4,2,355899.3209629599,0.812,2.7844243,0.5705622636485038
4,2,355904.32115923427,0.812,2.786047,0.5716898644644756
4,2,355909.32135550864,0.812,2.7874024,0.5728174662536487
4,2,355914.321551783,0.812,2.7887769,0.5739450670840149
4,2,355919.3217480574,0.812,2.7902086,0.5750726669666011
4,2,355924.32194433175,0.812,2.791583,0.5762002664845558
4,2,355929.3221406061,0.812,2.7930532,0.5773278652569988
4,2,355934.3223368805,0.812,2.7946377,0.5784554641364652
4,2,355939.32253315486,0.812,2.7960503,0.5795830647754839
4,2,355944.32272942923,0.812,2.7974439,0.5807106669681374
4,2,355949.3229257036,0.812,2.7990284,0.5818382694477178
4,2,355954.32312197797,0.812,2.8005557,0.5829658692675899
4,2,355959.32331825234,0.812,2.8022356,0.5840934703140129
4,2,355964.3235145267,0.812,2.8037817,0.585221072083245
4,2,355969.3237108011,0.812,2.8055,0.5863486723493738
4,2,355974.32390707545,0.812,2.8071418,0.5874762684846325
4,2,355979.3241033498,0.812,2.8086882,0.5886038662429025
4,2,355984.3242996242,0.812,2.8105397,0.5897314697629581
4,2,355989.32449589856,0.812,2.8119717,0.5908590686972476
4,2,355994.32469217293,0.812,2.813976,0.5919866645041443
4,2,355999.3248884473,0.812,2.8155797,0.5931142592805562
4,2,356004.32508472167,0.812,2.8173552,0.5942418543739587
4,2,356009.32528099604,0.812,2.819035,0.5953694465865363
4,2,356014.3254772704,0.812,2.8206196,0.5964970410522722
4,2,356019.3256735448,0.812,2.822433,0.5976246363399396
4,2,356024.32586981915,0.812,2.8242085,0.5987522319422003
4,2,356029.3260660935,0.812,2.8260221,0.5998798291317095
4,2,356034.3262623679,0.812,2.8277593,0.6010074261090659
4,2,356039.32645864226,0.812,2.830031,0.6021350232976943
4,2,356044.32665491663,0.812,2.83194,0.6032626188468737
4,2,356049.326851191,0.812,2.834269,0.6043902164315618
4,2,356054.32704746537,0.812,2.8362734,0.6055178151660333
4,2,356059.32724373974,0.812,2.8384116,0.6066454126855105
4,2,356064.3274400141,0.812,2.840378,0.6077730104792883
4,2,356069.3276362885,0.812,2.8424397,0.6089006074473762
4,2,356074.32783256285,0.812,2.8443677,0.610028205479907
4,2,356079.3280288372,0.812,2.8466587,0.611155802999053
4,2,356084.3282251116,0.812,2.8487968,0.6122833987630013
4,2,356089.32842138596,0.812,2.8512022,0.6134109951435861
4,2,356094.3286176603,0.812,2.8533785,0.614538587849283
4,2,356099.3288139347,0.812,2.855631,0.615666179507256
4,2,356104.32901020907,0.812,2.858189,0.6167937739863234
4,2,356109.32920648344,0.812,2.8601747,0.6179213677282502
4,2,356114.3294027578,0.812,2.8625991,0.6190489619862176
4,2,356119.3295990322,0.812,2.86531,0.6201765589454443
4,2,356124.32979530655,0.812,2.8675816,0.6213041573026151
4,2,356129.3299915809,0.812,2.869987,0.622431755535497
4,2,356134.3301878553,0.812,2.8724878,0.6235593519079623
4,2,356139.33038412966,0.812,2.874817,0.6246869480871959
4,2,356144.330580404,0.812,2.877432,0.6258145463528338
4,2,356149.3307766784,0.812,2.8798375,0.6269421464209791
4,2,356154.33097295277,0.812,2.882243,0.6280697467674881
4,2,356159.33116922714,0.812,2.8849156,0.6291973474732739
4,2,356164.3313655015,0.812,2.88755,0.6303249492052398
4,2,356169.3315617759,0.812,2.890051,0.6314525464088058
4,2,356174.33175805025,0.812,2.8926473,0.6325801430809731
4,2,356179.3319543246,0.812,2.8952053,0.633707737699585
4,2,356184.332150599,0.812,2.898107,0.6348353348250589
4,2,356189.33234687336,0.812,2.901066,0.6359629319118991
4,2,356194.3325431477,0.812,2.903796,0.637090527692881
4,2,356199.3327394221,0.812,2.9067168,0.6382181235482429
4,2,356204.33293569647,0.812,2.909542,0.6393457196963365
4,2,356209.33313197084,0.812,2.912253,0.6404733145150875
4,2,356214.3333282452,0.812,2.9152882,0.6416009110983777
4,2,356219.3335245196,0.812,2.918171,0.6427285052699382
4,2,356224.33372079395,0.812,2.9213781,0.6438560995626087
4,2,356229.3339170683,0.812,2.9245853,0.6449836936306657
4,2,356234.3341133427,0.812,2.9275825,0.6461112867057457
4,2,356239.33430961706,0.812,2.9309614,0.6472388796000945
4,2,356244.3345058914,0.812,2.9341495,0.6483664702411295
4,2,356249.3347021658,0.812,2.9373186,0.6494940604791178
4,2,356254.33489844017,0.812,2.9404683,0.6506216510951487
4,2,356259.33509471454,0.812,2.9437137,0.6517492413679793
4,2,356264.3352909889,0.812,2.947169,0.652876831917488
4,2,356269.3354872633,0.812,2.9504144,0.6540044224958256
4,2,356274.33568353765,0.812,2.9538698,0.6551320155370303
4,2,356279.335879812,0.812,2.9572868,0.6562596067313785
4,2,356284.33607608685,0.812,2.960513,0.6573872009755706
4,2,356289.3362723617,0.812,2.9639876,0.658514792348087
4,2,356294.3364686365,0.812,2.9676912,0.6596423829146327
4,2,356299.33666491136,0.812,2.9712992,0.6607699705624781
4,2,356304.3368611862,0.812,2.9747355,0.6618975583626564
4,2,356309.33705746103,0.812,2.978229,0.6630251459641823
4,2,356314.33725373587,0.812,2.981837,0.6641527335872917
4,2,356319.3374500107,0.812,2.9857507,0.6652803240619137
4,2,356324.33764628554,0.812,2.9889767,0.6664079160349503
4,2,356329.3378425604,0.812,2.9926994,0.6675355109961001
4,2,356334.3380388352,0.812,2.9964602,0.6686631040481462
4,2,356338.9722353888,0.812,3.000049,0.6697081597180069
4,2,356338.9724353887,0.812,2.9999156,0.6697082048166295
5,1,356338.97323538875,-0.812,2.8979342,-8.922460012965732e-08
5,1,356343.9734316636,-0.812,2.5218945,-0.001128027492860953
5,1,356348.9736279384,-0.812,2.377992,-0.0022559656513134636
5,1,356353.97382421326,-0.812,2.2849076,-0.0033839045856859946
5,1,356358.9740204881,-0.812,2.2191033,-0.004511843479451206
5,1,356363.97421676293,-0.812,2.1747184,-0.00563978299839629
5,1,356368.97441303777,-0.812,2.1457965,-0.006767724508047104
5,1,356373.9746093126,-0.812,2.124988,-0.007895664357354244
5,1,356378.97480558744,-0.812,2.1087232,-0.009023603787793053
5,1,356383.9750018623,-0.812,2.09452,-0.01015154001168741
5,1,356388.9751981371,-0.812,2.0808322,-0.011279479081753226
5,1,356393.97539441194,-0.812,2.0667818,-0.012407418011446793
5,1,356398.9755906868,-0.812,2.051586,-0.013535355898045831
5,1,356403.9757869616,-0.812,2.035149,-0.014663294533246093
5,1,356408.97598323645,-0.812,2.017777,-0.015791234266463252
5,1,356413.9761795113,-0.812,1.9994694,-0.016919174126830364
5,1,356418.9763757861,-0.812,1.9804745,-0.018047111362887752
5,1,356423.97657206096,-0.812,1.9610025,-0.019175048457496693
5,1,356428.9767683353,-0.812,1.9418739,-0.02030298404440946
5,1,356433.9769646097,-0.812,1.922669,-0.021430920255684188
5,1,356438.97716088407,-0.812,1.9036742,-0.02255885716277692
5,1,356443.97735715844,-0.812,1.8847749,-0.023686793500079045
5,1,356448.9775534328,-0.812,1.8661427,-0.02481472900314794
5,1,356453.9777497072,-0.812,1.8477778,-0.02594266232572661
5,1,356458.97794598155,-0.812,1.829623,-0.027070596250365172
5,1,356463.9781422559,-0.812,1.8116018,-0.02819853072453207
5,1,356468.9783385303,-0.812,1.793676,-0.02932646841997901
5,1,356473.97853480466,-0.812,1.775922,-0.03045440355087982
5,1,356478.978731079,-0.812,1.758378,-0.031582338082753944
5,1,356483.9789273534,-0.812,1.7410822,-0.03271027258502443
5,1,356488.97912362777,-0.812,1.72413,-0.03383820420003599
5,1,356493.97931990214,-0.812,1.7081515,-0.03496613695016503
5,1,356498.9795161765,-0.812,1.6924402,-0.0360940700838036
5,1,356503.9797124509,-0.812,1.677397,-0.03722200379596154
5,1,356508.97990872525,-0.812,1.6633465,-0.03834993565121293
5,1,356513.9801049996,-0.812,1.6504223,-0.03947786979116665
5,1,356518.980301274,-0.812,1.638701,-0.040605806465602585
5,1,356523.98049754836,-0.812,1.6281822,-0.0417337420972089
5,1,356528.9806938227,-0.812,1.6189997,-0.042861671474880646
5,1,356533.9808900971,-0.812,1.61081,-0.043989601858089374
5,1,356538.98108637147,-0.812,1.6036893,-0.045117532218088716
5,1,356543.98128264584,-0.812,1.597485,-0.04624546647568214
5,1,356548.9814789202,-0.812,1.5923688,-0.04737340066059432
5,1,356553.9816751946,-0.812,1.5877681,-0.048501334650827795
5,1,356558.98187146895,-0.812,1.5836254,-0.0496292684362862
5,1,356563.9820677433,-0.812,1.5801892,-0.05075719953549572
5,1,356568.9822640177,-0.812,1.5776502,-0.05188513357995617
5,1,356573.98246029206,-0.812,1.5751493,-0.05301306700808805
5,1,356578.9826565664,-0.812,1.5730876,-0.05414100395256614
5,1,356583.9828528408,-0.812,1.5713886,-0.05526894064504572
5,1,356588.98304911517,-0.812,1.5696704,-0.05639687500709959
5,1,356593.98324538954,-0.812,1.5683341,-0.057524806548105364
5,1,356598.9834416639,-0.812,1.5674559,-0.05865273969450926
5,1,356603.9836379383,-0.812,1.5664632,-0.059780675856418095
5,1,356608.98383421265,-0.812,1.5655661,-0.0609086146900654
5,1,356613.984030487,-0.812,1.5648979,-0.06203655207366415
5,1,356618.9842267614,-0.812,1.564306,-0.06316448423388601
5,1,356623.98442303576,-0.812,1.5638288,-0.06429241648451157
5,1,356628.9846193101,-0.812,1.5633134,-0.06542034654862683
5,1,356633.9848155845,-0.812,1.5627216,-0.06654827683735888
5,1,356638.98501185887,-0.812,1.5623398,-0.06767620565331646
5,1,356643.98520813324,-0.812,1.5620342,-0.06880413506935704
5,1,356648.9854044076,-0.812,1.5616907,-0.06993206617002687
5,1,356653.985600682,-0.812,1.561557,-0.07105999504305258
5,1,356658.98579695635,-0.812,1.5614043,-0.07218792625654738
5,1,356663.9859932307,-0.812,1.5611752,-0.07331585878102316
5,1,356668.9861895051,-0.812,1.5610607,-0.07444379068610735
5,1,356673.98638577946,-0.812,1.5609844,-0.07557172121499976
5,1,356678.9865820538,-0.812,1.5610034,-0.07669965117875736
5,1,356683.9867783282,-0.812,1.5606216,-0.07782758160269593
5,1,356688.98697460257,-0.812,1.5604689,-0.07895551406495109
5,1,356693.98717087694,-0.812,1.560507,-0.08008344692497785
5,1,356698.9873671513,-0.812,1.5603162,-0.08121137838247419
5,1,356703.9875634257,-0.812,1.5603544,-0.08233931204717358
5,1,356708.98775970004,-0.812,1.5602589,-0.0834672503414154
5,1,356713.9879559744,-0.812,1.5601826,-0.08459518403956294
5,1,356718.9881522488,-0.812,1.5602779,-0.08572311975723505
5,1,356723.98834852315,-0.812,1.5600107,-0.08685105576880774
5,1,356728.9885447975,-0.812,1.559858,-0.08797899203777645
5,1,356733.9887410719,-0.812,1.5599344,-0.08910692493065861
5,1,356738.98893734626,-0.812,1.5599916,-0.09023485662261314
5,1,356743.98913362063,-0.812,1.5597626,-0.09136278887261616
5,1,356748.989329895,-0.812,1.5599725,-0.09249072120480074
5,1,356753.9895261694,-0.812,1.559877,-0.09361865495195323
5,1,356758.98972244374,-0.812,1.5598962,-0.0947465866310696
5,1,356763.9899187181,-0.812,1.5599535,-0.09587452034590312
5,1,356768.9901149925,-0.812,1.5597243,-0.0970024532506731
5,1,356773.99031126685,-0.812,1.5596862,-0.09813038552588557
5,1,356778.9905075412,-0.812,1.5597626,-0.09925831864112618
5,1,356783.9907038156,-0.812,1.5595716,-0.10038625329804754
5,1,356788.99090008996,-0.812,1.5595526,-0.10151418934293259
5,1,356793.99109636433,-0.812,1.5597053,-0.10264212439882095
5,1,356798.9912926387,-0.812,1.5597435,-0.10377006163971625
5,1,356803.9914889131,-0.812,1.559629,-0.10489799609815083
5,1,356808.99168518744,-0.812,1.5594189,-0.10602592901402383
5,1,356813.9918814618,-0.812,1.5594763,-0.10715386574033567
5,1,356818.9920777362,-0.812,1.559629,-0.10828180223674247
5,1,356823.992274011,-0.812,1.5595144,-0.10940974138183729
5,1,356828.99247028586,-0.812,1.5595716,-0.11053767967017826
5,1,356833.9926665607,-0.812,1.5593808,-0.11166561801144152
5,1,356838.9928628355,-0.812,1.5593426,-0.11279355249271461
5,1,356843.99305911036,-0.812,1.5592471,-0.1139214843261176
5,1,356848.9932553852,-0.812,1.5591898,-0.11504941730336682
5,1,356853.99345166003,-0.812,1.5591898,-0.11617734856057832
5,1,356858.99364793487,-0.812,1.559209,-0.11730528354725907
5,1,356863.9938442097,-0.812,1.5589417,-0.11843321510513295
5,1,356868.99404048454,-0.812,1.5591326,-0.1195611475589971
5,1,356873.9942367594,-0.812,1.5590562,-0.12068907762185735
5,1,356878.9944330342,-0.812,1.5589225,-0.12181700833770304
5,1,356883.99462930905,-0.812,1.5588272,-0.12294494076352651
5,1,356888.9948255839,-0.812,1.5587698,-0.1240728733771311
5,1,356893.9950218587,-0.812,1.5587126,-0.1252008073403935
5,1,356898.99521813355,-0.812,1.5586745,-0.1263287436952823
5,1,356903.9954144084,-0.812,1.558598,-0.1274566777272887
5,1,356908.9956106832,-0.812,1.5587126,-0.12858461246473923
5,1,356913.99580695806,-0.812,1.558598,-0.12971254619779854
5,1,356918.9960032329,-0.812,1.5582353,-0.13084047900372414
5,1,356923.9961995075,-0.812,1.5582736,-0.13196841089640726
5,1,356928.9963957821,-0.812,1.558159,-0.133096345680664
5,1,356933.9965920567,-0.812,1.5580826,-0.13422427949965665
5,1,356938.9967883313,-0.812,1.557968,-0.13535221191570165
5,1,356943.99698460544,-0.812,1.5577581,-0.1364801423503227
5,1,356948.99718088005,-0.812,1.5577581,-0.1376080694903301
5,1,356953.99737715465,-0.812,1.5576245,-0.13873599908691317
5,1,356958.99757342925,-0.812,1.5576817,-0.13986393035169445
5,1,356963.99776970386,-0.812,1.5575099,-0.14099186059632568
5,1,356968.99796597846,-0.812,1.5574527,-0.1421197912393974
5,1,356973.9981622532,-0.812,1.5574908,-0.14324772312974268
5,1,356978.9983585279,-0.812,1.5572808,-0.1443756525613732
5,1,356983.9985548026,-0.812,1.5571281,-0.14550358373178376
5,1,356988.99875107734,-0.812,1.5569944,-0.14663151581087047
5,1,356993.99894735205,-0.812,1.5569372,-0.14775944895879098
5,1,356998.9991436268,-0.812,1.5567272,-0.14888738172930813
5,1,357003.9993399015,-0.812,1.5565554,-0.15001531555904615
5,1,357008.9995361762,-0.812,1.5563263,-0.15114324811761579
5,1,357013.99973245093,-0.812,1.5560973,-0.152271180707607
5,1,357018.99992872565,-0.812,1.5559063,-0.15339911569259565
5,1,357024.00012500037,-0.812,1.55583,-0.15452705022993685
5,1,357029.0003212751,-0.812,1.5556581,-0.15565498682164483
5,1,357034.00051754975,-0.812,1.5557154,-0.15678292471587987
5,1,357039.00071382447,-0.812,1.5553527,-0.1579108623867101
5,1,357044.0009100992,-0.812,1.5553145,-0.15903879837779203
5,1,357049.00110637385,-0.812,1.5552381,-0.16016673359005648
5,1,357054.00130264857,-0.812,1.5551045,-0.16129466750423443
5,1,357059.0014989233,-0.812,1.5549709,-0.16242259843791193
5,1,357064.001695198,-0.812,1.55457,-0.16355053240290615
5,1,357069.00189147296,-0.812,1.5544363,-0.16467846530287464
5,1,357074.0020877477,-0.812,1.5543982,-0.16580639863360921
5,1,357079.0022840223,-0.812,1.5542645,-0.16693433058595988
5,1,357084.0024802969,-0.812,1.5540354,-0.16806226146901979
5,1,357089.0026765715,-0.812,1.5538827,-0.16919019301689664
5,1,357094.0028728461,-0.812,1.5537109,-0.1703181270868116
5,1,357099.0030691207,-0.812,1.5533864,-0.17144606272422935
5,1,357104.0032653953,-0.812,1.5531,-0.1725739996835821
5,1,357109.0034616699,-0.812,1.5529091,-0.17370193597766756
5,1,357114.0036579445,-0.812,1.5530237,-0.17482987118569346
5,1,357119.0038542191,-0.812,1.5527183,-0.17595780466381375
5,1,357124.0040504937,-0.812,1.552451,-0.1770857374694049
5,1,357129.00424676854,-0.812,1.5522791,-0.17821367207753655
5,1,357134.0044430434,-0.812,1.5520692,-0.17934160576920374
5,1,357139.0046393182,-0.812,1.551821,-0.18046953937673899
5,1,357144.00483559305,-0.812,1.5517064,-0.18159747443876995
5,1,357149.0050318679,-0.812,1.5516301,-0.18272540818772712
5,1,357154.0052281427,-0.812,1.5513055,-0.18385334525055355
5,1,357159.00542441756,-0.812,1.5510573,-0.18498128059913382
5,1,357164.0056206924,-0.812,1.5508093,-0.18610921443301107
5,1,357169.0058169672,-0.812,1.5503892,-0.1872371461433404
5,1,357174.00601324206,-0.812,1.5502747,-0.1883650808130602
5,1,357179.0062095169,-0.812,1.5499883,-0.18949301377573277
5,1,357184.00640579173,-0.812,1.5498929,-0.19062094421313536
5,1,357189.00660206657,-0.812,1.5498356,-0.19174887494817375
5,1,357194.0067983414,-0.812,1.5493774,-0.19287680578831168
5,1,357199.00699461624,-0.812,1.5491674,-0.19400473957414097
5,1,357204.0071908911,-0.812,1.5490911,-0.1951326728831364
5,1,357209.00738716545,-0.812,1.548862,-0.19626060449185306
5,1,357214.0075834403,-0.812,1.5485947,-0.1973885381843448
5,1,357219.0077797151,-0.812,1.5482129,-0.1985164717039433
5,1,357224.00797598995,-0.812,1.547812,-0.19964440636327865
5,1,357229.0081722643,-0.812,1.5478884,-0.2007723423075875
5,1,357234.0083685387,-0.812,1.547602,-0.20190027779835468
5,1,357239.00856481306,-0.812,1.5473729,-0.2030282123401596
5,1,357244.00876108743,-0.812,1.5470484,-0.20415614650941563
5,1,357249.0089573618,-0.812,1.5469339,-0.2052840809679628
5,1,357254.0091536362,-0.812,1.5466857,-0.20641201342714832
5,1,357259.00934991054,-0.812,1.5464758,-0.20753994583209362
5,1,357264.0095461849,-0.812,1.5462085,-0.2086678774625163
5,1,357269.0097424593,-0.812,1.5460749,-0.20979580945167947
5,1,357274.00993873365,-0.812,1.5457693,-0.21092374311492187
5,1,357279.010135008,-0.812,1.5455594,-0.21205167266634778
5,1,357284.0103312824,-0.812,1.5453875,-0.21317960169806424
5,1,357289.01052755676,-0.812,1.5451776,-0.21430753268228317
5,1,357294.01072383113,-0.812,1.5447003,-0.2154354652507008
5,1,357299.0109201055,-0.812,1.5447195,-0.21656339692508522
5,1,357304.0111163799,-0.812,1.5442612,-0.21769132809349573
5,1,357309.01131265424,-0.812,1.5438985,-0.21881925895255813
5,1,357314.0115089286,-0.812,1.5437648,-0.21994719192851925
5,1,357319.011705203,-0.812,1.543593,-0.22107512378199906
5,1,357324.01190147735,-0.812,1.5432686,-0.22220305712308167
5,1,357329.0120977517,-0.812,1.5430013,-0.22333099327536435
5,1,357334.0122940261,-0.812,1.5427531,-0.22445892751452337
5,1,357339.01249030046,-0.812,1.5425049,-0.22558686230167757
5,1,357344.01268657483,-0.812,1.5421613,-0.2267147972262271
5,1,357349.0128828492,-0.812,1.5417986,-0.22784273235327346
5,1,357354.0130791236,-0.812,1.5416459,-0.22897066310364017
5,1,357359.01327539794,-0.812,1.5412068,-0.2300985897350014
5,1,357364.0134716723,-0.812,1.5409204,-0.2312265152904326
5,1,357369.0136679467,-0.812,1.5405577,-0.23235444231168767
5,1,357374.01386422105,-0.812,1.5404241,-0.23348236839445438
5,1,357379.0140604954,-0.812,1.5399851,-0.23461029425784952
5,1,357384.0142567698,-0.812,1.5396032,-0.2357382211102016
5,1,357389.01445304416,-0.812,1.5394696,-0.23686614982934798
5,1,357394.01464931853,-0.812,1.5390496,-0.2379940773194797
5,1,357399.0148455929,-0.812,1.5388969,-0.239122002682017
5,1,357404.0150418673,-0.812,1.5386487,-0.24024992738114137
5,1,357409.01523814164,-0.812,1.5383815,-0.24137785104871132
5,1,357414.015434416,-0.812,1.5379232,-0.2425057757659588
5,1,357419.0156306904,-0.812,1.537866,-0.2436337035091255
5,1,357424.01582696475,-0.812,1.5374842,-0.24476163045393765
5,1,357429.0160232391,-0.812,1.5370642,-0.24588955987685263
5,1,357434.0162195135,-0.812,1.5369306,-0.2470174891772304
5,1,357439.01641578786,-0.812,1.5365297,-0.24814541918781738
5,1,357444.01661206223,-0.812,1.536186,-0.24927334902014342
5,1,357449.0168083366,-0.812,1.5359188,-0.2504012775332796
5,1,357454.01700461097,-0.812,1.5357469,-0.2515292070724965
5,1,357459.01720088534,-0.812,1.5353651,-0.252657134227117
5,1,357464.0173971597,-0.812,1.5351552,-0.25378506017092545
5,1,357469.0175934341,-0.812,1.5347352,-0.25491298609232915
5,1,357474.01778970845,-0.812,1.5344679,-0.256040912832204
5,1,357479.0179859828,-0.812,1.5341243,-0.25716883941762
5,1,357484.0181822572,-0.812,1.5336471,-0.2582967660326164
5,1,357489.01837853156,-0.812,1.5335325,-0.2594246944365701
5,1,357494.01857480593,-0.812,1.5331697,-0.2605526234230599
5,1,357499.0187710803,-0.812,1.5328453,-0.26168055217078007
5,1,357504.01896735467,-0.812,1.5324634,-0.26280848200452667
5,1,357509.01916362904,-0.812,1.5322917,-0.26393641484323815
5,1,357514.0193599034,-0.812,1.5320244,-0.26506434536607737
5,1,357519.0195561778,-0.812,1.5316044,-0.2661922757424945
5,1,357524.01975245215,-0.812,1.5313181,-0.26732020707937093
5,1,357529.0199487265,-0.812,1.5308789,-0.26844813621748165
5,1,357534.0201450009,-0.812,1.5306499,-0.2695760649422276
5,1,357539.02034127526,-0.812,1.5303826,-0.2707039932600625
5,1,357544.02053754963,-0.812,1.5298862,-0.27183192357850416
5,1,357549.020733824,-0.812,1.5295999,-0.27295985707924775
5,1,357554.02093009837,-0.812,1.5292562,-0.2740877906128037
5,1,357559.02112637274,-0.812,1.5288363,-0.27521572385278026
5,1,357564.0213226471,-0.812,1.5284736,-0.2763436569883692
5,1,357569.0215189215,-0.812,1.5280154,-0.27747159049025855
5,1,357574.02171519585,-0.812,1.5277481,-0.278599524514215
5,1,357579.0219114702,-0.812,1.5273281,-0.2797274598425032
5,1,357584.0221077446,-0.812,1.527099,-0.28085539461682585
5,1,357589.02230401896,-0.812,1.5267745,-0.2819833296878538
5,1,357594.02250029333,-0.812,1.5265263,-0.2831112657489016
5,1,357599.0226965677,-0.812,1.5259537,-0.28423919953062476
5,1,357604.02289284207,-0.812,1.5257436,-0.28536713539392095
5,1,357609.02308911644,-0.812,1.5253046,-0.2864950720834998
5,1,357614.0232853908,-0.812,1.5248464,-0.28762300915935973
5,1,357619.02348166564,-0.812,1.5245409,-0.28875094599957607
5,1,357624.0236779405,-0.812,1.5240446,-0.2898788796758719
5,1,357629.0238742153,-0.812,1.5236628,-0.2910068147885999
5,1,357634.02407049015,-0.812,1.523472,-0.29213474859447625
5,1,357639.024266765,-0.812,1.5229565,-0.2932626854017842
5,1,357644.0244630398,-0.812,1.5226892,-0.29439062357028006
5,1,357649.02465931466,-0.812,1.522441,-0.2955185572965643
5,1,357654.0248555895,-0.812,1.5218874,-0.29664648993756054
5,1,357659.02505186433,-0.812,1.5215247,-0.29777442079878197
5,1,357664.02524813917,-0.812,1.521162,-0.29890235257780895
5,1,357669.025444414,-0.812,1.5208948,-0.30003028680080185
5,1,357674.02564068884,-0.812,1.5203984,-0.3011582195688851
5,1,357679.0258369632,-0.812,1.5199975,-0.3022861530111532
5,1,357684.02603323804,-0.812,1.5195011,-0.3034140876404213
5,1,357689.0262295129,-0.812,1.5191385,-0.30454202181826706
5,1,357694.0264257877,-0.812,1.5189666,-0.3056699581984845
5,1,357699.02662206255,-0.812,1.5186039,-0.3067978949714635
5,1,357704.0268183374,-0.812,1.5182221,-0.3079258319607808
5,1,357709.0270146122,-0.812,1.5178403,-0.3090537685462469
5,1,357714.02721088706,-0.812,1.5175158,-0.3101817039004764
5,1,357719.02740716166,-0.812,1.5170766,-0.3113096390386688
5,1,357724.02760343626,-0.812,1.5164658,-0.31243757383411136
5,1,357729.02779971086,-0.812,1.5162557,-0.31356550892977586
5,1,357734.02799598547,-0.812,1.5157212,-0.3146934443556567
5,1,357739.02819226007,-0.812,1.5153394,-0.31582137871592575
5,1,357744.0283885347,-0.812,1.5149194,-0.31694931557687456
5,1,357749.0285848093,-0.812,1.5143658,-0.31807725116778746
5,1,357754.0287810839,-0.812,1.5140795,-0.31920518802276915
5,1,357759.0289773585,-0.812,1.513564,-0.3203331245924301
5,1,357764.0291736331,-0.812,1.5133541,-0.32146106336625085
5,1,357769.0293699078,-0.812,1.5127431,-0.32258899812224506
5,1,357774.0295661825,-0.812,1.5123613,-0.3237169322536952
5,1,357779.02976245724,-0.812,1.5121132,-0.32484486798008616
5,1,357784.02995873196,-0.812,1.5114641,-0.325972803045753
5,1,357789.0301550067,-0.812,1.5110441,-0.32710073885903096
5,1,357794.0303512814,-0.812,1.5105096,-0.3282286742093067
5,1,357799.0305475561,-0.812,1.510395,-0.32935661186586823
5,1,357804.03074383084,-0.812,1.5095932,-0.3304845475444132
5,1,357809.0309401058,-0.812,1.5093069,-0.33161248329130816
5,1,357814.0311363805,-0.812,1.5088869,-0.33274041851136094
5,1,357819.0313326552,-0.812,1.5085433,-0.33386835338531273
5,1,357824.03152892995,-0.812,1.5078751,-0.3349962891929746
5,1,357829.03172520467,-0.812,1.507627,-0.33612423142674897
5,1,357834.0319214793,-0.812,1.5070925,-0.3372521716208226
5,1,357839.03211775405,-0.812,1.5065197,-0.3383801108340654
5,1,357844.0323140287,-0.812,1.5061761,-0.33950804800592854
5,1,357849.0325103034,-0.812,1.5056988,-0.3406359892109665
5,1,357854.03270657815,-0.812,1.5052216,-0.3417639301138685
5,1,357859.03290285286,-0.812,1.5049161,-0.342891871864842
5,1,357864.0330991276,-0.812,1.5043625,-0.34401981185956126
5,1,357869.03329540207,-0.812,1.5038853,-0.345147752450274
5,1,357874.0334916767,-0.812,1.5033698,-0.34627569027153976
5,1,357879.0336879513,-0.812,1.5028353,-0.3474036273718376
5,1,357884.0338842259,-0.812,1.5023581,-0.3485315614373418
5,1,357889.0340805005,-0.812,1.5016708,-0.3496594977862602
5,1,357894.0342767751,-0.812,1.5014417,-0.3507874336886736
5,1,357899.0344730497,-0.812,1.500869,-0.35191536702606735
5,1,357904.0346693243,-0.812,1.5002772,-0.3530433017221059
5,1,357909.0348655989,-0.812,1.5000099,-0.35417123576114895
5,1,357914.0350618735,-0.812,1.4994754,-0.35529916853702387
5,1,357919.03525814833,-0.812,1.4989599,-0.35642710181453147
5,1,357924.03545442317,-0.812,1.4985782,-0.357555035507255
5,1,357929.035650698,-0.812,1.4981009,-0.3586829683336283
5,1,357934.03584697284,-0.812,1.4975663,-0.3598109011268316
5,1,357939.0360432477,-0.812,1.4970318,-0.3609388328767318
5,1,357944.0362395225,-0.812,1.4963636,-0.3620667651076547
5,1,357949.0364357969,-0.812,1.4959437,-0.36319469879275873
5,1,357954.0366320717,-0.812,1.4954855,-0.36432263227027634
5,1,357959.03682834655,-0.812,1.4949701,-0.3654505666875075
5,1,357964.0370246214,-0.812,1.4945883,-0.36657850315279406
5,1,357969.0372208962,-0.812,1.4942447,-0.3677064392956592
5,1,357974.03741717106,-0.812,1.4933283,-0.36883437470919533
5,1,357979.0376134459,-0.812,1.492832,-0.36996230779518663
5,1,357984.0378097207,-0.812,1.492412,-0.37109024113371947
5,1,357989.03800599556,-0.812,1.4918202,-0.3722181739448307
5,1,357994.0382022704,-0.812,1.4913238,-0.37334610630861237
5,1,357999.03839854524,-0.812,1.490942,-0.37447403767432086
5,1,358004.0385948201,-0.812,1.4902929,-0.37560196939364715
5,1,358009.0387910949,-0.812,1.4897966,-0.37672990328590383
5,1,358014.03898736974,-0.812,1.489243,-0.37785783543493656
5,1,358019.0391836446,-0.812,1.4886321,-0.3789857689059341
5,1,358024.03937991895,-0.812,1.4881549,-0.3801137002470524
5,1,358029.0395761933,-0.812,1.4876204,-0.3812416298833619
5,1,358034.0397724677,-0.812,1.4870667,-0.38236955969211434
5,1,358039.03996874206,-0.812,1.486494,-0.3834974872276151
5,1,358044.0401650164,-0.812,1.4860168,-0.38462541454866833
5,1,358049.0403612908,-0.812,1.4855394,-0.38575333997852246
5,1,358054.04055756517,-0.812,1.4846804,-0.38688126835932307
5,1,358059.04075383954,-0.812,1.4842414,-0.38800919920072596
5,1,358064.0409501139,-0.812,1.4836495,-0.38913712985592724
5,1,358069.0411463883,-0.812,1.4830005,-0.39026506014683815
5,1,358074.04134266265,-0.812,1.4824086,-0.3913929901742568
5,1,358079.041538937,-0.812,1.4818932,-0.39252091882439427
5,1,358084.0417352114,-0.812,1.4814351,-0.39364884722184446
5,1,358089.04193148576,-0.812,1.480786,-0.39477677563976554
5,1,358094.0421277601,-0.812,1.4800797,-0.3959047040424543
5,1,358099.0423240345,-0.812,1.479526,-0.3970326326076121
5,1,358104.04252030887,-0.812,1.4789724,-0.39816056263636196
5,1,358109.04271658324,-0.812,1.4782279,-0.39928849407586103
5,1,358114.0429128576,-0.812,1.477598,-0.40041642403154554
5,1,358119.043109132,-0.812,1.477197,-0.4015443568484715
5,1,358124.04330540635,-0.812,1.4763952,-0.40267229075606975
5,1,358129.0435016807,-0.812,1.4758034,-0.40380022376039937
5,1,358134.0436979551,-0.812,1.4751925,-0.4049281557798185
5,1,358139.04389422946,-0.812,1.4745053,-0.4060560881219405
5,1,358144.0440905038,-0.812,1.4738371,-0.407184020099994
5,1,358149.0442867782,-0.812,1.4732262,-0.40831195116653357
5,1,358154.04448305257,-0.812,1.472539,-0.4094398812417055
5,1,358159.04467932694,-0.812,1.4720044,-0.4105678094280228
5,1,358164.0448756013,-0.812,1.4712218,-0.41169573984894803
5,1,358169.0450718757,-0.812,1.4705727,-0.41282367093023975
5,1,358174.04526815005,-0.812,1.4701527,-0.41395160221666416
5,1,358179.0454644244,-0.812,1.4694082,-0.4150795333963996
5,1,358184.0456606988,-0.812,1.4685491,-0.41620746426179334
5,1,358189.04585697316,-0.812,1.4679765,-0.417335391390764
5,1,358194.0460532475,-0.812,1.4671937,-0.41846331894097055
5,1,358199.0462495219,-0.812,1.4666783,-0.41959124551623056
5,1,358204.04644579627,-0.812,1.465972,-0.42071917339472625
5,1,358209.04664207064,-0.812,1.4653419,-0.4218471044514741
5,1,358214.046838345,-0.812,1.4646356,-0.42297503179103124
5,1,358219.0470346194,-0.812,1.463872,-0.42410295833398887
5,1,358224.04723089375,-0.812,1.4632993,-0.4252308830493853
5,1,358229.0474271681,-0.812,1.4627647,-0.4263588089748686
5,1,358234.0476234425,-0.812,1.461982,-0.42748673867472664
5,1,358239.04781971686,-0.812,1.4612757,-0.42861466834267964
5,1,358244.0480159912,-0.812,1.4604167,-0.42974259722904357
5,1,358249.0482122656,-0.812,1.4597867,-0.43087052575910745
5,1,358254.04840853997,-0.812,1.459214,-0.43199845708218537
5,1,358259.04860481434,-0.812,1.4583167,-0.4331263909188806
5,1,358264.0488010887,-0.812,1.4575531,-0.4342543244749539
5,1,358269.0489973631,-0.812,1.4567895,-0.4353822602254251
5,1,358274.04919363745,-0.812,1.4561785,-0.43651019590530454
5,1,358279.0493899118,-0.812,1.4553577,-0.43763813038948834
5,1,358284.0495861862,-0.812,1.4545941,-0.4387660676625867
5,1,358289.04978246056,-0.812,1.4538305,-0.43989400210080204
5,1,358294.0499787349,-0.812,1.4532578,-0.44102193730728817
5,1,358299.0501750093,-0.812,1.4523988,-0.44214986985839067
5,1,358304.05037128367,-0.812,1.4517114,-0.44327780393664695
5,1,358309.05056755804,-0.812,1.4508142,-0.44440573779607473
5,1,358314.0507638324,-0.812,1.4501652,-0.44553367240498454
5,1,358319.0509601068,-0.812,1.4492297,-0.4466616047544876
5,1,358324.05115638115,-0.812,1.4485234,-0.4477895374380846
5,1,358329.0513526555,-0.812,1.4477597,-0.4489174678567879
5,1,358334.0515489299,-0.812,1.4470344,-0.45004539742757205
5,1,358339.05174520425,-0.812,1.4460608,-0.45117332729691256
5,1,358344.0519414786,-0.812,1.445259,-0.452301257959379
5,1,358349.052137753,-0.812,1.4443808,-0.45342918985491315
5,1,358354.05233402736,-0.812,1.4435408,-0.45455712055847364
5,1,358359.05253030173,-0.812,1.4427009,-0.45568505012381394
5,1,358364.0527265761,-0.812,1.4419563,-0.4568129816316895
5,1,358369.0529228505,-0.812,1.4409827,-0.4579409153530232
5,1,358374.05311912484,-0.812,1.440391,-0.459068850383424
5,1,358379.0533153992,-0.812,1.4396082,-0.4601967832594149
5,1,358384.0535116736,-0.812,1.4388446,-0.46132472022617516
5,1,358389.05370794795,-0.812,1.4379092,-0.4624526601949631
5,1,358394.0539042223,-0.812,1.4371074,-0.4635805969886381
5,1,358399.0541004967,-0.812,1.4364583,-0.46470853178880933
5,1,358404.05429677106,-0.812,1.4353511,-0.4658364647491176
5,1,358409.05449304543,-0.812,1.4346447,-0.46696439974578213
5,1,358414.05468932027,-0.812,1.4338429,-0.4680923324635094
5,1,358419.05488559464,-0.812,1.433022,-0.4692202624713115
5,1,358424.0550818695,-0.812,1.4324303,-0.4703481936002207
5,1,358429.0552781443,-0.812,1.4315139,-0.4714761254220206
5,1,358434.05547441915,-0.812,1.4304831,-0.47260406046077597
5,1,358439.055670694,-0.812,1.4293758,-0.4737319943584633
5,1,358444.0558669688,-0.812,1.4284977,-0.4748599291809035
5,1,358449.05606324365,-0.812,1.4273905,-0.4759878644391297
5,1,358454.0562595185,-0.812,1.4265122,-0.4771157990735172
5,1,358459.0564557933,-0.812,1.4256151,-0.4782437341747647
5,1,358464.05665206816,-0.812,1.4247559,-0.47937167092112687
5,1,358469.056848343,-0.812,1.423935,-0.48049960769016864
5,1,358474.05704461783,-0.812,1.4230951,-0.4816275437621076
5,1,358479.05724089267,-0.812,1.4221215,-0.48275548143937513
5,1,358484.0574371675,-0.812,1.4212816,-0.4838834184865156
5,1,358489.05763344234,-0.812,1.4201934,-0.48501135396484857
5,1,358494.0578297172,-0.812,1.419067,-0.4861392860701083
5,1,358499.058025992,-0.812,1.4180934,-0.48726721843472776
5,1,358504.05822226685,-0.812,1.4174062,-0.4883951505359112
5,1,358509.0584185417,-0.812,1.4162416,-0.4895230831672184
5,1,358514.0586148163,-0.812,1.4152299,-0.49065101661424826
5,1,358519.0588110909,-0.812,1.4145045,-0.4917789487332237
5,1,358524.0590073655,-0.812,1.4133781,-0.4929068821797668
5,1,358529.0592036401,-0.812,1.412309,-0.49403481559381873
5,1,358534.0593999147,-0.812,1.4111446,-0.4951627469335297
5,1,358539.0595961893,-0.812,1.4101328,-0.4962906807589265
5,1,358544.05979246413,-0.812,1.4090446,-0.4974186137767102
5,1,358549.05998873874,-0.812,1.4079756,-0.4985465450719826
5,1,358554.06018501334,-0.812,1.4069257,-0.4996744794944193
5,1,358559.06038128794,-0.812,1.4059138,-0.50080241679229
5,1,358564.06057756266,-0.812,1.404883,-0.5019303548206355
5,1,358569.0607738374,-0.812,1.4039284,-0.5030582917417751
5,1,358574.0609701121,-0.812,1.4028976,-0.5041862301214204
5,1,358579.0611663868,-0.812,1.4016185,-0.5053141668746073
5,1,358584.06136266154,-0.812,1.400435,-0.5064421022937031
5,1,358589.06155893626,-0.812,1.399404,-0.5075700401050116
5,1,358594.061755211,-0.812,1.3985641,-0.5086979743909106
5,1,358599.0619514857,-0.812,1.397285,-0.5098259088335897
5,1,358604.0621477604,-0.812,1.3960632,-0.5109538444795144
5,1,358609.062344035,-0.812,1.3949369,-0.512081779999054
5,1,358614.06254030974,-0.812,1.394097,-0.5132097134976883
5,1,358619.0627365844,-0.812,1.3929133,-0.5143376456770731
5,1,358624.0629328591,-0.812,1.3917106,-0.5154655791653229
5,1,358629.06312913384,-0.812,1.3904889,-0.5165935115659733
5,1,358634.06332540856,-0.812,1.3893052,-0.5177214412556456
5,1,358639.0635216832,-0.812,1.3881217,-0.5188493715067108
5,1,358644.06371795794,-0.812,1.3869953,-0.5199773027162088
5,1,358649.06391423265,-0.812,1.3856591,-0.521105233641823
5,1,358654.0641105074,-0.812,1.3845327,-0.5222331649164755
5,1,358659.0643067821,-0.812,1.3833683,-0.5233610952872103
5,1,358664.0645030567,-0.812,1.3823946,-0.5244890274244447
5,1,358669.0646993313,-0.812,1.3811537,-0.5256169649203618
5,1,358674.0648956059,-0.812,1.3800083,-0.5267449015819629
5,1,358679.0650918805,-0.812,1.3787483,-0.5278728386202884
5,1,358684.0652881551,-0.812,1.3776793,-0.5290007735239797
5,1,358689.06548442924,-0.812,1.376572,-0.530128708312912
5,1,358694.06568070385,-0.812,1.3752549,-0.5312566461546222
5,1,358699.06587697845,-0.812,1.3739948,-0.5323845796646707
5,1,358704.06607325305,-0.812,1.3729067,-0.5335125159813264
5,1,358709.06626952766,-0.812,1.3717232,-0.5346404490521715
5,1,358714.0664658025,-0.812,1.370635,-0.5357683843479023
5,1,358719.0666620773,-0.812,1.369375,-0.5368963173681198
5,1,358724.06685835216,-0.812,1.3678478,-0.5380242515539857
5,1,358729.067054627,-0.812,1.3666451,-0.5391521863151953
5,1,358734.06725090183,-0.812,1.3654042,-0.540280122175869
5,1,358739.06744717667,-0.812,1.364507,-0.5414080568679835
5,1,358744.0676434515,-0.812,1.3631325,-0.542535991446889
5,1,358749.06783972634,-0.812,1.3618344,-0.5436639241996803
5,1,358754.0680360012,-0.812,1.3604981,-0.5447918572056789
5,1,358759.068232276,-0.812,1.3593144,-0.5459197910503247
5,1,358764.06842855085,-0.812,1.3579209,-0.5470477274630002
5,1,358769.0686248257,-0.812,1.3564126,-0.5481756647233929
5,1,358774.0688211005,-0.812,1.3551718,-0.5493036007922291
5,1,358779.06901737535,-0.812,1.3541027,-0.5504315369927253
5,1,358784.0692136502,-0.812,1.3528428,-0.5515594748421311
5,1,358789.069409925,-0.812,1.3515829,-0.5526874114243653
5,1,358794.06960619986,-0.812,1.3500365,-0.5538153494743109
5,1,358799.0698024747,-0.812,1.3489674,-0.5549432849132121
5,1,358804.06999874953,-0.812,1.3473449,-0.5560712176515196
5,1,358809.07019502437,-0.812,1.3461994,-0.5571991505881515
5,1,358814.0703912992,-0.812,1.3446913,-0.5583270838685632
5,1,358819.0705875736,-0.812,1.3431832,-0.5594550163324509
5,1,358824.07078384794,-0.812,1.3415986,-0.5605829482013914
5,1,358829.0709801223,-0.812,1.3403196,-0.5617108795254396
5,1,358834.0711763967,-0.812,1.3386205,-0.5628388118073907
5,1,358839.07137267105,-0.812,1.3371315,-0.5639667463792
5,1,358844.0715689454,-0.812,1.3360243,-0.5650946793259879
5,1,358849.0717652198,-0.812,1.3343443,-0.5662226123103201
5,1,358854.07196149416,-0.812,1.3325307,-0.5673505464293858
5,1,358859.07215776853,-0.812,1.3310798,-0.5684784804608689
5,1,358864.0723540429,-0.812,1.3294764,-0.5696064153848753
5,1,358869.0725503173,-0.812,1.3278345,-0.5707343491580055
5,1,358874.07274659164,-0.812,1.3265364,-0.5718622826990285
5,1,358879.072942866,-0.812,1.324971,-0.5729902159767183
5,1,358884.0731391404,-0.812,1.3234628,-0.574118151130951
5,1,358889.07333541475,-0.812,1.321783,-0.5752460860255856
5,1,358894.0735316891,-0.812,1.320313,-0.5763740216192933
5,1,358899.0737279635,-0.812,1.3188239,-0.5775019574247829
5,1,358904.07392423786,-0.812,1.3174304,-0.5786298914100693
5,1,358909.07412051223,-0.812,1.3157122,-0.5797578239811327
5,1,358914.0743167866,-0.812,1.314185,-0.5808857561004626
5,1,358919.074513061,-0.812,1.3128487,-0.5820136898440057
5,1,358924.07470933534,-0.812,1.3111687,-0.5831416210043265
5,1,358929.0749056097,-0.812,1.3098323,-0.5842695518117813
5,1,358934.0751018841,-0.812,1.3081143,-0.5853974808578922
5,1,358939.07529815845,-0.812,1.3067398,-0.5865254116682742
5,1,358944.0754944328,-0.812,1.3049835,-0.5876533448037572
5,1,358949.0756907072,-0.812,1.3033035,-0.5887812781683207
5,1,358954.07588698156,-0.812,1.30149,-0.5899092109666964
5,1,358959.07608325593,-0.812,1.3000581,-0.5910371437329717
5,1,358964.0762795303,-0.812,1.2984354,-0.5921650775193176
5,1,358969.0764758047,-0.812,1.2969464,-0.593293011603839
5,1,358974.07667207904,-0.812,1.2954383,-0.594420947800696
5,1,358979.0768683534,-0.812,1.2937775,-0.5955488819129965
5,1,358984.0770646278,-0.812,1.2920402,-0.5966768173082472
5,1,358989.07726090215,-0.812,1.2904748,-0.5978047521854442
5,1,358994.0774571765,-0.812,1.288814,-0.5989326887597873
5,1,358999.0776534509,-0.812,1.286924,-0.6000606230357158
5,1,359004.07784972526,-0.812,1.2854731,-0.601188557440854
5,1,359009.07804599963,-0.812,1.2838123,-0.6023164885597065
5,1,359014.078242274,-0.812,1.2821133,-0.6034444172165926
5,1,359019.0784385484,-0.812,1.280357,-0.6045723453156454
5,1,359024.07863482274,-0.812,1.2788297,-0.6057002761605054
5,1,359029.0788310971,-0.812,1.2771498,-0.6068282070117463
5,1,359034.0790273715,-0.812,1.2754507,-0.6079561370010478
5,1,359039.07922364585,-0.812,1.2737136,-0.6090840673408776
5,1,359044.0794199202,-0.812,1.2718809,-0.6102119968283312
5,1,359049.0796161946,-0.812,1.2702963,-0.6113399275045166
5,1,359054.07981246896,-0.812,1.2684447,-0.612467859309147
5,1,359059.08000874333,-0.812,1.266822,-0.6135957936763203
5,1,359064.0802050177,-0.812,1.2650466,-0.6147237294500738
5,1,359069.08040129207,-0.812,1.2635002,-0.6158516672583723
5,1,359074.08059756644,-0.812,1.2618966,-0.6169796036506398
5,1,359079.0807938408,-0.812,1.2600831,-0.6181075373574002
5,1,359084.0809901152,-0.812,1.258384,-0.6192354702390105
5,1,359089.08118638955,-0.812,1.2563987,-0.6203634061076744
5,1,359094.0813826639,-0.812,1.2546996,-0.6214913432550202
5,1,359099.0815789383,-0.812,1.2527906,-0.6226192771343361
5,1,359104.08177521266,-0.812,1.2513587,-0.6237472105971081
5,1,359109.08197148703,-0.812,1.249278,-0.6248751480149696
5,1,359114.0821677614,-0.812,1.2475598,-0.6260030830592482
5,1,359119.08236403577,-0.812,1.2458227,-0.6271310183210342
5,1,359124.08256031014,-0.812,1.2439327,-0.6282589517403545
5,1,359129.0827565845,-0.812,1.2423291,-0.6293868860242998
5,1,359134.0829528589,-0.812,1.24063,-0.6305148208516607
5,1,359139.08314913325,-0.812,1.2387974,-0.631642754486018
5,1,359144.0833454076,-0.812,1.2370793,-0.6327706866066259
5,1,359149.083541682,-0.812,1.2348456,-0.6338986228211723
5,1,359154.08373795636,-0.812,1.2331085,-0.6350265574248799
5,1,359159.08393423073,-0.812,1.2312949,-0.6361544918586779
5,1,359164.0841305051,-0.812,1.229615,-0.6372824271111556
5,1,359169.08432677947,-0.812,1.2275914,-0.6384103619400198
5,1,359174.08452305384,-0.812,1.225606,-0.6395383002543649
5,1,359179.0847193282,-0.812,1.2237543,-0.6406662354214822
5,1,359184.0849156026,-0.812,1.2217307,-0.6417941700713735
5,1,359189.08511187695,-0.812,1.2196879,-0.6429221048524778
5,1,359194.0853081513,-0.812,1.2178744,-0.6440500401665106
5,1,359199.0855044257,-0.812,1.2155073,-0.6451779766872824
5,1,359204.08570070006,-0.812,1.2137318,-0.6463059133219223
5,1,359209.08589697443,-0.812,1.2115364,-0.6474338479099639
5,1,359214.08609324927,-0.812,1.2096465,-0.648561781636384
5,1,359219.0862895241,-0.812,1.2077948,-0.6496897155639829
5,1,359224.08648579894,-0.812,1.2060194,-0.6508176492013271
5,1,359229.0866820738,-0.812,1.2039766,-0.651945582012349
5,1,359234.0868783486,-0.812,1.201953,-0.6530735144974195
5,1,359239.0540746469,-0.812,1.1999296,-0.6541940025110148
5,1,359239.05427464657,-0.812,1.2001586,-0.6541940476199026
5,2,359239.0550746466,0.812,1.3010715,8.956143260002137e-08
5,2,359244.055270921,0.812,1.5836445,0.0011276926011410024
5,2,359249.0554671958,0.812,1.6751825,0.0022552978042132323
5,2,359254.05566347064,0.812,1.7448621,0.003382902718620168
5,2,359259.0558597455,0.812,1.802133,0.004510507872174184
5,2,359264.0560560203,0.812,1.8516151,0.00563811434908708
5,2,359269.05625229515,0.812,1.8959427,0.0067657219834956865
5,2,359274.05644857,0.812,1.9356697,0.007893327921360731
5,2,359279.0566448448,0.812,1.9719603,0.00902093079661992
5,2,359284.05684111966,0.812,2.0052156,0.010148532939493657
5,2,359289.0570373945,0.812,2.035302,0.011276133222401143
5,2,359294.05723366933,0.812,2.0629447,0.01240373172288471
5,2,359299.05742994417,0.812,2.088201,0.013531332010646662
5,2,359304.057626219,0.812,2.1111667,0.014658935794009105
5,2,359309.05782249384,0.812,2.1323953,0.01578654077886873
5,2,359314.0580187687,0.812,2.1513135,0.016914140642613176
5,2,359319.0582150435,0.812,2.1684186,0.018041743144356547
5,2,359324.05841131834,0.812,2.1844544,0.019169346057587203
5,2,359329.05860759295,0.812,2.1989439,0.02029694989995162
5,2,359334.05880386755,0.812,2.212269,0.021424552326328228
5,2,359339.05900014215,0.812,2.2246585,0.022552154478285052
5,2,359344.05919641675,0.812,2.2359219,0.02367975764137838
5,2,359349.0593926916,0.812,2.2463644,0.024807359184927415
5,2,359354.0595889662,0.812,2.2559857,0.0259349635310736
5,2,359359.0597852408,0.812,2.2647674,0.027062564886394476
5,2,359364.0599815154,0.812,2.2729762,0.02819016291644176
5,2,359369.06017779,0.812,2.2808604,0.02931776340271698
5,2,359374.0603740646,0.812,2.2880192,0.030445365928954547
5,2,359379.0605703393,0.812,2.2948537,0.031572968235800664
5,2,359384.06076661404,0.812,2.301058,0.032700570947335826
5,2,359389.06096288876,0.812,2.307224,0.033828171703235974
5,2,359394.0611591635,0.812,2.3127031,0.03495577084318466
5,2,359399.0613554382,0.812,2.318163,0.03608336647806234
5,2,359404.0615517129,0.812,2.3231645,0.03721096181120475
5,2,359409.06174798764,0.812,2.3281088,0.03833855839914083
5,2,359414.06194426224,0.812,2.332767,0.03946615534101592
5,2,359419.06214053696,0.812,2.3373487,0.040593752083506844
5,2,359424.0623368117,0.812,2.3415103,0.04172135196645723
5,2,359429.0625330864,0.812,2.3456147,0.0428489539045857
5,2,359434.06272936106,0.812,2.349891,0.04397655512928631
5,2,359439.0629256358,0.812,2.3537853,0.04510415599001778
5,2,359444.0631219105,0.812,2.357336,0.04623175740014513
5,2,359449.0633181852,0.812,2.3608677,0.047359359794775645
5,2,359454.0635144599,0.812,2.3646095,0.0484869635925889
5,2,359459.0637107346,0.812,2.3680267,0.04961456888511446
5,2,359464.0639070093,0.812,2.371463,0.05074217483551966
5,2,359469.06410328404,0.812,2.3748038,0.051869778770801095
5,2,359474.06429955876,0.812,2.3779347,0.05299738368325432
5,2,359479.06449583336,0.812,2.3813517,0.054124989573829704
5,2,359484.06469210796,0.812,2.384578,0.055252594256308345
5,2,359489.06488838256,0.812,2.3876133,0.05638019888373878
5,2,359494.0650846567,0.812,2.3905532,0.057507801256047354
5,2,359499.0652809313,0.812,2.393646,0.058635399701211184
5,2,359504.0654772059,0.812,2.3965285,0.059762998794909976
5,2,359509.0656734805,0.812,2.3992584,0.06089059828830096
5,2,359514.0658697551,0.812,2.4021602,0.062018194154282405
5,2,359519.0660660297,0.812,2.4050238,0.06314578852755824
5,2,359524.0662623043,0.812,2.40804,0.0642733847648104
5,2,359529.06645857915,0.812,2.4108462,0.06540098307134376
5,2,359534.066654854,0.812,2.4135952,0.0665285832107961
5,2,359539.0668511288,0.812,2.4162488,0.06765618511934743
5,2,359544.06704740366,0.812,2.419074,0.068783791010999
5,2,359549.0672436785,0.812,2.4218805,0.06991139479054012
5,2,359554.06743995333,0.812,2.4246104,0.07103899567281205
5,2,359559.06763622817,0.812,2.4275503,0.07216658671989705
5,2,359564.067832503,0.812,2.4303184,0.07329417626338865
5,2,359569.06802877784,0.812,2.4330864,0.07442176404316887
5,2,359574.0682250527,0.812,2.4357781,0.07554935007744364
5,2,359579.0684213275,0.812,2.4385653,0.07667693619544305
5,2,359584.06861760234,0.812,2.441238,0.07780451864382953
5,2,359589.0688138772,0.812,2.4438152,0.07893210105675126
5,2,359594.069010152,0.812,2.4464498,0.08005968135530417
5,2,359599.06920642685,0.812,2.4492369,0.08118727458860144
5,2,359604.0694027017,0.812,2.4517376,0.08231487151406869
5,2,359609.0695989765,0.812,2.4544103,0.08344246832845938
5,2,359614.06979525136,0.812,2.4570067,0.08457006443549857
5,2,359619.0699915262,0.812,2.459622,0.08569766252501473
5,2,359624.07018780103,0.812,2.4622946,0.08682525993366703
5,2,359629.07038407587,0.812,2.4651582,0.0879528622429437
5,2,359634.07058035024,0.812,2.46764,0.08908046447563502
5,2,359639.0707766246,0.812,2.4702554,0.0902080684172478
5,2,359644.070972899,0.812,2.4731188,0.09133567310987578
5,2,359649.07116917334,0.812,2.475505,0.09246327809843752
5,2,359654.0713654477,0.812,2.4782732,0.09359088448212544
5,2,359659.0715617221,0.812,2.4808505,0.09471849069573812
5,2,359664.07175799645,0.812,2.4833512,0.09584609755662082
5,2,359669.0719542708,0.812,2.486043,0.09697370397881003
5,2,359674.0721505452,0.812,2.4887538,0.09810130907912716
5,2,359679.07234681956,0.812,2.49135,0.09922891425702968
5,2,359684.07254309393,0.812,2.4938128,0.10035651965107188
5,2,359689.0727393683,0.812,2.4964852,0.10148412701667348
5,2,359694.0729356427,0.812,2.4990625,0.10261173271376887
5,2,359699.07313191704,0.812,2.5014298,0.10373934105039967
5,2,359704.0733281914,0.812,2.5041025,0.10486695146662328
5,2,359709.0735244658,0.812,2.5067177,0.10599455986579921
5,2,359714.07372074015,0.812,2.5093522,0.10712216741627785
5,2,359719.0739170145,0.812,2.5117195,0.10824977428079313
5,2,359724.0741132889,0.812,2.5143347,0.10937738184793458
5,2,359729.07430956326,0.812,2.5168738,0.11050498805519937
5,2,359734.07450583763,0.812,2.5191455,0.11163259611183735
5,2,359739.074702112,0.812,2.5216653,0.1127602053595715
5,2,359744.0748983864,0.812,2.5240135,0.11388781627779868
5,2,359749.07509466074,0.812,2.5267625,0.11501542368703749
5,2,359754.0752909351,0.812,2.5292633,0.11614303235956032
5,2,359759.0754872095,0.812,2.5316305,0.11727064227092265
5,2,359764.07568348385,0.812,2.5339215,0.11839825370596514
5,2,359769.0758797582,0.812,2.536365,0.11952586581230162
5,2,359774.0760760326,0.812,2.5383885,0.12065347693312498
5,2,359779.07627230696,0.812,2.5407748,0.12178108765912717
5,2,359784.07646858133,0.812,2.5430083,0.1229086941590607
5,2,359789.0766648557,0.812,2.5453374,0.1240362991031673
5,2,359794.0768611301,0.812,2.5476282,0.1251639050601787
5,2,359799.07705740444,0.812,2.549709,0.12629151270581285
5,2,359804.0772536788,0.812,2.5519807,0.12741912115958665
5,2,359809.0774499532,0.812,2.5542145,0.12854673180349668
5,2,359814.07764622755,0.812,2.5565052,0.12967434188004334
5,2,359819.0778425019,0.812,2.5586052,0.13080195118494828
5,2,359824.0780387763,0.812,2.5604188,0.13192956053334143
5,2,359829.07823505066,0.812,2.5624423,0.13305716947031682
5,2,359834.07843132503,0.812,2.564695,0.1341847772088117
5,2,359839.0786275994,0.812,2.5669286,0.13531238711258767
5,2,359844.0788238738,0.812,2.5685322,0.13643999466758963
5,2,359849.07902014814,0.812,2.5704603,0.13756760033385287
5,2,359854.0792164225,0.812,2.5724075,0.1386952070151501
5,2,359859.0794126969,0.812,2.5743737,0.13982281496338378
5,2,359864.07960897125,0.812,2.576359,0.1409504235473341
5,2,359869.0798052456,0.812,2.5778291,0.14207802790751056
5,2,359874.08000152,0.812,2.5795662,0.14320563373860382
5,2,359879.08019779436,0.812,2.58138,0.14433324061432146
5,2,359884.08039406873,0.812,2.5828688,0.14546084843391177
5,2,359889.0805903431,0.812,2.584549,0.14658845749210977
5,2,359894.0807866175,0.812,2.586057,0.14771606564370127
5,2,359899.08098289184,0.812,2.587508,0.14884367497806414
5,2,359904.0811791662,0.812,2.589035,0.14997128416007754
5,2,359909.0813754406,0.812,2.590486,0.15109889562381637
5,2,359914.08157171495,0.812,2.5918605,0.152226501107196
5,2,359919.0817679893,0.812,2.5934067,0.15335410603652727
5,2,359924.0819642637,0.812,2.594514,0.1544817108132541
5,2,359929.08216053806,0.812,2.5957167,0.15560931432454783
5,2,359934.08235681243,0.812,2.5971293,0.15673691743848056
5,2,359939.0825530868,0.812,2.5981984,0.15786451980604727
5,2,359944.0827493612,0.812,2.5993629,0.15899212603213056
5,2,359949.08294563554,0.812,2.6004894,0.16011973189292017
5,2,359954.0831419099,0.812,2.6014247,0.16124734071137836
5,2,359959.0833381843,0.812,2.6024365,0.16237495144285424
5,2,359964.08353445865,0.812,2.6035438,0.16350256285172368
5,2,359969.083730733,0.812,2.6044981,0.16463017373691333
5,2,359974.0839270074,0.812,2.605319,0.16575778535945546
5,2,359979.08412328176,0.812,2.6062355,0.1668853945224616
5,2,359984.08431955613,0.812,2.6071136,0.16801300168233443
5,2,359989.0845158305,0.812,2.607801,0.16914061390662188
5,2,359994.0847121049,0.812,2.60887,0.17026822483608783
5,2,359999.08490837924,0.812,2.6096525,0.17139583916885318
5,2,360004.0851046536,0.812,2.6104543,0.17252345226311677
5,2,360009.085300928,0.812,2.6110654,0.17365106463146865
5,2,360014.08549720235,0.812,2.6119244,0.1747786797994805
5,2,360019.0856934767,0.812,2.612688,0.1759062906569308
5,2,360024.0858897511,0.812,2.6131842,0.17703390259484775
5,2,360029.0860860259,0.812,2.614005,0.17816151393025775
5,2,360034.08628230076,0.812,2.6145396,0.17928912266126268
5,2,360039.0864785756,0.812,2.6151888,0.1804167311864627
5,2,360044.08667485043,0.812,2.6158187,0.18154434088931473
5,2,360049.08687112527,0.812,2.6164486,0.1826719523619479
5,2,360054.0870674001,0.812,2.617346,0.18379956312070284
5,2,360059.08726367494,0.812,2.617785,0.1849271743489205
5,2,360064.0874599498,0.812,2.6181097,0.18605478316745486
5,2,360069.0876562246,0.812,2.6188731,0.1871823915753728
5,2,360074.08785249945,0.812,2.6194077,0.18831000243021706
5,2,360079.0880487743,0.812,2.6199996,0.18943761289376343
5,2,360084.0882450491,0.812,2.6206295,0.19056522490671932
5,2,360089.08844132395,0.812,2.6212404,0.19169283772979834
5,2,360094.0886375988,0.812,2.6214695,0.19282044848891422
5,2,360099.0888338736,0.812,2.6220803,0.19394805816654356
5,2,360104.08903014846,0.812,2.6225576,0.19507566628595516
5,2,360109.0892264233,0.812,2.6227677,0.196203272889518
5,2,360114.08942269813,0.812,2.6234932,0.19733087954388717
5,2,360119.08961897297,0.812,2.623722,0.19845848742029726
5,2,360124.0898152478,0.812,2.6242375,0.1995860943104657
5,2,360129.0900115224,0.812,2.6248293,0.20071369880494136
5,2,360134.090207797,0.812,2.6254022,0.20184130614343276
5,2,360139.0904040716,0.812,2.6255357,0.20296891134692555
5,2,360144.0906003462,0.812,2.6263375,0.20409651662439762
5,2,360149.0907966208,0.812,2.6266048,0.2052241226958996
5,2,360154.0909928954,0.812,2.6269865,0.20635172850712796
5,2,360159.09118917,0.812,2.6273494,0.20747933526830203
5,2,360164.0913854446,0.812,2.627884,0.20860694246715633
5,2,360169.0915817192,0.812,2.628132,0.20973454857249388
5,2,360174.09177799383,0.812,2.6284947,0.21086215578540823
5,2,360179.09197426855,0.812,2.6289148,0.21198976529906188
5,2,360184.09217054327,0.812,2.6293728,0.2131173722361392
5,2,360189.092366818,0.812,2.6299646,0.2142449803054564
5,2,360194.0925630927,0.812,2.6302128,0.215372586023079
5,2,360199.0927593674,0.812,2.6305375,0.21650019180651833
5,2,360204.09295564215,0.812,2.6310337,0.21762779567883078
5,2,360209.09315191687,0.812,2.631511,0.21875540202169283
5,2,360214.0933481916,0.812,2.6316829,0.21988300999262264
5,2,360219.0935444663,0.812,2.6321793,0.22101061930139856
5,2,360224.093740741,0.812,2.6327138,0.22213822841894953
5,2,360229.0939370152,0.812,2.6330574,0.22326583456428511
5,2,360234.09413328994,0.812,2.6330955,0.22439343869751027
5,2,360239.09432956466,0.812,2.6335156,0.22552104308717116
5,2,360244.0945258394,0.812,2.6341455,0.22664864762539663
5,2,360249.0947221141,0.812,2.6343746,0.22777625166546303
5,2,360254.09491838876,0.812,2.6347754,0.22890385789336096
5,2,360259.0951146635,0.812,2.6351383,0.2300314646749463
5,2,360264.0953109382,0.812,2.63552,0.23115906875357362
5,2,360269.0955072129,0.812,2.6358445,0.23228667423980434
5,2,360274.0957034875,0.812,2.6361308,0.23341427850064636
5,2,360279.09589976235,0.812,2.6364172,0.23454188524600864
5,2,360284.09609603696,0.812,2.636799,0.23566949106931023
5,2,360289.09629231156,0.812,2.6370664,0.23679709790692394
5,2,360294.09648858616,0.812,2.6373909,0.23792470462302695
5,2,360299.09668486076,0.812,2.6377916,0.2390523113688462
5,2,360304.09688113537,0.812,2.6379254,0.2401799177505771
5,2,360309.09707740997,0.812,2.638307,0.24130752430381705
5,2,360314.0972736846,0.812,2.6387463,0.2424351287475592
5,2,360319.0974699592,0.812,2.6388988,0.24356273453608482
5,2,360324.0976662338,0.812,2.6392999,0.2446903392288287
5,2,360329.0978625086,0.812,2.639529,0.24581794460113177
5,2,360334.09805878345,0.812,2.6397772,0.24694554834819166
5,2,360339.0982550583,0.812,2.6400635,0.24807315012084438
5,2,360344.0984513331,0.812,2.6403308,0.24920075438385864
5,2,360349.09864760796,0.812,2.6404834,0.2503283565612898
5,2,360354.0988438828,0.812,2.6406934,0.2514559582912524
5,2,360359.0990401576,0.812,2.6411707,0.2525835618473258
5,2,360364.09923643246,0.812,2.641438,0.253711164625138
5,2,360369.0994327073,0.812,2.6417434,0.25483876926729737
5,2,360374.09962898213,0.812,2.6419725,0.2559663758964339
5,2,360379.09982525697,0.812,2.642106,0.25709398277189655
5,2,360384.1000215318,0.812,2.6426024,0.2582215872245099
5,2,360389.10021780664,0.812,2.6427362,0.25934919213391666
5,2,360394.1004140815,0.812,2.6432133,0.26047679859951794
5,2,360399.1006103563,0.812,2.6436715,0.2616044054493175
5,2,360404.10080663115,0.812,2.6438625,0.26273200968051286
5,2,360409.101002906,0.812,2.6440916,0.26385961617136333
5,2,360414.1011991808,0.812,2.644378,0.2649872240408891
5,2,360419.10139545565,0.812,2.6444924,0.2661148321669168
5,2,360424.1015917305,0.812,2.645065,0.2672424381681184
5,2,360429.10178800486,0.812,2.645256,0.26837004363514316
5,2,360434.10198427923,0.812,2.645466,0.2694976500972112
5,2,360439.1021805536,0.812,2.645676,0.270625255485028
5,2,360444.10237682797,0.812,2.645924,0.2717528607290652
5,2,360449.10257310234,0.812,2.6463823,0.2728804676356448
5,2,360454.1027693767,0.812,2.6465733,0.2740080746891465
5,2,360459.1029656511,0.812,2.646764,0.27513567986785037
5,2,360464.10316192545,0.812,2.6472414,0.2762632885972327
5,2,360469.1033581998,0.812,2.647356,0.2773908941492537
5,2,360474.1035544742,0.812,2.6475658,0.27851849961664277
5,2,360479.10375074856,0.812,2.6479669,0.27964610618739655
5,2,360484.10394702293,0.812,2.6481388,0.2807737126763827
5,2,360489.1041432973,0.812,2.648635,0.2819013170151346
5,2,360494.10433957167,0.812,2.6491694,0.28302892390174667
5,2,360499.10453584604,0.812,2.6493604,0.2841565313404302
5,2,360504.1047321204,0.812,2.6496086,0.2852841375855406
5,2,360509.1049283948,0.812,2.6497421,0.28641174226015476
5,2,360514.10512466915,0.812,2.650105,0.2875393464335998
5,2,360519.1053209435,0.812,2.650315,0.2886669541377657
5,2,360524.1055172179,0.812,2.6508687,0.28979455986492836
5,2,360529.10571349226,0.812,2.6510785,0.2909221639082366
5,2,360534.10590976663,0.812,2.6513457,0.29204976826951573
5,2,360539.106106041,0.812,2.6514986,0.2931773693885936
5,2,360544.10630231537,0.812,2.6518993,0.29430497054406674
5,2,360549.10649858974,0.812,2.6521285,0.29543257339647083
5,2,360554.1066948641,0.812,2.6523767,0.2965601764456531
5,2,360559.1068911385,0.812,2.6529112,0.29768778176241784
5,2,360564.10708741285,0.812,2.6531212,0.2988153857110209
5,2,360569.1072836872,0.812,2.6531022,0.299942989316682
5,2,360574.1074799616,0.812,2.653713,0.3010705904938678
5,2,360579.10767623596,0.812,2.6538467,0.30219819078211324
5,2,360584.1078725103,0.812,2.654114,0.3033257913305925
5,2,360589.1080687847,0.812,2.6544766,0.304453395203703
5,2,360594.10826505907,0.812,2.6546867,0.3055809986371961
5,2,360599.10846133344,0.812,2.6549158,0.30670860155968205
5,2,360604.1086576078,0.812,2.654935,0.30783620638009906
5,2,360609.1088538822,0.812,2.6554503,0.3089638096392817
5,2,360614.10905015655,0.812,2.655603,0.31009141690292297
5,2,360619.1092464309,0.812,2.6559083,0.31121902317846156
5,2,360624.1094427053,0.812,2.6562138,0.31234662873832386
5,2,360629.10963897966,0.812,2.656481,0.3134742336817781
5,2,360634.109835254,0.812,2.6568248,0.3146018355574244
5,2,360639.1100315284,0.812,2.6571875,0.3157294366916816
5,2,360644.11022780277,0.812,2.6574166,0.316857035893076
5,2,360649.11042407714,0.812,2.6576457,0.3179846346288787
5,2,360654.1106203515,0.812,2.657913,0.3191122320523759
5,2,360659.1108166259,0.812,2.6583138,0.3202398318861988
5,2,360664.11101290025,0.812,2.658581,0.3213674303679334
5,2,360669.1112091746,0.812,2.6589437,0.3224950290023354
5,2,360674.111405449,0.812,2.6593637,0.32362263015574555
5,2,360679.11160172336,0.812,2.659631,0.3247502266415855
5,2,360684.1117979977,0.812,2.6596882,0.3258778250799544
5,2,360689.1119942721,0.812,2.6601083,0.3270054245441457
5,2,360694.11219054647,0.812,2.66049,0.32813302519148924
5,2,360699.11238682084,0.812,2.660891,0.3292606229903367
5,2,360704.1125830952,0.812,2.6610246,0.33038822388992045
5,2,360709.1127793696,0.812,2.6613872,0.331515828196807
5,2,360714.11297564395,0.812,2.6616738,0.3326434329100251
5,2,360719.1131719183,0.812,2.6617692,0.33377104022256865
5,2,360724.1133681927,0.812,2.6621318,0.3348986477704644
5,2,360729.11356446706,0.812,2.6627426,0.33602625471582676
5,2,360734.1137607414,0.812,2.6629145,0.33715386185675195
5,2,360739.1139570158,0.812,2.6634681,0.3382814684741066
5,2,360744.11415329017,0.812,2.6636019,0.33940907356868516
5,2,360749.11434956454,0.812,2.6636972,0.3405366756985684
5,2,360754.1145458389,0.812,2.6641364,0.34166427636718744
5,2,360759.1147421133,0.812,2.6645563,0.3427918753549092
5,2,360764.11493838765,0.812,2.6648617,0.3439194754525456
5,2,360769.115134662,0.812,2.6650527,0.34504707229297027
5,2,360774.1153309364,0.812,2.6656253,0.34617466838776734
5,2,360779.11552721076,0.812,2.6658354,0.34730226475024556
5,2,360784.1157234851,0.812,2.666198,0.34842986186580194
5,2,360789.1159197595,0.812,2.666561,0.34955745870804455
5,2,360794.11611603387,0.812,2.6669426,0.35068505663831034
5,2,360799.11631230824,0.812,2.6672862,0.35181265538243783
5,2,360804.1165085826,0.812,2.6674008,0.3529402553887897
5,2,360809.116704857,0.812,2.6678588,0.3540678536620935
5,2,360814.11690113135,0.812,2.668088,0.3551954521392418
5,2,360819.1170974057,0.812,2.668489,0.35632304989505476
5,2,360824.11729368055,0.812,2.6688898,0.35745064797988535
5,2,360829.1174899554,0.812,2.6692717,0.35857824617732237
5,2,360834.1176862302,0.812,2.6696343,0.35970584362328056
5,2,360839.11788250506,0.812,2.6698825,0.360833441967143
5,2,360844.1180787799,0.812,2.6701498,0.3619610430202948
5,2,360849.11827505473,0.812,2.6705124,0.3630886430195239
5,2,360854.11847132957,0.812,2.671066,0.364216242413799
5,2,360859.1186676044,0.812,2.6711426,0.3653438432979783
5,2,360864.11886387924,0.812,2.6715434,0.366471445970489
5,2,360869.1190601541,0.812,2.6718678,0.3675990474796528
5,2,360874.1192564289,0.812,2.672097,0.36872665242424285
5,2,360879.11945270374,0.812,2.6725552,0.3698542582760686
5,2,360884.1196489786,0.812,2.6728034,0.3709818621735508
5,2,360889.1198452534,0.812,2.6732996,0.3721094668068589
5,2,360894.12004152825,0.812,2.6737387,0.37323707221116303
5,2,360899.1202378031,0.812,2.674025,0.37436467746543234
5,2,360904.1204340779,0.812,2.6744642,0.375492281870511
5,2,360909.12063035276,0.812,2.6746168,0.37661988380750694
5,2,360914.1208266276,0.812,2.6751895,0.3777474853425292
5,2,360919.12102290243,0.812,2.6755333,0.3788750876296462
5,2,360924.12121917703,0.812,2.6759531,0.3800026893042857
5,2,360929.12141545163,0.812,2.6762776,0.38113029025853024
5,2,360934.12161172624,0.812,2.6766214,0.38225789065871646
5,2,360939.12180800084,0.812,2.6770222,0.3833854924165111
5,2,360944.12200427544,0.812,2.6774423,0.3845130943737859
5,2,360949.12220055005,0.812,2.6775568,0.3856406956055993
5,2,360954.12239682465,0.812,2.6779578,0.38676829696027115
5,2,360959.12259309925,0.812,2.6781485,0.38789589481653447
5,2,360964.12278937385,0.812,2.678874,0.3890234902199905
5,2,360969.122985648,0.812,2.6793323,0.39015108687277644
5,2,360974.1231819227,0.812,2.6796758,0.39127868551535083
5,2,360979.12337819743,0.812,2.6802866,0.39240628347547196
5,2,360984.12357447215,0.812,2.6804967,0.393533883975539
5,2,360989.12377074687,0.812,2.680955,0.3946614869571693
5,2,360994.1239670216,0.812,2.6814704,0.39578908898031384
5,2,360999.1241632963,0.812,2.681833,0.39691669013906855
5,2,361004.124359571,0.812,2.682501,0.3980442916596433
5,2,361009.12455584574,0.812,2.6828258,0.39917189254938235
5,2,361014.12475212046,0.812,2.6832457,0.40029949096180006
5,2,361019.1249483952,0.812,2.683723,0.4014270892330276
5,2,361024.1251446699,0.812,2.6840475,0.4025546876838572
5,2,361029.1253409446,0.812,2.6844103,0.4036822883168725
5,2,361034.1255372193,0.812,2.6850212,0.40480988994778866
5,2,361039.125733494,0.812,2.6853838,0.40593749238491394
5,2,361044.1259297687,0.812,2.6856892,0.40706509508849187
5,2,361049.1261260434,0.812,2.6861284,0.4081926962819563
5,2,361054.1263223181,0.812,2.686911,0.4093202964206802
5,2,361059.1265185928,0.812,2.6870828,0.4104478940876723
5,2,361064.12671486754,0.812,2.6876173,0.4115754921041099
5,2,361069.12691114226,0.812,2.6880946,0.4127030902732678
5,2,361074.127107417,0.812,2.6884382,0.4138306855744025
5,2,361079.1273036916,0.812,2.6891255,0.41495828043373767
5,2,361084.1274999662,0.812,2.6893928,0.41608587991182683
5,2,361089.1276962408,0.812,2.6895072,0.4172134782110818
5,2,361094.1278925156,0.812,2.6901183,0.418341076571607
5,2,361099.1280887902,0.812,2.6908245,0.41946867898249635
5,2,361104.1282850648,0.812,2.691321,0.4205962788324423
5,2,361109.12848133943,0.812,2.6918936,0.4217238792692656
5,2,361114.12867761403,0.812,2.6925428,0.4228514772699874
5,2,361119.12887388864,0.812,2.6930008,0.4239790743284227
5,2,361124.12907016324,0.812,2.6934018,0.42510667389147827
5,2,361129.1292664381,0.812,2.6939554,0.4262342749181623
5,2,361134.1294627129,0.812,2.6944134,0.42736187722300834
5,2,361139.12965898775,0.812,2.695177,0.428489482411239
5,2,361144.1298552626,0.812,2.6955972,0.42961708327483483
5,2,361149.1300515374,0.812,2.6959789,0.43074468486815704
5,2,361154.13024781225,0.812,2.6965134,0.4318722860929106
5,2,361159.1304440871,0.812,2.6969335,0.4329998883398938
5,2,361164.1306403619,0.812,2.6976397,0.4341274881291722
5,2,361169.13083663676,0.812,2.6979644,0.43525508840047
5,2,361174.1310329116,0.812,2.6985943,0.4363826900240383
5,2,361179.13122918643,0.812,2.698995,0.4375102920578388
5,2,361184.13142546127,0.812,2.6995678,0.4386378939022224
5,2,361189.1316217361,0.812,2.700217,0.43976549813907684
5,2,361194.13181801094,0.812,2.7007706,0.44089310204140686
5,2,361199.1320142858,0.812,2.701286,0.44202070223894063
5,2,361204.1322105606,0.812,2.7018778,0.4431483013271094
5,2,361209.13240683544,0.812,2.7024124,0.444275902493722
5,2,361214.1326031103,0.812,2.7028131,0.4454035029696128
5,2,361219.1327993851,0.812,2.7034433,0.44653110494432857
5,2,361224.1329956595,0.812,2.704016,0.44765870726547646
5,2,361229.13319193386,0.812,2.7045505,0.44878630956849463
5,2,361234.1333882082,0.812,2.705104,0.44991391278424203
5,2,361239.1335844826,0.812,2.7056959,0.4510415153456662
5,2,361244.13378075697,0.812,2.7061923,0.45216911596828374
5,2,361249.13397703134,0.812,2.7066123,0.4532967175454697
5,2,361254.1341733057,0.812,2.7075286,0.45442431873707645
5,2,361259.1343695801,0.812,2.708044,0.45555192022929925
5,2,361264.13456585445,0.812,2.7085214,0.4566795187476576
5,2,361269.1347621288,0.812,2.7092657,0.45780711797619533
5,2,361274.1349584032,0.812,2.7098193,0.4589347184150087
5,2,361279.13515467755,0.812,2.7102776,0.46006231816205717
5,2,361284.1353509519,0.812,2.7108502,0.4611899168466959
5,2,361289.1355472263,0.812,2.7115376,0.46231751786512804
5,2,361294.13574350066,0.812,2.7123013,0.46344511754111783
5,2,361299.13593977503,0.812,2.7131412,0.4645727181632519
5,2,361304.1361360494,0.812,2.7136948,0.4657003192202681
5,2,361309.1363323238,0.812,2.7140765,0.46682792152217367
5,2,361314.13652859814,0.812,2.7149928,0.46795552357642195
5,2,361319.1367248725,0.812,2.7156038,0.46908312327504165
5,2,361324.1369211469,0.812,2.716291,0.4702107253792419
5,2,361329.13711742125,0.812,2.7168636,0.47133832665214614
5,2,361334.1373136956,0.812,2.717723,0.4724659294967884
5,2,361339.13750997,0.812,2.7183528,0.4735935345052349
5,2,361344.13770624436,0.812,2.7189255,0.4747211394500468
5,2,361349.13790251873,0.812,2.7194982,0.4758487464048929
5,2,361354.1380987931,0.812,2.7201474,0.476976354719162
5,2,361359.1382950675,0.812,2.7210064,0.47810396312565273
5,2,361364.13849134184,0.812,2.7215219,0.4792315729185773
5,2,361369.1386876162,0.812,2.7221136,0.4803591828875012
5,2,361374.1388838906,0.812,2.7226672,0.4814867937577665
5,2,361379.13908016495,0.812,2.7235835,0.4826144034260942
5,2,361384.1392764393,0.812,2.7244425,0.48374201485658685
5,2,361389.1394727137,0.812,2.7252252,0.48486962684223056
5,2,361394.13966898806,0.812,2.7259316,0.4859972411121196
5,2,361399.13986526243,0.812,2.726867,0.48712485533778865
5,2,361404.1400615368,0.812,2.727459,0.4882524673060245
5,2,361409.1402578112,0.812,2.728146,0.48938007833465275
5,2,361414.14045408554,0.812,2.7291198,0.4905076858347059
5,2,361419.1406503599,0.812,2.729807,0.49163529530271893
5,2,361424.1408466343,0.812,2.7305515,0.4927629024582042
5,2,361429.14104290865,0.812,2.731296,0.4938905087137024
5,2,361434.141239183,0.812,2.732155,0.495018114858677
5,2,361439.1414354574,0.812,2.7331479,0.49614572277381025
5,2,361444.14163173176,0.812,2.7338922,0.49727333098881116
5,2,361449.14182800613,0.812,2.7349231,0.4984009356208908
5,2,361454.1420242805,0.812,2.7356296,0.49952854229096577
5,2,361459.1422205549,0.812,2.7365267,0.5006561499883202
5,2,361464.14241682924,0.812,2.7371948,0.5017837566620807
5,2,361469.1426131036,0.812,2.7382066,0.5029113649546273
5,2,361474.142809378,0.812,2.738894,0.5040389718560743
5,2,361479.14300565235,0.812,2.7397149,0.5051665778563355
5,2,361484.1432019267,0.812,2.740631,0.5062941824883753
5,2,361489.1433982011,0.812,2.7415857,0.507421786549214
5,2,361494.14359447546,0.812,2.7425401,0.5085493878731828
5,2,361499.14379074983,0.812,2.743552,0.5096769913162756
5,2,361504.1439870242,0.812,2.7441819,0.5108045949292185
5,2,361509.1441832986,0.812,2.7451556,0.5119321975824305
5,2,361514.14437957294,0.812,2.7461865,0.5130597988356354
5,2,361519.1445758473,0.812,2.7471218,0.514187401803997
5,2,361524.1447721217,0.812,2.748,0.5153150059094762
5,2,361529.14496839605,0.812,2.74905,0.5164426111780903
5,2,361534.1451646704,0.812,2.7501762,0.5175702151926161
5,2,361539.1453609448,0.812,2.7509017,0.5186978188032079
5,2,361544.14555721916,0.812,2.7517989,0.5198254251132741
5,2,361549.14575349353,0.812,2.7527535,0.5209530336780053
5,2,361554.1459497679,0.812,2.7538226,0.5220806411589154
5,2,361559.1461460423,0.812,2.755006,0.5232082450131147
5,2,361564.14634231664,0.812,2.7561133,0.5243358531222445
5,2,361569.146538591,0.812,2.7573543,0.5254634591370989
5,2,361574.1467348654,0.812,2.7585187,0.5265910614202753
5,2,361579.14693113975,0.812,2.7594352,0.5277186649300657
5,2,361584.1471274141,0.812,2.7606378,0.5288462674076658
5,2,361589.1473236885,0.812,2.7617831,0.5299738712101614
5,2,361594.14751996286,0.812,2.762814,0.5311014768022367
5,2,361599.14771623723,0.812,2.7639022,0.5322290825691424
5,2,361604.1479125116,0.812,2.7651813,0.5333566896911133
5,2,361609.148108786,0.812,2.766441,0.5344842972087332
5,2,361614.14830506034,0.812,2.7675295,0.5356119031875103
5,2,361619.1485013352,0.812,2.7688656,0.5367395068012545
5,2,361624.14869761,0.812,2.770202,0.5378671110436753
5,2,361629.14889388485,0.812,2.7713284,0.5389947132475346
5,2,361634.1490901597,0.812,2.7727983,0.5401223175391823
5,2,361639.1492864345,0.812,2.7738674,0.5412499194115437
5,2,361644.14948270936,0.812,2.77549,0.5423775202279061
5,2,361649.1496789842,0.812,2.7768836,0.5435051230949299
5,2,361654.149875259,0.812,2.7778764,0.5446327260447545
5,2,361659.15007153386,0.812,2.7793462,0.5457603265215295
5,2,361664.1502678087,0.812,2.7808735,0.5468879270441636
5,2,361669.15046408353,0.812,2.782019,0.5480155284880305
5,2,361674.15066035837,0.812,2.7834697,0.549143131587082
5,2,361679.1508566332,0.812,2.7848825,0.5502707348760437
5,2,361684.15105290804,0.812,2.786047,0.5513983380776516
5,2,361689.1512491829,0.812,2.7874978,0.5525259384527343
5,2,361694.1514454577,0.812,2.7889488,0.5536535389949816
5,2,361699.15164173255,0.812,2.7904568,0.5547811383615173
5,2,361704.1518380074,0.812,2.7919269,0.5559087365559509
5,2,361709.15203428175,0.812,2.7933013,0.5570363317739471
5,2,361714.1522305566,0.812,2.7950003,0.5581639297204022
5,2,361719.1524268312,0.812,2.7963367,0.5592915254706181
5,2,361724.1526231058,0.812,2.7977684,0.5604191204855148
5,2,361729.1528193804,0.812,2.79941,0.5615467137531245
5,2,361734.153015655,0.812,2.801071,0.5626743092037874
5,2,361739.1532119296,0.812,2.8024073,0.5638019035169155
5,2,361744.1534082042,0.812,2.8038583,0.5649294964126055
5,2,361749.1536044788,0.812,2.8058436,0.5660570913348003
5,2,361754.1538007534,0.812,2.807371,0.5671846847410901
5,2,361759.153997028,0.812,2.809127,0.5683122786164188
5,2,361764.1541933026,0.812,2.8109217,0.5694398728672071
5,2,361769.15438957734,0.812,2.8128116,0.5705674682474902
5,2,361774.15458585205,0.812,2.8145678,0.5716950646838318
5,2,361779.1547821268,0.812,2.8164005,0.5728226623281476
5,2,361784.1549784015,0.812,2.8182333,0.5739502608898915
5,2,361789.1551746762,0.812,2.8200085,0.575077859446612
5,2,361794.15537095093,0.812,2.8218412,0.5762054557885896
5,2,361799.15556722565,0.812,2.8237503,0.5773330540176833
5,2,361804.15576350037,0.812,2.8257358,0.5784606523029113
5,2,361809.1559597751,0.812,2.827664,0.5795882512808579
5,2,361814.1561560498,0.812,2.8295538,0.580715850310091
5,2,361819.1563523245,0.812,2.8315773,0.5818434545399618
5,2,361824.15654859925,0.812,2.833429,0.5829710585500006
5,2,361829.1567448739,0.812,2.835491,0.5840986621166737
5,2,361834.15694114886,0.812,2.8374,0.5852262669412531
5,2,361839.1571374236,0.812,2.8396525,0.5863538742371537
5,2,361844.15733369824,0.812,2.8417716,0.5874814788842603
5,2,361849.15752997296,0.812,2.843757,0.5886090808955038
5,2,361854.1577262477,0.812,2.845895,0.5897366819280556
5,2,361859.1579225224,0.812,2.848014,0.5908642825794655
5,2,361864.1581187971,0.812,2.8501904,0.591991886841056
5,2,361869.15831507184,0.812,2.8525002,0.5931194889211163
5,2,361874.15851134644,0.812,2.854543,0.5942470872881318
5,2,361879.15870762104,0.812,2.8570247,0.5953746868905364
5,2,361884.15890389564,0.812,2.859411,0.5965022900971808
5,2,361889.15910017025,0.812,2.8617973,0.5976298950032365
5,2,361894.1592964446,0.812,2.864069,0.5987574982458655
5,2,361899.1594927192,0.812,2.8665316,0.5998850995315483
5,2,361904.1596889938,0.812,2.868918,0.60101269930927
5,2,361909.1598852684,0.812,2.8711896,0.6021403012278514
5,2,361914.160081543,0.812,2.873614,0.603267903632883
5,2,361919.16027781786,0.812,2.876115,0.6043955069852575
5,2,361924.1604740927,0.812,2.8783295,0.6055231107263073
5,2,361929.16067036754,0.812,2.8811548,0.6066507150279951
5,2,361934.16086664237,0.812,2.8836365,0.6077783210769598
5,2,361939.1610629172,0.812,2.8863664,0.6089059247525107
5,2,361944.16125919204,0.812,2.8885427,0.6100335240054963
5,2,361949.1614554669,0.812,2.8909671,0.6111611194341816
5,2,361954.1616517417,0.812,2.894079,0.6122887147754568
5,2,361959.16184801655,0.812,2.896847,0.6134163082041381
5,2,361964.1620442914,0.812,2.8995006,0.6145439032549797
5,2,361969.1622405662,0.812,2.9022496,0.6156714947507419
5,2,361974.1624368406,0.812,2.9051895,0.6167990857141784
5,2,361979.1626331154,0.812,2.9080722,0.6179266758049201
5,2,361984.16282939026,0.812,2.910764,0.6190542675266767
5,2,361989.1630256651,0.812,2.9136274,0.6201818589544069
5,2,361994.16322193993,0.812,2.9167964,0.6213094491432016
5,2,361999.16341821477,0.812,2.92008,0.622437040991575
5,2,362004.1636144896,0.812,2.9225235,0.6235646308599583
5,2,362009.16381076444,0.812,2.9255779,0.6246922231690027
5,2,362014.1640070393,0.812,2.9284797,0.6258198149949649
5,2,362019.1642033141,0.812,2.9315531,0.6269474061016711
5,2,362024.1643995885,0.812,2.9349132,0.6280749995746386
5,2,362029.16459586285,0.812,2.9382539,0.6292025951344475
5,2,362034.1647921372,0.812,2.9417284,0.6303301882463368
5,2,362039.1649884116,0.812,2.9449165,0.6314577830170299
5,2,362044.16518468596,0.812,2.9485054,0.6325853762195116
5,2,362049.16538096033,0.812,2.9518843,0.633712971274509
5,2,362054.1655772347,0.812,2.9552634,0.6348405644736097
5,2,362059.16577350907,0.812,2.958948,0.6359681574254307
5,2,362064.16596978344,0.812,2.9624412,0.637095750565046
5,2,362069.1661660578,0.812,2.9659922,0.6382233433755146
5,2,362074.1663623322,0.812,2.9696956,0.6393509365251666
5,2,362079.16655860655,0.812,2.972941,0.6404785321192283
5,2,362084.1667548809,0.812,2.9768164,0.6416061291989359
5,2,362089.1669511553,0.812,2.9806535,0.6427337209147419
5,2,362094.16714742966,0.812,2.9843187,0.643861314280123
5,2,362099.16734370403,0.812,2.987965,0.6449889096035334
5,2,362104.1675399784,0.812,2.9921076,0.6461165040408147
5,2,362109.16773625277,0.812,2.9956775,0.647244099704839
5,2,362114.16793252714,0.812,2.9992857,0.648371693657902
5,2,362115.1753317695,0.812,2.999992,0.6485988714667464
5,2,362115.1755317692,0.812,3.000049,0.6485989165667897
