cycle_number,half_cycle,time_s,current_mA,voltage_V,capacity_mAh
0,0,281093.8184974692,0.0,2.9565456,0.0
0,0,281094.8184967241,0.0,2.9377003,0.0
0,0,281095.81849597907,0.0,2.928098,0.0
0,0,281096.818495234,0.0,2.920729,0.0
0,0,281097.81849448895,0.0,2.9141047,0.0
0,0,281098.8184937439,0.0,2.9085493,0.0
0,0,281099.81849299883,0.0,2.9033568,0.0
0,0,281100.8184922538,0.0,2.8986416,0.0
0,0,281101.8184915087,0.0,2.8941362,0.0
0,0,281102.81849076366,0.0,2.8901846,0.0
1,1,281103.77029004507,-0.812,2.8865001,0.0
1,1,281103.7706900444,-0.812,2.8280976,-8.992728590965271e-08
1,1,281108.77088631876,-0.812,2.647375,-0.0011279875967601936
1,1,281113.7710825931,-0.812,2.55557,-0.002255889666063918
1,1,281118.7712788675,-0.812,2.475104,-0.003383792988277144
1,1,281123.77147514187,-0.812,2.4056728,-0.004511699875533581
1,1,281128.77167141624,-0.812,2.3449848,-0.005639608762542407
1,1,281133.7718676906,-0.812,2.290291,-0.00676751796676053
1,1,281138.772063965,-0.812,2.2413816,-0.007895427616649204
1,1,281143.77226023935,-0.812,2.1984286,-0.009023335526711411
1,1,281148.7724565137,-0.812,2.1620233,-0.010151243992017375
1,1,281153.7726527881,-0.812,2.133445,-0.011279156184501118
1,1,281158.77284906246,-0.812,2.110766,-0.012407067517542177
1,1,281163.7730453368,-0.812,2.0923438,-0.013534978733122349
1,1,281168.7732416112,-0.812,2.0757926,-0.01466288804004921
1,1,281173.77343788603,-0.812,2.0607302,-0.015790797404938276
1,1,281178.7736341604,-0.812,2.0457826,-0.01691870778356327
1,1,281183.77383043524,-0.812,2.0312738,-0.01804661824567782
1,1,281188.7740267101,-0.812,2.0164216,-0.0191745294188824
1,1,281193.7742229849,-0.812,2.0012639,-0.020302442118585114
1,1,281198.77441925975,-0.812,1.9855716,-0.021430353333483143
1,1,281203.7746155346,-0.812,1.9698031,-0.02255826577463084
1,1,281208.7748118094,-0.812,1.9534045,-0.023686176083554826
1,1,281213.77500808425,-0.812,1.9359941,-0.02481408828243282
1,1,281218.7752043591,-0.812,1.9181447,-0.025942002601712942
1,1,281223.7754006339,-0.812,1.8987299,-0.02706991781360242
1,1,281228.77559690876,-0.812,1.8787233,-0.02819783037553231
1,1,281233.7757931836,-0.812,1.8576475,-0.029325741791887416
1,1,281238.77598945843,-0.812,1.8357701,-0.030453655508435436
1,1,281243.77618573327,-0.812,1.8132817,-0.03158157537498739
1,1,281248.7763820081,-0.812,1.7904307,-0.032709497991118164
1,1,281253.77657828294,-0.812,1.767675,-0.03383742142988576
1,1,281258.7767745578,-0.812,1.7453394,-0.03496534553641743
1,1,281263.7769708326,-0.812,1.7235191,-0.0360932695329951
1,1,281268.77716710744,-0.812,1.7031116,-0.03722119333614906
1,1,281273.77736338205,-0.812,1.6836586,-0.03834911838757661
1,1,281278.77755965665,-0.812,1.6659619,-0.039477042982104756
1,1,281283.77775593125,-0.812,1.6500214,-0.04060496953609586
1,1,281288.77795220586,-0.812,1.6356083,-0.04173289386024409
1,1,281293.77814848046,-0.812,1.6232951,-0.04286081447217531
1,1,281298.77834475506,-0.812,1.6127954,-0.043988737380541036
1,1,281303.7785410299,-0.812,1.603842,-0.04511665764648716
1,1,281308.7787373045,-0.812,1.5963014,-0.046244580032683086
1,1,281313.7789335791,-0.812,1.5902689,-0.04737250332983335
1,1,281318.7791298537,-0.812,1.58521,-0.04850042502133383
1,1,281323.7793261284,-0.812,1.5811819,-0.0496283500602146
1,1,281328.77952240314,-0.812,1.5779175,-0.050756275650014476
1,1,281333.77971867786,-0.812,1.5752448,-0.05188419842199815
1,1,281338.7799149526,-0.812,1.5731831,-0.053012123056580616
1,1,281343.7801112273,-0.812,1.5716367,-0.0541400488485429
1,1,281348.780307502,-0.812,1.5702813,-0.05526797218154205
1,1,281353.78050377674,-0.812,1.5692314,-0.056395896204325884
1,1,281358.78070005146,-0.812,1.5684868,-0.057523821893595985
1,1,281363.78089632606,-0.812,1.5676469,-0.058651746129403506
1,1,281368.7810926008,-0.812,1.5669215,-0.05977967356073525
1,1,281373.7812888755,-0.812,1.5665969,-0.060907601257787804
1,1,281378.78148515016,-0.812,1.5661197,-0.0620355286736687
1,1,281383.7816814249,-0.812,1.5660242,-0.06316345369034011
1,1,281388.7818776996,-0.812,1.5660242,-0.06429137933592331
1,1,281393.7820739743,-0.812,1.5656614,-0.06541930392264987
1,1,281398.782270249,-0.812,1.5658524,-0.06654722629063657
1,1,281403.7824665237,-0.812,1.5658715,-0.06767515042292407
1,1,281408.7826627984,-0.812,1.5658715,-0.06880307147939999
1,1,281413.78285907314,-0.812,1.5659478,-0.06993099200938144
1,1,281418.78305534786,-0.812,1.5660242,-0.07105891545450355
1,1,281423.78325162246,-0.812,1.5662915,-0.07218684096742337
1,1,281428.78344789706,-0.812,1.5666733,-0.07331476723879905
1,1,281433.78364417166,-0.812,1.5667114,-0.07444269263350962
1,1,281438.78384044627,-0.812,1.566826,-0.07557061938675244
1,1,281443.7840367204,-0.812,1.5671314,-0.07669854600323239
1,1,281448.784232995,-0.812,1.567265,-0.07782647151347995
1,1,281453.7844292696,-0.812,1.5676278,-0.07895439690332612
1,1,281458.7846255442,-0.812,1.5677614,-0.08008232532357838
1,1,281463.7848218188,-0.812,1.5679713,-0.08121025051108996
1,1,281468.7850180934,-0.812,1.568315,-0.08233817559266421
1,1,281473.78521436825,-0.812,1.568525,-0.08346610065642993
1,1,281478.7854106431,-0.812,1.5686204,-0.08459402811681561
1,1,281483.7856069179,-0.812,1.5691168,-0.08572195243506961
1,1,281488.78580319276,-0.812,1.5692505,-0.08684988055546415
1,1,281493.7859994676,-0.812,1.5696131,-0.08797780860915448
1,1,281498.78619574243,-0.812,1.5696323,-0.08910573485663864
1,1,281503.78639201727,-0.812,1.5701286,-0.09023366087459524
1,1,281508.7865882921,-0.812,1.5701286,-0.09136158837545248
1,1,281513.78678456694,-0.812,1.5704913,-0.09248951629586682
1,1,281518.7869808418,-0.812,1.5707012,-0.09361744424699743
1,1,281523.7871771166,-0.812,1.5709685,-0.09474537146811683
1,1,281528.78737339145,-0.812,1.571255,-0.09587329907576242
1,1,281533.7875696663,-0.812,1.5714649,-0.09700122413723666
1,1,281538.7877659411,-0.812,1.5714649,-0.09812914996108081
1,1,281543.78796221595,-0.812,1.571694,-0.09925707637498113
1,1,281548.7881584908,-0.812,1.5718467,-0.10038500444446669
1,1,281553.7883547656,-0.812,1.571904,-0.10151293226992421
1,1,281558.78855104046,-0.812,1.5721712,-0.10264085895515812
1,1,281563.7887473153,-0.812,1.5724194,-0.10376878739773564
1,1,281568.78894359013,-0.812,1.5726485,-0.10489671223309635
1,1,281573.78913986497,-0.812,1.5728203,-0.10602463735022477
1,1,281578.78933613934,-0.812,1.5730494,-0.10715256309334105
1,1,281583.7895324137,-0.812,1.573164,-0.10828048725981182
1,1,281588.7897286881,-0.812,1.5735457,-0.10940841073274613
1,1,281593.78992496245,-0.812,1.5735457,-0.11053633658291234
1,1,281598.7901212368,-0.812,1.5737176,-0.11166426092285911
1,1,281603.7903175112,-0.812,1.5737748,-0.11279218386358685
1,1,281608.79051378556,-0.812,1.5740994,-0.11392010854624046
1,1,281613.7907100599,-0.812,1.5742903,-0.11504803187150757
1,1,281618.7909063343,-0.812,1.5743667,-0.11617595155091749
1,1,281623.79110260867,-0.812,1.5745575,-0.11730387183502647
1,1,281628.79129888304,-0.812,1.5747293,-0.1184317912614809
1,1,281633.7914951574,-0.812,1.5748057,-0.11955971234952409
1,1,281638.7916914318,-0.812,1.5751302,-0.1206876341203749
1,1,281643.79188770615,-0.812,1.5753212,-0.12181555497049953
1,1,281648.7920839805,-0.812,1.5755311,-0.12294347430863645
1,1,281653.7922802549,-0.812,1.575302,-0.12407139464974734
1,1,281658.79247652926,-0.812,1.5757029,-0.1251993146927423
1,1,281663.7926728036,-0.812,1.5758748,-0.1263272366205189
1,1,281668.792869078,-0.812,1.5758939,-0.1274551596702867
1,1,281673.79306535237,-0.812,1.5758365,-0.1285830848362876
1,1,281678.79326162674,-0.812,1.576123,-0.12971101042244498
1,1,281683.7934579011,-0.812,1.5762374,-0.1308389330143266
1,1,281688.7936541755,-0.812,1.5762374,-0.13196685415104362
1,1,281693.79385044985,-0.812,1.5764284,-0.1330947767754495
1,1,281698.7940467242,-0.812,1.5764856,-0.13422269976635443
1,1,281703.7942429986,-0.812,1.5766002,-0.13535062388256855
1,1,281708.79443927296,-0.812,1.576562,-0.13647854867888823
1,1,281713.7946355473,-0.812,1.5768102,-0.13760647412397797
1,1,281718.7948318217,-0.812,1.5769247,-0.13873440084031227
1,1,281723.79502809606,-0.812,1.576982,-0.1398623282618821
1,1,281728.79522437043,-0.812,1.5770583,-0.1409902551109692
1,1,281733.7954206448,-0.812,1.5772493,-0.14211817886254527
1,1,281738.7956169192,-0.812,1.5771157,-0.14324610136565902
1,1,281743.79581319354,-0.812,1.5770966,-0.14437402414325545
1,1,281748.7960094679,-0.812,1.5772302,-0.14550194765641628
1,1,281753.7962057423,-0.812,1.5773829,-0.14662987005914918
1,1,281758.79640201665,-0.812,1.5773065,-0.1477577916269038
1,1,281763.796598291,-0.812,1.5773829,-0.14888571404673662
1,1,281768.7967945654,-0.812,1.5775166,-0.15001363873885082
1,1,281773.79699083976,-0.812,1.5775738,-0.15114156156502837
1,1,281778.79718711413,-0.812,1.5776693,-0.15226948485355252
1,1,281783.7973833885,-0.812,1.5777647,-0.15339740883653702
1,1,281788.7975796629,-0.812,1.5777838,-0.15452533177256925
1,1,281793.79777593724,-0.812,1.5776693,-0.15565325530015106
1,1,281798.7979722116,-0.812,1.5777456,-0.1567811771885621
1,1,281803.798168486,-0.812,1.5778029,-0.15790910071143185
1,1,281808.79836476035,-0.812,1.5777647,-0.15903702402067194
1,1,281813.7985610347,-0.812,1.5777647,-0.16016494781531898
1,1,281818.7987573091,-0.812,1.5778601,-0.16129287280610544
1,1,281823.79895358346,-0.812,1.5779556,-0.16242079634695922
1,1,281828.79914985783,-0.812,1.5780702,-0.16354871764301268
1,1,281833.7993461322,-0.812,1.5779175,-0.1646766408170065
1,1,281838.7995424066,-0.812,1.5779938,-0.16580456628680568
1,1,281843.79973868094,-0.812,1.5781083,-0.16693249136517452
1,1,281848.7999349553,-0.812,1.5781847,-0.16806041612803613
1,1,281853.8001312297,-0.812,1.5780892,-0.169188341313743
1,1,281858.80032750405,-0.812,1.5781657,-0.1703162667551008
1,1,281863.8005237784,-0.812,1.5783184,-0.17144419133478409
1,1,281868.8007200528,-0.812,1.5783756,-0.17257211407074668
1,1,281873.80091632716,-0.812,1.578261,-0.1737000362436275
1,1,281878.80111260153,-0.812,1.5783947,-0.17482795928857064
1,1,281883.8013088759,-0.812,1.5783374,-0.1759558836824497
1,1,281888.8015051503,-0.812,1.5783947,-0.17708381028938297
1,1,281893.80170142464,-0.812,1.5786619,-0.17821173524278738
1,1,281898.801897699,-0.812,1.5784711,-0.17933965946777997
1,1,281903.8020939734,-0.812,1.5784137,-0.1804675846502947
1,1,281908.80229024775,-0.812,1.5784711,-0.18159550868811547
1,1,281913.8024865221,-0.812,1.5787574,-0.18272343429300858
1,1,281918.8026827965,-0.812,1.5786619,-0.1838513583879273
1,1,281923.80287907086,-0.812,1.5786428,-0.1849792826680078
1,1,281928.80307534523,-0.812,1.5787002,-0.18610720839998462
1,1,281933.8032716196,-0.812,1.5787956,-0.18723513400619235
1,1,281938.803467894,-0.812,1.5784329,-0.18836305885398064
1,1,281943.80366416834,-0.812,1.5785283,-0.18949098279958307
1,1,281948.8038604427,-0.812,1.5784137,-0.19061890987530355
1,1,281953.8040567171,-0.812,1.5785474,-0.19174684005937648
1,1,281958.80425299145,-0.812,1.5785283,-0.19287476911628582
1,1,281963.8044492658,-0.812,1.5784711,-0.19400269799496733
1,1,281968.8046455402,-0.812,1.5784711,-0.19513062478925125
1,1,281973.804841815,-0.812,1.5785474,-0.19625855207640266
1,1,281978.80503808986,-0.812,1.5783947,-0.19738647663237655
1,1,281983.8052343647,-0.812,1.5783374,-0.19851439993568928
1,1,281988.80543063954,-0.812,1.5784329,-0.19964232680684332
1,1,281993.80562691437,-0.812,1.5784137,-0.20077025267939771
1,1,281998.8058231892,-0.812,1.5782993,-0.20189817850672873
1,1,282003.80601946404,-0.812,1.5783374,-0.20302610383952663
1,1,282008.8062157389,-0.812,1.5782993,-0.20415402865362503
1,1,282013.8064120137,-0.812,1.578242,-0.20528195324659684
1,1,282018.80660828855,-0.812,1.5782038,-0.2064098794074092
1,1,282023.8068045634,-0.812,1.5781657,-0.20753780494584312
1,1,282028.8070008382,-0.812,1.578261,-0.2086657337281969
1,1,282033.80719711306,-0.812,1.5781274,-0.2097936643672089
1,1,282038.8073933879,-0.812,1.578242,-0.2109215896990167
1,1,282043.8075896627,-0.812,1.5780892,-0.21204951306658323
1,1,282048.80778593756,-0.812,1.5780511,-0.21317743683964346
1,1,282053.8079822124,-0.812,1.5780702,-0.21430536089144814
1,1,282058.80817848723,-0.812,1.5779556,-0.21543328532263636
1,1,282063.80837476207,-0.812,1.5781274,-0.2165612094342245
1,1,282068.8085710369,-0.812,1.5779175,-0.2176891330192387
1,1,282073.8087673115,-0.812,1.5778792,-0.21881705667573545
1,1,282078.8089635861,-0.812,1.577841,-0.2199449807552596
1,1,282083.8091598607,-0.812,1.577841,-0.22107290362343854
1,1,282088.8093561353,-0.812,1.577841,-0.22220082673576805
1,1,282093.8095524099,-0.812,1.5777074,-0.2233287529230747
1,1,282098.8097486845,-0.812,1.577612,-0.22445667751063902
1,1,282103.8099449591,-0.812,1.577612,-0.22558460278537207
1,1,282108.8101412337,-0.812,1.5774592,-0.22671252712768977
1,1,282113.81033750833,-0.812,1.5775356,-0.22784045348752205
1,1,282118.81053378293,-0.812,1.5776883,-0.22896837637102602
1,1,282123.81073005765,-0.812,1.5775547,-0.23009630045730203
1,1,282128.8109263324,-0.812,1.5775738,-0.23122422361435158
1,1,282133.8111226071,-0.812,1.5772493,-0.2323521461798151
1,1,282138.8113188818,-0.812,1.5772684,-0.23348006894800394
1,1,282143.8115151565,-0.812,1.5772493,-0.2346079939138955
1,1,282148.81171143125,-0.812,1.5770392,-0.23573591904002422
1,1,282153.81190770597,-0.812,1.5770775,-0.2368638461217416
1,1,282158.8121039807,-0.812,1.5770775,-0.23799176856723753
1,1,282163.8123002554,-0.812,1.576982,-0.2391196935159729
1,1,282168.8124965301,-0.812,1.576791,-0.24024761609741377
1,1,282173.8126928048,-0.812,1.5768293,-0.24137553878644433
1,1,282178.8128890795,-0.812,1.5768102,-0.24250346068389872
1,1,282183.81308535376,-0.812,1.576543,-0.2436313820896181
1,1,282188.8132816285,-0.812,1.5767148,-0.24475930260893694
1,1,282193.81347790314,-0.812,1.5765238,-0.24588722628769602
1,1,282198.81367417786,-0.812,1.5763901,-0.24701514897881938
1,1,282203.8138704526,-0.812,1.5762948,-0.24814307169497005
1,1,282208.8140667273,-0.812,1.5763139,-0.2492709957726332
1,1,282213.814263002,-0.812,1.5760084,-0.25039892072576275
1,1,282218.8144592766,-0.812,1.5758748,-0.2515268450303342
1,1,282223.8146555512,-0.812,1.5757793,-0.2526547686357431
1,1,282228.81485182606,-0.812,1.5755502,-0.2537826920506953
1,1,282233.81504810066,-0.812,1.5754739,-0.2549106162604589
1,1,282238.81524437526,-0.812,1.5754356,-0.2560385380844208
1,1,282243.81544064987,-0.812,1.5751876,-0.25716645861015375
1,1,282248.81563692447,-0.812,1.5751112,-0.25829438020580664
1,1,282253.81583319907,-0.812,1.5749203,-0.2594223035533526
1,1,282258.8160294737,-0.812,1.5749394,-0.26055022510551396
1,1,282263.8162257483,-0.812,1.5745957,-0.2616781487368277
1,1,282268.8164220229,-0.812,1.5745385,-0.2628060750173759
1,1,282273.8166182977,-0.812,1.5745003,-0.2639340007115932
1,1,282278.81681457255,-0.812,1.5744811,-0.2650619247223965
1,1,282283.8170108474,-0.812,1.5743667,-0.26618984522155903
1,1,282288.8172071222,-0.812,1.5744811,-0.26731776741649027
1,1,282293.81740339706,-0.812,1.5742521,-0.26844568840641425
1,1,282298.8175996719,-0.812,1.5743093,-0.26957360877650954
1,1,282303.8177959467,-0.812,1.5742521,-0.2707015284209415
1,1,282308.81799222156,-0.812,1.5738703,-0.2718294487369025
1,1,282313.8181884964,-0.812,1.5737176,-0.27295736959442807
1,1,282318.81838477124,-0.812,1.5736221,-0.27408529155082817
1,1,282323.8185810461,-0.812,1.5734313,-0.2752132136667435
1,1,282328.8187773209,-0.812,1.573393,-0.2763411325565475
1,1,282333.81897359574,-0.812,1.5732976,-0.27746905058559757
1,1,282338.8191698706,-0.812,1.5730304,-0.2785969657671748
1,1,282343.8193661454,-0.812,1.573164,-0.2797248846219081
1,1,282348.81956242025,-0.812,1.5730494,-0.28085280415540914
1,1,282353.8197586951,-0.812,1.5729921,-0.28198072405910474
1,1,282358.8199549699,-0.812,1.5727631,-0.2831086434134508
1,1,282363.82015124476,-0.812,1.5727822,-0.2842365644064246
1,1,282368.8203475196,-0.812,1.5727631,-0.2853644851342107
1,1,282373.82054379396,-0.812,1.5723431,-0.2864924034589064
1,1,282378.82074006833,-0.812,1.5724958,-0.28762032276337995
1,1,282383.8209363427,-0.812,1.5724576,-0.28874824207052247
1,1,282388.8211326171,-0.812,1.5722095,-0.28987616138883754
1,1,282393.82132889144,-0.812,1.5719994,-0.2910040817356506
1,1,282398.8215251658,-0.812,1.5718467,-0.29213200372907844
1,1,282403.8217214402,-0.812,1.5718658,-0.29325992738015116
1,1,282408.82191771455,-0.812,1.5716367,-0.29438785209628604
1,1,282413.8221139889,-0.812,1.5716176,-0.2955157746107512
1,1,282418.8223102633,-0.812,1.5716367,-0.2966436940811508
1,1,282423.82250653766,-0.812,1.5716176,-0.2977716117514074
1,1,282428.82270281203,-0.812,1.5714077,-0.2988995275620222
1,1,282433.8228990864,-0.812,1.571274,-0.30002744332079423
1,1,282438.82309536077,-0.812,1.5711976,-0.3011553578149809
1,1,282443.82329163514,-0.812,1.5711786,-0.30228327299957475
1,1,282448.8234879095,-0.812,1.5711595,-0.30341118919994436
1,1,282453.8236841839,-0.812,1.5708922,-0.3045391054587166
1,1,282458.82388045825,-0.812,1.5707395,-0.30566702217518954
1,1,282463.8240767326,-0.812,1.5707967,-0.3067949397369623
1,1,282468.824273007,-0.812,1.570625,-0.30792285914245576
1,1,282473.82446928136,-0.812,1.5705295,-0.30905078070421016
1,1,282478.82466555573,-0.812,1.5704532,-0.31017870157043137
1,1,282483.8248618301,-0.812,1.5703003,-0.31130662158774336
1,1,282488.82505810447,-0.812,1.5699759,-0.3124345414922535
1,1,282493.82525437884,-0.812,1.5700332,-0.3135624643610186
1,1,282498.8254506532,-0.812,1.5701476,-0.31469038601687216
1,1,282503.8256469276,-0.812,1.5698996,-0.31581830607361594
1,1,282508.82584320195,-0.812,1.5696323,-0.3169462298613654
1,1,282513.8260394763,-0.812,1.5693268,-0.3180741551431583
1,1,282518.8262357507,-0.812,1.5693268,-0.3192020815704961
1,1,282523.82643202506,-0.812,1.5693458,-0.3203300073786245
1,1,282528.82662829943,-0.812,1.5690978,-0.3214579316301974
1,1,282533.8268245738,-0.812,1.5690023,-0.3225858528371221
1,1,282538.82702084817,-0.812,1.5690786,-0.32371377199886237
1,1,282543.82721712254,-0.812,1.5690595,-0.32484169278338215
1,1,282548.8274133969,-0.812,1.5687732,-0.3259696104936533
1,1,282553.8276096713,-0.812,1.5688113,-0.3270975292874011
1,1,282558.82780594565,-0.812,1.5686204,-0.3282254489103058
1,1,282563.82800222,-0.812,1.5684868,-0.3293533678524593
1,1,282568.8281984944,-0.812,1.5684487,-0.33048128924404574
1,1,282573.82839476876,-0.812,1.5682005,-0.3316092092592285
1,1,282578.82859104313,-0.812,1.5680096,-0.33273713029137575
1,1,282583.8287873175,-0.812,1.5677232,-0.33386504984841403
1,1,282588.82898359187,-0.812,1.5677041,-0.334992971204049
1,1,282593.82917986624,-0.812,1.5673796,-0.33612089323495814
1,1,282598.8293761406,-0.812,1.5673223,-0.3372488160375223
1,1,282603.829572415,-0.812,1.5672269,-0.3383767385462886
1,1,282608.82976868935,-0.812,1.5671505,-0.3395046583996911
1,1,282613.8299649637,-0.812,1.5670359,-0.3406325804536375
1,1,282618.8301612381,-0.812,1.5668069,-0.34176050435147676
1,1,282623.83035751246,-0.812,1.5667114,-0.3428884270900686
1,1,282628.83055378683,-0.812,1.5664632,-0.3440163524985247
1,1,282633.8307500612,-0.812,1.5664823,-0.345144274735411
1,1,282638.83094633557,-0.812,1.5666542,-0.3462721982569098
1,1,282643.83114260994,-0.812,1.5665396,-0.34740012255831226
1,1,282648.8313388843,-0.812,1.5661578,-0.34852804844343
1,1,282653.8315351587,-0.812,1.565986,-0.34965597252321906
1,1,282658.83173143305,-0.812,1.5659668,-0.3507838973808719
1,1,282663.8319277074,-0.812,1.5658141,-0.35191182340375915
1,1,282668.8321239818,-0.812,1.565776,-0.35303974768497215
1,1,282673.83232025616,-0.812,1.5656997,-0.35416766921979187
1,1,282678.8325165305,-0.812,1.565356,-0.3552955949268904
1,1,282683.8327128049,-0.812,1.5654515,-0.35642352059741483
1,1,282688.83290907927,-0.812,1.5651269,-0.35755144517510795
1,1,282693.83310535364,-0.812,1.5650506,-0.3586793700149059
1,1,282698.833301628,-0.812,1.5648979,-0.3598072927997278
1,1,282703.8334979024,-0.812,1.5648787,-0.36093521530733835
1,1,282708.83369417675,-0.812,1.5646497,-0.3620631365536551
1,1,282713.8338904511,-0.812,1.5645733,-0.3631910578969419
1,1,282718.8340867255,-0.812,1.5643634,-0.3643189815978673
1,1,282723.83428299986,-0.812,1.5643634,-0.3654469071301619
1,1,282728.8344792742,-0.812,1.5641915,-0.3665748331737485
1,1,282733.8346755486,-0.812,1.564287,-0.367702762693425
1,1,282738.83487182297,-0.812,1.5642107,-0.3688306904872523
1,1,282743.83506809734,-0.812,1.5638098,-0.3699586215056909
1,1,282748.8352643717,-0.812,1.5638288,-0.37108655061117807
1,1,282753.8354606461,-0.812,1.5635233,-0.3722144790756967
1,1,282758.83565692045,-0.812,1.5635616,-0.3733424104219178
1,1,282763.8358531948,-0.812,1.5635233,-0.37447034214250574
1,1,282768.83604946965,-0.812,1.5630842,-0.3755982740231686
1,1,282773.8362457445,-0.812,1.5631224,-0.3767262047124505
1,1,282778.8364420193,-0.812,1.5627979,-0.3778541345049143
1,1,282783.83663829416,-0.812,1.5628934,-0.3789820650666389
1,1,282788.836834569,-0.812,1.5624734,-0.38010999580353166
1,1,282793.83703084383,-0.812,1.5623589,-0.3812379263070623
1,1,282798.83722711867,-0.812,1.5624543,-0.38236585503830184
1,1,282803.8374233935,-0.812,1.5623398,-0.38349378542760015
1,1,282808.83761966834,-0.812,1.5622061,-0.38462171394673655
1,1,282813.8378159432,-0.812,1.5621297,-0.385749644457933
1,1,282818.838012218,-0.812,1.5618243,-0.3868775744972362
1,1,282823.83820849285,-0.812,1.5618052,-0.3880055065817867
1,1,282828.8384047677,-0.812,1.5615761,-0.38913343821450413
1,1,282833.8386010425,-0.812,1.5612516,-0.39026136983872795
1,1,282838.83879731735,-0.812,1.5612134,-0.3913893056700197
1,1,282843.8389935922,-0.812,1.5610607,-0.39251724071561633
1,1,282848.839189867,-0.812,1.5608698,-0.3936451725698412
1,1,282853.83938614186,-0.812,1.5608125,-0.3947731036846407
1,1,282858.8395824167,-0.812,1.5606788,-0.39590103382407965
1,1,282863.83977869153,-0.812,1.5605835,-0.39702896292792106
1,1,282868.83997496613,-0.812,1.5603544,-0.3981568937988382
1,1,282873.84017124074,-0.812,1.5600871,-0.3992848231168556
1,1,282878.84036751534,-0.812,1.5600299,-0.40041275271074317
1,1,282883.84056378994,-0.812,1.5597435,-0.40154068089601075
1,1,282888.84076006454,-0.812,1.5595335,-0.402668612311009
1,1,282893.84095633915,-0.812,1.5596671,-0.403796544147816
1,1,282898.84115261375,-0.812,1.559438,-0.4049244769041042
1,1,282903.84134888835,-0.812,1.5592662,-0.40605240686169275
1,1,282908.84154516296,-0.812,1.559209,-0.4071803353904487
1,1,282913.84174143756,-0.812,1.5590944,-0.40830826343337373
1,1,282918.8419377123,-0.812,1.559018,-0.4094361919727227
1,1,282923.84213398653,-0.812,1.5587698,-0.41056412095414935
1,1,282928.84233026125,-0.812,1.5585408,-0.41169205055904723
1,1,282933.84252653597,-0.812,1.5583689,-0.4128199800934063
1,1,282938.8427228107,-0.812,1.5584072,-0.4139479078841011
1,1,282943.8429190854,-0.812,1.5580254,-0.4150758364593718
1,1,282948.8431153601,-0.812,1.5577581,-0.41620376262604863
1,1,282953.84331163485,-0.812,1.5576054,-0.41733168751933514
1,1,282958.84350790957,-0.812,1.5576054,-0.41845961090008754
1,1,282963.8437041843,-0.812,1.5573953,-0.41958753523826936
1,1,282968.843900459,-0.812,1.557548,-0.420715459263848
1,1,282973.8440967337,-0.812,1.5571854,-0.4218433846796222
1,1,282978.8442930084,-0.812,1.5569754,-0.42297130868094174
1,1,282983.8444892831,-0.812,1.5567272,-0.4240992331730658
1,1,282988.8446855578,-0.812,1.5566126,-0.42522716055529985
1,1,282993.8448818325,-0.812,1.5564218,-0.42635508715804427
1,1,282998.8450781072,-0.812,1.5561545,-0.42748301465919625
1,1,283003.8452743819,-0.812,1.5561354,-0.4286109421678021
1,1,283008.84547065664,-0.812,1.5560399,-0.4297388679392273
1,1,283013.84566693136,-0.812,1.5557727,-0.43086679323250066
1,1,283018.8458632061,-0.812,1.5557345,-0.431994718716552
1,1,283023.8460594807,-0.812,1.5553908,-0.43312264359718244
1,1,283028.8462557553,-0.812,1.5552572,-0.4342505686741605
1,1,283033.8464520299,-0.812,1.5551618,-0.43537849402971085
1,1,283038.8466483045,-0.812,1.5552,-0.43650642035401543
1,1,283043.8468445791,-0.812,1.5549518,-0.43763434829742726
1,1,283048.8470408539,-0.812,1.554589,-0.4387622766356569
1,1,283053.84723712853,-0.812,1.5545509,-0.4398902056187459
1,1,283058.84743340313,-0.812,1.5543982,-0.44101813480656366
1,1,283063.84762967774,-0.812,1.5540545,-0.4421460634474293
1,1,283068.84782595234,-0.812,1.5541309,-0.44327399018466496
1,1,283073.8480222272,-0.812,1.5536728,-0.4444019193241367
1,1,283078.848218502,-0.812,1.5535582,-0.44552984805443246
1,1,283083.84841477685,-0.812,1.5533864,-0.4466577783094945
1,1,283088.8486110517,-0.812,1.5532528,-0.44778570825372827
1,1,283093.8488073265,-0.812,1.5532146,-0.4489136392010055
1,1,283098.84900360135,-0.812,1.5529091,-0.45004156758273
1,1,283103.8491998762,-0.812,1.5526228,-0.4511694950145353
1,1,283108.849396151,-0.812,1.5524892,-0.4522974200455979
1,1,283113.84959242586,-0.812,1.5523174,-0.45342534492672504
1,1,283118.8497887007,-0.812,1.5521837,-0.45455327190292233
1,1,283123.84998497553,-0.812,1.5518019,-0.4556812016875613
1,1,283128.85018125037,-0.812,1.5517064,-0.45680913099832354
1,1,283133.8503775252,-0.812,1.551382,-0.457937059972293
1,1,283138.85057380004,-0.812,1.551191,-0.45906499082755725
1,1,283143.8507700749,-0.812,1.5511338,-0.4601929213440618
1,1,283148.8509663497,-0.812,1.5509046,-0.4613208505468602
1,1,283153.85116262455,-0.812,1.5508283,-0.46244877994276434
1,1,283158.8513588994,-0.812,1.5503129,-0.46357670675617474
1,1,283163.8515551742,-0.812,1.5502747,-0.46470463104921594
1,1,283168.8517514486,-0.812,1.5501792,-0.46583255566045656
1,1,283173.85194772296,-0.812,1.5499692,-0.4669604800498354
1,1,283178.8521439973,-0.812,1.5497783,-0.468088404128992
1,1,283183.8523402717,-0.812,1.5495301,-0.469216331970056
1,1,283188.85253654607,-0.812,1.5494539,-0.47034425695221965
1,1,283193.85273282044,-0.812,1.5491292,-0.4714721813854146
1,1,283198.8529290948,-0.812,1.5491102,-0.4726001056414612
1,1,283203.8531253692,-0.812,1.5488429,-0.473728034295218
1,1,283208.85332164355,-0.812,1.5484802,-0.4748559639592437
1,1,283213.8535179179,-0.812,1.5485756,-0.47598389713508565
1,1,283218.8537141923,-0.812,1.548003,-0.47711182629175664
1,1,283223.85391046666,-0.812,1.5479839,-0.4782397545540632
1,1,283228.854106741,-0.812,1.5478503,-0.4793676818288798
1,1,283233.8543030154,-0.812,1.5477738,-0.4804956079243489
1,1,283238.85449928977,-0.812,1.5473539,-0.48162353625397897
1,1,283243.85469556414,-0.812,1.5472775,-0.4827514660203624
1,1,283248.8548918385,-0.812,1.5472012,-0.4838793942704732
1,1,283253.8550881129,-0.812,1.5468957,-0.48500731998066454
1,1,283258.85528438725,-0.812,1.5468957,-0.48613524753464277
1,1,283263.8554806616,-0.812,1.5466666,-0.4872631772326663
1,1,283268.855676936,-0.812,1.546113,-0.4883911053139635
1,1,283273.85587321036,-0.812,1.5461321,-0.48951903239150196
1,1,283278.8560694847,-0.812,1.5457693,-0.4906469596063761
1,1,283283.8562657591,-0.812,1.5457312,-0.491774887802197
1,1,283288.85646203347,-0.812,1.5453303,-0.4929028126765326
1,1,283293.85665830784,-0.812,1.5451585,-0.4940307396880887
1,1,283298.8568545822,-0.812,1.545044,-0.49515866789187346
1,1,283303.8570508566,-0.812,1.5447195,-0.4962865972435973
1,1,283308.85724713095,-0.812,1.5446621,-0.4974145251268117
1,1,283313.8574434053,-0.812,1.544204,-0.4985424538956485
1,1,283318.8576396797,-0.812,1.5440513,-0.49967038215502785
1,1,283323.85783595406,-0.812,1.5439367,-0.500798309774707
1,1,283328.8580322284,-0.812,1.543593,-0.5019262378573486
1,1,283333.8582285028,-0.812,1.5435358,-0.50305416572542
1,1,283338.85842477717,-0.812,1.5434022,-0.5041820950897999
1,1,283343.85862105154,-0.812,1.543154,-0.5053100247420107
1,1,283348.8588173259,-0.812,1.5430776,-0.5064379583549832
1,1,283353.8590136003,-0.812,1.5427722,-0.5075658929432069
1,1,283358.85920987464,-0.812,1.5424858,-0.5086938275594116
1,1,283363.859406149,-0.812,1.5424477,-0.5098217625680533
1,1,283368.8596024234,-0.812,1.5420468,-0.5109496971088119
1,1,283373.85979869775,-0.812,1.5419322,-0.5120776276298663
1,1,283378.8599949721,-0.812,1.5417222,-0.5132055578360393
1,1,283383.8601912465,-0.812,1.5413786,-0.5143334879279567
1,1,283388.86038752086,-0.812,1.5410732,-0.515461420427243
1,1,283393.86058379523,-0.812,1.5408822,-0.516589352622668
1,1,283398.8607800696,-0.812,1.5407104,-0.5177172861386836
1,1,283403.860976344,-0.812,1.540615,-0.518845218805939
1,1,283408.86117261834,-0.812,1.540386,-0.5199731490257747
1,1,283413.8613688927,-0.812,1.5402523,-0.5211010784362886
1,1,283418.8615651671,-0.812,1.5399086,-0.5222290081052251
1,1,283423.86176144145,-0.812,1.5396223,-0.5233569377221168
1,1,283428.8619577158,-0.812,1.5394505,-0.5244848671659232
1,1,283433.8621539902,-0.812,1.5392023,-0.5256127945318951
1,1,283438.86235026456,-0.812,1.5389923,-0.5267407214538357
1,1,283443.86254653893,-0.812,1.5386487,-0.5278686499269274
1,1,283448.8627428133,-0.812,1.538305,-0.5289965786713097
1,1,283453.8629390877,-0.812,1.538286,-0.5301245074430074
1,1,283458.86313536204,-0.812,1.5379615,-0.5312524378063479
1,1,283463.8633316364,-0.812,1.5375223,-0.5323803680575754
1,1,283468.8635279108,-0.812,1.5373887,-0.5335082991535729
1,1,283473.86372418515,-0.812,1.5371406,-0.5346362326288653
1,1,283478.8639204595,-0.812,1.5371788,-0.5357641612902084
1,1,283483.8641167339,-0.812,1.5367779,-0.5368920903626481
1,1,283488.86431300826,-0.812,1.5365106,-0.5380200171436667
1,1,283493.86450928263,-0.812,1.536396,-0.5391479468031161
1,1,283498.864705557,-0.812,1.5361097,-0.5402758755414783
1,1,283503.8649018314,-0.812,1.5358996,-0.5414038043447599
1,1,283508.86509810574,-0.812,1.5355942,-0.5425317321942381
1,1,283513.8652943801,-0.812,1.5352507,-0.5436596611878539
1,1,283518.8654906545,-0.812,1.5351743,-0.5447875901439752
1,1,283523.86568692885,-0.812,1.5349451,-0.5459155179169906
1,1,283528.8658832032,-0.812,1.5348306,-0.5470434442567195
1,1,283533.8660794776,-0.812,1.5346016,-0.5481713702058062
1,1,283538.86627575196,-0.812,1.5342007,-0.5492992960466906
1,1,283543.86647202633,-0.812,1.5339715,-0.5504272210839654
1,1,283548.8666683007,-0.812,1.5336852,-0.5515551471281414
1,1,283553.8668645751,-0.812,1.5334561,-0.5526830737345647
1,1,283558.86706084944,-0.812,1.5331125,-0.5538110033624171
1,1,283563.8672571243,-0.812,1.533017,-0.5549389306952852
1,1,283568.8674533991,-0.812,1.5326352,-0.5560668584014871
1,1,283573.86764967395,-0.812,1.5325589,-0.5571947849703892
1,1,283578.8678459488,-0.812,1.5322534,-0.558322712043901
1,1,283583.8680422236,-0.812,1.5320244,-0.5594506339601574
1,1,283588.86823849846,-0.812,1.5316998,-0.5605785541676446
1,1,283593.8684347733,-0.812,1.5315471,-0.5617064760336111
1,1,283598.8686310481,-0.812,1.5313181,-0.5628343975916138
1,1,283603.86882732296,-0.812,1.531108,-0.563962319353514
1,1,283608.8690235978,-0.812,1.5308408,-0.5650902414158183
1,1,283613.86921987263,-0.812,1.530669,-0.5662181623259449
1,1,283618.86941614747,-0.812,1.5302681,-0.5673460855736399
1,1,283623.8696124223,-0.812,1.5299627,-0.5684740088270304
1,1,283628.86980869714,-0.812,1.5299244,-0.5696019299144113
1,1,283633.870004972,-0.812,1.5295235,-0.5707298526385721
1,1,283638.8702012468,-0.812,1.5293899,-0.5718577774326931
1,1,283643.87039752165,-0.812,1.5289699,-0.572985703492257
1,1,283648.8705937965,-0.812,1.5288744,-0.5741136268774962
1,1,283653.8707900713,-0.812,1.5284353,-0.5752415507010549
1,1,283658.8709863457,-0.812,1.5284163,-0.5763694784600466
1,1,283663.8711826203,-0.812,1.5279772,-0.5774974068183432
1,1,283668.8713788949,-0.812,1.5276526,-0.5786253324944638
1,1,283673.8715751695,-0.812,1.5273854,-0.5797532595965428
1,1,283678.8717714441,-0.812,1.5270799,-0.5808811865841014
1,1,283683.8719677187,-0.812,1.5269463,-0.5820091133901207
1,1,283688.8721639933,-0.812,1.5265454,-0.5831370389628439
1,1,283693.8723602679,-0.812,1.5263736,-0.5842649637082811
1,1,283698.8725565425,-0.812,1.5261445,-0.5853928891480925
1,1,283703.8727528171,-0.812,1.5259346,-0.5865208152886592
1,1,283708.8729490917,-0.812,1.52561,-0.5876487417485908
1,1,283713.87314536644,-0.812,1.5254191,-0.5887766697674389
1,1,283718.87334164116,-0.812,1.52519,-0.5899045972131486
1,1,283723.8735379159,-0.812,1.5249418,-0.5910325245656433
1,1,283728.8737341906,-0.812,1.5243882,-0.5921604539309636
1,1,283733.8739304653,-0.812,1.5241019,-0.5932883813004556
1,1,283738.87412674003,-0.812,1.5239682,-0.5944163088038196
1,1,283743.87432301475,-0.812,1.5236247,-0.595544232935617
1,1,283748.8745192895,-0.812,1.5235101,-0.5966721561722221
1,1,283753.8747155642,-0.812,1.5230519,-0.5978000815384185
1,1,283758.8749118389,-0.812,1.5227655,-0.5989280061711002
1,1,283763.8751081136,-0.812,1.5223838,-0.6000559359419374
1,1,283768.87530438835,-0.812,1.5221356,-0.6011838628076442
1,1,283773.875500663,-0.812,1.521811,-0.6023117898011369
1,1,283778.8756969377,-0.812,1.5216011,-0.6034397170253325
1,1,283783.8758932127,-0.812,1.5213147,-0.6045676441923044
1,1,283788.87608948734,-0.812,1.5209711,-0.6056955713357225
1,1,283793.87628576206,-0.812,1.5208184,-0.6068234995729124
1,1,283798.8764820368,-0.812,1.5204939,-0.607951430177814
1,1,283803.8766783115,-0.812,1.5199975,-0.6090793603077128
1,1,283808.8768745862,-0.812,1.5200166,-0.6102072889762813
1,1,283813.87707086094,-0.812,1.5196538,-0.6113352162893906
1,1,283818.87726713554,-0.812,1.5193293,-0.6124631436498359
1,1,283823.87746341014,-0.812,1.518852,-0.6135910697031612
1,1,283828.87765968475,-0.812,1.5185847,-0.614718996657881
1,1,283833.87785595935,-0.812,1.5183367,-0.6158469252703483
1,1,283838.87805223395,-0.812,1.5181266,-0.6169748517612148
1,1,283843.87824850855,-0.812,1.5178784,-0.6181027769563691
1,1,283848.8784447829,-0.812,1.5174012,-0.6192307018680104
1,1,283853.8786410575,-0.812,1.5173057,-0.6203586281820829
1,1,283858.87883733213,-0.812,1.5170575,-0.621486555457714
1,1,283863.87903360697,-0.812,1.5166757,-0.6226144808356128
1,1,283868.8792298818,-0.812,1.5165613,-0.62374240974258
1,1,283873.87942615664,-0.812,1.516294,-0.6248703392365635
1,1,283878.8796224315,-0.812,1.5159885,-0.6259982680558988
1,1,283883.8798187063,-0.812,1.5155685,-0.6271261978323752
1,1,283888.88001498114,-0.812,1.5153012,-0.628254126780771
1,1,283893.880211256,-0.812,1.5150722,-0.6293820522666302
1,1,283898.8804075308,-0.812,1.514824,-0.630509975338879
1,1,283903.88060380565,-0.812,1.5142895,-0.6316379000600041
1,1,283908.8808000805,-0.812,1.5141176,-0.6327658270716827
1,1,283913.8809963553,-0.812,1.5139649,-0.6338937535114912
1,1,283918.88119263016,-0.812,1.5135449,-0.6350216777410038
1,1,283923.881388905,-0.812,1.5131059,-0.6361496019717615
1,1,283928.88158517936,-0.812,1.5127814,-0.637277528065406
1,1,283933.8817814542,-0.812,1.5123805,-0.6384054538374968
1,1,283938.88197772903,-0.812,1.5121323,-0.6395333806299462
1,1,283943.88217400387,-0.812,1.5118841,-0.6406613095830309
1,1,283948.8823702787,-0.812,1.5114641,-0.6417892382478543
1,1,283953.88256655354,-0.812,1.5111395,-0.6429171662684143
1,1,283958.8827628284,-0.812,1.5108532,-0.6440450946473903
1,1,283963.8829591032,-0.812,1.5104905,-0.6451730235146245
1,1,283968.8831553776,-0.812,1.5100323,-0.6463009511454165
1,1,283973.88335165195,-0.812,1.509956,-0.6474288796533737
1,1,283978.8835479263,-0.812,1.5094787,-0.6485568104446922
1,1,283983.8837442007,-0.812,1.5091733,-0.6496847413106124
1,1,283988.88394047506,-0.812,1.5088869,-0.650812672267529
1,1,283993.88413674943,-0.812,1.5084096,-0.6519406059750742
1,1,283998.8843330238,-0.812,1.5079134,-0.6530685394883413
1,1,284003.8845292982,-0.812,1.5077606,-0.6541964720449936
1,1,284008.88472557254,-0.812,1.5073788,-0.6553244004964688
1,1,284013.8849218469,-0.812,1.506997,-0.6564523289886472
1,1,284018.8851181213,-0.812,1.506577,-0.6575802588628588
1,1,284023.88531439565,-0.812,1.506367,-0.6587081911408892
1,1,284028.88551067,-0.812,1.505947,-0.6598361221517812
1,1,284033.8857069444,-0.812,1.5056034,-0.6609640519134062
1,1,284038.88590321876,-0.812,1.505088,-0.6620919810928196
1,1,284043.88609949313,-0.812,1.5047061,-0.6632199111404674
1,1,284048.8862957675,-0.812,1.504458,-0.6643478380879054
1,1,284053.8864920419,-0.812,1.5041144,-0.6654757641247832
1,1,284058.88668831624,-0.812,1.5037326,-0.6666036921575191
1,1,284063.8868845906,-0.812,1.5035034,-0.6677316181600481
1,1,284068.887080865,-0.812,1.5030453,-0.6688595414802853
1,1,284073.88727713935,-0.812,1.502759,-0.669987466261313
1,1,284078.8874734137,-0.812,1.5023962,-0.6711153945773167
1,1,284083.8876696881,-0.812,1.5019953,-0.6722433238872081
1,1,284088.88786596246,-0.812,1.5016899,-0.6733712543768277
1,1,284093.88806223683,-0.812,1.5013272,-0.6744991857750968
1,1,284098.8882585112,-0.812,1.5009835,-0.6756271170027411
1,1,284103.88845478557,-0.812,1.5005635,-0.6767550485685855
1,1,284108.88865105994,-0.812,1.5001626,-0.6778829792034418
1,1,284113.8888473343,-0.812,1.4997809,-0.6790109061426676
1,1,284118.8890436087,-0.812,1.49938,-0.6801388316382126
1,1,284123.88923988305,-0.812,1.4991509,-0.6812667570477979
1,1,284128.8894361574,-0.812,1.4986928,-0.6823946849338304
1,1,284133.8896324318,-0.812,1.4982919,-0.6835226121211242
1,1,284138.88982870616,-0.812,1.4979482,-0.6846505408819574
1,1,284143.89002498053,-0.812,1.4976809,-0.6857784698573408
1,1,284148.8902212549,-0.812,1.4972991,-0.6869063983516055
1,1,284153.89041752927,-0.812,1.4967836,-0.6880343274617882
1,1,284158.89061380364,-0.812,1.4964973,-0.6891622563918456
1,1,284163.890810078,-0.812,1.4961154,-0.6902901833196704
1,1,284168.8910063524,-0.812,1.4956192,-0.6914181127029284
1,1,284173.89120262675,-0.812,1.4953328,-0.6925460393678537
1,1,284178.8913989011,-0.812,1.4951037,-0.69367396913381
1,1,284183.8915951755,-0.812,1.4944546,-0.6948019000141049
1,1,284188.89179144986,-0.812,1.494092,-0.6959298314844725
1,1,284193.89198772423,-0.812,1.4940156,-0.6970577622911425
1,1,284198.8921839986,-0.812,1.4932902,-0.6981856923703211
1,1,284203.89238027297,-0.812,1.4929847,-0.6993136219558078
1,1,284208.89257654734,-0.812,1.4926792,-0.7004415501627649
1,1,284213.8927728217,-0.812,1.4922402,-0.7015694785315849
1,1,284218.8929690961,-0.812,1.4918202,-0.7026974074226742
1,1,284223.89316537045,-0.812,1.4914193,-0.7038253355058953
1,1,284228.8933616448,-0.812,1.4910566,-0.7049532609125831
1,1,284233.8935579192,-0.812,1.4908274,-0.7060811870089132
1,1,284238.89375419356,-0.812,1.4901975,-0.7072091140911803
1,1,284243.89395046793,-0.812,1.4897012,-0.7083370418194557
1,1,284248.8941467423,-0.812,1.4893767,-0.7094649670936589
1,1,284253.89434301667,-0.812,1.4889375,-0.7105928941651707
1,1,284258.89453929104,-0.812,1.4886321,-0.7117208213577096
1,1,284263.8947355654,-0.812,1.4882312,-0.7128487490477852
1,1,284268.8949318398,-0.812,1.4877921,-0.7139766751120016
1,1,284273.89512811415,-0.812,1.4873531,-0.7151045996976122
1,1,284278.8953243885,-0.812,1.4868758,-0.7162325234060312
1,1,284283.8955206629,-0.812,1.4863795,-0.7173604485840755
1,1,284288.89571693726,-0.812,1.4859977,-0.7184883740247943
1,1,284293.8959132116,-0.812,1.4856921,-0.719616301226307
1,1,284298.896109486,-0.812,1.4850622,-0.7207442253301366
1,1,284303.89630576037,-0.812,1.4849095,-0.7218721493308601
1,1,284308.89650203474,-0.812,1.4844131,-0.7230000749688602
1,1,284313.8966983091,-0.812,1.4838405,-0.724127999256378
1,1,284318.8968945835,-0.812,1.483325,-0.7252559233750592
1,1,284323.89709085785,-0.812,1.482714,-0.7263838471446524
1,1,284328.8972871322,-0.812,1.4825996,-0.727511773503637
1,1,284333.8974834066,-0.812,1.4819696,-0.728639700043015
1,1,284338.89767968096,-0.812,1.4815496,-0.7297676290764037
1,1,284343.8978759553,-0.812,1.4811106,-0.7308955576723042
1,1,284348.8980722297,-0.812,1.4804806,-0.7320234839400936
1,1,284353.89826850407,-0.812,1.4800606,-0.7331514128619256
1,1,284358.8984647789,-0.812,1.479526,-0.7342793426553862
1,1,284363.89866105374,-0.812,1.4791633,-0.7354072741121706
1,1,284368.8988573286,-0.812,1.4786861,-0.7365352042924916
1,1,284373.8990536034,-0.812,1.4783233,-0.7376631330634378
1,1,284378.89924987825,-0.812,1.4778079,-0.7387910656539588
1,1,284383.8994461531,-0.812,1.4775025,-0.7399189984356783
1,1,284388.8996424279,-0.812,1.4769489,-0.7410469330149481
1,1,284393.89983870275,-0.812,1.476567,-0.7421748666053469
1,1,284398.9000349771,-0.812,1.4760898,-0.7433028019900675
1,1,284403.90023125196,-0.812,1.4755361,-0.7444307372357304
1,1,284408.9004275268,-0.812,1.4752116,-0.7455586752656421
1,1,284413.90062380163,-0.812,1.4747726,-0.7466866083828663
1,1,284418.90082007647,-0.812,1.4740853,-0.7478145417168758
1,1,284423.9010163513,-0.812,1.4736654,-0.7489424753379048
1,1,284428.90121262614,-0.812,1.4733598,-0.7500704067368628
1,1,284433.901408901,-0.812,1.4727681,-0.7511983404846047
1,1,284438.9016051758,-0.812,1.4722717,-0.7523262735170014
1,1,284443.90180145064,-0.812,1.4716418,-0.75345420886333
1,1,284448.9019977255,-0.812,1.4710499,-0.7545821411994253
1,1,284453.9021940003,-0.812,1.4706873,-0.7557100749817413
1,1,284458.9023902749,-0.812,1.4701909,-0.756838006885587
1,1,284463.9025865495,-0.812,1.4697328,-0.7579659396795884
1,1,284468.9027828241,-0.812,1.4692554,-0.7590938745545435
1,1,284473.9029790987,-0.812,1.4686637,-0.760221806291516
1,1,284478.9031753733,-0.812,1.4682055,-0.7613497423241921
1,1,284483.90337164793,-0.812,1.4677664,-0.7624776741488795
1,1,284488.90356792253,-0.812,1.4670027,-0.7636056067647689
1,1,284493.90376419714,-0.812,1.4665828,-0.7647335413731323
1,1,284498.90396047174,-0.812,1.4662011,-0.7658614721438076
1,1,284503.90415674634,-0.812,1.4655329,-0.7669894052808205
1,1,284508.90435302106,-0.812,1.4649984,-0.7681173360456678
1,1,284513.9045492958,-0.812,1.4645401,-0.769245261295251
1,1,284518.9047455705,-0.812,1.4641583,-0.7703731892490803
1,1,284523.90494184545,-0.812,1.4636238,-0.7715011164852366
1,1,284528.9051381202,-0.812,1.4630129,-0.7726290446939353
1,1,284533.9053343949,-0.812,1.4624975,-0.7737569746646832
1,1,284538.9055306696,-0.812,1.4620775,-0.7748849114764714
1,1,284543.90572694433,-0.812,1.4616194,-0.7760128482846701
1,1,284548.90592321905,-0.812,1.4610658,-0.7771407810941058
1,1,284553.90611949377,-0.812,1.4606075,-0.7782687132807623
1,1,284558.9063157685,-0.812,1.4600921,-0.7793966399015305
1,1,284563.9065120432,-0.812,1.4594622,-0.7805245664431006
1,1,284568.9067083179,-0.812,1.4587559,-0.781652490662848
1,1,284573.9069045926,-0.812,1.4582021,-0.782780417534459
1,1,284578.9071008673,-0.812,1.4574767,-0.7839083471410192
1,1,284583.90729714197,-0.812,1.4570377,-0.7850362774337547
1,1,284588.90749341657,-0.812,1.4566177,-0.786164204722065
1,1,284593.9076896913,-0.812,1.4560832,-0.7872921343485398
1,1,284598.907885966,-0.812,1.4553769,-0.78842006596125
1,1,284603.9080822407,-0.812,1.4546704,-0.7895479890612281
1,1,284608.90827851533,-0.812,1.4541551,-0.790675920209181
1,1,284613.90847478993,-0.812,1.4536014,-0.7918038518350539
1,1,284618.90867106454,-0.812,1.4529332,-0.7929317831295646
1,1,284623.90886733914,-0.812,1.4526087,-0.7940597124360651
1,1,284628.90906361374,-0.812,1.4519979,-0.7951876440204763
1,1,284633.90925988834,-0.812,1.4512914,-0.7963155751936419
1,1,284638.90945616295,-0.812,1.4506425,-0.7974435047148781
1,1,284643.90965243755,-0.812,1.449917,-0.7985714344331739
1,1,284648.90984871215,-0.812,1.4495734,-0.7996993655605168
1,1,284653.91004498675,-0.812,1.4487525,-0.8008272959025453
1,1,284658.9102412616,-0.812,1.4481989,-0.8019552266009169
1,1,284663.9104375364,-0.812,1.4474353,-0.8030831594727388
1,1,284668.9106338108,-0.812,1.4469198,-0.8042110900820345
1,1,284673.91083008563,-0.812,1.4463662,-0.8053390192141351
1,1,284678.91102636047,-0.812,1.4457744,-0.8064669481256356
1,1,284683.9112226353,-0.812,1.4451063,-0.8075948755221384
1,1,284688.91141891014,-0.812,1.4445335,-0.8087228012171305
1,1,284693.911615185,-0.812,1.4439417,-0.8098507271365407
1,1,284698.9118114598,-0.812,1.4432545,-0.8109786576897916
1,1,284703.91200773465,-0.812,1.4427772,-0.8121065895322048
1,1,284708.9122040095,-0.812,1.4421282,-0.8132345210611241
1,1,284713.9124002843,-0.812,1.4412881,-0.8143624517488298
1,1,284718.91259655915,-0.812,1.4409636,-0.8154903816418003
1,1,284723.912792834,-0.812,1.4401237,-0.8166183123043429
1,1,284728.9129891088,-0.812,1.4394937,-0.8177462430054232
1,1,284733.91318538366,-0.812,1.4388255,-0.8188741749909803
1,1,284738.9133816585,-0.812,1.43831,-0.82000210651883
1,1,284743.91357793333,-0.812,1.4374892,-0.82113003616512
1,1,284748.91377420817,-0.812,1.4367638,-0.8222579643900545
1,1,284753.913970483,-0.812,1.4364202,-0.8233858924648051
1,1,284758.91416675784,-0.812,1.4353893,-0.8245138227036978
1,1,284763.9143630322,-0.812,1.4348738,-0.8256417523110295
1,1,284768.9145593066,-0.812,1.4341675,-0.8267696811253712
1,1,284773.91475558095,-0.812,1.4333657,-0.8278976040293328
1,1,284778.9149518553,-0.812,1.4327548,-0.829025531939909
1,1,284783.9151481297,-0.812,1.4321058,-0.8301534540217107
1,1,284788.91534440406,-0.812,1.4312466,-0.8312813788386668
1,1,284793.9155406784,-0.812,1.4307694,-0.8324093024068195
1,1,284798.9157369528,-0.812,1.4300058,-0.8335372276868276
1,1,284803.91593322717,-0.812,1.4292231,-0.8346651555214212
1,1,284808.91612950154,-0.812,1.4283831,-0.8357930793647586
1,1,284813.9163257759,-0.812,1.4278295,-0.8369210110551766
1,1,284818.9165220503,-0.812,1.4271613,-0.8380489411228615
1,1,284823.91671832465,-0.812,1.4261305,-0.83917687102417
1,1,284828.916914599,-0.812,1.4255387,-0.840304800411352
1,1,284833.9171108734,-0.812,1.4249086,-0.8414327260384611
1,1,284838.91730714776,-0.812,1.4241642,-0.8425606502667551
1,1,284843.9175034221,-0.812,1.4233052,-0.8436885756061492
1,1,284848.9176996965,-0.812,1.4226942,-0.8448164990072169
1,1,284853.91789597087,-0.812,1.4218924,-0.8459444237678533
1,1,284858.91809224524,-0.812,1.4212052,-0.8470723492972505
1,1,284863.9182885196,-0.812,1.4205943,-0.8482002734768541
1,1,284868.918484794,-0.812,1.4198307,-0.8493281980751108
1,1,284873.91868106835,-0.812,1.4189334,-0.8504561270691406
1,1,284878.9188773427,-0.812,1.4181508,-0.8515840444196977
1,1,284883.9190736171,-0.812,1.4173107,-0.8527119640208632
1,1,284888.91926989146,-0.812,1.4166425,-0.853839882021399
1,1,284893.9194661658,-0.812,1.4157263,-0.8549678042667922
1,1,284898.9196624402,-0.812,1.4152108,-0.8560957280651547
1,1,284903.91985871457,-0.812,1.4144472,-0.857223650354258
1,1,284908.92005498894,-0.812,1.4134927,-0.8583515757035266
1,1,284913.9202512633,-0.812,1.4126146,-0.8594795104781605
1,1,284918.9204475377,-0.812,1.4118128,-0.8606074374282543
1,1,284923.92064381205,-0.812,1.4111065,-0.8617353698245602
1,1,284928.9208400864,-0.812,1.4104955,-0.8628632952230093
1,1,284933.9210363608,-0.812,1.4094838,-0.8639912238282215
1,1,284938.92123263516,-0.812,1.4086437,-0.8651191466570415
1,1,284943.9214289095,-0.812,1.408052,-0.8662470716366752
1,1,284948.9216251839,-0.812,1.4069638,-0.8673749968516944
1,1,284953.92182145827,-0.812,1.4061811,-0.8685029238664161
1,1,284958.92201773264,-0.812,1.4055129,-0.8696308609907148
1,1,284963.922214007,-0.812,1.4045203,-0.870758798570105
1,1,284968.9224102814,-0.812,1.4036803,-0.871886736057737
1,1,284973.92260655575,-0.812,1.402783,-0.8730146736278652
1,1,284978.9228028301,-0.812,1.4018285,-0.874142609205983
1,1,284983.9229991045,-0.812,1.4008931,-0.8752705340284095
1,1,284988.92319537885,-0.812,1.400244,-0.876398459413772
1,1,284993.9233916532,-0.812,1.3994613,-0.8775263841768952
1,1,284998.9235879276,-0.812,1.3984114,-0.8786543091682611
1,1,285003.92378420196,-0.812,1.3975523,-0.8797822322395727
1,1,285008.92398047633,-0.812,1.3966551,-0.8809101561752973
1,1,285013.9241767507,-0.812,1.3955479,-0.8820380811273871
1,1,285018.9243730251,-0.812,1.3947461,-0.8831660075802954
1,1,285023.92456929944,-0.812,1.3938869,-0.8842939365386651
1,1,285028.9247655738,-0.812,1.3929133,-0.8854218647615697
1,1,285033.9249618482,-0.812,1.3921689,-0.8865497937973161
1,1,285038.92515812255,-0.812,1.3910234,-0.8876777200815432
1,1,285043.9253543969,-0.812,1.3903935,-0.8888056444276425
1,1,285048.9255506713,-0.812,1.3894962,-0.8899335699376716
1,1,285053.92574694566,-0.812,1.3884462,-0.891061491515367
1,1,285058.92594322003,-0.812,1.3876253,-0.8921894136716049
1,1,285063.9261394944,-0.812,1.3865944,-0.8933173369429662
1,1,285068.9263357688,-0.812,1.3856782,-0.8944452576233634
1,1,285073.92653204314,-0.812,1.3847237,-0.8955731762553906
1,1,285078.9267283175,-0.812,1.3836355,-0.8967010964024056
1,1,285083.9269245919,-0.812,1.3827382,-0.8978290153559336
1,1,285088.92712086625,-0.812,1.3815355,-0.8989569355703648
1,1,285093.9273171406,-0.812,1.3806382,-0.900084854256705
1,1,285098.927513415,-0.812,1.3796456,-0.9012127723131864
1,1,285103.92770968936,-0.812,1.3783283,-0.9023406931730763
1,1,285108.92790596373,-0.812,1.3775457,-0.9034686157096249
1,1,285113.9281022381,-0.812,1.3765339,-0.9045965367545508
1,1,285118.9282985125,-0.812,1.3755794,-0.9057244618153097
1,1,285123.92849478684,-0.812,1.3746058,-0.9068523837171782
1,1,285128.9286910612,-0.812,1.3735558,-0.9079803081348031
1,1,285133.9288873356,-0.812,1.3724676,-0.9091082351977351
1,1,285138.92908360995,-0.812,1.3713604,-0.9102361576958321
1,1,285143.9292798843,-0.812,1.3703678,-0.9113640780707322
1,1,285148.9294761587,-0.812,1.3692414,-0.9124919994217742
1,1,285153.92967243306,-0.812,1.3681532,-0.9136199218319511
1,1,285158.9298687079,-0.812,1.3671032,-0.9147478417724757
1,1,285163.93006498273,-0.812,1.3661487,-0.9158757636262399
1,1,285168.93026125757,-0.812,1.3650415,-0.9170036856686065
1,1,285173.9304575324,-0.812,1.3639534,-0.91813160832805
1,1,285178.93065380724,-0.812,1.3626934,-0.9192595289417825
1,1,285183.9308500821,-0.812,1.3616625,-0.9203874573891284
1,1,285188.9310463569,-0.812,1.3605362,-0.9215153831458909
1,1,285193.93124263175,-0.812,1.3593144,-0.922643310836569
1,1,285198.9314389066,-0.812,1.3581308,-0.9237712370863811
1,1,285203.9316351814,-0.812,1.3571191,-0.9248991622949994
1,1,285208.93183145626,-0.812,1.3562218,-0.9260270891342616
1,1,285213.9320277311,-0.812,1.3550382,-0.9271550141376974
1,1,285218.9322240059,-0.812,1.3538737,-0.9282829357282442
1,1,285223.93242028076,-0.812,1.352671,-0.929410861649022
1,1,285228.9326165556,-0.812,1.351621,-0.9305387891638897
1,1,285233.93281283043,-0.812,1.3501701,-0.9316667168169209
1,1,285238.93300910527,-0.812,1.3491011,-0.9327946443086819
1,1,285243.9332053801,-0.812,1.3478602,-0.933922571921407
1,1,285248.93340165494,-0.812,1.3466767,-0.9350504942018644
1,1,285253.93359792954,-0.812,1.3456649,-0.9361784147973381
1,1,285258.93379420415,-0.812,1.3443094,-0.9373063366537945
1,1,285263.933990479,-0.812,1.3431067,-0.9384342590448813
1,1,285268.9341867536,-0.812,1.3421141,-0.9395621835875302
1,1,285273.9343830282,-0.812,1.3407013,-0.9406901095640384
1,1,285278.9345793028,-0.812,1.3394414,-0.9418180335388074
1,1,285283.9347755774,-0.812,1.3381242,-0.9429459581942714
1,1,285288.934971852,-0.812,1.3369024,-0.9440738853824096
1,1,285293.9351681266,-0.812,1.3357189,-0.9452018134263744
1,1,285298.9353644012,-0.812,1.334268,-0.9463297378601191
1,1,285303.9355606759,-0.812,1.3329698,-0.9474576613546402
1,1,285308.93575695064,-0.812,1.3316717,-0.9485855869297111
1,1,285313.93595322536,-0.812,1.330469,-0.9497135137183987
1,1,285318.9361495001,-0.812,1.3291708,-0.9508414396973904
1,1,285323.9363457747,-0.812,1.3276818,-0.9519693661837236
1,1,285328.9365420494,-0.812,1.32646,-0.9530972936112573
1,1,285333.9367383241,-0.812,1.3251046,-0.9542252213325193
1,1,285338.93693459884,-0.812,1.323711,-0.9553531467454722
1,1,285343.93713087356,-0.812,1.3223747,-0.9564810714325763
1,1,285348.9373271483,-0.812,1.3211529,-0.9576089973693381
1,1,285353.937523423,-0.812,1.319702,-0.9587369241106071
1,1,285358.93771969766,-0.812,1.3183466,-0.9598648475719681
1,1,285363.9379159724,-0.812,1.316934,-0.9609927706337397
1,1,285368.9381122471,-0.812,1.3156358,-0.9621206943974817
1,1,285373.9383085218,-0.812,1.3140514,-0.9632486149803556
1,1,285378.9385047965,-0.812,1.3127913,-0.9643765354950716
1,1,285383.9387010712,-0.812,1.3112451,-0.9655044573567467
1,1,285388.9388973459,-0.812,1.3100042,-0.9666323794966132
1,1,285393.93909362063,-0.812,1.3084769,-0.9677603035181188
1,1,285398.93928989535,-0.812,1.3067015,-0.9688882288044449
1,1,285403.9394861695,-0.812,1.3051744,-0.9700161537600845
1,1,285408.9396824441,-0.812,1.3038762,-0.9711440800262813
1,1,285413.9398787187,-0.812,1.3021199,-0.9722720040448662
1,1,285418.9400749933,-0.812,1.3006691,-0.9733999289012774
1,1,285423.9402712679,-0.812,1.2995619,-0.9745278545721429
1,1,285428.9404675425,-0.812,1.2979583,-0.9756557832115912
1,1,285433.9406638171,-0.812,1.2962401,-0.9767837142060356
1,1,285438.9408600917,-0.812,1.2950565,-0.9779116434200397
1,1,285443.9410563663,-0.812,1.2935865,-0.979039570364077
1,1,285448.94125264115,-0.812,1.2919447,-0.9801674981258867
1,1,285453.94144891575,-0.812,1.2905512,-0.9812954289661868
1,1,285458.9416451906,-0.812,1.2889667,-0.9824233577163276
1,1,285463.9418414654,-0.812,1.2872486,-0.9835512842035151
1,1,285468.94203774026,-0.812,1.2855877,-0.9846792121156014
1,1,285473.9422340151,-0.812,1.283965,-0.985807137513034
1,1,285478.9424302899,-0.812,1.2821896,-0.9869350606641595
1,1,285483.94262656476,-0.812,1.2808723,-0.9880629827215894
1,1,285488.9428228396,-0.812,1.2794406,-0.9891909041022252
1,1,285493.94301911443,-0.812,1.277627,-0.9903188266712452
1,1,285498.94321538927,-0.812,1.2760235,-0.9914467505185794
1,1,285503.9434116641,-0.812,1.2745154,-0.9925746732076133
1,1,285508.94360793894,-0.812,1.2724535,-0.993702597642007
1,1,285513.9438042138,-0.812,1.2711555,-0.9948305223799472
1,1,285518.9440004886,-0.812,1.2692655,-0.9959584465653788
1,1,285523.94419676345,-0.812,1.2676619,-0.9970863714434264
1,1,285528.9443930383,-0.812,1.2659438,-0.9982142992915867
1,1,285533.9445893131,-0.812,1.2640921,-0.999342227721028
1,1,285538.94478558796,-0.812,1.2623739,-1.0004701579962065
1,1,285543.9449818628,-0.812,1.2605985,-1.0015980895362389
1,1,285548.9451781376,-0.812,1.2587849,-1.0027260196671313
1,1,285553.94537441246,-0.812,1.2569904,-1.003853949384447
1,1,285558.94557068683,-0.812,1.2551578,-1.0049818806696593
1,1,285563.9457669612,-0.812,1.2534778,-1.0061098074316341
1,1,285568.9459632356,-0.812,1.2515688,-1.0072377334047449
1,1,285573.94615950994,-0.812,1.249717,-1.00836565996166
1,1,285578.9463557843,-0.812,1.2480752,-1.0094935875502917
1,1,285583.9465520587,-0.812,1.2464144,-1.010621514512376
1,1,285588.94674833305,-0.812,1.2444863,-1.0117494385999468
1,1,285593.9469446074,-0.812,1.2423291,-1.0128773653577758
1,1,285598.9471408818,-0.812,1.2405728,-1.0140052919792328
1,1,285603.94733715616,-0.812,1.2386829,-1.0151332185025441
1,1,285608.94753343053,-0.812,1.2366593,-1.016261145768198
1,1,285613.9477297049,-0.812,1.2346739,-1.017389070879962
1,1,285618.9479259793,-0.812,1.2327458,-1.018516995330472
1,1,285623.94812225364,-0.812,1.2306458,-1.0196449209841383
1,1,285628.948318528,-0.812,1.2288322,-1.0207728457815475
1,1,285633.9485148024,-0.812,1.2266941,-1.0219007709606183
1,1,285638.94871107675,-0.812,1.2247088,-1.023028698735849
1,1,285643.9489073511,-0.812,1.2227234,-1.0241566273178848
1,1,285648.9491036255,-0.812,1.2203753,-1.025284554534885
1,1,285653.94929989986,-0.812,1.2180845,-1.0264124835311499
1,1,285658.94949617423,-0.812,1.2160609,-1.0275404088641034
1,1,285663.9496924486,-0.812,1.2137318,-1.0286683378808095
1,1,285668.949888723,-0.812,1.2118227,-1.0297962638710134
1,1,285673.95008499734,-0.812,1.2096274,-1.0309241908121898
1,1,285678.9502812717,-0.812,1.2073556,-1.032052117821481
1,1,285683.9504775461,-0.812,1.2050266,-1.0331800452274575
1,1,285688.95067382045,-0.812,1.202984,-1.0343079726482227
1,1,285693.9508700948,-0.812,1.2004449,-1.0354358988557386
1,1,285695.01946929283,-0.812,1.200025,-1.0356769503916496
1,1,285695.0196692925,-0.812,1.1998532,-1.0356769955090313
1,2,285695.02046929207,0.812,1.295058,8.957098921140035e-08
1,2,285700.02066556737,0.812,1.4971464,0.0011277002283533414
1,2,285705.02086184174,0.812,1.5627024,0.0022553107487161953
1,2,285710.0210581161,0.812,1.6140745,0.003382921958943208
1,2,285715.0212543905,0.812,1.6575049,0.004510531418141391
1,2,285720.02145066485,0.812,1.6957237,0.005638141147269142
1,2,285725.0216469392,0.812,1.7301817,0.006765750891582833
1,2,285730.0218432136,0.812,1.7617952,0.007893360214852624
1,2,285735.02203948796,0.812,1.7914615,0.009020970949007404
1,2,285740.0222357623,0.812,1.819047,0.010148583620809845
1,2,285745.0224320367,0.812,1.8447616,0.011276193843384583
1,2,285750.02262831107,0.812,1.8692545,0.012403806268738375
1,2,285755.02282458544,0.812,1.8926592,0.013531418283585044
1,2,285760.0230208598,0.812,1.9144603,0.014659029125207
1,2,285765.0232171342,0.812,1.9355551,0.01578664086265034
1,2,285770.02341340855,0.812,1.9555235,0.01691425402969784
1,2,285775.0236096834,0.812,1.9742702,0.018041867560423083
1,2,285780.0238059582,0.812,1.9922341,0.019169482540349166
1,2,285785.02400223305,0.812,2.009091,0.020297096130728724
1,2,285790.0241985079,0.812,2.0250123,0.021424709783014327
1,2,285795.0243947827,0.812,2.0402653,0.022552322411530552
1,2,285800.02459105756,0.812,2.0542395,0.02367993418676655
1,2,285805.0247873324,0.812,2.0674691,0.02480754579817587
1,2,285810.02498360723,0.812,2.080126,0.02593515852635106
1,2,285815.02517988207,0.812,2.0919237,0.027062773476557604
1,2,285820.0253761569,0.812,2.1031106,0.02819038782176045
1,2,285825.02557243174,0.812,2.1134577,0.02931800462059512
1,2,285830.0257687066,0.812,2.1234226,0.030445618695494208
1,2,285835.0259649814,0.812,2.132605,0.031573232770482705
1,2,285840.02616125625,0.812,2.1413295,0.03270084886667133
1,2,285845.0263575311,0.812,2.1497865,0.0338284643066658
1,2,285850.0265538059,0.812,2.1576326,0.03495607782414225
1,2,285855.02675008075,0.812,2.1650586,0.03608368942407105
1,2,285860.0269463556,0.812,2.1720839,0.03721130151053601
1,2,285865.0271426304,0.812,2.1785555,0.038338913150181377
1,2,285870.02733890526,0.812,2.184989,0.03946652701056666
1,2,285875.02753517986,0.812,2.1911361,0.04059414064881537
1,2,285880.02773145447,0.812,2.1970923,0.04172175393552913
1,2,285885.02792772907,0.812,2.2026665,0.04284936571898394
1,2,285890.0281240037,0.812,2.2079165,0.0439769732698169
1,2,285895.0283202783,0.812,2.2129753,0.04510457924743493
1,2,285900.0285165529,0.812,2.2178433,0.046232184421473074
1,2,285905.0287128275,0.812,2.2225013,0.047359789139876755
1,2,285910.0289091021,0.812,2.2269304,0.04848739624732401
1,2,285915.0291053767,0.812,2.2312448,0.04961500505009955
1,2,285920.0293016514,0.812,2.2353492,0.050742612610800396
1,2,285925.0294979261,0.812,2.2394917,0.05187021914146675
1,2,285930.0296942007,0.812,2.2432144,0.052997824996421736
1,2,285935.02989047545,0.812,2.2469943,0.05412543297390143
1,2,285940.03008675016,0.812,2.2506022,0.05525304065138433
1,2,285945.0302830249,0.812,2.2539048,0.05638064862858256
1,2,285950.0304792996,0.812,2.2571502,0.0575082596912649
1,2,285955.0306755743,0.812,2.2605865,0.058635868797047276
1,2,285960.03087184904,0.812,2.2637365,0.05976347953682145
1,2,285965.03106812376,0.812,2.266829,0.060891088378949305
1,2,285970.0312643985,0.812,2.26996,0.062018698397497345
1,2,285975.03146067314,0.812,2.272747,0.0631463061215679
1,2,285980.03165694786,0.812,2.2756488,0.06427391388193104
1,2,285985.0318532226,0.812,2.2783978,0.0654015231103599
1,2,285990.0320494973,0.812,2.2810705,0.0665291334807078
1,2,285995.03224577196,0.812,2.2836666,0.06765674337356288
1,2,286000.0324420467,0.812,2.2863774,0.06878435331575075
1,2,286005.0326383214,0.812,2.2888594,0.06991196559089422
1,2,286010.03283459565,0.812,2.2914364,0.0710395775230262
1,2,286015.03303087037,0.812,2.293689,0.07216719039309355
1,2,286020.033227145,0.812,2.2961516,0.07329480007941191
1,2,286025.0334234196,0.812,2.298519,0.07442241089903975
1,2,286030.0336196942,0.812,2.3007717,0.07555001820065245
1,2,286035.0338159688,0.812,2.3031197,0.07667762715294624
1,2,286040.0340122434,0.812,2.3052387,0.07780523715467914
1,2,286045.034208518,0.812,2.3074532,0.07893284649180701
1,2,286050.0344047926,0.812,2.3097441,0.0800604504538145
1,2,286055.0346010674,0.812,2.3117867,0.08118805514642262
1,2,286060.034797342,0.812,2.3140395,0.08231565839805202
1,2,286065.03499361663,0.812,2.316063,0.08344326394008925
1,2,286070.03518989123,0.812,2.3181248,0.08457087350313197
1,2,286075.03538616607,0.812,2.3201482,0.08569848377471498
1,2,286080.0355824409,0.812,2.3222482,0.08682609089903696
1,2,286085.03577871574,0.812,2.3239853,0.08795369721459347
1,2,286090.0359749906,0.812,2.3261998,0.08908130291613935
1,2,286095.0361712654,0.812,2.3279753,0.09020890817839236
1,2,286100.03636754025,0.812,2.3301706,0.09133651541411213
1,2,286105.0365638151,0.812,2.3319843,0.0924641219427155
1,2,286110.0367600899,0.812,2.3340843,0.09359172858884598
1,2,286115.03695636475,0.812,2.3359742,0.09471933399849466
1,2,286120.0371526396,0.812,2.3378642,0.09584694032212097
1,2,286125.0373489144,0.812,2.3398113,0.09697455007936225
1,2,286130.03754518926,0.812,2.3417394,0.09810215902645388
1,2,286135.0377414641,0.812,2.3437438,0.09922976713701087
1,2,286140.03793773893,0.812,2.3455384,0.10035737686844003
1,2,286145.03813401377,0.812,2.347333,0.10148498521326646
1,2,286150.0383302886,0.812,2.3493373,0.10261259114089938
1,2,286155.03852656344,0.812,2.3510363,0.10374019713936249
1,2,286160.0387228383,0.812,2.3530982,0.10486780045707357
1,2,286165.0389191131,0.812,2.354988,0.1059954004866845
1,2,286170.03911538795,0.812,2.3567252,0.10712299793903364
1,2,286175.0393116623,0.812,2.3584435,0.10825059762641456
1,2,286180.0395079367,0.812,2.360295,0.10937819738851653
1,2,286185.03970421106,0.812,2.3624904,0.11050579821440247
1,2,286190.0399004854,0.812,2.3640368,0.11163340266089308
1,2,286195.0400967598,0.812,2.366003,0.11276100554696059
1,2,286200.04029303417,0.812,2.3679314,0.11388860933291584
1,2,286205.04048930854,0.812,2.3699358,0.11501621382838159
1,2,286210.0406855829,0.812,2.3716156,0.11614382116225695
1,2,286215.0408818573,0.812,2.3736012,0.11727142894926007
1,2,286220.04107813165,0.812,2.3753002,0.11839903600965276
1,2,286225.041274406,0.812,2.3770182,0.11952664108015101
1,2,286230.0414706804,0.812,2.3790991,0.1206542476845748
1,2,286235.04166695476,0.812,2.3806837,0.1217818559198479
1,2,286240.0418632291,0.812,2.3827262,0.12290946541569962
1,2,286245.0420595035,0.812,2.384578,0.12403707342266707
1,2,286250.04225577787,0.812,2.3864107,0.12516468073781
1,2,286255.04245205224,0.812,2.388377,0.1262922880641255
1,2,286260.0426483266,0.812,2.3901715,0.12741989521153105
1,2,286265.042844601,0.812,2.3919086,0.1285475039118694
1,2,286270.04304087535,0.812,2.3938558,0.12967511334396403
1,2,286275.0432371497,0.812,2.3958414,0.13080272185495165
1,2,286280.0434334241,0.812,2.3977504,0.13193032851047978
1,2,286285.04362969846,0.812,2.3995447,0.13305793589842319
1,2,286290.0438259728,0.812,2.4014728,0.13418554301355282
1,2,286295.0440222472,0.812,2.4033628,0.13531315273707112
1,2,286300.04421852157,0.812,2.4054818,0.13644076188659005
1,2,286305.04441479594,0.812,2.4072382,0.13756836955923504
1,2,286310.0446110703,0.812,2.4092808,0.13869597575674122
1,2,286315.0448073447,0.812,2.4109225,0.1398235811521444
1,2,286320.04500361905,0.812,2.4129844,0.14095118728640013
1,2,286325.0451998934,0.812,2.4148934,0.14207879355219669
1,2,286330.0453961678,0.812,2.4168024,0.14320639825472897
1,2,286335.04559244215,0.812,2.4187877,0.14433400419810413
1,2,286340.0457887165,0.812,2.4208496,0.14546161097987162
1,2,286345.0459849909,0.812,2.4227395,0.14658921946755715
1,2,286350.04618126526,0.812,2.4245532,0.1477168271317184
1,2,286355.04637753963,0.812,2.4267104,0.14884443454703358
1,2,286360.046573814,0.812,2.4286194,0.14997204434582262
1,2,286365.0467700884,0.812,2.4307384,0.15109965360570618
1,2,286370.04696636274,0.812,2.432571,0.15222725928594338
1,2,286375.0471626371,0.812,2.4348238,0.15335486535668705
1,2,286380.0473589115,0.812,2.4367328,0.15448246953615877
1,2,286385.04755518585,0.812,2.4386609,0.15561007570518057
1,2,286390.0477514602,0.812,2.440608,0.15673768475686842
1,2,286395.0479477346,0.812,2.4428797,0.15786529472060337
1,2,286400.04814400896,0.812,2.4449034,0.15899290503988334
1,2,286405.04834028333,0.812,2.4467933,0.16012051376311648
1,2,286410.0485365577,0.812,2.4491415,0.1612481218074461
1,2,286415.0487328321,0.812,2.4510696,0.16237572713125417
1,2,286420.04892910644,0.812,2.453284,0.16350333166396622
1,2,286425.0491253808,0.812,2.4552503,0.16463093366298084
1,2,286430.0493216552,0.812,2.4573693,0.1657585372730825
1,2,286435.04951792955,0.812,2.4593928,0.1668861400889225
1,2,286440.0497142039,0.812,2.4612064,0.16801374287578139
1,2,286445.0499104783,0.812,2.4634018,0.16914134694379573
1,2,286450.05010675266,0.812,2.4653108,0.17026895124323838
1,2,286455.05030302703,0.812,2.4674299,0.17139655599115297
1,2,286460.0504993014,0.812,2.4695108,0.1725241600068477
1,2,286465.0506955758,0.812,2.471649,0.17365176079597744
1,2,286470.05089185014,0.812,2.4736152,0.17477936283831802
1,2,286475.0510881245,0.812,2.4757342,0.1759069628083508
1,2,286480.0512843989,0.812,2.4778533,0.17703456701584996
1,2,286485.05148067325,0.812,2.4798005,0.17816216872996432
1,2,286490.0516769476,0.812,2.4817095,0.17928977106163907
1,2,286495.051873222,0.812,2.4837904,0.18041737368766805
1,2,286500.05206949636,0.812,2.4857948,0.18154497600619005
1,2,286505.05226577073,0.812,2.487742,0.18267258220390484
1,2,286510.0524620451,0.812,2.489861,0.18380018917403623
1,2,286515.0526583195,0.812,2.4918463,0.1849277951613632
1,2,286520.05285459384,0.812,2.4939272,0.18605540328748363
1,2,286525.0530508682,0.812,2.4959316,0.18718301067207593
1,2,286530.0532471426,0.812,2.4978025,0.18831061751301426
1,2,286535.05344341695,0.812,2.4999216,0.189438223869794
1,2,286540.0536396913,0.812,2.5019453,0.1905658265535865
1,2,286545.0538359657,0.812,2.5038733,0.19169343062425326
1,2,286550.05403224006,0.812,2.5057824,0.19282103376914067
1,2,286555.05422851443,0.812,2.5079777,0.19394864039348897
1,2,286560.0544247888,0.812,2.509734,0.19507624642379087
1,2,286565.0546210632,0.812,2.511414,0.19620385406194463
1,2,286570.054817338,0.812,2.5133803,0.19733146060172718
1,2,286575.05501361284,0.812,2.5154803,0.19845906822911238
1,2,286580.0552098877,0.812,2.5171983,0.1995866748696003
1,2,286585.0554061625,0.812,2.5190501,0.2007142829379572
1,2,286590.05560243735,0.812,2.5207682,0.20184188764405583
1,2,286595.0557987122,0.812,2.522639,0.20296949333970085
1,2,286600.055994987,0.812,2.5246818,0.2040970975345241
1,2,286605.05619126186,0.812,2.526419,0.20522470566006173
1,2,286610.0563875367,0.812,2.5279078,0.2063523099940254
1,2,286615.0565838115,0.812,2.5297787,0.20747991528410387
1,2,286620.05678008636,0.812,2.531287,0.20860752175027136
1,2,286625.0569763612,0.812,2.5329287,0.2097351258178652
1,2,286630.05717263604,0.812,2.5346277,0.21086272871096934
1,2,286635.0573689109,0.812,2.5364604,0.21199033331631625
1,2,286640.0575651857,0.812,2.5379496,0.21311793830551376
1,2,286645.05776146054,0.812,2.5393622,0.21424554219701228
1,2,286650.0579577354,0.812,2.541004,0.21537314433749521
1,2,286655.0581540102,0.812,2.542531,0.21650074577069287
1,2,286660.05835028505,0.812,2.5442684,0.21762834847991339
1,2,286665.0585465599,0.812,2.545662,0.21875595100152165
1,2,286670.0587428345,0.812,2.546922,0.21988355359496015
1,2,286675.0589391091,0.812,2.5484872,0.22101115536209615
1,2,286680.0591353837,0.812,2.5497282,0.22213875563699012
1,2,286685.0593316583,0.812,2.5512555,0.22326635831478242
1,2,286690.0595279329,0.812,2.5525727,0.2243939609713025
1,2,286695.0597242075,0.812,2.5538135,0.22552156444989976
1,2,286700.0599204821,0.812,2.5551116,0.22664916410550479
1,2,286705.0601167567,0.812,2.5565052,0.22777676547861103
1,2,286710.0603130313,0.812,2.5576506,0.2289043662921555
1,2,286715.0605093059,0.812,2.5588534,0.2300319673903254
1,2,286720.06070558063,0.812,2.5599988,0.23115956421347134
1,2,286725.06090185535,0.812,2.5612013,0.23228716284141943
1,2,286730.06109813007,0.812,2.5625186,0.23341476217677531
1,2,286735.0612944048,0.812,2.5633776,0.23454236116633154
1,2,286740.0614906795,0.812,2.564733,0.23566996191728118
1,2,286745.06168695376,0.812,2.5658786,0.2367975656231278
1,2,286750.0618832285,0.812,2.5666804,0.23792517269286517
1,2,286755.0620795032,0.812,2.5677876,0.23905277787987725
1,2,286760.0622757779,0.812,2.5685704,0.24018038681029283
1,2,286765.06247205264,0.812,2.569601,0.24130799519915386
1,2,286770.0626683273,0.812,2.5705938,0.2424356052963999
1,2,286775.062864602,0.812,2.5713193,0.24356321542839213
1,2,286780.06306087674,0.812,2.5722928,0.24469082728831307
1,2,286785.06325715146,0.812,2.5731711,0.24581843777402906
1,2,286790.0634534262,0.812,2.5739155,0.24694604700898132
1,2,286795.06364970084,0.812,2.5747938,0.2480736595242421
1,2,286800.06384597556,0.812,2.5755382,0.2492012697669036
1,2,286805.0640422503,0.812,2.5762827,0.25032887515429325
1,2,286810.064238525,0.812,2.5771608,0.2514564752600127
1,2,286815.0644347997,0.812,2.5777528,0.2525840745277471
1,2,286820.06463107443,0.812,2.578669,0.2537116737220751
1,2,286825.06482734904,0.812,2.5792227,0.25483927033987974
1,2,286830.06502362364,0.812,2.5801198,0.25596686501436433
1,2,286835.06521989824,0.812,2.5807881,0.2570944582015342
1,2,286840.06541617285,0.812,2.5815709,0.25822205304919676
1,2,286845.06561244745,0.812,2.5823343,0.2593496510632634
1,2,286850.06580872205,0.812,2.5830598,0.2604772485976087
1,2,286855.06600499665,0.812,2.5838234,0.26160484571143655
1,2,286860.06620127126,0.812,2.5843198,0.26273244457260436
1,2,286865.06639754586,0.812,2.5848925,0.26386004379716516
1,2,286870.0665938207,0.812,2.585408,0.26498764283884896
1,2,286875.06679009553,0.812,2.5861142,0.26611524281299775
1,2,286880.06698637037,0.812,2.5868397,0.26724284519122704
1,2,286885.0671826452,0.812,2.5872788,0.26837044491716555
1,2,286890.06737892004,0.812,2.5878706,0.2694980464698407
1,2,286895.0675751949,0.812,2.5884433,0.2706256462509698
1,2,286900.0677714697,0.812,2.5889015,0.2717532469685872
1,2,286905.06796774454,0.812,2.5895123,0.27288084465648726
1,2,286910.0681640194,0.812,2.589894,0.274008443220367
1,2,286915.0683602942,0.812,2.5904286,0.27513604248735635
1,2,286920.06855656905,0.812,2.5910015,0.276263640562478
1,2,286925.0687528439,0.812,2.5914214,0.27739124029198947
1,2,286930.0689491187,0.812,2.5918605,0.2785188415826857
1,2,286935.06914539356,0.812,2.5925286,0.27964644092848895
1,2,286940.0693416684,0.812,2.5928912,0.28077404154168895
1,2,286945.0695379432,0.812,2.5932732,0.2819016468368007
1,2,286950.06973421806,0.812,2.593674,0.283029256401817
1,2,286955.0699304929,0.812,2.5941322,0.2841568651914033
1,2,286960.07012676774,0.812,2.594743,0.2852844766410523
1,2,286965.0703230426,0.812,2.594915,0.28641208540605834
1,2,286970.07051931694,0.812,2.5954876,0.2875396952881217
1,2,286975.0707155913,0.812,2.595793,0.28866730452746814
1,2,286980.0709118657,0.812,2.5963275,0.2897949128821194
1,2,286985.07110814005,0.812,2.5965567,0.29092252001211705
1,2,286990.0713044144,0.812,2.597244,0.2920501299798852
1,2,286995.0715006888,0.812,2.5975685,0.2931777381365166
1,2,287000.07169696316,0.812,2.5977592,0.29430534721246354
1,2,287005.07189323753,0.812,2.5981793,0.29543295603351455
1,2,287010.0720895119,0.812,2.5988092,0.2965605634196963
1,2,287015.0722857863,0.812,2.599153,0.29768817468880937
1,2,287020.07248206064,0.812,2.5994775,0.29881578387215063
1,2,287025.072678335,0.812,2.599974,0.2999433956917093
1,2,287030.0728746094,0.812,2.6001837,0.3010710054997867
1,2,287035.07307088375,0.812,2.6007566,0.30219861252500607
1,2,287040.0732671581,0.812,2.6010046,0.30332622186052133
1,2,287045.0734634325,0.812,2.6014247,0.30445383100688783
1,2,287050.07365970686,0.812,2.601711,0.30558143901775275
1,2,287055.07385598123,0.812,2.602112,0.3067090470754305
1,2,287060.0740522556,0.812,2.6026082,0.30783665514446296
1,2,287065.07424852997,0.812,2.60278,0.30896426503141056
1,2,287070.07444480434,0.812,2.6030474,0.31009187375026936
1,2,287075.0746410787,0.812,2.6035628,0.3112194810166358
1,2,287080.0748373531,0.812,2.6037154,0.3123470882245765
1,2,287085.07503362745,0.812,2.6041355,0.31347469138247763
1,2,287090.0752299018,0.812,2.6044028,0.31460229474231266
1,2,287095.0754261762,0.812,2.6045556,0.31572989996878964
1,2,287100.07562245056,0.812,2.6050136,0.316857503674623
1,2,287105.07581872493,0.812,2.6054146,0.31798510827567505
1,2,287110.0760149993,0.812,2.605491,0.31911271515559153
1,2,287115.07621127367,0.812,2.605892,0.32024031976032585
1,2,287120.07640754804,0.812,2.606159,0.3213679244932896
1,2,287125.0766038224,0.812,2.6062927,0.32249553187142144
1,2,287130.0768000968,0.812,2.6066554,0.3236231355708572
1,2,287135.07699637115,0.812,2.6068845,0.32475074010611565
1,2,287140.0771926455,0.812,2.6073809,0.3258783466958138
1,2,287145.0773889199,0.812,2.607591,0.32700595364135826
1,2,287150.07758519426,0.812,2.6080108,0.3281335615715748
1,2,287155.07778146863,0.812,2.6082208,0.32926116929635396
1,2,287160.077977743,0.812,2.608469,0.33038877645317044
1,2,287165.07817401737,0.812,2.6086218,0.3315163816727366
1,2,287170.07837029174,0.812,2.6090035,0.33264398691643937
1,2,287175.0785665661,0.812,2.6092708,0.33377159081230556
1,2,287180.0787628405,0.812,2.6095953,0.3348991972187194
1,2,287185.07895911485,0.812,2.609729,0.33602680416710173
1,2,287190.0791553892,0.812,2.6099963,0.33715441395715534
1,2,287195.0793516636,0.812,2.610397,0.3382820216568807
1,2,287200.07954793796,0.812,2.6106262,0.3394096259337895
1,2,287205.07974421233,0.812,2.6108553,0.34053723044257356
1,2,287210.0799404867,0.812,2.611199,0.34166483396650676
1,2,287215.08013676107,0.812,2.611428,0.34279244040788864
1,2,287220.08033303544,0.812,2.6116,0.34392004384817004
1,2,287225.0805293098,0.812,2.612096,0.3450476457763313
1,2,287230.0807255842,0.812,2.6123252,0.34617524929399607
1,2,287235.08092185855,0.812,2.6123824,0.34730285312927744
1,2,287240.0811181329,0.812,2.6128216,0.3484304564247527
1,2,287245.0813144073,0.812,2.6131842,0.34955806023626174
1,2,287250.08151068166,0.812,2.613528,0.3506856675257813
1,2,287255.081706956,0.812,2.6135852,0.3518132755004861
1,2,287260.0819032304,0.812,2.614005,0.35294088420194036
1,2,287265.08209950477,0.812,2.6141007,0.3540684928637741
1,2,287270.08229577914,0.812,2.6144252,0.3551960998751486
1,2,287275.0824920535,0.812,2.6149597,0.3563237085130544
1,2,287280.0826883279,0.812,2.6149597,0.3574513159501451
1,2,287285.08288460225,0.812,2.615227,0.3585789209908444
1,2,287290.0830808766,0.812,2.6157997,0.3597065250694121
1,2,287295.083277151,0.812,2.615876,0.3608341311157311
1,2,287300.08347342536,0.812,2.616086,0.3619617355905935
1,2,287305.0836696997,0.812,2.6163151,0.363089337788989
1,2,287310.0838659741,0.812,2.6166205,0.3642169418177239
1,2,287315.08406224847,0.812,2.6167352,0.36534454898481555
1,2,287320.08425852284,0.812,2.6170597,0.36647215300207986
1,2,287325.0844547972,0.812,2.6172888,0.36759975675254386
1,2,287330.0846510716,0.812,2.6175752,0.36872736133804246
1,2,287335.08484734595,0.812,2.617785,0.3698549670699205
1,2,287340.0850436203,0.812,2.6181288,0.3709825694651272
1,2,287345.0852398947,0.812,2.618358,0.3721101745418111
1,2,287350.08543616906,0.812,2.6187778,0.3732377816382216
1,2,287355.0856324434,0.812,2.6189687,0.3743653905419409
1,2,287360.0858287178,0.812,2.619236,0.37549299698198835
1,2,287365.08602499263,0.812,2.6193504,0.3766206044696139
1,2,287370.08622126747,0.812,2.6195605,0.3777482155222098
1,2,287375.0864175423,0.812,2.6198468,0.3788758268385496
1,2,287380.08661381714,0.812,2.6199613,0.3800034354723592
1,2,287385.086810092,0.812,2.6200378,0.38113104232820866
1,2,287390.0870063668,0.812,2.620515,0.38225864652317426
1,2,287395.08720264165,0.812,2.6208777,0.38338625204382665
1,2,287400.0873989165,0.812,2.6210494,0.384513857793841
1,2,287405.0875951913,0.812,2.6212022,0.38564146111492636
1,2,287410.08779146615,0.812,2.6214695,0.3867690633878839
1,2,287415.087987741,0.812,2.621775,0.3878966648876864
1,2,287420.0881840158,0.812,2.6220803,0.38902426849233096
1,2,287425.08838029066,0.812,2.6221185,0.39015187255407024
1,2,287430.0885765655,0.812,2.6224623,0.39127947567586085
1,2,287435.08877284033,0.812,2.622863,0.39240707832551314
1,2,287440.08896911517,0.812,2.6229393,0.39353468014324683
1,2,287445.08916539,0.812,2.6233594,0.3946622821238999
1,2,287450.08936166484,0.812,2.6235313,0.39578987996936815
1,2,287455.0895579397,0.812,2.6237411,0.3969174796836109
1,2,287460.0897542145,0.812,2.6239321,0.3980450797961816
1,2,287465.0899504891,0.812,2.624104,0.39917267948013857
1,2,287470.0901467637,0.812,2.6243522,0.4003002783326538
1,2,287475.0903430383,0.812,2.624753,0.40142787761588544
1,2,287480.0905393129,0.812,2.6250393,0.40255547628577204
1,2,287485.09073558706,0.812,2.6250775,0.4036830766250258
1,2,287490.09093186166,0.812,2.6255739,0.4048106755682692
1,2,287495.09112813626,0.812,2.6257458,0.4059382760917311
1,2,287500.09132441087,0.812,2.626032,0.40706587641417635
1,2,287505.09152068547,0.812,2.6264138,0.40819347379672516
1,2,287510.0917169601,0.812,2.6266239,0.40932106801019763
1,2,287515.0919132348,0.812,2.626662,0.41044866013343784
1,2,287520.0921095095,0.812,2.6271012,0.4115762538560197
1,2,287525.09230578423,0.812,2.6271393,0.41270384742562954
1,2,287530.09250205895,0.812,2.6274638,0.41383144133728067
1,2,287535.09269833367,0.812,2.6278267,0.4149590364300508
1,2,287540.0928946084,0.812,2.6279984,0.41608663534945894
1,2,287545.0930908831,0.812,2.6282847,0.4172142339384455
1,2,287550.0932871578,0.812,2.62859,0.41834183453431045
1,2,287555.09348343255,0.812,2.628972,0.4194694331563544
1,2,287560.09367970726,0.812,2.6291628,0.4205970343471201
1,2,287565.093875982,0.812,2.6292012,0.42172463484866735
1,2,287570.0940722567,0.812,2.62964,0.4228522352084714
1,2,287575.09426853136,0.812,2.6299074,0.423979836123559
1,2,287580.0944648061,0.812,2.6300602,0.4251074381453956
1,2,287585.0946610808,0.812,2.6302702,0.4262350403286548
1,2,287590.09485735546,0.812,2.6307282,0.427362642605831
1,2,287595.0950536302,0.812,2.6309764,0.4284902435518402
1,2,287600.0952499049,0.812,2.6312056,0.42961784345977155
1,2,287605.0954461796,0.812,2.6312437,0.43074544504804396
1,2,287610.0956424546,0.812,2.6317782,0.4318730477690298
1,2,287615.0958387293,0.812,2.6320646,0.43300065319325515
1,2,287620.0960350039,0.812,2.6320646,0.43412825632333746
1,2,287625.0962312785,0.812,2.6325228,0.4352558602041634
1,2,287630.0964275531,0.812,2.632752,0.4363834613249897
1,2,287635.0966238277,0.812,2.6330192,0.43751106402913054
1,2,287640.0968201023,0.812,2.633439,0.4386386638716888
1,2,287645.0970163769,0.812,2.6335156,0.4397662691442303
1,2,287650.0972126515,0.812,2.6339355,0.4408938735492857
1,2,287655.0974089261,0.812,2.6342218,0.442021478423092
1,2,287660.0976052007,0.812,2.6343937,0.44314908135158143
1,2,287665.0978014753,0.812,2.6347754,0.4442766859327322
1,2,287670.09799775016,0.812,2.6348517,0.44540428968235507
1,2,287675.098194025,0.812,2.6351,0.4465318935333423
1,2,287680.0983902998,0.812,2.6354055,0.4476594983284174
1,2,287685.09858657466,0.812,2.6356344,0.4487871055678028
1,2,287690.0987828495,0.812,2.6359973,0.44991471237525
1,2,287695.09897912433,0.812,2.636169,0.4510423185272547
1,2,287700.09917539917,0.812,2.636379,0.45216992524819233
1,2,287705.099371674,0.812,2.636761,0.45329753053994964
1,2,287710.09956794884,0.812,2.6368372,0.4544251380468507
1,2,287715.0997642237,0.812,2.6370473,0.4555527467254499
1,2,287720.0999604985,0.812,2.6373336,0.4566803546496496
1,2,287725.10015677335,0.812,2.63762,0.457807960880902
1,2,287730.1003530482,0.812,2.637849,0.4589355670173829
1,2,287735.100549323,0.812,2.6381545,0.46006317367028515
1,2,287740.10074559785,0.812,2.638269,0.4611907763240204
1,2,287745.1009418727,0.812,2.6388798,0.46231837716696317
1,2,287750.1011381475,0.812,2.6388607,0.4634459836372169
1,2,287755.1013344219,0.812,2.6391852,0.4645735940617785
1,2,287760.10153069673,0.812,2.6394718,0.46570120782174323
1,2,287765.10172697157,0.812,2.6399298,0.4668288203432393
1,2,287770.10192324594,0.812,2.6400063,0.46795643546397475
1,2,287775.1021195203,0.812,2.6403499,0.4690840504852896
1,2,287780.1023157947,0.812,2.64056,0.4702116654874979
1,2,287785.10251206905,0.812,2.6408844,0.4713392810714309
1,2,287790.1027083434,0.812,2.641056,0.4724668957477574
1,2,287795.1029046178,0.812,2.641419,0.4735945092520546
1,2,287800.10310089216,0.812,2.6416097,0.4747221246095066
1,2,287805.1032971665,0.812,2.6419725,0.4758497402863633
1,2,287810.1034934409,0.812,2.642488,0.476977356480128
1,2,287815.10368971527,0.812,2.6427171,0.47810497094861976
1,2,287820.10388598964,0.812,2.642946,0.4792325853073363
1,2,287825.104082264,0.812,2.6432514,0.48036019952867737
1,2,287830.1042785384,0.812,2.6433852,0.48148781316257494
1,2,287835.10447481275,0.812,2.6439006,0.4826154246372644
1,2,287840.1046710871,0.812,2.6438243,0.4837430361762574
1,2,287845.1048673615,0.812,2.6442442,0.48487064749539865
1,2,287850.10506363586,0.812,2.644378,0.4859982586810156
1,2,287855.1052599102,0.812,2.6449506,0.4871258708021373
1,2,287860.1054561846,0.812,2.6450078,0.4882534793967701
1,2,287865.10565245897,0.812,2.6453133,0.48938108727380275
1,2,287870.10584873334,0.812,2.6455996,0.49050869564726257
1,2,287875.1060450077,0.812,2.6457906,0.4916363029568689
1,2,287880.1062412821,0.812,2.6462295,0.4927639093292551
1,2,287885.10643755645,0.812,2.6466115,0.493891515297651
1,2,287890.1066338308,0.812,2.6468787,0.4950191252019303
1,2,287895.1068301052,0.812,2.6472223,0.49614673826785854
1,2,287900.10702637956,0.812,2.6475086,0.49727435227448713
1,2,287905.1072226539,0.812,2.6476996,0.49840196592539854
1,2,287910.1074189283,0.812,2.6481388,0.4995295794210332
1,2,287915.10761520267,0.812,2.6484823,0.5006571942673753
1,2,287920.10781147704,0.812,2.6486924,0.5017848073582779
1,2,287925.1080077514,0.812,2.6491122,0.502912416826079
1,2,287930.1082040258,0.812,2.6493604,0.5040400261889495
1,2,287935.10840030015,0.812,2.6496277,0.5051676364017789
1,2,287940.1085965745,0.812,2.6499903,0.5062952461316119
1,2,287945.1087928489,0.812,2.650124,0.5074228569867675
1,2,287950.10898912326,0.812,2.6503341,0.5085504671875501
1,2,287955.1091853976,0.812,2.650735,0.5096780797551306
1,2,287960.109381672,0.812,2.6513457,0.5108056929036907
1,2,287965.10957794636,0.812,2.6515749,0.511933308856507
1,2,287970.10977422073,0.812,2.651804,0.5130609235538607
1,2,287975.1099704951,0.812,2.652014,0.5141885371797116
1,2,287980.1101667695,0.812,2.6524339,0.5153161505299904
1,2,287985.11036304384,0.812,2.652835,0.5164437608583567
1,2,287990.1105593182,0.812,2.6531212,0.5175713753397363
1,2,287995.1107555926,0.812,2.6536176,0.5186989867528443
1,2,288000.11095186695,0.812,2.653694,0.5198265951090618
1,2,288005.1111481413,0.812,2.654133,0.5209542021978859
1,2,288010.1113444157,0.812,2.654343,0.5220818098570966
1,2,288015.11154069006,0.812,2.6549158,0.523209420909411
1,2,288020.11173696443,0.812,2.6550684,0.5243370326147441
1,2,288025.1119332388,0.812,2.6557367,0.5254646457375186
1,2,288030.1121295132,0.812,2.6559656,0.5265922575823
1,2,288035.11232578754,0.812,2.6562138,0.5277198713539804
1,2,288040.1125220619,0.812,2.6566339,0.528847486556235
1,2,288045.1127183363,0.812,2.6567674,0.5299751022328963
1,2,288050.11291461065,0.812,2.657092,0.5311027157308722
1,2,288055.113110885,0.812,2.657531,0.5322303297109171
1,2,288060.1133071594,0.812,2.6580274,0.5333579456630015
1,2,288065.11350343376,0.812,2.6584284,0.5344855613458651
1,2,288070.11369970813,0.812,2.6584284,0.535613176606804
1,2,288075.1138959825,0.812,2.6588483,0.5367407918461096
1,2,288080.1140922569,0.812,2.658982,0.5378684063662488
1,2,288085.11428853124,0.812,2.65944,0.5389960217224656
1,2,288090.1144848056,0.812,2.6600702,0.5401236348414884
1,2,288095.11468108,0.812,2.6600127,0.5412512490714655
1,2,288100.11487735435,0.812,2.6606047,0.5423788617067733
1,2,288105.1150736287,0.812,2.6609864,0.5435064751707646
1,2,288110.1152699031,0.812,2.6610627,0.5446340904134775
1,2,288115.11546617746,0.812,2.6614256,0.545761705565714
1,2,288120.11566245183,0.812,2.6618645,0.5468893190633918
1,2,288125.1158587262,0.812,2.6623418,0.548016929598073
1,2,288130.1160550006,0.812,2.662609,0.5491445417188404
1,2,288135.11625127494,0.812,2.663258,0.5502721527351702
1,2,288140.1164475493,0.812,2.6635253,0.5513997617520489
1,2,288145.1166438237,0.812,2.66385,0.5525273690837851
1,2,288150.11684009805,0.812,2.6642318,0.5536549768878318
1,2,288155.1170363724,0.812,2.664461,0.5547825839327339
1,2,288160.11723264726,0.812,2.6650336,0.555910186832441
1,2,288165.1174289221,0.812,2.6651864,0.5570377919926177
1,2,288170.11762519693,0.812,2.665511,0.5581653961680992
1,2,288175.11782147177,0.812,2.6658163,0.5592930001876318
1,2,288180.1180177466,0.812,2.6662362,0.5604206057653425
1,2,288185.11821402144,0.812,2.6669426,0.5615482149695189
1,2,288190.1184102963,0.812,2.6671908,0.5626758243166504
1,2,288195.1186065711,0.812,2.6621509,0.5638034310766854
1,2,288200.11880284594,0.812,2.6597264,0.5649310387074813
1,2,288205.1189991208,0.812,2.6589246,0.5660586452149317
1,2,288210.1191953956,0.812,2.6588101,0.5671862505506275
1,2,288215.11939167045,0.812,2.658352,0.5683138568794196
1,2,288220.1195879453,0.812,2.6586764,0.5694414642090995
1,2,288225.11978421966,0.812,2.6586382,0.5705690697912705
1,2,288230.1199804945,0.812,2.6581612,0.5716966729325982
1,2,288235.1201767693,0.812,2.6580846,0.5728242751201688
1,2,288240.12037304416,0.812,2.6581419,0.573951880678945
1,2,288245.120569319,0.812,2.6582756,0.5750794841982622
1,2,288250.12076559383,0.812,2.6585047,0.5762070876210231
1,2,288255.12096186867,0.812,2.6586957,0.5773346951768231
1,2,288260.1211581433,0.812,2.6589055,0.5784623054247232
1,2,288265.1213544179,0.812,2.6588483,0.5795899147033292
1,2,288270.1215506925,0.812,2.6593065,0.5807175227394731
1,2,288275.1217469671,0.812,2.6594782,0.5818451269328029
1,2,288280.1219432417,0.812,2.6595547,0.5829727337087688
1,2,288285.1221395163,0.812,2.659421,0.5841003375601104
1,2,288290.1223357909,0.812,2.659612,0.5852279434499473
1,2,288295.1225320655,0.812,2.6600893,0.5863555498098066
1,2,288300.1227283401,0.812,2.660051,0.5874831606062416
1,2,288305.1229246147,0.812,2.66049,0.5886107723177105
1,2,288310.1231208894,0.812,2.6607192,0.5897383835447494
1,2,288315.12331716414,0.812,2.6612155,0.590865994149923
1,2,288320.12351343886,0.812,2.6612155,0.591993604871243
1,2,288325.1237097136,0.812,2.6616545,0.5931212149522169
1,2,288330.1239059883,0.812,2.661941,0.5942488271662258
1,2,288335.124102263,0.812,2.66217,0.595376439810779
1,2,288340.12429853773,0.812,2.6626472,0.5965040514056513
1,2,288345.12449481245,0.812,2.6629527,0.5976316597983337
1,2,288350.1246910874,0.812,2.6631436,0.5987592681873172
1,2,288355.1248873621,0.812,2.6636019,0.5998868774233655
1,2,288360.12508363684,0.812,2.6637926,0.6010144853168822
1,2,288365.12527991156,0.812,2.6640599,0.6021420933905605
1,2,288370.1254761863,0.812,2.6643462,0.6032697021111545
1,2,288375.12567246094,0.812,2.664709,0.6043973120152881
1,2,288380.12586873566,0.812,2.665129,0.6055249214784865
1,2,288385.1260650103,0.812,2.6654918,0.60665253090321
1,2,288390.12626128504,0.812,2.6657782,0.6077801390209957
1,2,288395.12645755976,0.812,2.6663318,0.6089077483738692
1,2,288400.1266538345,0.812,2.666599,0.6100353577725388
1,2,288405.1268501092,0.812,2.667229,0.6111629667715958
1,2,288410.1270463837,0.812,2.6674962,0.6122905759043724
1,2,288415.1272426583,0.812,2.668317,0.613418184059282
1,2,288420.1274389329,0.812,2.6686416,0.6145457908959354
1,2,288425.1276352075,0.812,2.6692717,0.6156734001328017
1,2,288430.1278314821,0.812,2.6697106,0.6168010084999732
1,2,288435.1280277567,0.812,2.670226,0.617928614995241
1,2,288440.1282240313,0.812,2.670627,0.6190562255553766
1,2,288445.1284203059,0.812,2.6709135,0.6201838355154029
1,2,288450.1286165805,0.812,2.6712952,0.6213114445317683
1,2,288455.1288128551,0.812,2.6718106,0.6224390509924556
1,2,288460.12900912995,0.812,2.6719825,0.6235666576253471
1,2,288465.1292054048,0.812,2.6723833,0.6246942637184789
1,2,288470.1294016796,0.812,2.6728988,0.6258218724933761
1,2,288475.12959795445,0.812,2.6732996,0.6269494827317792
1,2,288480.1297942293,0.812,2.674025,0.6280770917722879
1,2,288485.1299905041,0.812,2.6736052,0.629204703452981
1,2,288490.1301867785,0.812,2.6734142,0.6303323133470812
1,2,288495.1303830533,0.812,2.6737006,0.6314599227081337
1,2,288500.13057932816,0.812,2.6740823,0.6325875317968062
1,2,288505.130775603,0.812,2.6743686,0.6337151427776944
1,2,288510.13097187784,0.812,2.6744833,0.6348427537876167
1,2,288515.1311681527,0.812,2.6751513,0.6359703613657551
1,2,288520.1313644275,0.812,2.675476,0.6370979701445861
1,2,288525.13156070234,0.812,2.6755905,0.6382255805154241
1,2,288530.1317569772,0.812,2.675705,0.6393531900530687
1,2,288535.131953252,0.812,2.6762586,0.6404807998971275
1,2,288540.13214952685,0.812,2.6766977,0.641608411619673
1,2,288545.1323458017,0.812,2.6770413,0.6427360206823048
1,2,288550.1325420765,0.812,2.6774614,0.6438636305892531
1,2,288555.13273835136,0.812,2.677996,0.6449912413550977
1,2,288560.1329346262,0.812,2.6783013,0.6461188513135874
1,2,288565.13313090056,0.812,2.6788359,0.6472464629356328
1,2,288570.13332717493,0.812,2.6794658,0.6483740735813078
1,2,288575.1335234493,0.812,2.6798668,0.6495016839118067
1,2,288580.1337197237,0.812,2.6803248,0.65062929923841
1,2,288585.13391599804,0.812,2.6804967,0.6517569136269057
1,2,288590.1341122724,0.812,2.681184,0.6528845278070765
1,2,288595.1343085468,0.812,2.6813939,0.6540121429817872
1,2,288600.13450482115,0.812,2.6820621,0.6551397585859594
1,2,288605.1347010955,0.812,2.6827493,0.6562673760147291
1,2,288610.1348973699,0.812,2.6832075,0.6573949915545282
1,2,288615.13509364426,0.812,2.6836658,0.6585226029224392
1,2,288620.13528991863,0.812,2.683933,0.6596502158494191
1,2,288625.135486193,0.812,2.6845057,0.6607778296167482
1,2,288630.1356824674,0.812,2.684811,0.6619054434523512
1,2,288635.13587874174,0.812,2.6853266,0.6630330558811885
1,2,288640.1360750161,0.812,2.685632,0.664160668387992
1,2,288645.1362712905,0.812,2.686262,0.6652882810657715
1,2,288650.13646756485,0.812,2.6868155,0.6664158920924759
1,2,288655.1366638392,0.812,2.6872737,0.6675435028105837
1,2,288660.1368601136,0.812,2.6876364,0.6686711132095948
1,2,288665.13705638796,0.812,2.6880183,0.6697987238462
1,2,288670.13725266233,0.812,2.688572,0.6709263315719659
1,2,288675.1374489367,0.812,2.68924,0.6720539390646147
1,2,288680.13764521107,0.812,2.689622,0.6731815479439326
1,2,288685.13784148544,0.812,2.6899273,0.6743091585721203
1,2,288690.1380377598,0.812,2.6903665,0.6754367721130577
1,2,288695.1382340342,0.812,2.6906145,0.6765643814133566
1,2,288700.13843030855,0.812,2.690672,0.6776919916769725
1,2,288705.1386265829,0.812,2.6907864,0.6788196038683847
1,2,288710.1388228573,0.812,2.6909964,0.6799472161256136
1,2,288715.13901913166,0.812,2.6915882,0.6810748310287557
1,2,288720.13921540603,0.812,2.6918364,0.6822024437194031
1,2,288725.1394116804,0.812,2.6920083,0.6833300561572407
1,2,288730.13960795477,0.812,2.692581,0.6844576696532695
1,2,288735.13980422914,0.812,2.6932108,0.6855852811783051
1,2,288740.1400005035,0.812,2.6938026,0.6867128911463978
1,2,288745.1401967779,0.812,2.6942036,0.6878405028255444
1,2,288750.14039305225,0.812,2.694509,0.688968115628785
1,2,288755.1405893266,0.812,2.695139,0.6900957271783711
1,2,288760.140785601,0.812,2.695578,0.6912233357933423
1,2,288765.14098187536,0.812,2.6959789,0.6923509431129523
1,2,288770.14117814973,0.812,2.6965134,0.6934785495734971
1,2,288775.1413744241,0.812,2.696838,0.6946061588187974
1,2,288780.14157069847,0.812,2.69743,0.6957337705618171
1,2,288785.14176697284,0.812,2.6980598,0.6968613803980445
1,2,288790.1419632472,0.812,2.6985562,0.6979889912262189
1,2,288795.1421595216,0.812,2.698957,0.6991166009162162
1,2,288800.14235579595,0.812,2.6994915,0.7002442141427557
1,2,288805.1425520703,0.812,2.699988,0.7013718241171665
1,2,288810.1427483447,0.812,2.7006369,0.7024994348371221
1,2,288815.14294461906,0.812,2.701267,0.7036270466614326
1,2,288820.14314089343,0.812,2.7017825,0.7047546572791596
1,2,288825.1433371678,0.812,2.7026033,0.705882266692651
1,2,288830.14353344217,0.812,2.702966,0.707009876133875
1,2,288835.14372971654,0.812,2.7034814,0.7081374865188658
1,2,288840.1439259909,0.812,2.7041304,0.7092650963988661
1,2,288845.1441222653,0.812,2.704665,0.7103927053657465
1,2,288850.14431853965,0.812,2.705276,0.7115203128737171
1,2,288855.144514814,0.812,2.7058678,0.7126479221371074
1,2,288860.1447110884,0.812,2.7066123,0.7137755314283595
1,2,288865.14490736276,0.812,2.7071466,0.7149031399836632
1,2,288870.1451036371,0.812,2.7077959,0.7160307467114818
1,2,288875.1452999115,0.812,2.7084258,0.7171583561157974
1,2,288880.14549618587,0.812,2.7089794,0.7182859655797473
1,2,288885.14569246024,0.812,2.709724,0.7194135736048379
1,2,288890.1458887346,0.812,2.7102394,0.7205411802239907
1,2,288895.146085009,0.812,2.7111366,0.721668790150582
1,2,288900.14628128335,0.812,2.7116902,0.7227963992511756
1,2,288905.1464775577,0.812,2.712511,0.7239240076605075
1,2,288910.1466738321,0.812,2.7132175,0.7250516170802176
1,2,288915.14687010646,0.812,2.7140384,0.7261792264376474
1,2,288920.1470663808,0.812,2.714592,0.7273068370559639
1,2,288925.1472626552,0.812,2.715432,0.7284344455791042
1,2,288930.14745892957,0.812,2.7160618,0.729562052123983
1,2,288935.14765520394,0.812,2.716692,0.7306896621091789
1,2,288940.1478514783,0.812,2.7173028,0.7318172707241071
1,2,288945.1480477527,0.812,2.718219,0.7329448797060774
1,2,288950.14824402705,0.812,2.7189827,0.7340724891330096
1,2,288955.1484403019,0.812,2.7196891,0.7352001004047519
1,2,288960.14863657625,0.812,2.720338,0.7363277097181273
1,2,288965.1488328511,0.812,2.718582,0.7374553185980081
1,2,288970.1490291259,0.812,2.71841,0.7385829279869357
1,2,288975.14922540076,0.812,2.7184672,0.7397105378519355
1,2,288980.1494216756,0.812,2.7185628,0.7408381477507014
1,2,288985.14961795043,0.812,2.7186582,0.7419657607542931
1,2,288990.14981422527,0.812,2.7191355,0.7430933732644676
1,2,288995.1500105001,0.812,2.7197082,0.7442209872267834
1,2,289000.15020677494,0.812,2.7199564,0.7453486025380716
1,2,289005.1504030498,0.812,2.7207391,0.7464762163374317
1,2,289010.1505993246,0.812,2.7209108,0.7476038309488487
1,2,289015.15079559945,0.812,2.7215219,0.7487314475204441
1,2,289020.1509918743,0.812,2.7222471,0.7498590621520738
1,2,289025.1511881491,0.812,2.7228963,0.75098667576406
1,2,289030.15138442395,0.812,2.7236216,0.7521142910377376
1,2,289035.1515806988,0.812,2.7241561,0.7532419049643437
1,2,289040.1517769736,0.812,2.7247863,0.7543695155873127
1,2,289045.15197324846,0.812,2.725168,0.7554971268722309
1,2,289050.1521695233,0.812,2.7259316,0.7566247401096416
1,2,289055.1523657979,0.812,2.7266188,0.7577523531196574
1,2,289060.1525620725,0.812,2.727058,0.7588799643161952
1,2,289065.1527583471,0.812,2.7274015,0.7600075755948318
1,2,289070.1529546217,0.812,2.728299,0.7611351846011506
1,2,289075.1531508963,0.812,2.729177,0.7622627931568682
1,2,289080.1533471709,0.812,2.730036,0.7633904030997183
1,2,289085.15354344575,0.812,2.7307234,0.7645180119610621
1,2,289090.15373972035,0.812,2.731754,0.7656456234336158
1,2,289095.15393599495,0.812,2.7326324,0.7667732345124609
1,2,289100.15413226956,0.812,2.7335868,0.7679008461377648
1,2,289105.1543285443,0.812,2.7342932,0.7690284591228526
1,2,289110.154524819,0.812,2.735076,0.7701560681011372
1,2,289115.1547210937,0.812,2.7358587,0.7712836775002043
1,2,289120.15491736843,0.812,2.7363932,0.7724112885191733
1,2,289125.15511364315,0.812,2.7368512,0.773538898426009
1,2,289130.1553099179,0.812,2.7376912,0.7746665089500309
1,2,289135.1555061926,0.812,2.7382066,0.7757941181798472
1,2,289140.1557024673,0.812,2.7389703,0.776921725452651
1,2,289145.155898742,0.812,2.7392566,0.7780493333835464
1,2,289150.15609501663,0.812,2.7396002,0.7791769412065077
1,2,289155.15629129135,0.812,2.7333195,0.7803045484179221
1,2,289160.156487566,0.812,2.7311623,0.781432154288159
1,2,289165.15668384073,0.812,2.7384167,0.7825597586371994
1,2,289170.15688011545,0.812,2.7406693,0.7836873624065249
1,2,289175.15707639017,0.812,2.7426739,0.7848149647707836
1,2,289180.15727266483,0.812,2.7438955,0.7859425669397211
1,2,289185.15746893955,0.812,2.7445447,0.7870701686937938
1,2,289190.15766521427,0.812,2.737214,0.788197770759559
1,2,289195.157861489,0.812,2.7315824,0.7893253724543647
1,2,289200.1580577637,0.812,2.7282605,0.7904529757709698
1,2,289205.1582540383,0.812,2.7254162,0.7915805776639014
1,2,289210.1584503129,0.812,2.7227817,0.7927081822828052
1,2,289215.1586465875,0.812,2.7203763,0.7938357892479695
1,2,289220.1588428621,0.812,2.7191164,0.7949633928550512
1,2,289225.1590391367,0.812,2.7186964,0.7960909959026142
1,2,289230.15923541086,0.812,2.7183528,0.7972185963738029
1,2,289235.15943168546,0.812,2.7184672,0.7983461974260573
1,2,289240.15962796006,0.812,2.7190783,0.7994737982768679
1,2,289245.15982423467,0.812,2.7188873,0.8006013963618773
1,2,289250.16002050927,0.812,2.7159092,0.8017289969205258
1,2,289255.1602167841,0.812,2.714401,0.802856598330365
1,2,289260.16041305894,0.812,2.7138855,0.8039842020592919
1,2,289265.1606093338,0.812,2.713351,0.8051118046517436
1,2,289270.1608056086,0.812,2.709724,0.8062394064246116
1,2,289275.16100188345,0.812,2.7067268,0.8073670097876189
1,2,289280.1611981583,0.812,2.7043977,0.808494610848165
1,2,289285.1613944331,0.812,2.703386,0.8096222117997273
1,2,289290.16159070795,0.812,2.7021642,0.8107498106947869
1,2,289295.1617869828,0.812,2.7022789,0.8118774064922363
1,2,289300.1619832576,0.812,2.702107,0.8130050052021507
1,2,289305.16217953246,0.812,2.7025077,0.8141326067938205
1,2,289310.1623758073,0.812,2.702985,0.815260205149521
1,2,289315.16257208213,0.812,2.7033095,0.8163878034031983
1,2,289320.16276835697,0.812,2.703157,0.8175154010612762
1,2,289325.1629646318,0.812,2.7025268,0.8186430017022652
1,2,289330.16316090664,0.812,2.7024314,0.8197706059380335
1,2,289335.1633571815,0.812,2.7025652,0.820898210273643
1,2,289340.1635534563,0.812,2.7026606,0.8220258123499747
1,2,289345.16374973115,0.812,2.7024887,0.8231534163602255
1,2,289350.163946006,0.812,2.7032142,0.8242810203624794
1,2,289355.1641422808,0.812,2.704016,0.8254086227975517
1,2,289360.1643385552,0.812,2.7044168,0.8265362279486188
1,2,289365.16453482956,0.812,2.705276,0.8276638345659867
1,2,289370.1647311039,0.812,2.7056005,0.8287914392915827
1,2,289375.1649273783,0.812,2.7061732,0.8299190427240096
1,2,289380.16512365267,0.812,2.7087693,0.8310466463837719
1,2,289385.16531992704,0.812,2.709762,0.8321742506020098
1,2,289390.1655162014,0.812,2.710984,0.8333018520023653
1,2,289395.1657124758,0.812,2.7120721,0.8344294546383615
1,2,289400.16590875015,0.812,2.7131793,0.8355570569912257
1,2,289405.1661050245,0.812,2.7138283,0.8366846584286554
1,2,289410.1663012989,0.812,2.7144582,0.837812259220762
1,2,289415.16649757326,0.812,2.7150502,0.8389398618782622
1,2,289420.1666938476,0.812,2.7160428,0.8400674648140996
1,2,289425.166890122,0.812,2.71652,0.8411950652948349
1,2,289430.16708639637,0.812,2.7174363,0.8423226663317974
1,2,289435.16728267074,0.812,2.7180092,0.8434502682923041
1,2,289440.1674789451,0.812,2.7188873,0.8445778708650531
1,2,289445.1676752195,0.812,2.7197273,0.8457054717513649
1,2,289450.16787149385,0.812,2.7207582,0.8468330741271041
1,2,289455.1680677682,0.812,2.72156,0.8479606799143978
1,2,289460.1682640426,0.812,2.7223237,0.8490882827327809
1,2,289465.16846031696,0.812,2.725798,0.8502158854305806
1,2,289470.1686565913,0.812,2.7276688,0.8513434871983524
1,2,289475.1688528657,0.812,2.7314105,0.8524710925330946
1,2,289480.16904914007,0.812,2.7347322,0.8535987010948356
1,2,289485.16924541444,0.812,2.737214,0.8547263096042635
1,2,289490.1694416888,0.812,2.7390847,0.8558539172908826
1,2,289495.1696379632,0.812,2.7409747,0.8569815232281947
1,2,289500.16983423755,0.812,2.7420628,0.8581091274700559
1,2,289505.1700305119,0.812,2.7432847,0.8592367333530714
1,2,289510.1702267863,0.812,2.7446592,0.8603643373973034
1,2,289515.17042306066,0.812,2.7462628,0.8614919384690917
1,2,289520.170619335,0.812,2.7474844,0.8626195465386771
1,2,289525.1708156094,0.812,2.7474844,0.8637471544936627
1,2,289530.17101188377,0.812,2.7459192,0.8648747626033124
1,2,289535.17120815814,0.812,2.7459574,0.8660023699169951
1,2,289540.1714044325,0.812,2.7460337,0.8671299757991232
1,2,289545.1716007069,0.812,2.7459764,0.8682575803367162
1,2,289550.17179698125,0.812,2.741261,0.8693851868835321
1,2,289555.1719932556,0.812,2.7401922,0.8705127944905656
1,2,289560.17218953,0.812,2.7396002,0.8716404004912572
1,2,289565.17238580436,0.812,2.7390275,0.8727680076634351
1,2,289570.1725820787,0.812,2.738722,0.8738956149910653
1,2,289575.1727783531,0.812,2.7387984,0.875023223061962
1,2,289580.17297462747,0.812,2.7391803,0.876150828346431
1,2,289585.17317090183,0.812,2.739543,0.8772784320476847
1,2,289590.1733671762,0.812,2.7400012,0.8784060372291403
1,2,289595.1735634506,0.812,2.7406693,0.8795336426617965
1,2,289600.17375972494,0.812,2.741662,0.8806612453066771
1,2,289605.1739559993,0.812,2.7421584,0.8817888504392205
1,2,289610.1741522737,0.812,2.7432084,0.8829164517676431
1,2,289615.17434854805,0.812,2.7439337,0.8840440534305869
1,2,289620.1745448224,0.812,2.74464,0.8851716567887596
1,2,289625.1747410968,0.812,2.7455182,0.8862992621675397
1,2,289630.17493737116,0.812,2.7470264,0.8874268679983217
1,2,289635.17513364553,0.812,2.7478855,0.8885544738999074
1,2,289640.1753299199,0.812,2.7488592,0.889682082238535
1,2,289645.1755261943,0.812,2.7499473,0.8908096898652148
1,2,289650.17572246864,0.812,2.7508063,0.8919372939260667
1,2,289655.175918743,0.812,2.7519898,0.8930649000710281
1,2,289660.1761150174,0.812,2.7530398,0.8941925063347717
1,2,289665.17631129175,0.812,2.7540708,0.8953201158390972
1,2,289670.1765075661,0.812,2.7549107,0.896447728591154
1,2,289675.1767038405,0.812,2.7560942,0.8975753425434762
1,2,289680.17690011486,0.812,2.7567053,0.8987029576606287
1,2,289685.17709638923,0.812,2.757965,0.8998305704878502
1,2,289690.1772926636,0.812,2.7590532,0.9009581825800074
1,2,289695.177488938,0.812,2.7600079,0.9020857915813724
1,2,289700.17768521234,0.812,2.7611914,0.9032134001476797
1,2,289705.1778814867,0.812,2.7624705,0.9043410085805588
1,2,289710.1780777611,0.812,2.7636921,0.9054686179267697
1,2,289715.17827403545,0.812,2.764513,0.9065962266214886
1,2,289720.1784703098,0.812,2.765735,0.9077238371595409
1,2,289725.1786665842,0.812,2.7669184,0.9088514502265254
1,2,289730.17886285856,0.812,2.7681022,0.9099790634731881
1,2,289735.17905913293,0.812,2.7694192,0.9111066727535293
1,2,289740.1792554073,0.812,2.7709465,0.9122342816639972
1,2,289745.1794516817,0.812,2.7724357,0.9133618900844321
1,2,289750.17964795604,0.812,2.7737336,0.914489500307795
1,2,289755.1798442309,0.812,2.774841,0.9156171086083318
1,2,289760.1800405057,0.812,2.7761965,0.916744715890871
1,2,289765.18023678055,0.812,2.7773037,0.9178723226268523
1,2,289770.1804330554,0.812,2.7786973,0.9189999273012511
1,2,289775.1806293302,0.812,2.7796135,0.920127531493667
1,2,289780.18082560506,0.812,2.7808163,0.9212551338176925
1,2,289785.1810218799,0.812,2.7821527,0.9223827407224641
1,2,289790.1812181547,0.812,2.7832024,0.9235103459217878
1,2,289795.18141442956,0.812,2.7845962,0.9246379523093633
1,2,289800.1816107044,0.812,2.7853024,0.9257655579443804
1,2,289805.18180697924,0.812,2.7869442,0.9268931614969106
1,2,289810.18200325407,0.812,2.7882614,0.9280207654514742
1,2,289815.1821995289,0.812,2.7893114,0.929148370573898
1,2,289820.18239580374,0.812,2.7906096,0.9302759731760123
1,2,289825.1825920786,0.812,2.792595,0.9314035788989727
1,2,289830.1827883534,0.812,2.7936258,0.9325311866500375
1,2,289835.18298462825,0.812,2.7946377,0.933658794292516
1,2,289840.1831809031,0.812,2.7958975,0.9347864010071587
1,2,289845.1833771779,0.812,2.797463,0.9359140084021917
1,2,289850.18357345276,0.812,2.798742,0.9370416142846079
1,2,289855.18376972736,0.812,2.802522,0.9381692233751182
1,2,289860.18396600196,0.812,2.8074281,0.9392968323009707
1,2,289865.18416227656,0.812,2.810177,0.9404244402044678
1,2,289870.18435855117,0.812,2.8132696,0.9415520468044577
1,2,289875.18455482577,0.812,2.8157132,0.9426796559405557
1,2,289880.1847511004,0.812,2.8178704,0.9438072627265485
1,2,289885.184947375,0.812,2.8199131,0.9449348676250675
1,2,289890.1851436496,0.812,2.8221467,0.9460624742682178
1,2,289895.1853399242,0.812,2.8241704,0.9471900827921926
1,2,289900.1855361988,0.812,2.8260603,0.9483176912482877
1,2,289905.1857324735,0.812,2.8275874,0.9494452983546885
1,2,289910.1859287482,0.812,2.8296492,0.9505729031576446
1,2,289915.18612502294,0.812,2.83152,0.9517005056898493
1,2,289920.18632129766,0.812,2.8333719,0.9528281077338986
1,2,289925.1865175724,0.812,2.8350708,0.9539557096284395
1,2,289930.1867138471,0.812,2.8369226,0.9550833111510573
1,2,289935.1869101218,0.812,2.838469,0.956210910883092
1,2,289940.18710639654,0.812,2.8402252,0.9573385137287608
1,2,289945.18730267126,0.812,2.8422487,0.9584661144891776
1,2,289950.187498946,0.812,2.8442152,0.9595937163179183
1,2,289955.18769522064,0.812,2.846544,0.9607213164171475
1,2,289960.18789149536,0.812,2.8483958,0.961848916524867
1,2,289965.1880877701,0.812,2.8500185,0.9629765184158913
1,2,289970.1882840443,0.812,2.8510494,0.964104121882869
1,2,289975.188480319,0.812,2.8524048,0.965231724320693
1,2,289980.1886765937,0.812,2.8536074,0.9663593274291322
1,2,289985.1888728684,0.812,2.8556693,0.9674869287950562
1,2,289990.18906914315,0.812,2.8537412,0.9686145312255322
1,2,289995.18926541787,0.812,2.8535502,0.9697421327910257
1,2,290000.18946169247,0.812,2.8537602,0.9708697363164789
1,2,290005.1896579671,0.812,2.8544858,0.9719973396712409
1,2,290010.1898542417,0.812,2.8552876,0.9731249425807595
1,2,290015.1900505165,0.812,2.8553638,0.9742525482573443
1,2,290020.1902467911,0.812,2.8556883,0.9753801534435319
1,2,290025.1904430657,0.812,2.8569102,0.9765077570304672
1,2,290030.1906393403,0.812,2.8579984,0.97763536254453
1,2,290035.1908356149,0.812,2.8578265,0.978762967375358
1,2,290040.1910318895,0.812,2.858342,0.97989057105626
1,2,290045.1912281641,0.812,2.8593538,0.9810181747896936
1,2,290050.19142443873,0.812,2.8600028,0.9821457756427129
1,2,290055.19162071357,0.812,2.8612628,0.9832733780495126
1,2,290060.1918169884,0.812,2.8625035,0.9844009818182223
1,2,290065.19201326324,0.812,2.86405,0.9855285861758921
1,2,290070.1922095381,0.812,2.8639164,0.9866561925829385
1,2,290075.1924058129,0.812,2.864241,0.9877838000130554
1,2,290080.19260208774,0.812,2.8652143,0.9889114087102745
1,2,290085.1927983626,0.812,2.8664935,0.9900390171935691
1,2,290090.1929946374,0.812,2.867429,0.9911666225385667
1,2,290095.19319091225,0.812,2.8688226,0.9922942262377143
1,2,290100.1933871871,0.812,2.870006,0.9934218331377209
1,2,290105.1935834619,0.812,2.8712087,0.9945494418353572
1,2,290110.19377973676,0.812,2.8723924,0.9956770505909126
1,2,290115.1939760116,0.812,2.8736522,0.9968046543820204
1,2,290120.1941722864,0.812,2.8735187,0.9979322535312608
1,2,290125.19436856126,0.812,2.874626,0.999059847875274
1,2,290130.1945648361,0.812,2.8756187,1.0001874398629236
1,2,290135.19476111094,0.812,2.876535,1.0013150325562292
1,2,290140.1949573858,0.812,2.8773367,1.002442626017819
1,2,290145.1951536606,0.812,2.878673,1.003570217607836
1,2,290150.19534993544,0.812,2.8802576,1.0046978093315133
1,2,290155.1955462098,0.812,2.8817084,1.0058254000237057
1,2,290160.1957424842,0.812,2.8830256,1.0069529912587905
1,2,290165.19593875855,0.812,2.882663,1.0080805847128633
1,2,290170.1961350329,0.812,2.8834267,1.0092081777162356
1,2,290175.1963313073,0.812,2.8840756,1.0103357707962197
1,2,290180.19652758166,0.812,2.884534,1.0114633692201047
1,2,290185.19672385603,0.812,2.8870728,1.0125909764792127
1,2,290190.1969201304,0.812,2.8892872,1.01371857990303
1,2,290195.1971164048,0.812,2.891158,1.014846183667799
1,2,290200.19731267914,0.812,2.8931818,1.0159737876107728
1,2,290205.1975089535,0.812,2.895148,1.0171013915252258
1,2,290210.1977052279,0.812,2.896828,1.0182289975526668
1,2,290215.19790150225,0.812,2.8987179,1.019356604343289
1,2,290220.1980977766,0.812,2.900646,1.020484205211832
1,2,290225.198294051,0.812,2.902536,1.021611809864409
1,2,290230.19849032536,0.812,2.904464,1.02273941239964
1,2,290235.19868659973,0.812,2.9066021,1.023867013908284
1,2,290240.1988828741,0.812,2.908301,1.0249946147253914
1,2,290245.1990791485,0.812,2.9100003,1.0261222150823146
1,2,290250.19927542284,0.812,2.9116611,1.0272498156375391
1,2,290255.1994716972,0.812,2.9136846,1.0283774209276442
1,2,290260.1996679716,0.812,2.9155364,1.0295050261678302
1,2,290265.19986424595,0.812,2.9171782,1.0306326313947642
1,2,290270.2000605203,0.812,2.9191253,1.0317602384308482
1,2,290275.2002567947,0.812,2.9216454,1.0328878461187685
1,2,290280.20045306906,0.812,2.9233825,1.0340154542270936
1,2,290285.20064934343,0.812,2.9253488,1.0351430630345118
1,2,290290.2008456178,0.812,2.9274487,1.0362706687112655
1,2,290295.2010418922,0.812,2.9290333,1.0373982711207805
1,2,290300.20123816654,0.812,2.9312286,1.0385258752199913
1,2,290305.2014344409,0.812,2.9333096,1.0396534772258539
1,2,290310.2016307153,0.812,2.9355812,1.0407810793522172
1,2,290315.20182698965,0.812,2.9374712,1.0419086827110753
1,2,290320.202023264,0.812,2.938655,1.0430362871138525
1,2,290325.2022195384,0.812,2.9401438,1.0441638884595472
1,2,290330.20241581276,0.812,2.9418619,1.0452914904995632
1,2,290335.20261208713,0.812,2.9435036,1.0464190923415129
1,2,290340.2028083615,0.812,2.945222,1.0475466922206287
1,2,290345.20300463587,0.812,2.9458709,1.0486742954605888
1,2,290350.20320091024,0.812,2.9461954,1.0498018999146292
1,2,290355.2033971846,0.812,2.9476082,1.0509295036994288
1,2,290360.203593459,0.812,2.9487536,1.0520571083160675
1,2,290365.20378973335,0.812,2.9503572,1.05318471329445
1,2,290370.2039860077,0.812,2.9517317,1.0543123208704361
1,2,290375.2041822821,0.812,2.9532971,1.0554399303257302
1,2,290380.20437855646,0.812,2.9547288,1.0565675374838315
1,2,290385.20457483083,0.812,2.9563706,1.057695142988808
1,2,290390.2047711052,0.812,2.9576116,1.0588227467916347
1,2,290395.20496737957,0.812,2.9597113,1.059950350450165
1,2,290400.20516365394,0.812,2.957936,1.061077954644293
1,2,290405.2053599283,0.812,2.9582033,1.0622055576871572
1,2,290410.2055562027,0.812,2.9591196,1.063333158972105
1,2,290415.20575247705,0.812,2.9600167,1.064460759999461
1,2,290420.2059487514,0.812,2.9595587,1.0655883607285623
1,2,290425.2061450258,0.812,2.9582224,1.06671596372365
1,2,290430.20634130016,0.812,2.9618113,1.0678435634602579
1,2,290435.20653757453,0.812,2.9626894,1.068971164463451
1,2,290440.2067338489,0.812,2.9651904,1.0700987643179831
1,2,290445.20693012327,0.812,2.966794,1.0712263659846455
1,2,290450.20712639764,0.812,2.9688747,1.0723539655636718
1,2,290455.207322672,0.812,2.970593,1.0734815648675928
1,2,290460.2075189464,0.812,2.9721963,1.0746091655373842
1,2,290465.20771522075,0.812,2.9736855,1.0757367679359486
1,2,290470.2079114951,0.812,2.9753082,1.0768643672943847
1,2,290475.2081077695,0.812,2.9756517,1.0779919672575564
1,2,290480.20830404386,0.812,2.9766064,1.0791195687652566
1,2,290485.20850031823,0.812,2.977828,1.0802471739244863
1,2,290490.2086965926,0.812,2.9793744,1.0813747790966965
1,2,290495.20889286697,0.812,2.9810543,1.0825023815590975
1,2,290500.20908914134,0.812,2.9825244,1.0836299850395326
1,2,290505.2092854157,0.812,2.9843569,1.0847575900777913
1,2,290510.2094816901,0.812,2.9863043,1.0858851972611319
1,2,290515.20967796445,0.812,2.988175,1.087012806175633
1,2,290520.2098742388,0.812,2.9901414,1.0881404158171188
1,2,290525.2100705132,0.812,2.9920313,1.0892680270470254
1,2,290530.21026678756,0.812,2.9935203,1.090395637396558
1,2,290535.2104630619,0.812,2.9950476,1.0915232433938786
1,2,290540.2106593363,0.812,2.9971285,1.0926508518628946
1,2,290545.21085561067,0.812,2.9984074,1.0937784606908498
1,2,290548.3584532738,0.812,3.0000682,1.0944882846511177
1,2,290548.35865327343,0.812,2.9999728,1.0944883297508066
2,1,290548.35945327394,-0.812,2.8919208,-8.92136295636495e-08
2,1,290553.3596495483,-0.812,2.5813036,-0.0011280228072901568
2,1,290558.3598458227,-0.812,2.4449034,-0.0022559548202289474
2,1,290563.36004209705,-0.812,2.345042,-0.0033838834512796663
2,1,290568.3602383714,-0.812,2.2654164,-0.004511810987565252
2,1,290573.3604346458,-0.812,2.2017312,-0.005639739152087105
2,1,290578.36063092016,-0.812,2.1517336,-0.0067676663621531585
2,1,290583.3608271945,-0.812,2.1151948,-0.007895593681686453
2,1,290588.3610234689,-0.812,2.090931,-0.009023522568037111
2,1,290593.36121974327,-0.812,2.077606,-0.010151450259983538
2,1,290598.36141601764,-0.812,2.060692,-0.011279379011409149
2,1,290603.361612292,-0.812,2.0436826,-0.012407307296398612
2,1,290608.3618085664,-0.812,2.0263295,-0.013535235268625948
2,1,290613.36200484075,-0.812,2.0085945,-0.014663163921879397
2,1,290618.3622011151,-0.812,1.9903824,-0.0157910940465894
2,1,290623.3623973895,-0.812,1.9717503,-0.016919024081163934
2,1,290628.36259366386,-0.812,1.9527364,-0.018046952112320394
2,1,290633.3627899382,-0.812,1.9319279,-0.019174882604718207
2,1,290638.3629862126,-0.812,1.9107186,-0.020302817288961675
2,1,290643.36318248697,-0.812,1.8874665,-0.021430751047872836
2,1,290648.36337876134,-0.812,1.8633555,-0.02255868847114179
2,1,290653.3635750357,-0.812,1.8384045,-0.023686626872072618
2,1,290658.3637713101,-0.812,1.8125753,-0.024814563034779497
2,1,290663.36396758445,-0.812,1.793676,-0.025942499127050243
2,1,290668.3641638588,-0.812,1.7699658,-0.02707043749697341
2,1,290673.3643601332,-0.812,1.7459121,-0.028198372399657966
2,1,290678.36455640756,-0.812,1.7315371,-0.029326306158492965
2,1,290683.3647526819,-0.812,1.712084,-0.030454240765833196
2,1,290688.3649489563,-0.812,1.6927837,-0.03158217221625977
2,1,290693.36514523067,-0.812,1.6764233,-0.032710104336172344
2,1,290698.36534150504,-0.812,1.6607312,-0.03383803749058313
2,1,290703.3655377794,-0.812,1.6468143,-0.03496597045381202
2,1,290708.3657340538,-0.812,1.6347874,-0.03609390404224065
2,1,290713.36593032815,-0.812,1.6251469,-0.03722183589878679
2,1,290718.3661266025,-0.812,1.6167853,-0.03834976735978326
2,1,290723.3663228769,-0.812,1.6100273,-0.039477699293216074
2,1,290728.36651915126,-0.812,1.6046629,-0.04060563002036678
2,1,290733.3667154256,-0.812,1.6000049,-0.04173355802086327
2,1,290738.3669117,-0.812,1.596015,-0.04286148436799315
2,1,290743.36710797437,-0.812,1.5931324,-0.04398941554488077
2,1,290748.3673042492,-0.812,1.5906698,-0.045117348043504694
2,1,290753.36750052404,-0.812,1.5888562,-0.04624528267143502
2,1,290758.3676967989,-0.812,1.5872335,-0.0473732187549505
2,1,290763.3678930737,-0.812,1.5859354,-0.04850115590090222
2,1,290768.36808934854,-0.812,1.5847708,-0.04962909283932712
2,1,290773.3682856234,-0.812,1.5839118,-0.05075702680493725
2,1,290778.3684818982,-0.812,1.5832436,-0.05188495917372571
2,1,290783.36867817305,-0.812,1.5828618,-0.05301289141408933
2,1,290788.3688744479,-0.812,1.5824609,-0.054140824625121216
2,1,290793.3690707227,-0.812,1.5821173,-0.05526875718021723
2,1,290798.36926699756,-0.812,1.5819263,-0.056396689207308816
2,1,290803.3694632724,-0.812,1.5816973,-0.057524621010902846
2,1,290808.3696595472,-0.812,1.5819455,-0.058652551650275775
2,1,290813.36985582206,-0.812,1.58206,-0.059780483752505637
2,1,290818.3700520969,-0.812,1.5820982,-0.060908415809747235
2,1,290823.37024837174,-0.812,1.58227,-0.06203634701841738
2,1,290828.37044464657,-0.812,1.5827472,-0.06316427843059433
2,1,290833.3706409214,-0.812,1.5829763,-0.0642922091732588
2,1,290838.37083719624,-0.812,1.5830718,-0.06542013920702205
2,1,290843.3710334711,-0.812,1.5832627,-0.06654807110703985
2,1,290848.3712297457,-0.812,1.5833772,-0.06767600383020772
2,1,290853.3714260203,-0.812,1.5836064,-0.06880393876323435
2,1,290858.3716222949,-0.812,1.5837209,-0.06993187327381968
2,1,290863.3718185695,-0.812,1.5837781,-0.0710598075024585
2,1,290868.3720148441,-0.812,1.5842363,-0.072187742643757
2,1,290873.3722111187,-0.812,1.5844082,-0.07331567220520974
2,1,290878.3724073933,-0.812,1.5844845,-0.0744436012170083
2,1,290883.3726036679,-0.812,1.584599,-0.0755715303461982
2,1,290888.3727999425,-0.812,1.5848281,-0.07669945836716889
2,1,290893.3729962171,-0.812,1.5851145,-0.07782738506493302
2,1,290898.3731924918,-0.812,1.5853053,-0.0789553092297183
2,1,290903.37338876654,-0.812,1.585439,-0.08008323448292413
2,1,290908.3735850408,-0.812,1.5854772,-0.08121116345081064
2,1,290913.3737813155,-0.812,1.5856109,-0.08233909067930778
2,1,290918.37397759024,-0.812,1.5858972,-0.08346701648281349
2,1,290923.37417386496,-0.812,1.5862026,-0.08459494034761852
2,1,290928.3743701397,-0.812,1.5863172,-0.08572286622078551
2,1,290933.3745664144,-0.812,1.5866798,-0.08685079551523593
2,1,290938.3747626891,-0.812,1.5867181,-0.08797872479882837
2,1,290943.37495896383,-0.812,1.5869089,-0.08910665513460836
2,1,290948.37515523855,-0.812,1.5871953,-0.0902345858579245
2,1,290953.37535151327,-0.812,1.5872717,-0.09136251758874127
2,1,290958.37554778793,-0.812,1.5876153,-0.09249044843450191
2,1,290963.37574406265,-0.812,1.5875962,-0.09361838122103613
2,1,290968.37594033737,-0.812,1.5877107,-0.09474631252389817
2,1,290973.37613661203,-0.812,1.5880353,-0.09587424327146347
2,1,290978.37633288675,-0.812,1.5882643,-0.09700217231157755
2,1,290983.37652916147,-0.812,1.5883408,-0.09813010240990919
2,1,290988.3767254362,-0.812,1.5884935,-0.0992580308952133
2,1,290993.3769217109,-0.812,1.5886652,-0.10038595895318524
2,1,290998.3771179856,-0.812,1.5887607,-0.10151388882246616
2,1,291003.37731426023,-0.812,1.5890852,-0.1026418174052305
2,1,291008.37751053483,-0.812,1.5893334,-0.10376974612635709
2,1,291013.37770680944,-0.812,1.5892571,-0.10489767713857363
2,1,291018.37790308404,-0.812,1.5895244,-0.10602560926522815
2,1,291023.37809935864,-0.812,1.5896198,-0.10715354189369748
2,1,291028.37829563324,-0.812,1.5898489,-0.1082814737869667
2,1,291033.3784919081,-0.812,1.5898298,-0.10940940311451756
2,1,291038.3786881827,-0.812,1.5902307,-0.11053733130337798
2,1,291043.3788844573,-0.812,1.5902879,-0.11166525964110431
2,1,291048.3790807319,-0.812,1.5905743,-0.11279318907816878
2,1,291053.3792770067,-0.812,1.5905743,-0.11392112122175764
2,1,291058.37947328156,-0.812,1.5904406,-0.11504905400057307
2,1,291063.3796695564,-0.812,1.590727,-0.11617698720949561
2,1,291068.37986583123,-0.812,1.5907652,-0.11730492020792767
2,1,291073.38006210607,-0.812,1.5909942,-0.11843285193969479
2,1,291078.3802583809,-0.812,1.590918,-0.11956077956376476
2,1,291083.38045465574,-0.812,1.590937,-0.12068870606431369
2,1,291088.3806509306,-0.812,1.5910134,-0.12181662960567743
2,1,291093.3808472054,-0.812,1.5911852,-0.12294455223873593
2,1,291098.38104348024,-0.812,1.591147,-0.12407247489654029
2,1,291103.3812397551,-0.812,1.5913761,-0.1252003978701433
2,1,291108.3814360299,-0.812,1.5915288,-0.12632832080108594
2,1,291113.38163230475,-0.812,1.5916815,-0.12745624222760735
2,1,291118.3818285796,-0.812,1.5916624,-0.12858416436138423
2,1,291123.3820248544,-0.812,1.5916815,-0.1297120867119167
2,1,291128.38222112926,-0.812,1.5918534,-0.1308400099128386
2,1,291133.3824174041,-0.812,1.5918343,-0.13196793358679287
2,1,291138.3826136789,-0.812,1.5918151,-0.1330958593880899
2,1,291143.38280995376,-0.812,1.5920252,-0.13422378467092255
2,1,291148.38300622813,-0.812,1.5921206,-0.1353517092284031
2,1,291153.3832025025,-0.812,1.5921016,-0.13647963144833186
2,1,291158.3833987769,-0.812,1.592197,-0.1376075547680723
2,1,291163.38359505124,-0.812,1.5922924,-0.13873548332453112
2,1,291168.3837913256,-0.812,1.5923688,-0.13986341118663556
2,1,291173.3839876,-0.812,1.5923115,-0.14099133901357327
2,1,291178.38418387435,-0.812,1.5923496,-0.14211926322206864
2,1,291183.3843801487,-0.812,1.5924261,-0.14324718669172137
2,1,291188.3845764231,-0.812,1.5923496,-0.14437511196355035
2,1,291193.38477269746,-0.812,1.592407,-0.1455030364368824
2,1,291198.38496897183,-0.812,1.5925597,-0.14663095924444342
2,1,291203.3851652462,-0.812,1.5925597,-0.1477588857084613
2,1,291208.3853615206,-0.812,1.5925215,-0.14888681307667503
2,1,291213.38555779494,-0.812,1.5926552,-0.15001473947192243
2,1,291218.3857540693,-0.812,1.5927888,-0.15114266636196122
2,1,291223.3859503437,-0.812,1.5927505,-0.1522705920186971
2,1,291228.38614661805,-0.812,1.5925978,-0.1533985171432993
2,1,291233.3863428924,-0.812,1.5927505,-0.15452643992343887
2,1,291238.3865391668,-0.812,1.5927124,-0.1556543664366339
2,1,291243.38673544116,-0.812,1.5926743,-0.15678229241777802
2,1,291248.38693171553,-0.812,1.5928842,-0.1579102200163273
2,1,291253.3871279899,-0.812,1.5927888,-0.15903815061838109
2,1,291258.3873242643,-0.812,1.5930752,-0.1601660827940207
2,1,291263.38752053864,-0.812,1.5930561,-0.16129401469781676
2,1,291268.387716813,-0.812,1.5931897,-0.1624219473389587
2,1,291273.3879130874,-0.812,1.5933424,-0.1635498820597895
2,1,291278.38810936175,-0.812,1.5931324,-0.16467781832682768
2,1,291283.3883056361,-0.812,1.5931705,-0.16580575108240392
2,1,291288.3885019105,-0.812,1.5930752,-0.16693368495805078
2,1,291293.38869818486,-0.812,1.5929606,-0.16806161586105506
2,1,291298.38889445923,-0.812,1.5930178,-0.16918954741764414
2,1,291303.3890907336,-0.812,1.5929415,-0.17031747998211796
2,1,291308.389287008,-0.812,1.592846,-0.1714454140854049
2,1,291313.38948328234,-0.812,1.5927888,-0.17257334852088838
2,1,291318.3896795567,-0.812,1.5927315,-0.17370128309640634
2,1,291323.3898758311,-0.812,1.5928651,-0.1748292217757604
2,1,291328.39007210545,-0.812,1.5927315,-0.1759571601910659
2,1,291333.3902683798,-0.812,1.592636,-0.17708509988732818
2,1,291338.3904646542,-0.812,1.5926169,-0.17821303540743075
2,1,291343.39066092856,-0.812,1.5926933,-0.17934097472480287
2,1,291348.39085720293,-0.812,1.5926169,-0.18046891274717466
2,1,291353.3910534773,-0.812,1.5925215,-0.1815968484658203
2,1,291358.3912497517,-0.812,1.592407,-0.18272478067910686
2,1,291363.39144602604,-0.812,1.5925215,-0.1838527080589402
2,1,291368.3916423004,-0.812,1.5925406,-0.1849806360119053
2,1,291373.3918385748,-0.812,1.5924642,-0.18610856251902727
2,1,291378.39203484915,-0.812,1.5922543,-0.1872364876937967
2,1,291383.3922311235,-0.812,1.5920824,-0.18836441436923557
2,1,291388.3924273979,-0.812,1.5920252,-0.1894923379404745
2,1,291393.39262367226,-0.812,1.5921588,-0.19062026169393143
2,1,291398.39281994663,-0.812,1.5921588,-0.19174818566912427
2,1,291403.393016221,-0.812,1.5921397,-0.19287611070925675
2,1,291408.3932124954,-0.812,1.5919106,-0.19400403603986582
2,1,291413.39340876974,-0.812,1.591987,-0.19513196037939537
2,1,291418.3936050441,-0.812,1.5918343,-0.19625988569848088
2,1,291423.3938013185,-0.812,1.5918725,-0.19738781030009203
2,1,291428.39399759285,-0.812,1.5918915,-0.19851573501598516
2,1,291433.3941938672,-0.812,1.5919487,-0.19964365941438753
2,1,291438.3943901416,-0.812,1.5917388,-0.2007715828138525
2,1,291443.39458641596,-0.812,1.5918343,-0.2018995072276991
2,1,291448.39478269033,-0.812,1.5918343,-0.2030274321840208
2,1,291453.3949789647,-0.812,1.5919679,-0.2041553619697592
2,1,291458.3951752391,-0.812,1.5918151,-0.20528329267596881
2,1,291463.39537151344,-0.812,1.5916624,-0.20641122137570728
2,1,291468.3955677878,-0.812,1.5917007,-0.20753914703307233
2,1,291473.3957640622,-0.812,1.5913761,-0.20866707369902746
2,1,291478.39596033655,-0.812,1.591567,-0.20979500117826147
2,1,291483.3961566109,-0.812,1.5913188,-0.21092293215831467
2,1,291488.3963528853,-0.812,1.5912424,-0.21205086344307678
2,1,291493.39654915966,-0.812,1.5913951,-0.21317879480173207
2,1,291498.39674543403,-0.812,1.5912998,-0.21430672246582988
2,1,291503.3969417084,-0.812,1.5912043,-0.21543464575286062
2,1,291508.39713798277,-0.812,1.5910325,-0.21656257124487577
2,1,291513.39733425714,-0.812,1.5909752,-0.21769049907078694
2,1,291518.3975305315,-0.812,1.5908989,-0.2188184266822406
2,1,291523.3977268059,-0.812,1.5908225,-0.2199463538166187
2,1,291528.39792308025,-0.812,1.5906316,-0.22107428098794835
2,1,291533.3981193546,-0.812,1.5905933,-0.22220220961765133
2,1,291538.398315629,-0.812,1.5906125,-0.2233301362826859
2,1,291543.3985119038,-0.812,1.5904216,-0.22445806484232694
2,1,291548.39870817866,-0.812,1.590498,-0.22558599752315897
2,1,291553.3989044535,-0.812,1.590307,-0.22671392792865983
2,1,291558.39910072833,-0.812,1.5902689,-0.2278418571160603
2,1,291563.39929700317,-0.812,1.590078,-0.2289697879022461
2,1,291568.399493278,-0.812,1.5902116,-0.23009771804110557
2,1,291573.39968955284,-0.812,1.5898298,-0.2312256492506201
2,1,291578.3998858277,-0.812,1.5898107,-0.23235358192110742
2,1,291583.4000821025,-0.812,1.5896962,-0.2334815129040945
2,1,291588.40027837735,-0.812,1.5896388,-0.23460944688481772
2,1,291593.4004746522,-0.812,1.5893716,-0.23573737716191692
2,1,291598.400670927,-0.812,1.5895816,-0.23686531144683576
2,1,291603.40086720185,-0.812,1.5893716,-0.23799324402974728
2,1,291608.4010634767,-0.812,1.5891235,-0.23912117585629572
2,1,291613.4012597515,-0.812,1.5890852,-0.24024910807423475
2,1,291618.40145602636,-0.812,1.5889899,-0.24137704162512238
2,1,291623.4016523012,-0.812,1.5888944,-0.2425049753499165
2,1,291628.40184857603,-0.812,1.5887226,-0.24363290798437942
2,1,291633.40204485087,-0.812,1.588589,-0.24476084025715472
2,1,291638.4022411257,-0.812,1.5884553,-0.2458887705115545
2,1,291643.40243739984,-0.812,1.5884553,-0.24701670022223407
2,1,291648.40263367444,-0.812,1.5883408,-0.24814463085976257
2,1,291653.40282994905,-0.812,1.5881498,-0.24927256008045223
2,1,291658.40302622365,-0.812,1.5880162,-0.25040049411197846
2,1,291663.40322249825,-0.812,1.5878444,-0.2515284284662506
2,1,291668.40341877285,-0.812,1.5876917,-0.25265635957513594
2,1,291673.40361504746,-0.812,1.587539,-0.2537842911796836
2,1,291678.40381132206,-0.812,1.5873098,-0.25491222534225066
2,1,291683.40400759666,-0.812,1.5872717,-0.25604016160438803
2,1,291688.40420387127,-0.812,1.5871762,-0.25716809573008964
2,1,291693.404400146,-0.812,1.5870044,-0.2582960277527407
2,1,291698.4045964207,-0.812,1.5869089,-0.2594239625141457
2,1,291703.4047926954,-0.812,1.5868899,-0.2605518960026736
2,1,291708.40498897014,-0.812,1.5866417,-0.2616798266322912
2,1,291713.40518524486,-0.812,1.5864127,-0.2628077551990451
2,1,291718.4053815196,-0.812,1.586508,-0.2639356860096092
2,1,291723.4055777943,-0.812,1.5862408,-0.26506361693496855
2,1,291728.405774069,-0.812,1.5861262,-0.2661915467311808
2,1,291733.40597034374,-0.812,1.5858208,-0.267319476608207
2,1,291738.40616661846,-0.812,1.5855535,-0.26844740745224904
2,1,291743.4063628932,-0.812,1.585458,-0.26957533896370744
2,1,291748.4065591679,-0.812,1.5856109,-0.27070326791610005
2,1,291753.40675544256,-0.812,1.5853053,-0.2718311963270408
2,1,291758.4069517173,-0.812,1.5854199,-0.27295912372866954
2,1,291763.407147992,-0.812,1.5851908,-0.27408705324063387
2,1,291768.40734426666,-0.812,1.585019,-0.2752149858195155
2,1,291773.4075405416,-0.812,1.5848281,-0.27634292015986994
2,1,291778.4077368163,-0.812,1.5846945,-0.2774708522390262
2,1,291783.40793309105,-0.812,1.5846181,-0.27859878304103036
2,1,291788.40812936577,-0.812,1.5844654,-0.27972671590430886
2,1,291793.4083256405,-0.812,1.5843127,-0.2808546465661395
2,1,291798.4085219151,-0.812,1.58416,-0.28198257906442237
2,1,291803.4087181897,-0.812,1.5840836,-0.28311051252321423
2,1,291808.4089144643,-0.812,1.5839118,-0.28423844552885513
2,1,291813.4091107389,-0.812,1.5839118,-0.2853663782913389
2,1,291818.4093070135,-0.812,1.5838163,-0.28649431061953323
2,1,291823.4095032881,-0.812,1.5836254,-0.28762224503155565
2,1,291828.4096995627,-0.812,1.5836254,-0.28875017987445345
2,1,291833.4098958371,-0.812,1.5833391,-0.2898781143566802
2,1,291838.4100921117,-0.812,1.5834727,-0.29100604849809425
2,1,291843.4102883865,-0.812,1.5830909,-0.2921339809287755
2,1,291848.41048466135,-0.812,1.5830718,-0.2932619126551054
2,1,291853.4106809362,-0.812,1.5828046,-0.2943898428440824
2,1,291858.410877211,-0.812,1.58269,-0.29551777424421927
2,1,291863.41107348586,-0.812,1.5827855,-0.29664570757102654
2,1,291868.4112697607,-0.812,1.5824037,-0.2977736370464532
2,1,291873.4114660355,-0.812,1.5822891,-0.29890156523185324
2,1,291878.41166231036,-0.812,1.5822127,-0.30002949611552904
2,1,291883.4118585852,-0.812,1.5817546,-0.3011574268125595
2,1,291888.41205486003,-0.812,1.5817355,-0.3022853586332303
2,1,291893.41225113487,-0.812,1.5817164,-0.30341329096269626
2,1,291898.4124474097,-0.812,1.5815637,-0.3045412228070698
2,1,291903.41264368454,-0.812,1.581411,-0.3056691569090653
2,1,291908.4128399594,-0.812,1.5812391,-0.30679709097909286
2,1,291913.41303623375,-0.812,1.5810864,-0.3079250238319174
2,1,291918.4132325086,-0.812,1.5809337,-0.309052958553374
2,1,291923.4134287834,-0.812,1.5806092,-0.31018089327967846
2,1,291928.41362505825,-0.812,1.5805137,-0.3113088301218485
2,1,291933.4138213331,-0.812,1.5804756,-0.31243676615638555
2,1,291938.4140176079,-0.812,1.5802846,-0.3135647038788764
2,1,291943.41421388276,-0.812,1.579922,-0.31469264294010085
2,1,291948.41441015713,-0.812,1.579731,-0.31582058171041494
2,1,291953.4146064315,-0.812,1.5796738,-0.3169485226741965
2,1,291958.41480270587,-0.812,1.5794446,-0.3180764612166453
2,1,291963.41499898024,-0.812,1.5792919,-0.31920440065671685
2,1,291968.4151952546,-0.812,1.5789865,-0.3203323381786646
2,1,291973.415391529,-0.812,1.578891,-0.321460274087002
2,1,291978.41558780335,-0.812,1.5788338,-0.32258821179385
2,1,291983.4157840777,-0.812,1.578681,-0.3237161515045598
2,1,291988.4159803521,-0.812,1.5785856,-0.32484409533685127
2,1,291993.41617662646,-0.812,1.5783374,-0.3259720391694474
2,1,291998.4163729008,-0.812,1.5782038,-0.32709998266260504
2,1,292003.4165691752,-0.812,1.5779938,-0.3282279232246877
2,1,292008.41676544957,-0.812,1.5778984,-0.3293558624354304
2,1,292013.41696172394,-0.812,1.5777265,-0.3304838033640386
2,1,292018.4171579983,-0.812,1.5775547,-0.33161174316228775
2,1,292023.4173542727,-0.812,1.5774401,-0.33273968267492465
2,1,292028.41755054705,-0.812,1.5774211,-0.33386762281499316
2,1,292033.4177468214,-0.812,1.5770775,-0.33499556334498864
2,1,292038.4179430958,-0.812,1.5769056,-0.33612350475680836
2,1,292043.41813937016,-0.812,1.5766574,-0.3372514477171137
2,1,292048.4183356445,-0.812,1.576543,-0.33837938996343486
2,1,292053.4185319189,-0.812,1.5762565,-0.33950733038648306
2,1,292058.41872819327,-0.812,1.5761802,-0.3406352725375196
2,1,292063.41892446764,-0.812,1.5759702,-0.3417632153503895
2,1,292068.419120742,-0.812,1.5757221,-0.34289115762952305
2,1,292073.4193170164,-0.812,1.5755885,-0.34401909824745525
2,1,292078.41951329075,-0.812,1.5753975,-0.34514703829193777
2,1,292083.4197095651,-0.812,1.575302,-0.34627497837766674
2,1,292088.4199058395,-0.812,1.575073,-0.3474029179220034
2,1,292093.42010211386,-0.812,1.5747867,-0.3485308603735268
2,1,292098.4202983882,-0.812,1.5747293,-0.349658803684579
2,1,292103.4204946626,-0.812,1.5747484,-0.3507867497402529
2,1,292108.42069093697,-0.812,1.5743858,-0.3519146950004863
2,1,292113.42088721134,-0.812,1.5743475,-0.35304263969702193
2,1,292118.4210834857,-0.812,1.5743284,-0.3541705822668804
2,1,292123.4212797601,-0.812,1.5738894,-0.3552985261493988
2,1,292128.42147603445,-0.812,1.5736603,-0.35642646931597927
2,1,292133.4216723088,-0.812,1.5735075,-0.3575544124569496
2,1,292138.4218685832,-0.812,1.5733167,-0.358682354044901
2,1,292143.42206485756,-0.812,1.5731257,-0.35981029259034664
2,1,292148.4222611319,-0.812,1.5730876,-0.36093823456368185
2,1,292153.4224574063,-0.812,1.5728394,-0.3620661748450035
2,1,292158.42265368067,-0.812,1.5724767,-0.3631941163743106
2,1,292163.42284995504,-0.812,1.5724385,-0.36432205702350545
2,1,292168.4230462294,-0.812,1.5721521,-0.36544999756765373
2,1,292173.4232425038,-0.812,1.5720185,-0.36657793929589466
2,1,292178.42343877815,-0.812,1.571694,-0.3677058813765977
2,1,292183.4236350525,-0.812,1.5715222,-0.36883382016063077
2,1,292188.4238313269,-0.812,1.5715985,-0.36996176080266313
2,1,292193.42402760126,-0.812,1.5713503,-0.3710897009485133
2,1,292198.4242238756,-0.812,1.5711021,-0.37221764314414735
2,1,292203.42442015,-0.812,1.5710449,-0.37334558428120623
2,1,292208.42461642437,-0.812,1.5708349,-0.3744735255145763
2,1,292213.42481269874,-0.812,1.5705295,-0.37560146684596285
2,1,292218.4250089731,-0.812,1.5703768,-0.37672940792301973
2,1,292223.4252052475,-0.812,1.5702813,-0.37785734708148916
2,1,292228.42540152185,-0.812,1.5700332,-0.3789852836764423
2,1,292233.4255977962,-0.812,1.5697277,-0.38011322270981485
2,1,292238.4257940706,-0.812,1.5695559,-0.38124116068563874
2,1,292243.42599034496,-0.812,1.5693268,-0.38236910042834626
2,1,292248.4261866193,-0.812,1.5690978,-0.3834970398916007
2,1,292253.4263828937,-0.812,1.5689449,-0.38462497951494995
2,1,292258.42657916807,-0.812,1.5686969,-0.38575292049208626
2,1,292263.42677544244,-0.812,1.5686204,-0.3868808579866457
2,1,292268.4269717168,-0.812,1.5683913,-0.38800879920739606
2,1,292273.4271679912,-0.812,1.568296,-0.3891367422946063
2,1,292278.42736426555,-0.812,1.5681432,-0.3902646823036738
2,1,292283.4275605399,-0.812,1.5680096,-0.39139261932262787
2,1,292288.4277568143,-0.812,1.5677041,-0.39252055549544435
2,1,292293.42795308866,-0.812,1.5674751,-0.39364849187583734
2,1,292298.428149363,-0.812,1.5673223,-0.3947764266747436
2,1,292303.4283456374,-0.812,1.5671314,-0.3959043645586704
2,1,292308.42854191177,-0.812,1.5669787,-0.39703230012044327
2,1,292313.42873818614,-0.812,1.5668069,-0.3981602365088895
2,1,292318.4289344605,-0.812,1.5664632,-0.39928817319996507
2,1,292323.4291307349,-0.812,1.5663296,-0.4004161111833422
2,1,292328.42932700925,-0.812,1.5661387,-0.4015440482151477
2,1,292333.4295232836,-0.812,1.5659287,-0.40267198019520795
2,1,292338.42971955845,-0.812,1.5657188,-0.40379991093287226
2,1,292343.4299158333,-0.812,1.5655278,-0.4049278426390458
2,1,292348.4301121081,-0.812,1.5651269,-0.4060557763442267
2,1,292353.43030838296,-0.812,1.5649742,-0.4071837077723313
2,1,292358.4305046578,-0.812,1.564936,-0.40831163730139225
2,1,292363.43070093263,-0.812,1.5646497,-0.4094395671547885
2,1,292368.43089720747,-0.812,1.5643251,-0.4105674966339835
2,1,292373.4310934823,-0.812,1.5641724,-0.4116954258833099
2,1,292378.43128975714,-0.812,1.564077,-0.4128233549696904
2,1,292383.4314860315,-0.812,1.5637906,-0.4139512834323911
2,1,292388.43168230634,-0.812,1.5635806,-0.4150792135247126
2,1,292393.4318785812,-0.812,1.5633134,-0.41620714275881
2,1,292398.432074856,-0.812,1.5633134,-0.41733506763690725
2,1,292403.43227113085,-0.812,1.5630842,-0.41846299596879566
2,1,292408.4324674057,-0.812,1.5629888,-0.41959092833004413
2,1,292413.4326636805,-0.812,1.5627024,-0.4207188633695942
2,1,292418.43285995536,-0.812,1.5624352,-0.4218468005077874
2,1,292423.4330562302,-0.812,1.5623207,-0.42297473704393723
2,1,292428.433252505,-0.812,1.5621297,-0.4241026717816494
2,1,292433.43344877986,-0.812,1.5618052,-0.42523060186341094
2,1,292438.43364505447,-0.812,1.5616525,-0.42635853100791926
2,1,292443.43384132907,-0.812,1.5614234,-0.42748645907420274
2,1,292448.43403760367,-0.812,1.5611562,-0.428614388732013
2,1,292453.4342338783,-0.812,1.5609653,-0.4297423212207426
2,1,292458.4344301529,-0.812,1.5607553,-0.4308702534322774
2,1,292463.4346264275,-0.812,1.5605835,-0.43199818465865014
2,1,292468.4348227021,-0.812,1.560488,-0.4331261147203514
2,1,292473.4350189767,-0.812,1.5601252,-0.4342540460893713
2,1,292478.4352152513,-0.812,1.5598389,-0.4353819791244337
2,1,292483.4354115259,-0.812,1.5594953,-0.4365099144987268
2,1,292488.4356078006,-0.812,1.5592853,-0.43763785035566843
2,1,292493.4358040753,-0.812,1.5590754,-0.43876578320706905
2,1,292498.43600035005,-0.812,1.5587126,-0.4398937140970431
2,1,292503.43619662477,-0.812,1.5586935,-0.4410216480281951
2,1,292508.4363928997,-0.812,1.5584072,-0.44214958157906287
2,1,292513.43658917444,-0.812,1.5582736,-0.44327751587279324
2,1,292518.43678544916,-0.812,1.5580635,-0.4444054486752916
2,1,292523.4369817239,-0.812,1.5578917,-0.44553338110702917
2,1,292528.4371779986,-0.812,1.5576817,-0.44666131040269486
2,1,292533.4373742733,-0.812,1.5572999,-0.4477892413901523
2,1,292538.43757054803,-0.812,1.5573763,-0.4489171731736298
2,1,292543.43776682275,-0.812,1.5569181,-0.45004510497613437
2,1,292548.4379630975,-0.812,1.5567654,-0.45117303559027133
2,1,292553.43815937213,-0.812,1.5565554,-0.4523009653169117
2,1,292558.43835564685,-0.812,1.5561736,-0.4534288944665957
2,1,292563.4385519215,-0.812,1.5558491,-0.45455682442278017
2,1,292568.43874819623,-0.812,1.5555627,-0.45568475745732934
2,1,292573.43894447084,-0.812,1.5554672,-0.4568126906263201
2,1,292578.43914074556,-0.812,1.5553718,-0.4579406243046888
2,1,292583.4393370203,-0.812,1.5551618,-0.45906855801461155
2,1,292588.4395332949,-0.812,1.5547609,-0.4601964903095465
2,1,292593.4397295695,-0.812,1.5546654,-0.4613244248031015
2,1,292598.4399258441,-0.812,1.55415,-0.46245236066936796
2,1,292603.4401221187,-0.812,1.5540737,-0.4635802962202928
2,1,292608.4403183933,-0.812,1.5537874,-0.4647082315170667
2,1,292613.4405146679,-0.812,1.5535392,-0.46583616909169834
2,1,292618.4407109425,-0.812,1.55331,-0.46696410385904064
2,1,292623.4409072171,-0.812,1.5531764,-0.4680920371095176
2,1,292628.4411034917,-0.812,1.5530428,-0.46921997231433477
2,1,292633.4412997663,-0.812,1.5525655,-0.47034790699867757
2,1,292638.44149604114,-0.812,1.5524127,-0.47147584215149635
2,1,292643.441692316,-0.812,1.5522791,-0.47260377386616687
2,1,292648.4418885908,-0.812,1.5519737,-0.4737317090310158
2,1,292653.4420848652,-0.812,1.551382,-0.4748596441826789
2,1,292658.44228114,-0.812,1.5512292,-0.47598757717477963
2,1,292663.44247741485,-0.812,1.5511338,-0.4771155052148933
2,1,292668.4426736897,-0.812,1.5508856,-0.4782434335727329
2,1,292673.4428699645,-0.812,1.5508474,-0.4793713635406297
2,1,292678.44306623936,-0.812,1.5504847,-0.48049929661062046
2,1,292683.4432625142,-0.812,1.5502365,-0.48162723027901205
2,1,292688.443458789,-0.812,1.5499692,-0.4827551616792217
2,1,292693.44365506386,-0.812,1.5499692,-0.4838830905133786
2,1,292698.4438513387,-0.812,1.5497019,-0.4850110202332472
2,1,292703.44404761354,-0.812,1.5494347,-0.4861389498899813
2,1,292708.44424388837,-0.812,1.5491292,-0.48726688164348425
2,1,292713.4444401632,-0.812,1.5489384,-0.48839481505746996
2,1,292718.44463643804,-0.812,1.5485375,-0.48952275009779156
2,1,292723.4448327129,-0.812,1.548232,-0.4906506844358777
2,1,292728.4450289877,-0.812,1.5480602,-0.49177861865329764
2,1,292733.44522526255,-0.812,1.5477738,-0.4929065511191655
2,1,292738.4454215374,-0.812,1.5475066,-0.4940344831083684
2,1,292743.44561781175,-0.812,1.5472775,-0.4951624146834647
2,1,292748.4458140861,-0.812,1.5467812,-0.49629034668415145
2,1,292753.4460103605,-0.812,1.5467621,-0.4974182767685323
2,1,292758.44620663486,-0.812,1.5464758,-0.49854620469819527
2,1,292763.44640290923,-0.812,1.5461512,-0.4996741345075139
2,1,292768.4465991836,-0.812,1.545922,-0.5008020650812489
2,1,292773.446795458,-0.812,1.5457503,-0.5019299967318709
2,1,292778.44699173234,-0.812,1.5454067,-0.5030579275344711
2,1,292783.4471880067,-0.812,1.5451394,-0.5041858602593344
2,1,292788.4473842811,-0.812,1.5449675,-0.5053137963225314
2,1,292793.44758055545,-0.812,1.544643,-0.5064417320635255
2,1,292798.4477768298,-0.812,1.5445476,-0.5075696668557924
2,1,292803.4479731042,-0.812,1.5441849,-0.5086975982036527
2,1,292808.44816937856,-0.812,1.5438985,-0.5098255292656821
2,1,292813.44836565293,-0.812,1.5436695,-0.5109534596333506
2,1,292818.4485619273,-0.812,1.5433258,-0.5120813907368814
2,1,292823.4487582017,-0.812,1.5430204,-0.5132093236046733
2,1,292828.44895447604,-0.812,1.5426959,-0.5143372584618
2,1,292833.4491507504,-0.812,1.5425813,-0.515465191002081
2,1,292838.4493470248,-0.812,1.5421422,-0.5165931247562668
2,1,292843.44954329915,-0.812,1.5417795,-0.5177210596278013
2,1,292848.4497395735,-0.812,1.5417222,-0.5188489906555482
2,1,292853.4499358479,-0.812,1.5413405,-0.5199769203003713
2,1,292858.45013212226,-0.812,1.5411114,-0.5211048514058294
2,1,292863.45032839663,-0.812,1.5408822,-0.5222327833017444
2,1,292868.450524671,-0.812,1.540634,-0.5233607153410582
2,1,292873.4507209454,-0.812,1.5402141,-0.524488646484054
2,1,292878.45091721974,-0.812,1.5400614,-0.5256165802239645
2,1,292883.4511134941,-0.812,1.5396986,-0.5267445137757495
2,1,292888.4513097685,-0.812,1.5394123,-0.5278724489073424
2,1,292893.45150604285,-0.812,1.5392596,-0.5290003841575486
2,1,292898.4517023172,-0.812,1.5390878,-0.5301283153176675
2,1,292903.4518985916,-0.812,1.5386297,-0.5312562463697066
2,1,292908.45209486596,-0.812,1.5384387,-0.53238417989208
2,1,292913.45229114033,-0.812,1.5381714,-0.5335121110670635
2,1,292918.4524874147,-0.812,1.5378469,-0.5346400432672669
2,1,292923.4526836891,-0.812,1.5375415,-0.5357679714026685
2,1,292928.45287996344,-0.812,1.5373124,-0.536895902339419
2,1,292933.4530762378,-0.812,1.5367969,-0.5380238329290816
2,1,292938.4532725122,-0.812,1.5366442,-0.5391517653959992
2,1,292943.45346878655,-0.812,1.5361097,-0.5402796965856521
2,1,292948.4536650609,-0.812,1.5360715,-0.5414076275089815
2,1,292953.4538613353,-0.812,1.5356706,-0.5425355539997752
2,1,292958.45405760966,-0.812,1.535346,-0.5436634803329178
2,1,292963.45425388403,-0.812,1.5350025,-0.5447914066150389
2,1,292968.4544501584,-0.812,1.5346969,-0.5459193345039124
2,1,292973.4546464328,-0.812,1.5342197,-0.5470472637414768
2,1,292978.45484270714,-0.812,1.5339525,-0.5481751918953262
2,1,292983.4550389815,-0.812,1.5336471,-0.5493031216135192
2,1,292988.4552352559,-0.812,1.5332843,-0.5504310504249998
2,1,292993.45543153025,-0.812,1.5329789,-0.5515589803278879
2,1,292998.4556278046,-0.812,1.5325971,-0.5526869112165076
2,1,293003.455824079,-0.812,1.5321198,-0.5538148386757011
2,1,293008.45602035336,-0.812,1.531967,-0.5549427678785426
2,1,293013.45621662773,-0.812,1.5316235,-0.5560706966391009
2,1,293018.4564129021,-0.812,1.5312989,-0.5571986238367361
2,1,293023.4566091765,-0.812,1.5310125,-0.5583265508739553
2,1,293028.45680545084,-0.812,1.5307453,-0.5594544814849663
2,1,293033.4570017252,-0.812,1.5304017,-0.5605824143047037
2,1,293038.4571979996,-0.812,1.5299244,-0.561710349345681
2,1,293043.45739427395,-0.812,1.529619,-0.562838280708002
2,1,293048.4575905483,-0.812,1.5294089,-0.5639662134021524
2,1,293053.4577868227,-0.812,1.529008,-0.5650941465130617
2,1,293058.45798309706,-0.812,1.52876,-0.5662220779442094
2,1,293063.45817937143,-0.812,1.5285118,-0.5673500080803139
2,1,293068.4583756458,-0.812,1.5281681,-0.5684779380662908
2,1,293073.4585719202,-0.812,1.5276718,-0.5696058672753641
2,1,293078.45876819454,-0.812,1.5274045,-0.570733795587063
2,1,293083.4589644689,-0.812,1.5269463,-0.5718617257655497
2,1,293088.4591607433,-0.812,1.5265073,-0.5729896542834808
2,1,293093.45935701765,-0.812,1.5262591,-0.5741175823150578
2,1,293098.459553292,-0.812,1.5260873,-0.5752455117218365
2,1,293103.4597495664,-0.812,1.52561,-0.5763734389280911
2,1,293108.45994584076,-0.812,1.5251709,-0.5775013685385024
2,1,293113.46014211513,-0.812,1.5249418,-0.5786292988891041
2,1,293118.4603383895,-0.812,1.5244455,-0.5797572268184095
2,1,293123.4605346639,-0.812,1.5241209,-0.5808851551872859
2,1,293128.46073093824,-0.812,1.5238729,-0.5820130868845155
2,1,293133.4609272126,-0.812,1.5235292,-0.5831410175847944
2,1,293138.46112348745,-0.812,1.5231855,-0.5842689489211145
2,1,293143.4613197623,-0.812,1.5227464,-0.585396884514193
2,1,293148.4615160371,-0.812,1.522422,-0.5865248183256357
2,1,293153.46171231195,-0.812,1.5219065,-0.5876527488387627
2,1,293158.4619085868,-0.812,1.5216583,-0.588780680571573
2,1,293163.4621048616,-0.812,1.5213147,-0.5899086082095308
2,1,293168.46230113646,-0.812,1.5210475,-0.5910365343621609
2,1,293173.4624974113,-0.812,1.520532,-0.5921644605208208
2,1,293178.46269368613,-0.812,1.5202074,-0.593292388294207
2,1,293183.46288996097,-0.812,1.5197111,-0.5944203168137043
2,1,293188.4630862358,-0.812,1.5192529,-0.5955482463519542
2,1,293193.46328251064,-0.812,1.5190048,-0.5966761750804916
2,1,293198.4634787855,-0.812,1.5186039,-0.597804105888145
2,1,293203.4636750603,-0.812,1.518203,-0.5989320369442372
2,1,293208.46387133515,-0.812,1.517783,-0.6000599665060211
2,1,293213.46406761,-0.812,1.5173821,-0.6011878961268202
2,1,293218.4642638848,-0.812,1.5170003,-0.6023158269059826
2,1,293223.46446015965,-0.812,1.5165421,-0.6034437632533116
2,1,293228.4646564345,-0.812,1.5163131,-0.6045717005841139
2,1,293233.4648527091,-0.812,1.5158548,-0.6056996347634266
2,1,293238.4650489837,-0.812,1.515664,-0.6068275673477355
2,1,293243.4652452583,-0.812,1.5151485,-0.607955501498928
2,1,293248.46544153313,-0.812,1.5146521,-0.609083436286208
2,1,293253.46563780773,-0.812,1.5143467,-0.610211371056855
2,1,293258.46583408234,-0.812,1.5139649,-0.6113393061097034
2,1,293263.46603035694,-0.812,1.5133922,-0.6124672410692674
2,1,293268.46622663154,-0.812,1.5129913,-0.6135951762724123
2,1,293273.46642290615,-0.812,1.5129532,-0.614723110662646
2,1,293278.46661918075,-0.812,1.5123422,-0.6158510433126193
2,1,293283.46681545547,-0.812,1.5119032,-0.6169789771030183
2,1,293288.4670117302,-0.812,1.5113686,-0.6181069092040626
2,1,293293.4672080049,-0.812,1.5109105,-0.6192348402557342
2,1,293298.4674042796,-0.812,1.5106432,-0.6203627687929274
2,1,293303.46760055434,-0.812,1.5102233,-0.6214906982373265
2,1,293308.46779682895,-0.812,1.5096887,-0.6226186273596089
2,1,293313.46799310367,-0.812,1.5095551,-0.6237465569788881
2,1,293318.4681893784,-0.812,1.5090396,-0.624874488541527
2,1,293323.4683856531,-0.812,1.5086578,-0.6260024185839496
2,1,293328.4685819278,-0.812,1.5084287,-0.6271303507576984
2,1,293333.46877820254,-0.812,1.5081233,-0.6282582819017637
2,1,293338.4689744772,-0.812,1.5077033,-0.6293862160483302
2,1,293343.4691707519,-0.812,1.5072643,-0.6305141521213553
2,1,293348.46936702664,-0.812,1.5069206,-0.6316420867221523
2,1,293353.46956330136,-0.812,1.506386,-0.6327700229258473
2,1,293358.469759576,-0.812,1.5058898,-0.6338979560558831
2,1,293363.46995585074,-0.812,1.5054698,-0.6350258937810429
2,1,293368.47015212546,-0.812,1.5051833,-0.6361538292673463
2,1,293373.4703484002,-0.812,1.5048207,-0.6372817621176906
2,1,293378.4705446749,-0.812,1.504248,-0.6384096942024762
2,1,293383.4707409495,-0.812,1.5039808,-0.6395376253141464
2,1,293388.47093722364,-0.812,1.503427,-0.6406655572919946
2,1,293393.47113349824,-0.812,1.5028162,-0.6417934879302085
2,1,293398.47132977284,-0.812,1.5025489,-0.6429214203410712
2,1,293403.47152604745,-0.812,1.5022053,-0.644049352045907
2,1,293408.47172232205,-0.812,1.5016516,-0.6451772842737934
2,1,293413.47191859665,-0.812,1.501098,-0.6463052150806421
2,1,293418.47211487126,-0.812,1.5008881,-0.647433144641161
2,1,293423.47231114586,-0.812,1.5002962,-0.6485610771528747
2,1,293428.47250742046,-0.812,1.4997045,-0.6496890107414258
2,1,293433.4727036953,-0.812,1.4993036,-0.6508169453253083
2,1,293438.47289997013,-0.812,1.4988836,-0.6519448771378166
2,1,293443.47309624497,-0.812,1.4982154,-0.6530728094001776
2,1,293448.4732925198,-0.812,1.4976045,-0.6542007436471813
2,1,293453.47348879464,-0.812,1.4973181,-0.6553286783758699
2,1,293458.4736850695,-0.812,1.4966118,-0.6564566142002807
2,1,293463.4738813443,-0.812,1.4962491,-0.6575845504691037
2,1,293468.47407761915,-0.812,1.49581,-0.6587124897312024
2,1,293473.474273894,-0.812,1.4952374,-0.6598404264482259
2,1,293478.4744701688,-0.812,1.4949892,-0.6609683605170746
2,1,293483.47466644365,-0.812,1.4943401,-0.662096293341226
2,1,293488.4748627185,-0.812,1.4938055,-0.6632242277843157
2,1,293493.4750589933,-0.812,1.4934238,-0.6643521625883314
2,1,293498.47525526816,-0.812,1.492851,-0.6654800978074769
2,1,293503.475451543,-0.812,1.4923548,-0.6666080286144481
2,1,293508.47564781783,-0.812,1.4916102,-0.6677359565360248
2,1,293513.47584409267,-0.812,1.4912857,-0.6688638810949027
2,1,293518.4760403675,-0.812,1.4908848,-0.6699918072053359
2,1,293523.47623664234,-0.812,1.4901211,-0.6711197349926332
2,1,293528.4764329172,-0.812,1.4898539,-0.672247663068119
2,1,293533.476629192,-0.812,1.4893767,-0.6733755898589624
2,1,293538.4768254664,-0.812,1.488823,-0.6745035198596285
2,1,293543.47702174075,-0.812,1.4883839,-0.6756314469979273
2,1,293548.4772180151,-0.812,1.4876776,-0.6767593728660213
2,1,293553.4774142895,-0.812,1.487124,-0.6778873017613292
2,1,293558.47761056386,-0.812,1.4868186,-0.6790152305707997
2,1,293563.47780683823,-0.812,1.4862267,-0.6801431618927717
2,1,293568.4780031126,-0.812,1.4856158,-0.6812710956410633
2,1,293573.47819938697,-0.812,1.485234,-0.682399028013822
2,1,293578.47839566134,-0.812,1.4846995,-0.68352695833784
2,1,293583.4785919357,-0.812,1.4843177,-0.6846548881294031
2,1,293588.4787882101,-0.812,1.4839168,-0.6857828179383939
2,1,293593.47898448445,-0.812,1.483325,-0.6869107469167245
2,1,293598.4791807588,-0.812,1.482714,-0.6880386765906744
2,1,293603.4793770332,-0.812,1.4820077,-0.6891666085890134
2,1,293608.47957330756,-0.812,1.4815687,-0.6902945373263955
2,1,293613.4797695819,-0.812,1.4809387,-0.6914224674867623
2,1,293618.4799658563,-0.812,1.4804615,-0.6925504011971189
2,1,293623.48016213067,-0.812,1.4800606,-0.6936783348823057
2,1,293628.48035840504,-0.812,1.4794688,-0.6948062679753468
2,1,293633.4805546794,-0.812,1.4789915,-0.695934202052262
2,1,293638.4807509538,-0.812,1.478457,-0.6970621353160771
2,1,293643.48094722815,-0.812,1.477827,-0.698190068990843
2,1,293648.4811435025,-0.812,1.4775025,-0.6993180051155288
2,1,293653.4813397769,-0.812,1.4767007,-0.7004459386827282
2,1,293658.48153605126,-0.812,1.4762616,-0.701573872892777
2,1,293663.4817323256,-0.812,1.4756125,-0.7027018079212605
2,1,293668.4819286,-0.812,1.4750589,-0.7038297434714336
2,1,293673.48212487437,-0.812,1.4743335,-0.7049576798020534
2,1,293678.48232114874,-0.812,1.4739326,-0.7060856171308987
2,1,293683.4825174231,-0.812,1.4734172,-0.7072135513629912
2,1,293688.4827136975,-0.812,1.4727108,-0.7083414852086636
2,1,293693.48290997185,-0.812,1.4722335,-0.7094694182292454
2,1,293698.4831062462,-0.812,1.4715081,-0.710597352892094
2,1,293703.4833025206,-0.812,1.4710308,-0.7117252868153153
2,1,293708.48349879496,-0.812,1.4702864,-0.7128532196201847
2,1,293713.4836950693,-0.812,1.4697136,-0.7139811531108021
2,1,293718.4838913437,-0.812,1.46916,-0.7151090847956306
2,1,293723.48408761807,-0.812,1.4686064,-0.7162370155711836
2,1,293728.48428389244,-0.812,1.4678046,-0.7173649501496785
2,1,293733.4844801668,-0.812,1.4671364,-0.7184928798403906
2,1,293738.4846764412,-0.812,1.4665637,-0.7196208095877535
2,1,293743.48487271555,-0.812,1.4661628,-0.7207487389986283
2,1,293748.4850689899,-0.812,1.4653038,-0.721876667135699
2,1,293753.4852652643,-0.812,1.4646547,-0.7230045964876248
2,1,293758.48546153866,-0.812,1.4639674,-0.7241325281998946
2,1,293763.485657813,-0.812,1.4632038,-0.725260457629078
2,1,293768.4858540874,-0.812,1.4625548,-0.7263883863473137
2,1,293773.48605036177,-0.812,1.461982,-0.7275163144198822
2,1,293778.48624663614,-0.812,1.4614093,-0.728644241861095
2,1,293783.4864429105,-0.812,1.4606266,-0.7297721695427265
2,1,293788.4866391849,-0.812,1.460073,-0.730900095343497
2,1,293793.48683545925,-0.812,1.459214,-0.7320280219628611
2,1,293798.4870317336,-0.812,1.4589086,-0.7331559495472543
2,1,293803.487228008,-0.812,1.457954,-0.734283877701385
2,1,293808.48742428236,-0.812,1.4572476,-0.7354118069516982
2,1,293813.4876205567,-0.812,1.4567131,-0.7365397346707084
2,1,293818.4878168311,-0.812,1.4560258,-0.7376676589155626
2,1,293823.48801310547,-0.812,1.4552814,-0.7387955839728877
2,1,293828.48820937984,-0.812,1.4546895,-0.7399235078013207
2,1,293833.4884056542,-0.812,1.4536968,-0.7410514321886531
2,1,293838.4886019286,-0.812,1.4529332,-0.7421793580290541
2,1,293843.48879820295,-0.812,1.4525132,-0.7433072837131486
2,1,293848.4889944773,-0.812,1.4517688,-0.7444352084919676
2,1,293853.4891907517,-0.812,1.4508142,-0.7455631337364381
2,1,293858.48938702606,-0.812,1.4500697,-0.7466910618821746
2,1,293863.4895833004,-0.812,1.449287,-0.74781899192517
2,1,293868.4897795748,-0.812,1.4485234,-0.7489469246217277
2,1,293873.48997584917,-0.812,1.4481606,-0.7500748583701287
2,1,293878.49017212354,-0.812,1.4474925,-0.751202788686951
2,1,293883.4903683979,-0.812,1.4463853,-0.7523307188509604
2,1,293888.4905646723,-0.812,1.4456408,-0.7534586500252519
2,1,293893.49076094665,-0.812,1.4448007,-0.7545865810702411
2,1,293898.490957221,-0.812,1.4440372,-0.75571450865679
2,1,293903.4911534954,-0.812,1.4434453,-0.7568424378126464
2,1,293908.49134976976,-0.812,1.4426627,-0.7579703685515756
2,1,293913.4915460441,-0.812,1.4419372,-0.7590983003731008
2,1,293918.4917423185,-0.812,1.4412309,-0.7602262298779026
2,1,293923.49193859287,-0.812,1.4403528,-0.7613541568546727
2,1,293928.49213486724,-0.812,1.4394555,-0.7624820831009548
2,1,293933.4923311421,-0.812,1.4389019,-0.7636100100309188
2,1,293938.4925274169,-0.812,1.4380428,-0.7647379406580065
2,1,293943.49272369174,-0.812,1.437451,-0.7658658705481954
2,1,293948.4929199666,-0.812,1.4367065,-0.7669938007093471
2,1,293953.4931162414,-0.812,1.4357711,-0.768121730292337
2,1,293958.49331251625,-0.812,1.4350265,-0.7692496594793798
2,1,293963.4935087911,-0.812,1.4342438,-0.7703775907834439
2,1,293968.4937050659,-0.812,1.4333848,-0.77150552277368
2,1,293973.49390134076,-0.812,1.4325258,-0.7726334553474753
2,1,293978.4940976156,-0.812,1.4318957,-0.7737613899047807
2,1,293983.4942938904,-0.812,1.4309794,-0.774889327802251
2,1,293988.49449016526,-0.812,1.4299486,-0.7760172679491774
2,1,293993.4946864401,-0.812,1.429204,-0.7771452024564282
2,1,293998.49488271493,-0.812,1.4283068,-0.778273131923583
2,1,294003.49507898977,-0.812,1.4275432,-0.7794010649528175
2,1,294008.4952752646,-0.812,1.4265696,-0.7805289982841712
2,1,294013.49547153944,-0.812,1.4258059,-0.7816569297367932
2,1,294018.4956678143,-0.812,1.4249278,-0.7827848608332013
2,1,294023.4958640891,-0.812,1.4240115,-0.7839127900392415
2,1,294028.49606036395,-0.812,1.423057,-0.785040719257696
2,1,294033.49625663855,-0.812,1.4225034,-0.786168648070372
2,1,294038.49645291315,-0.812,1.4214343,-0.7872965780152449
2,1,294043.49664918776,-0.812,1.4206706,-0.7884245101074313
2,1,294048.49684546236,-0.812,1.4198879,-0.7895524413779081
2,1,294053.49704173696,-0.812,1.4189907,-0.7906803707914519
2,1,294058.49723801157,-0.812,1.4181316,-0.7918083004285728
2,1,294063.49743428617,-0.812,1.4170053,-0.7929362301044068
2,1,294068.49763056077,-0.812,1.416108,-0.7940641595246926
2,1,294073.4978268354,-0.812,1.4150772,-0.7951920904740063
2,1,294078.49802311,-0.812,1.4141036,-0.7963200199313563
2,1,294083.4982193847,-0.812,1.4131682,-0.7974479487048289
2,1,294088.4984156594,-0.812,1.4122518,-0.7985758788478873
2,1,294093.49861193413,-0.812,1.4114691,-0.7997038088974955
2,1,294098.49880820885,-0.812,1.4104955,-0.8008317371713786
2,1,294103.4990044836,-0.812,1.4092737,-0.8019596642883322
2,1,294108.4992007583,-0.812,1.4083955,-0.8030875906914541
2,1,294113.499397033,-0.812,1.4074793,-0.8042155197672249
2,1,294118.49959330773,-0.812,1.4064293,-0.8053434513947104
2,1,294123.49978958245,-0.812,1.4053221,-0.8064713823040063
2,1,294128.4999858567,-0.812,1.4043102,-0.8075993148266409
2,1,294133.50018213136,-0.812,1.403413,-0.8087272471620905
2,1,294138.5003784061,-0.812,1.4024967,-0.8098551815369396
2,1,294143.5005746808,-0.812,1.401714,-0.8109831168190673
2,1,294148.5007709555,-0.812,1.4003776,-0.8121110520403751
2,1,294153.50096723024,-0.812,1.3994995,-0.8132389860716829
2,1,294158.5011635049,-0.812,1.398526,-0.8143669210314091
2,1,294163.5013597796,-0.812,1.3975905,-0.815494853270935
2,1,294168.50155605434,-0.812,1.3964832,-0.816622785315706
2,1,294173.50175232906,-0.812,1.3954142,-0.8177507159037395
2,1,294178.5019486038,-0.812,1.3943452,-0.8188786507482069
2,1,294183.5021448785,-0.812,1.3934288,-0.8200065912007991
2,1,294188.5023411531,-0.812,1.3921115,-0.821134530606098
2,1,294193.5025374277,-0.812,1.3912144,-0.8222624688293309
2,1,294198.5027337023,-0.812,1.3901644,-0.8233904082420406
2,1,294203.5029299769,-0.812,1.3891908,-0.8245183445734319
2,1,294208.5031262515,-0.812,1.3879308,-0.8256462811637988
2,1,294213.5033225261,-0.812,1.386728,-0.8267742148574893
2,1,294218.5035188007,-0.812,1.385449,-0.8279021508513262
2,1,294223.5037150753,-0.812,1.3844945,-0.8290300896419125
2,1,294228.5039113499,-0.812,1.3833683,-0.8301580293839114
2,1,294233.50410762476,-0.812,1.382051,-0.8312859672350854
2,1,294238.5043038996,-0.812,1.3811156,-0.8324139052635369
2,1,294243.50450017443,-0.812,1.3801037,-0.8335418424471057
2,1,294248.50469644926,-0.812,1.3788247,-0.8346697815535437
2,1,294253.5048927241,-0.812,1.3779274,-0.8357977190559577
2,1,294258.50508899894,-0.812,1.3766675,-0.836925658077843
2,1,294263.5052852738,-0.812,1.3755221,-0.8380535949974627
2,1,294268.5054815486,-0.812,1.3742812,-0.8391815326508685
2,1,294273.50567782344,-0.812,1.3731549,-0.840309470352723
2,1,294278.5058740983,-0.812,1.3722194,-0.841437406455951
2,1,294283.5060703731,-0.812,1.3710932,-0.8425653435769416
2,1,294288.50626664795,-0.812,1.3698905,-0.8436932796728217
2,1,294293.5064629228,-0.812,1.3687259,-0.8448212119139966
2,1,294298.5066591976,-0.812,1.367676,-0.8459491447902723
2,1,294303.50685547246,-0.812,1.3664924,-0.8470770790693531
2,1,294308.5070517473,-0.812,1.3650988,-0.8482050108344459
2,1,294313.5072480221,-0.812,1.3640107,-0.849332939761841
2,1,294318.50744429696,-0.812,1.3627889,-0.8504608686678148
2,1,294323.5076405718,-0.812,1.3616244,-0.8515887988900016
2,1,294328.50783684663,-0.812,1.3601162,-0.852716725911803
2,1,294333.508033121,-0.812,1.3589517,-0.85384465370568
2,1,294338.5082293954,-0.812,1.357749,-0.8549725831428835
2,1,294343.50842566974,-0.812,1.3567373,-0.8561005119223266
2,1,294348.5086219441,-0.812,1.3555155,-0.857228443038497
2,1,294353.5088182185,-0.812,1.3541027,-0.8583563727132548
2,1,294358.50901449285,-0.812,1.3528047,-0.8594843035190936
2,1,294363.5092107672,-0.812,1.3515447,-0.8606122336354688
2,1,294368.5094070416,-0.812,1.3502275,-0.8617401628939941
2,1,294373.50960331596,-0.812,1.3488339,-0.8628680921471451
2,1,294378.50979959033,-0.812,1.3475739,-0.8639960201466382
2,1,294383.5099958647,-0.812,1.346333,-0.8651239511848192
2,1,294388.5101921391,-0.812,1.3449776,-0.8662518810585672
2,1,294393.51038841344,-0.812,1.343374,-0.8673798099436761
2,1,294398.5105846878,-0.812,1.3421522,-0.8685077406063545
2,1,294403.5107809622,-0.812,1.3406823,-0.8696356715461911
2,1,294408.51097723655,-0.812,1.3391551,-0.8707636023561923
2,1,294413.5111735109,-0.812,1.3379714,-0.8718915318794815
2,1,294418.5113697853,-0.812,1.3365779,-0.8730194602180887
2,1,294423.51156605966,-0.812,1.3352606,-0.8741473918959667
2,1,294428.51176233403,-0.812,1.3335617,-0.8752753230540689
2,1,294433.5119586084,-0.812,1.332168,-0.8764032544300293
2,1,294438.5121548828,-0.812,1.3308699,-0.8775311850661107
2,1,294443.51235115714,-0.812,1.3294764,-0.87865911728854
2,1,294448.5125474315,-0.812,1.327949,-0.879787050661554
2,1,294453.5127437059,-0.812,1.3264409,-0.8809149837371344
2,1,294458.51293998025,-0.812,1.3252001,-0.8820429149885212
2,1,294463.5131362546,-0.812,1.3238065,-0.8831708474304313
2,1,294468.513332529,-0.812,1.3222029,-0.8842987801030412
2,1,294473.51352880336,-0.812,1.3206375,-0.8854267106713356
2,1,294478.51372507773,-0.812,1.3192248,-0.8865546401908201
2,1,294483.5139213521,-0.812,1.3176975,-0.887682572372493
2,1,294488.5141176265,-0.812,1.3159031,-0.8888105052202677
2,1,294493.51431390084,-0.812,1.3144331,-0.8899384365597137
2,1,294498.5145101752,-0.812,1.3128487,-0.8910663707346455
2,1,294503.5147064496,-0.812,1.3113787,-0.8921943048359058
2,1,294508.51490272395,-0.812,1.3097942,-0.8933222389457062
2,1,294513.5150989983,-0.812,1.3081715,-0.8944501745266916
2,1,294518.5152952727,-0.812,1.306377,-0.8955781080308757
2,1,294523.51549154706,-0.812,1.3051553,-0.8967060393640335
2,1,294528.51568782143,-0.812,1.3033035,-0.8978339718893735
2,1,294533.5158840958,-0.812,1.3019862,-0.8989619044093657
2,1,294538.5160803702,-0.812,1.3002108,-0.9000898360890053
2,1,294543.51627664454,-0.812,1.2984928,-0.9012177689991396
2,1,294548.5164729189,-0.812,1.296641,-0.9023457013570834
2,1,294553.5166691933,-0.812,1.2949419,-0.9034736335918574
2,1,294558.51686546765,-0.812,1.2933766,-0.9046015677633916
2,1,294563.517061742,-0.812,1.2916584,-0.9057294994096096
2,1,294568.5172580164,-0.812,1.2900357,-0.9068574308173195
2,1,294573.51745429076,-0.812,1.2881839,-0.9079853619204232
2,1,294578.51765056513,-0.812,1.2865804,-0.9091132913435237
2,1,294583.5178468395,-0.812,1.2847096,-0.9102412227052817
2,1,294588.5180431139,-0.812,1.2829914,-0.9113691531845103
2,1,294593.51823938824,-0.812,1.2814451,-0.9124970864546799
2,1,294598.5184356626,-0.812,1.279727,-0.9136250224197278
2,1,294603.518631937,-0.812,1.2779897,-0.9147529573944577
2,1,294608.51882821135,-0.812,1.2760235,-0.9158808902480173
2,1,294613.5190244857,-0.812,1.2742289,-0.9170088215829102
2,1,294618.5192207601,-0.812,1.2722627,-0.9181367536142934
2,1,294623.51941703446,-0.812,1.270449,-0.9192646835293142
2,1,294628.51961330883,-0.812,1.2684828,-0.9203926133212317
2,1,294633.5198095832,-0.812,1.2668792,-0.9215205435569686
2,1,294638.5200058576,-0.812,1.2648556,-0.9226484704153771
2,1,294643.52020213194,-0.812,1.2631567,-0.9237763984398115
2,1,294648.5203984063,-0.812,1.2611331,-0.9249043257639841
2,1,294653.5205946807,-0.812,1.2592622,-0.9260322531585496
2,1,294658.52079095505,-0.812,1.2573913,-0.9271601831017238
2,1,294663.5209872294,-0.812,1.2554059,-0.9282881126842799
2,1,294668.5211835038,-0.812,1.2532487,-0.9294160465767849
2,1,294673.52137977816,-0.812,1.2514542,-0.9305439794267186
2,1,294678.52157605253,-0.812,1.2495261,-0.931671912479722
2,1,294683.5217723269,-0.812,1.247598,-0.9327998481928576
2,1,294688.5219686013,-0.812,1.245479,-0.9339277858109708
2,1,294693.52216487564,-0.812,1.2437036,-0.9350557235284781
2,1,294698.52236115,-0.812,1.2415464,-0.9361836654878459
2,1,294703.5225574244,-0.812,1.2395037,-0.937311608194709
2,1,294708.52275369875,-0.812,1.2373656,-0.9384395512839955
2,1,294713.5229499731,-0.812,1.2358384,-0.9395674939246478
2,1,294718.5231462475,-0.812,1.2332803,-0.940695433165567
2,1,294723.52334252186,-0.812,1.2313331,-0.9418233719186918
2,1,294728.5235387967,-0.812,1.2291186,-0.9429513085493018
2,1,294733.52373507153,-0.812,1.2271714,-0.9440792453039953
2,1,294738.52393134637,-0.812,1.2249761,-0.9452071795204152
2,1,294743.5241276212,-0.812,1.2229525,-0.9463351132074862
2,1,294748.52432389604,-0.812,1.2208143,-0.9474630481058296
2,1,294753.5245201709,-0.812,1.218428,-0.9485909790544116
2,1,294758.5247164457,-0.812,1.2162708,-0.9497189149568813
2,1,294763.52491272055,-0.812,1.2143427,-0.950846850813727
2,1,294768.5251089954,-0.812,1.212071,-0.9519747834276793
2,1,294773.5253052702,-0.812,1.2098184,-0.9531027141934902
2,1,294778.52550154505,-0.812,1.2076038,-0.9542306468874949
2,1,294783.5256978199,-0.812,1.2054657,-0.9553585806690956
2,1,294788.5258940947,-0.812,1.2030604,-0.9564865122960446
2,1,294793.52609036956,-0.812,1.2005404,-0.957614443699834
2,1,294794.82128941454,-0.812,1.1999104,-0.9579066113141317
2,1,294794.8214894142,-0.812,1.200044,-0.9579066564283244
2,2,294794.8222894138,0.812,1.292813,8.957416812578837e-08
2,2,294799.8224856891,0.812,1.4904648,0.0011276981666021877
2,2,294804.82268196344,0.812,1.5564982,0.0022553049692478444
2,2,294809.8228782378,0.812,1.6079656,0.003382911082641946
2,2,294814.8230745122,0.812,1.6515487,0.004510521516770125
2,2,294819.82327078655,0.812,1.6901875,0.005638130889577999
2,2,294824.8234670609,0.812,1.7249509,0.0067657405718333195
2,2,294829.8236633353,0.812,1.7569845,0.007893352506495185
2,2,294834.82385960966,0.812,1.7867271,0.009020967540923092
2,2,294839.82405588403,0.812,1.8145034,0.010148580530534189
2,2,294844.8242521584,0.812,1.8405617,0.011276191760619482
2,2,294849.8244484328,0.812,1.865551,0.012403804865456291
2,2,294854.82464470714,0.812,1.8892038,0.01353142066739003
2,2,294859.8248409815,0.812,1.9114249,0.01465903582814667
2,2,294864.8250372559,0.812,1.9327488,0.01578665030038688
2,2,294869.82523353025,0.812,1.9529654,0.016914263228969443
2,2,294874.8254298046,0.812,1.9721512,0.018041875050173867
2,2,294879.825626079,0.812,1.9901915,0.01916949012442761
2,2,294884.82582235336,0.812,2.007239,0.02029710488289926
2,2,294889.82601862773,0.812,2.0236187,0.021424721794747647
2,2,294894.8262149021,0.812,2.0387192,0.022552336938497095
2,2,294899.8264111765,0.812,2.0532467,0.0236799519554774
2,2,294904.82660745084,0.812,2.0666292,0.02480756527150671
2,2,294909.8268037252,0.812,2.079515,0.02593517645872633
2,2,294914.8269999996,0.812,2.0914083,0.027062788564006488
2,2,294919.82719627395,0.812,2.1025953,0.02819039964227544
2,2,294924.8273925483,0.812,2.1129804,0.029318009880661963
2,2,294929.8275888227,0.812,2.1230028,0.030445616407410964
2,2,294934.82778509706,0.812,2.1323378,0.031573224407239094
2,2,294939.82798137143,0.812,2.141272,0.032700830274088516
2,2,294944.8281776458,0.812,2.1495764,0.03382843740559618
2,2,294949.8283739202,0.812,2.1574035,0.034956044038580526
2,2,294954.82857019454,0.812,2.1649823,0.03608365111076832
2,2,294959.8287664689,0.812,2.1720266,0.037211256733811565
2,2,294964.8289627433,0.812,2.1786318,0.03833886227571633
2,2,294969.82915901765,0.812,2.1850653,0.03946646710127592
2,2,294974.829355292,0.812,2.1912506,0.04059407029644648
2,2,294979.8295515664,0.812,2.197054,0.04172167688332332
2,2,294984.82974784076,0.812,2.202552,0.042849282724907
2,2,294989.82994411513,0.812,2.207821,0.043976888864474165
2,2,294994.8301403895,0.812,2.212727,0.04510449140312937
2,2,294999.8303366639,0.812,2.2175379,0.046232093540049264
2,2,295004.83053293824,0.812,2.2220242,0.047359695521106325
2,2,295009.8307292126,0.812,2.226625,0.04848729919160737
2,2,295014.830925487,0.812,2.2306721,0.049614901387625275
2,2,295019.83112176135,0.812,2.234681,0.050742503587709535
2,2,295024.8313180357,0.812,2.2388427,0.051870106325887975
2,2,295029.8315143101,0.812,2.2425845,0.052997711086657316
2,2,295034.83171058446,0.812,2.2461162,0.05412531510528591
2,2,295039.83190685883,0.812,2.2498195,0.05525292237071859
2,2,295044.8321031332,0.812,2.253294,0.05638053026811614
2,2,295049.8322994076,0.812,2.2565203,0.05750813606563211
2,2,295054.83249568194,0.812,2.2597084,0.058635741061101365
2,2,295059.8326919563,0.812,2.2629347,0.059763346787157993
2,2,295064.8328882307,0.812,2.2660463,0.06089095260095597
2,2,295069.83308450505,0.812,2.2689862,0.06201856046868034
2,2,295074.8332807794,0.812,2.2719643,0.06314616730168794
2,2,295079.8334770538,0.812,2.2747705,0.06427377593403394
2,2,295084.83367332816,0.812,2.2775197,0.06540138364410733
2,2,295089.83386960253,0.812,2.2802114,0.06652898943090771
2,2,295094.8340658769,0.812,2.2827694,0.06765659676328634
2,2,295099.8342621513,0.812,2.285194,0.06878420241067808
2,2,295104.83445842564,0.812,2.2879047,0.06991180782019761
2,2,295109.8346547,0.812,2.2903101,0.07103941320525937
2,2,295114.8348509744,0.812,2.2929637,0.07216701984370417
2,2,295119.83504724875,0.812,2.29514,0.073294626628836
2,2,295124.8352435231,0.812,2.2973545,0.07442223342949152
2,2,295129.8354397975,0.812,2.2999125,0.07554984028279119
2,2,295134.83563607186,0.812,2.3020315,0.07667744648520151
2,2,295139.83583234623,0.812,2.3042078,0.07780505222575532
2,2,295144.83602862107,0.812,2.3064032,0.07893266036350528
2,2,295149.8362248959,0.812,2.3086941,0.08006026730415557
2,2,295154.83642117074,0.812,2.3108323,0.08118787392055327
2,2,295159.8366174456,0.812,2.3128748,0.08231547698767318
2,2,295164.8368137204,0.812,2.3149366,0.08344308229414953
2,2,295169.83700999524,0.812,2.317113,0.08457068789384099
2,2,295174.8372062701,0.812,2.3191173,0.08569829349522126
2,2,295179.8374025449,0.812,2.32116,0.08682589898772371
2,2,295184.83759881975,0.812,2.323069,0.0879535052163965
2,2,295189.8377950946,0.812,2.3250926,0.08908111250115101
2,2,295194.8379913694,0.812,2.3271735,0.09020871828482878
2,2,295199.83818764426,0.812,2.3290825,0.09133632246523762
2,2,295204.8383839191,0.812,2.3309534,0.09246392576213676
2,2,295209.83858019393,0.812,2.3329577,0.09359152802607747
2,2,295214.83877646876,0.812,2.3349242,0.09471913315670356
2,2,295219.8389727436,0.812,2.3368905,0.09584673792195982
2,2,295224.83916901844,0.812,2.3388186,0.09697434228185811
2,2,295229.8393652933,0.812,2.3407085,0.09810194676588971
2,2,295234.8395615681,0.812,2.3426747,0.09922955023314554
2,2,295239.83975784294,0.812,2.3444884,0.1003571547687451
2,2,295244.83995411755,0.812,2.3463783,0.10148476014220714
2,2,295249.84015039215,0.812,2.3481538,0.10261236468860176
2,2,295254.84034666675,0.812,2.3500628,0.10373996690610382
2,2,295259.84054294135,0.812,2.351991,0.10486757102889815
2,2,295264.84073921596,0.812,2.3537662,0.10599517359260717
2,2,295269.8409354901,0.812,2.355408,0.1071227752067877
2,2,295274.8411317647,0.812,2.3573554,0.10825037831635606
2,2,295279.8413280393,0.812,2.3593788,0.10937798133476243
2,2,295284.8415243139,0.812,2.3612306,0.11050558491462137
2,2,295289.8417205885,0.812,2.363025,0.11163318799894054
2,2,295294.8419168632,0.812,2.3649533,0.11276078993323775
2,2,295299.84211313794,0.812,2.3669004,0.1138883936645256
2,2,295304.84230941266,0.812,2.3687139,0.1150160000701116
2,2,295309.8425056874,0.812,2.3705466,0.11614360798384413
2,2,295314.8427019621,0.812,2.3724174,0.11727121424845853
2,2,295319.8428982368,0.812,2.3743646,0.11839882281311682
2,2,295324.84309451154,0.812,2.3761783,0.11952642932612696
2,2,295329.84329078626,0.812,2.3781445,0.12065403476192883
2,2,295334.843487061,0.812,2.3799772,0.12178163899657792
2,2,295339.8436833357,0.812,2.3817909,0.12290924094925985
2,2,295344.8438796104,0.812,2.3836236,0.12403684303852584
2,2,295349.84407588514,0.812,2.3853989,0.1251644466085798
2,2,295354.8442721598,0.812,2.3874798,0.1262920521751642
2,2,295359.8444684345,0.812,2.3893507,0.12741965711397263
2,2,295364.84466470924,0.812,2.3912978,0.12854726345044043
2,2,295369.8448609839,0.812,2.3931496,0.1296748658253749
2,2,295374.8450572586,0.812,2.3950777,0.13080246839350793
2,2,295379.84525353333,0.812,2.396834,0.13193007378691435
2,2,295384.84544980805,0.812,2.3988385,0.1330576809336212
2,2,295389.8456460828,0.812,2.4009192,0.13418528903560506
2,2,295394.8458423577,0.812,2.4026947,0.13531289842160213
2,2,295399.8460386323,0.812,2.4047182,0.13644050667180618
2,2,295404.84623490693,0.812,2.406589,0.13756811307752134
2,2,295409.84643118153,0.812,2.4087653,0.1386957189394567
2,2,295414.84662745614,0.812,2.4107509,0.13982332815604412
2,2,295419.84682373074,0.812,2.4125452,0.14095093805879688
2,2,295424.84702000534,0.812,2.4144926,0.1420785409395993
2,2,295429.84721627994,0.812,2.4166305,0.14320613187515405
2,2,295434.84741255455,0.812,2.4184442,0.14433372379440068
2,2,295439.84760882915,0.812,2.4204488,0.14546131599780915
2,2,295444.84780510375,0.812,2.4224913,0.14658891119937761
2,2,295449.8480013786,0.812,2.4246676,0.14771651509594583
2,2,295454.8481976534,0.812,2.4267485,0.1488441227622661
2,2,295459.84839392826,0.812,2.4286575,0.14997173141853012
2,2,295464.8485902031,0.812,2.430681,0.15109934001225894
2,2,295469.84878647793,0.812,2.4326856,0.15222694561743405
2,2,295474.84898275277,0.812,2.4347472,0.1533545511711041
2,2,295479.8491790276,0.812,2.4368281,0.15448215849659508
2,2,295484.84937530244,0.812,2.438871,0.15560976647640268
2,2,295489.8495715773,0.812,2.4408753,0.15673737514262728
2,2,295494.8497678521,0.812,2.4431088,0.1578649834954639
2,2,295499.84996412694,0.812,2.4450178,0.1589925932692289
2,2,295504.8501604018,0.812,2.447175,0.16012020138442845
2,2,295509.8503566766,0.812,2.4491415,0.16124780912786058
2,2,295514.85055295145,0.812,2.4513178,0.16237541546558337
2,2,295519.8507492263,0.812,2.4531884,0.16350302255566912
2,2,295524.8509455011,0.812,2.455365,0.16463062765892011
2,2,295529.85114177596,0.812,2.4572356,0.16575823113613322
2,2,295534.8513380508,0.812,2.4593546,0.16688583303874727
2,2,295539.85153432516,0.812,2.46155,0.16801343798841034
2,2,295544.8517306,0.812,2.463459,0.16914104225475254
2,2,295549.85192687437,0.812,2.4657881,0.1702686442762977
2,2,295554.85212314874,0.812,2.4677734,0.17139624698703815
2,2,295559.8523194231,0.812,2.4698925,0.17252385394433137
2,2,295564.8525156975,0.812,2.4719543,0.17365145817392066
2,2,295569.85271197185,0.812,2.474016,0.17477906666706994
2,2,295574.8529082462,0.812,2.476154,0.1759066740590201
2,2,295579.8531045206,0.812,2.478235,0.1770342826473315
2,2,295584.85330079496,0.812,2.480335,0.17816189125731582
2,2,295589.8534970693,0.812,2.482263,0.17928949894508053
2,2,295594.8536933437,0.812,2.4844012,0.18041710545403755
2,2,295599.85388961807,0.812,2.4864247,0.18154471210089324
2,2,295604.85408589244,0.812,2.4884675,0.18267231963243086
2,2,295609.8542821668,0.812,2.4905674,0.1837999299023118
2,2,295614.8544784412,0.812,2.4926481,0.18492753796309894
2,2,295619.85467471555,0.812,2.4944427,0.18605514336113796
2,2,295624.8548709899,0.812,2.4964852,0.1871827482914792
2,2,295629.8550672643,0.812,2.498509,0.18831035363997023
2,2,295634.85526353866,0.812,2.500456,0.18943795628345345
2,2,295639.855459813,0.812,2.502537,0.19056556047256457
2,2,295644.8556560874,0.812,2.5043504,0.19169316560780672
2,2,295649.85585236177,0.812,2.5063932,0.19282077029827568
2,2,295654.85604863614,0.812,2.5083404,0.19394837166130874
2,2,295659.8562449105,0.812,2.5100393,0.19507597106004423
2,2,295664.8564411849,0.812,2.5120249,0.19620356884412632
2,2,295669.85663745925,0.812,2.5138576,0.19733116589750513
2,2,295674.8568337336,0.812,2.5157666,0.19845876591761905
2,2,295679.857030008,0.812,2.5176375,0.19958636636866461
2,2,295684.85722628236,0.812,2.519451,0.20071396698216595
2,2,295689.8574225567,0.812,2.5212836,0.20184156497488087
2,2,295694.8576188311,0.812,2.5230591,0.20296916362290912
2,2,295699.85781510547,0.812,2.5248153,0.20409676250978973
2,2,295704.85801137984,0.812,2.5263808,0.2052243605970376
2,2,295709.8582076542,0.812,2.528156,0.2063519591209491
2,2,295714.8584039286,0.812,2.5298743,0.20747956008337604
2,2,295719.85860020295,0.812,2.5315542,0.20860716226966183
2,2,295724.8587964773,0.812,2.5331578,0.2097347523718675
2,2,295729.8589927517,0.812,2.5343986,0.21086234070679877
2,2,295734.85918902606,0.812,2.536384,0.21198993121976986
2,2,295739.8593853004,0.812,2.5378158,0.2131175205332637
2,2,295744.8595815748,0.812,2.539324,0.21424510751407347
2,2,295749.85977784917,0.812,2.5408893,0.21537270899892516
2,2,295754.85997412354,0.812,2.5423021,0.21650031126516728
2,2,295759.8601703979,0.812,2.5436,0.21762791333345574
2,2,295764.8603666723,0.812,2.5452418,0.21875551567533613
2,2,295769.86056294665,0.812,2.5466356,0.21988312379139
2,2,295774.860759221,0.812,2.5480292,0.22101073084635536
2,2,295779.8609554954,0.812,2.5493655,0.22213833850586415
2,2,295784.86115176976,0.812,2.55053,0.22326594615033268
2,2,295789.8613480441,0.812,2.5518854,0.22439355301888783
2,2,295794.8615443185,0.812,2.5530117,0.22552116101773248
2,2,295799.86174059287,0.812,2.5544052,0.22664876702891124
2,2,295804.86193686724,0.812,2.5554934,0.22777637212315532
2,2,295809.8621331416,0.812,2.5568297,0.22890397853823172
2,2,295814.862329416,0.812,2.5578606,0.23003158531923756
2,2,295819.86252569035,0.812,2.5589488,0.23115919438508814
2,2,295824.8627219647,0.812,2.5601132,0.2322868003522522
2,2,295829.8629182391,0.812,2.5611823,0.23341440488745768
2,2,295834.86311451346,0.812,2.5620987,0.23454201049762632
2,2,295839.8633107878,0.812,2.5629578,0.23566961573179893
2,2,295844.8635070622,0.812,2.5639505,0.23679721749940844
2,2,295849.86370333657,0.812,2.5650003,0.23792481884512304
2,2,295854.86389961094,0.812,2.565955,0.23905242229873272
2,2,295859.8640958853,0.812,2.567005,0.24018002506706118
2,2,295864.8642921597,0.812,2.5675395,0.24130762733224034
2,2,295869.86448843405,0.812,2.568761,0.24243523322133223
2,2,295874.8646847084,0.812,2.5692003,0.2435628408727447
2,2,295879.8648809828,0.812,2.5701356,0.24469045231612524
2,2,295884.86507725716,0.812,2.5709758,0.24581806317246954
2,2,295889.8652735315,0.812,2.5715103,0.24694567463390363
2,2,295894.8654698059,0.812,2.5724075,0.24807328553070954
2,2,295899.86566608027,0.812,2.5732093,0.24920089424219394
2,2,295904.86586235464,0.812,2.5740302,0.25032850226206577
2,2,295909.866058629,0.812,2.574469,0.25145611142633356
2,2,295914.8662549034,0.812,2.57529,0.25258371865965257
2,2,295919.86645117775,0.812,2.5759583,0.2537113273085786
2,2,295924.8666474521,0.812,2.576531,0.2548389354550507
2,2,295929.8668437265,0.812,2.5771608,0.25596654615689646
2,2,295934.86704000086,0.812,2.5777335,0.2570941565722757
2,2,295939.8672362757,0.812,2.57844,0.25822176746574377
2,2,295944.8674325505,0.812,2.5790699,0.2593493781062067
2,2,295949.86762882536,0.812,2.5795853,0.2604769867652158
2,2,295954.8678251002,0.812,2.5800817,0.2616045915027261
2,2,295959.86802137503,0.812,2.580559,0.26273219457842245
2,2,295964.86821764987,0.812,2.5813036,0.2638598007687993
2,2,295969.8684139247,0.812,2.58159,0.2649874043071171
2,2,295974.86861019954,0.812,2.5821817,0.26611501064377363
2,2,295979.8688064744,0.812,2.5826209,0.26724261935610244
2,2,295984.8690027492,0.812,2.5832317,0.2683702258421713
2,2,295989.86919902405,0.812,2.583709,0.26949783051712983
2,2,295994.8693952989,0.812,2.5841098,0.2706254339065817
2,2,295999.8695915737,0.812,2.584587,0.27175304076560675
2,2,296004.86978784855,0.812,2.585007,0.27288065018137303
2,2,296009.8699841229,0.812,2.5854461,0.2740082532745733
2,2,296014.87018039776,0.812,2.5859425,0.2751358551486632
2,2,296019.8703766726,0.812,2.5863051,0.27626345578496
2,2,296024.87057294743,0.812,2.5867634,0.27739106000127733
2,2,296029.87076922227,0.812,2.5870688,0.2785186654133996
2,2,296034.8709654971,0.812,2.587489,0.27964627348573345
2,2,296039.8711617717,0.812,2.5878134,0.28077387987756736
2,2,296044.8713580463,0.812,2.588004,0.28190148556764594
2,2,296049.8715543209,0.812,2.588577,0.28302909077038374
2,2,296054.8717505955,0.812,2.5887105,0.28415669816402933
2,2,296059.8719468701,0.812,2.589245,0.28528430316132647
2,2,296064.8721431447,0.812,2.5897224,0.28641190643959913
2,2,296069.8723394193,0.812,2.589875,0.28753950930322547
2,2,296074.8725356939,0.812,2.5901423,0.2886671097529597
2,2,296079.8727319685,0.812,2.5906959,0.28979471162415216
2,2,296084.87292824313,0.812,2.5908296,0.29092231503011123
2,2,296089.87312451785,0.812,2.5912495,0.29204991813818615
2,2,296094.87332079257,0.812,2.591765,0.2931775210369726
2,2,296099.8735170673,0.812,2.5920897,0.29430512176736856
2,2,296104.873713342,0.812,2.5922804,0.2954327266554766
2,2,296109.8739096167,0.812,2.592834,0.29656033350075944
2,2,296114.87410589145,0.812,2.5930822,0.2976879403281278
2,2,296119.87430216616,0.812,2.5934258,0.29881554471647404
2,2,296124.8744984409,0.812,2.5937696,0.2999431501812835
2,2,296129.8746947156,0.812,2.5939412,0.301070757734037
2,2,296134.87489099056,0.812,2.5943804,0.30219836438015424
2,2,296139.8750872653,0.812,2.5946286,0.3033259694050152
2,2,296144.87528354,0.812,2.5950677,0.30445357411160395
2,2,296149.8754798147,0.812,2.5954113,0.30558117817924413
2,2,296154.8756760894,0.812,2.5954494,0.3067087828949292
2,2,296159.8758723641,0.812,2.5959077,0.307836387262639
2,2,296164.87606863875,0.812,2.5961175,0.30896399477178516
2,2,296169.8762649135,0.812,2.5964994,0.3100916027050018
2,2,296174.8764611882,0.812,2.5967286,0.3112192083882921
2,2,296179.8766574629,0.812,2.5969958,0.3123468176584111
2,2,296184.87685373763,0.812,2.597263,0.3134744264652497
2,2,296189.87705001235,0.812,2.5976067,0.3146020354976753
2,2,296194.8772462867,0.812,2.5977592,0.31572964351589144
2,2,296199.8774425613,0.812,2.598103,0.3168572527203791
2,2,296204.8776388359,0.812,2.5982556,0.31798486186092423
2,2,296209.8778351105,0.812,2.5986376,0.3191124695075518
2,2,296214.87803138513,0.812,2.5989811,0.3202400756795869
2,2,296219.87822765973,0.812,2.5992484,0.3213676851193242
2,2,296224.87842393434,0.812,2.5994775,0.3224952946143646
2,2,296229.87862020894,0.812,2.5997639,0.3236229012835621
2,2,296234.87881648354,0.812,2.5999358,0.3247505079510178
2,2,296239.8790127584,0.812,2.6003366,0.32587811344695744
2,2,296244.8792090332,0.812,2.600432,0.32700571888407726
2,2,296249.87940530805,0.812,2.600642,0.3281333291147185
2,2,296254.8796015829,0.812,2.6009665,0.3292609362023803
2,2,296259.8797978577,0.812,2.6013293,0.33038854329194617
2,2,296264.87999413256,0.812,2.6014247,0.3315161495473914
2,2,296269.8801904074,0.812,2.601921,0.33264375528807105
2,2,296274.88038668176,0.812,2.601902,0.33377136072749225
2,2,296279.8805829566,0.812,2.6023793,0.3348989670987294
2,2,296284.88077923143,0.812,2.6025128,0.336026574462172
2,2,296289.88097550627,0.812,2.6029139,0.3371541804052392
2,2,296294.8811717811,0.812,2.6030283,0.33828178575557466
2,2,296299.88136805594,0.812,2.60341,0.3394093883738517
2,2,296304.8815643308,0.812,2.6035056,0.34053699190541764
2,2,296309.8817606056,0.812,2.6037347,0.34166459555431533
2,2,296314.88195688045,0.812,2.6040783,0.3427921995197435
2,2,296319.8821531553,0.812,2.6042309,0.34391980398246974
2,2,296324.8823494301,0.812,2.6043646,0.34504741007247564
2,2,296329.88254570495,0.812,2.6047273,0.34617501348211366
2,2,296334.8827419798,0.812,2.6046128,0.3473026156143844
2,2,296339.8829382546,0.812,2.6049564,0.34843021527500284
2,2,296344.883134529,0.812,2.6051474,0.34955781488353677
2,2,296349.88333080336,0.812,2.6054146,0.3506854181003736
2,2,296354.88352707773,0.812,2.60572,0.35181302222018773
2,2,296359.8837233521,0.812,2.6058536,0.3529406238738067
2,2,296364.8839196265,0.812,2.6062164,0.3540682250345913
2,2,296369.88411590084,0.812,2.6063309,0.3551958243871696
2,2,296374.8843121752,0.812,2.6065028,0.3563234230488871
2,2,296379.8845084496,0.812,2.6068845,0.3574510232339138
2,2,296384.88470472395,0.812,2.607209,0.3585786240138247
2,2,296389.8849009983,0.812,2.607228,0.35970622612473047
2,2,296394.8850972727,0.812,2.6075528,0.3608338281307221
2,2,296399.88529354706,0.812,2.607839,0.3619614327451488
2,2,296404.88548982143,0.812,2.6080108,0.3630890371853346
2,2,296409.8856860958,0.812,2.6082208,0.3642166403004362
2,2,296414.8858823702,0.812,2.6084118,0.3653442431730529
2,2,296419.88607864454,0.812,2.608641,0.36647184616886913
2,2,296424.8862749189,0.812,2.6088126,0.3675994497853518
2,2,296429.8864711933,0.812,2.6091754,0.3687270520150695
2,2,296434.88666746765,0.812,2.609347,0.3698546529772646
2,2,296439.886863742,0.812,2.609519,0.3709822555484474
2,2,296444.8870600164,0.812,2.6099007,0.3721098569344216
2,2,296449.88725629076,0.812,2.6100535,0.3732374577119748
2,2,296454.88745256513,0.812,2.6102636,0.37436505659880903
2,2,296459.8876488395,0.812,2.610569,0.3754926560478078
2,2,296464.8878451139,0.812,2.6107216,0.3766202573200365
2,2,296469.88804138824,0.812,2.6109316,0.3777478557528324
2,2,296474.8882376626,0.812,2.6112752,0.37887545249460475
2,2,296479.888433937,0.812,2.6112943,0.38000304705160526
2,2,296484.88863021135,0.812,2.6116571,0.381130643422395
2,2,296489.8888264857,0.812,2.6119053,0.3822582386251423
2,2,296494.8890227601,0.812,2.6122108,0.38338583423295614
2,2,296499.88921903446,0.812,2.6123252,0.3845134293175637
2,2,296504.88941530883,0.812,2.6126497,0.38564102642674575
2,2,296509.8896115832,0.812,2.6128979,0.3867686256787644
2,2,296514.8898078576,0.812,2.613127,0.3878962224656045
2,2,296519.89000413194,0.812,2.6134899,0.38902381797237195
2,2,296524.8902004063,0.812,2.6136997,0.3901514102463954
2,2,296529.8903966807,0.812,2.6138716,0.3912790017839869
2,2,296534.89059295505,0.812,2.6140435,0.3924065965363251
2,2,296539.8907892294,0.812,2.614387,0.39353418918000327
2,2,296544.8909855038,0.812,2.6145205,0.39466178266806073
2,2,296549.89118177816,0.812,2.6148643,0.39578937607837056
2,2,296554.89137805253,0.812,2.6149406,0.3969169704560638
2,2,296559.8915743269,0.812,2.6152651,0.39804456528697085
2,2,296564.8917706013,0.812,2.6153224,0.39917216337421213
2,2,296569.89196687564,0.812,2.6155133,0.4002997602433828
2,2,296574.89216315,0.812,2.6158187,0.401427356163823
2,2,296579.8923594244,0.812,2.6161242,0.40255494911444856
2,2,296584.89255569875,0.812,2.6163342,0.4036825377011366
2,2,296589.8927519731,0.812,2.6166015,0.40481012730839855
2,2,296594.8929482475,0.812,2.616945,0.40593771714477084
2,2,296599.89314452186,0.812,2.617136,0.4070653086847035
2,2,296604.89334079623,0.812,2.617327,0.4081929017519091
2,2,296609.8935370706,0.812,2.6174033,0.40932049402331655
2,2,296614.893733345,0.812,2.617766,0.41044808645388164
2,2,296619.89392961934,0.812,2.617976,0.4115756766979563
2,2,296624.8941258937,0.812,2.6183004,0.41270326685254455
2,2,296629.8943221681,0.812,2.618377,0.41383085828647365
2,2,296634.89451844245,0.812,2.6187396,0.41495844816829774
2,2,296639.8947147168,0.812,2.6187778,0.41608603793853205
2,2,296644.8949109912,0.812,2.619026,0.4172136286486124
2,2,296649.89510726556,0.812,2.6192741,0.4183412175013557
2,2,296654.89530353993,0.812,2.619675,0.41946880600444164
2,2,296659.8954998143,0.812,2.6198277,0.42059639480357386
2,2,296664.8956960887,0.812,2.6201522,0.4217239862212408
2,2,296669.89589236304,0.812,2.6201904,0.42285157533956585
2,2,296674.8960886374,0.812,2.6204958,0.42397916604597385
2,2,296679.8962849118,0.812,2.620763,0.4251067557223507
2,2,296684.89648118615,0.812,2.620973,0.42623434287126544
2,2,296689.8966774605,0.812,2.6212404,0.42736193162488956
2,2,296694.8968737349,0.812,2.6214314,0.4284895221613945
2,2,296699.89707000926,0.812,2.6217558,0.42961711492467936
2,2,296704.89726628363,0.812,2.6222713,0.4307447053771815
2,2,296709.897462558,0.812,2.6224432,0.4318722965379491
2,2,296714.8976588324,0.812,2.6225576,0.4329998892247877
2,2,296719.89785510674,0.812,2.6227677,0.43412748125728984
2,2,296724.8980513811,0.812,2.623035,0.4352550719439522
2,2,296729.8982476555,0.812,2.623245,0.43638266284510513
2,2,296734.8984439303,0.812,2.6234932,0.43751025451001213
2,2,296739.89864020515,0.812,2.6236458,0.43863784900158664
2,2,296744.8988364795,0.812,2.6240275,0.4397654390009445
2,2,296749.89903275436,0.812,2.6243522,0.4408930277146037
2,2,296754.8992290292,0.812,2.6243904,0.4420206076481676
2,2,296759.89942530403,0.812,2.624753,0.4431481847669915
2,2,296764.89962157886,0.812,2.6252494,0.4442757620641062
2,2,296769.8998178537,0.812,2.6252494,0.4454033476715289
2,2,296774.90001412854,0.812,2.6255548,0.4465309375134345
2,2,296779.9002104034,0.812,2.6258602,0.4476585285536186
2,2,296784.9004066782,0.812,2.6261084,0.44878611701352095
2,2,296789.90060295304,0.812,2.6262803,0.4499137081859909
2,2,296794.9007992279,0.812,2.6265666,0.45104130043375185
2,2,296799.9009955027,0.812,2.626853,0.45216889288240697
2,2,296804.90119177755,0.812,2.6269102,0.4532964861463344
2,2,296809.9013880524,0.812,2.6272922,0.45442407954986586
2,2,296814.9015843272,0.812,2.62754,0.4555516753697729
2,2,296819.90178060206,0.812,2.6278267,0.45667927123841673
2,2,296824.9019768769,0.812,2.6282084,0.45780686643764074
2,2,296829.9021731517,0.812,2.6284184,0.4589344619462592
2,2,296834.90236942633,0.812,2.628571,0.4600620570275091
2,2,296839.90256570093,0.812,2.6288192,0.4611896508882512
2,2,296844.90276197554,0.812,2.6291437,0.46231724701740373
2,2,296849.90295825014,0.812,2.629411,0.46344484390755525
2,2,296854.90315452474,0.812,2.6296782,0.46457244064729114
2,2,296859.90335079934,0.812,2.6298692,0.4657000380710532
2,2,296864.90354707395,0.812,2.6301174,0.4668276346214019
2,2,296869.9037433488,0.812,2.6304038,0.46795522896444824
2,2,296874.9039396234,0.812,2.63069,0.4690828243549734
2,2,296879.904135898,0.812,2.6309383,0.47021041939992736
2,2,296884.9043321727,0.812,2.6313965,0.471338016236034
2,2,296889.9045284474,0.812,2.6315682,0.47246560965852963
2,2,296894.90472472215,0.812,2.631721,0.4735932051891985
2,2,296899.90492099687,0.812,2.632389,0.47472080327038657
2,2,296904.9051172716,0.812,2.6324656,0.4758484009718169
2,2,296909.9053135463,0.812,2.6326754,0.4769759983483423
2,2,296914.905509821,0.812,2.6329045,0.47810359675604464
2,2,296919.90570609574,0.812,2.6332483,0.4792311948767307
2,2,296924.90590237046,0.812,2.6334963,0.48035879404831955
2,2,296929.9060986452,0.812,2.633649,0.4814863929694927
2,2,296934.9062949198,0.812,2.6340117,0.48261399252017034
2,2,296939.90649119444,0.812,2.6342409,0.4837415903264684
2,2,296944.90668746916,0.812,2.6345463,0.48486918600304946
2,2,296949.9068837439,0.812,2.6348517,0.4859967805421322
2,2,296954.9070800186,0.812,2.6350427,0.48712437723726393
2,2,296959.90727629326,0.812,2.63531,0.488251975560523
2,2,296964.907472568,0.812,2.6356344,0.4893795733540922
2,2,296969.9076688427,0.812,2.6360354,0.49050717383464537
2,2,296974.9078651174,0.812,2.63636,0.491634774635908
2,2,296979.90806139214,0.812,2.6365128,0.4927623759351078
2,2,296984.90825766674,0.812,2.6367416,0.4938899736487637
2,2,296989.90845394135,0.812,2.6371617,0.4950175707364682
2,2,296994.90865021595,0.812,2.6375818,0.49614516924955815
2,2,296999.90884649055,0.812,2.6377726,0.49727276960580585
2,2,297004.90904276515,0.812,2.6379063,0.49840037158705497
2,2,297009.90923903976,0.812,2.6384027,0.49952797498473894
2,2,297014.9094353139,0.812,2.6385934,0.5006555778839559
2,2,297019.9096315885,0.812,2.6390326,0.5017831827664213
2,2,297024.9098278631,0.812,2.6392236,0.5029107853679329
2,2,297029.9100241377,0.812,2.6396816,0.5040383862503737
2,2,297034.91022041254,0.812,2.6397772,0.5051659881726374
2,2,297039.9104166874,0.812,2.6399107,0.5062935917103889
2,2,297044.9106129622,0.812,2.6402543,0.507421193498923
2,2,297049.91080923704,0.812,2.6406362,0.5085487939371536
2,2,297054.9110055119,0.812,2.6409798,0.5096763909646673
2,2,297059.9112017867,0.812,2.6413999,0.5108039887053506
2,2,297064.91139806155,0.812,2.6415715,0.5119315874463753
2,2,297069.9115943364,0.812,2.6417434,0.5130591826891538
2,2,297074.9117906112,0.812,2.6422207,0.5141867766085999
2,2,297079.91198688606,0.812,2.6425452,0.5153143738054438
2,2,297084.9121831609,0.812,2.6427362,0.5164419711193577
2,2,297089.91237943573,0.812,2.643118,0.5175695689179172
2,2,297094.91257571056,0.812,2.6433089,0.5186971681765254
2,2,297099.9127719854,0.812,2.6438053,0.5198247654291063
2,2,297104.91296826024,0.812,2.6442442,0.52095236584677
2,2,297109.9131645351,0.812,2.6445687,0.5220799652475221
2,2,297114.9133608099,0.812,2.6449697,0.5232075652294923
2,2,297119.91355708474,0.812,2.6455042,0.5243351669655975
2,2,297124.9137533596,0.812,2.6456378,0.525462770608932
2,2,297129.9139496344,0.812,2.646268,0.5265903758694399
2,2,297134.91414590925,0.812,2.6464014,0.5277179781891044
2,2,297139.9143421836,0.812,2.6468406,0.5288455834874943
2,2,297144.914538458,0.812,2.6468787,0.5299731903565396
2,2,297149.91473473236,0.812,2.6475658,0.5311007956524327
2,2,297154.91493100673,0.812,2.647986,0.5322284032977953
2,2,297159.9151272811,0.812,2.6481388,0.533356011002799
2,2,297164.91532355547,0.812,2.6485968,0.5344836167774764
2,2,297169.91551982984,0.812,2.6487305,0.5356112215402623
2,2,297174.9157161042,0.812,2.6492076,0.5367388272032573
2,2,297179.9159123786,0.812,2.6494367,0.5378664307434957
2,2,297184.91610865295,0.812,2.649914,0.5389940323498912
2,2,297189.9163049273,0.812,2.6503341,0.5401216333107353
2,2,297194.9165012017,0.812,2.650563,0.5412492352306082
2,2,297199.91669747606,0.812,2.6508303,0.5423768329360585
2,2,297204.91689375043,0.812,2.6513457,0.5435044312533671
2,2,297209.9170900248,0.812,2.6516705,0.5446320320797365
2,2,297214.91728629917,0.812,2.6518803,0.5457596314317255
2,2,297219.91748257354,0.812,2.6523957,0.5468872294625807
2,2,297224.9176788479,0.812,2.6524913,0.5480148292375838
2,2,297229.9178751223,0.812,2.652892,0.5491424307698676
2,2,297234.91807139665,0.812,2.6532547,0.5502700326819621
2,2,297239.918267671,0.812,2.653522,0.5513976351707149
2,2,297244.9184639454,0.812,2.6538277,0.5525252393142617
2,2,297249.91866021976,0.812,2.6542666,0.5536528423802889
2,2,297254.9188564941,0.812,2.654572,0.5547804447763797
2,2,297259.9190527685,0.812,2.6550112,0.5559080469669537
2,2,297264.91924904287,0.812,2.655393,0.5570356487658789
2,2,297269.91944531724,0.812,2.655813,0.5581632495054307
2,2,297274.9196415916,0.812,2.6561756,0.5592908489831556
2,2,297279.919837866,0.812,2.6563857,0.5604184475607742
2,2,297284.92003414035,0.812,2.6568058,0.5615460478124455
2,2,297289.9202304147,0.812,2.6572638,0.5626736447149816
2,2,297294.9204266891,0.812,2.6577792,0.5638012438708646
2,2,297299.92062296346,0.812,2.6580274,0.5649288430914484
2,2,297304.9208192378,0.812,2.658352,0.5660564414799084
2,2,297309.9210155122,0.812,2.6586764,0.5671840403730343
2,2,297314.92121178657,0.812,2.6591156,0.5683116381528016
2,2,297319.92140806094,0.812,2.6595929,0.5694392346384429
2,2,297324.9216043353,0.812,2.6600127,0.570566831696504
2,2,297329.9218006097,0.812,2.6603374,0.5716944303028487
2,2,297334.92199688405,0.812,2.6607,0.5728220315788093
2,2,297339.9221931584,0.812,2.6612346,0.5739496339022288
2,2,297344.9223894328,0.812,2.6619217,0.5750772343061966
2,2,297349.92258570716,0.812,2.6621127,0.5762048357867899
2,2,297354.9227819815,0.812,2.6625519,0.5773324379787912
2,2,297359.9229782559,0.812,2.6630292,0.5784600398852497
2,2,297364.92317453027,0.812,2.6635444,0.579587642454757
2,2,297369.92337080464,0.812,2.6636972,0.5807152433846828
2,2,297374.923567079,0.812,2.6639836,0.5818428430351983
2,2,297379.9237633534,0.812,2.6645563,0.5829704426021646
2,2,297384.92395962775,0.812,2.6649764,0.5840980412002077
2,2,297389.9241559021,0.812,2.6654534,0.585225639930891
2,2,297394.9243521765,0.812,2.6658163,0.5863532380454677
2,2,297399.92454845086,0.812,2.6661599,0.587480837123911
2,2,297404.9247447252,0.812,2.666599,0.5886084365132223
2,2,297409.9249409996,0.812,2.6671526,0.5897360347811649
2,2,297414.92513727397,0.812,2.6673627,0.5908636349867353
2,2,297419.92533354834,0.812,2.6677444,0.5919912366522521
2,2,297424.9255298227,0.812,2.6683934,0.5931188400413331
2,2,297429.9257260971,0.812,2.6688325,0.5942464422564377
2,2,297434.92592237145,0.812,2.6690998,0.5953740490372846
2,2,297439.9261186458,0.812,2.6695962,0.5965016554639475
2,2,297444.9263149202,0.812,2.6699588,0.5976292627924287
2,2,297449.92651119456,0.812,2.6703408,0.5987568699511988
2,2,297454.9267074689,0.812,2.6707416,0.5998844760561489
2,2,297459.9269037433,0.812,2.6712952,0.6010120840286913
2,2,297464.92710001767,0.812,2.6716387,0.6021396913267543
2,2,297469.92729629204,0.812,2.6721542,0.6032672975319494
2,2,297474.9274925664,0.812,2.6725743,0.604394902319521
2,2,297479.9276888408,0.812,2.673128,0.6055225073767075
2,2,297484.92788511515,0.812,2.6737387,0.606650110477716
2,2,297489.9280813895,0.812,2.674025,0.6077777105436858
2,2,297494.9282776639,0.812,2.6745214,0.6089053120640685
2,2,297499.92847393826,0.812,2.6749797,0.6100329140883489
2,2,297504.9286702126,0.812,2.6754951,0.6111605150814127
2,2,297509.928866487,0.812,2.6760104,0.6122881142373884
2,2,297514.92906276137,0.812,2.6762013,0.6134157131180701
2,2,297519.92925903574,0.812,2.6766977,0.6145433129262564
2,2,297524.9294553101,0.812,2.6773086,0.6156709134270189
2,2,297529.9296515845,0.812,2.6777477,0.6167985144287882
2,2,297534.9298478593,0.812,2.6783776,0.617926112508857
2,2,297539.93004413415,0.812,2.678855,0.6190537136560351
2,2,297544.930240409,0.812,2.679294,0.6201813145414694
2,2,297549.9304366838,0.812,2.6795805,0.6213089063271122
2,2,297554.93063295865,0.812,2.6801722,0.6224364927069516
2,2,297559.9308292335,0.812,2.6805158,0.6235640800132258
2,2,297564.9310255083,0.812,2.6810884,0.6246916672485309
2,2,297569.93122178316,0.812,2.681814,0.6258192548476528
2,2,297574.931418058,0.812,2.6822531,0.6269468444571599
2,2,297579.93161433283,0.812,2.6826158,0.6280744326654213
2,2,297584.93181060767,0.812,2.6832647,0.6292020216294432
2,2,297589.9320068825,0.812,2.6838183,0.6303296135128377
2,2,297594.93220315734,0.812,2.6844294,0.6314572061722482
2,2,297599.9323994322,0.812,2.684964,0.6325847996958995
2,2,297604.932595707,0.812,2.6853075,0.6337123952933257
2,2,297609.93279198185,0.812,2.6859756,0.6348399896208418
2,2,297614.9329882567,0.812,2.6863766,0.6359675829053791
2,2,297619.9331845315,0.812,2.6871402,0.6370951737762066
2,2,297624.93338080635,0.812,2.6877892,0.6382227634734915
2,2,297629.9335770812,0.812,2.6882093,0.639350354587688
2,2,297634.9337733558,0.812,2.6888583,0.640477944056432
2,2,297639.9339696304,0.812,2.6893547,0.6416055483778091
2,2,297644.934165905,0.812,2.6898127,0.6427331522497806
2,2,297649.9343621796,0.812,2.690519,0.6438607548934094
2,2,297654.9345584542,0.812,2.6911874,0.6449883539312918
2,2,297659.9347547288,0.812,2.691531,0.646115954431763
2,2,297664.9349510034,0.812,2.6923137,0.6472435532188952
2,2,297669.935147278,0.812,2.6928482,0.6483711545005282
2,2,297674.9353435526,0.812,2.6932871,0.6494987541362518
2,2,297679.9355398272,0.812,2.693879,0.6506263544191659
2,2,297684.93573610194,0.812,2.6945662,0.6517539553029942
2,2,297689.93593237665,0.812,2.6952536,0.6528815566207973
2,2,297694.9361286514,0.812,2.6958644,0.6540091575539948
2,2,297699.9363249261,0.812,2.696418,0.655136757829061
2,2,297704.9365212008,0.812,2.697086,0.6562643614619714
2,2,297709.93671747553,0.812,2.6938217,0.6573919655209988
2,2,297714.93691375025,0.812,2.6920273,0.6585195708118521
2,2,297719.93711002497,0.812,2.6915882,0.6596471710052864
2,2,297724.9373062997,0.812,2.69134,0.6607747712767431
2,2,297729.9375025744,0.812,2.691569,0.6619023706424377
2,2,297734.93769884907,0.812,2.6919508,0.66302996831643
2,2,297739.9378951238,0.812,2.6921227,0.664157567875598
2,2,297744.9380913985,0.812,2.692199,0.6652851711786033
2,2,297749.9382876732,0.812,2.6925428,0.6664127756609759
2,2,297754.9384839474,0.812,2.69281,0.6675403826438395
2,2,297759.93868022214,0.812,2.6935544,0.6686679901160738
2,2,297764.93887649686,0.812,2.694108,0.66979559806191
2,2,297769.9390727716,0.812,2.6944327,0.6709232053175609
2,2,297774.9392690463,0.812,2.6948335,0.6720508127489196
2,2,297779.9394653209,0.812,2.6955209,0.673178420777603
2,2,297784.9396615955,0.812,2.6957688,0.674306027694183
2,2,297789.9398578701,0.812,2.6964562,0.6754336330448728
2,2,297794.9400541447,0.812,2.6968763,0.6765612374556503
2,2,297799.94025041955,0.812,2.6973915,0.6776888439226523
2,2,297804.94044669415,0.812,2.6980217,0.6788164502852633
2,2,297809.94064296875,0.812,2.698518,0.6799440563369467
2,2,297814.94083924335,0.812,2.6990142,0.6810716600146036
2,2,297819.94103551796,0.812,2.698938,0.6821992638255696
2,2,297824.94123179256,0.812,2.6986325,0.6833268676925341
2,2,297829.94142806716,0.812,2.6985943,0.6844544723249184
2,2,297834.941624342,0.812,2.6995106,0.6855820749479473
2,2,297839.94182061683,0.812,2.7003314,0.6867096807640136
2,2,297844.94201689167,0.812,2.701095,0.6878372832253649
2,2,297849.9422131665,0.812,2.701076,0.6889648860510529
2,2,297854.94240944134,0.812,2.7006562,0.690092490676874
2,2,297859.9426057162,0.812,2.701248,0.6912200941712333
2,2,297864.942801991,0.812,2.7017634,0.6923476975835767
2,2,297869.94299826585,0.812,2.7020497,0.6934753005602831
2,2,297874.9431945407,0.812,2.702794,0.6946029057633917
2,2,297879.9433908155,0.812,2.7032714,0.6957305080541512
2,2,297884.94358709035,0.812,2.7039397,0.6968581118254834
2,2,297889.9437833652,0.812,2.7043786,0.6979857129056626
2,2,297894.94397964,0.812,2.7049513,0.6991133136817456
2,2,297899.94417591486,0.812,2.7057912,0.7002409123067499
2,2,297904.9443721897,0.812,2.7062495,0.7013685117697028
2,2,297909.94456846453,0.812,2.706975,0.7024961085993854
2,2,297914.94476473937,0.812,2.7076812,0.7036237028526109
2,2,297919.9449610142,0.812,2.708254,0.7047513018640817
2,2,297924.94515728904,0.812,2.709056,0.7058788992017383
2,2,297929.9453535639,0.812,2.7097812,0.7070064980252493
2,2,297934.94554983824,0.812,2.7105067,0.7081340977229451
2,2,297939.9457461126,0.812,2.7111747,0.7092616985571293
2,2,297944.945942387,0.812,2.7119193,0.7103893006989798
2,2,297949.94613866135,0.812,2.7099721,0.7115169054887998
2,2,297954.9463349357,0.812,2.7108502,0.7126445125304137
2,2,297959.9465312101,0.812,2.7124348,0.713772119922152
2,2,297964.94672748446,0.812,2.7136183,0.7148997225060769
2,2,297969.94692375883,0.812,2.714382,0.7160273254185658
2,2,297974.9471200332,0.812,2.7149355,0.7171549297634437
2,2,297979.9473163076,0.812,2.714382,0.7182825363341644
2,2,297984.94751258194,0.812,2.7147448,0.7194101409620551
2,2,297989.9477088563,0.812,2.7150884,0.7205377461873599
2,2,297994.9479051307,0.812,2.7157755,0.7216653512864882
2,2,297999.94810140505,0.812,2.7153556,0.722792960085406
2,2,298004.9482976794,0.812,2.7157373,0.7239205687911221
2,2,298009.9484939538,0.812,2.7163866,0.7250481772484489
2,2,298014.94869022816,0.812,2.7165391,0.7261757804398611
2,2,298019.94888650253,0.812,2.7172647,0.7273033828179083
2,2,298024.9490827769,0.812,2.7174938,0.7284309867757368
2,2,298029.9492790513,0.812,2.7179902,0.7295585888819537
2,2,298034.94947532564,0.812,2.71862,0.7306861923670909
2,2,298039.9496716,0.812,2.7191927,0.7318137962955243
2,2,298044.9498678744,0.812,2.7199183,0.7329414040483276
2,2,298049.95006414875,0.812,2.7206244,0.7340690138527957
2,2,298054.9502604231,0.812,2.721388,0.7351966255860104
2,2,298059.9504566975,0.812,2.7219799,0.7363242363505669
2,2,298064.95065297186,0.812,2.7223043,0.7374518436107874
2,2,298069.95084924623,0.812,2.7233734,0.7385794541580485
2,2,298074.9510455206,0.812,2.7240036,0.7397070613295542
2,2,298079.951241795,0.812,2.7248816,0.7408346658990158
2,2,298084.95143806934,0.812,2.7258363,0.7419622702157206
2,2,298089.9516343437,0.812,2.7270198,0.7430898753509594
2,2,298094.9518306181,0.812,2.7272108,0.7442174825074679
2,2,298099.95202689245,0.812,2.728146,0.7453450875260075
2,2,298104.9522231668,0.812,2.7292342,0.7464726923158804
2,2,298109.9524194412,0.812,2.730036,0.7476002969307673
2,2,298114.95261571556,0.812,2.7309906,0.7487278977314835
2,2,298119.95281198993,0.812,2.7318878,0.7498555002346938
2,2,298124.9530082643,0.812,2.7324033,0.7509831012797759
2,2,298129.9532045387,0.812,2.7334342,0.7521107025052282
2,2,298134.95340081304,0.812,2.7343695,0.7532383026567405
2,2,298139.9535970874,0.812,2.7352476,0.7543659025485323
2,2,298144.9537933618,0.812,2.7360494,0.7554935021352078
2,2,298149.95398963615,0.812,2.7369468,0.7566211011263899
2,2,298154.9541859105,0.812,2.7308378,0.7577486997174758
2,2,298159.9543821849,0.812,2.7290816,0.7588762986592689
2,2,298164.95457845926,0.812,2.7285662,0.7600038983115758
2,2,298169.95477473363,0.812,2.7286234,0.7611314990564358
2,2,298174.954971008,0.812,2.7286425,0.7622591010649177
2,2,298179.9551672824,0.812,2.7252061,0.763386703039246
2,2,298184.95536355674,0.812,2.7244234,0.7645143051010905
2,2,298189.9555598311,0.812,2.7236407,0.7656419042029287
2,2,298194.9557561055,0.812,2.7228773,0.7667695084503496
2,2,298199.95595237985,0.812,2.7228007,0.7678971111140289
2,2,298204.9561486542,0.812,2.7231255,0.7690247119879495
2,2,298209.9563449286,0.812,2.7235262,0.7701523173735378
2,2,298214.95654120296,0.812,2.7240036,0.7712799231981706
2,2,298219.95673747733,0.812,2.7242708,0.7724075297405593
2,2,298224.9569337517,0.812,2.7244809,0.7735351349611387
2,2,298229.9571300261,0.812,2.7250152,0.7746627403526875
2,2,298234.95732630044,0.812,2.7263515,0.7757903440664184
2,2,298239.9575225748,0.812,2.726886,0.7769179422395335
2,2,298244.9577188492,0.812,2.7274015,0.7780455399960352
2,2,298249.95791512355,0.812,2.7286043,0.7791731370422283
2,2,298254.9581113979,0.812,2.728795,0.7803007375079565
2,2,298259.9583076723,0.812,2.7297688,0.7814283376030895
2,2,298264.95850394666,0.812,2.7313342,0.7825559408602522
2,2,298269.95870022103,0.812,2.7318687,0.7836835468596921
2,2,298274.9588964954,0.812,2.7325368,0.7848111508158551
2,2,298279.9590927698,0.812,2.7332432,0.7859387549811475
2,2,298284.95928904414,0.812,2.7339494,0.7870663581879576
2,2,298289.9594853185,0.812,2.7347322,0.7881939587621364
2,2,298294.9596815929,0.812,2.7351713,0.7893215617817415
2,2,298299.95987786725,0.812,2.7363358,0.7904491667550014
2,2,298304.9600741416,0.812,2.7368703,0.791576773677608
2,2,298309.960270416,0.812,2.7377102,0.7927043805818663
2,2,298314.96046669036,0.812,2.738703,0.7938319875370402
2,2,298319.96066296473,0.812,2.7393904,0.7949595922245919
2,2,298324.9608592391,0.812,2.7396958,0.7960871959525253
2,2,298329.96105551394,0.812,2.7408793,0.797214800441312
2,2,298334.9612517888,0.812,2.7420056,0.7983424020825199
2,2,298339.9614480636,0.812,2.7429793,0.7994700033883756
2,2,298344.96164433844,0.812,2.7440484,0.8005976033392256
2,2,298349.9618406133,0.812,2.744621,0.8017252019219536
2,2,298354.9620368881,0.812,2.7452319,0.8028528022474056
2,2,298359.96223316295,0.812,2.74632,0.8039804022801657
2,2,298364.9624294378,0.812,2.7469883,0.8051079992842812
2,2,298369.9626257126,0.812,2.7479045,0.8062355996198627
2,2,298374.96282198746,0.812,2.7489927,0.8073632024608127
2,2,298379.9630182623,0.812,2.7500427,0.8084908018336665
2,2,298384.9632145371,0.812,2.7510927,0.8096184020848345
2,2,298389.96341081196,0.812,2.7518754,0.8107460025857427
2,2,298394.9636070868,0.812,2.7529635,0.8118736050619886
2,2,298399.96380336164,0.812,2.7538226,0.8130012065833813
2,2,298404.9639996365,0.812,2.7550442,0.8141288106938473
2,2,298409.9641959113,0.812,2.756266,0.8152564136436786
2,2,298414.96439218614,0.812,2.7573543,0.8163840180288493
2,2,298419.964588461,0.812,2.7583852,0.8175116230337791
2,2,298424.9647847358,0.812,2.7598932,0.818639228216546
2,2,298429.9649810104,0.812,2.7611914,0.8197668314013222
2,2,298434.965177285,0.812,2.7621841,0.8208944353213151
2,2,298439.9653735596,0.812,2.7637112,0.8220220393002768
2,2,298444.9655698342,0.812,2.7648377,0.8231496437413103
2,2,298449.9657661088,0.812,2.765563,0.8242772451648487
2,2,298454.96596238343,0.812,2.7652385,0.8254048468416074
2,2,298459.96615865803,0.812,2.7637877,0.8265324482649703
2,2,298464.96635493264,0.812,2.7628713,0.8276600474556359
2,2,298469.96655120724,0.812,2.7631576,0.8287876442358466
2,2,298474.96674748184,0.812,2.7635968,0.8299152441384368
2,2,298479.96694375656,0.812,2.7641504,0.8310428475775261
2,2,298484.9671400313,0.812,2.7647421,0.8321704493944684
2,2,298489.96733630553,0.812,2.7656395,0.8332980515115399
2,2,298494.96753258025,0.812,2.7669566,0.8344256521914077
2,2,298499.967728855,0.812,2.767873,0.8355532564511868
2,2,298504.9679251297,0.812,2.768083,0.836680861139722
2,2,298509.9681214044,0.812,2.7691712,0.8378084609620379
2,2,298514.96831767913,0.812,2.7702594,0.8389360613115403
2,2,298519.96851395385,0.812,2.771691,0.8400636639616993
2,2,298524.96871022857,0.812,2.7730465,0.8411912668990036
2,2,298529.9689065032,0.812,2.7739246,0.8423188697788259
2,2,298534.969102778,0.812,2.7740583,0.8434464706532266
2,2,298539.96929905267,0.812,2.7749364,0.8445740686881218
2,2,298544.9694953274,0.812,2.7758718,0.8457016679589324
2,2,298549.9696916021,0.812,2.7773037,0.8468292644405703
2,2,298554.96988787677,0.812,2.7783728,0.8479568598486953
2,2,298559.9700841515,0.812,2.77927,0.84908445478196
2,2,298564.9702804262,0.812,2.7800717,0.8502120490970418
2,2,298569.9704767009,0.812,2.7808354,0.8513396427221833
2,2,298574.97067297564,0.812,2.7819808,0.8524672357242212
2,2,298579.97086925036,0.812,2.7830117,0.8535948293373656
2,2,298584.97106552497,0.812,2.7842524,0.8547224264597666
2,2,298589.97126179957,0.812,2.7855124,0.8558500225632957
2,2,298594.9714580742,0.812,2.7870588,0.8569776195688286
2,2,298599.9716543488,0.812,2.787956,0.8581052180126645
2,2,298604.9718506234,0.812,2.7890632,0.8592328148704308
2,2,298609.972046898,0.812,2.7904377,0.8603604093614523
2,2,298614.9722431728,0.812,2.7918885,0.8614880033112537
2,2,298619.9724394474,0.812,2.7931676,0.8626156005730137
2,2,298624.972635722,0.812,2.7948093,0.8637432001381985
2,2,298629.9728319966,0.812,2.7956877,0.864870799789512
2,2,298634.97302827146,0.812,2.796852,0.8659984002045795
2,2,298639.9732245463,0.812,2.7986465,0.8671260002739865
2,2,298644.97342082113,0.812,2.80025,0.8682536004350389
2,2,298649.97361709597,0.812,2.8017392,0.8693811994489866
2,2,298654.9738133708,0.812,2.8034382,0.8705087984555666
2,2,298659.97400964564,0.812,2.8045645,0.8716363969711368
2,2,298664.9742059205,0.812,2.8062446,0.8727639963974693
2,2,298669.9744021953,0.812,2.8076954,0.8738915956146589
2,2,298674.97459847014,0.812,2.8092418,0.8750191937717171
2,2,298679.974794745,0.812,2.8108644,0.8761467929827245
2,2,298684.9749910198,0.812,2.8124106,0.8772743941183326
2,2,298689.97518729465,0.812,2.8138235,0.8784019932193363
2,2,298694.9753835695,0.812,2.815656,0.8795295908856694
2,2,298699.9755798443,0.812,2.8175268,0.8806571891416746
2,2,298704.97577611916,0.812,2.819493,0.881784786349436
2,2,298709.975972394,0.812,2.8213067,0.8829123822576407
2,2,298714.9761686688,0.812,2.8229294,0.8840399769621494
2,2,298719.97636494366,0.812,2.8246474,0.8851675717621945
2,2,298724.9765612185,0.812,2.8263466,0.8862951660427322
2,2,298729.97675749287,0.812,2.8279693,0.8874227604708641
2,2,298734.97695376724,0.812,2.8300884,0.8885503565210935
2,2,298739.9771500416,0.812,2.8319783,0.8896779514722793
2,2,298744.977346316,0.812,2.8336582,0.8908055446035004
2,2,298749.97754259035,0.812,2.8356817,0.8919331381623649
2,2,298754.9777388647,0.812,2.8376863,0.8930607324159149
2,2,298759.9779351391,0.812,2.8395762,0.8941883235079915
2,2,298764.97813141346,0.812,2.841447,0.8953159149967304
2,2,298769.97832768783,0.812,2.843127,0.8964435074464583
2,2,298774.9785239622,0.812,2.8451505,0.8975711018194162
2,2,298779.97872023657,0.812,2.8471932,0.8986986938854228
2,2,298784.97891651094,0.812,2.8474224,0.8998262854758671
2,2,298789.9791127853,0.812,2.8487587,0.900953877821777
2,2,298794.9793090597,0.812,2.850114,0.9020814736622212
2,2,298799.97950533405,0.812,2.8518322,0.9032090685262287
2,2,298804.9797016084,0.812,2.8537602,0.9043366641342413
2,2,298809.9798978828,0.812,2.8554401,0.9054642597897753
2,2,298814.98009415716,0.812,2.8570247,0.9065918541214868
2,2,298819.98029043153,0.812,2.8588002,0.9077194464432569
2,2,298824.9804867059,0.812,2.8604038,0.9088470390493741
2,2,298829.98068298027,0.812,2.8621027,0.909974630499976
2,2,298834.98087925464,0.812,2.863878,0.9111022239344091
2,2,298839.981075529,0.812,2.865959,0.9122298181864424
2,2,298844.9812718034,0.812,2.8678298,0.9133574126195713
2,2,298849.98146807775,0.812,2.8697388,0.9144850048098071
2,2,298854.9816643521,0.812,2.8716478,0.9156125988195211
2,2,298859.9818606265,0.812,2.8735569,0.9167401940989365
2,2,298864.98205690086,0.812,2.8753133,0.9178677877358367
2,2,298869.9822531752,0.812,2.8771648,0.918995382061101
2,2,298874.9824494496,0.812,2.8791122,0.9201229775608947
2,2,298879.98264572397,0.812,2.8810403,0.9212505724348594
2,2,298884.98284199834,0.812,2.8834267,0.9223781640203267
2,2,298889.9830382727,0.812,2.8852592,0.9235057576239079
2,2,298894.9832345471,0.812,2.8873973,0.9246333535559544
2,2,298899.98343082145,0.812,2.8897264,0.9257609504538612
2,2,298904.9836270958,0.812,2.892208,0.9268885499430435
2,2,298909.9838233702,0.812,2.8940027,0.9280161513440679
2,2,298914.98401964456,0.812,2.895969,0.9291437551489774
2,2,298919.9842159189,0.812,2.8984506,0.9302713587839905
2,2,298924.9844121933,0.812,2.9009705,0.9313989605322881
2,2,298929.98460846767,0.812,2.9030132,0.932526561766936
2,2,298934.98480474204,0.812,2.9059532,0.9336541606474886
2,2,298939.9850010164,0.812,2.9085302,0.9347817599930038
2,2,298944.9851972908,0.812,2.910783,0.9359093615341024
2,2,298949.98539356515,0.812,2.91399,0.9370369622772307
2,2,298954.9855898395,0.812,2.9176173,0.9381645629710228
2,2,298959.9857861139,0.812,2.9215882,0.9392921610965435
2,2,298964.98598238826,0.812,2.9246044,0.9404197608299856
2,2,298969.9861786626,0.812,2.9274106,0.9415473611686432
2,2,298974.986374937,0.812,2.9310951,0.9426749604496761
2,2,298979.98657121137,0.812,2.9340923,0.9438025593687499
2,2,298984.98676748574,0.812,2.938464,0.9449301564009359
2,2,298989.9869637601,0.812,2.9411938,0.9460577540478876
2,2,298994.9871600345,0.812,2.9442291,0.9471853513863091
2,2,298999.98735630885,0.812,2.946978,0.9483129480068986
2,2,299004.9875525832,0.812,2.949689,0.9494405462911233
2,2,299009.9877488576,0.812,2.9525716,0.950568144607945
2,2,299014.98794513196,0.812,2.9554734,0.9516957457366491
2,2,299019.9881414063,0.812,2.9603605,0.9528233481480848
2,2,299024.9883376807,0.812,2.966565,0.9539509477807817
2,2,299029.98853395507,0.812,2.9772363,0.9550785479926471
2,2,299034.98873022944,0.812,2.983555,0.9562061487407689
2,2,299039.9889265038,0.812,2.9865522,0.9573337495966691
2,2,299044.9891227782,0.812,2.9899695,0.9584613500159719
2,2,299049.98931905255,0.812,2.9937112,0.9595889489166509
2,2,299054.9895153269,0.812,2.9965174,0.9607165463012229
2,2,299059.9897116013,0.812,2.999591,0.9618441464561692
2,2,299060.53851120407,0.812,2.999992,0.9619679067533683
2,2,299060.5387112042,0.812,3.000049,0.9619679518573023
3,1,299060.53951120377,-0.812,2.8961701,-8.92203582657708e-08
3,1,299065.53970747814,-0.812,2.5739539,-0.0011280299416283766
3,1,299070.5399037525,-0.812,2.4375727,-0.0022559686224493712
3,1,299075.5401000269,-0.812,2.3411667,-0.0033839084703061314
3,1,299080.54029630125,-0.812,2.2675545,-0.004511849651548597
3,1,299085.5404925756,-0.812,2.208909,-0.005639790934873951
3,1,299090.54068885,-0.812,2.1650014,-0.006767732345309522
3,1,299095.54088512436,-0.812,2.1341515,-0.007895673753062884
3,1,299100.5410813987,-0.812,2.1113958,-0.009023613964666923
3,1,299105.5412776731,-0.812,2.093069,-0.010151553515401151
3,1,299110.54147394747,-0.812,2.0764034,-0.011279491833153698
3,1,299115.54167022184,-0.812,2.060673,-0.01240742837258511
3,1,299120.5418664962,-0.812,2.0468707,-0.013535364778035215
3,1,299125.5420627706,-0.812,2.0307393,-0.014663310512287748
3,1,299130.54225904495,-0.812,2.0135772,-0.015791260910865332
3,1,299135.5424553193,-0.812,1.9963195,-0.016919210753947495
3,1,299140.5426515937,-0.812,1.9790237,-0.018047163277526694
3,1,299145.54284786806,-0.812,1.9606969,-0.019175106395052537
3,1,299150.5430441424,-0.812,1.9410721,-0.020303047661903828
3,1,299155.5432404168,-0.812,1.9202255,-0.02143098555417524
3,1,299160.54343669116,-0.812,1.8981763,-0.022558920620739456
3,1,299165.54363296553,-0.812,1.874886,-0.023686856912089715
3,1,299170.5438292399,-0.812,1.8509469,-0.02481479469896687
3,1,299175.5440255143,-0.812,1.8292602,-0.02594273370384176
3,1,299180.54422178864,-0.812,1.8048056,-0.027070674358735478
3,1,299185.544418063,-0.812,1.7804464,-0.028198616270114975
3,1,299190.5446143374,-0.812,1.756698,-0.029326555716560943
3,1,299195.54481061175,-0.812,1.7341334,-0.030454495089001124
3,1,299200.5450068861,-0.812,1.7127904,-0.03158242977684405
3,1,299205.5452031605,-0.812,1.6938909,-0.03271036395765675
3,1,299210.54539943486,-0.812,1.6774924,-0.03383829863231049
3,1,299215.54559570923,-0.812,1.6633656,-0.03496623530319664
3,1,299220.5457919836,-0.812,1.6502315,-0.03609417436263296
3,1,299225.545988258,-0.812,1.6385292,-0.037222112051344576
3,1,299230.54618453234,-0.812,1.6286021,-0.038350050013363356
3,1,299235.5463808067,-0.812,1.6211188,-0.039477987934026446
3,1,299240.5465770811,-0.812,1.6164607,-0.040605925887690644
3,1,299245.54677335545,-0.812,1.6111345,-0.041733861112922425
3,1,299250.5469696298,-0.812,1.6067055,-0.042861798247390316
3,1,299255.5471659042,-0.812,1.6029449,-0.04398973632348245
3,1,299260.54736217856,-0.812,1.6000049,-0.04511767720435062
3,1,299265.54755845293,-0.812,1.5976568,-0.04624561748819549
3,1,299270.5477547273,-0.812,1.5960723,-0.04737355655130743
3,1,299275.5479510017,-0.812,1.5942587,-0.0485014997654226
3,1,299280.54814727604,-0.812,1.5931515,-0.04962944244892729
3,1,299285.5483435504,-0.812,1.592216,-0.05075738135160008
3,1,299290.5485398248,-0.812,1.5915478,-0.05188532014666331
3,1,299295.54873609915,-0.812,1.5908606,-0.053013257955938566
3,1,299300.5489323735,-0.812,1.5905361,-0.05414119572195079
3,1,299305.5491286479,-0.812,1.5902307,-0.05526912999872034
3,1,299310.54932492226,-0.812,1.5897534,-0.056397063293920614
3,1,299315.54952119663,-0.812,1.589467,-0.0575249960273736
3,1,299320.549717471,-0.812,1.5893716,-0.058652926239497125
3,1,299325.5499137454,-0.812,1.5893716,-0.059780857454303234
3,1,299330.55011001974,-0.812,1.5891998,-0.06090878732857439
3,1,299335.5503062941,-0.812,1.5889899,-0.06203671777711974
3,1,299340.5505025685,-0.812,1.5891426,-0.0631646468198763
3,1,299345.55069884285,-0.812,1.589467,-0.0642925776442488
3,1,299350.5508951172,-0.812,1.5894289,-0.06542051051488518
3,1,299355.5510913916,-0.812,1.589467,-0.06654844462377163
3,1,299360.55128766596,-0.812,1.5896198,-0.06767637896212934
3,1,299365.55148394033,-0.812,1.589887,-0.0688043119390673
3,1,299370.5516802147,-0.812,1.5900588,-0.06993224451608458
3,1,299375.5518764891,-0.812,1.5900016,-0.07106017601491345
3,1,299380.55207276344,-0.812,1.5902879,-0.07218810919112298
3,1,299385.5522690378,-0.812,1.5902879,-0.07331604284426238
3,1,299390.5524653122,-0.812,1.590498,-0.07444397598565948
3,1,299395.55266158655,-0.812,1.590517,-0.07557190906173321
3,1,299400.5528578609,-0.812,1.5908415,-0.07669984520048895
3,1,299405.5530541353,-0.812,1.5910516,-0.07782777917368211
3,1,299410.55325040966,-0.812,1.5910516,-0.0789557155655258
3,1,299415.55344668403,-0.812,1.5914906,-0.0800836510222289
3,1,299420.5536429584,-0.812,1.5916815,-0.08121158743604684
3,1,299425.5538392328,-0.812,1.5918725,-0.08233952228728265
3,1,299430.55403550714,-0.812,1.5919679,-0.0834674575801359
3,1,299435.5542317815,-0.812,1.5920252,-0.08459539251283471
3,1,299440.5544280559,-0.812,1.5922734,-0.08572332693472834
3,1,299445.55462433025,-0.812,1.592407,-0.08685126418102448
3,1,299450.5548206051,-0.812,1.5926169,-0.08797919984177084
3,1,299455.5550168799,-0.812,1.5924833,-0.08910713465302518
3,1,299460.55521315476,-0.812,1.5929033,-0.09023507174056104
3,1,299465.5554094296,-0.812,1.5928842,-0.09136300619378022
3,1,299470.55560570443,-0.812,1.5934378,-0.0924909411582748
3,1,299475.55580197927,-0.812,1.5935714,-0.09361887419423791
3,1,299480.5559982541,-0.812,1.5936478,-0.0947468088959356
3,1,299485.55619452894,-0.812,1.593705,-0.09587474425938393
3,1,299490.5563908038,-0.812,1.5940106,-0.09700268055944972
3,1,299495.5565870786,-0.812,1.5941633,-0.09813061719977524
3,1,299500.55678335344,-0.812,1.5942969,-0.09925855388078424
3,1,299505.5569796283,-0.812,1.594106,-0.10038649242955776
3,1,299510.5571759031,-0.812,1.5944115,-0.10151442937749623
3,1,299515.55737217795,-0.812,1.5944687,-0.10264236416957774
3,1,299520.5575684528,-0.812,1.5950223,-0.10377029920358126
3,1,299525.5577647276,-0.812,1.5949078,-0.10489823564961219
3,1,299530.55796100246,-0.812,1.5949078,-0.10602617217508618
3,1,299535.5581572773,-0.812,1.5950223,-0.10715410807879763
3,1,299540.55835355213,-0.812,1.5950987,-0.10828204608899683
3,1,299545.55854982696,-0.812,1.5950797,-0.10940998324424688
3,1,299550.55874610157,-0.812,1.5953851,-0.11053792013728615
3,1,299555.55894237617,-0.812,1.5955187,-0.11166585757627749
3,1,299560.5591386508,-0.812,1.5956714,-0.11279379502837192
3,1,299565.5593349254,-0.812,1.5957286,-0.11392173169322475
3,1,299570.5595312,-0.812,1.595786,-0.1150496680648724
3,1,299575.5597274746,-0.812,1.5958432,-0.11617760455407367
3,1,299580.5599237492,-0.812,1.5959578,-0.11730554120729035
3,1,299585.5601200238,-0.812,1.5959959,-0.11843347871652907
3,1,299590.5603162984,-0.812,1.5959578,-0.11956141577648122
3,1,299595.560512573,-0.812,1.5962822,-0.12068935422845681
3,1,299600.5607088477,-0.812,1.5963014,-0.12181728898711006
3,1,299605.56090512243,-0.812,1.5965114,-0.12294522363513377
3,1,299610.56110139715,-0.812,1.5965114,-0.12407315783530143
3,1,299615.56129767187,-0.812,1.5964923,-0.12520109071576596
3,1,299620.5614939466,-0.812,1.5967023,-0.12632902384175856
3,1,299625.5616902213,-0.812,1.5966069,-0.12745695778204336
3,1,299630.56188649556,-0.812,1.5967214,-0.12858488964090414
3,1,299635.5620827703,-0.812,1.5966641,-0.1297128194153574
3,1,299640.562279045,-0.812,1.596645,-0.1308407510282563
3,1,299645.5624753197,-0.812,1.5967405,-0.13196868280826676
3,1,299650.5626715944,-0.812,1.5967405,-0.1330966144350635
3,1,299655.5628678691,-0.812,1.5967596,-0.13422454791946214
3,1,299660.5630641438,-0.812,1.5969504,-0.13535247983712623
3,1,299665.56326041854,-0.812,1.5970078,-0.13648041330640848
3,1,299670.56345669326,-0.812,1.5969887,-0.13760834497256083
3,1,299675.5636529679,-0.812,1.5970459,-0.13873627830852406
3,1,299680.56384924264,-0.812,1.5968741,-0.13986421192290388
3,1,299685.56404551736,-0.812,1.5969887,-0.14099214561174317
3,1,299690.5642417921,-0.812,1.596836,-0.14212008103622997
3,1,299695.5644380668,-0.812,1.5971414,-0.14324801464842762
3,1,299700.5646343415,-0.812,1.597084,-0.14437594829107991
3,1,299705.5648306161,-0.812,1.597256,-0.14550388038486908
3,1,299710.5650268907,-0.812,1.5971986,-0.14663181320158314
3,1,299715.5652231653,-0.812,1.5972177,-0.14775974263787275
3,1,299720.5654194399,-0.812,1.5971031,-0.14888767361335958
3,1,299725.5656157145,-0.812,1.5972368,-0.15001560319045854
3,1,299730.56581198913,-0.812,1.5971795,-0.15114353624750512
3,1,299735.56600826373,-0.812,1.5973896,-0.1522714687503378
3,1,299740.56620453834,-0.812,1.5973896,-0.1533993989619183
3,1,299745.56640081294,-0.812,1.5973322,-0.1545273275004924
3,1,299750.5665970878,-0.812,1.597256,-0.15565525819412873
3,1,299755.5667933626,-0.812,1.5971986,-0.1567831874911885
3,1,299760.56698963745,-0.812,1.5973513,-0.15791111680644423
3,1,299765.5671859123,-0.812,1.5973132,-0.15903904539343056
3,1,299770.5673821871,-0.812,1.597256,-0.16016697529405358
3,1,299775.56757846195,-0.812,1.5974087,-0.16129490434709856
3,1,299780.5677747368,-0.812,1.5974468,-0.16242283351757464
3,1,299785.5679710116,-0.812,1.5974277,-0.16355076181833947
3,1,299790.56816728646,-0.812,1.5973322,-0.16467869161898896
3,1,299795.5683635613,-0.812,1.597275,-0.1658066243579024
3,1,299800.56855983613,-0.812,1.597275,-0.16693455666093035
3,1,299805.56875611097,-0.812,1.5972177,-0.16806249028207862
3,1,299810.5689523858,-0.812,1.5971031,-0.16919042324532074
3,1,299815.56914866064,-0.812,1.5971795,-0.17031835966671177
3,1,299820.5693449355,-0.812,1.5971223,-0.17144629293609992
3,1,299825.5695412103,-0.812,1.597275,-0.17257422517829474
3,1,299830.56973748514,-0.812,1.5971414,-0.17370215768358446
3,1,299835.56993376,-0.812,1.597084,-0.17483009131082233
3,1,299840.5701300348,-0.812,1.5971031,-0.17595802404420247
3,1,299845.57032630965,-0.812,1.5971223,-0.1770859572308991
3,1,299850.570522584,-0.812,1.5971414,-0.17821389245778987
3,1,299855.5707188584,-0.812,1.5971223,-0.17934182578287525
3,1,299860.57091513276,-0.812,1.597065,-0.18046975639553536
3,1,299865.57111140713,-0.812,1.5967977,-0.18159768608503543
3,1,299870.5713076815,-0.812,1.5967023,-0.1827256169297861
3,1,299875.57150395587,-0.812,1.596836,-0.1838535466337436
3,1,299880.57170023024,-0.812,1.5967405,-0.184981478258378
3,1,299885.5718965046,-0.812,1.5967596,-0.18610941008887028
3,1,299890.572092779,-0.812,1.5967214,-0.1872373392406702
3,1,299895.57228905335,-0.812,1.5965114,-0.18836526995734373
3,1,299900.5724853277,-0.812,1.5964732,-0.1894932000201775
3,1,299905.5726816021,-0.812,1.5964541,-0.19062112882506185
3,1,299910.57287787646,-0.812,1.5963587,-0.19174905534543593
3,1,299915.57307415083,-0.812,1.5961678,-0.19287698198368483
3,1,299920.5732704252,-0.812,1.5961869,-0.19400491008452905
3,1,299925.57346669957,-0.812,1.5959768,-0.19513283612125448
3,1,299930.57366297394,-0.812,1.5959578,-0.19626076463359923
3,1,299935.5738592483,-0.812,1.5960342,-0.19738869105046322
3,1,299940.5740555227,-0.812,1.5958623,-0.198516614580916
3,1,299945.57425179705,-0.812,1.5955759,-0.19964454229939974
3,1,299950.5744480714,-0.812,1.595805,-0.20077246722817418
3,1,299955.5746443458,-0.812,1.5958813,-0.20190039225550158
3,1,299960.57484062016,-0.812,1.595805,-0.20302831836126575
3,1,299965.57503689453,-0.812,1.5956905,-0.20415624281758066
3,1,299970.5752331689,-0.812,1.5956141,-0.2052841669372949
3,1,299975.57542944327,-0.812,1.5954806,-0.20641209176274136
3,1,299980.57562571764,-0.812,1.595366,-0.207540016572184
3,1,299985.575821992,-0.812,1.5954614,-0.20866794125557603
3,1,299990.5760182664,-0.812,1.5953277,-0.2097958668797082
3,1,299995.57621454075,-0.812,1.5950223,-0.21092379320952953
3,1,300000.5764108151,-0.812,1.5949651,-0.2120517221623824
3,1,300005.5766070895,-0.812,1.5950797,-0.21317965362741875
3,1,300010.57680336386,-0.812,1.5950414,-0.2143075849172638
3,1,300015.57699963823,-0.812,1.5948696,-0.2154355157597296
3,1,300020.5771959126,-0.812,1.5948505,-0.2165634463136361
3,1,300025.57739218697,-0.812,1.5946023,-0.2176913772768444
3,1,300030.57758846134,-0.812,1.5945259,-0.21881930672839278
3,1,300035.5777847357,-0.812,1.5945642,-0.21994723685068218
3,1,300040.5779810101,-0.812,1.5945259,-0.2210751688436733
3,1,300045.57817728445,-0.812,1.5942587,-0.22220309966555565
3,1,300050.5783735588,-0.812,1.5943542,-0.22333103104876476
3,1,300055.5785698332,-0.812,1.5941442,-0.2244589634718928
3,1,300060.57876610756,-0.812,1.5942205,-0.2255868978400528
3,1,300065.57896238193,-0.812,1.5940106,-0.22671483171540166
3,1,300070.5791586563,-0.812,1.5938387,-0.22784276552924512
3,1,300075.57935493067,-0.812,1.5940106,-0.22897069866639705
3,1,300080.57955120504,-0.812,1.5939151,-0.23009863164744773
3,1,300085.5797474794,-0.812,1.5936669,-0.23122656332608063
3,1,300090.5799437538,-0.812,1.5934951,-0.23235449412609138
3,1,300095.58014002815,-0.812,1.5933996,-0.233482427009907
3,1,300100.5803363025,-0.812,1.5933615,-0.23461035877916214
3,1,300105.5805325769,-0.812,1.5932088,-0.23573828996493085
3,1,300110.58072885126,-0.812,1.5930178,-0.23686622339674496
3,1,300115.5809251256,-0.812,1.5928651,-0.23799415792742698
3,1,300120.5811214,-0.812,1.5928651,-0.2391220917400949
3,1,300125.58131767437,-0.812,1.592827,-0.24025002564338838
3,1,300130.58151394874,-0.812,1.5926169,-0.24137796069534945
3,1,300135.5817102231,-0.812,1.5925215,-0.24250589311110968
3,1,300140.5819064975,-0.812,1.592407,-0.24363382746319964
3,1,300145.58210277185,-0.812,1.5922924,-0.2447617617880271
3,1,300150.5822990462,-0.812,1.5922352,-0.24588969632470273
3,1,300155.5824953206,-0.812,1.5920252,-0.24701762940945887
3,1,300160.58269159496,-0.812,1.5920252,-0.2481455603562825
3,1,300165.5828878693,-0.812,1.5918343,-0.24927349361372322
3,1,300170.5830841437,-0.812,1.5919297,-0.25040142774316004
3,1,300175.58328041807,-0.812,1.5917579,-0.2515293608892295
3,1,300180.58347669244,-0.812,1.5916433,-0.25265729721808766
3,1,300185.5836729668,-0.812,1.5915478,-0.25378523286720117
3,1,300190.5838692412,-0.812,1.5912043,-0.25491316990683144
3,1,300195.58406551555,-0.812,1.5911279,-0.2560411049043536
3,1,300200.5842617899,-0.812,1.5910325,-0.2571690410427716
3,1,300205.5844580643,-0.812,1.5908225,-0.25829697750388253
3,1,300210.58465433866,-0.812,1.5908606,-0.2594249132496218
3,1,300215.584850613,-0.812,1.5906888,-0.26055285188779237
3,1,300220.5850468874,-0.812,1.5904597,-0.2616807901228203
3,1,300225.58524316177,-0.812,1.5902116,-0.26280872519503373
3,1,300230.58543943614,-0.812,1.590307,-0.2639366620791025
3,1,300235.5856357105,-0.812,1.590307,-0.2650645996066498
3,1,300240.5858319849,-0.812,1.590078,-0.2661925362202625
3,1,300245.5860282597,-0.812,1.5899444,-0.2673204721325173
3,1,300250.58622453455,-0.812,1.5898298,-0.26844840928251884
3,1,300255.5864208094,-0.812,1.5895435,-0.26957634688699583
3,1,300260.5866170842,-0.812,1.5896007,-0.2707042840282057
3,1,300265.58681335906,-0.812,1.5893334,-0.2718322182760438
3,1,300270.5870096339,-0.812,1.5891998,-0.27296015294606163
3,1,300275.5872059087,-0.812,1.5891807,-0.2740880898176631
3,1,300280.58740218356,-0.812,1.5890852,-0.27521602493119907
3,1,300285.5875984584,-0.812,1.5887798,-0.2763439584215913
3,1,300290.58779473323,-0.812,1.5887607,-0.27747189287509194
3,1,300295.58799100807,-0.812,1.5885698,-0.278599828403612
3,1,300300.5881872829,-0.812,1.5884361,-0.2797277661639088
3,1,300305.58838355774,-0.812,1.5882453,-0.2808557024231918
3,1,300310.5885798326,-0.812,1.588188,-0.2819836375417048
3,1,300315.5887761074,-0.812,1.5879971,-0.28311157497515954
3,1,300320.58897238225,-0.812,1.5879017,-0.28423951255402974
3,1,300325.5891686571,-0.812,1.5876917,-0.28536745150890297
3,1,300330.5893649319,-0.812,1.5874816,-0.2864953901775448
3,1,300335.58956120675,-0.812,1.5874435,-0.28762332977460503
3,1,300340.5897574816,-0.812,1.5872908,-0.2887512682087555
3,1,300345.5899537562,-0.812,1.5871571,-0.28987920605206835
3,1,300350.5901500308,-0.812,1.586928,-0.2910071453433204
3,1,300355.5903463054,-0.812,1.5866798,-0.2921350834029451
3,1,300360.59054258,-0.812,1.5867944,-0.2932630211138859
3,1,300365.5907388546,-0.812,1.5866226,-0.29439095810620336
3,1,300370.59093512874,-0.812,1.5863363,-0.29551889322856745
3,1,300375.59113140334,-0.812,1.5861454,-0.2966468268032638
3,1,300380.59132767795,-0.812,1.5861454,-0.2977747596804799
3,1,300385.59152395255,-0.812,1.5858208,-0.2989026930024162
3,1,300390.59172022715,-0.812,1.5856681,-0.3000306266388729
3,1,300395.5919165019,-0.812,1.5855154,-0.30115856157466125
3,1,300400.5921127766,-0.812,1.5853817,-0.30228649584437095
3,1,300405.5923090513,-0.812,1.5851908,-0.30341443023745895
3,1,300410.592505326,-0.812,1.5848281,-0.3045423651084868
3,1,300415.59270160075,-0.812,1.5848663,-0.3056703002175425
3,1,300420.59289787547,-0.812,1.584599,-0.30679823825417635
3,1,300425.5930941502,-0.812,1.5843891,-0.30792617333180056
3,1,300430.5932904249,-0.812,1.5843318,-0.3090541072974637
3,1,300435.5934866996,-0.812,1.5840454,-0.3101820428757172
3,1,300440.59368297434,-0.812,1.5839118,-0.31130997736696747
3,1,300445.59387924906,-0.812,1.5836445,-0.3124379127343795
3,1,300450.5940755238,-0.812,1.5835873,-0.31356584659985715
3,1,300455.59427179844,-0.812,1.5833963,-0.314693779069745
3,1,300460.59446807316,-0.812,1.5830909,-0.315821711580568
3,1,300465.5946643479,-0.812,1.5829191,-0.3169496438810694
3,1,300470.59486062254,-0.812,1.5828046,-0.31807758103217026
3,1,300475.59505689726,-0.812,1.5826519,-0.319205516816785
3,1,300480.595253172,-0.812,1.58248,-0.3203334514783522
3,1,300485.5954494467,-0.812,1.5824418,-0.3214613833271663
3,1,300490.5956457214,-0.812,1.5819837,-0.32258931339178487
3,1,300495.5958419964,-0.812,1.5819073,-0.3237172430850235
3,1,300500.596038271,-0.812,1.5818119,-0.3248451760416495
3,1,300505.5962345456,-0.812,1.5815637,-0.3259731118180487
3,1,300510.5964308202,-0.812,1.5814301,-0.3271010460348858
3,1,300515.5966270948,-0.812,1.5812964,-0.32822897868452805
3,1,300520.5968233694,-0.812,1.5811819,-0.329356912162294
3,1,300525.597019644,-0.812,1.5808382,-0.33048484812380874
3,1,300530.5972159186,-0.812,1.5806092,-0.33161278435853125
3,1,300535.5974121932,-0.812,1.5806092,-0.3327407194825676
3,1,300540.5976084678,-0.812,1.5803229,-0.33386865421084566
3,1,300545.5978047424,-0.812,1.579941,-0.33499658987401926
3,1,300550.59800101724,-0.812,1.5797691,-0.3361245269828009
3,1,300555.59819729207,-0.812,1.5796164,-0.33725246491373917
3,1,300560.5983935669,-0.812,1.5795974,-0.3383804019553861
3,1,300565.59858984174,-0.812,1.5793301,-0.3395083393713667
3,1,300570.5987861166,-0.812,1.5791011,-0.34063627472692737
3,1,300575.5989823914,-0.812,1.5790056,-0.34176421067512375
3,1,300580.59917866625,-0.812,1.5788146,-0.3428921483821605
3,1,300585.5993749411,-0.812,1.5787574,-0.34402008726628297
3,1,300590.5995712159,-0.812,1.5783947,-0.3451480229902235
3,1,300595.59976749076,-0.812,1.578242,-0.3462759603395529
3,1,300600.5999637656,-0.812,1.5779747,-0.34740389816264977
3,1,300605.6001600404,-0.812,1.5777838,-0.3485318354655902
3,1,300610.60035631526,-0.812,1.5774592,-0.3496597703121702
3,1,300615.6005525901,-0.812,1.5773448,-0.35078770791719693
3,1,300620.60074886493,-0.812,1.5770583,-0.35191564801171094
3,1,300625.60094513977,-0.812,1.576963,-0.3530435874700712
3,1,300630.6011414146,-0.812,1.5766766,-0.35417152851895495
3,1,300635.60133768944,-0.812,1.576562,-0.35529946809291846
3,1,300640.6015339638,-0.812,1.5761993,-0.35642740789957184
3,1,300645.60173023865,-0.812,1.5760466,-0.3575553477669524
3,1,300650.601926513,-0.812,1.575932,-0.3586832871624993
3,1,300655.6021227874,-0.812,1.5755885,-0.3598112227253351
3,1,300660.60231906176,-0.812,1.5753593,-0.3609391577697761
3,1,300665.6025153361,-0.812,1.5752829,-0.3620670920684371
3,1,300670.6027116105,-0.812,1.5750921,-0.3631950266966158
3,1,300675.60290788487,-0.812,1.5748248,-0.3643229626643724
3,1,300680.60310415924,-0.812,1.5747293,-0.36545089675682785
3,1,300685.6033004336,-0.812,1.574653,-0.366578829067717
3,1,300690.603496708,-0.812,1.5742712,-0.3677067629065911
3,1,300695.60369298235,-0.812,1.5741376,-0.36883469455650447
3,1,300700.6038892567,-0.812,1.5738703,-0.3699626277027726
3,1,300705.6040855311,-0.812,1.5736985,-0.37109055957545833
3,1,300710.60428180546,-0.812,1.5733739,-0.372218490408
3,1,300715.6044780798,-0.812,1.5729539,-0.37334642079687114
3,1,300720.6046743542,-0.812,1.5728967,-0.3744743525737656
3,1,300725.60487062857,-0.812,1.572534,-0.37560228632088166
3,1,300730.60506690294,-0.812,1.572534,-0.3767302211166256
3,1,300735.6052631773,-0.812,1.5721903,-0.3778581560778485
3,1,300740.6054594517,-0.812,1.5719994,-0.37898608920254306
3,1,300745.60565572605,-0.812,1.571675,-0.3801140227569043
3,1,300750.6058520004,-0.812,1.5715222,-0.38124195945125483
3,1,300755.6060482748,-0.812,1.5713503,-0.38236989251352016
3,1,300760.60624454916,-0.812,1.5711404,-0.38349782410812705
3,1,300765.6064408235,-0.812,1.5709494,-0.38462575578979646
3,1,300770.6066370979,-0.812,1.5706059,-0.38575368915404207
3,1,300775.60683337227,-0.812,1.5703577,-0.3868816226628356
3,1,300780.60702964664,-0.812,1.5701668,-0.3880095547894967
3,1,300785.607225921,-0.812,1.5698996,-0.38913748803377146
3,1,300790.6074221954,-0.812,1.5696131,-0.39026542126762864
3,1,300795.60761846974,-0.812,1.569594,-0.3913933559197154
3,1,300800.6078147441,-0.812,1.5692314,-0.3925212894195881
3,1,300805.6080110185,-0.812,1.5690786,-0.39364922194203733
3,1,300810.60820729285,-0.812,1.5688686,-0.3947771542893549
3,1,300815.6084035672,-0.812,1.5685441,-0.3959050871075392
3,1,300820.6085998416,-0.812,1.5684296,-0.39703302082995906
3,1,300825.60879611596,-0.812,1.568315,-0.39816095691242487
3,1,300830.60899239033,-0.812,1.5680859,-0.3992888918315967
3,1,300835.6091886647,-0.812,1.5678186,-0.4004168278219965
3,1,300840.6093849391,-0.812,1.5674942,-0.4015447618898319
3,1,300845.60958121344,-0.812,1.5673605,-0.4026726990315749
3,1,300850.6097774878,-0.812,1.5669978,-0.40380063646924497
3,1,300855.6099737622,-0.812,1.5666159,-0.40492857425237694
3,1,300860.61017003655,-0.812,1.5665396,-0.4060565086293088
3,1,300865.6103663109,-0.812,1.5663105,-0.40718444296473927
3,1,300870.6105625853,-0.812,1.5659478,-0.4083123753847877
3,1,300875.61075885966,-0.812,1.5656997,-0.40944030805503656
3,1,300880.61095513403,-0.812,1.5656233,-0.4105682428598271
3,1,300885.6111514084,-0.812,1.5652605,-0.4116961776666277
3,1,300890.6113476828,-0.812,1.5651652,-0.4128241113761862
3,1,300895.61154395714,-0.812,1.5650123,-0.41395204740812047
3,1,300900.6117402315,-0.812,1.5645161,-0.41507998283231257
3,1,300905.6119365059,-0.812,1.5641533,-0.4162079176973965
3,1,300910.61213278025,-0.812,1.5640578,-0.4173358532671994
3,1,300915.6123290546,-0.812,1.5637524,-0.418463788036204
3,1,300920.612525329,-0.812,1.5637906,-0.4195917228621707
3,1,300925.61272160336,-0.812,1.5633515,-0.4207196581362485
3,1,300930.61291787773,-0.812,1.5632943,-0.42184759125365145
3,1,300935.6131141521,-0.812,1.563008,-0.42297552543506683
3,1,300940.6133104265,-0.812,1.5627024,-0.4241034598865475
3,1,300945.61350670084,-0.812,1.5624161,-0.42523139291713297
3,1,300950.6137029752,-0.812,1.5621297,-0.42635932586966946
3,1,300955.6138992496,-0.812,1.561767,-0.4274872601215044
3,1,300960.61409552395,-0.812,1.5615189,-0.4286151931557158
3,1,300965.6142917983,-0.812,1.5612707,-0.4297431251468856
3,1,300970.6144880727,-0.812,1.5610416,-0.43087105906150397
3,1,300975.61468434706,-0.812,1.5606407,-0.43199899160933813
3,1,300980.61488062143,-0.812,1.5604308,-0.43312692400900843
3,1,300985.6150768958,-0.812,1.5602971,-0.4342548569441602
3,1,300990.6152731702,-0.812,1.5598198,-0.43538278959322296
3,1,300995.61546944454,-0.812,1.5597626,-0.43651072180208556
3,1,301000.6156657189,-0.812,1.5593044,-0.43763865376201266
3,1,301005.6158619933,-0.812,1.5589799,-0.4387665857894155
3,1,301010.61605826765,-0.812,1.5588844,-0.43989451891346104
3,1,301015.616254542,-0.812,1.5587507,-0.4410224511498146
3,1,301020.6164508164,-0.812,1.5583498,-0.44215038171563537
3,1,301025.61664709076,-0.812,1.5580635,-0.44327831096970693
3,1,301030.61684336513,-0.812,1.5577008,-0.444406243768331
3,1,301035.6170396395,-0.812,1.5576245,-0.44553417869944695
3,1,301040.61723591434,-0.812,1.5570135,-0.44666211383722876
3,1,301045.6174321892,-0.812,1.5569944,-0.44779004888142465
3,1,301050.617628464,-0.812,1.5565363,-0.4489179852172135
3,1,301055.61782473885,-0.812,1.5565363,-0.45004592247896047
3,1,301060.6180210137,-0.812,1.5562309,-0.4511738605264954
3,1,301065.6182172885,-0.812,1.5558872,-0.4523018005294368
3,1,301070.61841356335,-0.812,1.5556009,-0.4534297377554508
3,1,301075.6186098382,-0.812,1.5553908,-0.454557674354563
3,1,301080.618806113,-0.812,1.5550854,-0.4556856079770491
3,1,301085.61900238786,-0.812,1.55478,-0.45681354277030944
3,1,301090.6191986627,-0.812,1.5543791,-0.45794147597222845
3,1,301095.61939493753,-0.812,1.5540164,-0.45906940953877556
3,1,301100.61959121237,-0.812,1.5536155,-0.46019734079994745
3,1,301105.61978748674,-0.812,1.5535773,-0.4613252734763257
3,1,301110.6199837616,-0.812,1.55331,-0.46245320675612145
3,1,301115.6201800364,-0.812,1.5529855,-0.4635811376246511
3,1,301120.62037631124,-0.812,1.5525273,-0.4647090693611137
3,1,301125.6205725861,-0.812,1.5523746,-0.4658370033846132
3,1,301130.6207688609,-0.812,1.552241,-0.4669649357136818
3,1,301135.62096513575,-0.812,1.551821,-0.4680928708783155
3,1,301140.62116141035,-0.812,1.5516492,-0.46922080273174566
3,1,301145.62135768496,-0.812,1.5513437,-0.47034873689569356
3,1,301150.62155395956,-0.812,1.5510001,-0.4714766705090866
3,1,301155.62175023416,-0.812,1.5506564,-0.4726046059123707
3,1,301160.62194650876,-0.812,1.5504656,-0.47373253954534716
3,1,301165.62214278337,-0.812,1.5500647,-0.4748604728246462
3,1,301170.62233905797,-0.812,1.5497593,-0.47598840488717276
3,1,301175.6225353326,-0.812,1.5495301,-0.47711633315108537
3,1,301180.6227316072,-0.812,1.5491866,-0.47824426482846655
3,1,301185.6229278818,-0.812,1.548881,-0.4793721992703575
3,1,301190.6231241565,-0.812,1.5484992,-0.48050013205150743
3,1,301195.6233204312,-0.812,1.5481747,-0.48162806426611193
3,1,301200.62351670593,-0.812,1.5478503,-0.482755994551526
3,1,301205.62371298065,-0.812,1.5474494,-0.4838839263506928
3,1,301210.6239092554,-0.812,1.5472584,-0.4850118551753162
3,1,301215.6241055301,-0.812,1.5468957,-0.48613978372025807
3,1,301220.6243018048,-0.812,1.5465521,-0.48726771259918794
3,1,301225.62449807953,-0.812,1.5462848,-0.48839564188824747
3,1,301230.62469435425,-0.812,1.5460557,-0.4895235720760457
3,1,301235.6248906292,-0.812,1.5456166,-0.490651503390322
3,1,301240.6250869039,-0.812,1.5451967,-0.4917794342255458
3,1,301245.62528317864,-0.812,1.5450821,-0.4929073667907746
3,1,301250.62547945336,-0.812,1.5446812,-0.49403529914964883
3,1,301255.625675728,-0.812,1.5443376,-0.4951632329299249
3,1,301260.62587200274,-0.812,1.5439558,-0.4962911629140706
3,1,301265.6260682774,-0.812,1.5436504,-0.49741909499888265
3,1,301270.6262645521,-0.812,1.5433258,-0.498547027942889
3,1,301275.62646082684,-0.812,1.5430585,-0.4996749584409427
3,1,301280.62665710156,-0.812,1.542734,-0.500802888465497
3,1,301285.6268533763,-0.812,1.5423522,-0.5019308182777893
3,1,301290.627049651,-0.812,1.5420849,-0.5030587477902835
3,1,301295.62724592537,-0.812,1.5418177,-0.5041866766603289
3,1,301300.62744219997,-0.812,1.5414932,-0.5053146017765467
3,1,301305.6276384746,-0.812,1.5410923,-0.5064425265828104
3,1,301310.6278347492,-0.812,1.540634,-0.5075704540751342
3,1,301315.6280310238,-0.812,1.5402523,-0.5086983785481616
3,1,301320.6282272984,-0.812,1.5402331,-0.5098263041298949
3,1,301325.628423573,-0.812,1.5397941,-0.5109542319536173
3,1,301330.6286198476,-0.812,1.5394696,-0.5120821598259075
3,1,301335.6288161222,-0.812,1.5390687,-0.5132100874112213
3,1,301340.629012397,-0.812,1.5386678,-0.5143380144673617
3,1,301345.62920867186,-0.812,1.5383241,-0.5154659424629938
3,1,301350.6294049467,-0.812,1.5379615,-0.516593868166122
3,1,301355.62960122153,-0.812,1.5377133,-0.5177217942984831
3,1,301360.62979749637,-0.812,1.5373124,-0.5188497188117933
3,1,301365.6299937712,-0.812,1.5369496,-0.519977645627674
3,1,301370.63019004604,-0.812,1.5365297,-0.5211055742542908
3,1,301375.6303863204,-0.812,1.5362433,-0.5222335033990343
3,1,301380.63058259524,-0.812,1.5359379,-0.5233614324695103
3,1,301385.6307788701,-0.812,1.5354415,-0.5244893596281905
3,1,301390.6309751449,-0.812,1.5353843,-0.5256172879351112
3,1,301395.63117141975,-0.812,1.5349451,-0.5267452182071506
3,1,301400.6313676946,-0.812,1.534487,-0.5278731465448935
3,1,301405.6315639694,-0.812,1.5341052,-0.5290010725491642
3,1,301410.63176024426,-0.812,1.5337424,-0.530128997518344
3,1,301415.6319565191,-0.812,1.5334179,-0.5312569239276316
3,1,301420.6321527939,-0.812,1.5329025,-0.5323848496544559
3,1,301425.63234906876,-0.812,1.532578,-0.5335127734888394
3,1,301430.6325453436,-0.812,1.5322726,-0.5346406978179812
3,1,301435.63274161844,-0.812,1.531967,-0.5357686222222645
3,1,301440.6329378933,-0.812,1.5314517,-0.5368965471865302
3,1,301445.63313416764,-0.812,1.5310699,-0.5380244740608136
3,1,301450.633330442,-0.812,1.5307643,-0.5391524033656915
3,1,301455.6335267164,-0.812,1.5303826,-0.5402803327180544
3,1,301460.63372299075,-0.812,1.5300199,-0.541408264172501
3,1,301465.6339192651,-0.812,1.5295999,-0.5425361956575943
3,1,301470.6341155395,-0.812,1.5292945,-0.543664125412878
3,1,301475.63431181386,-0.812,1.5289127,-0.5447920538546012
3,1,301480.63450808823,-0.812,1.528588,-0.5459199827370907
3,1,301485.6347043626,-0.812,1.5283208,-0.5470479113608929
3,1,301490.634900637,-0.812,1.5276909,-0.5481758379271593
3,1,301495.63509691134,-0.812,1.52729,-0.5493037665494613
3,1,301500.6352931857,-0.812,1.52687,-0.5504316953872673
3,1,301505.6354894601,-0.812,1.5264882,-0.5515596266786786
3,1,301510.63568573445,-0.812,1.5260873,-0.552687557226883
3,1,301515.6358820088,-0.812,1.5255909,-0.5538154875812232
3,1,301520.6360782832,-0.812,1.5251328,-0.5549434168697198
3,1,301525.63627455756,-0.812,1.5249037,-0.5560713463355369
3,1,301530.63647083193,-0.812,1.5244455,-0.5571992742274966
3,1,301535.6366671063,-0.812,1.5241401,-0.5583272034850848
3,1,301540.63686338067,-0.812,1.5236056,-0.5594551346647771
3,1,301545.63705965504,-0.812,1.5230901,-0.560583064205514
3,1,301550.6372559294,-0.812,1.5225365,-0.5617109943105512
3,1,301555.6374522038,-0.812,1.5222119,-0.5628389238464004
3,1,301560.63764847815,-0.812,1.5217919,-0.5639668542166385
3,1,301565.6378447525,-0.812,1.5212955,-0.5650947849115497
3,1,301570.6380410269,-0.812,1.5208565,-0.566222714896063
3,1,301575.63823730126,-0.812,1.5202647,-0.5673506445708076
3,1,301580.63843357563,-0.812,1.5197684,-0.5684785726250907
3,1,301585.63862985,-0.812,1.5195966,-0.5696064994760951
3,1,301590.63882612437,-0.812,1.5190239,-0.5707344237411718
3,1,301595.63902239874,-0.812,1.5183939,-0.5718623475388884
3,1,301600.6392186731,-0.812,1.518012,-0.5729902737397121
3,1,301605.6394149475,-0.812,1.5175349,-0.5741182009980413
3,1,301610.63961122185,-0.812,1.5170194,-0.5752461293937232
3,1,301615.6398074962,-0.812,1.5163321,-0.5763740582157174
3,1,301620.6400037706,-0.812,1.5161985,-0.5775019863482117
3,1,301625.64020004496,-0.812,1.5155113,-0.5786299156032138
3,1,301630.64039631933,-0.812,1.5150149,-0.5797578445455696
3,1,301635.6405925937,-0.812,1.514824,-0.5808857748446397
3,1,301640.64078886807,-0.812,1.5142512,-0.582013705232428
3,1,301645.64098514244,-0.812,1.5137359,-0.5831416377115148
3,1,301650.6411814168,-0.812,1.5134113,-0.5842695705791577
3,1,301655.6413776912,-0.812,1.5128577,-0.5853975045676859
3,1,301660.64157396555,-0.812,1.5124568,-0.586525436328507
3,1,301665.6417702399,-0.812,1.5121132,-0.5876533720355694
3,1,301670.6419665143,-0.812,1.5114832,-0.58878130802836
3,1,301675.64216278866,-0.812,1.5110251,-0.5899092447064749
3,1,301680.64235906303,-0.812,1.5105668,-0.591037183568249
3,1,301685.6425553374,-0.812,1.5102805,-0.5921651224941543
3,1,301690.64275161177,-0.812,1.5096697,-0.5932930573136176
3,1,301695.64294788614,-0.812,1.5091923,-0.5944209886872369
3,1,301700.6431441605,-0.812,1.5088679,-0.595548920573933
3,1,301705.6433404349,-0.812,1.5082569,-0.5966768533987665
3,1,301710.64353670925,-0.812,1.5076652,-0.5978047863953376
3,1,301715.6437329836,-0.812,1.5072643,-0.5989327164973945
3,1,301720.643929258,-0.812,1.5067679,-0.6000606451474161
3,1,301725.64412553236,-0.812,1.5062333,-0.6011885740147065
3,1,301730.6443218067,-0.812,1.5058515,-0.6023165042612053
3,1,301735.6445180811,-0.812,1.5053934,-0.603444435874634
3,1,301740.64471435547,-0.812,1.504897,-0.6045723671835427
3,1,301745.64491062984,-0.812,1.5043625,-0.6057002983715267
3,1,301750.6451069042,-0.812,1.5038279,-0.606828229357249
3,1,301755.6453031786,-0.812,1.5034653,-0.6079561613431637
3,1,301760.64549945295,-0.812,1.502988,-0.609084089656515
3,1,301765.6456957273,-0.812,1.5022435,-0.610212018756949
3,1,301770.6458920017,-0.812,1.5019189,-0.6113399502573839
3,1,301775.64608827606,-0.812,1.5013272,-0.6124678789233795
3,1,301780.6462845504,-0.812,1.5008117,-0.6135958090312578
3,1,301785.6464808248,-0.812,1.5002962,-0.6147237395445139
3,1,301790.64667709917,-0.812,1.4997809,-0.6158516698506339
3,1,301795.64687337354,-0.812,1.4992845,-0.6169796023456451
3,1,301800.6470696479,-0.812,1.4986545,-0.6181075320862859
3,1,301805.6472659223,-0.812,1.49812,-0.6192354619080918
3,1,301810.64746219665,-0.812,1.49749,-0.6203633919926381
3,1,301815.647658471,-0.812,1.4969172,-0.6214913254335155
3,1,301820.6478547454,-0.812,1.4965355,-0.6226192587173975
3,1,301825.64805101976,-0.812,1.495791,-0.6237471886386504
3,1,301830.6482472941,-0.812,1.4952755,-0.6248751190661652
3,1,301835.64844356896,-0.812,1.494741,-0.6260030505523082
3,1,301840.6486398438,-0.812,1.4940346,-0.6271309803148538
3,1,301845.64883611817,-0.812,1.4935192,-0.6282589117786318
3,1,301850.649032393,-0.812,1.4930229,-0.6293868429742353
3,1,301855.64922866784,-0.812,1.492412,-0.6305147751739518
3,1,301860.6494249427,-0.812,1.4920875,-0.6316427077350016
3,1,301865.6496212175,-0.812,1.4914193,-0.6327706397394964
3,1,301870.64981749235,-0.812,1.4908657,-0.6338985736501577
3,1,301875.6500137672,-0.812,1.4901975,-0.6350265064353111
3,1,301880.650210042,-0.812,1.4897585,-0.636154440961195
3,1,301885.65040631685,-0.812,1.4892048,-0.6372823752229442
3,1,301890.6506025917,-0.812,1.488613,-0.6384103073237468
3,1,301895.6507988665,-0.812,1.4880594,-0.6395382377659841
3,1,301900.65099514136,-0.812,1.4876204,-0.6406661662544009
3,1,301905.6511914162,-0.812,1.4869903,-0.6417940932715135
3,1,301910.65138769103,-0.812,1.4863603,-0.642922021224356
3,1,301915.65158396587,-0.812,1.4859022,-0.6440499479171167
3,1,301920.6517802407,-0.812,1.4851768,-0.6451778728103038
3,1,301925.65197651554,-0.812,1.4847186,-0.6463058003583779
3,1,301930.6521727904,-0.812,1.4838405,-0.6474337268592613
3,1,301935.652369065,-0.812,1.4833441,-0.6485616518220203
3,1,301940.6525653396,-0.812,1.4829432,-0.6496895777529673
3,1,301945.6527616142,-0.812,1.4821223,-0.6508175063193106
3,1,301950.6529578888,-0.812,1.4816259,-0.6519454353443811
3,1,301955.6531541634,-0.812,1.4809196,-0.6530733637458414
3,1,301960.653350438,-0.812,1.4803851,-0.6542012921890381
3,1,301965.6535467126,-0.812,1.4796406,-0.6553292187593079
3,1,301970.65374298743,-0.812,1.479087,-0.6564571482180818
3,1,301975.65393926203,-0.812,1.4783424,-0.6575850807427694
3,1,301980.65413553664,-0.812,1.477617,-0.6587130137131608
3,1,301985.65433181135,-0.812,1.476987,-0.659840944832275
3,1,301990.6545280861,-0.812,1.4764334,-0.6609688770242728
3,1,301995.6547243608,-0.812,1.4757462,-0.6620968071199917
3,1,302000.6549206355,-0.812,1.4751544,-0.6632247384838028
3,1,302005.65511691023,-0.812,1.4745435,-0.6643526702811682
3,1,302010.65531318495,-0.812,1.4738562,-0.6654806025652419
3,1,302015.65550945967,-0.812,1.4733217,-0.6666085369854698
3,1,302020.6557057344,-0.812,1.472558,-0.6677364687472678
3,1,302025.6559020091,-0.812,1.4719472,-0.6688644009102414
3,1,302030.6560982838,-0.812,1.47126,-0.6699923341013355
3,1,302035.65629455843,-0.812,1.470649,-0.6711202650399999
3,1,302040.6564908331,-0.812,1.4698664,-0.6722481961923238
3,1,302045.6566871078,-0.812,1.4691027,-0.6733761303181578
3,1,302050.65688338253,-0.812,1.4680718,-0.6745040634083975
3,1,302055.65707965725,-0.812,1.4675565,-0.6756319949272105
3,1,302060.6572759319,-0.812,1.4667355,-0.6767599296767773
3,1,302065.6574722066,-0.812,1.4660482,-0.6778878671132488
3,1,302070.65766848135,-0.812,1.4653419,-0.6790158017505767
3,1,302075.65786475607,-0.812,1.4646738,-0.6801437361448536
3,1,302080.6580610308,-0.812,1.4640056,-0.6812716731586287
3,1,302085.6582573054,-0.812,1.4633183,-0.6823996100877222
3,1,302090.65845358,-0.812,1.4624975,-0.6835275472878678
3,1,302095.6586498546,-0.812,1.461753,-0.6846554861098226
3,1,302100.6588461292,-0.812,1.4611994,-0.6857834247134986
3,1,302105.6590424038,-0.812,1.460264,-0.6869113641598088
3,1,302110.6592386784,-0.812,1.4597485,-0.6880392997537615
3,1,302115.65943495254,-0.812,1.4589086,-0.6891672354253526
3,1,302120.65963122714,-0.812,1.4582595,-0.6902951688572495
3,1,302125.65982750175,-0.812,1.4575531,-0.6914231036573876
3,1,302130.66002377635,-0.812,1.4568276,-0.6925510377637872
3,1,302135.6602200512,-0.812,1.4561023,-0.6936789706589145
3,1,302140.660416326,-0.812,1.4551668,-0.6948069048235578
3,1,302145.66061260086,-0.812,1.4544986,-0.695934838592509
3,1,302150.6608088757,-0.812,1.4538496,-0.6970627722344428
3,1,302155.6610051505,-0.812,1.4531051,-0.6981907073999905
3,1,302160.66120142536,-0.812,1.4522651,-0.6993186421205431
3,1,302165.6613977002,-0.812,1.4513869,-0.7004465794068041
3,1,302170.66159397503,-0.812,1.450547,-0.7015745160822401
3,1,302175.66179024987,-0.812,1.4498024,-0.7027024528116877
3,1,302180.6619865247,-0.812,1.4489243,-0.7038303903876705
3,1,302185.66218279954,-0.812,1.4482943,-0.7049583288964228
3,1,302190.6623790744,-0.812,1.4473588,-0.7060862698266304
3,1,302195.6625753492,-0.812,1.4466144,-0.7072142096316976
3,1,302200.66277162405,-0.812,1.4457935,-0.708342152788281
3,1,302205.6629678989,-0.812,1.4449153,-0.7094700942688349
3,1,302210.6631641737,-0.812,1.4439608,-0.7105980356428521
3,1,302215.66336044855,-0.812,1.4431973,-0.7117259726133409
3,1,302220.6635567234,-0.812,1.4422235,-0.7128539093017839
3,1,302225.6637529982,-0.812,1.4413836,-0.7139818457961145
3,1,302230.66394927306,-0.812,1.4404864,-0.7151097820311615
3,1,302235.6641455479,-0.812,1.4396273,-0.7162377179158292
3,1,302240.66434182227,-0.812,1.4388446,-0.7173656560820171
3,1,302245.66453809664,-0.812,1.4379092,-0.7184935937494366
3,1,302250.664734371,-0.812,1.4371837,-0.7196215320603412
3,1,302255.6649306454,-0.812,1.4362483,-0.7207494698370723
3,1,302260.66512691975,-0.812,1.4352938,-0.721877406124939
3,1,302265.6653231941,-0.812,1.434492,-0.723005344592627
3,1,302270.6655194685,-0.812,1.433633,-0.7241332827429567
3,1,302275.66571574286,-0.812,1.4329839,-0.7252612202707854
3,1,302280.6659120172,-0.812,1.4320484,-0.7263891576138398
3,1,302285.6661082916,-0.812,1.4311513,-0.7275170942279856
3,1,302290.66630456597,-0.812,1.4301968,-0.7286450367031224
3,1,302295.66650084034,-0.812,1.429395,-0.7297729828958274
3,1,302300.6666971147,-0.812,1.428345,-0.7309009249654572
3,1,302305.6668933891,-0.812,1.4273905,-0.7320288631832959
3,1,302310.66708966345,-0.812,1.4264169,-0.7331568003998427
3,1,302315.6672859378,-0.812,1.4255577,-0.7342847379753816
3,1,302320.6674822122,-0.812,1.4245651,-0.7354126727975238
3,1,302325.66767848656,-0.812,1.423706,-0.7365406088743834
3,1,302330.6678747609,-0.812,1.4227897,-0.7376685441447491
3,1,302335.6680710353,-0.812,1.4217397,-0.7387964796371653
3,1,302340.66826730967,-0.812,1.4206325,-0.7399244163803519
3,1,302345.66846358404,-0.812,1.4194679,-0.741052351420455
3,1,302350.6686598584,-0.812,1.4188762,-0.7421802841987837
3,1,302355.6688561328,-0.812,1.417788,-0.7433082155808305
3,1,302360.66905240715,-0.812,1.4166999,-0.7444361489118432
3,1,302365.6692486815,-0.812,1.4155736,-0.7455640825641945
3,1,302370.6694449559,-0.812,1.4145808,-0.7466920182183082
3,1,302375.66964123026,-0.812,1.4135118,-0.7478199514961106
3,1,302380.6698375046,-0.812,1.4124236,-0.7489478837660414
3,1,302385.670033779,-0.812,1.4114882,-0.7500758169463537
3,1,302390.67023005337,-0.812,1.4105146,-0.7512037460787921
3,1,302395.67042632774,-0.812,1.4093119,-0.752331677310122
3,1,302400.6706226021,-0.812,1.4082428,-0.7534596092530783
3,1,302405.6708188765,-0.812,1.407441,-0.7545875418363176
3,1,302410.67101515085,-0.812,1.4062766,-0.7557154747362066
3,1,302415.6712114252,-0.812,1.4053984,-0.7568434101594549
3,1,302420.6714076996,-0.812,1.4042339,-0.7579713458334931
3,1,302425.67160397395,-0.812,1.4031839,-0.759099278362426
3,1,302430.6718002483,-0.812,1.4021722,-0.7602272116317313
3,1,302435.6719965227,-0.812,1.4007595,-0.7613551458464922
3,1,302440.67219279706,-0.812,1.3999577,-0.7624830806515278
3,1,302445.67238907143,-0.812,1.398774,-0.7636110147349564
3,1,302450.6725853458,-0.812,1.3978004,-0.7647389498735727
3,1,302455.6727816202,-0.812,1.3966742,-0.7658668842176989
3,1,302460.67297789454,-0.812,1.3956432,-0.7669948202077543
3,1,302465.6731741689,-0.812,1.3942688,-0.7681227547567118
3,1,302470.6733704433,-0.812,1.393257,-0.7692506880829892
3,1,302475.67356671765,-0.812,1.3921115,-0.7703786203895405
3,1,302480.673762992,-0.812,1.3909471,-0.7715065532835386
3,1,302485.6739592664,-0.812,1.3897253,-0.7726344828326598
3,1,302490.67415554076,-0.812,1.3886563,-0.7737624091317881
3,1,302495.67435181513,-0.812,1.3875681,-0.7748903383698988
3,1,302500.6745480895,-0.812,1.386289,-0.7760182698331537
3,1,302505.6747443639,-0.812,1.38501,-0.7771462035194597
3,1,302510.67494063824,-0.812,1.3838645,-0.7782741363680291
3,1,302515.6751369126,-0.812,1.3825282,-0.7794020666858714
3,1,302520.675333187,-0.812,1.3812301,-0.7805300013761813
3,1,302525.67552946135,-0.812,1.3801037,-0.781657933649205
3,1,302530.6757257357,-0.812,1.3788438,-0.7827858644651798
3,1,302535.6759220101,-0.812,1.3774312,-0.7839137953389216
3,1,302540.67611828446,-0.812,1.3761711,-0.7850417292729446
3,1,302545.67631455883,-0.812,1.3750448,-0.786169661490122
3,1,302550.6765108332,-0.812,1.3739567,-0.7872975938302836
3,1,302555.6767071076,-0.812,1.3724676,-0.7884255287252394
3,1,302560.67690338194,-0.812,1.3710932,-0.7895534643531833
3,1,302565.6770996563,-0.812,1.3697377,-0.7906813989702258
3,1,302570.6772959307,-0.812,1.368535,-0.791809332180559
3,1,302575.67749220505,-0.812,1.3671606,-0.7929372651510531
3,1,302580.6776884794,-0.812,1.3659769,-0.7940651968478025
3,1,302585.6778847538,-0.812,1.3645452,-0.795193127160436
3,1,302590.67808102816,-0.812,1.363247,-0.796321059810257
3,1,302595.67827730253,-0.812,1.3618344,-0.7974489918768202
3,1,302600.6784735769,-0.812,1.3605934,-0.7985769247120613
3,1,302605.6786698513,-0.812,1.3594099,-0.7997048595089079
3,1,302610.67886612564,-0.812,1.358169,-0.8008327936762897
3,1,302615.6790624,-0.812,1.3566991,-0.8019607282759011
3,1,302620.6792586744,-0.812,1.3555155,-0.8030886625689229
3,1,302625.67945494875,-0.812,1.3541601,-0.8042165958862663
3,1,302630.6796512231,-0.812,1.3526329,-0.8053445274421069
3,1,302635.67984749796,-0.812,1.3512965,-0.8064724569112586
3,1,302640.6800437728,-0.812,1.3498266,-0.8076003871464656
3,1,302645.68024004763,-0.812,1.3482611,-0.8087283146629493
3,1,302650.68043632247,-0.812,1.346944,-0.8098562439993646
3,1,302655.6806325973,-0.812,1.3453021,-0.8109841748359395
3,1,302660.68082887214,-0.812,1.3438895,-0.8121121021356112
3,1,302665.681025147,-0.812,1.3425722,-0.8132400323192802
3,1,302670.6812214218,-0.812,1.3411787,-0.8143679620515433
3,1,302675.68141769664,-0.812,1.3397278,-0.8154958915470898
3,1,302680.6816139715,-0.812,1.3382578,-0.8166238204220361
3,1,302685.6818102463,-0.812,1.3368452,-0.8177517501833299
3,1,302690.68200652115,-0.812,1.3354516,-0.8188796794169206
3,1,302695.682202796,-0.812,1.333638,-0.8200076073856578
3,1,302700.6823990708,-0.812,1.3322062,-0.8211355381615982
3,1,302705.68259534566,-0.812,1.3306408,-0.822263468780348
3,1,302710.6827916205,-0.812,1.3291327,-0.8233914006088799
3,1,302715.6829878953,-0.812,1.3276055,-0.8245193298122313
3,1,302720.68318417016,-0.812,1.3258873,-0.8256472576725509
3,1,302725.683380445,-0.812,1.3243601,-0.8267751879785351
3,1,302730.68357671984,-0.812,1.322852,-0.8279031216084551
3,1,302735.68377299444,-0.812,1.3210002,-0.8290310563850063
3,1,302740.68396926904,-0.812,1.3194538,-0.830158990103436
3,1,302745.68416554364,-0.812,1.3179648,-0.8312869247760267
3,1,302750.68436181825,-0.812,1.3163421,-0.8324148579782835
3,1,302755.68455809285,-0.812,1.3145859,-0.8335427916026174
3,1,302760.68475436745,-0.812,1.3127723,-0.8346707256297097
3,1,302765.68495064205,-0.812,1.3111496,-0.8357986572180316
3,1,302770.68514691666,-0.812,1.3092597,-0.8369265874152374
3,1,302775.68534319126,-0.812,1.3075988,-0.8380545192938339
3,1,302780.68553946586,-0.812,1.3061289,-0.8391824515500291
3,1,302785.6857357406,-0.812,1.3043916,-0.8403103836477654
3,1,302790.6859320153,-0.812,1.3025972,-0.8414383155986392
3,1,302795.68612829,-0.812,1.3007644,-0.8425662483286483
3,1,302800.68632456474,-0.812,1.29918,-0.8436941847866267
3,1,302805.68652083946,-0.812,1.2973664,-0.844822119600964
3,1,302810.6867171142,-0.812,1.295591,-0.8459500535459807
3,1,302815.6869133889,-0.812,1.2939302,-0.8470779890290192
3,1,302820.6871096636,-0.812,1.2923647,-0.8482059225035533
3,1,302825.68730593834,-0.812,1.2904748,-0.8493338557740177
3,1,302830.68750221306,-0.812,1.2887567,-0.8504617887149776
3,1,302835.6876984877,-0.812,1.2869813,-0.8515897226188605
3,1,302840.68789476244,-0.812,1.2853587,-0.8527176524346097
3,1,302845.68809103715,-0.812,1.2832015,-0.8538455824238185
3,1,302850.6882873114,-0.812,1.2815597,-0.8549735089801938
3,1,302855.68848358607,-0.812,1.2797842,-0.8561014365568416
3,1,302860.6886798608,-0.812,1.2781234,-0.8572293632726394
3,1,302865.6888761355,-0.812,1.2758708,-0.8583572933987336
3,1,302870.6890724102,-0.812,1.2741336,-0.859485222292654
3,1,302875.68926868495,-0.812,1.2721863,-0.8606131513965153
3,1,302880.68946495955,-0.812,1.2702773,-0.8617410798901376
3,1,302885.68966123415,-0.812,1.2683682,-0.862869009236358
3,1,302890.68985750875,-0.812,1.2664783,-0.8639969392140465
3,1,302895.69005378336,-0.812,1.2644929,-0.8651248684843802
3,1,302900.6902500582,-0.812,1.262603,-0.8662527971300373
3,1,302905.6904463328,-0.812,1.260484,-0.8673807272518168
3,1,302910.6906426074,-0.812,1.2584985,-0.8685086558717678
3,1,302915.690838882,-0.812,1.256666,-0.8696365880999721
3,1,302920.6910351566,-0.812,1.2545469,-0.8707645199663729
3,1,302925.6912314312,-0.812,1.2525424,-0.8718924526080845
3,1,302930.6914277058,-0.812,1.2504425,-0.8730203861824894
3,1,302935.69162398065,-0.812,1.2483999,-0.8741483156071164
3,1,302940.6918202555,-0.812,1.2463189,-0.8752762446238489
3,1,302945.6920165303,-0.812,1.2440664,-0.8764041743079614
3,1,302950.69221280515,-0.812,1.2422336,-0.8775321029986333
3,1,302955.69240908,-0.812,1.2400573,-0.8786600300295244
3,1,302960.6926053548,-0.812,1.2379192,-0.8797879577360376
3,1,302965.69280162966,-0.812,1.235953,-0.880915885471896
3,1,302970.6929979045,-0.812,1.2335094,-0.8820438137144536
3,1,302975.69319417933,-0.812,1.2315621,-0.883171742889794
3,1,302980.69339045417,-0.812,1.2292331,-0.8842996713288549
3,1,302985.693586729,-0.812,1.2272477,-0.8854275975703488
3,1,302990.69378300384,-0.812,1.2248615,-0.8865555247853654
3,1,302995.6939792787,-0.812,1.2227615,-0.8876834530775206
3,1,303000.6941755535,-0.812,1.2205471,-0.8888113803029614
3,1,303005.69437182834,-0.812,1.2183708,-0.8899393068472303
3,1,303010.6945681032,-0.812,1.2161754,-0.8910672324075856
3,1,303015.694764378,-0.812,1.2137891,-0.8921951588403408
3,1,303020.69496065285,-0.812,1.2113456,-0.8933230877615437
3,1,303025.6951569277,-0.812,1.2091502,-0.89445101566155
3,1,303030.6953532025,-0.812,1.2066493,-0.8955789427199025
3,1,303035.6955494769,-0.812,1.204664,-0.8967068670879429
3,1,303040.69574575126,-0.812,1.2026212,-0.8978347928067008
3,1,303045.69594202563,-0.812,1.2001395,-0.8989627191116405
3,1,303045.92694184184,-0.812,1.1999677,-0.8990148271382112
3,1,303045.9271418415,-0.812,1.1998913,-0.8990148722566524
3,2,303045.9279418411,0.812,1.2940959,8.95787709289127e-08
3,2,303050.9281381164,0.812,1.49917,0.0011276962732738919
3,2,303055.92833439074,0.812,1.5678186,0.0022553066368798417
3,2,303060.9285306651,0.812,1.6212333,0.003382916770607233
3,2,303065.9287269395,0.812,1.6660383,0.004510526788165172
3,2,303070.92892321385,0.812,1.7058033,0.005638137490530808
3,2,303075.9291194882,0.812,1.7413685,0.0067657466073201755
3,2,303080.9293157626,0.812,1.7741848,0.007893356167445579
3,2,303085.92951203696,0.812,1.8046529,0.009020966968894003
3,2,303090.9297083118,0.812,1.8329257,0.010148575906356174
3,2,303095.92990458664,0.812,1.8597475,0.011276186024705568
3,2,303100.9301008615,0.812,1.8847557,0.012403796574695241
3,2,303105.9302971363,0.812,1.9086759,0.013531404396139911
3,2,303110.93049341114,0.812,1.9314315,0.014659011412153639
3,2,303115.930689686,0.812,1.952679,0.015786616990480156
3,2,303120.93088596035,0.812,1.9731629,0.01691422288321455
3,2,303125.9310822352,0.812,1.992406,0.01804182738619049
3,2,303130.93127851,0.812,2.0106564,0.01916943313863211
3,2,303135.93147478485,0.812,2.0275702,0.020297037260843646
3,2,303140.9316710597,0.812,2.043778,0.02142464130842023
3,2,303145.9318673345,0.812,2.0587065,0.02255224428335163
3,2,303150.93206360936,0.812,2.0729098,0.023679849919769496
3,2,303155.9322598842,0.812,2.0862157,0.02480745477477378
3,2,303160.93245615903,0.812,2.0986626,0.02593506111459599
3,2,303165.93265243387,0.812,2.1101742,0.02706266423493292
3,2,303170.9328487087,0.812,2.1213038,0.028190271019217034
3,2,303175.93304498354,0.812,2.1314788,0.029317880019012418
3,2,303180.9332412584,0.812,2.141272,0.030445488118277648
3,2,303185.9334375332,0.812,2.1500728,0.03157309695327612
3,2,303190.9336338078,0.812,2.158778,0.03270070609131785
3,2,303195.9338300824,0.812,2.1665478,0.03382831701933012
3,2,303200.934026357,0.812,2.1745083,0.03495592334206236
3,2,303205.9342226316,0.812,2.1814191,0.03608352746392951
3,2,303210.9344189062,0.812,2.1883678,0.037211132972074866
3,2,303215.9346151808,0.812,2.1949923,0.03833874011809957
3,2,303220.93481145543,0.812,2.2010057,0.03946634525068599
3,2,303225.93500773003,0.812,2.2068665,0.040593951151761724
3,2,303230.93520400464,0.812,2.2125745,0.04172155445510147
3,2,303235.93540027924,0.812,2.217748,0.042849159528901164
3,2,303240.93559655396,0.812,2.222826,0.04397676481114161
3,2,303245.9357928289,0.812,2.2278085,0.04510437139572698
3,2,303250.93598910363,0.812,2.2324665,0.0462319802390668
3,2,303255.93618537835,0.812,2.236819,0.047359589660058404
3,2,303260.93638165307,0.812,2.2412672,0.04848719956938755
3,2,303265.9365779278,0.812,2.2452762,0.04961481063356994
3,2,303270.9367742025,0.812,2.2492468,0.05074242058356933
3,2,303275.9369704772,0.812,2.2530077,0.05187003046809963
3,2,303280.93716675194,0.812,2.2568448,0.05299764176003468
3,2,303285.93736302666,0.812,2.260262,0.054125250089612255
3,2,303290.9375593014,0.812,2.2637746,0.05525285805420079
3,2,303295.9377555761,0.812,2.2669437,0.0563804669619964
3,2,303300.9379518508,0.812,2.2701507,0.05750807560342879
3,2,303305.9381481255,0.812,2.2733006,0.058635684548507115
3,2,303310.9383444001,0.812,2.2764506,0.05976329174074198
3,2,303315.93854067475,0.812,2.2793713,0.06089089824307294
3,2,303320.93873694947,0.812,2.2821586,0.06201850646248127
3,2,303325.9389332242,0.812,2.285022,0.06314611664058432
3,2,303330.9391294989,0.812,2.2876184,0.06427372786220245
3,2,303335.9393257736,0.812,2.2904055,0.06540133400897846
3,2,303340.9395220482,0.812,2.2930782,0.06652894033011131
3,2,303345.9397183228,0.812,2.2957127,0.0676565466468566
3,2,303350.93991459743,0.812,2.2982135,0.06878415265801549
3,2,303355.94011087203,0.812,2.3005235,0.06991175926057498
3,2,303360.94030714664,0.812,2.3029861,0.07103936485153106
3,2,303365.94050342124,0.812,2.3053532,0.07216696830971044
3,2,303370.94069969584,0.812,2.3077204,0.07329457343811792
3,2,303375.94089597045,0.812,2.3099923,0.07442218190325964
3,2,303380.94109224505,0.812,2.312283,0.0755497895922959
3,2,303385.94128851965,0.812,2.3145356,0.0766773968691826
3,2,303390.941484794,0.812,2.3168266,0.07780500386188097
3,2,303395.94168106886,0.812,2.3190029,0.07893260968255003
3,2,303400.9418773437,0.812,2.3210263,0.080060215489063
3,2,303405.9420736185,0.812,2.3232791,0.08118781910797292
3,2,303410.94226989336,0.812,2.325379,0.08231542506637177
3,2,303415.9424661682,0.812,2.3274407,0.08344303565990263
3,2,303420.94266244303,0.812,2.3295026,0.08457064212333826
3,2,303425.94285871787,0.812,2.331698,0.08569824797703492
3,2,303430.9430549927,0.812,2.333836,0.08682585548341275
3,2,303435.94325126754,0.812,2.335707,0.08795346246696181
3,2,303440.9434475424,0.812,2.3377304,0.08908106717646122
3,2,303445.9436438172,0.812,2.3398495,0.09020867555119594
3,2,303450.94384009205,0.812,2.3415294,0.09133628427195217
3,2,303455.9440363669,0.812,2.3437057,0.09246389092108276
3,2,303460.9442326417,0.812,2.3457103,0.09359149900352293
3,2,303465.94442891655,0.812,2.3474855,0.09471911035204596
3,2,303470.9446251914,0.812,2.3497381,0.09584672504717774
3,2,303475.9448214662,0.812,2.3514373,0.09697433906991283
3,2,303480.94501774106,0.812,2.3535755,0.09810195681774947
3,2,303485.9452140159,0.812,2.3553698,0.09922957138843337
3,2,303490.94541029073,0.812,2.3572788,0.10035718633645772
3,2,303495.9456065651,0.812,2.3590543,0.10148479951388306
3,2,303500.9458028395,0.812,2.3612497,0.10261241496275862
3,2,303505.94599911384,0.812,2.3630059,0.10374003073600266
3,2,303510.9461953882,0.812,2.3650677,0.10486764384036262
3,2,303515.9463916626,0.812,2.3669195,0.10599525587567686
3,2,303520.94658793695,0.812,2.3688095,0.10712286807923514
3,2,303525.9467842113,0.812,2.3707948,0.1082504797682464
3,2,303530.9469804857,0.812,2.3726466,0.10937808982355725
3,2,303535.94717676006,0.812,2.3744411,0.11050570014541014
3,2,303540.94737303443,0.812,2.37656,0.11163331144306392
3,2,303545.9475693088,0.812,2.3783164,0.11276091924622983
3,2,303550.9477655832,0.812,2.3802254,0.11388852806762852
3,2,303555.94796185754,0.812,2.3822107,0.11501613781560789
3,2,303560.9481581319,0.812,2.3840625,0.11614374505754971
3,2,303565.9483544063,0.812,2.3859906,0.11727135245478812
3,2,303570.94855068065,0.812,2.3879952,0.11839895687617855
3,2,303575.948746955,0.812,2.3899996,0.11952656268937054
3,2,303580.9489432294,0.812,2.3918324,0.12065416911288099
3,2,303585.94913950376,0.812,2.3939323,0.12178177734896868
3,2,303590.94933577813,0.812,2.3956885,0.12290938690924971
3,2,303595.9495320525,0.812,2.397922,0.12403699413138293
3,2,303600.9497283269,0.812,2.3997357,0.12516459991132214
3,2,303605.94992460124,0.812,2.4018166,0.12629220538823466
3,2,303610.9501208756,0.812,2.4036493,0.12741981131506622
3,2,303615.95031715,0.812,2.4056728,0.12854741770656233
3,2,303620.95051342435,0.812,2.4077537,0.12967502141867074
3,2,303625.9507096987,0.812,2.409739,0.13080262465977993
3,2,303630.9509059731,0.812,2.4119153,0.13193022759261389
3,2,303635.95110224746,0.812,2.4138815,0.13305782960698
3,2,303640.95129852183,0.812,2.4157906,0.1341854307383232
3,2,303645.9514947962,0.812,2.4179287,0.13531303302945025
3,2,303650.9516910706,0.812,2.4198377,0.13644063491740485
3,2,303655.95188734494,0.812,2.4218233,0.1375682340893281
3,2,303660.9520836193,0.812,2.4239995,0.13869583512289982
3,2,303665.9522798937,0.812,2.4259467,0.13982343466677263
3,2,303670.95247616805,0.812,2.4280849,0.1409510363285574
3,2,303675.9526724424,0.812,2.4301083,0.14207863875957985
3,2,303680.9528687168,0.812,2.431922,0.14320623913726202
3,2,303685.95306499116,0.812,2.4341173,0.14433383946267755
3,2,303690.95326126553,0.812,2.4362173,0.14546144097950714
3,2,303695.9534575399,0.812,2.4383554,0.14658904008116316
3,2,303700.9536538143,0.812,2.440379,0.14771664006965018
3,2,303705.95385008864,0.812,2.4426699,0.14884424261828255
3,2,303710.954046363,0.812,2.444636,0.14997184406019573
3,2,303715.9542426374,0.812,2.4468315,0.1510994478536744
3,2,303720.95443891175,0.812,2.4489505,0.15222705149065116
3,2,303725.9546351861,0.812,2.4510505,0.15335465251779548
3,2,303730.9548314605,0.812,2.4531312,0.1544822534178892
3,2,303735.95502773486,0.812,2.455365,0.15560985782017966
3,2,303740.95522400923,0.812,2.4573884,0.15673746054244367
3,2,303745.9554202836,0.812,2.459622,0.1578650626920991
3,2,303750.95561655797,0.812,2.46176,0.158992664292352
3,2,303755.95581283234,0.812,2.4636881,0.16012026813923644
3,2,303760.9560091067,0.812,2.4659026,0.16124787200868784
3,2,303765.9562053811,0.812,2.46785,0.16237547432707078
3,2,303770.95640165545,0.812,2.4700453,0.16350307878166762
3,2,303775.9565979298,0.812,2.472298,0.16463068285730806
3,2,303780.9567942042,0.812,2.4745314,0.16575828736574777
3,2,303785.95699047856,0.812,2.476345,0.1668858900808327
3,2,303790.95718675293,0.812,2.4787314,0.1680134943693445
3,2,303795.9573830273,0.812,2.4808314,0.16914109848690356
3,2,303800.95757930167,0.812,2.4828548,0.17026870381329118
3,2,303805.95777557604,0.812,2.4848785,0.1713963105906148
3,2,303810.9579718504,0.812,2.4872074,0.1725239187683065
3,2,303815.9581681248,0.812,2.489212,0.17365152727709207
3,2,303820.95836439915,0.812,2.4914837,0.17477913560915317
3,2,303825.9585606735,0.812,2.49345,0.17590674366161882
3,2,303830.9587569479,0.812,2.4954355,0.17703434998999362
3,2,303835.95895322226,0.812,2.4975162,0.17816195704669413
3,2,303840.95914949663,0.812,2.4995208,0.17928956224603113
3,2,303845.959345771,0.812,2.501468,0.18041716562115143
3,2,303850.95954204537,0.812,2.5037968,0.18154476671597353
3,2,303855.95973831974,0.812,2.5057633,0.18267236893037614
3,2,303860.9599345941,0.812,2.507424,0.1837999713342851
3,2,303865.9601308685,0.812,2.5096195,0.18492757304927696
3,2,303870.96032714285,0.812,2.5116239,0.18605517473302935
3,2,303875.9605234172,0.812,2.513743,0.18718277754363405
3,2,303880.9607196916,0.812,2.5153847,0.18831038106711032
3,2,303885.96091596596,0.812,2.5174847,0.18943798775097384
3,2,303890.9611122408,0.812,2.5192409,0.19056559324872813
3,2,303895.96130851563,0.812,2.5213027,0.19169320309954868
3,2,303900.96150479047,0.812,2.5230782,0.19282081167971743
3,2,303905.9617010653,0.812,2.5250254,0.1939484206536444
3,2,303910.96189734014,0.812,2.526629,0.19507602869548388
3,2,303915.962093615,0.812,2.5284998,0.19620363655843326
3,2,303920.9622898898,0.812,2.530466,0.19733124591085302
3,2,303925.96248616464,0.812,2.5321078,0.1984588567224243
3,2,303930.9626824395,0.812,2.5337877,0.199586468419512
3,2,303935.9628787143,0.812,2.5356014,0.20071407962936813
3,2,303940.96307498915,0.812,2.537396,0.20184168885375714
3,2,303945.963271264,0.812,2.5391521,0.20296929647071152
3,2,303950.9634675388,0.812,2.5405076,0.20409690298305275
3,2,303955.96366381366,0.812,2.5420349,0.2052245072660445
3,2,303960.9638600885,0.812,2.5436957,0.20635210969045745
3,2,303965.96405636333,0.812,2.5450702,0.20747971496076373
3,2,303970.96425263816,0.812,2.5464637,0.20860732209266544
3,2,303975.964448913,0.812,2.54801,0.20973492841934815
3,2,303980.96464518784,0.812,2.5494418,0.21086253375874284
3,2,303985.9648414627,0.812,2.55074,0.21199014144671283
3,2,303990.9650377373,0.812,2.5520954,0.21311774896139557
3,2,303995.9652340119,0.812,2.553699,0.21424535674488202
3,2,304000.9654302865,0.812,2.554768,0.21537296305701126
3,2,304005.9656265611,0.812,2.5560088,0.21650057068835685
3,2,304010.9658228357,0.812,2.5574214,0.21762817675005716
3,2,304015.9660191103,0.812,2.558338,0.21875578203402282
3,2,304020.9662153849,0.812,2.5597315,0.21988338550314626
3,2,304025.9664116595,0.812,2.5607433,0.22101098853490406
3,2,304030.9666079341,0.812,2.5618505,0.22213859127248645
3,2,304035.9668042088,0.812,2.5629196,0.2232661931308672
3,2,304040.96700048354,0.812,2.564256,0.224393795585609
3,2,304045.96719675814,0.812,2.5651913,0.22552140033236795
3,2,304050.96739303286,0.812,2.566394,0.22664900415232764
3,2,304055.9675893076,0.812,2.5673103,0.22777660732722269
3,2,304060.9677855823,0.812,2.5682456,0.22890421016054008
3,2,304065.967981857,0.812,2.5693147,0.23003181016968344
3,2,304070.96817813173,0.812,2.5702121,0.23115941134184587
3,2,304075.96837440645,0.812,2.5708992,0.2322870128724607
3,2,304080.9685706812,0.812,2.571892,0.2334146147667301
3,2,304085.9687669559,0.812,2.5726748,0.23454221473519657
3,2,304090.96896323055,0.812,2.57361,0.23566981877588883
3,2,304095.9691595053,0.812,2.5743356,0.2367974252940084
3,2,304100.96935578,0.812,2.5751946,0.2379250336212018
3,2,304105.9695520547,0.812,2.575901,0.23905264446680732
3,2,304110.9697483294,0.812,2.5765882,0.24018025441101842
3,2,304115.9699446041,0.812,2.57718,0.24130786419017766
3,2,304120.9701408788,0.812,2.5780008,0.24243547496850942
3,2,304125.97033715306,0.812,2.5787454,0.24356308494427126
3,2,304130.9705334278,0.812,2.5794137,0.24469069101495863
3,2,304135.9707297024,0.812,2.5799673,0.24581829807303338
3,2,304140.970925977,0.812,2.5805972,0.24694590481713072
3,2,304145.9711222516,0.812,2.5813417,0.24807351185155896
3,2,304150.9713185262,0.812,2.5819335,0.24920111803322026
3,2,304155.9715148008,0.812,2.5826209,0.25032872112288396
3,2,304160.9717110754,0.812,2.5830407,0.25145632540472
3,2,304165.97190735,0.812,2.5836325,0.2525839301459556
3,2,304170.9721036246,0.812,2.584148,0.25371153441143685
3,2,304175.97229989944,0.812,2.5847206,0.254839137728936
3,2,304180.97249617404,0.812,2.5851598,0.2559667399655778
3,2,304185.97269244865,0.812,2.5856943,0.25709434354147964
3,2,304190.9728887235,0.812,2.586267,0.2582219450135528
3,2,304195.9730849983,0.812,2.5866296,0.2593495521589384
3,2,304200.97328127315,0.812,2.5871642,0.2604771572096115
3,2,304205.973477548,0.812,2.5876224,0.2616047624638146
3,2,304210.9736738228,0.812,2.5880425,0.26273236795453553
3,2,304215.97387009766,0.812,2.5884814,0.26385997151999996
3,2,304220.9740663725,0.812,2.5891306,0.2649875766860875
3,2,304225.97426264733,0.812,2.5895123,0.2661151829132702
3,2,304230.97445892217,0.812,2.590066,0.2672427909835477
3,2,304235.974655197,0.812,2.5903332,0.2683703991356889
3,2,304240.97485147184,0.812,2.590715,0.26949800598251483
3,2,304245.9750477467,0.812,2.5912113,0.2706256116494271
3,2,304250.9752440215,0.812,2.5914214,0.27175321613038905
3,2,304255.97544029634,0.812,2.5918796,0.2728808205350637
3,2,304260.9756365712,0.812,2.5922422,0.27400842392021413
3,2,304265.975832846,0.812,2.5927958,0.2751360279911557
3,2,304270.97602912085,0.812,2.593006,0.2762636310060421
3,2,304275.9762253957,0.812,2.5935404,0.27739122866168614
3,2,304280.9764216705,0.812,2.593884,0.27851882798893246
3,2,304285.97661794536,0.812,2.594094,0.27964642997950306
3,2,304290.9768142197,0.812,2.5943232,0.28077402921075945
3,2,304295.9770104941,0.812,2.5948768,0.2819016291106872
3,2,304300.97720676847,0.812,2.595335,0.2830292307374112
3,2,304305.97740304284,0.812,2.5954685,0.28415683107757556
3,2,304310.9775993172,0.812,2.5957358,0.28528443065937015
3,2,304315.9777955916,0.812,2.5960793,0.28641202885122746
3,2,304320.97799186595,0.812,2.5962894,0.28753962750200085
3,2,304325.9781881403,0.812,2.5967095,0.2886672295689714
3,2,304330.9783844147,0.812,2.596824,0.2897948331795466
3,2,304335.97858068906,0.812,2.597263,0.29092243734632584
3,2,304340.9787769634,0.812,2.5974157,0.2920500385360319
3,2,304345.9789732378,0.812,2.5978358,0.29317763735612884
3,2,304350.97916951217,0.812,2.5980458,0.2943052384133139
3,2,304355.97936578654,0.812,2.598313,0.29543283932865316
3,2,304360.9795620609,0.812,2.598752,0.2965604409954812
3,2,304365.9797583353,0.812,2.598943,0.2976880444367858
3,2,304370.97995460965,0.812,2.5990193,0.2988156497908763
3,2,304375.980150884,0.812,2.5994203,0.29994325574133784
3,2,304380.9803471584,0.812,2.599802,0.3010708589262498
3,2,304385.98054343276,0.812,2.599993,0.3021984603113233
3,2,304390.9807397071,0.812,2.6002603,0.3033260627084605
3,2,304395.9809359815,0.812,2.6005466,0.3044536667138072
3,2,304400.98113225587,0.812,2.6008902,0.305581271915131
3,2,304405.98132853024,0.812,2.6011384,0.30670887697102944
3,2,304410.9815248046,0.812,2.6015582,0.30783648213912035
3,2,304415.981721079,0.812,2.6016538,0.30896408874864034
3,2,304420.98191735335,0.812,2.601711,0.3100916949420338
3,2,304425.9821136277,0.812,2.6019974,0.3112193000729381
3,2,304430.9823099021,0.812,2.6024747,0.31234690929475745
3,2,304435.98250617646,0.812,2.6026082,0.3134745167923105
3,2,304440.9827024508,0.812,2.6028755,0.314602124412308
3,2,304445.9828987252,0.812,2.6030092,0.31572973112919583
3,2,304450.98309499957,0.812,2.603429,0.316857339144296
3,2,304455.98329127394,0.812,2.603601,0.3179849473214413
3,2,304460.9834875483,0.812,2.603601,0.3191125565756922
3,2,304465.9836838227,0.812,2.6040974,0.32024016632654584
3,2,304470.98388009705,0.812,2.6042693,0.32136777689994356
3,2,304475.9840763714,0.812,2.6042309,0.32249538578728487
3,2,304480.9842726458,0.812,2.604632,0.32362299180298365
3,2,304485.98446892016,0.812,2.6049182,0.32475059510924403
3,2,304490.9846651945,0.812,2.6052237,0.3258781970270142
3,2,304495.9848614689,0.812,2.6053,0.3270058012093536
3,2,304500.98505774327,0.812,2.6053956,0.3281334050392076
3,2,304505.98525401764,0.812,2.6057773,0.3292610098784928
3,2,304510.985450292,0.812,2.60593,0.3303886162941818
3,2,304515.9856465664,0.812,2.60593,0.3315162244568498
3,2,304520.98584284075,0.812,2.6063309,0.33264383245915485
3,2,304525.9860391151,0.812,2.6064456,0.3337714384596445
3,2,304530.9862353895,0.812,2.6068082,0.33489904210131677
3,2,304535.98643166386,0.812,2.6069417,0.3360266456394491
3,2,304540.9866279382,0.812,2.6074,0.33715424997410814
3,2,304545.9868242126,0.812,2.6075337,0.33828185563022534
3,2,304550.98702048697,0.812,2.6075337,0.3394094610880611
3,2,304555.98721676134,0.812,2.6079726,0.3405370653833976
3,2,304560.9874130357,0.812,2.6081254,0.34166466884867325
3,2,304565.9876093101,0.812,2.6083927,0.3427922738861207
3,2,304570.98780558445,0.812,2.608641,0.34391987863209483
3,2,304575.9880018588,0.812,2.6089463,0.3450474837713239
3,2,304580.9881981332,0.812,2.6090417,0.34617508982298084
3,2,304585.98839440756,0.812,2.609099,0.3473026906541186
3,2,304590.9885906819,0.812,2.6095572,0.34843029192359887
3,2,304595.9887869563,0.812,2.6098435,0.34955789466756226
3,2,304600.98898323067,0.812,2.6100917,0.35068549816923644
3,2,304605.98917950504,0.812,2.610168,0.3518131006364621
3,2,304610.9893757794,0.812,2.6102827,0.3529407042310268
3,2,304615.9895720538,0.812,2.6104352,0.35406830843302245
3,2,304620.98976832815,0.812,2.610779,0.3551959135679301
3,2,304625.9899646025,0.812,2.611008,0.3563235189152423
3,2,304630.9901608769,0.812,2.6112752,0.3574511242018239
3,2,304635.99035715126,0.812,2.6113517,0.35857873286339603
3,2,304640.9905534256,0.812,2.6115615,0.3597063374578353
3,2,304645.9907497,0.812,2.6116762,0.36083394254537055
3,2,304650.99094597436,0.812,2.6119053,0.3619615457992583
3,2,304655.99114224873,0.812,2.612058,0.3630891489901936
3,2,304660.9913385231,0.812,2.6121726,0.3642167519360545
3,2,304665.9915347975,0.812,2.6123824,0.36534435194090303
3,2,304670.99173107184,0.812,2.6127071,0.3664719512802756
3,2,304675.9919273462,0.812,2.6130888,0.3675995493858817
3,2,304680.9921236206,0.812,2.6131651,0.36872714851733673
3,2,304685.9923198954,0.812,2.6136425,0.3698547485072311
3,2,304690.99251617026,0.812,2.613528,0.3709823455184529
3,2,304695.9927124451,0.812,2.6138906,0.3721099432094888
3,2,304700.9929087199,0.812,2.614005,0.37323754068405063
3,2,304705.99310499476,0.812,2.614387,0.374365139088733
3,2,304710.9933012696,0.812,2.614578,0.3754927358667847
3,2,304715.99349754443,0.812,2.6147878,0.3766203353330688
3,2,304720.99369381927,0.812,2.615036,0.3777479358232415
3,2,304725.9938900941,0.812,2.6152651,0.3788755397149453
3,2,304730.99408636894,0.812,2.6154943,0.3800031418744256
3,2,304735.9942826438,0.812,2.6156852,0.3811307446462608
3,2,304740.9944789186,0.812,2.615876,0.3822583469390998
3,2,304745.99467519345,0.812,2.616086,0.3833859498642183
3,2,304750.9948714683,0.812,2.6163723,0.3845135507859618
3,2,304755.9950677431,0.812,2.6167352,0.3856411523503857
3,2,304760.99526401795,0.812,2.6167543,0.3867687546211081
3,2,304765.9954602928,0.812,2.6171932,0.3878963577345673
3,2,304770.9956565676,0.812,2.6171741,0.3890239617354304
3,2,304775.99585284246,0.812,2.617346,0.3901515637211267
3,2,304780.9960491173,0.812,2.6176896,0.3912791651359297
3,2,304785.9962453919,0.812,2.6179569,0.3924067665799522
3,2,304790.9964416665,0.812,2.6180522,0.39353436804704506
3,2,304795.9966379411,0.812,2.618167,0.39466196770199774
3,2,304800.9968342157,0.812,2.6187015,0.39578956520790826
3,2,304805.9970304903,0.812,2.6187587,0.39691716538018623
3,2,304810.9972267649,0.812,2.6191978,0.39804476539406813
3,2,304815.9974230395,0.812,2.619236,0.39917236166383796
3,2,304820.9976193141,0.812,2.6195223,0.4002999594830868
3,2,304825.9978155887,0.812,2.6197133,0.401427556319753
3,2,304830.9980118633,0.812,2.6200187,0.40255515368081435
3,2,304835.99820813804,0.812,2.6204767,0.40368274858231645
3,2,304840.99840441276,0.812,2.6206486,0.404810343848099
3,2,304845.9986006875,0.812,2.6208014,0.405937942351331
3,2,304850.9987969622,0.812,2.6209922,0.4070655410007335
3,2,304855.9989932369,0.812,2.6212976,0.4081931368709038
3,2,304860.99918951164,0.812,2.6215076,0.40932073374310435
3,2,304865.9993857859,0.812,2.6214695,0.4104483309363455
3,2,304870.9995820606,0.812,2.6218896,0.4115759289448225
3,2,304875.99977833533,0.812,2.6220613,0.4127035274445643
3,2,304880.99997461005,0.812,2.6223667,0.4138311263045202
3,2,304886.0001708847,0.812,2.6223857,0.41495872454185917
3,2,304891.00036715943,0.812,2.622672,0.41608632221407327
3,2,304896.00056343415,0.812,2.6229587,0.41721392057409185
3,2,304901.00075970887,0.812,2.6231303,0.41834151772803363
3,2,304906.0009559836,0.812,2.6231875,0.419469114858362
3,2,304911.00115225825,0.812,2.6236076,0.42059671567955903
3,2,304916.00134853297,0.812,2.6237986,0.42172431403157407
3,2,304921.0015448077,0.812,2.6241612,0.4228519147820568
3,2,304926.0017410824,0.812,2.6244476,0.4239795156567689
3,2,304931.0019373571,0.812,2.624543,0.4251071186775396
3,2,304936.00213363185,0.812,2.624982,0.42623472221500636
3,2,304941.00232990645,0.812,2.6252494,0.42736231414557124
3,2,304946.00252618105,0.812,2.6254022,0.42848990381775587
3,2,304951.00272245565,0.812,2.6255739,0.4296174952995839
3,2,304956.00291873026,0.812,2.6259174,0.4307451013578271
3,2,304961.00311500486,0.812,2.6261466,0.4318727078935201
3,2,304966.00331127946,0.812,2.6263947,0.4330003130566208
3,2,304971.00350755407,0.812,2.6263757,0.4341279174110321
3,2,304976.00370382867,0.812,2.626643,0.43525552164718123
3,2,304981.0039001033,0.812,2.6270056,0.4363831274977321
3,2,304986.0040963781,0.812,2.6273112,0.4375107354856029
3,2,304991.00429265294,0.812,2.6275976,0.4386383438007793
3,2,304996.0044889278,0.812,2.627884,0.43976594860118245
3,2,305001.0046852026,0.812,2.628113,0.44089355080712783
3,2,305006.00488147745,0.812,2.6284757,0.44202115116714386
3,2,305011.0050777523,0.812,2.6289148,0.44314875381471663
3,2,305016.0052740271,0.812,2.6290102,0.4442763560210726
3,2,305021.00547030196,0.812,2.6291246,0.4454039581256007
3,2,305026.0056665768,0.812,2.629583,0.44653155839614683
3,2,305031.0058628516,0.812,2.6299074,0.4476591619470379
3,2,305036.00605912646,0.812,2.6299074,0.4487867624773742
3,2,305041.0062554013,0.812,2.630251,0.4499143660166457
3,2,305046.00645167613,0.812,2.630652,0.45104196996931184
3,2,305051.00664795097,0.812,2.6309192,0.4521695747773377
3,2,305056.0068442258,0.812,2.6309001,0.4532971810502703
3,2,305061.00704050064,0.812,2.63132,0.4544247890198027
3,2,305066.0072367755,0.812,2.6314156,0.45555239598930497
3,2,305071.0074330503,0.812,2.6318164,0.45668000071123194
3,2,305076.00762932515,0.812,2.6321409,0.4578076053247116
3,2,305081.0078256,0.812,2.6322365,0.45893521018022915
3,2,305086.00802187435,0.812,2.6326563,0.46006281678280186
3,2,305091.0082181487,0.812,2.6328282,0.46119042237795016
3,2,305096.0084144231,0.812,2.6331336,0.46231802991335547
3,2,305101.00861069746,0.812,2.633229,0.4634456374243361
3,2,305106.00880697183,0.812,2.633649,0.46457324272315653
3,2,305111.0090032462,0.812,2.6338592,0.46570084323438293
3,2,305116.0091995206,0.812,2.6340308,0.46682844383486066
3,2,305121.00939579494,0.812,2.6342027,0.46795604613469327
3,2,305126.0095920693,0.812,2.6345081,0.46908364900796234
3,2,305131.0097883437,0.812,2.6346037,0.4702112517708701
3,2,305136.00998461805,0.812,2.6349092,0.4713388564214304
3,2,305141.0101808924,0.812,2.6352909,0.4724664592256773
3,2,305146.0103771668,0.812,2.6354628,0.47359406083233774
3,2,305151.01057344116,0.812,2.6358445,0.47472166290704365
3,2,305156.01076971553,0.812,2.6361308,0.47584926691312546
3,2,305161.0109659899,0.812,2.6363409,0.47697686950104057
3,2,305166.0111622643,0.812,2.6367416,0.4781044706215026
3,2,305171.01135853864,0.812,2.637009,0.47923207209868185
3,2,305176.011554813,0.812,2.6373527,0.4803596760558415
3,2,305181.0117510874,0.812,2.6375818,0.4814872806379989
3,2,305186.01194736175,0.812,2.6377344,0.4826148849828272
3,2,305191.0121436361,0.812,2.6379254,0.4837424913900854
3,2,305196.0123399105,0.812,2.638307,0.4848700982127516
3,2,305201.01253618486,0.812,2.6388226,0.4859977043328148
3,2,305206.01273245923,0.812,2.6388988,0.48712531141759574
3,2,305211.0129287336,0.812,2.639319,0.48825291831480416
3,2,305216.013125008,0.812,2.6394525,0.4893805258786905
3,2,305221.01332128234,0.812,2.6396053,0.49050813232828133
3,2,305226.0135175567,0.812,2.6402543,0.4916357363975507
3,2,305231.0137138311,0.812,2.64056,0.4927633398086855
3,2,305236.01391010545,0.812,2.6408463,0.4938909453215462
3,2,305241.0141063798,0.812,2.641018,0.495018551693843
3,2,305246.0143026542,0.812,2.641457,0.4961461590863395
3,2,305251.01449892856,0.812,2.6417434,0.4972737664098768
3,2,305256.01469520293,0.812,2.6420298,0.49840137314360955
3,2,305261.0148914773,0.812,2.642316,0.4995289792587752
3,2,305266.0150877517,0.812,2.6424499,0.5006565877741471
3,2,305271.01528402604,0.812,2.642965,0.5017841937044126
3,2,305276.0154803004,0.812,2.6432707,0.5029117986401216
3,2,305281.0156765748,0.812,2.6436143,0.5040394039534724
3,2,305286.01587284915,0.812,2.6437478,0.5051670078887538
3,2,305291.0160691235,0.812,2.6441107,0.506294613025049
3,2,305296.0162653979,0.812,2.644378,0.5074222169421775
3,2,305301.01646167226,0.812,2.6446452,0.5085498235288722
3,2,305306.01665794663,0.812,2.6449125,0.5096774321803513
3,2,305311.016854221,0.812,2.645275,0.5108050418739514
3,2,305316.0170504954,0.812,2.6455424,0.5119326502992706
3,2,305321.01724676974,0.812,2.6458669,0.5130602566682063
3,2,305326.0174430441,0.812,2.6460388,0.5141878642103304
3,2,305331.0176393185,0.812,2.6464396,0.5153154737646973
3,2,305336.01783559285,0.812,2.6466496,0.516443084489567
3,2,305341.0180318672,0.812,2.6470506,0.5175706978226995
3,2,305346.0182281416,0.812,2.6474133,0.5186983128952743
3,2,305351.01842441596,0.812,2.647795,0.519825928209652
3,2,305356.01862069033,0.812,2.648215,0.5209535427601366
3,2,305361.0188169647,0.812,2.6483676,0.5220811575920015
3,2,305366.01901323907,0.812,2.6486733,0.5232087709355416
3,2,305371.01920951344,0.812,2.6489787,0.5243363816346158
3,2,305376.0194057878,0.812,2.6494558,0.5254639933215277
3,2,305381.0196020622,0.812,2.6497421,0.5265916046133933
3,2,305386.01979833655,0.812,2.6499903,0.5277192214848297
3,2,305391.0199946109,0.812,2.6502576,0.5288468385438055
3,2,305396.0201908853,0.812,2.650754,0.5299744546030922
3,2,305401.02038715966,0.812,2.650945,0.5311020728094641
3,2,305406.02058343403,0.812,2.651136,0.5322296912024945
3,2,305411.0207797084,0.812,2.6515176,0.5333573103071183
3,2,305416.02097598277,0.812,2.651823,0.5344849275657995
3,2,305421.02117225714,0.812,2.6521094,0.5356125423702495
3,2,305426.0213685315,0.812,2.6525486,0.5367401539517274
3,2,305431.0215648059,0.812,2.6529493,0.5378677691940331
3,2,305436.02176108025,0.812,2.6533313,0.5389953845934401
3,2,305441.0219573546,0.812,2.6536748,0.5401229983334703
3,2,305446.022153629,0.812,2.6540565,0.5412506140180723
3,2,305451.02234990336,0.812,2.6545148,0.5423782312666008
3,2,305456.02254617773,0.812,2.6548011,0.5435058491190071
3,2,305461.0227424521,0.812,2.6550875,0.54463346616687
3,2,305466.02293872647,0.812,2.6552022,0.5457610815090963
3,2,305471.02313500084,0.812,2.655622,0.5468886936077703
3,2,305476.0233312752,0.812,2.6558702,0.5480163063906095
3,2,305481.02352755005,0.812,2.656042,0.5491439206606707
3,2,305486.0237238249,0.812,2.6567864,0.5502715339140589
3,2,305491.0239200997,0.812,2.6569965,0.5513991473591389
3,2,305496.02411637455,0.812,2.657302,0.5525267615883179
3,2,305501.0243126494,0.812,2.6577601,0.5536543743394773
3,2,305506.0245089242,0.812,2.6580656,0.5547819874688414
3,2,305511.02470519906,0.812,2.6582947,0.5559095997313156
3,2,305516.0249014739,0.812,2.658791,0.5570372126923827
3,2,305521.02509774873,0.812,2.6590774,0.5581648258073788
3,2,305526.02529402357,0.812,2.6596882,0.5592924374863235
3,2,305531.0254902984,0.812,2.6600318,0.560420047136697
3,2,305536.02568657324,0.812,2.660051,0.561547656364702
3,2,305541.0258828481,0.812,2.6605473,0.5626752637409497
3,2,305546.0260791229,0.812,2.6608336,0.563802871399571
3,2,305551.02627539774,0.812,2.6614256,0.5649304788504866
3,2,305556.0264716726,0.812,2.66154,0.5660580854864081
3,2,305561.0266679474,0.812,2.6621318,0.5671856930916204
3,2,305566.02686422225,0.812,2.6626854,0.5683133038999068
3,2,305571.0270604971,0.812,2.6630292,0.5694409155372375
3,2,305576.0272567719,0.812,2.6635828,0.5705685235828619
3,2,305581.0274530465,0.812,2.6637735,0.5716961352529818
3,2,305586.0276493211,0.812,2.6641364,0.5728237456242635
3,2,305591.02784559573,0.812,2.6646326,0.5739513531014715
3,2,305596.02804187033,0.812,2.6649954,0.5750789634748923
3,2,305601.02823814494,0.812,2.665568,0.5762065737747709
3,2,305606.0284344191,0.812,2.6656826,0.5773341860698554
3,2,305611.0286306937,0.812,2.6661599,0.5784618006946173
3,2,305616.0288269683,0.812,2.666408,0.5795894134750988
3,2,305621.0290232429,0.812,2.6669235,0.5807170275420871
3,2,305626.0292195175,0.812,2.6676106,0.5818446389668014
3,2,305631.0294157922,0.812,2.6678207,0.5829722494143108
3,2,305636.0296120669,0.812,2.6683552,0.5840998588108115
3,2,305641.02980834164,0.812,2.6683743,0.5852274653346133
3,2,305646.03000461636,0.812,2.6688135,0.586355074536071
3,2,305651.0302008911,0.812,2.669367,0.587482683645347
3,2,305656.0303971658,0.812,2.6696534,0.5886102938808658
3,2,305661.0305934405,0.812,2.6699398,0.5897379036487332
3,2,305666.03078971524,0.812,2.6706653,0.5908655129225444
3,2,305671.03098598996,0.812,2.6711233,0.5919931211919378
3,2,305676.0311822647,0.812,2.6715052,0.5931207297683415
3,2,305681.0313785394,0.812,2.6718678,0.5942483370030778
3,2,305686.0315748141,0.812,2.6725934,0.5953759442184724
3,2,305691.0317710888,0.812,2.6730323,0.5965035536864888
3,2,305696.0319673635,0.812,2.6733952,0.5976311664561786
3,2,305701.0321636382,0.812,2.6739297,0.598758778715613
3,2,305706.0323599129,0.812,2.6743877,0.5998863925686603
3,2,305711.0325561876,0.812,2.6750178,0.6010140049956797
3,2,305716.0327524623,0.812,2.6756096,0.6021416208793281
3,2,305721.03294873703,0.812,2.675934,0.6032692380290388
3,2,305726.03314501175,0.812,2.676316,0.6043968540707454
3,2,305731.0333412867,0.812,2.6768506,0.6055244684675857
3,2,305736.0335375613,0.812,2.6772513,0.606652081591486
3,2,305741.0337338359,0.812,2.6776905,0.6077796937783815
3,2,305746.0339301105,0.812,2.678244,0.608907303851928
3,2,305751.0341263851,0.812,2.678874,0.6100349144967057
3,2,305756.0343226597,0.812,2.6793513,0.6111625211174114
3,2,305761.0345189343,0.812,2.6798096,0.6122901316065977
3,2,305766.0347152089,0.812,2.680592,0.6134177423731642
3,2,305771.0349114835,0.812,2.6808212,0.6145453508601609
3,2,305776.0351077581,0.812,2.6813748,0.6156729593878709
3,2,305781.03530403273,0.812,2.681795,0.6168005670913116
3,2,305786.03550030757,0.812,2.6823294,0.6179281754222601
3,2,305791.0356965824,0.812,2.682902,0.6190557837222572
3,2,305796.03589285724,0.812,2.6832838,0.6201833929398579
3,2,305801.0360891321,0.812,2.683952,0.6213110011581934
3,2,305806.0362854069,0.812,2.684372,0.6224386079638822
3,2,305811.03648168175,0.812,2.6850212,0.6235662168565084
3,2,305816.0366779566,0.812,2.6853266,0.6246938226405537
3,2,305821.0368742314,0.812,2.6858993,0.6258214274655802
3,2,305826.03707050625,0.812,2.6864529,0.6269490339594606
3,2,305831.0372667811,0.812,2.686854,0.6280766425517853
3,2,305836.0374630559,0.812,2.687751,0.6292042476217968
3,2,305841.03765933076,0.812,2.687942,0.6303318517454256
3,2,305846.0378556056,0.812,2.6887245,0.631459455791234
3,2,305851.03805188043,0.812,2.6891828,0.6325870597351813
3,2,305856.03824815527,0.812,2.6896982,0.6337146662990871
3,2,305861.0384444301,0.812,2.6901946,0.6348422742327972
3,2,305866.03864070494,0.812,2.690672,0.6359698855448587
3,2,305871.0388369793,0.812,2.69113,0.6370974950700756
3,2,305876.03903325414,0.812,2.6918554,0.6382251074431065
3,2,305881.039229529,0.812,2.692371,0.6393527202768778
3,2,305886.03942580335,0.812,2.6927907,0.6404803324864661
3,2,305891.0396220777,0.812,2.6934018,0.6416079432813117
3,2,305896.0398183521,0.812,2.6940508,0.6427355532599577
3,2,305901.04001462646,0.812,2.694528,0.6438631621162847
3,2,305906.0402109008,0.812,2.695177,0.6449907712171662
3,2,305911.0404071752,0.812,2.6958454,0.6461183788831818
3,2,305916.04060344957,0.812,2.696628,0.6472459884824012
3,2,305921.04079972394,0.812,2.697048,0.6483735963431154
3,2,305926.0409959983,0.812,2.697487,0.6495012043274297
3,2,305931.0411922727,0.812,2.6983843,0.6506288121044292
3,2,305936.04138854705,0.812,2.698957,0.6517564217729954
3,2,305941.0415848214,0.812,2.6994915,0.6528840305143185
3,2,305946.0417810958,0.812,2.7001216,0.6540116387479425
3,2,305951.04197737016,0.812,2.7006178,0.6551392460313361
3,2,305956.0421736445,0.812,2.7013433,0.6562668530901228
3,2,305961.0423699189,0.812,2.7019923,0.6573944597870828
3,2,305966.04256619327,0.812,2.7026033,0.6585220649816017
3,2,305971.04276246764,0.812,2.7032332,0.6596496707329704
3,2,305976.042958742,0.812,2.7037868,0.660777275380471
3,2,305981.0431550164,0.812,2.7045124,0.6619048802534329
3,2,305986.04335129075,0.812,2.7051804,0.663032485239723
3,2,305991.0435475651,0.812,2.7060778,0.6641600914988836
3,2,305996.0437438395,0.812,2.7065167,0.665287696947964
3,2,306001.04394011386,0.812,2.7073185,0.6664153005756689
3,2,306006.0441363882,0.812,2.7078722,0.6675429028707298
3,2,306011.0443326626,0.812,2.708712,0.6686705044252329
3,2,306016.04452893697,0.812,2.7093613,0.6697981081960188
3,2,306021.04472521134,0.812,2.7101247,0.6709257085301995
3,2,306026.0449214857,0.812,2.7107549,0.6720533083905598
3,2,306031.0451177601,0.812,2.7113848,0.673180908430171
3,2,306036.04531403445,0.812,2.7121103,0.674308509162418
3,2,306041.0455103088,0.812,2.712912,0.6754361099679258
3,2,306046.0457065832,0.812,2.7136183,0.6765637104236006
3,2,306051.04590285756,0.812,2.714401,0.6776913124229795
3,2,306056.0460991319,0.812,2.7151456,0.6788189133133544
3,2,306061.0462954063,0.812,2.7159283,0.6799465133923313
3,2,306066.04649168067,0.812,2.716673,0.6810741145960576
3,2,306071.04668795504,0.812,2.7178564,0.6822017176376237
3,2,306076.0468842294,0.812,2.7185247,0.6833293203470131
3,2,306081.0470805038,0.812,2.7193263,0.6844569233102189
3,2,306086.04727677815,0.812,2.7198417,0.6855845271221651
3,2,306091.0474730525,0.812,2.720949,0.686712132991412
3,2,306096.0476693269,0.812,2.722037,0.6878397414834685
3,2,306101.04786560126,0.812,2.7229726,0.6889673497461994
3,2,306106.0480618756,0.812,2.7236981,0.6900949572246889
3,2,306111.04825815,0.812,2.7244809,0.6912225640529978
3,2,306116.04845442437,0.812,2.7250726,0.6923501706455437
3,2,306121.04865069874,0.812,2.7261608,0.6934777767127045
3,2,306126.0488469731,0.812,2.7267525,0.6946053846350267
3,2,306131.0490432475,0.812,2.727497,0.695732992424967
3,2,306136.04923952185,0.812,2.7283752,0.6968606006780023
3,2,306141.0494357962,0.812,2.729196,0.6979882099328194
3,2,306146.0496320706,0.812,2.7299979,0.6991158183099814
3,2,306151.04982834496,0.812,2.730895,0.7002434235285011
3,2,306156.0500246193,0.812,2.7316587,0.7013710313932221
3,2,306161.0502208937,0.812,2.7326705,0.7024986369090002
3,2,306166.05041716807,0.812,2.7333577,0.7036262446971688
3,2,306171.05061344244,0.812,2.7343123,0.7047538525071164
3,2,306176.0508097168,0.812,2.7350569,0.7058814600001594
3,2,306181.0510059912,0.812,2.7360685,0.7070090687219687
3,2,306186.05120226555,0.812,2.7371185,0.7081366776172772
3,2,306191.0513985399,0.812,2.738035,0.709264283848301
3,2,306196.0515948143,0.812,2.7388175,0.7103918910694209
3,2,306201.05179108866,0.812,2.7396002,0.7115194966363927
3,2,306206.051987363,0.812,2.740803,0.7126471033403066
3,2,306211.0521836374,0.812,2.7417383,0.7137747086934964
3,2,306216.05237991177,0.812,2.7425592,0.7149023123976541
3,2,306221.05257618614,0.812,2.7438765,0.7160299128907607
3,2,306226.0527724605,0.812,2.7447164,0.7171575136440217
3,2,306231.0529687349,0.812,2.7458427,0.7182851137803945
3,2,306236.05316500925,0.812,2.7471027,0.7194127137059755
3,2,306241.0533612836,0.812,2.7479618,0.7205403148088839
3,2,306246.053557558,0.812,2.7490118,0.7216679159026365
3,2,306251.05375383236,0.812,2.7500618,0.7227955143520687
3,2,306256.0539501067,0.812,2.7510164,0.7239231132280847
3,2,306261.0541463811,0.812,2.7521236,0.7250507128976538
3,2,306266.05434265547,0.812,2.75325,0.7261783141971483
3,2,306271.05453892983,0.812,2.754319,0.7273059153146864
3,2,306276.05473520467,0.812,2.7555978,0.7284335138551182
3,2,306281.0549314795,0.812,2.756228,0.7295611154860212
3,2,306286.05512775434,0.812,2.7576215,0.7306887186842747
3,2,306291.0553240292,0.812,2.7587287,0.7318163200674607
3,2,306296.055520304,0.812,2.759626,0.7329439268813882
3,2,306301.05571657885,0.812,2.760695,0.734071533580994
3,2,306306.0559128537,0.812,2.761726,0.7351991395450718
3,2,306311.0561091285,0.812,2.7631004,0.7363267487442977
3,2,306316.05630540336,0.812,2.7640932,0.7374543539186736
3,2,306321.0565016782,0.812,2.7653913,0.7385819568804324
3,2,306326.056697953,0.812,2.766403,0.7397095630029824
3,2,306331.05689422786,0.812,2.7676249,0.7408371683715039
3,2,306336.0570905027,0.812,2.7688274,0.7419647733985669
3,2,306341.05728677707,0.812,2.7700303,0.7430923770645546
3,2,306346.0574830519,0.812,2.771271,0.7442199786755496
3,2,306351.05767932674,0.812,2.7726264,0.7453475791839645
3,2,306356.0578756016,0.812,2.773753,0.7464751816756281
3,2,306361.0580718764,0.812,2.7751274,0.7476027853454735
3,2,306366.05826815125,0.812,2.7762918,0.7487303875864134
3,2,306371.0584644261,0.812,2.777571,0.7498579897073294
3,2,306376.0586607007,0.812,2.779117,0.7509855921903139
3,2,306381.0588569753,0.812,2.780339,0.752113193309852
3,2,306386.0590532499,0.812,2.7816753,0.7532407957053303
3,2,306391.0592495245,0.812,2.7830307,0.754368397935952
3,2,306396.0594457991,0.812,2.7841952,0.7554959977482477
3,2,306401.0596420737,0.812,2.785856,0.7566236007726377
3,2,306406.0598383483,0.812,2.787078,0.7577512052858093
3,2,306411.0600346229,0.812,2.7882423,0.7588788089456511
3,2,306416.0602308975,0.812,2.7898269,0.7600064113861473
3,2,306421.0604271721,0.812,2.791106,0.7611340136671151
3,2,306426.0606234468,0.812,2.7929194,0.7622616178716571
3,2,306431.06081972155,0.812,2.7943704,0.7633892231350923
3,2,306436.06101599627,0.812,2.7960694,0.7645168285283099
3,2,306441.061212271,0.812,2.797501,0.7656444324077485
3,2,306446.0614085457,0.812,2.799162,0.7667720388903867
3,2,306451.0616048204,0.812,2.8009183,0.7678996455400571
3,2,306456.06180109514,0.812,2.802312,0.7690272497832197
3,2,306461.06199736986,0.812,2.8037245,0.7701548520825192
3,2,306466.0621936448,0.812,2.8051946,0.771282455311277
3,2,306471.06238991953,0.812,2.8067598,0.7724100603508836
3,2,306476.06258619425,0.812,2.8081343,0.7735376655553764
3,2,306481.062782469,0.812,2.809948,0.7746652683866937
3,2,306486.0629787437,0.812,2.8115325,0.77579287215038
3,2,306491.06317501835,0.812,2.813117,0.7769204768792608
3,2,306496.0633712931,0.812,2.8148923,0.7780480809984325
3,2,306501.06356756773,0.812,2.8165343,0.7791756838035535
3,2,306506.06376384245,0.812,2.8182142,0.7803032855876735
3,2,306511.0639601172,0.812,2.8200467,0.7814308842403576
3,2,306516.0641563919,0.812,2.8218794,0.7825584858568594
3,2,306521.0643526666,0.812,2.8234448,0.7836860839272557
3,2,306526.06454894133,0.812,2.825411,0.7848136816431567
3,2,306531.0647452157,0.812,2.8270528,0.7859412766956241
3,2,306536.0649414903,0.812,2.828771,0.7870688717439424
3,2,306541.0651377649,0.812,2.8306992,0.7881964674136755
3,2,306546.0653340395,0.812,2.8324172,0.7893240598210743
3,2,306551.0655303141,0.812,2.83425,0.7904516522586496
3,2,306556.0657265887,0.812,2.836159,0.7915792453629922
3,2,306561.0659228633,0.812,2.8379345,0.7927068366583173
3,2,306566.0661191379,0.812,2.8399007,0.7938344262978154
3,2,306571.0663154125,0.812,2.841657,0.7949620140171665
3,2,306576.06651168736,0.812,2.8437378,0.796089600337825
3,2,306581.0667079622,0.812,2.8457232,0.7972171863716893
3,2,306586.066904237,0.812,2.8474224,0.798344774520972
3,2,306591.06710051186,0.812,2.849522,0.7994723667698125
3,2,306596.0672967867,0.812,2.8518703,0.800599958972052
3,2,306601.06749306154,0.812,2.8538175,0.8017275492674596
3,2,306606.06768933637,0.812,2.8558793,0.8028551411695235
3,2,306611.06788561074,0.812,2.8578646,0.8039827348651442
3,2,306616.0680818856,0.812,2.8599074,0.8051103252496705
3,2,306621.0682781604,0.812,2.862179,0.8062379168780431
3,2,306626.06847443525,0.812,2.8641262,0.8073655107231722
3,2,306631.0686707101,0.812,2.8662834,0.8084931047755167
3,2,306636.0688669849,0.812,2.8686697,0.8096207003885229
3,2,306641.06906325975,0.812,2.8711514,0.8107482957503019
3,2,306646.0692595346,0.812,2.8731942,0.8118758901469362
3,2,306651.0694558094,0.812,2.875275,0.8130034843708295
3,2,306656.06965208426,0.812,2.8774705,0.8141310792440889
3,2,306661.0698483591,0.812,2.8800857,0.8152586733195931
3,2,306666.07004463393,0.812,2.8823576,0.816386268771968
3,2,306671.07024090877,0.812,2.884572,0.8175138616410577
3,2,306676.0704371836,0.812,2.8869393,0.8186414528093984
3,2,306681.070633458,0.812,2.8894591,0.8197690418559594
3,2,306686.07082973234,0.812,2.891788,0.8208966313930468
3,2,306691.0710260067,0.812,2.8940408,0.8220242232071807
3,2,306696.0712222811,0.812,2.8968852,0.8231518167095698
3,2,306701.07141855545,0.812,2.8993096,0.8242794111580204
3,2,306706.0716148298,0.812,2.901925,0.8254070067533206
3,2,306711.0718111042,0.812,2.904464,0.8265346025832577
3,2,306716.07200737856,0.812,2.9068694,0.8276622000312391
3,2,306721.07220365293,0.812,2.909523,0.8287897994815558
3,2,306726.0723999273,0.812,2.9123101,0.8299173946332055
3,2,306731.0725962017,0.812,2.9149637,0.8310449927466297
3,2,306736.07279247604,0.812,2.91777,0.8321725917052378
3,2,306741.0729887504,0.812,2.9202328,0.8333001935364852
3,2,306746.0731850248,0.812,2.9227717,0.8344277954497884
3,2,306751.07338129915,0.812,2.9254062,0.8355553998464098
3,2,306756.0735775735,0.812,2.9283462,0.8366830016489178
3,2,306761.0737738479,0.812,2.9311714,0.8378106034570254
3,2,306766.07397012226,0.812,2.9335196,0.8389382045297176
3,2,306771.07416639663,0.812,2.936555,0.8400658023712949
3,2,306776.074362671,0.812,2.9396093,0.8411934022605104
3,2,306781.0745589454,0.812,2.9425302,0.8423210070529829
3,2,306786.07475521974,0.812,2.9455464,0.8434486095806675
3,2,306791.0749514941,0.812,2.948391,0.8445762111044112
3,2,306796.0751477685,0.812,2.951159,0.8457038155084897
3,2,306801.07534404285,0.812,2.9542134,0.846831422845342
3,2,306806.0755403172,0.812,2.9571915,0.8479590298746243
3,2,306811.0757365916,0.812,2.9600742,0.8490866375615579
3,2,306816.07593286596,0.812,2.963224,0.8502142479519925
3,2,306821.07612914033,0.812,2.9665074,0.8513418557292701
3,2,306826.0763254147,0.812,2.9697146,0.8524694639305355
3,2,306831.0765216891,0.812,2.9728456,0.8535970729395729
3,2,306836.07671796344,0.812,2.97611,0.8547246818957641
3,2,306841.0769142378,0.812,2.9793172,0.855852288900857
3,2,306846.0771105122,0.812,2.9827151,0.8569798986698768
3,2,306851.07730678655,0.812,2.9859796,0.8581075065667577
3,2,306856.0775030609,0.812,2.9890914,0.859235112492427
3,2,306861.0776993353,0.812,2.992432,0.8603627184198248
3,2,306866.07789560966,0.812,2.9961166,0.8614903249891084
3,2,306871.07809188403,0.812,2.9992473,0.8626179300125819
3,2,306871.9066912671,0.812,2.999992,0.862804789688943
3,2,306871.9068912671,0.812,2.9999156,0.8628048347928771
4,1,306871.9076912671,-0.812,2.8988965,-8.922530545128716e-08
4,1,306876.9078875418,-0.812,2.5740874,-0.0011280227332611879
4,1,306881.9080838165,-0.812,2.4382408,-0.0022559567393196957
4,1,306886.9082800911,-0.812,2.3446603,-0.0033838932010200294
4,1,306891.90847636573,-0.812,2.2738352,-0.004511830408576462
4,1,306896.90867264033,-0.812,2.2189887,-0.005639767815808456
4,1,306901.90886891494,-0.812,2.1786127,-0.0067677020882931024
4,1,306906.90906518954,-0.812,2.1502638,-0.007895635261532334
4,1,306911.90926146414,-0.812,2.1298943,-0.009023569404605363
4,1,306916.90945773874,-0.812,2.1134002,-0.010151501019467912
4,1,306921.90965401335,-0.812,2.0990252,-0.011279434252252182
4,1,306926.90985028795,-0.812,2.0855668,-0.012407368927541707
4,1,306931.91004656255,-0.812,2.071898,-0.013535300651815203
4,1,306936.9102428374,-0.812,2.0579622,-0.014663231800794601
4,1,306941.9104391122,-0.812,2.0431862,-0.01579116637219323
4,1,306946.9106353866,-0.812,2.027914,-0.016919100221067667
4,1,306951.91083166143,-0.812,2.011859,-0.018047034056905244
4,1,306956.91102793626,-0.812,1.9951359,-0.019174966444253923
4,1,306961.9112242111,-0.812,1.9778782,-0.020302898638513357
4,1,306966.91142048594,-0.812,1.9593989,-0.021430832429995144
4,1,306971.9116167608,-0.812,1.9401749,-0.022558766834033864
4,1,306976.9118130356,-0.812,1.9197674,-0.023686698466701645
4,1,306981.91200931044,-0.812,1.8985963,-0.02481463133279483
4,1,306986.9122055853,-0.812,1.8766042,-0.02594256527157294
4,1,306991.9124018601,-0.812,1.8536004,-0.027070498162706697
4,1,306996.91259813495,-0.812,1.8303484,-0.02819843034733998
4,1,307001.9127944098,-0.812,1.8069819,-0.02932636478935017
4,1,307006.9129906846,-0.812,1.7838063,-0.030454298515998658
4,1,307011.91318695946,-0.812,1.761337,-0.03158223106093871
4,1,307016.9133832343,-0.812,1.7399176,-0.0327101635002229
4,1,307021.9135795091,-0.812,1.7199302,-0.0338380962966515
4,1,307026.91377578396,-0.812,1.7015271,-0.03496602923280332
4,1,307031.9139720588,-0.812,1.6845559,-0.03609396231702301
4,1,307036.91416833363,-0.812,1.6694745,-0.03722189327122768
4,1,307041.914364608,-0.812,1.6563213,-0.03834982483228048
4,1,307046.9145608824,-0.812,1.6449435,-0.03947775759630071
4,1,307051.91475715674,-0.812,1.6350166,-0.040605687992953596
4,1,307056.9149534311,-0.812,1.6269604,-0.04173362035803001
4,1,307061.9151497055,-0.812,1.6201833,-0.04286155137121347
4,1,307066.91534597985,-0.812,1.6144944,-0.04398948377410571
4,1,307071.9155422542,-0.812,1.6099701,-0.04511741666442157
4,1,307076.9157385286,-0.812,1.6061329,-0.046245348761234026
4,1,307081.91593480296,-0.812,1.6032121,-0.04737327940531572
4,1,307086.91613107733,-0.812,1.6008449,-0.04850121380005612
4,1,307091.9163273517,-0.812,1.5986686,-0.04962915063728227
4,1,307096.9165236261,-0.812,1.597275,-0.05075708844195804
4,1,307101.91671990044,-0.812,1.5961105,-0.05188502216675547
4,1,307106.9169161748,-0.812,1.5950797,-0.05301295339273745
4,1,307111.9171124492,-0.812,1.5941442,-0.054140884435845756
4,1,307116.91730872355,-0.812,1.593686,-0.055268817305498666
4,1,307121.9175049979,-0.812,1.593266,-0.056396748196151536
4,1,307126.9177012723,-0.812,1.5929606,-0.05752467839161225
4,1,307131.91789754666,-0.812,1.5925978,-0.05865261061885623
4,1,307136.91809382103,-0.812,1.5925025,-0.05978054109576015
4,1,307141.9182900954,-0.812,1.5921588,-0.06090847362096775
4,1,307146.9184863698,-0.812,1.5920824,-0.06203640615985792
4,1,307151.91868264414,-0.812,1.5918915,-0.06316433848019443
4,1,307156.9188789185,-0.812,1.5921588,-0.06429227045005562
4,1,307161.9190751929,-0.812,1.5921206,-0.06542020307524339
4,1,307166.91927146725,-0.812,1.5921588,-0.06654813849202464
4,1,307171.9194677416,-0.812,1.592216,-0.06767606931675145
4,1,307176.919664016,-0.812,1.5923496,-0.0688039988340835
4,1,307181.91986029036,-0.812,1.592407,-0.06993192788445621
4,1,307186.92005656473,-0.812,1.5924833,-0.07105985501658256
4,1,307191.9202528391,-0.812,1.5925978,-0.072187780976269
4,1,307196.9204491135,-0.812,1.5925978,-0.07331570638393696
4,1,307201.92064538784,-0.812,1.592846,-0.07444363515457182
4,1,307206.9208416622,-0.812,1.5930942,-0.07557156310517922
4,1,307211.9210379366,-0.812,1.5929987,-0.07669948981371193
4,1,307216.92123421095,-0.812,1.5932088,-0.07782741562829748
4,1,307221.9214304853,-0.812,1.5932851,-0.078955343218767
4,1,307226.9216267597,-0.812,1.593457,-0.08008326981837553
4,1,307231.92182303406,-0.812,1.5937624,-0.0812111956738002
4,1,307236.92201930843,-0.812,1.5938196,-0.0823391217785511
4,1,307241.9222155828,-0.812,1.5941633,-0.08346704736217528
4,1,307246.9224118572,-0.812,1.5944115,-0.08459497071712219
4,1,307251.92260813154,-0.812,1.5944115,-0.08572289798328614
4,1,307256.9228044059,-0.812,1.5946214,-0.08685082262755767
4,1,307261.9230006803,-0.812,1.5949842,-0.08797874748233955
4,1,307266.92319695465,-0.812,1.5950987,-0.08910667125753893
4,1,307271.923393229,-0.812,1.5950797,-0.09023459362851581
4,1,307276.9235895034,-0.812,1.5952896,-0.09136251649698617
4,1,307281.92378577776,-0.812,1.5955378,-0.09249043821040129
4,1,307286.92398205213,-0.812,1.595805,-0.09361836374715303
4,1,307291.9241783265,-0.812,1.5958623,-0.0947462905829582
4,1,307296.9243746009,-0.812,1.5959387,-0.09587421691557435
4,1,307301.92457087524,-0.812,1.5960532,-0.09700214399457972
4,1,307306.9247671496,-0.812,1.5962441,-0.09813007336740362
4,1,307311.924963424,-0.812,1.5963205,-0.09925800247695381
4,1,307316.92515969835,-0.812,1.5965687,-0.10038592798087002
4,1,307321.9253559727,-0.812,1.5966831,-0.10151385512408947
4,1,307326.9255522471,-0.812,1.596836,-0.10264178337896866
4,1,307331.92574852146,-0.812,1.5969313,-0.10376971062194311
4,1,307336.92594479583,-0.812,1.597084,-0.10489763868397808
4,1,307341.9261410702,-0.812,1.5971223,-0.10602556578133837
4,1,307346.9263373446,-0.812,1.5972177,-0.10715349588194822
4,1,307351.92653361894,-0.812,1.5971795,-0.10828142340698509
4,1,307356.9267298933,-0.812,1.597485,-0.10940935240775679
4,1,307361.9269261677,-0.812,1.5975995,-0.1105372838601139
4,1,307366.92712244205,-0.812,1.597695,-0.11166521370607616
4,1,307371.9273187164,-0.812,1.5977713,-0.11279314379422202
4,1,307376.9275149908,-0.812,1.5977141,-0.11392107097693285
4,1,307381.92771126516,-0.812,1.5979813,-0.11504899517864983
4,1,307386.92790753953,-0.812,1.5980195,-0.11617692407800424
4,1,307391.9281038139,-0.812,1.5981722,-0.1173048536237942
4,1,307396.9283000883,-0.812,1.5981531,-0.11843278487259482
4,1,307401.92849636264,-0.812,1.598134,-0.11956071537988386
4,1,307406.928692637,-0.812,1.598325,-0.12068864739151466
4,1,307411.9288889114,-0.812,1.5981531,-0.12181657881225151
4,1,307416.92908518575,-0.812,1.5983441,-0.1229445084004866
4,1,307421.9292814601,-0.812,1.5984013,-0.12407243704900148
4,1,307426.9294777345,-0.812,1.5984586,-0.1252003667744961
4,1,307431.92967400886,-0.812,1.598535,-0.12632829796187414
4,1,307436.9298702837,-0.812,1.5984204,-0.12745622767631212
4,1,307441.93006655853,-0.812,1.5986304,-0.12858415616013275
4,1,307446.93026283337,-0.812,1.5985922,-0.129712086485217
4,1,307451.9304591082,-0.812,1.5987067,-0.13084001553464267
4,1,307456.93065538304,-0.812,1.5985922,-0.13196794658159877
4,1,307461.9308516579,-0.812,1.5987067,-0.1330958778484861
4,1,307466.9310479327,-0.812,1.5987641,-0.13422380704576437
4,1,307471.93124420755,-0.812,1.598745,-0.13535174036620057
4,1,307476.9314404824,-0.812,1.5987641,-0.13647967306636766
4,1,307481.9316367572,-0.812,1.5986686,-0.13760760868538416
4,1,307486.93183303205,-0.812,1.598745,-0.1387355442562434
4,1,307491.9320293069,-0.812,1.5988022,-0.13986347863255935
4,1,307496.9322255817,-0.812,1.5986495,-0.14099141303229992
4,1,307501.93242185656,-0.812,1.5986876,-0.14211934987951316
4,1,307506.9326181314,-0.812,1.5986686,-0.14324728435560397
4,1,307511.93281440623,-0.812,1.5987067,-0.14437521907095113
4,1,307516.93301068107,-0.812,1.5987831,-0.14550315462785626
4,1,307521.9332069559,-0.812,1.5988786,-0.14663109226974844
4,1,307526.93340323074,-0.812,1.5987258,-0.14775902541190716
4,1,307531.93359950534,-0.812,1.5988213,-0.1488869601750771
4,1,307536.93379577994,-0.812,1.5987258,-0.1500148941898412
4,1,307541.9339920548,-0.812,1.5988786,-0.1511428259245422
4,1,307546.9341883294,-0.812,1.5988213,-0.15227075806911786
4,1,307551.934384604,-0.812,1.5987258,-0.15339869076703985
4,1,307556.9345808786,-0.812,1.598554,-0.15452662232690387
4,1,307561.9347771532,-0.812,1.5988404,-0.15565455443426635
4,1,307566.9349734278,-0.812,1.5986114,-0.15678248575291698
4,1,307571.9351697024,-0.812,1.5987258,-0.1579104167487555
4,1,307576.935365977,-0.812,1.5986495,-0.15903834717768098
4,1,307581.9355622517,-0.812,1.5984968,-0.160166279071533
4,1,307586.93575852644,-0.812,1.5986495,-0.16129420924105245
4,1,307591.93595480116,-0.812,1.5986495,-0.16242213936816982
4,1,307596.9361510759,-0.812,1.598554,-0.16355006866041485
4,1,307601.9363473506,-0.812,1.5982677,-0.164677998021692
4,1,307606.9365436252,-0.812,1.5984395,-0.1658059290046195
4,1,307611.9367398999,-0.812,1.5984204,-0.16693386220702858
4,1,307616.93693617464,-0.812,1.5984204,-0.1680617925835682
4,1,307621.93713244935,-0.812,1.5983822,-0.16918972214606734
4,1,307626.9373287241,-0.812,1.598325,-0.17031765318830144
4,1,307631.9375249988,-0.812,1.5983822,-0.171445578353001
4,1,307636.93772127345,-0.812,1.5982105,-0.17257350742377506
4,1,307641.9379175482,-0.812,1.598134,-0.17370143714010383
4,1,307646.9381138229,-0.812,1.598134,-0.17482936458305848
4,1,307651.9383100976,-0.812,1.5980004,-0.17595729407950242
4,1,307656.9385063723,-0.812,1.5980959,-0.1770852259197732
4,1,307661.938702647,-0.812,1.5980386,-0.17821315851894354
4,1,307666.9388989217,-0.812,1.5979432,-0.17934108896370068
4,1,307671.93909519643,-0.812,1.5977905,-0.18046901691807313
4,1,307676.93929147115,-0.812,1.5977713,-0.18159694484104386
4,1,307681.93948774575,-0.812,1.5976186,-0.182724874489877
4,1,307686.9396840199,-0.812,1.5975995,-0.18385280613744595
4,1,307691.9398802945,-0.812,1.5974087,-0.18498073471214047
4,1,307696.9400765691,-0.812,1.5974468,-0.18610866462792958
4,1,307701.9402728437,-0.812,1.5975232,-0.18723659630825126
4,1,307706.9404691183,-0.812,1.5973322,-0.18836452833927345
4,1,307711.9406653929,-0.812,1.5971795,-0.18949246043256923
4,1,307716.9408616675,-0.812,1.5971605,-0.19062039380409324
4,1,307721.9410579421,-0.812,1.597065,-0.1917483275883761
4,1,307726.9412542167,-0.812,1.5971414,-0.19287626116617523
4,1,307731.94145049155,-0.812,1.5969123,-0.19400419228993523
4,1,307736.9416467664,-0.812,1.5968168,-0.19513212585928044
4,1,307741.9418430412,-0.812,1.596836,-0.19626005946716005
4,1,307746.94203931605,-0.812,1.5967214,-0.19738799176350236
4,1,307751.9422355909,-0.812,1.5966069,-0.1985159236096839
4,1,307756.9424318657,-0.812,1.5965687,-0.1996438553749654
4,1,307761.94262814056,-0.812,1.5965114,-0.20077178858921593
4,1,307766.9428244154,-0.812,1.5964923,-0.20189972215443186
4,1,307771.94302069023,-0.812,1.5964351,-0.20302765377303958
4,1,307776.94321696507,-0.812,1.5963396,-0.2041555844004982
4,1,307781.9434132399,-0.812,1.596206,-0.20528351392232708
4,1,307786.94360951474,-0.812,1.5960532,-0.2064114455996884
4,1,307791.9438057896,-0.812,1.5960342,-0.20753937898997796
4,1,307796.9440020644,-0.812,1.5958623,-0.20866731099680064
4,1,307801.94419833925,-0.812,1.595786,-0.20979524240500064
4,1,307806.9443946141,-0.812,1.5958241,-0.21092317299074595
4,1,307811.9445908889,-0.812,1.5957477,-0.21205110502517552
4,1,307816.94478716375,-0.812,1.5955187,-0.21317903876273497
4,1,307821.9449834386,-0.812,1.595366,-0.21430697156120007
4,1,307826.9451797134,-0.812,1.5953277,-0.21543490418130157
4,1,307831.94537598826,-0.812,1.595175,-0.2165628366946081
4,1,307836.94557226263,-0.812,1.5951178,-0.21769076806207163
4,1,307841.945768537,-0.812,1.5949268,-0.21881869925189676
4,1,307846.94596481137,-0.812,1.594946,-0.21994663129625713
4,1,307851.94616108574,-0.812,1.5947932,-0.22107456354114077
4,1,307856.9463573601,-0.812,1.5948315,-0.2222024977187878
4,1,307861.9465536345,-0.812,1.5945451,-0.2233304317217535
4,1,307866.94674990885,-0.812,1.5945069,-0.22445836696243943
4,1,307871.9469461832,-0.812,1.5944496,-0.2255863005986246
4,1,307876.9471424576,-0.812,1.594316,-0.22671423584729428
4,1,307881.94733873196,-0.812,1.5942396,-0.22784217294619807
4,1,307886.94753500633,-0.812,1.594125,-0.22897010575148127
4,1,307891.9477312807,-0.812,1.5940297,-0.23009803796258563
4,1,307896.94792755507,-0.812,1.5939723,-0.23122597045997773
4,1,307901.94812382944,-0.812,1.5937433,-0.23235390091396366
4,1,307906.9483201038,-0.812,1.5936669,-0.23348183444537382
4,1,307911.9485163782,-0.812,1.5935333,-0.23460976823433236
4,1,307916.94871265255,-0.812,1.5933615,-0.2357377030835979
4,1,307921.9489089269,-0.812,1.5933233,-0.23686563724991344
4,1,307926.9491052013,-0.812,1.5930752,-0.2379935703246858
4,1,307931.94930147566,-0.812,1.5929415,-0.23912150203452504
4,1,307936.94949775,-0.812,1.592827,-0.2402494347308907
4,1,307941.9496940244,-0.812,1.5927505,-0.24137736531207293
4,1,307946.94989029877,-0.812,1.5927696,-0.24250529532311027
4,1,307951.95008657314,-0.812,1.5924451,-0.2436332258599566
4,1,307956.9502828475,-0.812,1.5922543,-0.24476115800826084
4,1,307961.9504791219,-0.812,1.5921779,-0.24588909010698065
4,1,307966.95067539625,-0.812,1.5921206,-0.2470170232939488
4,1,307971.9508716706,-0.812,1.5918915,-0.2481449571603735
4,1,307976.951067945,-0.812,1.5917579,-0.2492728919056521
4,1,307981.95126421936,-0.812,1.5916052,-0.250400825535357
4,1,307986.9514604937,-0.812,1.5914716,-0.2515287585003343
4,1,307991.9516567681,-0.812,1.5914334,-0.25265669208414027
4,1,307996.95185304247,-0.812,1.5911088,-0.2537846233036816
4,1,308001.95204931684,-0.812,1.5911279,-0.2549125553438399
4,1,308006.9522455912,-0.812,1.5910897,-0.25604048873096374
4,1,308011.9524418656,-0.812,1.5907462,-0.2571684237363736
4,1,308016.95263813995,-0.812,1.5907462,-0.25829636078176565
4,1,308021.9528344143,-0.812,1.590498,-0.2594242977132897
4,1,308026.9530306887,-0.812,1.590307,-0.26055223364935653
4,1,308031.95322696306,-0.812,1.5902498,-0.26168017009959954
4,1,308036.9534232374,-0.812,1.590078,-0.26280810829946405
4,1,308041.9536195118,-0.812,1.5898298,-0.2639360459399257
4,1,308046.95381578617,-0.812,1.5897534,-0.265063979329947
4,1,308051.95401206054,-0.812,1.5896579,-0.2661919131640693
4,1,308056.9542083349,-0.812,1.5893716,-0.2673198503766756
4,1,308061.9544046093,-0.812,1.5892762,-0.26844778563915367
4,1,308066.95460088365,-0.812,1.5891807,-0.26957571772924405
4,1,308071.954797158,-0.812,1.5891043,-0.27070365267629765
4,1,308076.9549934324,-0.812,1.5888562,-0.27183158577997163
4,1,308081.95518970676,-0.812,1.5886462,-0.27295952091528647
4,1,308086.9553859811,-0.812,1.5885316,-0.27408745389525435
4,1,308091.9555822555,-0.812,1.5883217,-0.2752153850625522
4,1,308096.95577852987,-0.812,1.5882071,-0.2763433151529432
4,1,308101.95597480424,-0.812,1.5880735,-0.27747124685090785
4,1,308106.9561710786,-0.812,1.5878062,-0.278599178065204
4,1,308111.956367353,-0.812,1.5877489,-0.2797271079460549
4,1,308116.95656362735,-0.812,1.587558,-0.28085503905459586
4,1,308121.9567599017,-0.812,1.5873863,-0.28198297175065684
4,1,308126.9569561761,-0.812,1.5872144,-0.28311090389897103
4,1,308131.95715245046,-0.812,1.5869663,-0.28423883825993546
4,1,308136.9573487248,-0.812,1.5867944,-0.2853667717304727
4,1,308141.9575449992,-0.812,1.5864508,-0.28649470625175705
4,1,308146.95774127357,-0.812,1.5864508,-0.2876226403929989
4,1,308151.95793754794,-0.812,1.5862217,-0.28875057247247965
4,1,308156.9581338223,-0.812,1.5859544,-0.28987850130033826
4,1,308161.9583300967,-0.812,1.5858972,-0.29100643063551523
4,1,308166.95852637105,-0.812,1.5857445,-0.29213435813252137
4,1,308171.9587226454,-0.812,1.5855535,-0.29326228374216295
4,1,308176.9589189198,-0.812,1.5852481,-0.29439021094780504
4,1,308181.95911519416,-0.812,1.5851336,-0.2955181384288371
4,1,308186.9593114685,-0.812,1.5849808,-0.2966460650539465
4,1,308191.9595077429,-0.812,1.5847517,-0.2977739913524787
4,1,308196.95970401727,-0.812,1.584599,-0.29890191716742187
4,1,308201.95990029164,-0.812,1.5843699,-0.30002984285360906
4,1,308206.960096566,-0.812,1.58416,-0.3011577681080865
4,1,308211.9602928404,-0.812,1.5840836,-0.3022856972362532
4,1,308216.96048911475,-0.812,1.5837781,-0.3034136250587537
4,1,308221.9606853891,-0.812,1.5836445,-0.3045415538988942
4,1,308226.9608816635,-0.812,1.5833582,-0.3056694855134819
4,1,308231.9610779383,-0.812,1.5832245,-0.306797416594757
4,1,308236.96127421316,-0.812,1.5829382,-0.3079253479461703
4,1,308241.961470488,-0.812,1.5826328,-0.30905328214297034
4,1,308246.9616667628,-0.812,1.5825373,-0.31018121706387736
4,1,308251.96186303766,-0.812,1.582251,-0.3113091510941155
4,1,308256.9620593125,-0.812,1.5820409,-0.3124370823676554
4,1,308261.96225558734,-0.812,1.5819073,-0.3135650152601137
4,1,308266.9624518622,-0.812,1.5815637,-0.3146929455124273
4,1,308271.962648137,-0.812,1.5813537,-0.3158208785911336
4,1,308276.96284441184,-0.812,1.5810101,-0.3169488118745156
4,1,308281.9630406867,-0.812,1.5809146,-0.31807674289427545
4,1,308286.9632369615,-0.812,1.5807619,-0.3192046734665832
4,1,308291.96343323635,-0.812,1.5805328,-0.32033260128746444
4,1,308296.9636295112,-0.812,1.5802846,-0.32146053118067663
4,1,308301.963825786,-0.812,1.5802274,-0.32258846433370325
4,1,308306.96402206086,-0.812,1.5799601,-0.32371639603016455
4,1,308311.9642183357,-0.812,1.5798265,-0.3248443272766075
4,1,308316.9644146105,-0.812,1.5796164,-0.3259722592278621
4,1,308321.96461088536,-0.812,1.5793301,-0.3271001935363446
4,1,308326.9648071602,-0.812,1.5790247,-0.32822812858435524
4,1,308331.9650034348,-0.812,1.578872,-0.3293560648736293
4,1,308336.9651997094,-0.812,1.578681,-0.3304840018393962
4,1,308341.965395984,-0.812,1.5784901,-0.33161193922739246
4,1,308346.9655922586,-0.812,1.578261,-0.3327398757372368
4,1,308351.9657885332,-0.812,1.5780892,-0.3338678116772872
4,1,308356.9659848078,-0.812,1.5779365,-0.3349957466827235
4,1,308361.9661810824,-0.812,1.5776311,-0.33612368082338917
4,1,308366.966377357,-0.812,1.5773638,-0.3372516120929686
4,1,308371.9665736316,-0.812,1.5772684,-0.3383795427654685
4,1,308376.9667699062,-0.812,1.5769439,-0.3395074737935829
4,1,308381.96696618095,-0.812,1.5766574,-0.340635405844821
4,1,308386.96716245566,-0.812,1.576562,-0.34176333702673856
4,1,308391.9673587304,-0.812,1.5762757,-0.3428912705167566
4,1,308396.9675550051,-0.812,1.575913,-0.34401920298147876
4,1,308401.9677512798,-0.812,1.5757221,-0.3451471349641417
4,1,308406.96794755454,-0.812,1.5755311,-0.34627506684219844
4,1,308411.96814382926,-0.812,1.5753403,-0.3474029964095355
4,1,308416.968340104,-0.812,1.5753784,-0.34853092845010103
4,1,308421.96853637823,-0.812,1.5750921,-0.3496588599013422
4,1,308426.96873265295,-0.812,1.574863,-0.35078679166022947
4,1,308431.9689289276,-0.812,1.5744811,-0.3519147218552266
4,1,308436.96912520233,-0.812,1.5743858,-0.35304265329841783
4,1,308441.96932147705,-0.812,1.5741185,-0.35417058251865385
4,1,308446.9695177518,-0.812,1.5740039,-0.35529851081090513
4,1,308451.9697140265,-0.812,1.5735266,-0.35642644137810675
4,1,308456.96991030115,-0.812,1.573393,-0.3575543695904812
4,1,308461.97010657587,-0.812,1.5732594,-0.3586822966167497
4,1,308466.9703028506,-0.812,1.5729539,-0.3598102239231236
4,1,308471.9704991253,-0.812,1.5727248,-0.36093815235443255
4,1,308476.9706954,-0.812,1.5724576,-0.36206607869315816
4,1,308481.97089167475,-0.812,1.5722095,-0.363194005812804
4,1,308486.97108794935,-0.812,1.5720185,-0.3643219347242018
4,1,308491.97128422395,-0.812,1.5718277,-0.3654498609929748
4,1,308496.97148049856,-0.812,1.5715604,-0.3665777861007287
4,1,308501.97167677316,-0.812,1.5713503,-0.36770571372038796
4,1,308506.97187304776,-0.812,1.5710449,-0.3688336403158672
4,1,308511.97206932236,-0.812,1.5708349,-0.36996156731740637
4,1,308516.97226559697,-0.812,1.5706631,-0.37108949196315477
4,1,308521.97246187157,-0.812,1.5702431,-0.37221741696656746
4,1,308526.9726581462,-0.812,1.5700904,-0.3733453443039954
4,1,308531.972854421,-0.812,1.5697659,-0.37447327290959825
4,1,308536.97305069584,-0.812,1.5696131,-0.3756012022670144
4,1,308541.9732469707,-0.812,1.5693841,-0.3767291367530227
4,1,308546.9734432455,-0.812,1.5692122,-0.3778570673107373
4,1,308551.97363952035,-0.812,1.5689068,-0.37898499905948185
4,1,308556.9738357952,-0.812,1.5685059,-0.38011293337186186
4,1,308561.97403207,-0.812,1.568315,-0.38124086612074914
4,1,308566.97422834486,-0.812,1.5679713,-0.3823687989953095
4,1,308571.9744246197,-0.812,1.5677232,-0.3834967340692846
4,1,308576.9746208945,-0.812,1.5675514,-0.3846246690307062
4,1,308581.97481716936,-0.812,1.5673605,-0.38575260562950714
4,1,308586.9750134442,-0.812,1.5671123,-0.38688054161592006
4,1,308591.97520971904,-0.812,1.5668832,-0.3880084772442945
4,1,308596.9754059939,-0.812,1.5667114,-0.3891364107222161
4,1,308601.9756022687,-0.812,1.5663105,-0.39026434465627885
4,1,308606.97579854354,-0.812,1.5662341,-0.39139227600852666
4,1,308611.9759948184,-0.812,1.5658141,-0.39252021008421
4,1,308616.9761910932,-0.812,1.5654706,-0.39364814315289276
4,1,308621.97638736805,-0.812,1.5652796,-0.3947760753477118
4,1,308626.9765836429,-0.812,1.5650506,-0.3959040062169931
4,1,308631.97677991726,-0.812,1.5646497,-0.3970319383689531
4,1,308636.9769761916,-0.812,1.5643634,-0.39815987243463613
4,1,308641.977172466,-0.812,1.5640197,-0.39928780683209847
4,1,308646.97736874036,-0.812,1.563867,-0.40041574226917176
4,1,308651.97756501473,-0.812,1.5635806,-0.4015436736298735
4,1,308656.9777612891,-0.812,1.563256,-0.4026716045803131
4,1,308661.9779575635,-0.812,1.5630842,-0.4037995380088258
4,1,308666.97815383784,-0.812,1.5627788,-0.4049274683820772
4,1,308671.9783501122,-0.812,1.5625688,-0.4060553977133269
4,1,308676.9785463866,-0.812,1.5622824,-0.4071833262918626
4,1,308681.97874266095,-0.812,1.5619389,-0.40831125508808774
4,1,308686.9789389353,-0.812,1.561767,-0.4094391804115178
4,1,308691.9791352097,-0.812,1.5613853,-0.41056710593956064
4,1,308696.97933148406,-0.812,1.5612326,-0.4116950327149002
4,1,308701.97952775843,-0.812,1.5609461,-0.41282295844903605
4,1,308706.9797240328,-0.812,1.560698,-0.4139508853604563
4,1,308711.9799203072,-0.812,1.5603544,-0.4150788146752253
4,1,308716.98011658154,-0.812,1.5600489,-0.4162067469054197
4,1,308721.9803128559,-0.812,1.559877,-0.4173346785953642
4,1,308726.9805091303,-0.812,1.5594571,-0.4184626109404764
4,1,308731.98070540465,-0.812,1.5592853,-0.41959054281334096
4,1,308736.980901679,-0.812,1.5591135,-0.4207184711481036
4,1,308741.9810979534,-0.812,1.5587126,-0.4218464023304683
4,1,308746.98129422776,-0.812,1.5583117,-0.42297433570822096
4,1,308751.98149050213,-0.812,1.5581017,-0.42410227086975855
4,1,308756.9816867765,-0.812,1.5578727,-0.42523020491515945
4,1,308761.9818830509,-0.812,1.5574335,-0.42635813668169925
4,1,308766.98207932524,-0.812,1.5572045,-0.42748606889733687
4,1,308771.9822755996,-0.812,1.5569754,-0.42861399942467293
4,1,308776.982471874,-0.812,1.5568036,-0.42974192948086737
4,1,308781.98266814835,-0.812,1.5562309,-0.4308698606098295
4,1,308786.9828644227,-0.812,1.5559254,-0.43199778994421506
4,1,308791.9830606971,-0.812,1.5557345,-0.433125719550209
4,1,308796.98325697146,-0.812,1.55541,-0.4342536461163893
4,1,308801.98345324583,-0.812,1.5550663,-0.4353815732579597
4,1,308806.9836495202,-0.812,1.55478,-0.43650950167395686
4,1,308811.9838457946,-0.812,1.5544746,-0.43763743005251565
4,1,308816.98404206894,-0.812,1.5543218,-0.43876535838387754
4,1,308821.9842383433,-0.812,1.553921,-0.4398932862633634
4,1,308826.9844346177,-0.812,1.5534818,-0.4410212141452003
4,1,308831.98463089205,-0.812,1.5533673,-0.44214914273746825
4,1,308836.9848271664,-0.812,1.5529282,-0.44327707384174414
4,1,308841.9850234408,-0.812,1.5525846,-0.4444050026057099
4,1,308846.98521971516,-0.812,1.5522791,-0.44553293307111674
4,1,308851.98541598953,-0.812,1.5520501,-0.44666086765488
4,1,308856.9856122639,-0.812,1.5515537,-0.44778880154707046
4,1,308861.9858085383,-0.812,1.551382,-0.4489167344198758
4,1,308866.98600481264,-0.812,1.5510764,-0.45004466572472135
4,1,308871.986201087,-0.812,1.5505992,-0.4511725981263685
4,1,308876.9863973614,-0.812,1.5504084,-0.452300526552717
4,1,308881.98659363575,-0.812,1.5500647,-0.4534284534252155
4,1,308886.9867899101,-0.812,1.5497783,-0.4545563810611998
4,1,308891.9869861845,-0.812,1.5495683,-0.45568430849774694
4,1,308896.98718245886,-0.812,1.549072,-0.45681223395538345
4,1,308901.98737873323,-0.812,1.5486138,-0.4579401630114418
4,1,308906.9875750076,-0.812,1.548232,-0.4590680927102104
4,1,308911.987771282,-0.812,1.5476975,-0.46019602227397444
4,1,308916.98796755634,-0.812,1.5474494,-0.46132395227009404
4,1,308921.9881638307,-0.812,1.5469911,-0.4624518825114669
4,1,308926.9883601051,-0.812,1.5468003,-0.4635798129011361
4,1,308931.98855637945,-0.812,1.5462848,-0.46470774590315106
4,1,308936.9887526538,-0.812,1.5461893,-0.4658356779936123
4,1,308941.9889489282,-0.812,1.5455403,-0.46696361107749423
4,1,308946.98914520256,-0.812,1.5452157,-0.46809154375098827
4,1,308951.98934147693,-0.812,1.5448531,-0.4692194787627162
4,1,308956.9895377513,-0.812,1.5445094,-0.47034741606154723
4,1,308961.9897340257,-0.812,1.5440894,-0.47147535158162995
4,1,308966.98993030004,-0.812,1.5437458,-0.47260328645545263
4,1,308971.9901265744,-0.812,1.5435168,-0.4737312196086713
4,1,308976.9903228488,-0.812,1.5431731,-0.47485915356367847
4,1,308981.99051912315,-0.812,1.5428295,-0.47598708577647825
4,1,308986.9907153975,-0.812,1.5423331,-0.47711501818038043
4,1,308991.9909116719,-0.812,1.5419513,-0.4782429500997035
4,1,308996.99110794626,-0.812,1.5415695,-0.47937087974884796
4,1,309001.99130422063,-0.812,1.5412068,-0.48049881348802664
4,1,309006.991500495,-0.812,1.5407867,-0.48162674827485963
4,1,309011.9916967694,-0.812,1.5405196,-0.4827546847772931
4,1,309016.99189304374,-0.812,1.5400804,-0.4838826200521325
4,1,309021.9920893181,-0.812,1.5396032,-0.48501055307840985
4,1,309026.99228559295,-0.812,1.5390687,-0.4861384901865921
4,1,309031.9924818678,-0.812,1.5386678,-0.48726642813825294
4,1,309036.9926781426,-0.812,1.5382669,-0.4883943646868072
4,1,309041.99287441745,-0.812,1.5378851,-0.48952230091483745
4,1,309046.9930706923,-0.812,1.5376178,-0.4906502339091071
4,1,309051.9932669671,-0.812,1.5372742,-0.4917781691724759
4,1,309056.99346324196,-0.812,1.5367205,-0.4929061050240101
4,1,309061.9936595168,-0.812,1.5364342,-0.494034037048436
4,1,309066.99385579163,-0.812,1.5360906,-0.4951619703157744
4,1,309071.99405206647,-0.812,1.5355179,-0.4962899041765466
4,1,309076.9942483413,-0.812,1.5352888,-0.49741783622517866
4,1,309081.99444461614,-0.812,1.5347161,-0.49854576971803455
4,1,309086.994640891,-0.812,1.5343724,-0.4996737018865713
4,1,309091.9948371658,-0.812,1.5339334,-0.5008016352290348
4,1,309096.99503344065,-0.812,1.533437,-0.5019295664008394
4,1,309101.9952297155,-0.812,1.5332843,-0.503057497779545
4,1,309106.9954259903,-0.812,1.5328262,-0.5041854310090941
4,1,309111.99562226515,-0.812,1.5323107,-0.5053133624071878
4,1,309116.99581854,-0.812,1.5318334,-0.5064412910174365
4,1,309121.9960148148,-0.812,1.5314134,-0.5075692196708324
4,1,309126.9962110894,-0.812,1.5309553,-0.5086971522137326
4,1,309131.99640736403,-0.812,1.5305735,-0.509825084904949
4,1,309136.99660363863,-0.812,1.5299627,-0.5109530166645879
4,1,309141.99679991324,-0.812,1.5293899,-0.5120809475896922
4,1,309146.99699618784,-0.812,1.5292753,-0.5132088803833459
4,1,309151.99719246244,-0.812,1.5287217,-0.5143368165053361
4,1,309156.99738873704,-0.812,1.5281872,-0.5154647508018978
4,1,309161.9975850112,-0.812,1.5277481,-0.5165926845811043
4,1,309166.9977812858,-0.812,1.5272517,-0.517720618483411
4,1,309171.9979775604,-0.812,1.5270799,-0.5188485518382491
4,1,309176.9981738351,-0.812,1.5264882,-0.5199764834311241
4,1,309181.9983701098,-0.812,1.5261254,-0.5211044131748942
4,1,309186.99856638454,-0.812,1.5256864,-0.5222323433378306
4,1,309191.99876265926,-0.812,1.5253046,-0.5233602756663992
4,1,309196.998958934,-0.812,1.524961,-0.5244882087934747
4,1,309201.9991552087,-0.812,1.5244837,-0.5256161408011517
4,1,309206.9993514834,-0.812,1.5237774,-0.5267440744282571
4,1,309211.99954775814,-0.812,1.5234528,-0.527872007974022
4,1,309216.99974403286,-0.812,1.5231283,-0.52899994006598
4,1,309221.9999403076,-0.812,1.5225556,-0.5301278712803457
4,1,309227.0001365823,-0.812,1.5221547,-0.5312558036491606
4,1,309232.000332857,-0.812,1.5216583,-0.5323837360212174
4,1,309237.0005291317,-0.812,1.521162,-0.5335116671111385
4,1,309242.0007254064,-0.812,1.5206847,-0.5346395991716087
4,1,309247.0009216811,-0.812,1.5202266,-0.5357675316558977
4,1,309252.0011179558,-0.812,1.5197874,-0.5368954635442629
4,1,309257.0013142305,-0.812,1.519482,-0.5380233966933324
4,1,309262.0015105052,-0.812,1.5189856,-0.5391513314441311
4,1,309267.00170677993,-0.812,1.5185466,-0.5402792680754099
4,1,309272.00190305465,-0.812,1.5180311,-0.5414072028395468
4,1,309277.0020993294,-0.812,1.5176302,-0.5425351393953496
4,1,309282.002295604,-0.812,1.5170766,-0.5436630773798857
4,1,309287.0024918788,-0.812,1.516523,-0.5447910130273668
4,1,309292.0026881534,-0.812,1.5161221,-0.5459189471848112
4,1,309297.002884428,-0.812,1.515683,-0.5470468792657621
4,1,309302.0030807026,-0.812,1.515034,-0.5481748117556638
4,1,309307.0032769772,-0.812,1.5145758,-0.5493027431857355
4,1,309312.0034732518,-0.812,1.5142131,-0.5504306764220894
4,1,309317.0036695264,-0.812,1.5135832,-0.5515586091205876
4,1,309322.00386580103,-0.812,1.5132967,-0.5526865439076856
4,1,309327.00406207563,-0.812,1.5127431,-0.5538144796382555
4,1,309332.00425835047,-0.812,1.5122278,-0.5549424161128734
4,1,309337.0044546253,-0.812,1.5115213,-0.5560703523205056
4,1,309342.00465090014,-0.812,1.5111778,-0.557198287080702
4,1,309347.004847175,-0.812,1.5106623,-0.5583262222249609
4,1,309352.0050434498,-0.812,1.5101278,-0.5594541592517331
4,1,309357.00523972465,-0.812,1.5094787,-0.5605820965704654
4,1,309362.0054359995,-0.812,1.5089632,-0.5617100313811635
4,1,309367.0056322743,-0.812,1.5085242,-0.5628379656163521
4,1,309372.00582854915,-0.812,1.5079134,-0.5639659037118456
4,1,309377.006024824,-0.812,1.5073406,-0.565093838900808
4,1,309382.0062210988,-0.812,1.5069396,-0.5662217750972147
4,1,309387.00641737366,-0.812,1.506138,-0.567349711761902
4,1,309392.0066136485,-0.812,1.5059088,-0.5684776485084727
4,1,309397.00680992333,-0.812,1.5054125,-0.5696055828355188
4,1,309402.00700619817,-0.812,1.504668,-0.570733516733269
4,1,309407.007202473,-0.812,1.5041716,-0.5718614508957202
4,1,309412.00739874784,-0.812,1.5036752,-0.5729893847559625
4,1,309417.0075950227,-0.812,1.5032362,-0.5741173204453621
4,1,309422.0077912975,-0.812,1.5023962,-0.5752452575388882
4,1,309427.0079875719,-0.812,1.5019572,-0.5763731959035463
4,1,309432.00818384625,-0.812,1.5014226,-0.5775011356137031
4,1,309437.0083801206,-0.812,1.5009644,-0.5786290721148684
4,1,309442.008576395,-0.812,1.50022,-0.5797570077242753
4,1,309447.00877266936,-0.812,1.4996854,-0.5808849403582945
4,1,309452.00896894373,-0.812,1.4992272,-0.5820128739791812
4,1,309457.0091652181,-0.812,1.4984827,-0.5831408106652168
4,1,309462.00936149247,-0.812,1.4979672,-0.5842687454747857
4,1,309467.00955776684,-0.812,1.4973564,-0.5853966780765091
4,1,309472.0097540412,-0.812,1.4968028,-0.586524611903002
4,1,309477.0099503156,-0.812,1.4961537,-0.5876525472719704
4,1,309482.01014658995,-0.812,1.4955428,-0.5887804847608143
4,1,309487.0103428643,-0.812,1.4948174,-0.5899084219463502
4,1,309492.0105391387,-0.812,1.4942828,-0.5910363589268791
4,1,309497.01073541306,-0.812,1.4937483,-0.5921642961828709
4,1,309502.01093168743,-0.812,1.4930801,-0.5932922312791779
4,1,309507.0111279618,-0.812,1.4925075,-0.5944201641312705
4,1,309512.01132423617,-0.812,1.4921256,-0.5955480972733762
4,1,309517.01152051054,-0.812,1.4912475,-0.5966760292834772
4,1,309522.0117167849,-0.812,1.4908657,-0.5978039605550468
4,1,309527.0119130593,-0.812,1.4900066,-0.5989318952300251
4,1,309532.01210933365,-0.812,1.489472,-0.6000598288958934
4,1,309537.012305608,-0.812,1.4888421,-0.6011877621450789
4,1,309542.0125018824,-0.812,1.4883457,-0.6023156968548927
4,1,309547.01269815676,-0.812,1.4874485,-0.6034436306145456
4,1,309552.0128944311,-0.812,1.4869331,-0.6045715652252701
4,1,309557.0130907055,-0.812,1.4862459,-0.6056994971892934
4,1,309562.01328697987,-0.812,1.4856731,-0.6068274302114978
4,1,309567.01348325424,-0.812,1.4850049,-0.607955361673024
4,1,309572.0136795286,-0.812,1.4842795,-0.6090832923608753
4,1,309577.013875803,-0.812,1.483764,-0.6102112244488663
4,1,309582.01407207735,-0.812,1.483115,-0.6113391588201622
4,1,309587.0142683517,-0.812,1.4823323,-0.6124670958341658
4,1,309592.0144646261,-0.812,1.4815496,-0.6135950327193604
4,1,309597.01466090046,-0.812,1.4807669,-0.614722971070018
4,1,309602.0148571748,-0.812,1.4800224,-0.6158509070756535
4,1,309607.0150534492,-0.812,1.4794306,-0.6169788385077053
4,1,309612.01524972357,-0.812,1.4789151,-0.6181067702211076
4,1,309617.01544599794,-0.812,1.4782279,-0.619234699464159
4,1,309622.0156422723,-0.812,1.477617,-0.6203626275776195
4,1,309627.0158385467,-0.812,1.4767388,-0.6214905571846665
4,1,309632.01603482105,-0.812,1.4759753,-0.622618486090998
4,1,309637.0162310954,-0.812,1.4752498,-0.6237464135134421
4,1,309642.0164273698,-0.812,1.4745244,-0.6248743447792632
4,1,309647.01662364416,-0.812,1.4739134,-0.6260022775783276
4,1,309652.0168199185,-0.812,1.4729972,-0.6271302101718553
4,1,309657.0170161929,-0.812,1.4724436,-0.6282581411448587
4,1,309662.01721246727,-0.812,1.4717181,-0.6293860738087497
4,1,309667.01740874164,-0.812,1.47084,-0.6305140082141693
4,1,309672.017605016,-0.812,1.4703627,-0.631641943208635
4,1,309677.0178012904,-0.812,1.4695991,-0.6327698775595759
4,1,309682.01799756475,-0.812,1.4687209,-0.6338978131911855
4,1,309687.0181938391,-0.812,1.4681292,-0.6350257515474527
4,1,309692.0183901135,-0.812,1.4673846,-0.6361536897444761
4,1,309697.01858638786,-0.812,1.4664874,-0.6372816271163592
4,1,309702.0187826622,-0.812,1.4658765,-0.6384095627853641
4,1,309707.0189789366,-0.812,1.4650747,-0.6395374986603163
4,1,309712.01917521097,-0.812,1.4643111,-0.6406654328782163
4,1,309717.01937148534,-0.812,1.4635665,-0.641793366196222
4,1,309722.0195677597,-0.812,1.4626884,-0.6429212986615898
4,1,309727.0197640341,-0.812,1.4619439,-0.6440492320107886
4,1,309732.01996030845,-0.812,1.4610658,-0.6451771631635396
4,1,309737.0201565828,-0.812,1.4603593,-0.6463050918751824
4,1,309742.0203528572,-0.812,1.4597485,-0.6474330192506348
4,1,309747.02054913156,-0.812,1.4591185,-0.6485609492504366
4,1,309752.0207454059,-0.812,1.4580877,-0.6496888808422057
4,1,309757.0209416803,-0.812,1.4572859,-0.6508168137314122
4,1,309762.02113795467,-0.812,1.4565413,-0.6519447471151949
4,1,309767.02133422904,-0.812,1.4559305,-0.6530726911679077
4,1,309772.0215305034,-0.812,1.454976,-0.6542006380333901
4,1,309777.0217267778,-0.812,1.4540596,-0.6553285826864309
4,1,309782.02192305215,-0.812,1.4535251,-0.656456525846435
4,1,309787.0221193265,-0.812,1.4526087,-0.6575844723961254
4,1,309792.0223156009,-0.812,1.4518069,-0.6587124176983469
4,1,309797.02251187526,-0.812,1.450967,-0.6598403618310855
4,1,309802.0227081496,-0.812,1.4500887,-0.66096830734142
4,1,309807.022904424,-0.812,1.4491152,-0.6620962534882261
4,1,309812.02310069837,-0.812,1.4482752,-0.663224197521319
4,1,309817.02329697274,-0.812,1.4475116,-0.6643521408729388
4,1,309822.0234932476,-0.812,1.4466716,-0.6654800842860441
4,1,309827.0236895224,-0.812,1.4457744,-0.666608027054055
4,1,309832.02388579724,-0.812,1.4449344,-0.6677359708193243
4,1,309837.0240820721,-0.812,1.4441518,-0.6688639144839545
4,1,309842.0242783469,-0.812,1.4432735,-0.669991855901748
4,1,309847.02447462175,-0.812,1.4424717,-0.6711197984669341
4,1,309852.0246708966,-0.812,1.4414791,-0.6722477400901881
4,1,309857.0248671714,-0.812,1.4407345,-0.6733756819785436
4,1,309862.02506344626,-0.812,1.4398755,-0.6745036237545841
4,1,309867.0252597211,-0.812,1.4388446,-0.675631564609054
4,1,309872.0254559959,-0.812,1.4379092,-0.6767594989627435
4,1,309877.02565227076,-0.812,1.4369546,-0.6778874255949292
4,1,309882.0258485456,-0.812,1.4362102,-0.6790153520789378
4,1,309887.02604482044,-0.812,1.4351411,-0.6801432823044492
4,1,309892.0262410953,-0.812,1.434263,-0.6812712130643924
4,1,309897.02643736964,-0.812,1.4331175,-0.6823991440288921
4,1,309902.0266336445,-0.812,1.4323539,-0.6835270770114992
4,1,309907.0268299193,-0.812,1.431113,-0.6846550113974048
4,1,309912.02702619415,-0.812,1.4301776,-0.6857829443411065
4,1,309917.027222469,-0.812,1.4291849,-0.6869108719156914
4,1,309922.0274187436,-0.812,1.4282876,-0.6880387981704408
4,1,309927.0276150182,-0.812,1.4274668,-0.6891667237488728
4,1,309932.0278112928,-0.812,1.4263405,-0.6902946513072716
4,1,309937.0280075674,-0.812,1.425386,-0.6914225789884826
4,1,309942.028203842,-0.812,1.424126,-0.692550507415053
4,1,309947.0284001166,-0.812,1.4231333,-0.6936784357757867
4,1,309952.0285963912,-0.812,1.422026,-0.6948063601927559
4,1,309957.0287926658,-0.812,1.4213388,-0.6959342885241707
4,1,309962.0289889404,-0.812,1.4201744,-0.6970622178933422
4,1,309967.029185215,-0.812,1.4192007,-0.6981901462491288
4,1,309972.02938148973,-0.812,1.4181316,-0.6993180751787855
4,1,309977.02957776445,-0.812,1.4170434,-0.7004460015147793
4,1,309982.02977403917,-0.812,1.4160889,-0.7015739280934103
4,1,309987.0299703139,-0.812,1.4151154,-0.7027018560356102
4,1,309992.0301665886,-0.812,1.4140463,-0.7038297851258816
4,1,309997.0303628633,-0.812,1.4130155,-0.7049577167152432
4,1,310002.03055913805,-0.812,1.4118128,-0.7060856454233759
4,1,310007.03075541276,-0.812,1.4108009,-0.7072135722823674
4,1,310012.0309516875,-0.812,1.4096174,-0.708341500034286
4,1,310017.0311479622,-0.812,1.4087201,-0.7094694265000224
4,1,310022.0313442369,-0.812,1.4075747,-0.7105973532650504
4,1,310027.0315405119,-0.812,1.4062766,-0.7117252803728912
4,1,310032.0317367866,-0.812,1.4053411,-0.7128532040532298
4,1,310037.03193306125,-0.812,1.404253,-0.7139811267667446
4,1,310042.032129336,-0.812,1.4029931,-0.715109051311738
4,1,310047.03232561063,-0.812,1.4021722,-0.7162369763090743
4,1,310052.03252188535,-0.812,1.4009312,-0.7173649002413287
4,1,310057.0327181601,-0.812,1.3998814,-0.718492823847443
4,1,310062.0329144348,-0.812,1.3988695,-0.7196207494126493
4,1,310067.0331107095,-0.812,1.3975332,-0.7207486739078828
4,1,310072.03330698423,-0.812,1.3964069,-0.7218765979058247
4,1,310077.03350325883,-0.812,1.3953569,-0.7230045225389601
4,1,310082.03369953344,-0.812,1.3939824,-0.7241324489399991
4,1,310087.0338958078,-0.812,1.3929133,-0.7252603759267497
4,1,310092.0340920824,-0.812,1.3916725,-0.7263883016004035
4,1,310097.034288357,-0.812,1.3903743,-0.7275162289860682
4,1,310102.0344846316,-0.812,1.3890762,-0.7286441576041516
4,1,310107.0346809062,-0.812,1.3878354,-0.7297720883208814
4,1,310112.0348771808,-0.812,1.386728,-0.7309000172812576
4,1,310117.0350734554,-0.812,1.3854872,-0.7320279486125445
4,1,310122.03526973026,-0.812,1.3841127,-0.7331558787344962
4,1,310127.0354660051,-0.812,1.3829483,-0.7342838082425531
4,1,310132.03566227993,-0.812,1.381631,-0.7354117374288045
4,1,310137.03585855477,-0.812,1.3801992,-0.7365396663794884
4,1,310142.0360548296,-0.812,1.3789583,-0.7376675969484219
4,1,310147.03625110444,-0.812,1.3775839,-0.7387955294955806
4,1,310152.0364473793,-0.812,1.3761903,-0.7399234617885585
4,1,310157.0366436541,-0.812,1.3749112,-0.7410513966628646
4,1,310162.03683992894,-0.812,1.3736894,-0.7421793301533495
4,1,310167.0370362033,-0.812,1.3724104,-0.7433072626759345
4,1,310172.03723247815,-0.812,1.3710359,-0.744435193885396
4,1,310177.037428753,-0.812,1.3696423,-0.7455631243009171
4,1,310182.0376250278,-0.812,1.3682106,-0.746691055391186
4,1,310187.03782130266,-0.812,1.3668742,-0.7478189876604876
4,1,310192.0380175775,-0.812,1.3655951,-0.7489469190039272
4,1,310197.0382138523,-0.812,1.3641634,-0.7500748511632682
4,1,310202.03841012716,-0.812,1.3628652,-0.7512027872387503
4,1,310207.038606402,-0.812,1.3614907,-0.7523307214425042
4,1,310212.03880267683,-0.812,1.3599826,-0.7534586575519345
4,1,310217.03899895167,-0.812,1.3585126,-0.7545865929468177
4,1,310222.0391952265,-0.812,1.3570427,-0.7557145261996259
4,1,310227.0393915009,-0.812,1.3555346,-0.756842460301032
4,1,310232.03958777525,-0.812,1.3542364,-0.7579703918593926
4,1,310237.0397840496,-0.812,1.3526329,-0.759098322166016
4,1,310242.039980324,-0.812,1.3510102,-0.7602262526646525
4,1,310247.04017659836,-0.812,1.3496356,-0.7613541846528256
4,1,310252.0403728727,-0.812,1.348242,-0.7624821156399353
4,1,310257.0405691471,-0.812,1.3467721,-0.7636100491260095
4,1,310262.04076542147,-0.812,1.3450158,-0.7647379828237763
4,1,310267.04096169583,-0.812,1.3435076,-0.7658659155100389
4,1,310272.0411579702,-0.812,1.3421713,-0.7669938500277801
4,1,310277.0413542446,-0.812,1.3405677,-0.7681217840911749
4,1,310282.04155051894,-0.812,1.3390214,-0.7692497176530232
4,1,310287.0417467933,-0.812,1.3375133,-0.7703776518642342
4,1,310292.0419430677,-0.812,1.3357761,-0.7715055867657697
4,1,310297.04213934205,-0.812,1.3341534,-0.7726335244180695
4,1,310302.0423356164,-0.812,1.3326644,-0.7737614610122975
4,1,310307.0425318908,-0.812,1.3311563,-0.7748893990776542
4,1,310312.04272816516,-0.812,1.3295145,-0.776017337224305
4,1,310317.04292443953,-0.812,1.3277963,-0.7771452740325103
4,1,310322.0431207139,-0.812,1.3261927,-0.7782732097131447
4,1,310327.0433169883,-0.812,1.3245319,-0.7794011474819981
4,1,310332.04351326264,-0.812,1.3228902,-0.7805290838986869
4,1,310337.043709537,-0.812,1.3213247,-0.7816570208877228
4,1,310342.0439058114,-0.812,1.319683,-0.7827849582206974
4,1,310347.04410208575,-0.812,1.3181558,-0.7839128964710173
4,1,310352.0442983601,-0.812,1.3164757,-0.7850408316252798
4,1,310357.0444946345,-0.812,1.3147004,-0.7861687668584423
4,1,310362.04469090886,-0.812,1.3128678,-0.7872966972834703
4,1,310367.04488718323,-0.812,1.311035,-0.7884246297519608
4,1,310372.0450834576,-0.812,1.3093742,-0.7895525604609586
4,1,310377.045279732,-0.812,1.3077134,-0.7906804912587209
4,1,310382.04547600634,-0.812,1.3061289,-0.7918084247938364
4,1,310387.0456722807,-0.812,1.3043725,-0.7929363552557597
4,1,310392.0458685551,-0.812,1.3024445,-0.7940642853624658
4,1,310397.04606482945,-0.812,1.3005927,-0.7951922167777157
4,1,310402.0462611038,-0.812,1.2989128,-0.7963201470311154
4,1,310407.0464573782,-0.812,1.2970037,-0.7974480792387926
4,1,310412.04665365256,-0.812,1.2952665,-0.7985760120250718
4,1,310417.04684992693,-0.812,1.2933002,-0.7997039472972919
4,1,310422.0470462013,-0.812,1.2914293,-0.8008318836328588
4,1,310427.0472424757,-0.812,1.2898066,-0.8019598218932419
4,1,310432.04743875004,-0.812,1.2878785,-0.8030877593162757
4,1,310437.0476350244,-0.812,1.2859504,-0.8042156924177212
4,1,310442.0478312988,-0.812,1.2842513,-0.8053436214640308
4,1,310447.04802757315,-0.812,1.2822851,-0.8064715508861015
4,1,310452.0482238475,-0.812,1.2802615,-0.8075994805897245
4,1,310457.0484201219,-0.812,1.2783334,-0.808727408496804
4,1,310462.04861639626,-0.812,1.2765007,-0.8098553378519386
4,1,310467.04881267063,-0.812,1.2745535,-0.8109832664932977
4,1,310472.049008945,-0.812,1.2723963,-0.812111195241243
4,1,310477.0492052194,-0.812,1.27064,-0.8132391241208186
4,1,310482.04940149374,-0.812,1.2686164,-0.8143670531821983
4,1,310487.0495977681,-0.812,1.2667265,-0.8154949808305505
4,1,310492.0497940425,-0.812,1.2646648,-0.8166229125987758
4,1,310497.04999031685,-0.812,1.262813,-0.8177508454591039
4,1,310502.0501865912,-0.812,1.2606176,-0.818878775161164
4,1,310507.0503828656,-0.812,1.2585559,-0.8200067065078918
4,1,310512.05057913996,-0.812,1.2566086,-0.8211346388534212
4,1,310517.05077541433,-0.812,1.2544705,-0.8222625719487439
4,1,310522.0509716887,-0.812,1.2525424,-0.8233905086209612
4,1,310527.0511679631,-0.812,1.2502515,-0.8245184433361726
4,1,310532.05136423744,-0.812,1.2483616,-0.8256463780917496
4,1,310537.0515605118,-0.812,1.2461472,-0.826774311039809
4,1,310542.0517567862,-0.812,1.24399,-0.8279022421920269
4,1,310547.05195306055,-0.812,1.2421955,-0.8290301735596958
4,1,310552.0521493349,-0.812,1.2397519,-0.8301581024655802
4,1,310557.0523456093,-0.812,1.2379383,-0.831286031949941
4,1,310562.05254188366,-0.812,1.2358003,-0.8324139604407519
4,1,310567.05273815803,-0.812,1.2333949,-0.833541890680873
4,1,310572.0529344324,-0.812,1.2311803,-0.8346698220124281
4,1,310577.0531307068,-0.812,1.2290423,-0.8357977524203297
4,1,310582.05332698114,-0.812,1.226675,-0.8369256846037709
4,1,310587.0535232555,-0.812,1.2244987,-0.8380536173953119
4,1,310592.0537195299,-0.812,1.2222079,-0.8391815478278501
4,1,310597.05391580425,-0.812,1.2200698,-0.840309477397972
4,1,310602.0541120786,-0.812,1.2175117,-0.8414374101811319
4,1,310607.054308353,-0.812,1.2152972,-0.842565341953811
4,1,310612.05450462736,-0.812,1.2128155,-0.8436932748148677
4,1,310617.0547009022,-0.812,1.2106774,-0.8448212109293114
4,1,310622.05489717703,-0.812,1.2083484,-0.8459491451013754
4,1,310627.05509345187,-0.812,1.2059811,-0.8470770787605051
4,1,310632.0552897267,-0.812,1.2037476,-0.848205011780279
4,1,310637.0554860011,-0.812,1.2011704,-0.8493329435015358
4,1,310639.4526842218,-0.812,1.1999677,-0.8498736971481116
4,1,310639.45288422145,-0.812,1.2001586,-0.849873742266907
4,2,310639.45368422195,0.812,1.2942562,8.95649724536472e-08
4,2,310644.4538804963,0.812,1.5069779,0.0011277017387648423
4,2,310649.4540767707,0.812,1.5779175,0.0022553131129244963
4,2,310654.45427304506,0.812,1.6327257,0.00338292478541202
4,2,310659.45446931943,0.812,1.6789814,0.004510534189426237
4,2,310664.4546655938,0.812,1.719682,0.005638145756595665
4,2,310669.4548618682,0.812,1.7562017,0.006765756233914032
4,2,310674.45505814254,0.812,1.7894762,0.007893366009745334
4,2,310679.4552544169,0.812,1.8204788,0.009020974016719394
4,2,310684.4554506913,0.812,1.8493624,0.010148581328772836
4,2,310689.45564696565,0.812,1.8766615,0.01127618909051021
4,2,310694.45584324,0.812,1.902357,0.012403794909232192
4,2,310699.4560395144,0.812,1.9266399,0.013531400257577498
4,2,310704.45623578876,0.812,1.9496437,0.014659007662230068
4,2,310709.45643206313,0.812,1.9712157,0.015786614409178494
4,2,310714.4566283375,0.812,1.9914515,0.01691422210310565
4,2,310719.4568246119,0.812,2.0108664,0.018041829393522606
4,2,310724.45702088624,0.812,2.028983,0.019169433565831846
4,2,310729.4572171606,0.812,2.045897,0.020297037413116958
4,2,310734.457413435,0.812,2.061723,0.02142464166633288
4,2,310739.45760970935,0.812,2.0766134,0.02255224538359708
4,2,310744.4578059837,0.812,2.0905683,0.023679851310415397
4,2,310749.4580022581,0.812,2.103607,0.02480745603080259
4,2,310754.45819853246,0.812,2.1158056,0.02593505812487006
4,2,310759.45839480683,0.812,2.1272025,0.027062661614050465
4,2,310764.4585910812,0.812,2.1379313,0.028190264744751982
4,2,310769.4587873556,0.812,2.1478775,0.029317868602325516
4,2,310774.45898362994,0.812,2.1572506,0.030445472400658657
4,2,310779.4591799043,0.812,2.1662614,0.03157307432188921
4,2,310784.4593761787,0.812,2.1747565,0.03270067507636215
4,2,310789.45957245305,0.812,2.1823735,0.03382827540175119
4,2,310794.4597687274,0.812,2.1899333,0.034955877970811386
4,2,310799.4599650018,0.812,2.196825,0.03608347834106948
4,2,310804.46016127616,0.812,2.2035446,0.03721107981106969
4,2,310809.46035755053,0.812,2.20973,0.03833867876198556
4,2,310814.4605538249,0.812,2.215648,0.0394662761143777
4,2,310819.4607500993,0.812,2.2214515,0.04059387672801481
4,2,310824.4609463741,0.812,2.2267203,0.041721475868930415
4,2,310829.46114264894,0.812,2.231951,0.042849075370917714
4,2,310834.4613389238,0.812,2.2367618,0.04397667500013775
4,2,310839.46153519815,0.812,2.2415535,0.04510427455982566
4,2,310844.461731473,0.812,2.2460206,0.04623187573693858
4,2,310849.4619277478,0.812,2.2503731,0.047359479582402435
4,2,310854.46212402266,0.812,2.2544203,0.04848708234863148
4,2,310859.4623202975,0.812,2.2585056,0.04961468388165036
4,2,310864.4625165723,0.812,2.2622855,0.050742283175488304
4,2,310869.46271284716,0.812,2.265951,0.05186988461779885
4,2,310874.462909122,0.812,2.269559,0.05299748549290829
4,2,310879.46310539683,0.812,2.2731097,0.05412508462552229
4,2,310884.46330167167,0.812,2.276355,0.055252684570911856
4,2,310889.4634979465,0.812,2.279524,0.05638028459631403
4,2,310894.46369422134,0.812,2.282445,0.05750788516412178
4,2,310899.4638904962,0.812,2.2857666,0.05863548620540896
4,2,310904.464086771,0.812,2.2887828,0.0597630883910126
4,2,310909.46428304585,0.812,2.2917228,0.060890691530052145
4,2,310914.4644793207,0.812,2.2944336,0.06201829691564373
4,2,310919.4646755955,0.812,2.2971253,0.06314590282767678
4,2,310924.4648718701,0.812,2.2998934,0.06427350773717957
4,2,310929.4650681447,0.812,2.302738,0.06540111056294703
4,2,310934.4652644193,0.812,2.3051434,0.06652871248351531
4,2,310939.46546069393,0.812,2.307625,0.06765631272062657
4,2,310944.46565696853,0.812,2.310183,0.068783914401561
4,2,310949.46585324313,0.812,2.3126647,0.0699115165150662
4,2,310954.46604951774,0.812,2.315051,0.071039124005619
4,2,310959.46624579234,0.812,2.317361,0.07216673246643276
4,2,310964.4664420672,0.812,2.3197856,0.07329434334289033
4,2,310969.4666383418,0.812,2.3219619,0.0744219506516589
4,2,310974.4668346165,0.812,2.3242717,0.07554955518859292
4,2,310979.4670308912,0.812,2.326429,0.0766771592600776
4,2,310984.46722716594,0.812,2.3286433,0.07780476077071492
4,2,310989.46742344066,0.812,2.3309343,0.07893235932054452
4,2,310994.4676197154,0.812,2.3330534,0.08005995922400884
4,2,310999.4678159901,0.812,2.3352487,0.08118755864815909
4,2,311004.4680122648,0.812,2.3374822,0.08231515958647262
4,2,311009.46820853953,0.812,2.3394485,0.08344275873393481
4,2,311014.46840481425,0.812,2.341453,0.08457036041699183
4,2,311019.468601089,0.812,2.3437629,0.08569796098746524
4,2,311024.4687973637,0.812,2.3458438,0.08682555820360116
4,2,311029.46899363823,0.812,2.3480582,0.0879531557571358
4,2,311034.46918991295,0.812,2.3500628,0.08908075211804772
4,2,311039.4693861877,0.812,2.3519335,0.09020834568631979
4,2,311044.4695824624,0.812,2.3539762,0.0913359420458608
4,2,311049.46977873705,0.812,2.356038,0.09246353855412204
4,2,311054.4699750118,0.812,2.3581762,0.09359113598496382
4,2,311059.4701712865,0.812,2.3600469,0.09471873464652894
4,2,311064.4703675612,0.812,2.3619752,0.09584633378925918
4,2,311069.47056383593,0.812,2.3641706,0.09697393115276097
4,2,311074.47076011053,0.812,2.3660605,0.09810152501094671
4,2,311079.47095638514,0.812,2.367874,0.09922911611895759
4,2,311084.47115265974,0.812,2.3698976,0.10035670711154075
4,2,311089.47134893434,0.812,2.3719785,0.1014842983076208
4,2,311094.47154520894,0.812,2.3738875,0.10261188905180824
4,2,311099.47174148355,0.812,2.3759873,0.1037394818858206
4,2,311104.47193775815,0.812,2.3779347,0.10486707370999122
4,2,311109.4721340323,0.812,2.379901,0.10599466711002586
4,2,311114.4723303069,0.812,2.38202,0.10712225945292246
4,2,311119.4725265815,0.812,2.3840435,0.1082498537645704
4,2,311124.4727228563,0.812,2.3861053,0.10937744953511157
4,2,311129.47291913116,0.812,2.3880906,0.11050504398776755
4,2,311134.473115406,0.812,2.3900378,0.11163263951780397
4,2,311139.47331168083,0.812,2.3917942,0.11276023783389064
4,2,311144.47350795567,0.812,2.393875,0.11388783850159909
4,2,311149.4737042305,0.812,2.3959367,0.1150154382941822
4,2,311154.47390050534,0.812,2.3979602,0.11614303793166741
4,2,311159.4740967802,0.812,2.3998694,0.11727063606013521
4,2,311164.474293055,0.812,2.4020648,0.11839823593795298
4,2,311169.47448932985,0.812,2.4041073,0.11952583767245212
4,2,311174.4746856047,0.812,2.405921,0.12065343816900582
4,2,311179.4748818795,0.812,2.40783,0.12178103780278561
4,2,311184.47507815436,0.812,2.4101782,0.12290863849367364
4,2,311189.4752744292,0.812,2.4121635,0.1240362386287881
4,2,311194.475470704,0.812,2.4140725,0.12516383943968015
4,2,311199.47566697886,0.812,2.4161916,0.12629143967925838
4,2,311204.4758632537,0.812,2.4181578,0.1274190397935112
4,2,311209.47605952853,0.812,2.4203722,0.1285466389228602
4,2,311214.47625580337,0.812,2.422243,0.12967424053250085
4,2,311219.4764520782,0.812,2.4243622,0.1308018440278106
4,2,311224.47664835304,0.812,2.4263856,0.1319294500774277
4,2,311229.4768446274,0.812,2.4285047,0.13305705442580906
4,2,311234.4770409018,0.812,2.4306047,0.13418465610228308
4,2,311239.47723717615,0.812,2.4327238,0.13531225719732373
4,2,311244.4774334505,0.812,2.43469,0.13643985817046625
4,2,311249.4776297249,0.812,2.4370382,0.1375674645460612
4,2,311254.47782599926,0.812,2.4390235,0.13869507019878094
4,2,311259.47802227363,0.812,2.4411044,0.1398226750837432
4,2,311264.478218548,0.812,2.4433188,0.14095028199173013
4,2,311269.47841482237,0.812,2.445457,0.14207788795237408
4,2,311274.47861109674,0.812,2.4475951,0.14320549349898432
4,2,311279.4788073711,0.812,2.4497714,0.1443330982896222
4,2,311284.4790036455,0.812,2.452024,0.14546070249018736
4,2,311289.47919991985,0.812,2.453933,0.1465883078483906
4,2,311294.4793961942,0.812,2.4561093,0.14771591058304243
4,2,311299.4795924686,0.812,2.4583237,0.14884351150044467
4,2,311304.47978874296,0.812,2.460672,0.14997111425339513
4,2,311309.47998501733,0.812,2.4627337,0.15109871950764456
4,2,311314.4801812917,0.812,2.4647954,0.1522263251797391
4,2,311319.48037756607,0.812,2.467029,0.1533539292532967
4,2,311324.48057384044,0.812,2.4690716,0.15448153403289117
4,2,311329.4807701148,0.812,2.4715915,0.15560913794347309
4,2,311334.4809663892,0.812,2.4737105,0.1567367409752905
4,2,311339.48116266355,0.812,2.4757533,0.15786434301368724
4,2,311344.4813589379,0.812,2.478006,0.1589919442846874
4,2,311349.4815552123,0.812,2.480144,0.16011954649277524
4,2,311354.48175148666,0.812,2.4823966,0.16124715049283037
4,2,311359.481947761,0.812,2.4845157,0.16237475448900787
4,2,311364.4821440354,0.812,2.4865966,0.16350235624446136
4,2,311369.48234030977,0.812,2.4887156,0.16462995906140734
4,2,311374.48253658414,0.812,2.49093,0.1657575618362294
4,2,311379.4827328585,0.812,2.4931636,0.16688516818814142
4,2,311384.4829291329,0.812,2.4951298,0.16801277695787611
4,2,311389.48312540725,0.812,2.497287,0.1691403836575448
4,2,311394.4833216816,0.812,2.4994824,0.17026799100160261
4,2,311399.483517956,0.812,2.5014298,0.17139559933121332
4,2,311404.48371423036,0.812,2.503587,0.1725232113305429
4,2,311409.4839105047,0.812,2.5055342,0.17365082082823577
4,2,311414.4841067791,0.812,2.5075195,0.17477843096167506
4,2,311419.48430305347,0.812,2.5096195,0.17590604224051032
4,2,311424.48449932784,0.812,2.5118148,0.1770336533227761
4,2,311429.4846956022,0.812,2.513762,0.17816126743142466
4,2,311434.4848918766,0.812,2.515652,0.17928887923977435
4,2,311439.48508815095,0.812,2.5175037,0.18041649076864116
4,2,311444.4852844253,0.812,2.5195274,0.18154409794356088
4,2,311449.4854806997,0.812,2.521799,0.18267170419493312
4,2,311454.48567697406,0.812,2.5235171,0.18379930704089661
4,2,311459.4858732484,0.812,2.5253308,0.18492690973298742
4,2,311464.4860695228,0.812,2.5271444,0.1860545100037753
4,2,311469.48626579717,0.812,2.528996,0.18718211181382333
4,2,311474.48646207154,0.812,2.5309625,0.1883097154519458
4,2,311479.4866583459,0.812,2.5325851,0.18943731738147135
4,2,311484.4868546203,0.812,2.5344179,0.19056492014210086
4,2,311489.48705089465,0.812,2.536136,0.1916925228780905
4,2,311494.487247169,0.812,2.5377967,0.19282012463531556
4,2,311499.4874434434,0.812,2.5396485,0.19394772843352287
4,2,311504.48763971776,0.812,2.5414622,0.19507533390167683
4,2,311509.4878359921,0.812,2.543123,0.19620293874973055
4,2,311514.4880322665,0.812,2.5447266,0.1973305442904995
4,2,311519.48822854087,0.812,2.5462728,0.19845815004752407
4,2,311524.48842481524,0.812,2.547762,0.19958575495365588
4,2,311529.4886210896,0.812,2.5493846,0.20071335783508415
4,2,311534.488817364,0.812,2.5508163,0.2018409616334173
4,2,311539.48901363835,0.812,2.5523627,0.20296856680926015
4,2,311544.4892099127,0.812,2.5537562,0.2040961713929209
4,2,311549.4894061871,0.812,2.555226,0.20522377404788794
4,2,311554.48960246146,0.812,2.5564098,0.20635137541292106
4,2,311559.4897987358,0.812,2.5578797,0.20747897584704553
4,2,311564.4899950102,0.812,2.5590825,0.20860657709748873
4,2,311569.49019128457,0.812,2.5604188,0.2097341773929728
4,2,311574.49038755894,0.812,2.5616596,0.21086177842351125
4,2,311579.4905838333,0.812,2.562805,0.21198937982506216
4,2,311584.4907801077,0.812,2.5639122,0.2131169802098936
4,2,311589.49097638205,0.812,2.5650768,0.21424457910254924
4,2,311594.4911726564,0.812,2.5662985,0.21537217863214342
4,2,311599.4913689308,0.812,2.5672722,0.21649978013252877
4,2,311604.49156520516,0.812,2.5684175,0.21762737842812135
4,2,311609.4917614795,0.812,2.5693147,0.21875497823672818
4,2,311614.4919577539,0.812,2.5703266,0.2198825807983047
4,2,311619.49215402827,0.812,2.5715103,0.22101018016151583
4,2,311624.4923503031,0.812,2.5724456,0.22213778102268772
4,2,311629.49254657794,0.812,2.5731711,0.22326538412778574
4,2,311634.4927428528,0.812,2.5740683,0.22439298416416179
4,2,311639.4929391276,0.812,2.5747747,0.22552058428830568
4,2,311644.49313540244,0.812,2.575672,0.22664818552577493
4,2,311649.4933316773,0.812,2.5764546,0.22777578551755015
4,2,311654.4935279521,0.812,2.5770845,0.22890338370962604
4,2,311659.49372422695,0.812,2.5779817,0.23003098434778052
4,2,311664.4939205018,0.812,2.57865,0.231158586458832
4,2,311669.4941167766,0.812,2.5793755,0.23228618753279245
4,2,311674.49431305146,0.812,2.5801008,0.23341379005267218
4,2,311679.4945093263,0.812,2.58075,0.2345413932194577
4,2,311684.49470560113,0.812,2.581628,0.235668994865785
4,2,311689.49490187597,0.812,2.5820673,0.2367966021912859
4,2,311694.4950981508,0.812,2.5826972,0.2379242085586852
4,2,311699.49529442564,0.812,2.583327,0.23905181451708404
4,2,311704.4954907005,0.812,2.5839763,0.2401794196283287
4,2,311709.4956869753,0.812,2.5846252,0.24130702408158775
4,2,311714.49588325014,0.812,2.5850644,0.2424346287089056
4,2,311719.496079525,0.812,2.585618,0.243562231221848
4,2,311724.4962757996,0.812,2.5861335,0.24468983215733695
4,2,311729.4964720742,0.812,2.5865915,0.24581743472651305
4,2,311734.4966683488,0.812,2.587145,0.24694503789562974
4,2,311739.4968646234,0.812,2.5878515,0.24807264144030208
4,2,311744.497060898,0.812,2.5882332,0.24920024522138962
4,2,311749.4972571726,0.812,2.5887678,0.25032784623997406
4,2,311754.4974534472,0.812,2.5892642,0.2514554464320838
4,2,311759.4976497218,0.812,2.5896077,0.25258304651159375
4,2,311764.4978459964,0.812,2.5901423,0.25371064978430996
4,2,311769.498042271,0.812,2.5906196,0.25483825383162495
4,2,311774.4982385457,0.812,2.591135,0.25596585446654424
4,2,311779.49843482045,0.812,2.5915742,0.25709345365021624
4,2,311784.49863109516,0.812,2.5918415,0.25822105536170137
4,2,311789.4988273699,0.812,2.5922422,0.25934865843203
4,2,311794.4990236446,0.812,2.5926049,0.2604762620656291
4,2,311799.4992199193,0.812,2.5929487,0.2616038659911652
4,2,311804.49941619404,0.812,2.5933685,0.26273146824256904
4,2,311809.49961246876,0.812,2.5938077,0.2638590688381459
4,2,311814.4998087435,0.812,2.5941894,0.26498666922941466
4,2,311819.5000050182,0.812,2.5943422,0.26611427017767225
4,2,311824.50020129286,0.812,2.5946858,0.26724187019319
4,2,311829.5003975676,0.812,2.5950677,0.2683694698355032
4,2,311834.5005938423,0.812,2.5952013,0.26949706589136185
4,2,311839.500790117,0.812,2.5956404,0.27062466219916936
4,2,311844.5009863912,0.812,2.5960793,0.27175226136283737
4,2,311849.50118266593,0.812,2.5964231,0.2728798591132958
4,2,311854.50137894065,0.812,2.596633,0.27400745870580273
4,2,311859.50157521537,0.812,2.5969958,0.27513505648659664
4,2,311864.5017714901,0.812,2.5970912,0.2762626536975834
4,2,311869.5019677647,0.812,2.597473,0.27739024968038334
4,2,311874.5021640393,0.812,2.597874,0.2785178480367561
4,2,311879.5023603139,0.812,2.5982747,0.2796454466322925
4,2,311884.5025565885,0.812,2.5984466,0.28077304743332
4,2,311889.50275286334,0.812,2.5986757,0.2819006464079055
4,2,311894.50294913794,0.812,2.5990384,0.283028246937755
4,2,311899.50314541254,0.812,2.5992484,0.2841558501560058
4,2,311904.50334168714,0.812,2.5995538,0.2852834513179229
4,2,311909.50353796175,0.812,2.599974,0.2864110508032805
4,2,311914.50373423635,0.812,2.6001074,0.2875386497895916
4,2,311919.50393051095,0.812,2.6003366,0.2886662537322839
4,2,311924.5041267858,0.812,2.6007373,0.28979385891944165
4,2,311929.5043230606,0.812,2.6008902,0.29092146453554757
4,2,311934.50451933546,0.812,2.6010811,0.2920490671113
4,2,311939.5047156103,0.812,2.6013484,0.29317666953281224
4,2,311944.50491188513,0.812,2.601692,0.29430427224842703
4,2,311949.50510815997,0.812,2.6019402,0.29543187780686214
4,2,311954.5053044348,0.812,2.602112,0.29655948364133633
4,2,311959.50550070964,0.812,2.6022265,0.297687089155866
4,2,311964.5056969845,0.812,2.6027992,0.29881469545573985
4,2,311969.5058932593,0.812,2.6026657,0.29994229840364384
4,2,311974.50608953414,0.812,2.6030092,0.3010699019000927
4,2,311979.506285809,0.812,2.6033337,0.3021975054947435
4,2,311984.5064820838,0.812,2.6037154,0.30332511013941954
4,2,311989.50667835865,0.812,2.6039064,0.30445271083848663
4,2,311994.5068746335,0.812,2.6042118,0.3055803104208177
4,2,311999.5070709083,0.812,2.60446,0.30670791177992013
4,2,312004.50726718316,0.812,2.6048036,0.3078355114037923
4,2,312009.507463458,0.812,2.6048992,0.3089631096696852
4,2,312014.50765973283,0.812,2.6052427,0.3100907106707095
4,2,312019.50785600767,0.812,2.60551,0.3112183122071159
4,2,312024.50805228204,0.812,2.60551,0.3123459152178034
4,2,312029.5082485564,0.812,2.6059682,0.313473519477758
4,2,312034.5084448308,0.812,2.6061208,0.31460112486163094
4,2,312039.50864110515,0.812,2.6062737,0.31572872789997175
4,2,312044.5088373795,0.812,2.606579,0.3168563309288917
4,2,312049.5090336539,0.812,2.60698,0.31798393443617207
4,2,312054.50922992826,0.812,2.60719,0.31911153723368363
4,2,312059.5094262026,0.812,2.6074953,0.32023913908958085
4,2,312064.509622477,0.812,2.6075528,0.3213667409330936
4,2,312069.50981875136,0.812,2.607839,0.32249433809504224
4,2,312074.51001502573,0.812,2.6081064,0.3236219355395103
4,2,312079.5102113001,0.812,2.6083927,0.32474953274977847
4,2,312084.5104075745,0.812,2.6083736,0.3258771356729399
4,2,312089.51060384884,0.812,2.6087744,0.3270047354066138
4,2,312094.5108001232,0.812,2.6090608,0.32813233707223977
4,2,312099.5109963976,0.812,2.609328,0.3292599415785105
4,2,312104.51119267195,0.812,2.609538,0.3303875427313345
4,2,312109.5113889463,0.812,2.609691,0.33151514222461953
4,2,312114.5115852207,0.812,2.6100917,0.332642741951015
4,2,312119.51178149506,0.812,2.6103399,0.33377034068788064
4,2,312124.51197776943,0.812,2.6103399,0.3348979417720799
4,2,312129.5121740438,0.812,2.6106644,0.33602554168747506
4,2,312134.5123703182,0.812,2.610779,0.3371531420397822
4,2,312139.51256659254,0.812,2.6111226,0.3382807429129677
4,2,312144.5127628669,0.812,2.6112943,0.3394083438406551
4,2,312149.5129591413,0.812,2.6116,0.340535943107108
4,2,312154.51315541565,0.812,2.6116762,0.34166354389796627
4,2,312159.51335169,0.812,2.6120007,0.342791143760002
4,2,312164.5135479644,0.812,2.6121535,0.34391874263243843
4,2,312169.51374423876,0.812,2.6123252,0.3450463433987363
4,2,312174.51394051313,0.812,2.6125543,0.3461739428049621
4,2,312179.5141367875,0.812,2.6128788,0.3473015441104966
4,2,312184.5143330619,0.812,2.6132226,0.34842914696038074
4,2,312189.51452933624,0.812,2.613318,0.34955674831238365
4,2,312194.5147256106,0.812,2.6135852,0.35068435133321063
4,2,312199.514921885,0.812,2.6135662,0.35181195146534483
4,2,312204.51511815935,0.812,2.6139479,0.3529395515240031
4,2,312209.5153144337,0.812,2.6139479,0.3540671528027916
4,2,312214.5155107081,0.812,2.6144252,0.3551947527531979
4,2,312219.51570698246,0.812,2.614406,0.35632235220352454
4,2,312224.51590325683,0.812,2.6147306,0.3574499509776497
4,2,312229.5160995312,0.812,2.6149216,0.35857755213138104
4,2,312234.5162958056,0.812,2.6150932,0.3597051547574266
4,2,312239.51649207994,0.812,2.615418,0.36083275643114887
4,2,312244.5166883543,0.812,2.6157043,0.36196035935335996
4,2,312249.5168846287,0.812,2.6156278,0.36308796184083464
4,2,312254.51708090305,0.812,2.6158187,0.36421556543410133
4,2,312259.5172771774,0.812,2.6161623,0.36534316773369885
4,2,312264.5174734518,0.812,2.6164486,0.3664707704581318
4,2,312269.51766972616,0.812,2.6165442,0.3675983698667418
4,2,312274.51786600053,0.812,2.6168115,0.3687259708192214
4,2,312279.5180622749,0.812,2.6170406,0.36985356645253614
4,2,312284.5182585493,0.812,2.6171932,0.3709811617878243
4,2,312289.51845482364,0.812,2.617556,0.3721087561785411
4,2,312294.518651098,0.812,2.6177087,0.37323635300208113
4,2,312299.5188473724,0.812,2.6178997,0.3743639521713387
4,2,312304.51904364675,0.812,2.618167,0.37549155449440064
4,2,312309.5192399211,0.812,2.6183195,0.37661915665836115
4,2,312314.5194361955,0.812,2.6187205,0.3777467600565087
4,2,312319.51963246986,0.812,2.6186633,0.37887436190191554
4,2,312324.51982874423,0.812,2.6187778,0.38000196183779816
4,2,312329.5200250186,0.812,2.6189687,0.3811295636962452
4,2,312334.520221293,0.812,2.6193504,0.3822571673906477
4,2,312339.52041756734,0.812,2.6194267,0.3833847730154294
4,2,312344.5206138417,0.812,2.619694,0.38451238026768947
4,2,312349.5208101161,0.812,2.619885,0.38563998899628704
4,2,312354.52100639045,0.812,2.6200187,0.3867675936738582
4,2,312359.5212026648,0.812,2.6203432,0.3878951997033654
4,2,312364.5213989392,0.812,2.620763,0.389022805064476
4,2,312369.52159521356,0.812,2.6209922,0.39015040864246736
4,2,312374.52179148793,0.812,2.6212213,0.3912780131854976
4,2,312379.5219877623,0.812,2.6212976,0.3924056166464651
4,2,312384.5221840367,0.812,2.6215649,0.3935332188119588
4,2,312389.52238031104,0.812,2.6216795,0.394660822213219
4,2,312394.5225765854,0.812,2.6219468,0.39578842609505493
4,2,312399.5227728598,0.812,2.6222522,0.3969160292314421
4,2,312404.52296913415,0.812,2.6225576,0.39804363578160246
4,2,312409.5231654085,0.812,2.6228058,0.3991712426453661
4,2,312414.5233616829,0.812,2.6230159,0.4002988518576951
4,2,312419.5235579577,0.812,2.6231875,0.40142646265303406
4,2,312424.52375423256,0.812,2.623226,0.40255407440572627
4,2,312429.5239505074,0.812,2.623684,0.403681688752502
4,2,312434.52414678223,0.812,2.6238368,0.40480930413493826
4,2,312439.52434305707,0.812,2.6241422,0.4059369202130568
4,2,312444.5245393319,0.812,2.6244857,0.4070645365937251
4,2,312449.52473560674,0.812,2.6245813,0.4081921508896283
4,2,312454.5249318816,0.812,2.624753,0.40931976275499315
4,2,312459.5251281564,0.812,2.6250584,0.41044737576633017
4,2,312464.52532443125,0.812,2.6254022,0.41157498606734794
4,2,312469.5255207061,0.812,2.6254213,0.4127025986865758
4,2,312474.5257169809,0.812,2.6256886,0.41383020920309743
4,2,312479.52591325575,0.812,2.6260512,0.41495782132608017
4,2,312484.5261095306,0.812,2.6262612,0.4160854293788902
4,2,312489.5263058054,0.812,2.6265285,0.4172130375469061
4,2,312494.52650208026,0.812,2.6268148,0.41834064249612546
4,2,312499.5266983551,0.812,2.627044,0.4194682451300984
4,2,312504.52689462993,0.812,2.6271584,0.4205958482391336
4,2,312509.52709090477,0.812,2.627731,0.42172345178588216
4,2,312514.5272871796,0.812,2.6278267,0.422851056690504
4,2,312519.5274834542,0.812,2.6279984,0.4239786634989843
4,2,312524.5276797288,0.812,2.6281893,0.42510626858979117
4,2,312529.5278760034,0.812,2.628552,0.42623387383070904
4,2,312534.528072278,0.812,2.628762,0.4273614780657522
4,2,312539.5282685526,0.812,2.6291056,0.4284890831634269
4,2,312544.5284648272,0.812,2.6293728,0.42961668731896074
4,2,312549.5286611018,0.812,2.6295066,0.4307442916066447
4,2,312554.5288573764,0.812,2.6296973,0.43187189654768166
4,2,312559.52905365103,0.812,2.6299074,0.432999504488233
4,2,312564.52924992563,0.812,2.6300983,0.4341271123388508
4,2,312569.52944620035,0.812,2.6303275,0.435254719304141
4,2,312574.52964247507,0.812,2.6307282,0.4363823237966828
4,2,312579.5298387498,0.812,2.6309764,0.4375099277185565
4,2,312584.53003502404,0.812,2.6309764,0.4386375322210258
4,2,312589.53023129876,0.812,2.6314347,0.43976513592863736
4,2,312594.5304275735,0.812,2.6316063,0.4408927378126382
4,2,312599.5306238482,0.812,2.631912,0.442020340296977
4,2,312604.5308201229,0.812,2.6322365,0.44314794067773877
4,2,312609.53101639764,0.812,2.63237,0.44427554111757206
4,2,312614.53121267236,0.812,2.6326945,0.44540313887884214
4,2,312619.531408947,0.812,2.632981,0.4465307416279216
4,2,312624.5316052218,0.812,2.6331909,0.4476583426800105
4,2,312629.53180149646,0.812,2.633611,0.4487859433386954
4,2,312634.5319977712,0.812,2.6337636,0.44991354180113796
4,2,312639.5321940459,0.812,2.6341074,0.45104114119289307
4,2,312644.53239032056,0.812,2.6343172,0.4521687410358289
4,2,312649.5325865953,0.812,2.634642,0.4532963400737675
4,2,312654.53278287,0.812,2.6349092,0.4544239384028745
4,2,312659.5329791447,0.812,2.6351,0.45555153583849456
4,2,312664.53317541943,0.812,2.6353862,0.4566791328900356
4,2,312669.53337169415,0.812,2.6355963,0.45780673408481465
4,2,312674.53356796876,0.812,2.6358445,0.45893433279911994
4,2,312679.53376424336,0.812,2.6363027,0.46006193277525886
4,2,312684.53396051796,0.812,2.6363027,0.46118953388441586
4,2,312689.53415679256,0.812,2.636551,0.4623171330253116
4,2,312694.53435306717,0.812,2.6369517,0.46344472854924185
4,2,312699.53454934177,0.812,2.6371808,0.4645723229075304
4,2,312704.5347456164,0.812,2.6373146,0.46569991681851924
4,2,312709.5349418912,0.812,2.6376772,0.4668275133826863
4,2,312714.5351381658,0.812,2.6378107,0.4679551086990798
4,2,312719.5353344404,0.812,2.638059,0.46908270616963155
4,2,312724.53553071525,0.812,2.6383452,0.4702103088206183
4,2,312729.5357269901,0.812,2.6387463,0.47133791314790957
4,2,312734.5359232649,0.812,2.6389563,0.47246551401707176
4,2,312739.53611953976,0.812,2.6391852,0.4735931157109503
4,2,312744.5363158146,0.812,2.6394908,0.4747207195577255
4,2,312749.5365120894,0.812,2.6398535,0.47584832378899034
4,2,312754.53670836426,0.812,2.6401017,0.4769759301297
4,2,312759.5369046391,0.812,2.640598,0.4781035363051889
4,2,312764.53710091393,0.812,2.6407697,0.4792311427197653
4,2,312769.53729718877,0.812,2.6409225,0.48035874969978115
4,2,312774.5374934636,0.812,2.6411898,0.48148635463314565
4,2,312779.53768973844,0.812,2.6415334,0.4826139625304737
4,2,312784.5378860133,0.812,2.6417625,0.4837415728680059
4,2,312789.5380822881,0.812,2.6420107,0.48486918163751874
4,2,312794.53827856295,0.812,2.6422207,0.48599679107985544
4,2,312799.5384748378,0.812,2.6427171,0.48712439617709963
4,2,312804.5386711126,0.812,2.642927,0.48825199954684556
4,2,312809.53886738745,0.812,2.6432514,0.4893796027430592
4,2,312814.5390636623,0.812,2.6436143,0.49050720553692495
4,2,312819.53925993666,0.812,2.6436143,0.491634810152557
4,2,312824.53945621103,0.812,2.6440725,0.4927624173826541
4,2,312829.5396524854,0.812,2.6445115,0.4938900221793948
4,2,312834.53984875977,0.812,2.6446834,0.49501762771750146
4,2,312839.54004503414,0.812,2.6451223,0.496145231281638
4,2,312844.5402413085,0.812,2.6453705,0.49727283621838014
4,2,312849.5404375829,0.812,2.6457143,0.4984004417667288
4,2,312854.54063385725,0.812,2.6460388,0.49952804718495064
4,2,312859.5408301316,0.812,2.6462488,0.5006556529994572
4,2,312864.541026406,0.812,2.6466305,0.501783257549799
4,2,312869.54122268036,0.812,2.6468978,0.5029108636629879
4,2,312874.54141895473,0.812,2.6472795,0.5040384711038436
4,2,312879.5416152291,0.812,2.6476042,0.5051660812574227
4,2,312884.54181150347,0.812,2.6479096,0.5062936889995567
4,2,312889.54200777784,0.812,2.6480622,0.5074212969735794
4,2,312894.5422040522,0.812,2.6486924,0.5085489060287012
4,2,312899.5424003266,0.812,2.648864,0.5096765165090561
4,2,312904.54259660095,0.812,2.649055,0.510804121541765
4,2,312909.5427928753,0.812,2.6494558,0.5119317255053885
4,2,312914.5429891497,0.812,2.6497614,0.5130593281322949
4,2,312919.54318542406,0.812,2.6499522,0.5141869301923513
4,2,312924.54338169843,0.812,2.6502385,0.5153145326693322
4,2,312929.5435779728,0.812,2.6506777,0.5164421359531018
4,2,312934.54377424717,0.812,2.6510785,0.5175697398901151
4,2,312939.54397052154,0.812,2.6513267,0.5186973454021249
4,2,312944.5441667959,0.812,2.6515558,0.5198249476114744
4,2,312949.5443630703,0.812,2.6516514,0.5209525496516924
4,2,312954.54455934465,0.812,2.652033,0.5220801537704899
4,2,312959.544755619,0.812,2.6525295,0.523207759671814
4,2,312964.5449518934,0.812,2.652892,0.5243353654421337
4,2,312969.54514816776,0.812,2.6530068,0.5254629680035612
4,2,312974.54534444213,0.812,2.653503,0.5265905685135293
4,2,312979.5455407165,0.812,2.6539612,0.5277181717330218
4,2,312984.54573699087,0.812,2.6544194,0.5288457739458814
4,2,312989.54593326524,0.812,2.6550303,0.5299733738770188
4,2,312994.5461295396,0.812,2.6548393,0.5311009705843066
4,2,312999.546325814,0.812,2.6552022,0.5322285643554596
4,2,313004.54652208835,0.812,2.6556792,0.5333561607962782
4,2,313009.5467183627,0.812,2.6561565,0.5344837587767841
4,2,313014.5469146371,0.812,2.6563666,0.5356113539357651
4,2,313019.54711091146,0.812,2.6569011,0.5367389473929076
4,2,313024.5473071858,0.812,2.657092,0.5378665415525075
4,2,313029.5475034602,0.812,2.6575692,0.5389941372081408
4,2,313034.54769973457,0.812,2.6578555,0.5401217332243988
4,2,313039.54789600894,0.812,2.6582565,0.5412493297188914
4,2,313044.5480922833,0.812,2.658772,0.5423769272160963
4,2,313049.5482885577,0.812,2.6591156,0.5435045305476721
4,2,313054.54848483205,0.812,2.6594973,0.5446321324868371
4,2,313059.5486811064,0.812,2.6598601,0.5457597344823516
4,2,313064.5488773808,0.812,2.6602037,0.5468873387702706
4,2,313069.54907365516,0.812,2.6603947,0.5480149466527372
4,2,313074.5492699295,0.812,2.6607955,0.5491425561465094
4,2,313079.5494662039,0.812,2.6613872,0.5502701656798127
4,2,313084.54966247827,0.812,2.6618645,0.5513977756461239
4,2,313089.54985875264,0.812,2.6622274,0.5525253866299361
4,2,313094.550055027,0.812,2.6625137,0.5536529950109327
4,2,313099.5502513014,0.812,2.6633155,0.5547806019891371
4,2,313104.55044757575,0.812,2.6635444,0.5559082107660774
4,2,313109.5506438501,0.812,2.6639264,0.5570358188769291
4,2,313114.5508401245,0.812,2.664461,0.5581634233800474
4,2,313119.55103639886,0.812,2.664709,0.5592910267446276
4,2,313124.5512326732,0.812,2.6649573,0.5604186289268404
4,2,313129.5514289476,0.812,2.6656635,0.5615462332916528
4,2,313134.55162522197,0.812,2.6660264,0.5626738375754028
4,2,313139.55182149634,0.812,2.666408,0.5638014459993014
4,2,313144.5520177707,0.812,2.6669998,0.5649290523753864
4,2,313149.5522140451,0.812,2.667248,0.56605666096738
4,2,313154.55241031945,0.812,2.6675153,0.5671842700036204
4,2,313159.5526065938,0.812,2.6678207,0.5683118758510818
4,2,313164.5528028682,0.812,2.6684124,0.5694394799843037
4,2,313169.55299914256,0.812,2.6686988,0.5705670816182299
4,2,313174.5531954169,0.812,2.6693861,0.5716946813305918
4,2,313179.5533916913,0.812,2.6694815,0.5728222809084426
4,2,313184.55358796567,0.812,2.6697872,0.5739498787714048
4,2,313189.55378424004,0.812,2.6702452,0.5750774801989433
4,2,313194.5539805144,0.812,2.6705697,0.5762050813330251
4,2,313199.5541767888,0.812,2.6712952,0.5773326823739844
4,2,313204.55437306315,0.812,2.6716197,0.5784602797252937
4,2,313209.5545693375,0.812,2.672135,0.5795878768145114
4,2,313214.55476561235,0.812,2.672746,0.580715474401322
4,2,313219.5549618872,0.812,2.673128,0.5818430703634325
4,2,313224.555158162,0.812,2.6736052,0.5829706681788236
4,2,313229.55535443686,0.812,2.6739297,0.5840982679295014
4,2,313234.5555507117,0.812,2.6745024,0.5852258682620529
4,2,313239.55574698653,0.812,2.6748269,0.5863534715229045
4,2,313244.55594326137,0.812,2.6752279,0.5874810780122549
4,2,313249.5561395362,0.812,2.6758196,0.588608683272743
4,2,313254.55633581104,0.812,2.676106,0.5897362876707054
4,2,313259.5565320859,0.812,2.6766787,0.5908638917945164
4,2,313264.5567283607,0.812,2.6770031,0.5919914972753264
4,2,313269.55692463554,0.812,2.677595,0.5931191021369369
4,2,313274.5571209104,0.812,2.677805,0.5942467081702852
4,2,313279.5573171852,0.812,2.678244,0.5953743114333058
4,2,313284.55751346005,0.812,2.6787596,0.5965019168265036
4,2,313289.5577097349,0.812,2.6792367,0.5976295192495953
4,2,313294.5579060097,0.812,2.6798096,0.5987571208910217
4,2,313299.55810228456,0.812,2.6803632,0.5998847251441748
4,2,313304.5582985594,0.812,2.6810884,0.6010123293352926
4,2,313309.55849483423,0.812,2.6812985,0.6021399342823562
4,2,313314.55869110883,0.812,2.681852,0.6032675372860203
4,2,313319.55888738297,0.812,2.6824439,0.6043951375355393
4,2,313324.5590836576,0.812,2.6828067,0.605522737218377
4,2,313329.5592799322,0.812,2.6833603,0.6066503362400171
4,2,313334.5594762068,0.812,2.6838565,0.6077779361395939
4,2,313339.5596724814,0.812,2.6844676,0.6089055380310519
4,2,313344.559868756,0.812,2.6851165,0.6100331426620155
4,2,313349.5600650306,0.812,2.685651,0.6111607498855891
4,2,313354.5602613052,0.812,2.6861284,0.6122883554857242
4,2,313359.5604575798,0.812,2.6869493,0.6134159624670481
4,2,313364.5606538545,0.812,2.687331,0.6145435695822737
4,2,313369.56085012923,0.812,2.6880755,0.6156711767668527
4,2,313374.56104640395,0.812,2.688591,0.6167987837710283
4,2,313379.56124267867,0.812,2.6890302,0.6179263921977846
4,2,313384.5614389534,0.812,2.6895263,0.6190540033864843
4,2,313389.5616352281,0.812,2.6901755,0.6201816169641515
4,2,313394.5618315028,0.812,2.690481,0.6213092299680545
4,2,313399.56202777755,0.812,2.69092,0.6224368425729309
4,2,313404.56222405226,0.812,2.691359,0.6235644546724857
4,2,313409.562420327,0.812,2.691531,0.6246920665364762
4,2,313414.5626166017,0.812,2.69218,0.6258196783383655
4,2,313419.5628128764,0.812,2.6928864,0.6269472898384565
4,2,313424.5630091511,0.812,2.6933253,0.6280749021475381
4,2,313429.5632054258,0.812,2.6939936,0.6292025131538675
4,2,313434.5634017005,0.812,2.6945853,0.630330127066387
4,2,313439.5635979752,0.812,2.6952536,0.631457740404937
4,2,313444.5637942499,0.812,2.6956544,0.6325853532675472
4,2,313449.56399052485,0.812,2.696208,0.6337129629144503
4,2,313454.5641867996,0.812,2.6965706,0.634840570263909
4,2,313459.5643830743,0.812,2.697468,0.6359681764987641
4,2,313464.564579349,0.812,2.697926,0.6370957873670094
4,2,313469.5647756236,0.812,2.6985753,0.6382234000224007
4,2,313474.5649718982,0.812,2.698976,0.6393510090161628
4,2,313479.5651681728,0.812,2.6997015,0.6404786163882911
4,2,313484.5653644474,0.812,2.7003505,0.6416062250222364
4,2,313489.565560722,0.812,2.7009616,0.6427338358538514
4,2,313494.5657569966,0.812,2.7014387,0.6438614463770885
4,2,313499.56595327123,0.812,2.7021642,0.6449890544797744
4,2,313504.56614954583,0.812,2.702966,0.6461166620154314
4,2,313509.5663458202,0.812,2.7034242,0.6472442688235872
4,2,313514.56654209504,0.812,2.7044358,0.6483718748486836
4,2,313519.5667383699,0.812,2.7049513,0.6494994832511445
4,2,313524.5669346447,0.812,2.7054858,0.6506270898500813
4,2,313529.56713091955,0.812,2.7064214,0.6517546992016235
4,2,313534.5673271944,0.812,2.7070513,0.6528823068056007
4,2,313539.5675234692,0.812,2.7077005,0.6540099158985747
4,2,313544.56771974405,0.812,2.708674,0.655137524485598
4,2,313549.5679160189,0.812,2.709094,0.6562651294822064
4,2,313554.5681122937,0.812,2.709762,0.6573927353941401
4,2,313559.56830856856,0.812,2.7104685,0.6585203427332309
4,2,313564.5685048434,0.812,2.7111557,0.6596479480607345
4,2,313569.56870111823,0.812,2.7119384,0.660775555201961
4,2,313574.56889739307,0.812,2.7125876,0.6619031596572896
4,2,313579.5690936679,0.812,2.7134657,0.6630307622418867
4,2,313584.56928994274,0.812,2.7140193,0.6641583653913405
4,2,313589.5694862171,0.812,2.7146873,0.6652859698257778
4,2,313594.56968249194,0.812,2.7154891,0.666413574270083
4,2,313599.5698787668,0.812,2.716291,0.667541177286582
4,2,313604.5700750416,0.812,2.7168636,0.668668777074579
4,2,313609.57027131645,0.812,2.717742,0.6697963780015478
4,2,313614.5704675913,0.812,2.7187345,0.6709239774118102
4,2,313619.57066386566,0.812,2.7194028,0.6720515755511989
4,2,313624.57086014,0.812,2.7202046,0.6731791748660111
4,2,313629.5710564144,0.812,2.7208726,0.6743067740204536
4,2,313634.57125268877,0.812,2.7219608,0.6754343731126722
4,2,313639.57144896314,0.812,2.7227054,0.6765619695019626
4,2,313644.5716452375,0.812,2.7237935,0.6776895622732775
4,2,313649.5718415119,0.812,2.7247672,0.678817154138966
4,2,313654.57203778625,0.812,2.7256072,0.6799447525089651
4,2,313659.5722340606,0.812,2.7266572,0.6810723514087302
4,2,313664.572430335,0.812,2.727249,0.6821999505657523
4,2,313669.57262660936,0.812,2.7280507,0.683327549543348
4,2,313674.5728228837,0.812,2.7290623,0.6844551475161881
4,2,313679.5730191581,0.812,2.7297688,0.6855827463283112
4,2,313684.57321543247,0.812,2.730857,0.686710347117315
4,2,313689.57341170684,0.812,2.731716,0.6878379507294101
4,2,313694.5736079812,0.812,2.7325177,0.6889655531540946
4,2,313699.5738042556,0.812,2.7334533,0.6900931552794909
4,2,313704.57400052994,0.812,2.7343504,0.6912207562056815
4,2,313709.5741968043,0.812,2.7355149,0.6923483584807583
4,2,313714.5743930787,0.812,2.7362785,0.6934759585024881
4,2,313719.57458935305,0.812,2.737443,0.6946035571585861
4,2,313724.5747856274,0.812,2.7381876,0.6957311564987899
4,2,313729.5749819018,0.812,2.739123,0.6968587553456924
4,2,313734.57517817616,0.812,2.7400393,0.697986352980147
4,2,313739.57537445053,0.812,2.740994,0.6991139471216469
4,2,313744.5755707249,0.812,2.7417002,0.700241542928772
4,2,313749.5757669993,0.812,2.7426739,0.7013691393364703
4,2,313754.57596327364,0.812,2.7436473,0.7024967349478306
4,2,313759.576159548,0.812,2.7446783,0.7036243299181065
4,2,313764.5763558224,0.812,2.7457092,0.7047519277005263
4,2,313769.57655209675,0.812,2.7465682,0.7058795250348086
4,2,313774.5767483711,0.812,2.7474844,0.7070071209855014
4,2,313779.5769446455,0.812,2.7485726,0.7081347162835301
4,2,313784.57714091986,0.812,2.7495463,0.7092623141244518
4,2,313789.57733719423,0.812,2.7504818,0.7103899115266569
4,2,313794.5775334686,0.812,2.751818,0.7115175068226391
4,2,313799.577729743,0.812,2.753078,0.7126451039085191
4,2,313804.57792601734,0.812,2.7539752,0.7137726993297737
4,2,313809.5781222917,0.812,2.7549489,0.7149002928486335
4,2,313814.5783185661,0.812,2.754128,0.7160278890835644
4,2,313819.57851484045,0.812,2.7542424,0.7171554817479585
4,2,313824.5787111148,0.812,2.7519135,0.7182830734535722
4,2,313829.5789073892,0.812,2.750138,0.7194106665602825
4,2,313834.57910366356,0.812,2.7487826,0.7205382595394885
4,2,313839.57929993793,0.812,2.74821,0.7216658511664273
4,2,313844.5794962123,0.812,2.7477326,0.7227934416218402
4,2,313849.5796924867,0.812,2.7470074,0.7239210328435404
4,2,313854.57988876104,0.812,2.746683,0.7250486261396146
4,2,313859.5800850354,0.812,2.7468545,0.7261762171155847
4,2,313864.5802813098,0.812,2.7472746,0.7273038088110556
4,2,313869.58047758415,0.812,2.7476754,0.7284313981034031
4,2,313874.5806738585,0.812,2.74842,0.729558989973966
4,2,313879.5808701329,0.812,2.7493553,0.73068658196296
4,2,313884.58106640726,0.812,2.750501,0.7318141755684585
4,2,313889.58126268163,0.812,2.7522953,0.7329417704369562
4,2,313894.581458956,0.812,2.7528298,0.7340693659904404
4,2,313899.5816552304,0.812,2.7536316,0.7351969608684814
4,2,313904.58185150474,0.812,2.7542043,0.7363245556277669
4,2,313909.5820477791,0.812,2.7545671,0.7374521491666174
4,2,313914.5822440535,0.812,2.7552924,0.7385797448231846
4,2,313919.58244032785,0.812,2.7561898,0.7397073405830764
4,2,313924.5826366022,0.812,2.7571824,0.7408349388486316
4,2,313929.5828328766,0.812,2.758118,0.7419625377676954
4,2,313934.58302915096,0.812,2.7589579,0.7430901344848444
4,2,313939.58322542533,0.812,2.7603896,0.7442177286960288
4,2,313944.5834216997,0.812,2.761554,0.7453453202928043
4,2,313949.5836179741,0.812,2.7628522,0.7464729139318801
4,2,313954.58381424844,0.812,2.7640169,0.7476005074808866
4,2,313959.5840105228,0.812,2.7647421,0.7487281023682393
4,2,313964.5842067972,0.812,2.7658684,0.7498556988361813
4,2,313969.58440307155,0.812,2.7669375,0.7509832949765627
4,2,313974.5845993459,0.812,2.7679684,0.752110890382701
4,2,313979.5847956203,0.812,2.7692094,0.7532384880334408
4,2,313984.58499189466,0.812,2.7707555,0.7543660819726193
4,2,313989.58518816903,0.812,2.7722065,0.7554936780376604
4,2,313994.5853844434,0.812,2.773199,0.7566212725287879
4,2,313999.5855807178,0.812,2.7747264,0.7577488712874125
4,2,314004.58577699214,0.812,2.7762537,0.7588764732253125
4,2,314009.585973267,0.812,2.7773037,0.7600040730579631
4,2,314014.5861695418,0.812,2.779117,0.7611316709557974
4,2,314019.58636581665,0.812,2.7802818,0.7622592721067438
4,2,314024.5865620915,0.812,2.7814462,0.7633868707102275
4,2,314029.5867583663,0.812,2.783107,0.7645144711072249
4,2,314034.58695464116,0.812,2.7849016,0.7656420694871051
4,2,314039.587150916,0.812,2.7862952,0.7667696713685065
4,2,314044.5873471908,0.812,2.7876506,0.7678972711903025
4,2,314049.58754346566,0.812,2.7889297,0.7690248668065107
4,2,314054.5877397405,0.812,2.7903042,0.7701524616588887
4,2,314059.58793601487,0.812,2.7920222,0.7712800551567677
4,2,314064.5881322897,0.812,2.793473,0.7724076492987145
4,2,314069.58832856454,0.812,2.794905,0.773535246029364
4,2,314074.5885248394,0.812,2.796451,0.7746628443205524
4,2,314079.5887211142,0.812,2.7980928,0.7757904440713991
4,2,314084.58891738905,0.812,2.7991428,0.7769180430570976
4,2,314089.5891136639,0.812,2.800422,0.7780456434610223
4,2,314094.5893099387,0.812,2.802369,0.7791732433233595
4,2,314099.58950621355,0.812,2.80361,0.7803008423900342
4,2,314104.5897024884,0.812,2.8055,0.7814284424037637
4,2,314109.589898763,0.812,2.8070846,0.7825560431735419
4,2,314114.5900950376,0.812,2.8081918,0.7836836464677787
4,2,314119.5902913122,0.812,2.8098907,0.7848112499961954
4,2,314124.5904875868,0.812,2.8113034,0.7859388505865039
4,2,314129.5906838614,0.812,2.812716,0.7870664506972433
4,2,314134.590880136,0.812,2.8143387,0.7881940519122019
4,2,314139.5910764106,0.812,2.8162286,0.7893216500862905
4,2,314144.5912726852,0.812,2.8178704,0.7904492498947715
4,2,314149.5914689598,0.812,2.819684,0.7915768478371106
4,2,314154.5916652344,0.812,2.821574,0.7927044442122515
4,2,314159.59186150914,0.812,2.8235211,0.7938320419833166
4,2,314164.59205778386,0.812,2.8252776,0.7949596413041389
4,2,314169.5922540586,0.812,2.8275683,0.7960872405341403
4,2,314174.5924503333,0.812,2.8293629,0.7972148407249884
4,2,314179.592646608,0.812,2.8312337,0.7983424395909875
4,2,314184.59284288296,0.812,2.8332763,0.7994700367803642
4,2,314189.5930391577,0.812,2.8353572,0.8005976388540766
4,2,314194.5932354324,0.812,2.837209,0.8017252390671044
4,2,314199.5934317071,0.812,2.839118,0.8028528362712366
4,2,314204.59362798184,0.812,2.8411798,0.8039804348350302
4,2,314209.59382425656,0.812,2.8431842,0.8051080322327517
4,2,314214.5940205313,0.812,2.8451505,0.8062356290287577
4,2,314219.594216806,0.812,2.847136,0.8073632251078224
4,2,314224.59441308066,0.812,2.8495605,0.8084908202611939
4,2,314229.5946093554,0.812,2.8508012,0.8096184189076393
4,2,314234.59480563004,0.812,2.8525386,0.8107460223627821
4,2,314239.59500190476,0.812,2.8541038,0.8118736243534653
4,2,314244.5951981795,0.812,2.8551729,0.8130012261547979
4,2,314249.5953944541,0.812,2.8557456,0.8141288268226884
4,2,314254.5955907288,0.812,2.8565474,0.8152564256711903
4,2,314259.5957870034,0.812,2.8578455,0.8163840226911773
4,2,314264.595983278,0.812,2.8596973,0.8175116210851374
4,2,314269.5961795526,0.812,2.861091,0.8186392226719528
4,2,314274.5963758272,0.812,2.8630953,0.8197668250096807
4,2,314279.5965721018,0.812,2.8647563,0.8208944303595062
4,2,314284.5967683764,0.812,2.8669136,0.8220220359070668
4,2,314289.596964651,0.812,2.8688416,0.8231496398983534
4,2,314294.5971609256,0.812,2.8707316,0.8242772455735872
4,2,314299.5973572002,0.812,2.8726215,0.8254048494862983
4,2,314304.5975534748,0.812,2.8750842,0.8265324523928168
4,2,314309.59774974966,0.812,2.8766112,0.8276600550866792
4,2,314314.5979460245,0.812,2.8789976,0.8287876606520086
4,2,314319.59814229934,0.812,2.8814983,0.829915265017513
4,2,314324.5983385742,0.812,2.8839803,0.8310428682450688
4,2,314329.59853484854,0.812,2.8863473,0.8321704720981885
4,2,314334.5987311234,0.812,2.8886955,0.8332980762286122
4,2,314339.5989273982,0.812,2.8910627,0.8344256816405788
4,2,314344.59912367305,0.812,2.8936207,0.835553286787891
4,2,314349.5993199479,0.812,2.8959117,0.8366808891035321
4,2,314354.5995162227,0.812,2.8979924,0.8378084960314865
4,2,314359.59971249755,0.812,2.9000924,0.8389361043261623
4,2,314364.5999087724,0.812,2.9025168,0.840063710939434
4,2,314369.6001050472,0.812,2.904846,0.8411913192231193
4,2,314374.60030132206,0.812,2.907213,0.8423189251006512
4,2,314379.6004975969,0.812,2.9090838,0.843446532116602
4,2,314384.60069387173,0.812,2.9090838,0.8445741397304437
4,2,314389.60089014657,0.812,2.907614,0.8457017452902134
4,2,314394.6010864214,0.812,2.9077666,0.8468293535278442
4,2,314399.60128269624,0.812,2.9098284,0.8479569635817577
4,2,314404.6014789711,0.812,2.911451,0.8490845720452602
4,2,314409.6016752459,0.812,2.9128065,0.8502121809216938
4,2,314414.6018715203,0.812,2.914582,0.8513397883269291
4,2,314419.60206779465,0.812,2.9162047,0.8524673954567049
4,2,314424.602264069,0.812,2.9182663,0.8535950016983186
4,2,314429.6024603434,0.812,2.9203281,0.8547226060918074
4,2,314434.60265661776,0.812,2.9226763,0.8558502130614586
4,2,314439.60285289213,0.812,2.9246044,0.8569778210453094
4,2,314444.6030491665,0.812,2.9267616,0.8581054259530704
4,2,314449.60324544087,0.812,2.928747,0.8592330270472832
4,2,314454.60344171524,0.812,2.9310951,0.8603606288364365
4,2,314459.6036379896,0.812,2.9331949,0.8614882305298548
4,2,314464.603834264,0.812,2.9354668,0.862615832183179
4,2,314469.60403053835,0.812,2.9379866,0.8637434314692882
4,2,314474.6042268127,0.812,2.9402392,0.8648710333809655
4,2,314479.6044230871,0.812,2.9430838,0.865998637916118
4,2,314484.60461936146,0.812,2.9453936,0.8671262399283648
4,2,314489.60481563583,0.812,2.9481044,0.8682538459399939
4,2,314494.6050119102,0.812,2.9506054,0.8693814497163262
4,2,314499.60520818457,0.812,2.9531443,0.870509050335202
4,2,314504.60540445894,0.812,2.9557407,0.8716366510097551
4,2,314509.6056007333,0.812,2.9581842,0.8727642522257931
4,2,314514.6057970077,0.812,2.9611242,0.8738918528137506
4,2,314519.60599328205,0.812,2.9635293,0.8750194541758134
4,2,314524.6061895564,0.812,2.9662786,0.8761470564419992
4,2,314529.6063858308,0.812,2.9689128,0.8772746584339374
4,2,314534.60658210516,0.812,2.9714901,0.8784022608218988
4,2,314539.60677837953,0.812,2.974201,0.879529864587956
4,2,314544.6069746539,0.812,2.9768164,0.8806574697277745
4,2,314549.60717092827,0.812,2.9792216,0.8817850762644212
4,2,314554.60736720264,0.812,2.982009,0.882912680244704
4,2,314559.607563477,0.812,2.9846241,0.8840402831940087
4,2,314564.6077597514,0.812,2.9872396,0.8851678865666356
4,2,314569.60795602575,0.812,2.9890723,0.8862954896725052
4,2,314574.6081523001,0.812,2.9918594,0.8874230921657582
4,2,314579.6083485745,0.812,2.994303,0.8885506913390557
4,2,314584.60854484886,0.812,2.9969757,0.8896782920425336
4,2,314589.60874112323,0.812,2.9994764,0.8908058898573021
4,2,314590.68134031864,0.812,2.9999537,0.8910477738136616
4,2,314590.68154031876,0.812,3.000011,0.8910478189129929
5,1,314590.6823403188,-0.812,2.8967316,-8.922035495440165e-08
5,1,314595.6825365941,-0.812,2.5726557,-0.0011280258998142348
5,1,314600.68273286894,-0.812,2.4334874,-0.0022559616405169168
5,1,314605.6829291438,-0.812,2.3372912,-0.0033838977854020063
5,1,314610.6831254186,-0.812,2.2636409,-0.004511834705405764
5,1,314615.68332169345,-0.812,2.2063892,-0.005639772299177116
5,1,314620.6835179683,-0.812,2.1634932,-0.006767708094494209
5,1,314625.6837142429,-0.812,2.1331587,-0.007895642339766024
5,1,314630.6839105175,-0.812,2.110594,-0.009023576863398153
5,1,314635.6841067921,-0.812,2.0938137,-0.010151510520534382
5,1,314640.6843030667,-0.812,2.0781214,-0.011279444684843222
5,1,314645.6844993413,-0.812,2.062162,-0.01240737837472889
5,1,314650.6846956159,-0.812,2.0478823,-0.013535311919195783
5,1,314655.6848918905,-0.812,2.0318465,-0.014663244624651139
5,1,314660.6850881651,-0.812,2.0149708,-0.015791175745384557
5,1,314665.68528443924,-0.812,1.9975795,-0.01691910818812913
5,1,314670.68548071384,-0.812,1.9794055,-0.01804704563940233
5,1,314675.68567698856,-0.812,1.9607161,-0.019174983664648395
5,1,314680.6858732633,-0.812,1.9412249,-0.02030291987666818
5,1,314685.686069538,-0.812,1.921371,-0.021430859676387568
5,1,314690.6862658127,-0.812,1.9004862,-0.022558799265215788
5,1,314695.68646208744,-0.812,1.8796968,-0.023686738641543515
5,1,314700.68665836216,-0.812,1.8605111,-0.024814675920751355
5,1,314705.6868546369,-0.812,1.8413635,-0.025942611019472275
5,1,314710.6870509116,-0.812,1.8210896,-0.027070547821243598
5,1,314715.6872471863,-0.812,1.8010257,-0.028198485254887072
5,1,314720.68744346104,-0.812,1.7794538,-0.02932642133211427
5,1,314725.68763973576,-0.812,1.7583971,-0.030454358047495283
5,1,314730.6878360105,-0.812,1.7380278,-0.03158229478429754
5,1,314735.68803228514,-0.812,1.7196056,-0.03271023144136534
5,1,314740.68822855985,-0.812,1.7014126,-0.03383816632331741
5,1,314745.6884248346,-0.812,1.6847467,-0.03496610177265272
5,1,314750.68862110924,-0.812,1.6726817,-0.03609403604698511
5,1,314755.68881738395,-0.812,1.6599294,-0.03722197211162579
5,1,314760.6890136587,-0.812,1.6479597,-0.038349910963250515
5,1,314765.6892099334,-0.812,1.6376319,-0.03947784604691464
5,1,314770.6894062081,-0.812,1.6287358,-0.04060577753885586
5,1,314775.68960248283,-0.812,1.6209661,-0.04173370849337179
5,1,314780.68979875743,-0.812,1.6148381,-0.04286164004108971
5,1,314785.68999503204,-0.812,1.6094356,-0.04398957259445719
5,1,314790.6901913069,-0.812,1.6051593,-0.04511750484059584
5,1,314795.6903875815,-0.812,1.6011695,-0.046245435649938035
5,1,314800.6905838561,-0.812,1.5982295,-0.04737336379580032
5,1,314805.6907801307,-0.812,1.5957669,-0.048501290665556966
5,1,314810.6909764053,-0.812,1.5936669,-0.049629216552658194
5,1,314815.6911726799,-0.812,1.5919297,-0.05075714140967526
5,1,314820.6913689545,-0.812,1.5906888,-0.051885067560354846
5,1,314825.6915652291,-0.812,1.5895244,-0.05301299348594411
5,1,314830.6917615039,-0.812,1.5885125,-0.05414091695859694
5,1,314835.69195777876,-0.812,1.5878444,-0.05526884274368151
5,1,314840.6921540536,-0.812,1.5872335,-0.056396769245896046
5,1,314845.69235032843,-0.812,1.5867372,-0.05752469344307645
5,1,314850.69254660327,-0.812,1.5864317,-0.05865261960996188
5,1,314855.6927428781,-0.812,1.5861454,-0.0597805429640677
5,1,314860.69293915294,-0.812,1.5859544,-0.06090846781064071
5,1,314865.6931354278,-0.812,1.5860118,-0.06203639487714897
5,1,314870.6933317026,-0.812,1.5855535,-0.06316432227469812
5,1,314875.69352797745,-0.812,1.585649,-0.0642922523745563
5,1,314880.6937242523,-0.812,1.5857253,-0.06542018393233084
5,1,314885.6939205271,-0.812,1.5855154,-0.06654811552041104
5,1,314890.69411680195,-0.812,1.585458,-0.0676760449388656
5,1,314895.6943130768,-0.812,1.5855726,-0.06880397350819571
5,1,314900.6945093516,-0.812,1.5856299,-0.06993190359441435
5,1,314905.69470562646,-0.812,1.5855726,-0.07105983086841633
5,1,314910.6949019013,-0.812,1.5857062,-0.07218776004756487
5,1,314915.69509817613,-0.812,1.5858399,-0.0733156888498763
5,1,314920.69529445097,-0.812,1.5858781,-0.0744436199093825
5,1,314925.69549072534,-0.812,1.5857636,-0.07557155091975461
5,1,314930.6956869997,-0.812,1.5860881,-0.07669948187584676
5,1,314935.6958832741,-0.812,1.5861835,-0.07782741207002929
5,1,314940.69607954845,-0.812,1.586279,-0.07895534179109995
5,1,314945.6962758228,-0.812,1.586489,-0.08008327378805476
5,1,314950.6964720972,-0.812,1.5866035,-0.08121120526399875
5,1,314955.69666837156,-0.812,1.5865271,-0.08233913466330367
5,1,314960.6968646459,-0.812,1.5868899,-0.0834670632929603
5,1,314965.6970609203,-0.812,1.5869853,-0.08459499453135992
5,1,314970.69725719467,-0.812,1.5870999,-0.08572292775773006
5,1,314975.69745346904,-0.812,1.5872144,-0.08685085955230061
5,1,314980.6976497434,-0.812,1.5872526,-0.08797879331556953
5,1,314985.6978460178,-0.812,1.5874816,-0.08910672927160393
5,1,314990.69804229215,-0.812,1.5875962,-0.09023466422522727
5,1,314995.6982385665,-0.812,1.5878062,-0.09136259528551496
5,1,315000.6984348409,-0.812,1.5880162,-0.09249052819483476
5,1,315005.69863111526,-0.812,1.5880162,-0.09361846160622767
5,1,315010.6988273896,-0.812,1.5881116,-0.09474639317821461
5,1,315015.699023664,-0.812,1.5882643,-0.09587432450126937
5,1,315020.69921993837,-0.812,1.588417,-0.09700225376926526
5,1,315025.69941621274,-0.812,1.5883789,-0.09813018258145449
5,1,315030.6996124871,-0.812,1.5884744,-0.09925811332336397
5,1,315035.6998087615,-0.812,1.5888562,-0.1003860440937446
5,1,315040.70000503585,-0.812,1.5889134,-0.10151397614983053
5,1,315045.7002013102,-0.812,1.5888562,-0.10264190828815763
5,1,315050.7003975846,-0.812,1.5890661,-0.10376983956661487
5,1,315055.70059385896,-0.812,1.5891616,-0.10489777354165578
5,1,315060.7007901333,-0.812,1.5893143,-0.10602570427537293
5,1,315065.7009864077,-0.812,1.5894098,-0.10715363576683068
5,1,315070.70118268207,-0.812,1.5895625,-0.10828156822940704
5,1,315075.70137895644,-0.812,1.5896771,-0.10940949943739173
5,1,315080.7015752308,-0.812,1.5897343,-0.11053743095956574
5,1,315085.7017715052,-0.812,1.5897915,-0.11166536221846272
5,1,315090.70196777955,-0.812,1.5897534,-0.11279329579429491
5,1,315095.7021640539,-0.812,1.589887,-0.11392122834420863
5,1,315100.7023603283,-0.812,1.5900397,-0.11504916170942449
5,1,315105.70255660266,-0.812,1.5900397,-0.11617709434011575
5,1,315110.702752877,-0.812,1.5899825,-0.11730502612712644
5,1,315115.7029491514,-0.812,1.5899444,-0.11843295689790112
5,1,315120.70314542577,-0.812,1.5902879,-0.1195608844995432
5,1,315125.70334170014,-0.812,1.5901352,-0.12068881231052342
5,1,315130.7035379745,-0.812,1.5901352,-0.12181674126924073
5,1,315135.7037342489,-0.812,1.5903261,-0.12294467379660404
5,1,315140.70393052325,-0.812,1.590307,-0.1240726057584186
5,1,315145.7041267976,-0.812,1.5902689,-0.12520053325970962
5,1,315150.704323072,-0.812,1.5904025,-0.12632845881754817
5,1,315155.70451934636,-0.812,1.5904789,-0.12745638505978713
5,1,315160.7047156207,-0.812,1.5904025,-0.12858431326049563
5,1,315165.7049118951,-0.812,1.590727,-0.129712242195232
5,1,315170.70510816947,-0.812,1.5906507,-0.1308401734013259
5,1,315175.70530444384,-0.812,1.5908415,-0.13196810330399866
5,1,315180.7055007182,-0.812,1.5908034,-0.13309603561102346
5,1,315185.7056969926,-0.812,1.5908034,-0.13422396789425606
5,1,315190.70589326695,-0.812,1.5909752,-0.13535190196051858
5,1,315195.7060895413,-0.812,1.5908034,-0.13647983756074636
5,1,315200.7062858157,-0.812,1.590918,-0.13760777290220058
5,1,315205.70648209006,-0.812,1.5908034,-0.13873570505586594
5,1,315210.7066783644,-0.812,1.5908989,-0.1398636405677464
5,1,315215.7068746388,-0.812,1.5908415,-0.1409915701851182
5,1,315220.70707091317,-0.812,1.5908606,-0.1421194981125924
5,1,315225.70726718754,-0.812,1.5907079,-0.14324742882830563
5,1,315230.7074634619,-0.812,1.5908034,-0.1443753588908248
5,1,315235.7076597363,-0.812,1.5908225,-0.1455032895559304
5,1,315240.70785601065,-0.812,1.5907462,-0.14663122056431568
5,1,315245.708052285,-0.812,1.590918,-0.1477591527238521
5,1,315250.7082485594,-0.812,1.5907652,-0.14888708453969157
5,1,315255.70844483376,-0.812,1.5906698,-0.15001501846265788
5,1,315260.7086411081,-0.812,1.5908415,-0.1511429524800479
5,1,315265.7088373825,-0.812,1.5907079,-0.15227088631613714
5,1,315270.70903365687,-0.812,1.5906316,-0.1533988200408783
5,1,315275.70922993124,-0.812,1.5905933,-0.15452675260229903
5,1,315280.7094262056,-0.812,1.5906698,-0.15565468435088128
5,1,315285.70962248,-0.812,1.5906125,-0.15678261717790362
5,1,315290.70981875435,-0.812,1.5906698,-0.15791054978399804
5,1,315295.7100150287,-0.812,1.5906888,-0.1590384884236521
5,1,315300.7102113031,-0.812,1.5906888,-0.16016642600557868
5,1,315305.71040757746,-0.812,1.590517,-0.1612943600625793
5,1,315310.7106038518,-0.812,1.5905933,-0.16242229636149272
5,1,315315.7108001262,-0.812,1.5903834,-0.16355023253554765
5,1,315320.71099640103,-0.812,1.590307,-0.16467816723136106
5,1,315325.71119267587,-0.812,1.5902689,-0.16580610136408275
5,1,315330.7113889507,-0.812,1.5902879,-0.16693403506554497
5,1,315335.71158522554,-0.812,1.5902498,-0.1680619727845821
5,1,315340.7117815004,-0.812,1.5902116,-0.16918991095615094
5,1,315345.7119777752,-0.812,1.590307,-0.17031784778593312
5,1,315350.71217405004,-0.812,1.590307,-0.17144578285890483
5,1,315355.7123703249,-0.812,1.5899825,-0.17257372010605862
5,1,315360.7125665997,-0.812,1.5900397,-0.1737016600219905
5,1,315365.71276287455,-0.812,1.5896962,-0.17482959842349752
5,1,315370.7129591494,-0.812,1.5899252,-0.17595753479098278
5,1,315375.7131554242,-0.812,1.5897915,-0.17708547239841022
5,1,315380.71335169906,-0.812,1.5897534,-0.1782134109646181
5,1,315385.7135479739,-0.812,1.5897534,-0.17934134828952614
5,1,315390.71374424873,-0.812,1.5895435,-0.18046928650322552
5,1,315395.71394052356,-0.812,1.5896007,-0.18159722648323903
5,1,315400.71413679793,-0.812,1.5894861,-0.18272516732465224
5,1,315405.71433307277,-0.812,1.5893908,-0.18385310649333064
5,1,315410.7145293476,-0.812,1.5893143,-0.18498104817933506
5,1,315415.71472562244,-0.812,1.5892762,-0.18610898907730644
5,1,315420.71492189704,-0.812,1.5892379,-0.18723693005335992
5,1,315425.71511817165,-0.812,1.5891616,-0.18836486910303102
5,1,315430.71531444625,-0.812,1.5891043,-0.18949280735121501
5,1,315435.71551072085,-0.812,1.588837,-0.19062074420209393
5,1,315440.71570699546,-0.812,1.5887989,-0.19174868084221083
5,1,315445.71590327006,-0.812,1.5887417,-0.19287661874488327
5,1,315450.71609954466,-0.812,1.5887034,-0.19400455430863964
5,1,315455.71629581926,-0.812,1.5886652,-0.19513248815091452
5,1,315460.71649209387,-0.812,1.5886652,-0.19626042129142418
5,1,315465.71668836847,-0.812,1.588398,-0.1973883557854891
5,1,315470.7168846432,-0.812,1.5883789,-0.19851629266320006
5,1,315475.7170809179,-0.812,1.5884935,-0.19964422936746812
5,1,315480.7172771926,-0.812,1.5883789,-0.2007721660086281
5,1,315485.71747346735,-0.812,1.5882834,-0.20190010231957173
5,1,315490.71766974207,-0.812,1.5879971,-0.2030280364031858
5,1,315495.7178660168,-0.812,1.5879399,-0.20415597250041698
5,1,315500.7180622915,-0.812,1.5880926,-0.20528391054480274
5,1,315505.7182585662,-0.812,1.5879208,-0.20641185211752852
5,1,315510.71845484094,-0.812,1.5877298,-0.2075397932981352
5,1,315515.71865111566,-0.812,1.5876344,-0.20866773207694625
5,1,315520.7188473904,-0.812,1.587558,-0.20979567075247235
5,1,315525.71904366533,-0.812,1.5875199,-0.21092361142936017
5,1,315530.71923994,-0.812,1.587138,-0.21205155021377736
5,1,315535.7194362147,-0.812,1.5872335,-0.21317948490554095
5,1,315540.71963248943,-0.812,1.5871762,-0.21430741947922444
5,1,315545.7198287641,-0.812,1.5869663,-0.21543535428316396
5,1,315550.7200250388,-0.812,1.5869471,-0.21656328635190594
5,1,315555.72022131353,-0.812,1.5867944,-0.21769122035220598
5,1,315560.72041758825,-0.812,1.5865463,-0.21881915241613653
5,1,315565.72061386297,-0.812,1.5863935,-0.21994708335887062
5,1,315570.7208101377,-0.812,1.5863553,-0.22107501544341115
5,1,315575.7210064123,-0.812,1.5862408,-0.22220294917595387
5,1,315580.7212026869,-0.812,1.5863553,-0.223330883128398
5,1,315585.7213989615,-0.812,1.5860881,-0.22445881862843037
5,1,315590.72159523587,-0.812,1.5859544,-0.2255867509798176
5,1,315595.72179151047,-0.812,1.5857826,-0.22671468247453705
5,1,315600.7219877851,-0.812,1.5856872,-0.22784261355588503
5,1,315605.7221840597,-0.812,1.5857445,-0.22897054609013598
5,1,315610.7223803343,-0.812,1.5853817,-0.23009848093101384
5,1,315615.7225766089,-0.812,1.5853436,-0.2312264157791966
5,1,315620.7227728837,-0.812,1.585229,-0.23235435042201813
5,1,315625.72296915855,-0.812,1.5849044,-0.2334822857359085
5,1,315630.7231654334,-0.812,1.5849618,-0.234610218518585
5,1,315635.7233617082,-0.812,1.5848281,-0.2357381509317491
5,1,315640.72355798306,-0.812,1.5845418,-0.2368660825732152
5,1,315645.7237542579,-0.812,1.5843127,-0.2379940140731368
5,1,315650.72395053273,-0.812,1.584179,-0.23912194552512966
5,1,315655.72414680757,-0.812,1.5842745,-0.2402498755952385
5,1,315660.7243430824,-0.812,1.5840645,-0.24137780737182168
5,1,315665.72453935724,-0.812,1.5838354,-0.24250574153665702
5,1,315670.7247356316,-0.812,1.5835682,-0.24363367694952423
5,1,315675.72493190644,-0.812,1.583549,-0.24476161067205338
5,1,315680.7251281813,-0.812,1.5832627,-0.24588954255529247
5,1,315685.7253244561,-0.812,1.58332,-0.24701747700316046
5,1,315690.72552073095,-0.812,1.5830909,-0.2481454110889435
5,1,315695.7257170058,-0.812,1.5828236,-0.24927334634441803
5,1,315700.7259132806,-0.812,1.5828046,-0.25040128159200487
5,1,315705.72610955546,-0.812,1.5824418,-0.2515292151311438
5,1,315710.7263058303,-0.812,1.5823655,-0.25265715043894127
5,1,315715.7265021051,-0.812,1.5820982,-0.25378508908991687
5,1,315720.72669837996,-0.812,1.5820028,-0.2549130238536498
5,1,315725.72689465433,-0.812,1.581831,-0.25604095847326525
5,1,315730.7270909287,-0.812,1.5816973,-0.2571688949443798
5,1,315735.7272872031,-0.812,1.5813537,-0.2582968294685583
5,1,315740.72748347744,-0.812,1.5813537,-0.2594247646648984
5,1,315745.7276797518,-0.812,1.5811437,-0.26055270113589707
5,1,315750.7278760262,-0.812,1.5809909,-0.2616806382798454
5,1,315755.72807230055,-0.812,1.5808765,-0.2628085731286573
5,1,315760.7282685749,-0.812,1.5808191,-0.2639365080094305
5,1,315765.7284648493,-0.812,1.5806092,-0.26506444101880006
5,1,315770.72866112366,-0.812,1.5804756,-0.2661923722989891
5,1,315775.72885739803,-0.812,1.5802464,-0.2673203044929207
5,1,315780.7290536724,-0.812,1.5800173,-0.26844823760843617
5,1,315785.7292499468,-0.812,1.5797501,-0.26957617204114803
5,1,315790.72944622114,-0.812,1.5795783,-0.2707041065120135
5,1,315795.7296424955,-0.812,1.5792919,-0.2718320367488001
5,1,315800.7298387699,-0.812,1.5792155,-0.2729599664880535
5,1,315805.73003504425,-0.812,1.5791392,-0.27408789674322814
5,1,315810.7302313186,-0.812,1.5787574,-0.2752158266726932
5,1,315815.730427593,-0.812,1.578681,-0.2763437567876479
5,1,315820.73062386736,-0.812,1.5785666,-0.2774716875290772
5,1,315825.73082014173,-0.812,1.5783374,-0.2785996169381904
5,1,315830.7310164161,-0.812,1.5781274,-0.2797275491750208
5,1,315835.7312126905,-0.812,1.5779747,-0.2808554822920694
5,1,315840.73140896484,-0.812,1.5777838,-0.28198341384856246
5,1,315845.7316052392,-0.812,1.5776883,-0.2831113452334405
5,1,315850.7318015136,-0.812,1.5774975,-0.2842392775039906
5,1,315855.73199778795,-0.812,1.577192,-0.285367212192668
5,1,315860.7321940623,-0.812,1.5771347,-0.2864951442608073
5,1,315865.7323903367,-0.812,1.5770775,-0.2876230775321723
5,1,315870.73258661106,-0.812,1.5768102,-0.2887510099281802
5,1,315875.73278288543,-0.812,1.5766957,-0.28987894137191117
5,1,315880.7329791598,-0.812,1.5764093,-0.2910068750952814
5,1,315885.7331754342,-0.812,1.5762184,-0.29213481120619517
5,1,315890.73337170854,-0.812,1.5761421,-0.29326274976424715
5,1,315895.7335679829,-0.812,1.5758748,-0.294390688310259
5,1,315900.7337642573,-0.812,1.5755502,-0.2955186263902983
5,1,315905.73396053165,-0.812,1.5754356,-0.2966465646684932
5,1,315910.734156806,-0.812,1.575302,-0.2977745017683639
5,1,315915.7343530804,-0.812,1.5750539,-0.29890243950234524
5,1,315920.73454935476,-0.812,1.5747675,-0.30003037661191495
5,1,315925.73474562913,-0.812,1.5747675,-0.30115831305471397
5,1,315930.7349419035,-0.812,1.5745385,-0.30228625051288477
5,1,315935.7351381779,-0.812,1.5742712,-0.3034141865786215
5,1,315940.73533445224,-0.812,1.5740612,-0.30454212137673303
5,1,315945.7355307266,-0.812,1.5739849,-0.3056700535879533
5,1,315950.735727001,-0.812,1.5736221,-0.30679798763850996
5,1,315955.73592327535,-0.812,1.5735457,-0.30792592157602644
5,1,315960.7361195497,-0.812,1.5732403,-0.3090538556300998
5,1,315965.7363158241,-0.812,1.5730876,-0.31018179115907024
5,1,315970.73651209846,-0.812,1.572744,-0.3113097274802493
5,1,315975.73670837283,-0.812,1.5725912,-0.31243766569695214
5,1,315980.7369046472,-0.812,1.5723813,-0.31356560363480457
5,1,315985.7371009216,-0.812,1.5722858,-0.3146935399074191
5,1,315990.73729719594,-0.812,1.5722476,-0.31582147428163565
5,1,315995.7374934703,-0.812,1.5718277,-0.31694940804208993
5,1,316000.7376897447,-0.812,1.5717131,-0.31807734058314907
5,1,316005.73788601905,-0.812,1.571503,-0.3192052732449374
5,1,316010.7380822934,-0.812,1.5714077,-0.3203332058191665
5,1,316015.7382785678,-0.812,1.5710449,-0.3214611395958564
5,1,316020.73847484216,-0.812,1.5709113,-0.3225890774341194
5,1,316025.73867111653,-0.812,1.570644,-0.3237170150060059
5,1,316030.7388673909,-0.812,1.5703958,-0.3248449508266417
5,1,316035.73906366527,-0.812,1.5703386,-0.32597288706969235
5,1,316040.73925993964,-0.812,1.5700713,-0.3271008233361212
5,1,316045.739456214,-0.812,1.5698804,-0.3282287575585744
5,1,316050.7396524884,-0.812,1.5694604,-0.329356689259261
5,1,316055.73984876275,-0.812,1.5693268,-0.3304846245192257
5,1,316060.7400450371,-0.812,1.569155,-0.3316125576724676
5,1,316065.7402413115,-0.812,1.5689068,-0.3327404913075336
5,1,316070.74043758586,-0.812,1.5687922,-0.33386842383869836
5,1,316075.74063386023,-0.812,1.5684868,-0.33499635611770895
5,1,316080.7408301346,-0.812,1.568296,-0.3361242888819875
5,1,316085.74102640897,-0.812,1.5680096,-0.3372522224486902
5,1,316090.74122268334,-0.812,1.5679141,-0.33838015435752944
5,1,316095.7414189577,-0.812,1.5675323,-0.33950808431296886
5,1,316100.7416152321,-0.812,1.5674559,-0.3406360135890213
5,1,316105.74181150645,-0.812,1.5670551,-0.3417639446897706
5,1,316110.7420077808,-0.812,1.5668069,-0.34289187034553625
5,1,316115.74220405566,-0.812,1.5665778,-0.34401979725533727
5,1,316120.7424003305,-0.812,1.5665014,-0.3451477242536214
5,1,316125.7425966053,-0.812,1.5665014,-0.346275652093182
5,1,316130.74279288016,-0.812,1.566196,-0.34740358024730617
5,1,316135.742989155,-0.812,1.5659096,-0.3485315110278461
5,1,316140.74318542937,-0.812,1.5654706,-0.34965944345539146
5,1,316145.7433817042,-0.812,1.5654896,-0.3507873760669662
5,1,316150.74357797904,-0.812,1.5650697,-0.35191530584945613
5,1,316155.7437742539,-0.812,1.5650887,-0.35304323458745746
5,1,316160.7439705287,-0.812,1.5647833,-0.3541711651658383
5,1,316165.74416680355,-0.812,1.5642297,-0.355299098048985
5,1,316170.7443630784,-0.812,1.5641152,-0.35642703383167257
5,1,316175.7445593532,-0.812,1.5638479,-0.35755496857001057
5,1,316180.74475562805,-0.812,1.5635997,-0.3586829020241201
5,1,316185.7449519029,-0.812,1.563447,-0.3598108359618651
5,1,316190.7451481777,-0.812,1.5631988,-0.3609387685419487
5,1,316195.74534445256,-0.812,1.5629888,-0.36206670058194135
5,1,316200.7455407274,-0.812,1.5625688,-0.36319463053197665
5,1,316205.74573700223,-0.812,1.5624925,-0.3643225626015465
5,1,316210.74593327707,-0.812,1.5623398,-0.3654504910485778
5,1,316215.74612955167,-0.812,1.5620725,-0.3665784200471938
5,1,316220.7463258263,-0.812,1.5617479,-0.36770634918911593
5,1,316225.7465221009,-0.812,1.5614806,-0.368834277751363
5,1,316230.7467183755,-0.812,1.5613661,-0.369962209529837
5,1,316235.7469146501,-0.812,1.5611371,-0.37109014114159017
5,1,316240.7471109247,-0.812,1.5608507,-0.3722180711650716
5,1,316245.7473071993,-0.812,1.5606025,-0.3733460038233764
5,1,316250.7475034739,-0.812,1.5603544,-0.37447393506578275
5,1,316255.7476997485,-0.812,1.5600489,-0.37560186375867993
5,1,316260.7478960231,-0.812,1.5598962,-0.37672979360019504
5,1,316265.74809229805,-0.812,1.5595335,-0.3778577242015799
5,1,316270.74828857277,-0.812,1.5594189,-0.37898565342216695
5,1,316275.7484848475,-0.812,1.5589608,-0.3801135839486056
5,1,316280.7486811222,-0.812,1.5587126,-0.3812415139329798
5,1,316285.7488773969,-0.812,1.5585026,-0.38236944488331015
5,1,316290.74907367164,-0.812,1.5581971,-0.383497375001712
5,1,316295.74926994636,-0.812,1.5580063,-0.38462530583285626
5,1,316300.7494662211,-0.812,1.5576626,-0.38575323490578267
5,1,316305.7496624958,-0.812,1.557529,-0.38688116267931794
5,1,316310.7498587705,-0.812,1.5571471,-0.38800909083689256
5,1,316315.75005504524,-0.812,1.5570326,-0.3891370197256473
5,1,316320.75025131996,-0.812,1.5567654,-0.3902649498987728
5,1,316325.7504475947,-0.812,1.5564982,-0.39139287918953103
5,1,316330.7506438692,-0.812,1.5561545,-0.3925208099016614
5,1,316335.75084014394,-0.812,1.5559063,-0.3936487432798048
5,1,316340.7510364186,-0.812,1.5557917,-0.3947766765159203
5,1,316345.7512326933,-0.812,1.5554482,-0.39590460898873875
5,1,316350.75142896804,-0.812,1.5553336,-0.39703254468207894
5,1,316355.75162524276,-0.812,1.5549899,-0.3981604806318615
5,1,316360.7518215175,-0.812,1.5546273,-0.3992884121451246
5,1,316365.7520177921,-0.812,1.5542645,-0.4004163446058665
5,1,316370.7522140667,-0.812,1.5540928,-0.4015442790228196
5,1,316375.7524103413,-0.812,1.55394,-0.40267221012487026
5,1,316380.7526066159,-0.812,1.5537874,-0.40380014346207854
5,1,316385.7528028905,-0.812,1.5533864,-0.40492807668448827
5,1,316390.7529991651,-0.812,1.5530618,-0.40605601280720705
5,1,316395.7531954397,-0.812,1.5527374,-0.40718394609785086
5,1,316400.7533917143,-0.812,1.552432,-0.40831187867726887
5,1,316405.7535879889,-0.812,1.5523365,-0.40943980994818613
5,1,316410.75378426304,-0.812,1.5519356,-0.4105677420351175
5,1,316415.7539805379,-0.812,1.5516683,-0.4116956755389936
5,1,316420.7541768127,-0.812,1.5510764,-0.41282361145831814
5,1,316425.75437308755,-0.812,1.5508474,-0.4139515450382895
5,1,316430.7545693624,-0.812,1.550771,-0.415079476937251
5,1,316435.7547656372,-0.812,1.5502747,-0.41620740927029654
5,1,316440.75496191205,-0.812,1.549931,-0.4173353443777098
5,1,316445.7551581869,-0.812,1.5498738,-0.4184632792375585
5,1,316450.7553544617,-0.812,1.5495492,-0.41959121178206804
5,1,316455.75555073656,-0.812,1.549301,-0.4207191465219127
5,1,316460.7557470114,-0.812,1.5490911,-0.42184708023837214
5,1,316465.75594328623,-0.812,1.548652,-0.42297501081473965
5,1,316470.75613956107,-0.812,1.5483274,-0.42410294005014504
5,1,316475.7563358359,-0.812,1.5481175,-0.42523087077426586
5,1,316480.75653211074,-0.812,1.5481366,-0.42635880587479147
5,1,316485.7567283856,-0.812,1.547812,-0.42748673736643467
5,1,316490.7569246604,-0.812,1.5472966,-0.42861466804130877
5,1,316495.75712093525,-0.812,1.5469911,-0.4297426004513105
5,1,316500.7573172101,-0.812,1.5465902,-0.4308705323018233
5,1,316505.7575134849,-0.812,1.5463803,-0.43199846469008263
5,1,316510.75770975975,-0.812,1.5458839,-0.4331263974039952
5,1,316515.7579060346,-0.812,1.5455594,-0.43425433023603427
5,1,316520.75810230896,-0.812,1.5454258,-0.43538225995104846
5,1,316525.7582985833,-0.812,1.5451012,-0.436510188823445
5,1,316530.7584948577,-0.812,1.5447767,-0.43763811874615816
5,1,316535.75869113207,-0.812,1.5442994,-0.43876604803314145
5,1,316540.75888740644,-0.812,1.5440513,-0.4398939803051452
5,1,316545.7590836808,-0.812,1.5434977,-0.44102191427766946
5,1,316550.7592799552,-0.812,1.5434022,-0.44214984732859003
5,1,316555.75947622955,-0.812,1.5431731,-0.4432777794437144
5,1,316560.7596725039,-0.812,1.5427912,-0.44440571268966467
5,1,316565.7598687783,-0.812,1.5424668,-0.44553364731566114
5,1,316570.76006505266,-0.812,1.5421422,-0.4466615817938414
5,1,316575.760261327,-0.812,1.5417604,-0.4477895164760219
5,1,316580.7604576014,-0.812,1.5416459,-0.4489174502939251
5,1,316585.76065387577,-0.812,1.5412068,-0.45004538197128974
5,1,316590.76085015014,-0.812,1.5409204,-0.45117331307629416
5,1,316595.7610464245,-0.812,1.5403668,-0.4523012446647552
5,1,316600.7612426989,-0.812,1.5401759,-0.45342917966636026
5,1,316605.76143897325,-0.812,1.539756,-0.45455711643978625
5,1,316610.7616352476,-0.812,1.5394505,-0.45568505172948043
5,1,316615.761831522,-0.812,1.5390878,-0.4568129844971862
5,1,316620.76202779636,-0.812,1.5386487,-0.45794091862345404
5,1,316625.7622240707,-0.812,1.5383432,-0.4590688528423177
5,1,316630.7624203451,-0.812,1.5379232,-0.46019678665683666
5,1,316635.76261661947,-0.812,1.537675,-0.4613247185846302
5,1,316640.76281289384,-0.812,1.5373887,-0.46245264970528416
5,1,316645.7630091682,-0.812,1.5368924,-0.4635805814845396
5,1,316650.7632054426,-0.812,1.5366061,-0.46470851333148944
5,1,316655.76340171695,-0.812,1.5364342,-0.4658364464804729
5,1,316660.7635979913,-0.812,1.5361288,-0.46696438208559155
5,1,316665.7637942657,-0.812,1.5355561,-0.46809231374425686
5,1,316670.76399054006,-0.812,1.535327,-0.4692202472059594
5,1,316675.7641868144,-0.812,1.5349451,-0.4703481771594882
5,1,316680.7643830888,-0.812,1.5344679,-0.4714761085026198
5,1,316685.76457936317,-0.812,1.5341243,-0.4726040406484438
5,1,316690.76477563754,-0.812,1.5337234,-0.4737319726403653
5,1,316695.7649719119,-0.812,1.5334179,-0.47485990552650553
5,1,316700.7651681863,-0.812,1.5330361,-0.47598783959210245
5,1,316705.76536446065,-0.812,1.5326161,-0.47711577373535097
5,1,316710.765560735,-0.812,1.5321962,-0.47824370584076636
5,1,316715.7657570094,-0.812,1.5320816,-0.479371640845951
5,1,316720.76595328376,-0.812,1.5315661,-0.48049957588215
5,1,316725.7661495581,-0.812,1.5312226,-0.48162751065546927
5,1,316730.7663458325,-0.812,1.5308408,-0.48275544589877784
5,1,316735.76654210687,-0.812,1.5304399,-0.48388338124569913
5,1,316740.76673838124,-0.812,1.530058,-0.48501131546035736
5,1,316745.7669346556,-0.812,1.5294853,-0.486139249190953
5,1,316750.76713093,-0.812,1.5292945,-0.4872671836717228
5,1,316755.76732720435,-0.812,1.5290272,-0.48839512323479517
5,1,316760.7675234787,-0.812,1.5282636,-0.4895230603562527
5,1,316765.7677197531,-0.812,1.5279008,-0.4906509983306626
5,1,316770.76791602746,-0.812,1.5275382,-0.4917789373608165
5,1,316775.7681123018,-0.812,1.5269463,-0.49290687743383976
5,1,316780.7683085762,-0.812,1.5269272,-0.4940348157614337
5,1,316785.76850485057,-0.812,1.5262972,-0.4951627520974676
5,1,316790.76870112494,-0.812,1.5259727,-0.4962906865142286
5,1,316795.7688973993,-0.812,1.5255337,-0.4974186221497357
5,1,316800.7690936737,-0.812,1.52519,-0.49854656048348545
5,1,316805.76928994805,-0.812,1.5247891,-0.49967449866524005
5,1,316810.7694862224,-0.812,1.5245982,-0.5008024390087922
5,1,316815.7696824968,-0.812,1.5241592,-0.5019303776451779
5,1,316820.76987877116,-0.812,1.5235292,-0.5030583164893355
5,1,316825.7700750455,-0.812,1.5233574,-0.5041862520220842
5,1,316830.7702713199,-0.812,1.5231473,-0.5053141881452434
5,1,316835.77046759427,-0.812,1.5224601,-0.5064421253552801
5,1,316840.77066386864,-0.812,1.5221928,-0.5075700623474452
5,1,316845.770860143,-0.812,1.521582,-0.5086979984654552
5,1,316850.7710564174,-0.812,1.5211047,-0.5098259331548213
5,1,316855.77125269175,-0.812,1.5206466,-0.5109538695157831
5,1,316860.7714489661,-0.812,1.5203029,-0.5120818075012199
5,1,316865.7716452405,-0.812,1.5199784,-0.5132097471595438
5,1,316870.77184151486,-0.812,1.5195202,-0.5143376876102121
5,1,316875.7720377892,-0.812,1.5192338,-0.5154656286665366
5,1,316880.7722340636,-0.812,1.5187566,-0.5165935685632658
5,1,316885.77243033797,-0.812,1.5182221,-0.5177215085851747
5,1,316890.77262661234,-0.812,1.5177066,-0.5188494507111574
5,1,316895.7728228867,-0.812,1.5173057,-0.5199773934819796
5,1,316900.7730191611,-0.812,1.5168858,-0.521105336711433
5,1,316905.77321543545,-0.812,1.5162176,-0.5222332808707255
5,1,316910.7734117098,-0.812,1.5160075,-0.52336122219238
5,1,316915.77360798465,-0.812,1.5154158,-0.5244891627284585
5,1,316920.7738042595,-0.812,1.5149577,-0.5256171049128703
5,1,316925.7740005343,-0.812,1.5145758,-0.5267450437500177
5,1,316930.77419680916,-0.812,1.5142131,-0.5278729810644023
5,1,316935.774393084,-0.812,1.5135449,-0.5290009225464959
5,1,316940.7745893588,-0.812,1.5131059,-0.5301288648246459
5,1,316945.77478563366,-0.812,1.5127622,-0.5312568092041776
5,1,316950.7749819085,-0.812,1.5124377,-0.5323847528326511
5,1,316955.77517818334,-0.812,1.5119605,-0.5335126938372253
5,1,316960.7753744582,-0.812,1.5114641,-0.5346406354400448
5,1,316965.775570733,-0.812,1.5110632,-0.535768575223363
5,1,316970.77576700784,-0.812,1.5106814,-0.5368965142403939
5,1,316975.7759632827,-0.812,1.5102614,-0.5380244544199538
5,1,316980.7761595575,-0.812,1.5098987,-0.5391523934512898
5,1,316985.77635583235,-0.812,1.5093641,-0.5402803328274586
5,1,316990.7765521072,-0.812,1.508906,-0.5414082694813508
5,1,316995.776748382,-0.812,1.5083524,-0.5425362057917944
5,1,317000.77694465686,-0.812,1.5079515,-0.5436641436577107
5,1,317005.7771409317,-0.812,1.5074934,-0.5447920821218523
5,1,317010.7773372065,-0.812,1.5069396,-0.5459200215883221
5,1,317015.77753348113,-0.812,1.5065961,-0.5470479584495789
5,1,317020.77772975573,-0.812,1.5062143,-0.5481758968693746
5,1,317025.77792603034,-0.812,1.5056225,-0.5493038352789084
5,1,317030.77812230494,-0.812,1.5053552,-0.5504317742020752
5,1,317035.77831857954,-0.812,1.5046871,-0.5515597134750816
5,1,317040.77851485414,-0.812,1.5040761,-0.5526876532603435
5,1,317045.77871112875,-0.812,1.503618,-0.5538155928152865
5,1,317050.77890740335,-0.812,1.5033126,-0.55494353153593
5,1,317055.77910367795,-0.812,1.5027398,-0.5560714667150046
5,1,317060.7792999527,-0.812,1.5022053,-0.5571994077793226
5,1,317065.7794962273,-0.812,1.5016516,-0.5583273506261011
5,1,317070.779692502,-0.812,1.5011935,-0.559455291541328
5,1,317075.7798887767,-0.812,1.5008498,-0.5605832339153488
5,1,317080.78008505143,-0.812,1.5002581,-0.5617111760995719
5,1,317085.78028132615,-0.812,1.4997809,-0.5628391170256734
5,1,317090.78047760087,-0.812,1.4992272,-0.563967054585129
5,1,317095.7806738756,-0.812,1.4986545,-0.5650949963148335
5,1,317100.7808701503,-0.812,1.4982536,-0.5662229371061756
5,1,317105.781066425,-0.812,1.4976428,-0.567350876075599
5,1,317110.78126269975,-0.812,1.4969555,-0.5684788174952766
5,1,317115.7814589744,-0.812,1.4963446,-0.5696067581098577
5,1,317120.7816552491,-0.812,1.4957337,-0.5707346996817689
5,1,317125.78185152385,-0.812,1.4953138,-0.571862639073574
5,1,317130.78204779857,-0.812,1.4948746,-0.5729905795899531
5,1,317135.7822440732,-0.812,1.4942064,-0.5741185179746284
5,1,317140.78244034795,-0.812,1.4935956,-0.5752464559151432
5,1,317145.7826366222,-0.812,1.4931374,-0.5763743939656253
5,1,317150.7828328969,-0.812,1.4926983,-0.5775023348706598
5,1,317155.78302917164,-0.812,1.4920301,-0.5786302775496246
5,1,317160.78322544624,-0.812,1.4915339,-0.5797582204552095
5,1,317165.78342172084,-0.812,1.4910756,-0.5808861644624208
5,1,317170.78361799545,-0.812,1.4904648,-0.5820141085459227
5,1,317175.78381427005,-0.812,1.4898921,-0.5831420527816383
5,1,317180.78401054465,-0.812,1.4891666,-0.5842699978367489
5,1,317185.78420681925,-0.812,1.4885367,-0.585397940296021
5,1,317190.7844030941,-0.812,1.4880975,-0.586525881154438
5,1,317195.7845993687,-0.812,1.4874485,-0.5876538223145672
5,1,317200.7847956433,-0.812,1.4868948,-0.5887817643110389
5,1,317205.7849919179,-0.812,1.4863031,-0.5899097049087552
5,1,317210.7851881925,-0.812,1.4855586,-0.5910376455147665
5,1,317215.78538446734,-0.812,1.485215,-0.5921655871261955
5,1,317220.7855807422,-0.812,1.4844896,-0.5932935288298329
5,1,317225.785777017,-0.812,1.4838405,-0.5944214705487556
5,1,317230.78597329184,-0.812,1.4833441,-0.5955494103263385
5,1,317235.7861695667,-0.812,1.4827332,-0.5966773495192593
5,1,317240.7863658415,-0.812,1.4821223,-0.597805287304292
5,1,317245.78656211635,-0.812,1.4814351,-0.5989332256830732
5,1,317250.7867583912,-0.812,1.4807669,-0.6000611646815638
5,1,317255.786954666,-0.812,1.4802514,-0.6011891025420262
5,1,317260.78715094086,-0.812,1.4796788,-0.6023170402293503
5,1,317265.7873472157,-0.812,1.4790297,-0.6034449780581692
5,1,317270.7875434905,-0.812,1.4783615,-0.6045729176885286
5,1,317275.78773976536,-0.812,1.477617,-0.6057008590698671
5,1,317280.7879360402,-0.812,1.476987,-0.6068288003910116
5,1,317285.78813231504,-0.812,1.4763762,-0.6079567426324485
5,1,317290.7883285899,-0.812,1.4754217,-0.6090846848967801
5,1,317295.7885248647,-0.812,1.4749253,-0.6102126240746907
5,1,317300.78872113954,-0.812,1.4742762,-0.6113405630370278
5,1,317305.7889174144,-0.812,1.4736844,-0.6124685027300681
5,1,317310.7891136892,-0.812,1.4730735,-0.6135964431682063
5,1,317315.7893099636,-0.812,1.472539,-0.6147243828965855
5,1,317320.78950623795,-0.812,1.4717181,-0.6158523233887188
5,1,317325.7897025123,-0.812,1.4712026,-0.6169802624608145
5,1,317330.7898987867,-0.812,1.4705536,-0.6181082014931175
5,1,317335.79009506106,-0.812,1.4699236,-0.6192361392626067
5,1,317340.79029133543,-0.812,1.4690646,-0.6203640791244804
5,1,317345.7904876098,-0.812,1.4684727,-0.621492019240068
5,1,317350.7906838842,-0.812,1.4677473,-0.6226199630866283
5,1,317355.79088015854,-0.812,1.4671173,-0.6237479073395696
5,1,317360.7910764329,-0.812,1.4663728,-0.6248758469361398
5,1,317365.7912727073,-0.812,1.4657428,-0.6260037862861985
5,1,317370.79146898165,-0.812,1.4652274,-0.6271317280828854
5,1,317375.791665256,-0.812,1.464502,-0.6282596727233033
5,1,317380.7918615304,-0.812,1.4637002,-0.629387615146594
5,1,317385.79205780476,-0.812,1.4630129,-0.6305155583095751
5,1,317390.79225407913,-0.812,1.4623066,-0.6316435023456847
5,1,317395.7924503535,-0.812,1.4613521,-0.6327714469730326
5,1,317400.7926466279,-0.812,1.4607793,-0.6338993872834081
5,1,317405.79284290224,-0.812,1.4600158,-0.6350273247542515
5,1,317410.7930391766,-0.812,1.4591566,-0.6361552609523304
5,1,317415.793235451,-0.812,1.4585267,-0.6372831943068771
5,1,317420.79343172535,-0.812,1.4578967,-0.6384111278086902
5,1,317425.7936279997,-0.812,1.4570377,-0.6395390624113482
5,1,317430.7938242741,-0.812,1.4563314,-0.6406669955972004
5,1,317435.79402054846,-0.812,1.4557968,-0.641794930064685
5,1,317440.79421682283,-0.812,1.4550141,-0.6429228625717596
5,1,317445.7944130972,-0.812,1.4544222,-0.6440507974626225
5,1,317450.7946093716,-0.812,1.4533724,-0.6451787306181989
5,1,317455.79480564594,-0.812,1.4526851,-0.6463066622002656
5,1,317460.7950019203,-0.812,1.4518833,-0.6474345943386192
5,1,317465.7951981947,-0.812,1.4510242,-0.6485625304077037
5,1,317470.79539446905,-0.812,1.4502988,-0.6496904649065668
5,1,317475.7955907434,-0.812,1.4491534,-0.6508184006063509
5,1,317480.7957870178,-0.812,1.4485615,-0.6519463351287148
5,1,317485.79598329216,-0.812,1.4476835,-0.6530742694386344
5,1,317490.79617956653,-0.812,1.4470344,-0.6542022043583858
5,1,317495.7963758409,-0.812,1.4462326,-0.6553301408437624
5,1,317500.7965721153,-0.812,1.4454308,-0.656458073575212
5,1,317505.79676838964,-0.812,1.4447054,-0.6575860045136646
5,1,317510.796964664,-0.812,1.4438081,-0.6587139370332494
5,1,317515.7971609384,-0.812,1.442739,-0.6598418720620276
5,1,317520.79735721275,-0.812,1.4421473,-0.6609698076514537
5,1,317525.7975534871,-0.812,1.4414409,-0.6620977448220752
5,1,317530.7977497615,-0.812,1.4405055,-0.6632256791694299
5,1,317535.79794603586,-0.812,1.4396846,-0.6643536134825317
5,1,317540.79814231023,-0.812,1.4389019,-0.6654815484999718
5,1,317545.7983385846,-0.812,1.438081,-0.6666094798264505
5,1,317550.798534859,-0.812,1.4372219,-0.6677374100959137
5,1,317555.79873113334,-0.812,1.4365537,-0.6688653408823412
5,1,317560.7989274077,-0.812,1.4355229,-0.6699932731212346
5,1,317565.7991236821,-0.812,1.4346639,-0.6711212039382426
5,1,317570.79931995645,-0.812,1.4338429,-0.6722491345035038
5,1,317575.7995162308,-0.812,1.4328312,-0.6733770633754963
5,1,317580.7997125052,-0.812,1.4318957,-0.6745049960093433
5,1,317585.79990877956,-0.812,1.4312085,-0.6756329311020409
5,1,317590.80010505393,-0.812,1.4301203,-0.6767608677515985
5,1,317595.8003013283,-0.812,1.4292804,-0.6778888019902112
5,1,317600.8004976027,-0.812,1.428345,-0.6790167337001034
5,1,317605.80069387704,-0.812,1.4273523,-0.6801446650033959
5,1,317610.8008901514,-0.812,1.4263786,-0.6812725958484711
5,1,317615.8010864258,-0.812,1.4253287,-0.682400529193067
5,1,317620.80128270015,-0.812,1.4244314,-0.6835284645408394
5,1,317625.8014789745,-0.812,1.4233624,-0.6846564008357626
5,1,317630.8016752489,-0.812,1.422656,-0.6857843370006749
5,1,317635.80187152326,-0.812,1.4217397,-0.6869122734344703
5,1,317640.80206779763,-0.812,1.4208424,-0.6880402110246157
5,1,317645.802264072,-0.812,1.4198879,-0.6891681491835384
5,1,317650.8024603464,-0.812,1.4191053,-0.6902960858060455
5,1,317655.80265662074,-0.812,1.4177116,-0.6914240206471618
5,1,317660.8028528951,-0.812,1.4168335,-0.6925519554878707
5,1,317665.8030491695,-0.812,1.415879,-0.6936798892931013
5,1,317670.80324544385,-0.812,1.4149626,-0.6948078226254916
5,1,317675.8034417182,-0.812,1.4138936,-0.6959357558574745
5,1,317680.8036379926,-0.812,1.4131491,-0.6970636884538534
5,1,317685.80383426696,-0.812,1.4118509,-0.6981916231677038
5,1,317690.80403054133,-0.812,1.4107819,-0.6993195590397817
5,1,317695.8042268157,-0.812,1.4098655,-0.7004474929934246
5,1,317700.80442309007,-0.812,1.4089874,-0.7015754236198268
5,1,317705.80461936444,-0.812,1.4079374,-0.7027033546722765
5,1,317710.8048156393,-0.812,1.4069638,-0.7038312844851284
5,1,317715.8050119141,-0.812,1.4061811,-0.7049592139127091
5,1,317720.80520818895,-0.812,1.4049593,-0.706087142651323
5,1,317725.8054044638,-0.812,1.4041003,-0.7072150718794897
5,1,317730.8056007386,-0.812,1.4029357,-0.7083430001584691
5,1,317735.80579701345,-0.812,1.401905,-0.7094709297079578
5,1,317740.8059932883,-0.812,1.4007595,-0.7105988609543875
5,1,317745.8061895631,-0.812,1.3997477,-0.7117267920823993
5,1,317750.80638583796,-0.812,1.3987168,-0.7128547237426077
5,1,317755.8065821128,-0.812,1.3977814,-0.7139826554953822
5,1,317760.80677838763,-0.812,1.396636,-0.7151105893671217
5,1,317765.80697466247,-0.812,1.3956242,-0.716238522991919
5,1,317770.8071709373,-0.812,1.3948033,-0.7173664549152919
5,1,317775.80736721214,-0.812,1.3934097,-0.7184943876726795
5,1,317780.807563487,-0.812,1.3924934,-0.7196223194934761
5,1,317785.8077597618,-0.812,1.3912716,-0.7207502498129013
5,1,317790.80795603665,-0.812,1.3903362,-0.721878183428695
5,1,317795.8081523115,-0.812,1.3891525,-0.7230061178048818
5,1,317800.8083485863,-0.812,1.388198,-0.7241340512611801
5,1,317805.80854486115,-0.812,1.3869,-0.7252619869419304
5,1,317810.80874113576,-0.812,1.38585,-0.7263899226656756
5,1,317815.80893741036,-0.812,1.3846663,-0.7275178576392765
5,1,317820.80913368496,-0.812,1.383521,-0.7286457947921191
5,1,317825.80932995956,-0.812,1.3823946,-0.7297737299180032
5,1,317830.80952623417,-0.812,1.3811537,-0.7309016643815273
5,1,317835.80972250877,-0.812,1.3800274,-0.7320295978763468
5,1,317840.8099187834,-0.812,1.3788247,-0.7331575310799248
5,1,317845.810115058,-0.812,1.377622,-0.734285461718397
5,1,317850.8103113326,-0.812,1.3764193,-0.7354133940391409
5,1,317855.8105076072,-0.812,1.3752549,-0.7365413254385359
5,1,317860.8107038819,-0.812,1.3740522,-0.7376692548090055
5,1,317865.8109001566,-0.812,1.3729831,-0.738797187501881
5,1,317870.81109643134,-0.812,1.3717422,-0.7399251178164284
5,1,317875.81129270606,-0.812,1.3705586,-0.7410530472618906
5,1,317880.8114889808,-0.812,1.3692987,-0.7421809769504668
5,1,317885.81168525503,-0.812,1.3681341,-0.7433089086779788
5,1,317890.81188152975,-0.812,1.3667406,-0.7444368405306805
5,1,317895.81207780447,-0.812,1.3654042,-0.7455647724975184
5,1,317900.8122740792,-0.812,1.3643543,-0.746692704667373
5,1,317905.8124703539,-0.812,1.3631898,-0.7478206363660761
5,1,317910.81266662857,-0.812,1.3617389,-0.7489485689682929
5,1,317915.8128629033,-0.812,1.3603835,-0.7500765002662475
5,1,317920.813059178,-0.812,1.3591044,-0.7512044298713441
5,1,317925.8132554527,-0.812,1.3577682,-0.7523323584326705
5,1,317930.81345172744,-0.812,1.3564509,-0.7534602861624626
5,1,317935.8136480021,-0.812,1.3550382,-0.7545882163283131
5,1,317940.8138442768,-0.812,1.3535491,-0.7557161495341957
5,1,317945.81404055154,-0.812,1.3520983,-0.756844079884112
5,1,317950.81423682626,-0.812,1.3507811,-0.7579720113059415
5,1,317955.814433101,-0.812,1.3494257,-0.7590999432229962
5,1,317960.8146293757,-0.812,1.3481275,-0.7602278759210308
5,1,317965.8148256503,-0.812,1.3466575,-0.7613558088041974
5,1,317970.8150219249,-0.812,1.345283,-0.7624837425116896
5,1,317975.8152181995,-0.812,1.3437368,-0.7636116761340531
5,1,317980.8154144741,-0.812,1.342324,-0.7647396085399156
5,1,317985.8156107487,-0.812,1.3409495,-0.7658675423155691
5,1,317990.8158070233,-0.812,1.3394605,-0.7669954738786617
5,1,317995.8160032979,-0.812,1.3380097,-0.7681234047569234
5,1,318000.8161995725,-0.812,1.3365015,-0.7692513378423352
5,1,318005.8163958471,-0.812,1.3348597,-0.7703792701193789
5,1,318010.81659212196,-0.812,1.3335426,-0.7715072028061449
5,1,318015.8167883968,-0.812,1.3320535,-0.7726351369743182
5,1,318020.81698467163,-0.812,1.3305453,-0.7737630716882282
5,1,318025.81718094647,-0.812,1.3290563,-0.7748910047625569
5,1,318030.8173772213,-0.812,1.3274719,-0.7760189390272797
5,1,318035.81757349614,-0.812,1.3258109,-0.7771468733341363
5,1,318040.817769771,-0.812,1.3242456,-0.7782748086892765
5,1,318045.8179660458,-0.812,1.3227375,-0.7794027419741353
5,1,318050.81816232065,-0.812,1.321172,-0.7805306741661993
5,1,318055.8183585955,-0.812,1.3195302,-0.7816586067343056
5,1,318060.8185548703,-0.812,1.3178885,-0.782786538173712
5,1,318065.81875114515,-0.812,1.316075,-0.7839144714312323
5,1,318070.81894742,-0.812,1.3147194,-0.78504240568718
5,1,318075.8191436948,-0.812,1.313116,-0.7861703387770853
5,1,318080.81933996966,-0.812,1.3113406,-0.7872982708222271
5,1,318085.8195362445,-0.812,1.3096796,-0.7884262024073404
5,1,318090.81973251933,-0.812,1.3077897,-0.7895541320168974
5,1,318095.81992879417,-0.812,1.3060143,-0.7906820641737184
5,1,318100.820125069,-0.812,1.3043725,-0.7918099986229176
5,1,318105.82032134384,-0.812,1.3025208,-0.7929379331472484
5,1,318110.8205176182,-0.812,1.300879,-0.7940658684472144
5,1,318115.8207138926,-0.812,1.2992182,-0.7951938056192597
5,1,318120.82091016695,-0.812,1.297691,-0.7963217408135335
5,1,318125.8211064413,-0.812,1.2959347,-0.7974496751274334
5,1,318130.8213027157,-0.812,1.2940638,-0.7985776070504056
5,1,318135.82149899006,-0.812,1.292403,-0.7997055369196534
5,1,318140.8216952644,-0.812,1.2906084,-0.8008334671185215
5,1,318145.8218915388,-0.812,1.2888713,-0.8019613992512756
5,1,318150.82208781317,-0.812,1.2870195,-0.8030893273330497
5,1,318155.82228408754,-0.812,1.2851295,-0.8042172571602432
5,1,318160.8224803619,-0.812,1.2835832,-0.8053451877121264
5,1,318165.8226766363,-0.812,1.2817506,-0.8064731200902595
5,1,318170.82287291065,-0.812,1.279937,-0.8076010533341501
5,1,318175.823069185,-0.812,1.2783716,-0.8087289858822956
5,1,318180.8232654594,-0.812,1.2764052,-0.8098569191817179
5,1,318185.82346173376,-0.812,1.2746108,-0.8109848524216448
5,1,318190.8236580081,-0.812,1.2724726,-0.8121127878176405
5,1,318195.8238542825,-0.812,1.2706591,-0.8132407244163256
5,1,318200.82405055687,-0.812,1.2687882,-0.8143686591985193
5,1,318205.82424683124,-0.812,1.267051,-0.8154965941246285
5,1,318210.8244431056,-0.812,1.2651038,-0.8166245265190105
5,1,318215.82463938,-0.812,1.2629466,-0.8177524592258036
5,1,318220.82483565435,-0.812,1.2608849,-0.8188803925201893
5,1,318225.8250319287,-0.812,1.2590904,-0.8200083272398412
5,1,318230.8252282031,-0.812,1.2572958,-0.8211362598591281
5,1,318235.82542447746,-0.812,1.2557114,-0.8222641925591098
5,1,318240.8256207518,-0.812,1.2535924,-0.8233921262022588
5,1,318245.8258170262,-0.812,1.2515688,-0.8245200573568443
5,1,318250.82601330057,-0.812,1.249717,-0.8256479907854365
5,1,318255.82620957494,-0.812,1.2477126,-0.8267759232234358
5,1,318260.8264058493,-0.812,1.2457844,-0.8279038584434887
5,1,318265.8266021237,-0.812,1.2440854,-0.8290317944160899
5,1,318270.82679839805,-0.812,1.2421572,-0.8301597265747455
5,1,318275.8269946724,-0.812,1.2399619,-0.8312876584698327
5,1,318280.8271909468,-0.812,1.2382438,-0.8324155908159118
5,1,318285.82738722116,-0.812,1.2360102,-0.8335435223973328
5,1,318290.8275834955,-0.812,1.2337958,-0.8346714548028443
5,1,318295.8277797699,-0.812,1.2316003,-0.8357993879143332
5,1,318300.82797604427,-0.812,1.2293668,-0.8369273192723924
5,1,318305.82817231864,-0.812,1.227286,-0.8380552479332884
5,1,318310.828368593,-0.812,1.2252433,-0.8391831791316602
5,1,318315.8285648674,-0.812,1.2232388,-0.8403111111686395
5,1,318320.82876114175,-0.812,1.2208906,-0.8414390441628562
5,1,318325.8289574161,-0.812,1.2184854,-0.8425669779645371
5,1,318330.8291536905,-0.812,1.2162708,-0.8436949124695097
5,1,318335.82934996486,-0.812,1.2138846,-0.8448228456074894
5,1,318340.8295462392,-0.812,1.2117465,-0.8459507785178589
5,1,318345.8297425136,-0.812,1.2093601,-0.8470787140980066
5,1,318350.82993878797,-0.812,1.2071457,-0.8482066461657122
5,1,318355.83013506234,-0.812,1.2048358,-0.8493345788065627
5,1,318360.8303313367,-0.812,1.2027167,-0.8504625146198241
5,1,318365.8305276111,-0.812,1.200464,-0.8515904479247797
5,1,318366.60392704234,-0.812,1.1999487,-0.8517649093927245
5,1,318366.604127042,-0.812,1.1999104,-0.8517649545097518
5,2,318366.60492704157,0.812,1.2967417,8.956603540314568e-08
5,2,318371.60512331687,0.812,1.5203793,0.0011276952332556248
5,2,318376.60531959124,0.812,1.593705,0.0022553019025954935
5,2,318381.6055158656,0.812,1.6502124,0.003382909673468934
5,2,318386.60571214,0.812,1.6978045,0.004510520829882887
5,2,318391.60590841435,0.812,1.7395931,0.0056381279429296655
5,2,318396.6061046887,0.812,1.7769529,0.006765733399023612
5,2,318401.6063009631,0.812,1.8112009,0.0078933401876688
5,2,318406.60649723746,0.812,1.8429481,0.009020947855409647
5,2,318411.6066935118,0.812,1.8723662,0.010148553258038227
5,2,318416.6068897862,0.812,1.9000853,0.0112761573443479
5,2,318421.60708606057,0.812,1.9260863,0.012403764060301912
5,2,318426.60728233494,0.812,1.9505601,0.013531372645974158
5,2,318431.6074786093,0.812,1.9737738,0.014658981934262644
5,2,318436.6076748837,0.812,1.9954413,0.0157865910362237
5,2,318441.60787115805,0.812,2.0158107,0.01691419846131735
5,2,318446.6080674324,0.812,2.0347292,0.018041805651694533
5,2,318451.6082637068,0.812,2.0529604,0.019169411451429124
5,2,318456.60845998116,0.812,2.0696454,0.020297013779898482
5,2,318461.6086562555,0.812,2.0851276,0.021424618897769185
5,2,318466.6088525299,0.812,2.0999417,0.02255222438145015
5,2,318471.60904880427,0.812,2.1134768,0.023679830842597616
5,2,318476.60924507864,0.812,2.1261718,0.02480743612010611
5,2,318481.609441353,0.812,2.1380076,0.02593504018152091
5,2,318486.6096376274,0.812,2.1486983,0.02706264193112651
5,2,318491.60983390175,0.812,2.1592171,0.02819024497868617
5,2,318496.6100301761,0.812,2.1689532,0.02931784737248553
5,2,318501.6102264505,0.812,2.1781163,0.030445450337678193
5,2,318506.61042272486,0.812,2.1864398,0.03157305328579413
5,2,318511.6106189992,0.812,2.1944387,0.0327006585615476
5,2,318516.6108152736,0.812,2.2019985,0.03382826068115897
5,2,318521.61101154797,0.812,2.209119,0.03495586257906424
5,2,318526.61120782234,0.812,2.2157242,0.03608346716874176
5,2,318531.6114040967,0.812,2.2220051,0.03721107047649556
5,2,318536.6116003711,0.812,2.228171,0.038338673579821986
5,2,318541.61179664545,0.812,2.2338984,0.03946628162079718
5,2,318546.6119929198,0.812,2.2393963,0.04059389072524508
5,2,318551.6121891942,0.812,2.2443979,0.04172149877051182
5,2,318556.61238546856,0.812,2.2493231,0.04284910884152519
5,2,318561.6125817429,0.812,2.2542105,0.04397671688846747
5,2,318566.6127780173,0.812,2.258544,0.045104322500202396
5,2,318571.61297429167,0.812,2.2628965,0.04623192785436578
5,2,318576.61317056604,0.812,2.26723,0.04735953245444431
5,2,318581.6133668404,0.812,2.2710671,0.04848713738213646
5,2,318586.6135631148,0.812,2.2747324,0.049614743213627084
5,2,318591.61375938915,0.812,2.278436,0.05074235161179636
5,2,318596.6139556635,0.812,2.2820058,0.05186995802544224
5,2,318601.6141519379,0.812,2.2856522,0.052997566279404704
5,2,318606.61434821226,0.812,2.2889738,0.05412517562587726
5,2,318611.6145444866,0.812,2.292162,0.05525278268266388
5,2,318616.614740761,0.812,2.2952735,0.05638039096052449
5,2,318621.61493703537,0.812,2.2983088,0.05750799674795735
5,2,318626.61513330974,0.812,2.3013444,0.05863560325216917
5,2,318631.6153295841,0.812,2.304437,0.05976320951109132
5,2,318636.6155258585,0.812,2.3071287,0.060890813535723426
5,2,318641.61572213285,0.812,2.3099158,0.06201841613319517
5,2,318646.6159184072,0.812,2.3127031,0.06314602138366633
5,2,318651.6161146816,0.812,2.3152611,0.06427362904087372
5,2,318656.61631095596,0.812,2.3180292,0.06540123551368714
5,2,318661.6165072303,0.812,2.3205874,0.06652884029444721
5,2,318666.6167035047,0.812,2.3230882,0.06765644384241766
5,2,318671.61689977907,0.812,2.325589,0.06878404639298386
5,2,318676.61709605344,0.812,2.3280706,0.06991164951230419
5,2,318681.6172923283,0.812,2.330476,0.0710392516500718
5,2,318686.6174886031,0.812,2.3328242,0.07216685206756988
5,2,318691.61768487794,0.812,2.335096,0.07329445301614536
5,2,318696.6178811528,0.812,2.3373487,0.07442205055774583
5,2,318701.6180774276,0.812,2.3396776,0.07554964930820465
5,2,318706.61827370245,0.812,2.3420258,0.07667724904218648
5,2,318711.6184699773,0.812,2.3442974,0.07780484969182147
5,2,318716.6186662521,0.812,2.3465118,0.07893245061644912
5,2,318721.61886252696,0.812,2.3484018,0.08006005299097631
5,2,318726.6190588018,0.812,2.3508453,0.08118765504854918
5,2,318731.6192550766,0.812,2.3529072,0.08231525518212716
5,2,318736.61945135146,0.812,2.3550644,0.08344285569525096
5,2,318741.6196476263,0.812,2.357088,0.08457045442403688
5,2,318746.61984390114,0.812,2.3593407,0.08569805159894957
5,2,318751.62004017597,0.812,2.361307,0.0868256483025882
5,2,318756.6202364508,0.812,2.3635979,0.08795324303987953
5,2,318761.62043272564,0.812,2.365545,0.08908084108579159
5,2,318766.6206290005,0.812,2.3677022,0.09020843936803274
5,2,318771.6208252753,0.812,2.3697448,0.09133603333572216
5,2,318776.62102155015,0.812,2.371921,0.09246362671346466
5,2,318781.62121782475,0.812,2.3740401,0.09359121951933702
5,2,318786.62141409935,0.812,2.376083,0.09471881599969996
5,2,318791.62161037396,0.812,2.3781826,0.09584641157263517
5,2,318796.62180664856,0.812,2.3801491,0.09697400935802525
5,2,318801.62200292316,0.812,2.3821917,0.09810160676941605
5,2,318806.62219919777,0.812,2.384387,0.09922920337977342
5,2,318811.62239547237,0.812,2.386258,0.10035679903252918
5,2,318816.622591747,0.812,2.388396,0.10148439468147356
5,2,318821.6227880216,0.812,2.3905532,0.10261199247423476
5,2,318826.6229842957,0.812,2.392424,0.1037395875456863
5,2,318831.62318057043,0.812,2.3944094,0.10486718207573559
5,2,318836.62337684515,0.812,2.3965666,0.10599477612738145
5,2,318841.62357311987,0.812,2.3985713,0.1071223700792657
5,2,318846.6237693946,0.812,2.4007857,0.10824996232117878
5,2,318851.6239656693,0.812,2.4028282,0.10937755573806499
5,2,318856.624161944,0.812,2.4049091,0.11050515147157179
5,2,318861.62435821875,0.812,2.40699,0.1116327487941318
5,2,318866.62455449346,0.812,2.4090326,0.1127603459310366
5,2,318871.6247507682,0.812,2.4111516,0.11388794511638417
5,2,318876.6249470429,0.812,2.4131563,0.11501554225968984
5,2,318881.6251433176,0.812,2.4152179,0.11614313891459836
5,2,318886.62533959234,0.812,2.4173942,0.11727073410810365
5,2,318891.625535867,0.812,2.4193413,0.11839832943868638
5,2,318896.6257321417,0.812,2.4215941,0.11952592558641897
5,2,318901.62592841644,0.812,2.4237132,0.12065352357072963
5,2,318906.6261246911,0.812,2.425832,0.121781119347973
5,2,318911.6263209658,0.812,2.4276648,0.12290871512365341
5,2,318916.62651724054,0.812,2.4299748,0.12403631179634399
5,2,318921.62671351526,0.812,2.432113,0.12516390781633058
5,2,318926.62690979,0.812,2.434251,0.1262915087306367
5,2,318931.6271060647,0.812,2.4362555,0.12741910837136042
5,2,318936.6273023393,0.812,2.438527,0.1285467074107958
5,2,318941.6274986139,0.812,2.4405317,0.1296743061604036
5,2,318946.6276948885,0.812,2.4428034,0.1308019046356446
5,2,318951.62789116334,0.812,2.4447887,0.13192950105507173
5,2,318956.62808743794,0.812,2.4470224,0.13305710135022467
5,2,318961.62828371255,0.812,2.4491222,0.1341847019366092
5,2,318966.62847998715,0.812,2.4512603,0.13531230357373752
5,2,318971.62867626175,0.812,2.4534366,0.1364399062268204
5,2,318976.62887253636,0.812,2.4555748,0.137567510753115
5,2,318981.62906881096,0.812,2.4576747,0.13869511738916235
5,2,318986.6292650858,0.812,2.4599657,0.13982272412411367
5,2,318991.62946136063,0.812,2.4620082,0.14095032912867264
5,2,318996.62965763547,0.812,2.4642992,0.14207793396305704
5,2,319001.6298539103,0.812,2.4664946,0.14320554039343858
5,2,319006.63005018514,0.812,2.4686708,0.14433314612133963
5,2,319011.63024646,0.812,2.4708471,0.1454607487529847
5,2,319016.6304427348,0.812,2.4730997,0.14658835161689582
5,2,319021.63063900964,0.812,2.4752188,0.14771595642115667
5,2,319026.6308352845,0.812,2.477185,0.14884356311432184
5,2,319031.6310315593,0.812,2.4793994,0.14997116831395024
5,2,319036.63122783415,0.812,2.4814422,0.15109877402133076
5,2,319041.631424109,0.812,2.483924,0.15222638046975265
5,2,319046.6316203838,0.812,2.4859474,0.153353987812274
5,2,319051.63181665866,0.812,2.4882002,0.15448159595634206
5,2,319056.6320129335,0.812,2.49051,0.15560920034543008
5,2,319061.6322092083,0.812,2.4924955,0.15673680689753092
5,2,319066.63240548316,0.812,2.4945762,0.15786441408526894
5,2,319071.632601758,0.812,2.496638,0.15899201984115768
5,2,319076.63279803284,0.812,2.4988716,0.1601196245129373
5,2,319081.6329943072,0.812,2.5010478,0.16124722747477885
5,2,319086.6331905816,0.812,2.503167,0.1623748324616286
5,2,319091.63338685594,0.812,2.505267,0.16350243764116362
5,2,319096.6335831303,0.812,2.5071378,0.16463004525888955
5,2,319101.6337794047,0.812,2.509085,0.1657576527032951
5,2,319106.63397567905,0.812,2.5113375,0.16688525869273801
5,2,319111.6341719534,0.812,2.5134566,0.16801286164540707
5,2,319116.6343682278,0.812,2.5153465,0.1691404667034877
5,2,319121.63456450216,0.812,2.5173702,0.17026807494436033
5,2,319126.63476077653,0.812,2.5195081,0.17139568426540489
5,2,319131.6349570509,0.812,2.521551,0.1725232914196418
5,2,319136.6351533253,0.812,2.5236318,0.17365089595190017
5,2,319141.63534959964,0.812,2.5254836,0.1747785010601646
5,2,319146.635545874,0.812,2.527297,0.17590610611808957
5,2,319151.6357421484,0.812,2.5293207,0.17703370910526312
5,2,319156.63593842275,0.812,2.531096,0.17816131198761856
5,2,319161.6361346971,0.812,2.5331388,0.1792889187691741
5,2,319166.6363309715,0.812,2.534895,0.18041652442009576
5,2,319171.63652724586,0.812,2.5367467,0.18154413053144675
5,2,319176.63672352023,0.812,2.5384648,0.18267173643735046
5,2,319181.6369197946,0.812,2.5402403,0.18379934224888014
5,2,319186.637116069,0.812,2.542092,0.18492694527913128
5,2,319191.63731234334,0.812,2.544001,0.18605454904703955
5,2,319196.6375086177,0.812,2.5456047,0.18718215195536608
5,2,319201.6377048921,0.812,2.5472274,0.188309751863367
5,2,319206.63790116645,0.812,2.5487738,0.18943734888080752
5,2,319211.6380974408,0.812,2.5504727,0.19056494606339597
5,2,319216.6382937152,0.812,2.5519235,0.1916925463077293
5,2,319221.63848998956,0.812,2.553508,0.1928201462958024
5,2,319226.63868626393,0.812,2.5550735,0.19394774533402914
5,2,319231.6388825383,0.812,2.5565052,0.19507534651265868
5,2,319236.6390788127,0.812,2.5578988,0.19620294759434126
5,2,319241.63927508704,0.812,2.5591397,0.1973305484933952
5,2,319246.6394713614,0.812,2.5608768,0.19845815033103026
5,2,319251.6396676358,0.812,2.5620415,0.19958575206108223
5,2,319256.63986391015,0.812,2.5634923,0.2007133542743921
5,2,319261.6400601845,0.812,2.5647523,0.20184095546207492
5,2,319266.6402564589,0.812,2.565955,0.2029685565865801
5,2,319271.64045273326,0.812,2.5671575,0.20409615756987529
5,2,319276.64064900763,0.812,2.5685322,0.2052237593449751
5,2,319281.640845282,0.812,2.5694675,0.20635136084804598
5,2,319286.6410415564,0.812,2.5707085,0.20747896366240579
5,2,319291.64123783074,0.812,2.5717773,0.20860656497187413
5,2,319296.6414341051,0.812,2.5728464,0.20973416644351348
5,2,319301.6416303795,0.812,2.573763,0.21086176670707593
5,2,319306.64182665385,0.812,2.5747747,0.21198936845394634
5,2,319311.6420229282,0.812,2.5757673,0.21311697030471427
5,2,319316.6422192026,0.812,2.57676,0.21424457324980692
5,2,319321.64241547696,0.812,2.5776954,0.21537217938330103
5,2,319326.64261175133,0.812,2.5786119,0.216499787872374
5,2,319331.6428080257,0.812,2.579318,0.21762739828207753
5,2,319336.6430043001,0.812,2.5804253,0.21875500611251256
5,2,319341.64320057444,0.812,2.581208,0.21988261345043772
5,2,319346.6433968488,0.812,2.5820673,0.22101021947336852
5,2,319351.6435931232,0.812,2.5827353,0.2221378255452248
5,2,319356.64378939755,0.812,2.5834608,0.22326543107541724
5,2,319361.6439856719,0.812,2.5842052,0.22439303882137593
5,2,319366.6441819463,0.812,2.5848925,0.22552064593347898
5,2,319371.64437822066,0.812,2.5856562,0.22664825472604558
5,2,319376.64457449503,0.812,2.5861907,0.22777586458385646
5,2,319381.6447707694,0.812,2.586935,0.22890347337738334
5,2,319386.6449670438,0.812,2.5876033,0.2300310807378523
5,2,319391.64516331814,0.812,2.5882332,0.23115869025585709
5,2,319396.6453595925,0.812,2.5886915,0.23228629655871116
5,2,319401.6455558669,0.812,2.5895505,0.233413903611948
5,2,319406.64575214125,0.812,2.5900087,0.23454151291306474
5,2,319411.6459484156,0.812,2.5905814,0.23566912103070145
5,2,319416.64614469,0.812,2.5910969,0.23679672903115212
5,2,319421.64634096436,0.812,2.5916886,0.23792433766513393
5,2,319426.64653723873,0.812,2.5921278,0.23905194622803722
5,2,319431.6467335131,0.812,2.5927958,0.24017955305845864
5,2,319436.6469297875,0.812,2.5933304,0.24130715936224986
5,2,319441.64712606184,0.812,2.5936549,0.24243476899189415
5,2,319446.6473223362,0.812,2.5941513,0.24356237870194178
5,2,319451.6475186106,0.812,2.5948195,0.2446899863797558
5,2,319456.64771488495,0.812,2.595125,0.2458175937519437
5,2,319461.6479111593,0.812,2.5954494,0.24694520312057924
5,2,319466.6481074337,0.812,2.595774,0.2480728113277355
5,2,319471.64830370806,0.812,2.5962894,0.24920042000168224
5,2,319476.6484999829,0.812,2.5967286,0.25032803156657674
5,2,319481.64869625773,0.812,2.5971866,0.25145564564135
5,2,319486.64889253257,0.812,2.597702,0.2525832610945833
5,2,319491.6490888074,0.812,2.5980458,0.2537108729700909
5,2,319496.64928508224,0.812,2.5986185,0.2548384868285556
5,2,319501.6494813571,0.812,2.5990956,0.25596609875239257
5,2,319506.6496776319,0.812,2.5994394,0.2570937110727594
5,2,319511.64987390675,0.812,2.5997639,0.2582213251135382
5,2,319516.6500701816,0.812,2.6001456,0.25934893977112566
5,2,319521.6502664564,0.812,2.6004894,0.26047655635515843
5,2,319526.65046273125,0.812,2.6009283,0.26160416929311214
5,2,319531.6506590061,0.812,2.6013103,0.2627317829367385
5,2,319536.6508552809,0.812,2.6017492,0.2638593977456125
5,2,319541.65105155576,0.812,2.601883,0.26498701232512123
5,2,319546.6512478306,0.812,2.6022265,0.26611462736771496
5,2,319551.65144410543,0.812,2.602532,0.267242241487503
5,2,319556.65164038027,0.812,2.6030283,0.26836985460737006
5,2,319561.65183665464,0.812,2.603391,0.269497466724495
5,2,319566.6520329295,0.812,2.60383,0.270625078174485
5,2,319571.6522292043,0.812,2.6042118,0.2717526895361575
5,2,319576.6524254789,0.812,2.604441,0.2728802979173494
5,2,319581.6526217535,0.812,2.6045938,0.27400790748062726
5,2,319586.6528180281,0.812,2.6050327,0.2751355199585424
5,2,319591.6530143027,0.812,2.6053,0.2762631321227815
5,2,319596.6532105773,0.812,2.6055863,0.27739074523540663
5,2,319601.6534068519,0.812,2.605911,0.2785183581803904
5,2,319606.6536031265,0.812,2.60614,0.2796459676986204
5,2,319611.65379940113,0.812,2.60656,0.28077357800032027
5,2,319616.65399567573,0.812,2.6068654,0.2819011903908153
5,2,319621.65419195034,0.812,2.6069992,0.28302880067281255
5,2,319626.65438822506,0.812,2.6074953,0.2841564119473199
5,2,319631.6545844998,0.812,2.6077816,0.285284023062898
5,2,319636.6547807745,0.812,2.6080108,0.28641163279016146
5,2,319641.6549770492,0.812,2.6084118,0.28753924616615634
5,2,319646.65517332393,0.812,2.6088126,0.2886668585517936
5,2,319651.65536959865,0.812,2.6090798,0.2897944675502512
5,2,319656.65556587337,0.812,2.6088126,0.2909220750844644
5,2,319661.6557621481,0.812,2.6092708,0.29204967997001274
5,2,319666.6559584228,0.812,2.6095762,0.2931772869259185
5,2,319671.6561546975,0.812,2.6098244,0.2943048946388198
5,2,319676.65635097225,0.812,2.610187,0.29543250230871304
5,2,319681.65654724697,0.812,2.6104734,0.29656010861472615
5,2,319686.65674352186,0.812,2.6105118,0.2976877175902691
5,2,319691.6569397966,0.812,2.6108935,0.2988153260053495
5,2,319696.6571360713,0.812,2.6110845,0.29994293531489696
5,2,319701.65733234596,0.812,2.6115234,0.3010705439391036
5,2,319706.6575286207,0.812,2.6116,0.3021981550197203
5,2,319711.6577248954,0.812,2.6118672,0.30332576739111866
5,2,319716.6579211701,0.812,2.612077,0.3044533781973719
5,2,319721.65811744484,0.812,2.6124017,0.30558098831969827
5,2,319726.65831371956,0.812,2.612669,0.30670859786357807
5,2,319731.65850999416,0.812,2.613127,0.3078362038675248
5,2,319736.65870626876,0.812,2.6132035,0.30896381264428624
5,2,319741.65890254336,0.812,2.613509,0.31009142105869447
5,2,319746.65909881797,0.812,2.6138144,0.31121902907330457
5,2,319751.65929509234,0.812,2.6138906,0.31234663848837874
5,2,319756.65949136694,0.812,2.6144443,0.31347424726347783
5,2,319761.65968764154,0.812,2.614578,0.31460185533858664
5,2,319766.65988391615,0.812,2.6146924,0.31572946217281284
5,2,319771.66008019075,0.812,2.6149979,0.3168570664761066
5,2,319776.6602764656,0.812,2.615227,0.3179846736240817
5,2,319781.6604727404,0.812,2.6152842,0.31911228007955683
5,2,319786.66066901525,0.812,2.6155324,0.32023988290067845
5,2,319791.6608652901,0.812,2.6159525,0.3213674882401592
5,2,319796.6610615649,0.812,2.616105,0.3224950910591781
5,2,319801.66125783976,0.812,2.616468,0.32362269462424514
5,2,319806.6614541146,0.812,2.6166968,0.32475029887990153
5,2,319811.66165038943,0.812,2.616926,0.32587790289061924
5,2,319816.66184666427,0.812,2.616945,0.3270055082108676
5,2,319821.6620429391,0.812,2.6171932,0.328133116074115
5,2,319826.66223921394,0.812,2.617327,0.32926072211143703
5,2,319831.6624354883,0.812,2.6178424,0.33038832795693146
5,2,319836.66263176315,0.812,2.6178806,0.3315159315501783
5,2,319841.662828038,0.812,2.6181097,0.33264353484616677
5,2,319846.6630243128,0.812,2.6183195,0.33377113907889855
5,2,319851.66322058765,0.812,2.6184914,0.33489874387545715
5,2,319856.6634168625,0.812,2.618835,0.3360263488185372
5,2,319861.6636131373,0.812,2.6189497,0.3371539528409606
5,2,319866.66380941216,0.812,2.619255,0.3382815516876445
5,2,319871.664005687,0.812,2.6194842,0.3394091490785247
5,2,319876.66420196183,0.812,2.6198468,0.34053674802594047
5,2,319881.6643982362,0.812,2.619904,0.34166434957270486
5,2,319886.66459451057,0.812,2.6204576,0.34279195182349614
5,2,319891.66479078494,0.812,2.6205723,0.34391955285519693
5,2,319896.6649870593,0.812,2.6208587,0.3450471578851276
5,2,319901.6651833337,0.812,2.6211832,0.34617476055819124
5,2,319906.66537960805,0.812,2.6215267,0.3473023647792306
5,2,319911.6655758824,0.812,2.621775,0.34842996945876875
5,2,319916.6657721568,0.812,2.6218705,0.34955757477481825
5,2,319921.66596843116,0.812,2.6222332,0.35068518133976057
5,2,319926.66616470553,0.812,2.6224048,0.35181278783864106
5,2,319931.6663609799,0.812,2.6227105,0.3529403930538097
5,2,319936.66655725427,0.812,2.6229393,0.3540679982672101
5,2,319941.66675352864,0.812,2.623054,0.35519560176225823
5,2,319946.666949803,0.812,2.6233022,0.35632320505891896
5,2,319951.6671460774,0.812,2.6235313,0.3574508107975787
5,2,319956.66734235175,0.812,2.623703,0.3585784159661365
5,2,319961.6675386261,0.812,2.6240084,0.3597060194477769
5,2,319966.6677349005,0.812,2.6243904,0.3608336213265491
5,2,319971.66793117486,0.812,2.6243904,0.36196122175019974
5,2,319976.66812744923,0.812,2.6246767,0.3630888215847677
5,2,319981.6683237236,0.812,2.6249058,0.36421642132334237
5,2,319986.66851999797,0.812,2.6251159,0.36534402310038927
5,2,319991.66871627234,0.812,2.6252112,0.3664716263141598
5,2,319996.6689125467,0.812,2.6258793,0.36759922948788926
5,2,320001.6691088211,0.812,2.625994,0.368726830305616
5,2,320006.66930509545,0.812,2.6260703,0.3698544282411899
5,2,320011.6695013698,0.812,2.626204,0.37098202854289275
5,2,320016.6696976442,0.812,2.6265285,0.37210962924084723
5,2,320021.66989391856,0.812,2.6267958,0.37323722657648384
5,2,320026.6700901929,0.812,2.6269865,0.3743648226801388
5,2,320031.6702864673,0.812,2.6271203,0.3754924221015638
5,2,320036.67048274167,0.812,2.627521,0.37662002178265314
5,2,320041.67067901604,0.812,2.627693,0.3777476216431624
5,2,320046.6708752904,0.812,2.6279984,0.378875221894794
5,2,320051.6710715648,0.812,2.6281893,0.3800028232251869
5,2,320056.67126783915,0.812,2.6284566,0.3811304247636033
5,2,320061.6714641135,0.812,2.6285138,0.38225802677039633
5,2,320066.6716603879,0.812,2.628934,0.3833856282627251
5,2,320071.67185666226,0.812,2.6292012,0.3845132285385893
5,2,320076.6720529366,0.812,2.629182,0.38564082277551953
5,2,320081.672249211,0.812,2.6296973,0.38676841895976327
5,2,320086.67244548537,0.812,2.6298501,0.38789601392734047
5,2,320091.67264175974,0.812,2.6302319,0.38902360879932507
5,2,320096.6728380341,0.812,2.630442,0.39015120426197847
5,2,320101.6730343085,0.812,2.63069,0.39127880434919066
5,2,320106.67323058285,0.812,2.6307282,0.3924064058459699
5,2,320111.6734268572,0.812,2.6311483,0.3935340078897973
5,2,320116.6736231316,0.812,2.6313775,0.3946616080400977
5,2,320121.67381940596,0.812,2.6315682,0.3957892112063368
5,2,320126.6740156803,0.812,2.6317782,0.3969168146228327
5,2,320131.6742119547,0.812,2.6319883,0.39804441746363045
5,2,320136.67440822907,0.812,2.6322937,0.3991720212462445
5,2,320141.67460450344,0.812,2.632542,0.40029962171717487
5,2,320146.6748007778,0.812,2.632542,0.4014272207647264
5,2,320151.6749970522,0.812,2.6328664,0.4025548220104476
5,2,320156.67519332655,0.812,2.6332483,0.4036824216039214
5,2,320161.6753896009,0.812,2.6333246,0.4048100197599994
5,2,320166.6755858753,0.812,2.6336873,0.4059376195108195
5,2,320171.67578214966,0.812,2.6339736,0.4070652183705933
5,2,320176.675978424,0.812,2.6340883,0.4081928178533879
5,2,320181.6761746984,0.812,2.634298,0.409320415749891
5,2,320186.67637097277,0.812,2.634699,0.4104480142149098
5,2,320191.67656724714,0.812,2.6349282,0.4115756117619773
5,2,320196.6767635215,0.812,2.6351764,0.4127032079699901
5,2,320201.6769597959,0.812,2.6354437,0.41383080724731425
5,2,320206.67715607025,0.812,2.63573,0.41495840637274256
5,2,320211.6773523446,0.812,2.6360927,0.41608600592864226
5,2,320216.677548619,0.812,2.6362455,0.41721360449438627
5,2,320221.67774489336,0.812,2.6366081,0.4183412047060033
5,2,320226.6779411677,0.812,2.636761,0.4194687998717692
5,2,320231.6781374421,0.812,2.6368754,0.42059639331372245
5,2,320236.67833371647,0.812,2.6370664,0.42172398826773294
5,2,320241.67852999084,0.812,2.6373909,0.4228515841346647
5,2,320246.6787262652,0.812,2.637639,0.423979180971884
5,2,320251.6789225396,0.812,2.6379635,0.42510677557898885
5,2,320256.67911881395,0.812,2.638269,0.42623436987922914
5,2,320261.6793150883,0.812,2.6384408,0.42736196508418184
5,2,320266.6795113627,0.812,2.6388035,0.42848956149351924
5,2,320271.6797076375,0.812,2.639147,0.42961715846879944
5,2,320276.67990391236,0.812,2.6393762,0.43074475597446826
5,2,320281.6801001872,0.812,2.6396625,0.43187235279776987
5,2,320286.68029646203,0.812,2.6397772,0.4329999491059516
5,2,320291.68049273686,0.812,2.6400445,0.434127546405279
5,2,320296.6806890117,0.812,2.6405025,0.43525514500863355
5,2,320301.68088528607,0.812,2.640598,0.43638274405153593
5,2,320306.6810815609,0.812,2.6408844,0.4375103474452893
5,2,320311.68127783574,0.812,2.641037,0.4386379515769846
5,2,320316.6814741106,0.812,2.6415524,0.439765552484062
5,2,320321.6816703854,0.812,2.6417434,0.44089315396157575
5,2,320326.68186666025,0.812,2.6419916,0.4420207538974716
5,2,320331.6820629351,0.812,2.6422398,0.44314835438632966
5,2,320336.6822592099,0.812,2.6425452,0.4442759540390637
5,2,320341.68245548476,0.812,2.642965,0.44540355307724744
5,2,320346.6826517596,0.812,2.6430798,0.44653114992733467
5,2,320351.6828480344,0.812,2.6436334,0.44765875000694394
5,2,320356.68304430926,0.812,2.6437669,0.4487863489511377
5,2,320361.6832405841,0.812,2.644187,0.4499139480851491
5,2,320366.68343685893,0.812,2.644397,0.4510415469296442
5,2,320371.68363313354,0.812,2.6445496,0.4521691460479663
5,2,320376.68382940814,0.812,2.6449506,0.4532967478874392
5,2,320381.68402568274,0.812,2.645237,0.4544243518931799
5,2,320386.68422195734,0.812,2.6454852,0.45555195142685373
5,2,320391.68441823195,0.812,2.6459816,0.45667954939056765
5,2,320396.68461450655,0.812,2.6462295,0.45780714881508217
5,2,320401.68481078115,0.812,2.6467068,0.4589347439171142
5,2,320406.68500705576,0.812,2.646955,0.46006233993329604
5,2,320411.68520333036,0.812,2.6472604,0.4611899392278261
5,2,320416.68539960496,0.812,2.6477187,0.46231753705759515
5,2,320421.6855958797,0.812,2.6477187,0.46344513699827594
5,2,320426.68579215463,0.812,2.648196,0.4645727358160185
5,2,320431.68598842935,0.812,2.6484632,0.4657003367266258
5,2,320436.6861847041,0.812,2.6489787,0.4668279376722343
5,2,320441.6863809788,0.812,2.6493986,0.4679555404331155
5,2,320446.6865772535,0.812,2.6496086,0.46908314320782496
5,2,320451.6867735282,0.812,2.649704,0.4702107445563708
5,2,320456.68696980295,0.812,2.6503532,0.47133834438088545
5,2,320461.68716607767,0.812,2.650735,0.47246594478297577
5,2,320466.6873623524,0.812,2.6508687,0.47359354557287375
5,2,320471.6875586271,0.812,2.6513267,0.4747211478231153
5,2,320476.6877549018,0.812,2.6514413,0.4758487489768367
5,2,320481.68795117654,0.812,2.6517467,0.47697634709197295
5,2,320486.6881474512,0.812,2.6521857,0.4781039466927483
5,2,320491.6883437258,0.812,2.6525867,0.4792315470851164
5,2,320496.68854000047,0.812,2.652892,0.48035914568256677
5,2,320501.6887362752,0.812,2.6530068,0.48148674450046824
5,2,320506.6889325499,0.812,2.6534266,0.4826143452616136
5,2,320511.6891288246,0.812,2.653694,0.48374194294789113
5,2,320516.68932509935,0.812,2.6540756,0.48486954043905944
5,2,320521.68952137395,0.812,2.6545339,0.4859971400598752
5,2,320526.68971764855,0.812,2.6548393,0.48712473824428526
5,2,320531.68991392315,0.812,2.6553738,0.48825233492985376
5,2,320536.69011019776,0.812,2.6557367,0.4893799330847198
5,2,320541.69030647236,0.812,2.6559465,0.4905075327377817
5,2,320546.69050274696,0.812,2.6561565,0.4916351333573064
5,2,320551.69069902156,0.812,2.6565,0.49276273312635566
5,2,320556.69089529617,0.812,2.6567674,0.49389032950380457
5,2,320561.69109157077,0.812,2.6569393,0.4950179234257772
5,2,320566.6912878454,0.812,2.657302,0.49614552016669194
5,2,320571.69148411974,0.812,2.6574166,0.49727311582456046
5,2,320576.6916803946,0.812,2.6580274,0.49840071028057087
5,2,320581.6918766694,0.812,2.6583138,0.4995283053965338
5,2,320586.69207294425,0.812,2.6584666,0.500655899827944
5,2,320591.6922692191,0.812,2.658982,0.5017834888647464
5,2,320596.6924654939,0.812,2.6591346,0.5029110790460144
5,2,320601.69266176876,0.812,2.6596692,0.5040386714162828
5,2,320606.6928580436,0.812,2.6600127,0.5051662607119349
5,2,320611.6930543184,0.812,2.66028,0.5062938496185575
5,2,320616.69325059326,0.812,2.6607955,0.5074214381596447
5,2,320621.6934468681,0.812,2.6609864,0.5085490315474637
5,2,320626.69364314293,0.812,2.661349,0.5096766214132475
5,2,320631.69383941777,0.812,2.661712,0.5108042119683293
5,2,320636.6940356926,0.812,2.6620364,0.5119318074163365
5,2,320641.69423196744,0.812,2.6625137,0.5130594034790099
5,2,320646.6944282423,0.812,2.6626663,0.5141869991282721
5,2,320651.6946245171,0.812,2.6631055,0.5153145955480006
5,2,320656.69482079195,0.812,2.6635444,0.5164421922355427
5,2,320661.6950170668,0.812,2.66364,0.517569790433271
5,2,320666.6952133416,0.812,2.6641746,0.5186973872754805
5,2,320671.69540961646,0.812,2.664308,0.51982498582733
5,2,320676.6956058908,0.812,2.6648617,0.5209525854841504
5,2,320681.6958021652,0.812,2.6652818,0.5220801876377926
5,2,320686.69599843957,0.812,2.6658354,0.5232077894863949
5,2,320691.69619471394,0.812,2.6661408,0.5243353892896473
5,2,320696.6963909883,0.812,2.6662745,0.525462987692611
5,2,320701.6965872627,0.812,2.6666944,0.5265905835063457
5,2,320706.69678353705,0.812,2.6671145,0.527718178122325
5,2,320711.6969798114,0.812,2.6673627,0.5288457731404701
5,2,320716.6971760858,0.812,2.6678588,0.5299733699854579
5,2,320721.69737236015,0.812,2.6682599,0.5311009659520785
5,2,320726.6975686345,0.812,2.6686225,0.5322285638592376
5,2,320731.6977649089,0.812,2.6688325,0.5333561638150744
5,2,320736.69796118326,0.812,2.6693099,0.5344837628669042
5,2,320741.69815745763,0.812,2.6696343,0.5356113624253537
5,2,320746.698353732,0.812,2.6700926,0.5367389611130853
5,2,320751.6985500064,0.812,2.6705124,0.5378665607299109
5,2,320756.69874628074,0.812,2.6707797,0.538994161154939
5,2,320761.6989425551,0.812,2.6715052,0.540121760760963
5,2,320766.6991388295,0.812,2.6716578,0.54124935884983
5,2,320771.69933510385,0.812,2.6720016,0.5423769571159084
5,2,320776.6995313782,0.812,2.6724405,0.5435045565535359
5,2,320781.6997276526,0.812,2.6727078,0.5446321558987431
5,2,320786.69992392696,0.812,2.6732614,0.5457597544894185
5,2,320791.70012020133,0.812,2.6737769,0.546887351218005
5,2,320796.7003164757,0.812,2.674216,0.5480149526730312
5,2,320801.7005127501,0.812,2.6747315,0.5491425487793155
5,2,320806.70070902444,0.812,2.675037,0.5502701451300913
5,2,320811.7009052988,0.812,2.6753614,0.5513977426646187
5,2,320816.7011015732,0.812,2.6757815,0.552525341363705
5,2,320821.70129784755,0.812,2.6761632,0.5536529407717984
5,2,320826.7014941219,0.812,2.6765068,0.554780541275157
5,2,320831.7016903963,0.812,2.6770222,0.5559081399381592
5,2,320836.70188667066,0.812,2.6773467,0.5570357387804953
5,2,320841.70208294503,0.812,2.6778622,0.5581633355889322
5,2,320846.7022792194,0.812,2.6781676,0.5592909305815731
5,2,320851.7024754938,0.812,2.6785877,0.5604185262666909
5,2,320856.70267176814,0.812,2.6789885,0.5615461188907525
5,2,320861.7028680425,0.812,2.6795423,0.5626737128932311
5,2,320866.7030643169,0.812,2.6802485,0.5638013070051836
5,2,320871.70326059125,0.812,2.6804204,0.5649289008762605
5,2,320876.7034568656,0.812,2.6810122,0.5660564975724651
5,2,320881.70365314,0.812,2.6812603,0.5671840939404634
5,2,320886.70384941436,0.812,2.6817186,0.5683116922225059
5,2,320891.70404568873,0.812,2.6822147,0.5694392876171039
5,2,320896.7042419631,0.812,2.6826348,0.5705668844419785
5,2,320901.7044382375,0.812,2.6830165,0.5716944813801117
5,2,320906.70463451184,0.812,2.683513,0.5728220776486033
5,2,320911.7048307862,0.812,2.6840284,0.5739496755961776
5,2,320916.7050270606,0.812,2.684391,0.575077275104473
5,2,320921.70522333495,0.812,2.684983,0.5762048754854269
5,2,320926.7054196093,0.812,2.6854985,0.5773324754400684
5,2,320931.7056158837,0.812,2.6859946,0.5784600753850175
5,2,320936.70581215806,0.812,2.6866438,0.5795876762336957
5,2,320941.70600843243,0.812,2.6869683,0.5807152765917183
5,2,320946.7062047068,0.812,2.6875792,0.5818428757108981
5,2,320951.7064009812,0.812,2.6879992,0.5829704781546263
5,2,320956.70659725554,0.812,2.6882856,0.5840980814566945
5,2,320961.7067935299,0.812,2.6889536,0.58522568482048
5,2,320966.7069898043,0.812,2.6893737,0.5863532869938779
5,2,320971.70718607865,0.812,2.689832,0.5874808874803319
5,2,320976.707382353,0.812,2.6900418,0.5886084884435039
5,2,320981.7075786274,0.812,2.6906528,0.5897360892383292
5,2,320986.70777490176,0.812,2.6910536,0.5908636918662755
5,2,320991.70797117613,0.812,2.6914928,0.5919912968968982
5,2,320996.7081674505,0.812,2.6919317,0.5931189022228487
5,2,321001.7083637249,0.812,2.6925235,0.5942465072619386
5,2,321006.70855999924,0.812,2.6832457,0.5953741100821893
5,2,321011.7087562736,0.812,2.6757624,0.5965017150732511
5,2,321016.708952548,0.812,2.673357,0.5976293210951289
5,2,321021.70914882235,0.812,2.6728797,0.5987569251274302
5,2,321026.7093450967,0.812,2.6701307,0.5998845281335513
5,2,321031.7095413711,0.812,2.6679354,0.6010121316315532
5,2,321036.70973764546,0.812,2.6673243,0.6021397345672382
5,2,321041.70993391983,0.812,2.6674008,0.6032673401455946
5,2,321046.7101301942,0.812,2.6665034,0.6043949438248211
5,2,321051.7103264686,0.812,2.665568,0.6055225461461875
5,2,321056.71052274294,0.812,2.6645563,0.6066501471600234
5,2,321061.7107190173,0.812,2.6628,0.6077777499302327
5,2,321066.7109152917,0.812,2.6624563,0.6089053521457082
5,2,321071.7111115665,0.812,2.6620173,0.610032955156962
5,2,321076.71130784135,0.812,2.6616163,0.6111605553426973
5,2,321081.7115041162,0.812,2.6572638,0.6122881529277066
5,2,321086.711700391,0.812,2.6560802,0.613415751678831
5,2,321091.71189666586,0.812,2.654572,0.6145433499248458
5,2,321096.7120929407,0.812,2.6531212,0.6156709502598544
5,2,321101.71228921553,0.812,2.6522813,0.6167985499082639
5,2,321106.71248549037,0.812,2.652033,0.6179261480589278
5,2,321111.7126817652,0.812,2.651632,0.6190537420930333
5,2,321116.71287804004,0.812,2.6515558,0.6201813359552357
5,2,321121.7130743149,0.812,2.6515749,0.6213089313803348
5,2,321126.7132705897,0.812,2.6512313,0.6224365302390986
5,2,321131.71346686454,0.812,2.6515176,0.6235641303901176
5,2,321136.7136631394,0.812,2.6514604,0.624691730098731
5,2,321141.7138594142,0.812,2.6515749,0.6258193282074035
5,2,321146.71405568905,0.812,2.651823,0.6269469265835484
5,2,321151.7142519639,0.812,2.651804,0.6280745261651377
5,2,321156.7144482387,0.812,2.6522622,0.6292021279956368
5,2,321161.71464451356,0.812,2.6522622,0.63032972870183
5,2,321166.7148407884,0.812,2.6520522,0.6314573310780195
5,2,321171.715037063,0.812,2.6519568,0.6325849333645901
5,2,321176.7152333376,0.812,2.6518993,0.6337125370235808
5,2,321181.7154296122,0.812,2.652224,0.6348401396179068
5,2,321186.7156258868,0.812,2.6521857,0.6359677429286077
5,2,321191.7158221614,0.812,2.6522813,0.6370953450135325
5,2,321196.716018436,0.812,2.6525676,0.6382229451287489
5,2,321201.7162147106,0.812,2.6529112,0.6393505422071716
5,2,321206.7164109852,0.812,2.653503,0.6404781383345989
5,2,321211.7166072598,0.812,2.6539612,0.641605736739076
5,2,321216.71680353454,0.812,2.6541522,0.6427333336872924
5,2,321221.71699980926,0.812,2.6542094,0.643860933956567
5,2,321226.71719608386,0.812,2.6544957,0.6449885343785254
5,2,321231.7173923586,0.812,2.6550303,0.6461161337638631
5,2,321236.7175886333,0.812,2.6553547,0.6472437326615852
5,2,321241.717784908,0.812,2.6557748,0.6483713332977826
5,2,321246.71798118274,0.812,2.6559656,0.649498933233301
5,2,321251.71817745746,0.812,2.6563475,0.6506265364747811
5,2,321256.7183737322,0.812,2.6567292,0.6517541397722829
5,2,321261.7185700069,0.812,2.6571684,0.6528817411257031
5,2,321266.7187662816,0.812,2.6574929,0.6540093427885442
5,2,321271.7189625563,0.812,2.6581037,0.6551369431263939
5,2,321276.719158831,0.812,2.6585047,0.6562645484915014
5,2,321281.7193551057,0.812,2.6591156,0.6573921528626915
5,2,321286.71955138043,0.812,2.6595738,0.6585197593467735
5,2,321291.7197476551,0.812,2.6599746,0.6596473635753164
5,2,321296.7199439298,0.812,2.6603184,0.6607749693296985
5,2,321301.72014020453,0.812,2.6610436,0.6619025724299354
5,2,321306.7203364788,0.812,2.661502,0.6630301755822602
5,2,321311.7205327535,0.812,2.6619983,0.6641577801087899
5,2,321316.7207290281,0.812,2.662361,0.6652853861331413
5,2,321321.7209253027,0.812,2.663239,0.6664129861632488
5,2,321326.7211215773,0.812,2.6637735,0.6675405861209865
5,2,321331.7213178519,0.812,2.6643846,0.6686681890191373
5,2,321336.7215141265,0.812,2.6649382,0.6697957875897821
5,2,321341.7217104011,0.812,2.66574,0.6709233854635261
5,2,321346.7219066757,0.812,2.6664653,0.672050983991855
5,2,321351.72210295056,0.812,2.6668472,0.6731785835166014
5,2,321356.72229922516,0.812,2.6676106,0.6743061819961903
5,2,321361.72249549977,0.812,2.668298,0.6754337828130561
5,2,321366.72269177437,0.812,2.6705697,0.6765613870576294
5,2,321371.7228880492,0.812,2.6731088,0.6776889883627797
5,2,321376.72308432404,0.812,2.6764686,0.6788165916738051
5,2,321381.7232805989,0.812,2.6797712,0.6799441953151197
5,2,321386.7234768737,0.812,2.6815276,0.6810717998815845
5,2,321391.72367314855,0.812,2.6884766,0.6821994029794936
5,2,321396.7238694234,0.812,2.6916263,0.6833270048474045
5,2,321401.7240656982,0.812,2.693631,0.6844546055430873
5,2,321406.72426197305,0.812,2.6952918,0.6855822042975596
5,2,321411.7244582479,0.812,2.697048,0.686709802933306
5,2,321416.7246545227,0.812,2.698098,0.6878374026134714
5,2,321421.72485079756,0.812,2.6995487,0.6889650013586287
5,2,321426.7250470724,0.812,2.700866,0.690092604052756
5,2,321431.72524334723,0.812,2.7020879,0.6912202020777435
5,2,321436.72543962207,0.812,2.703157,0.6923478033523067
5,2,321441.7256358969,0.812,2.704245,0.6934754082847407
5,2,321446.72583217174,0.812,2.7050087,0.6946030083849998
5,2,321451.7260284466,0.812,2.705944,0.6957306100593943
5,2,321456.7262247214,0.812,2.706956,0.6968582127372396
5,2,321461.72642099624,0.812,2.708006,0.6979858180976615
5,2,321466.7266172711,0.812,2.7089794,0.6991134233333938
5,2,321471.72681354545,0.812,2.7101822,0.700241026080897
5,2,321476.7270098198,0.812,2.7115948,0.7013686276647619
5,2,321481.7272060942,0.812,2.712492,0.7024962288017775
5,2,321486.72740236856,0.812,2.7134657,0.7036238326488441
5,2,321491.72759864293,0.812,2.7143056,0.7047514370545055
5,2,321496.7277949173,0.812,2.7166154,0.7058790420348285
5,2,321501.72799119167,0.812,2.7185438,0.7070066474100025
5,2,321506.72818746604,0.812,2.7204337,0.7081342523141674
5,2,321511.7283837404,0.812,2.7216172,0.7092618554883074
5,2,321516.7285800148,0.812,2.723087,0.7103894609496996
5,2,321521.72877628915,0.812,2.7261035,0.7115170692771446
5,2,321526.7289725635,0.812,2.7339494,0.7126446748644218
5,2,321531.7291688379,0.812,2.7382257,0.7137722815911874
5,2,321536.72936511226,0.812,2.7406502,0.7148998880707262
5,2,321541.72956138663,0.812,2.7429793,0.7160274940079886
5,2,321546.729757661,0.812,2.7453465,0.7171550953927177
5,2,321551.72995393537,0.812,2.74716,0.7182826972490554
5,2,321556.73015020974,0.812,2.74863,0.7194102979027832
5,2,321561.7303464841,0.812,2.7504818,0.7205379008259546
5,2,321566.7305427585,0.812,2.7520852,0.7216655027899979
5,2,321571.73073903285,0.812,2.75346,0.7227931042850784
5,2,321576.7309353072,0.812,2.7545671,0.7239207090308869
5,2,321581.7311315816,0.812,2.7559416,0.7250483132023053
5,2,321586.73132785596,0.812,2.7575643,0.7261759179138346
5,2,321591.73152413033,0.812,2.758767,0.727303521503886
5,2,321596.7317204047,0.812,2.760027,0.7284311236112188
5,2,321601.73191667907,0.812,2.7611914,0.7295587260449069
5,2,321606.73211295344,0.812,2.7624514,0.7306863276479115
5,2,321611.7323092278,0.812,2.7639213,0.7318139282655124
5,2,321616.7325055022,0.812,2.7650094,0.732941526515332
5,2,321621.73270177655,0.812,2.766384,0.7340691255631915
5,2,321626.7328980509,0.812,2.7675102,0.7351967281478615
5,2,321631.7330943253,0.812,2.769362,0.736324327617447
5,2,321636.73329059966,0.812,2.7705076,0.7374519256901018
5,2,321641.733486874,0.812,2.7718055,0.7385795262789765
5,2,321646.7336831484,0.812,2.7734473,0.7397071246909174
5,2,321651.73387942277,0.812,2.774402,0.7408347222247162
5,2,321656.73407569714,0.812,2.7759864,0.7419623214716354
5,2,321661.7342719715,0.812,2.7771509,0.7430899169908868
5,2,321666.7344682459,0.812,2.7787163,0.7442175184050043
5,2,321671.73466452025,0.812,2.7800527,0.7453451182023161
5,2,321676.7348607946,0.812,2.7813509,0.7464727184123403
5,2,321681.735057069,0.812,2.7825725,0.7476003199553264
5,2,321686.73525334336,0.812,2.7842333,0.7487279197150111
5,2,321691.7354496177,0.812,2.7858179,0.7498555190168525
5,2,321696.7356458921,0.812,2.7869823,0.7509831167870368
5,2,321701.73584216647,0.812,2.7884905,0.7521107139825528
5,2,321706.73603844084,0.812,2.7899795,0.7532383110074637
5,2,321711.7362347152,0.812,2.7916405,0.754365906505615
5,2,321716.7364309896,0.812,2.7935112,0.7554935015652218
5,2,321721.73662726395,0.812,2.7942367,0.7566210975523496
5,2,321726.7368235383,0.812,2.7955348,0.7577486957013247
5,2,321731.7370198127,0.812,2.7972147,0.7588762956067329
5,2,321736.73721608706,0.812,2.7983792,0.7600038966361885
5,2,321741.7374123614,0.812,2.7996964,0.7611314980107352
5,2,321746.7376086358,0.812,2.8011093,0.7622590981020104
5,2,321751.73780491017,0.812,2.802121,0.7633866988542979
5,2,321756.73800118454,0.812,2.802522,0.7645142995506266
5,2,321761.7381974589,0.812,2.8032281,0.7656419019475386
5,2,321766.7383937333,0.812,2.8048127,0.7667695056673922
5,2,321771.73859000765,0.812,2.806168,0.7678971087158294
5,2,321776.738786282,0.812,2.8077908,0.7690247120015792
5,2,321781.7389825564,0.812,2.8081152,0.7701523152549404
5,2,321786.73917883076,0.812,2.808421,0.7712799173157021
5,2,321791.7393751051,0.812,2.8082871,0.772407518691186
5,2,321796.7395713795,0.812,2.8088026,0.7735351183611888
5,2,321801.73976765387,0.812,2.80949,0.7746627167932132
5,2,321806.73996392824,0.812,2.8104444,0.7757903171550372
5,2,321811.7401602026,0.812,2.8114562,0.7769179160414145
5,2,321816.740356477,0.812,2.8126397,0.7780455162185171
5,2,321821.74055275135,0.812,2.813747,0.7791731157392832
5,2,321826.7407490257,0.812,2.8131552,0.7803007167984318
5,2,321831.7409453001,0.812,2.8138425,0.781428321049439
5,2,321836.74114157446,0.812,2.8145106,0.7825559224143099
5,2,321841.7413378488,0.812,2.8149498,0.7836835231605872
5,2,321846.7415341232,0.812,2.8160188,0.7848111227055958
5,2,321851.74173039757,0.812,2.8173933,0.785938721079095
5,2,321856.74192667194,0.812,2.8191113,0.7870663195602666
5,2,321861.7421229463,0.812,2.8206196,0.7881939202460816
5,2,321866.74231922114,0.812,2.8220131,0.7893215179991891
5,2,321871.742515496,0.812,2.820066,0.7904491166293459
5,2,321876.7427117708,0.812,2.8192258,0.7915767131321566
5,2,321881.74290804565,0.812,2.8197222,0.7927043093941579
5,2,321886.7431043205,0.812,2.8202949,0.7938319064562754
5,2,321891.7433005953,0.812,2.8214595,0.7949595045604411
5,2,321896.74349687016,0.812,2.8226812,0.7960871027139859
5,2,321901.743693145,0.812,2.8240557,0.7972146980079051
5,2,321906.7438894198,0.812,2.8255448,0.7983422949289517
5,2,321911.74408569466,0.812,2.8267856,0.7994698925401372
5,2,321916.7442819695,0.812,2.828542,0.8005974897630549
5,2,321921.74447824433,0.812,2.8303747,0.8017250839836435
5,2,321926.74467451917,0.812,2.831959,0.8028526793042424
5,2,321931.744870794,0.812,2.83341,0.8039802775352037
5,2,321936.74506706884,0.812,2.83509,0.8051078786847529
5,2,321941.7452633437,0.812,2.8362544,0.8062354773545998
5,2,321946.7454596185,0.812,2.8379536,0.8073630733886795
5,2,321951.74565589335,0.812,2.8396525,0.8084906698344652
5,2,321956.7458521682,0.812,2.8415043,0.8096182631317083
5,2,321961.746048443,0.812,2.8432415,0.8107458575941493
5,2,321966.7462447176,0.812,2.8449788,0.8118734548474553
5,2,321971.7464409922,0.812,2.847136,0.8130010528266765
5,2,321976.7466372668,0.812,2.848835,0.8141286524004046
5,2,321981.74683354143,0.812,2.8509731,0.8152562504301273
5,2,321986.74702981603,0.812,2.8531113,0.8163838471427629
5,2,321991.74722609064,0.812,2.8551157,0.8175114433879027
5,2,321996.74742236524,0.812,2.8568146,0.8186390400627986
5,2,322001.74761863984,0.812,2.8586283,0.8197666357899808
5,2,322006.74781491444,0.812,2.8606517,0.8208942343537446
5,2,322011.74801118905,0.812,2.8629618,0.8220218330889248
5,2,322016.74820746377,0.812,2.864718,0.8231494306869874
5,2,322021.7484037385,0.812,2.8667989,0.8242770283421348
5,2,322026.7486000132,0.812,2.8686697,0.8254046227549418
5,2,322031.7487962879,0.812,2.8709798,0.8265322180802925
5,2,322036.74899256264,0.812,2.8731942,0.8276598140485655
5,2,322041.74918883736,0.812,2.8753896,0.8287874075897307
5,2,322046.7493851116,0.812,2.877795,0.8299150022589667
5,2,322051.74958138634,0.812,2.8777568,0.8310425973037188
5,2,322056.74977766105,0.812,2.8765159,0.832170192020175
5,2,322061.7499739358,0.812,2.875485,0.8332977891127835
5,2,322066.75017021043,0.812,2.8760386,0.8344253858840006
5,2,322071.75036648515,0.812,2.8768594,0.8355529834163524
5,2,322076.7505627599,0.812,2.877604,0.8366805809014609
5,2,322081.7507590346,0.812,2.8786159,0.8378081778160834
5,2,322086.7509553093,0.812,2.8798757,0.8389357742828498
5,2,322091.751151584,0.812,2.8811548,0.8400633712534047
5,2,322096.7513478587,0.812,2.882243,0.8411909649914772
5,2,322101.7515441334,0.812,2.8838847,0.8423185623535617
5,2,322106.75174040813,0.812,2.8855264,0.8434461623508736
5,2,322111.75193668285,0.812,2.8872447,0.8445737602375882
5,2,322116.75213295757,0.812,2.8893063,0.8457013599642353
5,2,322121.7523292322,0.812,2.8910818,0.846828960875134
5,2,322126.7525255068,0.812,2.8929908,0.8479565602718628
5,2,322131.7527217814,0.812,2.8934872,0.8490841601991127
5,2,322136.752918056,0.812,2.8949761,0.8502117616122137
5,2,322141.7531143306,0.812,2.8970952,0.8513393613854253
5,2,322146.7533106052,0.812,2.8987942,0.8524669585044885
5,2,322151.7535068798,0.812,2.9005697,0.8535945513668793
5,2,322156.7537031544,0.812,2.9026122,0.8547221466656066
5,2,322161.753899429,0.812,2.9049795,0.8558497434462379
5,2,322166.7540957038,0.812,2.9070985,0.8569773414682021
5,2,322171.75429197866,0.812,2.9097903,0.8581049419354204
5,2,322176.7544882535,0.812,2.9116611,0.8592325444507967
5,2,322181.75468452834,0.812,2.9144292,0.8603601473483679
5,2,322186.7548808032,0.812,2.9167202,0.8614877536511955
5,2,322191.755077078,0.812,2.9197173,0.8626153546221028
5,2,322196.75527335284,0.812,2.9197936,0.8637429570097331
5,2,322201.7554696277,0.812,2.9214926,0.864870557796376
5,2,322206.7556659025,0.812,2.9206717,0.8659981587014004
5,2,322211.75586217735,0.812,2.921168,0.8671257591807549
5,2,322216.7560584522,0.812,2.9237645,0.8682533567869501
5,2,322221.756254727,0.812,2.9246235,0.869380957943463
5,2,322226.75645100186,0.812,2.9313815,0.8705085607376499
5,2,322231.7566472767,0.812,2.9371657,0.8716361643154756
5,2,322236.7568435515,0.812,2.9420338,0.8727637679465019
5,2,322241.75703982636,0.812,2.9463673,0.8738913706843161
5,2,322246.7572361012,0.812,2.95009,0.8750189745602975
5,2,322251.75743237603,0.812,2.9542325,0.8761465783686707
5,2,322256.75762865087,0.812,2.9574587,0.8772741838877403
5,2,322261.7578249257,0.812,2.9611433,0.8784017864264948
5,2,322266.7580212001,0.812,2.9645603,0.8795293904483884
5,2,322271.75821747445,0.812,2.9684167,0.8806569944027764
5,2,322276.7584137488,0.812,2.9723492,0.881784602557474
5,2,322281.7586100232,0.812,2.976282,0.8829122120140265
5,2,322286.75880629756,0.812,2.9801953,0.8840398210292495
5,2,322291.7590025719,0.812,2.9861515,0.8851674298160477
5,2,322296.7591988463,0.812,2.9893396,0.8862950403753556
5,2,322301.75939512067,0.812,2.9934058,0.8874226504481869
5,2,322306.75959139504,0.812,2.999152,0.8885502576792708
5,2,322307.9051905348,0.812,3.0001256,0.8888086048065725
5,2,322307.9053905348,0.812,2.9999156,0.8888086499062614
