cycle_number,half_cycle,time_s,current_mA,voltage_V,capacity_mAh
0,0,274915.5383006539,0.0,2.9440691,0.0
0,0,274916.53829990886,0.0,2.9049075,0.0
0,0,274917.5382991638,0.0,2.8834312,0.0
0,0,274918.53829841875,0.0,2.8656616,0.0
0,0,274919.5382976737,0.0,2.8501847,0.0
0,0,274920.53829692863,0.0,2.8360074,0.0
0,0,274921.5382961836,0.0,2.8220973,0.0
0,0,274922.5382954385,0.0,2.8087988,0.0
0,0,274923.53829469346,0.0,2.795653,0.0
0,0,274924.5382939484,0.0,2.7828896,0.0
1,1,274925.4900932275,-1.557,2.7709668,0.0
1,1,274925.4904932268,-1.557,2.697107,-1.7243611150317722e-07
1,1,274930.49068950117,-1.557,2.3582923,-0.002162883479853471
1,1,274935.49088577554,-1.557,2.2077668,-0.004325599377857314
1,1,274940.4910820499,-1.557,2.1182694,-0.006488315717538198
1,1,274945.4912783243,-1.557,2.0732532,-0.008651034910367596
1,1,274950.49147459865,-1.557,2.0398731,-0.010813764643947284
1,1,274955.491670873,-1.557,2.004334,-0.01297648593672779
1,1,274960.4918671474,-1.557,1.9603112,-0.015139200924522348
1,1,274965.49206342176,-1.557,1.9037733,-0.0173019175320069
1,1,274970.4922596966,-1.557,1.835905,-0.01946463506066137
1,1,274975.4924559714,-1.557,1.7650942,-0.021627356449895434
1,1,274980.49265224626,-1.557,1.6996907,-0.023790072268837028
1,1,274985.4928485211,-1.557,1.6440318,-0.02595279092359543
1,1,274990.49304479593,-1.557,1.6004294,-0.02811551132917404
1,1,274995.49324107077,-1.557,1.5697244,-0.030278228938142457
1,1,275000.4934373456,-1.557,1.5492225,-0.03244095197945833
1,1,275005.49363362044,-1.557,1.5356374,-0.034603673133711016
1,1,275010.4938298953,-1.557,1.5270201,-0.036766393896169126
1,1,275015.4940261701,-1.557,1.5207721,-0.03892911561635467
1,1,275020.49422244495,-1.557,1.5164157,-0.04109183704729874
1,1,275025.4944187198,-1.557,1.513263,-0.04325456122560633
1,1,275030.4946149946,-1.557,1.5106645,-0.04541728934623797
1,1,275035.49481126945,-1.557,1.5086964,-0.047580006943371556
1,1,275040.4950075443,-1.557,1.5071297,-0.049742721568120846
1,1,275045.4952038191,-1.557,1.5058112,-0.05190543877308898
1,1,275050.49540009396,-1.557,1.5047795,-0.05406815553407536
1,1,275055.4955963688,-1.557,1.5037668,-0.05623087060566743
1,1,275060.49579264363,-1.557,1.5030599,-0.05839359838341342
1,1,275065.49598891847,-1.557,1.5023528,-0.06055632686021593
1,1,275070.4961851926,-1.557,1.5016842,-0.06271904909210073
1,1,275075.4963814672,-1.557,1.5010154,-0.06488176771377856
1,1,275080.4965777418,-1.557,1.5006715,-0.06704448822874494
1,1,275085.4967740164,-1.557,1.5002702,-0.06920720903984706
1,1,275090.496970291,-1.557,1.4998881,-0.07136993076802625
1,1,275095.4971665656,-1.557,1.4994868,-0.0735326516262293
1,1,275100.4973628402,-1.557,1.4990855,-0.07569537608417538
1,1,275105.4975591148,-1.557,1.4988945,-0.07785810109082196
1,1,275110.4977553894,-1.557,1.4985888,-0.08002082513526414
1,1,275115.49795166403,-1.557,1.4982066,-0.0821835503127575
1,1,275120.49814793875,-1.557,1.4978245,-0.08434627668693993
1,1,275125.49834421347,-1.557,1.497557,-0.0865090009239316
1,1,275130.4985404882,-1.557,1.4973086,-0.08867172569659684
1,1,275135.4987367629,-1.557,1.4969838,-0.09083444853946236
1,1,275140.4989330376,-1.557,1.4968119,-0.09299717049972217
1,1,275145.49912931235,-1.557,1.4963723,-0.09515988903685411
1,1,275150.49932558706,-1.557,1.4960858,-0.0973226078697112
1,1,275155.4995218618,-1.557,1.4957992,-0.0994853270135257
1,1,275160.4997181365,-1.557,1.4956462,-0.10164805588365927
1,1,275165.4999144112,-1.557,1.4952642,-0.10381077924545608
1,1,275170.50011068594,-1.557,1.4950157,-0.10597350505300365
1,1,275175.50030696066,-1.557,1.4945954,-0.10813623419818616
1,1,275180.5005032353,-1.557,1.4943662,-0.11029895610939797
1,1,275185.50069951004,-1.557,1.4939649,-0.11246167675600452
1,1,275190.50089578476,-1.557,1.4935827,-0.11462439703549944
1,1,275195.50109205965,-1.557,1.4932005,-0.11678711334471573
1,1,275200.5012883344,-1.557,1.4928375,-0.11894983105416433
1,1,275205.5014846091,-1.557,1.4925891,-0.12111254883783396
1,1,275210.5016808838,-1.557,1.4920924,-0.12327526857922477
1,1,275215.50187715853,-1.557,1.4918058,-0.12543799052219262
1,1,275220.50207343325,-1.557,1.4913663,-0.1276007141413093
1,1,275225.50226970785,-1.557,1.4911561,-0.1297634338864552
1,1,275230.50246598246,-1.557,1.4907358,-0.13192615456287068
1,1,275235.50266225706,-1.557,1.4902964,-0.13408887602588868
1,1,275240.50285853166,-1.557,1.4899715,-0.13625159337680873
1,1,275245.50305480626,-1.557,1.4894938,-0.13841430991312534
1,1,275250.50325108087,-1.557,1.4891117,-0.1405770272442434
1,1,275255.50344735547,-1.557,1.4888251,-0.14273974510247844
1,1,275260.50364362984,-1.557,1.4881754,-0.14490246387790315
1,1,275265.50383990444,-1.557,1.4878124,-0.1470651808738378
1,1,275270.5040361793,-1.557,1.4873157,-0.14922789748334228
1,1,275275.5042324541,-1.557,1.4867233,-0.1513906141184039
1,1,275280.50442872895,-1.557,1.4862647,-0.15355333243219063
1,1,275285.5046250038,-1.557,1.4856724,-0.1557160508830879
1,1,275290.5048212786,-1.557,1.4855005,-0.1578787673337129
1,1,275295.50501755346,-1.557,1.4850801,-0.16004148245535962
1,1,275300.5052138283,-1.557,1.4846215,-0.16220419690414276
1,1,275305.5054101031,-1.557,1.4840865,-0.1643669093933967
1,1,275310.50560637796,-1.557,1.483456,-0.16652962255074588
1,1,275315.5058026528,-1.557,1.4831312,-0.16869233832640126
1,1,275320.50599892763,-1.557,1.4827682,-0.17085505211036744
1,1,275325.50619520247,-1.557,1.4821185,-0.17301776991022305
1,1,275330.5063914773,-1.557,1.4817363,-0.17518048737264352
1,1,275335.50658775214,-1.557,1.4812014,-0.17734321517031734
1,1,275340.5067840265,-1.557,1.4807619,-0.17950593991534589
1,1,275345.50698030135,-1.557,1.4802651,-0.18166866672950993
1,1,275350.5071765762,-1.557,1.4797301,-0.18383139021492675
1,1,275355.507372851,-1.557,1.4790804,-0.1859941146307721
1,1,275360.50756912585,-1.557,1.4786218,-0.18815683472124745
1,1,275365.5077654007,-1.557,1.4781442,-0.19031955042996682
1,1,275370.5079616755,-1.557,1.4775519,-0.19248226465043106
1,1,275375.5081579499,-1.557,1.4770743,-0.19464498033889807
1,1,275380.50835422426,-1.557,1.4767303,-0.19680769620218552
1,1,275385.50855049863,-1.557,1.476138,-0.19897041015581962
1,1,275390.508746773,-1.557,1.4757367,-0.20113312450708293
1,1,275395.5089430474,-1.557,1.4749725,-0.2032958408233988
1,1,275400.50913932174,-1.557,1.4745903,-0.2054585576004122
1,1,275405.5093355961,-1.557,1.4740744,-0.20762127929066299
1,1,275410.5095318705,-1.557,1.4734821,-0.20978400973044514
1,1,275415.50972814485,-1.557,1.4729853,-0.21194674145287287
1,1,275420.5099244192,-1.557,1.4724885,-0.2141094594911338
1,1,275425.5101206936,-1.557,1.4719726,-0.21627217752810993
1,1,275430.51031696796,-1.557,1.4712847,-0.21843489607368585
1,1,275435.51051324233,-1.557,1.4707116,-0.22059761415027257
1,1,275440.5107095167,-1.557,1.4701383,-0.22276033093140532
1,1,275445.5109057911,-1.557,1.4695269,-0.22492305085234518
1,1,275450.51110206544,-1.557,1.4687436,-0.22708577043863146
1,1,275455.5112983398,-1.557,1.4683423,-0.22924848558682212
1,1,275460.5114946142,-1.557,1.4678646,-0.23141120883532373
1,1,275465.51169088855,-1.557,1.4670812,-0.23357392126357562
1,1,275470.5118871629,-1.557,1.4665462,-0.23573663416702226
1,1,275475.5120834373,-1.557,1.4658583,-0.23789934670574142
1,1,275480.51227971166,-1.557,1.465438,-0.24006206650818726
1,1,275485.51247598603,-1.557,1.4645782,-0.2422247962447472
1,1,275490.5126722604,-1.557,1.463833,-0.24438751211453155
1,1,275495.5128685348,-1.557,1.4632025,-0.2465502303457261
1,1,275500.51306480914,-1.557,1.4626484,-0.24871294602634517
1,1,275505.5132610835,-1.557,1.4619796,-0.25087566073439527
1,1,275510.5134573579,-1.557,1.4611963,-0.2530383847073185
1,1,275515.51365363225,-1.557,1.4606613,-0.25520110570218174
1,1,275520.5138499066,-1.557,1.4598588,-0.2573638204945724
1,1,275525.514046181,-1.557,1.4592664,-0.25952653516946245
1,1,275530.51424245536,-1.557,1.4587888,-0.26168924807214083
1,1,275535.51443872973,-1.557,1.4579289,-0.2638519648173916
1,1,275540.5146350041,-1.557,1.4571456,-0.26601468621999036
1,1,275545.5148312785,-1.557,1.4563048,-0.26817741419634566
1,1,275550.51502755284,-1.557,1.455789,-0.2703401471352711
1,1,275555.5152238272,-1.557,1.4550247,-0.27250287512687194
1,1,275560.5154201016,-1.557,1.454356,-0.27466559917077765
1,1,275565.51561637595,-1.557,1.4535344,-0.27682832101299376
1,1,275570.5158126503,-1.557,1.4529994,-0.27899104500343413
1,1,275575.5160089247,-1.557,1.4521204,-0.28115376595562047
1,1,275580.51620519906,-1.557,1.4514898,-0.283316489829547
1,1,275585.51640147343,-1.557,1.4506109,-0.2854792069251406
1,1,275590.5165977478,-1.557,1.4497702,-0.28764192183978043
1,1,275595.5167940222,-1.557,1.4489869,-0.28980463156384245
1,1,275600.51699029654,-1.557,1.4481652,-0.2919673447650805
1,1,275605.5171865709,-1.557,1.4474965,-0.2941300550099944
1,1,275610.5173828453,-1.557,1.4467704,-0.29629277204123483
1,1,275615.51757911965,-1.557,1.4459679,-0.2984554873989159
1,1,275620.517775394,-1.557,1.4451845,-0.30061820197774314
1,1,275625.5179716684,-1.557,1.4443821,-0.3027809299511778
1,1,275630.51816794276,-1.557,1.4435222,-0.30494365166371407
1,1,275635.51836421713,-1.557,1.4427197,-0.3071063667552472
1,1,275640.5185604915,-1.557,1.4418408,-0.30926908790124136
1,1,275645.5187567659,-1.557,1.4408854,-0.31143181033860984
1,1,275650.51895304024,-1.557,1.4402167,-0.31359453087590144
1,1,275655.5191493146,-1.557,1.4392613,-0.3157572545855642
1,1,275660.519345589,-1.557,1.4385161,-0.3179199836666386
1,1,275665.51954186335,-1.557,1.4375035,-0.3200827092656626
1,1,275670.5197381377,-1.557,1.4367583,-0.3222454332052867
1,1,275675.5199344121,-1.557,1.4360131,-0.32440815898958186
1,1,275680.52013068646,-1.557,1.4349431,-0.32657088091290004
1,1,275685.52032696083,-1.557,1.4339877,-0.32873360328963735
1,1,275690.5205232352,-1.557,1.4331088,-0.3308963220948246
1,1,275695.5207195096,-1.557,1.4323064,-0.3330590423626569
1,1,275700.52091578394,-1.557,1.4313511,-0.3352217682365643
1,1,275705.5211120583,-1.557,1.4305485,-0.337384488324523
1,1,275710.5213083327,-1.557,1.4296504,-0.3395472141709593
1,1,275715.52150460705,-1.557,1.4286377,-0.34170993688021767
1,1,275720.5217008814,-1.557,1.4276824,-0.3438726613413758
1,1,275725.5218971558,-1.557,1.4268227,-0.34603539403918715
1,1,275730.52209343016,-1.557,1.42581,-0.34819812893967494
1,1,275735.52228970453,-1.557,1.4249501,-0.3503608620138433
1,1,275740.5224859789,-1.557,1.4239565,-0.35252359481262496
1,1,275745.5226822533,-1.557,1.4230394,-0.3546863287762337
1,1,275750.52287852764,-1.557,1.4221414,-0.35684905721216725
1,1,275755.523074802,-1.557,1.4210523,-0.35901178077793117
1,1,275760.5232710764,-1.557,1.4201734,-0.3611745077175498
1,1,275765.5234673512,-1.557,1.4191225,-0.36333723524553907
1,1,275770.52366362605,-1.557,1.418129,-0.36549996090728704
1,1,275775.5238599009,-1.557,1.4170398,-0.36766269528488976
1,1,275780.5240561757,-1.557,1.4160844,-0.3698254324503077
1,1,275785.52425245056,-1.557,1.4151291,-0.3719881691214773
1,1,275790.5244487254,-1.557,1.4139636,-0.3741509065824548
1,1,275795.52464500023,-1.557,1.4130273,-0.3763136294525464
1,1,275800.52484127507,-1.557,1.4119382,-0.3784763518904116
1,1,275805.5250375499,-1.557,1.4106772,-0.3806390806733039
1,1,275810.5252338243,-1.557,1.4095116,-0.3828017992839217
1,1,275815.5254300991,-1.557,1.4085945,-0.38496452114262847
1,1,275820.52562637394,-1.557,1.4073526,-0.3871272434178525
1,1,275825.5258226488,-1.557,1.4063016,-0.3892899648674727
1,1,275830.5260189236,-1.557,1.4049641,-0.3914526884457734
1,1,275835.52621519845,-1.557,1.4038368,-0.39361540842937764
1,1,275840.5264114733,-1.557,1.4025567,-0.39577812637427784
1,1,275845.5266077481,-1.557,1.4013911,-0.3979408499146899
1,1,275850.52680402296,-1.557,1.3999772,-0.40010357204248514
1,1,275855.5270002978,-1.557,1.3991174,-0.40226629283648074
1,1,275860.5271965726,-1.557,1.3979328,-0.4044290212742753
1,1,275865.52739284723,-1.557,1.396729,-0.4065917464373245
1,1,275870.52758912183,-1.557,1.3954871,-0.40875446909467383
1,1,275875.52778539644,-1.557,1.3941113,-0.4109171890057326
1,1,275880.52798167104,-1.557,1.3929458,-0.41307991106887004
1,1,275885.52817794564,-1.557,1.3916848,-0.41524262911749554
1,1,275890.52837422024,-1.557,1.3904619,-0.41740534848235716
1,1,275895.52857049485,-1.557,1.3891625,-0.41956806932874524
1,1,275900.52876676945,-1.557,1.3879589,-0.42173079269153546
1,1,275905.52896304405,-1.557,1.3866404,-0.42389352750578196
1,1,275910.52915931866,-1.557,1.385131,-0.4260562460707029
1,1,275915.5293555934,-1.557,1.3838508,-0.42821896519699365
1,1,275920.5295518681,-1.557,1.3825706,-0.43038168766371415
1,1,275925.5297481428,-1.557,1.3812332,-0.4325444115913246
1,1,275930.52994441753,-1.557,1.3798193,-0.43470713288795954
1,1,275935.5301406925,-1.557,1.37852,-0.4368698457497425
1,1,275940.5303369672,-1.557,1.3771061,-0.4390325644984974
1,1,275945.5305332419,-1.557,1.375482,-0.44119528405978947
1,1,275950.53072951664,-1.557,1.3739533,-0.4433580043754777
1,1,275955.53092579136,-1.557,1.3723866,-0.44552072567702666
1,1,275960.5311220661,-1.557,1.3709918,-0.44768345006354654
1,1,275965.5313183408,-1.557,1.3697116,-0.4498461768824326
1,1,275970.5315146155,-1.557,1.3679346,-0.452008906737374
1,1,275975.53171089024,-1.557,1.3665398,-0.4541716291025944
1,1,275980.5319071649,-1.557,1.3648584,-0.45633435104702585
1,1,275985.5321034396,-1.557,1.3632152,-0.4584970701544418
1,1,275990.5322997143,-1.557,1.3618968,-0.4606597870684929
1,1,275995.5324959889,-1.557,1.3600625,-0.46282251145258885
1,1,276000.5326922636,-1.557,1.358362,-0.46498523461600816
1,1,276005.5328885383,-1.557,1.3567952,-0.4671479577130941
1,1,276010.53308481304,-1.557,1.3550183,-0.4693106842210161
1,1,276015.53328108764,-1.557,1.3533751,-0.47147340661442283
1,1,276020.53347736225,-1.557,1.3515408,-0.4736361252367364
1,1,276025.53367363685,-1.557,1.3497639,-0.475798841038194
1,1,276030.53386991145,-1.557,1.3482352,-0.47796155575814514
1,1,276035.53406618605,-1.557,1.3463627,-0.4801242708777852
1,1,276040.53426246066,-1.557,1.3446048,-0.4822869835820066
1,1,276045.53445873526,-1.557,1.3427515,-0.48444969951068034
1,1,276050.53465500986,-1.557,1.3409936,-0.48661241496859
1,1,276055.53485128446,-1.557,1.3390639,-0.4887751298044192
1,1,276060.53504755907,-1.557,1.3372487,-0.49093784466042784
1,1,276065.5352438339,-1.557,1.3356628,-0.49310056273850467
1,1,276070.53544010874,-1.557,1.3334846,-0.49526327480468485
1,1,276075.5356363831,-1.557,1.331593,-0.4974259898985227
1,1,276080.53583265794,-1.557,1.3294913,-0.4995887031635973
1,1,276085.5360289328,-1.557,1.3274276,-0.5017514154626197
1,1,276090.5362252076,-1.557,1.3255934,-0.5039141299072106
1,1,276095.53642148245,-1.557,1.3237209,-0.5060768458892769
1,1,276100.5366177573,-1.557,1.3215235,-0.5082395622314944
1,1,276105.5368140321,-1.557,1.3195938,-0.5104022832378149
1,1,276110.53701030696,-1.557,1.3173773,-0.5125649997377395
1,1,276115.5372065818,-1.557,1.3154093,-0.5147277158303525
1,1,276120.53740285663,-1.557,1.3129827,-0.5168904301562772
1,1,276125.53759913146,-1.557,1.311072,-0.5190531445493234
1,1,276130.5377954063,-1.557,1.3088365,-0.5212158685230215
1,1,276135.53799168114,-1.557,1.3065054,-0.5233785937812195
1,1,276140.538187956,-1.557,1.3041362,-0.5255413175783223
1,1,276145.5383842308,-1.557,1.3018624,-0.527704042074369
1,1,276150.53858050564,-1.557,1.299474,-0.529866764274233
1,1,276155.5387767805,-1.557,1.2972958,-0.5320294813842111
1,1,276160.5389730553,-1.557,1.2948118,-0.53419219390942
1,1,276165.53916933015,-1.557,1.2922897,-0.5363549060807692
1,1,276170.5393656045,-1.557,1.290016,-0.5385176187337306
1,1,276175.5395618789,-1.557,1.2873219,-0.5406803330424164
1,1,276180.53975815326,-1.557,1.2851055,-0.5428430468222301
1,1,276185.53995442763,-1.557,1.2823732,-0.5450057618262172
1,1,276190.540150702,-1.557,1.2800994,-0.5471684761776195
1,1,276195.54034697637,-1.557,1.2774054,-0.5493311879929569
1,1,276200.54054325074,-1.557,1.274482,-0.5514939037249353
1,1,276205.5407395251,-1.557,1.2718643,-0.5536566206881007
1,1,276210.5409357995,-1.557,1.2689983,-0.5558193392617504
1,1,276215.54113207385,-1.557,1.2662086,-0.5579820592523616
1,1,276220.5413283482,-1.557,1.2634763,-0.5601447781550819
1,1,276225.5415246226,-1.557,1.2607822,-0.5623074981303349
1,1,276230.54172089696,-1.557,1.2578015,-0.5644702195266355
1,1,276235.54191717133,-1.557,1.2549546,-0.5666329440688824
1,1,276240.5421134457,-1.557,1.252012,-0.5687956757348911
1,1,276245.54230972007,-1.557,1.2487257,-0.5709584079726077
1,1,276250.54250599444,-1.557,1.2457067,-0.5731211386768225
1,1,276255.5427022688,-1.557,1.2429935,-0.5752838600815471
1,1,276260.5428985432,-1.557,1.2397262,-0.5774465798106659
1,1,276265.54309481755,-1.557,1.2360576,-0.5796092997519376
1,1,276270.5432910919,-1.557,1.2330005,-0.5817720200619303
1,1,276275.5434873663,-1.557,1.2296568,-0.5839347412031627
1,1,276280.54368364066,-1.557,1.226313,-0.5860974648798575
1,1,276285.543879915,-1.557,1.2229884,-0.5882601886708541
1,1,276290.5440761894,-1.557,1.2193198,-0.5904229107726352
1,1,276295.54427246377,-1.557,1.2157086,-0.592585634245535
1,1,276300.54446873814,-1.557,1.2121929,-0.5947483575373759
1,1,276305.5446650125,-1.557,1.2086198,-0.5969110788493888
1,1,276310.5448612869,-1.557,1.2049705,-0.5990738031647539
1,1,276315.54505756125,-1.557,1.2010916,-0.6012365302241778
1,1,276317.12145638326,-1.557,1.1999644,-0.6019183683299955
1,1,276317.12165638315,-1.557,1.2000791,-0.6019184548346536
1,2,276317.12245638296,1.557,1.3491666,1.7165029048919678e-07
1,2,276322.12265265733,1.557,1.7166768,0.002162680020517773
1,2,276327.12284893193,1.557,1.8370514,0.004325187749127547
1,2,276332.12304520654,1.557,1.9255553,0.006487692284888691
1,2,276337.12324148125,1.557,1.9976846,0.008650199688348506
1,2,276342.123437756,1.557,2.0582159,0.010812704996943475
1,2,276347.1236340307,1.557,2.109289,0.012975210391190317
1,2,276352.1238303054,1.557,2.1525474,0.015137714172416264
1,2,276357.12402658013,1.557,2.188698,0.01730021682499515
1,2,276362.12422285485,1.557,2.2191355,0.019462720514814062
1,2,276367.12441912957,1.557,2.2447772,0.021625220304018925
1,2,276372.1246154043,1.557,2.2664065,0.023787728069358405
1,2,276377.124811679,1.557,2.285399,0.025950228228688244
1,2,276382.1250079537,1.557,2.3017735,0.028112719751854743
1,2,276387.1252042284,1.557,2.3158746,0.03027521238027017
1,2,276392.1254005031,1.557,2.328619,0.03243770648835103
1,2,276397.1255967778,1.557,2.339854,0.034600208069662255
1,2,276402.12579305255,1.557,2.3499808,0.03676271168257131
1,2,276407.1259893272,1.557,2.3596108,0.038925217516885866
1,2,276412.12618560146,1.557,2.3681517,0.041087717347118594
1,2,276417.1263818762,1.557,2.3762147,0.04325022050484022
1,2,276422.1265781509,1.557,2.3838003,0.04541272237790955
1,2,276427.1267744256,1.557,2.3911374,0.047575217605186834
1,2,276432.1269707002,1.557,2.398016,0.049737716535899375
1,2,276437.1271669748,1.557,2.4046652,0.051900206655462584
1,2,276442.1273632494,1.557,2.4110851,0.054062691031535465
1,2,276447.12755952403,1.557,2.4173524,0.056225185731702376
1,2,276452.12775579863,1.557,2.4232564,0.05838767900368902
1,2,276457.12795207347,1.557,2.4291797,0.06055017920513285
1,2,276462.12814834807,1.557,2.4352365,0.06271267670398288
1,2,276467.1283446227,1.557,2.441026,0.06487517529786957
1,2,276472.1285408973,1.557,2.44672,0.06703767441111802
1,2,276477.1287371719,1.557,2.4523182,0.06920017330865727
1,2,276482.1289334465,1.557,2.4578211,0.07136267566090822
1,2,276487.1291297213,1.557,2.463515,0.07352517237577835
1,2,276492.12932599615,1.557,2.4693236,0.07568767118688424
1,2,276497.129522271,1.557,2.4750557,0.07785017098061243
1,2,276502.1297185458,1.557,2.4809406,0.08001266350238853
1,2,276507.12991482066,1.557,2.4863288,0.08217516528365347
1,2,276512.1301110955,1.557,2.4921756,0.08433766712519858
1,2,276517.13030737033,1.557,2.4979076,0.08650016743658649
1,2,276522.13050364517,1.557,2.5035443,0.08866266681021452
1,2,276527.13069992,1.557,2.5094676,0.09082516940628158
1,2,276532.13089619484,1.557,2.5152953,0.09298766936759154
1,2,276537.1310924697,1.557,2.5212374,0.09515016624891758
1,2,276542.1312887445,1.557,2.527027,0.09731266554328467
1,2,276547.13148501934,1.557,2.5329883,0.09947516426114902
1,2,276552.1316812942,1.557,2.5387394,0.1016376609471374
1,2,276557.131877569,1.557,2.5449111,0.10380016271963384
1,2,276562.13207384385,1.557,2.550796,0.10596266363783677
1,2,276567.1322701187,1.557,2.5566237,0.10812516569970052
1,2,276572.1324663935,1.557,2.5624132,0.11028766657646497
1,2,276577.13266266836,1.557,2.5684893,0.11245016896486944
1,2,276582.1328589432,1.557,2.5742595,0.1146126718397008
1,2,276587.13305521756,1.557,2.580011,0.11677516928048927
1,2,276592.13325149193,1.557,2.5856664,0.11893766056114434
1,2,276597.1334477663,1.557,2.591456,0.12110015075510076
1,2,276602.1336440407,1.557,2.596997,0.12326264328942695
1,2,276607.13384031504,1.557,2.6028056,0.12542514279062217
1,2,276612.1340365894,1.557,2.6079836,0.1275876452904741
1,2,276617.1342328638,1.557,2.6132762,0.12975014812970823
1,2,276622.13442913815,1.557,2.6185498,0.1319126507038805
1,2,276627.1346254125,1.557,2.6238425,0.13407515020429422
1,2,276632.1348216869,1.557,2.6288102,0.13623765331890844
1,2,276637.13501796126,1.557,2.6335297,0.13840015487021204
1,2,276642.13521423563,1.557,2.6380198,0.14056265368896056
1,2,276647.13541051,1.557,2.64251,0.14272514716377518
1,2,276652.1356067844,1.557,2.646427,0.14488764475019106
1,2,276657.13580305874,1.557,2.6503057,0.14705014078924386
1,2,276662.1359993331,1.557,2.6542037,0.14921263091119125
1,2,276667.1361956075,1.557,2.657681,0.15137512315245463
1,2,276672.13639188185,1.557,2.6608145,0.15353761459066465
1,2,276677.1365881562,1.557,2.6638527,0.15570010910581875
1,2,276682.1367844306,1.557,2.6670625,0.15786261243856609
1,2,276687.13698070496,1.557,2.669642,0.16002511657536686
1,2,276692.13717697933,1.557,2.6722214,0.1621876213552289
1,2,276697.1373732537,1.557,2.6745908,0.16435012507986355
1,2,276702.1375695281,1.557,2.676578,0.16651262652212376
1,2,276707.13776580244,1.557,2.6787179,0.16867512781906122
1,2,276712.1379620768,1.557,2.6804757,0.17083762982136666
1,2,276717.1381583512,1.557,2.6823483,0.17300013013000615
1,2,276722.13835462555,1.557,2.6836858,0.17516263075889477
1,2,276727.1385508999,1.557,2.6850424,0.17732513122516202
1,2,276732.1387471743,1.557,2.686418,0.17948763283626895
1,2,276737.13894344866,1.557,2.68745,0.18165013453129922
1,2,276742.13913972303,1.557,2.6886919,0.1838126370452907
1,2,276747.1393359974,1.557,2.6898956,0.18597513996348775
1,2,276752.1395322718,1.557,2.69108,0.18813764290949367
1,2,276757.13972854614,1.557,2.6918445,0.1903001436789168
1,2,276762.1399248205,1.557,2.6929145,0.19246264396249582
1,2,276767.1401210949,1.557,2.6936023,0.1946251458890504
1,2,276772.14031736925,1.557,2.6943476,0.1967876460539301
1,2,276777.1405136436,1.557,2.6954174,0.1989501465678877
1,2,276782.140709918,1.557,2.6959524,0.2011126495148738
1,2,276787.14090619236,1.557,2.6967933,0.20327515277036026
1,2,276792.14110246673,1.557,2.6974428,0.20543765647453066
1,2,276797.1412987411,1.557,2.6980734,0.20760015828261769
1,2,276802.1414950155,1.557,2.698876,0.2097626592746178
1,2,276807.14169128984,1.557,2.6994681,0.2119251627991199
1,2,276812.1418875642,1.557,2.699984,0.21408766241676275
1,2,276817.1420838386,1.557,2.7009013,0.21625016428184507
1,2,276822.14228011295,1.557,2.7011878,0.2184126687949101
1,2,276827.1424763873,1.557,2.7020667,0.22057517161140835
1,2,276832.1426726617,1.557,2.7023916,0.22273767771451336
1,2,276837.14286893606,1.557,2.702831,0.2249001815386613
1,2,276842.14306521043,1.557,2.7036145,0.2270626848537723
1,2,276847.1432614848,1.557,2.7039201,0.2292251874080565
1,2,276852.1434577592,1.557,2.7046845,0.23138768943689927
1,2,276857.14365403354,1.557,2.7052195,0.23355019136878516
1,2,276862.1438503079,1.557,2.705506,0.23571269533515637
1,2,276867.1440465823,1.557,2.7063658,0.23787519746940003
1,2,276872.14424285665,1.557,2.706729,0.24003770016848378
1,2,276877.144439131,1.557,2.707493,0.2422002034124798
1,2,276882.1446354054,1.557,2.7079136,0.24436270678331454
1,2,276887.14483167976,1.557,2.708372,0.24652521171412864
1,2,276892.14502795413,1.557,2.70906,0.2486877180339959
1,2,276897.1452242285,1.557,2.7094994,0.250850225576169
1,2,276902.1454205029,1.557,2.7101681,0.25301273249646694
1,2,276907.14561677724,1.557,2.710837,0.25517523700332645
1,2,276912.1458130516,1.557,2.7112956,0.2573377430219121
1,2,276917.146009326,1.557,2.711754,0.2595002492986388
1,2,276922.14620560035,1.557,2.7125566,0.2616627560062806
1,2,276927.1464018747,1.557,2.7131107,0.2638252636285292
1,2,276932.1465981491,1.557,2.713703,0.2659877723339267
1,2,276937.14679442346,1.557,2.714582,0.2681502825203075
1,2,276942.14699069783,1.557,2.7149832,0.27031279179168416
1,2,276947.1471869722,1.557,2.715843,0.272475300782111
1,2,276952.14738324657,1.557,2.7162824,0.27463781065655424
1,2,276957.14757952094,1.557,2.7169702,0.276800319328785
1,2,276962.1477757953,1.557,2.7178493,0.2789628264226848
1,2,276967.1479720697,1.557,2.7182124,0.2811253346910146
1,2,276972.14816834405,1.557,2.7187665,0.2832878440143135
1,2,276977.1483646184,1.557,2.7195306,0.28545035571601657
1,2,276982.14856089326,1.557,2.7204478,0.28761286536606157
1,2,276987.1487571681,1.557,2.7211356,0.28977537392299046
1,2,276992.1489534429,1.557,2.7217472,0.2919378815877438
1,2,276997.14914971776,1.557,2.7227025,0.29410038737988475
1,2,277002.1493459926,1.557,2.7233903,0.29626289413162077
1,2,277007.14954226743,1.557,2.7240973,0.298425400256508
1,2,277012.14973854227,1.557,2.724957,0.30058790701595284
1,2,277017.1499348171,1.557,2.7258742,0.30275041721226775
1,2,277022.15013109194,1.557,2.7266195,0.3049129262253245
1,2,277027.1503273668,1.557,2.7275174,0.3070754340400431
1,2,277032.1505236416,1.557,2.7284727,0.3092379420964188
1,2,277037.15071991645,1.557,2.7291796,0.31140044933474065
1,2,277042.1509161913,1.557,2.7302306,0.31356295669147705
1,2,277047.1511124661,1.557,2.7311668,0.3157254597694212
1,2,277052.15130874095,1.557,2.731759,0.31788796230724126
1,2,277057.1515050158,1.557,2.7327719,0.3200504664207167
1,2,277062.1517012906,1.557,2.7335935,0.3222129705885715
1,2,277067.15189756546,1.557,2.7346635,0.3243754724953373
1,2,277072.1520938403,1.557,2.735676,0.3265379782393508
1,2,277077.15229011513,1.557,2.736708,0.3287004836337831
1,2,277082.15248638974,1.557,2.7373002,0.3308629881414307
1,2,277087.15268266434,1.557,2.7385995,0.33302549459376596
1,2,277092.15287893894,1.557,2.7396696,0.3351879970021777
1,2,277097.15307521354,1.557,2.7404146,0.3373504993280768
1,2,277102.15327148815,1.557,2.741714,0.3395130016157097
1,2,277107.15346776275,1.557,2.7427266,0.34167550521067774
1,2,277112.15366403735,1.557,2.7440069,0.3438380076756808
1,2,277117.15386031196,1.557,2.7452106,0.34600051020056005
1,2,277122.15405658656,1.557,2.7460895,0.3481630133896735
1,2,277127.15425286116,1.557,2.747446,0.35032551665360395
1,2,277132.1544491359,1.557,2.748688,0.3524880189743108
1,2,277137.1546454106,1.557,2.7499874,0.3546505241705444
1,2,277142.1548416853,1.557,2.7510955,0.3568130317324002
1,2,277147.15503796004,1.557,2.7526622,0.35897553922049863
1,2,277152.1552342343,1.557,2.754038,0.3611380450247592
1,2,277157.155430509,1.557,2.7553372,0.36330054949842555
1,2,277162.15562678373,1.557,2.75656,0.365463054192139
1,2,277167.15582305845,1.557,2.7579741,0.36762556272810026
1,2,277172.15601933317,1.557,2.7595599,0.36978807162285504
1,2,277177.1562156079,1.557,2.761203,0.3719505782221886
1,2,277182.15641188255,1.557,2.762789,0.37411308509592206
1,2,277187.15660815727,1.557,2.7643368,0.3762755915143754
1,2,277192.156804432,1.557,2.76598,0.3784380982663763
1,2,277197.1570007067,1.557,2.767604,0.3806006031700239
1,2,277202.1571969814,1.557,2.7694383,0.3827631080952087
1,2,277207.1573932561,1.557,2.771177,0.38492560919851715
1,2,277212.1575895308,1.557,2.772954,0.3870881104075775
1,2,277217.1577858055,1.557,2.7746546,0.38925061340888994
1,2,277222.15798208024,1.557,2.7765844,0.39141311503596427
1,2,277227.15817835496,1.557,2.7785523,0.3935756083195473
1,2,277232.1583746297,1.557,2.7806542,0.39573810276993765
1,2,277237.1585709043,1.557,2.782775,0.3979006019586125
1,2,277242.1587671789,1.557,2.7846859,0.40006309569819093
1,2,277247.1589634535,1.557,2.7869978,0.4022255889713763
1,2,277252.1591597281,1.557,2.7893097,0.40438808108779445
1,2,277257.1593560027,1.557,2.791507,0.4065505704892939
1,2,277262.1595522773,1.557,2.793819,0.4087130627422464
1,2,277267.1597485519,1.557,2.7964747,0.41087555813774124
1,2,277272.1599448265,1.557,2.7988822,0.4130380542313786
1,2,277277.16014110134,1.557,2.8015764,0.4152005559455685
1,2,277282.16033737594,1.557,2.8043852,0.41736305222862286
1,2,277287.1605336508,1.557,2.8069072,0.4195255441386897
1,2,277292.1607299256,1.557,2.809735,0.42168803413546074
1,2,277297.16092620045,1.557,2.8128114,0.42385052326173905
1,2,277302.1611224753,1.557,2.8159068,0.4260130167127648
1,2,277307.1613187501,1.557,2.8187728,0.428175513942639
1,2,277312.16151502496,1.557,2.8219254,0.4303380075866646
1,2,277317.1617112998,1.557,2.8252501,0.4325005044650435
1,2,277322.1619075746,1.557,2.8285747,0.4346630068432423
1,2,277327.16210384946,1.557,2.8322241,0.4368255088517665
1,2,277332.1623001243,1.557,2.8358545,0.43898800097176754
1,2,277337.16249639913,1.557,2.8399243,0.44115049995477323
1,2,277342.16269267397,1.557,2.8437266,0.4433129946687949
1,2,277347.1628889488,1.557,2.84772,0.44547548777606744
1,2,277352.16308522364,1.557,2.8520381,0.4476379828061262
1,2,277357.1632814985,1.557,2.8560507,0.4498004771565463
1,2,277362.1634777733,1.557,2.8607318,0.4519629740125139
1,2,277367.16367404815,1.557,2.865203,0.45412546643023355
1,2,277372.163870323,1.557,2.8700752,0.4562879575381544
1,2,277377.1640665978,1.557,2.8749285,0.45845044693089854
1,2,277382.1642628722,1.557,2.8799155,0.46061294072688286
1,2,277387.16445914656,1.557,2.8852081,0.46277543073100513
1,2,277392.16465542093,1.557,2.89073,0.46493792291786273
1,2,277397.1648516953,1.557,2.8964047,0.4671004137915836
1,2,277402.16504796967,1.557,2.9021943,0.4692629079664879
1,2,277407.16524424404,1.557,2.9081748,0.47142540145225653
1,2,277412.1654405184,1.557,2.914461,0.47358789369664583
1,2,277417.1656367928,1.557,2.9207664,0.47575038650610707
1,2,277422.16583306715,1.557,2.9274538,0.4779128829792406
1,2,277427.1660293415,1.557,2.9343133,0.48007537525152494
1,2,277432.1662256159,1.557,2.9412491,0.48223786245144074
1,2,277437.16642189026,1.557,2.948376,0.48440035844269724
1,2,277442.1666181646,1.557,2.955484,0.4865628496604694
1,2,277447.166814439,1.557,2.963031,0.48872533987330063
1,2,277452.16701071337,1.557,2.9707694,0.49088782766765354
1,2,277457.16720698774,1.557,2.9785843,0.4930503182698223
1,2,277462.1674032621,1.557,2.986743,0.4952128071447478
1,2,277467.1675995365,1.557,2.9949017,0.4973752984727223
1,2,277470.2153972599,1.557,3.0000799,0.49869341713908644
1,2,277470.2155972598,1.557,3.0000799,0.49869350363255205
2,1,277470.2163972596,-1.557,2.8666427,-1.7156940036349827e-07
2,1,277475.216593534,-1.557,2.30913,-0.0021629067113929324
2,1,277480.2167898086,-1.557,2.1591394,-0.0043256421632104445
2,1,277485.2169860833,-1.557,2.1059835,-0.0064883723392619025
2,1,277490.217182358,-1.557,2.0725844,-0.008651105848471324
2,1,277495.21737863275,-1.557,2.0372746,-0.010813839412046803
2,1,277500.21757490747,-1.557,1.9903857,-0.012976564349903
2,1,277505.2177711822,-1.557,1.9265299,-0.01513928690079848
2,1,277510.2179674569,-1.557,1.8492036,-0.01730201900910669
2,1,277515.2181637316,-1.557,1.7713995,-0.019464751606855128
2,1,277520.21836000634,-1.557,1.7023848,-0.021627484112600487
2,1,277525.21855628106,-1.557,1.646917,-0.023790210379282636
2,1,277530.2187525558,-1.557,1.6058941,-0.02595294158371952
2,1,277535.21894883044,-1.557,1.5789531,-0.02811567629890972
2,1,277540.21914510516,-1.557,1.5620052,-0.030278411311003898
2,1,277545.2193413799,-1.557,1.5511905,-0.03244114519029856
2,1,277550.2195376546,-1.557,1.5440828,-0.034603870740473275
2,1,277555.2197339288,-1.557,1.5391148,-0.0367666068844994
2,1,277560.2199302035,-1.557,1.5351597,-0.03892934270507098
2,1,277565.22012647823,-1.557,1.5322746,-0.04109207092048063
2,1,277570.22032275295,-1.557,1.5300199,-0.04325480419545042
2,1,277575.2205190277,-1.557,1.5279181,-0.04541754196976954
2,1,277580.2207153023,-1.557,1.5262749,-0.0475802755606307
2,1,277585.2209115769,-1.557,1.5249374,-0.049743002133177394
2,1,277590.2211078515,-1.557,1.5236764,-0.05190573083254364
2,1,277595.2213041261,-1.557,1.5226446,-0.054068457514796
2,1,277600.2215004009,-1.557,1.5217465,-0.05623118816763163
2,1,277605.2216966755,-1.557,1.5208868,-0.05839391875910097
2,1,277610.2218929501,-1.557,1.5200078,-0.06055664721353187
2,1,277615.2220892247,-1.557,1.5193964,-0.06271936887780163
2,1,277620.22228549933,-1.557,1.518785,-0.06488208829323451
2,1,277625.22248177393,-1.557,1.5180589,-0.0670448079994917
2,1,277630.22267804854,-1.557,1.5175239,-0.06920752735114098
2,1,277635.2228743234,-1.557,1.5167978,-0.07137024417283801
2,1,277640.2230705982,-1.557,1.516301,-0.07353296196035544
2,1,277645.22326687304,-1.557,1.5158616,-0.07569568138957686
2,1,277650.2234631479,-1.557,1.515403,-0.07785840246948268
2,1,277655.2236594227,-1.557,1.5150399,-0.08002112302330466
2,1,277660.22385569755,-1.557,1.5144477,-0.0821838451295826
2,1,277665.2240519724,-1.557,1.51397,-0.08434656722452241
2,1,277670.2242482472,-1.557,1.5135305,-0.08650929145070577
2,1,277675.22444452206,-1.557,1.5129381,-0.08867201257089771
2,1,277680.2246407969,-1.557,1.5124605,-0.09083473297908569
2,1,277685.2248370717,-1.557,1.5120592,-0.09299745536666444
2,1,277690.22503334656,-1.557,1.511467,-0.09516017443807917
2,1,277695.2252296214,-1.557,1.5110275,-0.0973228910621007
2,1,277700.22542589623,-1.557,1.510588,-0.09948560942773021
2,1,277705.22562217107,-1.557,1.5101104,-0.10164832806620992
2,1,277710.2258184459,-1.557,1.5096135,-0.10381104654051194
2,1,277715.22601472074,-1.557,1.509155,-0.10597376693167948
2,1,277720.2262109956,-1.557,1.5084863,-0.10813648624189691
2,1,277725.2264072704,-1.557,1.5081424,-0.11029920416945878
2,1,277730.22660354525,-1.557,1.5077411,-0.11246192416818933
2,1,277735.2267998196,-1.557,1.5072443,-0.11462464795668253
2,1,277740.226996094,-1.557,1.5066901,-0.11678737211019459
2,1,277745.22719236836,-1.557,1.5062125,-0.11895009308295114
2,1,277750.2273886427,-1.557,1.5055246,-0.12111281288393998
2,1,277755.2275849171,-1.557,1.5050088,-0.12327553121855521
2,1,277760.22778119147,-1.557,1.5047604,-0.1254382507569657
2,1,277765.22797746584,-1.557,1.5042444,-0.12760097077718704
2,1,277770.2281737402,-1.557,1.5035375,-0.12976369007796706
2,1,277775.2283700146,-1.557,1.5029261,-0.13192641136076047
2,1,277780.22856628895,-1.557,1.5024294,-0.13408913238636647
2,1,277785.2287625633,-1.557,1.5018561,-0.13625185437639548
2,1,277790.2289588377,-1.557,1.5011683,-0.13841457610212426
2,1,277795.22915511206,-1.557,1.5006715,-0.1405773001570171
2,1,277800.2293513864,-1.557,1.5000027,-0.14274002357986892
2,1,277805.2295476608,-1.557,1.4995059,-0.14490274414907553
2,1,277810.22974393517,-1.557,1.4988945,-0.14706546565690298
2,1,277815.22994020954,-1.557,1.4982449,-0.14922818333295973
2,1,277820.2301364839,-1.557,1.4979391,-0.15139089944435483
2,1,277825.2303327583,-1.557,1.4970984,-0.15355361657441316
2,1,277830.23052903265,-1.557,1.4966972,-0.15571633705227897
2,1,277835.230725307,-1.557,1.4962195,-0.15787905778843156
2,1,277840.2309215814,-1.557,1.4953215,-0.16004177942179962
2,1,277845.23111785576,-1.557,1.4947865,-0.1622044995959665
2,1,277850.2313141301,-1.557,1.4941751,-0.16436722176253124
2,1,277855.2315104045,-1.557,1.493449,-0.1665299437608453
2,1,277860.23170667887,-1.557,1.4928566,-0.16869266141602055
2,1,277865.23190295324,-1.557,1.4921306,-0.1708553848285078
2,1,277870.2320992276,-1.557,1.4914045,-0.17301810612112936
2,1,277875.232295502,-1.557,1.4907358,-0.17518083351864408
2,1,277880.23249177635,-1.557,1.4900097,-0.17734355877113334
2,1,277885.2326880507,-1.557,1.4892454,-0.17950628402429147
2,1,277890.2328843251,-1.557,1.4888251,-0.18166900828811847
2,1,277895.23308059946,-1.557,1.4880416,-0.18383173241487466
2,1,277900.2332768738,-1.557,1.4872392,-0.18599445530663586
2,1,277905.2334731482,-1.557,1.4865896,-0.18815717934221682
2,1,277910.23366942257,-1.557,1.485787,-0.19031990037056462
2,1,277915.23386569694,-1.557,1.4851183,-0.1924826175621482
2,1,277920.2340619713,-1.557,1.4845068,-0.19464533742517887
2,1,277925.2342582457,-1.557,1.4837043,-0.19680805290692374
2,1,277930.23445452005,-1.557,1.4829401,-0.19897076837147598
2,1,277935.2346507944,-1.557,1.482214,-0.201133486143026
2,1,277940.2348470688,-1.557,1.4813924,-0.20329620109811086
2,1,277945.23504334316,-1.557,1.480437,-0.2054589135677019
2,1,277950.2352396175,-1.557,1.4798256,-0.2076216286416848
2,1,277955.2354358919,-1.557,1.479004,-0.20978434524635467
2,1,277960.23563216627,-1.557,1.4781634,-0.2119470592178834
2,1,277965.23582844064,-1.557,1.4771316,-0.21410977331083342
2,1,277970.236024715,-1.557,1.4764628,-0.2162724925068616
2,1,277975.2362209894,-1.557,1.4756413,-0.21843521244923264
2,1,277980.23641726375,-1.557,1.4747431,-0.22059793836826738
2,1,277985.2366135381,-1.557,1.4739406,-0.22276065637921616
2,1,277990.2368098125,-1.557,1.4731,-0.2249233766410681
2,1,277995.23700608686,-1.557,1.4720682,-0.22708609593409954
2,1,278000.2372023612,-1.557,1.4713994,-0.22924881600807764
2,1,278005.2373986356,-1.557,1.4705014,-0.2314115308994319
2,1,278010.23759490997,-1.557,1.4695078,-0.23357425557141165
2,1,278015.23779118434,-1.557,1.468476,-0.2357369832070999
2,1,278020.2379874587,-1.557,1.4676162,-0.23789970417802858
2,1,278025.2381837331,-1.557,1.4664698,-0.24006242094555824
2,1,278030.23838000745,-1.557,1.4657629,-0.2422251422429217
2,1,278035.2385762818,-1.557,1.4648839,-0.24438786165500345
2,1,278040.2387725562,-1.557,1.4637758,-0.24655057927963464
2,1,278045.23896883056,-1.557,1.4628776,-0.24871329622081248
2,1,278050.2391651049,-1.557,1.4619032,-0.2508760135651164
2,1,278055.2393613793,-1.557,1.460795,-0.25303872939461464
2,1,278060.23955765367,-1.557,1.459553,-0.2552014463618662
2,1,278065.23975392804,-1.557,1.4588078,-0.25736416001431806
2,1,278070.2399502024,-1.557,1.457757,-0.25952687454248136
2,1,278075.2401464768,-1.557,1.4566488,-0.2616895938419302
2,1,278080.24034275115,-1.557,1.4555596,-0.26385231372380913
2,1,278085.2405390255,-1.557,1.4545088,-0.2660150329307847
2,1,278090.2407352999,-1.557,1.453477,-0.2681777517748342
2,1,278095.24093157426,-1.557,1.4521968,-0.270340471303953
2,1,278100.2411278486,-1.557,1.4511268,-0.2725031868531637
2,1,278105.241324123,-1.557,1.4501332,-0.2746659057171013
2,1,278110.24152039737,-1.557,1.4488913,-0.276828626208206
2,1,278115.24171667174,-1.557,1.4478022,-0.27899134820037413
2,1,278120.2419129461,-1.557,1.4465411,-0.28115406818555455
2,1,278125.2421092205,-1.557,1.4454712,-0.2833167882426778
2,1,278130.2423054953,-1.557,1.4441146,-0.2854795082270172
2,1,278135.24250177015,-1.557,1.4430255,-0.28764222202277184
2,1,278140.242698045,-1.557,1.4417453,-0.28980493940201735
2,1,278145.2428943198,-1.557,1.440446,-0.29196765401581265
2,1,278150.24309059465,-1.557,1.4392613,-0.29413036877018217
2,1,278155.2432868695,-1.557,1.4380958,-0.2962930838128395
2,1,278160.2434831443,-1.557,1.4367392,-0.2984557960109777
2,1,278165.24367941916,-1.557,1.4354781,-0.30061850882762675
2,1,278170.243875694,-1.557,1.4341407,-0.30278122161261245
2,1,278175.24407196883,-1.557,1.4327841,-0.3049439358009895
2,1,278180.24426824367,-1.557,1.4313701,-0.3071066486751901
2,1,278185.2444645185,-1.557,1.4301854,-0.3092693617861735
2,1,278190.24466079334,-1.557,1.4287907,-0.31143207653234406
2,1,278195.2448570682,-1.557,1.4272047,-0.3135947931827042
2,1,278200.245053343,-1.557,1.4258864,-0.31575750871972247
2,1,278205.24524961784,-1.557,1.424377,-0.31792022505780065
2,1,278210.2454458927,-1.557,1.4229248,-0.3200829387351275
2,1,278215.2456421675,-1.557,1.4212242,-0.3222456588941813
2,1,278220.24583844235,-1.557,1.4198295,-0.3244083821681606
2,1,278225.2460347172,-1.557,1.4182818,-0.3265711051873565
2,1,278230.2462309918,-1.557,1.4167532,-0.3287338268158105
2,1,278235.2464272664,-1.557,1.4153202,-0.3308965473714206
2,1,278240.246623541,-1.557,1.4137151,-0.33305926758577425
2,1,278245.2468198156,-1.557,1.412244,-0.33522198388690416
2,1,278250.2470160902,-1.557,1.4107153,-0.3373847029085424
2,1,278255.2472123648,-1.557,1.4090912,-0.33954742229409346
2,1,278260.2474086394,-1.557,1.407429,-0.3417101404933068
2,1,278265.247604914,-1.557,1.4056902,-0.3438728602629038
2,1,278270.2478011886,-1.557,1.4040279,-0.34603557480494174
2,1,278275.2479974632,-1.557,1.4023465,-0.3481982921185758
2,1,278280.24819373793,-1.557,1.4006077,-0.35036100896049205
2,1,278285.24839001265,-1.557,1.3988117,-0.35252372655620173
2,1,278290.2485862869,-1.557,1.3971112,-0.35468644138766653
2,1,278295.2487825616,-1.557,1.3952577,-0.3568491539919045
2,1,278300.24897883635,-1.557,1.3933089,-0.35901186818075176
2,1,278305.24917511106,-1.557,1.3914554,-0.36117458423503235
2,1,278310.2493713858,-1.557,1.3895447,-0.3633373094352748
2,1,278315.2495676605,-1.557,1.3877295,-0.3655000244206918
2,1,278320.2497639352,-1.557,1.3857234,-0.3676627431774602
2,1,278325.24996020994,-1.557,1.3836406,-0.3698254596193631
2,1,278330.2501564846,-1.557,1.3816917,-0.3719881777482827
2,1,278335.2503527594,-1.557,1.3796282,-0.37415089368016846
2,1,278340.25054903404,-1.557,1.3775645,-0.37631361207371283
2,1,278345.25074530876,-1.557,1.3755393,-0.37847633212177617
2,1,278350.2509415835,-1.557,1.3733993,-0.3806390522625843
2,1,278355.25113785814,-1.557,1.3712211,-0.38280177295770246
2,1,278360.25133413286,-1.557,1.369234,-0.3849644887663722
2,1,278365.2515304076,-1.557,1.3668264,-0.3871272072277003
2,1,278370.2517266823,-1.557,1.3647246,-0.3892899221845865
2,1,278375.251922957,-1.557,1.3623172,-0.3914526370992528
2,1,278380.25211923174,-1.557,1.3599861,-0.3936153572479089
2,1,278385.25231550634,-1.557,1.3578461,-0.3957780745753977
2,1,278390.25251178094,-1.557,1.3554959,-0.3979407887523307
2,1,278395.25270805554,-1.557,1.3531076,-0.4001035044618448
2,1,278400.25290433015,-1.557,1.3506236,-0.40226621729922957
2,1,278405.25310060475,-1.557,1.3481015,-0.4044289313527942
2,1,278410.25329687935,-1.557,1.3457896,-0.40659164512843554
2,1,278415.2534931542,-1.557,1.3434012,-0.40875436181126035
2,1,278420.2536894288,-1.557,1.3408217,-0.4109170784659915
2,1,278425.2538857034,-1.557,1.3380703,-0.4130797935516768
2,1,278430.254081978,-1.557,1.3355864,-0.41524251196613576
2,1,278435.25427825283,-1.557,1.3327585,-0.41740523084192804
2,1,278440.25447452767,-1.557,1.3301027,-0.4195679514070352
2,1,278445.2546708025,-1.557,1.3274467,-0.42173067051321267
2,1,278450.25486707734,-1.557,1.3247718,-0.42389338742446897
2,1,278455.2550633522,-1.557,1.3219057,-0.42605610012882283
2,1,278460.255259627,-1.557,1.318925,-0.42821881646216575
2,1,278465.25545590185,-1.557,1.3163456,-0.43038153213550645
2,1,278470.2556521767,-1.557,1.313403,-0.4325442467166715
2,1,278475.2558484515,-1.557,1.3102504,-0.43470696031256517
2,1,278480.25604472635,-1.557,1.3074608,-0.4368696744392183
2,1,278485.2562410012,-1.557,1.3044418,-0.43903238728443783
2,1,278490.256437276,-1.557,1.301442,-0.4411951064014965
2,1,278495.25663355086,-1.557,1.2983658,-0.44335782213899827
2,1,278500.2568298257,-1.557,1.295194,-0.4455205429578291
2,1,278505.25702610053,-1.557,1.2920413,-0.4476832587493327
2,1,278510.25722237537,-1.557,1.288774,-0.44984597388757597
2,1,278515.2574186502,-1.557,1.2854494,-0.4520086900935173
2,1,278520.25761492504,-1.557,1.2821248,-0.45417140504028397
2,1,278525.2578111999,-1.557,1.2788193,-0.45633411980238886
2,1,278530.25800747424,-1.557,1.2754374,-0.45849683615915643
2,1,278535.2582037486,-1.557,1.2721318,-0.4606595543594493
2,1,278540.258400023,-1.557,1.2688453,-0.4628222741771936
2,1,278545.25859629735,-1.557,1.2652915,-0.4649849960159328
2,1,278550.2587925717,-1.557,1.2616993,-0.46714771969902513
2,1,278555.2589888461,-1.557,1.2582409,-0.469310442396654
2,1,278560.25918512046,-1.557,1.2545341,-0.4714731668827732
2,1,278565.25938139483,-1.557,1.2509803,-0.47363589329255285
2,1,278570.2595776692,-1.557,1.247197,-0.4757986154678132
2,1,278575.2597739436,-1.557,1.243433,-0.4779613362565636
2,1,278580.25997021794,-1.557,1.239879,-0.4801240566593077
2,1,278585.2601664923,-1.557,1.2358475,-0.48228677536805464
2,1,278590.2603627667,-1.557,1.2318923,-0.4844494996809032
2,1,278595.26055904105,-1.557,1.2279944,-0.4866122204397453
2,1,278600.2607553154,-1.557,1.2242495,-0.48877493958255314
2,1,278605.2609515898,-1.557,1.2204281,-0.4909376595526867
2,1,278610.26114786416,-1.557,1.2162436,-0.4931003811022109
2,1,278615.26134413853,-1.557,1.2122502,-0.4952631043456196
2,1,278620.2615404129,-1.557,1.2081614,-0.4974258270918064
2,1,278625.2617366873,-1.557,1.203996,-0.49958854860354784
2,1,278629.9899331555,-1.557,1.1999453,-0.5016336224023037
2,1,278629.99013315514,-1.557,1.1999644,-0.5016337089076703
2,2,278629.9909331547,1.557,1.3433897,1.7165239651997885e-07
2,2,278634.99112943,1.557,1.6999965,0.0021626923168632716
2,2,278639.9913257044,1.557,1.8204474,0.004325207193288537
2,2,278644.99152197875,1.557,1.9092761,0.006487721000327003
2,2,278649.9917182531,1.557,1.982227,0.008650231637914974
2,2,278654.9919145275,1.557,2.044153,0.010812737286104095
2,2,278659.99211080186,1.557,2.0965638,0.012975240974055394
2,2,278664.9923070767,1.557,2.1409876,0.015137742271118693
2,2,278669.99250335153,1.557,2.1783037,0.017300245024303593
2,2,278674.99269962637,1.557,2.2097158,0.0194627487645083
2,2,278679.9928959012,1.557,2.23616,0.021625250171999136
2,2,278684.99309217604,1.557,2.2585344,0.02378775064402156
2,2,278689.9932884509,1.557,2.277756,0.025950254489958285
2,2,278694.9934847257,1.557,2.2943983,0.028112760400030346
2,2,278699.99368100055,1.557,2.3090153,0.030275266538831922
2,2,278704.9938772754,1.557,2.321836,0.032437774683912596
2,2,278709.9940735502,1.557,2.3333194,0.034600282302445835
2,2,278714.99426982505,1.557,2.3436944,0.036762789931158224
2,2,278719.9944660999,1.557,2.3531334,0.038925296423448455
2,2,278724.9946623747,1.557,2.3617508,0.04108780880104171
2,2,278729.99485864956,1.557,2.3699477,0.0432503282706009
2,2,278734.9950549244,1.557,2.3774376,0.04541283625721931
2,2,278739.99525119923,1.557,2.3845837,0.047575342481262155
2,2,278744.99544747407,1.557,2.391768,0.04973785076679124
2,2,278749.9956437489,1.557,2.3983216,0.05190035993902551
2,2,278754.99584002374,1.557,2.4047225,0.05406287201646964
2,2,278759.9960362986,1.557,2.4110088,0.05622538216980299
2,2,278764.9962325732,1.557,2.4169893,0.05838789013593727
2,2,278769.9964288478,1.557,2.4229698,0.06055039989492629
2,2,278774.9966251224,1.557,2.4289694,0.06271290552287632
2,2,278779.996821397,1.557,2.434797,0.06487541356407935
2,2,278784.9970176716,1.557,2.4404528,0.06703792078582446
2,2,278789.9972139462,1.557,2.4462805,0.06920042869524824
2,2,278794.9974102208,1.557,2.4519744,0.07136293577924703
2,2,278799.9976064954,1.557,2.4578974,0.07352543999429545
2,2,278804.99780277,1.557,2.4634576,0.07568795510782136
2,2,278809.9979990446,1.557,2.4693236,0.07785046670646138
2,2,278814.9981953193,1.557,2.475132,0.08001297922700644
2,2,278819.99839159404,1.557,2.4808643,0.08217548695330487
2,2,278824.99858786876,1.557,2.4865007,0.08433799430450466
2,2,278829.998784143,1.557,2.4923668,0.08650049846680297
2,2,278834.99898041773,1.557,2.4980798,0.0886630048207177
2,2,278839.99917669245,1.557,2.5042322,0.09082550900954671
2,2,278844.99937296717,1.557,2.510079,0.09298801508614753
2,2,278849.9995692419,1.557,2.5161169,0.09515051868915558
2,2,278854.9997655166,1.557,2.52204,0.09731302239009407
2,2,278859.9999617913,1.557,2.5280397,0.0994755253508091
2,2,278865.000158066,1.557,2.5342112,0.10163802987576194
2,2,278870.00035434077,1.557,2.540096,0.10380053362899357
2,2,278875.0005506154,1.557,2.546134,0.10596303470385075
2,2,278880.00074689015,1.557,2.5521526,0.10812553174483114
2,2,278885.00094316487,1.557,2.5582478,0.1102880288332502
2,2,278890.0011394395,1.557,2.5639608,0.11245052780992455
2,2,278895.00133571425,1.557,2.570056,0.11461302635688915
2,2,278900.00153198896,1.557,2.576132,0.11677552402075132
2,2,278905.0017282637,1.557,2.5817878,0.11893802549107207
2,2,278910.0019245384,1.557,2.587577,0.12110052799848053
2,2,278915.0021208131,1.557,2.5931566,0.12326303017655346
2,2,278920.0023170877,1.557,2.5986211,0.12542553440819185
2,2,278925.0025133623,1.557,2.6041048,0.12758804079581632
2,2,278930.00270963693,1.557,2.609665,0.12975054610892137
2,2,278935.00290591153,1.557,2.6147857,0.13191305080937676
2,2,278940.00310218614,1.557,2.6195624,0.1340755547258589
2,2,278945.00329846074,1.557,2.6244922,0.13623805925567944
2,2,278950.00349473534,1.557,2.628944,0.13840056281110974
2,2,278955.0036910102,1.557,2.6333578,0.1405630674474769
2,2,278960.0038872848,1.557,2.6374848,0.14272557116203174
2,2,278965.0040835594,1.557,2.6415546,0.1448880732587907
2,2,278970.0042798342,1.557,2.644994,0.14705057538486188
2,2,278975.00447610905,1.557,2.6484907,0.14921307977106835
2,2,278980.0046723839,1.557,2.6516623,0.15137558143356772
2,2,278985.0048686587,1.557,2.6545856,0.1535380823877851
2,2,278990.00506493356,1.557,2.6574326,0.15570058422447575
2,2,278995.0052612084,1.557,2.6600695,0.15786308507892158
2,2,279000.00545748323,1.557,2.6623623,0.16002558459416363
2,2,279005.00565375807,1.557,2.6647315,0.16218808381268052
2,2,279010.0058500329,1.557,2.6666613,0.1643505811951889
2,2,279015.00604630774,1.557,2.6683428,0.16651308008935717
2,2,279020.0062425826,1.557,2.6701388,0.16867558109830486
2,2,279025.0064388574,1.557,2.671763,0.1708380827888979
2,2,279030.00663513225,1.557,2.6729286,0.17300058399281237
2,2,279035.0068314071,1.557,2.6743042,0.1751630867707332
2,2,279040.0070276819,1.557,2.6754696,0.177325584335751
2,2,279045.00722395675,1.557,2.6766543,0.17948808323550886
2,2,279050.0074202316,1.557,2.6776478,0.18165058632299635
2,2,279055.0076165064,1.557,2.6786416,0.18381308923261033
2,2,279060.00781278126,1.557,2.6793103,0.18597559468839567
2,2,279065.00800905563,1.557,2.6800938,0.18813809991898803
2,2,279070.00820533,1.557,2.6808197,0.19030060149325265
2,2,279075.00840160437,1.557,2.6814885,0.19246310426833893
2,2,279080.00859787874,1.557,2.6818514,0.19462560696034298
2,2,279085.0087941531,1.557,2.6826158,0.1967881102706525
2,2,279090.0089904275,1.557,2.6832273,0.19895061421761245
2,2,279095.00918670185,1.557,2.6839151,0.20111311736681725
2,2,279100.0093829762,1.557,2.684106,0.20327561688843038
2,2,279105.0095792506,1.557,2.684832,0.20543811603588527
2,2,279110.00977552496,1.557,2.685119,0.2076006175264716
2,2,279115.0099717993,1.557,2.6857874,0.20976311500793696
2,2,279120.0101680737,1.557,2.6861887,0.21192561321420803
2,2,279125.01036434807,1.557,2.68659,0.21408811303197015
2,2,279130.01056062244,1.557,2.6870868,0.2162506148014135
2,2,279135.0107568968,1.557,2.6874115,0.21841311559448642
2,2,279140.0109531712,1.557,2.688004,0.220575616995083
2,2,279145.01114944555,1.557,2.6884243,0.22273811944549615
2,2,279150.0113457199,1.557,2.6886344,0.2249006215208239
2,2,279155.0115419943,1.557,2.6893225,0.22706312626434696
2,2,279160.01173826866,1.557,2.6897428,0.229225630304065
2,2,279165.011934543,1.557,2.6901631,0.2313881321231193
2,2,279170.0121308174,1.557,2.690526,0.23355063532998163
2,2,279175.01232709177,1.557,2.691042,0.23571313747519915
2,2,279180.01252336614,1.557,2.6913285,0.2378756379978789
2,2,279185.0127196405,1.557,2.6918445,0.2400381397528648
2,2,279190.0129159149,1.557,2.6922457,0.24220064420545098
2,2,279195.01311218925,1.557,2.6923985,0.2443631486125588
2,2,279200.0133084636,1.557,2.6933157,0.24652565483511155
2,2,279205.013504738,1.557,2.6936214,0.24868815892427495
2,2,279210.01370101236,1.557,2.6939464,0.2508506585776541
2,2,279215.0138972867,1.557,2.6945577,0.25301315729233953
2,2,279220.0140935611,1.557,2.6952837,0.2551756545214719
2,2,279225.01428983547,1.557,2.695532,0.25733814987987275
2,2,279230.01448610984,1.557,2.696392,0.25950064612287277
2,2,279235.0146823842,1.557,2.6965258,0.26166314270397023
2,2,279240.0148786586,1.557,2.6972327,0.26382563926490143
2,2,279245.01507493295,1.557,2.6979015,0.26598813428895335
2,2,279250.0152712073,1.557,2.6985703,0.26815063071119777
2,2,279255.0154674817,1.557,2.69922,0.2703131272911429
2,2,279260.01566375606,1.557,2.699793,0.27247562691557403
2,2,279265.0158600304,1.557,2.7004428,0.2746381247043808
2,2,279270.0160563048,1.557,2.7009585,0.27680062197732264
2,2,279275.01625257917,1.557,2.7014744,0.27896312048801447
2,2,279280.01644885354,1.557,2.702296,0.28112561938686503
2,2,279285.0166451279,1.557,2.703003,0.28328811920349467
2,2,279290.0168414023,1.557,2.7034998,0.2854506197202868
2,2,279295.01703767665,1.557,2.7042832,0.28761312116285165
2,2,279300.017233951,1.557,2.7049901,0.2897756230651074
2,2,279305.0174302254,1.557,2.705697,0.2919381218044427
2,2,279310.01762649976,1.557,2.7064424,0.2941006199409035
2,2,279315.0178227741,1.557,2.7070727,0.2962631187613938
2,2,279320.0180190485,1.557,2.708009,0.29842562248055143
2,2,279325.01821532287,1.557,2.7087924,0.30058812475657465
2,2,279330.01841159724,1.557,2.7094994,0.3027506264156567
2,2,279335.0186078716,1.557,2.7102637,0.30491312720034525
2,2,279340.018804146,1.557,2.7112572,0.3070756296310359
2,2,279345.01900042035,1.557,2.711945,0.3092381336145335
2,2,279350.0191966947,1.557,2.7126138,0.3114006310611699
2,2,279355.0193929691,1.557,2.7135882,0.3135631251567404
2,2,279360.01958924346,1.557,2.7145436,0.31572563162684447
2,2,279365.0197855178,1.557,2.715327,0.31788813710489544
2,2,279370.0199817922,1.557,2.7162442,0.3200506455138194
2,2,279375.02017806657,1.557,2.7171996,0.3222131509587898
2,2,279380.02037434094,1.557,2.7181168,0.32437564647701056
2,2,279385.0205706153,1.557,2.719034,0.3265381423056987
2,2,279390.0207668897,1.557,2.720314,0.3287006377208763
2,2,279395.02096316405,1.557,2.7212694,0.33086313274285534
2,2,279400.0211594384,1.557,2.7223394,0.3330256278702948
2,2,279405.0213557128,1.557,2.7234476,0.3351881224536101
2,2,279410.02155198716,1.557,2.7245748,0.33735061815186346
2,2,279415.0217482615,1.557,2.7257214,0.33951311160826025
2,2,279420.0219445359,1.557,2.726753,0.34167560662991475
2,2,279425.02214081027,1.557,2.7280333,0.34383809912355084
2,2,279430.02233708464,1.557,2.7294662,0.346000595681429
2,2,279435.022533359,1.557,2.7305937,0.348163091321932
2,2,279440.0227296334,1.557,2.732046,0.3503255857021015
2,2,279445.02292590775,1.557,2.7332304,0.3524880770401956
2,2,279450.0231221821,1.557,2.7347016,0.35465057041939774
2,2,279455.0233184565,1.557,2.73602,0.35681307628139536
2,2,279460.0235147313,1.557,2.7374914,0.3589755735590459
2,2,279465.02371100616,1.557,2.7387524,0.36113807328772557
2,2,279470.023907281,1.557,2.7404337,0.3633005767123237
2,2,279475.0241035558,1.557,2.7419431,0.36546307245317444
2,2,279480.02429983066,1.557,2.743491,0.3676255690817172
2,2,279485.0244961055,1.557,2.7451532,0.3697880651838118
2,2,279490.02469238034,1.557,2.74672,0.37195055932133736
2,2,279495.02488865517,1.557,2.7483633,0.3741130558333067
2,2,279500.02508493,1.557,2.7500064,0.3762755500492984
2,2,279505.02528120484,1.557,2.7517068,0.3784380469746855
2,2,279510.0254774797,1.557,2.753484,0.3806005410413279
2,2,279515.0256737545,1.557,2.7554328,0.38276303835120473
2,2,279520.02587002935,1.557,2.7571716,0.3849255321471559
2,2,279525.0260663042,1.557,2.7592351,0.3870880291108026
2,2,279530.026262579,1.557,2.7612414,0.38925052614902794
2,2,279535.02645885386,1.557,2.7631903,0.3914130255347756
2,2,279540.0266551287,1.557,2.7654831,0.39357551702510657
2,2,279545.0268514035,1.557,2.7676613,0.39573800903877293
2,2,279550.02704767836,1.557,2.769572,0.3979004997510116
2,2,279555.0272439532,1.557,2.771865,0.4000629900990328
2,2,279560.0274402278,1.557,2.7742534,0.40222549020879145
2,2,279565.02763650194,1.557,2.7766416,0.4043879896533159
2,2,279570.02783277654,1.557,2.779374,0.40655048946703154
2,2,279575.02802905114,1.557,2.7819726,0.4087129774708484
2,2,279580.02822532575,1.557,2.7846859,0.4108754652333062
2,2,279585.02842160035,1.557,2.7873607,0.413037956625263
2,2,279590.02861787495,1.557,2.7899976,0.41520044772366693
2,2,279595.02881414955,1.557,2.793131,0.4173629399818448
2,2,279600.02901042416,1.557,2.7963219,0.41952543261119407
2,2,279605.02920669876,1.557,2.7996085,0.4216879288062521
2,2,279610.0294029735,1.557,2.8025892,0.42385043340883666
2,2,279615.0295992482,1.557,2.806124,0.42601292369238547
2,2,279620.0297955229,1.557,2.8096778,0.42817541148197663
2,2,279625.02999179764,1.557,2.8130598,0.43033789874017914
2,2,279630.03018807236,1.557,2.817034,0.43250038951222775
2,2,279635.0303843471,1.557,2.820951,0.4346628791507351
2,2,279640.0305806218,1.557,2.824868,0.43682536802835603
2,2,279645.0307768965,1.557,2.8289187,0.4389878573258255
2,2,279650.03097317123,1.557,2.8333514,0.4411503461485506
2,2,279655.03116944595,1.557,2.83788,0.4433128396608764
2,2,279660.0313657207,1.557,2.842561,0.44547533582660237
2,2,279665.0315619954,1.557,2.8474908,0.44763782272911745
2,2,279670.03175827005,1.557,2.8523822,0.4498003111545643
2,2,279675.0319545448,1.557,2.8576558,0.45196280018570695
2,2,279680.0321508195,1.557,2.8631394,0.45412529041364463
2,2,279685.03234709415,1.557,2.8688142,0.45628777992616765
2,2,279690.0325433691,1.557,2.874489,0.45845026906473774
2,2,279695.0327396438,1.557,2.8806224,0.46061275711296007
2,2,279700.03293591854,1.557,2.8868322,0.4627752575801148
2,2,279705.03313219326,1.557,2.8933287,0.4649377558482952
2,2,279710.033328468,1.557,2.9001498,0.4671002478098539
2,2,279715.0335247426,1.557,2.9071813,0.4692627364130153
2,2,279720.0337210172,1.557,2.9144993,0.47142523201089437
2,2,279725.0339172918,1.557,2.9218364,0.4735877301553091
2,2,279730.0341135664,1.557,2.929441,0.47575022665112554
2,2,279735.034309841,1.557,2.9371793,0.4779127138193515
2,2,279740.0345061156,1.557,2.9448411,0.48007520547409194
2,2,279745.0347023902,1.557,2.9530764,0.48223769847458603
2,2,279750.0348986648,1.557,2.961235,0.4844001927209563
2,2,279755.0350949392,1.557,2.96926,0.4865626829419269
2,2,279760.035291214,1.557,2.977667,0.4887251722346743
2,2,279765.03548748884,1.557,2.9857686,0.49088766242820026
2,2,279770.0356837637,1.557,2.9941185,0.49305016083056397
2,2,279773.4358812261,1.557,3.000099,0.49452068418798184
2,2,279773.4360812261,1.557,2.9999843,0.49452077068392436
3,1,279773.4368812261,-1.557,2.8693707,-1.7157577143775093e-07
3,1,279778.43707750086,-1.557,2.3266892,-0.002162908341427644
3,1,279783.4372737756,-1.557,2.1716163,-0.004325645502408345
3,1,279788.4374700503,-1.557,2.1136072,-0.006488385340869427
3,1,279793.43766632496,-1.557,2.0807812,-0.008651126578754848
3,1,279798.4378625997,-1.557,2.0494075,-0.010813868832045131
3,1,279803.4380588744,-1.557,2.0100086,-0.01297660874129004
3,1,279808.4382551491,-1.557,1.956012,-0.015139346737477515
3,1,279813.43845142383,-1.557,1.8858126,-0.017302083155420093
3,1,279818.4386476985,-1.557,1.8091934,-0.019464819751302403
3,1,279823.4388439732,-1.557,1.737045,-0.021627545233269534
3,1,279828.43904024793,-1.557,1.6758069,-0.023790281006971996
3,1,279833.43923652265,-1.557,1.6277144,-0.025953020816796357
3,1,279838.4394327974,-1.557,1.59357,-0.02811575994635953
3,1,279843.4396290721,-1.557,1.5714631,-0.03027849781097306
3,1,279848.4398253467,-1.557,1.5575341,-0.03244123689189222
3,1,279853.4400216213,-1.557,1.5483435,-0.03460397262177202
3,1,279858.4402178959,-1.557,1.5420383,-0.036766710175103606
3,1,279863.4404141705,-1.557,1.5374907,-0.03892944556319051
3,1,279868.4406104451,-1.557,1.5339369,-0.04109217560189962
3,1,279873.4408067197,-1.557,1.5311472,-0.04325491217059559
3,1,279878.4410029943,-1.557,1.5289308,-0.04541764601080948
3,1,279883.4411992689,-1.557,1.5271729,-0.04758037679888143
3,1,279888.4413955435,-1.557,1.5255297,-0.04974310563713313
3,1,279893.44159181835,-1.557,1.5242496,-0.05190584255960253
3,1,279898.4417880932,-1.557,1.5230076,-0.0540685799468822
3,1,279903.441984368,-1.557,1.5219376,-0.0562313179166582
3,1,279908.44218064286,-1.557,1.5210013,-0.05839405289173127
3,1,279913.4423769177,-1.557,1.520199,-0.06055677535963721
3,1,279918.44257319253,-1.557,1.5193772,-0.06271949868045251
3,1,279923.44276946736,-1.557,1.518613,-0.06488221975572242
3,1,279928.4429657422,-1.557,1.5179442,-0.06704494184304609
3,1,279933.44316201704,-1.557,1.5173328,-0.06920766404904923
3,1,279938.4433582919,-1.557,1.516664,-0.07137038929563762
3,1,279943.4435545667,-1.557,1.5162628,-0.07353311243301631
3,1,279948.44375084154,-1.557,1.5154604,-0.0756958354378409
3,1,279953.4439471164,-1.557,1.5150018,-0.07785856200871867
3,1,279958.4441433912,-1.557,1.5144858,-0.08002128830959401
3,1,279963.44433966605,-1.557,1.5141038,-0.08218401582901347
3,1,279968.4445359409,-1.557,1.5133586,-0.08434674260921612
3,1,279973.4447322157,-1.557,1.5129573,-0.08650947142683137
3,1,279978.44492849056,-1.557,1.5125178,-0.08867219705802204
3,1,279983.4451247654,-1.557,1.5119637,-0.09083492321703833
3,1,279988.4453210402,-1.557,1.5113523,-0.09299764949005844
3,1,279993.4455173146,-1.557,1.510932,-0.09516037835005259
3,1,279998.44571358897,-1.557,1.5104543,-0.0973231094304191
3,1,280003.44590986334,-1.557,1.509881,-0.09948584236362247
3,1,280008.4461061377,-1.557,1.5092888,-0.1016485745989548
3,1,280013.4463024121,-1.557,1.5088683,-0.10381130607045361
3,1,280018.44649868645,-1.557,1.5084099,-0.10597403715635673
3,1,280023.4466949608,-1.557,1.5078558,-0.1081367686773605
3,1,280028.4468912352,-1.557,1.5076264,-0.11029950009857947
3,1,280033.44708750956,-1.557,1.5069003,-0.11246222700186571
3,1,280038.4472837839,-1.557,1.5064036,-0.11462495228995218
3,1,280043.4474800583,-1.557,1.5057157,-0.11678767738452885
3,1,280048.44767633267,-1.557,1.5053527,-0.11895040503496594
3,1,280053.44787260704,-1.557,1.5047795,-0.12111313335335255
3,1,280058.4480688814,-1.557,1.5043591,-0.12327586357124647
3,1,280063.4482651558,-1.557,1.5037094,-0.1254385898558961
3,1,280068.44846143015,-1.557,1.5031363,-0.12760131530053084
3,1,280073.4486577045,-1.557,1.5026968,-0.12976404281702966
3,1,280078.4488539789,-1.557,1.5021045,-0.1319267666041917
3,1,280083.44905025326,-1.557,1.5016077,-0.13408949287035066
3,1,280088.4492465276,-1.557,1.5009198,-0.13625221445159116
3,1,280093.449442802,-1.557,1.5004231,-0.13841493785944248
3,1,280098.44963907637,-1.557,1.4998116,-0.1405776641448405
3,1,280103.44983535074,-1.557,1.499334,-0.14274039160929122
3,1,280108.4500316251,-1.557,1.4986461,-0.14490311755455865
3,1,280113.4502278995,-1.557,1.4981111,-0.14706584483223492
3,1,280118.45042417385,-1.557,1.4974233,-0.14922857331559394
3,1,280123.4506204482,-1.557,1.4968692,-0.15139130447143317
3,1,280128.4508167226,-1.557,1.4962769,-0.15355403573877283
3,1,280133.45101299696,-1.557,1.4956462,-0.15571676294122141
3,1,280138.4512092713,-1.557,1.4949967,-0.15787949220238792
3,1,280143.4514055457,-1.557,1.494347,-0.1600422193199595
3,1,280148.45160182007,-1.557,1.4937165,-0.16220494653188522
3,1,280153.45179809444,-1.557,1.4930096,-0.16436767763533197
3,1,280158.4519943688,-1.557,1.4925319,-0.16653040997366775
3,1,280163.4521906432,-1.557,1.4917675,-0.1686931453151968
3,1,280168.45238691755,-1.557,1.4910797,-0.1708558805605637
3,1,280173.4525831919,-1.557,1.4903345,-0.17301861304382485
3,1,280178.4527794663,-1.557,1.4895703,-0.1751813416745464
3,1,280183.45297574066,-1.557,1.4889206,-0.1773440729428331
3,1,280188.453172015,-1.557,1.4882901,-0.17950680405810143
3,1,280193.4533682894,-1.557,1.4876404,-0.18166953834017116
3,1,280198.45356456377,-1.557,1.4869525,-0.18383227098517282
3,1,280203.45376083814,-1.557,1.48615,-0.18599500489664736
3,1,280208.4539571125,-1.557,1.4854622,-0.18815773923305668
3,1,280213.4541533869,-1.557,1.4845642,-0.19032047159347265
3,1,280218.45434966125,-1.557,1.4838763,-0.19248320376645853
3,1,280223.4545459356,-1.557,1.4833604,-0.1946459361067215
3,1,280228.45474221,-1.557,1.4822713,-0.1968086666694283
3,1,280233.45493848436,-1.557,1.4815071,-0.1989713990650574
3,1,280238.4551347587,-1.557,1.4807619,-0.20113413390853666
3,1,280243.4553310331,-1.557,1.4799976,-0.20329686572906702
3,1,280248.45552730747,-1.557,1.479176,-0.20545959743223585
3,1,280253.45572358184,-1.557,1.4785454,-0.20762233492949272
3,1,280258.4559198562,-1.557,1.4777048,-0.20978506717720297
3,1,280263.4561161306,-1.557,1.4768449,-0.21194779833559196
3,1,280268.45631240495,-1.557,1.4760233,-0.21411052795426713
3,1,280273.4565086793,-1.557,1.4751062,-0.21627325916652548
3,1,280278.4567049537,-1.557,1.4743419,-0.21843599409761696
3,1,280283.45690122806,-1.557,1.4734439,-0.2205987270311515
3,1,280288.4570975024,-1.557,1.4724312,-0.2227614551420477
3,1,280293.4572937768,-1.557,1.471686,-0.22492418042549164
3,1,280298.45749005117,-1.557,1.4708071,-0.22708690367940404
3,1,280303.45768632554,-1.557,1.4699664,-0.2292496291442249
3,1,280308.4578825999,-1.557,1.4690492,-0.23141235449682346
3,1,280313.4580788743,-1.557,1.4680939,-0.23357507935245836
3,1,280318.45827514865,-1.557,1.4672532,-0.23573780491590504
3,1,280323.458471423,-1.557,1.4662405,-0.2379005308082634
3,1,280328.4586676974,-1.557,1.4652852,-0.24006325870027811
3,1,280333.45886397175,-1.557,1.4644253,-0.24222598753821856
3,1,280338.4590602461,-1.557,1.4634126,-0.2443887154355182
3,1,280343.4592565205,-1.557,1.4624,-0.2465514415544537
3,1,280348.45945279486,-1.557,1.4612535,-0.248714167266508
3,1,280353.45964906923,-1.557,1.4603174,-0.25087689252293777
3,1,280358.4598453436,-1.557,1.4594766,-0.2530396179258559
3,1,280363.460041618,-1.557,1.4584448,-0.2552023408022325
3,1,280368.46023789234,-1.557,1.4572603,-0.25736506223174604
3,1,280373.4604341667,-1.557,1.4560946,-0.2595277843713165
3,1,280378.4606304411,-1.557,1.4551202,-0.2616905074618592
3,1,280383.46082671545,-1.557,1.4541075,-0.2638532329001626
3,1,280388.4610229903,-1.557,1.4529229,-0.26601595867697403
3,1,280393.4612192651,-1.557,1.4519484,-0.2681786834721102
3,1,280398.46141553996,-1.557,1.4507829,-0.27034140683764224
3,1,280403.4616118148,-1.557,1.4497129,-0.27250412962149917
3,1,280408.46180808963,-1.557,1.4485474,-0.27466685620226466
3,1,280413.46200436447,-1.557,1.4472098,-0.27682958006613123
3,1,280418.4622006393,-1.557,1.4460826,-0.27899230693352883
3,1,280423.46239691414,-1.557,1.4450316,-0.2811550340423187
3,1,280428.462593189,-1.557,1.4437324,-0.28331776293622124
3,1,280433.4627894638,-1.557,1.4424905,-0.28548049055069025
3,1,280438.46298573865,-1.557,1.4413822,-0.2876432227152454
3,1,280443.4631820135,-1.557,1.4399492,-0.28980595143864557
3,1,280448.4633782883,-1.557,1.4387455,-0.29196868677852555
3,1,280453.46357456315,-1.557,1.4373316,-0.29413142093697525
3,1,280458.463770838,-1.557,1.4362233,-0.29629415306239
3,1,280463.4639671128,-1.557,1.4347712,-0.29845688742852877
3,1,280468.46416338766,-1.557,1.4332808,-0.30061962018659383
3,1,280473.4643596625,-1.557,1.4320197,-0.3027823534111977
3,1,280478.46455593733,-1.557,1.4307204,-0.30494508571428725
3,1,280483.46475221217,-1.557,1.4292684,-0.30710781781527735
3,1,280488.46494848677,-1.557,1.4280455,-0.3092705473247171
3,1,280493.4651447614,-1.557,1.426345,-0.31143327817832106
3,1,280498.465341036,-1.557,1.424912,-0.3135960060613355
3,1,280503.4655373101,-1.557,1.4234024,-0.3157587339041366
3,1,280508.4657335847,-1.557,1.4220077,-0.31792146420945067
3,1,280513.4659298593,-1.557,1.4204217,-0.32008419295830204
3,1,280518.4661261339,-1.557,1.419027,-0.3222469228510394
3,1,280523.4663224085,-1.557,1.4172882,-0.32440965063005694
3,1,280528.4665186831,-1.557,1.4159698,-0.3265723791071972
3,1,280533.4667149577,-1.557,1.4143075,-0.32873510740918593
3,1,280538.46691123245,-1.557,1.4128171,-0.33089783684821933
3,1,280543.46710750717,-1.557,1.4111739,-0.33306056790624733
3,1,280548.4673037819,-1.557,1.4093587,-0.33522329593127315
3,1,280553.4675000566,-1.557,1.4079448,-0.3373860263566972
3,1,280558.4676963313,-1.557,1.4061105,-0.3395487592021956
3,1,280563.46789260604,-1.557,1.4046394,-0.3417114951829646
3,1,280568.46808888076,-1.557,1.4028432,-0.3438742302055227
3,1,280573.4682851555,-1.557,1.4011046,-0.3460369640288221
3,1,280578.4684814302,-1.557,1.3993467,-0.3481996977729136
3,1,280583.4686777049,-1.557,1.3974359,-0.3503624351579349
3,1,280588.46887397964,-1.557,1.3955826,-0.35252516444589704
3,1,280593.46907025436,-1.557,1.3937101,-0.35468789799214745
3,1,280598.469266529,-1.557,1.391914,-0.356850631338815
3,1,280603.46946280374,-1.557,1.3899843,-0.35901336011687923
3,1,280608.46965907846,-1.557,1.388169,-0.3611760883361698
3,1,280613.4698553531,-1.557,1.3860099,-0.36333882004328577
3,1,280618.47005162784,-1.557,1.3841374,-0.3655015500228803
3,1,280623.47024790256,-1.557,1.3822458,-0.36766427722134865
3,1,280628.4704441773,-1.557,1.3801249,-0.3698270036965477
3,1,280633.47064045223,-1.557,1.377985,-0.37198973128894974
3,1,280638.47083672695,-1.557,1.375845,-0.37415245695859867
3,1,280643.47103300155,-1.557,1.3738005,-0.3763151754953134
3,1,280648.47122927615,-1.557,1.3715267,-0.37847789882557936
3,1,280653.47142555076,-1.557,1.3694632,-0.38064062217528966
3,1,280658.47162182536,-1.557,1.3672659,-0.3828033438230953
3,1,280663.47181809996,-1.557,1.3649348,-0.38496606299488423
3,1,280668.47201437457,-1.557,1.3627375,-0.3871287863115007
3,1,280673.47221064917,-1.557,1.3604637,-0.3892915121387244
3,1,280678.4724069238,-1.557,1.3581518,-0.39145424075787605
3,1,280683.4726031984,-1.557,1.3557252,-0.3936169689383905
3,1,280688.472799473,-1.557,1.3533368,-0.395779693356375
3,1,280693.4729957478,-1.557,1.3508338,-0.39794241982152734
3,1,280698.47319202265,-1.557,1.3481779,-0.400105147715913
3,1,280703.4733882975,-1.557,1.3457705,-0.40226787517109186
3,1,280708.4735845723,-1.557,1.3433439,-0.4044306055227783
3,1,280713.47378084715,-1.557,1.3408791,-0.4065933339497381
3,1,280718.473977122,-1.557,1.3381276,-0.40875606413226
3,1,280723.4741733968,-1.557,1.3356436,-0.4109187932397326
3,1,280728.47436967166,-1.557,1.3327203,-0.41308152077447713
3,1,280733.4745659465,-1.557,1.3298352,-0.41524424738307136
3,1,280738.47476222133,-1.557,1.3272365,-0.4174069707375169
3,1,280743.47495849617,-1.557,1.3242941,-0.4195696919191546
3,1,280748.475154771,-1.557,1.3215426,-0.42173241663383776
3,1,280753.47535104584,-1.557,1.3185619,-0.4238951385833489
3,1,280758.4755473207,-1.557,1.315543,-0.42605786159851156
3,1,280763.4757435955,-1.557,1.3127344,-0.42822058575118255
3,1,280768.47593987035,-1.557,1.3095816,-0.4303833119119539
3,1,280773.4761361447,-1.557,1.3064098,-0.43254603853295914
3,1,280778.47633241955,-1.557,1.303219,-0.43470876306696077
3,1,280783.4765286944,-1.557,1.3002574,-0.4368714926407934
3,1,280788.4767249692,-1.557,1.2969328,-0.43903422107211754
3,1,280793.4769212436,-1.557,1.2936463,-0.4411969495581786
3,1,280798.47711751796,-1.557,1.2906275,-0.44335967567646506
3,1,280803.47731379233,-1.557,1.2870544,-0.4455224024538994
3,1,280808.4775100667,-1.557,1.2837871,-0.4476851262345248
3,1,280813.4777063411,-1.557,1.2802141,-0.44984784801797734
3,1,280818.47790261544,-1.557,1.2768512,-0.4520105685794221
3,1,280823.4780988898,-1.557,1.2731254,-0.45417329036743115
3,1,280828.4782951642,-1.557,1.2694759,-0.4563360144964258
3,1,280833.47849143855,-1.557,1.266094,-0.458498735826393
3,1,280838.4786877129,-1.557,1.262349,-0.46066145890150473
3,1,280843.4788839873,-1.557,1.2586613,-0.46282418111186563
3,1,280848.47908026166,-1.557,1.2547635,-0.4649869039863746
3,1,280853.47927653603,-1.557,1.2511331,-0.4671496248930296
3,1,280858.4794728104,-1.557,1.2473117,-0.4693123455595772
3,1,280863.4796690848,-1.557,1.2433757,-0.47147506591141225
3,1,280868.47986535914,-1.557,1.2395351,-0.47363778566243253
3,1,280873.4800616335,-1.557,1.2354271,-0.4758005057222777
3,1,280878.4802579079,-1.557,1.2314719,-0.47796322583564127
3,1,280883.48045418225,-1.557,1.227383,-0.4801259556243354
3,1,280888.4806504566,-1.557,1.2232368,-0.4822886862401632
3,1,280893.480846731,-1.557,1.2192434,-0.4844514205143916
3,1,280898.48104300536,-1.557,1.21525,-0.4866141538403631
3,1,280903.48123927973,-1.557,1.2110847,-0.4887768880391188
3,1,280908.4814355541,-1.557,1.2067474,-0.49093961789691454
3,1,280913.4816318285,-1.557,1.2024482,-0.49310235106133093
3,1,280916.2062297929,-1.557,1.1998688,-0.4942808177713421
3,1,280916.20642979257,-1.557,1.1999835,-0.49428090427812604
3,2,280916.20722979214,1.557,1.3410629,1.7166407240761652e-07
3,2,280921.20742606744,1.557,1.6969584,0.002162680568595727
3,2,280926.2076223418,1.557,1.8181163,0.004325185946861903
3,2,280931.2078186162,1.557,1.907824,0.006487678275459343
3,2,280936.20801489055,1.557,1.9815391,0.008650175233940283
3,2,280941.2082111649,1.557,2.0441911,0.010812678418278694
3,2,280946.2084074393,1.557,2.0973663,0.012975171087437206
3,2,280951.20860371366,1.557,2.1422486,0.015137670966552363
3,2,280956.20879998803,1.557,2.1800616,0.017300166486342746
3,2,280961.2089962624,1.557,2.2118175,0.01946266233522362
3,2,280966.2091925368,1.557,2.2385674,0.021625161713262397
3,2,280971.20938881114,1.557,2.2609227,0.023787662669943435
3,2,280976.2095850855,1.557,2.2802782,0.02595015628219975
3,2,280981.2097813599,1.557,2.2968059,0.02811264854761627
3,2,280986.20997763425,1.557,2.3113463,0.03027514061948326
3,2,280991.2101739086,1.557,2.3242054,0.032437638064245385
3,2,280996.210370183,1.557,2.3356886,0.03460013560892476
3,2,281001.21056645736,1.557,2.3457391,0.03676263684883383
3,2,281006.21076273173,1.557,2.3551397,0.038925126584827906
3,2,281011.21095900657,1.557,2.3639863,0.04108762738420566
3,2,281016.2111552814,1.557,2.3721259,0.04325012083311214
3,2,281021.21135155624,1.557,2.3797686,0.045412621586826116
3,2,281026.2115478311,1.557,2.3869529,0.04757512067653073
3,2,281031.2117441059,1.557,2.3940609,0.04973761467972729
3,2,281036.21194038074,1.557,2.4007864,0.05190010569555229
3,2,281041.2121366551,1.557,2.4070728,0.05406259872487518
3,2,281046.21233292995,1.557,2.4134736,0.05622509050422244
3,2,281051.2125292048,1.557,2.4197407,0.05838759561974472
3,2,281056.2127254796,1.557,2.4256065,0.06055010079773929
3,2,281061.21292175446,1.557,2.4315107,0.06271260670014221
3,2,281066.2131180293,1.557,2.437625,0.0648751129508813
3,2,281071.2133143041,1.557,2.4435098,0.06703761841692525
3,2,281076.21351057896,1.557,2.4492803,0.06920012313163279
3,2,281081.2137068538,1.557,2.4548976,0.07136262634346219
3,2,281086.21390312864,1.557,2.4609356,0.07352512926652695
3,2,281091.21409940347,1.557,2.4665914,0.07568763404450812
3,2,281096.2142956783,1.557,2.4723997,0.07785013991869157
3,2,281101.21449195314,1.557,2.478342,0.08001264555446967
3,2,281106.214688228,1.557,2.4841506,0.08217515158590341
3,2,281111.2148845026,1.557,2.4898636,0.08433765361028245
3,2,281116.2150807772,1.557,2.4960353,0.08650015279806982
3,2,281121.2152770518,1.557,2.502035,0.08866265597155355
3,2,281126.2154733264,1.557,2.5079389,0.09082516264094243
3,2,281131.215669601,1.557,2.5139577,0.09298766785204406
3,2,281136.2158658756,1.557,2.5199382,0.09515017345402633
3,2,281141.2160621502,1.557,2.525995,0.09731268252934346
3,2,281146.2162584248,1.557,2.532071,0.09947519052718741
3,2,281151.2164546994,1.557,2.53809,0.10163769785800902
3,2,281156.216650974,1.557,2.5442615,0.10380020519399638
3,2,281161.2168472487,1.557,2.5501657,0.1059627112869951
3,2,281166.2170435237,1.557,2.5564518,0.10812521949056779
3,2,281171.2172397984,1.557,2.5624897,0.11028772777989171
3,2,281176.2174360731,1.557,2.5685847,0.11245023399585481
3,2,281181.21763234783,1.557,2.574298,0.11461273757317327
3,2,281186.21782862255,1.557,2.5803356,0.11677524372884958
3,2,281191.2180248973,1.557,2.5859914,0.11893774910287058
3,2,281196.218221172,1.557,2.5918,0.12110025485516915
3,2,281201.2184174467,1.557,2.5973601,0.12326275933318001
3,2,281206.21861372143,1.557,2.6027482,0.1254252654058734
3,2,281211.21880999615,1.557,2.6080408,0.12758777160710752
3,2,281216.21900627087,1.557,2.6132572,0.12975027710154977
3,2,281221.2192025456,1.557,2.6182058,0.1319127816508544
3,2,281226.21939882025,1.557,2.6229444,0.13407528405137187
3,2,281231.21959509485,1.557,2.6275492,0.13623778630769906
3,2,281236.2197913695,1.557,2.6316955,0.13840029086930875
3,2,281241.21998764423,1.557,2.6359944,0.1405627971634334
3,2,281246.22018391895,1.557,2.6397586,0.14272530298761515
3,2,281251.22038019367,1.557,2.6433508,0.14488780911260832
3,2,281256.2205764684,1.557,2.6467519,0.14705031560635556
3,2,281261.220772743,1.557,2.6500192,0.14921281827125937
3,2,281266.2209690176,1.557,2.6529808,0.1513753220287428
3,2,281271.2211652922,1.557,2.655541,0.15353782602465804
3,2,281276.2213615668,1.557,2.658025,0.1557003321967985
3,2,281281.2215578414,1.557,2.6603942,0.15786283918893326
3,2,281286.221754116,1.557,2.662496,0.16002534480857175
3,2,281291.2219503906,1.557,2.6644258,0.16218785108863634
3,2,281296.2221466652,1.557,2.6662028,0.16435035894060787
3,2,281301.2223429398,1.557,2.6679416,0.16651286699871212
3,2,281306.2225392144,1.557,2.669432,0.16867537424726609
3,2,281311.2227354888,1.557,2.6706548,0.17083788497193644
3,2,281316.2229317636,1.557,2.671801,0.17300039134505713
3,2,281321.22312803846,1.557,2.6729667,0.17516289700059087
3,2,281326.2233243133,1.557,2.6741323,0.17732540349796735
3,2,281331.22352058813,1.557,2.6750302,0.17948790891788394
3,2,281336.22371686297,1.557,2.6758137,0.1816504116794731
3,2,281341.2239131378,1.557,2.6766734,0.18381291479264356
3,2,281346.22410941264,1.557,2.6774569,0.18597541507543447
3,2,281351.2243056875,1.557,2.6782212,0.1881379182482162
3,2,281356.2245019623,1.557,2.678909,0.19030042247263582
3,2,281361.22469823714,1.557,2.679444,0.19246292802212628
3,2,281366.224894512,1.557,2.6800172,0.19462543559802895
3,2,281371.2250907868,1.557,2.6805332,0.196787938783778
3,2,281376.22528706165,1.557,2.6811254,0.1989504422697093
3,2,281381.2254833365,1.557,2.6816604,0.20111294675046196
3,2,281386.2256796113,1.557,2.6820426,0.20327545016232454
3,2,281391.22587588616,1.557,2.6825395,0.20543795409418467
3,2,281396.226072161,1.557,2.6829214,0.20760045902330335
3,2,281401.2262684358,1.557,2.6834373,0.20976296038925638
3,2,281406.22646471066,1.557,2.6838386,0.2119254619736273
3,2,281411.2266609855,1.557,2.6842017,0.21408796969868066
3,2,281416.22685725987,1.557,2.6845455,0.21625047067319672
3,2,281421.22705353424,1.557,2.6849852,0.21841296977041816
3,2,281426.2272498086,1.557,2.6852717,0.22057546733403857
3,2,281431.227446083,1.557,2.6858068,0.22273796490734804
3,2,281436.22764235735,1.557,2.6863225,0.22490046482233195
3,2,281441.2278386317,1.557,2.686743,0.22706296643910132
3,2,281446.2280349061,1.557,2.6868768,0.22922546820493528
3,2,281451.22823118046,1.557,2.6875072,0.23138796734337663
3,2,281456.22842745483,1.557,2.687832,0.2335504678580164
3,2,281461.2286237292,1.557,2.6880612,0.23571296564510125
3,2,281466.22882000357,1.557,2.688539,0.23787546340868862
3,2,281471.22901627794,1.557,2.689055,0.24003795746922485
3,2,281476.2292125523,1.557,2.689437,0.24220045598193665
3,2,281481.2294088267,1.557,2.689781,0.24436295113823805
3,2,281486.22960510105,1.557,2.6902585,0.2465254466759893
3,2,281491.2298013754,1.557,2.6907363,0.2486879424935976
3,2,281496.2299976498,1.557,2.6911566,0.2508504386845826
3,2,281501.23019392416,1.557,2.6916344,0.25301293545414333
3,2,281506.2303901985,1.557,2.6921694,0.25517543378558416
3,2,281511.2305864729,1.557,2.6927042,0.25733793287436824
3,2,281516.23078274727,1.557,2.6932392,0.2595004324804743
3,2,281521.23097902164,1.557,2.6936023,0.2616629335595303
3,2,281526.231175296,1.557,2.694271,0.26382543354022503
3,2,281531.2313715704,1.557,2.694787,0.26598793242453206
3,2,281536.23156784475,1.557,2.6951883,0.26815043341690303
3,2,281541.2317641191,1.557,2.6959908,0.2703129348717266
3,2,281546.2319603935,1.557,2.696602,0.27247543763653437
3,2,281551.23215666786,1.557,2.6969461,0.2746379405165911
3,2,281556.2323529422,1.557,2.6975574,0.2768004394344356
3,2,281561.2325492166,1.557,2.6983027,0.27896294128161664
3,2,281566.23274549097,1.557,2.6987803,0.2811254421567453
3,2,281571.23294176534,1.557,2.6994681,0.2832879417449368
3,2,281576.2331380397,1.557,2.7000606,0.28545044058526226
3,2,281581.2333343141,1.557,2.70071,0.28761294148055716
3,2,281586.23353058845,1.557,2.7011878,0.2897754471188519
3,2,281591.2337268628,1.557,2.702124,0.29193795279003515
3,2,281596.2339231372,1.557,2.7029076,0.29410045750992164
3,2,281601.23411941156,1.557,2.7034616,0.29626295903737676
3,2,281606.2343156859,1.557,2.7042642,0.2984254604356554
3,2,281611.2345119603,1.557,2.7050667,0.30058796395921705
3,2,281616.23470823467,1.557,2.7057545,0.3027504656861159
3,2,281621.23490450904,1.557,2.7066143,0.30491296660816003
3,2,281626.2351007834,1.557,2.7073402,0.3070754685474236
3,2,281631.2352970578,1.557,2.7084868,0.30923796919571683
3,2,281636.23549333215,1.557,2.709423,0.31140047131211884
3,2,281641.2356896065,1.557,2.710149,0.3135629714230762
3,2,281646.2358858809,1.557,2.7109897,0.31572547186672684
3,2,281651.23608215526,1.557,2.7119834,0.3178879719050063
3,2,281656.2362784296,1.557,2.712977,0.320050473374274
3,2,281661.236474704,1.557,2.7137985,0.3222129724794228
3,2,281666.23667097837,1.557,2.714773,0.32437546905595055
3,2,281671.23686725274,1.557,2.715843,0.3265379672650429
3,2,281676.2370635271,1.557,2.7166836,0.3287004641907347
3,2,281681.2372598015,1.557,2.7178683,0.33086296118834274
3,2,281686.23745607585,1.557,2.7187855,0.33302546158017704
3,2,281691.2376523502,1.557,2.719951,0.335187964676539
3,2,281696.2378486246,1.557,2.7209828,0.3373504677586952
3,2,281701.23804489896,1.557,2.7223012,0.33951296711477963
3,2,281706.2382411733,1.557,2.723333,0.3416754700833294
3,2,281711.2384374477,1.557,2.7245557,0.34383797489458984
3,2,281716.23863372207,1.557,2.725855,0.3460004808313913
3,2,281721.23882999644,1.557,2.7269251,0.34816298178193306
3,2,281726.2390262708,1.557,2.7285109,0.350325485007551
3,2,281731.2392225452,1.557,2.7296956,0.35248798760178357
3,2,281736.23941881955,1.557,2.7310712,0.3546504880483548
3,2,281741.2396150939,1.557,2.7325234,0.3568129904552632
3,2,281746.2398113683,1.557,2.733899,0.35897549339728224
3,2,281751.24000764266,1.557,2.735485,0.3611379939446913
3,2,281756.240203917,1.557,2.7371473,0.3633004961768455
3,2,281761.2404001914,1.557,2.738542,0.36546299950482447
3,2,281766.24059646577,1.557,2.7402236,0.3676255027055409
3,2,281771.24079274014,1.557,2.7417903,0.3697880042961769
3,2,281776.2409890145,1.557,2.7434144,0.37195050251158074
3,2,281781.2411852889,1.557,2.7450576,0.3741130018665194
3,2,281786.24138156325,1.557,2.746892,0.37627549971973895
3,2,281791.2415778376,1.557,2.7488027,0.3784379990030394
3,2,281796.241774112,1.557,2.7506943,0.38060049864430556
3,2,281801.24197038636,1.557,2.7525287,0.38276299712273804
3,2,281806.2421666607,1.557,2.754401,0.3849254951751563
3,2,281811.24236293556,1.557,2.756541,0.38708799381052117
3,2,281816.2425592104,1.557,2.7584136,0.38925049455532096
3,2,281821.24275548523,1.557,2.7606874,0.3914129953651759
3,2,281826.24295176007,1.557,2.7629802,0.3935754932034876
3,2,281831.2431480349,1.557,2.7652922,0.3957379910698069
3,2,281836.24334430974,1.557,2.7676804,0.39790048949717144
3,2,281841.2435405846,1.557,2.7701645,0.40006298769125004
3,2,281846.2437368594,1.557,2.7725337,0.40222548674072817
3,2,281851.24393313425,1.557,2.775075,0.4043879842275248
3,2,281856.2441294091,1.557,2.7777498,0.40655048160064877
3,2,281861.2443256839,1.557,2.7805204,0.408712981279797
3,2,281866.24452195875,1.557,2.7832718,0.4108754802865386
3,2,281871.2447182336,1.557,2.7860997,0.41303798002798686
3,2,281876.2449145084,1.557,2.7892523,0.4152004805139634
3,2,281881.24511078326,1.557,2.7925005,0.4173629815875623
3,2,281886.2453070581,1.557,2.7955194,0.4195254816760487
3,2,281891.24550333293,1.557,2.7989397,0.42168798206465113
3,2,281896.24569960777,1.557,2.8023407,0.4238504843364226
3,2,281901.2458958826,1.557,2.8060665,0.4260129882799454
3,2,281906.24609215744,1.557,2.8098116,0.42817549052428544
3,2,281911.24628843204,1.557,2.813614,0.4303379947231148
3,2,281916.24648470664,1.557,2.8175309,0.4325004985516138
3,2,281921.24668098125,1.557,2.8215623,0.434663003443877
3,2,281926.24687725585,1.557,2.825957,0.4368255085917778
3,2,281931.24707353045,1.557,2.8302562,0.43898801232881685
3,2,281936.24726980506,1.557,2.8347464,0.44115051544802725
3,2,281941.24746607966,1.557,2.8394275,0.4433130167103609
3,2,281946.24766235426,1.557,2.8444145,0.4454755204006964
3,2,281951.24785862886,1.557,2.849363,0.4476380228268902
3,2,281956.2480549036,1.557,2.8544838,0.44980052430819806
3,2,281961.2482511783,1.557,2.8601205,0.4519630258525941
3,2,281966.248447453,1.557,2.865757,0.4541255279663868
3,2,281971.2486437276,1.557,2.8718522,0.4562880321898527
3,2,281976.24884000234,1.557,2.8779092,0.4584505331483417
3,2,281981.24903627706,1.557,2.8843865,0.4606130332691537
3,2,281986.2492325518,1.557,2.8911502,0.4627755342857374
3,2,281991.2494288265,1.557,2.897876,0.46493803425392843
3,2,281996.2496251012,1.557,2.904659,0.467100534420232
3,2,282001.24982137594,1.557,2.9120727,0.46926303418281345
3,2,282006.25001765066,1.557,2.91983,0.47142553422826533
3,2,282011.2502139253,1.557,2.927664,0.4735880352877379
3,2,282016.25041020004,1.557,2.93567,0.4757505366459887
3,2,282021.25060647476,1.557,2.9441724,0.4779130410934754
3,2,282026.2508027495,1.557,2.952866,0.4800755448610916
3,2,282031.25099902414,1.557,2.9617891,0.4822380476490194
3,2,282036.25119529886,1.557,2.9707313,0.48440055249377767
3,2,282041.2513915736,1.557,2.9797306,0.48656305539570927
3,2,282046.2515878483,1.557,2.988711,0.4887255606588126
3,2,282051.25178412255,1.557,2.9977677,0.4908880641509097
3,2,282052.54598315805,1.557,3.0000799,0.4914477838011451
3,2,282052.5461831577,1.557,2.9999268,0.49144787029638565
4,1,282052.5469831582,-1.557,2.8705742,-1.7158744070265027e-07
4,1,282057.5471794326,-1.557,2.3353639,-0.002162897101640701
4,1,282062.54737570696,-1.557,2.178208,-0.004325623053881857
4,1,282067.5475719813,-1.557,2.1176198,-0.006488349199540085
4,1,282072.5477682557,-1.557,2.0846982,-0.00865107870999972
4,1,282077.54796453007,-1.557,2.0552351,-0.01081380860893594
4,1,282082.54816080444,-1.557,2.0196579,-0.012976541655394767
4,1,282087.5483570788,-1.557,1.9708009,-0.01513927447529634
4,1,282092.5485533532,-1.557,1.9060088,-0.01730200395405955
4,1,282097.54874962755,-1.557,1.8312237,-0.019464731940084037
4,1,282102.5489459019,-1.557,1.7580628,-0.02162746109839281
4,1,282107.5491421763,-1.557,1.6940923,-0.023790190838522386
4,1,282112.54933845066,-1.557,1.6423886,-0.025952919077171226
4,1,282117.549534725,-1.557,1.6038496,-0.028115648331171944
4,1,282122.5497309994,-1.557,1.5779405,-0.030278376854558794
4,1,282127.54992727377,-1.557,1.5613173,-0.03244110289622016
4,1,282132.55012354814,-1.557,1.5505791,-0.034603829711218684
4,1,282137.5503198225,-1.557,1.5433757,-0.036766555022286054
4,1,282142.5505160969,-1.557,1.5381978,-0.0389292797309359
4,1,282147.55071237125,-1.557,1.5342617,-0.04109200300442511
4,1,282152.5509086456,-1.557,1.5312046,-0.043254727355625903
4,1,282157.55110492,-1.557,1.528778,-0.04541745144263242
4,1,282162.55130119435,-1.557,1.5266379,-0.04758017690802284
4,1,282167.5514974687,-1.557,1.5249947,-0.04974290310302709
4,1,282172.5516937431,-1.557,1.5235808,-0.051905630347556554
4,1,282177.55189001746,-1.557,1.5223198,-0.054068361418048556
4,1,282182.55208629183,-1.557,1.5209441,-0.05623109045573077
4,1,282187.5522825662,-1.557,1.5200269,-0.058393820717798355
4,1,282192.5524788406,-1.557,1.5190907,-0.06055655092545352
4,1,282197.55267511494,-1.557,1.5183264,-0.06271928245827225
4,1,282202.5528713893,-1.557,1.5176386,-0.06488201203251548
4,1,282207.5530676637,-1.557,1.5168551,-0.06704474140919581
4,1,282212.55326393805,-1.557,1.5161482,-0.06920747346050873
4,1,282217.5534602124,-1.557,1.5154794,-0.07137020725166136
4,1,282222.5536564868,-1.557,1.5148871,-0.07353294049902757
4,1,282227.55385276116,-1.557,1.514333,-0.07569567463507255
4,1,282232.55404903553,-1.557,1.5138171,-0.07785840830810865
4,1,282237.5542453099,-1.557,1.5133586,-0.08002113702689939
4,1,282242.5544415843,-1.557,1.5126134,-0.08218386878384484
4,1,282247.55463785864,-1.557,1.5120784,-0.08434659970792134
4,1,282252.5548341335,-1.557,1.5115434,-0.08650933099650011
4,1,282257.5550304083,-1.557,1.5111039,-0.08867206235365735
4,1,282262.55522668315,-1.557,1.5106645,-0.09083479193772873
4,1,282267.555422958,-1.557,1.5101485,-0.09299752293337055
4,1,282272.5556192328,-1.557,1.5096518,-0.09516025388580561
4,1,282277.55581550766,-1.557,1.5091932,-0.09732298663539357
4,1,282282.5560117825,-1.557,1.5086964,-0.09948571982702283
4,1,282287.5562080573,-1.557,1.5080277,-0.10164845130560796
4,1,282292.55640433216,-1.557,1.5074736,-0.10381117798537678
4,1,282297.556600607,-1.557,1.507015,-0.10597390697799788
4,1,282302.55679688184,-1.557,1.5064226,-0.1081366390055418
4,1,282307.5569931567,-1.557,1.5061361,-0.110299369459033
4,1,282312.5571894315,-1.557,1.505582,-0.11246210163843631
4,1,282317.55738570634,-1.557,1.5050279,-0.11462483586414654
4,1,282322.5575819812,-1.557,1.5042636,-0.116787569459988
4,1,282327.557778256,-1.557,1.5037477,-0.1189503040107952
4,1,282332.55797453085,-1.557,1.5034419,-0.12111303951915103
4,1,282337.5581708057,-1.557,1.5027924,-0.12327577367123628
4,1,282342.5583670805,-1.557,1.5022764,-0.1254385076234539
4,1,282347.55856335536,-1.557,1.5014931,-0.1276012407170534
4,1,282352.55875962996,-1.557,1.5010536,-0.12976397494900888
4,1,282357.55895590456,-1.557,1.5004231,-0.13192670960966746
4,1,282362.55915217916,-1.557,1.4998881,-0.13408944269244538
4,1,282367.55934845377,-1.557,1.4992576,-0.1362521745498313
4,1,282372.55954472837,-1.557,1.4987607,-0.13841490545958282
4,1,282377.559741003,-1.557,1.4981302,-0.14057763611682259
4,1,282382.5599372776,-1.557,1.4975379,-0.14274037024136388
4,1,282387.5601335522,-1.557,1.4968883,-0.14490310474018922
4,1,282392.5603298268,-1.557,1.4962578,-0.1470658393786881
4,1,282397.5605261014,-1.557,1.4957418,-0.1492285709750719
4,1,282402.5607223761,-1.557,1.4951304,-0.15139129933253928
4,1,282407.5609186508,-1.557,1.4944617,-0.15355402785395916
4,1,282412.56111492554,-1.557,1.4937929,-0.15571675582294997
4,1,282417.56131120026,-1.557,1.4931624,-0.1578794954130054
4,1,282422.561507475,-1.557,1.4924746,-0.1600422315100233
4,1,282427.5617037497,-1.557,1.4919013,-0.16220496527482406
4,1,282432.5619000244,-1.557,1.491137,-0.16436770630409986
4,1,282437.56209629914,-1.557,1.4906211,-0.16653044400611192
4,1,282442.56229257386,-1.557,1.4898759,-0.16869317157395683
4,1,282447.5624888486,-1.557,1.4891307,-0.17085590618564686
4,1,282452.5626851228,-1.557,1.4884812,-0.17301864708915685
4,1,282457.5628813975,-1.557,1.4878888,-0.1751813850560387
4,1,282462.5630776722,-1.557,1.4871819,-0.17734411962262128
4,1,282467.56327394693,-1.557,1.4864749,-0.17950684977353945
4,1,282472.56347022165,-1.557,1.4856724,-0.18166957722341354
4,1,282477.5636664963,-1.557,1.4849464,-0.18383231119008198
4,1,282482.563862771,-1.557,1.4841248,-0.1859950463340415
4,1,282487.56405904575,-1.557,1.483456,-0.18815778120687274
4,1,282492.56425532047,-1.557,1.4825771,-0.19032051990028886
4,1,282497.5644515952,-1.557,1.4819083,-0.1924832583610217
4,1,282502.5646478699,-1.557,1.4811058,-0.19464599056094226
4,1,282507.5648441445,-1.557,1.4803033,-0.19680872372148436
4,1,282512.5650404191,-1.557,1.4795773,-0.19897145728077492
4,1,282517.5652366937,-1.557,1.4787748,-0.2011341954307556
4,1,282522.5654329683,-1.557,1.4779723,-0.2032969265069167
4,1,282527.5656292429,-1.557,1.4773226,-0.20545966172937552
4,1,282532.5658255175,-1.557,1.4763099,-0.2076223929396338
4,1,282537.5660217921,-1.557,1.4755266,-0.20978511885845663
4,1,282542.5662180667,-1.557,1.4745712,-0.21194784450807175
4,1,282547.56641434133,-1.557,1.4737878,-0.21411057143327264
4,1,282552.56661061617,-1.557,1.4729662,-0.21627329801228976
4,1,282557.566806891,-1.557,1.4721829,-0.21843602525247469
4,1,282562.56700316584,-1.557,1.4711319,-0.2205987507201367
4,1,282567.5671994407,-1.557,1.4702339,-0.22276147750415407
4,1,282572.5673957155,-1.557,1.4693741,-0.2249241992975341
4,1,282577.56759199034,-1.557,1.4684187,-0.22708692323582702
4,1,282582.5677882652,-1.557,1.4676545,-0.2292496458516717
4,1,282587.56798454,-1.557,1.4666799,-0.2314123695892824
4,1,282592.56818081485,-1.557,1.4658202,-0.23357509599069093
4,1,282597.5683770897,-1.557,1.4648075,-0.23573781826239826
4,1,282602.5685733645,-1.557,1.4639859,-0.23790053942341277
4,1,282607.56876963936,-1.557,1.4628968,-0.24006325944751503
4,1,282612.5689659142,-1.557,1.4618841,-0.24222598236738974
4,1,282617.56916218903,-1.557,1.4608332,-0.2443887068353163
4,1,282622.56935846386,-1.557,1.4598397,-0.24655143411068786
4,1,282627.5695547387,-1.557,1.4589416,-0.2487141581535803
4,1,282632.56975101354,-1.557,1.4580818,-0.2508768816527592
4,1,282637.5699472884,-1.557,1.4569927,-0.2530396033221616
4,1,282642.5701435632,-1.557,1.4559801,-0.25520232752364874
4,1,282647.57033983804,-1.557,1.4547572,-0.2573650524668362
4,1,282652.5705361124,-1.557,1.4535916,-0.25952778113412195
4,1,282657.5707323868,-1.557,1.4525981,-0.26169051134269766
4,1,282662.57092866115,-1.557,1.4514707,-0.26385324042543434
4,1,282667.5711249355,-1.557,1.4504963,-0.2660159699179265
4,1,282672.5713212099,-1.557,1.449388,-0.26817869855237003
4,1,282677.57151748426,-1.557,1.4481652,-0.2703414235610432
4,1,282682.57171375863,-1.557,1.447057,-0.2725041497750812
4,1,282687.571910033,-1.557,1.4458915,-0.27466687468289663
4,1,282692.5721063074,-1.557,1.4446877,-0.2768295968892905
4,1,282697.57230258174,-1.557,1.4435796,-0.2789923188493715
4,1,282702.5724988561,-1.557,1.4422039,-0.2811550418746206
4,1,282707.5726951305,-1.557,1.4410956,-0.2833177660662995
4,1,282712.57289140485,-1.557,1.4397963,-0.2854804896588855
4,1,282717.5730876792,-1.557,1.4385352,-0.2876432117171287
4,1,282722.5732839536,-1.557,1.4373124,-0.28980593150246803
4,1,282727.57348022796,-1.557,1.435994,-0.2919686501129468
4,1,282732.57367650233,-1.557,1.4346565,-0.29413137074245344
4,1,282737.5738727767,-1.557,1.4334337,-0.2962940914925999
4,1,282742.5740690511,-1.557,1.4322872,-0.2984568133702808
4,1,282747.57426532544,-1.557,1.430625,-0.3006195335514678
4,1,282752.5744615998,-1.557,1.4295167,-0.3027822566225926
4,1,282757.5746578742,-1.557,1.4278735,-0.3049449789593816
4,1,282762.57485414855,-1.557,1.4265169,-0.3071077042340173
4,1,282767.5750504229,-1.557,1.424931,-0.3092704268998636
4,1,282772.5752466973,-1.557,1.4235554,-0.3114331495796707
4,1,282777.57544297166,-1.557,1.4222369,-0.31359587267863753
4,1,282782.57563924603,-1.557,1.4205747,-0.3157585931357146
4,1,282787.5758355204,-1.557,1.419046,-0.3179213138822185
4,1,282792.5760317948,-1.557,1.4175557,-0.3200840345033341
4,1,282797.57622806914,-1.557,1.4161227,-0.3222467535399993
4,1,282802.5764243435,-1.557,1.4144412,-0.3244094746103684
4,1,282807.5766206179,-1.557,1.4129127,-0.32657219293459255
4,1,282812.57681689225,-1.557,1.411346,-0.3287349128544132
4,1,282817.5770131666,-1.557,1.4095881,-0.3308976319136156
4,1,282822.577209441,-1.557,1.4080021,-0.3330603532040781
4,1,282827.57740571536,-1.557,1.4064544,-0.3352230749990807
4,1,282832.57760198973,-1.557,1.4047922,-0.33738579842569427
4,1,282837.5777982641,-1.557,1.4031298,-0.33954852195807955
4,1,282842.5779945385,-1.557,1.4013911,-0.34171124793010943
4,1,282847.57819081284,-1.557,1.3995377,-0.34387397468135084
4,1,282852.5783870872,-1.557,1.3978564,-0.3460367026562359
4,1,282857.5785833616,-1.557,1.3960602,-0.34819942615065963
4,1,282862.57877963595,-1.557,1.3940158,-0.3503621498053934
4,1,282867.5789759103,-1.557,1.392277,-0.3525248745272092
4,1,282872.5791721847,-1.557,1.3902708,-0.35468760176818886
4,1,282877.57936845906,-1.557,1.3884556,-0.3568503294595412
4,1,282882.57956473343,-1.557,1.3863156,-0.3590130554992489
4,1,282887.5797610078,-1.557,1.3845005,-0.3611757809298567
4,1,282892.57995728217,-1.557,1.3825133,-0.3633385057437617
4,1,282897.58015355654,-1.557,1.3805262,-0.3655012298044693
4,1,282902.5803498309,-1.557,1.3783671,-0.36766395296514015
4,1,282907.5805461053,-1.557,1.3764946,-0.3698266744681926
4,1,282912.58074237965,-1.557,1.3741444,-0.3719893951183754
4,1,282917.580938654,-1.557,1.3721,-0.3741521145590873
4,1,282922.5811349284,-1.557,1.3698835,-0.3763148345389696
4,1,282927.58133120276,-1.557,1.3676099,-0.3784775522019199
4,1,282932.58152747713,-1.557,1.3655272,-0.38064027003388257
4,1,282937.5817237515,-1.557,1.3631005,-0.3828029875913128
4,1,282942.58192002587,-1.557,1.3607504,-0.38496570346228265
4,1,282947.58211630024,-1.557,1.3584957,-0.3871284198292095
4,1,282952.5823125746,-1.557,1.3560692,-0.3892911345790292
4,1,282957.582508849,-1.557,1.3536999,-0.3914538489194312
4,1,282962.58270512335,-1.557,1.3512733,-0.39361656429092073
4,1,282967.5829013977,-1.557,1.3486174,-0.3957792809097368
4,1,282972.5830976721,-1.557,1.3462099,-0.39794199507058314
4,1,282977.58329394646,-1.557,1.3437068,-0.40010471267627995
4,1,282982.58349022083,-1.557,1.3411274,-0.4022674281901517
4,1,282987.5836864952,-1.557,1.338376,-0.40443014654157544
4,1,282992.58388276957,-1.557,1.3355864,-0.40659286483855367
4,1,282997.58407904394,-1.557,1.332854,-0.40875558353169084
4,1,283002.5842753183,-1.557,1.3302172,-0.41091830222933146
4,1,283007.5844715927,-1.557,1.3272557,-0.4130810180763336
4,1,283012.58466786705,-1.557,1.3244278,-0.41524373794951686
4,1,283017.5848641414,-1.557,1.3216382,-0.4174064588123028
4,1,283022.5850604158,-1.557,1.3187339,-0.41956917857031006
4,1,283027.58525669016,-1.557,1.3157915,-0.42173189851470766
4,1,283032.58545296453,-1.557,1.3126197,-0.4238946181841689
4,1,283037.5856492389,-1.557,1.3095052,-0.42605734062094797
4,1,283042.58584551327,-1.557,1.3063908,-0.4282200634748337
4,1,283047.5860417881,-1.557,1.3031235,-0.43038278665221374
4,1,283052.58623806294,-1.557,1.2999517,-0.4325455116114945
4,1,283057.5864343378,-1.557,1.2966461,-0.4347082329984702
4,1,283062.5866306126,-1.557,1.2935699,-0.4368709551689953
4,1,283067.58682688745,-1.557,1.2901689,-0.439033679647505
4,1,283072.5870231623,-1.557,1.2865958,-0.44119640196480325
4,1,283077.5872194371,-1.557,1.2829463,-0.44335912600279487
4,1,283082.58741571195,-1.557,1.2795836,-0.44552185204877426
4,1,283087.5876119868,-1.557,1.2760296,-0.44768457825322255
4,1,283092.5878082616,-1.557,1.27217,-0.4498473055594362
4,1,283097.58800453646,-1.557,1.2687689,-0.4520100333031082
4,1,283102.5882008113,-1.557,1.2651386,-0.45417276083135577
4,1,283107.58839708613,-1.557,1.2614701,-0.4563354870040414
4,1,283112.58859336097,-1.557,1.2576678,-0.4584982113160753
4,1,283117.5887896358,-1.557,1.2540183,-0.46066093541147285
4,1,283122.58898591064,-1.557,1.2501013,-0.4628236594019132
4,1,283127.5891821855,-1.557,1.2462417,-0.464986381909549
4,1,283132.5893784603,-1.557,1.2422292,-0.46714910291496886
4,1,283137.58957473515,-1.557,1.2383887,-0.4693118248684006
4,1,283142.58977101,-1.557,1.2343189,-0.47147455109451186
4,1,283147.5899672846,-1.557,1.2304211,-0.4736372761986187
4,1,283152.5901635592,-1.557,1.2262175,-0.4758000010592869
4,1,283157.5903598338,-1.557,1.2221094,-0.4779627258776225
4,1,283162.5905561084,-1.557,1.2179823,-0.4801254494505323
4,1,283167.590752383,-1.557,1.213989,-0.48228817026009796
4,1,283172.5909486576,-1.557,1.209537,-0.4844508930561407
4,1,283177.5911449322,-1.557,1.2054672,-0.4866136175003446
4,1,283182.5913412068,-1.557,1.2010152,-0.4887763394102716
4,1,283183.7291403655,-1.557,1.1998497,-0.4892684693891403
4,1,283183.72934036516,-1.557,1.1999835,-0.48926855589626866
4,2,283183.7301403647,1.557,1.3398594,1.7166301276948717e-07
4,2,283188.73033664003,1.557,1.6976653,0.0021626843698687023
4,2,283193.7305329144,1.557,1.8195685,0.004325193767951594
4,2,283198.73072918877,1.557,1.9100786,0.006487698595894707
4,2,283203.73092546314,1.557,1.9846727,0.008650199845453102
4,2,283208.7311217375,1.557,2.0479171,0.010812700231227608
4,2,283213.7313180119,1.557,2.101608,0.012975201823757752
4,2,283218.73151428625,1.557,2.1468918,0.015137704742259447
4,2,283223.7317105606,1.557,2.1845708,0.01730020856338077
4,2,283228.731906835,1.557,2.2163842,0.01946271123883459
4,2,283233.73210310936,1.557,2.2427518,0.02162521507743332
4,2,283238.73229938373,1.557,2.2653747,0.023787717293679712
4,2,283243.7324956581,1.557,2.284348,0.025950218961728944
4,2,283248.73269193247,1.557,2.3008375,0.0281127217997445
4,2,283253.73288820684,1.557,2.3152823,0.03027522308692667
4,2,283258.7330844812,1.557,2.327874,0.032437725026203526
4,2,283263.7332807556,1.557,2.339147,0.0346002265113857
4,2,283268.73347702995,1.557,2.349484,0.036762726528750525
4,2,283273.7336733043,1.557,2.358904,0.038925228398554855
4,2,283278.7338695787,1.557,2.3676739,0.041087730813543
4,2,283283.73406585306,1.557,2.3756225,0.043250230359170166
4,2,283288.73426212743,1.557,2.383399,0.04541273161463605
4,2,283293.7344584018,1.557,2.3905642,0.04757523352583912
4,2,283298.73465467617,1.557,2.3975575,0.049737736359430684
4,2,283303.73485095054,1.557,2.4043596,0.0519002354630563
4,2,283308.7350472249,1.557,2.4108942,0.05406273292181889
4,2,283313.7352434993,1.557,2.4171803,0.056225232253319685
4,2,283318.73543977365,1.557,2.423371,0.05838773253803121
4,2,283323.735636048,1.557,2.429428,0.06055023087128666
4,2,283328.7358323224,1.557,2.4354277,0.0627127289975749
4,2,283333.73602859676,1.557,2.441542,0.06487522697345416
4,2,283338.7362248711,1.557,2.447293,0.06703772266456816
4,2,283343.7364211455,1.557,2.4532163,0.06920022055285507
4,2,283348.73661741987,1.557,2.4590821,0.07136271954945062
4,2,283353.73681369424,1.557,2.4651392,0.07352522009240257
4,2,283358.7370099686,1.557,2.4710815,0.07568772141535415
4,2,283363.737206243,1.557,2.4769855,0.07785022297504876
4,2,283368.73740251735,1.557,2.482775,0.08001272396526735
4,2,283373.7375987917,1.557,2.489042,0.0821752254374226
4,2,283378.7377950661,1.557,2.4949844,0.0843377242734631
4,2,283383.73799134046,1.557,2.5009458,0.08650022280036743
4,2,283388.7381876148,1.557,2.5069263,0.08866272549794782
4,2,283393.7383838892,1.557,2.5130596,0.09082522625299959
4,2,283398.73858016357,1.557,2.5192885,0.09298772936865358
4,2,283403.73877643794,1.557,2.5254219,0.09515023538640476
4,2,283408.7389727123,1.557,2.5314407,0.09731274057795607
4,2,283413.7391689867,1.557,2.5376887,0.09947524278787112
4,2,283418.73936526105,1.557,2.5437074,0.10163774159263905
4,2,283423.7395615354,1.557,2.5498981,0.10380024009653598
4,2,283428.7397578098,1.557,2.555974,0.10596273889704548
4,2,283433.73995408416,1.557,2.56205,0.10812523729562762
4,2,283438.7401503585,1.557,2.5681262,0.11028773745935495
4,2,283443.7403466329,1.557,2.5741258,0.11245023680255813
4,2,283448.74054290727,1.557,2.5799918,0.1146127358458837
4,2,283453.74073918164,1.557,2.585743,0.11677523445090984
4,2,283458.740935456,1.557,2.591475,0.11893773376204572
4,2,283463.7411317304,1.557,2.5970542,0.12110023411852786
4,2,283468.74132800475,1.557,2.6024806,0.12326273410826924
4,2,283473.7415242791,1.557,2.607869,0.1254252345544365
4,2,283478.7417205535,1.557,2.6128368,0.12758773285728695
4,2,283483.74191682786,1.557,2.6179001,0.1297502303354144
4,2,283488.7421131022,1.557,2.6226578,0.13191272612615426
4,2,283493.74230937706,1.557,2.6273198,0.13407522389262916
4,2,283498.7425056519,1.557,2.6315808,0.13623772386319108
4,2,283503.74270192673,1.557,2.635536,0.1384002220647004
4,2,283508.74289820157,1.557,2.6393573,0.14056272026316988
4,2,283513.7430944764,1.557,2.6428921,0.1427252179944118
4,2,283518.74329075124,1.557,2.6461978,0.14488771390477817
4,2,283523.7434870261,1.557,2.6495032,0.1470502115478052
4,2,283528.7436833009,1.557,2.6521783,0.14921271029173003
4,2,283533.74387957575,1.557,2.654853,0.1513752071024312
4,2,283538.7440758506,1.557,2.6573563,0.15353770473523934
4,2,283543.7442721254,1.557,2.6595917,0.1557002035016616
4,2,283548.74446840025,1.557,2.6616745,0.15786270200374392
4,2,283553.7446646751,1.557,2.6634324,0.16002520070640908
4,2,283558.7448609499,1.557,2.6650565,0.1621877001782788
4,2,283563.74505722476,1.557,2.6668334,0.16435019981513418
4,2,283568.7452534996,1.557,2.6682472,0.16651269864433338
4,2,283573.74544977443,1.557,2.669432,0.1686751979494823
4,2,283578.74564604927,1.557,2.670521,0.17083769466493523
4,2,283583.7458423241,1.557,2.671763,0.17300018955817484
4,2,283588.74603859894,1.557,2.672814,0.17516268692098058
4,2,283593.74623487354,1.557,2.6736355,0.1773251850421892
4,2,283598.74643114815,1.557,2.6744952,0.17948768209704422
4,2,283603.74662742275,1.557,2.6752021,0.18165017750244666
4,2,283608.74682369735,1.557,2.6760046,0.18381267275466517
4,2,283613.74701997195,1.557,2.676578,0.18597516772260264
4,2,283618.74721624656,1.557,2.6772084,0.18813766132595136
4,2,283623.74741252116,1.557,2.6777244,0.19030015493406185
4,2,283628.74760879576,1.557,2.678336,0.1924626463146739
4,2,283633.74780507036,1.557,2.678909,0.194625139333513
4,2,283638.74800134497,1.557,2.6793675,0.1967876365754604
4,2,283643.7481976197,1.557,2.6800172,0.19895013384711074
4,2,283648.7483938944,1.557,2.6804757,0.20111262945757305
4,2,283653.7485901691,1.557,2.6810107,0.20327512555243568
4,2,283658.7487864434,1.557,2.6811635,0.2054376219777531
4,2,283663.7489827181,1.557,2.6818514,0.20760011790836516
4,2,283668.7491789928,1.557,2.6821954,0.2097626141747898
4,2,283673.74937526754,1.557,2.6825585,0.21192511154152283
4,2,283678.74957154226,1.557,2.6830935,0.21408761004373095
4,2,283683.749767817,1.557,2.6833417,0.21625010672292438
4,2,283688.7499640917,1.557,2.683743,0.2184126034020516
4,2,283693.75016036635,1.557,2.6842399,0.22057510082515736
4,2,283698.7503566411,1.557,2.6844308,0.2227375978310836
4,2,283703.7505529158,1.557,2.6849658,0.22490009487632243
4,2,283708.7507491905,1.557,2.6854055,0.22706259325979147
4,2,283713.75094546523,1.557,2.6857874,0.22922509087812232
4,2,283718.7511417399,1.557,2.6860359,0.23138758982271612
4,2,283723.7513380146,1.557,2.6864562,0.2335500873837603
4,2,283728.75153428933,1.557,2.686934,0.23571258404947645
4,2,283733.75173056405,1.557,2.6872778,0.2378750829005307
4,2,283738.75192683877,1.557,2.6877937,0.2400375792926417
4,2,283743.7521231135,1.557,2.688176,0.2422000746814873
4,2,283748.7523193881,1.557,2.6884053,0.24436257198948325
4,2,283753.7525156627,1.557,2.6889594,0.24652506690646536
4,2,283758.7527119373,1.557,2.6894562,0.2486875614181359
4,2,283763.7529082119,1.557,2.689819,0.2508500573918819
4,2,283768.7531044865,1.557,2.690335,0.2530125575791398
4,2,283773.7533007611,1.557,2.6907554,0.25517505714317157
4,2,283778.7534970357,1.557,2.6913095,0.2573375568352738
4,2,283783.75369331054,1.557,2.6917298,0.2595000575152039
4,2,283788.75388958515,1.557,2.6925132,0.26166255661625326
4,2,283793.75408585975,1.557,2.6927807,0.26382505463188216
4,2,283798.7542821346,1.557,2.693201,0.2659875541036327
4,2,283803.7544784094,1.557,2.693889,0.26815005624006183
4,2,283808.75467468426,1.557,2.694424,0.27031255657245706
4,2,283813.7548709591,1.557,2.6948826,0.27247505847605724
4,2,283818.7550672339,1.557,2.6956277,0.27463756058690936
4,2,283823.75526350876,1.557,2.6961436,0.2768000611374443
4,2,283828.7554597836,1.557,2.6967359,0.2789625651123655
4,2,283833.75565605843,1.557,2.6974812,0.2811250683563814
4,2,283838.75585233327,1.557,2.6980543,0.2832875699494811
4,2,283843.7560486081,1.557,2.6985128,0.2854500676834516
4,2,283848.75624488294,1.557,2.6995447,0.28761256604824453
4,2,283853.7564411578,1.557,2.7002134,0.2897750650699204
4,2,283858.7566374326,1.557,2.7009203,0.291937562994692
4,2,283863.75683370745,1.557,2.7017038,0.2941000625468293
4,2,283868.7570299823,1.557,2.7024298,0.2962625631510482
4,2,283873.7572262571,1.557,2.7030413,0.29842506292935206
4,2,283878.75742253195,1.557,2.703882,0.3005875625923077
4,2,283883.7576188068,1.557,2.7047608,0.3027500649538503
4,2,283888.7578150816,1.557,2.7055252,0.30491256447499987
4,2,283893.758011356,1.557,2.7064805,0.3070750614529053
4,2,283898.75820763037,1.557,2.7072258,0.30923755759685567
4,2,283903.75840390474,1.557,2.7082956,0.31140005213961336
4,2,283908.7586001791,1.557,2.709079,0.313562547941943
4,2,283913.7587964535,1.557,2.7099197,0.31572504129217727
4,2,283918.75899272785,1.557,2.7110088,0.3178875367214878
4,2,283923.7591890022,1.557,2.7116966,0.3200500332695444
4,2,283928.7593852766,1.557,2.712786,0.322212530303657
4,2,283933.75958155096,1.557,2.713703,0.32437503244853677
4,2,283938.7597778253,1.557,2.7147539,0.3265375343378053
4,2,283943.7599740997,1.557,2.715843,0.32870003283090055
4,2,283948.76017037407,1.557,2.717123,0.3308625320690273
4,2,283953.76036664844,1.557,2.7180977,0.33302503099655434
4,2,283958.7605629228,1.557,2.7191868,0.33518752752192144
4,2,283963.7607591972,1.557,2.7203712,0.33735002313035056
4,2,283968.76095547155,1.557,2.7216897,0.33951251900557666
4,2,283973.7611517459,1.557,2.7228744,0.341675016055405
4,2,283978.7613480203,1.557,2.7240207,0.3438375146220193
4,2,283983.76154429466,1.557,2.7253392,0.34600001559659493
4,2,283988.761740569,1.557,2.726581,0.3481625148219597
4,2,283993.7619368434,1.557,2.7277467,0.3503250168214836
4,2,283998.76213311777,1.557,2.7291415,0.3524875195923578
4,2,284003.76232939214,1.557,2.7306128,0.3546500194866059
4,2,284008.7625256665,1.557,2.7321413,0.35681251996829755
4,2,284013.7627219409,1.557,2.7337272,0.3589750204855003
4,2,284018.76291821525,1.557,2.735103,0.36113751728192284
4,2,284023.7631144896,1.557,2.7366314,0.36330001405110607
4,2,284028.763310764,1.557,2.7381217,0.36546251247160283
4,2,284033.76350703835,1.557,2.7398415,0.3676250098605485
4,2,284038.7637033127,1.557,2.7414656,0.3697875083681277
4,2,284043.7638995871,1.557,2.7431087,0.37195000734684847
4,2,284048.76409586146,1.557,2.7449238,0.37411250685734865
4,2,284053.76429213583,1.557,2.7470257,0.37627500720134693
4,2,284058.7644884102,1.557,2.7486498,0.37843750788252206
4,2,284063.7646846846,1.557,2.7505033,0.38060000760996987
4,2,284068.76488095894,1.557,2.7524521,0.3827625092792443
4,2,284073.7650772333,1.557,2.7546875,0.3849250096169775
4,2,284078.7652735077,1.557,2.7567894,0.38708750900922867
4,2,284083.76546978205,1.557,2.7590442,0.38925001013255106
4,2,284088.7656660564,1.557,2.761356,0.3914125133546126
4,2,284093.7658623308,1.557,2.7636297,0.39357501771123526
4,2,284098.76605860516,1.557,2.7659035,0.39573752326316286
4,2,284103.76625487953,1.557,2.7681582,0.39790003159868037
4,2,284108.7664511539,1.557,2.7708905,0.4000625361123746
4,2,284113.7666474283,1.557,2.7736418,0.40222503902373696
4,2,284118.76684370264,1.557,2.776374,0.40438754388283343
4,2,284123.767039977,1.557,2.779011,0.4065500467379224
4,2,284128.7672362514,1.557,2.7818196,0.40871255012767826
4,2,284133.76743252575,1.557,2.7848003,0.41087505582609424
4,2,284138.7676288001,1.557,2.787781,0.4130375620568194
4,2,284143.7678250745,1.557,2.7910867,0.41520006497902323
4,2,284148.76802134886,1.557,2.7943158,0.4173625670902926
4,2,284153.76821762323,1.557,2.797736,0.4195250697133142
4,2,284158.7684138976,1.557,2.8012326,0.42168757307087035
4,2,284163.768610172,1.557,2.8049202,0.4238500739586749
4,2,284168.76880644634,1.557,2.808627,0.4260125752740236
4,2,284173.7690027207,1.557,2.8126776,0.4281750755598742
4,2,284178.7691989951,1.557,2.81648,0.43033757903082487
4,2,284183.76939526945,1.557,2.820779,0.4325000849188167
4,2,284188.7695915438,1.557,2.825384,0.43466259043440536
4,2,284193.7697878182,1.557,2.829702,0.4368250975136159
4,2,284198.76998409256,1.557,2.8342686,0.4389876055401827
4,2,284203.77018036693,1.557,2.8391027,0.4411501143184832
4,2,284208.7703766413,1.557,2.844166,0.4433126225967604
4,2,284213.7705729157,1.557,2.8494778,0.4454751276990107
4,2,284218.77076919004,1.557,2.8549426,0.4476376329866778
4,2,284223.7709654644,1.557,2.8603115,0.44980014143081487
4,2,284228.7711617388,1.557,2.8662348,0.45196264843261225
4,2,284233.77135801315,1.557,2.8723872,0.4541251544824572
4,2,284238.7715542875,1.557,2.878616,0.4562876620828839
4,2,284243.7717505619,1.557,2.8852081,0.45845017036469765
4,2,284248.77194683626,1.557,2.891972,0.46061267730816857
4,2,284253.77214311063,1.557,2.8990417,0.4627751844679315
4,2,284258.772339385,1.557,2.9061875,0.46493769206625873
4,2,284263.7725356594,1.557,2.9139452,0.46710019891452115
4,2,284268.77273193374,1.557,2.9217026,0.46926270619977173
4,2,284273.7729282081,1.557,2.9297085,0.4714252119454343
4,2,284278.7731244825,1.557,2.9380965,0.4735877156981626
4,2,284283.77332075685,1.557,2.9468474,0.4757502183311978
4,2,284288.7735170317,1.557,2.9558086,0.47791272311994093
4,2,284293.7737133065,1.557,2.9653623,0.48007522546131737
4,2,284298.77390958136,1.557,2.9748392,0.48223772661730974
4,2,284303.7741058562,1.557,2.9848897,0.4844002303790052
4,2,284308.77430213103,1.557,2.99387,0.4865627345346808
4,2,284312.02089971304,1.557,3.0000799,0.4879668360123634
4,2,284312.0210997127,1.557,2.9999843,0.48796692251078283
5,1,284312.0218997123,-1.557,2.8718581,-1.7159521579742433e-07
5,1,284317.0220959876,-1.557,2.3417647,-0.002162894308567047
5,1,284322.02229226194,-1.557,2.1832142,-0.004325614426745309
5,1,284327.0224885363,-1.557,2.1205049,-0.006488334681610267
5,1,284332.0226848107,-1.557,2.087698,-0.00865105848801136
5,1,284337.02288108505,-1.557,2.0592093,-0.010813782793879508
5,1,284342.0230773594,-1.557,2.0262496,-0.012976505284229913
5,1,284347.0232736338,-1.557,1.9814627,-0.015139227949135832
5,1,284352.0234699086,-1.557,1.9209888,-0.01730195307007763
5,1,284357.02366618346,-1.557,1.8490125,-0.019464678350296284
5,1,284362.0238624583,-1.557,1.7757368,-0.02162740219367875
5,1,284367.02405873314,-1.557,1.7099321,-0.023790125747170713
5,1,284372.024255008,-1.557,1.6552094,-0.025952851338525613
5,1,284377.0244512828,-1.557,1.6134413,-0.028115575445579157
5,1,284382.02464755764,-1.557,1.5842075,-0.030278302530454264
5,1,284387.0248438325,-1.557,1.5653489,-0.032441029759579236
5,1,284392.0250401073,-1.557,1.553044,-0.034603757435884744
5,1,284397.0252363817,-1.557,1.5448087,-0.036766487226684894
5,1,284402.0254326565,-1.557,1.5389811,-0.03892921624265115
5,1,284407.02562893135,-1.557,1.5345483,-0.04109194340593948
5,1,284412.0258252062,-1.557,1.5312427,-0.04325467217690416
5,1,284417.026021481,-1.557,1.5283386,-0.04541739742304882
5,1,284422.02621775586,-1.557,1.5261985,-0.04758011957765951
5,1,284427.0264140307,-1.557,1.5243452,-0.049742843668520456
5,1,284432.02661030553,-1.557,1.522721,-0.05190556703177426
5,1,284437.02680658037,-1.557,1.521288,-0.05406829237110748
5,1,284442.0270028552,-1.557,1.5200269,-0.05623101733234195
5,1,284447.02719913004,-1.557,1.5189188,-0.05839374373094904
5,1,284452.02739540464,-1.557,1.5177531,-0.060556471894416555
5,1,284457.02759167925,-1.557,1.5169698,-0.06271919956587421
5,1,284462.02778795385,-1.557,1.5160526,-0.06488192537269329
5,1,284467.02798422845,-1.557,1.515403,-0.06704465206199223
5,1,284472.02818050305,-1.557,1.5146579,-0.06920737718833156
5,1,284477.02837677766,-1.557,1.5138744,-0.07137010287400088
5,1,284482.02857305226,-1.557,1.5133777,-0.07353283055749206
5,1,284487.02876932686,-1.557,1.5127089,-0.07569555665857926
5,1,284492.02896560146,-1.557,1.5120401,-0.07785828341571491
5,1,284497.02916187607,-1.557,1.5115625,-0.08002100889965562
5,1,284502.0293581508,-1.557,1.510951,-0.08218373984687197
5,1,284507.0295544255,-1.557,1.5102249,-0.08434647169586024
5,1,284512.0297507002,-1.557,1.50969,-0.0865092024600837
5,1,284517.02994697494,-1.557,1.5090977,-0.08867193379057779
5,1,284522.0301432499,-1.557,1.5085627,-0.09083466443700924
5,1,284527.0303395246,-1.557,1.5081424,-0.09299738874777821
5,1,284532.03053579933,-1.557,1.50755,-0.09516011484500436
5,1,284537.03073207405,-1.557,1.5070341,-0.0973228409951793
5,1,284542.0309283488,-1.557,1.5064609,-0.09948556358427472
5,1,284547.0311246235,-1.557,1.5058495,-0.10164828773398532
5,1,284552.0313208982,-1.557,1.5053718,-0.10381101256337431
5,1,284557.03151717293,-1.557,1.5048751,-0.10597373251572582
5,1,284562.03171344765,-1.557,1.5042444,-0.10813646266317367
5,1,284567.0319097223,-1.557,1.5036904,-0.11029918945615158
5,1,284572.03210599703,-1.557,1.5032318,-0.11246192050694756
5,1,284577.0323022717,-1.557,1.5027733,-0.11462465223636228
5,1,284582.0324985464,-1.557,1.5020472,-0.11678738325783278
5,1,284587.032694821,-1.557,1.5014739,-0.11895011059532562
5,1,284592.03289109573,-1.557,1.5008243,-0.12111283648208114
5,1,284597.03308737045,-1.557,1.5004421,-0.12327556210776831
5,1,284602.03328364505,-1.557,1.4996779,-0.12543828716998628
5,1,284607.03347991966,-1.557,1.4992193,-0.12760100971866314
5,1,284612.03367619426,-1.557,1.4987607,-0.12976373992033136
5,1,284617.03387246886,-1.557,1.4978627,-0.13192647255147164
5,1,284622.03406874347,-1.557,1.4974233,-0.13408920389609866
5,1,284627.03426501807,-1.557,1.4968692,-0.1362519331634177
5,1,284632.0344612927,-1.557,1.4961431,-0.13841466342984304
5,1,284637.0346575673,-1.557,1.4956845,-0.1405773911893169
5,1,284642.0348538419,-1.557,1.4951495,-0.14274011451253624
5,1,284647.0350501165,-1.557,1.4944043,-0.14490284207402332
5,1,284652.0352463913,-1.557,1.4937356,-0.14706556735893087
5,1,284657.03544266615,-1.557,1.493086,-0.14922828996708654
5,1,284662.035638941,-1.557,1.4925319,-0.15139101479496553
5,1,284667.03583521536,-1.557,1.4918058,-0.1535537396922111
5,1,284672.0360314902,-1.557,1.491137,-0.15571647223240132
5,1,284677.036227765,-1.557,1.4905065,-0.15787919973854217
5,1,284682.03642403986,-1.557,1.4899142,-0.16004192447274918
5,1,284687.0366203147,-1.557,1.4893601,-0.1622046484230359
5,1,284692.03681658953,-1.557,1.4884621,-0.1643673721483283
5,1,284697.03701286437,-1.557,1.4878697,-0.16653009417168957
5,1,284702.0372091392,-1.557,1.4871627,-0.16869281299285088
5,1,284707.03740541404,-1.557,1.4865513,-0.17085553317525645
5,1,284712.0376016889,-1.557,1.4858634,-0.1730182580799526
5,1,284717.0377979637,-1.557,1.4850801,-0.1751809738319913
5,1,284722.03799423855,-1.557,1.4843923,-0.17734369511359263
5,1,284727.0381905134,-1.557,1.4835515,-0.1795064197228418
5,1,284732.0383867882,-1.557,1.4829019,-0.18166914267834683
5,1,284737.03858306305,-1.557,1.482023,-0.18383186519742667
5,1,284742.0387793379,-1.557,1.4813733,-0.1859945884947776
5,1,284747.0389756127,-1.557,1.4805326,-0.18815730929197197
5,1,284752.03917188756,-1.557,1.479902,-0.1903200273326767
5,1,284757.03936816193,-1.557,1.4790423,-0.19248274382872044
5,1,284762.0395644363,-1.557,1.478469,-0.1946454608344766
5,1,284767.0397607107,-1.557,1.4775901,-0.19680817951777899
5,1,284772.03995698504,-1.557,1.4768258,-0.19897090124610387
5,1,284777.0401532594,-1.557,1.4759469,-0.20113362373930205
5,1,284782.0403495338,-1.557,1.4751062,-0.20329634459251816
5,1,284787.04054580815,-1.557,1.4742464,-0.20545906296665128
5,1,284792.0407420825,-1.557,1.4734248,-0.2076217830794585
5,1,284797.0409383569,-1.557,1.4725459,-0.20978450301874335
5,1,284802.04113463126,-1.557,1.4718771,-0.21194721650661352
5,1,284807.04133090563,-1.557,1.4709791,-0.2141099320851431
5,1,284812.04152718,-1.557,1.4699855,-0.21627264785279157
5,1,284817.0417234544,-1.557,1.4690875,-0.21843536763794544
5,1,284822.04191972874,-1.557,1.4682659,-0.22059808715071932
5,1,284827.0421160031,-1.557,1.4673487,-0.2227608072970707
5,1,284832.0423122775,-1.557,1.4664124,-0.22492352972739924
5,1,284837.04250855185,-1.557,1.4655336,-0.2270862545832262
5,1,284842.0427048262,-1.557,1.4647502,-0.22924897823321147
5,1,284847.0429011006,-1.557,1.4638712,-0.23141170051931662
5,1,284852.04309737496,-1.557,1.4627248,-0.23357442037098927
5,1,284857.04329364933,-1.557,1.4618841,-0.23573714068241905
5,1,284862.0434899237,-1.557,1.4608523,-0.23789986324596396
5,1,284867.04368619807,-1.557,1.4598778,-0.24006258426766255
5,1,284872.04388247244,-1.557,1.4589798,-0.2422253046945995
5,1,284877.0440787468,-1.557,1.4578143,-0.24438802759033434
5,1,284882.0442750212,-1.557,1.4568207,-0.24655074980905314
5,1,284887.04447129555,-1.557,1.4559036,-0.24871347119767792
5,1,284892.0446675699,-1.557,1.4548527,-0.25087619286112645
5,1,284897.0448638443,-1.557,1.4537636,-0.2530389160489638
5,1,284902.04506011866,-1.557,1.4527892,-0.255201641141951
5,1,284907.04525639303,-1.557,1.4517956,-0.25736436217633873
5,1,284912.0454526674,-1.557,1.450458,-0.2595270828346013
5,1,284917.04564894177,-1.557,1.4493116,-0.2616898033533029
5,1,284922.04584521614,-1.557,1.4482799,-0.2638525233284631
5,1,284927.0460414905,-1.557,1.447229,-0.2660152409679226
5,1,284932.0462377649,-1.557,1.446159,-0.26817796109657144
5,1,284937.04643403925,-1.557,1.4449935,-0.27034067765270325
5,1,284942.0466303136,-1.557,1.4437706,-0.2725034018130367
5,1,284947.046826588,-1.557,1.442758,-0.2746661250960428
5,1,284952.04702286236,-1.557,1.4414587,-0.2768288515942824
5,1,284957.04721913673,-1.557,1.440274,-0.2789915759089588
5,1,284962.0474154111,-1.557,1.4390894,-0.2811543030544518
5,1,284967.04761168547,-1.557,1.4378283,-0.2833170298603242
5,1,284972.04780795984,-1.557,1.4367009,-0.2854797527412506
5,1,284977.0480042342,-1.557,1.4353253,-0.28764247719574626
5,1,284982.0482005086,-1.557,1.4341788,-0.28980520081157146
5,1,284987.04839678295,-1.557,1.4327841,-0.291967924770832
5,1,284992.0485930573,-1.557,1.4314656,-0.2941306476019488
5,1,284997.0487893317,-1.557,1.430281,-0.29629336763319036
5,1,285002.04898560606,-1.557,1.4288288,-0.2984560867684483
5,1,285007.04918188043,-1.557,1.4273767,-0.3006188095462719
5,1,285012.0493781548,-1.557,1.4261156,-0.30278153317441536
5,1,285017.04957442917,-1.557,1.4245871,-0.304944257650521
5,1,285022.04977070354,-1.557,1.4230585,-0.307106978101876
5,1,285027.0499669779,-1.557,1.4217592,-0.30926969870615
5,1,285032.0501632523,-1.557,1.4203262,-0.3114324193758103
5,1,285037.05035952665,-1.557,1.4187785,-0.313595139733076
5,1,285042.050555801,-1.557,1.4172691,-0.3157578606153593
5,1,285047.0507520754,-1.557,1.4159889,-0.31792057922163264
5,1,285052.05094834976,-1.557,1.4144603,-0.32008329874268493
5,1,285057.0511446241,-1.557,1.4128745,-0.32224602136037733
5,1,285062.0513408985,-1.557,1.4113268,-0.32440874582066126
5,1,285067.05153717287,-1.557,1.4096645,-0.3265714656579427
5,1,285072.05173344724,-1.557,1.408155,-0.32873418266858645
5,1,285077.0519297216,-1.557,1.4064163,-0.33089690320235476
5,1,285082.052125996,-1.557,1.4048495,-0.3330596219059824
5,1,285087.05232227035,-1.557,1.4030917,-0.3352223425831197
5,1,285092.0525185447,-1.557,1.4014293,-0.337385063048601
5,1,285097.0527148191,-1.557,1.3996524,-0.33954778306492156
5,1,285102.05291109346,-1.557,1.3978564,-0.3417105017954242
5,1,285107.0531073678,-1.557,1.396213,-0.34387321934489395
5,1,285112.0533036422,-1.557,1.3945125,-0.346035939962526
5,1,285117.05349991657,-1.557,1.3926209,-0.3481986609356799
5,1,285122.05369619094,-1.557,1.3909013,-0.3503613812028102
5,1,285127.0538924653,-1.557,1.3891435,-0.3525241042121316
5,1,285132.0540887397,-1.557,1.3872137,-0.35468682576311944
5,1,285137.05428501405,-1.557,1.3851883,-0.3568495456170902
5,1,285142.0544812884,-1.557,1.3831439,-0.35901226714458717
5,1,285147.0546775628,-1.557,1.3812714,-0.36117498566704975
5,1,285152.0548738376,-1.557,1.3791314,-0.3633377068449059
5,1,285157.05507011246,-1.557,1.3771251,-0.36550042610619454
5,1,285162.0552663873,-1.557,1.3749279,-0.36766314421985535
5,1,285167.05546266213,-1.557,1.3727496,-0.36982586258407424
5,1,285172.05565893697,-1.557,1.3707243,-0.3719885801200336
5,1,285177.0558552118,-1.557,1.3684314,-0.3741512956415679
5,1,285182.05605148664,-1.557,1.3661195,-0.37631401234228734
5,1,285187.0562477615,-1.557,1.3639795,-0.37847673226797574
5,1,285192.0564440363,-1.557,1.3617058,-0.38063944826293644
5,1,285197.05664031114,-1.557,1.3593365,-0.3828021632052328
5,1,285202.056836586,-1.557,1.3571583,-0.3849648780162135
5,1,285207.0570328608,-1.557,1.354789,-0.38712759506532873
5,1,285212.05722913565,-1.557,1.3523624,-0.3892903112403948
5,1,285217.0574254105,-1.557,1.349974,-0.39145302928782827
5,1,285222.0576216853,-1.557,1.347471,-0.393615746486624
5,1,285227.05781796016,-1.557,1.3448915,-0.3957784658189349
5,1,285232.058014235,-1.557,1.3421401,-0.39794118762252056
5,1,285237.05821050983,-1.557,1.339618,-0.4001039100391665
5,1,285242.05840678466,-1.557,1.3367327,-0.40226663143293717
5,1,285247.05860305927,-1.557,1.333905,-0.40442935517482614
5,1,285252.05879933387,-1.557,1.3313446,-0.4065920744473006
5,1,285257.0589956085,-1.557,1.328555,-0.4087547943621144
5,1,285262.0591918833,-1.557,1.3256124,-0.41091751439426333
5,1,285267.0593881579,-1.557,1.3229184,-0.4130802332365379
5,1,285272.0595844325,-1.557,1.319823,-0.4152429520029424
5,1,285277.0597807071,-1.557,1.3168997,-0.4174056763129498
5,1,285282.0599769817,-1.557,1.313919,-0.41956839652640937
5,1,285287.0601732563,-1.557,1.3109001,-0.421731118536704
5,1,285292.0603695309,-1.557,1.3077474,-0.4238938368616368
5,1,285297.06056580564,-1.557,1.3045756,-0.4260565544311072
5,1,285302.06076208036,-1.557,1.3014039,-0.42821927220220685
5,1,285307.0609583551,-1.557,1.2981174,-0.43038198740482314
5,1,285312.0611546298,-1.557,1.2947545,-0.43254470098258374
5,1,285317.0613509045,-1.557,1.2915446,-0.4347074161290856
5,1,285322.06154717924,-1.557,1.2881052,-0.43687013018347803
5,1,285327.06174345384,-1.557,1.2847615,-0.4390328444392812
5,1,285332.06193972856,-1.557,1.2815325,-0.44119555996943166
5,1,285337.0621360033,-1.557,1.2780168,-0.44335827209843515
5,1,285342.062332278,-1.557,1.2745202,-0.4455209824857578
5,1,285347.0625285527,-1.557,1.2706414,-0.44768369495576604
5,1,285352.0627248274,-1.557,1.2670302,-0.4498464072777429
5,1,285357.0629211021,-1.557,1.2633044,-0.4520091209992235
5,1,285362.0631173768,-1.557,1.2596166,-0.45417183516059306
5,1,285367.06331365154,-1.557,1.2558335,-0.4563345497116246
5,1,285372.0635099262,-1.557,1.2521267,-0.45849726244533046
5,1,285377.0637062009,-1.557,1.2482097,-0.46065997428770183
5,1,285382.06390247564,-1.557,1.2442546,-0.46282268673213306
5,1,285387.06409875036,-1.557,1.2404904,-0.46498539969866126
5,1,285392.0642950251,-1.557,1.2361914,-0.4671481116182206
5,1,285397.0644912997,-1.557,1.2322553,-0.46931082592394596
5,1,285402.0646875743,-1.557,1.2281473,-0.47147354093417837
5,1,285407.0648838484,-1.557,1.2241731,-0.4736362588148711
5,1,285412.065080123,-1.557,1.2198739,-0.47579897452365005
5,1,285417.0652763976,-1.557,1.2155558,-0.477961689432634
5,1,285422.0654726722,-1.557,1.2112375,-0.4801244017219475
5,1,285427.06566894683,-1.557,1.207034,-0.482287116081423
5,1,285432.06586522143,-1.557,1.202582,-0.48444982943920273
5,1,285434.8672631257,-1.557,1.1999835,-0.48566150536463637
5,1,285434.86746312585,-1.557,1.2001555,-0.4856615918661155
5,2,285434.8682631259,1.557,1.3394582,1.7166125112109715e-07
5,2,285439.8684594012,1.557,1.6979519,0.002162688195016649
5,2,285444.868655676,1.557,1.8207914,0.004325203642096784
5,2,285449.86885195086,1.557,1.9119512,0.006487714525388347
5,2,285454.8690482257,1.557,1.9870229,0.008650222827911377
5,2,285459.8692445005,1.557,2.0507832,0.010812728873305852
5,2,285464.86944077536,1.557,2.1047988,0.01297523495390018
5,2,285469.8696370502,1.557,2.1502354,0.015137741600082981
5,2,285474.86983332504,1.557,2.188163,0.01730024944842524
5,2,285479.8700295999,1.557,2.219728,0.019462756171564264
5,2,285484.8702258747,1.557,2.2461338,0.021625263339711563
5,2,285489.87042214954,1.557,2.2683935,0.023787770165085795
5,2,285494.8706184244,1.557,2.2874815,0.02595027524309026
5,2,285499.8708146992,1.557,2.3038373,0.028112778725643956
5,2,285504.87101097405,1.557,2.3179765,0.030275283114446536
5,2,285509.87120724865,1.557,2.3307781,0.032437787780622646
5,2,285514.87140352326,1.557,2.3420706,0.0346002893000775
5,2,285519.87159979786,1.557,2.3522353,0.036762790663454274
5,2,285524.87179607246,1.557,2.3613877,0.03892528490579129
5,2,285529.87199234706,1.557,2.3702724,0.04108778028844463
5,2,285534.87218862167,1.557,2.3783739,0.04325027299013403
5,2,285539.8723848958,1.557,2.3861122,0.045412769936190714
5,2,285544.8725811704,1.557,2.3932965,0.047575270718110935
5,2,285549.872777445,1.557,2.400366,0.04973776846982374
5,2,285554.8729737196,1.557,2.4069772,0.051900268310844905
5,2,285559.87316999433,1.557,2.4136074,0.054062762628760606
5,2,285564.87336626905,1.557,2.419932,0.05622525865081284
5,2,285569.87356254377,1.557,2.426237,0.05838775536623266
5,2,285574.8737588185,1.557,2.4321604,0.06055025178882149
5,2,285579.8739550932,1.557,2.4382172,0.06271275506884522
5,2,285584.8741513679,1.557,2.4443698,0.0648752605702877
5,2,285589.87434764265,1.557,2.450503,0.06703775525751378
5,2,285594.87454391737,1.557,2.456369,0.06920026186850997
5,2,285599.8747401921,1.557,2.4624069,0.07136275651964875
5,2,285604.8749364668,1.557,2.4684827,0.07352524897481996
5,2,285609.8751327415,1.557,2.4743488,0.07568774174676338
5,2,285614.87532901624,1.557,2.480463,0.07785023898844586
5,2,285619.8755252909,1.557,2.4862523,0.08001273057169384
5,2,285624.8757215656,1.557,2.4925005,0.0821752326139344
5,2,285629.87591784034,1.557,2.4985955,0.0843377350402077
5,2,285634.876114115,1.557,2.5046525,0.08650024135967757
5,2,285639.8763103897,1.557,2.5108814,0.08866274789987669
5,2,285644.87650666444,1.557,2.5168238,0.09082525517888862
5,2,285649.87670293916,1.557,2.523148,0.09298776127197343
5,2,285654.8768992139,1.557,2.5293198,0.09515026367154385
5,2,285659.8770954886,1.557,2.5355105,0.09731276905384989
5,2,285664.87729176343,1.557,2.541682,0.09947527447977329
5,2,285669.87748803804,1.557,2.547739,0.10163778030286894
5,2,285674.87768431264,1.557,2.5538914,0.10380028641028535
5,2,285679.87788058724,1.557,2.5601013,0.1059627915052043
5,2,285684.87807686185,1.557,2.5660627,0.10812529862146245
5,2,285689.87827313645,1.557,2.572024,0.11028780696278148
5,2,285694.87846941105,1.557,2.5780618,0.11245031363417705
5,2,285699.87866568565,1.557,2.5837748,0.11461281666451693
5,2,285704.87886196026,1.557,2.5895452,0.11677531703048945
5,2,285709.87905823486,1.557,2.5952582,0.1189378185206718
5,2,285714.8792545097,1.557,2.600742,0.12110031999322442
5,2,285719.87945078453,1.557,2.6060348,0.12326281986822023
5,2,285724.87964705937,1.557,2.6112318,0.125425321347634
5,2,285729.8798433342,1.557,2.6161041,0.12758782468913663
5,2,285734.88003960904,1.557,2.6210718,0.12975032861621513
5,2,285739.8802358839,1.557,2.6254475,0.13191283131313325
5,2,285744.8804321587,1.557,2.629823,0.13407533577333558
5,2,285749.88062843354,1.557,2.6336634,0.13623784209299752
5,2,285754.8808247084,1.557,2.6374085,0.13840034669519136
5,2,285759.8810209832,1.557,2.641039,0.14056285164595977
5,2,285764.88121725805,1.557,2.6444016,0.1427253553390172
5,2,285769.8814135329,1.557,2.6475544,0.14488785966151954
5,2,285774.8816098077,1.557,2.650344,0.14705036305848096
5,2,285779.88180608256,1.557,2.653229,0.14921286751838525
5,2,285784.8820023574,1.557,2.6553118,0.15137537164620557
5,2,285789.88219863223,1.557,2.6575282,0.15353787615083986
5,2,285794.88239490706,1.557,2.6595917,0.15570038072146972
5,2,285799.8825911819,1.557,2.6614451,0.15786288246369362
5,2,285804.88278745627,1.557,2.6631265,0.16002538627229795
5,2,285809.8829837311,1.557,2.6647506,0.16218789108148546
5,2,285814.8831800055,1.557,2.6662028,0.164350395411094
5,2,285819.88337627985,1.557,2.6673684,0.1665129006887144
5,2,285824.8835725542,1.557,2.6686103,0.16867540658258726
5,2,285829.8837688286,1.557,2.6698332,0.17083791191232864
5,2,285834.88396510296,1.557,2.6707695,0.17300041681357883
5,2,285839.8841613773,1.557,2.6718585,0.1751629184739788
5,2,285844.8843576517,1.557,2.6724699,0.1773254216243227
5,2,285849.88455392607,1.557,2.673349,0.17948792352842619
5,2,285854.88475020044,1.557,2.674094,0.1816504266062776
5,2,285859.8849464748,1.557,2.6747246,0.1838129321404364
5,2,285864.8851427492,1.557,2.6754124,0.18597543471983402
5,2,285869.88533902355,1.557,2.6759665,0.18813793860899736
5,2,285874.8855352979,1.557,2.6765206,0.19030044252006872
5,2,285879.8857315723,1.557,2.677285,0.19246294875933723
5,2,285884.88592784666,1.557,2.6776288,0.19462545402291082
5,2,285889.886124121,1.557,2.678049,0.19678795900161394
5,2,285894.8863203954,1.557,2.678584,0.19895046153917573
5,2,285899.88651666977,1.557,2.6788516,0.2011129632735583
5,2,285904.88671294414,1.557,2.6793866,0.2032754634403321
5,2,285909.8869092185,1.557,2.6796925,0.20543796757412613
5,2,285914.8871054929,1.557,2.6800554,0.20760047025067932
5,2,285919.88730176724,1.557,2.680514,0.20976297404218375
5,2,285924.8874980416,1.557,2.6808197,0.2119254793413612
5,2,285929.887694316,1.557,2.68124,0.21408798240009275
5,2,285934.88789059035,1.557,2.6815457,0.21625048594862217
5,2,285939.8880868647,1.557,2.6820617,0.21841298755800057
5,2,285944.8882831391,1.557,2.6823864,0.2205754904193414
5,2,285949.88847941346,1.557,2.682807,0.2227379958237343
5,2,285954.88867568783,1.557,2.6833036,0.22490050216876795
5,2,285959.8888719622,1.557,2.6837814,0.22706300570785995
5,2,285964.8890682366,1.557,2.684068,0.22922551045386655
5,2,285969.88926451094,1.557,2.6845455,0.23138801308384202
5,2,285974.8894607853,1.557,2.684832,0.23355051687106818
5,2,285979.8896570597,1.557,2.685138,0.23571302003639272
5,2,285984.88985333405,1.557,2.6856346,0.23787552364527514
5,2,285989.8900496084,1.557,2.6861506,0.24003802604717014
5,2,285994.8902458828,1.557,2.6864562,0.24220052955960564
5,2,285999.89044215716,1.557,2.686934,0.24436303626985018
5,2,286004.89063843153,1.557,2.6874115,0.24652554532209367
5,2,286009.8908347059,1.557,2.687832,0.24868805502020647
5,2,286014.8910309803,1.557,2.6883862,0.2508505630027188
5,2,286019.89122725464,1.557,2.6888447,0.2530130679997868
5,2,286024.891423529,1.557,2.6893797,0.2551755735208392
5,2,286029.8916198034,1.557,2.689991,0.2573380789997379
5,2,286034.89181607775,1.557,2.6904879,0.2595005820135739
5,2,286039.8920123521,1.557,2.691042,0.2616630872125957
5,2,286044.8922086265,1.557,2.6914814,0.26382558876024353
5,2,286049.89240490086,1.557,2.692112,0.2659880906612939
5,2,286054.89260117523,1.557,2.6928189,0.2681505925398601
5,2,286059.8927974496,1.557,2.693373,0.2703130932538244
5,2,286064.892993724,1.557,2.6939654,0.2724755944450696
5,2,286069.89318999834,1.557,2.6945577,0.2746380955802599
5,2,286074.8933862727,1.557,2.6951308,0.2768005992269648
5,2,286079.8935825471,1.557,2.6955512,0.27896310512403644
5,2,286084.89377882145,1.557,2.696373,0.281125612944338
5,2,286089.8939750958,1.557,2.6968315,0.2832881197007563
5,2,286094.8941713702,1.557,2.697634,0.2854506254556311
5,2,286099.89436764456,1.557,2.6982644,0.2876131319386627
5,2,286104.89456391893,1.557,2.6989331,0.2897756366608606
5,2,286109.8947601933,1.557,2.6996784,0.29193814020518455
5,2,286114.8949564677,1.557,2.700519,0.2941006426181461
5,2,286119.89515274204,1.557,2.7012644,0.29626314494736317
5,2,286124.8953490164,1.557,2.7019331,0.2984256471205883
5,2,286129.8955452908,1.557,2.702812,0.3005881500514745
5,2,286134.89574156515,1.557,2.703538,0.3027506532980799
5,2,286139.8959378395,1.557,2.7045126,0.30491315327943025
5,2,286144.8961341139,1.557,2.7053149,0.3070756532246536
5,2,286149.89633038826,1.557,2.7062702,0.3092381542550192
5,2,286154.89652666263,1.557,2.707283,0.31140065679786594
5,2,286159.896722937,1.557,2.708009,0.3135631616269813
5,2,286164.8969192114,1.557,2.7091172,0.3157256637710862
5,2,286169.89711548574,1.557,2.7100728,0.31788816456553
5,2,286174.8973117601,1.557,2.7109516,0.3200506641782852
5,2,286179.8975080345,1.557,2.7120216,0.3222131636640296
5,2,286184.89770430885,1.557,2.712977,0.324375664257162
5,2,286189.8979005832,1.557,2.7139895,0.3265381663055485
5,2,286194.8980968576,1.557,2.7152698,0.3287006679450272
5,2,286199.89829313196,1.557,2.716206,0.33086316758252504
5,2,286204.8984894068,1.557,2.7174098,0.333025667598009
5,2,286209.89868568163,1.557,2.7184606,0.3351881670875879
5,2,286214.89888195647,1.557,2.7196834,0.33735066331166014
5,2,286219.8990782313,1.557,2.7209446,0.33951316212528265
5,2,286224.89927450614,1.557,2.7220147,0.3416756610000728
5,2,286229.899470781,1.557,2.7234476,0.34383816067853884
5,2,286234.8996670558,1.557,2.7247086,0.34600066225306175
5,2,286239.89986333065,1.557,2.7260845,0.34816316273547526
5,2,286244.9000596055,1.557,2.7273836,0.35032566410220317
5,2,286249.9002558803,1.557,2.7289696,0.3524881657133101
5,2,286254.90045215515,1.557,2.7301543,0.3546506670559709
5,2,286259.90064843,1.557,2.7318547,0.356813167056355
5,2,286264.9008447048,1.557,2.733536,0.3589756655572916
5,2,286269.90104097966,1.557,2.7348545,0.3611381671913132
5,2,286274.90123725403,1.557,2.7362301,0.36330066790033033
5,2,286279.90143352887,1.557,2.7379498,0.3654631701409087
5,2,286284.9016298037,1.557,2.7396312,0.36762567126457546
5,2,286289.90182607854,1.557,2.7414274,0.36978817429020655
5,2,286294.9020223534,1.557,2.7431087,0.37195067880093374
5,2,286299.9022186282,1.557,2.7450385,0.37411318283764505
5,2,286304.9024149028,1.557,2.7470448,0.37627568819454627
5,2,286309.9026111774,1.557,2.7488792,0.378438194125268
5,2,286314.902807452,1.557,2.7507899,0.3806007007778881
5,2,286319.9030037266,1.557,2.7528725,0.3827632066339915
5,2,286324.9032000012,1.557,2.754955,0.38492571211159876
5,2,286329.9033962758,1.557,2.7571142,0.3870882183497944
5,2,286334.9035925504,1.557,2.7591014,0.3892507265237701
5,2,286339.90378882503,1.557,2.7614706,0.3914132343998947
5,2,286344.90398509963,1.557,2.7639546,0.3935757392053139
5,2,286349.90418137424,1.557,2.766706,0.39573824358940773
5,2,286354.90437764896,1.557,2.7689989,0.39790074951708304
5,2,286359.9045739237,1.557,2.7717311,0.40006325559941913
5,2,286364.9047701984,1.557,2.774368,0.4022257606299319
5,2,286369.9049664731,1.557,2.777215,0.4043882628042498
5,2,286374.90516274783,1.557,2.7802339,0.40655076378683236
5,2,286379.90535902255,1.557,2.7831762,0.4087132649353145
5,2,286384.9055552973,1.557,2.7862334,0.4108757673966817
5,2,286389.905751572,1.557,2.7895198,0.4130382699346276
5,2,286394.9059478467,1.557,2.7926724,0.41520077252169435
5,2,286399.9061441214,1.557,2.796169,0.4173632755667367
5,2,286404.9063403964,1.557,2.799876,0.41952577868668883
5,2,286409.9065366711,1.557,2.803449,0.4216882820510465
5,2,286414.9067329458,1.557,2.8071175,0.42385078472941434
5,2,286419.9069292205,1.557,2.8110344,0.42601328881104106
5,2,286424.9071254952,1.557,2.8151042,0.4281757932916944
5,2,286429.90732176986,1.557,2.8194606,0.4303382996881139
5,2,286434.9075180446,1.557,2.8238552,0.43250080449287076
5,2,286439.9077143193,1.557,2.8284984,0.43466330761851185
5,2,286444.907910594,1.557,2.8331985,0.4368258093549011
5,2,286449.90810686874,1.557,2.837918,0.4389883146819868
5,2,286454.90830314346,1.557,2.843077,0.44115082099577435
5,2,286459.90849941806,1.557,2.8484268,0.44331332973423915
5,2,286464.90869569243,1.557,2.8540063,0.4454758377257253
5,2,286469.90889196703,1.557,2.8597765,0.44763834726115054
5,2,286474.90908824163,1.557,2.865776,0.44980085495930894
5,2,286479.90928451624,1.557,2.8718903,0.45196336181641933
5,2,286484.90948079084,1.557,2.8784633,0.45412587194082454
5,2,286489.90967706544,1.557,2.8849788,0.4562883781441183
5,2,286494.90987334005,1.557,2.891819,0.4584508823346162
5,2,286499.91006961465,1.557,2.899156,0.460613387711591
5,2,286504.9102658895,1.557,2.9063787,0.46277589295185917
5,2,286509.9104621643,1.557,2.9142125,0.46493839798486214
5,2,286514.91065843916,1.557,2.922333,0.46710090535933424
5,2,286519.910854714,1.557,2.9305491,0.46926341056014415
5,2,286524.9110509888,1.557,2.9391282,0.4714259152815936
5,2,286529.91124726366,1.557,2.948185,0.4735884203119475
5,2,286534.9114435385,1.557,2.9577768,0.47575092495871235
5,2,286539.91163981333,1.557,2.967273,0.47791343006679066
5,2,286544.9118360877,1.557,2.9773233,0.48007593728261505
5,2,286549.91203236254,1.557,2.9873736,0.48223844380093267
5,2,286554.9122286374,1.557,2.9969654,0.4844009495413765
5,2,286556.4610274718,1.557,3.0000224,0.4850707809961701
5,2,286556.46122747194,1.557,3.0000224,0.485070867490351
