cycle_number,half_cycle,time_s,current_mA,voltage_V,capacity_mAh
0,0,241523.8185899267,0.0,2.9731944,0.0
0,0,241524.81859008316,0.0,2.9529998,0.0
0,0,241525.81859023962,0.0,2.9427967,0.0
0,0,241526.81859039608,0.0,2.934428,0.0
0,0,241527.81859055255,0.0,2.9273775,0.0
0,0,241528.818590709,0.0,2.9211292,0.0
0,0,241529.81859086547,0.0,2.9153209,0.0
0,0,241530.81859102193,0.0,2.910162,0.0
0,0,241531.8185911784,0.0,2.9051368,0.0
0,0,241532.81859133486,0.0,2.9005892,0.0
1,1,241533.77039148333,-0.7785,2.8962138,0.0
1,1,241533.77079148358,-0.7785,2.8530028,-8.624734481175741e-08
1,1,241538.7707922659,-0.7785,2.6824439,-0.0010816292128066221
1,1,241543.7707930482,-0.7785,2.575922,-0.002163173600216706
1,1,241548.7707938305,-0.7785,2.4885645,-0.003244713851448562
1,1,241553.77079461282,-0.7785,2.4148684,-0.004326253411445352
1,1,241558.77079539513,-0.7785,2.3500955,-0.005407797877030239
1,1,241563.77079617744,-0.7785,2.2926595,-0.006489331328382093
1,1,241568.77079695975,-0.7785,2.2428093,-0.007570869949337507
1,1,241573.77079774207,-0.7785,2.2016525,-0.00865240834258
1,1,241578.77079852438,-0.7785,2.171177,-0.009733950161125923
1,1,241583.7707993067,-0.7785,2.149987,-0.010815488573494883
1,1,241588.770800089,-0.7785,2.1336315,-0.011897030746956664
1,1,241593.7708008713,-0.7785,2.1197789,-0.012978574495282436
1,1,241598.77080165362,-0.7785,2.1061172,-0.014060117213633323
1,1,241603.77080243593,-0.7785,2.0920928,-0.015141661742183895
1,1,241608.77080321824,-0.7785,2.076444,-0.01622320348118411
1,1,241613.77080400055,-0.7785,2.05877,-0.017304744030939206
1,1,241618.77080478286,-0.7785,2.0383062,-0.018386285399181974
1,1,241623.77080556517,-0.7785,2.015263,-0.019467829823460844
1,1,241628.7708063475,-0.7785,1.9893348,-0.02054937626190649
1,1,241633.7708071298,-0.7785,1.9611518,-0.02163092248634166
1,1,241638.7708079121,-0.7785,1.9321665,-0.022712465308533776
1,1,241643.77080869442,-0.7785,1.9023976,-0.023794008811334772
1,1,241648.77080947673,-0.7785,1.8732402,-0.024875556429588136
1,1,241653.77081025904,-0.7785,1.8446752,-0.02595710311437316
1,1,241658.77081104135,-0.7785,1.8174667,-0.027038646474394537
1,1,241663.77081182366,-0.7785,1.7919587,-0.028120190355234678
1,1,241668.7708126055,-0.7785,1.7682469,-0.02920173246140944
1,1,241673.77081338782,-0.7785,1.7465986,-0.030283272752884366
1,1,241678.77081417013,-0.7785,1.7271093,-0.03136481301238471
1,1,241683.77081495244,-0.7785,1.7101232,-0.0324463543050521
1,1,241688.77081573475,-0.7785,1.6957929,-0.03352789553167092
1,1,241693.77081651706,-0.7785,1.6839846,-0.034609441612336374
1,1,241698.77081729937,-0.7785,1.6748706,-0.035690988497866526
1,1,241703.77081808168,-0.7785,1.6677246,-0.03677253402936459
1,1,241708.770818864,-0.7785,1.6621071,-0.03785408311981294
1,1,241713.7708196463,-0.7785,1.6578653,-0.038935618746724396
1,1,241718.77082042862,-0.7785,1.6544642,-0.04001715298762255
1,1,241723.77082121093,-0.7785,1.6520759,-0.041098688681330944
1,1,241728.77082199324,-0.7785,1.6500888,-0.042180223395569455
1,1,241733.77082277555,-0.7785,1.6483691,-0.04326176161999504
1,1,241738.77082355786,-0.7785,1.6470507,-0.0443433095608453
1,1,241743.77082434017,-0.7785,1.6461145,-0.04542484813567334
1,1,241748.77082512248,-0.7785,1.6453311,-0.046506388939218386
1,1,241753.7708259048,-0.7785,1.6446815,-0.047587929407020405
1,1,241758.7708266871,-0.7785,1.6440891,-0.04866947229719824
1,1,241763.77082746942,-0.7785,1.6436305,-0.04975101781206991
1,1,241768.77082825173,-0.7785,1.6432102,-0.05083256982319222
1,1,241773.77082903404,-0.7785,1.6428663,-0.05191411926033099
1,1,241778.77082981635,-0.7785,1.6425414,-0.05299566657092173
1,1,241783.77083059866,-0.7785,1.6422739,-0.05407720514337552
1,1,241788.77083138097,-0.7785,1.6421402,-0.05515874515010581
1,1,241793.77083216328,-0.7785,1.6420256,-0.05624028516842258
1,1,241798.7708329456,-0.7785,1.6418728,-0.05732182548816004
1,1,241803.7708337279,-0.7785,1.641739,-0.05840336541106633
1,1,241808.77083451021,-0.7785,1.6415479,-0.0594849100624687
1,1,241813.77083529253,-0.7785,1.6415287,-0.060566450539469706
1,1,241818.77083607484,-0.7785,1.6414715,-0.06164799410996833
1,1,241823.77083685715,-0.7785,1.6414142,-0.0627295479560726
1,1,241828.77083763946,-0.7785,1.6412613,-0.0638110935410228
1,1,241833.77083842177,-0.7785,1.6411276,-0.06489263608163594
1,1,241838.77083920408,-0.7785,1.6410893,-0.06597417747642927
1,1,241843.7708399864,-0.7785,1.6411084,-0.06705571864816214
1,1,241848.7708407687,-0.7785,1.6410129,-0.06813726067938405
1,1,241853.770841551,-0.7785,1.641051,-0.06921880146098797
1,1,241858.77084233332,-0.7785,1.6408409,-0.0703003408024377
1,1,241863.77084311564,-0.7785,1.6408409,-0.07138188001673748
1,1,241868.77084389795,-0.7785,1.6406881,-0.07246341889899303
1,1,241873.77084468026,-0.7785,1.6406881,-0.07354495603829288
1,1,241878.77084546257,-0.7785,1.6407263,-0.07462649201544785
1,1,241883.77084624488,-0.7785,1.6406498,-0.07570802690345377
1,1,241888.7708470272,-0.7785,1.6405926,-0.07678956114208364
1,1,241893.7708478095,-0.7785,1.640669,-0.07787109542649319
1,1,241898.7708485918,-0.7785,1.6406498,-0.07895263206454446
1,1,241903.77084937412,-0.7785,1.6404779,-0.08003416826652153
1,1,241908.77085015643,-0.7785,1.6406498,-0.08111570536707835
1,1,241913.77085093874,-0.7785,1.6403632,-0.08219724260100719
1,1,241918.77085172106,-0.7785,1.6403441,-0.08327878249314093
1,1,241923.77085250337,-0.7785,1.6402868,-0.08436032224239572
1,1,241928.77085328568,-0.7785,1.6401721,-0.08544185938233466
1,1,241933.770854068,-0.7785,1.6402104,-0.0865233969158232
1,1,241938.7708548503,-0.7785,1.6402104,-0.08760494081039227
1,1,241943.7708556326,-0.7785,1.6400002,-0.088686483361019
1,1,241948.77085641492,-0.7785,1.6401149,-0.08976802721360323
1,1,241953.77085719723,-0.7785,1.6400193,-0.09084957268048655
1,1,241958.77085797954,-0.7785,1.639771,-0.0919311200172371
1,1,241963.77085876185,-0.7785,1.639771,-0.09301266841414568
1,1,241968.77085954417,-0.7785,1.6396563,-0.09409421516310172
1,1,241973.77086032648,-0.7785,1.6397518,-0.09517576770690743
1,1,241978.7708611088,-0.7785,1.639618,-0.09625731614501606
1,1,241983.7708618911,-0.7785,1.6395226,-0.09733886716576746
1,1,241988.7708626734,-0.7785,1.6394079,-0.09842040957875382
1,1,241993.77086345572,-0.7785,1.6395226,-0.09950194668832088
1,1,241998.77086423803,-0.7785,1.6394079,-0.10058348196731672
1,1,242003.77086502034,-0.7785,1.639236,-0.10166501664811371
1,1,242008.77086580265,-0.7785,1.6391977,-0.10274655075318613
1,1,242013.77086658496,-0.7785,1.639064,-0.10382808620285655
1,1,242018.77086736728,-0.7785,1.6388347,-0.10490962174601355
1,1,242023.7708681496,-0.7785,1.6387774,-0.1059911588594218
1,1,242028.7708689319,-0.7785,1.6385863,-0.10707269496327307
1,1,242033.7708697142,-0.7785,1.638701,-0.10815423081613249
1,1,242038.77087049652,-0.7785,1.638529,-0.10923576817039317
1,1,242043.77087127883,-0.7785,1.6385481,-0.11031730598114264
1,1,242048.77087206114,-0.7785,1.6385099,-0.11139884755897853
1,1,242053.77087284345,-0.7785,1.6381469,-0.11248038371067576
1,1,242058.77087362576,-0.7785,1.6381277,-0.11356192216690049
1,1,242063.77087440807,-0.7785,1.6379749,-0.1146434604436126
1,1,242068.77087519038,-0.7785,1.6379558,-0.11572500152679946
1,1,242073.7708759727,-0.7785,1.6379749,-0.11680654429189695
1,1,242078.770876755,-0.7785,1.6377838,-0.11788809055303534
1,1,242083.77087753732,-0.7785,1.6375736,-0.11896963745801979
1,1,242088.77087831963,-0.7785,1.6374208,-0.12005118631007937
1,1,242093.77087910194,-0.7785,1.6375545,-0.12113272889598542
1,1,242098.77087988425,-0.7785,1.6373634,-0.12221427414452368
1,1,242103.77088066656,-0.7785,1.6372106,-0.12329581600068346
1,1,242108.77088144887,-0.7785,1.6370959,-0.12437735817521481
1,1,242113.77088223118,-0.7785,1.6370386,-0.12545889732119112
1,1,242118.7708830135,-0.7785,1.6368475,-0.12654043495285514
1,1,242123.7708837958,-0.7785,1.6366373,-0.12762197473751838
1,1,242128.77088457812,-0.7785,1.6365036,-0.12870351559180024
1,1,242133.77088536043,-0.7785,1.6365228,-0.12978505416845948
1,1,242138.77088614274,-0.7785,1.6364081,-0.13086659041449764
1,1,242143.77088692505,-0.7785,1.6364081,-0.13194812596812186
1,1,242148.77088770736,-0.7785,1.6362553,-0.13302966168970867
1,1,242153.77088848967,-0.7785,1.6361215,-0.13411120282219188
1,1,242158.77088927198,-0.7785,1.6360068,-0.1351927415833606
1,1,242163.7708900543,-0.7785,1.635854,-0.13627428073558875
1,1,242168.7708908366,-0.7785,1.6359113,-0.13735582396515875
1,1,242173.77089161891,-0.7785,1.6357776,-0.13843736994290023
1,1,242178.77089240123,-0.7785,1.6356629,-0.1395189118253324
1,1,242183.77089318354,-0.7785,1.6355482,-0.14060044884268114
1,1,242188.77089396585,-0.7785,1.6354527,-0.14168198933433826
1,1,242193.77089474816,-0.7785,1.6353763,-0.14276352311280371
1,1,242198.77089553047,-0.7785,1.6351088,-0.14384506004718942
1,1,242203.77089631278,-0.7785,1.6350706,-0.14492659697694252
1,1,242208.7708970951,-0.7785,1.6348987,-0.14600813377532365
1,1,242213.7708978774,-0.7785,1.634803,-0.14708966944549814
1,1,242218.7708986597,-0.7785,1.6346312,-0.14817120733137265
1,1,242223.77089944202,-0.7785,1.6344974,-0.14925274552961523
1,1,242228.77090022434,-0.7785,1.6343446,-0.15033428432606327
1,1,242233.77090100665,-0.7785,1.634421,-0.15141582158298625
1,1,242238.77090178896,-0.7785,1.6340961,-0.15249735903994574
1,1,242243.77090257127,-0.7785,1.6338668,-0.15357889796809024
1,1,242248.77090335358,-0.7785,1.6338477,-0.15466043845466773
1,1,242253.7709041359,-0.7785,1.633905,-0.15574197989756863
1,1,242258.7709049182,-0.7785,1.6336375,-0.15682352217848766
1,1,242263.7709057005,-0.7785,1.633351,-0.15790506609639526
1,1,242268.77090648282,-0.7785,1.63337,-0.15898660935122108
1,1,242273.77090726513,-0.7785,1.6332172,-0.16006815149169168
1,1,242278.77090804745,-0.7785,1.6329114,-0.16114969033731355
1,1,242283.77090882976,-0.7785,1.6328924,-0.16223122914735477
1,1,242288.77090961207,-0.7785,1.632816,-0.163312767364045
1,1,242293.77091039438,-0.7785,1.6326439,-0.1643943100837138
1,1,242298.7709111767,-0.7785,1.6326249,-0.16547584903624324
1,1,242303.770911959,-0.7785,1.6323574,-0.16655738938690556
1,1,242308.7709127413,-0.7785,1.6321472,-0.16763893068515262
1,1,242313.77091352362,-0.7785,1.6320325,-0.16872046961729725
1,1,242318.77091430593,-0.7785,1.6319753,-0.16980200623599026
1,1,242323.77091508824,-0.7785,1.6318223,-0.17088354090349542
1,1,242328.77091587055,-0.7785,1.6314594,-0.17196507552876075
1,1,242333.77091665287,-0.7785,1.6313447,-0.1730466090292169
1,1,242338.77091743518,-0.7785,1.6312301,-0.17412814110783403
1,1,242343.7709182175,-0.7785,1.6311536,-0.17520967514950367
1,1,242348.7709189998,-0.7785,1.6307906,-0.1762912115634448
1,1,242353.7709197821,-0.7785,1.6306187,-0.17737274737193187
1,1,242358.77092056442,-0.7785,1.6304657,-0.17845428456803164
1,1,242363.77092134673,-0.7785,1.6303129,-0.17953582067734336
1,1,242368.77092212904,-0.7785,1.6301601,-0.1806173560276992
1,1,242373.77092291135,-0.7785,1.6299881,-0.1816988962400324
1,1,242378.77092369366,-0.7785,1.6298352,-0.1827804342917701
1,1,242383.77092447598,-0.7785,1.6297588,-0.18386197596031761
1,1,242388.7709252583,-0.7785,1.629434,-0.18494351607706816
1,1,242393.7709260406,-0.7785,1.6292238,-0.18602505564069752
1,1,242398.7709268229,-0.7785,1.6292048,-0.18710660162887974
1,1,242403.77092760522,-0.7785,1.6289182,-0.18818814518105326
1,1,242408.77092838753,-0.7785,1.6287079,-0.1892696913305124
1,1,242413.77092916984,-0.7785,1.628555,-0.19035123399969278
1,1,242418.77092995215,-0.7785,1.6284404,-0.19143277702928257
1,1,242423.77093073446,-0.7785,1.6281538,-0.1925143159021537
1,1,242428.77093151677,-0.7785,1.6279436,-0.1935958554599087
1,1,242433.77093229908,-0.7785,1.6278863,-0.19467738989318417
1,1,242438.7709330814,-0.7785,1.6276761,-0.19575892630943661
1,1,242443.7709338637,-0.7785,1.6274086,-0.19684046194825575
1,1,242448.77093464602,-0.7785,1.6273705,-0.19792200137159563
1,1,242453.77093542833,-0.7785,1.6271985,-0.1990035382625494
1,1,242458.77093621064,-0.7785,1.6269692,-0.20008507629584607
1,1,242463.77093699295,-0.7785,1.626759,-0.2011666163880991
1,1,242468.77093777526,-0.7785,1.6265297,-0.2022481570436657
1,1,242473.77093855757,-0.7785,1.6263386,-0.2033296987759372
1,1,242478.77093933988,-0.7785,1.6262431,-0.2044112382706934
1,1,242483.7709401222,-0.7785,1.6259183,-0.20549278165610638
1,1,242488.7709409045,-0.7785,1.6257654,-0.20657432239653672
1,1,242493.77094168682,-0.7785,1.6257081,-0.207655864080449
1,1,242498.77094246913,-0.7785,1.6254215,-0.20873740591699552
1,1,242503.77094325144,-0.7785,1.625326,-0.20981895175798407
1,1,242508.77094403375,-0.7785,1.6248865,-0.2109004987257024
1,1,242513.77094481606,-0.7785,1.6248101,-0.21198204431049034
1,1,242518.77094559837,-0.7785,1.6247528,-0.21306358771475822
1,1,242523.77094638068,-0.7785,1.6245235,-0.21414513025193085
1,1,242528.770947163,-0.7785,1.6242942,-0.2152266703868608
1,1,242533.7709479453,-0.7785,1.6241987,-0.21630820722309088
1,1,242538.77094872762,-0.7785,1.6241796,-0.21738974711461534
1,1,242543.77094950993,-0.7785,1.6238357,-0.21847128646919797
1,1,242548.77095029224,-0.7785,1.6235873,-0.21955282632307546
1,1,242553.77095107455,-0.7785,1.6235108,-0.2206343654494319
1,1,242558.77095185686,-0.7785,1.623358,-0.22171590426509583
1,1,242563.77095263917,-0.7785,1.6230905,-0.22279744167785848
1,1,242568.77095342148,-0.7785,1.6228802,-0.22387897943294383
1,1,242573.7709542038,-0.7785,1.6226319,-0.22496051420263452
1,1,242578.7709549861,-0.7785,1.622288,-0.22604204834543998
1,1,242583.7709557684,-0.7785,1.6223261,-0.2271235829619931
1,1,242588.77095655072,-0.7785,1.6219822,-0.22820512075974875
1,1,242593.77095733304,-0.7785,1.6218103,-0.2292866604168382
1,1,242598.77095811535,-0.7785,1.6216574,-0.23036820070560443
1,1,242603.77095889766,-0.7785,1.6214664,-0.23144973854339787
1,1,242608.77095967997,-0.7785,1.6212753,-0.23253127794459796
1,1,242613.77096046228,-0.7785,1.6211033,-0.23361281832810246
1,1,242618.7709612446,-0.7785,1.6207212,-0.23469436011401154
1,1,242623.7709620269,-0.7785,1.620683,-0.2357759033367601
1,1,242628.7709628092,-0.7785,1.620339,-0.23685744805441303
1,1,242633.77096359152,-0.7785,1.6202817,-0.23793899234830013
1,1,242638.77096437383,-0.7785,1.6200715,-0.23902053848268262
1,1,242643.77096515615,-0.7785,1.619785,-0.24010207955651156
1,1,242648.77096593846,-0.7785,1.6196512,-0.24118362053503267
1,1,242653.77096672077,-0.7785,1.6194601,-0.24226516208805646
1,1,242658.77096750308,-0.7785,1.6191926,-0.2433467055303786
1,1,242663.7709682854,-0.7785,1.618887,-0.24442825054741574
1,1,242668.7709690677,-0.7785,1.6187149,-0.24550979042856236
1,1,242673.77096985,-0.7785,1.6185621,-0.24659133061409333
1,1,242678.77097063232,-0.7785,1.6183519,-0.2476728689737486
1,1,242683.77097141463,-0.7785,1.6181418,-0.24875440629615722
1,1,242688.77097219694,-0.7785,1.617836,-0.24983594712447132
1,1,242693.77097297926,-0.7785,1.6177213,-0.25091749437206656
1,1,242698.77097376157,-0.7785,1.6175685,-0.25199903688155284
1,1,242703.77097454388,-0.7785,1.6173583,-0.2530805828538107
1,1,242708.7709753262,-0.7785,1.6172436,-0.2541621248381734
1,1,242713.7709761085,-0.7785,1.6169189,-0.25524366882841787
1,1,242718.7709768908,-0.7785,1.6167278,-0.25632521530324553
1,1,242723.77097767312,-0.7785,1.616422,-0.2574067598416971
1,1,242728.77097845543,-0.7785,1.6162883,-0.2584883055264586
1,1,242733.77097923774,-0.7785,1.6160208,-0.25956985385576886
1,1,242738.77098002005,-0.7785,1.6156961,-0.2606513985381259
1,1,242743.77098080236,-0.7785,1.615505,-0.26173294135644043
1,1,242748.77098158468,-0.7785,1.6153712,-0.2628144868950513
1,1,242753.770982367,-0.7785,1.6150273,-0.2638960296240185
1,1,242758.7709831493,-0.7785,1.6148744,-0.26497756744825185
1,1,242763.7709839316,-0.7785,1.6145114,-0.2660591085379621
1,1,242768.77098471392,-0.7785,1.6144159,-0.26714065156850225
1,1,242773.77098549623,-0.7785,1.6144159,-0.2682221872314017
1,1,242778.77098627854,-0.7785,1.6138235,-0.26930373061169527
1,1,242783.77098706085,-0.7785,1.6138426,-0.270385275992228
1,1,242788.77098784316,-0.7785,1.6135751,-0.2714668165272475
1,1,242793.77098862547,-0.7785,1.6132885,-0.27254835977060604
1,1,242798.77098940779,-0.7785,1.6131166,-0.2736299001312687
1,1,242803.7709901901,-0.7785,1.6128873,-0.27471144545568366
1,1,242808.7709909724,-0.7785,1.6125624,-0.27579299375039346
1,1,242813.77099175472,-0.7785,1.6124096,-0.27687454105567605
1,1,242818.77099253703,-0.7785,1.6121421,-0.2779560841505594
1,1,242823.77099331934,-0.7785,1.6120466,-0.2790376307362153
1,1,242828.77099410165,-0.7785,1.6117408,-0.2801191744748288
1,1,242833.77099488396,-0.7785,1.6115497,-0.2812007202257349
1,1,242838.77099566627,-0.7785,1.6112441,-0.282282264471021
1,1,242843.77099644858,-0.7785,1.6109957,-0.28336380516099274
1,1,242848.7709972309,-0.7785,1.6108619,-0.284445349260274
1,1,242853.7709980132,-0.7785,1.6104225,-0.2855268938111796
1,1,242858.77099879552,-0.7785,1.6105944,-0.2866084379670389
1,1,242863.77099957783,-0.7785,1.6101167,-0.2876899798976349
1,1,242868.77100036014,-0.7785,1.6098492,-0.2887715193558303
1,1,242873.77100114245,-0.7785,1.6096582,-0.2898530577086443
1,1,242878.77100192476,-0.7785,1.6093715,-0.2909345972122849
1,1,242883.77100270707,-0.7785,1.6092187,-0.2920161414157716
1,1,242888.77100348938,-0.7785,1.6088748,-0.29309768346055687
1,1,242893.7710042717,-0.7785,1.6086456,-0.29417922490261667
1,1,242898.771005054,-0.7785,1.6084162,-0.2952607698755596
1,1,242903.77100583632,-0.7785,1.6081105,-0.29634231999421456
1,1,242908.77100661863,-0.7785,1.6081487,-0.29742386525786924
1,1,242913.77100740094,-0.7785,1.6077284,-0.2985054135005541
1,1,242918.77100818325,-0.7785,1.6073654,-0.2995869621584085
1,1,242923.77100896556,-0.7785,1.6072124,-0.30066850874615053
1,1,242928.77100974787,-0.7785,1.6069068,-0.3017500542139743
1,1,242933.77101053018,-0.7785,1.6066966,-0.3028316015941766
1,1,242938.7710113125,-0.7785,1.6063527,-0.30391314888974696
1,1,242943.7710120948,-0.7785,1.606238,-0.3049946976474822
1,1,242948.77101287665,-0.7785,1.6059514,-0.3060762467544576
1,1,242953.77101365896,-0.7785,1.6056075,-0.3071577973781063
1,1,242958.77101444127,-0.7785,1.60534,-0.3082393468609519
1,1,242963.77101522358,-0.7785,1.6052253,-0.30932089632884996
1,1,242968.7710160059,-0.7785,1.6047859,-0.3104024440739023
1,1,242973.7710167882,-0.7785,1.6046903,-0.31148398809115757
1,1,242978.7710175705,-0.7785,1.6044037,-0.3125655325998664
1,1,242983.77101835283,-0.7785,1.6040598,-0.3136470776966777
1,1,242988.77101913514,-0.7785,1.6036586,-0.31472862029554777
1,1,242993.77101991745,-0.7785,1.6036776,-0.31581016238296034
1,1,242998.77102069976,-0.7785,1.6033146,-0.3168917068343593
1,1,243003.77102148207,-0.7785,1.6030854,-0.3179732510787315
1,1,243008.77102226438,-0.7785,1.6027606,-0.3190547918502324
1,1,243013.7710230467,-0.7785,1.6026268,-0.32013633390002777
1,1,243018.771023829,-0.7785,1.6021682,-0.3212178793820606
1,1,243023.7710246113,-0.7785,1.6020535,-0.32229942295232744
1,1,243028.77102539362,-0.7785,1.6018243,-0.32338096726674503
1,1,243033.77102617593,-0.7785,1.6015568,-0.324462511745188
1,1,243038.77102695825,-0.7785,1.6012129,-0.32554405393084884
1,1,243043.77102774056,-0.7785,1.6010027,-0.32662559433779453
1,1,243048.77102852287,-0.7785,1.6006014,-0.3277071375478672
1,1,243053.77102930518,-0.7785,1.6004294,-0.3287886870059669
1,1,243058.7710300875,-0.7785,1.6001811,-0.3298702299013668
1,1,243063.7710308698,-0.7785,1.599818,-0.3309517771930794
1,1,243068.7710316521,-0.7785,1.5997608,-0.33203332341255415
1,1,243073.77103243442,-0.7785,1.5993022,-0.33311487340166834
1,1,243078.77103321673,-0.7785,1.5991302,-0.3341964201364749
1,1,243083.77103399904,-0.7785,1.59892,-0.33527796834443674
1,1,243088.77103478136,-0.7785,1.5986143,-0.3363595118902425
1,1,243093.77103556367,-0.7785,1.5983276,-0.3374410552165409
1,1,243098.77103634598,-0.7785,1.5980603,-0.3385226024980479
1,1,243103.7710371283,-0.7785,1.5978309,-0.33960415019215145
1,1,243108.7710379106,-0.7785,1.5977736,-0.3406856976325512
1,1,243113.7710386929,-0.7785,1.5972577,-0.3417672402109504
1,1,243118.77103947522,-0.7785,1.5968946,-0.34284878414194453
1,1,243123.77104025753,-0.7785,1.5966654,-0.3439303282941746
1,1,243128.77104103984,-0.7785,1.5962641,-0.34501187304612335
1,1,243133.77104182215,-0.7785,1.5960349,-0.3460934170415799
1,1,243138.77104260447,-0.7785,1.5956527,-0.3471749611518152
1,1,243143.77104338678,-0.7785,1.5954808,-0.3482565042302609
1,1,243148.7710441691,-0.7785,1.595175,-0.3493380455749234
1,1,243153.7710449514,-0.7785,1.5949075,-0.35041958982943494
1,1,243158.7710457337,-0.7785,1.5947928,-0.3515011353086862
1,1,243163.77104651602,-0.7785,1.5945063,-0.35258268029331163
1,1,243168.77104729833,-0.7785,1.5940859,-0.35366422346452203
1,1,243173.77104808064,-0.7785,1.5938948,-0.3547457691307266
1,1,243178.77104886295,-0.7785,1.5934936,-0.35582731234793524
1,1,243183.77104964526,-0.7785,1.5933981,-0.35690885690784446
1,1,243188.77105042757,-0.7785,1.5930732,-0.35799040126418064
1,1,243193.7710512099,-0.7785,1.5925956,-0.3590719473088515
1,1,243198.7710519922,-0.7785,1.5924618,-0.3601534956411188
1,1,243203.7710527745,-0.7785,1.5920796,-0.36123504183147004
1,1,243208.77105355682,-0.7785,1.5918121,-0.36231659221117346
1,1,243213.77105433913,-0.7785,1.5916593,-0.36339813466939974
1,1,243218.77105512144,-0.7785,1.5912007,-0.36447967526915653
1,1,243223.77105590375,-0.7785,1.5910861,-0.3655612158920929
1,1,243228.77105668606,-0.7785,1.590723,-0.3666427538700731
1,1,243233.77105746837,-0.7785,1.5903791,-0.36772429562460696
1,1,243238.77105825068,-0.7785,1.5901308,-0.3688058385491104
1,1,243243.771059033,-0.7785,1.5897295,-0.36988737957351053
1,1,243248.7710598153,-0.7785,1.5895766,-0.37096891723053965
1,1,243253.77106059762,-0.7785,1.5891181,-0.3720504528471693
1,1,243258.77106137993,-0.7785,1.5888888,-0.37313198947885284
1,1,243263.77106216224,-0.7785,1.5886977,-0.3742135302340883
1,1,243268.77106294455,-0.7785,1.5883538,-0.37529507010973806
1,1,243273.77106372686,-0.7785,1.5880672,-0.37637660675416373
1,1,243278.77106450917,-0.7785,1.5878761,-0.37745814822006873
1,1,243283.77106529148,-0.7785,1.5873411,-0.37853968948176486
1,1,243288.7710660738,-0.7785,1.5871692,-0.37962123523887975
1,1,243293.7710668561,-0.7785,1.586787,-0.3807027771812775
1,1,243298.77106763842,-0.7785,1.5865387,-0.38178432164725645
1,1,243303.77106842073,-0.7785,1.5861948,-0.38286586442560605
1,1,243308.77106920304,-0.7785,1.5857552,-0.38394740466669186
1,1,243313.77106998535,-0.7785,1.5856979,-0.3850289414116308
1,1,243318.77107076766,-0.7785,1.5854304,-0.3861104786955812
1,1,243323.77107154997,-0.7785,1.5849146,-0.38719202156010585
1,1,243328.77107233228,-0.7785,1.5847044,-0.3882735618647865
1,1,243333.7710731146,-0.7785,1.5845324,-0.38935510323867517
1,1,243338.7710738969,-0.7785,1.5840547,-0.3904366437433758
1,1,243343.7710746792,-0.7785,1.5838445,-0.39151818681920886
1,1,243348.77107546153,-0.7785,1.5835197,-0.39259972563682316
1,1,243353.77107624384,-0.7785,1.5830994,-0.39368126513844715
1,1,243358.77107702615,-0.7785,1.5828319,-0.39476280305973677
1,1,243363.77107780846,-0.7785,1.582488,-0.39584434258239126
1,1,243368.77107859077,-0.7785,1.5821631,-0.3969258828497495
1,1,243373.77107937308,-0.7785,1.5818765,-0.3980074176456828
1,1,243378.7710801554,-0.7785,1.5815517,-0.3990889550409515
1,1,243383.7710809377,-0.7785,1.5812078,-0.4001704925661351
1,1,243388.77108172,-0.7785,1.5807683,-0.4012520237188604
1,1,243393.77108250232,-0.7785,1.5804435,-0.4023335625915626
1,1,243398.77108328464,-0.7785,1.5803288,-0.4034151013610462
1,1,243403.77108406695,-0.7785,1.5799466,-0.40449663932362195
1,1,243408.77108484926,-0.7785,1.5794882,-0.4055781750153667
1,1,243413.77108563157,-0.7785,1.5790486,-0.40665970592961703
1,1,243418.77108641388,-0.7785,1.5788767,-0.40774123968395914
1,1,243423.7710871962,-0.7785,1.5785519,-0.40882277544192797
1,1,243428.7710879785,-0.7785,1.578227,-0.40990430945326545
1,1,243433.7710887608,-0.7785,1.5777494,-0.410985844973266
1,1,243438.77108954312,-0.7785,1.5775201,-0.41206737931423704
1,1,243443.77109032543,-0.7785,1.5770042,-0.413148915621966
1,1,243448.77109110774,-0.7785,1.5767558,-0.41423045580475515
1,1,243453.77109189006,-0.7785,1.5764692,-0.4153119961435264
1,1,243458.77109267237,-0.7785,1.576259,-0.41639353726967165
1,1,243463.77109345468,-0.7785,1.5758004,-0.41747507905068654
1,1,243468.771094237,-0.7785,1.5756285,-0.41855662261678767
1,1,243473.7710950193,-0.7785,1.5752082,-0.4196381658275226
1,1,243478.7710958016,-0.7785,1.5749024,-0.4207197118883662
1,1,243483.77109658392,-0.7785,1.5745585,-0.42180125969360266
1,1,243488.77109736623,-0.7785,1.5741955,-0.4228828011830515
1,1,243493.77109814854,-0.7785,1.5738897,-0.4239643402640157
1,1,243498.77109893085,-0.7785,1.5736032,-0.42504588270081745
1,1,243503.77109971317,-0.7785,1.5732592,-0.4261274231048425
1,1,243508.77110049548,-0.7785,1.572858,-0.4272089661436279
1,1,243513.7711012778,-0.7785,1.5725714,-0.4282905117306212
1,1,243518.7711020601,-0.7785,1.5722466,-0.42937205287999575
1,1,243523.7711028424,-0.7785,1.571979,-0.4304535965528521
1,1,243528.77110362472,-0.7785,1.5715396,-0.43153514051008884
1,1,243533.77110440703,-0.7785,1.571253,-0.43261668326435154
1,1,243538.77110518934,-0.7785,1.5708517,-0.43369821987737217
1,1,243543.77110597165,-0.7785,1.5705651,-0.4347797572289937
1,1,243548.77110675396,-0.7785,1.5702021,-0.43586129436738624
1,1,243553.77110753627,-0.7785,1.569839,-0.43694283311216037
1,1,243558.7711083186,-0.7785,1.5695715,-0.43802437375827297
1,1,243563.7711091009,-0.7785,1.5692276,-0.4391059151672257
1,1,243568.7711098832,-0.7785,1.5688837,-0.440187455588801
1,1,243573.77111066552,-0.7785,1.5683678,-0.4412689908089472
1,1,243578.77111144783,-0.7785,1.5681577,-0.44235053038462663
1,1,243583.77111223014,-0.7785,1.5677946,-0.44343206970132387
1,1,243588.77111301245,-0.7785,1.5674697,-0.4445136118364731
1,1,243593.77111379476,-0.7785,1.566973,-0.44559515128176735
1,1,243598.77111457707,-0.7785,1.5667247,-0.4466766912768052
1,1,243603.77111535938,-0.7785,1.5662278,-0.447758236861007
1,1,243608.7711161417,-0.7785,1.565903,-0.4488397830697794
1,1,243613.771116924,-0.7785,1.5656164,-0.44992132675589447
1,1,243618.77111770632,-0.7785,1.5651387,-0.4510028717792497
1,1,243623.77111848863,-0.7785,1.5649285,-0.45208441744120575
1,1,243628.77111927094,-0.7785,1.5644126,-0.4531659635299145
1,1,243633.77112005325,-0.7785,1.564126,-0.4542475077774822
1,1,243638.77112083556,-0.7785,1.5635337,-0.4553290510820613
1,1,243643.77112161787,-0.7785,1.5633618,-0.4564105992126629
1,1,243648.77112240018,-0.7785,1.5628841,-0.45749214638175223
1,1,243653.7711231825,-0.7785,1.5625211,-0.45857369229867045
1,1,243658.7711239648,-0.7785,1.5621963,-0.4596552361480029
1,1,243663.77112474712,-0.7785,1.5617759,-0.46073677774149824
1,1,243668.77112552943,-0.7785,1.5613555,-0.4618183211304378
1,1,243673.77112631174,-0.7785,1.5608778,-0.4628998700574999
1,1,243678.77112709405,-0.7785,1.5606295,-0.46398142279145765
1,1,243683.77112787636,-0.7785,1.5602282,-0.4650629717137944
1,1,243688.77112865867,-0.7785,1.5597314,-0.466144517526282
1,1,243693.77112944098,-0.7785,1.5594448,-0.4672260658536386
1,1,243698.7711302233,-0.7785,1.5591773,-0.4683076137366458
1,1,243703.7711310056,-0.7785,1.5585468,-0.4693891589690809
1,1,243708.77113178791,-0.7785,1.558394,-0.4704707032641369
1,1,243713.77113257023,-0.7785,1.5580308,-0.4715522540853618
1,1,243718.77113335254,-0.7785,1.5574386,-0.4726338038241365
1,1,243723.77113413485,-0.7785,1.5572475,-0.4737153503725196
1,1,243728.77113491716,-0.7785,1.5569227,-0.4747968931559786
1,1,243733.77113569947,-0.7785,1.556445,-0.47587843821702386
1,1,243738.77113648178,-0.7785,1.5560055,-0.47695997930201545
1,1,243743.7711372641,-0.7785,1.5557572,-0.4780415178429516
1,1,243748.7711380464,-0.7785,1.5552603,-0.47912305903416197
1,1,243753.7711388287,-0.7785,1.5548592,-0.4802046002548336
1,1,243758.77113961102,-0.7785,1.5545534,-0.4812861404983632
1,1,243763.77114039334,-0.7785,1.554114,-0.482367685544302
1,1,243768.77114117565,-0.7785,1.5536745,-0.4834492236573099
1,1,243773.77114195796,-0.7785,1.553235,-0.48453076814840557
1,1,243778.77114274027,-0.7785,1.5526809,-0.4856123106589151
1,1,243783.77114352258,-0.7785,1.5524707,-0.48669385510465163
1,1,243788.7711443049,-0.7785,1.5521841,-0.4877753950995107
1,1,243793.7711450872,-0.7785,1.5515153,-0.48885693574930555
1,1,243798.7711458695,-0.7785,1.5512288,-0.4899384791516297
1,1,243803.77114665182,-0.7785,1.550732,-0.49102002316613985
1,1,243808.77114743413,-0.7785,1.5503689,-0.49210156922816894
1,1,243813.77114821644,-0.7785,1.5499104,-0.493183112389379
1,1,243818.77114899876,-0.7785,1.5495282,-0.49426465577820267
1,1,243823.77114978107,-0.7785,1.5490887,-0.49534620139964747
1,1,243828.77115056338,-0.7785,1.5487257,-0.4964277450832393
1,1,243833.7711513457,-0.7785,1.548229,-0.4975092898128496
1,1,243838.771152128,-0.7785,1.5478277,-0.4985908347687423
1,1,243843.7711529103,-0.7785,1.5474647,-0.4996723744371334
1,1,243848.77115369262,-0.7785,1.5470635,-0.5007539163454671
1,1,243853.77115447493,-0.7785,1.5465666,-0.5018354573747449
1,1,243858.77115525724,-0.7785,1.5462036,-0.5029169979426066
1,1,243863.77115603955,-0.7785,1.5457641,-0.5039985381502012
1,1,243868.77115682187,-0.7785,1.5454584,-0.5050800794722173
1,1,243873.77115760418,-0.7785,1.5447897,-0.5061616224970553
1,1,243878.7711583865,-0.7785,1.5444648,-0.5072431652578182
1,1,243883.7711591688,-0.7785,1.5440445,-0.5083247126450141
1,1,243888.7711599511,-0.7785,1.5434521,-0.5094062578295104
1,1,243893.77116073342,-0.7785,1.5431465,-0.5104878017917374
1,1,243898.77116151573,-0.7785,1.5428599,-0.5115693507254818
1,1,243903.77116229804,-0.7785,1.5423249,-0.5126508969445095
1,1,243908.77116308035,-0.7785,1.5417899,-0.5137324465946256
1,1,243913.77116386266,-0.7785,1.5413696,-0.5148139948373469
1,1,243918.77116464498,-0.7785,1.5409874,-0.5158955423946545
1,1,243923.7711654273,-0.7785,1.5405097,-0.5169770890831946
1,1,243928.7711662096,-0.7785,1.5400511,-0.5180586330524649
1,1,243933.7711669919,-0.7785,1.5396881,-0.5191401781719028
1,1,243938.77116777422,-0.7785,1.5392295,-0.5202217272904416
1,1,243943.77116855653,-0.7785,1.5386564,-0.5213032764981025
1,1,243948.77116933884,-0.7785,1.5381595,-0.5223848280976945
1,1,243953.77117012115,-0.7785,1.5375673,-0.5234663791515464
1,1,243958.77117090346,-0.7785,1.5372424,-0.5245479286905594
1,1,243963.77117168577,-0.7785,1.5367265,-0.5256294738057323
1,1,243968.77117246808,-0.7785,1.5361724,-0.5267110207591489
1,1,243973.7711732504,-0.7785,1.5359622,-0.527792571295841
1,1,243978.7711740327,-0.7785,1.5354655,-0.5288741170699797
1,1,243983.77117481502,-0.7785,1.5350069,-0.5299556624584796
1,1,243988.77117559733,-0.7785,1.5343764,-0.5310372071195313
1,1,243993.77117637964,-0.7785,1.5339942,-0.5321187523967956
1,1,243998.77117716195,-0.7785,1.5336503,-0.5332002974174852
1,1,244003.77117794426,-0.7785,1.5330962,-0.5342818418354724
1,1,244008.77117872657,-0.7785,1.5326185,-0.5353633868389727
1,1,244013.77117950888,-0.7785,1.5321981,-0.5364449328683815
1,1,244018.7711802912,-0.7785,1.5317396,-0.5375264768482679
1,1,244023.7711810735,-0.7785,1.5311663,-0.5386080224451987
1,1,244028.77118185582,-0.7785,1.530574,-0.5396895667063529
1,1,244033.77118263813,-0.7785,1.5300581,-0.5407711104339694
1,1,244038.77118342044,-0.7785,1.5296378,-0.5418526579501663
1,1,244043.77118420275,-0.7785,1.5291983,-0.5429342025100027
1,1,244048.77118498506,-0.7785,1.5286059,-0.5440157483603194
1,1,244053.77118576737,-0.7785,1.5280519,-0.5450972939288915
1,1,244058.77118654968,-0.7785,1.5277462,-0.5461788397218089
1,1,244063.771187332,-0.7785,1.5273259,-0.5472603845948578
1,1,244068.7711881143,-0.7785,1.5265998,-0.5483419275750784
1,1,244073.77118889662,-0.7785,1.526103,-0.5494234719012082
1,1,244078.77118967893,-0.7785,1.5255871,-0.5505050143858791
1,1,244083.77119046124,-0.7785,1.5252432,-0.5515865532517268
1,1,244088.77119124355,-0.7785,1.5245935,-0.5526680974062814
1,1,244093.77119202586,-0.7785,1.5240012,-0.5537496459115314
1,1,244098.77119280817,-0.7785,1.5237145,-0.5548311915437282
1,1,244103.77119359048,-0.7785,1.5229312,-0.5559127407954535
1,1,244108.7711943728,-0.7785,1.52253,-0.5569942887783416
1,1,244113.7711951551,-0.7785,1.521995,-0.5580758343188101
1,1,244118.7711959374,-0.7785,1.5213645,-0.5591573771422804
1,1,244123.77119671972,-0.7785,1.5208676,-0.560238920288288
1,1,244128.77119750204,-0.7785,1.5205237,-0.5613204628055428
1,1,244133.77119828435,-0.7785,1.5198549,-0.5624020043221349
1,1,244138.77119906666,-0.7785,1.5194538,-0.5634835442674824
1,1,244143.77119984897,-0.7785,1.5188805,-0.5645650834967099
1,1,244148.77120063128,-0.7785,1.5182691,-0.5656466250167027
1,1,244153.7712014136,-0.7785,1.5175239,-0.5667281673659915
1,1,244158.7712021959,-0.7785,1.5172373,-0.5678097101495665
1,1,244163.7712029782,-0.7785,1.5167978,-0.5688912521216374
1,1,244168.77120376052,-0.7785,1.5160718,-0.5699727926583787
1,1,244173.77120454283,-0.7785,1.5155941,-0.571054333602263
1,1,244178.77120532515,-0.7785,1.5149635,-0.5721358730801643
1,1,244183.77120610746,-0.7785,1.5145814,-0.5732174149788123
1,1,244188.77120688977,-0.7785,1.5138363,-0.5742989544244642
1,1,244193.77120767208,-0.7785,1.5133777,-0.5753804953669311
1,1,244198.7712084544,-0.7785,1.5128809,-0.5764620352634823
1,1,244203.7712092367,-0.7785,1.5123267,-0.5775435760441193
1,1,244208.771210019,-0.7785,1.511849,-0.57862511457283
1,1,244213.77121080132,-0.7785,1.5111995,-0.5797066539616952
1,1,244218.77121158363,-0.7785,1.5108364,-0.5807881961012552
1,1,244223.77121236594,-0.7785,1.5100721,-0.5818697383564946
1,1,244228.7712131478,-0.7785,1.5095944,-0.5829512801070449
1,1,244233.7712139301,-0.7785,1.5088302,-0.5840328228841958
1,1,244238.7712147124,-0.7785,1.5082188,-0.5851143651635916
1,1,244243.77121549472,-0.7785,1.507722,-0.5861959065929788
1,1,244248.77121627703,-0.7785,1.5069768,-0.5872774492368306
1,1,244253.77121705934,-0.7785,1.5064418,-0.5883589906425846
1,1,244258.77121784166,-0.7785,1.505754,-0.5894405288623378
1,1,244263.77121862397,-0.7785,1.5050088,-0.5905220728638144
1,1,244268.77121940628,-0.7785,1.5046266,-0.5916036099388472
1,1,244273.7712201886,-0.7785,1.5039005,-0.592685152254062
1,1,244278.7712209709,-0.7785,1.5031744,-0.5937666896708976
1,1,244283.7712217532,-0.7785,1.5027541,-0.5948482280740246
1,1,244288.77122253552,-0.7785,1.5020663,-0.5959297638093967
1,1,244293.77122331783,-0.7785,1.5015504,-0.5970113005432955
1,1,244298.77122410014,-0.7785,1.500767,-0.598092839228571
1,1,244303.77122488245,-0.7785,1.4999835,-0.5991743758264753
1,1,244308.77122566476,-0.7785,1.4995251,-0.6002559118532974
1,1,244313.77122644708,-0.7785,1.4989518,-0.6013374499143699
1,1,244318.7712272294,-0.7785,1.498436,-0.6024189885736477
1,1,244323.7712280117,-0.7785,1.4976525,-0.6035005276881826
1,1,244328.771228794,-0.7785,1.4970602,-0.6045820671327384
1,1,244333.77122957632,-0.7785,1.4964297,-0.6056636062469156
1,1,244338.77123035863,-0.7785,1.4956654,-0.6067451457671494
1,1,244343.77123114094,-0.7785,1.4949776,-0.6078266837999593
1,1,244348.77123192325,-0.7785,1.4944807,-0.608908219941633
1,1,244353.77123270556,-0.7785,1.4937356,-0.6099897572172983
1,1,244358.77123348787,-0.7785,1.4929713,-0.6110712959855104
1,1,244363.77123427019,-0.7785,1.49257,-0.6121528364743329
1,1,244368.7712350525,-0.7785,1.4918631,-0.6132343768898981
1,1,244373.7712358348,-0.7785,1.4913472,-0.6143159191439752
1,1,244378.77123661712,-0.7785,1.4906784,-0.6153974613214173
1,1,244383.77123739943,-0.7785,1.4897422,-0.6164790030090516
1,1,244388.77123818174,-0.7785,1.4892263,-0.6175605448056829
1,1,244393.77123896405,-0.7785,1.4884621,-0.6186420870859893
1,1,244398.77123974636,-0.7785,1.4878315,-0.6197236262259257
1,1,244403.77124052867,-0.7785,1.4872774,-0.6208051632959484
1,1,244408.77124131098,-0.7785,1.4865131,-0.6218867003175688
1,1,244413.7712420933,-0.7785,1.4858634,-0.6229682373682465
1,1,244418.7712428756,-0.7785,1.4849654,-0.624049773615821
1,1,244423.77124365792,-0.7785,1.4841629,-0.6251313092581204
1,1,244428.77124444023,-0.7785,1.4833032,-0.6262128479874404
1,1,244433.77124522254,-0.7785,1.4828637,-0.6272943861938455
1,1,244438.77124600485,-0.7785,1.4819466,-0.6283759253834722
1,1,244443.77124678716,-0.7785,1.4812396,-0.6294574618291263
1,1,244448.77124756947,-0.7785,1.4805517,-0.6305389973125329
1,1,244453.77124835178,-0.7785,1.4797492,-0.6316205335886582
1,1,244458.7712491341,-0.7785,1.4788321,-0.6327020713031892
1,1,244463.7712499164,-0.7785,1.47845,-0.6337836083303363
1,1,244468.77125069872,-0.7785,1.4776284,-0.6348651467010317
1,1,244473.77125148103,-0.7785,1.4768068,-0.635946684975035
1,1,244478.77125226334,-0.7785,1.476138,-0.6370282222035664
1,1,244483.77125304565,-0.7785,1.4753546,-0.6381097606668013
1,1,244488.77125382796,-0.7785,1.4745139,-0.6391913020782243
1,1,244493.77125461027,-0.7785,1.4738451,-0.6402728438587987
1,1,244498.77125539258,-0.7785,1.4731764,-0.6413543811032577
1,1,244503.7712561749,-0.7785,1.4724694,-0.6424359201074644
1,1,244508.7712569572,-0.7785,1.4716287,-0.6435174584036275
1,1,244513.7712577395,-0.7785,1.470788,-0.6445989940620499
1,1,244518.77125852183,-0.7785,1.4699281,-0.6456805327126554
1,1,244523.77125930414,-0.7785,1.4691448,-0.6467620702152422
1,1,244528.77126008645,-0.7785,1.468476,-0.6478436106560069
1,1,244533.77126086876,-0.7785,1.4676162,-0.6489251497622303
1,1,244538.77126165107,-0.7785,1.4669284,-0.6500066884521581
1,1,244543.77126243338,-0.7785,1.466145,-0.6510882282565539
1,1,244548.7712632157,-0.7785,1.4653425,-0.6521697634114065
1,1,244553.771263998,-0.7785,1.46454,-0.6532513001952209
1,1,244558.7712647803,-0.7785,1.4636037,-0.654332841860467
1,1,244563.77126556262,-0.7785,1.4629159,-0.6554143822969866
1,1,244568.77126634493,-0.7785,1.4619796,-0.6564959248739917
1,1,244573.77126712725,-0.7785,1.4612345,-0.657577463152886
1,1,244578.77126790956,-0.7785,1.4603938,-0.6586590072003079
1,1,244583.77126869187,-0.7785,1.4596294,-0.6597405511053309
1,1,244588.77126947418,-0.7785,1.4585786,-0.6608220888153982
1,1,244593.7712702565,-0.7785,1.4576042,-0.6619036374438774
1,1,244598.7712710388,-0.7785,1.4567825,-0.6629851821285723
1,1,244603.7712718211,-0.7785,1.4559227,-0.6640667267336486
1,1,244608.77127260342,-0.7785,1.4551202,-0.6651482717789052
1,1,244613.77127338573,-0.7785,1.4543368,-0.6662298129082559
1,1,244618.77127416804,-0.7785,1.4535344,-0.6673113531974559
1,1,244623.77127495036,-0.7785,1.4524834,-0.6683928947059153
1,1,244628.77127573267,-0.7785,1.4515281,-0.6694744355424681
1,1,244633.77127651498,-0.7785,1.4506491,-0.6705559780775678
1,1,244638.7712772973,-0.7785,1.449923,-0.6716375184171338
1,1,244643.7712780796,-0.7785,1.4487766,-0.6727190587935089
1,1,244648.7712788619,-0.7785,1.4477831,-0.6738006071799436
1,1,244653.77127964422,-0.7785,1.4469615,-0.674882159867923
1,1,244658.77128042653,-0.7785,1.445987,-0.6759637014346724
1,1,244663.77128120884,-0.7785,1.4450507,-0.6770452422541849
1,1,244668.77128199115,-0.7785,1.4441527,-0.6781267929811815
1,1,244673.77128277346,-0.7785,1.443312,-0.679208344039815
1,1,244678.77128355578,-0.7785,1.4423375,-0.6802898963269366
1,1,244683.7712843381,-0.7785,1.4414778,-0.6813714449769099
1,1,244688.7712851204,-0.7785,1.4405224,-0.6824529886329446
1,1,244693.7712859027,-0.7785,1.4393951,-0.6835345325767371
1,1,244698.77128668502,-0.7785,1.4386499,-0.6846160760588719
1,1,244703.77128746733,-0.7785,1.437771,-0.6856976229974833
1,1,244708.77128824964,-0.7785,1.4366628,-0.6867791704470025
1,1,244713.77128903195,-0.7785,1.4356883,-0.6878607135855529
1,1,244718.77128981426,-0.7785,1.4346757,-0.6889422602696955
1,1,244723.77129059657,-0.7785,1.4338158,-0.6900238113588764
1,1,244728.7712913789,-0.7785,1.4327077,-0.6911053592552251
1,1,244733.7712921612,-0.7785,1.4316758,-0.6921869028435952
1,1,244738.7712929435,-0.7785,1.4306823,-0.6932684493963162
1,1,244743.77129372582,-0.7785,1.4296123,-0.6943499967851281
1,1,244748.77129450813,-0.7785,1.4284849,-0.6954315402165889
1,1,244753.77129529044,-0.7785,1.4274914,-0.6965130830440726
1,1,244758.77129607275,-0.7785,1.4263641,-0.6975946294455369
1,1,244763.77129685506,-0.7785,1.4257144,-0.698676171196213
1,1,244768.77129763737,-0.7785,1.4244343,-0.6997577156935936
1,1,244773.77129841968,-0.7785,1.4234407,-0.7008392641513783
1,1,244778.771299202,-0.7785,1.4222369,-0.7019208171935153
1,1,244783.7712999843,-0.7785,1.4213389,-0.7030023700884652
1,1,244788.77130076662,-0.7785,1.4202498,-0.7040839231675073
1,1,244793.77130154893,-0.7785,1.419046,-0.705165468568246
1,1,244798.77130233124,-0.7785,1.418129,-0.7062470167878837
1,1,244803.77130311355,-0.7785,1.4168488,-0.7073285627290113
1,1,244808.77130389586,-0.7785,1.4157788,-0.7084101071027818
1,1,244813.77130467817,-0.7785,1.4146706,-0.7094916641314861
1,1,244818.77130546048,-0.7785,1.4135432,-0.7105732112609284
1,1,244823.7713062428,-0.7785,1.4123204,-0.7116547638674614
1,1,244828.7713070251,-0.7785,1.4110975,-0.7127363103029599
1,1,244833.77130780742,-0.7785,1.4100658,-0.7138178531092144
1,1,244838.77130858973,-0.7785,1.4089575,-0.7148993953686427
1,1,244843.77130937204,-0.7785,1.407811,-0.715980934161637
1,1,244848.77131015435,-0.7785,1.4066074,-0.7170624724055797
1,1,244853.77131093666,-0.7785,1.405461,-0.7181440109725069
1,1,244858.77131171897,-0.7785,1.4042763,-0.7192255506497096
1,1,244863.77131250128,-0.7785,1.4028623,-0.7203070909397242
1,1,244868.7713132836,-0.7785,1.4016395,-0.7213886275832657
1,1,244873.7713140659,-0.7785,1.4005886,-0.722470169072943
1,1,244878.7713148482,-0.7785,1.3992894,-0.7235517112596834
1,1,244883.77131563053,-0.7785,1.398162,-0.724633253467441
1,1,244888.77131641284,-0.7785,1.3970156,-0.7257148002304505
1,1,244893.77131719515,-0.7785,1.395659,-0.7267963406749769
1,1,244898.77131797746,-0.7785,1.3946081,-0.7278778803352585
1,1,244903.77131875977,-0.7785,1.3932897,-0.7289594225482017
1,1,244908.77131954208,-0.7785,1.3918757,-0.7300409662792421
1,1,244913.7713203244,-0.7785,1.3907676,-0.7311225146016581
1,1,244918.7713211067,-0.7785,1.3892772,-0.7322040676398412
1,1,244923.771321889,-0.7785,1.387997,-0.7332856119820743
1,1,244928.77132267132,-0.7785,1.3866787,-0.7343671566070321
1,1,244933.77132345363,-0.7785,1.3853602,-0.7354487002382745
1,1,244938.77132423595,-0.7785,1.3838891,-0.736530251128644
1,1,244943.77132501826,-0.7785,1.3825898,-0.7376118081299301
1,1,244948.77132580057,-0.7785,1.3812904,-0.7386933571276104
1,1,244953.77132658288,-0.7785,1.3799148,-0.7397749039661919
1,1,244958.7713273652,-0.7785,1.3785008,-0.7408564546477465
1,1,244963.7713281475,-0.7785,1.3773736,-0.741938008058419
1,1,244968.7713289298,-0.7785,1.375845,-0.7430195526884995
1,1,244973.77132971212,-0.7785,1.3743737,-0.744101099569407
1,1,244978.77133049443,-0.7785,1.3729789,-0.745182645601349
1,1,244983.77133127674,-0.7785,1.3714312,-0.7462641908037797
1,1,244988.77133205906,-0.7785,1.3699409,-0.7473457359712523
1,1,244993.77133284137,-0.7785,1.3685843,-0.7484272830338645
1,1,244998.77133362368,-0.7785,1.3670748,-0.749508837403536
1,1,245003.771334406,-0.7785,1.3657947,-0.7505903942232796
1,1,245008.7713351883,-0.7785,1.3642852,-0.7516719457711513
1,1,245013.7713359706,-0.7785,1.3625847,-0.7527534933733147
1,1,245018.77133675292,-0.7785,1.3611898,-0.7538350385008886
1,1,245023.77133753523,-0.7785,1.3597186,-0.7549165914022428
1,1,245028.77133831754,-0.7785,1.3583429,-0.755998142667456
1,1,245033.77133909985,-0.7785,1.3567379,-0.7570797000022069
1,1,245038.77133988217,-0.7785,1.355152,-0.7581612545543415
1,1,245043.77134066448,-0.7785,1.3535279,-0.759242798815095
1,1,245048.7713414468,-0.7785,1.3520185,-0.7603243451416859
1,1,245053.7713422291,-0.7785,1.3504517,-0.7614058921409417
1,1,245058.7713430114,-0.7785,1.348904,-0.7624874406792655
1,1,245063.77134379372,-0.7785,1.3473946,-0.7635689821822843
1,1,245068.77134457603,-0.7785,1.3455794,-0.7646505243578322
1,1,245073.77134535834,-0.7785,1.3440317,-0.7657320668319332
1,1,245078.77134614065,-0.7785,1.3424076,-0.7668136091293859
1,1,245083.77134692296,-0.7785,1.3406688,-0.767895151672115
1,1,245088.77134770527,-0.7785,1.3390639,-0.7689767001964484
1,1,245093.7713484876,-0.7785,1.337287,-0.7700582451894913
1,1,245098.7713492699,-0.7785,1.3357966,-0.7711397882380188
1,1,245103.7713500522,-0.7785,1.3339814,-0.7722213322284818
1,1,245108.77135083452,-0.7785,1.3322045,-0.7733028790138762
1,1,245113.77135161683,-0.7785,1.330504,-0.7743844276169572
1,1,245118.77135239914,-0.7785,1.3286887,-0.7754659859013194
1,1,245123.77135318145,-0.7785,1.3270837,-0.7765475473701723
1,1,245128.77135396376,-0.7785,1.3250775,-0.7776291047062941
1,1,245133.77135474607,-0.7785,1.3233961,-0.7787106593280138
1,1,245138.77135552838,-0.7785,1.3217146,-0.7797922132979368
1,1,245143.7713563107,-0.7785,1.3197275,-0.780873766213851
1,1,245148.771357093,-0.7785,1.318027,-0.7819553195168277
1,1,245153.77135787532,-0.7785,1.3163265,-0.7830368688751195
1,1,245158.77135865763,-0.7785,1.3144349,-0.7841184180324774
1,1,245163.77135943994,-0.7785,1.312505,-0.7851999699712529
1,1,245168.77136022225,-0.7785,1.3106898,-0.7862815269074176
1,1,245173.77136100456,-0.7785,1.3088938,-0.7873630801281499
1,1,245178.77136178687,-0.7785,1.3069831,-0.788444626647446
1,1,245183.77136256918,-0.7785,1.3050342,-0.7895261761352785
1,1,245188.7713633515,-0.7785,1.3031616,-0.790607725610455
1,1,245193.7713641338,-0.7785,1.301079,-0.7916892773236832
1,1,245198.77136491612,-0.7785,1.2991874,-0.792770827225109
1,1,245203.77136569843,-0.7785,1.297143,-0.7938523797264464
1,1,245208.77136648074,-0.7785,1.2953659,-0.7949339288546708
1,1,245213.77136726305,-0.7785,1.2932833,-0.7960154839713408
1,1,245218.77136804536,-0.7785,1.2912961,-0.7970970436302026
1,1,245223.77136882767,-0.7785,1.2892135,-0.7981786046209269
1,1,245228.77136960998,-0.7785,1.2870544,-0.7992601578330066
1,1,245233.7713703923,-0.7785,1.2850673,-0.8003417089070611
1,1,245238.7713711746,-0.7785,1.2830993,-0.8014232601525684
1,1,245243.77137195691,-0.7785,1.2806917,-0.8025048095169365
1,1,245248.77137273923,-0.7785,1.2786856,-0.8035863606165746
1,1,245253.77137352154,-0.7785,1.2764118,-0.8046679143519269
1,1,245258.77137430385,-0.7785,1.2741953,-0.8057494774497018
1,1,245263.77137508616,-0.7785,1.2719216,-0.8068310333572128
1,1,245268.77137586847,-0.7785,1.2699345,-0.807912579395059
1,1,245273.77137665078,-0.7785,1.267527,-0.8089941262402236
1,1,245278.7713774331,-0.7785,1.2652341,-0.8100756667642328
1,1,245283.7713782154,-0.7785,1.2630178,-0.8111572086158958
1,1,245288.7713789977,-0.7785,1.2605911,-0.8122387584543891
1,1,245293.77137978002,-0.7785,1.2582028,-0.8133203114701113
1,1,245298.77138056234,-0.7785,1.2556806,-0.814401862339702
1,1,245303.77138134465,-0.7785,1.2531775,-0.8154834074353444
1,1,245308.77138212696,-0.7785,1.2510376,-0.8165649524900583
1,1,245313.77138290927,-0.7785,1.2484199,-0.817646497337305
1,1,245318.77138369158,-0.7785,1.2458978,-0.8187280454664199
1,1,245323.7713844739,-0.7785,1.2435285,-0.8198095881897776
1,1,245328.7713852562,-0.7785,1.241121,-0.8208911286195617
1,1,245333.7713860385,-0.7785,1.2384269,-0.8219726723277636
1,1,245338.77138682082,-0.7785,1.2358856,-0.8230542175207338
1,1,245343.77138760313,-0.7785,1.2333444,-0.8241357623896335
1,1,245348.77138838544,-0.7785,1.2306695,-0.8252173119632834
1,1,245353.77138916776,-0.7785,1.2281282,-0.8262988608478176
1,1,245358.77138995007,-0.7785,1.2256252,-0.8273804059680535
1,1,245363.77139073238,-0.7785,1.2227209,-0.828461952333957
1,1,245368.7713915147,-0.7785,1.2200459,-0.8295435025260913
1,1,245373.771392297,-0.7785,1.217562,-0.8306250450536047
1,1,245378.7713930793,-0.7785,1.214868,-0.8317065864584778
1,1,245383.77139386162,-0.7785,1.2120401,-0.8327881256811918
1,1,245388.77139464393,-0.7785,1.209537,-0.8338696679432162
1,1,245393.77139542624,-0.7785,1.2067856,-0.8349512111428017
1,1,245398.77139620855,-0.7785,1.2040151,-0.836032751694431
1,1,245403.77139699087,-0.7785,1.2013592,-0.8371142921587297
1,1,245406.20179737196,-0.7785,1.2000408,-0.8376400051555768
1,1,245406.20199737197,-0.7785,1.2000217,-0.8376400484150385
1,2,245406.20279737195,0.7785,1.2787206,8.589786622259352e-08
1,2,245411.20279815432,0.7785,1.4609096,0.0010811356794900363
1,2,245416.20279893663,0.7785,1.5217274,0.0021621846708887154
1,2,245421.20279971894,0.7785,1.5681958,0.0032432351448436576
1,2,245426.20280050125,0.7785,1.6074609,0.004324277448190583
1,2,245431.20280128357,0.7785,1.6422739,0.00540532241748439
1,2,245436.20280206588,0.7785,1.674049,0.006486361982021067
1,2,245441.2028028482,0.7785,1.7031108,0.007567411999573311
1,2,245446.2028036305,0.7785,1.730434,0.008648454492092133
1,2,245451.2028044128,0.7785,1.7560948,0.009729496822115448
1,2,245456.20280519512,0.7785,1.7807811,0.010810539236386616
1,2,245461.20280597743,0.7785,1.804321,0.011891585823022657
1,2,245466.20280675974,0.7785,1.8267145,0.012972634541147285
1,2,245471.20280754205,0.7785,1.8486303,0.014053681207329034
1,2,245476.20280832436,0.7785,1.8695334,0.015134725955337285
1,2,245481.20280910667,0.7785,1.8897105,0.01621577600152956
1,2,245486.202809889,0.7785,1.9092761,0.017296825595375563
1,2,245491.2028106713,0.7785,1.9277718,0.01837787850029932
1,2,245496.2028114536,0.7785,1.946,0.01945892548394203
1,2,245501.20281223592,0.7785,1.9630817,0.02053997097992897
1,2,245506.20281301823,0.7785,1.9795902,0.021621016195022397
1,2,245511.20281380054,0.7785,1.9953727,0.022702065671821436
1,2,245516.20281458285,0.7785,2.010238,0.023783116531236305
1,2,245521.20281536516,0.7785,2.0245492,0.02486416649181975
1,2,245526.20281614747,0.7785,2.0379431,0.025945218358616032
1,2,245531.20281692978,0.7785,2.0508597,0.027026270731495484
1,2,245536.2028177121,0.7785,2.0629354,0.028107319685151178
1,2,245541.2028184944,0.7785,2.074495,0.0291883697650267
1,2,245546.20281927648,0.7785,2.085558,0.030269423539963033
1,2,245551.2028200588,0.7785,2.0956466,0.031350478570924864
1,2,245556.2028208411,0.7785,2.1054294,0.03243153088805742
1,2,245561.20282162342,0.7785,2.1146772,0.03351257872515917
1,2,245566.20282240573,0.7785,2.1234093,0.03459362795555592
1,2,245571.20282318804,0.7785,2.1316633,0.03567467317045729
1,2,245576.20282397035,0.7785,2.139612,0.03675571864371168
1,2,245581.20282475266,0.7785,2.146949,0.03783676798892022
1,2,245586.20282553497,0.7785,2.154439,0.03891781247295605
1,2,245591.20282631728,0.7785,2.1610692,0.03999885968093409
1,2,245596.2028270996,0.7785,2.1676037,0.041079902216868275
1,2,245601.2028278819,0.7785,2.173718,0.04216094927943085
1,2,245606.20282866422,0.7785,2.1797178,0.04324200095646912
1,2,245611.20282944653,0.7785,2.1851823,0.04432303962466784
1,2,245616.20283022884,0.7785,2.1905131,0.04540407400177254
1,2,245621.20283101115,0.7785,2.195653,0.046485117598931
1,2,245626.20283179346,0.7785,2.20064,0.04756616657998827
1,2,245631.20283257577,0.7785,2.2054548,0.04864721844456263
1,2,245636.20283335808,0.7785,2.2098305,0.04972826997009914
1,2,245641.2028341404,0.7785,2.2142441,0.05080931752107541
1,2,245646.2028349227,0.7785,2.2182758,0.05189036809468932
1,2,245651.20283570501,0.7785,2.2226512,0.05297141471566757
1,2,245656.20283648733,0.7785,2.2263772,0.05405246304427915
1,2,245661.20283726964,0.7785,2.2300458,0.055133501846167776
1,2,245666.20283805195,0.7785,2.233676,0.05621453478484021
1,2,245671.20283883426,0.7785,2.2372873,0.05729557998012834
1,2,245676.20283961657,0.7785,2.2406883,0.058376626075953245
1,2,245681.20284039888,0.7785,2.2440512,0.0594576680833035
1,2,245686.2028411812,0.7785,2.2471848,0.060538708300179905
1,2,245691.2028419635,0.7785,2.2502036,0.06161975268999736
1,2,245696.2028427458,0.7785,2.2531843,0.0627007957788772
1,2,245701.20284352812,0.7785,2.256165,0.06378183833404713
1,2,245706.20284431044,0.7785,2.2590501,0.06486289148909846
1,2,245711.20284509275,0.7785,2.2619927,0.06594394193039006
1,2,245716.20284587506,0.7785,2.2645912,0.0670249920062224
1,2,245721.20284665737,0.7785,2.2672472,0.06810603883129358
1,2,245726.20284743968,0.7785,2.2699795,0.06918709180068308
1,2,245731.202848222,0.7785,2.2724826,0.07026813855539098
1,2,245736.2028490043,0.7785,2.2750428,0.07134918236945073
1,2,245741.2028497866,0.7785,2.277565,0.0724302174662153
1,2,245746.20285056892,0.7785,2.2799916,0.07351125419762068
1,2,245751.20285135123,0.7785,2.2824183,0.07459228788688448
1,2,245756.20285213355,0.7785,2.2846537,0.07567333560883667
1,2,245761.20285291586,0.7785,2.2869656,0.07675437569303313
1,2,245766.20285369817,0.7785,2.2893732,0.07783541367813612
1,2,245771.20285448048,0.7785,2.2914941,0.07891646015271211
1,2,245776.2028552628,0.7785,2.2938633,0.07999750721482433
1,2,245781.2028560451,0.7785,2.2960033,0.08107855469252663
1,2,245786.2028568274,0.7785,2.2980669,0.08215959829179444
1,2,245791.20285760972,0.7785,2.3002832,0.08324064248166148
1,2,245796.20285839203,0.7785,2.3024232,0.08432168643480205
1,2,245801.20285917434,0.7785,2.3045442,0.08540272764692038
1,2,245806.20285995665,0.7785,2.3065314,0.08648375948210553
1,2,245811.20286073897,0.7785,2.308595,0.08756479083471824
1,2,245816.20286152128,0.7785,2.3105247,0.08864582671805218
1,2,245821.2028623036,0.7785,2.312722,0.08972687048119965
1,2,245826.2028630859,0.7785,2.3145945,0.09080791765465335
1,2,245831.2028638682,0.7785,2.3166199,0.0918889654371142
1,2,245836.20286465052,0.7785,2.318435,0.09297000621435042
1,2,245841.20286543283,0.7785,2.320556,0.09405105035399725
1,2,245846.20286621514,0.7785,2.322734,0.09513209005512127
1,2,245851.20286699745,0.7785,2.3245683,0.09621312413830885
1,2,245856.20286777976,0.7785,2.3264983,0.09729416742470524
1,2,245861.20286856208,0.7785,2.3285618,0.09837521429206592
1,2,245866.2028693444,0.7785,2.330396,0.09945625832174548
1,2,245871.2028701267,0.7785,2.3323069,0.10053730205181567
1,2,245876.202870909,0.7785,2.3343894,0.10161834537735245
1,2,245881.20287169132,0.7785,2.3363574,0.10269939472497498
1,2,245886.20287247363,0.7785,2.3383446,0.10378044022057117
1,2,245891.20287325594,0.7785,2.340198,0.10486148757345141
1,2,245896.20287403825,0.7785,2.3422043,0.10594253292573155
1,2,245901.20287482056,0.7785,2.344115,0.1070235777398579
1,2,245906.20287560287,0.7785,2.3460066,0.10810462439324453
1,2,245911.20287638518,0.7785,2.3481083,0.10918567022385857
1,2,245916.2028771675,0.7785,2.3499234,0.11026670722814727
1,2,245921.2028779498,0.7785,2.3519487,0.11134775142009717
1,2,245926.20287873212,0.7785,2.3538787,0.11242880267788631
1,2,245931.20287951443,0.7785,2.3559232,0.11350984909526503
1,2,245936.20288029674,0.7785,2.357891,0.11459089828242523
1,2,245941.20288107905,0.7785,2.3598208,0.11567194389332662
1,2,245946.20288186136,0.7785,2.3617508,0.1167529870034456
1,2,245951.20288264367,0.7785,2.3636806,0.11783403539559904
1,2,245956.20288342598,0.7785,2.3656104,0.11891508291782601
1,2,245961.2028842083,0.7785,2.3675976,0.119996129875948
1,2,245966.2028849906,0.7785,2.3696992,0.12107717811735137
1,2,245971.20288577292,0.7785,2.3716674,0.1221582294039726
1,2,245976.20288655523,0.7785,2.3736544,0.12323928172952928
1,2,245981.20288733754,0.7785,2.3756607,0.12432032943290139
1,2,245986.20288811985,0.7785,2.377686,0.12540137920416725
1,2,245991.20288890216,0.7785,2.3796349,0.12648242490370404
1,2,245996.20288968447,0.7785,2.3816795,0.12756346415908468
1,2,246001.20289046678,0.7785,2.3836856,0.128644510538631
1,2,246006.2028912491,0.7785,2.3858066,0.12972555563916097
1,2,246011.2028920314,0.7785,2.3877554,0.13080660060524274
1,2,246016.20289281372,0.7785,2.3898382,0.13188764638775913
1,2,246021.20289359603,0.7785,2.391787,0.13296869012993567
1,2,246026.20289437834,0.7785,2.3940227,0.13404973411799131
1,2,246031.20289516065,0.7785,2.3961053,0.13513077938476198
1,2,246036.20289594296,0.7785,2.3981879,0.13621182468504037
1,2,246041.20289672527,0.7785,2.4000604,0.13729286507656832
1,2,246046.20289750758,0.7785,2.4023151,0.13837389855975568
1,2,246051.2028982899,0.7785,2.4043596,0.13945493266367906
1,2,246056.2028990722,0.7785,2.4064996,0.14053596823211836
1,2,246061.2028998545,0.7785,2.4085248,0.1416170139770805
1,2,246066.20290063682,0.7785,2.410703,0.14269805918739564
1,2,246071.20290141914,0.7785,2.412824,0.14377910258804422
1,2,246076.20290220145,0.7785,2.414945,0.14486014374121686
1,2,246081.20290298376,0.7785,2.4172378,0.1459411831992334
1,2,246086.20290376607,0.7785,2.4191675,0.1470222288713289
1,2,246091.20290454838,0.7785,2.4214795,0.14810327862805453
1,2,246096.2029053307,0.7785,2.4236386,0.1491843278182943
1,2,246101.202906113,0.7785,2.425702,0.15026537540313264
1,2,246106.2029068953,0.7785,2.427804,0.15134642526099412
1,2,246111.20290767762,0.7785,2.4300013,0.152427473672582
1,2,246116.20290845993,0.7785,2.4323704,0.15350851909685792
1,2,246121.20290924225,0.7785,2.4343958,0.1545895620641145
1,2,246126.20291002456,0.7785,2.4366314,0.1556706089686751
1,2,246131.20291080687,0.7785,2.4386759,0.15675165422254134
1,2,246136.20291158918,0.7785,2.4408922,0.15783270069163702
1,2,246141.2029123715,0.7785,2.4431279,0.15891374746341833
1,2,246146.20291315333,0.7785,2.445459,0.15999479339728417
1,2,246151.20291393565,0.7785,2.4477324,0.16107584121941523
1,2,246156.20291471796,0.7785,2.4498153,0.1621568850954903
1,2,246161.20291550027,0.7785,2.4518979,0.1632379314281675
1,2,246166.20291628258,0.7785,2.453885,0.16431897533164747
1,2,246171.2029170649,0.7785,2.456178,0.16540002153752242
1,2,246176.2029178472,0.7785,2.4584517,0.1664810658367706
1,2,246181.2029186295,0.7785,2.460668,0.16756211300900903
1,2,246186.20291941182,0.7785,2.4627697,0.16864315711755548
1,2,246191.20292019413,0.7785,2.4650054,0.16972420089677964
1,2,246196.20292097644,0.7785,2.4670498,0.17080524549778298
1,2,246201.20292175876,0.7785,2.46919,0.17188629167466357
1,2,246206.20292254107,0.7785,2.4715018,0.17296733122758728
1,2,246211.20292332338,0.7785,2.4737563,0.1740483759931756
1,2,246216.2029241057,0.7785,2.4757626,0.17512942236898338
1,2,246221.202924888,0.7785,2.478151,0.17621046434024965
1,2,246226.2029256703,0.7785,2.4801,0.17729150024098483
1,2,246231.20292645262,0.7785,2.4821062,0.17837254348673418
1,2,246236.20292723493,0.7785,2.484017,0.17945358816417384
1,2,246241.20292801724,0.7785,2.4862907,0.18053463256812752
1,2,246246.20292879955,0.7785,2.4883351,0.18161567050193742
1,2,246251.20292958186,0.7785,2.490628,0.18269670429668156
1,2,246256.20293036418,0.7785,2.4924622,0.18377774317777482
1,2,246261.2029311465,0.7785,2.4946404,0.18485879353912002
1,2,246266.2029319288,0.7785,2.4964557,0.18593983898133032
1,2,246271.2029327111,0.7785,2.498309,0.18702088368123432
1,2,246276.20293349342,0.7785,2.5005445,0.18810192725231242
1,2,246281.20293427573,0.7785,2.5025508,0.1891829652021394
1,2,246286.20293505804,0.7785,2.5045187,0.19026400405947358
1,2,246291.20293584035,0.7785,2.506697,0.19134504763281335
1,2,246296.20293662266,0.7785,2.5083592,0.19242609267252672
1,2,246301.20293740497,0.7785,2.5104039,0.19350713278584006
1,2,246306.20293818729,0.7785,2.512219,0.19458817337205334
1,2,246311.2029389696,0.7785,2.5141869,0.19566921608025156
1,2,246316.2029397519,0.7785,2.5158494,0.1967502567969957
1,2,246321.20294053422,0.7785,2.5177217,0.19783129488265505
1,2,246326.20294131653,0.7785,2.519556,0.1989123277407751
1,2,246331.20294209884,0.7785,2.5214286,0.19999336837134749
1,2,246336.20294288115,0.7785,2.5231864,0.20107440922585781
1,2,246341.20294366346,0.7785,2.5248106,0.20215545170678353
1,2,246346.20294444577,0.7785,2.5266638,0.20323649159059912
1,2,246351.20294522808,0.7785,2.5283644,0.20431753111344897
1,2,246356.2029460104,0.7785,2.5300457,0.20539857047014426
1,2,246361.2029467927,0.7785,2.5316699,0.20647960126694034
1,2,246366.20294757502,0.7785,2.5333323,0.20756063745089032
1,2,246371.20294835733,0.7785,2.5349371,0.20864168141904796
1,2,246376.20294913964,0.7785,2.5363703,0.2097227235910362
1,2,246381.20294992195,0.7785,2.5381472,0.21080376642964277
1,2,246386.20295070426,0.7785,2.539351,0.21188480818093147
1,2,246391.20295148657,0.7785,2.540784,0.212965844326251
1,2,246396.20295226888,0.7785,2.542408,0.21404688835388747
1,2,246401.2029530512,0.7785,2.5436118,0.21512792906299888
1,2,246406.2029538335,0.7785,2.545064,0.21620896820185906
1,2,246411.20295461582,0.7785,2.5461721,0.2172900087119042
1,2,246416.20295539813,0.7785,2.547567,0.21837104918760383
1,2,246421.20295618044,0.7785,2.5489428,0.2194520894986953
1,2,246426.20295696275,0.7785,2.5501082,0.22053313067464023
1,2,246431.20295774506,0.7785,2.55114,0.22161417394177108
1,2,246436.20295852737,0.7785,2.5523438,0.2226952131830552
1,2,246441.20295930968,0.7785,2.5536048,0.22377625670615822
1,2,246446.202960092,0.7785,2.554522,0.22485730088558784
1,2,246451.2029608743,0.7785,2.5558403,0.22593834238674565
1,2,246456.2029616566,0.7785,2.5569296,0.22701938482553752
1,2,246461.20296243893,0.7785,2.5577512,0.2281004275134503
1,2,246466.20296322124,0.7785,2.5586872,0.2291814683841102
1,2,246471.20296400355,0.7785,2.5595853,0.23026251417380234
1,2,246476.20296478586,0.7785,2.5607126,0.23134355209829072
1,2,246481.20296556817,0.7785,2.5615535,0.23242459067824145
1,2,246486.20296635048,0.7785,2.5626042,0.2335056321705811
1,2,246491.2029671328,0.7785,2.5634642,0.23458667367875902
1,2,246496.2029679151,0.7785,2.564152,0.2356677172244356
1,2,246501.2029686974,0.7785,2.5649927,0.23674875352371064
1,2,246506.20296947972,0.7785,2.5656996,0.23782979505557478
1,2,246511.20297026203,0.7785,2.5663493,0.2389108346002631
1,2,246516.20297104435,0.7785,2.5673618,0.23999187684200862
1,2,246521.20297182666,0.7785,2.5678205,0.2410729177140957
1,2,246526.20297260908,0.7785,2.5686803,0.2421539608755409
1,2,246531.2029733914,0.7785,2.5691197,0.24323500440829654
1,2,246536.2029741737,0.7785,2.5698075,0.2443160375641418
1,2,246541.20297495602,0.7785,2.5705147,0.24539707607041458
1,2,246546.20297573833,0.7785,2.5713172,0.24647812088785231
1,2,246551.20297652064,0.7785,2.5718713,0.24755916606764986
1,2,246556.20297730295,0.7785,2.5725207,0.24864020920233257
1,2,246561.20297808526,0.7785,2.5731704,0.24972125003693496
1,2,246566.20297886757,0.7785,2.5736291,0.25080228847471203
1,2,246571.20297964988,0.7785,2.5742404,0.2518833208322955
1,2,246576.2029804322,0.7785,2.5746799,0.25296436514181553
1,2,246581.2029812145,0.7785,2.5751767,0.2540454087762832
1,2,246586.20298199682,0.7785,2.5757883,0.25512645338941936
1,2,246591.20298277913,0.7785,2.5762658,0.2562074974867071
1,2,246596.20298356144,0.7785,2.5769155,0.25728854003054225
1,2,246601.20298434375,0.7785,2.5772977,0.2583695861400961
1,2,246606.20298512606,0.7785,2.57789,0.2594506308553185
1,2,246611.20298590837,0.7785,2.5783484,0.26053167619172724
1,2,246616.20298669068,0.7785,2.5788834,0.2616127209363347
1,2,246621.202987473,0.7785,2.5793803,0.26269376150499774
1,2,246626.2029882553,0.7785,2.5796478,0.2637748086831801
1,2,246631.2029890376,0.7785,2.5801063,0.26485585532342387
1,2,246636.20298981993,0.7785,2.5804694,0.2659369034407966
1,2,246641.20299060224,0.7785,2.5809088,0.2670179506875773
1,2,246646.20299138455,0.7785,2.5814438,0.2680989918439156
1,2,246651.20299216686,0.7785,2.5817878,0.2691800364160769
1,2,246656.20299294917,0.7785,2.5821126,0.2702610847341848
1,2,246661.20299373148,0.7785,2.5825713,0.2713421254171695
1,2,246666.2029945138,0.7785,2.5830488,0.27242317317910647
1,2,246671.2029952961,0.7785,2.583412,0.2735042218855519
1,2,246676.2029960784,0.7785,2.583622,0.27458526536667666
1,2,246681.20299686072,0.7785,2.5841188,0.27566630718658025
1,2,246686.20299764303,0.7785,2.584482,0.27674734646447485
1,2,246691.20299842535,0.7785,2.5849214,0.2778283865927688
1,2,246696.20299920766,0.7785,2.5849977,0.27890941779771433
1,2,246701.20299998997,0.7785,2.5854373,0.27999044889268265
1,2,246706.20300077228,0.7785,2.5856283,0.28107148530535553
1,2,246711.2030015546,0.7785,2.5861824,0.28215253137854723
1,2,246716.2030023369,0.7785,2.5864308,0.2832335768836106
1,2,246721.2030031192,0.7785,2.5865836,0.28431462353222886
1,2,246726.20300390152,0.7785,2.5870996,0.28539566946354494
1,2,246731.20300468383,0.7785,2.5875008,0.2864767064823242
1,2,246736.20300546614,0.7785,2.5877492,0.28755774303164733
1,2,246741.20300624846,0.7785,2.5880167,0.28863878479811206
1,2,246746.20300703077,0.7785,2.588437,0.2897198317681152
1,2,246751.20300781308,0.7785,2.5888193,0.2908008781057363
1,2,246756.2030085954,0.7785,2.588972,0.29188192791632134
1,2,246761.2030093777,0.7785,2.5893734,0.2929629761997625
1,2,246766.20301016,0.7785,2.589698,0.2940440228656595
1,2,246771.20301094232,0.7785,2.5899084,0.29512507275626376
1,2,246776.20301172463,0.7785,2.5904434,0.29620612159245524
1,2,246781.20301250694,0.7785,2.590749,0.2972871735244888
1,2,246786.20301328925,0.7785,2.5908446,0.29836822058238566
1,2,246791.20301407157,0.7785,2.5912075,0.2994492697822185
1,2,246796.20301485388,0.7785,2.5915897,0.3005303163338997
1,2,246801.2030156362,0.7785,2.5918,0.3016113642711505
1,2,246806.2030164185,0.7785,2.5921438,0.3026924111382926
1,2,246811.2030172008,0.7785,2.5923922,0.3037734561945198
1,2,246816.20301798312,0.7785,2.5927553,0.30485449231360334
1,2,246821.2030187652,0.7785,2.5930035,0.30593553584755767
1,2,246826.2030195475,0.7785,2.593271,0.30701658554514555
1,2,246831.20302032982,0.7785,2.5935194,0.30809763256146483
1,2,246836.20302111213,0.7785,2.5937488,0.30917868426944123
1,2,246841.20302189444,0.7785,2.594131,0.3102597356815898
1,2,246846.20302267675,0.7785,2.594303,0.311340783377061
1,2,246851.20302345906,0.7785,2.594647,0.3124218205871546
1,2,246856.20302424137,0.7785,2.5949335,0.31350286148523926
1,2,246861.2030250237,0.7785,2.5951245,0.3145839023946653
1,2,246866.203025806,0.7785,2.595392,0.3156649426640236
1,2,246871.2030265883,0.7785,2.5956595,0.3167459895891478
1,2,246876.20302737062,0.7785,2.596099,0.3178270366049704
1,2,246881.20302815293,0.7785,2.5964239,0.3189080890585148
1,2,246886.20302893524,0.7785,2.5965002,0.319989141863273
1,2,246891.20302971755,0.7785,2.5967104,0.3210701913286412
1,2,246896.20303049986,0.7785,2.597169,0.3221512395673292
1,2,246901.20303128217,0.7785,2.5973408,0.3232322858481073
1,2,246906.20303206448,0.7785,2.5976467,0.3243133358381057
1,2,246911.2030328468,0.7785,2.5979524,0.32539438095577533
1,2,246916.2030336291,0.7785,2.598029,0.3264754260580206
1,2,246921.20303441142,0.7785,2.5985446,0.32755647004413246
1,2,246926.20303519373,0.7785,2.5986593,0.3286375164817966
1,2,246931.20303597604,0.7785,2.5989077,0.32971856075465983
1,2,246936.20303675835,0.7785,2.5992517,0.330799604627205
1,2,246941.20303754066,0.7785,2.5995383,0.3318806475351086
1,2,246946.20303832297,0.7785,2.599863,0.33296168214697947
1,2,246951.20303910528,0.7785,2.6001496,0.3340427198200356
1,2,246956.2030398876,0.7785,2.6002643,0.3351237639267707
1,2,246961.2030406699,0.7785,2.6006465,0.33620480085354687
1,2,246966.20304145222,0.7785,2.600914,0.3372858432564269
1,2,246971.20304223453,0.7785,2.6010478,0.3383668851439255
1,2,246976.20304301684,0.7785,2.601449,0.3394479166209894
1,2,246981.20304379915,0.7785,2.6017547,0.3405289477008115
1,2,246986.20304458146,0.7785,2.6019266,0.34160997558739425
1,2,246991.20304536377,0.7785,2.6021369,0.34269101271092534
1,2,246996.20304614608,0.7785,2.602538,0.3437720517490702
1,2,247001.2030469284,0.7785,2.602729,0.34485309488422317
1,2,247006.2030477107,0.7785,2.602882,0.3459341400186053
1,2,247011.20304849301,0.7785,2.6031878,0.3470151812828247
1,2,247016.20304927533,0.7785,2.6036654,0.348096221894317
1,2,247021.20305005764,0.7785,2.6038373,0.34917726414958616
1,2,247026.20305083995,0.7785,2.6040857,0.35025830350893383
1,2,247031.20305162226,0.7785,2.6044679,0.3513393456609843
1,2,247036.20305240457,0.7785,2.6045825,0.3524203864383033
1,2,247041.20305318688,0.7785,2.6048882,0.35350142867783685
1,2,247046.2030539692,0.7785,2.6050029,0.35458246909542857
1,2,247051.2030547515,0.7785,2.6053085,0.3556635050658052
1,2,247056.2030555338,0.7785,2.605748,0.3567445418152377
1,2,247061.20305631612,0.7785,2.6058817,0.35782557895483225
1,2,247066.20305709844,0.7785,2.6061876,0.3589066173789367
1,2,247071.20305788075,0.7785,2.606608,0.35998765738738225
1,2,247076.20305866306,0.7785,2.606799,0.3610687016265622
1,2,247081.20305944537,0.7785,2.607143,0.36214974298680136
1,2,247086.20306022768,0.7785,2.6074104,0.36323079102599926
1,2,247091.20306101,0.7785,2.6075633,0.36431183526550703
1,2,247096.2030617923,0.7785,2.6078498,0.36539288136058024
1,2,247101.2030625746,0.7785,2.6083274,0.36647392577575943
1,2,247106.20306335692,0.7785,2.6084805,0.3675549700475133
1,2,247111.20306413923,0.7785,2.6088624,0.36863601798194284
1,2,247116.20306492154,0.7785,2.6090536,0.36971706501698465
1,2,247121.20306570386,0.7785,2.6092827,0.37079810999179186
1,2,247126.20306648617,0.7785,2.609684,0.37187914104403025
1,2,247131.20306726848,0.7785,2.6099133,0.37296017779663504
1,2,247136.2030680508,0.7785,2.6101046,0.3740412201875478
1,2,247141.2030688331,0.7785,2.6102383,0.37512226487118305
1,2,247146.2030696154,0.7785,2.6106203,0.376203309391091
1,2,247151.20307039772,0.7785,2.6108496,0.37728435229417984
1,2,247156.20307118003,0.7785,2.6111553,0.37836539656227797
1,2,247161.20307196234,0.7785,2.6113274,0.37944643064078326
1,2,247166.20307274465,0.7785,2.611786,0.3805274649093678
1,2,247171.20307352697,0.7785,2.6119578,0.3816085110252497
1,2,247176.20307430928,0.7785,2.6122634,0.3826895554434025
1,2,247181.2030750916,0.7785,2.6124737,0.38377060246588096
1,2,247186.2030758739,0.7785,2.6127794,0.38485164704470476
1,2,247191.2030766562,0.7785,2.6131043,0.385932697391821
1,2,247196.20307743852,0.7785,2.6133144,0.38701374459735854
1,2,247201.20307822083,0.7785,2.6138113,0.38809479156276555
1,2,247206.20307900314,0.7785,2.613773,0.38917583262848165
1,2,247211.20307978545,0.7785,2.614136,0.3902568706908091
1,2,247216.20308056776,0.7785,2.6143844,0.3913379107842873
1,2,247221.20308135005,0.7785,2.6147475,0.3924189545178742
1,2,247226.20308213236,0.7785,2.6150723,0.3934999971635372
1,2,247231.20308291467,0.7785,2.6154735,0.39458102851558363
1,2,247236.20308369698,0.7785,2.615569,0.3956620612958898
1,2,247241.2030844793,0.7785,2.6158938,0.39674310324536727
1,2,247246.2030852616,0.7785,2.6163526,0.3978241457361973
1,2,247251.2030860439,0.7785,2.6165245,0.39890518355645704
1,2,247256.20308682622,0.7785,2.61683,0.3999862238550481
1,2,247261.20308760853,0.7785,2.6170404,0.4010672645977832
1,2,247266.20308839084,0.7785,2.617308,0.40214830696423487
1,2,247271.20308917316,0.7785,2.617556,0.4032293408241004
1,2,247276.20308995547,0.7785,2.618034,0.40431038446840284
1,2,247281.20309073778,0.7785,2.6182249,0.4053914287948043
1,2,247286.2030915201,0.7785,2.618626,0.4064724726236758
1,2,247291.2030923024,0.7785,2.6190464,0.407553516271379
1,2,247296.2030930847,0.7785,2.619123,0.40863455465639603
1,2,247301.20309386702,0.7785,2.6196008,0.4097155958955517
1,2,247306.20309464933,0.7785,2.6197917,0.4107966410650045
1,2,247311.20309543164,0.7785,2.6201549,0.4118776813684169
1,2,247316.20309621395,0.7785,2.6205752,0.41295872312452037
1,2,247321.20309699627,0.7785,2.6210337,0.414039759684473
1,2,247326.20309777858,0.7785,2.621282,0.41512079717579126
1,2,247331.2030985609,0.7785,2.6215115,0.4162018306241662
1,2,247336.2030993432,0.7785,2.6219318,0.4172828632907037
1,2,247341.2031001255,0.7785,2.6220655,0.4183639069798222
1,2,247346.20310090782,0.7785,2.622696,0.4194449495397042
1,2,247351.20310169013,0.7785,2.6229634,0.4205259933412304
1,2,247356.20310247244,0.7785,2.6231546,0.4216070360380044
1,2,247361.20310325475,0.7785,2.6233838,0.42268808100520877
1,2,247366.20310403706,0.7785,2.6236897,0.42376912608718514
1,2,247371.20310481937,0.7785,2.624129,0.42485017040881157
1,2,247376.2031056017,0.7785,2.6244538,0.4259312162384024
1,2,247381.203106384,0.7785,2.624817,0.4270122682284081
1,2,247386.2031071663,0.7785,2.6249506,0.4280933134568927
1,2,247391.20310794862,0.7785,2.6254857,0.4291743577082784
1,2,247396.20310873093,0.7785,2.625734,0.43025539863820844
1,2,247401.20310951324,0.7785,2.6263072,0.43133643234291646
1,2,247406.20311029555,0.7785,2.6264791,0.4324174653193253
1,2,247411.20311107786,0.7785,2.626995,0.43349849590597195
1,2,247416.20311186017,0.7785,2.6270907,0.43457953384529857
1,2,247421.20311264202,0.7785,2.6276257,0.43566057529349433
1,2,247426.20311342433,0.7785,2.6279123,0.4367416180363659
1,2,247431.20311420664,0.7785,2.6284664,0.43782265730413106
1,2,247436.20311498895,0.7785,2.628753,0.4389036921502581
1,2,247441.20311577126,0.7785,2.6291733,0.43998473564779733
1,2,247446.20311655357,0.7785,2.6295745,0.4410657776994504
1,2,247451.20311733588,0.7785,2.629842,0.4421468168363138
1,2,247456.2031181182,0.7785,2.6301286,0.44322784834004414
1,2,247461.2031189005,0.7785,2.6304917,0.44430888779154726
1,2,247466.20311968282,0.7785,2.6307974,0.44538992466611305
1,2,247471.20312046513,0.7785,2.6312943,0.44647095400653586
1,2,247476.20312124744,0.7785,2.6315043,0.44755198138165775
1,2,247481.20312202975,0.7785,2.6318293,0.4486330097643333
1,2,247486.20312281206,0.7785,2.6323833,0.44971404766265854
1,2,247491.20312359437,0.7785,2.632708,0.45079508233789906
1,2,247496.20312437668,0.7785,2.6331284,0.45187612361997337
1,2,247501.203125159,0.7785,2.6333387,0.4529571671408246
1,2,247506.2031259413,0.7785,2.6338928,0.45403820982717774
1,2,247511.20312672362,0.7785,2.6341028,0.45511924231379863
1,2,247516.20312750593,0.7785,2.6347525,0.45620028358224995
1,2,247521.20312828824,0.7785,2.6351347,0.4572813282496727
1,2,247526.20312907055,0.7785,2.6356888,0.4583623687877552
1,2,247531.20312985286,0.7785,2.6361666,0.45944341044138504
1,2,247536.20313063517,0.7785,2.6364148,0.4605244547333515
1,2,247541.20313141748,0.7785,2.6369116,0.46160549967405495
1,2,247546.2031321998,0.7785,2.6371982,0.46268653684966066
1,2,247551.2031329821,0.7785,2.6376379,0.4637675708751112
1,2,247556.20313376441,0.7785,2.6379435,0.4648486078498658
1,2,247561.20313454673,0.7785,2.6383257,0.46592964149836
1,2,247566.20313532904,0.7785,2.6386886,0.46701068142098157
1,2,247571.20313611135,0.7785,2.6392236,0.46809172097342183
1,2,247576.20313689366,0.7785,2.6395102,0.4691727689706084
1,2,247581.20313767597,0.7785,2.6401598,0.47025380941262146
1,2,247586.20313845828,0.7785,2.6403892,0.47133484847074714
1,2,247591.2031392406,0.7785,2.6407714,0.47241589015495744
1,2,247596.2031400229,0.7785,2.6413445,0.47349692605594096
1,2,247601.2031408052,0.7785,2.6417649,0.47457797022405895
1,2,247606.20314158752,0.7785,2.6422808,0.4756590118256903
1,2,247611.20314236984,0.7785,2.6425865,0.4767400535526338
1,2,247616.20314315215,0.7785,2.6432934,0.4778210945215321
1,2,247621.20314393446,0.7785,2.643599,0.47890213977834545
1,2,247626.20314471677,0.7785,2.6440003,0.4799831812404821
1,2,247631.20314549908,0.7785,2.6445162,0.481064227795935
1,2,247636.2031462814,0.7785,2.645166,0.48214527019281156
1,2,247641.2031470637,0.7785,2.645548,0.48322631687423884
1,2,247646.203147846,0.7785,2.6460066,0.4843073617958986
1,2,247651.20314862832,0.7785,2.6465416,0.48538840245108106
1,2,247656.20314941063,0.7785,2.6471148,0.4864694420310222
1,2,247661.20315019295,0.7785,2.6473632,0.487550485436416
1,2,247666.20315097526,0.7785,2.6480894,0.48863153035894996
1,2,247671.20315175757,0.7785,2.6484332,0.48971257156937287
1,2,247676.20315253988,0.7785,2.64893,0.49079361725057463
1,2,247681.2031533222,0.7785,2.649465,0.4918746587901973
1,2,247686.2031541045,0.7785,2.6498663,0.4929557008536687
1,2,247691.2031548868,0.7785,2.6502676,0.49403674286005866
1,2,247696.20315566912,0.7785,2.6508408,0.4951177862947978
1,2,247701.20315645143,0.7785,2.6513758,0.49619882682439326
1,2,247706.20315723374,0.7785,2.6519108,0.49727990063277855
1,2,247711.20315801605,0.7785,2.6525412,0.49836094443789763
1,2,247716.20315879837,0.7785,2.6529615,0.49944198646968246
1,2,247721.20315958068,0.7785,2.6534965,0.5005230295557542
1,2,247726.203160363,0.7785,2.6539361,0.5016040756661161
1,2,247731.2031611453,0.7785,2.654643,0.5026851216097008
1,2,247736.2031619276,0.7785,2.655331,0.503766164905263
1,2,247741.20316270992,0.7785,2.6557322,0.5048472080002359
1,2,247746.20316349223,0.7785,2.6561525,0.5059282520054345
1,2,247751.20316427454,0.7785,2.6568403,0.5070092942893933
1,2,247756.20316505685,0.7785,2.6574135,0.5080903358426555
1,2,247761.20316583916,0.7785,2.6579294,0.5091713746132251
1,2,247766.20316662148,0.7785,2.6583498,0.5102524188561801
1,2,247771.2031674038,0.7785,2.659076,0.511333459845281
1,2,247776.2031681861,0.7785,2.6597064,0.5124144990374045
1,2,247781.2031689684,0.7785,2.660337,0.5134955355027182
1,2,247786.20316975072,0.7785,2.660853,0.5145765699760182
1,2,247791.20317053303,0.7785,2.661579,0.5156576042439636
1,2,247796.20317131534,0.7785,2.661961,0.5167386345204078
1,2,247801.20317209777,0.7785,2.662477,0.5178196702776449
1,2,247806.20317288008,0.7785,2.6632602,0.5189007114946474
1,2,247811.2031736624,0.7785,2.6638336,0.5199817435021729
1,2,247816.2031744447,0.7785,2.6642349,0.5210627861305571
1,2,247821.203175227,0.7785,2.665018,0.5221438329357866
1,2,247826.20317600932,0.7785,2.6657443,0.5232248812326454
1,2,247831.20317679163,0.7785,2.6664321,0.5243059225759801
1,2,247836.20317757395,0.7785,2.6670053,0.5253869659201764
1,2,247841.20317835626,0.7785,2.6675975,0.5264680055511392
1,2,247846.20317913857,0.7785,2.66819,0.5275490459541542
1,2,247851.20317992088,0.7785,2.6688588,0.5286300876371725
1,2,247856.2031807032,0.7785,2.66947,0.5297111291613178
1,2,247861.2031814855,0.7785,2.670158,0.5307921695319576
1,2,247866.2031822678,0.7785,2.6705782,0.5318732123515835
1,2,247871.20318305012,0.7785,2.6714382,0.5329542538830535
1,2,247876.20318383243,0.7785,2.6721451,0.5340352989436749
1,2,247881.20318461474,0.7785,2.672833,0.535116342519773
1,2,247886.20318539705,0.7785,2.6734636,0.5361973843766149
1,2,247891.20318617937,0.7785,2.6742277,0.5372784320739769
1,2,247896.20318696168,0.7785,2.6748009,0.5383594702951838
1,2,247901.203187744,0.7785,2.675718,0.5394405039227568
1,2,247906.2031885263,0.7785,2.6763678,0.5405215457299646
1,2,247911.2031893086,0.7785,2.6771512,0.5416025921262466
1,2,247916.20319009092,0.7785,2.678011,0.542683636630346
1,2,247921.20319087323,0.7785,2.67889,0.5437646809553103
1,2,247926.20319165554,0.7785,2.6795013,0.5448457195076177
1,2,247931.20319243785,0.7785,2.680361,0.5459267622328099
1,2,247936.20319322016,0.7785,2.6813738,0.5470078088655204
1,2,247941.20319400248,0.7785,2.6820807,0.548088850436899
1,2,247946.2031947848,0.7785,2.6829405,0.5491698949335942
1,2,247951.2031955671,0.7785,2.683724,0.5502509408069812
1,2,247956.2031963494,0.7785,2.684622,0.5513319875582916
1,2,247961.20319713172,0.7785,2.6855774,0.5524130347992244
1,2,247966.20319791403,0.7785,2.686208,0.5534940692529244
1,2,247971.20319869634,0.7785,2.6872206,0.5545751141844654
1,2,247976.20319947865,0.7785,2.688004,0.5556561655496323
1,2,247981.20320026096,0.7785,2.6889403,0.5567372070915033
1,2,247986.20320104327,0.7785,2.6899338,0.5578182532773643
1,2,247991.20320182558,0.7785,2.6907554,0.5588992975454625
1,2,247996.2032026079,0.7785,2.6915007,0.5599803446695569
1,2,248001.2032033902,0.7785,2.6925898,0.5610613873077561
1,2,248006.20320417252,0.7785,2.6934114,0.5621424194397194
1,2,248011.20320495483,0.7785,2.6943283,0.5632234548306163
1,2,248016.20320573714,0.7785,2.6951692,0.5643044968636959
1,2,248021.20320651945,0.7785,2.6960099,0.5653855366386038
1,2,248026.20320730176,0.7785,2.69708,0.5664665734909304
1,2,248031.20320808407,0.7785,2.6982071,0.5675476093498364
1,2,248036.20320886638,0.7785,2.698914,0.5686286491243007
1,2,248041.2032096487,0.7785,2.6998122,0.5697096883612072
1,2,248046.203210431,0.7785,2.700691,0.5707907244918905
1,2,248051.20321121332,0.7785,2.7016463,0.5718717548711494
1,2,248056.20321199563,0.7785,2.7025635,0.5729527858516403
1,2,248061.20321277794,0.7785,2.7037292,0.5740338298112282
1,2,248066.20321356025,0.7785,2.7047036,0.5751148716454468
1,2,248071.20321434256,0.7785,2.705697,0.5761959145648806
1,2,248076.20321512487,0.7785,2.706767,0.577276958426028
1,2,248081.20321590718,0.7785,2.7078943,0.5783580022733074
1,2,248086.2032166895,0.7785,2.7087352,0.5794390453573327
1,2,248091.2032174718,0.7785,2.7098243,0.5805200861357378
1,2,248096.20321825412,0.7785,2.7107606,0.5816011278368559
1,2,248101.2032190362,0.7785,2.711716,0.5826821644239949
1,2,248106.2032198185,0.7785,2.7128623,0.5837632049912606
1,2,248111.20322060082,0.7785,2.7142189,0.5848442448418101
1,2,248116.20322138313,0.7785,2.7152889,0.5859252902498305
1,2,248121.20322216544,0.7785,2.7166264,0.587006331421335
1,2,248126.20322294775,0.7785,2.7178683,0.5880873693249915
1,2,248131.20322373006,0.7785,2.7189384,0.5891684107590676
1,2,248136.20322451237,0.7785,2.7200274,0.5902494505364392
1,2,248141.20322529468,0.7785,2.7211356,0.5913304917750849
1,2,248146.203226077,0.7785,2.7225304,0.5924115279789196
1,2,248151.2032268593,0.7785,2.7234857,0.5934925572044114
1,2,248156.2032276416,0.7785,2.724938,0.5945735970403677
1,2,248161.20322842392,0.7785,2.7262564,0.5956546372060272
1,2,248166.20322920624,0.7785,2.7274983,0.5967356766756137
1,2,248171.20322998855,0.7785,2.7287211,0.5978167170626646
1,2,248176.20323077086,0.7785,2.7300587,0.5988977590867505
1,2,248181.20323155317,0.7785,2.7314534,0.5999788018728818
1,2,248186.20323233548,0.7785,2.732791,0.6010598443897425
1,2,248191.2032331178,0.7785,2.7342048,0.6021408876238556
1,2,248196.2032339001,0.7785,2.7357717,0.6032219310932913
1,2,248201.2032346824,0.7785,2.7372048,0.6043029657412097
1,2,248206.20323546472,0.7785,2.7387905,0.6053840119686118
1,2,248211.20323624703,0.7785,2.7402809,0.6064650564878376
1,2,248216.20323702935,0.7785,2.7417903,0.6075461007031691
1,2,248221.20323781166,0.7785,2.7430897,0.6086271451221762
1,2,248226.20323859397,0.7785,2.74479,0.609708188145971
1,2,248231.20323937628,0.7785,2.7462423,0.6107892290888188
1,2,248236.2032401586,0.7785,2.7477517,0.6118702708506079
1,2,248241.2032409409,0.7785,2.7495096,0.6129513116682064
1,2,248246.2032417232,0.7785,2.7509236,0.6140323517426409
1,2,248251.20324250552,0.7785,2.7524903,0.6151133959015798
1,2,248256.20324328783,0.7785,2.75421,0.6161944440068825
1,2,248261.20324407014,0.7785,2.7558913,0.6172754878894909
1,2,248266.20324485246,0.7785,2.7577066,0.6183565325400092
1,2,248271.20324563477,0.7785,2.7592733,0.6194375796404208
1,2,248276.20324641708,0.7785,2.7611458,0.6205186198376706
1,2,248281.2032471994,0.7785,2.7628465,0.62159966312764
1,2,248286.2032479817,0.7785,2.7646806,0.622680703103121
1,2,248291.203248764,0.7785,2.7663238,0.6237617454755232
1,2,248296.20324954632,0.7785,2.7680244,0.6248427915911501
1,2,248301.20325032863,0.7785,2.7702026,0.6259238386776274
1,2,248306.20325111094,0.7785,2.771884,0.6270048845575874
1,2,248311.20325189325,0.7785,2.7737947,0.6280859272170125
1,2,248316.20325267556,0.7785,2.775648,0.6291669696871366
1,2,248321.20325345788,0.7785,2.7773678,0.6302480129193093
1,2,248326.2032542402,0.7785,2.7794886,0.6313290570875763
1,2,248331.2032550225,0.7785,2.7816477,0.6324101015079808
1,2,248336.2032558048,0.7785,2.7835584,0.6334911366182889
1,2,248341.20325658712,0.7785,2.7856793,0.6345721797415044
1,2,248346.20325736943,0.7785,2.78759,0.6356532170143319
1,2,248351.20325815174,0.7785,2.7898064,0.6367342533250145
1,2,248356.20325893405,0.7785,2.7919846,0.6378152880773239
1,2,248361.20325971636,0.7785,2.794029,0.638896325027687
1,2,248366.20326049867,0.7785,2.796188,0.6399773642793489
1,2,248371.20326128099,0.7785,2.798271,0.6410583951675652
1,2,248376.2032620633,0.7785,2.80064,0.6421394271977304
1,2,248381.2032628456,0.7785,2.8027802,0.6432204567791746
1,2,248386.20326362792,0.7785,2.805283,0.6443014906811408
1,2,248391.20326441023,0.7785,2.807423,0.6453825241378471
1,2,248396.20326519254,0.7785,2.8096778,0.6464635583805467
1,2,248401.20326597485,0.7785,2.8121426,0.6475445913387662
1,2,248406.20326675716,0.7785,2.8144164,0.6486256339661538
1,2,248411.20326753947,0.7785,2.8167474,0.6497066783423548
1,2,248416.20326832178,0.7785,2.8193078,0.6507877214383178
1,2,248421.2032691041,0.7785,2.8217726,0.651868763443764
1,2,248426.2032698864,0.7785,2.8242373,0.6529497944689717
1,2,248431.20327066872,0.7785,2.8266258,0.6540308249585688
1,2,248436.20327145103,0.7785,2.8294919,0.6551118638505499
1,2,248441.20327223334,0.7785,2.8319185,0.6561929048083849
1,2,248446.20327301565,0.7785,2.8347654,0.6572739472036355
1,2,248451.20327379796,0.7785,2.8373067,0.658354987501912
1,2,248456.20327458027,0.7785,2.8400006,0.6594360338636962
1,2,248461.20327536258,0.7785,2.842924,0.6605170705859092
1,2,248466.2032761449,0.7785,2.845733,0.6615981087217591
1,2,248471.2032769272,0.7785,2.8487518,0.6626791488407613
1,2,248476.20327770952,0.7785,2.8513122,0.6637601862427057
1,2,248481.20327849183,0.7785,2.8542545,0.664841224326259
1,2,248486.20327927414,0.7785,2.8570633,0.665922263943463
1,2,248491.20328005645,0.7785,2.8601015,0.667003304014106
1,2,248496.20328083876,0.7785,2.8629866,0.6680843444694176
1,2,248501.20328162104,0.7785,2.8660436,0.6691653856131925
1,2,248506.20328240335,0.7785,2.868948,0.6702464283592761
1,2,248511.20328318566,0.7785,2.872005,0.6713274672938844
1,2,248516.20328396797,0.7785,2.8749857,0.6724085085122645
1,2,248521.20328475029,0.7785,2.878081,0.6734895493370653
1,2,248526.2032855326,0.7785,2.8813102,0.6745705915803605
1,2,248531.2032863149,0.7785,2.8844438,0.6756516332464576
1,2,248536.20328709722,0.7785,2.8875773,0.6767326747708214
1,2,248541.20328787953,0.7785,2.8909593,0.6778137131835315
1,2,248546.20328866184,0.7785,2.8943222,0.6788947446844935
1,2,248551.20328944415,0.7785,2.8976276,0.6799757775552862
1,2,248556.20329022646,0.7785,2.9009333,0.6810568061768604
1,2,248561.20329100877,0.7785,2.904449,0.6821378452120416
1,2,248566.20329179108,0.7785,2.9077926,0.6832188846818599
1,2,248571.2032925734,0.7785,2.911442,0.684299924865053
1,2,248576.2032933557,0.7785,2.914824,0.6853809619490662
1,2,248581.20329413802,0.7785,2.9185116,0.6864620020674526
1,2,248586.20329492033,0.7785,2.9222567,0.6875430421570631
1,2,248591.20329570264,0.7785,2.9259825,0.6886240823635749
1,2,248596.20329648495,0.7785,2.9295557,0.6897051214209754
1,2,248601.20329726726,0.7785,2.9335108,0.690786162602861
1,2,248606.20329804957,0.7785,2.937313,0.6918672056371363
1,2,248611.20329883188,0.7785,2.9410007,0.6929482477353638
1,2,248616.2032996142,0.7785,2.9448986,0.694029293643987
1,2,248621.2033003965,0.7785,2.9488347,0.6951103310980259
1,2,248626.20330117882,0.7785,2.9525795,0.6961913602808574
1,2,248631.20330196113,0.7785,2.9565156,0.6972723995200454
1,2,248636.20330274344,0.7785,2.9606428,0.6983534376923302
1,2,248641.20330352575,0.7785,2.9644642,0.6994344758225837
1,2,248646.20330430806,0.7785,2.968706,0.7005155051494332
1,2,248651.20330509037,0.7785,2.972814,0.7015965326296745
1,2,248656.20330587268,0.7785,2.9772277,0.7026775712801838
1,2,248661.203306655,0.7785,2.981374,0.703758609833776
1,2,248666.2033074373,0.7785,2.985692,0.7048396477452971
1,2,248671.2033082196,0.7785,2.9899912,0.7059206859805972
1,2,248676.20330900192,0.7785,2.994577,0.707001723830805
1,2,248681.20330978424,0.7785,2.9991627,0.7080827627026959
1,2,248681.97170990333,0.7785,2.999946,0.7082488960794333
1,2,248681.97190990322,0.7785,2.9999268,0.7082489393192155
2,1,248681.97270990303,-0.7785,2.9253745,-8.561331695980496e-08
2,1,248686.97271068534,-0.7785,2.6185117,-0.0010816519150700834
2,1,248691.97271146765,-0.7785,2.4680433,-0.0021632147142191726
2,1,248696.97271224996,-0.7785,2.3655722,-0.003244776466048426
2,1,248701.97271303227,-0.7785,2.2890484,-0.004326341694355011
2,1,248706.97271381458,-0.7785,2.23167,-0.005407905807955398
2,1,248711.9727145969,-0.7785,2.1927297,-0.006489468383504286
2,1,248716.9727153792,-0.7785,2.1681387,-0.007571031930042639
2,1,248721.97271616152,-0.7785,2.15142,-0.008652592287699382
2,1,248726.97271694383,-0.7785,2.1380835,-0.0097341517715421
2,1,248731.97271772614,-0.7785,2.1259503,-0.010815709107869201
2,1,248736.97271850845,-0.7785,2.1134162,-0.011897264187200201
2,1,248741.97271929076,-0.7785,2.099659,-0.012978818080259693
2,1,248746.97272007307,-0.7785,2.0836282,-0.014060375065548551
2,1,248751.97272085538,-0.7785,2.0644257,-0.015141932304869094
2,1,248756.9727216377,-0.7785,2.0417454,-0.016223485776791967
2,1,248761.97272242,-0.7785,2.0153968,-0.017305038397461173
2,1,248766.9727232023,-0.7785,1.9862012,-0.01838659043247832
2,1,248771.97272398463,-0.7785,1.9551713,-0.019468141408893795
2,1,248776.97272476694,-0.7785,1.9236447,-0.020549697827855744
2,1,248781.97272554925,-0.7785,1.892118,-0.021631247401846777
2,1,248786.97272633156,-0.7785,1.8617951,-0.022712798688246143
2,1,248791.97272711387,-0.7785,1.8327333,-0.02379435054247247
2,1,248796.97272789618,-0.7785,1.8056585,-0.024875905548671882
2,1,248801.9727286785,-0.7785,1.780762,-0.025957462787598373
2,1,248806.9727294608,-0.7785,1.7583303,-0.02703902440421449
2,1,248811.9727302431,-0.7785,1.7384017,-0.028120580293579236
2,1,248816.97273102542,-0.7785,1.7213008,-0.02920213505630692
2,1,248821.97273180773,-0.7785,1.7072953,-0.030283673514637684
2,1,248826.97273259005,-0.7785,1.6958693,-0.03136522349266874
2,1,248831.97273337236,-0.7785,1.6869653,-0.03244678166343438
2,1,248836.97273415467,-0.7785,1.680297,-0.03352833043207725
2,1,248841.97273493698,-0.7785,1.6752528,-0.03460987961549892
2,1,248846.9727357193,-0.7785,1.6712785,-0.035691435958153675
2,1,248851.9727365016,-0.7785,1.6684506,-0.03677298735316926
2,1,248856.9727372839,-0.7785,1.6660813,-0.03785453301369482
2,1,248861.97273806576,-0.7785,1.6641898,-0.03893607829761506
2,1,248866.97273884807,-0.7785,1.6630434,-0.0400176266758144
2,1,248871.97273963038,-0.7785,1.661897,-0.04109917474656304
2,1,248876.9727404127,-0.7785,1.6610944,-0.04218072001626095
2,1,248881.972741195,-0.7785,1.6603875,-0.04326226901815336
2,1,248886.9727419773,-0.7785,1.6596614,-0.044343815675573224
2,1,248891.97274275962,-0.7785,1.6591073,-0.0454253629550669
2,1,248896.97274354193,-0.7785,1.6588398,-0.04650691058097284
2,1,248901.97274432424,-0.7785,1.6585531,-0.047588461606005834
2,1,248906.97274510656,-0.7785,1.6582284,-0.04867001382176082
2,1,248911.97274588887,-0.7785,1.6578462,-0.049751568950514004
2,1,248916.97274667118,-0.7785,1.6575406,-0.05083312540130152
2,1,248921.9727474535,-0.7785,1.6573876,-0.05191467338433862
2,1,248926.9727482358,-0.7785,1.657273,-0.05299622363775638
2,1,248931.9727490181,-0.7785,1.6572348,-0.054077772433102134
2,1,248936.97274980042,-0.7785,1.6570437,-0.05515933126244611
2,1,248941.97275058273,-0.7785,1.6570246,-0.05624087831131286
2,1,248946.97275136504,-0.7785,1.656738,-0.057322435187763636
2,1,248951.97275214735,-0.7785,1.6566807,-0.058403982877900204
2,1,248956.97275292967,-0.7785,1.6566234,-0.059485530613515115
2,1,248961.97275371198,-0.7785,1.6564132,-0.06056707473168108
2,1,248966.9727544943,-0.7785,1.6562604,-0.061648624507841136
2,1,248971.9727552766,-0.7785,1.6562412,-0.06273017097163863
2,1,248976.9727560589,-0.7785,1.656184,-0.06381171601200436
2,1,248981.97275684122,-0.7785,1.6561266,-0.06489326459611125
2,1,248986.97275762353,-0.7785,1.6558782,-0.06597481991090709
2,1,248991.97275840584,-0.7785,1.6557635,-0.06705636588255234
2,1,248996.97275918815,-0.7785,1.6558208,-0.06813791879479754
2,1,249001.97275997046,-0.7785,1.6557062,-0.0692194684329331
2,1,249006.97276075277,-0.7785,1.6556107,-0.07030101506064668
2,1,249011.9727615351,-0.7785,1.6555343,-0.07138256565225788
2,1,249016.9727623174,-0.7785,1.6552477,-0.07246411222968169
2,1,249021.9727630997,-0.7785,1.655305,-0.07354565833530494
2,1,249026.97276388202,-0.7785,1.6552477,-0.0746272067007257
2,1,249031.97276466433,-0.7785,1.6550757,-0.0757087507211831
2,1,249036.97276544664,-0.7785,1.6550757,-0.07679029862215454
2,1,249041.97276622895,-0.7785,1.6549802,-0.07787184432173438
2,1,249046.97276701126,-0.7785,1.6547127,-0.07895339003104304
2,1,249051.97276779357,-0.7785,1.654598,-0.08003493312879405
2,1,249056.97276857588,-0.7785,1.6547127,-0.08111647859585286
2,1,249061.9727693582,-0.7785,1.6544642,-0.08219802726320427
2,1,249066.9727701405,-0.7785,1.6545025,-0.08327957360325258
2,1,249071.97277092282,-0.7785,1.6542732,-0.08436111868855689
2,1,249076.97277170513,-0.7785,1.6542923,-0.08544266486072873
2,1,249081.97277248744,-0.7785,1.6540056,-0.08652421355077626
2,1,249086.97277326975,-0.7785,1.6537764,-0.08760576266997393
2,1,249091.97277405206,-0.7785,1.6537955,-0.08868731846796475
2,1,249096.97277483437,-0.7785,1.6536617,-0.08976886481699019
2,1,249101.97277561668,-0.7785,1.6536236,-0.09085041180810004
2,1,249106.972776399,-0.7785,1.6536809,-0.09193195743870737
2,1,249111.9727771813,-0.7785,1.6534134,-0.09301350381139917
2,1,249116.97277796362,-0.7785,1.6534134,-0.09409504883960554
2,1,249121.97277874593,-0.7785,1.6531459,-0.095176599365496
2,1,249126.97277952824,-0.7785,1.6530312,-0.09625814928864773
2,1,249131.97278031055,-0.7785,1.6528975,-0.09733970458426743
2,1,249136.97278109286,-0.7785,1.6527447,-0.09842126995687023
2,1,249141.97278187517,-0.7785,1.6527637,-0.09950283321933616
2,1,249146.97278265748,-0.7785,1.6524007,-0.10058438353842498
2,1,249151.9727834398,-0.7785,1.6525153,-0.10166593187393085
2,1,249156.9727842221,-0.7785,1.6524007,-0.10274748221556347
2,1,249161.97278500441,-0.7785,1.6523243,-0.10382903267155755
2,1,249166.97278578673,-0.7785,1.6522096,-0.10491058385076459
2,1,249171.97278656904,-0.7785,1.6520376,-0.10599213504414759
2,1,249176.97278735135,-0.7785,1.6519039,-0.1070736829166247
2,1,249181.97278813366,-0.7785,1.651751,-0.10815523045678935
2,1,249186.97278891597,-0.7785,1.6515791,-0.10923678609058593
2,1,249191.97278969828,-0.7785,1.6514645,-0.11031834189303055
2,1,249196.9727904806,-0.7785,1.6514835,-0.11139989859679343
2,1,249201.9727912629,-0.7785,1.6512924,-0.11248144864075053
2,1,249206.9727920452,-0.7785,1.6511396,-0.113563009866539
2,1,249211.97279282752,-0.7785,1.6508912,-0.1146445718553199
2,1,249216.97279360984,-0.7785,1.6509104,-0.11572612808631198
2,1,249221.97279439215,-0.7785,1.6507002,-0.11680767138281799
2,1,249226.97279517446,-0.7785,1.650662,-0.11788922168487975
2,1,249231.97279595677,-0.7785,1.65049,-0.11897077179182902
2,1,249236.97279673908,-0.7785,1.6503371,-0.1200523228614198
2,1,249241.9727975214,-0.7785,1.6501461,-0.12113387162694336
2,1,249246.9727983037,-0.7785,1.6500696,-0.12221542462942998
2,1,249251.972799086,-0.7785,1.649783,-0.12329697543927366
2,1,249256.97279986832,-0.7785,1.6497257,-0.12437852230149178
2,1,249261.97280065063,-0.7785,1.6495155,-0.12546007384813165
2,1,249266.97280143294,-0.7785,1.6495728,-0.12654162357161777
2,1,249271.97280221526,-0.7785,1.6493244,-0.12762317325629793
2,1,249276.97280299757,-0.7785,1.6491716,-0.1287047231612901
2,1,249281.97280377988,-0.7785,1.6491143,-0.12978627387253777
2,1,249286.9728045622,-0.7785,1.648885,-0.13086782566396066
2,1,249291.9728053445,-0.7785,1.6487895,-0.13194937753129007
2,1,249296.9728061268,-0.7785,1.6484647,-0.1330309280809992
2,1,249301.97280690912,-0.7785,1.6483691,-0.1341124858695004
2,1,249306.97280769143,-0.7785,1.6482736,-0.13519404576848285
2,1,249311.97280847374,-0.7785,1.647987,-0.13627560798735422
2,1,249316.97280925605,-0.7785,1.6477386,-0.1373571699354384
2,1,249321.97281003837,-0.7785,1.6476048,-0.13843873199045992
2,1,249326.97281082068,-0.7785,1.6475857,-0.13952028863426713
2,1,249331.972811603,-0.7785,1.6474137,-0.14060184083823365
2,1,249336.9728123853,-0.7785,1.6472418,-0.14168339228204227
2,1,249341.9728131676,-0.7785,1.6469551,-0.14276494552471905
2,1,249346.97281394992,-0.7785,1.646917,-0.14384650002544788
2,1,249351.97281473223,-0.7785,1.646745,-0.14492805719125934
2,1,249356.97281551454,-0.7785,1.6465157,-0.1460096100233661
2,1,249361.97281629685,-0.7785,1.6465157,-0.14709116736335556
2,1,249366.97281707916,-0.7785,1.6461909,-0.1481727257353299
2,1,249371.97281786148,-0.7785,1.6461145,-0.1492542797644304
2,1,249376.9728186438,-0.7785,1.6459426,-0.15033583936608833
2,1,249381.9728194261,-0.7785,1.6457515,-0.15141739401371612
2,1,249386.9728202084,-0.7785,1.6456559,-0.1524989433120721
2,1,249391.97282099072,-0.7785,1.6455413,-0.15358050302928686
2,1,249396.97282177303,-0.7785,1.6452546,-0.1546620615635216
2,1,249401.97282255534,-0.7785,1.64514,-0.15574361344374218
2,1,249406.97282333765,-0.7785,1.6449299,-0.15682516237358912
2,1,249411.97282411996,-0.7785,1.6448152,-0.15790671187249816
2,1,249416.97282490227,-0.7785,1.644586,-0.15898825972810385
2,1,249421.97282568458,-0.7785,1.6443185,-0.16006980654654235
2,1,249426.9728264669,-0.7785,1.644051,-0.16115136079203085
2,1,249431.9728272492,-0.7785,1.6438025,-0.16223291493432385
2,1,249436.97282803152,-0.7785,1.6437452,-0.16331446027628577
2,1,249441.97282881383,-0.7785,1.6434968,-0.16439600881422226
2,1,249446.97282959614,-0.7785,1.6432675,-0.1654775562365651
2,1,249451.97283037845,-0.7785,1.6432484,-0.16655910682725905
2,1,249456.97283116076,-0.7785,1.643172,-0.16764065417465898
2,1,249461.97283194307,-0.7785,1.6429236,-0.1687222032184402
2,1,249466.97283272538,-0.7785,1.6427516,-0.16980375238047704
2,1,249471.9728335077,-0.7785,1.6425223,-0.17088530084883502
2,1,249476.97283429,-0.7785,1.6423886,-0.17196684770287737
2,1,249481.97283507232,-0.7785,1.6421211,-0.17304839508498707
2,1,249486.97283585463,-0.7785,1.6419492,-0.17412994229579964
2,1,249491.97283663694,-0.7785,1.6418728,-0.17521148802085384
2,1,249496.97283741925,-0.7785,1.6416625,-0.1762930413802531
2,1,249501.97283820156,-0.7785,1.6413186,-0.17737459010117915
2,1,249506.97283898387,-0.7785,1.6411657,-0.17845613648655018
2,1,249511.97283976618,-0.7785,1.6408792,-0.17953768339239226
2,1,249516.9728405485,-0.7785,1.6407263,-0.1806192302310533
2,1,249521.9728413308,-0.7785,1.6406116,-0.1817007741679781
2,1,249526.97284211311,-0.7785,1.6403441,-0.18278231615860926
2,1,249531.97284289543,-0.7785,1.6400766,-0.18386386159461074
2,1,249536.97284367774,-0.7785,1.6399238,-0.18494540892634126
2,1,249541.97284446005,-0.7785,1.63979,-0.186026963278085
2,1,249546.97284524236,-0.7785,1.6396945,-0.18710850815028615
2,1,249551.97284602467,-0.7785,1.6393124,-0.1881900496188336
2,1,249556.97284680698,-0.7785,1.639255,-0.18927159271915422
2,1,249561.9728475893,-0.7785,1.6390449,-0.1903531444032126
2,1,249566.9728483716,-0.7785,1.6389302,-0.1914346903446681
2,1,249571.9728491539,-0.7785,1.6386245,-0.19251624160514275
2,1,249576.97284993622,-0.7785,1.6384335,-0.19359780047654443
2,1,249581.97285071854,-0.7785,1.6383188,-0.194679360151377
2,1,249586.97285150085,-0.7785,1.6381086,-0.19576090974747473
2,1,249591.97285228316,-0.7785,1.6377264,-0.19684245539394352
2,1,249596.97285306547,-0.7785,1.6375736,-0.1979240068784091
2,1,249601.97285384778,-0.7785,1.6373634,-0.19900556218831075
2,1,249606.9728546301,-0.7785,1.637287,-0.20008710603636504
2,1,249611.9728554124,-0.7785,1.637115,-0.20116864946464366
2,1,249616.9728561947,-0.7785,1.6366947,-0.20225019616118736
2,1,249621.97285697702,-0.7785,1.6364654,-0.20333174346206254
2,1,249626.97285775933,-0.7785,1.6361979,-0.20441328592901428
2,1,249631.97285854165,-0.7785,1.6360068,-0.20549482705531186
2,1,249636.97285932396,-0.7785,1.6359304,-0.20657636794720424
2,1,249641.97286010627,-0.7785,1.6355101,-0.20765790985836255
2,1,249646.97286088858,-0.7785,1.6355482,-0.2087394515062604
2,1,249651.9728616709,-0.7785,1.6351662,-0.20982099385361871
2,1,249656.9728624532,-0.7785,1.6350324,-0.2109025381694635
2,1,249661.9728632355,-0.7785,1.634803,-0.21198408075074687
2,1,249666.97286401782,-0.7785,1.6344018,-0.21306562676267163
2,1,249671.97286480013,-0.7785,1.634249,-0.2141471723018653
2,1,249676.97286558244,-0.7785,1.6341535,-0.215228719650305
2,1,249681.97286636475,-0.7785,1.6339815,-0.21631026812519963
2,1,249686.97286714707,-0.7785,1.6335802,-0.21739181733037036
2,1,249691.97286792938,-0.7785,1.6334274,-0.21847336620909308
2,1,249696.9728687117,-0.7785,1.6332554,-0.21955491263820728
2,1,249701.972869494,-0.7785,1.6329114,-0.22063645894795325
2,1,249706.9728702763,-0.7785,1.6327969,-0.22171800622372165
2,1,249711.97287105862,-0.7785,1.632472,-0.22279955366553533
2,1,249716.97287184093,-0.7785,1.6322619,-0.2238811006269422
2,1,249721.97287262324,-0.7785,1.6322619,-0.22496264705286093
2,1,249726.97287340555,-0.7785,1.6318606,-0.2260441935209632
2,1,249731.97287418786,-0.7785,1.6318606,-0.22712573480590517
2,1,249736.97287497018,-0.7785,1.6316314,-0.2282072842684024
2,1,249741.9728757525,-0.7785,1.6313447,-0.22928882734731834
2,1,249746.9728765348,-0.7785,1.6311345,-0.23037036915599637
2,1,249751.9728773171,-0.7785,1.6309626,-0.23145191039001942
2,1,249756.97287809942,-0.7785,1.6304657,-0.2325334570287168
2,1,249761.97287888173,-0.7785,1.6304276,-0.2336150017926958
2,1,249766.97287966404,-0.7785,1.6301028,-0.23469654885109928
2,1,249771.97288044635,-0.7785,1.629969,-0.23577809976227415
2,1,249776.97288122866,-0.7785,1.6297206,-0.236859652585119
2,1,249781.97288201097,-0.7785,1.629606,-0.23794120403437152
2,1,249786.97288279328,-0.7785,1.6291665,-0.2390227573788431
2,1,249791.9728835756,-0.7785,1.6287652,-0.24010430797801086
2,1,249796.9728843579,-0.7785,1.6288226,-0.2411858600275881
2,1,249801.97288514022,-0.7785,1.6284596,-0.24226740994000437
2,1,249806.97288592253,-0.7785,1.6282494,-0.2433489599978626
2,1,249811.97288670484,-0.7785,1.628001,-0.24443050957279738
2,1,249816.97288748715,-0.7785,1.6275997,-0.2455120617269874
2,1,249821.97288826946,-0.7785,1.6272749,-0.24659360427556437
2,1,249826.97288905177,-0.7785,1.6269883,-0.24767515173683896
2,1,249831.97288983408,-0.7785,1.6270647,-0.24875669660976862
2,1,249836.9728906164,-0.7785,1.6267208,-0.2498382433526152
2,1,249841.9728913987,-0.7785,1.6263578,-0.25091978937558007
2,1,249846.97289218102,-0.7785,1.626224,-0.25200133894419346
2,1,249851.97289296333,-0.7785,1.6258992,-0.2530828892286354
2,1,249856.97289374564,-0.7785,1.6257654,-0.25416444749075845
2,1,249861.97289452795,-0.7785,1.6254025,-0.25524599566734507
2,1,249866.97289531026,-0.7785,1.6252687,-0.25632754328870117
2,1,249871.97289609257,-0.7785,1.6250776,-0.25740909144114793
2,1,249876.97289687488,-0.7785,1.6246381,-0.2584906390632756
2,1,249881.9728976572,-0.7785,1.6243324,-0.2595721854937607
2,1,249886.9728984395,-0.7785,1.6241413,-0.2606537331499789
2,1,249891.97289922182,-0.7785,1.6237974,-0.261735284123944
2,1,249896.97290000413,-0.7785,1.6235873,-0.2628168426754111
2,1,249901.97290078644,-0.7785,1.6233007,-0.26389840360914674
2,1,249906.97290156875,-0.7785,1.6230713,-0.26497996589651046
2,1,249911.97290235106,-0.7785,1.6227466,-0.26606152651984827
2,1,249916.97290313337,-0.7785,1.6223644,-0.26714308610477716
2,1,249921.97290391568,-0.7785,1.6223071,-0.26822463370291727
2,1,249926.972904698,-0.7785,1.6219822,-0.26930618108982846
2,1,249931.9729054803,-0.7785,1.6217147,-0.270387726961222
2,1,249936.9729062626,-0.7785,1.621409,-0.2714692831249966
2,1,249941.97290704492,-0.7785,1.6210842,-0.272550843784127
2,1,249946.97290782724,-0.7785,1.620683,-0.2736324021588531
2,1,249951.97290860955,-0.7785,1.6205683,-0.27471395253326497
2,1,249956.97290939186,-0.7785,1.6203008,-0.27579550169422895
2,1,249961.97291017417,-0.7785,1.6200525,-0.27687704974227156
2,1,249966.97291095648,-0.7785,1.6197467,-0.2779585990963446
2,1,249971.9729117388,-0.7785,1.619441,-0.2790401582568487
2,1,249976.9729125211,-0.7785,1.6191545,-0.28012171908464367
2,1,249981.9729133034,-0.7785,1.6187913,-0.281203281031698
2,1,249986.97291408572,-0.7785,1.6186002,-0.2822848420281477
2,1,249991.97291486803,-0.7785,1.6182755,-0.2833663974571493
2,1,249996.97291565035,-0.7785,1.6179698,-0.28444795113966204
2,1,250001.97291643266,-0.7785,1.6177405,-0.2855295066362653
2,1,250006.97291721497,-0.7785,1.6174347,-0.28661106370127537
2,1,250011.97291799728,-0.7785,1.6170144,-0.28769261402564583
2,1,250016.9729187796,-0.7785,1.616766,-0.2887741651479006
2,1,250021.9729195619,-0.7785,1.6164985,-0.2898557126216789
2,1,250026.9729203442,-0.7785,1.616231,-0.29093725836179324
2,1,250031.97292112652,-0.7785,1.6159827,-0.29201880865315927
2,1,250036.97292190883,-0.7785,1.6156195,-0.2931003558989101
2,1,250041.97292269114,-0.7785,1.615352,-0.29418190450068643
2,1,250046.97292347346,-0.7785,1.6150655,-0.2952634580087529
2,1,250051.97292425577,-0.7785,1.614626,-0.29634502016347647
2,1,250056.97292503808,-0.7785,1.614607,-0.2974265784868366
2,1,250061.9729258204,-0.7785,1.6143012,-0.29850813062724474
2,1,250066.9729266027,-0.7785,1.6139954,-0.29958968349755477
2,1,250071.972927385,-0.7785,1.6137471,-0.3006712377873163
2,1,250076.97292816732,-0.7785,1.6132504,-0.30175278961932334
2,1,250081.97292894963,-0.7785,1.6129829,-0.30283434054996905
2,1,250086.97292973194,-0.7785,1.6125624,-0.3039158905994561
2,1,250091.97293051425,-0.7785,1.6123332,-0.3049974397377471
2,1,250096.97293129656,-0.7785,1.6120657,-0.3060789892949098
2,1,250101.97293207888,-0.7785,1.6116644,-0.30716053870367344
2,1,250106.9729328612,-0.7785,1.6115307,-0.3082420982152754
2,1,250111.9729336435,-0.7785,1.611053,-0.3093236582635774
2,1,250116.9729344258,-0.7785,1.6107855,-0.31040521111940017
2,1,250121.97293520812,-0.7785,1.6104034,-0.3114867553137276
2,1,250126.97293599043,-0.7785,1.6101167,-0.31256830055908363
2,1,250131.97293677274,-0.7785,1.6098301,-0.31364984571157895
2,1,250136.9729375546,-0.7785,1.6094671,-0.3147313930838804
2,1,250141.9729383369,-0.7785,1.609085,-0.3158129404966467
2,1,250146.9729391192,-0.7785,1.6089895,-0.3168944883642131
2,1,250151.97293990152,-0.7785,1.6085882,-0.3179760363807513
2,1,250156.97294068383,-0.7785,1.6082634,-0.3190575835788946
2,1,250161.97294146614,-0.7785,1.608015,-0.32013912930131955
2,1,250166.97294224845,-0.7785,1.6076329,-0.3212206759519478
2,1,250171.97294303076,-0.7785,1.6073271,-0.3223022265347971
2,1,250176.97294381307,-0.7785,1.6069068,-0.32338377972613447
2,1,250181.97294459539,-0.7785,1.606601,-0.32446533250121284
2,1,250186.9729453777,-0.7785,1.6063144,-0.3255468828547101
2,1,250191.97294616,-0.7785,1.6060469,-0.3266284321710667
2,1,250196.97294694232,-0.7785,1.6056266,-0.327709983600441
2,1,250201.97294772463,-0.7785,1.6051489,-0.3287915364731021
2,1,250206.97294850694,-0.7785,1.6048433,-0.32987308889211225
2,1,250211.97294928925,-0.7785,1.6045948,-0.33095464676654013
2,1,250216.97295007156,-0.7785,1.6042318,-0.33203620797075173
2,1,250221.97295085387,-0.7785,1.6038878,-0.3331177673387098
2,1,250226.97295163618,-0.7785,1.6036012,-0.3341993196548026
2,1,250231.9729524185,-0.7785,1.6033337,-0.33528087239265786
2,1,250236.9729532008,-0.7785,1.6028752,-0.3363624332418112
2,1,250241.97295398312,-0.7785,1.6024548,-0.3374439948810804
2,1,250246.97295476543,-0.7785,1.6021682,-0.33852554363200416
2,1,250251.97295554774,-0.7785,1.601786,-0.33960709257378197
2,1,250256.97295633005,-0.7785,1.6013849,-0.34068864245232955
2,1,250261.97295711236,-0.7785,1.6011174,-0.3417701996968953
2,1,250266.97295789467,-0.7785,1.6006969,-0.3428517597618237
2,1,250271.97295867698,-0.7785,1.600353,-0.3439333133978547
2,1,250276.9729594593,-0.7785,1.6000283,-0.34501486065878817
2,1,250281.9729602416,-0.7785,1.599627,-0.34609640630498545
2,1,250286.97296102392,-0.7785,1.5992639,-0.3471779524333777
2,1,250291.97296180623,-0.7785,1.5989964,-0.3482594987158645
2,1,250296.97296258854,-0.7785,1.598557,-0.349341046490282
2,1,250301.97296337085,-0.7785,1.5982322,-0.35042260602082165
2,1,250306.97296415316,-0.7785,1.5978118,-0.3515041635886532
2,1,250311.97296493547,-0.7785,1.5974106,-0.35258571607374506
2,1,250316.97296571778,-0.7785,1.597143,-0.3536672630304465
2,1,250321.9729665001,-0.7785,1.5968182,-0.35474881143020615
2,1,250326.9729672824,-0.7785,1.596417,-0.3558303679548008
2,1,250331.9729680647,-0.7785,1.596073,-0.3569119224739607
2,1,250336.97296884703,-0.7785,1.5955954,-0.3579934800864659
2,1,250341.97296962934,-0.7785,1.5952133,-0.3590750372161172
2,1,250346.97297041165,-0.7785,1.5946783,-0.3601565899516214
2,1,250351.97297119396,-0.7785,1.5946019,-0.36123814368943397
2,1,250356.97297197627,-0.7785,1.5940286,-0.3623196985291841
2,1,250361.97297275858,-0.7785,1.593742,-0.36340125168399373
2,1,250366.9729735409,-0.7785,1.5932834,-0.3644828059722784
2,1,250371.9729743232,-0.7785,1.5928248,-0.3655643670962555
2,1,250376.9729751055,-0.7785,1.5924428,-0.36664592766600546
2,1,250381.97297588782,-0.7785,1.592137,-0.36772748614551987
2,1,250386.97297667013,-0.7785,1.5918121,-0.3688090375791659
2,1,250391.97297745245,-0.7785,1.5912007,-0.36989059103456173
2,1,250396.97297823476,-0.7785,1.5907422,-0.37097214169810583
2,1,250401.97297901707,-0.7785,1.5904938,-0.372053690939142
2,1,250406.97297979938,-0.7785,1.5901116,-0.3731352385547363
2,1,250411.9729805817,-0.7785,1.5897104,-0.37421678726186053
2,1,250416.972981364,-0.7785,1.5891372,-0.37529833971349097
2,1,250421.9729821463,-0.7785,1.5890034,-0.3763798877376619
2,1,250426.97298292862,-0.7785,1.5885067,-0.3774614363603628
2,1,250431.97298371093,-0.7785,1.5879526,-0.3785429897977183
2,1,250436.97298449324,-0.7785,1.5876086,-0.37962454498218523
2,1,250441.97298527556,-0.7785,1.5872265,-0.3807061009758548
2,1,250446.97298605787,-0.7785,1.5867679,-0.38178765593327774
2,1,250451.97298684018,-0.7785,1.5865387,-0.38286920883211517
2,1,250456.9729876225,-0.7785,1.5859272,-0.3839507597665027
2,1,250461.9729884048,-0.7785,1.5854686,-0.3850323102149171
2,1,250466.9729891871,-0.7785,1.5851629,-0.38611385964673445
2,1,250471.97298996942,-0.7785,1.5846279,-0.3871954086671043
2,1,250476.97299075173,-0.7785,1.5841694,-0.38827695633790577
2,1,250481.97299153404,-0.7785,1.5836917,-0.3893585071780253
2,1,250486.97299231635,-0.7785,1.5833286,-0.39044005822119465
2,1,250491.97299309867,-0.7785,1.5828892,-0.39152160841016653
2,1,250496.97299388098,-0.7785,1.5823733,-0.3926031667550605
2,1,250501.9729946633,-0.7785,1.5818192,-0.39368472298876794
2,1,250506.9729954456,-0.7785,1.5813606,-0.3947662711237869
2,1,250511.9729962279,-0.7785,1.5809021,-0.3958478194137449
2,1,250516.97299701022,-0.7785,1.5802907,-0.3969293678274289
2,1,250521.97299779253,-0.7785,1.5800232,-0.3980109159932138
2,1,250526.97299857484,-0.7785,1.5796219,-0.39909246384391206
2,1,250531.97299935715,-0.7785,1.5790105,-0.40017401237637484
2,1,250536.97300013946,-0.7785,1.5784945,-0.4012555603183046
2,1,250541.97300092177,-0.7785,1.5781316,-0.40233711301203257
2,1,250546.9730017041,-0.7785,1.5777876,-0.40341866981278873
2,1,250551.9730024864,-0.7785,1.5773481,-0.4045002179280985
2,1,250556.9730032687,-0.7785,1.5768131,-0.4055817647441892
2,1,250561.97300405102,-0.7785,1.5762781,-0.40666331078852236
2,1,250566.97300483333,-0.7785,1.5757049,-0.40774485776322106
2,1,250571.97300561564,-0.7785,1.5752273,-0.4088264110321272
2,1,250576.97300639795,-0.7785,1.5747687,-0.40990796757203357
2,1,250581.97300718026,-0.7785,1.5742337,-0.4109895214923291
2,1,250586.97300796257,-0.7785,1.5737942,-0.41207106654397335
2,1,250591.97300874488,-0.7785,1.5732402,-0.4131526103388802
2,1,250596.9730095272,-0.7785,1.5728197,-0.4142341558181348
2,1,250601.9730103095,-0.7785,1.5723039,-0.4153157019415666
2,1,250606.97301109182,-0.7785,1.5716925,-0.41639725109586806
2,1,250611.97301187413,-0.7785,1.5712721,-0.417478799599002
2,1,250616.97301265644,-0.7785,1.5706798,-0.41856035766034017
2,1,250621.97301343875,-0.7785,1.5702403,-0.4196419171671903
2,1,250626.97301422106,-0.7785,1.5698009,-0.4207234668133228
2,1,250631.97301500337,-0.7785,1.5692849,-0.4218050154084135
2,1,250636.97301578568,-0.7785,1.5688837,-0.42288656561362764
2,1,250641.973016568,-0.7785,1.5683486,-0.4239681167405283
2,1,250646.9730173503,-0.7785,1.5677372,-0.42504966839407243
2,1,250651.97301813262,-0.7785,1.5671641,-0.4261312204410767
2,1,250656.97301891493,-0.7785,1.5665717,-0.42721276909328193
2,1,250661.97301969724,-0.7785,1.5662278,-0.42829431899388654
2,1,250666.97302047955,-0.7785,1.5653871,-0.4293758694381981
2,1,250671.97302126186,-0.7785,1.5649095,-0.4304574222507678
2,1,250676.97302204417,-0.7785,1.5643171,-0.4315389715246461
2,1,250681.97302282648,-0.7785,1.5637057,-0.43262052525086225
2,1,250686.9730236088,-0.7785,1.5632471,-0.4337020780314176
2,1,250691.9730243911,-0.7785,1.5626739,-0.434783630391641
2,1,250696.9730251734,-0.7785,1.5620816,-0.43586518838133104
2,1,250701.97302595573,-0.7785,1.5615656,-0.43694674231272296
2,1,250706.97302673804,-0.7785,1.5609925,-0.4380282881299458
2,1,250711.97302752035,-0.7785,1.5604384,-0.43910983592792374
2,1,250716.97302830266,-0.7785,1.5598079,-0.44019138536434066
2,1,250721.97302908497,-0.7785,1.5592155,-0.44127293291434005
2,1,250726.97302986728,-0.7785,1.5585849,-0.4423544815291599
2,1,250731.9730306496,-0.7785,1.5579354,-0.4434360285338232
2,1,250736.9730314319,-0.7785,1.5574386,-0.44451757600079
2,1,250741.9730322142,-0.7785,1.5566934,-0.445599126012852
2,1,250746.97303299652,-0.7785,1.5561775,-0.44668067335594386
2,1,250751.97303377884,-0.7785,1.5554706,-0.44776222298521157
2,1,250756.97303456115,-0.7785,1.5548592,-0.4488437731496363
2,1,250761.97303534346,-0.7785,1.554305,-0.44992532287857623
2,1,250766.97303612577,-0.7785,1.5537127,-0.45100687364048786
2,1,250771.97303690808,-0.7785,1.5531204,-0.4520884254890617
2,1,250776.9730376904,-0.7785,1.5523943,-0.45316997719134255
2,1,250781.9730384727,-0.7785,1.5517064,-0.45425152966434124
2,1,250786.973039255,-0.7785,1.551095,-0.4553330809005568
2,1,250791.97304003732,-0.7785,1.5502925,-0.4564146400586767
2,1,250796.97304081963,-0.7785,1.5497767,-0.457496195112434
2,1,250801.97304160194,-0.7785,1.5493754,-0.45857774877712826
2,1,250806.97304238426,-0.7785,1.5484582,-0.4596593036543134
2,1,250811.97304316657,-0.7785,1.5478851,-0.4607408576814403
2,1,250816.97304394888,-0.7785,1.5472163,-0.4618224113390085
2,1,250821.9730447312,-0.7785,1.5465666,-0.4629039643589493
2,1,250826.9730455135,-0.7785,1.5457641,-0.4639855184669796
2,1,250831.9730462958,-0.7785,1.5451527,-0.46506707357713944
2,1,250836.97304707812,-0.7785,1.544484,-0.4661486241693599
2,1,250841.97304786043,-0.7785,1.543777,-0.46723018194782434
2,1,250846.97304864274,-0.7785,1.5431274,-0.4683117429796096
2,1,250851.97304942505,-0.7785,1.5424395,-0.46939329847979244
2,1,250856.97305020737,-0.7785,1.5418472,-0.4704748534556829
2,1,250861.97305098968,-0.7785,1.5413504,-0.4715564066018432
2,1,250866.973051772,-0.7785,1.5405288,-0.4726379594933924
2,1,250871.9730525543,-0.7785,1.5396881,-0.47371951986596683
2,1,250876.9730533366,-0.7785,1.5390576,-0.4748010742125117
2,1,250881.97305411892,-0.7785,1.5384462,-0.47588262744220133
2,1,250886.97305490123,-0.7785,1.5377774,-0.476964184803324
2,1,250891.97305568354,-0.7785,1.536994,-0.4780457402276268
2,1,250896.97305646585,-0.7785,1.5363061,-0.47912729374270346
2,1,250901.97305724816,-0.7785,1.5356756,-0.48020884863069363
2,1,250906.97305803047,-0.7785,1.5348731,-0.48129040508532894
2,1,250911.9730588128,-0.7785,1.5341661,-0.48237196047045167
2,1,250916.9730595951,-0.7785,1.5334401,-0.4834535128600502
2,1,250921.9730603774,-0.7785,1.5326757,-0.4845350660716432
2,1,250926.97306115972,-0.7785,1.5318733,-0.48561661756973507
2,1,250931.97306194203,-0.7785,1.5311855,-0.4866981766078642
2,1,250936.97306272434,-0.7785,1.5303257,-0.48777973798388613
2,1,250941.97306350665,-0.7785,1.5295805,-0.48886129160851277
2,1,250946.97306428896,-0.7785,1.5288162,-0.48994284437622
2,1,250951.97306507127,-0.7785,1.5280519,-0.49102439489264327
2,1,250956.97306585358,-0.7785,1.5274787,-0.492105944667641
2,1,250961.9730666359,-0.7785,1.5267144,-0.4931874933506916
2,1,250966.9730674182,-0.7785,1.5260457,-0.49426904052059223
2,1,250971.97306820052,-0.7785,1.5252432,-0.4953505878133579
2,1,250976.97306898283,-0.7785,1.5245553,-0.49643213657625224
2,1,250981.97306976514,-0.7785,1.5237145,-0.4975136864306533
2,1,250986.97307054745,-0.7785,1.5227975,-0.49859523642848963
2,1,250991.97307132976,-0.7785,1.5220714,-0.49967679650168983
2,1,250996.97307211207,-0.7785,1.5212688,-0.5007583568596049
2,1,251001.97307289438,-0.7785,1.5204282,-0.501839918444157
2,1,251006.9730736767,-0.7785,1.5197021,-0.5029214751719273
2,1,251011.973074459,-0.7785,1.5189188,-0.5040030315218638
2,1,251016.97307524132,-0.7785,1.518078,-0.5050845777335369
2,1,251021.97307602363,-0.7785,1.5173901,-0.506166128613628
2,1,251026.97307680594,-0.7785,1.5165876,-0.5072476798657911
2,1,251031.97307758825,-0.7785,1.5157851,-0.5083292241326673
2,1,251036.97307837056,-0.7785,1.5149827,-0.5094107704255518
2,1,251041.97307915287,-0.7785,1.5140082,-0.5104923176586599
2,1,251046.97307993518,-0.7785,1.5132439,-0.5115738652251499
2,1,251051.9730807175,-0.7785,1.5122503,-0.5126554208280283
2,1,251056.9730814998,-0.7785,1.511467,-0.5137369748185812
2,1,251061.97308228211,-0.7785,1.5107026,-0.5148185328588225
2,1,251066.97308306443,-0.7785,1.5097855,-0.5159000897355548
2,1,251071.97308384674,-0.7785,1.508964,-0.516981645564752
2,1,251076.97308462905,-0.7785,1.5080086,-0.518063196401282
2,1,251081.97308541136,-0.7785,1.5073016,-0.5191447385677005
2,1,251086.97308619367,-0.7785,1.5063272,-0.5202262819260033
2,1,251091.97308697598,-0.7785,1.5054865,-0.5213078266891611
2,1,251096.9730877583,-0.7785,1.5046648,-0.5223893712529446
2,1,251101.9730885406,-0.7785,1.503633,-0.5234709205924775
2,1,251106.9730893229,-0.7785,1.5027541,-0.5245524660358037
2,1,251111.97309010522,-0.7785,1.5021236,-0.5256340091968251
2,1,251116.97309088754,-0.7785,1.5010728,-0.5267155591106851
2,1,251121.97309166985,-0.7785,1.5001365,-0.5277971107021212
2,1,251126.97309245216,-0.7785,1.4991429,-0.5288786604683472
2,1,251131.97309323447,-0.7785,1.498264,-0.529960209052166
2,1,251136.97309401678,-0.7785,1.4974806,-0.5310417538668885
2,1,251141.9730947991,-0.7785,1.4964106,-0.5321232914018936
2,1,251146.9730955814,-0.7785,1.495589,-0.5332048288430148
2,1,251151.9730963637,-0.7785,1.4945381,-0.534286365450681
2,1,251156.97309714602,-0.7785,1.4937547,-0.53536790546063
2,1,251161.97309792833,-0.7785,1.4926465,-0.5364494407892599
2,1,251166.97309871064,-0.7785,1.4915764,-0.5375309790483059
2,1,251171.97309949296,-0.7785,1.4907548,-0.5386125164185307
2,1,251176.97310027527,-0.7785,1.4897804,-0.5396940562433675
2,1,251181.97310105758,-0.7785,1.4887104,-0.540775599435582
2,1,251186.9731018399,-0.7785,1.4877933,-0.5418571384613887
2,1,251191.9731026222,-0.7785,1.4867806,-0.5429386791547844
2,1,251196.9731034045,-0.7785,1.4857106,-0.5440202217516412
2,1,251201.97310418682,-0.7785,1.4846789,-0.5451017623548815
2,1,251206.97310496913,-0.7785,1.4837235,-0.5461833016748967
2,1,251211.97310575144,-0.7785,1.4825388,-0.5472648445513986
2,1,251216.97310653375,-0.7785,1.4816599,-0.5483463907131859
2,1,251221.97310731607,-0.7785,1.480609,-0.549427932888426
2,1,251226.97310809838,-0.7785,1.47952,-0.5505094741924415
2,1,251231.9731088807,-0.7785,1.478469,-0.5515910175345782
2,1,251236.973109663,-0.7785,1.4774182,-0.5526725622338596
2,1,251241.9731104453,-0.7785,1.4762144,-0.553754106149797
2,1,251246.97311122762,-0.7785,1.4753355,-0.5548356477271262
2,1,251251.97311200993,-0.7785,1.4742081,-0.5559171877553307
2,1,251256.97311279224,-0.7785,1.4729853,-0.5569987222126467
2,1,251261.97311357455,-0.7785,1.4719154,-0.5580802621364636
2,1,251266.97311435686,-0.7785,1.4707116,-0.5591617998866746
2,1,251271.97311513918,-0.7785,1.4697562,-0.560243342743646
2,1,251276.9731159215,-0.7785,1.4686671,-0.5613248823565651
2,1,251281.9731167038,-0.7785,1.4674251,-0.5624064225571992
2,1,251286.9731174861,-0.7785,1.4664507,-0.5634879600874824
2,1,251291.97311826842,-0.7785,1.4653807,-0.5645694993930932
2,1,251296.97311905073,-0.7785,1.4642152,-0.5656510384433245
2,1,251301.97311983304,-0.7785,1.4629159,-0.566732577055571
2,1,251306.97312061535,-0.7785,1.461865,-0.5678141175462281
2,1,251311.97312139766,-0.7785,1.4607759,-0.568895656326169
2,1,251316.97312217997,-0.7785,1.4594957,-0.5699771953943017
2,1,251321.97312296228,-0.7785,1.4580626,-0.5710587352932204
2,1,251326.9731237446,-0.7785,1.4570118,-0.5721402779616159
2,1,251331.9731245269,-0.7785,1.4556743,-0.5732218148349433
2,1,251336.97312530922,-0.7785,1.4544897,-0.5743033523952109
2,1,251341.97312609153,-0.7785,1.4532859,-0.575384893361278
2,1,251346.97312687384,-0.7785,1.4520822,-0.576466438343996
2,1,251351.97312765615,-0.7785,1.4508402,-0.5775479801483626
2,1,251356.97312843846,-0.7785,1.4496174,-0.5786295226764323
2,1,251361.97312922077,-0.7785,1.4482799,-0.5797110656765476
2,1,251366.97313000308,-0.7785,1.4469997,-0.5807926065901725
2,1,251371.9731307854,-0.7785,1.445624,-0.581874145775819
2,1,251376.9731315677,-0.7785,1.4444011,-0.5829556857768404
2,1,251381.97313235002,-0.7785,1.4430636,-0.5840372248244724
2,1,251386.97313313233,-0.7785,1.441688,-0.5851187620175091
2,1,251391.97313391464,-0.7785,1.440446,-0.5862003030634629
2,1,251396.97313469695,-0.7785,1.4390702,-0.5872818443146587
2,1,251401.97313547926,-0.7785,1.437771,-0.5883633858342707
2,1,251406.97313626157,-0.7785,1.436357,-0.5894449276997553
2,1,251411.97313704388,-0.7785,1.4351342,-0.5905264711336533
2,1,251416.97313782573,-0.7785,1.433854,-0.5916080159417695
2,1,251421.97313860804,-0.7785,1.4323446,-0.5926895606483128
2,1,251426.97313939035,-0.7785,1.4311026,-0.5937711045933074
2,1,251431.97314017266,-0.7785,1.429727,-0.5948526507696515
2,1,251436.97314095497,-0.7785,1.4282174,-0.5959341976992858
2,1,251441.97314173728,-0.7785,1.4269755,-0.5970157425831297
2,1,251446.9731425196,-0.7785,1.4256762,-0.5980972841416768
2,1,251451.9731433019,-0.7785,1.424224,-0.5991788259265693
2,1,251456.97314408422,-0.7785,1.422944,-0.6002603670409361
2,1,251461.97314486653,-0.7785,1.4213771,-0.6013419100099113
2,1,251466.97314564884,-0.7785,1.419753,-0.6024234527697107
2,1,251471.97314643115,-0.7785,1.4184346,-0.6035049925334527
2,1,251476.97314721346,-0.7785,1.4170207,-0.6045865345951591
2,1,251481.97314799577,-0.7785,1.4153775,-0.6056680771553822
2,1,251486.97314877808,-0.7785,1.4138681,-0.6067496215267619
2,1,251491.9731495604,-0.7785,1.412263,-0.6078311667866251
2,1,251496.9731503427,-0.7785,1.4107345,-0.6089127123039505
2,1,251501.973151125,-0.7785,1.4093206,-0.6099942627443646
2,1,251506.97315190732,-0.7785,1.4076965,-0.6110758071101846
2,1,251511.97315268964,-0.7785,1.4061679,-0.6121573524882868
2,1,251516.97315347195,-0.7785,1.4046584,-0.6132389069243811
2,1,251521.97315425426,-0.7785,1.4028815,-0.6143204580826735
2,1,251526.97315503657,-0.7785,1.4015057,-0.6154020060447696
2,1,251531.97315581888,-0.7785,1.3998817,-0.6164835503701909
2,1,251536.9731566012,-0.7785,1.3983148,-0.617565094156243
2,1,251541.9731573835,-0.7785,1.3967863,-0.618646638093797
2,1,251546.9731581658,-0.7785,1.3951432,-0.6197281798693581
2,1,251551.97315894812,-0.7785,1.3934999,-0.620809721258595
2,1,251556.97315973043,-0.7785,1.3917993,-0.6218912655449488
2,1,251561.97316051275,-0.7785,1.3902326,-0.6229728049036674
2,1,251566.97316129506,-0.7785,1.3883219,-0.6240543452624657
2,1,251571.97316207737,-0.7785,1.3867742,-0.6251358863697726
2,1,251576.97316285968,-0.7785,1.3849972,-0.626217437402617
2,1,251581.973163642,-0.7785,1.3832012,-0.6272989834685238
2,1,251586.9731644243,-0.7785,1.3814242,-0.6283805259367305
2,1,251591.9731652066,-0.7785,1.3798001,-0.6294620677443523
2,1,251596.97316598892,-0.7785,1.377985,-0.6305436107361428
2,1,251601.97316677123,-0.7785,1.3762653,-0.6316251540408445
2,1,251606.97316755354,-0.7785,1.3744884,-0.6327066959596819
2,1,251611.97316833586,-0.7785,1.3728642,-0.6337882358630047
2,1,251616.97316911817,-0.7785,1.3708771,-0.6348697775695435
2,1,251621.97316990048,-0.7785,1.369081,-0.6359513178379316
2,1,251626.9731706828,-0.7785,1.3673614,-0.6370328587671364
2,1,251631.9731714651,-0.7785,1.3656992,-0.6381143985457035
2,1,251636.9731722474,-0.7785,1.36354,-0.6391959470436188
2,1,251641.97317302972,-0.7785,1.3615147,-0.640277488895189
2,1,251646.97317381203,-0.7785,1.3596231,-0.6413590311290402
2,1,251651.97317459434,-0.7785,1.3575977,-0.6424405725770771
2,1,251656.97317537665,-0.7785,1.3557444,-0.6435221135312861
2,1,251661.97317615896,-0.7785,1.3536999,-0.6446036498895432
2,1,251666.97317694128,-0.7785,1.3519229,-0.6456851874037
2,1,251671.9731777236,-0.7785,1.3500313,-0.6467667276510145
2,1,251676.9731785059,-0.7785,1.3481398,-0.6478482659376276
2,1,251681.9731792882,-0.7785,1.345866,-0.6489298083229176
2,1,251686.97318007052,-0.7785,1.3440126,-0.6500113471782021
2,1,251691.97318085283,-0.7785,1.3418535,-0.6510928914651187
2,1,251696.97318163514,-0.7785,1.3398664,-0.6521744329026155
2,1,251701.97318241745,-0.7785,1.3375545,-0.6532559831507516
2,1,251706.97318319976,-0.7785,1.3354335,-0.6543375346856494
2,1,251711.97318398207,-0.7785,1.3334464,-0.655419081106495
2,1,251716.97318476439,-0.7785,1.331402,-0.6565006202275897
2,1,251721.9731855467,-0.7785,1.3293002,-0.6575821621967863
2,1,251726.973186329,-0.7785,1.3271028,-0.6586637060385292
2,1,251731.97318711132,-0.7785,1.3248291,-0.6597452488010174
2,1,251736.97318789363,-0.7785,1.3227464,-0.6608267932145343
2,1,251741.97318867594,-0.7785,1.3207974,-0.6619083358019702
2,1,251746.97318945825,-0.7785,1.3187339,-0.6629898787983601
2,1,251751.97319024056,-0.7785,1.316441,-0.6640714215615271
2,1,251756.97319102287,-0.7785,1.3142629,-0.6651529657830078
2,1,251761.97319180518,-0.7785,1.3119892,-0.6662345112248935
2,1,251766.9731925875,-0.7785,1.3096771,-0.6673160562688355
2,1,251771.9731933698,-0.7785,1.3074799,-0.6683975967639761
2,1,251776.97319415212,-0.7785,1.3053207,-0.669479138554604
2,1,251781.97319493443,-0.7785,1.3030661,-0.6705606784385653
2,1,251786.97319571674,-0.7785,1.3006778,-0.6716422186439678
2,1,251791.97319649905,-0.7785,1.2985569,-0.6727237610572786
2,1,251796.97319728136,-0.7785,1.2959392,-0.673805311804352
2,1,251801.97319806367,-0.7785,1.2936273,-0.6748868606428879
2,1,251806.97319884598,-0.7785,1.2914681,-0.6759684045143933
2,1,251811.9731996283,-0.7785,1.2890034,-0.6770499456028088
2,1,251816.9732004106,-0.7785,1.2866341,-0.6781314850085389
2,1,251821.97320119292,-0.7785,1.2841884,-0.6792130221231856
2,1,251826.97320197523,-0.7785,1.2817999,-0.6802945589875325
2,1,251831.97320275754,-0.7785,1.279488,-0.6813760956796286
2,1,251836.97320353985,-0.7785,1.276794,-0.6824576414204052
2,1,251841.97320432216,-0.7785,1.274482,-0.6835391874388732
2,1,251846.97320510447,-0.7785,1.2719216,-0.684620728430802
2,1,251851.97320588678,-0.7785,1.2693613,-0.6857022718540077
2,1,251856.9732066691,-0.7785,1.2668009,-0.6867838137916669
2,1,251861.9732074514,-0.7785,1.2642978,-0.6878653576337839
2,1,251866.9732082337,-0.7785,1.2617376,-0.6889469001784534
2,1,251871.97320901603,-0.7785,1.2591199,-0.690028439738884
2,1,251876.97320979834,-0.7785,1.2564257,-0.6911099789266066
2,1,251881.97321058065,-0.7785,1.2539227,-0.6921915179678013
2,1,251886.97321136296,-0.7785,1.2514198,-0.6932730615153488
2,1,251891.97321214527,-0.7785,1.24863,-0.6943546023437622
2,1,251896.97321292758,-0.7785,1.245936,-0.6954361449080549
2,1,251901.9732137099,-0.7785,1.2431272,-0.6965176870934774
2,1,251906.9732144922,-0.7785,1.2404523,-0.697599229415666
2,1,251911.9732152745,-0.7785,1.2377582,-0.6986807720685776
2,1,251916.97321605682,-0.7785,1.2349303,-0.6997623127882059
2,1,251921.97321683913,-0.7785,1.2321025,-0.7008438544599853
2,1,251926.97321762145,-0.7785,1.2291982,-0.7019253970543983
2,1,251931.97321840376,-0.7785,1.2264277,-0.7030069423530872
2,1,251936.97321918607,-0.7785,1.223447,-0.7040884858125921
2,1,251941.97321996838,-0.7785,1.2206383,-0.7051700318517397
2,1,251946.9732207507,-0.7785,1.2176957,-0.7062515814245353
2,1,251951.973221533,-0.7785,1.2149061,-0.7073331401081956
2,1,251956.9732223153,-0.7785,1.2120591,-0.7084146972394463
2,1,251961.97322309762,-0.7785,1.2090784,-0.7094962557250503
2,1,251966.97322387993,-0.7785,1.2061741,-0.7105778163772897
2,1,251971.97322466224,-0.7785,1.2032317,-0.7116593714690416
2,1,251976.97322544456,-0.7785,1.2004994,-0.7127409184490716
2,1,251977.4712255234,-0.7785,1.2000599,-0.7128486403312295
2,1,251977.47142552328,-0.7785,1.2000791,-0.7128486835942278
2,2,251977.4722255231,0.7785,1.2723019,8.58999854988522e-08
2,2,251982.4722263061,0.7785,1.4435986,0.0010811336904830403
2,2,251987.4722270884,0.7785,1.503098,0.002162178693215052
2,2,251992.47222787072,0.7785,1.5485538,0.003243224307454294
2,2,251997.47222865303,0.7785,1.586959,0.004324263887796137
2,2,252002.47222943534,0.7785,1.6209695,0.005405299071997404
2,2,252007.47223021765,0.7785,1.6520568,0.006486343920956056
2,2,252012.47223099996,0.7785,1.6807747,0.007567387899819348
2,2,252017.47223178227,0.7785,1.7077348,0.008648431854844093
2,2,252022.47223256459,0.7785,1.7335293,0.00972947490288814
2,2,252027.4722333469,0.7785,1.757738,0.01081051667544908
2,2,252032.4722341292,0.7785,1.7813162,0.011891560504863658
2,2,252037.47223491152,0.7785,1.8038815,0.012972593833860423
2,2,252042.47223569383,0.7785,1.8256063,0.014053637036320236
2,2,252047.47223647614,0.7785,1.8468915,0.015134674993657404
2,2,252052.47223725845,0.7785,1.8672405,0.016215717811882496
2,2,252057.47223804076,0.7785,1.8868062,0.01729676119861338
2,2,252062.47223882307,0.7785,1.9059134,0.01837780436800255
2,2,252067.47223960538,0.7785,1.9243517,0.019458844726615486
2,2,252072.4722403877,0.7785,1.9420257,0.02053988870395886
2,2,252077.47224117,0.7785,1.9590119,0.021620931705017887
2,2,252082.47224195232,0.7785,1.9754249,0.02270197486553921
2,2,252087.47224273463,0.7785,1.9910735,0.023783020324567958
2,2,252092.47224351694,0.7785,2.0059962,0.02486406541246176
2,2,252097.47224429902,0.7785,2.0201354,0.025945110094709532
2,2,252102.47224508133,0.7785,2.0335104,0.027026156297296287
2,2,252107.47224586364,0.7785,2.0462549,0.028107201677670085
2,2,252112.47224664595,0.7785,2.0585024,0.029188245101706853
2,2,252117.47224742826,0.7785,2.0698903,0.030269288978676007
2,2,252122.47224821057,0.7785,2.0805137,0.0313503331882457
2,2,252127.47224899288,0.7785,2.0910227,0.03243137791641223
2,2,252132.4722497752,0.7785,2.1009011,0.03351242127803631
2,2,252137.4722505575,0.7785,2.1100724,0.034593463331000676
2,2,252142.47225133982,0.7785,2.1187088,0.03567450544613269
2,2,252147.47225212213,0.7785,2.1270394,0.03675554613375995
2,2,252152.47225290444,0.7785,2.1350644,0.03783657893226213
2,2,252157.47225368675,0.7785,2.1424398,0.03891761954596308
2,2,252162.47225446906,0.7785,2.1495667,0.03999866426953012
2,2,252167.47225525137,0.7785,2.156388,0.041079706042528155
2,2,252172.47225603368,0.7785,2.1627123,0.042160746483481594
2,2,252177.472256816,0.7785,2.1687884,0.043241790530178285
2,2,252182.4722575983,0.7785,2.1747117,0.04432282437872887
2,2,252187.4722583806,0.7785,2.1803865,0.04540386434996791
2,2,252192.47225916293,0.7785,2.1857364,0.04648490808290244
2,2,252197.47225994524,0.7785,2.190666,0.04756595050994556
2,2,252202.47226072755,0.7785,2.195634,0.04864699513096943
2,2,252207.47226150986,0.7785,2.2002387,0.04972803882468741
2,2,252212.47226229217,0.7785,2.204786,0.05080908299199741
2,2,252217.47226307448,0.7785,2.209219,0.0518901296086477
2,2,252222.4722638568,0.7785,2.213174,0.05297117694932886
2,2,252227.4722646391,0.7785,2.217244,0.05405222520379227
2,2,252232.4722654214,0.7785,2.2210271,0.05513327413018546
2,2,252237.47226620372,0.7785,2.2247148,0.05621432003310987
2,2,252242.47226698603,0.7785,2.2282305,0.057295356723547
2,2,252247.47226776835,0.7785,2.2318227,0.05837640415256224
2,2,252252.47226855066,0.7785,2.2353194,0.059457450654072916
2,2,252257.47226933297,0.7785,2.2385483,0.060538497791068444
2,2,252262.47227011528,0.7785,2.2414908,0.06161954758350719
2,2,252267.4722708976,0.7785,2.2446053,0.06270059311624701
2,2,252272.4722716799,0.7785,2.247567,0.06378163966025911
2,2,252277.4722724622,0.7785,2.2505667,0.0648626832337446
2,2,252282.47227324452,0.7785,2.2531843,0.06594372809675339
2,2,252287.47227402683,0.7785,2.256184,0.0670247743423184
2,2,252292.47227480914,0.7785,2.2588592,0.06810581865706049
2,2,252297.47227559146,0.7785,2.2615342,0.06918686390283044
2,2,252302.47227637377,0.7785,2.264018,0.07026790821896661
2,2,252307.47227715608,0.7785,2.2664447,0.07134895564675334
2,2,252312.4722779384,0.7785,2.2687948,0.07242999245695275
2,2,252317.4722787207,0.7785,2.271298,0.07351102782111038
2,2,252322.472279503,0.7785,2.2737436,0.0745920691575342
2,2,252327.47228028532,0.7785,2.2760556,0.07567311384632193
2,2,252332.47228106763,0.7785,2.2783484,0.07675415883435147
2,2,252337.47228184994,0.7785,2.2806795,0.07783520453453398
2,2,252342.47228263225,0.7785,2.2830105,0.07891624257002608
2,2,252347.47228341457,0.7785,2.285055,0.07999727727004226
2,2,252352.47228419688,0.7785,2.287386,0.08107832387247353
2,2,252357.4722849792,0.7785,2.2894304,0.0821593693391383
2,2,252362.4722857615,0.7785,2.291628,0.08324041482994957
2,2,252367.4722865438,0.7785,2.2937486,0.08432145475177967
2,2,252372.47228732612,0.7785,2.2958314,0.08540248934073916
2,2,252377.47228810843,0.7785,2.2978184,0.08648352441010214
2,2,252382.47228889074,0.7785,2.2999394,0.08756455727549398
2,2,252387.47228967305,0.7785,2.3021557,0.08864558784749445
2,2,252392.47229045536,0.7785,2.304162,0.08972662623843554
2,2,252397.47229123767,0.7785,2.305977,0.09080766946836646
2,2,252402.47229202,0.7785,2.3081746,0.0918887138470544
2,2,252407.4722928023,0.7785,2.3100278,0.09296974888623756
2,2,252412.4722935846,0.7785,2.3121297,0.09405078194482129
2,2,252417.47229436692,0.7785,2.313983,0.09513181380595434
2,2,252422.47229514923,0.7785,2.315951,0.09621284657261439
2,2,252427.47229593154,0.7785,2.318072,0.09729387844182055
2,2,252432.47229671385,0.7785,2.3199062,0.09837490846993859
2,2,252437.47229749616,0.7785,2.3219888,0.09945593905601238
2,2,252442.47229827847,0.7785,2.323766,0.10053697307908206
2,2,252447.47229906078,0.7785,2.3258295,0.10161801584640479
2,2,252452.4722998431,0.7785,2.3276446,0.10269905777592793
2,2,252457.4723006254,0.7785,2.3297274,0.1037800999309222
2,2,252462.47230140772,0.7785,2.331485,0.10486114536803962
2,2,252467.47230219003,0.7785,2.3334913,0.10594218845082323
2,2,252472.47230297234,0.7785,2.3356314,0.10702322935904066
2,2,252477.47230375442,0.7785,2.337542,0.10810427324411603
2,2,252482.47230453673,0.7785,2.3395102,0.10918531608224907
2,2,252487.47230531904,0.7785,2.3413253,0.11026635905291304
2,2,252492.47230610135,0.7785,2.343236,0.11134740075798828
2,2,252497.47230688366,0.7785,2.345395,0.11242844157299067
2,2,252502.47230766597,0.7785,2.347172,0.11350947157972718
2,2,252507.47230844828,0.7785,2.3491402,0.11459050284833046
2,2,252512.4723092306,0.7785,2.3511655,0.11567153365756404
2,2,252517.4723100129,0.7785,2.3529997,0.11675256547750033
2,2,252522.47231079522,0.7785,2.3551016,0.11783359810835783
2,2,252527.47231157753,0.7785,2.3570886,0.11891462959862084
2,2,252532.47231235984,0.7785,2.358904,0.11999566177004242
2,2,252537.47231314215,0.7785,2.361235,0.1210766959851682
2,2,252542.47231392446,0.7785,2.3629544,0.12215773698572316
2,2,252547.47231470677,0.7785,2.3648844,0.12323877931611073
2,2,252552.47231548908,0.7785,2.3670242,0.12431981868250169
2,2,252557.4723162714,0.7785,2.3689923,0.12540085813279944
2,2,252562.4723170537,0.7785,2.3711896,0.12648189522738917
2,2,252567.47231783601,0.7785,2.373024,0.1275629335960878
2,2,252572.47231861833,0.7785,2.3751447,0.12864396424040858
2,2,252577.47231940064,0.7785,2.3772848,0.12972499993070297
2,2,252582.47232018295,0.7785,2.3793483,0.13080603787118528
2,2,252587.47232096526,0.7785,2.3813736,0.13188707881591055
2,2,252592.47232174757,0.7785,2.3835328,0.13296811960769694
2,2,252597.47232252988,0.7785,2.3855963,0.13404916017828386
2,2,252602.4723233122,0.7785,2.3875835,0.13513020268267725
2,2,252607.4723240945,0.7785,2.3895898,0.136211243211127
2,2,252612.4723248768,0.7785,2.3916724,0.13729227622653709
2,2,252617.47232565912,0.7785,2.393908,0.1383733117480576
2,2,252622.47232644144,0.7785,2.395876,0.13945435336487821
2,2,252627.47232722375,0.7785,2.398016,0.1405353956567943
2,2,252632.47232800606,0.7785,2.4000795,0.14161643842048113
2,2,252637.47232878837,0.7785,2.402296,0.14269748084017633
2,2,252642.47232957068,0.7785,2.4043405,0.14377851476667325
2,2,252647.472330353,0.7785,2.4064996,0.14485954531051054
2,2,252652.4723311353,0.7785,2.408697,0.14594057249075837
2,2,252657.4723319176,0.7785,2.4108367,0.14702159931979908
2,2,252662.47233269992,0.7785,2.4129386,0.14810263487888375
2,2,252667.47233348223,0.7785,2.4150977,0.14918367205690344
2,2,252672.47233426454,0.7785,2.4174097,0.15026471258224713
2,2,252677.47233504686,0.7785,2.419607,0.15134575038095316
2,2,252682.47233582917,0.7785,2.4218233,0.15242679086389477
2,2,252687.47233661148,0.7785,2.4239824,0.15350782149030104
2,2,252692.4723373938,0.7785,2.426199,0.15458885104378065
2,2,252697.47233817563,0.7785,2.4284153,0.1556698889258504
2,2,252702.47233895794,0.7785,2.4305553,0.15675093245665564
2,2,252707.47233974026,0.7785,2.4327526,0.15783197553978365
2,2,252712.47234052257,0.7785,2.4350836,0.15891301020040116
2,2,252717.47234130488,0.7785,2.4372427,0.1599940403713816
2,2,252722.4723420872,0.7785,2.439459,0.16107508027887676
2,2,252727.4723428695,0.7785,2.4416947,0.16215612149845562
2,2,252732.4723436518,0.7785,2.4438539,0.1632371558113297
2,2,252737.47234443412,0.7785,2.4460702,0.16431818796631364
2,2,252742.47234521643,0.7785,2.4482102,0.16539922602312765
2,2,252747.47234599874,0.7785,2.4504075,0.16648026771635813
2,2,252752.47234678105,0.7785,2.4525666,0.16756130675025782
2,2,252757.47234756337,0.7785,2.454573,0.1686423322179715
2,2,252762.47234834568,0.7785,2.456942,0.16972335933752525
2,2,252767.472349128,0.7785,2.4589674,0.17080439625223479
2,2,252772.4723499103,0.7785,2.4611456,0.17188543339479634
2,2,252777.4723506926,0.7785,2.4634194,0.17296647199510537
2,2,252782.47235147492,0.7785,2.4655213,0.17404751095485027
2,2,252787.47235225723,0.7785,2.4677377,0.17512855236125324
2,2,252792.47235303954,0.7785,2.4699159,0.1762095942987866
2,2,252797.47235382185,0.7785,2.4720368,0.17729063452941182
2,2,252802.47235460416,0.7785,2.4741194,0.17837167714622287
2,2,252807.47235538648,0.7785,2.4761257,0.1794527176957594
2,2,252812.4723561688,0.7785,2.4782274,0.18053375756917728
2,2,252817.4723569511,0.7785,2.4803865,0.1816147958286007
2,2,252822.4723577334,0.7785,2.482431,0.18269582842831478
2,2,252827.47235851572,0.7785,2.4845138,0.18377685441602268
2,2,252832.47235929803,0.7785,2.4865198,0.18485788194760677
2,2,252837.47236008034,0.7785,2.4886599,0.18593890734091068
2,2,252842.47236086265,0.7785,2.4906662,0.18701994429225058
2,2,252847.47236164496,0.7785,2.4925768,0.18810098219037052
2,2,252852.47236242727,0.7785,2.4946022,0.18918201905690957
2,2,252857.47236320958,0.7785,2.4964366,0.19026305175242153
2,2,252862.4723639919,0.7785,2.4984426,0.19134408094559768
2,2,252867.4723647742,0.7785,2.500296,0.19242511356718334
2,2,252872.47236555652,0.7785,2.5024743,0.19350615253101777
2,2,252877.47236633883,0.7785,2.5041556,0.1945871846450202
2,2,252882.47236712114,0.7785,2.505971,0.1956682239103879
2,2,252887.47236790345,0.7785,2.507786,0.19674926153285294
2,2,252892.47236868576,0.7785,2.5096967,0.1978302991332808
2,2,252897.47236946807,0.7785,2.5113974,0.19891133732353306
2,2,252902.47237025038,0.7785,2.5134227,0.19999236746438995
2,2,252907.4723710327,0.7785,2.5148556,0.20107340338775173
2,2,252912.472371815,0.7785,2.516709,0.20215444287525272
2,2,252917.47237259732,0.7785,2.5182376,0.2032354841119679
2,2,252922.47237337963,0.7785,2.5199573,0.204316528738386
2,2,252927.47237416194,0.7785,2.5214667,0.2053975648777848
2,2,252932.47237494425,0.7785,2.5230908,0.20647860534030188
2,2,252937.47237572656,0.7785,2.5247722,0.20755964438572516
2,2,252942.47237650887,0.7785,2.5261672,0.20864068547665401
2,2,252947.47237729118,0.7785,2.5276,0.20972172733314823
2,2,252952.4723780735,0.7785,2.5290523,0.21080277083333324
2,2,252957.4723788558,0.7785,2.5303133,0.21188381523845584
2,2,252962.47237963811,0.7785,2.5317273,0.2129648583869834
2,2,252967.47238042043,0.7785,2.5330648,0.2140458948614762
2,2,252972.47238120274,0.7785,2.534364,0.2151269398190842
2,2,252977.47238198505,0.7785,2.5356824,0.21620798371548777
2,2,252982.47238276736,0.7785,2.5368288,0.2172890185065931
2,2,252987.47238354967,0.7785,2.53809,0.21837005962368508
2,2,252992.47238433198,0.7785,2.5391982,0.21945109691450324
2,2,252997.4723851143,0.7785,2.5401917,0.22053212975154976
2,2,253002.4723858966,0.7785,2.5412998,0.2216131674336128
2,2,253007.4723866789,0.7785,2.5423508,0.22269420910432927
2,2,253012.47238746122,0.7785,2.543287,0.22377525062545794
2,2,253017.47238824354,0.7785,2.5442996,0.22485629400786417
2,2,253022.47238902585,0.7785,2.545408,0.22593733623337736
2,2,253027.47238980816,0.7785,2.546134,0.22701836898319247
2,2,253032.47239059047,0.7785,2.5471084,0.22809940252950114
2,2,253037.47239137278,0.7785,2.5479681,0.22918043879209613
2,2,253042.4723921551,0.7785,2.54879,0.2302614698846968
2,2,253047.4723929374,0.7785,2.549554,0.23134250243033622
2,2,253052.4723937197,0.7785,2.5503757,0.23242353424036158
2,2,253057.47239450202,0.7785,2.551102,0.23350456740490913
2,2,253062.47239528433,0.7785,2.5519426,0.2345856099719437
2,2,253067.47239606665,0.7785,2.5526304,0.23566665311013646
2,2,253072.47239684896,0.7785,2.5531654,0.23674769470539675
2,2,253077.4723976315,0.7785,2.554006,0.2378287357667087
2,2,253082.4723984138,0.7785,2.554713,0.23890977791356363
2,2,253087.47239919612,0.7785,2.5554965,0.23999082062370233
2,2,253092.47239997843,0.7785,2.5559359,0.24107186421644342
2,2,253097.47240076074,0.7785,2.556509,0.2421529090648623
2,2,253102.47240154305,0.7785,2.5571778,0.24323395379727733
2,2,253107.47240232537,0.7785,2.557598,0.2443149995278549
2,2,253112.47240310768,0.7785,2.558095,0.24539604498251927
2,2,253117.47240389,0.7785,2.5587447,0.24647709033379275
2,2,253122.4724046723,0.7785,2.559356,0.2475581354486709
2,2,253127.4724054546,0.7785,2.559891,0.2486391804073087
2,2,253132.47240623692,0.7785,2.5603878,0.2497202270133626
2,2,253137.47240701923,0.7785,2.5608273,0.25080127368729627
2,2,253142.47240780154,0.7785,2.5614004,0.25188231868834277
2,2,253147.47240858385,0.7785,2.5616872,0.2529633617140781
2,2,253152.47240936616,0.7785,2.5621266,0.2540444046442043
2,2,253157.47241014848,0.7785,2.5627763,0.25512544848121516
2,2,253162.4724109308,0.7785,2.5629673,0.2562064927331373
2,2,253167.4724117131,0.7785,2.563617,0.2572875345926912
2,2,253172.4724124954,0.7785,2.5639608,0.2583685761643613
2,2,253177.47241327772,0.7785,2.5642474,0.259449616781771
2,2,253182.47241406003,0.7785,2.5648398,0.2605306608012151
2,2,253187.47241484234,0.7785,2.5651646,0.2616117058014934
2,2,253192.47241562465,0.7785,2.5654511,0.262692749005738
2,2,253197.47241640696,0.7785,2.5657377,0.26377379188359756
2,2,253202.47241718927,0.7785,2.5662537,0.26485483309639474
2,2,253207.47241797158,0.7785,2.5664258,0.26593587477789304
2,2,253212.4724187539,0.7785,2.5668268,0.26701691692975477
2,2,253217.4724195362,0.7785,2.5671709,0.2680979590058689
2,2,253222.47242031852,0.7785,2.567553,0.2691790011763902
2,2,253227.47242110083,0.7785,2.5678396,0.2702600415658618
2,2,253232.47242188314,0.7785,2.5683172,0.27134108288079817
2,2,253237.47242266545,0.7785,2.568451,0.27242212541801714
2,2,253242.47242344776,0.7785,2.568776,0.27350316897122046
2,2,253247.47242423007,0.7785,2.568986,0.2745842145302625
2,2,253252.47242501238,0.7785,2.5693872,0.27566526129399715
2,2,253257.4724257947,0.7785,2.5699222,0.2767463072334261
2,2,253262.472426577,0.7785,2.570075,0.2778273514074582
2,2,253267.47242735932,0.7785,2.570381,0.2789083925979963
2,2,253272.47242814163,0.7785,2.5706484,0.2799894351136649
2,2,253277.47242892394,0.7785,2.5710113,0.2810704755302798
2,2,253282.47242970625,0.7785,2.5711641,0.2821515163384707
2,2,253287.47243048856,0.7785,2.5715082,0.28323256123311963
2,2,253292.47243127087,0.7785,2.571833,0.28431360537972694
2,2,253297.47243205318,0.7785,2.572005,0.2853946468342739
2,2,253302.4724328355,0.7785,2.5724826,0.2864756907364724
2,2,253307.4724336178,0.7785,2.5726163,0.28755673500869317
2,2,253312.47243440012,0.7785,2.5730557,0.2886377792581516
2,2,253317.47243518243,0.7785,2.573075,0.28971882369934493
2,2,253322.47243596474,0.7785,2.573438,0.29079986660322854
2,2,253327.47243674705,0.7785,2.5736864,0.2918809099524151
2,2,253332.47243752936,0.7785,2.5740304,0.29296195337758435
2,2,253337.47243831167,0.7785,2.5741832,0.29404299797761413
2,2,253342.47243909398,0.7785,2.574317,0.2951240428064529
2,2,253347.4724398763,0.7785,2.5748901,0.2962050892913703
2,2,253352.4724406586,0.7785,2.5747945,0.2972861340242621
2,2,253357.4724414409,0.7785,2.5751002,0.29836717780906263
2,2,253362.47244222322,0.7785,2.5754251,0.2994482219542229
2,2,253367.47244300554,0.7785,2.575597,0.30052926581936384
2,2,253372.4724437876,0.7785,2.5757117,0.3016103082031903
2,2,253377.47244456992,0.7785,2.5760748,0.3026913527455095
2,2,253382.47244535224,0.7785,2.5762658,0.303772394805994
2,2,253387.47244613455,0.7785,2.5764568,0.3048534368183444
2,2,253392.47244691686,0.7785,2.5767243,0.3059344787660172
2,2,253397.47244769917,0.7785,2.5766861,0.30701551861484155
2,2,253402.47244848148,0.7785,2.577183,0.30809655974375844
2,2,253407.4724492638,0.7785,2.5771255,0.3091775995317993
2,2,253412.4724500461,0.7785,2.5776415,0.31025864012697646
2,2,253417.4724508284,0.7785,2.5777562,0.3113396819508669
2,2,253422.47245161072,0.7785,2.577909,0.31242072693759837
2,2,253427.47245239303,0.7785,2.5781574,0.31350177420992953
2,2,253432.47245317535,0.7785,2.578463,0.3145828210645381
2,2,253437.47245395766,0.7785,2.5785015,0.3156638685268922
2,2,253442.47245473997,0.7785,2.578807,0.3167449154713813
2,2,253447.47245552228,0.7785,2.5791128,0.31782595836882754
2,2,253452.4724563046,0.7785,2.579151,0.3189070034405254
2,2,253457.4724570869,0.7785,2.5794375,0.31998805091898935
2,2,253462.4724578692,0.7785,2.5797815,0.32106909660785693
2,2,253467.47245865152,0.7785,2.5798771,0.3221501431663894
2,2,253472.47245943383,0.7785,2.580049,0.32323118997121486
2,2,253477.47246021614,0.7785,2.5802019,0.3243122369425592
2,2,253482.47246099846,0.7785,2.5804884,0.32539328151963787
2,2,253487.47246178077,0.7785,2.5806987,0.3264743256540825
2,2,253492.47246256308,0.7785,2.5808516,0.32755536975082394
2,2,253497.4724633454,0.7785,2.5811572,0.3286364130660326
2,2,253502.4724641277,0.7785,2.5813675,0.3297174579846856
2,2,253507.47246491,0.7785,2.5815966,0.3307985015193287
2,2,253512.47246569232,0.7785,2.5817494,0.33187954662588537
2,2,253517.47246647463,0.7785,2.582017,0.33296059198484784
2,2,253522.47246725694,0.7785,2.5819979,0.33404163694698247
2,2,253527.47246803925,0.7785,2.5823228,0.3351226809619198
2,2,253532.47246882156,0.7785,2.5826094,0.3362037222258048
2,2,253537.47246960388,0.7785,2.582915,0.33728476614368924
2,2,253542.4724703862,0.7785,2.5830107,0.3383658098346588
2,2,253547.4724711685,0.7785,2.5829916,0.3394468541412516
2,2,253552.4724719508,0.7785,2.5832973,0.34052789602781963
2,2,253557.47247273312,0.7785,2.5834882,0.3416089393506709
2,2,253562.47247351543,0.7785,2.5836604,0.34268998661082617
2,2,253567.47247429774,0.7785,2.5841188,0.34377103219810423
2,2,253572.47247508005,0.7785,2.5841954,0.34485208060669864
2,2,253577.47247586236,0.7785,2.5842526,0.3459331272528764
2,2,253582.47247664467,0.7785,2.584501,0.34701417267035406
2,2,253587.47247742699,0.7785,2.5848067,0.348095217201259
2,2,253592.4724782093,0.7785,2.5849595,0.3491762600535614
2,2,253597.4724789916,0.7785,2.5851507,0.35025730300132724
2,2,253602.47247977392,0.7785,2.5854754,0.3513383464801274
2,2,253607.47248055623,0.7785,2.5854182,0.3524193879405123
2,2,253612.47248133854,0.7785,2.585781,0.3535004299432796
2,2,253617.47248212085,0.7785,2.585953,0.3545814768949676
2,2,253622.47248290316,0.7785,2.5863543,0.35566252537113047
2,2,253627.47248368547,0.7785,2.5864117,0.3567435728161959
2,2,253632.47248446778,0.7785,2.5865455,0.3578246203219819
2,2,253637.4724852501,0.7785,2.5867748,0.3589056706299909
2,2,253642.4724860324,0.7785,2.5868511,0.3599867192516785
2,2,253647.47248681472,0.7785,2.5871758,0.3610677680507661
2,2,253652.47248759703,0.7785,2.5874052,0.3621488162052593
2,2,253657.47248837934,0.7785,2.5877109,0.36322986671136764
2,2,253662.47248916165,0.7785,2.5878255,0.3643109156089453
2,2,253667.47248994396,0.7785,2.5879593,0.36539196476759794
2,2,253672.47249072627,0.7785,2.5883415,0.366473015047298
2,2,253677.47249150858,0.7785,2.5884752,0.36755406437406885
2,2,253682.4724922909,0.7785,2.5887618,0.36863511211780986
2,2,253687.4724930732,0.7785,2.5887809,0.36971615893187737
2,2,253692.47249385552,0.7785,2.5890484,0.37079720799082466
2,2,253697.47249463783,0.7785,2.5894496,0.37187825485036385
2,2,253702.47249542014,0.7785,2.589507,0.37295929782242193
2,2,253707.47249620245,0.7785,2.5897362,0.3740403411973677
2,2,253712.47249698476,0.7785,2.5900037,0.37512138399762196
2,2,253717.47249776707,0.7785,2.5900228,0.37620242319045416
2,2,253722.47249854938,0.7785,2.5903096,0.3772834625737
2,2,253727.4724993317,0.7785,2.5905771,0.3783645049103593
2,2,253732.472500114,0.7785,2.590749,0.3794455452912544
2,2,253737.4725008963,0.7785,2.5910165,0.3805265874687792
2,2,253742.47250167863,0.7785,2.5913413,0.3816076309081344
2,2,253747.47250246094,0.7785,2.5915132,0.3826886734456514
2,2,253752.472503243,0.7785,2.5916278,0.38376971486203154
2,2,253757.47250402533,0.7785,2.5919528,0.3848507563038894
2,2,253762.47250480764,0.7785,2.5923157,0.38593179777306597
2,2,253767.47250558995,0.7785,2.5923922,0.38701284065257124
2,2,253772.47250637226,0.7785,2.5927744,0.3880938843824527
2,2,253777.47250715457,0.7785,2.5930228,0.38917492668164716
2,2,253782.47250793688,0.7785,2.5931373,0.3902559671465948
2,2,253787.4725087192,0.7785,2.593424,0.39133701013972305
2,2,253792.4725095015,0.7785,2.5937107,0.39241805531882523
2,2,253797.4725102838,0.7785,2.5938635,0.39349909876430644
2,2,253802.47251106612,0.7785,2.5940545,0.3945801437809561
2,2,253807.47251184843,0.7785,2.594303,0.3956611870246822
2,2,253812.47251263075,0.7785,2.594647,0.3967422302528184
2,2,253817.47251341306,0.7785,2.594857,0.3978232729511421
2,2,253822.47251419537,0.7785,2.5951436,0.39890431174872926
2,2,253827.47251497768,0.7785,2.5954301,0.39998535249726586
2,2,253832.47251576,0.7785,2.5956595,0.40106639516637005
2,2,253837.4725165423,0.7785,2.5958889,0.40214743998255276
2,2,253842.4725173246,0.7785,2.596118,0.4032284841339516
2,2,253847.47251810692,0.7785,2.5963855,0.4043095293939671
2,2,253852.47251888923,0.7785,2.5966723,0.40539057580320975
2,2,253857.47251967154,0.7785,2.5968823,0.406471620456791
2,2,253862.47252045386,0.7785,2.5971498,0.4075526636092922
2,2,253867.47252123617,0.7785,2.5974746,0.4086337102273664
2,2,253872.47252201848,0.7785,2.597742,0.4097147523095304
2,2,253877.4725228008,0.7785,2.5981433,0.410795793794446
2,2,253882.4725235831,0.7785,2.5983346,0.4118768337415981
2,2,253887.4725243654,0.7785,2.5985446,0.41295787506558446
2,2,253892.47252514772,0.7785,2.5988312,0.41403891623501593
2,2,253897.47252593003,0.7785,2.5992134,0.4151199555621672
2,2,253902.47252671234,0.7785,2.599328,0.4162009953514664
2,2,253907.47252749465,0.7785,2.5995765,0.41728203592885815
2,2,253912.47252827697,0.7785,2.5999587,0.4183630796308082
2,2,253917.47252905928,0.7785,2.6003025,0.4194441213816234
2,2,253922.4725298416,0.7785,2.6004362,0.4205251633263623
2,2,253927.4725306239,0.7785,2.600742,0.4216062073631249
2,2,253932.4725314062,0.7785,2.6011431,0.4226872471859583
2,2,253937.47253218852,0.7785,2.601468,0.42376828915489667
2,2,253942.47253297083,0.7785,2.6017165,0.4248493309964136
2,2,253947.47253375314,0.7785,2.6020222,0.42593037215221213
2,2,253952.47253453545,0.7785,2.6023278,0.42701141165208106
2,2,253957.47253531776,0.7785,2.6027672,0.42809245258489537
2,2,253962.47253610007,0.7785,2.6030347,0.42917349400005694
2,2,253967.4725368824,0.7785,2.6033597,0.43025453586628326
2,2,253972.47253766423,0.7785,2.6036463,0.4313355815656777
2,2,253977.47253844654,0.7785,2.603952,0.43241662505009726
2,2,253982.47253922885,0.7785,2.6042194,0.43349766572509496
2,2,253987.47254001116,0.7785,2.6044106,0.4345787083981794
2,2,253992.47254079347,0.7785,2.6049838,0.4356597509717771
2,2,253997.4725415758,0.7785,2.6052322,0.43674079511661285
2,2,254002.4725423581,0.7785,2.6056526,0.43782184152967024
2,2,254007.4725431404,0.7785,2.6058054,0.4389028870000073
2,2,254012.47254392272,0.7785,2.606073,0.43998393445392736
2,2,254017.47254470503,0.7785,2.6063976,0.4410649836093845
2,2,254022.47254548734,0.7785,2.60699,0.44214603347827613
2,2,254027.47254626965,0.7785,2.6072383,0.4432270794824357
2,2,254032.47254705196,0.7785,2.6074295,0.4443081258887081
2,2,254037.47254783427,0.7785,2.607716,0.4453891765732562
2,2,254042.47254861658,0.7785,2.6080217,0.44647022487403903
2,2,254047.4725493989,0.7785,2.6086714,0.44755127548455814
2,2,254052.4725501812,0.7785,2.6088433,0.44863232362459055
2,2,254057.47255096352,0.7785,2.6091683,0.4497133730485236
2,2,254062.47255174583,0.7785,2.6094358,0.45079442193221336
2,2,254067.47255252814,0.7785,2.6099324,0.45187546736117157
2,2,254072.47255331045,0.7785,2.6102574,0.45295651565858674
2,2,254077.47255409276,0.7785,2.6106012,0.4540375611537293
2,2,254082.47255487507,0.7785,2.6109643,0.45511860695048456
2,2,254087.47255565738,0.7785,2.6114037,0.45619965537014556
2,2,254092.4725564397,0.7785,2.611843,0.4572807019516357
2,2,254097.472557222,0.7785,2.6120343,0.45836175119489053
2,2,254102.47255800432,0.7785,2.6124547,0.45944279660183474
2,2,254107.47255878663,0.7785,2.6129515,0.460523842698716
2,2,254112.47255956894,0.7785,2.6131425,0.4616048901212211
2,2,254117.47256035125,0.7785,2.6136394,0.4626859355786968
2,2,254122.47256113356,0.7785,2.6138685,0.4637669836571278
2,2,254127.47256191587,0.7785,2.6142316,0.4648480334235955
2,2,254132.47256269818,0.7785,2.6147285,0.4659290793224237
2,2,254137.4725634805,0.7785,2.615187,0.4670101258676213
2,2,254142.4725642628,0.7785,2.6154544,0.4680911735537114
2,2,254147.47256504511,0.7785,2.6159513,0.46917222061723757
2,2,254152.47256582743,0.7785,2.6163332,0.4702532661033765
2,2,254157.47256660974,0.7785,2.6167154,0.47133431169056844
2,2,254162.47256739205,0.7785,2.6171932,0.47241535827854225
2,2,254167.47256817436,0.7785,2.6174798,0.47349640535923787
2,2,254172.47256895667,0.7785,2.617881,0.47457745420136005
2,2,254177.47256973898,0.7785,2.6184542,0.4756584968769347
2,2,254182.4725705213,0.7785,2.6188555,0.4767395389459691
2,2,254187.4725713036,0.7785,2.6193333,0.47782058305533676
2,2,254192.4725720859,0.7785,2.619677,0.4789016280936163
2,2,254197.47257286822,0.7785,2.6200974,0.4799826720590619
2,2,254202.47257365054,0.7785,2.6205752,0.4810637176773046
2,2,254207.47257443285,0.7785,2.6209764,0.482144764736473
2,2,254212.47257521516,0.7785,2.6213968,0.48322580805776794
2,2,254217.47257599747,0.7785,2.6218553,0.4843068531747256
2,2,254222.47257677978,0.7785,2.622314,0.4853878976986634
2,2,254227.4725775621,0.7785,2.622696,0.4864689437925379
2,2,254232.4725783444,0.7785,2.6232884,0.4875499911379146
2,2,254237.4725791267,0.7785,2.6237278,0.48863103661879836
2,2,254242.47257990902,0.7785,2.624129,0.4897120791488979
2,2,254247.47258069133,0.7785,2.6245494,0.49079312126743735
2,2,254252.47258147364,0.7785,2.6251225,0.4918741652982693
2,2,254257.47258225596,0.7785,2.6254282,0.492955208067251
2,2,254262.47258303827,0.7785,2.6260016,0.4940362521228619
2,2,254267.47258382058,0.7785,2.6264791,0.49511729646304853
2,2,254272.4725846029,0.7785,2.6270716,0.4961983402815157
2,2,254277.4725853852,0.7785,2.6274729,0.4972793819250856
2,2,254282.4725861675,0.7785,2.6281416,0.49836042412783976
2,2,254287.47258694982,0.7785,2.6285236,0.4994414668696385
2,2,254292.47258773213,0.7785,2.6288676,0.5005225090376398
2,2,254297.47258851444,0.7785,2.6295364,0.5016035491946235
2,2,254302.47258929675,0.7785,2.6299949,0.5026845823701052
2,2,254307.47259007907,0.7785,2.6305108,0.5037656141656068
2,2,254312.47259086138,0.7785,2.6310458,0.5048466458213191
2,2,254317.4725916437,0.7785,2.6315427,0.5059276771817764
2,2,254322.472592426,0.7785,2.632173,0.5070087063076391
2,2,254327.4725932083,0.7785,2.6327462,0.508089737054407
2,2,254332.47259399062,0.7785,2.6333578,0.5091707652088828
2,2,254337.47259477293,0.7785,2.6338928,0.5102517931873097
2,2,254342.47259555524,0.7785,2.6345234,0.5113328225353718
2,2,254347.47259633755,0.7785,2.6351347,0.5124138542984916
2,2,254352.4725971201,0.7785,2.6356125,0.5134948937535048
2,2,254357.4725979024,0.7785,2.636071,0.5145759336398569
2,2,254362.47259868472,0.7785,2.636606,0.5156569612817857
2,2,254367.47259946703,0.7785,2.6372173,0.5167379933224314
2,2,254372.47260024934,0.7785,2.637695,0.5178190298731254
2,2,254377.47260103165,0.7785,2.6385357,0.5189000627409279
2,2,254382.47260181396,0.7785,2.6390135,0.5199810951923026
2,2,254387.47260259627,0.7785,2.6397204,0.5210621260798998
2,2,254392.47260337858,0.7785,2.6402745,0.5221431559778313
2,2,254397.4726041609,0.7785,2.640752,0.5232241951732298
2,2,254402.4726049432,0.7785,2.6414592,0.5243052308115953
2,2,254407.47260572552,0.7785,2.6422617,0.5253862638498307
2,2,254412.47260650783,0.7785,2.6428921,0.526467296499712
2,2,254417.47260729014,0.7785,2.6434846,0.5275483296595276
2,2,254422.47260807245,0.7785,2.6442297,0.5286293744276954
2,2,254427.47260885476,0.7785,2.6446881,0.5297104175502949
2,2,254432.47260963707,0.7785,2.645529,0.5307914485161794
2,2,254437.47261041938,0.7785,2.6461785,0.5318724806158039
2,2,254442.4726112017,0.7785,2.6468666,0.5329535135823846
2,2,254447.472611984,0.7785,2.6475544,0.5340345456687206
2,2,254452.47261276632,0.7785,2.6482232,0.5351155774367115
2,2,254457.47261354863,0.7785,2.648911,0.5361966104594794
2,2,254462.47261433094,0.7785,2.6496751,0.5372776495865942
2,2,254467.47261511325,0.7785,2.6502676,0.5383586834756527
2,2,254472.47261589556,0.7785,2.6511464,0.5394397164398327
2,2,254477.47261667787,0.7785,2.6518152,0.5405207492666967
2,2,254482.47261746018,0.7785,2.652522,0.5416017807247633
2,2,254487.4726182425,0.7785,2.6533246,0.5426828118403582
2,2,254492.4726190248,0.7785,2.6539552,0.5437638458307844
2,2,254497.47261980711,0.7785,2.6547387,0.544844878971745
2,2,254502.47262058943,0.7785,2.6554074,0.5459259173905613
2,2,254507.47262137174,0.7785,2.6561334,0.5470069521716497
2,2,254512.47262215405,0.7785,2.6570506,0.5480879928495382
2,2,254517.47262293636,0.7785,2.6577,0.5491690232292873
2,2,254522.47262371867,0.7785,2.6586363,0.5502500530412955
2,2,254527.47262450098,0.7785,2.6594772,0.5513310906253983
2,2,254532.4726252833,0.7785,2.6602414,0.5524121227326853
2,2,254537.4726260656,0.7785,2.660853,0.5534931520775486
2,2,254542.4726268479,0.7785,2.6616745,0.5545741809670921
2,2,254547.47262763022,0.7785,2.6626298,0.5556552169229649
2,2,254552.47262841254,0.7785,2.663547,0.5567362470403839
2,2,254557.47262919485,0.7785,2.664273,0.5578172810457974
2,2,254562.47262997716,0.7785,2.6651902,0.5588983175576028
2,2,254567.47263075947,0.7785,2.6659927,0.5599793582754198
2,2,254572.47263154178,0.7785,2.6670053,0.5610604004995025
2,2,254577.4726323241,0.7785,2.6679606,0.5621414409695231
2,2,254582.4726331064,0.7785,2.6688588,0.5632224812398814
2,2,254587.4726338887,0.7785,2.6695466,0.5643035235038064
2,2,254592.47263467102,0.7785,2.6704445,0.5653845636150435
2,2,254597.47263545333,0.7785,2.6715145,0.5664656061824688
2,2,254602.47263623565,0.7785,2.672298,0.5675466507033602
2,2,254607.47263701796,0.7785,2.673349,0.5686276942392152
2,2,254612.47263780027,0.7785,2.6743999,0.5697087387434736
2,2,254617.47263858258,0.7785,2.6752405,0.5707897821121112
2,2,254622.4726393649,0.7785,2.676234,0.571870826505634
2,2,254627.4726401472,0.7785,2.6771894,0.5729518716665501
2,2,254632.4726409295,0.7785,2.6781065,0.5740329178030851
2,2,254637.47264171182,0.7785,2.6789281,0.5751139614627588
2,2,254642.47264249413,0.7785,2.6799982,0.5761950056559604
2,2,254647.47264327644,0.7785,2.6812973,0.5772760502445461
2,2,254652.47264405852,0.7785,2.682291,0.5783570975834226
2,2,254657.47264484083,0.7785,2.683208,0.579438143332153
2,2,254662.47264562314,0.7785,2.6844118,0.5805191902261603
2,2,254667.47264640545,0.7785,2.68531,0.5816002367198926
2,2,254672.47264718777,0.7785,2.6865137,0.5826812803921164
2,2,254677.47264797008,0.7785,2.6876028,0.5837623226472531
2,2,254682.4726487524,0.7785,2.6887681,0.584843365129914
2,2,254687.4726495347,0.7785,2.689991,0.585924406196554
2,2,254692.472650317,0.7785,2.6912332,0.5870054472349248
2,2,254697.47265109932,0.7785,2.6925323,0.5880864911112846
2,2,254702.47265188163,0.7785,2.6936023,0.5891675354397424
2,2,254707.47265266394,0.7785,2.6947489,0.590248579417311
2,2,254712.47265344625,0.7785,2.6961055,0.5913296235134994
2,2,254717.47265422856,0.7785,2.697309,0.5924106666423011
2,2,254722.47265501088,0.7785,2.6984365,0.5934917075368393
2,2,254727.4726557932,0.7785,2.6995637,0.594572749766452
2,2,254732.4726565755,0.7785,2.7009394,0.5956537940431001
2,2,254737.4726573578,0.7785,2.702124,0.5967348403494686
2,2,254742.47265814012,0.7785,2.703385,0.5978158856042223
2,2,254747.47265892243,0.7785,2.7046654,0.5988969319623043
2,2,254752.47265970474,0.7785,2.7059836,0.5999779772769209
2,2,254757.47266048705,0.7785,2.707283,0.6010590220103061
2,2,254762.47266126936,0.7785,2.708544,0.6021400667003787
2,2,254767.47266205167,0.7785,2.710111,0.6032211113115976
2,2,254772.47266283398,0.7785,2.7114675,0.6043021570865608
2,2,254777.4726636163,0.7785,2.7129197,0.6053832017224461
2,2,254782.4726643986,0.7785,2.7144291,0.6064642445859839
2,2,254787.47266518092,0.7785,2.715824,0.6075452857392658
2,2,254792.47266596323,0.7785,2.7173142,0.6086263283630771
2,2,254797.47266674554,0.7785,2.7185562,0.609707369781103
2,2,254802.47266752785,0.7785,2.7201037,0.6107884073850409
2,2,254807.47266831016,0.7785,2.7216325,0.6118694454259967
2,2,254812.47266909247,0.7785,2.7230082,0.6129504851148158
2,2,254817.47266987478,0.7785,2.7246704,0.6140315276735885
2,2,254822.4726706571,0.7785,2.7263327,0.6151125729263752
2,2,254827.4726714394,0.7785,2.7278423,0.6161936182925996
2,2,254832.47267222172,0.7785,2.7295618,0.6172746625086099
2,2,254837.47267300403,0.7785,2.7313387,0.6183557064382595
2,2,254842.47267378634,0.7785,2.7330775,0.6194367509697606
2,2,254847.47267456865,0.7785,2.7348545,0.6205177962137656
2,2,254852.47267535096,0.7785,2.7364404,0.6215988407883077
2,2,254857.47267613327,0.7785,2.7380836,0.6226798846165037
2,2,254862.47267691558,0.7785,2.7398033,0.623760931175417
2,2,254867.4726776979,0.7785,2.7418094,0.6248419768142365
2,2,254872.4726784802,0.7785,2.7436438,0.6259230219473172
2,2,254877.47267926252,0.7785,2.7456882,0.6270040668432377
2,2,254882.47268004483,0.7785,2.7476563,0.6280851127034323
2,2,254887.47268082714,0.7785,2.7493186,0.6291661575261484
2,2,254892.47268160945,0.7785,2.7512293,0.6302471998372075
2,2,254897.47268239176,0.7785,2.7532928,0.6313282406784524
2,2,254902.47268317407,0.7785,2.7550888,0.6324092814384331
2,2,254907.47268395638,0.7785,2.7573054,0.6334903228768934
2,2,254912.4726847387,0.7785,2.759579,0.6345713659591605
2,2,254917.472685521,0.7785,2.7614706,0.6356524083164695
2,2,254922.4726863033,0.7785,2.7635152,0.6367334528167542
2,2,254927.47268708562,0.7785,2.7658079,0.6378144958488705
2,2,254932.47268786794,0.7785,2.7676804,0.6388955397647218
2,2,254937.47268865025,0.7785,2.7701836,0.6399765834230048
2,2,254942.47268943256,0.7785,2.7723043,0.6410576285226639
2,2,254947.47269021487,0.7785,2.7747118,0.6421386734964379
2,2,254952.47269099718,0.7785,2.7771385,0.6432197199759644
2,2,254957.4726917795,0.7785,2.7792594,0.6443007626667183
2,2,254962.4726925618,0.7785,2.7815905,0.6453818032843929
2,2,254967.4726933441,0.7785,2.7841508,0.6464628447211379
2,2,254972.47269412642,0.7785,2.7864053,0.6475438900686994
2,2,254977.47269490873,0.7785,2.7886982,0.6486249369116552
2,2,254982.47269569105,0.7785,2.7914495,0.649705979773703
2,2,254987.47269647336,0.7785,2.7937999,0.6507870198455812
2,2,254992.47269725567,0.7785,2.7962265,0.6518680612433415
2,2,254997.47269803798,0.7785,2.7990544,0.6529491029323334
2,2,255002.4726988203,0.7785,2.8015954,0.6540301441322328
2,2,255007.4726996026,0.7785,2.8044043,0.6551111872779589
2,2,255012.4727003849,0.7785,2.8071556,0.6561922330752374
2,2,255017.47270116722,0.7785,2.8099644,0.657273275893605
2,2,255022.47270194953,0.7785,2.8126585,0.6583543199194963
2,2,255027.47270273184,0.7785,2.8153718,0.6594353636056147
2,2,255032.47270351416,0.7785,2.8181612,0.6605164097631304
2,2,255037.47270429647,0.7785,2.8211038,0.6615974553949531
2,2,255042.47270507878,0.7785,2.8240654,0.662678501224067
2,2,255047.4727058611,0.7785,2.8270843,0.6637595456523658
2,2,255052.4727066434,0.7785,2.8301225,0.6648405890893997
2,2,255057.4727074257,0.7785,2.8334088,0.665921633041484
2,2,255062.47270820802,0.7785,2.8364658,0.6670026792898869
2,2,255067.47270899033,0.7785,2.839504,0.6680837234515941
2,2,255072.47270977264,0.7785,2.8427904,0.6691647646926637
2,2,255077.47271055495,0.7785,2.8460195,0.6702458058225244
2,2,255082.47271133726,0.7785,2.849363,0.6713268475095924
2,2,255087.47271211958,0.7785,2.8526304,0.6724078894116974
2,2,255092.4727129019,0.7785,2.8560123,0.6734889321885569
2,2,255097.4727136842,0.7785,2.8592033,0.6745699735683365
2,2,255102.4727144665,0.7785,2.8627,0.6756510140810407
2,2,255107.47271524882,0.7785,2.8661582,0.6767320566309588
2,2,255112.47271603113,0.7785,2.8693109,0.6778130972722898
2,2,255117.47271681344,0.7785,2.8728075,0.6788941401162508
2,2,255122.47271759575,0.7785,2.8763232,0.6799751786943075
2,2,255127.47271837806,0.7785,2.8797243,0.6810562187422047
2,2,255132.47271916037,0.7785,2.883412,0.68213726064176
2,2,255137.47271994269,0.7785,2.8870614,0.6832183009474672
2,2,255142.472720725,0.7785,2.8907492,0.6842993437792457
2,2,255147.4727215073,0.7785,2.894666,0.6853803882073857
2,2,255152.47272228962,0.7785,2.8985257,0.6864614289505612
2,2,255157.47272307193,0.7785,2.9022706,0.6875424714586666
2,2,255162.47272385424,0.7785,2.9063213,0.6886235153745841
2,2,255167.47272463655,0.7785,2.9104486,0.6897045589521856
2,2,255172.47272541886,0.7785,2.9144037,0.6907856025444036
2,2,255177.47272620117,0.7785,2.9182632,0.6918666460104914
2,2,255182.47272698348,0.7785,2.9222758,0.6929476916402312
2,2,255187.4727277658,0.7785,2.9265366,0.6940287373810409
2,2,255192.4727285481,0.7785,2.9309695,0.6951097834997573
2,2,255197.47272933042,0.7785,2.935173,0.6961908311353059
2,2,255202.47273011273,0.7785,2.9395676,0.6972718803042404
2,2,255207.47273089504,0.7785,2.9439242,0.6983529279550809
2,2,255212.47273167735,0.7785,2.948395,0.6994339745666316
2,2,255217.47273245966,0.7785,2.9528854,0.7005150203645194
2,2,255222.47273324197,0.7785,2.9571843,0.7015960644090439
2,2,255227.47273402428,0.7785,2.96177,0.7026771086885265
2,2,255232.4727348066,0.7785,2.9660501,0.7037581546674833
2,2,255237.4727355889,0.7785,2.9705212,0.7048392007296084
2,2,255242.47273637122,0.7785,2.974973,0.7059202474896475
2,2,255247.47273715353,0.7785,2.97975,0.7070012946384547
2,2,255252.47273793537,0.7785,2.9842782,0.7080823461039462
2,2,255257.47273871768,0.7785,2.9887683,0.709163396619992
2,2,255262.4727395,0.7785,2.9935834,0.7102444469645551
2,2,255267.4727402823,0.7785,2.9983983,0.7113254937807784
2,2,255269.08334053494,0.7785,3.0000415,0.7116737208246422
2,2,255269.08354053507,0.7785,2.9998124,0.7116737640608879
3,1,255269.0843405351,-0.7785,2.9273002,-8.56136679649353e-08
3,1,255274.08434131788,-0.7785,2.6344087,-0.0010816332127882374
3,1,255279.0843421002,-0.7785,2.4877045,-0.0021631807008749906
3,1,255284.0843428825,-0.7785,2.3866854,-0.0032447261447939605
3,1,255289.0843436648,-0.7785,2.3101044,-0.004326269982175694
3,1,255294.08434444712,-0.7785,2.251159,-0.005407814849899874
3,1,255299.08434522944,-0.7785,2.20813,-0.006489358518153428
3,1,255304.08434601175,-0.7785,2.1800044,-0.007570904559344052
3,1,255309.08434679406,-0.7785,2.161241,-0.00865245008488496
3,1,255314.08434757637,-0.7785,2.147293,-0.009733995930463073
3,1,255319.08434835868,-0.7785,2.1355422,-0.010815542549808817
3,1,255324.084349141,-0.7785,2.1243262,-0.011897090265029005
3,1,255329.0843499233,-0.7785,2.1128047,-0.012978638450519905
3,1,255334.0843507056,-0.7785,2.1001177,-0.014060185811171928
3,1,255339.08435148792,-0.7785,2.0851185,-0.015141731785135136
3,1,255344.08435227023,-0.7785,2.067368,-0.01622327884777056
3,1,255349.08435305255,-0.7785,2.0463696,-0.01730482740356525
3,1,255354.08435383486,-0.7785,2.0213583,-0.01838637667002943
3,1,255359.08435461717,-0.7785,1.9935384,-0.019467923261662325
3,1,255364.08435539948,-0.7785,1.9640944,-0.02054946712079313
3,1,255369.0843561818,-0.7785,1.933695,-0.021631011439906228
3,1,255374.0843569641,-0.7785,1.9032383,-0.022712557541867098
3,1,255379.0843577464,-0.7785,1.8734695,-0.023794104336609445
3,1,255384.08435852872,-0.7785,1.8449044,-0.024875651696814435
3,1,255389.08435931103,-0.7785,1.8180782,-0.02595719509963526
3,1,255394.08436009334,-0.7785,1.7931815,-0.027038738667160278
3,1,255399.08436087565,-0.7785,1.7704251,-0.028120282107247253
3,1,255404.08436165797,-0.7785,1.7499614,-0.02920182807630301
3,1,255409.08436244028,-0.7785,1.732058,-0.030283371779051098
3,1,255414.0843632226,-0.7785,1.7168679,-0.031364916181339166
3,1,255419.0843640049,-0.7785,1.7042955,-0.03244646118863755
3,1,255424.0843647872,-0.7785,1.6944935,-0.03352800501950914
3,1,255429.08436556952,-0.7785,1.6865069,-0.03460954972927439
3,1,255434.08436635183,-0.7785,1.6804498,-0.03569109354848002
3,1,255439.08436713414,-0.7785,1.6759597,-0.03677263642445539
3,1,255444.08436791645,-0.7785,1.6725396,-0.037854183072391495
3,1,255449.08436869876,-0.7785,1.669769,-0.03893572776347731
3,1,255454.08436948108,-0.7785,1.667629,-0.0400172728417549
3,1,255459.0843702634,-0.7785,1.6660241,-0.0410988196776675
3,1,255464.0843710457,-0.7785,1.6646483,-0.042180365214755156
3,1,255469.084371828,-0.7785,1.6637886,-0.04326190759114095
3,1,255474.08437261032,-0.7785,1.6626995,-0.04434345187528599
3,1,255479.08437339263,-0.7785,1.6620115,-0.04542499592514835
3,1,255484.08437417494,-0.7785,1.6614001,-0.04650654017689495
3,1,255489.08437495725,-0.7785,1.6608843,-0.04758808158323833
3,1,255494.08437573956,-0.7785,1.660483,-0.048669622648908055
3,1,255499.08437652187,-0.7785,1.6602346,-0.049751166521804224
3,1,255504.08437730419,-0.7785,1.6599671,-0.050832710529953265
3,1,255509.0843780865,-0.7785,1.6594894,-0.05191425512005225
3,1,255514.0843788688,-0.7785,1.6593175,-0.05299580100998947
3,1,255519.08437965112,-0.7785,1.6590309,-0.0540773485246036
3,1,255524.08438043343,-0.7785,1.6589353,-0.055158893059319945
3,1,255529.08438121574,-0.7785,1.6587442,-0.05624043757183687
3,1,255534.08438199805,-0.7785,1.6585914,-0.057321984057936426
3,1,255539.08438278036,-0.7785,1.6583812,-0.05840353039886888
3,1,255544.08438356267,-0.7785,1.658171,-0.05948507880608905
3,1,255549.08438434498,-0.7785,1.6580564,-0.06056662961186968
3,1,255554.0843851273,-0.7785,1.6579226,-0.061648180786056675
3,1,255559.0843859096,-0.7785,1.6578462,-0.06272973399054345
3,1,255564.08438669192,-0.7785,1.6577889,-0.0638112860396306
3,1,255569.08438747423,-0.7785,1.6576551,-0.06489283714871939
3,1,255574.08438825654,-0.7785,1.6575978,-0.06597438689370953
3,1,255579.08438903885,-0.7785,1.6573876,-0.06705593474625882
3,1,255584.08438982116,-0.7785,1.6572348,-0.0681374810941352
3,1,255589.08439060347,-0.7785,1.6572921,-0.06921902822173968
3,1,255594.08439138578,-0.7785,1.6570055,-0.07030057440642518
3,1,255599.0843921681,-0.7785,1.6569482,-0.07138212121332024
3,1,255604.0843929504,-0.7785,1.65691,-0.07246367066072094
3,1,255609.08439373272,-0.7785,1.6566234,-0.07354521745962236
3,1,255614.08439451503,-0.7785,1.656547,-0.07462676240202124
3,1,255619.08439529734,-0.7785,1.6565087,-0.07570830772263806
3,1,255624.08439607965,-0.7785,1.656547,-0.07678985262883704
3,1,255629.08439686196,-0.7785,1.6564513,-0.07787139888951847
3,1,255634.08439764427,-0.7785,1.6561266,-0.07895294260384972
3,1,255639.08439842658,-0.7785,1.6561457,-0.08003448794664941
3,1,255644.0843992089,-0.7785,1.6559546,-0.08111603258886273
3,1,255649.0843999912,-0.7785,1.6558782,-0.08219757580714095
3,1,255654.0844007735,-0.7785,1.6557062,-0.08327911832714413
3,1,255659.08440155583,-0.7785,1.6557254,-0.08436066188181442
3,1,255664.08440233814,-0.7785,1.6553622,-0.08544220938005383
3,1,255669.08440312045,-0.7785,1.6554579,-0.08652375619296235
3,1,255674.08440390276,-0.7785,1.6552668,-0.08760530172483459
3,1,255679.08440468507,-0.7785,1.6551521,-0.08868684641308257
3,1,255684.08440546738,-0.7785,1.6550183,-0.08976839086722667
3,1,255689.0844062497,-0.7785,1.6549228,-0.09084993262319102
3,1,255694.084407032,-0.7785,1.6547508,-0.09193147467741371
3,1,255699.0844078143,-0.7785,1.654598,-0.09301301743850775
3,1,255704.08440859662,-0.7785,1.6545599,-0.09409455913250314
3,1,255709.08440937893,-0.7785,1.6545025,-0.0951761009766625
3,1,255714.08441016125,-0.7785,1.6545025,-0.09625764353280597
3,1,255719.08441094356,-0.7785,1.6542923,-0.09733918645787239
3,1,255724.08441172587,-0.7785,1.6541777,-0.09842072901966836
3,1,255729.08441250818,-0.7785,1.6538719,-0.09950227454104357
3,1,255734.0844132905,-0.7785,1.6537573,-0.10058382068798939
3,1,255739.0844140728,-0.7785,1.6535853,-0.10166536907580163
3,1,255744.0844148551,-0.7785,1.653337,-0.10274691644556323
3,1,255749.08441563742,-0.7785,1.6532797,-0.10382846310958266
3,1,255754.08441641973,-0.7785,1.6532414,-0.10491000826125012
3,1,255759.08441720204,-0.7785,1.6530122,-0.10599155356290604
3,1,255764.08441798436,-0.7785,1.6528593,-0.10707309969802034
3,1,255769.08441876667,-0.7785,1.6527064,-0.10815464693479404
3,1,255774.08441954898,-0.7785,1.6527637,-0.10923619315364956
3,1,255779.0844203313,-0.7785,1.6525536,-0.11031773777063024
3,1,255784.0844211136,-0.7785,1.652286,-0.11139928427734638
3,1,255789.0844218959,-0.7785,1.652267,-0.1124808304914567
3,1,255794.08442267822,-0.7785,1.6520376,-0.1135623748967548
3,1,255799.08442346053,-0.7785,1.6519231,-0.11464391534931791
3,1,255804.08442424284,-0.7785,1.6518084,-0.11572545689685476
3,1,255809.08442502515,-0.7785,1.6516746,-0.11680699820542334
3,1,255814.08442580746,-0.7785,1.65156,-0.11788853865256904
3,1,255819.08442658978,-0.7785,1.6514071,-0.11897007716618312
3,1,255824.0844273721,-0.7785,1.6512543,-0.12005161788379483
3,1,255829.0844281544,-0.7785,1.6510632,-0.1211331603652338
3,1,255834.0844289367,-0.7785,1.6509485,-0.12221470222860574
3,1,255839.08442971902,-0.7785,1.6507957,-0.1232962424200144
3,1,255844.08443050133,-0.7785,1.650662,-0.12437778562026222
3,1,255849.08443128364,-0.7785,1.6505282,-0.12545933027487
3,1,255854.08443206595,-0.7785,1.65049,-0.1265408752967881
3,1,255859.08443284826,-0.7785,1.6501652,-0.1276224182770484
3,1,255864.08443363057,-0.7785,1.6499932,-0.12870396265806422
3,1,255869.0844344129,-0.7785,1.649764,-0.12978550788081022
3,1,255874.0844351952,-0.7785,1.6497066,-0.13086705535492962
3,1,255879.0844359775,-0.7785,1.649401,-0.13194860222835342
3,1,255884.08443675982,-0.7785,1.6493627,-0.13303014810867772
3,1,255889.08443754213,-0.7785,1.6492289,-0.13411169344547058
3,1,255894.08443832444,-0.7785,1.6491143,-0.1351932412562602
3,1,255899.08443910675,-0.7785,1.6489041,-0.13627478703890575
3,1,255904.08443988906,-0.7785,1.6486175,-0.13735633156207536
3,1,255909.08444067137,-0.7785,1.6484838,-0.13843787457139956
3,1,255914.08444145368,-0.7785,1.6483691,-0.1395194173231158
3,1,255919.084442236,-0.7785,1.6482162,-0.14060096017289161
3,1,255924.0844430183,-0.7785,1.6480634,-0.14168250118083422
3,1,255929.08444380062,-0.7785,1.6479297,-0.14276404236333898
3,1,255934.08444458293,-0.7785,1.6477959,-0.14384558283626037
3,1,255939.08444536524,-0.7785,1.6476812,-0.14492712178786593
3,1,255944.08444614755,-0.7785,1.6476239,-0.14600866198588408
3,1,255949.08444692986,-0.7785,1.6473947,-0.14709020296104414
3,1,255954.08444771217,-0.7785,1.6471272,-0.14817174467203678
3,1,255959.08444849448,-0.7785,1.6469934,-0.14925328753260103
3,1,255964.0844492768,-0.7785,1.6468406,-0.150334829403205
3,1,255969.0844500591,-0.7785,1.6466112,-0.15141636991197197
3,1,255974.08445084142,-0.7785,1.6464967,-0.15249790925609397
3,1,255979.08445162373,-0.7785,1.646382,-0.15357945066674875
3,1,255984.08445240604,-0.7785,1.6461527,-0.15466099311279582
3,1,255989.08445318835,-0.7785,1.6459998,-0.155742537636833
3,1,255994.08445397066,-0.7785,1.6456751,-0.156824082435131
3,1,255999.08445475297,-0.7785,1.6456751,-0.15790562749435497
3,1,256004.08445553528,-0.7785,1.6454076,-0.15898717282838615
3,1,256009.0844563176,-0.7785,1.6451974,-0.1600687158088021
3,1,256014.0844570999,-0.7785,1.6451591,-0.16115025949913256
3,1,256019.0844578822,-0.7785,1.6448534,-0.1622318037527567
3,1,256024.08445866453,-0.7785,1.6447961,-0.16331334861129515
3,1,256029.08445944684,-0.7785,1.6443185,-0.16439489277944624
3,1,256034.08446022915,-0.7785,1.6442993,-0.16547643665733927
3,1,256039.08446101146,-0.7785,1.64407,-0.16655797880810494
3,1,256044.08446179377,-0.7785,1.6439172,-0.1676395231847332
3,1,256049.08446257608,-0.7785,1.6436497,-0.1687210678425431
3,1,256054.0844633584,-0.7785,1.6435733,-0.16980261255787807
3,1,256059.0844641407,-0.7785,1.643363,-0.1708841555401252
3,1,256064.084464923,-0.7785,1.6433249,-0.17196569829892447
3,1,256069.08446570532,-0.7785,1.643,-0.17304724233537247
3,1,256074.08446648763,-0.7785,1.6427325,-0.17412879753577043
3,1,256079.08446726995,-0.7785,1.642637,-0.17521034722707335
3,1,256084.08446805226,-0.7785,1.6423886,-0.17629189966477615
3,1,256089.08446883457,-0.7785,1.6420447,-0.17737345745892985
3,1,256094.08446961688,-0.7785,1.6418728,-0.1784550054484208
3,1,256099.0844703992,-0.7785,1.6416817,-0.17953655958708123
3,1,256104.0844711815,-0.7785,1.6414142,-0.18061811833560132
3,1,256109.0844719638,-0.7785,1.6413186,-0.1816996771682103
3,1,256114.08447274612,-0.7785,1.6409746,-0.1827812359971834
3,1,256119.08447352843,-0.7785,1.6409365,-0.18386279202546008
3,1,256124.08447431074,-0.7785,1.6407071,-0.18494434247234126
3,1,256129.08447509306,-0.7785,1.6403824,-0.1860258988550338
3,1,256134.08447587537,-0.7785,1.6402487,-0.18710745902210468
3,1,256139.08447665768,-0.7785,1.6400576,-0.1881890167444712
3,1,256144.08447744,-0.7785,1.6398282,-0.1892705692530075
3,1,256149.0844782223,-0.7785,1.6396754,-0.19035212707029772
3,1,256154.0844790046,-0.7785,1.6393697,-0.19143368727258833
3,1,256159.08447978692,-0.7785,1.639064,-0.1925152506682905
3,1,256164.08448056923,-0.7785,1.639064,-0.1935968076726694
3,1,256169.08448135154,-0.7785,1.6388347,-0.19467836075220166
3,1,256174.08448213385,-0.7785,1.6385863,-0.19575992414245
3,1,256179.08448291617,-0.7785,1.638529,-0.1968414859904944
3,1,256184.08448369848,-0.7785,1.6381469,-0.19792304878154057
3,1,256189.0844844808,-0.7785,1.6379558,-0.19900460988867275
3,1,256194.0844852631,-0.7785,1.637822,-0.20008616432912474
3,1,256199.0844860454,-0.7785,1.6374398,-0.20116771606808562
3,1,256204.08448682772,-0.7785,1.6372488,-0.20224926210504762
3,1,256209.08448761003,-0.7785,1.637115,-0.20333081682491624
3,1,256214.08448839234,-0.7785,1.636924,-0.20441236552820924
3,1,256219.08448917465,-0.7785,1.6367711,-0.20549391946088597
3,1,256224.08448995696,-0.7785,1.6364845,-0.20657547000902882
3,1,256229.08449073927,-0.7785,1.6361979,-0.20765701611270165
3,1,256234.0844915216,-0.7785,1.6359686,-0.20873855933793045
3,1,256239.0844923039,-0.7785,1.6357967,-0.20982010002449478
3,1,256244.0844930862,-0.7785,1.6355674,-0.21090164011622128
3,1,256249.08449386852,-0.7785,1.6354909,-0.21198318191712753
3,1,256254.08449465083,-0.7785,1.6350898,-0.2130647238452036
3,1,256259.08449543314,-0.7785,1.634956,-0.2141462638810607
3,1,256264.08449621545,-0.7785,1.634612,-0.21522780181929457
3,1,256269.08449699776,-0.7785,1.6344591,-0.21630933955775686
3,1,256274.08449778007,-0.7785,1.634268,-0.21739087660412976
3,1,256279.08449856238,-0.7785,1.6339815,-0.21847241292945863
3,1,256284.0844993447,-0.7785,1.6338668,-0.2195539506118263
3,1,256289.084500127,-0.7785,1.6335421,-0.22063548926852464
3,1,256294.08450090932,-0.7785,1.6333319,-0.22171702836225415
3,1,256299.08450169163,-0.7785,1.6331408,-0.22279856771989648
3,1,256304.08450247394,-0.7785,1.632816,-0.22388010373771505
3,1,256309.08450325625,-0.7785,1.6326631,-0.22496164020682688
3,1,256314.08450403856,-0.7785,1.6325102,-0.2260431783837012
3,1,256319.08450482087,-0.7785,1.6323,-0.2271247201275923
3,1,256324.08450560318,-0.7785,1.6320708,-0.22820626134156832
3,1,256329.0845063855,-0.7785,1.6316695,-0.22928780506913843
3,1,256334.0845071678,-0.7785,1.6316504,-0.23036934730280753
3,1,256339.08450795012,-0.7785,1.6312683,-0.23145088823335683
3,1,256344.08450873243,-0.7785,1.6310964,-0.23253242976260166
3,1,256349.08450951474,-0.7785,1.6307906,-0.23361397071785378
3,1,256354.08451029705,-0.7785,1.6307142,-0.23469551217297693
3,1,256359.08451107936,-0.7785,1.6303893,-0.23577705459160256
3,1,256364.08451186167,-0.7785,1.6299881,-0.23685859689833702
3,1,256369.08451264352,-0.7785,1.6297779,-0.23794013911978718
3,1,256374.08451342583,-0.7785,1.6295296,-0.23902168285611586
3,1,256379.08451420814,-0.7785,1.6292429,-0.24010322590522948
3,1,256384.08451499045,-0.7785,1.6289946,-0.2411847688159047
3,1,256389.08451577276,-0.7785,1.6288226,-0.24226631489475553
3,1,256394.08451655507,-0.7785,1.6284404,-0.24334786176552692
3,1,256399.08451733738,-0.7785,1.6281538,-0.24442940796327575
3,1,256404.0845181197,-0.7785,1.6279436,-0.24551095314285143
3,1,256409.084518902,-0.7785,1.6276952,-0.2465924967772363
3,1,256414.08451968431,-0.7785,1.6273896,-0.24767404124126485
3,1,256419.08452046663,-0.7785,1.6272367,-0.24875558427982844
3,1,256424.08452124894,-0.7785,1.6270074,-0.2498371257592405
3,1,256429.08452203125,-0.7785,1.626587,-0.25091867162535575
3,1,256434.08452281356,-0.7785,1.6264151,-0.2520002167152761
3,1,256439.08452359587,-0.7785,1.6261858,-0.2530817625557978
3,1,256444.08452437818,-0.7785,1.6258801,-0.25416330652883967
3,1,256449.0845251605,-0.7785,1.6257845,-0.25524485112095197
3,1,256454.0845259428,-0.7785,1.6253068,-0.2563263954893217
3,1,256459.0845267251,-0.7785,1.625154,-0.25740793821016933
3,1,256464.08452750742,-0.7785,1.6248674,-0.25848948138169764
3,1,256469.08452828974,-0.7785,1.6247146,-0.25957102339476
3,1,256474.08452907205,-0.7785,1.6244471,-0.26065256481781257
3,1,256479.08452985436,-0.7785,1.6241223,-0.2617341030380791
3,1,256484.08453063667,-0.7785,1.6238548,-0.26281564328043316
3,1,256489.08453141898,-0.7785,1.6236446,-0.2638971830569736
3,1,256494.0845322013,-0.7785,1.6233962,-0.2649787217823663
3,1,256499.0845329836,-0.7785,1.6229758,-0.26606026169835184
3,1,256504.0845337659,-0.7785,1.6228038,-0.2671418046829964
3,1,256509.08453454822,-0.7785,1.6225172,-0.2682233460491994
3,1,256514.08453533053,-0.7785,1.6222688,-0.26930488807978553
3,1,256519.08453611284,-0.7785,1.6218867,-0.27038642983642874
3,1,256524.08453689516,-0.7785,1.6218103,-0.27146797313016313
3,1,256529.08453767747,-0.7785,1.6214664,-0.27254951718898934
3,1,256534.08453845978,-0.7785,1.621218,-0.27363106097588596
3,1,256539.0845392421,-0.7785,1.6209122,-0.27471260810987475
3,1,256544.0845400244,-0.7785,1.6204919,-0.27579415313785594
3,1,256549.0845408067,-0.7785,1.6203581,-0.27687569923825384
3,1,256554.08454158902,-0.7785,1.619976,-0.2779572465333507
3,1,256559.08454237133,-0.7785,1.6197276,-0.27903879407380344
3,1,256564.08454315364,-0.7785,1.6195365,-0.2801203396856883
3,1,256569.08454393595,-0.7785,1.6191353,-0.28120188473252444
3,1,256574.08454471827,-0.7785,1.6189634,-0.2822834305170707
3,1,256579.08454550058,-0.7785,1.6186194,-0.2833649770126143
3,1,256584.0845462829,-0.7785,1.6182755,-0.28444652287753747
3,1,256589.0845470652,-0.7785,1.6178743,-0.2855280664702653
3,1,256594.0845478475,-0.7785,1.6177979,-0.2866096108522083
3,1,256599.08454862982,-0.7785,1.6173774,-0.2876911565970943
3,1,256604.08454941213,-0.7785,1.6170527,-0.288772703069402
3,1,256609.08455019444,-0.7785,1.6168807,-0.2898542483449246
3,1,256614.08455097675,-0.7785,1.616422,-0.2909357935724688
3,1,256619.08455175906,-0.7785,1.616231,-0.2920173389603859
3,1,256624.08455254138,-0.7785,1.6160017,-0.29309888163847386
3,1,256629.0845533237,-0.7785,1.6155814,-0.2941804228433734
3,1,256634.084554106,-0.7785,1.6154286,-0.2952619659654365
3,1,256639.0845548883,-0.7785,1.6150273,-0.29634350971474577
3,1,256644.08455567062,-0.7785,1.6147406,-0.2974250540791683
3,1,256649.08455645293,-0.7785,1.6144923,-0.2985066011520491
3,1,256654.08455723524,-0.7785,1.6142629,-0.29958814905993797
3,1,256659.08455801755,-0.7785,1.6139,-0.3006696978838509
3,1,256664.08455879986,-0.7785,1.613384,-0.30175124738271025
3,1,256669.08455958217,-0.7785,1.6132504,-0.302832797209127
3,1,256674.08456036448,-0.7785,1.6129063,-0.30391434278163965
3,1,256679.0845611468,-0.7785,1.612658,-0.30499588660762034
3,1,256684.0845619291,-0.7785,1.6123141,-0.30607743236805984
3,1,256689.08456271142,-0.7785,1.6120847,-0.30715897916819973
3,1,256694.08456349373,-0.7785,1.6116835,-0.3082405253187218
3,1,256699.08456427604,-0.7785,1.6113396,-0.3093220747261278
3,1,256704.08456505835,-0.7785,1.611053,-0.3104036218853393
3,1,256709.08456584066,-0.7785,1.6107664,-0.31148517024229955
3,1,256714.08456662297,-0.7785,1.6104225,-0.31256671727323193
3,1,256719.08456740528,-0.7785,1.6100022,-0.3136482666999399
3,1,256724.0845681876,-0.7785,1.60962,-0.3147298139446642
3,1,256729.0845689699,-0.7785,1.6092951,-0.3158113643355965
3,1,256734.08456975222,-0.7785,1.6091232,-0.3168929139721724
3,1,256739.08457053453,-0.7785,1.608722,-0.31797446374368993
3,1,256744.08457131684,-0.7785,1.6084354,-0.3190560178156428
3,1,256749.08457209915,-0.7785,1.6081105,-0.3201375696571866
3,1,256754.08457288146,-0.7785,1.6079004,-0.32121912315350765
3,1,256759.08457366377,-0.7785,1.6074035,-0.32230067694769626
3,1,256764.08457444608,-0.7785,1.6071934,-0.3233822281679179
3,1,256769.0845752284,-0.7785,1.6066966,-0.3244637794715165
3,1,256774.0845760107,-0.7785,1.60641,-0.3255453294500873
3,1,256779.08457679302,-0.7785,1.6060278,-0.3266268816804752
3,1,256784.08457757533,-0.7785,1.6057794,-0.327708430210471
3,1,256789.08457835764,-0.7785,1.6053591,-0.32878997760537587
3,1,256794.08457913995,-0.7785,1.6051298,-0.3298715240012439
3,1,256799.08457992226,-0.7785,1.6047286,-0.33095306832400284
3,1,256804.08458070457,-0.7785,1.6044037,-0.3320346130515568
3,1,256809.08458148688,-0.7785,1.603907,-0.33311615682836365
3,1,256814.0845822692,-0.7785,1.6035631,-0.3341977011957234
3,1,256819.0845830515,-0.7785,1.6033337,-0.3352792486162615
3,1,256824.0845838338,-0.7785,1.6028179,-0.33636079431536453
3,1,256829.08458461612,-0.7785,1.6026077,-0.33744234099353343
3,1,256834.08458539844,-0.7785,1.6022065,-0.3385238867047196
3,1,256839.08458618075,-0.7785,1.601958,-0.3396054339957435
3,1,256844.08458696306,-0.7785,1.6014804,-0.340686975627866
3,1,256849.08458774537,-0.7785,1.6011746,-0.3417685171366466
3,1,256854.08458852768,-0.7785,1.6008116,-0.3428500595452321
3,1,256859.08458931,-0.7785,1.6004486,-0.3439316011268827
3,1,256864.0845900923,-0.7785,1.6001047,-0.3450131440826621
3,1,256869.0845908746,-0.7785,1.5998372,-0.3460946894149184
3,1,256874.08459165692,-0.7785,1.5993977,-0.34717623786445456
3,1,256879.08459243923,-0.7785,1.5989964,-0.34825778396297824
3,1,256884.08459322155,-0.7785,1.598557,-0.3493393334962957
3,1,256889.08459400386,-0.7785,1.5983659,-0.350420882421967
3,1,256894.08459478617,-0.7785,1.5981367,-0.35150242890539096
3,1,256899.08459556848,-0.7785,1.5976971,-0.35258397377197936
3,1,256904.0845963508,-0.7785,1.5972768,-0.35366551898072157
3,1,256909.0845971331,-0.7785,1.5969329,-0.35474706324946875
3,1,256914.0845979154,-0.7785,1.5965507,-0.3558286096043255
3,1,256919.08459869772,-0.7785,1.5960922,-0.35691015629774325
3,1,256924.08459948003,-0.7785,1.5957674,-0.3579917021051148
3,1,256929.08460026234,-0.7785,1.5954808,-0.3590732483942243
3,1,256934.08460104465,-0.7785,1.5949839,-0.3601547949195139
3,1,256939.08460182697,-0.7785,1.5945445,-0.3612363424945142
3,1,256944.08460260928,-0.7785,1.5943344,-0.362317889321857
3,1,256949.0846033916,-0.7785,1.5937802,-0.36339943256333795
3,1,256954.0846041739,-0.7785,1.5934936,-0.36448097887966363
3,1,256959.0846049562,-0.7785,1.5931115,-0.3655625261325869
3,1,256964.08460573852,-0.7785,1.5928057,-0.3666440721448991
3,1,256969.08460652083,-0.7785,1.5924618,-0.36772561695067746
3,1,256974.08460730314,-0.7785,1.5920796,-0.36880716373817124
3,1,256979.08460808545,-0.7785,1.5916593,-0.3698887131130662
3,1,256984.08460886776,-0.7785,1.5911626,-0.3709702607846359
3,1,256989.08460965008,-0.7785,1.590723,-0.3720518111868302
3,1,256994.0846104324,-0.7785,1.5903791,-0.37313336010204085
3,1,256999.0846112147,-0.7785,1.5900925,-0.3742149072222113
3,1,257004.084611997,-0.7785,1.5896149,-0.37529645280523094
3,1,257009.08461277932,-0.7785,1.5890989,-0.3763779976687
3,1,257014.08461356163,-0.7785,1.5888314,-0.3774595425799223
3,1,257019.08461434394,-0.7785,1.5883347,-0.3785410859392748
3,1,257024.08461512625,-0.7785,1.5879143,-0.3796226276334987
3,1,257029.08461590856,-0.7785,1.5875514,-0.3807041695352659
3,1,257034.08461669087,-0.7785,1.5871692,-0.3817857108316752
3,1,257039.08461747319,-0.7785,1.5866151,-0.38286725235267804
3,1,257044.0846182555,-0.7785,1.5862712,-0.38394879526460163
3,1,257049.0846190378,-0.7785,1.585889,-0.38503033841355966
3,1,257054.08461982012,-0.7785,1.5853922,-0.3861118800432251
3,1,257059.08462060243,-0.7785,1.584991,-0.3871934230407244
3,1,257064.08462138474,-0.7785,1.5843413,-0.3882749664964377
3,1,257069.08462216705,-0.7785,1.5840164,-0.38935650760669505
3,1,257074.08462294936,-0.7785,1.5836344,-0.39043804638827834
3,1,257079.08462373167,-0.7785,1.5833095,-0.3915195869443813
3,1,257084.08462451398,-0.7785,1.5828701,-0.3926011304081512
3,1,257089.0846252963,-0.7785,1.5822968,-0.3936826840126646
3,1,257094.0846260786,-0.7785,1.5818192,-0.3947642314866416
3,1,257099.08462686092,-0.7785,1.5813988,-0.39584578402728493
3,1,257104.08462764323,-0.7785,1.5810549,-0.39692733962130533
3,1,257109.08462842554,-0.7785,1.5805199,-0.39800889520573274
3,1,257114.08462920785,-0.7785,1.5800232,-0.39909044696110807
3,1,257119.08462999016,-0.7785,1.5794882,-0.4001720059478845
3,1,257124.08463077247,-0.7785,1.5792015,-0.4012535645125143
3,1,257129.08463155478,-0.7785,1.5787047,-0.4023351255964967
3,1,257134.0846323371,-0.7785,1.5782653,-0.40341668635836897
3,1,257139.0846331194,-0.7785,1.5778831,-0.4044982466272181
3,1,257144.08463390172,-0.7785,1.5772717,-0.40557979680113654
3,1,257149.08463468403,-0.7785,1.5768895,-0.40666134587194186
3,1,257154.08463546634,-0.7785,1.57624,-0.4077428922961519
3,1,257159.08463624865,-0.7785,1.5758387,-0.40882444107148375
3,1,257164.08463703096,-0.7785,1.5754565,-0.40990599197258876
3,1,257169.08463781327,-0.7785,1.5747113,-0.4109875410950349
3,1,257174.08463859558,-0.7785,1.5742337,-0.4120690901510847
3,1,257179.0846393779,-0.7785,1.5738897,-0.41315063905343735
3,1,257184.0846401602,-0.7785,1.5733739,-0.4142321872939533
3,1,257189.0846409425,-0.7785,1.5729344,-0.4153137371669974
3,1,257194.08464172482,-0.7785,1.5725522,-0.41639528873697906
3,1,257199.08464250714,-0.7785,1.5719408,-0.4174768391399018
3,1,257204.08464328945,-0.7785,1.5712721,-0.4185583892531692
3,1,257209.08464407176,-0.7785,1.5709281,-0.4196399415721594
3,1,257214.08464485407,-0.7785,1.5704123,-0.4207214907666609
3,1,257219.08464563638,-0.7785,1.5698773,-0.4218030392861
3,1,257224.0846464187,-0.7785,1.5693996,-0.4228845876955388
3,1,257229.084647201,-0.7785,1.568941,-0.42396613753813817
3,1,257234.0846479833,-0.7785,1.5683869,-0.4250476838271285
3,1,257239.08464876562,-0.7785,1.567871,-0.42612923128438973
3,1,257244.08464954793,-0.7785,1.5673552,-0.4272107749080623
3,1,257249.08465033025,-0.7785,1.5668201,-0.42829231985965355
3,1,257254.08465111256,-0.7785,1.5662851,-0.4293738651998505
3,1,257259.08465189487,-0.7785,1.5658648,-0.4304554088922969
3,1,257264.08465267718,-0.7785,1.5651006,-0.43153695155877847
3,1,257269.0846534595,-0.7785,1.5647374,-0.4326184946807091
3,1,257274.0846542418,-0.7785,1.564126,-0.4337000388405983
3,1,257279.0846550241,-0.7785,1.5633999,-0.4347815840116108
3,1,257284.08465580642,-0.7785,1.5629414,-0.4358631306348143
3,1,257289.08465658873,-0.7785,1.5625019,-0.4369446759714979
3,1,257294.08465737104,-0.7785,1.561795,-0.4380262221714455
3,1,257299.08465815336,-0.7785,1.561279,-0.4391077678756447
3,1,257304.08465893567,-0.7785,1.560725,-0.44018931312348425
3,1,257309.08465971798,-0.7785,1.5601518,-0.4412708549930683
3,1,257314.0846605003,-0.7785,1.5595785,-0.44235239886765654
3,1,257319.0846612826,-0.7785,1.5590245,-0.44343394548063453
3,1,257324.0846620649,-0.7785,1.5584513,-0.44451549307129423
3,1,257329.08466284722,-0.7785,1.5577825,-0.4455970415416026
3,1,257334.08466362953,-0.7785,1.5572857,-0.4466785932289856
3,1,257339.08466441184,-0.7785,1.5565788,-0.4477601452427504
3,1,257344.08466519415,-0.7785,1.5559483,-0.44884169450775757
3,1,257349.08466597646,-0.7785,1.5552603,-0.44992324043970944
3,1,257354.08466675878,-0.7785,1.5548018,-0.4510047862388688
3,1,257359.0846675411,-0.7785,1.5541904,-0.45208633289663636
3,1,257364.0846683234,-0.7785,1.553579,-0.45316787866915575
3,1,257369.0846691057,-0.7785,1.5529866,-0.4542494230803978
3,1,257374.08466988802,-0.7785,1.5521841,-0.45533096666637707
3,1,257379.08467067033,-0.7785,1.551611,-0.45641251072882927
3,1,257384.08467145264,-0.7785,1.551095,-0.45749405690395484
3,1,257389.08467223495,-0.7785,1.5503117,-0.4585756040211351
3,1,257394.08467301726,-0.7785,1.5498148,-0.4596571488787994
3,1,257399.08467379957,-0.7785,1.5491843,-0.4607386921113761
3,1,257404.08467458189,-0.7785,1.5486493,-0.4618202348901065
3,1,257409.0846753642,-0.7785,1.5478086,-0.4629017772677407
3,1,257414.0846761465,-0.7785,1.547178,-0.46398332037057793
3,1,257419.08467692882,-0.7785,1.5465666,-0.4650648661923937
3,1,257424.08467771113,-0.7785,1.5460316,-0.4661464117031228
3,1,257429.08467849344,-0.7785,1.5454202,-0.4672279554051788
3,1,257434.08467927575,-0.7785,1.5447133,-0.4683095055568415
3,1,257439.08468005806,-0.7785,1.543949,-0.46939105608774867
3,1,257444.08468084037,-0.7785,1.5433567,-0.47047260378636235
3,1,257449.08468162268,-0.7785,1.542707,-0.4715541496698391
3,1,257454.084682405,-0.7785,1.5420191,-0.47263569344536116
3,1,257459.0846831873,-0.7785,1.5411975,-0.47371723785572234
3,1,257464.08468396962,-0.7785,1.5406817,-0.4747987807094354
3,1,257469.08468475193,-0.7785,1.5399938,-0.4758803224114012
3,1,257474.08468553424,-0.7785,1.539478,-0.4769618631622988
3,1,257479.08468631655,-0.7785,1.53858,-0.47804340567623227
3,1,257484.08468709886,-0.7785,1.5379685,-0.47912494901699804
3,1,257489.08468788117,-0.7785,1.5373188,-0.4802064916344946
3,1,257494.08468866348,-0.7785,1.5364782,-0.4812880333961015
3,1,257499.0846894458,-0.7785,1.5357138,-0.48236957617051385
3,1,257504.0846902281,-0.7785,1.5352553,-0.48345111820804393
3,1,257509.08469101042,-0.7785,1.5346056,-0.48453265962517905
3,1,257514.08469179273,-0.7785,1.5337458,-0.4856142003355985
3,1,257519.08469257504,-0.7785,1.53323,-0.4866957402237586
3,1,257524.08469335735,-0.7785,1.5325038,-0.4877772796314026
3,1,257529.08469413966,-0.7785,1.531644,-0.4888588191651667
3,1,257534.08469492197,-0.7785,1.5309371,-0.4899403603787454
3,1,257539.08469570428,-0.7785,1.5302492,-0.4910219024689163
3,1,257544.0846964866,-0.7785,1.529313,-0.4921034454413452
3,1,257549.0846972689,-0.7785,1.528778,-0.4931849888410732
3,1,257554.0846980512,-0.7785,1.5278608,-0.49426653382891067
3,1,257559.08469883353,-0.7785,1.5274404,-0.4953480798482562
3,1,257564.08469961584,-0.7785,1.5265998,-0.4964296250053245
3,1,257569.08470039815,-0.7785,1.5257208,-0.4975111666948794
3,1,257574.08470118046,-0.7785,1.5248419,-0.49859270717314536
3,1,257579.08470196277,-0.7785,1.5241922,-0.49967424883466616
3,1,257584.08470274508,-0.7785,1.5233516,-0.5007557918891641
3,1,257589.0847035274,-0.7785,1.5225681,-0.5018373329248493
3,1,257594.0847043097,-0.7785,1.5218995,-0.5029188669010598
3,1,257599.084705092,-0.7785,1.5211924,-0.5040004066701166
3,1,257604.08470587432,-0.7785,1.5202562,-0.505081949359248
3,1,257609.08470665663,-0.7785,1.5195302,-0.5061634872386024
3,1,257614.08470743895,-0.7785,1.5189188,-0.5072450236242081
3,1,257619.08470822126,-0.7785,1.5178487,-0.5083265618393916
3,1,257624.08470900357,-0.7785,1.5170653,-0.5094081041215557
3,1,257629.08470978588,-0.7785,1.5162246,-0.5104896447988118
3,1,257634.0847105682,-0.7785,1.515403,-0.5115711841409304
3,1,257639.0847113505,-0.7785,1.514696,-0.5126527270953554
3,1,257644.0847121328,-0.7785,1.5135305,-0.5137342655865316
3,1,257649.08471291466,-0.7785,1.5128236,-0.5148158173164855
3,1,257654.08471369697,-0.7785,1.5119447,-0.5158973656693396
3,1,257659.08471447928,-0.7785,1.5110084,-0.5169789209231103
3,1,257664.0847152616,-0.7785,1.5102823,-0.5180604609005383
3,1,257669.0847160439,-0.7785,1.5094033,-0.5191420048129457
3,1,257674.0847168262,-0.7785,1.5085627,-0.5202235518147877
3,1,257679.08471760852,-0.7785,1.5076647,-0.521305097026136
3,1,257684.08471839083,-0.7785,1.5068812,-0.5223866368857223
3,1,257689.08471917314,-0.7785,1.5060214,-0.5234681807414092
3,1,257694.08471995546,-0.7785,1.505047,-0.5245497249175871
3,1,257699.08472073777,-0.7785,1.5041871,-0.5256312674329577
3,1,257704.08472152008,-0.7785,1.5031363,-0.5267128110835783
3,1,257709.0847223024,-0.7785,1.5023528,-0.5277943537111579
3,1,257714.0847230847,-0.7785,1.5015312,-0.5288758964689373
3,1,257719.084723867,-0.7785,1.5004612,-0.5299574346550139
3,1,257724.08472464932,-0.7785,1.4995824,-0.5310389738181166
3,1,257729.08472543163,-0.7785,1.4985697,-0.5321205112204253
3,1,257734.08472621394,-0.7785,1.4976716,-0.533202046554817
3,1,257739.08472699625,-0.7785,1.4966398,-0.5342835824968217
3,1,257744.08472777857,-0.7785,1.4954934,-0.535365121478872
3,1,257749.08472856088,-0.7785,1.4946718,-0.5364466567588778
3,1,257754.0847293432,-0.7785,1.4937929,-0.5375281955569352
3,1,257759.0847301255,-0.7785,1.4925891,-0.5386097297374274
3,1,257764.0847309078,-0.7785,1.4916911,-0.5396912669980194
3,1,257769.08473169012,-0.7785,1.4905639,-0.540772806349943
3,1,257774.08473247243,-0.7785,1.4896657,-0.5418543465539447
3,1,257779.08473325474,-0.7785,1.4887677,-0.5429358870245183
3,1,257784.08473403705,-0.7785,1.4877551,-0.5440174273622134
3,1,257789.08473481936,-0.7785,1.4869144,-0.5450989657554227
3,1,257794.08473560167,-0.7785,1.4857297,-0.5461805037358335
3,1,257799.084736384,-0.7785,1.484717,-0.5472620428855152
3,1,257804.0847371663,-0.7785,1.4835324,-0.548343580901235
3,1,257809.0847379486,-0.7785,1.4825962,-0.549425118643002
3,1,257814.08473873092,-0.7785,1.4815261,-0.5505066601827074
3,1,257819.08473951323,-0.7785,1.4806281,-0.5515881989863677
3,1,257824.08474029554,-0.7785,1.4793862,-0.552669737338877
3,1,257829.08474107785,-0.7785,1.4783162,-0.5537512743376026
3,1,257834.08474186016,-0.7785,1.4770743,-0.5548328085585598
3,1,257839.08474264247,-0.7785,1.4762144,-0.5559143431271146
3,1,257844.08474342478,-0.7785,1.4750106,-0.5569958806559872
3,1,257849.0847442071,-0.7785,1.4737496,-0.5580774170108501
3,1,257854.0847449894,-0.7785,1.4726796,-0.5591589552602766
3,1,257859.08474577172,-0.7785,1.4714377,-0.5602404921707674
3,1,257864.08474655403,-0.7785,1.4703677,-0.5613220314969021
3,1,257869.08474733634,-0.7785,1.469355,-0.5624035739941627
3,1,257874.08474811865,-0.7785,1.4681131,-0.5634851184557342
3,1,257879.08474890096,-0.7785,1.466871,-0.5645666632731621
3,1,257884.08474968327,-0.7785,1.4656672,-0.5656482054391236
3,1,257889.08475046558,-0.7785,1.4646547,-0.5667297483304903
3,1,257894.0847512479,-0.7785,1.4633172,-0.567811289904071
3,1,257899.0847520302,-0.7785,1.4621898,-0.5688928323149248
3,1,257904.08475281252,-0.7785,1.4610243,-0.5699743759218783
3,1,257909.08475359483,-0.7785,1.4598397,-0.5710559191758531
3,1,257914.08475437714,-0.7785,1.458655,-0.572137460905661
3,1,257919.08475515945,-0.7785,1.4574131,-0.5732190024283592
3,1,257924.08475594176,-0.7785,1.456171,-0.5743005435276459
3,1,257929.08475672407,-0.7785,1.4550055,-0.5753820838981533
3,1,257934.08475750638,-0.7785,1.4537063,-0.5764636256407099
3,1,257939.0847582887,-0.7785,1.4524453,-0.5775451691971352
3,1,257944.084759071,-0.7785,1.4511077,-0.5786267102179855
3,1,257949.08475985331,-0.7785,1.4499422,-0.5797082516927518
3,1,257954.08476063563,-0.7785,1.4486238,-0.5807897920860546
3,1,257959.08476141794,-0.7785,1.447229,-0.5818713292122978
3,1,257964.08476220025,-0.7785,1.4459488,-0.5829528678807449
3,1,257969.08476298256,-0.7785,1.4448788,-0.5840344061143297
3,1,257974.08476376487,-0.7785,1.443484,-0.585115945652776
3,1,257979.08476454718,-0.7785,1.4421465,-0.586197487373716
3,1,257984.0847653295,-0.7785,1.4406179,-0.5872790298112098
3,1,257989.0847661118,-0.7785,1.4393569,-0.5883605705314474
3,1,257994.0847668941,-0.7785,1.4380385,-0.5894421122714808
3,1,257999.08476767642,-0.7785,1.4366055,-0.5905236550097364
3,1,258004.08476845874,-0.7785,1.4351342,-0.5916051972979569
3,1,258009.08476924105,-0.7785,1.4337776,-0.5926867384387384
3,1,258014.08477002336,-0.7785,1.4323828,-0.5937682781681383
3,1,258019.08477080567,-0.7785,1.4309689,-0.5948498166436418
3,1,258024.08477158798,-0.7785,1.4296314,-0.595931360210786
3,1,258029.0847723703,-0.7785,1.428141,-0.5970129030249414
3,1,258034.0847731526,-0.7785,1.4268417,-0.5980944456274573
3,1,258039.0847739349,-0.7785,1.4254469,-0.5991759879253438
3,1,258044.08477471722,-0.7785,1.4239948,-0.6002575290100439
3,1,258049.08477549953,-0.7785,1.422428,-0.6013390697505803
3,1,258054.08477628184,-0.7785,1.4210141,-0.6024206099666652
3,1,258059.08477706416,-0.7785,1.419409,-0.6035021489902567
3,1,258064.08477784647,-0.7785,1.4179187,-0.6045836886287396
3,1,258069.08477862878,-0.7785,1.4162564,-0.6056652283765374
3,1,258074.0847794111,-0.7785,1.4147661,-0.6067467675565579
3,1,258079.0847801934,-0.7785,1.4132948,-0.6078283072674173
3,1,258084.0847809757,-0.7785,1.4116707,-0.6089098487047021
3,1,258089.08478175802,-0.7785,1.4099894,-0.6099913886815506
3,1,258094.08478254033,-0.7785,1.4086518,-0.6110729302484126
3,1,258099.08478332264,-0.7785,1.4069704,-0.6121544748482006
3,1,258104.08478410495,-0.7785,1.4053653,-0.6132360191557173
3,1,258109.08478488727,-0.7785,1.4039323,-0.614317563607911
3,1,258114.08478566958,-0.7785,1.4020981,-0.6153991065708264
3,1,258119.0847864519,-0.7785,1.4005504,-0.6164806497467622
3,1,258124.0847872342,-0.7785,1.3987544,-0.6175621916730468
3,1,258129.0847880165,-0.7785,1.3970348,-0.6186437331402664
3,1,258134.08478879882,-0.7785,1.395124,-0.6197252751976614
3,1,258139.08478958113,-0.7785,1.393519,-0.620806817651169
3,1,258144.08479036344,-0.7785,1.3918567,-0.6218883583131761
3,1,258149.08479114575,-0.7785,1.3901371,-0.6229698996383513
3,1,258154.08479192806,-0.7785,1.3883028,-0.6240514407110378
3,1,258159.08479271038,-0.7785,1.3866023,-0.6251329820446271
3,1,258164.0847934927,-0.7785,1.3849208,-0.6262145255209338
3,1,258169.084794275,-0.7785,1.3831056,-0.6272960682644412
3,1,258174.0847950573,-0.7785,1.3812904,-0.6283776123863855
3,1,258179.08479583962,-0.7785,1.3795326,-0.629459154844072
3,1,258184.08479662193,-0.7785,1.3777939,-0.6305406954035261
3,1,258189.08479740424,-0.7785,1.3760742,-0.6316222399905588
3,1,258194.08479818655,-0.7785,1.3741827,-0.6327037840778728
3,1,258199.08479896886,-0.7785,1.3725394,-0.6337853284289472
3,1,258204.08479975117,-0.7785,1.3705714,-0.6348668753555416
3,1,258209.08480053348,-0.7785,1.3686225,-0.6359484207635024
3,1,258214.0848013158,-0.7785,1.3665208,-0.6370299702312184
3,1,258219.0848020981,-0.7785,1.3647246,-0.6381115159966184
3,1,258224.08480288042,-0.7785,1.3627375,-0.6391930604303744
3,1,258229.08480366273,-0.7785,1.3607886,-0.6402746035484407
3,1,258234.08480444504,-0.7785,1.3587632,-0.6413561450468964
3,1,258239.08480522735,-0.7785,1.3567761,-0.6424376859937708
3,1,258244.08480600966,-0.7785,1.3549036,-0.6435192249959476
3,1,258249.08480679197,-0.7785,1.352668,-0.6446007644986643
3,1,258254.08480757428,-0.7785,1.3506236,-0.6456823029501572
3,1,258259.0848083566,-0.7785,1.3485982,-0.6467638406499526
3,1,258264.0848091389,-0.7785,1.3465347,-0.6478453770134053
3,1,258269.08480992122,-0.7785,1.3444712,-0.6489269143117734
3,1,258274.08481070353,-0.7785,1.3424267,-0.6500084526141022
3,1,258279.08481148584,-0.7785,1.3403058,-0.6510899925906792
3,1,258284.08481226815,-0.7785,1.3382614,-0.6521715337501799
3,1,258289.08481305046,-0.7785,1.3360449,-0.6532530752497847
3,1,258294.08481383277,-0.7785,1.3338858,-0.6543346176581948
3,1,258299.08481461508,-0.7785,1.3315548,-0.6554161587658858
3,1,258304.0848153974,-0.7785,1.3292428,-0.6564976985227103
3,1,258309.0848161797,-0.7785,1.3270837,-0.6575792376174101
3,1,258314.08481696201,-0.7785,1.3249055,-0.6586607799411882
3,1,258319.08481774433,-0.7785,1.3225172,-0.6597423221309386
3,1,258324.08481852664,-0.7785,1.3203007,-0.6608238648958441
3,1,258329.08481930895,-0.7785,1.3180078,-0.6619054063321785
3,1,258334.08482009126,-0.7785,1.3156577,-0.6629869497176345
3,1,258339.08482087357,-0.7785,1.3133458,-0.664068491796103
3,1,258344.08482165588,-0.7785,1.3110529,-0.6651500310801138
3,1,258349.0848224382,-0.7785,1.308741,-0.6662315727880137
3,1,258354.0848232205,-0.7785,1.3065054,-0.6673131133027677
3,1,258359.0848240028,-0.7785,1.3040979,-0.6683946551740901
3,1,258364.08482478512,-0.7785,1.3016331,-0.6694761979809805
3,1,258369.08482556744,-0.7785,1.2991874,-0.6705577398517103
3,1,258374.08482634975,-0.7785,1.2967417,-0.6716392799801698
3,1,258379.08482713206,-0.7785,1.2941431,-0.6727208199625119
3,1,258384.08482791437,-0.7785,1.2917166,-0.6738023579041698
3,1,258389.08482869668,-0.7785,1.2893473,-0.6748838984499678
3,1,258394.084829479,-0.7785,1.2866341,-0.6759654383971563
3,1,258399.0848302613,-0.7785,1.2840737,-0.6770469792129103
3,1,258404.0848310436,-0.7785,1.2814943,-0.6781285201989317
3,1,258409.08483182592,-0.7785,1.2788384,-0.6792100628326936
3,1,258414.08483260823,-0.7785,1.2763354,-0.6802916060100135
3,1,258419.08483339055,-0.7785,1.2736222,-0.681373148028927
3,1,258424.08483417286,-0.7785,1.2709854,-0.682454691712903
3,1,258429.08483495517,-0.7785,1.2681384,-0.6835362335264321
3,1,258434.08483573748,-0.7785,1.2655016,-0.6846177772445946
3,1,258439.0848365198,-0.7785,1.2625782,-0.6856993216430382
3,1,258444.0848373021,-0.7785,1.2599605,-0.6867808655242988
3,1,258449.0848380844,-0.7785,1.2570754,-0.6878624065295725
3,1,258454.08483886672,-0.7785,1.2544004,-0.6889439450818335
3,1,258459.08483964903,-0.7785,1.2514579,-0.6900254851339396
3,1,258464.08484043134,-0.7785,1.2485536,-0.6911070238717897
3,1,258469.08484121365,-0.7785,1.2458596,-0.6921885617666843
3,1,258474.08484199597,-0.7785,1.2430317,-0.6932700996353562
3,1,258479.08484277828,-0.7785,1.2401465,-0.6943516389700408
3,1,258484.0848435606,-0.7785,1.237185,-0.6954331793581978
3,1,258489.0848443429,-0.7785,1.2343571,-0.6965147194508415
3,1,258494.0848451252,-0.7785,1.2314911,-0.697596259765208
3,1,258499.08484590752,-0.7785,1.228281,-0.6986778011213642
3,1,258504.08484668983,-0.7785,1.2252812,-0.6997593406201603
3,1,258509.08484747214,-0.7785,1.2222815,-0.7008408826163148
3,1,258514.08484825445,-0.7785,1.2191287,-0.7019224239072206
3,1,258519.08484903676,-0.7785,1.2159761,-0.7030039641301833
3,1,258524.08484981908,-0.7785,1.2128999,-0.7040855055537856
3,1,258529.0848506014,-0.7785,1.209518,-0.7051670471004549
3,1,258534.0848513837,-0.7785,1.2064226,-0.7062485880961289
3,1,258539.084852166,-0.7785,1.2030597,-0.7073301239122023
3,1,258543.868452915,-0.7785,1.1999071,-0.7083648598383867
3,1,258543.86865291512,-0.7785,1.1999453,-0.7083649031027989
3,2,258543.86945291515,0.7785,1.2732648,8.589963449372185e-08
3,2,258548.86945369793,0.7785,1.4491206,0.0010811443448364734
3,2,258553.86945448024,0.7785,1.5092888,0.0021621995960672694
3,2,258558.86945526255,0.7785,1.5554323,0.0032432558508416016
3,2,258563.86945604486,0.7785,1.5943534,0.004324312309530046
3,2,258568.86945682717,0.7785,1.6287079,0.005405363797750738
3,2,258573.8694576095,0.7785,1.6600817,0.0064864152995116175
3,2,258578.8694583918,0.7785,1.6889334,0.00756746720798148
3,2,258583.8694591741,0.7785,1.7164285,0.008648520214117234
3,2,258588.86945995642,0.7785,1.7422804,0.009729572471919985
3,2,258593.86946073873,0.7785,1.7669094,0.01081062446956833
3,2,258598.86946152104,0.7785,1.790583,0.011891673530154755
3,2,258603.86946230335,0.7785,1.8134924,0.012972724094572992
3,2,258608.86946308566,0.7785,1.8355229,0.01405377416038844
3,2,258613.86946386797,0.7785,1.8567699,0.015134824377381137
3,2,258618.86946465028,0.7785,1.8773482,0.01621587576081024
3,2,258623.8694654326,0.7785,1.8973725,0.017296926437470644
3,2,258628.8694662149,0.7785,1.9166515,0.018377977973755857
3,2,258633.86946699722,0.7785,1.9353,0.019459030953562915
3,2,258638.86946777953,0.7785,1.9529741,0.020540080108973707
3,2,258643.86946856184,0.7785,1.9703041,0.021621128792636918
3,2,258648.86946934415,0.7785,1.9866216,0.022702177587257486
3,2,258653.86947012646,0.7785,2.0023468,0.023783226545866988
3,2,258658.86947090877,0.7785,2.0171547,0.02486427375813987
3,2,258663.86947169108,0.7785,2.0313513,0.025945321505712132
3,2,258668.8694724734,0.7785,2.0448027,0.027026374570038578
3,2,258673.8694732557,0.7785,2.0574899,0.02810742382295926
3,2,258678.86947403802,0.7785,2.0695462,0.029188473768826984
3,2,258683.86947482033,0.7785,2.0810678,0.03026952501780788
3,2,258688.86947560264,0.7785,2.0918634,0.031350573910978105
3,2,258693.86947638495,0.7785,2.1019902,0.03243162164030141
3,2,258698.86947716726,0.7785,2.1117156,0.033512668889300684
3,2,258703.86947794957,0.7785,2.1207533,0.03459371313131848
3,2,258708.86947873188,0.7785,2.129466,0.03567475689844621
3,2,258713.8694795142,0.7785,2.1376057,0.036755801276084445
3,2,258718.8694802965,0.7785,2.1454587,0.037836847582674686
3,2,258723.86948107881,0.7785,2.1529677,0.03891789272632532
3,2,258728.86948186113,0.7785,2.1599038,0.039998937407291595
3,2,258733.86948264344,0.7785,2.166553,0.04107998029014468
3,2,258738.86948342575,0.7785,2.1728392,0.04216102508125372
3,2,258743.86948420806,0.7785,2.1789343,0.043242069087995424
3,2,258748.86948499037,0.7785,2.1847045,0.0443231105876565
3,2,258753.86948577268,0.7785,2.1900547,0.045404155066731906
3,2,258758.869486555,0.7785,2.1953473,0.04648519725143579
3,2,258763.8694873373,0.7785,2.2003725,0.04756623990946015
3,2,258768.8694881196,0.7785,2.2051873,0.04864728479716844
3,2,258773.86948890192,0.7785,2.209563,0.04972832768416736
3,2,258778.86948968424,0.7785,2.2141485,0.05080937299410171
3,2,258783.86949046655,0.7785,2.2182949,0.051890417700029084
3,2,258788.86949124886,0.7785,2.2224793,0.05297146266516712
3,2,258793.86949203117,0.7785,2.2263963,0.05405250945283638
3,2,258798.86949281348,0.7785,2.2301412,0.05513355527233084
3,2,258803.8694935958,0.7785,2.2337906,0.05621459993144538
3,2,258808.8694943781,0.7785,2.2372108,0.057295646083358256
3,2,258813.8694951604,0.7785,2.2404783,0.05837669457074337
3,2,258818.86949594272,0.7785,2.243841,0.059457743544969285
3,2,258823.86949672503,0.7785,2.2471275,0.06053879244254363
3,2,258828.86949750734,0.7785,2.2501655,0.061619842757877366
3,2,258833.86949828966,0.7785,2.25328,0.06270089402671322
3,2,258838.86949907197,0.7785,2.2561078,0.06378194346199431
3,2,258843.86949985428,0.7785,2.2591457,0.06486299387536776
3,2,258848.8695006366,0.7785,2.2617826,0.06594404425397844
3,2,258853.8695014189,0.7785,2.2644002,0.06702509434071843
3,2,258858.8695022012,0.7785,2.2671707,0.06810614207905198
3,2,258863.86950298352,0.7785,2.2696548,0.0691871901414891
3,2,258868.86950376583,0.7785,2.2722533,0.07026823705066905
3,2,258873.86950454814,0.7785,2.2747562,0.07134928543807399
3,2,258878.86950533045,0.7785,2.2771447,0.07243033091417947
3,2,258883.86950611277,0.7785,2.2795713,0.0735113744938241
3,2,258888.86950689508,0.7785,2.2818832,0.07459242145620451
3,2,258893.8695076774,0.7785,2.2842715,0.0756734680990378
3,2,258898.8695084597,0.7785,2.2865262,0.07675451456797454
3,2,258903.869509242,0.7785,2.288819,0.07783556185480289
3,2,258908.86951002432,0.7785,2.2910738,0.0789166089515951
3,2,258913.86951080663,0.7785,2.2932901,0.0799976566722658
3,2,258918.86951158894,0.7785,2.2955449,0.08107870607564185
3,2,258923.86951237125,0.7785,2.2976847,0.08215975492027403
3,2,258928.86951315356,0.7785,2.29971,0.083240804307782
3,2,258933.86951393588,0.7785,2.3018882,0.08432185352454584
3,2,258938.8695147182,0.7785,2.303971,0.08540290259102651
3,2,258943.8695155005,0.7785,2.3060918,0.08648395111047892
3,2,258948.8695162828,0.7785,2.3081937,0.08756500028250616
3,2,258953.86951706512,0.7785,2.3101807,0.08864604821309117
3,2,258958.86951784743,0.7785,2.312206,0.08972709432952936
3,2,258963.86951862974,0.7785,2.314327,0.09080813951456218
3,2,258968.86951941205,0.7785,2.3162568,0.09188918319080276
3,2,258973.86952019436,0.7785,2.3181102,0.0929702294645972
3,2,258978.86952097667,0.7785,2.3201928,0.09405127724696864
3,2,258983.86952175898,0.7785,2.3223138,0.0951323263945083
3,2,258988.8695225413,0.7785,2.3242245,0.09621337563442524
3,2,258993.8695233236,0.7785,2.326116,0.09729442690208226
3,2,258998.86952410592,0.7785,2.3281605,0.09837547842049933
3,2,259003.86952488823,0.7785,2.3301094,0.09945652941179278
3,2,259008.86952567054,0.7785,2.332173,0.10053758233709802
3,2,259013.86952645285,0.7785,2.3340647,0.10161863440631498
3,2,259018.86952723516,0.7785,2.3361282,0.1026996846159432
3,2,259023.86952801747,0.7785,2.3381152,0.10378073580176966
3,2,259028.86952879978,0.7785,2.339854,0.10486178777599338
3,2,259033.8695295821,0.7785,2.341994,0.1059428380600413
3,2,259038.8695303644,0.7785,2.3440003,0.1070238884851668
3,2,259043.86953114672,0.7785,2.3458536,0.1081049402350287
3,2,259048.86953192903,0.7785,2.3479936,0.10918599143156082
3,2,259053.86953271134,0.7785,2.3497324,0.11026703997293119
3,2,259058.86953349365,0.7785,2.3518724,0.11134809206749668
3,2,259063.86953427596,0.7785,2.3538594,0.11242914300516252
3,2,259068.86953505827,0.7785,2.3558657,0.11351019227677588
3,2,259073.86953584058,0.7785,2.357872,0.11459124033571617
3,2,259078.8695366229,0.7785,2.3599546,0.1156722857358158
3,2,259083.8695374052,0.7785,2.36177,0.11675333358443118
3,2,259088.86953818751,0.7785,2.3638334,0.1178343792383605
3,2,259093.86953896983,0.7785,2.3659735,0.11891542597503468
3,2,259098.86953975214,0.7785,2.3677313,0.1199964724123346
3,2,259103.86954053445,0.7785,2.3699477,0.12107752016564216
3,2,259108.86954131676,0.7785,2.3718584,0.12215856900398936
3,2,259113.86954209907,0.7785,2.3738456,0.1232396179756556
3,2,259118.86954288138,0.7785,2.375909,0.12432066526248395
3,2,259123.8695436637,0.7785,2.3780107,0.1254017132567466
3,2,259128.869544446,0.7785,2.3801126,0.12648276209388845
3,2,259133.8695452283,0.7785,2.382157,0.12756381091099983
3,2,259138.86954601062,0.7785,2.3840296,0.12864485645777987
3,2,259143.86954679294,0.7785,2.386284,0.12972590209570864
3,2,259148.86954757525,0.7785,2.3882332,0.13080694675384302
3,2,259153.86954835756,0.7785,2.390507,0.13188799175092583
3,2,259158.86954913987,0.7785,2.3924367,0.13296903554394185
3,2,259163.86954992218,0.7785,2.3945575,0.13405008130141105
3,2,259168.8695507045,0.7785,2.3966594,0.13513112710976938
3,2,259173.8695514868,0.7785,2.3986466,0.13621217234733707
3,2,259178.8695522691,0.7785,2.4008439,0.13729321574042577
3,2,259183.86955305142,0.7785,2.4031558,0.13837425956075394
3,2,259188.86955383373,0.7785,2.405315,0.13945530301681827
3,2,259193.86955461605,0.7785,2.4073403,0.1405363487193982
3,2,259198.86955539836,0.7785,2.4096138,0.14161739340550705
3,2,259203.86955618067,0.7785,2.4115438,0.1426984393941562
3,2,259208.86955696298,0.7785,2.4136455,0.143779484417071
3,2,259213.8695577453,0.7785,2.415862,0.14486053205826552
3,2,259218.8695585276,0.7785,2.4181356,0.14594158077916175
3,2,259223.8695593099,0.7785,2.4203713,0.14702262856929504
3,2,259228.86956009222,0.7785,2.4226067,0.1481036778118379
3,2,259233.86956087453,0.7785,2.4245365,0.14918472786444428
3,2,259238.86956165684,0.7785,2.4270205,0.15026577875766492
3,2,259243.86956243915,0.7785,2.4289694,0.15134682759623067
3,2,259248.86956322147,0.7785,2.4312432,0.15242787476618755
3,2,259253.86956400378,0.7785,2.4332685,0.15350892174397907
3,2,259258.8695647861,0.7785,2.4356186,0.15458996941996947
3,2,259263.8695655684,0.7785,2.4376059,0.15567101930443117
3,2,259268.8695663507,0.7785,2.4400134,0.15675207028460836
3,2,259273.86956713302,0.7785,2.442115,0.15783312264267937
3,2,259278.86956791533,0.7785,2.4443698,0.1589141754050222
3,2,259283.86956869764,0.7785,2.4466434,0.15999522771381672
3,2,259288.86956947995,0.7785,2.448879,0.16107627889426882
3,2,259293.86957026226,0.7785,2.4510953,0.16215732959217496
3,2,259298.86957104458,0.7785,2.4532735,0.16323838157247506
3,2,259303.8695718269,0.7785,2.4554136,0.16431942921893467
3,2,259308.8695726092,0.7785,2.4576683,0.16540047803730437
3,2,259313.8695733915,0.7785,2.4598846,0.16648153054373796
3,2,259318.86957417382,0.7785,2.46191,0.1675625836630795
3,2,259323.86957495613,0.7785,2.464222,0.16864363585608205
3,2,259328.86957573844,0.7785,2.4662855,0.16972468832471638
3,2,259333.86957652075,0.7785,2.468521,0.17080573919272757
3,2,259338.86957730306,0.7785,2.4704318,0.17188679016824235
3,2,259343.86957808537,0.7785,2.4727437,0.1729678407425682
3,2,259348.86957886769,0.7785,2.474731,0.17404888847679234
3,2,259353.86957965,0.7785,2.4768898,0.17512993753764367
3,2,259358.8695804323,0.7785,2.478858,0.17621098618977932
3,2,259363.86958121462,0.7785,2.481017,0.17729203638003602
3,2,259368.86958199693,0.7785,2.4831188,0.17837308843117622
3,2,259373.86958277924,0.7785,2.485106,0.17945414077061084
3,2,259378.86958356155,0.7785,2.487246,0.18053519249870048
3,2,259383.86958434386,0.7785,2.4889274,0.18161624357842737
3,2,259388.86958512617,0.7785,2.4910483,0.18269729486523734
3,2,259393.86958590848,0.7785,2.4930737,0.18377834631198975
3,2,259398.8695866908,0.7785,2.494927,0.18485939668150742
3,2,259403.8695874731,0.7785,2.4968185,0.18594044703376292
3,2,259408.86958825495,0.7785,2.4986148,0.18702149588865702
3,2,259413.86958903726,0.7785,2.5004299,0.188102545511451
3,2,259418.86958981957,0.7785,2.5023596,0.18918359551333716
3,2,259423.86959060188,0.7785,2.5042703,0.1902646339857048
3,2,259428.8695913842,0.7785,2.5058563,0.1913456702846189
3,2,259433.8695921665,0.7785,2.5080154,0.19242671112713877
3,2,259438.86959294882,0.7785,2.5096395,0.19350775437655712
3,2,259443.86959373113,0.7785,2.5118368,0.1945888056026134
3,2,259448.86959451344,0.7785,2.5133843,0.19566985033495557
3,2,259453.86959529575,0.7785,2.5147793,0.1967508915530675
3,2,259458.86959607806,0.7785,2.5165563,0.1978319301811225
3,2,259463.86959686037,0.7785,2.5180848,0.19891296712705495
3,2,259468.86959764268,0.7785,2.5196133,0.19999401302579378
3,2,259473.869598425,0.7785,2.5215623,0.20107505461910039
3,2,259478.8695992073,0.7785,2.5229762,0.20215609170097446
3,2,259483.86959998962,0.7785,2.5244856,0.20323713698246745
3,2,259488.86960077193,0.7785,2.525976,0.20431818464307655
3,2,259493.86960155424,0.7785,2.527409,0.2053992333555884
3,2,259498.86960233655,0.7785,2.529014,0.20648028256164658
3,2,259503.86960311886,0.7785,2.5303323,0.20756133303194907
3,2,259508.86960390117,0.7785,2.5315552,0.20864238082147968
3,2,259513.86960468348,0.7785,2.5330265,0.20972344108065963
3,2,259518.8696054658,0.7785,2.534154,0.21080449654055966
3,2,259523.8696062481,0.7785,2.5353384,0.21188554671374293
3,2,259528.8696070304,0.7785,2.5365996,0.2129665997296903
3,2,259533.86960781273,0.7785,2.5379179,0.21404765062620904
3,2,259538.86960859504,0.7785,2.5389497,0.2151287014174461
3,2,259543.86960937735,0.7785,2.5398285,0.21620975334089
3,2,259548.86961015966,0.7785,2.541166,0.21729080722432334
3,2,259553.86961094197,0.7785,2.5419304,0.21837186009664006
3,2,259558.86961172428,0.7785,2.5430768,0.21945290948800247
3,2,259563.8696125066,0.7785,2.5442805,0.22053396061008507
3,2,259568.8696132889,0.7785,2.5451021,0.22161501501012512
3,2,259573.8696140712,0.7785,2.5459046,0.22269606387466526
3,2,259578.86961485352,0.7785,2.5467453,0.22377711987236146
3,2,259583.86961563583,0.7785,2.54772,0.2248581701590088
3,2,259588.86961641815,0.7785,2.5485988,0.22593922364764416
3,2,259593.86961720046,0.7785,2.549516,0.22702027792173626
3,2,259598.86961798277,0.7785,2.5501847,0.22810132982059986
3,2,259603.86961876508,0.7785,2.5508535,0.22918238240945013
3,2,259608.8696195474,0.7785,2.5515985,0.23026343169451757
3,2,259613.8696203297,0.7785,2.5525923,0.23134448138059183
3,2,259618.869621112,0.7785,2.5532992,0.23242552799096045
3,2,259623.86962189432,0.7785,2.5538723,0.23350657738852504
3,2,259628.86962267663,0.7785,2.554541,0.23458762490380475
3,2,259633.86962345894,0.7785,2.5549996,0.23566867275395992
3,2,259638.86962424126,0.7785,2.5556874,0.23674971918226947
3,2,259643.86962502357,0.7785,2.55628,0.2378307630643878
3,2,259648.86962580588,0.7785,2.5568912,0.23891180704650286
3,2,259653.8696265882,0.7785,2.5574644,0.23999285933261782
3,2,259658.8696273705,0.7785,2.558076,0.24107390929002898
3,2,259663.8696281528,0.7785,2.5584962,0.24215496017959717
3,2,259668.86962893512,0.7785,2.5589547,0.24323601120483548
3,2,259673.86962971743,0.7785,2.5596044,0.24431706276045578
3,2,259678.86963049974,0.7785,2.560254,0.24539811342588402
3,2,259683.86963128205,0.7785,2.5606554,0.24647916445319193
3,2,259688.86963206436,0.7785,2.5610185,0.24756021553128962
3,2,259693.86963284668,0.7785,2.561496,0.2486412670864132
3,2,259698.869633629,0.7785,2.561993,0.24972231651613783
3,2,259703.8696344113,0.7785,2.5624132,0.2508033643190265
3,2,259708.8696351936,0.7785,2.5630438,0.2518844094913271
3,2,259713.86963597592,0.7785,2.5633113,0.25296545243801016
3,2,259718.86963675823,0.7785,2.5637126,0.254046495575034
3,2,259723.86963754054,0.7785,2.564171,0.25512754047560365
3,2,259728.86963832285,0.7785,2.5645723,0.256208585914943
3,2,259733.86963910516,0.7785,2.5649354,0.2572896314281358
3,2,259738.86963988747,0.7785,2.5651646,0.25837067621994353
3,2,259743.86964066979,0.7785,2.5656233,0.25945172072051637
3,2,259748.8696414521,0.7785,2.5660627,0.26053276226972544
3,2,259753.8696422344,0.7785,2.566464,0.2616138049813907
3,2,259758.86964301672,0.7785,2.5668268,0.2626948483973378
3,2,259763.86964379903,0.7785,2.567037,0.2637758928021823
3,2,259768.86964458134,0.7785,2.5676103,0.2648569368150633
3,2,259773.86964536365,0.7785,2.5678015,0.2659379846213892
3,2,259778.86964614596,0.7785,2.5679734,0.2670190338508422
3,2,259783.86964692827,0.7785,2.5684128,0.26810008378165645
3,2,259788.86964771058,0.7785,2.5685656,0.26918113117241876
3,2,259793.8696484929,0.7785,2.5690434,0.27026217909108946
3,2,259798.8696492752,0.7785,2.569311,0.27134322646186104
3,2,259803.86965005752,0.7785,2.5696166,0.27242427245481493
3,2,259808.86965083983,0.7785,2.5697122,0.27350531919140303
3,2,259813.86965162214,0.7785,2.5701325,0.2745863651472729
3,2,259818.86965240445,0.7785,2.5704572,0.27566741127126765
3,2,259823.86965318676,0.7785,2.5707057,0.27674845953019145
3,2,259828.86965396907,0.7785,2.571145,0.27782950758393954
3,2,259833.86965475138,0.7785,2.5714316,0.2789105554162398
3,2,259838.8696555337,0.7785,2.571661,0.2799916013669804
3,2,259843.869656316,0.7785,2.571833,0.2810726483879489
3,2,259848.86965709832,0.7785,2.572177,0.2821536957629424
3,2,259853.86965788063,0.7785,2.572387,0.28323474673776844
3,2,259858.86965866294,0.7785,2.5724063,0.2843157948175671
3,2,259863.86965944525,0.7785,2.5728457,0.28539684351595596
3,2,259868.86966022756,0.7785,2.5727882,0.2864778938095439
3,2,259873.86966100987,0.7785,2.573247,0.2875589458140998
3,2,259878.86966179218,0.7785,2.573476,0.2886399979965292
3,2,259883.8696625745,0.7785,2.5738966,0.28972105015845784
3,2,259888.8696633568,0.7785,2.5740495,0.29080210155217867
3,2,259893.8696641391,0.7785,2.5744123,0.29188315387730157
3,2,259898.86966492143,0.7785,2.5745845,0.29296420711510074
3,2,259903.86966570374,0.7785,2.5747182,0.2940452600944442
3,2,259908.86966648605,0.7785,2.5748901,0.2951263122258255
3,2,259913.86966726836,0.7785,2.5752914,0.2962073651441206
3,2,259918.86966805067,0.7785,2.5754251,0.29728841851243737
3,2,259923.86966883298,0.7785,2.5756545,0.29836947063588465
3,2,259928.8696696153,0.7785,2.5758646,0.2994505221015748
3,2,259933.8696703976,0.7785,2.5759602,0.30053157188841073
3,2,259938.8696711799,0.7785,2.5763805,0.3016126185581257
3,2,259943.86967196222,0.7785,2.5765142,0.30269366421419086
3,2,259948.86967274453,0.7785,2.5767436,0.30377470996714334
3,2,259953.86967352685,0.7785,2.5770302,0.30485575821725563
3,2,259958.86967430916,0.7785,2.5772786,0.3059368097170032
3,2,259963.86967509147,0.7785,2.5772977,0.3070178613289267
3,2,259968.86967587378,0.7785,2.5776606,0.3080989108322035
3,2,259973.8696766561,0.7785,2.5778134,0.3091799624031024
3,2,259978.8696774384,0.7785,2.5780046,0.31026101249646515
3,2,259983.8696782207,0.7785,2.5783293,0.3113420626195938
3,2,259988.86967900302,0.7785,2.578425,0.31242311227182257
3,2,259993.86967978533,0.7785,2.5785396,0.31350416282552523
3,2,259998.86968056764,0.7785,2.578807,0.3145852142656218
3,2,260003.86968134996,0.7785,2.578998,0.3156662655649156
3,2,260008.86968213227,0.7785,2.5791318,0.31674731623393004
3,2,260013.86968291458,0.7785,2.5792465,0.3178283656599294
3,2,260018.8696836969,0.7785,2.5796287,0.3189094143084722
3,2,260023.8696844792,0.7785,2.5797434,0.3199904629701512
3,2,260028.8696852615,0.7785,2.5798388,0.3210715122482847
3,2,260033.86968604382,0.7785,2.5801256,0.3221525606711842
3,2,260038.86968682613,0.7785,2.5802975,0.3232336088756327
3,2,260043.86968760844,0.7785,2.5805075,0.32431465793149045
3,2,260048.86968839075,0.7785,2.580775,0.32539570507251925
3,2,260053.86968917307,0.7785,2.5809088,0.3264767513041666
3,2,260058.86968995538,0.7785,2.5810044,0.32755779787499745
3,2,260063.8696907377,0.7785,2.581119,0.32863884453507963
3,2,260068.86969152,0.7785,2.5814822,0.3297198906958239
3,2,260073.8696923023,0.7785,2.581654,0.33080093381288683
3,2,260078.86969308462,0.7785,2.5819216,0.33188197601350844
3,2,260083.86969386693,0.7785,2.5821316,0.33296301793886257
3,2,260088.86969464924,0.7785,2.5823991,0.3340440595915884
3,2,260093.86969543155,0.7785,2.5825138,0.3351251000849608
3,2,260098.86969621386,0.7785,2.5826857,0.33620614337562227
3,2,260103.86969699617,0.7785,2.5827813,0.3372871854148014
3,2,260108.8696977785,0.7785,2.5831444,0.3383682261257407
3,2,260113.8696985608,0.7785,2.5831444,0.3394492704066472
3,2,260118.8696993431,0.7785,2.5833735,0.3405303149167435
3,2,260123.86970012542,0.7785,2.583603,0.34161135980731283
3,2,260128.86970090773,0.7785,2.5837748,0.34269240528576606
3,2,260133.86970169004,0.7785,2.584176,0.343773449404283
3,2,260138.86970247235,0.7785,2.584157,0.3448544916949209
3,2,260143.86970325466,0.7785,2.5845582,0.34593553778555686
3,2,260148.86970403697,0.7785,2.5846157,0.34701658435854676
3,2,260153.86970481928,0.7785,2.5847685,0.3480976317840553
3,2,260158.8697056016,0.7785,2.5849786,0.34917867742103703
3,2,260163.8697063839,0.7785,2.5851889,0.35025972318075466
3,2,260168.86970716622,0.7785,2.5852652,0.351340768574417
3,2,260173.86970794853,0.7785,2.5855136,0.3524218157133894
3,2,260178.86970873084,0.7785,2.5857048,0.35350286256129904
3,2,260183.86970951315,0.7785,2.5859149,0.35458390617801777
3,2,260188.86971029546,0.7785,2.5860486,0.35566495029160744
3,2,260193.86971107777,0.7785,2.5863352,0.35674599360549814
3,2,260198.86971186008,0.7785,2.586488,0.35782703616443307
3,2,260203.8697126424,0.7785,2.586813,0.3589080793665816
3,2,260208.8697134247,0.7785,2.5870805,0.35998912270706257
3,2,260213.86971420702,0.7785,2.587329,0.3610701686757309
3,2,260218.86971498933,0.7785,2.587539,0.3621512118953502
3,2,260223.86971577164,0.7785,2.5877302,0.3632322570488952
3,2,260228.86971655395,0.7785,2.5876727,0.3643133020470277
3,2,260233.86971733626,0.7785,2.5879593,0.3653943465783731
3,2,260238.86971811857,0.7785,2.5882459,0.3664753940471943
3,2,260243.86971890088,0.7785,2.5883796,0.36755644053711517
3,2,260248.8697196832,0.7785,2.588437,0.3686374866044159
3,2,260253.8697204655,0.7785,2.5887618,0.36971853049023634
3,2,260258.86972124781,0.7785,2.589125,0.37079957576977235
3,2,260263.86972203013,0.7785,2.5892777,0.3718806217702894
3,2,260268.86972281244,0.7785,2.589507,0.37296166697560107
3,2,260273.86972359475,0.7785,2.5896409,0.37404271155462354
3,2,260278.86972437706,0.7785,2.5899274,0.37512375745079274
3,2,260283.86972515937,0.7785,2.5899847,0.37620480252383504
3,2,260288.86972594168,0.7785,2.5903478,0.377285849003388
3,2,260293.869726724,0.7785,2.5906343,0.3783668948088588
3,2,260298.8697275063,0.7785,2.5909019,0.3794479388125938
3,2,260303.8697282886,0.7785,2.5908446,0.38052898263865065
3,2,260308.86972907092,0.7785,2.5912457,0.3816100261909467
3,2,260313.86972985324,0.7785,2.5915132,0.3826910700960294
3,2,260318.86973063555,0.7785,2.5917234,0.383772111550828
3,2,260323.86973141786,0.7785,2.5918,0.38485315675000037
3,2,260328.86973220017,0.7785,2.5921247,0.38593420322524524
3,2,260333.86973298248,0.7785,2.5924304,0.3870152469471264
3,2,260338.8697337648,0.7785,2.5926597,0.38809629258245243
3,2,260343.8697345471,0.7785,2.5928316,0.38917733970345403
3,2,260348.8697353294,0.7785,2.5931756,0.39025838481754077
3,2,260353.86973611172,0.7785,2.593271,0.3913394287188021
3,2,260358.86973689403,0.7785,2.593424,0.39242047160767196
3,2,260363.86973767634,0.7785,2.5936532,0.3935015149694384
3,2,260368.86973845866,0.7785,2.5942073,0.3945825574833056
3,2,260373.86973924097,0.7785,2.594341,0.39566360345887486
3,2,260378.86974002328,0.7785,2.5944557,0.3967446497772039
3,2,260383.8697408056,0.7785,2.5947042,0.3978256965646116
3,2,260388.8697415879,0.7785,2.5950098,0.3989067433687019
3,2,260393.8697423702,0.7785,2.5952582,0.3999877921210727
3,2,260398.86974315252,0.7785,2.5956786,0.4010688413172134
3,2,260403.86974393483,0.7785,2.5958123,0.40214988973998705
3,2,260408.86974471714,0.7785,2.5960798,0.4032309384759997
3,2,260413.86974549945,0.7785,2.5962327,0.4043119867958991
3,2,260418.86974628177,0.7785,2.5965385,0.40539303332247684
3,2,260423.86974706408,0.7785,2.5968442,0.40647407896373355
3,2,260428.8697478464,0.7785,2.5969014,0.40755512585148235
3,2,260433.8697486287,0.7785,2.597207,0.40863617246909295
3,2,260438.869749411,0.7785,2.597551,0.40971721689297114
3,2,260443.86975019332,0.7785,2.5978758,0.4107982621473109
3,2,260448.86975097563,0.7785,2.5979905,0.41187930905337816
3,2,260453.86975175794,0.7785,2.5981624,0.41296035711230855
3,2,260458.86975254025,0.7785,2.5986974,0.41404140548553753
3,2,260463.86975332256,0.7785,2.5990033,0.41512245285481236
3,2,260468.86975410488,0.7785,2.5991752,0.4162035010882453
3,2,260473.8697548872,0.7785,2.5995765,0.41728455006173276
3,2,260478.8697556695,0.7785,2.5998058,0.4183655994895368
3,2,260483.8697564518,0.7785,2.5999587,0.4194466486848893
3,2,260488.86975723412,0.7785,2.6003408,0.42052769662291495
3,2,260493.86975801643,0.7785,2.600551,0.42160874233669393
3,2,260498.86975879874,0.7785,2.6010287,0.4226897896066641
3,2,260503.86975958105,0.7785,2.6011815,0.4237708365001117
3,2,260508.86976036336,0.7785,2.6015444,0.42485188347583697
3,2,260513.86976114567,0.7785,2.6017547,0.42593291776499503
3,2,260518.86976192798,0.7785,2.6020603,0.4270139629265039
3,2,260523.8697627103,0.7785,2.6026335,0.4280949981934331
3,2,260528.8697634926,0.7785,2.6027482,0.42917603445611086
3,2,260533.86976427492,0.7785,2.6031494,0.4302570744766429
3,2,260538.86976505723,0.7785,2.6032832,0.4313381190343832
3,2,260543.86976583954,0.7785,2.6036081,0.43241916018225435
3,2,260548.86976662185,0.7785,2.60399,0.43350019394974926
3,2,260553.86976740416,0.7785,2.6041622,0.43458122597455334
3,2,260558.86976818647,0.7785,2.604506,0.43566225929832475
3,2,260563.86976896878,0.7785,2.60485,0.4367432962893713
3,2,260568.8697697511,0.7785,2.6050985,0.4378243425387775
3,2,260573.8697705334,0.7785,2.605385,0.438905378092458
3,2,260578.86977131572,0.7785,2.6057098,0.4399864181231659
3,2,260583.86977209803,0.7785,2.6058817,0.4410674515173503
3,2,260588.86977288034,0.7785,2.606283,0.44214848800272094
3,2,260593.86977366265,0.7785,2.606646,0.44322952547398226
3,2,260598.86977444496,0.7785,2.6068754,0.4443105582768091
3,2,260603.86977522727,0.7785,2.6073148,0.4453915948613056
3,2,260608.86977600958,0.7785,2.607716,0.44647263106500457
3,2,260613.8697767919,0.7785,2.6078308,0.4475536715874011
3,2,260618.8697775742,0.7785,2.6083658,0.44863471778674274
3,2,260623.86977835651,0.7785,2.6086333,0.44971575527572316
3,2,260628.86977913883,0.7785,2.6090727,0.45079679216158736
3,2,260633.86977992114,0.7785,2.6093783,0.4518778318358794
3,2,260638.86978070345,0.7785,2.6096268,0.45295887059737594
3,2,260643.86978148576,0.7785,2.6101618,0.454039918171204
3,2,260648.86978226807,0.7785,2.610219,0.45512096653848244
3,2,260653.86978305038,0.7785,2.610754,0.45620200275035055
3,2,260658.8697838327,0.7785,2.61106,0.45728303857947405
3,2,260663.869784615,0.7785,2.6113846,0.458364074446132
3,2,260668.8697853973,0.7785,2.6119578,0.4594451097417906
3,2,260673.86978617962,0.7785,2.6121297,0.46052614841982076
3,2,260678.86978696194,0.7785,2.612321,0.4616071987236077
3,2,260683.86978774378,0.7785,2.6127603,0.4626882451590268
3,2,260688.8697885261,0.7785,2.6131616,0.46376928520419874
3,2,260693.8697893084,0.7785,2.6136775,0.4648503226171402
3,2,260698.8697900907,0.7785,2.6140406,0.4659313604318534
3,2,260703.86979087302,0.7785,2.6142888,0.46701239663952604
3,2,260708.86979165534,0.7785,2.6147091,0.4680934337253837
3,2,260713.86979243765,0.7785,2.6149576,0.4691744717876151
3,2,260718.86979321996,0.7785,2.6154544,0.4702555146152445
3,2,260723.86979400227,0.7785,2.6158748,0.47133655474460806
3,2,260728.86979478458,0.7785,2.6161232,0.4724175963936947
3,2,260733.8697955669,0.7785,2.6166008,0.4734986474618649
3,2,260738.8697963492,0.7785,2.616983,0.4745796934316061
3,2,260743.8697971315,0.7785,2.6174223,0.47566073071419884
3,2,260748.86979791382,0.7785,2.6177092,0.47674176731489126
3,2,260753.86979869613,0.7785,2.618072,0.47782280509854047
3,2,260758.86979947845,0.7785,2.6184924,0.47890384178408674
3,2,260763.86980026076,0.7785,2.618951,0.47998487522602107
3,2,260768.86980104307,0.7785,2.6193523,0.4810659126791957
3,2,260773.86980182538,0.7785,2.6198683,0.48214694703135585
3,2,260778.8698026077,0.7785,2.6204224,0.48322798648121984
3,2,260783.86980339,0.7785,2.6206706,0.4843090320112808
3,2,260788.8698041723,0.7785,2.6210718,0.4853900793508493
3,2,260793.86980495462,0.7785,2.6214921,0.4864711204257975
3,2,260798.86980573693,0.7785,2.6219509,0.48755215777658456
3,2,260803.86980651924,0.7785,2.622524,0.48863319475367034
3,2,260808.86980730155,0.7785,2.6227343,0.4897142331654664
3,2,260813.86980808387,0.7785,2.6232119,0.49079527215942437
3,2,260818.86980886618,0.7785,2.623575,0.4918763103835983
3,2,260823.8698096485,0.7785,2.6241672,0.4929573486048847
3,2,260828.8698104308,0.7785,2.6244922,0.49403838811619444
3,2,260833.8698112131,0.7785,2.6252182,0.49511944030416705
3,2,260838.86981199542,0.7785,2.6254282,0.4962004844874544
3,2,260843.86981277773,0.7785,2.626078,0.4972815217364102
3,2,260848.86981356004,0.7785,2.626441,0.4983625566271381
3,2,260853.86981434235,0.7785,2.6269379,0.4994435909240679
3,2,260858.86981512466,0.7785,2.6275492,0.5005246249149643
3,2,260863.86981590698,0.7785,2.6279695,0.5016056614445517
3,2,260868.8698166893,0.7785,2.628409,0.5026866974687314
3,2,260873.8698174716,0.7785,2.6289248,0.5037677368096182
3,2,260878.8698182539,0.7785,2.6294408,0.5048487714263733
3,2,260883.86981903622,0.7785,2.630033,0.5059298052808413
3,2,260888.86981981853,0.7785,2.6305299,0.5070108386608166
3,2,260893.86982060084,0.7785,2.6310267,0.5080918773147532
3,2,260898.86982138315,0.7785,2.6315043,0.5091729227861764
3,2,260903.86982216546,0.7785,2.6320584,0.5102539627931452
3,2,260908.86982294777,0.7785,2.6325552,0.5113350076275007
3,2,260913.86982373009,0.7785,2.6331284,0.5124160565171046
3,2,260918.8698245124,0.7785,2.63374,0.5134971019216382
3,2,260923.8698252947,0.7785,2.6342366,0.5145781475034426
3,2,260928.86982607702,0.7785,2.6347716,0.5156591939365006
3,2,260933.86982685933,0.7785,2.6354787,0.516740240220259
3,2,260938.86982764164,0.7785,2.6359372,0.5178212870056467
3,2,260943.86982842395,0.7785,2.636587,0.5189023349294268
3,2,260948.86982920626,0.7785,2.6372938,0.5199833837274945
3,2,260953.86982998857,0.7785,2.6378098,0.5210644317374961
3,2,260958.86983077088,0.7785,2.6382492,0.5221454809232191
3,2,260963.8698315532,0.7785,2.6388223,0.5232265306972301
3,2,260968.8698323355,0.7785,2.6393573,0.5243075802854534
3,2,260973.86983311782,0.7785,2.6400452,0.5253886292238106
3,2,260978.86983390013,0.7785,2.6407714,0.5264696762505938
3,2,260983.86983468244,0.7785,2.6413445,0.5275507218520015
3,2,260988.86983546475,0.7785,2.6418412,0.528631769299418
3,2,260993.86983624706,0.7785,2.6426055,0.5297128164787924
3,2,260998.86983702937,0.7785,2.6433125,0.5307938592736128
3,2,261003.86983781168,0.7785,2.6439621,0.5318749040895604
3,2,261008.869838594,0.7785,2.6446118,0.5329559490444862
3,2,261013.8698393763,0.7785,2.645204,0.534036994716989
3,2,261018.86984015862,0.7785,2.6458156,0.5351180413613454
3,2,261023.86984094093,0.7785,2.6465607,0.5361990864143871
3,2,261028.86984172324,0.7785,2.6470194,0.537280131309142
3,2,261033.86984250555,0.7785,2.6477835,0.5383611776948243
3,2,261038.86984328786,0.7785,2.6485097,0.539442225328949
3,2,261043.86984407017,0.7785,2.6491785,0.5405232737330764
3,2,261048.86984485248,0.7785,2.6499426,0.5416043208088612
3,2,261053.8698456348,0.7785,2.6506114,0.5426853700446091
3,2,261058.8698464171,0.7785,2.6513376,0.5437664196372929
3,2,261063.8698471994,0.7785,2.6521783,0.5448474690921608
3,2,261068.86984798172,0.7785,2.6528087,0.5459285169554091
3,2,261073.86984876404,0.7785,2.653554,0.5470095652995378
3,2,261078.86984954635,0.7785,2.65428,0.548090611078766
3,2,261083.86985032866,0.7785,2.6550825,0.5491716568665839
3,2,261088.86985111097,0.7785,2.6560378,0.5502526992780801
3,2,261093.86985189328,0.7785,2.6568403,0.5513337432964347
3,2,261098.8698526756,0.7785,2.6572797,0.5524147858113847
3,2,261103.8698534579,0.7785,2.6583116,0.5534958311079544
3,2,261108.8698542402,0.7785,2.6590185,0.5545768768826991
3,2,261113.86985502252,0.7785,2.6597638,0.555657921028452
3,2,261118.86985580483,0.7785,2.6606045,0.5567389646890729
3,2,261123.86985658715,0.7785,2.661407,0.5578200105147696
3,2,261128.86985736946,0.7785,2.6622667,0.5589010578745408
3,2,261133.86985815177,0.7785,2.6633177,0.5599821045109931
3,2,261138.86985893408,0.7785,2.6641774,0.5610631502600812
3,2,261143.8698597164,0.7785,2.6652093,0.5621441947192752
3,2,261148.8698604987,0.7785,2.665878,0.5632252365663785
3,2,261153.869861281,0.7785,2.6669862,0.564306281682005
3,2,261158.86986206332,0.7785,2.6677313,0.5653873292070666
3,2,261163.86986284563,0.7785,2.6686294,0.5664683755846294
3,2,261168.86986362794,0.7785,2.6694891,0.5675494192149247
3,2,261173.86986441026,0.7785,2.6705973,0.5686304628261301
3,2,261178.86986519257,0.7785,2.6714191,0.5697115085744897
3,2,261183.86986597488,0.7785,2.6723745,0.5707925534670028
3,2,261188.8698667572,0.7785,2.6732724,0.5718735972187425
3,2,261193.8698675395,0.7785,2.6743999,0.5729546439714769
3,2,261198.8698683218,0.7785,2.675489,0.574035690803045
3,2,261203.86986910412,0.7785,2.6762912,0.575116738977615
3,2,261208.86986988643,0.7785,2.677476,0.5761977873855338
3,2,261213.86987066874,0.7785,2.6785078,0.5772788331891834
3,2,261218.86987145105,0.7785,2.679616,0.578359879260279
3,2,261223.86987223336,0.7785,2.6805904,0.5794409268257458
3,2,261228.86987301568,0.7785,2.6816604,0.580521971166459
3,2,261233.869873798,0.7785,2.6825967,0.5816030168416241
3,2,261238.8698745803,0.7785,2.6836858,0.5826840629653374
3,2,261243.8698753626,0.7785,2.684813,0.583765108903604
3,2,261248.86987614492,0.7785,2.6859787,0.584846154305399
3,2,261253.86987692723,0.7785,2.6870296,0.5859272017318413
3,2,261258.86987770954,0.7785,2.6883287,0.5870082497096001
3,2,261263.86987849185,0.7785,2.6897044,0.5880892936067487
3,2,261268.86987927416,0.7785,2.690679,0.5891703354707266
3,2,261273.86988005647,0.7785,2.691921,0.5902513813581107
3,2,261278.86988083879,0.7785,2.6930482,0.5913324271834266
3,2,261283.8698816211,0.7785,2.694233,0.5924134732662047
3,2,261288.8698824034,0.7785,2.6955895,0.593494519266586
3,2,261293.86988318572,0.7785,2.6968315,0.5945755666112607
3,2,261298.86988396803,0.7785,2.698169,0.5956566140236528
3,2,261303.86988475034,0.7785,2.6994681,0.5967376601818639
3,2,261308.86988553265,0.7785,2.7009203,0.5978187068998619
3,2,261313.86988631496,0.7785,2.7019713,0.5988997535456192
3,2,261318.86988709727,0.7785,2.7034998,0.5999807990897369
3,2,261323.86988787958,0.7785,2.704952,0.6010618423132802
3,2,261328.8698886619,0.7785,2.7061365,0.6021428841890301
3,2,261333.8698894442,0.7785,2.707455,0.6032239277910628
3,2,261338.86989022652,0.7785,2.7089643,0.6043049735596185
3,2,261343.86989100883,0.7785,2.710321,0.6053860199890175
3,2,261348.86989179114,0.7785,2.7117922,0.6064670664877698
3,2,261353.86989257345,0.7785,2.7133017,0.6075481133746675
3,2,261358.86989335576,0.7785,2.7146966,0.6086291582969399
3,2,261363.86989413807,0.7785,2.7162442,0.6097102042790159
3,2,261368.86989492038,0.7785,2.7176964,0.6107912512286674
3,2,261373.8698957027,0.7785,2.719225,0.6118722972837493
3,2,261378.869896485,0.7785,2.721021,0.6129533423440858
3,2,261383.86989726732,0.7785,2.7226832,0.6140343856331976
3,2,261388.86989804963,0.7785,2.7243838,0.6151154288529361
3,2,261393.86989883194,0.7785,2.726008,0.6161964732398032
3,2,261398.86989961425,0.7785,2.7277467,0.6172775187867587
3,2,261403.86990039656,0.7785,2.7295046,0.6183585647722191
3,2,261408.86990117887,0.7785,2.7311287,0.619439610651242
3,2,261413.86990196118,0.7785,2.7328866,0.6205206564190328
3,2,261418.8699027435,0.7785,2.734415,0.6216016994195223
3,2,261423.8699035258,0.7785,2.7363448,0.6226827445399834
3,2,261428.8699043081,0.7785,2.7379308,0.6237637898581896
3,2,261433.86990509043,0.7785,2.739765,0.624844835513311
3,2,261438.86990587274,0.7785,2.7416375,0.6259258778721565
3,2,261443.86990665505,0.7785,2.743529,0.6270069202724073
3,2,261448.86990743736,0.7785,2.7453444,0.6280879643704435
3,2,261453.86990821967,0.7785,2.7470257,0.6291690090792815
3,2,261458.86990900198,0.7785,2.7490892,0.6302500559532583
3,2,261463.8699097843,0.7785,2.7509046,0.6313311010684378
3,2,261468.8699105666,0.7785,2.7529297,0.6324121471936411
3,2,261473.8699113489,0.7785,2.7547069,0.6334931945674989
3,2,261478.86991213122,0.7785,2.7564073,0.6345742411047789
3,2,261483.86991291353,0.7785,2.7587767,0.6356552871867986
3,2,261488.86991369585,0.7785,2.7607636,0.6367363327805836
3,2,261493.86991447816,0.7785,2.7627127,0.637817379923586
3,2,261498.86991526047,0.7785,2.7646043,0.6388984269921223
3,2,261503.86991604278,0.7785,2.7668016,0.6399794744604633
3,2,261508.8699168251,0.7785,2.7689798,0.641060522046103
3,2,261513.8699176074,0.7785,2.7712152,0.6421415676754123
3,2,261518.8699183897,0.7785,2.7734318,0.6432226144567071
3,2,261523.86991917202,0.7785,2.7755334,0.6443036605502472
3,2,261528.86991995433,0.7785,2.777941,0.6453847067220614
3,2,261533.86992073664,0.7785,2.7804058,0.6464657497519491
3,2,261538.86992151896,0.7785,2.7827177,0.6475467925615349
3,2,261543.86992230127,0.7785,2.7852015,0.6486278345749318
3,2,261548.86992308358,0.7785,2.7876282,0.649708874086374
3,2,261553.8699238659,0.7785,2.7901695,0.6507899153784354
3,2,261558.8699246482,0.7785,2.7926917,0.6518709564662715
3,2,261563.8699254305,0.7785,2.7952137,0.6529519972333848
3,2,261568.86992621282,0.7785,2.7977931,0.6540330398183769
3,2,261573.86992699513,0.7785,2.8002007,0.6551140834149957
3,2,261578.86992777744,0.7785,2.8028183,0.6561951282267015
3,2,261583.86992855975,0.7785,2.8055124,0.6572761751142482
3,2,261588.86992934207,0.7785,2.808283,0.6583572207463324
3,2,261593.86993012438,0.7785,2.8108625,0.6594382647708628
3,2,261598.8699309067,0.7785,2.813633,0.6605193088569647
3,2,261603.869931689,0.7785,2.8166518,0.6616003522400895
3,2,261608.8699324713,0.7785,2.819365,0.662681395070315
3,2,261613.86993325362,0.7785,2.8224223,0.6637624387810964
3,2,261618.86993403593,0.7785,2.8252883,0.664843479221126
3,2,261623.86993481824,0.7785,2.8283262,0.6659245188512576
3,2,261628.86993560055,0.7785,2.8314598,0.6670055581164366
3,2,261633.86993638286,0.7785,2.834345,0.6680865979867219
3,2,261638.86993716517,0.7785,2.837574,0.669167636910512
3,2,261643.8699379475,0.7785,2.8406312,0.6702486778702642
3,2,261648.8699387298,0.7785,2.8437648,0.6713297170944186
3,2,261653.8699395121,0.7785,2.8470511,0.6724107581389982
3,2,261658.86994029442,0.7785,2.850376,0.6734918007504018
3,2,261663.86994107673,0.7785,2.8535285,0.6745728400859508
3,2,261668.86994185904,0.7785,2.8567195,0.67565387807161
3,2,261673.86994264135,0.7785,2.8601205,0.6767349169453223
3,2,261678.86994342366,0.7785,2.863789,0.677815957404475
3,2,261683.86994420597,0.7785,2.8671901,0.6788969943804614
3,2,261688.86994498828,0.7785,2.870744,0.679978034321961
3,2,261693.8699457706,0.7785,2.8742025,0.6810590727678212
3,2,261698.8699465529,0.7785,2.877546,0.6821401109261287
3,2,261703.86994733522,0.7785,2.8813674,0.6832211492541869
3,2,261708.86994811753,0.7785,2.8850744,0.6843021852609322
3,2,261713.86994889984,0.7785,2.888762,0.6853832220293653
3,2,261718.86994968215,0.7785,2.8926215,0.6864642595096137
3,2,261723.86995046446,0.7785,2.8961756,0.6875452941600751
3,2,261728.86995124677,0.7785,2.9003983,0.6886263314837189
3,2,261733.86995202908,0.7785,2.9044106,0.6897073701126514
3,2,261738.8699528114,0.7785,2.9084232,0.6907884076457624
3,2,261743.8699535937,0.7785,2.9127605,0.691869446434346
3,2,261748.86995437602,0.7785,2.9166965,0.6929504843337541
3,2,261753.86995515833,0.7785,2.9209192,0.6940315229232051
3,2,261758.86995594064,0.7785,2.9250271,0.6951125591843199
3,2,261763.86995672295,0.7785,2.9295173,0.6961935973861719
3,2,261768.86995750526,0.7785,2.9340649,0.6972746349651023
3,2,261773.86995828757,0.7785,2.938574,0.6983556699325613
3,2,261778.86995906988,0.7785,2.943007,0.699436703048594
3,2,261783.8699598522,0.7785,2.9477072,0.7005177383547397
3,2,261788.8699606345,0.7785,2.952121,0.7015987779170842
3,2,261793.8699614168,0.7785,2.9566302,0.7026798166486427
3,2,261798.86996219913,0.7785,2.9613879,0.703760858186603
3,2,261803.86996298144,0.7785,2.9661455,0.7048419004328057
3,2,261808.86996376375,0.7785,2.9708269,0.7059229440274674
3,2,261813.86996454606,0.7785,2.9756417,0.7070039884497892
3,2,261818.86996532837,0.7785,2.980304,0.7080850302667291
3,2,261823.86996611068,0.7785,2.9852335,0.7091660736440855
3,2,261828.869966893,0.7785,2.9900868,0.7102471168870069
3,2,261833.8699676753,0.7785,2.9949207,0.7113281595913176
3,2,261838.8699684576,0.7785,2.999946,0.712409202578535
3,2,261838.96536847227,0.7785,3.0000415,0.7124298289493458
3,2,261838.96556847217,0.7785,2.9998124,0.7124298721894791
4,1,261838.96636847197,-0.7785,2.9270594,-8.56069525082906e-08
4,1,261843.96636925405,-0.7785,2.6407905,-0.0010816443557871713
4,1,261848.96637003636,-0.7785,2.4963791,-0.0021632040804492104
4,1,261853.96637081867,-0.7785,2.3961434,-0.003244761915965213
4,1,261858.96637160098,-0.7785,2.3199253,-0.004326320621139474
4,1,261863.9663723833,-0.7785,2.2604067,-0.005407877362234725
4,1,261868.9663731656,-0.7785,2.215792,-0.006489435597416427
4,1,261873.96637394791,-0.7785,2.185832,-0.007570992816901869
4,1,261878.96637473023,-0.7785,2.1657505,-0.008652550718973081
4,1,261883.96637551254,-0.7785,2.1515539,-0.009734106776879893
4,1,261888.96637629485,-0.7785,2.1397839,-0.01081566412968768
4,1,261893.96637707716,-0.7785,2.129103,-0.011897222668783533
4,1,261898.96637785947,-0.7785,2.1187088,-0.01297878225209978
4,1,261903.96637864178,-0.7785,2.107493,-0.014060339395480025
4,1,261908.9663794241,-0.7785,2.0947104,-0.015141895300116805
4,1,261913.9663802064,-0.7785,2.0799024,-0.01622345137353738
4,1,261918.9663809887,-0.7785,2.0620944,-0.01730500788019763
4,1,261923.96638177102,-0.7785,2.0409813,-0.018386561115880808
4,1,261928.96638255334,-0.7785,2.0167725,-0.01946811407881975
4,1,261933.96638333565,-0.7785,1.9900227,-0.020549665670845242
4,1,261938.96638411796,-0.7785,1.9616104,-0.02163121575056182
4,1,261943.96638490027,-0.7785,1.9322238,-0.02271276542831792
4,1,261948.96638568258,-0.7785,1.9029708,-0.02379431362204088
4,1,261953.9663864649,-0.7785,1.874272,-0.024875863287323052
4,1,261958.9663872472,-0.7785,1.8465668,-0.025957414759652485
4,1,261963.9663880295,-0.7785,1.8206003,-0.027038965358634794
4,1,261968.96638881182,-0.7785,1.7965254,-0.028120516613543037
4,1,261973.96638959413,-0.7785,1.7743421,-0.02920206796770957
4,1,261978.96639037644,-0.7785,1.7545089,-0.03028361936029792
4,1,261983.96639115876,-0.7785,1.736873,-0.03136517326041725
4,1,261988.96639194107,-0.7785,1.7214537,-0.03244672625500626
4,1,261993.96639272338,-0.7785,1.7087666,-0.03352828076394068
4,1,261998.9663935057,-0.7785,1.6984869,-0.034609834641887084
4,1,262003.966394288,-0.7785,1.6903665,-0.035691391753166914
4,1,262008.9663950703,-0.7785,1.6837745,-0.0367729463841882
4,1,262013.96639585262,-0.7785,1.6790168,-0.037854501476314334
4,1,262018.96639663493,-0.7785,1.6753674,-0.03893605840190583
4,1,262023.96639741724,-0.7785,1.6721765,-0.040017615919037
4,1,262028.96639819955,-0.7785,1.6699219,-0.041099172207521066
4,1,262033.96639898187,-0.7785,1.6680685,-0.04218072441340155
4,1,262038.96639976418,-0.7785,1.6665591,-0.04326227712625265
4,1,262043.9664005465,-0.7785,1.6653361,-0.044343827873763106
4,1,262048.9664013288,-0.7785,1.6643426,-0.04542537919371326
4,1,262053.9664021111,-0.7785,1.6635975,-0.04650693362494309
4,1,262058.96640289342,-0.7785,1.662795,-0.04758848816234204
4,1,262063.96640367573,-0.7785,1.6621644,-0.04867004318639635
4,1,262068.96640445804,-0.7785,1.6617441,-0.04975159760318199
4,1,262073.96640524035,-0.7785,1.6612282,-0.05083315149543351
4,1,262078.96640602266,-0.7785,1.6608843,-0.051914704967565
4,1,262083.96640680498,-0.7785,1.6605021,-0.05299625931902726
4,1,262088.9664075873,-0.7785,1.66012,-0.054077812728474534
4,1,262093.9664083696,-0.7785,1.6599289,-0.05515936761898795
4,1,262098.9664091519,-0.7785,1.6596996,-0.056240924148480094
4,1,262103.96640993422,-0.7785,1.6593939,-0.05732248112653361
4,1,262108.96641071653,-0.7785,1.6591837,-0.0584040349954466
4,1,262113.96641149884,-0.7785,1.6590309,-0.05948558779619137
4,1,262118.96641228115,-0.7785,1.6589544,-0.0605671439176864
4,1,262123.96641306346,-0.7785,1.6586678,-0.06164869706335001
4,1,262128.96641384577,-0.7785,1.6586105,-0.06273025135679708
4,1,262133.96641462808,-0.7785,1.6583622,-0.06381180417990684
4,1,262138.9664154104,-0.7785,1.6582475,-0.06489335767997967
4,1,262143.9664161927,-0.7785,1.6580564,-0.0659749090896878
4,1,262148.9666124957,-0.7785,1.6578653,-0.06705650379361709
4,1,262153.96680877043,-0.7785,1.6577889,-0.0681380977162487
4,1,262158.96700504515,-0.7785,1.6575978,-0.06921969070934256
4,1,262163.9672013199,-0.7785,1.6576934,-0.07030128365648455
4,1,262168.9673975946,-0.7785,1.6573685,-0.07138287410914236
4,1,262173.9675938692,-0.7785,1.6571774,-0.07246446596565512
4,1,262178.9677901439,-0.7785,1.6571393,-0.07354605678612325
4,1,262183.96798641863,-0.7785,1.6570246,-0.07462764975146452
4,1,262188.96818269335,-0.7785,1.65691,-0.07570924311512708
4,1,262193.9683789681,-0.7785,1.6566234,-0.07679083749199575
4,1,262198.9685752428,-0.7785,1.656547,-0.07787243250644868
4,1,262203.9687715175,-0.7785,1.6565087,-0.07895402603236502
4,1,262208.96896779217,-0.7785,1.6563749,-0.08003562103916538
4,1,262213.9691640669,-0.7785,1.6562412,-0.0811172167405751
4,1,262218.9693603416,-0.7785,1.6563749,-0.08219881107648876
4,1,262223.9695566163,-0.7785,1.6560119,-0.08328040391328931
4,1,262228.969752891,-0.7785,1.6558782,-0.08436199470990234
4,1,262233.9699491657,-0.7785,1.6557635,-0.08544358924117022
4,1,262238.9701454404,-0.7785,1.655496,-0.08652518535932899
4,1,262243.97034171515,-0.7785,1.6558018,-0.0876067789680163
4,1,262248.97053798987,-0.7785,1.6555343,-0.08868837366482284
4,1,262253.970734264,-0.7785,1.6553814,-0.08976996709757712
4,1,262258.9709305386,-0.7785,1.6552477,-0.090851559678985
4,1,262263.9711268132,-0.7785,1.6551139,-0.09193315241066614
4,1,262268.9713230878,-0.7785,1.6549993,-0.09301474513846304
4,1,262273.9715193624,-0.7785,1.6547127,-0.09409633705399102
4,1,262278.971715637,-0.7785,1.6548082,-0.0951779293146597
4,1,262283.9719119116,-0.7785,1.654598,-0.09625952177542779
4,1,262288.9721081862,-0.7785,1.6544452,-0.0973411133598586
4,1,262293.9723044608,-0.7785,1.6543114,-0.09842270486021373
4,1,262298.97250073566,-0.7785,1.6543496,-0.09950429844300283
4,1,262303.97269701026,-0.7785,1.6541013,-0.10058589178147911
4,1,262308.9728932851,-0.7785,1.6539102,-0.10166748654072483
4,1,262313.97308955994,-0.7785,1.6539102,-0.10274908040760954
4,1,262318.97328583477,-0.7785,1.6537764,-0.10383067261118359
4,1,262323.9734821096,-0.7785,1.6535472,-0.10491226628837982
4,1,262328.97367838444,-0.7785,1.6532223,-0.10599386018209656
4,1,262333.9738746593,-0.7785,1.653184,-0.10707545382832487
4,1,262338.9740709341,-0.7785,1.6531076,-0.10815704615151882
4,1,262343.97426720895,-0.7785,1.6529166,-0.10923864127976364
4,1,262348.9744634838,-0.7785,1.6527637,-0.11032023855610026
4,1,262353.9746597586,-0.7785,1.652649,-0.11140183514016204
4,1,262358.97485603346,-0.7785,1.6525345,-0.11248343415153689
4,1,262363.9750523083,-0.7785,1.6523243,-0.11356503108249108
4,1,262368.9752485831,-0.7785,1.652286,-0.11464662989199162
4,1,262373.97544485796,-0.7785,1.6519612,-0.11572822356469102
4,1,262378.9756411328,-0.7785,1.6520185,-0.11680981688708068
4,1,262383.97583740763,-0.7785,1.6518084,-0.11789141117120452
4,1,262388.97603368247,-0.7785,1.6516556,-0.1189730074982014
4,1,262393.9762299573,-0.7785,1.6514454,-0.1200546036998431
4,1,262398.97642623214,-0.7785,1.6514454,-0.12113619949735867
4,1,262403.976622507,-0.7785,1.6511587,-0.12221779272460938
4,1,262408.97681878135,-0.7785,1.6510632,-0.12329938608913621
4,1,262413.9770150557,-0.7785,1.650853,-0.12438098010761871
4,1,262418.9772113301,-0.7785,1.6507193,-0.12546257506407962
4,1,262423.97740760446,-0.7785,1.6506429,-0.12654417023824321
4,1,262428.9776038788,-0.7785,1.6503563,-0.12762576385488114
4,1,262433.9778001532,-0.7785,1.6501079,-0.12870735841914682
4,1,262438.97799642757,-0.7785,1.6499741,-0.1297889522448911
4,1,262443.97819270194,-0.7785,1.6498213,-0.1308705444994238
4,1,262448.9783889763,-0.7785,1.6497449,-0.13195213789601462
4,1,262453.9785852507,-0.7785,1.6494964,-0.1330337325060997
4,1,262458.97878152505,-0.7785,1.649401,-0.13411532882151342
4,1,262463.9789777994,-0.7785,1.6492099,-0.13519692708438968
4,1,262468.9791740738,-0.7785,1.6489041,-0.13627852689808942
4,1,262473.97937034816,-0.7785,1.6488659,-0.13736012607195647
4,1,262478.9795666225,-0.7785,1.6488277,-0.13844172520854742
4,1,262483.9797628969,-0.7785,1.648522,-0.13952332101493084
4,1,262488.97995917127,-0.7785,1.6484455,-0.1406049170993865
4,1,262493.98015544564,-0.7785,1.6482162,-0.14168650998025806
4,1,262498.98035172,-0.7785,1.6481208,-0.14276810140892537
4,1,262503.9805479944,-0.7785,1.6478723,-0.1438496929145754
4,1,262508.98074426875,-0.7785,1.6477195,-0.14493128311147296
4,1,262513.9809405431,-0.7785,1.6474711,-0.14601287330632742
4,1,262518.9811368175,-0.7785,1.6473756,-0.1470944641245339
4,1,262523.98133309186,-0.7785,1.6471845,-0.14817605601766046
4,1,262528.9815293662,-0.7785,1.6470125,-0.14925765122680865
4,1,262533.9817256406,-0.7785,1.6466112,-0.15033924419833225
4,1,262538.98192191496,-0.7785,1.646554,-0.15142083823955393
4,1,262543.98211818933,-0.7785,1.6464393,-0.15250243486093815
4,1,262548.9823144637,-0.7785,1.6461909,-0.15358403210819763
4,1,262553.9825107381,-0.7785,1.6459807,-0.15466562761277294
4,1,262558.98270701244,-0.7785,1.6459043,-0.15574722377354572
4,1,262563.9829032868,-0.7785,1.6456559,-0.1568288188582891
4,1,262568.9830995612,-0.7785,1.6454457,-0.1579104150780241
4,1,262573.98329583555,-0.7785,1.645312,-0.15899201180602118
4,1,262578.9834921099,-0.7785,1.6451782,-0.16007361038778561
4,1,262583.9836883843,-0.7785,1.6450254,-0.1611552104940481
4,1,262588.98388465866,-0.7785,1.6447961,-0.16223680917893188
4,1,262593.98408093303,-0.7785,1.6445286,-0.1633184069740607
4,1,262598.9842772074,-0.7785,1.6443375,-0.16439999921814935
4,1,262603.9844734818,-0.7785,1.6441655,-0.16548158992045128
4,1,262608.98466975614,-0.7785,1.6441082,-0.16656318112945562
4,1,262613.9848660305,-0.7785,1.6438025,-0.16764477294605645
4,1,262618.9850623049,-0.7785,1.6435924,-0.16872636438579036
4,1,262623.98525857925,-0.7785,1.6433249,-0.16980795696926454
4,1,262628.9854548536,-0.7785,1.643172,-0.1708895496814086
4,1,262633.985651128,-0.7785,1.6429619,-0.1719711412141158
4,1,262638.98584740236,-0.7785,1.6428663,-0.1730527304123508
4,1,262643.98604367673,-0.7785,1.642618,-0.17413431979505556
4,1,262648.9862399511,-0.7785,1.6422548,-0.17521590864723924
4,1,262653.9864362255,-0.7785,1.6422358,-0.176297498002655
4,1,262658.98663249984,-0.7785,1.6420256,-0.17737908717598522
4,1,262663.9868287742,-0.7785,1.6418918,-0.17846067487727607
4,1,262668.9870250486,-0.7785,1.6417007,-0.17954225955858832
4,1,262673.98722132295,-0.7785,1.6416053,-0.18062384357425576
4,1,262678.9874175973,-0.7785,1.6413378,-0.18170542941927914
4,1,262683.9876138717,-0.7785,1.6410129,-0.18278701828782762
4,1,262688.98781014606,-0.7785,1.6408409,-0.183868610887405
4,1,262693.98800642043,-0.7785,1.6407071,-0.18495020257805128
4,1,262698.9882026948,-0.7785,1.6404588,-0.18603179435738926
4,1,262703.9883989692,-0.7785,1.6402487,-0.18711338699577587
4,1,262708.98859524354,-0.7785,1.6402295,-0.1881949777088298
4,1,262713.9887915179,-0.7785,1.6398091,-0.18927656586547034
4,1,262718.9889877923,-0.7785,1.639618,-0.19035815655654673
4,1,262723.98918406665,-0.7785,1.6394079,-0.1914397457056046
4,1,262728.989380341,-0.7785,1.6392741,-0.19252133512060182
4,1,262733.9895766154,-0.7785,1.6389685,-0.1936029234762457
4,1,262738.98977288976,-0.7785,1.6387774,-0.19468451270321346
4,1,262743.98996916413,-0.7785,1.638529,-0.19576610198444794
4,1,262748.9901654385,-0.7785,1.6382614,-0.19684769203147295
4,1,262753.9903617129,-0.7785,1.6380322,-0.19792928101700547
4,1,262758.99055798724,-0.7785,1.6381086,-0.19901087160232997
4,1,262763.9907542616,-0.7785,1.63765,-0.20009246278709508
4,1,262768.990950536,-0.7785,1.6376119,-0.2011740552754833
4,1,262773.99114681035,-0.7785,1.6372297,-0.2022556470003592
4,1,262778.9913430847,-0.7785,1.6371723,-0.20333724145187276
4,1,262783.9915393591,-0.7785,1.6368858,-0.20441883617144496
4,1,262788.99173563346,-0.7785,1.6367137,-0.20550043268849125
4,1,262793.99193190783,-0.7785,1.6364081,-0.20658203071215753
4,1,262798.9921281822,-0.7785,1.636217,-0.20766362599252003
4,1,262803.99232445704,-0.7785,1.6360259,-0.2087452184130318
4,1,262808.9925207319,-0.7785,1.6358731,-0.20982681378805312
4,1,262813.9927170067,-0.7785,1.6355674,-0.2109084090785451
4,1,262818.99291328155,-0.7785,1.6352426,-0.21199000434110898
4,1,262823.9931095564,-0.7785,1.6349941,-0.21307159854549174
4,1,262828.9933058312,-0.7785,1.634803,-0.21415319492286117
4,1,262833.99350210605,-0.7785,1.6346312,-0.21523478968427584
4,1,262838.9936983809,-0.7785,1.634421,-0.21631638345717397
4,1,262843.9938946557,-0.7785,1.634249,-0.21739797775662945
4,1,262848.99409093056,-0.7785,1.6339624,-0.21847957332677648
4,1,262853.9942872054,-0.7785,1.6336185,-0.21956117003940878
4,1,262858.99448348023,-0.7785,1.6335038,-0.2206427664096356
4,1,262863.99467975507,-0.7785,1.633179,-0.22172436156390116
4,1,262868.9948760299,-0.7785,1.6330261,-0.22280595992636354
4,1,262873.99507230474,-0.7785,1.6326822,-0.22388755752714148
4,1,262878.9952685796,-0.7785,1.6323383,-0.22496915323162084
4,1,262883.9954648544,-0.7785,1.6322428,-0.22605075025438937
4,1,262888.99566112924,-0.7785,1.6319561,-0.22713234640611216
4,1,262893.9958574041,-0.7785,1.631765,-0.22821394131840606
4,1,262898.9960536789,-0.7785,1.6314784,-0.22929553936300018
4,1,262903.9962499535,-0.7785,1.6313065,-0.2303771419616276
4,1,262908.9964462281,-0.7785,1.63102,-0.2314587398235103
4,1,262913.9966425027,-0.7785,1.6307524,-0.23254033910736116
4,1,262918.9968387773,-0.7785,1.630504,-0.23362193837502274
4,1,262923.9970350519,-0.7785,1.6303129,-0.2347035358911952
4,1,262928.99723132653,-0.7785,1.6299117,-0.23578513238952895
4,1,262933.99742760113,-0.7785,1.6297779,-0.23686672745713597
4,1,262938.99762387574,-0.7785,1.6296633,-0.23794832328802684
4,1,262943.99782015034,-0.7785,1.6292429,-0.23902991993966374
4,1,262948.99801642494,-0.7785,1.6290327,-0.24011151537997863
4,1,262953.99821269966,-0.7785,1.6288035,-0.2411931083094942
4,1,262958.9984089744,-0.7785,1.628555,-0.24227469932221712
4,1,262963.9986052491,-0.7785,1.6282302,-0.2433562869243722
4,1,262968.9988015238,-0.7785,1.6278481,-0.24443787379117815
4,1,262973.99899779854,-0.7785,1.6277908,-0.24551946142278122
4,1,262978.99919407326,-0.7785,1.6274469,-0.2466010491742426
4,1,262983.999390348,-0.7785,1.6271985,-0.24768263925123882
4,1,262988.99958662223,-0.7785,1.626931,-0.24876423209242693
4,1,262993.99978289695,-0.7785,1.6267781,-0.24984582662641014
4,1,262998.99997917167,-0.7785,1.6263578,-0.2509274198664593
4,1,263004.00017544633,-0.7785,1.6261476,-0.25200901227330835
4,1,263009.00037172105,-0.7785,1.6259947,-0.25309060437656117
4,1,263014.00056799577,-0.7785,1.62567,-0.25417219786372125
4,1,263019.0007642705,-0.7785,1.6253451,-0.2552537909225723
4,1,263024.0009605452,-0.7785,1.625135,-0.25633538737572903
4,1,263029.00115681987,-0.7785,1.6249248,-0.2574169827069409
4,1,263034.0013530946,-0.7785,1.6246573,-0.2584985771977869
4,1,263039.0015493693,-0.7785,1.6242751,-0.2595801686808037
4,1,263044.001745644,-0.7785,1.6240649,-0.26066175935495567
4,1,263049.00194191874,-0.7785,1.6237592,-0.2617433493445351
4,1,263054.00213819346,-0.7785,1.6234152,-0.2628249394399425
4,1,263059.00233446807,-0.7785,1.6233771,-0.2639065291813646
4,1,263064.00253074267,-0.7785,1.6230522,-0.26498812121999604
4,1,263069.0027270173,-0.7785,1.6226892,-0.2660697132243846
4,1,263074.0029232919,-0.7785,1.6225936,-0.26715130376020413
4,1,263079.0031195665,-0.7785,1.6223453,-0.26823289587059956
4,1,263084.0033158411,-0.7785,1.6219058,-0.26931448768998856
4,1,263089.0035121157,-0.7785,1.6215428,-0.27039607791618514
4,1,263094.0037083903,-0.7785,1.6215045,-0.2714776695507567
4,1,263099.0039046649,-0.7785,1.6212944,-0.2725592612129252
4,1,263104.0041009397,-0.7785,1.620855,-0.2736408507884973
4,1,263109.00429721456,-0.7785,1.6206256,-0.2747224394050804
4,1,263114.0044934894,-0.7785,1.6202626,-0.2758040263909367
4,1,263119.00468976423,-0.7785,1.619976,-0.27688561562841146
4,1,263124.00488603907,-0.7785,1.6197276,-0.2779672080292206
4,1,263129.0050823139,-0.7785,1.619422,-0.27904880170872154
4,1,263134.00527858874,-0.7785,1.6191735,-0.2801303954532578
4,1,263139.0054748636,-0.7785,1.6189824,-0.281211990977145
4,1,263144.0056711384,-0.7785,1.618543,-0.28229358666675297
4,1,263149.00586741325,-0.7785,1.618199,-0.2833751836858492
4,1,263154.0060636881,-0.7785,1.6179124,-0.2844567770020002
4,1,263159.0062599629,-0.7785,1.6176258,-0.2855383696480692
4,1,263164.00645623775,-0.7785,1.6173774,-0.28661996151650293
4,1,263169.0066525126,-0.7785,1.6169953,-0.2877015543233654
4,1,263174.0068487874,-0.7785,1.6168042,-0.2887831444378695
4,1,263179.00704506226,-0.7785,1.6164794,-0.289864733427528
4,1,263184.0072413371,-0.7785,1.6160972,-0.2909463204668298
4,1,263189.00743761193,-0.7785,1.6158298,-0.29202790907624376
4,1,263194.00763388677,-0.7785,1.6156005,-0.2931094959009655
4,1,263199.0078301616,-0.7785,1.6152184,-0.2941910823030837
4,1,263204.008026436,-0.7785,1.614798,-0.29527266842755356
4,1,263209.00822271034,-0.7785,1.614626,-0.2963542564809257
4,1,263214.0084189847,-0.7785,1.6141484,-0.2974358452918928
4,1,263219.0086152591,-0.7785,1.6141101,-0.29851743461960234
4,1,263224.00881153345,-0.7785,1.6136707,-0.29959902591180815
4,1,263229.0090078078,-0.7785,1.6133459,-0.3006806170638768
4,1,263234.0092040822,-0.7785,1.6131357,-0.30176221087719013
4,1,263239.00940035656,-0.7785,1.6127918,-0.30284380819514406
4,1,263244.00959663093,-0.7785,1.6126007,-0.30392540446208266
4,1,263249.0097929053,-0.7785,1.612123,-0.3050069995564058
4,1,263254.00998917967,-0.7785,1.6118172,-0.30608859641725833
4,1,263259.01018545404,-0.7785,1.6114925,-0.3071701928816141
4,1,263264.0103817284,-0.7785,1.6110913,-0.3082517863452602
4,1,263269.0105780028,-0.7785,1.6109002,-0.3093333770369988
4,1,263274.01077427715,-0.7785,1.610518,-0.3104149673937627
4,1,263279.0109705515,-0.7785,1.6102123,-0.31149655742299237
4,1,263284.0111668259,-0.7785,1.6098492,-0.3125781466099621
4,1,263289.01136310026,-0.7785,1.6096582,-0.31365973458248386
4,1,263294.01155937463,-0.7785,1.6091614,-0.31474132193102117
4,1,263299.011755649,-0.7785,1.6088748,-0.31582290917317746
4,1,263304.01195192337,-0.7785,1.6084162,-0.31690449487970945
4,1,263309.01214819774,-0.7785,1.608378,-0.3179860807258355
4,1,263314.0123444721,-0.7785,1.6079195,-0.3190676644369166
4,1,263319.0125407465,-0.7785,1.6076329,-0.3201492492163745
4,1,263324.01273702085,-0.7785,1.607136,-0.3212308337470327
4,1,263329.0129332952,-0.7785,1.6068877,-0.3223124188108048
4,1,263334.0131295696,-0.7785,1.6065438,-0.3233940046332778
4,1,263339.01332584396,-0.7785,1.6062763,-0.32447559283269456
4,1,263344.01352211833,-0.7785,1.6057794,-0.32555718134271777
4,1,263349.0137183927,-0.7785,1.6055692,-0.32663877355517623
4,1,263354.01391466707,-0.7785,1.6051872,-0.32772036279066746
4,1,263359.01411094144,-0.7785,1.6049005,-0.3288019548527169
4,1,263364.0143072158,-0.7785,1.6043656,-0.32988354658174196
4,1,263369.0145034902,-0.7785,1.604289,-0.3309651389428908
4,1,263374.01469976455,-0.7785,1.6037159,-0.3320467287992869
4,1,263379.0148960389,-0.7785,1.6034484,-0.33312831967419065
4,1,263384.0150923133,-0.7785,1.6031235,-0.33420991244538967
4,1,263389.01528858766,-0.7785,1.6026841,-0.3352915039463773
4,1,263394.01548486203,-0.7785,1.6023974,-0.33637309619360845
4,1,263399.0156811364,-0.7785,1.6020344,-0.3374546866542367
4,1,263404.01587741077,-0.7785,1.6016523,-0.33853627756114485
4,1,263409.01607368514,-0.7785,1.6012702,-0.33961786894676765
4,1,263414.0162699595,-0.7785,1.6009454,-0.34069946001496265
4,1,263419.0164662339,-0.7785,1.6006205,-0.34178104912708884
4,1,263424.01666250825,-0.7785,1.6002575,-0.34286263709128917
4,1,263429.0168587826,-0.7785,1.5999517,-0.3439442257638079
4,1,263434.017055057,-0.7785,1.5996078,-0.3450258156321018
4,1,263439.01725133136,-0.7785,1.5991875,-0.3461074070100058
4,1,263444.0174476057,-0.7785,1.5988626,-0.3471889965595009
4,1,263449.0176438801,-0.7785,1.598557,-0.3482705845100617
4,1,263454.01784015447,-0.7785,1.598022,-0.349352173398889
4,1,263459.01803642884,-0.7785,1.59785,-0.3504337668963607
4,1,263464.0182327032,-0.7785,1.5973151,-0.35151535906438386
4,1,263469.0184289776,-0.7785,1.597124,-0.3525969504769546
4,1,263474.01862525195,-0.7785,1.5967036,-0.35367854031079365
4,1,263479.0188215263,-0.7785,1.5965316,-0.35476013100872456
4,1,263484.0190178007,-0.7785,1.5960349,-0.35584172179137685
4,1,263489.01921407506,-0.7785,1.595691,-0.35692331258818194
4,1,263494.0194103494,-0.7785,1.5950795,-0.3580049042180745
4,1,263499.0196066238,-0.7785,1.5947547,-0.3590864933667582
4,1,263504.01980289817,-0.7785,1.5943725,-0.360168094450315
4,1,263509.01999917254,-0.7785,1.5939904,-0.36124969345312996
4,1,263514.0201954469,-0.7785,1.5936464,-0.36233129069875364
4,1,263519.0203917213,-0.7785,1.5933408,-0.3634128918822277
4,1,263524.02058799565,-0.7785,1.592844,-0.3644944906338422
4,1,263529.02078427,-0.7785,1.5925573,-0.36557609210376624
4,1,263534.0209805444,-0.7785,1.5922517,-0.3666576893903979
4,1,263539.02117681876,-0.7785,1.5917931,-0.36773929278416784
4,1,263544.0213730931,-0.7785,1.5913727,-0.3688208889898196
4,1,263549.0215693675,-0.7785,1.5909905,-0.3699024890816114
4,1,263554.02176564187,-0.7785,1.5908377,-0.3709840928619307
4,1,263559.02196191624,-0.7785,1.5902263,-0.37206569456474997
4,1,263564.0221581906,-0.7785,1.5896531,-0.37314729987735235
4,1,263569.022354465,-0.7785,1.5894428,-0.3742289083154832
4,1,263574.02255073935,-0.7785,1.5890225,-0.37531051746200206
4,1,263579.0227470137,-0.7785,1.5886022,-0.3763921221542492
4,1,263584.0229432881,-0.7785,1.5880481,-0.37747372823489717
4,1,263589.02313956246,-0.7785,1.5878761,-0.3785553297944335
4,1,263594.0233358368,-0.7785,1.5875131,-0.37963693296083156
4,1,263599.02353211166,-0.7785,1.5869972,-0.3807185365666384
4,1,263604.0237283865,-0.7785,1.5865004,-0.38180014012869873
4,1,263609.02392466133,-0.7785,1.5863667,-0.3828817431270349
4,1,263614.02412093617,-0.7785,1.5857935,-0.38396334596555776
4,1,263619.024317211,-0.7785,1.585373,-0.3850449443840485
4,1,263624.02451348584,-0.7785,1.5849527,-0.3861265462356178
4,1,263629.0247097607,-0.7785,1.5845324,-0.3872081481286355
4,1,263634.0249060355,-0.7785,1.5839974,-0.388289742352807
4,1,263639.02510231035,-0.7785,1.5836535,-0.38937134499733994
4,1,263644.0252985852,-0.7785,1.5832905,-0.3904529482493965
4,1,263649.02549486,-0.7785,1.5829083,-0.391534550197373
4,1,263654.02569113486,-0.7785,1.5823542,-0.39261615120401994
4,1,263659.0258874097,-0.7785,1.5820293,-0.39369774046659484
4,1,263664.0260836845,-0.7785,1.5815135,-0.394779327932348
4,1,263669.02627995936,-0.7785,1.581074,-0.3958609171105161
4,1,263674.0264762342,-0.7785,1.5806727,-0.39694250483589383
4,1,263679.02667250903,-0.7785,1.5802333,-0.39802409285554635
4,1,263684.02686878387,-0.7785,1.5798702,-0.39910568268067653
4,1,263689.0270650587,-0.7785,1.5793161,-0.4001872749124005
4,1,263694.02726133354,-0.7785,1.5788003,-0.40126886502493103
4,1,263699.02745760814,-0.7785,1.5783035,-0.40235045625516785
4,1,263704.02765388275,-0.7785,1.5779595,-0.40343204716520853
4,1,263709.02785015735,-0.7785,1.5775201,-0.4045136339534721
4,1,263714.02804643195,-0.7785,1.5770233,-0.40559522021493327
4,1,263719.02824270655,-0.7785,1.576622,-0.4066768059019381
4,1,263724.02843898116,-0.7785,1.5760106,-0.40775839428751015
4,1,263729.0286352553,-0.7785,1.5755521,-0.4088399817640021
4,1,263734.0288315299,-0.7785,1.5750362,-0.4099215702136955
4,1,263739.0290278045,-0.7785,1.5747305,-0.4110031592021983
4,1,263744.0292240791,-0.7785,1.5742337,-0.4120847491684193
4,1,263749.0294203538,-0.7785,1.5737178,-0.41316633965271726
4,1,263754.02961662854,-0.7785,1.5731255,-0.4142479304839275
4,1,263759.02981290326,-0.7785,1.5725331,-0.4153295219615302
4,1,263764.030009178,-0.7785,1.5722466,-0.4164111159257559
4,1,263769.0302054527,-0.7785,1.5717689,-0.41749270926673226
4,1,263774.0304017274,-0.7785,1.5711956,-0.41857430149614494
4,1,263779.03059800214,-0.7785,1.5708517,-0.4196558939623271
4,1,263784.03079427686,-0.7785,1.5702595,-0.4207374852159654
4,1,263789.0309905516,-0.7785,1.5697818,-0.4218190763667989
4,1,263794.0311868263,-0.7785,1.5692658,-0.4229006693783503
4,1,263799.031383101,-0.7785,1.5687499,-0.4239822634583415
4,1,263804.03157937573,-0.7785,1.5682722,-0.42506385657172746
4,1,263809.0317756504,-0.7785,1.5677946,-0.42614544993359194
4,1,263814.0319719251,-0.7785,1.5672214,-0.4272270434302954
4,1,263819.03216819983,-0.7785,1.5666864,-0.42830863302186145
4,1,263824.0323644745,-0.7785,1.5661705,-0.4293902245671817
4,1,263829.0325607492,-0.7785,1.565731,-0.4304718145720265
4,1,263834.03275702393,-0.7785,1.5651578,-0.43155340527691793
4,1,263839.03295329865,-0.7785,1.5645463,-0.4326349931835004
4,1,263844.03314957337,-0.7785,1.5640305,-0.43371658309609046
4,1,263849.0333458481,-0.7785,1.563591,-0.43479817249619646
4,1,263854.0335421229,-0.7785,1.5630752,-0.43587976163235653
4,1,263859.0337383975,-0.7785,1.5624638,-0.4369613498932886
4,1,263864.03393467213,-0.7785,1.5619097,-0.4380429438022211
4,1,263869.03413094673,-0.7785,1.5614128,-0.43912453738636453
4,1,263874.03432722134,-0.7785,1.5608205,-0.44020613291899374
4,1,263879.03452349594,-0.7785,1.5602664,-0.44128773396363535
4,1,263884.03471977054,-0.7785,1.5598079,-0.4423693368405734
4,1,263889.03491604514,-0.7785,1.5592155,-0.44345093315323203
4,1,263894.03511231975,-0.7785,1.5585659,-0.44453252526099163
4,1,263899.03530859435,-0.7785,1.5580118,-0.4456141149923372
4,1,263904.0355048692,-0.7785,1.5573239,-0.4466957150502504
4,1,263909.035701144,-0.7785,1.5567507,-0.4477773212471175
4,1,263914.03589741886,-0.7785,1.5561392,-0.4488589292698934
4,1,263919.0360936937,-0.7785,1.5556808,-0.44994053260795946
4,1,263924.0362899685,-0.7785,1.5550501,-0.4510221291815706
4,1,263929.03648624336,-0.7785,1.5544387,-0.45210373371838875
4,1,263934.0366825182,-0.7785,1.5538273,-0.4531853345315789
4,1,263939.03687879303,-0.7785,1.5533496,-0.4542669255545538
4,1,263944.03707506787,-0.7785,1.5528146,-0.4553485183866588
4,1,263949.0372713427,-0.7785,1.5521841,-0.4564301221443217
4,1,263954.03746761754,-0.7785,1.551458,-0.4575117230762476
4,1,263959.0376638924,-0.7785,1.5508848,-0.4585933107897011
4,1,263964.0378601672,-0.7785,1.5502734,-0.4596748990417753
4,1,263969.03805644205,-0.7785,1.5496429,-0.4607564884570639
4,1,263974.0382527169,-0.7785,1.5489551,-0.4618380782959263
4,1,263979.0384489917,-0.7785,1.5484582,-0.4629196677972245
4,1,263984.03864526656,-0.7785,1.547694,-0.46400125771433126
4,1,263989.0388415414,-0.7785,1.5470252,-0.4650828489042091
4,1,263994.0390378162,-0.7785,1.5464329,-0.4661644384516147
4,1,263999.0392340906,-0.7785,1.5457641,-0.46724602904860185
4,1,264004.03943036497,-0.7785,1.5451336,-0.46832761570528486
4,1,264009.03962663934,-0.7785,1.5446178,-0.4694092086665333
4,1,264014.0398229137,-0.7785,1.5438153,-0.4704908006786903
4,1,264019.0400191881,-0.7785,1.5432802,-0.4715723928502169
4,1,264024.04021546245,-0.7785,1.5425924,-0.47265398463663794
4,1,264029.0404117368,-0.7785,1.542,-0.473735574803008
4,1,264034.0406080112,-0.7785,1.5411975,-0.47481716626887854
4,1,264039.04080428556,-0.7785,1.5406244,-0.4758987539390193
4,1,264044.0410005599,-0.7785,1.5401467,-0.47698034218033153
4,1,264049.0411968343,-0.7785,1.5394397,-0.4780619325179987
4,1,264054.04139310867,-0.7785,1.5386945,-0.4791435181901488
4,1,264059.04158938304,-0.7785,1.5380449,-0.48022510824082293
4,1,264064.0417856574,-0.7785,1.5372615,-0.4813066993743479
4,1,264069.0419819318,-0.7785,1.5366691,-0.48238829002991646
4,1,264074.04217820615,-0.7785,1.5360004,-0.4834698802051908
4,1,264079.0423744805,-0.7785,1.535198,-0.48455147198654874
4,1,264084.0425707549,-0.7785,1.5342808,-0.4856330644277466
4,1,264089.04276702926,-0.7785,1.5336884,-0.4867146555869612
4,1,264094.0429633036,-0.7785,1.5331153,-0.4877962474921213
4,1,264099.043159578,-0.7785,1.5323128,-0.48887783826232617
4,1,264104.04335585237,-0.7785,1.5316823,-0.4899594297890398
4,1,264109.04355212674,-0.7785,1.5309944,-0.49104102148146095
4,1,264114.0437484011,-0.7785,1.5302492,-0.49212261340006186
4,1,264119.0439446755,-0.7785,1.5295995,-0.49320420551238453
4,1,264124.04414094985,-0.7785,1.5288926,-0.49428579867777556
4,1,264129.0443372242,-0.7785,1.5281475,-0.49536739049060474
4,1,264134.0445334986,-0.7785,1.5274787,-0.4964489825237393
4,1,264139.04472977296,-0.7785,1.5265807,-0.4975305747936434
4,1,264144.0449260473,-0.7785,1.5257782,-0.4986121654322114
4,1,264149.0451223217,-0.7785,1.5251476,-0.49969375259819954
4,1,264154.04531859607,-0.7785,1.5244406,-0.5007753409080903
4,1,264159.04551487043,-0.7785,1.5235617,-0.5018569280871981
4,1,264164.0457111448,-0.7785,1.5228548,-0.5029385166592664
4,1,264169.0459074192,-0.7785,1.5220523,-0.5040201043814321
4,1,264174.04610369354,-0.7785,1.5212498,-0.505101691382524
4,1,264179.0462999679,-0.7785,1.5204282,-0.506183279626386
4,1,264184.0464962423,-0.7785,1.5197403,-0.5072648668617937
4,1,264189.04669251665,-0.7785,1.5188423,-0.5083464533574283
4,1,264194.046888791,-0.7785,1.5180206,-0.5094280404176414
4,1,264199.0470850654,-0.7785,1.5172564,-0.5105096269524826
4,1,264204.04728133976,-0.7785,1.5165303,-0.5115912146346403
4,1,264209.04747761413,-0.7785,1.5156513,-0.512672802624358
4,1,264214.0476738885,-0.7785,1.514696,-0.5137543924535346
4,1,264219.0478701629,-0.7785,1.5138936,-0.5148359818408554
4,1,264224.04806643724,-0.7785,1.5129764,-0.5159175720236963
4,1,264229.0482627116,-0.7785,1.5119637,-0.5169991624277795
4,1,264234.048458986,-0.7785,1.5113523,-0.5180807544252208
4,1,264239.04865526035,-0.7785,1.5104543,-0.5191623455271587
4,1,264244.0488515347,-0.7785,1.5097282,-0.520243936400559
4,1,264249.0490478091,-0.7785,1.5087538,-0.5213255290844836
4,1,264254.04924408346,-0.7785,1.5079894,-0.5224071210656132
4,1,264259.04944035783,-0.7785,1.507015,-0.5234887122687398
4,1,264264.0496366322,-0.7785,1.5061551,-0.5245703023097084
4,1,264269.0498329066,-0.7785,1.5055056,-0.5256518953469759
4,1,264274.05002918094,-0.7785,1.5043591,-0.5267334898100428
4,1,264279.0502254553,-0.7785,1.5034993,-0.5278150826875599
4,1,264284.0504217297,-0.7785,1.5026777,-0.5288966753306289
4,1,264289.05061800405,-0.7785,1.5016268,-0.5299782659669551
4,1,264294.0508142784,-0.7785,1.5008053,-0.5310598576925992
4,1,264299.0510105528,-0.7785,1.4998881,-0.5321414485640525
4,1,264304.05120682716,-0.7785,1.4988945,-0.5332230403169956
4,1,264309.05140310153,-0.7785,1.4980538,-0.5343046323728263
4,1,264314.0515993759,-0.7785,1.4970794,-0.5353862211590177
4,1,264319.0517956503,-0.7785,1.4961622,-0.5364678108595576
4,1,264324.05199192464,-0.7785,1.4953215,-0.5375493993126683
4,1,264329.052188199,-0.7785,1.4941941,-0.5386309876198139
4,1,264334.0523844734,-0.7785,1.4933152,-0.539712576542682
4,1,264339.05258074775,-0.7785,1.4922835,-0.5407941651181047
4,1,264344.0527770221,-0.7785,1.4910988,-0.5418757552731798
4,1,264349.0529732965,-0.7785,1.4902198,-0.5429573474200102
4,1,264354.05316957086,-0.7785,1.4892454,-0.5440389406039084
4,1,264359.05336584523,-0.7785,1.4881946,-0.5451205350060131
4,1,264364.0535621196,-0.7785,1.4871627,-0.5462021282140612
4,1,264369.053758394,-0.7785,1.4861119,-0.5472837180097633
4,1,264374.05395466834,-0.7785,1.4851375,-0.5483653052088916
4,1,264379.0541509427,-0.7785,1.4841439,-0.5494468932748934
4,1,264384.0543472171,-0.7785,1.482921,-0.5505284842055936
4,1,264389.05454349145,-0.7785,1.4817555,-0.5516100748770403
4,1,264394.0547397663,-0.7785,1.4808192,-0.5526916662066149
4,1,264399.0549360411,-0.7785,1.4796537,-0.5537732554454738
4,1,264404.05513231596,-0.7785,1.4788512,-0.5548548435006938
4,1,264409.0553285908,-0.7785,1.4775901,-0.5559364323167935
4,1,264414.05552486563,-0.7785,1.4763099,-0.5570180197184187
4,1,264419.05572114047,-0.7785,1.4751253,-0.5580996062351004
4,1,264424.0559174153,-0.7785,1.4740553,-0.5591811935456397
4,1,264429.05611369014,-0.7785,1.4730045,-0.5602627790963486
4,1,264434.056309965,-0.7785,1.4720299,-0.561344366267168
4,1,264439.0565062398,-0.7785,1.4706925,-0.5624259506948691
4,1,264444.05670251464,-0.7785,1.4697562,-0.5635075343111291
4,1,264449.0568987895,-0.7785,1.468457,-0.5645891156120898
4,1,264454.0570950643,-0.7785,1.4671385,-0.565670699054748
4,1,264459.05729133915,-0.7785,1.4662596,-0.5667522857597339
4,1,264464.057487614,-0.7785,1.4649413,-0.5678338722839622
4,1,264469.05768388836,-0.7785,1.463833,-0.5689154596300723
4,1,264474.0578801632,-0.7785,1.4626867,-0.5699970440051061
4,1,264479.058076438,-0.7785,1.4616166,-0.5710786348327135
4,1,264484.05827271286,-0.7785,1.4601263,-0.5721602284741204
4,1,264489.0584689877,-0.7785,1.4589798,-0.5732418189584448
4,1,264494.0586652623,-0.7785,1.4576232,-0.5743234140261148
4,1,264499.0588615369,-0.7785,1.4565723,-0.5754050029568474
4,1,264504.0590578115,-0.7785,1.4553494,-0.5764865952023103
4,1,264509.0592540861,-0.7785,1.4539164,-0.5775681888644861
4,1,264514.0594503607,-0.7785,1.45277,-0.5786497809342543
4,1,264519.0596466353,-0.7785,1.4514134,-0.5797313769328859
4,1,264524.0598429099,-0.7785,1.450076,-0.580812963502927
4,1,264529.0600391845,-0.7785,1.4488531,-0.5818945619319777
4,1,264534.0602354591,-0.7785,1.4475538,-0.5829761484960319
4,1,264539.0604317337,-0.7785,1.4461781,-0.5840577394917641
4,1,264544.06062800845,-0.7785,1.4450126,-0.5851393384332922
4,1,264549.06082428317,-0.7785,1.4434075,-0.5862209379107357
4,1,264554.0610205579,-0.7785,1.4422803,-0.5873025390925442
4,1,264559.0612168326,-0.7785,1.4408473,-0.5883841376721992
4,1,264564.0614131073,-0.7785,1.4394141,-0.5894657354589304
4,1,264569.06160938204,-0.7785,1.4379811,-0.590547339368817
4,1,264574.06180565676,-0.7785,1.4367201,-0.5916289423940349
4,1,264579.0620019315,-0.7785,1.4353635,-0.5927105444973775
4,1,264584.0621982062,-0.7785,1.4337776,-0.5937921475799449
4,1,264589.0623944809,-0.7785,1.4325166,-0.5948737465784617
4,1,264594.0625907559,-0.7785,1.43116,-0.5959553375572133
4,1,264599.0627870306,-0.7785,1.429574,-0.597036936350869
4,1,264604.0629833053,-0.7785,1.4283512,-0.5981185368741885
4,1,264609.06317957997,-0.7785,1.4266316,-0.5992001379126246
4,1,264614.0633758547,-0.7785,1.4251795,-0.6002817377481463
4,1,264619.06357212935,-0.7785,1.4235935,-0.6013633389277792
4,1,264624.06376840407,-0.7785,1.4220268,-0.602444937368168
4,1,264629.0639646788,-0.7785,1.4206511,-0.6035265363576812
4,1,264634.0641609535,-0.7785,1.4194282,-0.6046081313229603
4,1,264639.0643572282,-0.7785,1.4176321,-0.6056897327367633
4,1,264644.06455350295,-0.7785,1.4162374,-0.606771332750387
4,1,264649.06474977755,-0.7785,1.4143075,-0.6078529342269072
4,1,264654.0649460519,-0.7785,1.4128935,-0.6089345362432105
4,1,264659.0651423265,-0.7785,1.411346,-0.6100161278841266
4,1,264664.0653386011,-0.7785,1.4095689,-0.611097724542863
4,1,264669.0655348757,-0.7785,1.4079448,-0.6121793198206527
4,1,264674.06573115033,-0.7785,1.4064163,-0.6132609149194594
4,1,264679.06592742493,-0.7785,1.4047922,-0.6143425149169501
4,1,264684.06612369954,-0.7785,1.4031107,-0.6154241184476319
4,1,264689.06631997414,-0.7785,1.4014293,-0.6165057236286471
4,1,264694.066516249,-0.7785,1.3997288,-0.6175873305254979
4,1,264699.0667125238,-0.7785,1.3979901,-0.6186689372268455
4,1,264704.06690879865,-0.7785,1.3964615,-0.6197505449468133
4,1,264709.0671050735,-0.7785,1.3946655,-0.6208321512186531
4,1,264714.0673013483,-0.7785,1.3928884,-0.6219137454008496
4,1,264719.06749762315,-0.7785,1.3910924,-0.6229953373866813
4,1,264724.067693898,-0.7785,1.3894492,-0.6240769354743299
4,1,264729.0678901728,-0.7785,1.3877869,-0.6251585305123366
4,1,264734.0680864472,-0.7785,1.3858379,-0.6262401347676884
4,1,264739.06828272203,-0.7785,1.3840036,-0.6273217376255198
4,1,264744.06847899687,-0.7785,1.3821694,-0.6284033395475086
4,1,264749.0686752717,-0.7785,1.3800104,-0.6294849427721437
4,1,264754.06887154654,-0.7785,1.3783097,-0.6305665454678969
4,1,264759.0690678214,-0.7785,1.3763609,-0.6316481470997005
4,1,264764.0692640962,-0.7785,1.3742399,-0.6327297431967724
4,1,264769.06946037104,-0.7785,1.3726158,-0.63381134712208
4,1,264774.0696566459,-0.7785,1.3706096,-0.634892948976752
4,1,264779.0698529207,-0.7785,1.3686607,-0.6359745532761317
4,1,264784.07004919555,-0.7785,1.36675,-0.6370561547106606
4,1,264789.0702454704,-0.7785,1.3648967,-0.6381377570767007
4,1,264794.0704417452,-0.7785,1.3631005,-0.6392193627440501
4,1,264799.0706380196,-0.7785,1.3607504,-0.6403009652982422
4,1,264804.07083429396,-0.7785,1.3587824,-0.6413825583829981
4,1,264809.07103056833,-0.7785,1.3565469,-0.6424641541707352
4,1,264814.0712268427,-0.7785,1.3546934,-0.6435457566590973
4,1,264819.0714231171,-0.7785,1.3525152,-0.6446273604402047
4,1,264824.07161939144,-0.7785,1.3503944,-0.6457089629516901
4,1,264829.0718156658,-0.7785,1.3483117,-0.6467905638659565
4,1,264834.0720119402,-0.7785,1.3465157,-0.6478721651593878
4,1,264839.07220821455,-0.7785,1.3443375,-0.6489537553236518
4,1,264844.0724044889,-0.7785,1.3422357,-0.650035349803004
4,1,264849.0726007633,-0.7785,1.3398091,-0.6511169526461728
4,1,264854.07279703766,-0.7785,1.3377454,-0.6521985561309059
4,1,264859.07299331203,-0.7785,1.3354527,-0.6532801592133045
4,1,264864.0731895864,-0.7785,1.3332744,-0.6543617630822957
4,1,264869.0733858608,-0.7785,1.3310198,-0.6554433694921037
4,1,264874.07358213514,-0.7785,1.3287842,-0.6565249745910234
4,1,264879.0737784095,-0.7785,1.3264341,-0.657606578467538
4,1,264884.0739746839,-0.7785,1.3244088,-0.6586881795946062
4,1,264889.07417095825,-0.7785,1.3218293,-0.6597697805338735
4,1,264894.0743672326,-0.7785,1.3195555,-0.6608513825728696
4,1,264899.074563507,-0.7785,1.3171862,-0.6619329777512784
4,1,264904.07475978136,-0.7785,1.314817,-0.6630145830257039
4,1,264909.07495605573,-0.7785,1.3123713,-0.6640961892176868
4,1,264914.0751523301,-0.7785,1.3099638,-0.6651777943867314
4,1,264919.07534860447,-0.7785,1.307671,-0.666259397568832
4,1,264924.07554487884,-0.7785,1.3051106,-0.6673409901589621
4,1,264929.0757411532,-0.7785,1.3025311,-0.6684225925790835
4,1,264934.0759374276,-0.7785,1.3003147,-0.6695041918487948
4,1,264939.07613370195,-0.7785,1.2976397,-0.6705857905370992
4,1,264944.0763299763,-0.7785,1.2948883,-0.671667388679998
4,1,264949.0765262507,-0.7785,1.292328,-0.6727489886495606
4,1,264954.07672252506,-0.7785,1.2898823,-0.673830587901768
4,1,264959.07691879943,-0.7785,1.2871499,-0.6749121767154702
4,1,264964.0771150738,-0.7785,1.284475,-0.6759937785958186
4,1,264969.07731134817,-0.7785,1.2818382,-0.6770753792505763
4,1,264974.07750762254,-0.7785,1.2790676,-0.6781569810349314
4,1,264979.0777038969,-0.7785,1.27645,-0.6792385808282364
4,1,264984.0779001713,-0.7785,1.2736031,-0.6803201814909977
4,1,264989.07809644565,-0.7785,1.2707943,-0.6814017838199108
4,1,264994.07829272,-0.7785,1.268062,-0.682483382146713
4,1,264999.0784889944,-0.7785,1.2652724,-0.6835649767468772
4,1,265004.07868526876,-0.7785,1.2623298,-0.6846465708970528
4,1,265009.07888154313,-0.7785,1.2594638,-0.6857281667193937
4,1,265014.0790778175,-0.7785,1.2565595,-0.6868097639427385
4,1,265019.07927409187,-0.7785,1.2537317,-0.6878913612943459
4,1,265024.07947036624,-0.7785,1.2509229,-0.6889729595060152
4,1,265029.0796666406,-0.7785,1.2477894,-0.6900545571213135
4,1,265034.079862915,-0.7785,1.2449998,-0.6911361543250649
4,1,265039.08005918935,-0.7785,1.2419617,-0.6922177512348064
4,1,265044.0802554637,-0.7785,1.2389237,-0.693299345910566
4,1,265049.0804517381,-0.7785,1.2359239,-0.6943809398660861
4,1,265054.08064801246,-0.7785,1.232733,-0.6954625316668486
4,1,265059.08084428683,-0.7785,1.2298478,-0.6965441238863338
4,1,265064.0810405612,-0.7785,1.2267334,-0.697625716065801
4,1,265069.08123683557,-0.7785,1.223638,-0.6987073122967749
4,1,265074.08143310994,-0.7785,1.2205809,-0.6997889077337254
4,1,265079.0816293843,-0.7785,1.2171799,-0.700870501830376
4,1,265084.0818256587,-0.7785,1.2140845,-0.7019520942123136
4,1,265089.08202193305,-0.7785,1.2111611,-0.7030336848430171
4,1,265094.0822182074,-0.7785,1.2078174,-0.7041152753415274
4,1,265099.0824144818,-0.7785,1.2046266,-0.7051968650732207
4,1,265104.08261075616,-0.7785,1.2016649,-0.7062784562739962
4,1,265106.7430087724,-0.7785,1.1999453,-0.7068539268776477
4,1,265106.7432087725,-0.7785,1.2000408,-0.7068539701371094
4,2,265106.74400877254,0.7785,1.2751101,8.590210808648003e-08
4,2,265111.74420504784,0.7785,1.4551966,0.0010811784043841892
4,2,265116.7444013227,0.7785,1.5164157,0.0021622693056265515
4,2,265121.7445975975,0.7785,1.5629605,0.003243357347889079
4,2,265126.74479387235,0.7785,1.6023784,0.004324446581184864
4,2,265131.7449901472,0.7785,1.6374017,0.0054055350096689336
4,2,265136.74518642155,0.7785,1.6689283,0.006486622141708931
4,2,265141.7453826964,0.7785,1.6980475,0.007567708646827275
4,2,265146.7455789712,0.7785,1.7256763,0.008648796543790235
4,2,265151.74577524606,0.7785,1.7520441,0.009729883685413335
4,2,265156.7459715209,0.7785,1.7770743,0.010810973384069073
4,2,265161.7461677955,0.7785,1.8009582,0.011892065443128349
4,2,265166.7463640701,0.7785,1.8238866,0.012973155730691223
4,2,265171.7465603447,0.7785,1.8463374,0.01405424659668075
4,2,265176.7467566193,0.7785,1.8679093,0.015135337316016358
4,2,265181.7469528939,0.7785,1.8887169,0.016216428351630768
4,2,265186.7471491685,0.7785,1.908703,0.01729751635397805
4,2,265191.7473454431,0.7785,1.9279437,0.018378604384144147
4,2,265196.7475417177,0.7785,1.9466496,0.019459694910986557
4,2,265201.7477379923,0.7785,1.964744,0.020540784911649096
4,2,265206.7479342669,0.7785,1.981692,0.021621875155548257
4,2,265211.74813054164,0.7785,1.9983342,0.022702965003116266
4,2,265216.74832681636,0.7785,2.0139256,0.023784054098245175
4,2,265221.7485230911,0.7785,2.028619,0.024865145709882186
4,2,265226.7487193658,0.7785,2.042701,0.025946237033598957
4,2,265231.7489156405,0.7785,2.0561714,0.027027326268835205
4,2,265236.74911191524,0.7785,2.068763,0.028108417908986414
4,2,265241.74930818996,0.7785,2.0807812,0.02918950569572714
4,2,265246.7495044647,0.7785,2.0920162,0.030270592677858144
4,2,265251.7497007394,0.7785,2.1027544,0.031351678164197344
4,2,265256.7498970141,0.7785,2.1127284,0.03243276534837816
4,2,265261.75009328907,0.7785,2.12211,0.033513852409243594
4,2,265266.7502895638,0.7785,2.1313958,0.034594942856904544
4,2,265271.7504858385,0.7785,2.1399558,0.03567603518082037
4,2,265276.75068211317,0.7785,2.1478853,0.03675712583558097
4,2,265281.7508783879,0.7785,2.1555665,0.037838216473195296
4,2,265286.75107466255,0.7785,2.162655,0.03891930851438311
4,2,265291.75127093727,0.7785,2.1695337,0.04000040041411586
4,2,265296.751467212,0.7785,2.1760683,0.041081493280947214
4,2,265301.7516634867,0.7785,2.1823735,0.04216258571629392
4,2,265306.7518597614,0.7785,2.1880865,0.0432436799325049
4,2,265311.75205603614,0.7785,2.193685,0.0443247776760161
4,2,265316.75225231075,0.7785,2.1991496,0.045405875295678785
4,2,265321.75244858535,0.7785,2.2042894,0.04648696958314049
4,2,265326.7526448597,0.7785,2.209219,0.047568062857528536
4,2,265331.7528411343,0.7785,2.2138238,0.04864915886512731
4,2,265336.7530374089,0.7785,2.2182183,0.049730253442840454
4,2,265341.7532336835,0.7785,2.2225556,0.05081134764043491
4,2,265346.75342995813,0.7785,2.2268548,0.05189244133521452
4,2,265351.75362623273,0.7785,2.2307909,0.05297353108402426
4,2,265356.75382250734,0.7785,2.2344785,0.0540546202016208
4,2,265361.7540187822,0.7785,2.2380898,0.05513570863674416
4,2,265366.754215057,0.7785,2.2416818,0.05621679670569633
4,2,265371.75441133184,0.7785,2.245274,0.057297884379787584
4,2,265376.7546076067,0.7785,2.248675,0.05837897420004011
4,2,265381.7548038815,0.7785,2.2518277,0.05946006586812272
4,2,265386.75500015635,0.7785,2.2549996,0.06054115841900641
4,2,265391.7551964312,0.7785,2.2579803,0.06162225030956004
4,2,265396.755392706,0.7785,2.2608845,0.06270334405055311
4,2,265401.75558898086,0.7785,2.2638843,0.06378443623341123
4,2,265406.7557852552,0.7785,2.2665212,0.06486552887559931
4,2,265411.75598153006,0.7785,2.2693298,0.065946618514912
4,2,265416.7561778049,0.7785,2.2719092,0.0670277086560064
4,2,265421.75637407973,0.7785,2.2744124,0.06810879999212756
4,2,265426.75657035457,0.7785,2.2770681,0.06918989283131892
4,2,265431.7567666294,0.7785,2.2796667,0.07027098490150771
4,2,265436.75696290424,0.7785,2.2819788,0.07135207713991405
4,2,265441.7571591791,0.7785,2.2844818,0.07243316748211452
4,2,265446.7573554539,0.7785,2.2867172,0.07351425954864094
4,2,265451.75755172875,0.7785,2.2892394,0.07459535019198393
4,2,265456.7577480036,0.7785,2.2914176,0.07567644076390732
4,2,265461.7579442784,0.7785,2.2938251,0.07675752889509667
4,2,265466.7581405528,0.7785,2.2960224,0.07783861965194677
4,2,265471.75833682716,0.7785,2.2981815,0.07891971037666998
4,2,265476.7585331015,0.7785,2.3002832,0.08000080067724984
4,2,265481.7587293759,0.7785,2.3024998,0.08108189070096944
4,2,265486.75892565027,0.7785,2.3047543,0.08216297935098742
4,2,265491.75912192464,0.7785,2.3069324,0.08324406914557021
4,2,265496.759318199,0.7785,2.3089578,0.08432516123256088
4,2,265501.7595144734,0.7785,2.311289,0.08540625274366803
4,2,265506.75971074775,0.7785,2.3133144,0.08648734510367447
4,2,265511.7599070221,0.7785,2.3153205,0.08756843721219898
4,2,265516.7601032965,0.7785,2.317365,0.08864952829937803
4,2,265521.76029957086,0.7785,2.3194478,0.08973062089499831
4,2,265526.7604958452,0.7785,2.3213203,0.09081171162265539
4,2,265531.7606921196,0.7785,2.32346,0.09189280143142077
4,2,265536.76088839397,0.7785,2.3254664,0.09297388902096285
4,2,265541.76108466834,0.7785,2.3275874,0.094054973568764
4,2,265546.7612809427,0.7785,2.32967,0.09513605927594171
4,2,265551.7614772171,0.7785,2.3316188,0.09621714345739285
4,2,265556.76167349145,0.7785,2.3336442,0.0972982258750101
4,2,265561.7618697658,0.7785,2.3355932,0.09837930928456784
4,2,265566.7620660402,0.7785,2.337523,0.09946039363977313
4,2,265571.76226231456,0.7785,2.3395293,0.10054147796725564
4,2,265576.7624585889,0.7785,2.3416119,0.10162256116643216
4,2,265581.7626548633,0.7785,2.343561,0.10270364492363399
4,2,265586.76285113767,0.7785,2.3454142,0.10378473178391653
4,2,265591.76304741204,0.7785,2.3475924,0.10486581684493686
4,2,265596.7632436864,0.7785,2.349522,0.10594690241413976
4,2,265601.7634399608,0.7785,2.351452,0.10702799175235296
4,2,265606.76363623515,0.7785,2.353439,0.10810908155826394
4,2,265611.7638325095,0.7785,2.3556173,0.10919016996153524
4,2,265616.7640287839,0.7785,2.3572798,0.11027125860636762
4,2,265621.76422505826,0.7785,2.359439,0.1113523480549918
4,2,265626.7644213326,0.7785,2.3613496,0.11243343728149266
4,2,265631.764617607,0.7785,2.3635468,0.1135145255807075
4,2,265636.76481388137,0.7785,2.3656294,0.11459561542761323
4,2,265641.76501015574,0.7785,2.3673682,0.11567670524439544
4,2,265646.7652064301,0.7785,2.3696039,0.11675779481159644
4,2,265651.7654027045,0.7785,2.3715909,0.11783888492606412
4,2,265656.76559897885,0.7785,2.3736353,0.11891997618405684
4,2,265661.7657952532,0.7785,2.3756988,0.12000106615258915
4,2,265666.7659915276,0.7785,2.3778007,0.12108215506669875
4,2,265671.76618780196,0.7785,2.3797114,0.12216324340614011
4,2,265676.7663840763,0.7785,2.3817558,0.12324433203558455
4,2,265681.7665803507,0.7785,2.3840487,0.12432542116980086
4,2,265686.76677662507,0.7785,2.3860168,0.1254065108705295
4,2,265691.76697289944,0.7785,2.3881185,0.12648759952583244
4,2,265696.7671691738,0.7785,2.390182,0.12756868869442406
4,2,265701.7673654482,0.7785,2.3922265,0.12864977826497287
4,2,265706.76756172255,0.7785,2.3943665,0.12973086774300863
4,2,265711.7677579969,0.7785,2.3964875,0.13081195868967965
4,2,265716.7679542713,0.7785,2.3986657,0.13189304887374567
4,2,265721.76815054566,0.7785,2.400882,0.13297414173932534
4,2,265726.76834682,0.7785,2.4028502,0.13405523388504645
4,2,265731.7685430944,0.7785,2.4048755,0.13513632570745873
4,2,265736.76873936877,0.7785,2.406939,0.13621741619125335
4,2,265741.76893564314,0.7785,2.4091744,0.1372985093588398
4,2,265746.7691319175,0.7785,2.4114673,0.13837960015295606
4,2,265751.7693281919,0.7785,2.4135308,0.13946069095118505
4,2,265756.76952446625,0.7785,2.4156709,0.14054178106810974
4,2,265761.7697207406,0.7785,2.4178872,0.14162286991694895
4,2,265766.769917015,0.7785,2.420161,0.14270396200781393
4,2,265771.77011328936,0.7785,2.4222054,0.14378505441715977
4,2,265776.7703095637,0.7785,2.4243264,0.1448661459581454
4,2,265781.7705058381,0.7785,2.4266002,0.1459472366239726
4,2,265786.77070211247,0.7785,2.4287784,0.14702832657171946
4,2,265791.77089838684,0.7785,2.4307847,0.1481094171815547
4,2,265796.7710946612,0.7785,2.433001,0.14919050663281805
4,2,265801.7712909356,0.7785,2.4354658,0.1502715934086077
4,2,265806.77148720995,0.7785,2.4373574,0.15135268357135515
4,2,265811.7716834843,0.7785,2.4395928,0.15243377407085557
4,2,265816.7718797587,0.7785,2.4418285,0.1535148608625729
4,2,265821.77207603306,0.7785,2.4439301,0.15459594872222668
4,2,265826.7722723074,0.7785,2.4460893,0.15567703608001596
4,2,265831.7724685818,0.7785,2.448325,0.15675812443309683
4,2,265836.77266485617,0.7785,2.4503503,0.15783921317911803
4,2,265841.77286113054,0.7785,2.4525285,0.1589203045000632
4,2,265846.7730574049,0.7785,2.4547067,0.16000139366301888
4,2,265851.7732536793,0.7785,2.4570568,0.16108248224014368
4,2,265856.7734499541,0.7785,2.459025,0.16216357204269363
4,2,265861.77364622895,0.7785,2.461165,0.16324466311503114
4,2,265866.7738425038,0.7785,2.4632285,0.16432575064654809
4,2,265871.7740387786,0.7785,2.4655595,0.16540683983863388
4,2,265876.774235053,0.7785,2.4676995,0.1664879285116427
4,2,265881.7744313278,0.7785,2.4698203,0.16756901701034435
4,2,265886.77462760266,0.7785,2.472056,0.1686501104238927
4,2,265891.7748238775,0.7785,2.4740813,0.169731196787652
4,2,265896.77502015233,0.7785,2.476011,0.17081228192936376
4,2,265901.77521642717,0.7785,2.4782658,0.1718933667806552
4,2,265906.775412702,0.7785,2.4801764,0.17297445056369234
4,2,265911.77560897684,0.7785,2.4823546,0.17405552969050733
4,2,265916.7758052517,0.7785,2.4842272,0.1751366136526465
4,2,265921.7760015265,0.7785,2.4862907,0.17621769967687456
4,2,265926.77619780134,0.7785,2.4883924,0.1772987856997251
4,2,265931.7763940762,0.7785,2.490284,0.178379870735079
4,2,265936.776590351,0.7785,2.4922137,0.1794609545898139
4,2,265941.77678662585,0.7785,2.4941819,0.1805420392915904
4,2,265946.7769829007,0.7785,2.4960544,0.18162312621707383
4,2,265951.7771791755,0.7785,2.497965,0.18270421380032098
4,2,265956.7773754501,0.7785,2.4998949,0.1837853013748129
4,2,265961.7775717247,0.7785,2.5017483,0.1848663863966895
4,2,265966.77776799933,0.7785,2.5033724,0.1859474733118812
4,2,265971.77796427393,0.7785,2.5053594,0.18702856139251917
4,2,265976.77816054854,0.7785,2.5070791,0.18810965136152502
4,2,265981.77835682314,0.7785,2.5089135,0.1891907410934832
4,2,265986.77855309774,0.7785,2.5107477,0.190271828736686
4,2,265991.77874937234,0.7785,2.51241,0.19135291657368006
4,2,265996.77894564695,0.7785,2.514034,0.1924340035400026
4,2,266001.7791419218,0.7785,2.5154862,0.19351509315091367
4,2,266006.7793381965,0.7785,2.5172822,0.19459618149788507
4,2,266011.7795344712,0.7785,2.51883,0.19567727006012528
4,2,266016.77973074594,0.7785,2.5205305,0.19675835934186972
4,2,266021.77992702066,0.7785,2.5219827,0.1978394497448371
4,2,266026.7801232954,0.7785,2.5233011,0.1989205400075912
4,2,266031.7803195701,0.7785,2.5250206,0.20000162677850322
4,2,266036.7805158448,0.7785,2.5264347,0.20108271936093433
4,2,266041.78071211954,0.7785,2.5277913,0.20216380894861286
4,2,266046.78090839426,0.7785,2.529186,0.20324490196999576
4,2,266051.781104669,0.7785,2.5303133,0.20432599444462854
4,2,266056.7813009437,0.7785,2.5318227,0.2054070873994496
4,2,266061.7814972184,0.7785,2.5330455,0.20648818004765443
4,2,266066.78169349296,0.7785,2.5342302,0.2075692750270499
4,2,266071.7818897677,0.7785,2.5355296,0.20865036766273773
4,2,266076.7820860424,0.7785,2.536523,0.20973145984117186
4,2,266081.78228231706,0.7785,2.5378606,0.2108125522374411
4,2,266086.7824785918,0.7785,2.5389688,0.2118936488231983
4,2,266091.7826748665,0.7785,2.540058,0.21297474469942512
4,2,266096.7828711412,0.7785,2.541166,0.2140558400968677
4,2,266101.78306741593,0.7785,2.5421598,0.21513693375524212
4,2,266106.78326369054,0.7785,2.543249,0.216218027632604
4,2,266111.78345996514,0.7785,2.5440514,0.21729912225535838
4,2,266116.78365623974,0.7785,2.5451977,0.21838021782766442
4,2,266121.78385251435,0.7785,2.5460193,0.21946131375168423
4,2,266126.78404878895,0.7785,2.5469174,0.22054240977860814
4,2,266131.78424506355,0.7785,2.5476434,0.2216235059586597
4,2,266136.78444133815,0.7785,2.5485225,0.22270460053114088
4,2,266141.78463761276,0.7785,2.5492866,0.22378569463430834
4,2,266146.7848338869,0.7785,2.55007,0.2248667880918449
4,2,266151.7850301615,0.7785,2.550777,0.22594788248062125
4,2,266156.78522643633,0.7785,2.5514648,0.22702897597938768
4,2,266161.78542271117,0.7785,2.552382,0.22811006761285324
4,2,266166.785618986,0.7785,2.552936,0.2291911585411495
4,2,266171.78581526084,0.7785,2.5537386,0.23027225212493202
4,2,266176.7860115357,0.7785,2.5543118,0.2313533455007738
4,2,266181.7862078105,0.7785,2.5549614,0.23243443680217857
4,2,266186.78640408535,0.7785,2.555592,0.233515531273514
4,2,266191.7866003602,0.7785,2.5560696,0.2345966247857345
4,2,266196.786796635,0.7785,2.556662,0.23567771586222447
4,2,266201.78699290985,0.7785,2.5573115,0.2367588073287871
4,2,266206.7871891847,0.7785,2.5578084,0.23783989913568562
4,2,266211.7873854595,0.7785,2.558458,0.23892099021312593
4,2,266216.78758173436,0.7785,2.5589356,0.2400020828587711
4,2,266221.7877780092,0.7785,2.5592606,0.24108317291087245
4,2,266226.78797428403,0.7785,2.5599675,0.24216426455337803
4,2,266231.78817055887,0.7785,2.5601394,0.24324535585147142
4,2,266236.7883668337,0.7785,2.5608463,0.24432644585385918
4,2,266241.78856310854,0.7785,2.5610757,0.24540753658880127
4,2,266246.7887593834,0.7785,2.5616298,0.24648862515375017
4,2,266251.7889556582,0.7785,2.5622604,0.24756971246823997
4,2,266256.78915193304,0.7785,2.562566,0.24865080291327832
4,2,266261.7893482074,0.7785,2.5631583,0.24973189262256687
4,2,266266.7895444818,0.7785,2.5635023,0.2508129809504085
4,2,266271.78974075615,0.7785,2.5638654,0.25189406922717555
4,2,266276.7899370305,0.7785,2.5641901,0.2529751600791447
4,2,266281.7901333049,0.7785,2.5645723,0.2540562517884075
4,2,266286.79032957926,0.7785,2.5649927,0.2551373410396377
4,2,266291.79052585363,0.7785,2.5653365,0.2562184313232501
4,2,266296.790722128,0.7785,2.565757,0.257299521951533
4,2,266301.7909184024,0.7785,2.5660627,0.25838061342468854
4,2,266306.79111467674,0.7785,2.566292,0.2594617044855621
4,2,266311.7913109511,0.7785,2.5667124,0.2605427966907852
4,2,266316.7915072255,0.7785,2.5669224,0.26162388979015416
4,2,266321.79170349985,0.7785,2.5673618,0.2627049820635683
4,2,266326.7918997742,0.7785,2.5676868,0.263786072121597
4,2,266331.7920960486,0.7785,2.5680115,0.26486716242911085
4,2,266336.79229232296,0.7785,2.568298,0.26594825216794676
4,2,266341.79248859733,0.7785,2.568623,0.26702934208425216
4,2,266346.7926848717,0.7785,2.5690243,0.26811043149452074
4,2,266351.7928811461,0.7785,2.5692344,0.26919152077043385
4,2,266356.79307742044,0.7785,2.5694828,0.27027260896766847
4,2,266361.7932736948,0.7785,2.569865,0.2713537004191776
4,2,266366.7934699692,0.7785,2.5702088,0.27243478903788
4,2,266371.79366624355,0.7785,2.5704572,0.27351587739462985
4,2,266376.7938625179,0.7785,2.5706675,0.2745969675107565
4,2,266381.7940587923,0.7785,2.5709922,0.27567805922010874
4,2,266386.79425506666,0.7785,2.5713553,0.27675914848224326
4,2,266391.79445134103,0.7785,2.5715654,0.27784024035719374
4,2,266396.7946476154,0.7785,2.5717566,0.2789213308265806
4,2,266401.7948438898,0.7785,2.571986,0.2800024227256809
4,2,266406.79504016414,0.7785,2.5722916,0.2810835126924383
4,2,266411.7952364385,0.7785,2.57254,0.28216460168557705
4,2,266416.7954327129,0.7785,2.5726738,0.2832456919711266
4,2,266421.79562898725,0.7785,2.5730367,0.2843267809609473
4,2,266426.7958252616,0.7785,2.573285,0.28540787195101386
4,2,266431.796021536,0.7785,2.5736673,0.2864889646873541
4,2,266436.79621781036,0.7785,2.573801,0.28757005688376563
4,2,266441.79641408473,0.7785,2.5739348,0.28865114890428717
4,2,266446.7966103591,0.7785,2.5743551,0.2897322423703075
4,2,266451.7968066335,0.7785,2.5745654,0.29081333783117935
4,2,266456.79700290784,0.7785,2.5747945,0.2918944284756681
4,2,266461.7971991822,0.7785,2.5749092,0.29297551611774836
4,2,266466.7973954566,0.7785,2.575234,0.2940566039676468
4,2,266471.79759173095,0.7785,2.5754824,0.29513769178393157
4,2,266476.7977880053,0.7785,2.5755398,0.2962187810773883
4,2,266481.7979842797,0.7785,2.5759602,0.29729986841687894
4,2,266486.79818055406,0.7785,2.5761893,0.29838095533999803
4,2,266491.79837682843,0.7785,2.576323,0.2994620425620775
4,2,266496.7985731028,0.7785,2.5765142,0.30054312910080955
4,2,266501.7987693772,0.7785,2.5767436,0.30162421780406773
4,2,266506.79896565154,0.7785,2.5769346,0.30270530402881907
4,2,266511.7991619259,0.7785,2.5771449,0.30378639369059607
4,2,266516.7993582003,0.7785,2.5774314,0.30486748175727996
4,2,266521.79955447465,0.7785,2.5776606,0.30594857117336
4,2,266526.799750749,0.7785,2.5778518,0.3070296614771618
4,2,266531.7999470234,0.7785,2.5780237,0.30811074863516297
4,2,266536.80014329776,0.7785,2.578253,0.3091918367676669
4,2,266541.80033957213,0.7785,2.5785396,0.31027292564336795
4,2,266546.8005358465,0.7785,2.5786352,0.31135401354624503
4,2,266551.8007321209,0.7785,2.5788643,0.31243510031762395
4,2,266556.80092839524,0.7785,2.579151,0.31351618866896636
4,2,266561.8011246696,0.7785,2.5793612,0.31459727985586067
4,2,266566.801320944,0.7785,2.5794568,0.3156783685332902
4,2,266571.80151721835,0.7785,2.5798388,0.31675945795365845
4,2,266576.8017134927,0.7785,2.5799344,0.31784054428871483
4,2,266581.8019097671,0.7785,2.5801446,0.3189216329772043
4,2,266586.80210604146,0.7785,2.5802975,0.32000272138870434
4,2,266591.80230231583,0.7785,2.5805075,0.3210838080000845
4,2,266596.8024985902,0.7785,2.580775,0.32216489723916525
4,2,266601.8026948646,0.7785,2.5809278,0.32324598781188335
4,2,266606.80289113894,0.7785,2.5812147,0.3243270768867136
4,2,266611.8030874133,0.7785,2.5814247,0.3254081654661928
4,2,266616.8032836877,0.7785,2.5816731,0.3264892567429477
4,2,266621.80347996205,0.7785,2.5819025,0.3275703418076602
4,2,266626.8036762364,0.7785,2.5821316,0.32865142717026014
4,2,266631.8038725108,0.7785,2.5822654,0.32973251310129637
4,2,266636.80406878516,0.7785,2.5825138,0.33081359790558623
4,2,266641.80426505953,0.7785,2.582877,0.33189467878315854
4,2,266646.8044613339,0.7785,2.5829532,0.33297576320291566
4,2,266651.80465760827,0.7785,2.5830488,0.334056846021649
4,2,266656.8048538831,0.7785,2.5833545,0.3351379301936329
4,2,266661.80505015794,0.7785,2.583622,0.33621901401214477
4,2,266666.8052464328,0.7785,2.583641,0.3373000995503102
4,2,266671.8054427076,0.7785,2.583985,0.3383811822758517
4,2,266676.80563898245,0.7785,2.5840616,0.33946226424228493
4,2,266681.8058352573,0.7785,2.584501,0.34054334635247135
4,2,266686.8060315321,0.7785,2.5845582,0.3416244281570714
4,2,266691.80622780696,0.7785,2.5847876,0.3427055091371438
4,2,266696.8064240818,0.7785,2.5849786,0.3437865901832317
4,2,266701.8066203566,0.7785,2.5851507,0.34486766841855
4,2,266706.80681663146,0.7785,2.5853608,0.3459487515360284
4,2,266711.8070129063,0.7785,2.5855901,0.3470298364922571
4,2,266716.80720918113,0.7785,2.5858002,0.3481109215152132
4,2,266721.80740545597,0.7785,2.5859149,0.3491920052178967
4,2,266726.8076017308,0.7785,2.5862205,0.35027309263917483
4,2,266731.80779800564,0.7785,2.5863736,0.35135417367391797
4,2,266736.8079942805,0.7785,2.5865455,0.352435256519533
4,2,266741.8081905553,0.7785,2.5866983,0.3535163429054321
4,2,266746.80838683015,0.7785,2.5869467,0.3545974284002484
4,2,266751.808583105,0.7785,2.5870423,0.35567851057876493
4,2,266756.8087793796,0.7785,2.5870423,0.35675959398499474
4,2,266761.8089756542,0.7785,2.5874434,0.35784067920826224
4,2,266766.8091719288,0.7785,2.5876155,0.35892176248181873
4,2,266771.8093682034,0.7785,2.5876918,0.3600028507962261
4,2,266776.809564478,0.7785,2.5880358,0.3610839370653796
4,2,266781.8097607526,0.7785,2.5880167,0.36216502394731853
4,2,266786.8099570272,0.7785,2.5883415,0.3632461152269179
4,2,266791.8101533018,0.7785,2.588437,0.36432720165699733
4,2,266796.8103495764,0.7785,2.5887618,0.3654082884374891
4,2,266801.810545851,0.7785,2.5890102,0.3664893738661807
4,2,266806.81074212573,0.7785,2.5892777,0.3675704594099059
4,2,266811.81093840045,0.7785,2.58966,0.3686515455649728
4,2,266816.81113467517,0.7785,2.5897171,0.3697326344351306
4,2,266821.8113309499,0.7785,2.5899847,0.3708137241095703
4,2,266826.8115272246,0.7785,2.590233,0.37189481338094355
4,2,266831.8117234993,0.7785,2.5903287,0.3729759010158812
4,2,266836.81191977405,0.7785,2.5906725,0.3740569886253312
4,2,266841.81211604876,0.7785,2.5907872,0.3751380740368368
4,2,266846.8123123235,0.7785,2.5910356,0.37621916169693753
4,2,266851.8125085982,0.7785,2.5911884,0.3773002504870529
4,2,266856.81270487286,0.7785,2.5915132,0.37838133799404916
4,2,266861.8129011476,0.7785,2.5915515,0.3794624250102773
4,2,266866.8130974223,0.7785,2.5918763,0.38054351109738166
4,2,266871.813293697,0.7785,2.592029,0.3816245956430867
4,2,266876.8134899717,0.7785,2.5922012,0.3827056816143693
4,2,266881.81368624594,0.7785,2.592507,0.38378676899164266
4,2,266886.81388252066,0.7785,2.5927744,0.38486786160739606
4,2,266891.8140787954,0.7785,2.5929463,0.3859489528814721
4,2,266896.8142750701,0.7785,2.593099,0.38703004329406565
4,2,266901.8144713447,0.7785,2.593424,0.3881111318107977
4,2,266906.8146676193,0.7785,2.5936723,0.389192222093271
4,2,266911.8148638939,0.7785,2.5939016,0.39027331069264154
4,2,266916.8150601685,0.7785,2.5941882,0.3913543965773252
4,2,266921.8152564431,0.7785,2.5942073,0.3924354827986526
4,2,266926.81545271794,0.7785,2.5945323,0.39351657852261934
4,2,266931.81564899255,0.7785,2.5947614,0.39459766892278864
4,2,266936.81584526715,0.7785,2.5949526,0.39567875969504324
4,2,266941.81604154175,0.7785,2.5951626,0.396759848503093
4,2,266946.81623781635,0.7785,2.595373,0.397840936231143
4,2,266951.81643409096,0.7785,2.5957932,0.3989220241919326
4,2,266956.8166303658,0.7785,2.5960226,0.40000311397676674
4,2,266961.8168266406,0.7785,2.5961754,0.40108420201191974
4,2,266966.81702291546,0.7785,2.5964239,0.4021652895336715
4,2,266971.8172191903,0.7785,2.5967104,0.4032463786946304
4,2,266976.81741546514,0.7785,2.5970352,0.4043274686318339
4,2,266981.81761173997,0.7785,2.5973983,0.40540855841085655
4,2,266986.8178080148,0.7785,2.5975893,0.40648964651622055
4,2,266991.81800428964,0.7785,2.5978186,0.40757073788876014
4,2,266996.8182005645,0.7785,2.5979714,0.40865183020125834
4,2,267001.8183968393,0.7785,2.598277,0.40973292232846226
4,2,267006.81859311415,0.7785,2.5984683,0.4108140164525973
4,2,267011.818789389,0.7785,2.5986211,0.41189510654606093
4,2,267016.8189856638,0.7785,2.5990796,0.4129761976402435
4,2,267021.81918193866,0.7785,2.599309,0.4140572876557311
4,2,267026.8193782135,0.7785,2.5994809,0.41513837932734693
4,2,267031.8195744883,0.7785,2.599825,0.41621947080434696
4,2,267036.81977076316,0.7785,2.6002643,0.4173005627929436
4,2,267041.819967038,0.7785,2.6004553,0.41838165578680236
4,2,267046.82016331283,0.7785,2.6006083,0.41946274873091444
4,2,267051.82035958767,0.7785,2.6010094,0.4205438413740529
4,2,267056.82055586204,0.7785,2.6013343,0.42162493328115674
4,2,267061.8207521364,0.7785,2.601659,0.4227060289504329
4,2,267066.8209484108,0.7785,2.6018312,0.4237871249067717
4,2,267071.82114468515,0.7785,2.6020794,0.4248682179999616
4,2,267076.8213409595,0.7785,2.6024616,0.42594931028275024
4,2,267081.8215372339,0.7785,2.602729,0.4270304028876059
4,2,267086.82173350826,0.7785,2.6029966,0.4281114934459891
4,2,267091.8219297826,0.7785,2.6033022,0.4291925835748281
4,2,267096.822126057,0.7785,2.6035888,0.4302736735428405
4,2,267101.82232233137,0.7785,2.6040285,0.43135476363955927
4,2,267106.82251860574,0.7785,2.6043532,0.43243585507803484
4,2,267111.8227148801,0.7785,2.6046972,0.4335169442262417
4,2,267116.8229111545,0.7785,2.6047163,0.43459803387582957
4,2,267121.82310742885,0.7785,2.6051748,0.4356791228069464
4,2,267126.8233037032,0.7785,2.6054804,0.43676021102017487
4,2,267131.8234999776,0.7785,2.6057673,0.4378412975773082
4,2,267136.82369625196,0.7785,2.606073,0.43892238368415165
4,2,267141.8238925263,0.7785,2.6063213,0.4400034715619451
4,2,267146.8240888007,0.7785,2.6067226,0.44108455811734326
4,2,267151.82428507507,0.7785,2.6070092,0.4421656457709272
4,2,267156.82448134944,0.7785,2.607353,0.44324673643531065
4,2,267161.8246776238,0.7785,2.6076205,0.4443278278300828
4,2,267166.8248738982,0.7785,2.6078308,0.4454089181625942
4,2,267171.82507017255,0.7785,2.6081555,0.44649000854783255
4,2,267176.8252664469,0.7785,2.6085567,0.4475710949725078
4,2,267181.8254627213,0.7785,2.6088243,0.4486521800598436
4,2,267186.82565899566,0.7785,2.6091108,0.4497332660381562
4,2,267191.82585527,0.7785,2.609512,0.4508143518711461
4,2,267196.8260515444,0.7785,2.6100852,0.4518954380442732
4,2,267201.82624781877,0.7785,2.6103337,0.4529765261458324
4,2,267206.82644409314,0.7785,2.6106203,0.4540576143703858
4,2,267211.8266403675,0.7785,2.6112127,0.4551387019724581
4,2,267216.8268366419,0.7785,2.6115184,0.456219789589809
4,2,267221.82703291625,0.7785,2.6117287,0.4573008747876187
4,2,267226.8272291906,0.7785,2.6122253,0.45838196191127434
4,2,267231.827425465,0.7785,2.61234,0.45946304960561796
4,2,267236.82762173936,0.7785,2.612856,0.46054413522124293
4,2,267241.8278180137,0.7785,2.6130853,0.4616252218964332
4,2,267246.8280142881,0.7785,2.613391,0.46270630875427193
4,2,267251.82821056247,0.7785,2.6138303,0.46378739497175153
4,2,267256.82840683684,0.7785,2.6140022,0.4648684802326825
4,2,267261.8286031112,0.7785,2.6143844,0.4659495647735331
4,2,267266.8287993856,0.7785,2.6147091,0.46703065080507933
4,2,267271.82899565995,0.7785,2.6152635,0.46811173455389016
4,2,267276.8291919343,0.7785,2.6156263,0.46919281905454074
4,2,267281.8293882087,0.7785,2.6160467,0.4702739042557843
4,2,267286.82958448306,0.7785,2.6165054,0.47135499047191615
4,2,267291.8297807574,0.7785,2.617002,0.4724360744994946
4,2,267296.8299770318,0.7785,2.6171167,0.4735171592832672
4,2,267301.83017330617,0.7785,2.6175754,0.4745982454869649
4,2,267306.83036958054,0.7785,2.6180148,0.47567933267404977
4,2,267311.8305658549,0.7785,2.618416,0.47676041885562415
4,2,267316.8307621293,0.7785,2.6188745,0.4778415066972972
4,2,267321.83095840365,0.7785,2.619142,0.4789225935533147
4,2,267326.831154678,0.7785,2.619658,0.4800036798677611
4,2,267331.8313509524,0.7785,2.6200593,0.4810847658203477
4,2,267336.83154722676,0.7785,2.6205752,0.48216585159659064
4,2,267341.8317435011,0.7785,2.6209955,0.4832469396470091
4,2,267346.8319397755,0.7785,2.6214921,0.4843280250002346
4,2,267351.83213604987,0.7785,2.621817,0.4854091097761195
4,2,267356.83233232424,0.7785,2.6222947,0.48649019052656506
4,2,267361.8325285986,0.7785,2.6227534,0.4875712706773415
4,2,267366.832724873,0.7785,2.62304,0.48865235197880547
4,2,267371.83292114735,0.7785,2.6234794,0.4897334312251907
4,2,267376.8331174217,0.7785,2.6240716,0.4908145129423242
4,2,267381.8333136961,0.7785,2.6244922,0.4918955975865723
4,2,267386.83350997046,0.7785,2.6250272,0.49297668255818566
4,2,267391.8337062448,0.7785,2.6253328,0.49405776814688257
4,2,267396.8339025192,0.7785,2.6259441,0.4951388522340822
4,2,267401.83409879357,0.7785,2.6265175,0.4962199365825555
4,2,267406.83429506794,0.7785,2.6270523,0.49730102041011726
4,2,267411.8344913423,0.7785,2.6274154,0.4983821041155723
4,2,267416.8346876167,0.7785,2.628046,0.4994631865549916
4,2,267421.83488389105,0.7785,2.6286192,0.5005442682420315
4,2,267426.8350801654,0.7785,2.6290586,0.501625350313763
4,2,267431.8352764398,0.7785,2.6294982,0.5027064330102803
4,2,267436.83547271416,0.7785,2.6300905,0.503787517655631
4,2,267441.8356689885,0.7785,2.6305873,0.504868601308432
4,2,267446.8358652629,0.7785,2.631084,0.5059496841541331
4,2,267451.83606153773,0.7785,2.631638,0.5070307657851413
4,2,267456.83625781257,0.7785,2.6322114,0.5081118475827775
4,2,267461.8364540874,0.7785,2.632861,0.5091929269015758
4,2,267466.83665036224,0.7785,2.633224,0.5102740073080296
4,2,267471.8368466371,0.7785,2.633778,0.5113550888560549
4,2,267476.8370429119,0.7785,2.634504,0.5124361711807418
4,2,267481.83723918675,0.7785,2.6349437,0.5135172521416911
4,2,267486.8374354616,0.7785,2.6354978,0.5145983312874141
4,2,267491.8376317364,0.7785,2.6359563,0.5156794123225313
4,2,267496.83782801125,0.7785,2.636625,0.5167604963746337
4,2,267501.8380242861,0.7785,2.6372173,0.517841581264655
4,2,267506.8382205609,0.7785,2.637848,0.5189226673102613
4,2,267511.83841683576,0.7785,2.6384976,0.5200037573836415
4,2,267516.8386131106,0.7785,2.6390898,0.521084845877833
4,2,267521.83880938543,0.7785,2.6397204,0.5221659334843194
4,2,267526.83900566027,0.7785,2.640542,0.523247019140118
4,2,267531.8392019351,0.7785,2.6409433,0.524328105305354
4,2,267536.83939820994,0.7785,2.641574,0.5254091906217471
4,2,267541.8395944848,0.7785,2.6418986,0.526490275026507
4,2,267546.8397907596,0.7785,2.6426437,0.527571359230396
4,2,267551.8399870342,0.7785,2.6434653,0.5286524453994336
4,2,267556.8401833088,0.7785,2.6442106,0.5297335307129557
4,2,267561.8403795834,0.7785,2.6447456,0.530814615546389
4,2,267566.840575858,0.7785,2.6453378,0.531895702003413
4,2,267571.8407721326,0.7785,2.6459875,0.5329767858002287
4,2,267576.8409684072,0.7785,2.6466372,0.5340578665474026
4,2,267581.8411646818,0.7785,2.6473823,0.5351389468965632
4,2,267586.84136095643,0.7785,2.6482038,0.5362200271576513
4,2,267591.84155723103,0.7785,2.6486816,0.5373011074941128
4,2,267596.84175350564,0.7785,2.6494842,0.5383821868004901
4,2,267601.84194978036,0.7785,2.6499617,0.539463268471536
4,2,267606.8421460551,0.7785,2.6509554,0.5405443504413998
4,2,267611.8423423298,0.7785,2.6518342,0.5416254323247077
4,2,267616.8425386045,0.7785,2.6524267,0.5427065153155461
4,2,267621.84273487877,0.7785,2.6532865,0.5437875990751487
4,2,267626.8429311535,0.7785,2.6539361,0.5448686846958434
4,2,267631.8431274282,0.7785,2.6545856,0.5459497698923086
4,2,267636.8433237029,0.7785,2.6554646,0.5470308557678197
4,2,267641.84351997764,0.7785,2.6560187,0.5481119414312112
4,2,267646.84371625236,0.7785,2.6568594,0.5491930240584447
4,2,267651.843912527,0.7785,2.6578147,0.5502741072864434
4,2,267656.84410880174,0.7785,2.6584835,0.5513551910328833
4,2,267661.84430507646,0.7785,2.6594388,0.5524362782281838
4,2,267666.8445013512,0.7785,2.660375,0.5535173659766351
4,2,267671.8446976259,0.7785,2.6609676,0.554598453019139
4,2,267676.84489390056,0.7785,2.6618083,0.5556795382954878
4,2,267681.8450901753,0.7785,2.662668,0.556760622267316
4,2,267686.84528645,0.7785,2.6636043,0.5578417063841855
4,2,267691.8454827247,0.7785,2.6643112,0.558922791163852
4,2,267696.84567899944,0.7785,2.6651328,0.5600038755072688
4,2,267701.84587527416,0.7785,2.6662219,0.5610849598137175
4,2,267706.84607154876,0.7785,2.6672156,0.5621660457965568
4,2,267711.84626782336,0.7785,2.668171,0.5632471334482003
4,2,267716.84646409797,0.7785,2.668897,0.5643282238514525
4,2,267721.84666037257,0.7785,2.6698713,0.5654093116091293
4,2,267726.8468566472,0.7785,2.670731,0.5664903998820751
4,2,267731.8470529218,0.7785,2.6717057,0.5675714933354525
4,2,267736.8472491964,0.7785,2.6728902,0.5686525769663587
4,2,267741.847445471,0.7785,2.6737883,0.5697336631595394
4,2,267746.8476417458,0.7785,2.6747246,0.570814747765859
4,2,267751.8478380204,0.7785,2.675718,0.571895836197969
4,2,267756.84803429525,0.7785,2.676769,0.5729769246957568
4,2,267761.8482305701,0.7785,2.6776671,0.5740580148047442
4,2,267766.8484268449,0.7785,2.6790237,0.5751391049616371
4,2,267771.84862311976,0.7785,2.6798263,0.57622019448634
4,2,267776.8488193946,0.7785,2.6810682,0.5773012836630578
4,2,267781.84901566943,0.7785,2.6820235,0.5783823683873252
4,2,267786.84921194427,0.7785,2.6829598,0.5794634513189563
4,2,267791.8494082191,0.7785,2.684068,0.5805445343813368
4,2,267796.84960449394,0.7785,2.6852143,0.5816256195276978
4,2,267801.8498007688,0.7785,2.6861696,0.582706704381741
4,2,267806.8499970436,0.7785,2.6876028,0.5837877902243239
4,2,267811.85019331845,0.7785,2.6885772,0.5848688756579561
4,2,267816.8503895933,0.7785,2.6898956,0.5859499612303081
4,2,267821.8505858681,0.7785,2.6911757,0.5870310465552876
4,2,267826.85078214295,0.7785,2.692456,0.5881121319432725
4,2,267831.8509784178,0.7785,2.6936214,0.5891932184375924
4,2,267836.8511746926,0.7785,2.6946914,0.5902743036151332
4,2,267841.85137096746,0.7785,2.6958187,0.59135538678261
4,2,267846.8515672423,0.7785,2.6970608,0.5924364714385969
4,2,267851.85176351666,0.7785,2.6983027,0.5935175566878818
4,2,267856.85195979103,0.7785,2.6994681,0.5945986444869242
4,2,267861.8521560654,0.7785,2.7009394,0.5956797328420449
4,2,267866.8523523398,0.7785,2.7021623,0.5967608224061233
4,2,267871.85254861414,0.7785,2.7037292,0.5978419110980002
4,2,267876.8527448885,0.7785,2.7051048,0.5989229987391103
4,2,267881.8529411629,0.7785,2.7065377,0.6000040864553188
4,2,267886.85313743725,0.7785,2.7078562,0.6010851740833555
4,2,267891.8533337116,0.7785,2.7093656,0.6021662610458898
4,2,267896.853529986,0.7785,2.7108178,0.6032473493395714
4,2,267901.85372626036,0.7785,2.7123463,0.6043284353892406
4,2,267906.85392253473,0.7785,2.7137413,0.6054095206871696
4,2,267911.8541188091,0.7785,2.7154799,0.6064906071827445
4,2,267916.8543150835,0.7785,2.7167027,0.6075716948138012
4,2,267921.85451135784,0.7785,2.7181168,0.6086527824941113
4,2,267926.8547076322,0.7785,2.7198172,0.6097338711516228
4,2,267931.8549039066,0.7785,2.7212884,0.610814956719362
4,2,267936.85510018095,0.7785,2.7230082,0.6118960444771449
4,2,267941.8552964553,0.7785,2.7244604,0.6129771328667932
4,2,267946.8554927297,0.7785,2.725836,0.6140582236758935
4,2,267951.85568900406,0.7785,2.727269,0.615139312699722
4,2,267956.85588527843,0.7785,2.728893,0.6162203994237649
4,2,267961.8560815528,0.7785,2.7306128,0.6173014876647129
4,2,267966.8562778272,0.7785,2.7321413,0.6183825738287768
4,2,267971.85647410154,0.7785,2.7339182,0.6194636599778998
4,2,267976.8566703759,0.7785,2.7357526,0.6205447467846176
4,2,267981.8568666503,0.7785,2.7376251,0.6216258337006636
4,2,267986.85706292465,0.7785,2.7393255,0.6227069227594336
4,2,267991.857259199,0.7785,2.7411215,0.6237880116617779
4,2,267996.8574554734,0.7785,2.742975,0.6248691011844807
4,2,268001.85765174776,0.7785,2.74479,0.6259501898241506
4,2,268006.85784802213,0.7785,2.746873,0.6270312800434761
4,2,268011.8580442965,0.7785,2.7483442,0.6281123697045246
4,2,268016.8582405709,0.7785,2.7505033,0.6291934563775193
4,2,268021.85843684524,0.7785,2.7524903,0.6302745430187283
4,2,268026.8586331196,0.7785,2.7546303,0.6313556283816131
4,2,268031.858829394,0.7785,2.7567322,0.6324367153163121
4,2,268036.85902566835,0.7785,2.7585664,0.633517804801454
4,2,268041.8592219427,0.7785,2.7606683,0.6345988913057544
4,2,268046.8594182171,0.7785,2.762789,0.6356799807813199
4,2,268051.85961449146,0.7785,2.7647953,0.6367610709483689
4,2,268056.85981076583,0.7785,2.7668016,0.6378421594418452
4,2,268061.8600070402,0.7785,2.7689798,0.6389232475522524
4,2,268066.8602033146,0.7785,2.771349,0.6400043340770436
4,2,268071.86039958894,0.7785,2.7734318,0.6410854232415656
4,2,268076.8605958633,0.7785,2.7759156,0.6421665108139151
4,2,268081.8607921377,0.7785,2.7783804,0.6432476000537077
4,2,268086.86098841205,0.7785,2.7805777,0.6443286920574804
4,2,268091.8611846864,0.7785,2.7829852,0.6454097850571441
4,2,268096.8613809608,0.7785,2.7855074,0.6464908762193587
4,2,268101.86157723516,0.7785,2.787781,0.6475719663444724
4,2,268106.86177350953,0.7785,2.7905326,0.6486530553912786
4,2,268111.8619697839,0.7785,2.792768,0.6497341434694098
4,2,268116.8621660583,0.7785,2.7953475,0.6508152324633135
4,2,268121.86236233264,0.7785,2.797946,0.6518963223270807
4,2,268126.862558607,0.7785,2.8007739,0.6529774119662014
4,2,268131.8627548814,0.7785,2.803468,0.6540584994971289
4,2,268136.86295115575,0.7785,2.8061047,0.6551395878262884
4,2,268141.8631474301,0.7785,2.8087797,0.6562206756223209
4,2,268146.8633437045,0.7785,2.811531,0.6573017641013298
4,2,268151.86353997886,0.7785,2.8144927,0.658382850722803
4,2,268156.86373625323,0.7785,2.8173397,0.6594639381350345
4,2,268161.8639325276,0.7785,2.820244,0.660545025082608
4,2,268166.864128802,0.7785,2.8230336,0.6616261150112681
4,2,268171.86432507634,0.7785,2.825957,0.6627072053482101
4,2,268176.8645213507,0.7785,2.8288612,0.6637882960839204
4,2,268181.8647176251,0.7785,2.8319948,0.6648693875107333
4,2,268186.86491389945,0.7785,2.8351476,0.6659504785216449
4,2,268191.8651101738,0.7785,2.838262,0.667031565362546
4,2,268196.8653064482,0.7785,2.8415294,0.6681126533418098
4,2,268201.86550272256,0.7785,2.8447967,0.6691937381154993
4,2,268206.86569899693,0.7785,2.8480258,0.6702748245863516
4,2,268211.8658952713,0.7785,2.85114,0.6713559161336023
4,2,268216.8660915457,0.7785,2.8544648,0.6724370095522767
4,2,268221.86628782004,0.7785,2.857885,0.6735181012415918
4,2,268226.8664840944,0.7785,2.8612287,0.6745991929917137
4,2,268231.8666803688,0.7785,2.8648016,0.6756802802391582
4,2,268236.86687664315,0.7785,2.8682983,0.6767613749267127
4,2,268241.8670729175,0.7785,2.871833,0.6778424669428699
4,2,268246.86726919236,0.7785,2.8752723,0.6789235561549398
4,2,268251.8674654672,0.7785,2.8789408,0.6800046447459558
4,2,268256.867661742,0.7785,2.8828387,0.6810857337111664
4,2,268261.86785801686,0.7785,2.8863544,0.6821668272400034
4,2,268266.8680542917,0.7785,2.890195,0.6832479183976915
4,2,268271.86825056653,0.7785,2.8938634,0.6843290112072097
4,2,268276.86844684137,0.7785,2.8977613,0.6854101011323565
4,2,268281.8686431162,0.7785,2.9017355,0.6864911902734372
4,2,268286.86883939104,0.7785,2.90571,0.6875722852438787
4,2,268291.8690356659,0.7785,2.9098754,0.6886533776562511
4,2,268296.8692319407,0.7785,2.913773,0.68973446494374
4,2,268301.86942821555,0.7785,2.9180913,0.6908155536140269
4,2,268306.8696244904,0.7785,2.9222758,0.6918966411621537
4,2,268311.8698207652,0.7785,2.926804,0.6929777284469405
4,2,268316.87001704006,0.7785,2.931256,0.6940588151967657
4,2,268321.8702133149,0.7785,2.9357462,0.695139905943834
4,2,268326.8704095897,0.7785,2.9403129,0.696220992828432
4,2,268331.87060586456,0.7785,2.9448795,0.6973020851742856
4,2,268336.8708021394,0.7785,2.9495034,0.6983831682825088
4,2,268341.87099841423,0.7785,2.9540126,0.6994642505634029
4,2,268346.87119468884,0.7785,2.9587703,0.7005453390601144
4,2,268351.87139096344,0.7785,2.963547,0.7016264240274164
4,2,268356.8715872376,0.7785,2.9684575,0.702707509708209
4,2,268361.8717835122,0.7785,2.973502,0.7037885925671987
4,2,268366.8719797868,0.7785,2.978355,0.7048696832793984
4,2,268371.8721760614,0.7785,2.9835522,0.7059507665361431
4,2,268376.872372336,0.7785,2.988711,0.707031854229639
4,2,268381.8725686106,0.7785,2.9937744,0.7081129443699983
4,2,268386.8727648852,0.7785,2.9989142,0.709194031290869
4,2,268387.8647641428,0.7785,3.0001943,0.7094085091152325
4,2,268387.86496414244,0.7785,3.0000033,0.7094085523574883
5,1,268387.865764142,-0.7785,2.9270594,-8.561437328656515e-08
5,1,268392.8659604173,-0.7785,2.6449366,-0.0010816849385433727
5,1,268397.8661566917,-0.7785,2.5025315,-0.002163283579296536
5,1,268402.86635296606,-0.7785,2.4029074,-0.0032448801763256393
5,1,268407.8665492404,-0.7785,2.3269567,-0.004326480111175113
5,1,268412.8667455148,-0.7785,2.2671325,-0.005408080568008952
5,1,268417.86694178917,-0.7785,2.2218487,-0.006489682101411952
5,1,268422.86713806354,-0.7785,2.1901693,-0.007571283228463597
5,1,268427.86733433837,-0.7785,2.1693234,-0.008652883704274892
5,1,268432.8675306132,-0.7785,2.1544964,-0.009734487032105525
5,1,268437.86772688804,-0.7785,2.1427836,-0.010816089970019128
5,1,268442.8679231629,-0.7785,2.1323895,-0.011897691512968805
5,1,268447.8681194377,-0.7785,2.1225111,-0.012979294125414556
5,1,268452.86831571255,-0.7785,2.1120596,-0.014060896851629017
5,1,268457.8685119874,-0.7785,2.10071,-0.015142499323281974
5,1,268462.8687082622,-0.7785,2.0878317,-0.016224103934033045
5,1,268467.86890453706,-0.7785,2.0726035,-0.017305707817418702
5,1,268472.8691008119,-0.7785,2.0545664,-0.018387310384306636
5,1,268477.8692970867,-0.7785,2.0328417,-0.019468912343402697
5,1,268482.86949336156,-0.7785,2.0084038,-0.020550513807415956
5,1,268487.8696896364,-0.7785,1.9816155,-0.02163211256476574
5,1,268492.86988591123,-0.7785,1.9533944,-0.022713709452907238
5,1,268497.87008218607,-0.7785,1.9247338,-0.023795305397570125
5,1,268502.8702784609,-0.7785,1.8959012,-0.024876900074455466
5,1,268507.87047473574,-0.7785,1.8680623,-0.02595849460748831
5,1,268512.8706710106,-0.7785,1.8413506,-0.02704008942670954
5,1,268517.8708672854,-0.7785,1.8163584,-0.02812168251857823
5,1,268522.87106356025,-0.7785,1.7929142,-0.029203277209142838
5,1,268527.87125983485,-0.7785,1.7712657,-0.030284871107988883
5,1,268532.87145610945,-0.7785,1.7521205,-0.03136646660255392
5,1,268537.87165238406,-0.7785,1.7349242,-0.03244806171852681
5,1,268542.87184865866,-0.7785,1.7203455,-0.03352965839643941
5,1,268547.87204493326,-0.7785,1.7078303,-0.03461125339090161
5,1,268552.87224120786,-0.7785,1.6978374,-0.03569285016984078
5,1,268557.87243748247,-0.7785,1.6900034,-0.03677444587742288
5,1,268562.87263375707,-0.7785,1.6836216,-0.03785604187611076
5,1,268567.8728300317,-0.7785,1.6786538,-0.03893763796035448
5,1,268572.8730263063,-0.7785,1.6747942,-0.04001923541982968
5,1,268577.873222581,-0.7785,1.6717944,-0.04110083219968278
5,1,268582.8734188557,-0.7785,1.6693869,-0.04218242875765097
5,1,268587.87361513043,-0.7785,1.6674953,-0.04326402510434388
5,1,268592.87381140515,-0.7785,1.6659667,-0.04434562145458657
5,1,268597.8740076799,-0.7785,1.6647439,-0.04542721880418723
5,1,268602.8742039546,-0.7785,1.6635784,-0.04650881583340299
5,1,268607.8744002293,-0.7785,1.6627759,-0.04759041217585734
5,1,268612.874596504,-0.7785,1.6620307,-0.04867200777839619
5,1,268617.87479277875,-0.7785,1.6613046,-0.049753602432631765
5,1,268622.87498905347,-0.7785,1.6607122,-0.05083519680798714
5,1,268627.87518532766,-0.7785,1.6603302,-0.05191679067796798
5,1,268632.8753816024,-0.7785,1.6598907,-0.052998384601367826
5,1,268637.8755778771,-0.7785,1.6594512,-0.054079979041496896
5,1,268642.8757741518,-0.7785,1.6590881,-0.05516157661980389
5,1,268647.87597042654,-0.7785,1.6587442,-0.05624317296276157
5,1,268652.8761667012,-0.7785,1.6586297,-0.057324767906036626
5,1,268657.8763629759,-0.7785,1.6582092,-0.05840636181499559
5,1,268662.87655925064,-0.7785,1.6580373,-0.059487956585132395
5,1,268667.87675552536,-0.7785,1.6577698,-0.06056955272778205
5,1,268672.8769518001,-0.7785,1.6575214,-0.06165114693228071
5,1,268677.8771480748,-0.7785,1.6573303,-0.0627327415292296
5,1,268682.8773443494,-0.7785,1.6571584,-0.06381433793262639
5,1,268687.877540624,-0.7785,1.6568718,-0.06489593502876492
5,1,268692.8777368986,-0.7785,1.6568718,-0.065977536572006
5,1,268697.8779331732,-0.7785,1.656566,-0.06705914493545558
5,1,268702.8781294478,-0.7785,1.6564705,-0.06814075713694094
5,1,268707.8783257224,-0.7785,1.6563177,-0.06922236381106242
5,1,268712.878521997,-0.7785,1.6561074,-0.07030395858863325
5,1,268717.8787182716,-0.7785,1.6559737,-0.07138556700525017
5,1,268722.8789145462,-0.7785,1.6558399,-0.07246717384877469
5,1,268727.87911082106,-0.7785,1.655668,-0.07354878349369431
5,1,268732.8793070959,-0.7785,1.6555152,-0.07463039065062005
5,1,268737.8795033707,-0.7785,1.6555343,-0.07571199542942973
5,1,268742.87969964556,-0.7785,1.6552668,-0.07679359960557022
5,1,268747.8798959204,-0.7785,1.6550375,-0.07787520412621894
5,1,268752.88009219524,-0.7785,1.6550183,-0.07895681630545853
5,1,268757.88028847007,-0.7785,1.6549802,-0.08003842799927127
5,1,268762.8804847449,-0.7785,1.6547127,-0.0811200388639834
5,1,268767.88068101974,-0.7785,1.6545599,-0.08220164659076927
5,1,268772.8808772946,-0.7785,1.6544833,-0.0832832491110563
5,1,268777.8810735694,-0.7785,1.6543114,-0.08436485410996938
5,1,268782.88126984425,-0.7785,1.6542541,-0.0854464614312483
5,1,268787.8814661191,-0.7785,1.6541203,-0.08652807258521847
5,1,268792.8816623939,-0.7785,1.6538337,-0.08760968042199478
5,1,268797.88185866876,-0.7785,1.6537381,-0.08869129153659276
5,1,268802.8820549436,-0.7785,1.6536045,-0.08977290671373737
5,1,268807.8822512184,-0.7785,1.653528,-0.09085451679493652
5,1,268812.88244749326,-0.7785,1.653528,-0.09193612754266128
5,1,268817.8826437681,-0.7785,1.6532987,-0.0930177320788039
5,1,268822.88284004293,-0.7785,1.6532032,-0.09409934443826476
5,1,268827.8830363173,-0.7785,1.6530312,-0.09518095564344194
5,1,268832.8832325917,-0.7785,1.6531459,-0.09626256327223447
5,1,268837.88342886604,-0.7785,1.6528401,-0.09734417322664128
5,1,268842.8836251404,-0.7785,1.6527637,-0.09842577258014347
5,1,268847.8838214148,-0.7785,1.6525153,-0.0995073789661659
5,1,268852.88401768915,-0.7785,1.6523625,-0.10058898627011974
5,1,268857.8842139635,-0.7785,1.6521142,-0.10167059291806485
5,1,268862.8844102379,-0.7785,1.6520568,-0.10275218701588776
5,1,268867.88460651226,-0.7785,1.6519804,-0.10383377933714455
5,1,268872.88480278663,-0.7785,1.6518084,-0.10491537689784168
5,1,268877.884999061,-0.7785,1.6515982,-0.10599698082907993
5,1,268882.8851953354,-0.7785,1.6514835,-0.10707858536701731
5,1,268887.88539160974,-0.7785,1.6512924,-0.10816019112977385
5,1,268892.8855878841,-0.7785,1.6510441,-0.10924179492974612
5,1,268897.8857841585,-0.7785,1.6509485,-0.11032339937045839
5,1,268902.88598043285,-0.7785,1.6509295,-0.11140500795671013
5,1,268907.8861767072,-0.7785,1.6507957,-0.11248661967591445
5,1,268912.8863729816,-0.7785,1.6504327,-0.11356823035428922
5,1,268917.88656925596,-0.7785,1.650318,-0.11464983830231759
5,1,268922.88676553033,-0.7785,1.6501652,-0.11573144549996985
5,1,268927.8869618047,-0.7785,1.6501079,-0.11681304953784744
5,1,268932.8871580791,-0.7785,1.649955,-0.11789465802676148
5,1,268937.88735435344,-0.7785,1.6498021,-0.11897626299104426
5,1,268942.8875506278,-0.7785,1.6497449,-0.12005786859743132
5,1,268947.8877469022,-0.7785,1.6495155,-0.12113946326740252
5,1,268952.88794317655,-0.7785,1.6493053,-0.12222105666710933
5,1,268957.8881394509,-0.7785,1.6493244,-0.12330265707092815
5,1,268962.8883357253,-0.7785,1.6491334,-0.12438425792882177
5,1,268967.88853199966,-0.7785,1.6488467,-0.1254658476587865
5,1,268972.88872827403,-0.7785,1.6486939,-0.1265474457129273
5,1,268977.8889245484,-0.7785,1.6484264,-0.12762904578770531
5,1,268982.8891208228,-0.7785,1.6483309,-0.12871064719476633
5,1,268987.88931709714,-0.7785,1.6483691,-0.12979224650145568
5,1,268992.8895133715,-0.7785,1.6480825,-0.1308738389711446
5,1,268997.8897096459,-0.7785,1.647987,-0.13195543452134065
5,1,269002.88990592025,-0.7785,1.6477768,-0.13303702759964928
5,1,269007.8901021946,-0.7785,1.6476431,-0.1341186228378713
5,1,269012.890298469,-0.7785,1.6474901,-0.1352002191821469
5,1,269017.89049474336,-0.7785,1.6473564,-0.13628181526847016
5,1,269022.89069101773,-0.7785,1.6470698,-0.1373634076653189
5,1,269027.8908872921,-0.7785,1.6470317,-0.13844500132925974
5,1,269032.8910835665,-0.7785,1.6468596,-0.13952660106133422
5,1,269037.89127984084,-0.7785,1.6466877,-0.1406082002273235
5,1,269042.8914761152,-0.7785,1.6464202,-0.14168980561237535
5,1,269047.8916723896,-0.7785,1.6461909,-0.1427714087386893
5,1,269052.89186866395,-0.7785,1.6459998,-0.1438530159513222
5,1,269057.8920649383,-0.7785,1.6459234,-0.14493462378925748
5,1,269062.8922612127,-0.7785,1.6457132,-0.14601623090909588
5,1,269067.89245748706,-0.7785,1.645503,-0.14709783188657297
5,1,269072.89265376143,-0.7785,1.6454648,-0.14817943787357543
5,1,269077.8928500358,-0.7785,1.6451782,-0.14926104481581517
5,1,269082.8930463102,-0.7785,1.6449871,-0.15034265238365202
5,1,269087.89324258454,-0.7785,1.6448725,-0.15142425580989985
5,1,269092.8934388589,-0.7785,1.6446241,-0.15250585621717241
5,1,269097.8936351333,-0.7785,1.6443949,-0.153587460184998
5,1,269102.89383140765,-0.7785,1.6441655,-0.15466906171753672
5,1,269107.894027682,-0.7785,1.6441082,-0.15575066160606013
5,1,269112.8942239564,-0.7785,1.6437452,-0.15683227095524802
5,1,269117.89442023076,-0.7785,1.643516,-0.15791387723196879
5,1,269122.89461650513,-0.7785,1.6435924,-0.15899548064872293
5,1,269127.8948127795,-0.7785,1.6433249,-0.16007709036726422
5,1,269132.8950090539,-0.7785,1.6430956,-0.16115869526497523
5,1,269137.89520532824,-0.7785,1.6428853,-0.162240301132977
5,1,269142.8954016026,-0.7785,1.6426561,-0.16332191091570256
5,1,269147.895597877,-0.7785,1.6425797,-0.16440352256231172
5,1,269152.89579415135,-0.7785,1.6423122,-0.16548513194763656
5,1,269157.8959904257,-0.7785,1.6420829,-0.16656674456582132
5,1,269162.8961867001,-0.7785,1.64193,-0.16764835570002593
5,1,269167.89638297446,-0.7785,1.6417962,-0.16872996630502737
5,1,269172.89657924883,-0.7785,1.6417007,-0.16981157925053103
5,1,269177.8967755232,-0.7785,1.6413378,-0.1708931893435617
5,1,269182.89697179757,-0.7785,1.6410702,-0.17197480101275772
5,1,269187.89716807194,-0.7785,1.6409173,-0.17305641404349933
5,1,269192.8973643463,-0.7785,1.6408027,-0.1741380278125935
5,1,269197.8975606207,-0.7785,1.6405543,-0.175219635997951
5,1,269202.89775689505,-0.7785,1.6402104,-0.1763012469466196
5,1,269207.8979531694,-0.7785,1.6401149,-0.17738285792574618
5,1,269212.8981494438,-0.7785,1.6397136,-0.17846446423823636
5,1,269217.89834571816,-0.7785,1.6396372,-0.17954607456226482
5,1,269222.898541993,-0.7785,1.6394461,-0.18062767395127483
5,1,269227.89873826783,-0.7785,1.6393124,-0.1817092702441017
5,1,269232.89893454267,-0.7785,1.6391596,-0.18279087694221405
5,1,269237.8991308175,-0.7785,1.6389111,-0.18387248353318042
5,1,269242.89932709234,-0.7785,1.6386245,-0.1849540945601397
5,1,269247.8995233672,-0.7785,1.6385099,-0.18603570571977893
5,1,269252.899719642,-0.7785,1.6382614,-0.18711731053206987
5,1,269257.89991591685,-0.7785,1.6380513,-0.1881989214004477
5,1,269262.9001121917,-0.7785,1.6378794,-0.18928052859867614
5,1,269267.9003084665,-0.7785,1.6375927,-0.19036212854761217
5,1,269272.90050474135,-0.7785,1.6372297,-0.1914437302246094
5,1,269277.9007010162,-0.7785,1.6371723,-0.1925253354873823
5,1,269282.900897291,-0.7785,1.6370959,-0.19360693996633757
5,1,269287.90109356586,-0.7785,1.6368284,-0.19468854362644422
5,1,269292.9012898407,-0.7785,1.6365418,-0.19577014806263315
5,1,269297.90148611553,-0.7785,1.6362934,-0.19685175297110943
5,1,269302.90168239037,-0.7785,1.6361789,-0.1979333539911906
5,1,269307.9018786652,-0.7785,1.6359495,-0.1990149608599014
5,1,269312.90207494004,-0.7785,1.6355865,-0.20009656652873756
5,1,269317.9022712149,-0.7785,1.6355101,-0.20117816029328772
5,1,269322.9024674895,-0.7785,1.6354145,-0.202259760458933
5,1,269327.9026637641,-0.7785,1.6351088,-0.20334136129662728
5,1,269332.9028600387,-0.7785,1.634784,-0.20442296396388282
5,1,269337.9030563133,-0.7785,1.6346312,-0.2055045554596484
5,1,269342.9032525879,-0.7785,1.6343446,-0.2065861431733006
5,1,269347.9034488625,-0.7785,1.6340388,-0.20766773350466958
5,1,269352.9036451371,-0.7785,1.6337332,-0.20874932685914308
5,1,269357.9038414117,-0.7785,1.6337332,-0.209830920910981
5,1,269362.9040376863,-0.7785,1.633351,-0.2109125126081275
5,1,269367.90423396043,-0.7785,1.6331599,-0.21199410514767636
5,1,269372.90443023515,-0.7785,1.6329306,-0.21307569753332603
5,1,269377.9046265099,-0.7785,1.632816,-0.21415729157863062
5,1,269382.9048227846,-0.7785,1.632472,-0.21523888301201993
5,1,269387.9050190593,-0.7785,1.6322236,-0.21632047538302013
5,1,269392.90521533403,-0.7785,1.631937,-0.21740206753318841
5,1,269397.90541160875,-0.7785,1.631765,-0.21848366031915614
5,1,269402.90560788347,-0.7785,1.6314784,-0.21956525601524118
5,1,269407.9058041582,-0.7785,1.6313447,-0.2206468498664035
5,1,269412.9060004329,-0.7785,1.6309434,-0.2217284448112614
5,1,269417.9061967076,-0.7785,1.6306568,-0.22281004043724803
5,1,269422.90639298235,-0.7785,1.6306759,-0.2238916330602136
5,1,269427.90658925707,-0.7785,1.6303129,-0.22497322487613228
5,1,269432.9067855317,-0.7785,1.6303129,-0.22605481521469686
5,1,269437.90698180645,-0.7785,1.6298352,-0.2271364046224753
5,1,269442.90717808116,-0.7785,1.6295677,-0.22821799540210103
5,1,269447.9073743558,-0.7785,1.6294531,-0.22929958604731496
5,1,269452.90757063054,-0.7785,1.6291856,-0.230381175878144
5,1,269457.90776690526,-0.7785,1.6289372,-0.23146276495636836
5,1,269462.90796318,-0.7785,1.6286507,-0.23254435556620362
5,1,269467.9081594547,-0.7785,1.6283258,-0.23362594610214235
5,1,269472.9083557294,-0.7785,1.6281157,-0.2347075382192168
5,1,269477.908552004,-0.7785,1.6278863,-0.23578913121751613
5,1,269482.9087482786,-0.7785,1.6275042,-0.23687072409397694
5,1,269487.90894455323,-0.7785,1.6273705,-0.23795231968907182
5,1,269492.90914082807,-0.7785,1.62695,-0.23903391386466555
5,1,269497.90933710267,-0.7785,1.626931,-0.2401155068758395
5,1,269502.9095333773,-0.7785,1.6263769,-0.24119710137733485
5,1,269507.9097296519,-0.7785,1.626224,-0.24227869649876158
5,1,269512.9099259265,-0.7785,1.6260139,-0.2433602902816501
5,1,269517.9101222011,-0.7785,1.6256508,-0.24444188259010846
5,1,269522.9103184757,-0.7785,1.6254979,-0.24552347458595702
5,1,269527.9105147505,-0.7785,1.6251731,-0.24660506599551774
5,1,269532.91071102535,-0.7785,1.624982,-0.2476866578548882
5,1,269537.9109073002,-0.7785,1.6247718,-0.24876825031482183
5,1,269542.911103575,-0.7785,1.6244088,-0.24984984455934833
5,1,269547.91129984986,-0.7785,1.6242942,-0.25093143774836596
5,1,269552.9114961247,-0.7785,1.6240649,-0.25201303295745453
5,1,269557.91169239953,-0.7785,1.6237592,-0.25309462755595646
5,1,269562.91188867437,-0.7785,1.623358,-0.2541762229495082
5,1,269567.9120849492,-0.7785,1.6232433,-0.25525781657659347
5,1,269572.91228122404,-0.7785,1.6229949,-0.25633941025527984
5,1,269577.9124774989,-0.7785,1.6226892,-0.2574210065694121
5,1,269582.9126737737,-0.7785,1.6224025,-0.2585026043382122
5,1,269587.91287004855,-0.7785,1.6221542,-0.25958420173121166
5,1,269592.9130663234,-0.7785,1.6218677,-0.2606657998645472
5,1,269597.9132625982,-0.7785,1.6214281,-0.26174739691046217
5,1,269602.91345887305,-0.7785,1.62139,-0.2628289897041785
5,1,269607.9136551479,-0.7785,1.6209695,-0.26391058144321383
5,1,269612.9138514227,-0.7785,1.6208931,-0.2649921757693424
5,1,269617.91404769756,-0.7785,1.6205301,-0.2660737685323226
5,1,269622.9142439719,-0.7785,1.620339,-0.2671553585680426
5,1,269627.9144402463,-0.7785,1.6199569,-0.26823694980868706
5,1,269632.91463652067,-0.7785,1.6196893,-0.26931854208001504
5,1,269637.91483279504,-0.7785,1.6194792,-0.2704001363973983
5,1,269642.9150290694,-0.7785,1.6190015,-0.27148172982351
5,1,269647.9152253438,-0.7785,1.618887,-0.27256332359824925
5,1,269652.91542161815,-0.7785,1.6184093,-0.2736449156433776
5,1,269657.9156178925,-0.7785,1.6183327,-0.27472650769824136
5,1,269662.9158141669,-0.7785,1.6179507,-0.2758080957491002
5,1,269667.91601044126,-0.7785,1.6177787,-0.27688966261510733
5,1,269672.9162067156,-0.7785,1.6174157,-0.2779712521594301
5,1,269677.91640299,-0.7785,1.6172628,-0.27905284406936515
5,1,269682.91659926437,-0.7785,1.6169761,-0.28013443294144025
5,1,269687.91679553874,-0.7785,1.6167852,-0.281216023753014
5,1,269692.9169918131,-0.7785,1.616231,-0.28229761326389524
5,1,269697.9171880875,-0.7785,1.6159444,-0.28337920378277714
5,1,269702.91738436185,-0.7785,1.615887,-0.2844607974748613
5,1,269707.9175806362,-0.7785,1.615524,-0.28554239153599753
5,1,269712.9177769106,-0.7785,1.615352,-0.28662398302726294
5,1,269717.91797318496,-0.7785,1.6147598,-0.28770557318103657
5,1,269722.9181694593,-0.7785,1.6146834,-0.288787163761245
5,1,269727.9183657337,-0.7785,1.6143776,-0.2898687562954692
5,1,269732.91856200807,-0.7785,1.6140146,-0.2909503464051586
5,1,269737.91875828244,-0.7785,1.6137089,-0.2920319327273668
5,1,269742.9189545568,-0.7785,1.6134223,-0.29311351319182594
5,1,269747.9191508312,-0.7785,1.6129829,-0.2941951003619831
5,1,269752.91934710555,-0.7785,1.6128873,-0.29527668922915734
5,1,269757.9195433799,-0.7785,1.6124096,-0.29635827325004016
5,1,269762.9197396543,-0.7785,1.6122758,-0.29743986196314964
5,1,269767.91993592866,-0.7785,1.6118172,-0.2985214539460706
5,1,269772.920132203,-0.7785,1.611588,-0.299603046466844
5,1,269777.9203284774,-0.7785,1.6113014,-0.30068463742767776
5,1,269782.92052475177,-0.7785,1.6110339,-0.3017662316285273
5,1,269787.92072102614,-0.7785,1.6106327,-0.30284781756936846
5,1,269792.9209173005,-0.7785,1.6104034,-0.30392940620898873
5,1,269797.9211135749,-0.7785,1.6101931,-0.305011002618442
5,1,269802.92130984925,-0.7785,1.6096964,-0.3060925942258007
5,1,269807.9215061236,-0.7785,1.6094289,-0.3071741863671409
5,1,269812.921702398,-0.7785,1.609104,-0.3082557783282565
5,1,269817.92189867236,-0.7785,1.6087601,-0.3093373751490646
5,1,269822.9220949467,-0.7785,1.6083971,-0.31041896876893776
5,1,269827.9222912211,-0.7785,1.6081296,-0.31150056040846313
5,1,269832.92248749547,-0.7785,1.6079195,-0.31258215370402076
5,1,269837.92268376984,-0.7785,1.6075565,-0.3136637475694551
5,1,269842.9228800442,-0.7785,1.6072316,-0.31474533854404757
5,1,269847.9230763186,-0.7785,1.606945,-0.31582692582101296
5,1,269852.92327259295,-0.7785,1.606601,-0.3169085149714914
5,1,269857.9234688673,-0.7785,1.6062763,-0.3179901039143901
5,1,269862.9236651417,-0.7785,1.6057222,-0.31907169689111586
5,1,269867.92386141606,-0.7785,1.6054738,-0.32015328908040797
5,1,269872.9240576904,-0.7785,1.6052063,-0.3212348798204595
5,1,269877.9242539648,-0.7785,1.6049387,-0.3223164707625211
5,1,269882.92445023917,-0.7785,1.604633,-0.32339806365885676
5,1,269887.92464651354,-0.7785,1.6041362,-0.32447965677024926
5,1,269892.9248427879,-0.7785,1.6039451,-0.32556125140304043
5,1,269897.9250390623,-0.7785,1.6036586,-0.3266428453828693
5,1,269902.92523533665,-0.7785,1.6032573,-0.32772444129920014
5,1,269907.925431611,-0.7785,1.6028943,-0.32880603918161005
5,1,269912.9256278854,-0.7785,1.6027987,-0.32988763605854254
5,1,269917.92582415976,-0.7785,1.6021682,-0.3309692319913971
5,1,269922.9260204341,-0.7785,1.601786,-0.33205082824774923
5,1,269927.9262167085,-0.7785,1.6014804,-0.3331324231007729
5,1,269932.92641298287,-0.7785,1.6013657,-0.33421401577959464
5,1,269937.92660925724,-0.7785,1.6010218,-0.3352956075971856
5,1,269942.9268055316,-0.7785,1.6006205,-0.336377199792011
5,1,269947.927001806,-0.7785,1.6002192,-0.3374587897901304
5,1,269952.92719808035,-0.7785,1.5997798,-0.3385403803244366
5,1,269957.9273943547,-0.7785,1.5996078,-0.3396219711890188
5,1,269962.9275906291,-0.7785,1.5990347,-0.34070355797840496
5,1,269967.92778690346,-0.7785,1.5988436,-0.34178514956781936
5,1,269972.9279831778,-0.7785,1.5984042,-0.34286674007443924
5,1,269977.9281794522,-0.7785,1.5980984,-0.34394833048490026
5,1,269982.92837572657,-0.7785,1.5977545,-0.34502992380918734
5,1,269987.92857200094,-0.7785,1.5973151,-0.34611150860263246
5,1,269992.9287682753,-0.7785,1.5969329,-0.3471930976395574
5,1,269997.9289645497,-0.7785,1.5965507,-0.3482746812790666
5,1,270002.92916082405,-0.7785,1.596245,-0.34935626712353696
5,1,270007.9293570984,-0.7785,1.5959393,-0.35043785066471833
5,1,270012.9295533728,-0.7785,1.595538,-0.351519447515948
5,1,270017.9297496476,-0.7785,1.5949839,-0.3526010472713908
5,1,270022.92994592246,-0.7785,1.5948884,-0.3536826464213564
5,1,270027.9301421973,-0.7785,1.5944872,-0.3547642426894937
5,1,270032.9303384721,-0.7785,1.5940286,-0.3558458438067039
5,1,270037.93053474696,-0.7785,1.5936273,-0.3569274518902534
5,1,270042.9307310218,-0.7785,1.5934936,-0.3580090400917464
5,1,270047.93092729663,-0.7785,1.5929012,-0.35909063626932436
5,1,270052.93112357147,-0.7785,1.5927103,-0.3601722374845213
5,1,270057.9313198463,-0.7785,1.5921752,-0.36125383605003686
5,1,270062.93151612114,-0.7785,1.5918887,-0.36233542511300576
5,1,270067.931712396,-0.7785,1.5913918,-0.3634170272125734
5,1,270072.9319086708,-0.7785,1.5910097,-0.36449862884510553
5,1,270077.93210494565,-0.7785,1.5906466,-0.36558023411230245
5,1,270082.9323012205,-0.7785,1.59036,-0.366661829197367
5,1,270087.9324974953,-0.7785,1.5898441,-0.36774343092761763
5,1,270092.93269377016,-0.7785,1.5895002,-0.36882503435360386
5,1,270097.932890045,-0.7785,1.5891945,-0.36990664199337026
5,1,270102.93308631936,-0.7785,1.5886405,-0.370988246818304
5,1,270107.9332825942,-0.7785,1.588373,-0.3720698385526769
5,1,270112.93347886903,-0.7785,1.5877806,-0.3731514404885205
5,1,270117.93367514363,-0.7785,1.5873793,-0.37423304123682105
5,1,270122.93387141824,-0.7785,1.586959,-0.3753146438967684
5,1,270127.93406769284,-0.7785,1.5865577,-0.3763962443936963
5,1,270132.93426396744,-0.7785,1.5862329,-0.377477848728511
5,1,270137.93446024205,-0.7785,1.585889,-0.3785594537222252
5,1,270142.93465651665,-0.7785,1.585373,-0.3796410546391506
5,1,270147.93485279125,-0.7785,1.5849527,-0.380722661287046
5,1,270152.93504906585,-0.7785,1.5845897,-0.38180426907106557
5,1,270157.93524534046,-0.7785,1.5841311,-0.3828858751914897
5,1,270162.93544161506,-0.7785,1.583749,-0.3839674768552017
5,1,270167.9356378898,-0.7785,1.5834624,-0.38504907805420613
5,1,270172.9358341645,-0.7785,1.5829656,-0.3861306807177529
5,1,270177.9360304392,-0.7785,1.582488,-0.3872122844930621
5,1,270182.93622671394,-0.7785,1.5820676,-0.38829387868017606
5,1,270187.93642298866,-0.7785,1.5815135,-0.38937547522684257
5,1,270192.9366192634,-0.7785,1.5811313,-0.390457076345384
5,1,270197.9368155381,-0.7785,1.5806727,-0.39153867936554543
5,1,270202.9370118128,-0.7785,1.5803479,-0.3926202733824782
5,1,270207.93720808753,-0.7785,1.5799466,-0.39370187941238605
5,1,270212.93740436225,-0.7785,1.5794117,-0.3947834840635027
5,1,270217.937600637,-0.7785,1.5790105,-0.39586508774058676
5,1,270222.9377969117,-0.7785,1.5786092,-0.3969466955620414
5,1,270227.9379931866,-0.7785,1.5781124,-0.3980283028122583
5,1,270232.9381894613,-0.7785,1.5775775,-0.39910990162336485
5,1,270237.938385736,-0.7785,1.5772144,-0.4001915094023942
5,1,270242.9385820107,-0.7785,1.5767558,-0.40127311909768304
5,1,270247.9387782854,-0.7785,1.576259,-0.40235472741926365
5,1,270252.9389745601,-0.7785,1.5757623,-0.4034363309134972
5,1,270257.93917083484,-0.7785,1.5753992,-0.4045179416105017
5,1,270262.93936710956,-0.7785,1.5749598,-0.40559955261112896
5,1,270267.9395633843,-0.7785,1.5745202,-0.40668115880176736
5,1,270272.9397596589,-0.7785,1.5738707,-0.40776276416554363
5,1,270277.9399559335,-0.7785,1.5734694,-0.40884436987484807
5,1,270282.9401522081,-0.7785,1.5729727,-0.4099259719725978
5,1,270287.9403484827,-0.7785,1.5724758,-0.4110075742851295
5,1,270292.94054475706,-0.7785,1.5720173,-0.4120891778401466
5,1,270297.94074103166,-0.7785,1.5715204,-0.41317078025777454
5,1,270302.94093730627,-0.7785,1.5711384,-0.4142523818098239
5,1,270307.94113358087,-0.7785,1.5706607,-0.415333977957275
5,1,270312.9413298555,-0.7785,1.569992,-0.4164155849709476
5,1,270317.9415261303,-0.7785,1.5697244,-0.41749718809409586
5,1,270322.94172240514,-0.7785,1.5690938,-0.418578782604575
5,1,270327.94191868,-0.7785,1.5685971,-0.4196603825288844
5,1,270332.9421149548,-0.7785,1.568043,-0.4207419829843506
5,1,270337.94231122965,-0.7785,1.5674889,-0.4218235764080715
5,1,270342.9425075045,-0.7785,1.5671258,-0.42290517207269523
5,1,270347.9427037793,-0.7785,1.5664953,-0.42398677015919145
5,1,270352.94290005416,-0.7785,1.5661705,-0.4250683671373128
5,1,270357.943096329,-0.7785,1.5656164,-0.42614996304966
5,1,270362.9432926038,-0.7785,1.5651387,-0.4272315577360854
5,1,270367.94348887866,-0.7785,1.5646037,-0.42831315363124
5,1,270372.94368515303,-0.7785,1.564126,-0.4293947499194144
5,1,270377.94388142787,-0.7785,1.5636102,-0.43047634237424853
5,1,270382.9440777027,-0.7785,1.5630943,-0.43155793675742865
5,1,270387.94427397754,-0.7785,1.5625019,-0.43263953105490727
5,1,270392.9444702524,-0.7785,1.5619669,-0.4337211223915682
5,1,270397.9446665272,-0.7785,1.5614511,-0.43480271389001596
5,1,270402.94486280205,-0.7785,1.5606676,-0.43588430497977126
5,1,270407.9450590769,-0.7785,1.5600753,-0.4369659010460773
5,1,270412.9452553517,-0.7785,1.5595785,-0.43804749303333285
5,1,270417.94545162655,-0.7785,1.5591391,-0.4391290866351259
5,1,270422.9456479009,-0.7785,1.5586232,-0.44021067808197595
5,1,270427.9458441753,-0.7785,1.5581646,-0.4412922659955487
5,1,270432.94604044966,-0.7785,1.5576105,-0.4423738561868302
5,1,270437.94623672403,-0.7785,1.5570755,-0.4434554467091526
5,1,270442.9464329984,-0.7785,1.5566361,-0.44453703331553923
5,1,270447.9466292728,-0.7785,1.5560055,-0.4456186253306997
5,1,270452.94682554714,-0.7785,1.555547,-0.4467002167737847
5,1,270457.9470218215,-0.7785,1.5547062,-0.4477818063300648
5,1,270462.9472180959,-0.7785,1.5540948,-0.4488634023052188
5,1,270467.94741437025,-0.7785,1.5536171,-0.4499449983143673
5,1,270472.9476106446,-0.7785,1.5530821,-0.4510265930317308
5,1,270477.947806919,-0.7785,1.5526427,-0.45210818576365036
5,1,270482.94800319336,-0.7785,1.5520886,-0.45318978293379797
5,1,270487.94819946773,-0.7785,1.5513816,-0.45427137852737626
5,1,270492.9483957421,-0.7785,1.550732,-0.45535297292354027
5,1,270497.9485920165,-0.7785,1.5500059,-0.4564345635279316
5,1,270502.94878829084,-0.7785,1.5493371,-0.4575161555621589
5,1,270507.9489845652,-0.7785,1.5487831,-0.4585977512545087
5,1,270512.9491808396,-0.7785,1.5481907,-0.45967934652410924
5,1,270517.94937711395,-0.7785,1.5474455,-0.4607609414979847
5,1,270522.9495733883,-0.7785,1.5469679,-0.4618425338406197
5,1,270527.9497696627,-0.7785,1.5462991,-0.462924130283286
5,1,270532.94996593706,-0.7785,1.545726,-0.4640057264600626
5,1,270537.95016221143,-0.7785,1.5450954,-0.46508732041586087
5,1,270542.9503584858,-0.7785,1.5442929,-0.4661689216375448
5,1,270547.9505547602,-0.7785,1.5439681,-0.4672505167077579
5,1,270552.95075103454,-0.7785,1.543242,-0.4683321129551826
5,1,270557.9509473089,-0.7785,1.5425541,-0.4694137084053422
5,1,270562.9511435833,-0.7785,1.541809,-0.47049530513450816
5,1,270567.95133985765,-0.7785,1.5412358,-0.47157689706044376
5,1,270572.951536132,-0.7785,1.5406435,-0.4726584807773396
5,1,270577.9517324064,-0.7785,1.5399365,-0.47374007286061487
5,1,270582.95192868076,-0.7785,1.5394015,-0.47482166268157605
5,1,270587.95212495513,-0.7785,1.5387901,-0.4759032513005963
5,1,270592.9523212295,-0.7785,1.5380067,-0.4769848439733516
5,1,270597.9525175039,-0.7785,1.5373379,-0.47806643606944527
5,1,270602.95271377824,-0.7785,1.5366691,-0.4791480291426544
5,1,270607.9529100526,-0.7785,1.536096,-0.4802296231082875
5,1,270612.953106327,-0.7785,1.535198,-0.4813112161160143
5,1,270617.95330260135,-0.7785,1.5346056,-0.48239280754177755
5,1,270622.9534988757,-0.7785,1.5338031,-0.4834743977186844
5,1,270627.9536951501,-0.7785,1.5331153,-0.4845559872450827
5,1,270632.95389142446,-0.7785,1.5324084,-0.48563757758977
5,1,270637.95408769883,-0.7785,1.5318542,-0.48671916792814585
5,1,270642.9542839732,-0.7785,1.5310518,-0.4878007605239847
5,1,270647.9544802476,-0.7785,1.5303638,-0.48888235271014424
5,1,270652.95467652194,-0.7785,1.5295805,-0.4899639482936129
5,1,270657.9548727963,-0.7785,1.5288544,-0.49104554730545463
5,1,270662.9550690707,-0.7785,1.5283194,-0.49212714329364876
5,1,270667.95526534505,-0.7785,1.5274404,-0.49320873164611706
5,1,270672.9554616194,-0.7785,1.5268482,-0.4942903303631178
5,1,270677.9556578938,-0.7785,1.5260265,-0.4953719254293705
5,1,270682.95585416816,-0.7785,1.5253386,-0.4964535252833596
5,1,270687.95605044253,-0.7785,1.524498,-0.4975351246840985
5,1,270692.9562467169,-0.7785,1.5238292,-0.498616722232633
5,1,270697.9564429913,-0.7785,1.5231605,-0.49969832097220734
5,1,270702.95663926564,-0.7785,1.5223198,-0.5007799194935095
5,1,270707.95683554,-0.7785,1.5214982,-0.5018615155228275
5,1,270712.9570318144,-0.7785,1.5208676,-0.5029431114218696
5,1,270717.95722808875,-0.7785,1.5200843,-0.5040247063521012
5,1,270722.9574243631,-0.7785,1.5193391,-0.5051063023985986
5,1,270727.9576206375,-0.7785,1.5185748,-0.5061878974115912
5,1,270732.95781691186,-0.7785,1.5177723,-0.5072694944607613
5,1,270737.95801318623,-0.7785,1.5169125,-0.5083510924448269
5,1,270742.9582094606,-0.7785,1.5161291,-0.5094326915529235
5,1,270747.958405735,-0.7785,1.5151929,-0.5105142921543019
5,1,270752.95860200934,-0.7785,1.5143713,-0.5115958931560745
5,1,270757.9587982837,-0.7785,1.5135114,-0.5126774941224055
5,1,270762.9589945581,-0.7785,1.512728,-0.5137590949218832
5,1,270767.95919083245,-0.7785,1.512002,-0.5148406946548153
5,1,270772.9593871068,-0.7785,1.5111995,-0.5159222951940956
5,1,270777.9595833812,-0.7785,1.5102059,-0.5170038961171636
5,1,270782.95977965556,-0.7785,1.509499,-0.5180854976790874
5,1,270787.95997592993,-0.7785,1.5085053,-0.5191671007663868
5,1,270792.9601722043,-0.7785,1.5077028,-0.5202487060431437
5,1,270797.96036847867,-0.7785,1.5069195,-0.5213303073490788
5,1,270802.96056475304,-0.7785,1.5060214,-0.5224119077048133
5,1,270807.9607610274,-0.7785,1.5049706,-0.5234935080847605
5,1,270812.96095730225,-0.7785,1.504149,-0.5245751053462291
5,1,270817.9611535771,-0.7785,1.5033464,-0.5256567005655101
5,1,270822.9613498519,-0.7785,1.5024294,-0.5267382947349843
5,1,270827.96154612675,-0.7785,1.5016459,-0.5278198903878362
5,1,270832.9617424016,-0.7785,1.5005378,-0.5289014862895208
5,1,270837.9619386764,-0.7785,1.4998116,-0.5299830820455516
5,1,270842.9621349508,-0.7785,1.498818,-0.5310646810774602
5,1,270847.96233122563,-0.7785,1.4976716,-0.5321462781394982
5,1,270852.96252750047,-0.7785,1.4969456,-0.533227872866223
5,1,270857.9627237753,-0.7785,1.4957609,-0.5343094676319324
5,1,270862.96292005014,-0.7785,1.4949776,-0.5353910582119157
5,1,270867.963116325,-0.7785,1.4938885,-0.5364726527780423
5,1,270872.9633125998,-0.7785,1.4928758,-0.5375542443218393
5,1,270877.96350887464,-0.7785,1.4917867,-0.5386358359481258
5,1,270882.9637051495,-0.7785,1.4908314,-0.5397174276567065
5,1,270887.9639014243,-0.7785,1.4900097,-0.540799016604155
5,1,270892.96409769915,-0.7785,1.4891117,-0.5418806063779787
5,1,270897.964293974,-0.7785,1.4880035,-0.5429621977334549
5,1,270902.9644902488,-0.7785,1.4867806,-0.5440437925142046
5,1,270907.96468652366,-0.7785,1.4859781,-0.5451253856200904
5,1,270912.96488279826,-0.7785,1.4850228,-0.5462069793217941
5,1,270917.96507907286,-0.7785,1.483819,-0.5472885725615253
5,1,270922.96527534747,-0.7785,1.4828254,-0.548370167796118
5,1,270927.96547162207,-0.7785,1.4817746,-0.5494517630275054
5,1,270932.9656678967,-0.7785,1.4807428,-0.5505333574046721
5,1,270937.9658641713,-0.7785,1.4796154,-0.5516149512594704
5,1,270942.9660604459,-0.7785,1.478469,-0.5526965448193448
5,1,270947.9662567205,-0.7785,1.4775519,-0.5537781368793909
5,1,270952.9664529951,-0.7785,1.476501,-0.5548597305644285
5,1,270957.9666492697,-0.7785,1.4755266,-0.5559413237294818
5,1,270962.9668455444,-0.7785,1.4743228,-0.557022918422467
5,1,270967.96704181936,-0.7785,1.4730809,-0.5581045140098531
5,1,270972.9672380941,-0.7785,1.4720682,-0.5591861098249685
5,1,270977.9674343688,-0.7785,1.4710364,-0.5602677055531176
5,1,270982.9676306435,-0.7785,1.4697944,-0.5613492999587687
5,1,270987.96782691823,-0.7785,1.4687245,-0.5624308945127625
5,1,270992.96802319295,-0.7785,1.4675589,-0.5635124881675541
5,1,270997.9682194677,-0.7785,1.4664124,-0.5645940827680196
5,1,271002.9684157424,-0.7785,1.4650558,-0.5656756783543129
5,1,271007.9686120171,-0.7785,1.464005,-0.566757272661454
5,1,271012.96880829183,-0.7785,1.4627248,-0.5678388713238504
5,1,271017.96900456655,-0.7785,1.4616357,-0.568920467197895
5,1,271022.96920084127,-0.7785,1.4605275,-0.5700020635464986
5,1,271027.9693971159,-0.7785,1.4592474,-0.5710836646742622
5,1,271032.96959339053,-0.7785,1.4581009,-0.5721652625313567
5,1,271037.9697896652,-0.7785,1.4566296,-0.5732468606827424
5,1,271042.9699859399,-0.7785,1.4555215,-0.5743284585450655
5,1,271047.97018221463,-0.7785,1.4540311,-0.5754100550006959
5,1,271052.97037848935,-0.7785,1.4528273,-0.576491651799447
5,1,271057.97057476407,-0.7785,1.4515854,-0.5775732480453649
5,1,271062.9707710387,-0.7785,1.4504199,-0.5786548446632821
5,1,271067.9709673133,-0.7785,1.4490824,-0.5797364394656451
5,1,271072.9711635879,-0.7785,1.4477831,-0.5808180340098968
5,1,271077.9713598625,-0.7785,1.4466367,-0.58189963104201
5,1,271082.9715561371,-0.7785,1.4451272,-0.582981229249752
5,1,271087.9717524117,-0.7785,1.4437133,-0.5840628262859283
5,1,271092.9719486863,-0.7785,1.4425095,-0.5851444238616491
5,1,271097.9721449609,-0.7785,1.4411529,-0.5862260198706055
5,1,271102.9723412355,-0.7785,1.4398727,-0.5873076151515542
5,1,271107.9725375101,-0.7785,1.4385352,-0.5883892089951136
5,1,271112.97273378447,-0.7785,1.4373506,-0.5894708015581203
5,1,271117.9729300593,-0.7785,1.4358985,-0.5905523957300913
5,1,271122.97312633414,-0.7785,1.4344846,-0.5916339883193406
5,1,271127.973322609,-0.7785,1.4329942,-0.5927155833148856
5,1,271132.9735188838,-0.7785,1.431523,-0.5937971811488799
5,1,271137.97371515865,-0.7785,1.4301473,-0.5948787762447694
5,1,271142.9739114335,-0.7785,1.4287715,-0.5959603733433649
5,1,271147.9741077083,-0.7785,1.4272047,-0.5970419701567556
5,1,271152.97430398315,-0.7785,1.4258864,-0.5981235638742711
5,1,271157.974500258,-0.7785,1.424377,-0.5992051575829618
5,1,271162.9746965328,-0.7785,1.4229057,-0.6002867522768709
5,1,271167.97489280766,-0.7785,1.4212816,-0.6013683459846907
5,1,271172.9750890825,-0.7785,1.4199059,-0.6024499408661954
5,1,271177.97528535733,-0.7785,1.4183964,-0.6035315370024277
5,1,271182.97548163217,-0.7785,1.4168488,-0.6046131300161051
5,1,271187.975677907,-0.7785,1.4153584,-0.605694724071645
5,1,271192.97587418184,-0.7785,1.4137343,-0.606776316617363
5,1,271197.9760704567,-0.7785,1.4122248,-0.6078579091124898
5,1,271202.9762667315,-0.7785,1.4105434,-0.6089395033082696
5,1,271207.97646300634,-0.7785,1.4089957,-0.6100210986615253
5,1,271212.9766592812,-0.7785,1.4073526,-0.6111026919815408
5,1,271217.97685555555,-0.7785,1.4058622,-0.6121842853714956
5,1,271222.9770518299,-0.7785,1.4042763,-0.6132658807196517
5,1,271227.9772481043,-0.7785,1.402614,-0.6143474759069615
5,1,271232.97744437866,-0.7785,1.4007988,-0.6154290677836934
5,1,271237.977640653,-0.7785,1.3991365,-0.6165106636024018
5,1,271242.9778369274,-0.7785,1.3973595,-0.6175922589264479
5,1,271247.97803320177,-0.7785,1.3958883,-0.6186738578090005
5,1,271252.97822947614,-0.7785,1.3939967,-0.6197554551277061
5,1,271257.9784257505,-0.7785,1.3923343,-0.6208370519107481
5,1,271262.9786220249,-0.7785,1.3904619,-0.6219186505825056
5,1,271267.97881829925,-0.7785,1.3886658,-0.6230002479199569
5,1,271272.9790145736,-0.7785,1.3869653,-0.6240818440238073
5,1,271277.979210848,-0.7785,1.3851693,-0.6251634373002053
5,1,271282.97940712236,-0.7785,1.3832777,-0.6262450318678088
5,1,271287.9796033967,-0.7785,1.3814625,-0.6273266290182571
5,1,271292.9797996711,-0.7785,1.3794944,-0.6284082271525827
5,1,271297.97999594547,-0.7785,1.3777748,-0.6294898228789635
5,1,271302.98019221984,-0.7785,1.3761315,-0.6305714159393576
5,1,271307.9803884942,-0.7785,1.3741444,-0.631653011480752
5,1,271312.9805847686,-0.7785,1.3723675,-0.6327346061737339
5,1,271317.98078104295,-0.7785,1.3704759,-0.6338161997925772
5,1,271322.9809773173,-0.7785,1.3684696,-0.6348977919215792
5,1,271327.9811735917,-0.7785,1.3666545,-0.6359793836252591
5,1,271332.98136986606,-0.7785,1.36461,-0.6370609788439042
5,1,271337.9815661404,-0.7785,1.3626611,-0.6381425738725001
5,1,271342.9817624148,-0.7785,1.3606739,-0.6392241683860124
5,1,271347.98195868917,-0.7785,1.358553,-0.6403057633914021
5,1,271352.98215496354,-0.7785,1.3565469,-0.6413873605922958
5,1,271357.9823512379,-0.7785,1.3545597,-0.6424689564365348
5,1,271362.9825475123,-0.7785,1.3524388,-0.643550550843772
5,1,271367.98274378665,-0.7785,1.3502606,-0.6446321468147371
5,1,271372.982940061,-0.7785,1.3484073,-0.6457137437122498
5,1,271377.9831363354,-0.7785,1.3461335,-0.6467953387127884
5,1,271382.98333260976,-0.7785,1.3441081,-0.6478769355992576
5,1,271387.9835288841,-0.7785,1.3419873,-0.648958529891948
5,1,271392.9837251585,-0.7785,1.3396753,-0.6500401238640183
5,1,271397.98392143287,-0.7785,1.33765,-0.6511217164558372
5,1,271402.98411770724,-0.7785,1.3354144,-0.6522033097004163
5,1,271407.9843139816,-0.7785,1.3332362,-0.6532849048693049
5,1,271412.984510256,-0.7785,1.3308287,-0.6543665000733007
5,1,271417.98470653035,-0.7785,1.3286697,-0.6554480934553745
5,1,271422.9849028047,-0.7785,1.3263195,-0.656529685926878
5,1,271427.9850990791,-0.7785,1.3241413,-0.6576112785190511
5,1,271432.98529535346,-0.7785,1.3214854,-0.6586928726759885
5,1,271437.9854916278,-0.7785,1.3192116,-0.6597744672453604
5,1,271442.9856879022,-0.7785,1.3167276,-0.6608560624954205
5,1,271447.98588417657,-0.7785,1.3144157,-0.6619376567641729
5,1,271452.98608045094,-0.7785,1.3120464,-0.6630192505284846
5,1,271457.9862767253,-0.7785,1.3095626,-0.6641008455086086
5,1,271462.9864729997,-0.7785,1.3071742,-0.6651824427622226
5,1,271467.98666927405,-0.7785,1.3048621,-0.6662640395928258
5,1,271472.9868655484,-0.7785,1.3022063,-0.6673456384889782
5,1,271477.9870618228,-0.7785,1.2996078,-0.6684272368179627
5,1,271482.98725809716,-0.7785,1.2971047,-0.6695088349966176
5,1,271487.9874543715,-0.7785,1.2946208,-0.6705904335092341
5,1,271492.9876506459,-0.7785,1.2921369,-0.6716720279829305
5,1,271497.98784692027,-0.7785,1.2893854,-0.6727536228934892
5,1,271502.98804319464,-0.7785,1.2867486,-0.6738352173166474
5,1,271507.988239469,-0.7785,1.2839782,-0.6749168125452234
5,1,271512.9884357434,-0.7785,1.2810547,-0.6759984072431559
5,1,271517.98863201775,-0.7785,1.2784945,-0.677080002874434
5,1,271522.9888282921,-0.7785,1.2755138,-0.6781615997164813
5,1,271527.9890245665,-0.7785,1.2728579,-0.679243193155451
5,1,271532.98922084086,-0.7785,1.2701638,-0.6803247856429485
5,1,271537.9894171152,-0.7785,1.2672977,-0.6814063781281247
5,1,271542.9896133896,-0.7785,1.2644889,-0.6824879697490567
5,1,271547.98980966397,-0.7785,1.2616802,-0.6835695638040106
5,1,271552.99000593834,-0.7785,1.2588333,-0.6846511589393814
5,1,271557.9902022127,-0.7785,1.2557188,-0.6857327530052364
5,1,271562.9903984871,-0.7785,1.2530438,-0.6868143478642769
5,1,271567.99059476145,-0.7785,1.2497383,-0.6878959412412743
5,1,271572.9907910358,-0.7785,1.2467958,-0.6889775349956685
5,1,271577.9909873102,-0.7785,1.2438533,-0.6900591310084396
5,1,271582.99118358456,-0.7785,1.2407006,-0.6911407269710534
5,1,271587.9913798589,-0.7785,1.2377582,-0.6922223249194192
5,1,271592.9915761333,-0.7785,1.2345482,-0.6933039235721826
5,1,271597.99177240767,-0.7785,1.2316821,-0.69438551842013
5,1,271602.99196868204,-0.7785,1.2283957,-0.6954671142721639
5,1,271607.9921649564,-0.7785,1.2252239,-0.6965487107713519
5,1,271612.99236123124,-0.7785,1.2222815,-0.6976303059331277
5,1,271617.9925575061,-0.7785,1.2189759,-0.6987118989533814
5,1,271622.9927537809,-0.7785,1.215785,-0.6997934903593624
5,1,271627.99295005575,-0.7785,1.2127088,-0.7008750814808175
5,1,271632.9931463306,-0.7785,1.2095753,-0.701956670763413
5,1,271637.9933426054,-0.7785,1.2062315,-0.7030382589440344
5,1,271642.99353888026,-0.7785,1.2029833,-0.7041198481024071
5,1,271647.5023355279,-0.7785,1.2000026,-0.7050951436118085
5,1,271647.5025355278,-0.7785,1.2000791,-0.7050951868758664
5,2,271647.5033355276,0.7785,1.276073,8.589680989583333e-08
5,2,271652.503531802,0.7785,1.4593238,0.0010811778920425308
5,2,271657.5037280766,0.7785,1.5213453,0.0021622721884416206
5,2,271662.5039243512,0.7785,1.5683678,0.0032433644461135067
5,2,271667.504120626,0.7785,1.6080914,0.004324456760611798
5,2,271672.50431690086,0.7785,1.6432294,0.005405550100697411
5,2,271677.5045131757,0.7785,1.6751764,0.006486642948031425
5,2,271682.5047094505,0.7785,1.7048496,0.00756773720405168
5,2,271687.50490572536,0.7785,1.7326504,0.008648829011433655
5,2,271692.5051020002,0.7785,1.758999,0.009729916476253006
5,2,271697.50529827503,0.7785,1.7842586,0.010810994641853703
5,2,271702.50549454987,0.7785,1.8081615,0.011892071767316924
5,2,271707.5056908247,0.7785,1.8313767,0.012973148997479015
5,2,271712.50588709954,0.7785,1.8537892,0.014054229201873143
5,2,271717.5060833744,0.7785,1.8755713,0.015135310163822439
5,2,271722.5062796492,0.7785,1.8964362,0.016216394726683694
5,2,271727.50647592405,0.7785,1.9166898,0.017297486143022775
5,2,271732.5066721989,0.7785,1.936198,0.018378564250677822
5,2,271737.5068684737,0.7785,1.9547701,0.019459646289726098
5,2,271742.50706474856,0.7785,1.9727117,0.02054072592144211
5,2,271747.5072610234,0.7785,1.989908,0.021621805141694015
5,2,271752.5074572982,0.7785,2.0062828,0.022702882295485997
5,2,271757.50765357306,0.7785,2.0219123,0.0237839620851775
5,2,271762.5078498479,0.7785,2.0367396,0.02486503847203983
5,2,271767.50804612227,0.7785,2.0508978,0.025946123841477764
5,2,271772.50824239664,0.7785,2.0641582,0.027027211932390927
5,2,271777.508438671,0.7785,2.076788,0.02810829466597239
5,2,271782.5086349454,0.7785,2.0886343,0.029189372291988796
5,2,271787.50883121975,0.7785,2.099831,0.030270454639196396
5,2,271792.5090274941,0.7785,2.1103399,0.03135154475845562
5,2,271797.5092237685,0.7785,2.120333,0.03243262486502859
5,2,271802.50942004286,0.7785,2.1297336,0.033513706085665354
5,2,271807.5096163172,0.7785,2.1386185,0.03459479347440931
5,2,271812.5098125916,0.7785,2.1469681,0.03567588030990958
5,2,271817.51000886597,0.7785,2.154993,0.036756958091762326
5,2,271822.51020514034,0.7785,2.1623876,0.03783803779173559
5,2,271827.5104014147,0.7785,2.1695719,0.03891911507887641
5,2,271832.5105976891,0.7785,2.1763358,0.04000019629871182
5,2,271837.51079396345,0.7785,2.182641,0.041081284613658973
5,2,271842.5109902378,0.7785,2.1889846,0.04216237060244877
5,2,271847.5111865122,0.7785,2.194583,0.04324344795368776
5,2,271852.51138278656,0.7785,2.2000859,0.04432452715421384
5,2,271857.5115790609,0.7785,2.2053595,0.045405604482875915
5,2,271862.5117753353,0.7785,2.2104228,0.04648668540141316
5,2,271867.51197160967,0.7785,2.2151804,0.04756775806123017
5,2,271872.51216788404,0.7785,2.2198043,0.04864883791536091
5,2,271877.5123641584,0.7785,2.224352,0.04972992571911214
5,2,271882.5125604328,0.7785,2.2284598,0.05081100535517598
5,2,271887.51275670715,0.7785,2.232434,0.051892078315231516
5,2,271892.5129529815,0.7785,2.2364657,0.05297316097263493
5,2,271897.5131492559,0.7785,2.240096,0.05405424119515549
5,2,271902.51334553026,0.7785,2.2437646,0.055135319396952764
5,2,271907.5135418046,0.7785,2.2472804,0.05621639400680195
5,2,271912.513738079,0.7785,2.2508152,0.0572974701211386
5,2,271917.51393435337,0.7785,2.2541397,0.0583785519111653
5,2,271922.51413062774,0.7785,2.2573879,0.05945964132104978
5,2,271927.5143269021,0.7785,2.2604067,0.06054071886128516
5,2,271932.5145231765,0.7785,2.2633684,0.06162179499165546
5,2,271937.51471945085,0.7785,2.2664447,0.06270287790204417
5,2,271942.5149157252,0.7785,2.2690814,0.06378396058603125
5,2,271947.5151119996,0.7785,2.2717946,0.06486504100232321
5,2,271952.51530827396,0.7785,2.274699,0.06594611739108627
5,2,271957.5155045483,0.7785,2.277393,0.06702720299436979
5,2,271962.5157008227,0.7785,2.2799342,0.06810829081088635
5,2,271967.51589709707,0.7785,2.2824945,0.06918938723470766
5,2,271972.51609337144,0.7785,2.284883,0.07027047386322749
5,2,271977.5162896458,0.7785,2.2875197,0.07135156334744228
5,2,271982.5164859202,0.7785,2.2899272,0.07243265107743276
5,2,271987.51668219455,0.7785,2.2922583,0.07351374160189429
5,2,271992.5168784689,0.7785,2.2945511,0.07459483435097336
5,2,271997.5170747433,0.7785,2.2968822,0.07567592275210883
5,2,272002.51727101766,0.7785,2.2992134,0.07675701394193701
5,2,272007.517467292,0.7785,2.301487,0.07783810639261536
5,2,272012.5176635664,0.7785,2.3035889,0.07891919560481442
5,2,272017.51785984077,0.7785,2.3058434,0.08000028568938043
5,2,272022.51805611514,0.7785,2.3079834,0.08108137551709016
5,2,272027.5182523895,0.7785,2.3103528,0.08216246495317088
5,2,272032.5184486639,0.7785,2.3126073,0.08324355575910541
5,2,272037.51864493825,0.7785,2.3145373,0.08432465227710206
5,2,272042.5188412126,0.7785,2.3166008,0.08540574467780192
5,2,272047.519037487,0.7785,2.3188746,0.08648684011244442
5,2,272052.51923376136,0.7785,2.3208807,0.08756793505068951
5,2,272057.5194300357,0.7785,2.322925,0.08864902826763524
5,2,272062.5196263101,0.7785,2.3249505,0.08973011793914437
5,2,272067.51982258447,0.7785,2.326995,0.09081120873638987
5,2,272072.52001885884,0.7785,2.3292115,0.09189229910408787
5,2,272077.5202151332,0.7785,2.3311794,0.09297339028051826
5,2,272082.5204114076,0.7785,2.3332047,0.09405448446178105
5,2,272087.52060768194,0.7785,2.335192,0.09513557829991977
5,2,272092.5208039563,0.7785,2.3372364,0.09621667345445024
5,2,272097.5210002307,0.7785,2.3391852,0.0972977654872305
5,2,272102.52119650505,0.7785,2.3412871,0.09837885612155996
5,2,272107.5213927794,0.7785,2.3434079,0.09945994574577943
5,2,272112.5215890538,0.7785,2.345395,0.10054103554798499
5,2,272117.52178532816,0.7785,2.3473248,0.10162212586359516
5,2,272122.52198160253,0.7785,2.349312,0.10270321498706939
5,2,272127.5221778769,0.7785,2.3514137,0.10378430127978326
5,2,272132.5223741513,0.7785,2.3533437,0.1048653906194038
5,2,272137.52257042564,0.7785,2.3553116,0.10594647885553374
5,2,272142.5227667,0.7785,2.357356,0.10702756640726328
5,2,272147.5229629744,0.7785,2.359439,0.10810865295252867
5,2,272152.52315924875,0.7785,2.3615215,0.10918974436837435
5,2,272157.5233555231,0.7785,2.3633556,0.11027083421220382
5,2,272162.52355179796,0.7785,2.3655531,0.11135192264267471
5,2,272167.5237480728,0.7785,2.3675976,0.11243301166918211
5,2,272172.52394434763,0.7785,2.3695846,0.11351410038690103
5,2,272177.52414062247,0.7785,2.3716674,0.11459519080941213
5,2,272182.5243368973,0.7785,2.3737118,0.11567628087755706
5,2,272187.52453317214,0.7785,2.3756607,0.11675736957685152
5,2,272192.524729447,0.7785,2.377686,0.11783846078017685
5,2,272197.5249257218,0.7785,2.379826,0.11891955573947893
5,2,272202.52512199664,0.7785,2.3818133,0.12000064461900459
5,2,272207.5253182715,0.7785,2.3839915,0.12108173624049293
5,2,272212.5255145463,0.7785,2.386227,0.12216283039866223
5,2,272217.52571082115,0.7785,2.3882904,0.12324392777695921
5,2,272222.525907096,0.7785,2.3902586,0.12432502424402038
5,2,272227.5261033708,0.7785,2.392322,0.12540611821076936
5,2,272232.52629964566,0.7785,2.3945384,0.12648721022685036
5,2,272237.5264959205,0.7785,2.3966975,0.12756829985622564
5,2,272242.52669219533,0.7785,2.3988757,0.12864938946071597
5,2,272247.52688847017,0.7785,2.400901,0.1297304770255188
5,2,272252.527084745,0.7785,2.4030793,0.13081156577954026
5,2,272257.52728101984,0.7785,2.4050474,0.1318926545849343
5,2,272262.52747729444,0.7785,2.407111,0.13297375140220588
5,2,272267.52767356904,0.7785,2.409461,0.1340548482835723
5,2,272272.52786984365,0.7785,2.411563,0.13513594303536414
5,2,272277.52806611825,0.7785,2.4136646,0.13621703858133488
5,2,272282.52826239285,0.7785,2.4159193,0.13729813531527915
5,2,272287.52845866745,0.7785,2.4180403,0.1383792324909071
5,2,272292.52865494206,0.7785,2.420161,0.13946032901480793
5,2,272297.52885121666,0.7785,2.422282,0.14054142392761176
5,2,272302.52904749126,0.7785,2.4246511,0.1416225196680029
5,2,272307.52924376586,0.7785,2.426772,0.1427036144282619
5,2,272312.5294400406,0.7785,2.4289503,0.14378470806171165
5,2,272317.52963631484,0.7785,2.4312623,0.14486580136492846
5,2,272322.52983258956,0.7785,2.4332495,0.1459468919827971
5,2,272327.5300288643,0.7785,2.435523,0.1470279852292173
5,2,272332.530225139,0.7785,2.4376059,0.14810907868848242
5,2,272337.5304214137,0.7785,2.4397075,0.1491901735228631
5,2,272342.53061768843,0.7785,2.4418666,0.15027126507736904
5,2,272347.53081396315,0.7785,2.444236,0.1513523584051794
5,2,272352.5310102379,0.7785,2.446529,0.1524334503585199
5,2,272357.5312065126,0.7785,2.4487453,0.15351454480835128
5,2,272362.5314027873,0.7785,2.4507325,0.1545956383193499
5,2,272367.53159906203,0.7785,2.4528532,0.15567673142110633
5,2,272372.5317953367,0.7785,2.4550889,0.15675782669399838
5,2,272377.5319916114,0.7785,2.4571333,0.15783892218665607
5,2,272382.5321878861,0.7785,2.4595215,0.15892001676213074
5,2,272387.5323841608,0.7785,2.4616234,0.16000111311625106
5,2,272392.5325804355,0.7785,2.4637635,0.16108220951899882
5,2,272397.5327767102,0.7785,2.4658842,0.16216330537991056
5,2,272402.53297298495,0.7785,2.4681199,0.1632443971045977
5,2,272407.53316925967,0.7785,2.4702215,0.16432548684152293
5,2,272412.5333655344,0.7785,2.4721706,0.1654065755748715
5,2,272417.533561809,0.7785,2.4743488,0.16648766533005233
5,2,272422.5337580836,0.7785,2.4762785,0.16756875593288734
5,2,272427.5339543582,0.7785,2.4784567,0.1686498417917324
5,2,272432.5341506328,0.7785,2.4805012,0.16973093562388084
5,2,272437.5343469074,0.7785,2.48224,0.1708120289615591
5,2,272442.53454318224,0.7785,2.4846282,0.17189312175890467
5,2,272447.53473945684,0.7785,2.4864626,0.17297421225935547
5,2,272452.53493573144,0.7785,2.4885452,0.17405530162289734
5,2,272457.53513200604,0.7785,2.490609,0.1751363920444051
5,2,272462.53532828065,0.7785,2.4923668,0.1762174801375766
5,2,272467.5355245555,0.7785,2.4944494,0.177298566396041
5,2,272472.5357208303,0.7785,2.4964938,0.1783796542414956
5,2,272477.53591710515,0.7785,2.4983473,0.1794607459085252
5,2,272482.53611338,0.7785,2.5004299,0.18054183769600585
5,2,272487.5363096548,0.7785,2.5022643,0.18162292955622072
5,2,272492.53650592966,0.7785,2.504022,0.1827040211368865
5,2,272497.5367022045,0.7785,2.5058372,0.18378511293402972
5,2,272502.53689847933,0.7785,2.5074039,0.18486620325169625
5,2,272507.53709475417,0.7785,2.5093338,0.18594729651893505
5,2,272512.537291029,0.7785,2.5110917,0.18702838668626542
5,2,272517.53748730384,0.7785,2.5128112,0.18810947812880074
5,2,272522.5376835787,0.7785,2.5143015,0.1891905659383866
5,2,272527.5378798535,0.7785,2.5159447,0.19027165695150688
5,2,272532.53807612834,0.7785,2.51776,0.19135274779471087
5,2,272537.5382724032,0.7785,2.5190976,0.1924338392732474
5,2,272542.538468678,0.7785,2.520798,0.1935149307043022
5,2,272547.53866495285,0.7785,2.522384,0.1945960202584862
5,2,272552.5388612277,0.7785,2.5238743,0.1956771121027204
5,2,272557.5390575025,0.7785,2.525441,0.19675820175678524
5,2,272562.5392537769,0.7785,2.5266256,0.1978392871992819
5,2,272567.53945005126,0.7785,2.5280397,0.19892037661553413
5,2,272572.53964632563,0.7785,2.5293963,0.20000146474054778
5,2,272577.5398426,0.7785,2.530982,0.20108255448431098
5,2,272582.5400388744,0.7785,2.5323005,0.20216363892190645
5,2,272587.54023514874,0.7785,2.5335042,0.20324472653150216
5,2,272592.5404314231,0.7785,2.5348227,0.20432581350143078
5,2,272597.5406276975,0.7785,2.5360072,0.2054069020337031
5,2,272602.54082397185,0.7785,2.5372684,0.2064879873110088
5,2,272607.5410202462,0.7785,2.5382044,0.2075690727492007
5,2,272612.5412165206,0.7785,2.5394657,0.20865016023991495
5,2,272617.54141279496,0.7785,2.5404592,0.2097312491021387
5,2,272622.54160906933,0.7785,2.5416439,0.21081233951537465
5,2,272627.5418053437,0.7785,2.5427139,0.2118934300781123
5,2,272632.5420016181,0.7785,2.543497,0.21297451822989835
5,2,272637.54219789244,0.7785,2.5445864,0.21405560709243668
5,2,272642.5423941668,0.7785,2.5453506,0.2151366928155785
5,2,272647.5425904412,0.7785,2.5462296,0.2162177789614663
5,2,272652.54278671555,0.7785,2.5471084,0.21729886624856445
5,2,272657.5429829899,0.7785,2.5481594,0.21837995386316697
5,2,272662.5431792643,0.7785,2.54879,0.21946104077507708
5,2,272667.54337553866,0.7785,2.5496497,0.22054212834134354
5,2,272672.54357181303,0.7785,2.550605,0.22162321455404813
5,2,272677.5437680874,0.7785,2.5511973,0.22270430018899495
5,2,272682.5439643618,0.7785,2.5519807,0.223785387935433
5,2,272687.54416063614,0.7785,2.5526686,0.22486647603676704
5,2,272692.5443569105,0.7785,2.5532992,0.22594756397074447
5,2,272697.5445531849,0.7785,2.5541017,0.2270286509848964
5,2,272702.54474945925,0.7785,2.5545983,0.2281097394897241
5,2,272707.5449457336,0.7785,2.5553627,0.22919082609797833
5,2,272712.545142008,0.7785,2.5560505,0.23027191368282157
5,2,272717.54533828236,0.7785,2.5565856,0.2313529975225361
5,2,272722.54553455673,0.7785,2.5571396,0.23243408034840543
5,2,272727.5457308311,0.7785,2.5577319,0.23351516719582333
5,2,272732.5459271055,0.7785,2.558076,0.23459625411735627
5,2,272737.54612337984,0.7785,2.5589547,0.23567734171419327
5,2,272742.5463196542,0.7785,2.5592222,0.23675843184276077
5,2,272747.5465159286,0.7785,2.5597956,0.23783952360919436
5,2,272752.54671220295,0.7785,2.560254,0.2389206161233715
5,2,272757.5469084773,0.7785,2.560789,0.24000170554565375
5,2,272762.5471047517,0.7785,2.5612094,0.24108279348156503
5,2,272767.54730102606,0.7785,2.5617254,0.24216388135008995
5,2,272772.54749730043,0.7785,2.5620885,0.24324497093534123
5,2,272777.5476935748,0.7785,2.562528,0.24432606469868273
5,2,272782.5478898492,0.7785,2.5630245,0.24540715102234797
5,2,272787.54808612354,0.7785,2.563445,0.24648823294866068
5,2,272792.5482823979,0.7785,2.5639036,0.24756932184869695
5,2,272797.5484786723,0.7785,2.5642858,0.24865041140425187
5,2,272802.54867494665,0.7785,2.5647442,0.24973150041431832
5,2,272807.548871221,0.7785,2.5652602,0.2508125933043094
5,2,272812.5490674954,0.7785,2.5655277,0.2518936798342299
5,2,272817.54926376976,0.7785,2.5658333,0.2529747697782349
5,2,272822.54946004413,0.7785,2.5663493,0.2540558609763084
5,2,272827.5496563185,0.7785,2.5666358,0.25513694948911647
5,2,272832.54985259287,0.7785,2.5668652,0.25621804074593035
5,2,272837.55004886724,0.7785,2.5671709,0.25729913091337664
5,2,272842.5502451416,0.7785,2.5676677,0.2583802212704518
5,2,272847.550441416,0.7785,2.5678587,0.2594613124012747
5,2,272852.55063769035,0.7785,2.568298,0.26054240165186576
5,2,272857.5508339647,0.7785,2.5687377,0.26162349156682674
5,2,272862.5510302391,0.7785,2.568814,0.26270458284398235
5,2,272867.55122651346,0.7785,2.5692534,0.26378567167797007
5,2,272872.55142278783,0.7785,2.5694447,0.2648667595015398
5,2,272877.5516190622,0.7785,2.5697694,0.2659478468535309
5,2,272882.55181533657,0.7785,2.570056,0.2670289369780552
5,2,272887.55201161094,0.7785,2.570381,0.2681100259238016
5,2,272892.5522078853,0.7785,2.5708966,0.26919111551932146
5,2,272897.5524041597,0.7785,2.5709732,0.27027220514813377
5,2,272902.55260043405,0.7785,2.5712025,0.27135329407950554
5,2,272907.5527967084,0.7785,2.571489,0.2724343830174371
5,2,272912.5529929828,0.7785,2.571833,0.2735154699050848
5,2,272917.55318925716,0.7785,2.5720623,0.2745965572206078
5,2,272922.55338553153,0.7785,2.5722725,0.2756776473699177
5,2,272927.5535818059,0.7785,2.5724444,0.27675873954879554
5,2,272932.55377808027,0.7785,2.572922,0.27783982947876035
5,2,272937.55397435464,0.7785,2.573228,0.2789209179489908
5,2,272942.554170629,0.7785,2.5735145,0.2800020025396444
5,2,272947.5543669034,0.7785,2.5736864,0.28108308945270355
5,2,272952.55456317775,0.7785,2.574011,0.28216417641214503
5,2,272957.5547594526,0.7785,2.5741258,0.28324526208830186
5,2,272962.5549557274,0.7785,2.5744507,0.2843263474513621
5,2,272967.55515200226,0.7785,2.5746799,0.2854074350429506
5,2,272972.5553482771,0.7785,2.574852,0.28648852335437114
5,2,272977.5555445519,0.7785,2.5752149,0.28756961053004837
5,2,272982.55574082676,0.7785,2.575387,0.2886506963150267
5,2,272987.5559371016,0.7785,2.5755014,0.28973178575963754
5,2,272992.55613337643,0.7785,2.5758455,0.2908128730329273
5,2,272997.55632965127,0.7785,2.5760748,0.29189396023467495
5,2,273002.5565259261,0.7785,2.5762086,0.29297504436277994
5,2,273007.55672220094,0.7785,2.5765142,0.29405612752117033
5,2,273012.5569184758,0.7785,2.576629,0.29513721303842116
5,2,273017.5571147506,0.7785,2.5769536,0.29621829664295896
5,2,273022.55731102545,0.7785,2.577183,0.29729938301653647
5,2,273027.5575073003,0.7785,2.577183,0.2983804700162144
5,2,273032.5577035751,0.7785,2.5774314,0.2994615573037861
5,2,273037.55789984995,0.7785,2.5776033,0.300542643488205
5,2,273042.5580961248,0.7785,2.5779855,0.301623728103919
5,2,273047.5582923996,0.7785,2.5781956,0.30270481160024787
5,2,273052.55848867446,0.7785,2.5783293,0.30378589491428915
5,2,273057.5586849486,0.7785,2.5786543,0.3048669814891416
5,2,273062.5588812232,0.7785,2.5789409,0.30594807067815777
5,2,273067.5590774978,0.7785,2.5789409,0.30702915557518917
5,2,273072.5592737724,0.7785,2.579323,0.30811024000623805
5,2,273077.559470047,0.7785,2.5795906,0.30919132660990273
5,2,273082.5596663216,0.7785,2.5798197,0.31027241112840487
5,2,273087.5598625962,0.7785,2.5797815,0.31135349266257534
5,2,273092.5600588708,0.7785,2.5801256,0.3124345766748221
5,2,273097.5602551454,0.7785,2.5801637,0.31351566037513795
5,2,273102.56045142,0.7785,2.5804121,0.31459674445741687
5,2,273107.56064769474,0.7785,2.5805266,0.3156778288722798
5,2,273112.56084396946,0.7785,2.5808325,0.3167589117614095
5,2,273117.5610402442,0.7785,2.5809472,0.31783999602761515
5,2,273122.5612365189,0.7785,2.5813484,0.318921080071012
5,2,273127.5614327936,0.7785,2.581272,0.32000216302733603
5,2,273132.56162906834,0.7785,2.5815203,0.3210832441177333
5,2,273137.56182534306,0.7785,2.5817688,0.3221643248409561
5,2,273142.5620216178,0.7785,2.5819979,0.32324540741888
5,2,273147.5622178925,0.7785,2.582189,0.3243264959928259
5,2,273152.5624141672,0.7785,2.5823991,0.32540758438955064
5,2,273157.56261044194,0.7785,2.5826476,0.32648867105639623
5,2,273162.56280671665,0.7785,2.5829341,0.32756975584187753
5,2,273167.5630029913,0.7785,2.5828004,0.32865084239702075
5,2,273172.56319926603,0.7785,2.5830297,0.3297319260598651
5,2,273177.56339554075,0.7785,2.5833163,0.3308130152963663
5,2,273182.56359181565,0.7785,2.5835838,0.33189410110921314
5,2,273187.56378809037,0.7785,2.5836985,0.3329751865815353
5,2,273192.5639843651,0.7785,2.5837748,0.3340562735104327
5,2,273197.5641806398,0.7785,2.5840042,0.3351373621047667
5,2,273202.5643769145,0.7785,2.5843098,0.3362184510560497
5,2,273207.56457318924,0.7785,2.5844245,0.33729954189647876
5,2,273212.56476946385,0.7785,2.5846539,0.33838063431085125
5,2,273217.56496573845,0.7785,2.5849786,0.3394617246728636
5,2,273222.56516201305,0.7785,2.585017,0.34054281484787635
5,2,273227.56535828765,0.7785,2.5852845,0.34162389955848427
5,2,273232.56555456226,0.7785,2.5853798,0.3427049854236673
5,2,273237.56575083686,0.7785,2.5857239,0.3437860706297686
5,2,273242.56594711146,0.7785,2.5859149,0.3448671533419388
5,2,273247.56614338583,0.7785,2.5860868,0.3459482392444343
5,2,273252.56633966044,0.7785,2.5862014,0.3470293225399915
5,2,273257.5665359353,0.7785,2.586469,0.34811040549495126
5,2,273262.5667322101,0.7785,2.5866601,0.34919149310145087
5,2,273267.56692848494,0.7785,2.5868702,0.3502725769573878
5,2,273272.5671247598,0.7785,2.587023,0.3513536614306798
5,2,273277.5673210346,0.7785,2.587367,0.3524347501969335
5,2,273282.56751730945,0.7785,2.587539,0.3535158374707928
5,2,273287.5677135843,0.7785,2.5876346,0.3545969252299167
5,2,273292.5679098591,0.7785,2.5880358,0.3556780142417746
5,2,273297.56810613396,0.7785,2.5879402,0.35675910229348445
5,2,273302.5683024088,0.7785,2.5883224,0.35784018928269845
5,2,273307.5684986836,0.7785,2.5884562,0.35892127630424797
5,2,273312.56869495846,0.7785,2.588609,0.36000236337683894
5,2,273317.5688912333,0.7785,2.5889146,0.3610834506070875
5,2,273322.56908750813,0.7785,2.5889912,0.36216453935853604
5,2,273327.5692837825,0.7785,2.5893924,0.3632456259518295
5,2,273332.56948005734,0.7785,2.5895834,0.36432671199036604
5,2,273337.5696763322,0.7785,2.5896218,0.3654077980955538
5,2,273342.569872607,0.7785,2.58966,0.36648888378168115
5,2,273347.57006888185,0.7785,2.590214,0.36756996733089586
5,2,273352.5702651567,0.7785,2.590405,0.3686510525825583
5,2,273357.5704614315,0.7785,2.5906343,0.36973214262219567
5,2,273362.5706577059,0.7785,2.5906343,0.3708132316662732
5,2,273367.57085398026,0.7785,2.5908828,0.3718943178829183
5,2,273372.5710502546,0.7785,2.5910547,0.3729754016535643
5,2,273377.571246529,0.7785,2.5913603,0.37405648722873097
5,2,273382.57144280337,0.7785,2.5915132,0.3751375731747677
5,2,273387.57163907774,0.7785,2.5917044,0.3762186595209569
5,2,273392.5718353521,0.7785,2.591819,0.37729974565652313
5,2,273397.5720316265,0.7785,2.5921056,0.37838082389576205
5,2,273402.57222790085,0.7785,2.5924878,0.37946190079944964
5,2,273407.5724241752,0.7785,2.592736,0.38054298021155897
5,2,273412.5726204496,0.7785,2.5929844,0.3816240551156597
5,2,273417.57281672396,0.7785,2.5931566,0.3827051285909014
5,2,273422.5730129983,0.7785,2.5933857,0.3837862042860485
5,2,273427.5732092727,0.7785,2.5936532,0.3848672771914101
5,2,273432.57340554707,0.7785,2.5940163,0.3859483590711219
5,2,273437.57360182144,0.7785,2.5942264,0.38702943814958096
5,2,273442.5737980958,0.7785,2.5943794,0.38811050953708387
5,2,273447.5739943702,0.7785,2.5945895,0.3891915797653625
5,2,273452.57419064455,0.7785,2.5947807,0.39027265056571325
5,2,273457.5743869189,0.7785,2.5951626,0.39135372549598707
5,2,273462.5745831933,0.7785,2.5952582,0.3924348054727246
5,2,273467.57477946766,0.7785,2.5954876,0.3935158808483014
5,2,273472.574975742,0.7785,2.5958314,0.3945969563416272
5,2,273477.5751720164,0.7785,2.5961373,0.3956780313117401
5,2,273482.57536829077,0.7785,2.5961945,0.3967591067710449
5,2,273487.57556456514,0.7785,2.5965385,0.39784018601621157
5,2,273492.5757608395,0.7785,2.5968442,0.39892126539825695
5,2,273497.5759571139,0.7785,2.5969589,0.4000023447186281
5,2,273502.57615338825,0.7785,2.597169,0.40108342247718204
5,2,273507.5763496626,0.7785,2.5974364,0.4021645082171158
5,2,273512.576545937,0.7785,2.5976083,0.4032455899891286
5,2,273517.57674221136,0.7785,2.598048,0.40432667682592693
5,2,273522.5769384857,0.7785,2.5982008,0.4054077647457185
5,2,273527.5771347601,0.7785,2.5984683,0.4064888474215729
5,2,273532.57733103447,0.7785,2.598812,0.4075699311948216
5,2,273537.57752730884,0.7785,2.5989459,0.40865101347554356
5,2,273542.5777235832,0.7785,2.5991752,0.40973209296130103
5,2,273547.5779198576,0.7785,2.5993662,0.4108131773987773
5,2,273552.57811613195,0.7785,2.5997102,0.4118942589844793
5,2,273557.5783124063,0.7785,2.6000733,0.41297533439638184
5,2,273562.5785086807,0.7785,2.6002643,0.4140564215220077
5,2,273567.57870495506,0.7785,2.600551,0.4151375020481974
5,2,273572.5789012294,0.7785,2.6008756,0.416218576898654
5,2,273577.5790975038,0.7785,2.601124,0.41729965633468136
5,2,273582.57929377817,0.7785,2.6012578,0.4183807354130113
5,2,273587.57949005254,0.7785,2.6017356,0.4194618242380616
5,2,273592.5796863269,0.7785,2.6017356,0.42054290019885004
5,2,273597.5798826013,0.7785,2.6022322,0.4216239768407772
5,2,273602.58007887565,0.7785,2.6026528,0.42270505385121004
5,2,273607.58027515,0.7785,2.6027672,0.4237861301309165
5,2,273612.5804714244,0.7785,2.603054,0.4248672054120365
5,2,273617.58066769876,0.7785,2.603417,0.4259482850511335
5,2,273622.5808639731,0.7785,2.6036654,0.42702937024788684
5,2,273627.5810602475,0.7785,2.6039329,0.42811044553852706
5,2,273632.58125652187,0.7785,2.6042194,0.42919152672660316
5,2,273637.58145279624,0.7785,2.6046016,0.4302726126546028
5,2,273642.5816490706,0.7785,2.6049454,0.4313536932055715
5,2,273647.581845345,0.7785,2.6051939,0.4324347723302904
5,2,273652.58204161935,0.7785,2.605538,0.4335158525838186
5,2,273657.5822378937,0.7785,2.6058435,0.43459693081861694
5,2,273662.5824341681,0.7785,2.6061301,0.435678014638205
5,2,273667.58263044246,0.7785,2.6063976,0.43675909120358986
5,2,273672.5828267168,0.7785,2.6067798,0.4378401696496867
5,2,273677.5830229912,0.7785,2.6070092,0.43892124567312296
5,2,273682.58321926557,0.7785,2.6075058,0.4400023305752373
5,2,273687.58341553994,0.7785,2.6078117,0.44108340794083106
5,2,273692.5836118143,0.7785,2.608232,0.44216449500636884
5,2,273697.5838080887,0.7785,2.6083848,0.4432455743196702
5,2,273702.58400436305,0.7785,2.608786,0.4443266499497489
5,2,273707.5842006374,0.7785,2.608939,0.44540772452154054
5,2,273712.5843969118,0.7785,2.6094549,0.4464887983280582
5,2,273717.58459318615,0.7785,2.6098943,0.4475698706297142
5,2,273722.5847894605,0.7785,2.6102955,0.4486509470517068
5,2,273727.5849857349,0.7785,2.610582,0.449732028690543
5,2,273732.58518200926,0.7785,2.610773,0.45081310734456737
5,2,273737.58537828363,0.7785,2.6110215,0.4518941900983846
5,2,273742.585574558,0.7785,2.6116521,0.45297527854159103
5,2,273747.5857708324,0.7785,2.6119006,0.45405636623017287
5,2,273752.5859671072,0.7785,2.6121871,0.455137448087225
5,2,273757.58616338205,0.7785,2.6125693,0.45621853034186
5,2,273762.5863596569,0.7785,2.6129515,0.45729960665189856
5,2,273767.5865559317,0.7785,2.6133144,0.4583806818157001
5,2,273772.58675220655,0.7785,2.6136775,0.4594617605694993
5,2,273777.5869484814,0.7785,2.6140788,0.46054284058700967
5,2,273782.5871447562,0.7785,2.614652,0.46162391699476674
5,2,273787.58734103106,0.7785,2.6147666,0.4627049928700987
5,2,273792.58753730543,0.7785,2.6151104,0.4637860686439604
5,2,273797.58773358027,0.7785,2.6156263,0.4648671468740765
5,2,273802.5879298551,0.7785,2.6159894,0.46594822336136604
5,2,273807.58812612994,0.7785,2.6164289,0.46702930922196945
5,2,273812.5883224048,0.7785,2.6166008,0.46811038730071625
5,2,273817.5885186796,0.7785,2.6168876,0.4691914656688337
5,2,273822.58871495444,0.7785,2.6174607,0.4702725458965531
5,2,273827.5889112293,0.7785,2.6179767,0.4713536247774857
5,2,273832.5891075041,0.7785,2.618378,0.47243470413630184
5,2,273837.58930377895,0.7785,2.6188173,0.47351578302824804
5,2,273842.5895000538,0.7785,2.6192186,0.47459686445766663
5,2,273847.5896963286,0.7785,2.6195624,0.47567794462383434
5,2,273852.5898926032,0.7785,2.6201355,0.4767590258476368
5,2,273857.5900888778,0.7785,2.620365,0.4778401018637384
5,2,273862.59028515243,0.7785,2.6208618,0.47892118248531534
5,2,273867.59048142703,0.7785,2.6212056,0.48000226086423115
5,2,273872.59067770164,0.7785,2.6216643,0.4810833393565779
5,2,273877.59087397624,0.7785,2.622008,0.4821644152243864
5,2,273882.59107025084,0.7785,2.622505,0.48324549360929575
5,2,273887.59126652544,0.7785,2.6229444,0.48432657161899056
5,2,273892.59146280005,0.7785,2.623556,0.48540764652094226
5,2,273897.59165907465,0.7785,2.623938,0.48648872390715925
5,2,273902.59185534937,0.7785,2.62432,0.4875698100539875
5,2,273907.5920516241,0.7785,2.6247597,0.4886508927749162
5,2,273912.5922478988,0.7785,2.625371,0.48973197081130393
5,2,273917.5924441735,0.7785,2.6256957,0.4908130480512478
5,2,273922.5926404485,0.7785,2.6262882,0.49189412500458274
5,2,273927.5928367232,0.7785,2.6266704,0.49297520656627064
5,2,273932.5930329979,0.7785,2.627148,0.49405629191068456
5,2,273937.59322927264,0.7785,2.6277785,0.4951373705211909
5,2,273942.59342554735,0.7785,2.6281416,0.49621845066474857
5,2,273947.5936218221,0.7785,2.6286192,0.49729952977003306
5,2,273952.5938180968,0.7785,2.629116,0.49838061948298396
5,2,273957.5940143715,0.7785,2.6297464,0.4994617085856131
5,2,273962.59421064623,0.7785,2.6302433,0.5005427983235979
5,2,273967.5944069209,0.7785,2.6307402,0.5016238872049349
5,2,273972.5946031956,0.7785,2.631122,0.502704977594882
5,2,273977.5947994703,0.7785,2.6318483,0.503786067930781
5,2,273982.5949957449,0.7785,2.6323068,0.5048671571710339
5,2,273987.5951920196,0.7785,2.6328418,0.5059482461671894
5,2,273992.5953882943,0.7785,2.6331668,0.5070293390794494
5,2,273997.59558456903,0.7785,2.633969,0.5081104270276624
5,2,274002.59578084364,0.7785,2.634466,0.5091915153765312
5,2,274007.59597711824,0.7785,2.635039,0.5102726040508977
5,2,274012.59617339284,0.7785,2.6356125,0.5113536955193014
5,2,274017.59636966744,0.7785,2.636052,0.5124347859020297
5,2,274022.59656594205,0.7785,2.636625,0.5135158765400811
5,2,274027.59676221665,0.7785,2.6371791,0.5145969677891695
5,2,274032.59695849125,0.7785,2.6375804,0.515678055556403
5,2,274037.59715476586,0.7785,2.6383257,0.5167591490106977
5,2,274042.59735104046,0.7785,2.6390326,0.5178402450739474
5,2,274047.59754731506,0.7785,2.6396823,0.5189213366357417
5,2,274052.5977435899,0.7785,2.6402364,0.5200024290417
5,2,274057.59793986473,0.7785,2.6409242,0.5210835224547814
5,2,274062.5981361391,0.7785,2.6414208,0.5221646154525509
5,2,274067.59833241394,0.7785,2.6420515,0.5232457137486336
5,2,274072.5985286888,0.7785,2.6426055,0.5243268044800822
5,2,274077.5987249636,0.7785,2.643389,0.5254078988614046
5,2,274082.59892123844,0.7785,2.644115,0.5264889925256203
5,2,274087.5991175133,0.7785,2.6445546,0.5275700850979219
5,2,274092.5993137881,0.7785,2.6453953,0.5286511778330005
5,2,274097.59951006295,0.7785,2.6461978,0.5297322681656907
5,2,274102.5997063378,0.7785,2.6465797,0.5308133592694432
5,2,274107.5999026126,0.7785,2.647287,0.5318944497420354
5,2,274112.60009888746,0.7785,2.6479173,0.5329755414599673
5,2,274117.6002951623,0.7785,2.6488154,0.5340566305121411
5,2,274122.60049143713,0.7785,2.6496751,0.5351377244989968
5,2,274127.60068771197,0.7785,2.6502483,0.5362188192925317
5,2,274132.6008839868,0.7785,2.6511464,0.5372999123686714
5,2,274137.60108026164,0.7785,2.6517005,0.538381005044056
5,2,274142.6012765365,0.7785,2.6524074,0.5394620965120491
5,2,274147.6014728113,0.7785,2.6530762,0.5405431833271712
5,2,274152.60166908614,0.7785,2.6539361,0.541624276664154
5,2,274157.6018653605,0.7785,2.6544902,0.542705365774641
5,2,274162.6020616349,0.7785,2.6552927,0.5437864564032882
5,2,274167.60225790925,0.7785,2.656057,0.5448675502890807
5,2,274172.6024541836,0.7785,2.6567256,0.5459486413616169
5,2,274177.602650458,0.7785,2.6576047,0.5470297368499566
5,2,274182.60284673236,0.7785,2.6583307,0.5481108308675748
5,2,274187.60304300673,0.7785,2.6592288,0.5491919292213548
5,2,274192.6032392811,0.7785,2.659993,0.5502730249191121
5,2,274197.6034355555,0.7785,2.6609676,0.5513541263487302
5,2,274202.60363182984,0.7785,2.6618845,0.5524352256846423
5,2,274207.6038281042,0.7785,2.662649,0.5535163168304756
5,2,274212.6040243786,0.7785,2.6636233,0.5545974075248005
5,2,274217.60422065295,0.7785,2.664483,0.5556785006661245
5,2,274222.6044169273,0.7785,2.6653621,0.5567595951328504
5,2,274227.6046132017,0.7785,2.6663175,0.5578406852858956
5,2,274232.60480947606,0.7785,2.6670434,0.558921780859791
5,2,274237.60500575043,0.7785,2.6680562,0.5600028699607545
5,2,274242.6052020248,0.7785,2.6688588,0.5610839586958019
5,2,274247.6053982992,0.7785,2.6698523,0.5621650497908123
5,2,274252.60559457354,0.7785,2.6708457,0.5632461401602454
5,2,274257.6057908479,0.7785,2.671572,0.5643272287368967
5,2,274262.6059871223,0.7785,2.672336,0.5654083177593112
5,2,274267.60618339665,0.7785,2.6735973,0.5664894060816759
5,2,274272.606379671,0.7785,2.6743999,0.5675704965017863
5,2,274277.6065759454,0.7785,2.6754124,0.5686515845944479
5,2,274282.60677221976,0.7785,2.676425,0.5697326735917457
5,2,274287.60696849413,0.7785,2.6773996,0.5708137608227725
5,2,274292.6071647685,0.7785,2.6785078,0.5718948496169443
5,2,274297.6073610429,0.7785,2.6795394,0.5729759373429214
5,2,274302.60755731724,0.7785,2.6805332,0.574057022937602
5,2,274307.6077535916,0.7785,2.6814694,0.5751381123537185
5,2,274312.607949866,0.7785,2.6826732,0.5762192051655977
5,2,274317.60814614035,0.7785,2.6838195,0.577300293728285
5,2,274322.6083424147,0.7785,2.684794,0.5783813836798929
5,2,274327.6085386891,0.7785,2.6859405,0.579462471361832
5,2,274332.60873496346,0.7785,2.6870868,0.5805435579039085
5,2,274337.60893123783,0.7785,2.6882715,0.5816246439074572
5,2,274342.6091275122,0.7785,2.6894562,0.5827057337499819
5,2,274347.6093237866,0.7785,2.6907744,0.5837868219609289
5,2,274352.60952006094,0.7785,2.6917872,0.5848679147369592
5,2,274357.6097163353,0.7785,2.692838,0.5859490090577697
5,2,274362.6099126097,0.7785,2.69408,0.5870301014046134
5,2,274367.61010888405,0.7785,2.6953983,0.5881111901101068
5,2,274372.6103051584,0.7785,2.6965258,0.5891922810020708
5,2,274377.6105014328,0.7785,2.6978633,0.5902733744694355
5,2,274382.61069770716,0.7785,2.69922,0.5913544689073592
5,2,274387.61089398153,0.7785,2.7003663,0.5924355645638834
5,2,274392.6110902559,0.7785,2.70178,0.5935166589360599
5,2,274397.6112865303,0.7785,2.703156,0.5945977496783995
5,2,274402.61148280464,0.7785,2.7043595,0.5956788395319412
5,2,274407.611679079,0.7785,2.7059073,0.5967599316605559
5,2,274412.6118753534,0.7785,2.706939,0.5978410214696689
5,2,274417.61207162775,0.7785,2.7086015,0.5989221115314362
5,2,274422.6122679021,0.7785,2.709939,0.600003201569451
5,2,274427.6124641765,0.7785,2.7114294,0.6010842911818621
5,2,274432.61266045086,0.7785,2.7127666,0.6021653801676463
5,2,274437.61285672523,0.7785,2.7142763,0.6032464720047578
5,2,274442.6130529996,0.7785,2.715862,0.6043275636706118
5,2,274447.61324927397,0.7785,2.7171996,0.6054086505526864
5,2,274452.61344554834,0.7785,2.7187665,0.6064897374444502
5,2,274457.6136418227,0.7785,2.7203906,0.6075708266947334
5,2,274462.6138380971,0.7785,2.7217662,0.6086519161227741
5,2,274467.61403437145,0.7785,2.7236195,0.6097330024938151
5,2,274472.6142306458,0.7785,2.7251482,0.6108140879207782
5,2,274477.6144269202,0.7785,2.7264092,0.6118951820078458
5,2,274482.61462319456,0.7785,2.7280524,0.6129762747805945
5,2,274487.61481946893,0.7785,2.7296956,0.6140573717350131
5,2,274492.6150157433,0.7785,2.7314534,0.6151384664730892
5,2,274497.61521201767,0.7785,2.7330966,0.6162195595859222
5,2,274502.61540829204,0.7785,2.7350457,0.6173006459477642
5,2,274507.6156045664,0.7785,2.7368608,0.6183817309174735
5,2,274512.6158008408,0.7785,2.7383893,0.6194628145362535
5,2,274517.61599711515,0.7785,2.7402618,0.6205439082540339
5,2,274522.6161933895,0.7785,2.7421534,0.621625001246886
5,2,274527.6163896639,0.7785,2.7439494,0.6227060926295815
5,2,274532.61658593826,0.7785,2.7459557,0.6237871839478047
5,2,274537.61678221263,0.7785,2.7476754,0.6248682765376202
5,2,274542.616978487,0.7785,2.7496817,0.6259493637064363
5,2,274547.61717476137,0.7785,2.7514393,0.6270304456551306
5,2,274552.6173710362,0.7785,2.7534266,0.6281115256103276
5,2,274557.61756731104,0.7785,2.75549,0.6291926013460521
5,2,274562.6177635859,0.7785,2.7573245,0.6302736770050192
5,2,274567.6179598607,0.7785,2.7593117,0.6313547521897619
5,2,274572.61815613555,0.7785,2.761356,0.6324358395068842
5,2,274577.6183524104,0.7785,2.7634387,0.6335169292707872
5,2,274582.6185486852,0.7785,2.7655978,0.6345980194328823
5,2,274587.61874496005,0.7785,2.7679098,0.6356791095205577
5,2,274592.6189412349,0.7785,2.7702408,0.6367601985614265
5,2,274597.6191375097,0.7785,2.7724955,0.6378412841480737
5,2,274602.61933378456,0.7785,2.77454,0.6389223719498381
5,2,274607.6195300594,0.7785,2.7770238,0.6400034619604348
5,2,274612.61972633423,0.7785,2.7794313,0.6410845522382754
5,2,274617.61992260907,0.7785,2.781896,0.6421656351040567
5,2,274622.6201188839,0.7785,2.7841508,0.6432467123599216
5,2,274627.62031515874,0.7785,2.786692,0.6443277883010935
5,2,274632.6205114336,0.7785,2.7892714,0.6454088674236667
5,2,274637.6207077084,0.7785,2.7917364,0.6464899498916167
5,2,274642.62090398325,0.7785,2.794354,0.6475710351020526
5,2,274647.62110025785,0.7785,2.7967997,0.648652120033466
5,2,274652.62129653245,0.7785,2.799341,0.6497332051007116
5,2,274657.6214928073,0.7785,2.802188,0.6508142868992187
5,2,274662.6216890819,0.7785,2.8046718,0.6518953577837577
5,2,274667.6218853565,0.7785,2.807366,0.6529764315367339
5,2,274672.6220816311,0.7785,2.81027,0.654057510475493
5,2,274677.6222779057,0.7785,2.8130789,0.6551385901375477
5,2,274682.6224741803,0.7785,2.8156774,0.6562196754016013
5,2,274687.6226704549,0.7785,2.8186772,0.6573007504836782
5,2,274692.6228667295,0.7785,2.8217344,0.6583818308510944
5,2,274697.6230630042,0.7785,2.8242948,0.6594629120752279
5,2,274702.62325927895,0.7785,2.8274856,0.6605440061568847
5,2,274707.62345555366,0.7785,2.8304472,0.6616250910756419
5,2,274712.6236518284,0.7785,2.8335426,0.6627061706842711
5,2,274717.6238481031,0.7785,2.836657,0.6637872524297698
5,2,274722.6240443777,0.7785,2.839695,0.6648683319839269
5,2,274727.6242406524,0.7785,2.8430004,0.6659494024915129
5,2,274732.62443692714,0.7785,2.8460958,0.6670304727608062
5,2,274737.62463320186,0.7785,2.8495543,0.6681115442866382
5,2,274742.6248294766,0.7785,2.852554,0.6691926180096365
5,2,274747.6250257513,0.7785,2.8558786,0.6702736970102618
5,2,274752.62522202596,0.7785,2.8594708,0.6713547787183884
5,2,274757.6254183007,0.7785,2.8624325,0.6724358611004448
5,2,274762.6256145754,0.7785,2.8659673,0.673516940306332
5,2,274767.6258108501,0.7785,2.8694255,0.6745980173678892
5,2,274772.6260071248,0.7785,2.8729603,0.6756790898997681
5,2,274777.6262033995,0.7785,2.8767054,0.6767601649658511
5,2,274782.6263996742,0.7785,2.8802211,0.6778412397803032
5,2,274787.62659594894,0.7785,2.8838515,0.678922315895779
5,2,274792.62679222366,0.7785,2.8876538,0.6800033959660429
5,2,274797.62698849826,0.7785,2.8915324,0.6810844764474827
5,2,274802.6271847724,0.7785,2.8951056,0.6821655492075912
5,2,274807.627381047,0.7785,2.8990798,0.6832466227962937
5,2,274812.6275773216,0.7785,2.9030159,0.6843277028086913
5,2,274817.6277735962,0.7785,2.9070091,0.6854087860493692
5,2,274822.6279698708,0.7785,2.911079,0.686489868445277
5,2,274827.6281661454,0.7785,2.9151871,0.6875709484758441
5,2,274832.62836242,0.7785,2.919295,0.6886520188665454
5,2,274837.6285586946,0.7785,2.923728,0.6897330980845356
5,2,274842.6287549692,0.7785,2.9280653,0.690814178575585
5,2,274847.62895124406,0.7785,2.9324217,0.6918952582989167
5,2,274852.6291475189,0.7785,2.9371793,0.6929763375046119
5,2,274857.6293437937,0.7785,2.941918,0.6940574168065884
5,2,274862.62954006856,0.7785,2.9466565,0.6951384985343348
5,2,274867.6297363434,0.7785,2.951242,0.6962195808969734
5,2,274872.62993261823,0.7785,2.9559042,0.6973006652720867
5,2,274877.63012889307,0.7785,2.9611013,0.6983817494050395
5,2,274882.6303251679,0.7785,2.9660501,0.6994628262994487
5,2,274887.63052144274,0.7785,2.971037,0.7005439022307792
5,2,274892.6307177176,0.7785,2.9761386,0.7016249802084067
5,2,274897.6309139924,0.7785,2.981221,0.7027060568170248
5,2,274902.63111026725,0.7785,2.9866092,0.7037871351267164
5,2,274907.6313065421,0.7785,2.9919019,0.7048682143518195
5,2,274912.6315028169,0.7785,2.996927,0.7059492927895915
5,2,274915.48930067755,0.7785,3.0000033,0.7065671702618498
5,2,274915.4895006772,0.7785,3.000118,0.706567213501983
