cycle_number,half_cycle,time_s,current_mA,voltage_V,capacity_mAh
0,0,286556.5100274477,0.0,2.89986,0.0
0,0,286557.51002670266,0.0,2.8219063,0.0
0,0,286558.5100259576,0.0,2.7724571,0.0
0,0,286559.51002521254,0.0,2.733307,0.0
0,0,286560.5100244675,0.0,2.7013597,0.0
0,0,286561.5100237224,0.0,2.6743042,0.0
0,0,286562.51002297737,0.0,2.6511464,0.0
0,0,286563.5100222323,0.0,2.631065,0.0
0,0,286564.51002148725,0.0,2.6133335,0.0
0,0,286565.5100207422,0.0,2.5976083,0.0
1,1,286566.46182002174,-0.7785,2.5842717,0.0
1,1,286566.462220022,-0.7785,2.553006,-8.625866307152643e-08
1,1,286571.4624162968,-0.7785,2.3693364,-0.0010816507714854345
1,1,286576.46261257166,-0.7785,2.2855518,-0.002163219713654783
1,1,286581.4628088465,-0.7785,2.2326443,-0.0032447916023333866
1,1,286586.46300512133,-0.7785,2.2019775,-0.004326365638623635
1,1,286591.46320139617,-0.7785,2.1829276,-0.005407942628377014
1,1,286596.463397671,-0.7785,2.1693807,-0.006489518801324898
1,1,286601.46359394584,-0.7785,2.1590438,-0.007571095909648472
1,1,286606.4637902207,-0.7785,2.1500444,-0.008652671728203694
1,1,286611.4639864955,-0.7785,2.1419811,-0.009734249521676038
1,1,286616.46418277035,-0.7785,2.1343384,-0.010815826792611017
1,1,286621.4643790452,-0.7785,2.1261415,-0.011897402063031992
1,1,286626.46457532,-0.7785,2.117123,-0.012978977491931784
1,1,286631.46477159485,-0.7785,2.1070726,-0.014060556287692655
1,1,286636.46496786945,-0.7785,2.094806,-0.015142137984626824
1,1,286641.46516414406,-0.7785,2.0799024,-0.016223716700527406
1,1,286646.46536041866,-0.7785,2.0615978,-0.017305293751249715
1,1,286651.46555669326,-0.7785,2.0397203,-0.018386870694064434
1,1,286656.46575296787,-0.7785,2.014174,-0.01946844528189633
1,1,286661.46594924247,-0.7785,1.9870037,-0.020550021092623477
1,1,286666.4661455171,-0.7785,1.958324,-0.021631598557813304
1,1,286671.4663417917,-0.7785,1.9292431,-0.022713176447947823
1,1,286676.4665380663,-0.7785,1.9006015,-0.023794753758940433
1,1,286681.4667343404,-0.7785,1.8730682,-0.024876332350644802
1,1,286686.46693061513,-0.7785,1.846796,-0.025957905461510025
1,1,286691.46712688985,-0.7785,1.8223772,-0.027039480386502217
1,1,286696.4673231646,-0.7785,1.8002512,-0.028121056087023685
1,1,286701.4675194393,-0.7785,1.7801315,-0.02920263412276242
1,1,286706.467715714,-0.7785,1.76219,-0.030284212351865243
1,1,286711.46791198873,-0.7785,1.7465413,-0.031365792965398896
1,1,286716.46810826345,-0.7785,1.7329179,-0.03244737370018495
1,1,286721.46830453817,-0.7785,1.7214154,-0.0335289529529843
1,1,286726.4685008129,-0.7785,1.7117664,-0.03461052922713756
1,1,286731.4686970876,-0.7785,1.7037605,-0.035692104108760746
1,1,286736.4688933623,-0.7785,1.6972259,-0.036773681596057275
1,1,286741.46908963704,-0.7785,1.6919141,-0.03785525848490661
1,1,286746.4692859117,-0.7785,1.6879207,-0.038936834771672875
1,1,286751.4694821864,-0.7785,1.6845961,-0.04001841320427258
1,1,286756.46967846114,-0.7785,1.6817683,-0.041099990408473536
1,1,286761.4698747358,-0.7785,1.6794754,-0.04218156861605246
1,1,286766.4700710105,-0.7785,1.6776412,-0.043263145347340236
1,1,286771.47026728524,-0.7785,1.6760935,-0.04434472378726469
1,1,286776.47046355996,-0.7785,1.6745076,-0.04542630286659465
1,1,286781.4706598347,-0.7785,1.6731701,-0.04650788262205984
1,1,286786.4708561094,-0.7785,1.672081,-0.04758946360403961
1,1,286791.471052384,-0.7785,1.6709919,-0.04867104233238431
1,1,286796.4712486586,-0.7785,1.6699792,-0.0497526192858484
1,1,286801.4714449332,-0.7785,1.6690812,-0.05083419759055309
1,1,286806.47164120805,-0.7785,1.668336,-0.05191577685887945
1,1,286811.47183748265,-0.7785,1.6676099,-0.05299735640984773
1,1,286816.47203375725,-0.7785,1.6669412,-0.05407893542446692
1,1,286821.47223003185,-0.7785,1.6661769,-0.05516051472459236
1,1,286826.47242630646,-0.7785,1.6656036,-0.05624209476191798
1,1,286831.47262258106,-0.7785,1.6650878,-0.05732367601708239
1,1,286836.47281885566,-0.7785,1.6645337,-0.058405254305144136
1,1,286841.4730151305,-0.7785,1.663865,-0.05948683236461214
1,1,286846.47321140533,-0.7785,1.6632344,-0.060568411488917125
1,1,286851.47340768017,-0.7785,1.6628904,-0.06164999006566404
1,1,286856.473603955,-0.7785,1.6624701,-0.06273156756249068
1,1,286861.47380022984,-0.7785,1.6618587,-0.06381314483930996
1,1,286866.4739965047,-0.7785,1.6614957,-0.06489472515151895
1,1,286871.4741927795,-0.7785,1.6612091,-0.06597630658163955
1,1,286876.47438905435,-0.7785,1.6606549,-0.06705788576237026
1,1,286881.4745853292,-0.7785,1.6602919,-0.0681394652419388
1,1,286886.474781604,-0.7785,1.659776,-0.06922104435898857
1,1,286891.47497787885,-0.7785,1.6595277,-0.07030262222682433
1,1,286896.4751741537,-0.7785,1.6591264,-0.07138420017039442
1,1,286901.4753704285,-0.7785,1.6588589,-0.07246577651486791
1,1,286906.47556670336,-0.7785,1.6584959,-0.07354735281406836
1,1,286911.4757629782,-0.7785,1.6582284,-0.07462892856694257
1,1,286916.47595925303,-0.7785,1.6577889,-0.07571050576500757
1,1,286921.47615552787,-0.7785,1.6575023,-0.07679208558804125
1,1,286926.4763518027,-0.7785,1.6572539,-0.07787366559624338
1,1,286931.47654807754,-0.7785,1.6568909,-0.07895524581218094
1,1,286936.4767443519,-0.7785,1.6564896,-0.08003682602507535
1,1,286941.4769406263,-0.7785,1.6561457,-0.08111840515341358
1,1,286946.47713690065,-0.7785,1.6559355,-0.08219998168201575
1,1,286951.477333175,-0.7785,1.6555916,-0.08328155926845798
1,1,286956.4775294494,-0.7785,1.655133,-0.08436313871696256
1,1,286961.47772572376,-0.7785,1.6550183,-0.08544471976001392
1,1,286966.4779219981,-0.7785,1.6545599,-0.08652629868829578
1,1,286971.4781182725,-0.7785,1.6543688,-0.08760787618892057
1,1,286976.47831454687,-0.7785,1.6540056,-0.08868945474483235
1,1,286981.47851082124,-0.7785,1.6538528,-0.08977103233612574
1,1,286986.4787070956,-0.7785,1.6535089,-0.09085260824044873
1,1,286991.47890337,-0.7785,1.6532032,-0.09193418392938373
1,1,286996.47909964435,-0.7785,1.652993,-0.09301575952302744
1,1,287001.4792959187,-0.7785,1.6525726,-0.09409733550557822
1,1,287006.4794921931,-0.7785,1.6523434,-0.09517891426404645
1,1,287011.47968846746,-0.7785,1.6521142,-0.09626049302556777
1,1,287016.4798847418,-0.7785,1.6517893,-0.0973420726870265
1,1,287021.4800810162,-0.7785,1.6515409,-0.09842365098834036
1,1,287026.48027729057,-0.7785,1.6513116,-0.09950523259827823
1,1,287031.48047356494,-0.7785,1.6509868,-0.10058681358310578
1,1,287036.4806698393,-0.7785,1.6509295,-0.10166839521526957
1,1,287041.4808661137,-0.7785,1.6503944,-0.1027499763276941
1,1,287046.48106238805,-0.7785,1.6503371,-0.10383155606862238
1,1,287051.4812586624,-0.7785,1.6499168,-0.10491313463215361
1,1,287056.4814549368,-0.7785,1.649783,-0.10599471072719491
1,1,287061.48165121116,-0.7785,1.6492099,-0.1070762846116655
1,1,287066.4818474855,-0.7785,1.6492289,-0.1081578595098091
1,1,287071.4820437599,-0.7785,1.6488467,-0.10923943417079908
1,1,287076.48224003427,-0.7785,1.648522,-0.1103210090876718
1,1,287081.48243630864,-0.7785,1.6481208,-0.1114025857485102
1,1,287086.482632583,-0.7785,1.6479297,-0.11248416141083833
1,1,287091.4828288574,-0.7785,1.647815,-0.11356573951732116
1,1,287096.48302513175,-0.7785,1.6474901,-0.11464731850834685
1,1,287101.4832214061,-0.7785,1.6471272,-0.11572889470954402
1,1,287106.4834176805,-0.7785,1.6467832,-0.11681047145465676
1,1,287111.48361395486,-0.7785,1.646745,-0.11789204749591811
1,1,287116.4838102292,-0.7785,1.6464775,-0.118973624179297
1,1,287121.4840065036,-0.7785,1.6461527,-0.12005520137431552
1,1,287126.48420277797,-0.7785,1.645866,-0.12113677974237995
1,1,287131.48439905234,-0.7785,1.645484,-0.12221835943071706
1,1,287136.4845953267,-0.7785,1.6453502,-0.12329994022439913
1,1,287141.4847916011,-0.7785,1.6450636,-0.12438151935708519
1,1,287146.48498787545,-0.7785,1.6446432,-0.1254631002625856
1,1,287151.4851841498,-0.7785,1.644586,-0.1265446811592115
1,1,287156.4853804242,-0.7785,1.6442611,-0.12762626042619343
1,1,287161.48557669856,-0.7785,1.6438216,-0.12870783689956197
1,1,287166.4857729729,-0.7785,1.6436688,-0.12978941072974928
1,1,287171.4859692473,-0.7785,1.6434586,-0.13087098486830787
1,1,287176.48616552167,-0.7785,1.6430191,-0.13195255961225758
1,1,287181.48636179604,-0.7785,1.6429236,-0.1330341336744957
1,1,287186.4865580704,-0.7785,1.6426752,-0.13411570591662322
1,1,287191.4867543448,-0.7785,1.6423122,-0.1351972821536163
1,1,287196.48695061915,-0.7785,1.6419109,-0.1362788586720989
1,1,287201.4871468935,-0.7785,1.6416817,-0.13736043333165174
1,1,287206.4873431679,-0.7785,1.641567,-0.13844200888473118
1,1,287211.48753944226,-0.7785,1.6411276,-0.13952358596170933
1,1,287216.4877357166,-0.7785,1.6408982,-0.1406051645232703
1,1,287221.487931991,-0.7785,1.6405926,-0.14168674372040221
1,1,287226.48812826537,-0.7785,1.6403441,-0.14276831905319282
1,1,287231.48832453974,-0.7785,1.6402104,-0.14384989466920484
1,1,287236.4885208141,-0.7785,1.6398091,-0.1449314721512396
1,1,287241.4887170885,-0.7785,1.6395416,-0.14601305073550996
1,1,287246.48891336285,-0.7785,1.6391596,-0.14709463364376615
1,1,287251.4891096372,-0.7785,1.6389875,-0.14817621495718086
1,1,287256.4893059116,-0.7785,1.6386054,-0.14925779501776223
1,1,287261.48950218596,-0.7785,1.6383188,-0.1503393760594195
1,1,287266.4896984603,-0.7785,1.6381086,-0.15142095964796337
1,1,287271.4898947347,-0.7785,1.6377074,-0.1525025392172071
1,1,287276.49009100907,-0.7785,1.6374208,-0.15358412019979617
1,1,287281.49028728344,-0.7785,1.637268,-0.1546657014804482
1,1,287286.4904835578,-0.7785,1.6369622,-0.15574728127784526
1,1,287291.4906798322,-0.7785,1.6366756,-0.15682886317461062
1,1,287296.49087610655,-0.7785,1.6363508,-0.15791044119400774
1,1,287301.4910723809,-0.7785,1.6359878,-0.15899201869321858
1,1,287306.4912686553,-0.7785,1.6356056,-0.16007359805652494
1,1,287311.49146492966,-0.7785,1.6353763,-0.16115517756891246
1,1,287316.491661204,-0.7785,1.6351662,-0.1622367578212519
1,1,287321.4918574784,-0.7785,1.6348604,-0.1633183379007213
1,1,287326.49205375277,-0.7785,1.6345356,-0.16439991777569712
1,1,287331.4922500276,-0.7785,1.6343254,-0.16548149988701602
1,1,287336.49244630244,-0.7785,1.6340388,-0.16656308219126523
1,1,287341.4926425773,-0.7785,1.6335611,-0.16764466451575022
1,1,287346.4928388521,-0.7785,1.6332363,-0.16872624717189533
1,1,287351.49303512694,-0.7785,1.6330835,-0.16980783206058536
1,1,287356.4932314018,-0.7785,1.6327969,-0.17088941414219797
1,1,287361.4934276766,-0.7785,1.632453,-0.1719709956629706
1,1,287366.49362395145,-0.7785,1.6321472,-0.1730525785943766
1,1,287371.4938202263,-0.7785,1.631937,-0.17413416376416213
1,1,287376.4940165011,-0.7785,1.6315548,-0.17521574938317797
1,1,287381.49421277596,-0.7785,1.6312873,-0.17629733216538357
1,1,287386.4944090508,-0.7785,1.6309053,-0.17737891206968487
1,1,287391.4946053256,-0.7785,1.6305422,-0.1784604946278896
1,1,287396.49480160046,-0.7785,1.6302748,-0.17954207918803552
1,1,287401.4949978753,-0.7785,1.6299307,-0.18062366154396195
1,1,287406.49519415013,-0.7785,1.629606,-0.1817052436017327
1,1,287411.49539042497,-0.7785,1.6293385,-0.18278682664523516
1,1,287416.49558669934,-0.7785,1.6291283,-0.18386840898227022
1,1,287421.4957829742,-0.7785,1.6287844,-0.1849499909584356
1,1,287426.495979249,-0.7785,1.6283258,-0.1860315744144949
1,1,287431.4961755236,-0.7785,1.6279819,-0.18711315657244448
1,1,287436.4963717982,-0.7785,1.6277908,-0.18819473854584487
1,1,287441.4965680728,-0.7785,1.6273131,-0.18927632243092846
1,1,287446.4967643474,-0.7785,1.627103,-0.19035790452940587
1,1,287451.496960622,-0.7785,1.6266826,-0.19143948693330412
1,1,287456.4971568966,-0.7785,1.6264151,-0.19252106874876213
1,1,287461.49735317123,-0.7785,1.6260712,-0.1936026521709097
1,1,287466.49754944583,-0.7785,1.625689,-0.19468423715167565
1,1,287471.49774572044,-0.7785,1.6254598,-0.1957658227093914
1,1,287476.49794199504,-0.7785,1.6251923,-0.1968474078639844
1,1,287481.49813826976,-0.7785,1.6245809,-0.19792899264592254
1,1,287486.4983345445,-0.7785,1.6244279,-0.19901057493176383
1,1,287491.4985308192,-0.7785,1.6241032,-0.20009215824627535
1,1,287496.4987270939,-0.7785,1.6236063,-0.20117374016087575
1,1,287501.49892336864,-0.7785,1.6234152,-0.20225532159260898
1,1,287506.49911964335,-0.7785,1.6229758,-0.20333690369696408
1,1,287511.4993159181,-0.7785,1.6225363,-0.2044184871362513
1,1,287516.4995121928,-0.7785,1.6223453,-0.20550006809277327
1,1,287521.4997084675,-0.7785,1.6219058,-0.206581650820487
1,1,287526.49990474223,-0.7785,1.6215619,-0.20766323026819353
1,1,287531.50010101695,-0.7785,1.6211606,-0.20874480970914489
1,1,287536.50029729167,-0.7785,1.6209887,-0.2098263896447916
1,1,287541.50049356656,-0.7785,1.6204919,-0.21090796953075125
1,1,287546.5006898413,-0.7785,1.6202626,-0.21198954948788212
1,1,287551.500886116,-0.7785,1.619785,-0.21307112851195859
1,1,287556.50108239066,-0.7785,1.6193073,-0.21415270579378134
1,1,287561.5012786654,-0.7785,1.6190971,-0.21523428406033907
1,1,287566.5014749401,-0.7785,1.6186576,-0.2163158663772046
1,1,287571.5016712148,-0.7785,1.6183519,-0.2173974491635461
1,1,287576.50186748954,-0.7785,1.6179888,-0.21847903071623703
1,1,287581.50206376426,-0.7785,1.6176641,-0.21956060916096629
1,1,287586.50226003886,-0.7785,1.6173393,-0.2206421864218645
1,1,287591.50245631346,-0.7785,1.6168616,-0.22172376115736028
1,1,287596.50265258807,-0.7785,1.6165941,-0.22280533263731328
1,1,287601.50284886267,-0.7785,1.6160208,-0.22388690624936416
1,1,287606.50304513704,-0.7785,1.6158106,-0.22496847768279574
1,1,287611.50324141164,-0.7785,1.6151801,-0.22605004898843825
1,1,287616.50343768625,-0.7785,1.6149317,-0.22713162052030358
1,1,287621.50363396085,-0.7785,1.6146451,-0.2282131930005881
1,1,287626.50383023545,-0.7785,1.6141675,-0.229294764635937
1,1,287631.5040265103,-0.7785,1.6137471,-0.23037633547184194
1,1,287636.5042227851,-0.7785,1.6134605,-0.23145790370798766
1,1,287641.50441905996,-0.7785,1.6130784,-0.23253947399645705
1,1,287646.5046153348,-0.7785,1.6127344,-0.23362104609323533
1,1,287651.50481160963,-0.7785,1.6122758,-0.2347026213763256
1,1,287656.50500788447,-0.7785,1.6118938,-0.23578419505559398
1,1,287661.5052041593,-0.7785,1.6113014,-0.23686577200545197
1,1,287666.50540043414,-0.7785,1.611053,-0.23794734772033155
1,1,287671.505596709,-0.7785,1.6106136,-0.23902892585530539
1,1,287676.5057929838,-0.7785,1.6101167,-0.240110507037921
1,1,287681.50598925864,-0.7785,1.6098111,-0.2411920871820979
1,1,287686.506185533,-0.7785,1.6093334,-0.24227366573360887
1,1,287691.50638180785,-0.7785,1.6089512,-0.24335524639481299
1,1,287696.5065780827,-0.7785,1.6086646,-0.24443682865631905
1,1,287701.5067743575,-0.7785,1.6080723,-0.24551840774976869
1,1,287706.50697063236,-0.7785,1.6077857,-0.2465999871156778
1,1,287711.5071669072,-0.7785,1.6073654,-0.24768156771861174
1,1,287716.507363182,-0.7785,1.6068304,-0.24876314857469656
1,1,287721.50755945686,-0.7785,1.60641,-0.24984472928239562
1,1,287726.5077557317,-0.7785,1.6061043,-0.250926309555653
1,1,287731.50795200653,-0.7785,1.6055119,-0.2520078882977299
1,1,287736.5081482809,-0.7785,1.6052063,-0.2530894674635396
1,1,287741.5083445553,-0.7785,1.6046712,-0.2541710494014355
1,1,287746.50854082964,-0.7785,1.60427,-0.25525263122141684
1,1,287751.508737104,-0.7785,1.6038306,-0.25633421271260903
1,1,287756.5089333784,-0.7785,1.6034867,-0.2574157948280771
1,1,287761.50912965275,-0.7785,1.6029707,-0.2584973775455686
1,1,287766.5093259271,-0.7785,1.602474,-0.25957895766507577
1,1,287771.5095222015,-0.7785,1.6022065,-0.26066053957506014
1,1,287776.50971847586,-0.7785,1.6018243,-0.2617421214709778
1,1,287781.50991475023,-0.7785,1.6013275,-0.2628237050674888
1,1,287786.5101110246,-0.7785,1.6009263,-0.2639052915878759
1,1,287791.510307299,-0.7785,1.6005441,-0.26498687691077255
1,1,287796.51050357334,-0.7785,1.6000283,-0.26606846263856687
1,1,287801.5106998477,-0.7785,1.5995314,-0.2671500485695567
1,1,287806.5108961221,-0.7785,1.5988626,-0.2682316333138876
1,1,287811.51109239645,-0.7785,1.598557,-0.26931321687536103
1,1,287816.5112886708,-0.7785,1.5981557,-0.27039479737535443
1,1,287821.5114849452,-0.7785,1.5975443,-0.271476379869461
1,1,287826.51168121956,-0.7785,1.5972004,-0.2725579615793161
1,1,287831.51187749393,-0.7785,1.5967609,-0.27363954254832856
1,1,287836.5120737683,-0.7785,1.5961113,-0.27472112591876907
1,1,287841.5122700427,-0.7785,1.5956527,-0.2758027106824119
1,1,287846.51246631704,-0.7785,1.5951941,-0.27688429381100327
1,1,287851.5126625914,-0.7785,1.5947164,-0.2779658761443859
1,1,287856.5128588658,-0.7785,1.5943152,-0.27904745881531623
1,1,287861.51305514015,-0.7785,1.5936464,-0.2801290417168967
1,1,287866.5132514145,-0.7785,1.5931687,-0.28121062508076744
1,1,287871.5134476889,-0.7785,1.5927293,-0.2822922082442706
1,1,287876.51364396326,-0.7785,1.5921752,-0.2833737936696276
1,1,287881.51384023763,-0.7785,1.5917549,-0.2844553783251675
1,1,287886.514036512,-0.7785,1.5912963,-0.28553695926966255
1,1,287891.5142327864,-0.7785,1.5908186,-0.2866185413056511
1,1,287896.51442906074,-0.7785,1.5902454,-0.2877001241019168
1,1,287901.5146253351,-0.7785,1.5896149,-0.2887817075640624
1,1,287906.5148216095,-0.7785,1.5892327,-0.28986328998841165
1,1,287911.51501788385,-0.7785,1.5886213,-0.2909448724380333
1,1,287916.5152141582,-0.7785,1.5881436,-0.2920264546980724
1,1,287921.5154104326,-0.7785,1.5877615,-0.29310803657551265
1,1,287926.51560670696,-0.7785,1.5870928,-0.294189618196782
1,1,287931.51580298133,-0.7785,1.5866151,-0.29527119787521483
1,1,287936.5159992557,-0.7785,1.5860418,-0.29635277449559494
1,1,287941.5161955301,-0.7785,1.5855641,-0.29743435119500083
1,1,287946.51639180444,-0.7785,1.5849719,-0.2985159291545019
1,1,287951.5165880788,-0.7785,1.5843605,-0.2995975089068743
1,1,287956.5167843532,-0.7785,1.5838445,-0.30067908976770763
1,1,287961.51698062755,-0.7785,1.583405,-0.3017606733485691
1,1,287966.5171769019,-0.7785,1.582679,-0.3028422567751274
1,1,287971.5173731763,-0.7785,1.5820676,-0.30392384072255746
1,1,287976.51756945066,-0.7785,1.5816473,-0.30500542442440975
1,1,287981.51776572503,-0.7785,1.5809976,-0.3060870086387527
1,1,287986.5179619994,-0.7785,1.5804626,-0.30716859275486724
1,1,287991.5181582738,-0.7785,1.5798512,-0.30825017603813265
1,1,287996.51835454814,-0.7785,1.5793544,-0.30933175821510606
1,1,288001.5185508225,-0.7785,1.5788385,-0.3104133432530726
1,1,288006.5187470969,-0.7785,1.578208,-0.31149493030010644
1,1,288011.51894337125,-0.7785,1.577673,-0.3125765179574852
1,1,288016.5191396456,-0.7785,1.5770997,-0.31365810495116625
1,1,288021.51933592,-0.7785,1.5764118,-0.31473969286596754
1,1,288026.51953219436,-0.7785,1.5757813,-0.31582128215225186
1,1,288031.51972846873,-0.7785,1.5752846,-0.31690286899063635
1,1,288036.5199247431,-0.7785,1.5748451,-0.3179844543083838
1,1,288041.5201210175,-0.7785,1.5739661,-0.319066038871255
1,1,288046.52031729184,-0.7785,1.5734694,-0.3201476228230561
1,1,288051.5205135662,-0.7785,1.5728197,-0.3212292080692217
1,1,288056.5207098406,-0.7785,1.5722466,-0.3223107920711006
1,1,288061.52090611495,-0.7785,1.5716733,-0.3233923762766585
1,1,288066.5211023893,-0.7785,1.5710618,-0.3244739568848211
1,1,288071.5212986637,-0.7785,1.5703167,-0.32555553986624863
1,1,288076.52149493806,-0.7785,1.5697052,-0.3266371229190924
1,1,288081.52169121243,-0.7785,1.5690366,-0.32771870734605507
1,1,288086.5218874868,-0.7785,1.5683296,-0.32880029058420973
1,1,288091.52208376117,-0.7785,1.567871,-0.32988187420197645
1,1,288096.52228003554,-0.7785,1.5671641,-0.33096345827231793
1,1,288101.5224763099,-0.7785,1.5665336,-0.33204504202010554
1,1,288106.5226725843,-0.7785,1.5658648,-0.33312662722707115
1,1,288111.52286885865,-0.7785,1.5650814,-0.3342082132153146
1,1,288116.523065133,-0.7785,1.5645273,-0.3352898020464148
1,1,288121.5232614074,-0.7785,1.5638012,-0.33637139053372866
1,1,288126.5234576822,-0.7785,1.5630943,-0.3374529785255756
1,1,288131.52365395706,-0.7785,1.5624638,-0.33853457486495037
1,1,288136.5238502319,-0.7785,1.5616994,-0.33961617679416795
1,1,288141.52404650673,-0.7785,1.5611645,-0.34069777732980905
1,1,288146.52424278157,-0.7785,1.5604384,-0.341779374499099
1,1,288151.5244390564,-0.7785,1.5595595,-0.34286097188544595
1,1,288156.5246353308,-0.7785,1.558948,-0.34394257006687246
1,1,288161.5248316056,-0.7785,1.55805,-0.345024159562528
1,1,288166.52502788045,-0.7785,1.5574194,-0.34610575981803393
1,1,288171.5252241553,-0.7785,1.5567507,-0.3471873572259478
1,1,288176.5254204301,-0.7785,1.5560437,-0.3482689476722577
1,1,288181.52561670495,-0.7785,1.5553176,-0.34935053641707353
1,1,288186.5258129798,-0.7785,1.5546871,-0.3504321316694914
1,1,288191.5260092546,-0.7785,1.5537509,-0.35151372723539653
1,1,288196.52620552946,-0.7785,1.5530821,-0.3525953210815554
1,1,288201.5264018043,-0.7785,1.5523752,-0.3536769147368072
1,1,288206.52659807913,-0.7785,1.5515536,-0.35475850534697023
1,1,288211.52679435397,-0.7785,1.5507894,-0.3558400988911322
1,1,288216.5269906288,-0.7785,1.5500633,-0.3569216896404225
1,1,288221.52718690364,-0.7785,1.5493371,-0.3580032751492657
1,1,288226.52738317824,-0.7785,1.5484965,-0.3590848707180518
1,1,288231.52757945284,-0.7785,1.547713,-0.36016645449994317
1,1,288236.52777572745,-0.7785,1.5468724,-0.3612480396482214
1,1,288241.52797200205,-0.7785,1.5461653,-0.36232963359809894
1,1,288246.52816827665,-0.7785,1.5453056,-0.3634112270520625
1,1,288251.52836455125,-0.7785,1.5445986,-0.3644928164317043
1,1,288256.52856082586,-0.7785,1.5437961,-0.36557440730814117
1,1,288261.52875710046,-0.7785,1.542879,-0.3666559985599251
1,1,288266.52895337506,-0.7785,1.5421147,-0.3677375772441094
1,1,288271.52914964966,-0.7785,1.5411211,-0.36881915558149064
1,1,288276.5293459244,-0.7785,1.540376,-0.36990074506492066
1,1,288281.52954219934,-0.7785,1.539497,-0.3709823362522885
1,1,288286.52973847406,-0.7785,1.5387137,-0.3720639296643401
1,1,288291.5299347488,-0.7785,1.5377965,-0.37314551936952584
1,1,288296.5301310235,-0.7785,1.5371087,-0.3742271075357826
1,1,288301.5303272982,-0.7785,1.536115,-0.37530870007967265
1,1,288306.53052357293,-0.7785,1.5353125,-0.3763902917005583
1,1,288311.53071984765,-0.7785,1.5342999,-0.3774718729206421
1,1,288316.53091612237,-0.7785,1.5335547,-0.37855346112085364
1,1,288321.5311123971,-0.7785,1.5325803,-0.37963505164321576
1,1,288326.5313086718,-0.7785,1.5317969,-0.38071664276727685
1,1,288331.5315049465,-0.7785,1.5307842,-0.3817982356100246
1,1,288336.53170122125,-0.7785,1.5298861,-0.382879827820738
1,1,288341.5318974959,-0.7785,1.5290645,-0.38396141058866495
1,1,288346.5320937705,-0.7785,1.5279754,-0.3850429994685582
1,1,288351.5322900452,-0.7785,1.5269437,-0.38612459515400377
1,1,288356.5324863199,-0.7785,1.5261602,-0.38720618750028457
1,1,288361.5326825946,-0.7785,1.5251285,-0.3882877780688469
1,1,288366.53287886933,-0.7785,1.5241541,-0.3893693653962974
1,1,288371.53307514405,-0.7785,1.5233325,-0.39045096130051193
1,1,288376.53327141865,-0.7785,1.522358,-0.3915325552323392
1,1,288381.53346769325,-0.7785,1.5214599,-0.3926141506230498
1,1,288386.53366396786,-0.7785,1.5203326,-0.3936957463613879
1,1,288391.53386024246,-0.7785,1.5193772,-0.39477734196667846
1,1,288396.53405651706,-0.7785,1.5183264,-0.39585893938883787
1,1,288401.53425279167,-0.7785,1.5172946,-0.39694053805463825
1,1,288406.53444906627,-0.7785,1.5163201,-0.3980221358542937
1,1,288411.5346453409,-0.7785,1.5151355,-0.39910372748437173
1,1,288416.5348416155,-0.7785,1.5143903,-0.4001853260089985
1,1,288421.5350378901,-0.7785,1.5132056,-0.4012669110419384
1,1,288426.53523416445,-0.7785,1.5120975,-0.40234850871177164
1,1,288431.5354304393,-0.7785,1.5112568,-0.4034301056706175
1,1,288436.5356267141,-0.7785,1.5101295,-0.40451170358844246
1,1,288441.53582298895,-0.7785,1.5090021,-0.4055933002642292
1,1,288446.5360192638,-0.7785,1.5078939,-0.40667489493826675
1,1,288451.5362155386,-0.7785,1.5068622,-0.40775648816094445
1,1,288456.53641181346,-0.7785,1.5057157,-0.40883808787435605
1,1,288461.5366080883,-0.7785,1.5046266,-0.4099196898412901
1,1,288466.53680436313,-0.7785,1.5034993,-0.41100129064877144
1,1,288471.53700063797,-0.7785,1.5023911,-0.41208289127478975
1,1,288476.5371969128,-0.7785,1.5012256,-0.4131644911135499
1,1,288481.53739318764,-0.7785,1.5001746,-0.4142460894268948
1,1,288486.5375894625,-0.7785,1.4988754,-0.4153276848079494
1,1,288491.5377857373,-0.7785,1.4978245,-0.4164092803219754
1,1,288496.53798201215,-0.7785,1.4966208,-0.4174908732435039
1,1,288501.538178287,-0.7785,1.4952451,-0.418572458359142
1,1,288506.5383745618,-0.7785,1.4941177,-0.4196540449714295
1,1,288511.53857083665,-0.7785,1.4928566,-0.42073564070436015
1,1,288516.5387671115,-0.7785,1.4917102,-0.42181722505204866
1,1,288521.5389633863,-0.7785,1.4906403,-0.4228988193004296
1,1,288526.53915966116,-0.7785,1.4892837,-0.4239804145341614
1,1,288531.5393559355,-0.7785,1.4879079,-0.42506200339364003
1,1,288536.5395522099,-0.7785,1.4864749,-0.42614358671572794
1,1,288541.53974848427,-0.7785,1.4853858,-0.4272251841236915
1,1,288546.53994475864,-0.7785,1.484182,-0.4283067800257139
1,1,288551.540141033,-0.7785,1.4828063,-0.42938837193864243
1,1,288556.5403373074,-0.7785,1.4815835,-0.43046997061975123
1,1,288561.54053358175,-0.7785,1.480418,-0.4315515614960358
1,1,288566.5407298561,-0.7785,1.4790996,-0.43263314683877085
1,1,288571.5409261305,-0.7785,1.4775901,-0.4337147368232044
1,1,288576.54112240486,-0.7785,1.4762717,-0.4347963304596973
1,1,288581.5413186792,-0.7785,1.4749533,-0.43587792560112465
1,1,288586.5415149536,-0.7785,1.4735967,-0.4369595200330978
1,1,288591.54171122797,-0.7785,1.4724121,-0.4380411163748236
1,1,288596.54190750234,-0.7785,1.4710746,-0.4391227108804185
1,1,288601.5421037767,-0.7785,1.4698136,-0.4402043103830217
1,1,288606.5423000511,-0.7785,1.4683423,-0.44128590070168494
1,1,288611.54249632545,-0.7785,1.4668329,-0.4423674986073075
1,1,288616.5426925998,-0.7785,1.4655718,-0.4434490931033855
1,1,288621.5428888742,-0.7785,1.4642916,-0.44453067982756744
1,1,288626.54308514856,-0.7785,1.4628968,-0.4456122759075031
1,1,288631.5432814229,-0.7785,1.4613873,-0.4466938743593327
1,1,288636.5434776973,-0.7785,1.4598778,-0.4477754723414413
1,1,288641.54367397167,-0.7785,1.4584258,-0.44885706714908935
1,1,288646.54387024604,-0.7785,1.4569736,-0.4499386660339136
1,1,288651.5440665204,-0.7785,1.4554641,-0.4510202626938521
1,1,288656.5442627948,-0.7785,1.4540311,-0.45210185259403773
1,1,288661.54445906915,-0.7785,1.4526936,-0.4531834483485949
1,1,288666.5446553435,-0.7785,1.4510313,-0.4542650484612649
1,1,288671.5448516179,-0.7785,1.4496365,-0.45534664753242654
1,1,288676.54504789226,-0.7785,1.448108,-0.4564282423961393
1,1,288681.5452441666,-0.7785,1.4466367,-0.45750983376743387
1,1,288686.545440441,-0.7785,1.4451654,-0.458591428171373
1,1,288691.54563671537,-0.7785,1.4436177,-0.45967301609635675
1,1,288696.54583298974,-0.7785,1.4419745,-0.46075461196728207
1,1,288701.5460292641,-0.7785,1.4403313,-0.4618362105803621
1,1,288706.5462255385,-0.7785,1.4387646,-0.46291781224706097
1,1,288711.54642181285,-0.7785,1.4372551,-0.4639994141090412
1,1,288716.5466180872,-0.7785,1.4355164,-0.46508101279050107
1,1,288721.5468143616,-0.7785,1.4340069,-0.4661626030949453
1,1,288726.54701063596,-0.7785,1.4324402,-0.467244194329924
1,1,288731.5472069103,-0.7785,1.4307969,-0.4683257920417454
1,1,288736.5474031847,-0.7785,1.4291346,-0.4694073905510173
1,1,288741.54759945907,-0.7785,1.4273003,-0.47048898788241206
1,1,288746.54779573344,-0.7785,1.4257144,-0.4715705862273275
1,1,288751.5479920078,-0.7785,1.4240521,-0.4726521838519837
1,1,288756.5481882822,-0.7785,1.4225235,-0.4737337784635854
1,1,288761.54838455655,-0.7785,1.4208612,-0.47481537074460245
1,1,288766.5485808309,-0.7785,1.4190651,-0.4758969714756773
1,1,288771.5487771053,-0.7785,1.4173838,-0.47697857242820985
1,1,288776.54897337966,-0.7785,1.415645,-0.47806017164701214
1,1,288781.549169654,-0.7785,1.4138298,-0.4791417734499341
1,1,288786.5493659284,-0.7785,1.4122248,-0.48022337370379753
1,1,288791.54956220277,-0.7785,1.410295,-0.4813049790538714
1,1,288796.54975847714,-0.7785,1.4084798,-0.48238658010972857
1,1,288801.5499547515,-0.7785,1.4067411,-0.48346817353613164
1,1,288806.5501510259,-0.7785,1.4050406,-0.484549770177692
1,1,288811.55034730025,-0.7785,1.4030726,-0.48563136945472146
1,1,288816.5505435746,-0.7785,1.4013529,-0.48671296840775663
1,1,288821.550739849,-0.7785,1.3992702,-0.48779455810177313
1,1,288826.55093612336,-0.7785,1.3977034,-0.4888761545627745
1,1,288831.5511323977,-0.7785,1.3957163,-0.4899577511074277
1,1,288836.5513286721,-0.7785,1.3937674,-0.4910393482241232
1,1,288841.55152494647,-0.7785,1.3918949,-0.49212094701799075
1,1,288846.55172122084,-0.7785,1.3900415,-0.4932025434553324
1,1,288851.5519174952,-0.7785,1.38815,-0.49428414257783676
1,1,288856.5521137696,-0.7785,1.386182,-0.4953657408178646
1,1,288861.55231004395,-0.7785,1.384233,-0.4964473384755584
1,1,288866.5525063183,-0.7785,1.3821121,-0.4975289331790572
1,1,288871.5527025927,-0.7785,1.3803351,-0.4986105203167994
1,1,288876.55289886706,-0.7785,1.3784244,-0.49969212008361347
1,1,288881.5530951414,-0.7785,1.3764946,-0.5007737235470712
1,1,288886.5532914158,-0.7785,1.3744502,-0.501855323343969
1,1,288891.55348769017,-0.7785,1.3724248,-0.5029369214894704
1,1,288896.55368396454,-0.7785,1.3702657,-0.5040185100781917
1,1,288901.5538802389,-0.7785,1.3682594,-0.5051001098218195
1,1,288906.5540765133,-0.7785,1.3662723,-0.5061817095330059
1,1,288911.55427278765,-0.7785,1.364247,-0.5072633095997472
1,1,288916.554469062,-0.7785,1.3622789,-0.5083449075659712
1,1,288921.5546653364,-0.7785,1.3602154,-0.5094265040279924
1,1,288926.5548616112,-0.7785,1.358018,-0.5105081022888156
1,1,288931.55505788606,-0.7785,1.3559355,-0.5115896922634905
1,1,288936.5552541609,-0.7785,1.3538337,-0.5126712818038462
1,1,288941.5554504357,-0.7785,1.351751,-0.5137528725039958
1,1,288946.55564671056,-0.7785,1.349783,-0.5148344641186395
1,1,288951.5558429854,-0.7785,1.3475665,-0.5159160482701725
1,1,288956.55603926023,-0.7785,1.3454456,-0.5169976422893603
1,1,288961.55623553507,-0.7785,1.3431337,-0.5180792337288491
1,1,288966.5564318099,-0.7785,1.3409746,-0.5191608267648384
1,1,288971.55662808474,-0.7785,1.3389492,-0.5202424158507021
1,1,288976.5568243596,-0.7785,1.3366946,-0.5213240126142964
1,1,288981.5570206344,-0.7785,1.3344591,-0.5224056072424517
1,1,288986.55721690925,-0.7785,1.3323573,-0.5234871951316494
1,1,288991.5574131841,-0.7785,1.3303128,-0.5245687922605705
1,1,288996.5576094589,-0.7785,1.3280773,-0.5256503935331734
1,1,289001.55780573376,-0.7785,1.325689,-0.5267319954694674
1,1,289006.5580020086,-0.7785,1.3234916,-0.5278135922832554
1,1,289011.5581982834,-0.7785,1.3213516,-0.5288951884506774
1,1,289016.55839455826,-0.7785,1.3190397,-0.529976788272278
1,1,289021.5585908331,-0.7785,1.3167086,-0.5310583879434432
1,1,289026.5587871077,-0.7785,1.3141482,-0.5321399780215719
1,1,289031.5589833823,-0.7785,1.3118554,-0.533221576749159
1,1,289036.5591796569,-0.7785,1.3093332,-0.5343031738015543
1,1,289041.5593759315,-0.7785,1.3068875,-0.5353847653072971
1,1,289046.5595722061,-0.7785,1.3047285,-0.5364663617974219
1,1,289051.5597684807,-0.7785,1.3023019,-0.5375479626105822
1,1,289056.5599647553,-0.7785,1.2999326,-0.5386295595340759
1,1,289061.5601610299,-0.7785,1.2973149,-0.5397111573777759
1,1,289066.5603573045,-0.7785,1.2948883,-0.540792757231467
1,1,289071.56055357924,-0.7785,1.2927101,-0.5418743590825728
1,1,289076.56074985396,-0.7785,1.290188,-0.5429559590757189
1,1,289081.56094612856,-0.7785,1.2877232,-0.5440375616748
1,1,289086.5611424033,-0.7785,1.2853348,-0.5451191599214505
1,1,289091.561338678,-0.7785,1.282698,-0.5462007524000371
1,1,289096.5615349527,-0.7785,1.2800039,-0.5472823496189446
1,1,289101.56173122744,-0.7785,1.2777874,-0.5483639399786125
1,1,289106.56192750216,-0.7785,1.2753036,-0.5494455311497712
1,1,289111.5621237769,-0.7785,1.2726859,-0.5505271181695658
1,1,289116.5623200516,-0.7785,1.2701828,-0.5516087040779025
1,1,289121.5625163263,-0.7785,1.2676607,-0.5526902917061909
1,1,289126.562712601,-0.7785,1.2649475,-0.5537718778707481
1,1,289131.5629088757,-0.7785,1.2624063,-0.5548534647672901
1,1,289136.5631051504,-0.7785,1.2599033,-0.5559350508860578
1,1,289141.56330142514,-0.7785,1.2574576,-0.5570166356826983
1,1,289146.5634976998,-0.7785,1.2546871,-0.5580982195570564
1,1,289151.5636939745,-0.7785,1.252184,-0.5591798024262616
1,1,289156.56389024924,-0.7785,1.2497191,-0.5602613866206105
1,1,289161.5640865235,-0.7785,1.2470059,-0.5613429723428417
1,1,289166.5642827982,-0.7785,1.2444457,-0.5624245582655465
1,1,289171.5644790728,-0.7785,1.2418089,-0.5635061428745417
1,1,289176.5646753474,-0.7785,1.2389237,-0.5645877264438631
1,1,289181.564871622,-0.7785,1.2361531,-0.5656693109703225
1,1,289186.5650678966,-0.7785,1.2333444,-0.5667508942358357
1,1,289191.5652641712,-0.7785,1.2306695,-0.5678324769025971
1,1,289196.5654604458,-0.7785,1.2277079,-0.5689140586210518
1,1,289201.5656567204,-0.7785,1.2249182,-0.5699956414768427
1,1,289206.56585299526,-0.7785,1.2222432,-0.5710772265017293
1,1,289211.56604926987,-0.7785,1.2193772,-0.5721588119833465
1,1,289216.56624554447,-0.7785,1.2164347,-0.573240398124499
1,1,289221.5664418191,-0.7785,1.2137023,-0.5743219842345147
1,1,289226.5666380939,-0.7785,1.2105879,-0.5754035692844287
1,1,289231.56683436874,-0.7785,1.2076263,-0.5764851574132471
1,1,289236.5670306436,-0.7785,1.2047985,-0.5775667419029602
1,1,289241.5672269184,-0.7785,1.2019706,-0.5786483293032443
1,1,289244.82122449763,-0.7785,1.1999071,-0.5793522041061914
1,1,289244.8214244973,-0.7785,1.2000026,-0.579352247365653
1,2,289244.82222449686,0.7785,1.266525,8.590706520610386e-08
1,2,289249.82242077217,0.7785,1.4489104,0.0010811699250042439
1,2,289254.82261704654,0.7785,1.5133586,0.002162251886841324
1,2,289259.8228133209,0.7785,1.5624828,0.003243333970639441
1,2,289264.8230095953,0.7785,1.6037923,0.004324417919456959
1,2,289269.82320586964,0.7785,1.6403632,0.005405501627365748
1,2,289274.823402144,0.7785,1.6733803,0.006486583948456579
1,2,289279.8235984184,0.7785,1.7042955,0.0075676715708573655
1,2,289284.82379469275,0.7785,1.7329752,0.008648753838005993
1,2,289289.8239909671,0.7785,1.7604129,0.009729844836466842
1,2,289294.8241872415,0.7785,1.7864177,0.010810939526428778
1,2,289299.82438351586,0.7785,1.8112186,0.011892030599895449
1,2,289304.82457979023,0.7785,1.8353891,0.012973114305565752
1,2,289309.8247760646,0.7785,1.8589481,0.014054205784191686
1,2,289314.824972339,0.7785,1.8811888,0.015135288102441361
1,2,289319.82516861334,0.7785,1.9031045,0.016216370416793555
1,2,289324.8253648877,0.7785,1.9239695,0.017297452917436756
1,2,289329.8255611621,0.7785,1.9442421,0.018378539448784453
1,2,289334.82575743645,0.7785,1.9636931,0.019459623597211304
1,2,289339.8259537108,0.7785,1.9823607,0.02054070399085349
1,2,289344.8261499852,0.7785,2.0001686,0.02162178817533784
1,2,289349.82634625956,0.7785,2.0171928,0.022702872139841315
1,2,289354.82654253393,0.7785,2.0333002,0.02378395346520675
1,2,289359.8267388083,0.7785,2.0486622,0.024865034036391308
1,2,289364.8269350827,0.7785,2.0633557,0.025946116805215674
1,2,289369.82713135704,0.7785,2.076788,0.027027201121396484
1,2,289374.8273276314,0.7785,2.089647,0.0281082847332557
1,2,289379.8275239058,0.7785,2.1016462,0.029189368531405923
1,2,289384.82772018015,0.7785,2.1130912,0.03027045185004671
1,2,289389.8279164545,0.7785,2.1237721,0.03135154189206494
1,2,289394.8281127289,0.7785,2.1339371,0.032432626525133845
1,2,289399.82830900326,0.7785,2.1432233,0.03351371009226309
1,2,289404.82850527763,0.7785,2.1519933,0.034594800881567925
1,2,289409.828701552,0.7785,2.160477,0.03567588751092884
1,2,289414.8288978264,0.7785,2.1684446,0.03675697100795639
1,2,289419.82909410074,0.7785,2.1759346,0.03783805558900369
1,2,289424.8292903751,0.7785,2.1829467,0.03891913952379093
1,2,289429.8294866495,0.7785,2.1895387,0.04000022642497221
1,2,289434.82968292385,0.7785,2.1958823,0.04108131778183579
1,2,289439.8298791982,0.7785,2.2018628,0.04216241305867499
1,2,289444.8300754726,0.7785,2.2075567,0.04324350358687506
1,2,289449.83027174696,0.7785,2.2127156,0.044324582923034817
1,2,289454.83046802133,0.7785,2.2180464,0.04540566438105701
1,2,289459.8306642957,0.7785,2.2230525,0.04648675128162568
1,2,289464.8308605701,0.7785,2.2276382,0.04756784126270809
1,2,289469.83105684444,0.7785,2.2319946,0.048648933621088644
1,2,289474.8312531188,0.7785,2.2362747,0.04973001774989563
1,2,289479.8314493932,0.7785,2.2404208,0.050811103068788825
1,2,289484.83164566755,0.7785,2.2442613,0.051892188484946866
1,2,289489.8318419419,0.7785,2.2480063,0.05297328022942938
1,2,289494.8320382163,0.7785,2.2519042,0.054054362062295254
1,2,289499.83223449066,0.7785,2.2552478,0.05513544540716209
1,2,289504.83243076503,0.7785,2.258496,0.056216527830044404
1,2,289509.8326270394,0.7785,2.261706,0.05729761200033291
1,2,289514.8328233138,0.7785,2.2649734,0.058378694369819406
1,2,289519.83301958814,0.7785,2.268107,0.05945977440554895
1,2,289524.8332158625,0.7785,2.2710876,0.06054085741650063
1,2,289529.8334121369,0.7785,2.2740302,0.06162193786036304
1,2,289534.83360841125,0.7785,2.277049,0.06270301583733821
1,2,289539.8338046856,0.7785,2.2797432,0.06378409424332113
1,2,289544.83400096,0.7785,2.2824373,0.06486517366026173
1,2,289549.83419723436,0.7785,2.2849786,0.06594625598483612
1,2,289554.83439350873,0.7785,2.2879019,0.06702733590189944
1,2,289559.8345897831,0.7785,2.2901566,0.0681084191656311
1,2,289564.8347860575,0.7785,2.292927,0.06918950077943334
1,2,289569.83498233184,0.7785,2.2954302,0.07027057966435282
1,2,289574.8351786062,0.7785,2.2977037,0.07135165967606169
1,2,289579.8353748806,0.7785,2.3003788,0.07243274082668617
1,2,289584.83557115495,0.7785,2.3026335,0.07351382196436321
1,2,289589.8357674293,0.7785,2.3049264,0.07459490117963813
1,2,289594.83596370416,0.7785,2.3072383,0.07567598006221979
1,2,289599.836159979,0.7785,2.3097987,0.0767570600337485
1,2,289604.8363562538,0.7785,2.3119578,0.07783814116783933
1,2,289609.83655252866,0.7785,2.3141742,0.07891922091586719
1,2,289614.8367488035,0.7785,2.316677,0.0800003045640455
1,2,289619.83694507834,0.7785,2.31876,0.08108138619945111
1,2,289624.8371413532,0.7785,2.3209572,0.08216246962390009
1,2,289629.837337628,0.7785,2.3230972,0.08324355149246915
1,2,289634.8375339024,0.7785,2.3253326,0.08432463938958443
1,2,289639.8377301772,0.7785,2.3276064,0.08540572045114964
1,2,289644.83792645205,0.7785,2.3298419,0.08648679466844926
1,2,289649.8381227269,0.7785,2.3321538,0.08756786797768867
1,2,289654.8383190017,0.7785,2.3341982,0.08864894196004665
1,2,289659.83851527655,0.7785,2.3365295,0.08973001720404952
1,2,289664.8387115514,0.7785,2.3386312,0.0908110925716062
1,2,289669.8389078262,0.7785,2.340714,0.09189216947308179
1,2,289674.83910410106,0.7785,2.3428538,0.09297325734596117
1,2,289679.8393003759,0.7785,2.3451085,0.09405434525379536
1,2,289684.83949665073,0.7785,2.3472295,0.0951354357026517
1,2,289689.83969292557,0.7785,2.349293,0.09621652839415931
1,2,289694.8398892002,0.7785,2.351605,0.09729762031194565
1,2,289699.8400854748,0.7785,2.3536875,0.09837871499355963
1,2,289704.8402817494,0.7785,2.3559232,0.0994598092946443
1,2,289709.840478024,0.7785,2.3579867,0.10054090229768221
1,2,289714.8406742986,0.7785,2.3602796,0.10162199396472174
1,2,289719.8408705732,0.7785,2.362515,0.10270308642352619
1,2,289724.8410668478,0.7785,2.3644257,0.10378417938166523
1,2,289729.8412631224,0.7785,2.3668523,0.10486527263373796
1,2,289734.841459397,0.7785,2.3689923,0.10594636787950328
1,2,289739.8416556716,0.7785,2.3710558,0.10702746129291253
1,2,289744.8418519463,0.7785,2.3732724,0.10810855354265368
1,2,289749.84204822103,0.7785,2.375336,0.10918964325643575
1,2,289754.84224449575,0.7785,2.3776097,0.11027073517223858
1,2,289759.8424407707,0.7785,2.3797114,0.11135182445926133
1,2,289764.8426370454,0.7785,2.3820806,0.11243291312837927
1,2,289769.84283332014,0.7785,2.3842397,0.1135140021504925
1,2,289774.84302959486,0.7785,2.3864944,0.11459509209022584
1,2,289779.8432258696,0.7785,2.3885198,0.11567618395780188
1,2,289784.8434221443,0.7785,2.3909082,0.11675727812658743
1,2,289789.843618419,0.7785,2.3932202,0.11783837156559025
1,2,289794.84381469374,0.7785,2.3955512,0.11891946557836396
1,2,289799.84401096846,0.7785,2.3977103,0.12000056004174876
1,2,289804.8442072432,0.7785,2.3999076,0.1210816569508115
1,2,289809.84440351784,0.7785,2.4022005,0.12216275415480794
1,2,289814.84459979256,0.7785,2.4043787,0.1232438530321816
1,2,289819.8447960671,0.7785,2.4066906,0.12432495302183424
1,2,289824.8449923418,0.7785,2.4090216,0.12540605120880732
1,2,289829.84518861654,0.7785,2.4111617,0.1264871471484932
1,2,289834.84538489126,0.7785,2.413397,0.12756824525408608
1,2,289839.845581166,0.7785,2.415709,0.1286493437547948
1,2,289844.8457774406,0.7785,2.418002,0.12973044271720774
1,2,289849.8459737152,0.7785,2.4202375,0.1308115409532818
1,2,289854.8461699898,0.7785,2.4224348,0.13189263958193853
1,2,289859.8463662644,0.7785,2.424785,0.13297373686511313
1,2,289864.846562539,0.7785,2.4268677,0.1340548331301874
1,2,289869.8467588136,0.7785,2.429046,0.13513592793658702
1,2,289874.8469550882,0.7785,2.4313388,0.13621702519691647
1,2,289879.8471513628,0.7785,2.4336317,0.1372981233262916
1,2,289884.8473476374,0.7785,2.4357715,0.13837922276121706
1,2,289889.847543912,0.7785,2.438007,0.13946032250588136
1,2,289894.84774018684,0.7785,2.4402616,0.14054142138904993
1,2,289899.8479364612,0.7785,2.442306,0.14162252112218074
1,2,289904.84813273605,0.7785,2.4444652,0.14270362057278552
1,2,289909.8483290109,0.7785,2.446739,0.14378471804302928
1,2,289914.8485252857,0.7785,2.4488218,0.1448658132981161
1,2,289919.84872156056,0.7785,2.4511528,0.14594690944764346
1,2,289924.8489178354,0.7785,2.4532545,0.14702800211465025
1,2,289929.8491141102,0.7785,2.4554136,0.14810909574488135
1,2,289934.84931038506,0.7785,2.4575536,0.1491901895034247
1,2,289939.8495066599,0.7785,2.4596362,0.1502712847812275
1,2,289944.84970293473,0.7785,2.4617953,0.15135238236988582
1,2,289949.84989920957,0.7785,2.4638588,0.15243347793169815
1,2,289954.8500954844,0.7785,2.4659798,0.15351457155534293
1,2,289959.85029175924,0.7785,2.4680243,0.15459566204042235
1,2,289964.8504880341,0.7785,2.4701262,0.15567675313178037
1,2,289969.8506843089,0.7785,2.4723043,0.156757844903032
1,2,289974.85088058375,0.7785,2.4743297,0.15783893536016014
1,2,289979.8510768586,0.7785,2.4763358,0.15892002511553963
1,2,289984.8512731334,0.7785,2.4780936,0.16000111480624146
1,2,289989.85146940826,0.7785,2.4800618,0.16108220799411338
1,2,289994.8516656831,0.7785,2.4819915,0.1621633032168746
1,2,289999.85186195746,0.7785,2.4837875,0.16324439726208648
1,2,290004.85205823183,0.7785,2.48566,0.1643254921128452
1,2,290009.8522545062,0.7785,2.4877045,0.16540658593922855
1,2,290014.85245078057,0.7785,2.4893095,0.16648767879364226
1,2,290019.85264705494,0.7785,2.491182,0.16756877193449274
1,2,290024.8528433293,0.7785,2.49294,0.16864986408559152
1,2,290029.8530396037,0.7785,2.4944303,0.16973095565017066
1,2,290034.85323587805,0.7785,2.4962835,0.17081204680294793
1,2,290039.8534321524,0.7785,2.497946,0.17189313784203927
1,2,290044.8536284268,0.7785,2.4995701,0.1729742296154797
1,2,290049.85382470116,0.7785,2.5011559,0.1740553192205959
1,2,290054.85402097553,0.7785,2.5029137,0.1751364097437064
1,2,290059.8542172499,0.7785,2.504385,0.176217500676622
1,2,290064.85441352427,0.7785,2.505627,0.17729859254757896
1,2,290069.85460979864,0.7785,2.5071557,0.1783796842481759
1,2,290074.854806073,0.7785,2.5084357,0.17946077663466337
1,2,290079.8550023474,0.7785,2.5099833,0.18054187040129638
1,2,290084.85519862175,0.7785,2.5113974,0.18162296422726248
1,2,290089.8553948961,0.7785,2.5126774,0.18270405789207753
1,2,290094.8555911705,0.7785,2.5139387,0.1837851537843082
1,2,290099.85578744486,0.7785,2.5151806,0.18486624922300052
1,2,290104.85598371923,0.7785,2.5164988,0.18594734142461422
1,2,290109.8561799936,0.7785,2.517741,0.18702843380579356
1,2,290114.85637626797,0.7785,2.5187726,0.18810952745401202
1,2,290119.85657254234,0.7785,2.5198617,0.18919062121944963
1,2,290124.8567688167,0.7785,2.520817,0.19027171187957465
1,2,290129.8569650911,0.7785,2.5220017,0.19135280275656785
1,2,290134.85716136545,0.7785,2.5228999,0.19243389400298072
1,2,290139.8573576398,0.7785,2.5237787,0.19351498651437635
1,2,290144.8575539142,0.7785,2.5248868,0.19459607825570976
1,2,290149.85775018856,0.7785,2.525766,0.19567716884638212
1,2,290154.85794646293,0.7785,2.5266447,0.19675826318453093
1,2,290159.8581427373,0.7785,2.5275428,0.19783935551560594
1,2,290164.85833901167,0.7785,2.5284982,0.19892044608401926
1,2,290169.85853528604,0.7785,2.528995,0.20000152815958533
1,2,290174.8587315604,0.7785,2.5298357,0.2010826136938632
1,2,290179.8589278348,0.7785,2.5305235,0.2021636986447474
1,2,290184.85912410915,0.7785,2.5312495,0.20324478198064705
1,2,290189.8593203835,0.7785,2.5319948,0.2043258617587057
1,2,290194.8595166579,0.7785,2.5326827,0.205406949653705
1,2,290199.85971293226,0.7785,2.5333705,0.20648804026740794
1,2,290204.8599092066,0.7785,2.5340202,0.2075691325710582
1,2,290209.860105481,0.7785,2.5346124,0.2086502194425133
1,2,290214.86030175537,0.7785,2.5352237,0.20973130073834131
1,2,290219.86049802974,0.7785,2.5358734,0.21081238187947543
1,2,290224.8606943041,0.7785,2.5362937,0.21189346232193051
1,2,290229.8608905785,0.7785,2.5368862,0.21297454247235595
1,2,290234.86108685285,0.7785,2.5373828,0.2140556253456242
1,2,290239.8612831272,0.7785,2.537784,0.21513670996348067
1,2,290244.8614794016,0.7785,2.538625,0.21621779639744432
1,2,290249.86167567596,0.7785,2.539007,0.21729887623854152
1,2,290254.8618719503,0.7785,2.5393891,0.21837996193613282
1,2,290259.8620682247,0.7785,2.5396376,0.2194610422596104
1,2,290264.86226449907,0.7785,2.5402873,0.22054212499665887
1,2,290269.86246077344,0.7785,2.5405738,0.2216232050134573
1,2,290274.8626570478,0.7785,2.541166,0.22270428260808525
1,2,290279.8628533222,0.7785,2.5415673,0.2237853634385202
1,2,290284.86304959655,0.7785,2.5420067,0.2248664460930891
1,2,290289.8632458709,0.7785,2.5424464,0.22594753466203482
1,2,290294.8634421453,0.7785,2.5428092,0.22702861539806266
1,2,290299.86363841966,0.7785,2.5431342,0.22810969239509443
1,2,290304.863834694,0.7785,2.543459,0.22919076843064698
1,2,290309.8640309684,0.7785,2.5439558,0.230271842719853
1,2,290314.86422724277,0.7785,2.544319,0.23135291883963352
1,2,290319.86442351714,0.7785,2.5444527,0.23243399416034757
1,2,290324.8646197915,0.7785,2.5450068,0.23351507699971405
1,2,290329.8648160659,0.7785,2.5453315,0.23459615033957038
1,2,290334.86501234025,0.7785,2.545618,0.23567722318114182
1,2,290339.8652086146,0.7785,2.5460193,0.23675829769800114
1,2,290344.865404889,0.7785,2.546134,0.23783937196675944
1,2,290349.86560116336,0.7785,2.5466309,0.23892045156765654
1,2,290354.8657974377,0.7785,2.5467262,0.24000153029649132
1,2,290359.8659937121,0.7785,2.547032,0.24108260888242067
1,2,290364.86618998647,0.7785,2.547376,0.2421636871375939
1,2,290369.86638626084,0.7785,2.5476816,0.24324476534057665
1,2,290374.8665825352,0.7785,2.5479875,0.2443258485960332
1,2,290379.8667788096,0.7785,2.5481784,0.2454069248265029
1,2,290384.86697508395,0.7785,2.5486753,0.2464880015223259
1,2,290389.8671713583,0.7785,2.5487707,0.24756907747121992
1,2,290394.86736763315,0.7785,2.5487516,0.24865015012892758
1,2,290399.867563908,0.7785,2.5493057,0.2497312325843474
1,2,290404.8677601828,0.7785,2.5496306,0.25081231178539004
1,2,290409.86795645766,0.7785,2.5498981,0.2518933953200844
1,2,290414.8681527325,0.7785,2.5500128,0.25297447730339906
1,2,290419.86834900733,0.7785,2.550261,0.2540555561962029
1,2,290424.86854528217,0.7785,2.550605,0.2551366360057726
1,2,290429.868741557,0.7785,2.5507388,0.2562177159628008
1,2,290434.86893783184,0.7785,2.5510063,0.2572988002995949
1,2,290439.8691341067,0.7785,2.551293,0.2583798857433267
1,2,290444.8693303815,0.7785,2.55135,0.2594609773348339
1,2,290449.86952665634,0.7785,2.551675,0.2605420618303519
1,2,290454.8697229312,0.7785,2.5517704,0.2616231403192747
1,2,290459.869919206,0.7785,2.552019,0.26270421760488233
1,2,290464.87011548085,0.7785,2.5521336,0.2637852958207794
1,2,290469.8703117557,0.7785,2.5524201,0.2648663807277681
1,2,290474.8705080305,0.7785,2.5526495,0.2659474634016919
1,2,290479.87070430536,0.7785,2.552726,0.26702855142235765
1,2,290484.8709005802,0.7785,2.5528598,0.2681096321312455
1,2,290489.8710968548,0.7785,2.5531464,0.2691907161003948
1,2,290494.87129312963,0.7785,2.553471,0.2702717973775169
1,2,290499.87148940424,0.7785,2.5535476,0.27135287550729853
1,2,290504.87168567884,0.7785,2.553624,0.2724339545752076
1,2,290509.87188195344,0.7785,2.5538342,0.27351503329188304
1,2,290514.87207822804,0.7785,2.554178,0.2745961171856192
1,2,290519.87227450265,0.7785,2.5543308,0.2756771949841281
1,2,290524.87247077725,0.7785,2.554541,0.2767582748945687
1,2,290529.87266705185,0.7785,2.5545983,0.27783935663897136
1,2,290534.87286332645,0.7785,2.5548086,0.27892044567997926
1,2,290539.8730596012,0.7785,2.5551717,0.28000152891186547
1,2,290544.8732558759,0.7785,2.5551524,0.2810826149795718
1,2,290549.8734521506,0.7785,2.5554774,0.2821637048891982
1,2,290554.87364842533,0.7785,2.5555537,0.2832447945799861
1,2,290559.87384469993,0.7785,2.5557065,0.28432588149057497
1,2,290564.87404097465,0.7785,2.5558786,0.285406964904815
1,2,290569.8742372494,0.7785,2.5559933,0.28648804841755166
1,2,290574.8744335241,0.7785,2.5561652,0.2875691380390393
1,2,290579.8746297988,0.7785,2.5563946,0.28865022418940073
1,2,290584.87482607353,0.7785,2.5565474,0.2897313186457323
1,2,290589.87502234825,0.7785,2.556834,0.2908124152265622
1,2,290594.8752186229,0.7785,2.5567958,0.29189351203539643
1,2,290599.87541489763,0.7785,2.556853,0.29297460336817643
1,2,290604.87561117235,0.7785,2.557044,0.29405568947986105
1,2,290609.87580744707,0.7785,2.5574837,0.2951367834515804
1,2,290614.8760037217,0.7785,2.5576746,0.29621787154411283
1,2,290619.87619999645,0.7785,2.5578275,0.2972989628960193
1,2,290624.87639627117,0.7785,2.5579803,0.2983800534911157
1,2,290629.8765925459,0.7785,2.5580378,0.29946114147760483
1,2,290634.8767888206,0.7785,2.5583625,0.3005422288624248
1,2,290639.87698509474,0.7785,2.5584962,0.30162331725062275
1,2,290644.87718136935,0.7785,2.5585918,0.30270440989390024
1,2,290649.87737764395,0.7785,2.5586872,0.3037854977548719
1,2,290654.87757391855,0.7785,2.5587828,0.3048665897666581
1,2,290659.87777019315,0.7785,2.5590694,0.3059476757814355
1,2,290664.87796646776,0.7785,2.559165,0.3070287635248304
1,2,290669.87816274236,0.7785,2.5592988,0.30810985807986063
1,2,290674.87835901696,0.7785,2.559528,0.30919095414555736
1,2,290679.87855529157,0.7785,2.5596428,0.310272040942106
1,2,290684.8787515664,0.7785,2.5598338,0.31135312764420775
1,2,290689.878947841,0.7785,2.5599675,0.31243421098548835
1,2,290694.87914411584,0.7785,2.5600822,0.31351529388869137
1,2,290699.8793403907,0.7785,2.5603306,0.3145963803544541
1,2,290704.8795366655,0.7785,2.5605216,0.3156774696182178
1,2,290709.87973294035,0.7785,2.5606935,0.3167585573236015
1,2,290714.8799292152,0.7785,2.5608656,0.3178396438667277
1,2,290719.88012549,0.7785,2.5608656,0.3189207300665212
1,2,290724.88032176485,0.7785,2.5611331,0.32000181650781623
1,2,290729.8805180397,0.7785,2.561477,0.3210829024057818
1,2,290734.8807143145,0.7785,2.5614579,0.3221639876128401
1,2,290739.88091058936,0.7785,2.5617635,0.32324507418713294
1,2,290744.8811068642,0.7785,2.5618782,0.32432616171127876
1,2,290749.88130313903,0.7785,2.56184,0.3254072458953856
1,2,290754.88149941387,0.7785,2.5621076,0.3264883394754561
1,2,290759.8816956887,0.7785,2.5623176,0.32756943750844053
1,2,290764.88189196354,0.7785,2.562375,0.3286505349582929
1,2,290769.8820882384,0.7785,2.5626616,0.329731633926663
1,2,290774.8822845132,0.7785,2.5626998,0.3308127323629457
1,2,290779.88248078804,0.7785,2.56291,0.33189382741001894
1,2,290784.8826770629,0.7785,2.5631201,0.3329749206321635
1,2,290789.8828733377,0.7785,2.5633495,0.33405601445216254
1,2,290794.8830696121,0.7785,2.5633876,0.33513710849147355
1,2,290799.88326588646,0.7785,2.563617,0.336218203978535
1,2,290804.8834621608,0.7785,2.5639992,0.33729930129233315
1,2,290809.8836584352,0.7785,2.5641136,0.33838039637933487
1,2,290814.88385470957,0.7785,2.5641901,0.33946149188859576
1,2,290819.88405098394,0.7785,2.5644767,0.34054258630990303
1,2,290824.8842472583,0.7785,2.5644767,0.3416236796745027
1,2,290829.8844435327,0.7785,2.564687,0.3427047740879686
1,2,290834.88463980705,0.7785,2.5649927,0.34378586603898126
1,2,290839.8848360814,0.7785,2.5651455,0.3448669601383837
1,2,290844.8850323558,0.7785,2.565241,0.3459480545801055
1,2,290849.88522863016,0.7785,2.565394,0.3470291489078467
1,2,290854.8854249045,0.7785,2.5656614,0.3481102436994081
1,2,290859.8856211789,0.7785,2.5658143,0.3491913398079539
1,2,290864.88581745327,0.7785,2.5661008,0.3502724370032746
1,2,290869.88601372764,0.7785,2.5664065,0.3513535353079801
1,2,290874.886210002,0.7785,2.5664065,0.35243463471670267
1,2,290879.8864062764,0.7785,2.566693,0.35351573347612203
1,2,290884.88660255075,0.7785,2.5668652,0.354596829845766
1,2,290889.8867988251,0.7785,2.567037,0.3556779252878988
1,2,290894.8869950995,0.7785,2.567209,0.3567590229089291
1,2,290899.88719137385,0.7785,2.5674574,0.3578401174880297
1,2,290904.8873876482,0.7785,2.567725,0.3589212122265164
1,2,290909.8875839226,0.7785,2.5680115,0.3600023070876695
1,2,290914.88778019696,0.7785,2.5681834,0.36108340100244984
1,2,290919.88797647133,0.7785,2.568279,0.3621644963549571
1,2,290924.8881727457,0.7785,2.5686803,0.3632455920337171
1,2,290929.8883690201,0.7785,2.568776,0.3643266861230364
1,2,290934.88856529444,0.7785,2.5690815,0.36540778062122703
1,2,290939.8887615688,0.7785,2.569158,0.366488875604722
1,2,290944.8889578432,0.7785,2.5693681,0.3675699707466527
1,2,290949.88915411755,0.7785,2.5697885,0.3686510656155776
1,2,290954.8893503919,0.7785,2.5699797,0.36973216100238737
1,2,290959.8895466663,0.7785,2.5701897,0.3708132588046853
1,2,290964.88974294066,0.7785,2.5704,0.37189435875061794
1,2,290969.88993921503,0.7785,2.5707057,0.372975458771116
1,2,290974.8901354894,0.7785,2.5708966,0.37405655542050115
1,2,290979.8903317638,0.7785,2.5710878,0.3751376542369589
1,2,290984.89052803814,0.7785,2.5713935,0.37621875289376555
1,2,290989.8907243125,0.7785,2.5716991,0.37729985227901713
1,2,290994.8909205869,0.7785,2.5719285,0.37838094923582316
1,2,290999.89111686125,0.7785,2.5720432,0.3794620472977556
1,2,291004.8913131356,0.7785,2.5724063,0.3805431444574989
1,2,291009.89150941,0.7785,2.5726545,0.38162424200284123
1,2,291014.89170568436,0.7785,2.572712,0.38270534030695397
1,2,291019.89190195873,0.7785,2.5731704,0.3837864362145196
1,2,291024.8920982331,0.7785,2.5735145,0.3848675290909903
1,2,291029.8922945075,0.7785,2.5736291,0.3859486235265497
1,2,291034.89249078184,0.7785,2.5737436,0.3870297200801071
1,2,291039.8926870562,0.7785,2.5741258,0.38811081553777027
1,2,291044.8928833306,0.7785,2.5743551,0.3891919115593397
1,2,291049.89307960495,0.7785,2.5747373,0.3902730093493094
1,2,291054.8932758793,0.7785,2.575024,0.3913541059010489
1,2,291059.8934721537,0.7785,2.5752149,0.39243520397713416
1,2,291064.89366842806,0.7785,2.575406,0.3935163030667302
1,2,291069.89386470243,0.7785,2.5759027,0.39459740327192644
1,2,291074.8940609768,0.7785,2.5760365,0.39567850174946223
1,2,291079.8942572512,0.7785,2.5762658,0.39675960268076227
1,2,291084.89445352554,0.7785,2.5766861,0.3978407020640138
1,2,291089.8946497999,0.7785,2.576839,0.39892180019110735
1,2,291094.8948460743,0.7785,2.5772402,0.4000028976405822
1,2,291099.89504234865,0.7785,2.5775077,0.4010839952248894
1,2,291104.895238623,0.7785,2.577737,0.4021650913504491
1,2,291109.8954348974,0.7785,2.5781002,0.4032461888690157
1,2,291114.89563117176,0.7785,2.5784059,0.40432728638403914
1,2,291119.89582744613,0.7785,2.5788643,0.4054083870289422
1,2,291124.8960237205,0.7785,2.5790937,0.4064894877743486
1,2,291129.8962199949,0.7785,2.5792847,0.40757058803187446
1,2,291134.89641626924,0.7785,2.5798388,0.4086516866761708
1,2,291139.8966125436,0.7785,2.5798962,0.4097327867345509
1,2,291144.896808818,0.7785,2.5803928,0.4108138876200183
1,2,291149.89700509235,0.7785,2.5805266,0.411894986242304
1,2,291154.8972013667,0.7785,2.5810044,0.41297608455900325
1,2,291159.8973976411,0.7785,2.5813675,0.41405718150825604
1,2,291164.89759391546,0.7785,2.5815585,0.41513828145474496
1,2,291169.89779018983,0.7785,2.5820363,0.416219381237192
1,2,291174.8979864642,0.7785,2.582342,0.41730048069137965
1,2,291179.8981827386,0.7785,2.5826476,0.41838158179753326
1,2,291184.89837901294,0.7785,2.5829532,0.4194626830960675
1,2,291189.8985752878,0.7785,2.5832973,0.42054378492939115
1,2,291194.8987715626,0.7785,2.5833735,0.4216248863913249
1,2,291199.89896783745,0.7785,2.5838704,0.4227059842948249
1,2,291204.8991641123,0.7785,2.5842335,0.4237870818284152
1,2,291209.8993603871,0.7785,2.5845773,0.4248681813757616
1,2,291214.89955666196,0.7785,2.584864,0.4259492791041564
1,2,291219.8997529368,0.7785,2.5852652,0.4270303769809138
1,2,291224.8999492116,0.7785,2.5858576,0.4281114761765166
1,2,291229.90014548646,0.7785,2.5860105,0.4291925769353639
1,2,291234.9003417613,0.7785,2.586469,0.4302736748850277
1,2,291239.90053803613,0.7785,2.586832,0.4313547716696525
1,2,291244.90073431097,0.7785,2.587329,0.4324358710114689
1,2,291249.9009305858,0.7785,2.5874817,0.43351697235189857
1,2,291254.90112686064,0.7785,2.588112,0.43459807242522286
1,2,291259.9013231355,0.7785,2.5883796,0.4356791719328759
1,2,291264.9015194103,0.7785,2.5888383,0.4367602686552536
1,2,291269.90171568515,0.7785,2.5892396,0.43784136538205853
1,2,291274.90191196,0.7785,2.5896409,0.43892246060735957
1,2,291279.9021082348,0.7785,2.590214,0.4400035560834372
1,2,291284.90230450965,0.7785,2.5905771,0.4410846536408362
1,2,291289.90250078426,0.7785,2.5909975,0.4421657529700197
1,2,291294.90269705886,0.7785,2.5912075,0.4432468517320418
1,2,291299.90289333346,0.7785,2.5917425,0.4443279520614641
1,2,291304.90308960807,0.7785,2.592182,0.44540905118492546
1,2,291309.90328588267,0.7785,2.592545,0.4464901499478549
1,2,291314.9034821573,0.7785,2.5928698,0.44757124926457775
1,2,291319.9036784319,0.7785,2.5935004,0.44865234753509337
1,2,291324.9038747065,0.7785,2.5938826,0.4497334465268119
1,2,291329.9040709811,0.7785,2.5943985,0.450814543620553
1,2,291334.9042672557,0.7785,2.594685,0.4518956405136649
1,2,291339.9044635304,0.7785,2.5952582,0.4529767353061501
1,2,291344.9046598051,0.7785,2.5956976,0.45405783087503554
1,2,291349.90485607984,0.7785,2.5960798,0.45513892735832906
1,2,291354.90505235456,0.7785,2.5965192,0.45622002176493054
1,2,291359.9052486293,0.7785,2.596978,0.45730111740612633
1,2,291364.905444904,0.7785,2.5976083,0.4583822143653894
1,2,291369.9056411787,0.7785,2.5978951,0.4594633102313874
1,2,291374.90583745297,0.7785,2.5984492,0.46054440415862846
1,2,291379.9060337277,0.7785,2.5989459,0.4616254984615013
1,2,291384.9062300024,0.7785,2.599519,0.4627065944548612
1,2,291389.90642627707,0.7785,2.5999968,0.463787689299517
1,2,291394.9066225518,0.7785,2.6004171,0.46486878603260695
1,2,291399.9068188265,0.7785,2.601105,0.465949883386062
1,2,291404.9070151012,0.7785,2.60164,0.4670309788270524
1,2,291409.90721137595,0.7785,2.602194,0.4681120753625331
1,2,291414.9074076506,0.7785,2.6028438,0.4691931733839973
1,2,291419.9076039253,0.7785,2.6033597,0.47027426907164827
1,2,291424.90780020005,0.7785,2.6039138,0.47135536514098086
1,2,291429.90799647477,0.7785,2.6046016,0.47243646333867617
1,2,291434.9081927495,0.7785,2.6049263,0.4735175605717233
1,2,291439.9083890242,0.7785,2.605538,0.4745986576279366
1,2,291444.9085852988,0.7785,2.606092,0.4756797537765335
1,2,291449.9087815734,0.7785,2.606627,0.47676085259421974
1,2,291454.908977848,0.7785,2.6072192,0.477841948526816
1,2,291459.9091741226,0.7785,2.6078308,0.4789230451625252
1,2,291464.9093703972,0.7785,2.6084611,0.4800041386569438
1,2,291469.9095666718,0.7785,2.60913,0.48108523006766346
1,2,291474.9097629464,0.7785,2.6098943,0.48216632114427926
1,2,291479.909959221,0.7785,2.6103911,0.4832474104009666
1,2,291484.9101554956,0.7785,2.611098,0.48432850126836013
1,2,291489.91035177046,0.7785,2.611805,0.48540959288824576
1,2,291494.9105480453,0.7785,2.6123781,0.48649068263939665
1,2,291499.91074432014,0.7785,2.6131616,0.48757177227509
1,2,291504.910940595,0.7785,2.6137156,0.4886528617140119
1,2,291509.9111368698,0.7785,2.6143653,0.4897339520350196
1,2,291514.91133314464,0.7785,2.6152635,0.4908150333813328
1,2,291519.9115294195,0.7785,2.6158938,0.4918961202636757
1,2,291524.9117256943,0.7785,2.61662,0.49297721352134133
1,2,291529.91192196915,0.7785,2.6174223,0.49405829589844397
1,2,291534.912118244,0.7785,2.6182442,0.4951393790539667
1,2,291539.9123145188,0.7785,2.6188173,0.49622046241637385
1,2,291544.91251079366,0.7785,2.61983,0.4973015554380283
1,2,291549.9127070685,0.7785,2.6204224,0.49838263966419283
1,2,291554.9129033433,0.7785,2.6212056,0.49946373055514676
1,2,291559.91309961816,0.7785,2.6221037,0.5005448226316503
1,2,291564.913295893,0.7785,2.622868,0.501625908208029
1,2,291569.91349216783,0.7785,2.623575,0.5027069912142189
1,2,291574.91368844267,0.7785,2.6245112,0.5037880731584329
1,2,291579.9138847175,0.7785,2.6252754,0.5048691558699805
1,2,291584.91408099234,0.7785,2.6261735,0.5059502460874052
1,2,291589.9142772667,0.7785,2.6271098,0.5070313350305423
1,2,291594.9144735411,0.7785,2.628027,0.5081124172313145
1,2,291599.91466981545,0.7785,2.6289058,0.5091935042098394
1,2,291604.9148660898,0.7785,2.6298802,0.5102745854202606
1,2,291609.9150623642,0.7785,2.6307592,0.5113556678185064
1,2,291614.91525863856,0.7785,2.631619,0.5124367540373502
1,2,291619.91545491293,0.7785,2.6327271,0.5135178498490318
1,2,291624.9156511873,0.7785,2.633759,0.5145989443663224
1,2,291629.91584746167,0.7785,2.6345425,0.5156800369443659
1,2,291634.91604373604,0.7785,2.635536,0.5167611292667287
1,2,291639.9162400104,0.7785,2.636587,0.5178422246186797
1,2,291644.9164362848,0.7785,2.637886,0.5189233181180819
1,2,291649.91663255915,0.7785,2.6387842,0.5200044113365839
1,2,291654.9168288335,0.7785,2.6399305,0.521085505851189
1,2,291659.9170251079,0.7785,2.6409242,0.5221666015341974
1,2,291664.91722138226,0.7785,2.6420133,0.5232476965538128
1,2,291669.91741765663,0.7785,2.6431406,0.5243287919611829
1,2,291674.917613931,0.7785,2.6443825,0.5254098886077467
1,2,291679.91781020537,0.7785,2.645548,0.5264909847457042
1,2,291684.91800647974,0.7785,2.6465797,0.5275720825790761
1,2,291689.9182027541,0.7785,2.6478026,0.5286531821370288
1,2,291694.9183990285,0.7785,2.648911,0.5297342786535055
1,2,291699.91859530285,0.7785,2.6502101,0.5308153735090757
1,2,291704.9187915772,0.7785,2.6511083,0.5318964686537548
1,2,291709.9189878516,0.7785,2.6524649,0.5329775642512008
1,2,291714.91918412596,0.7785,2.6534393,0.5340586607103942
1,2,291719.91938040033,0.7785,2.6545093,0.5351397565740544
1,2,291724.9195766747,0.7785,2.6558278,0.536220853945318
1,2,291729.91977294907,0.7785,2.657165,0.5373019513860244
1,2,291734.91996922344,0.7785,2.658235,0.5383830503557124
1,2,291739.9201654978,0.7785,2.6594963,0.5394641472896071
1,2,291744.9203617722,0.7785,2.660528,0.5405452467755376
1,2,291749.92055804655,0.7785,2.6618655,0.5416263447739216
1,2,291754.9207543209,0.7785,2.6629546,0.542707447041975
1,2,291759.9209505953,0.7785,2.6642156,0.543788546432856
1,2,291764.92114686966,0.7785,2.6654003,0.5448696466457644
1,2,291769.92134314403,0.7785,2.6664703,0.5459507436846064
1,2,291774.9215394184,0.7785,2.667636,0.5470318394953874
1,2,291779.92173569277,0.7785,2.6688588,0.548112935835325
1,2,291784.92193196714,0.7785,2.6700242,0.5491940325886375
1,2,291789.9221282415,0.7785,2.6710942,0.5502751302716102
1,2,291794.9223245159,0.7785,2.6723745,0.5513562289031809
1,2,291799.92252079025,0.7785,2.6736355,0.5524373266584144
1,2,291804.9227170646,0.7785,2.6745718,0.5535184219353728
1,2,291809.922913339,0.7785,2.6757946,0.5545995170954034
1,2,291814.92310961336,0.7785,2.67696,0.5556806109055876
1,2,291819.9233058877,0.7785,2.6779537,0.5567617058958808
1,2,291824.9235021621,0.7785,2.6791956,0.557842801127947
1,2,291829.92369843647,0.7785,2.680323,0.5589238979895546
1,2,291834.92389471084,0.7785,2.6815648,0.5600049951938953
1,2,291839.9240909852,0.7785,2.6826923,0.5610860914404856
1,2,291844.9242872596,0.7785,2.684049,0.5621671887012488
1,2,291849.92448353395,0.7785,2.685157,0.5632482850904431
1,2,291854.9246798083,0.7785,2.686208,0.5643293790435692
1,2,291859.9248760827,0.7785,2.6874309,0.5654104729932414
1,2,291864.92507235706,0.7785,2.6887875,0.5664915661095944
1,2,291869.9252686314,0.7785,2.6897428,0.5675726572845876
1,2,291874.9254649058,0.7785,2.6910038,0.5686537471312815
1,2,291879.92566118017,0.7785,2.6922076,0.5697348378457063
1,2,291884.92585745454,0.7785,2.693182,0.5708159303252797
1,2,291889.9260537289,0.7785,2.6945386,0.5718970226284431
1,2,291894.9262500033,0.7785,2.6958187,0.5729781139416694
1,2,291899.92644627765,0.7785,2.6969843,0.5740592044321
1,2,291904.926642552,0.7785,2.6982262,0.575140294556174
1,2,291909.9268388264,0.7785,2.6995065,0.5762213863188889
1,2,291914.92703510076,0.7785,2.7008822,0.5773024794661965
1,2,291919.9272313751,0.7785,2.7021432,0.5783835726215044
1,2,291924.9274276495,0.7785,2.703328,0.5794646644050346
1,2,291929.92762392387,0.7785,2.7045698,0.5805457555374735
1,2,291934.92782019824,0.7785,2.7059264,0.581626847818805
1,2,291939.9280164726,0.7785,2.7070346,0.5827079425474636
1,2,291944.928212747,0.7785,2.7083912,0.5837890361075765
1,2,291949.92840902135,0.7785,2.7096522,0.5848701322685413
1,2,291954.9286052957,0.7785,2.7112,0.5859512267637782
1,2,291959.9288015701,0.7785,2.7125757,0.5870323225361108
1,2,291964.92899784446,0.7785,2.714028,0.5881134181532296
1,2,291969.9291941188,0.7785,2.7155373,0.5891945113960703
1,2,291974.9293903932,0.7785,2.716913,0.590275605272197
1,2,291979.92958666757,0.7785,2.7184033,0.5913566997225848
1,2,291984.9297829424,0.7785,2.7200274,0.5924377941538261
1,2,291989.92997921724,0.7785,2.7216134,0.5935188871198661
1,2,291994.9301754921,0.7785,2.7231991,0.5945999791928265
1,2,291999.9303717669,0.7785,2.7246513,0.5956810723604825
1,2,292004.93056804175,0.7785,2.7263136,0.596762166131811
1,2,292009.9307643166,0.7785,2.7277277,0.5978432597337763
1,2,292014.9309605914,0.7785,2.7293134,0.5989243539509442
1,2,292019.93115686625,0.7785,2.7313197,0.6000054478014708
1,2,292024.9313531411,0.7785,2.7329056,0.6010865411667129
1,2,292029.9315494159,0.7785,2.7344532,0.6021676336396535
1,2,292034.93174569076,0.7785,2.736173,0.6032487265649272
1,2,292039.9319419656,0.7785,2.738294,0.6043298208224508
1,2,292044.93213824043,0.7785,2.7400517,0.6054109166449275
1,2,292049.93233451527,0.7785,2.7418094,0.6064920137617688
1,2,292054.9325307901,0.7785,2.7436438,0.6075731102438304
1,2,292059.93272706494,0.7785,2.74565,0.6086542066568865
1,2,292064.9329233398,0.7785,2.7475798,0.6097353022023672
1,2,292069.9331196146,0.7785,2.7493567,0.6108163979140157
1,2,292074.93331588944,0.7785,2.7512865,0.6118974945935376
1,2,292079.9335121643,0.7785,2.7533693,0.6129785921716989
1,2,292084.9337084389,0.7785,2.7551844,0.6140596894464527
1,2,292089.9339047135,0.7785,2.7571332,0.6151407865459556
1,2,292094.9341009881,0.7785,2.7594836,0.6162218819738926
1,2,292099.9342972627,0.7785,2.7616808,0.6173029764398172
1,2,292104.9344935373,0.7785,2.7641456,0.618384071878738
1,2,292109.9346898119,0.7785,2.7663238,0.6194651651871769
1,2,292114.93488608603,0.7785,2.7686357,0.620546258499533
1,2,292119.93508236064,0.7785,2.7709477,0.6216273500321906
1,2,292124.93527863524,0.7785,2.7732024,0.6227084363855291
1,2,292129.93547490984,0.7785,2.7753806,0.6237895251320635
1,2,292134.93567118456,0.7785,2.7777116,0.624870613794211
1,2,292139.9358674593,0.7785,2.780253,0.625951706005643
1,2,292144.936063734,0.7785,2.7828133,0.6270327960288725
1,2,292149.9362600087,0.7785,2.7853928,0.6281138869596755
1,2,292154.93645628344,0.7785,2.7879148,0.6291949777990714
1,2,292159.93665255816,0.7785,2.7905707,0.6302760676959622
1,2,292164.9368488329,0.7785,2.7932267,0.6313571585328515
1,2,292169.9370451076,0.7785,2.7958443,0.6324382529441717
1,2,292174.9372413823,0.7785,2.7985766,0.6335193425378537
1,2,292179.93743765703,0.7785,2.8012898,0.6346004336028432
1,2,292184.93763393175,0.7785,2.804175,0.6356815243773893
1,2,292189.9378302065,0.7785,2.80685,0.6367626177079482
1,2,292194.93802648113,0.7785,2.8096204,0.6378437094254794
1,2,292199.93822275585,0.7785,2.812563,0.6389247991370925
1,2,292204.9384190306,0.7785,2.8156393,0.6400058893213407
1,2,292209.93861530523,0.7785,2.8185434,0.6410869775729381
1,2,292214.93881157995,0.7785,2.821505,0.6421680645689835
1,2,292219.9390078547,0.7785,2.8246386,0.6432491537327901
1,2,292224.9392041294,0.7785,2.8276384,0.6443302418106068
1,2,292229.9394004041,0.7785,2.8307338,0.6454113288232124
1,2,292234.9395966788,0.7785,2.8339055,0.6464924145255952
1,2,292239.93979295366,0.7785,2.8371155,0.6475735000667607
1,2,292244.93998922827,0.7785,2.8401537,0.6486545876740286
1,2,292249.94018550287,0.7785,2.8435738,0.6497356757434146
1,2,292254.9403817775,0.7785,2.8468792,0.6508167627669609
1,2,292259.9405780521,0.7785,2.8500128,0.6518978533207446
1,2,292264.9407743267,0.7785,2.85328,0.6529789438413649
1,2,292269.9409706013,0.7785,2.856643,0.6540600336767007
1,2,292274.9411668759,0.7785,2.8601587,0.6551411247836586
1,2,292279.9413631505,0.7785,2.8637507,0.656222215990792
1,2,292284.9415594251,0.7785,2.867152,0.6573033069392081
1,2,292289.9417556999,0.7785,2.870763,0.6583843973680108
1,2,292294.94195197476,0.7785,2.8742025,0.659465487456663
1,2,292299.9421482496,0.7785,2.8778136,0.6605465766481097
1,2,292304.94234452443,0.7785,2.8816159,0.6616276644751663
1,2,292309.94254079927,0.7785,2.8850553,0.6627087515723277
1,2,292314.9427370741,0.7785,2.8886664,0.66378983982871
1,2,292319.94293334894,0.7785,2.8922968,0.66487092841209
1,2,292324.9431296238,0.7785,2.8959272,0.6659520182186731
1,2,292329.9433258986,0.7785,2.8995957,0.6670331088536383
1,2,292334.94352217345,0.7785,2.903608,0.6681141983494562
1,2,292339.9437184483,0.7785,2.9073722,0.6691952873780266
1,2,292344.9439147231,0.7785,2.9112127,0.6702763776638112
1,2,292349.94411099795,0.7785,2.9149768,0.6713574691911076
1,2,292354.9443072728,0.7785,2.9188173,0.6724385589981015
1,2,292359.9445035476,0.7785,2.922639,0.6735196453098027
1,2,292364.94469982246,0.7785,2.9264028,0.6746007357006472
1,2,292369.9448960973,0.7785,2.930148,0.6756818253193632
1,2,292374.94509237213,0.7785,2.9338546,0.6767629161178967
1,2,292379.94528864697,0.7785,2.9375422,0.6778440063480073
1,2,292384.94548492134,0.7785,2.9411917,0.678925094771882
1,2,292389.9456811957,0.7785,2.9446692,0.6800061810970639
1,2,292394.9458774701,0.7785,2.948395,0.6810872663789856
1,2,292399.94607374445,0.7785,2.9522738,0.6821683510136076
1,2,292404.9462700188,0.7785,2.9559042,0.6832494364130863
1,2,292409.9464662932,0.7785,2.9596875,0.6843305221921837
1,2,292414.94666256756,0.7785,2.9636235,0.6854116092299093
1,2,292419.9468588419,0.7785,2.9673111,0.6864926953036092
1,2,292424.9470551163,0.7785,2.971419,0.6875737843302888
1,2,292429.94725139067,0.7785,2.9752405,0.6886548722178707
1,2,292434.94744766504,0.7785,2.9791574,0.6897359603367385
1,2,292439.9476439394,0.7785,2.983189,0.6908170471920109
1,2,292444.9478402138,0.7785,2.9873354,0.6918981304049263
1,2,292449.94803648815,0.7785,2.9912906,0.6929792160686522
1,2,292454.9482327625,0.7785,2.995647,0.6940603005117478
1,2,292459.8024291359,0.7785,3.0000033,0.6951098179518086
1,2,292459.80262913555,0.7785,3.0000799,0.6951098611933592
2,1,292459.8034291351,-0.7785,2.9284234,-8.560412128766378e-08
2,1,292464.8036254104,-0.7785,2.6558278,-0.0010816817412012153
2,1,292469.8038216848,-0.7785,2.516709,-0.0021632747766508
2,1,292474.80401795916,-0.7785,2.418384,-0.003244865408092737
2,1,292479.80421423353,-0.7785,2.3430831,-0.004326455887529585
2,1,292484.8044105079,-0.7785,2.2833545,-0.005408044197936853
2,1,292489.8046067823,-0.7785,2.2371154,-0.006489631864690119
2,1,292494.8048030571,-0.7785,2.2032576,-0.0075712172490159674
2,1,292499.80499933194,-0.7785,2.1805203,-0.00865280317041278
2,1,292504.8051956068,-0.7785,2.1642792,-0.009734387762847876
2,1,292509.8053918816,-0.7785,2.152127,-0.01081597152259946
2,1,292514.80558815645,-0.7785,2.142459,-0.011897557093934882
2,1,292519.8057844313,-0.7785,2.1338224,-0.012979144924177066
2,1,292524.8059807061,-0.7785,2.125549,-0.014060733565996093
2,1,292529.80617698096,-0.7785,2.1173713,-0.015142321328086988
2,1,292534.8063732558,-0.7785,2.1088686,-0.01622391110801366
2,1,292539.8065695306,-0.7785,2.0993342,-0.01730549980038405
2,1,292544.80676580546,-0.7785,2.088596,-0.018387089040991338
2,1,292549.8069620803,-0.7785,2.076463,-0.019468680842740674
2,1,292554.80715835514,-0.7785,2.0624003,-0.020550272210925823
2,1,292559.80735463,-0.7785,2.045949,-0.02163186436314716
2,1,292564.8075509048,-0.7785,2.0267274,-0.0227134587560263
2,1,292569.80774717964,-0.7785,2.0051556,-0.023795051157361937
2,1,292574.8079434545,-0.7785,1.9813671,-0.02487664423987932
2,1,292579.8081397293,-0.7785,1.9559165,-0.02595823728281591
2,1,292584.80833600415,-0.7785,1.9300647,-0.027039827106717564
2,1,292589.808532279,-0.7785,1.9043083,-0.028121419614957444
2,1,292594.8087285536,-0.7785,1.8788768,-0.029203011158151763
2,1,292599.8089248282,-0.7785,1.8541714,-0.03028460260948208
2,1,292604.8091211028,-0.7785,1.8308225,-0.03136619383781487
2,1,292609.8093173774,-0.7785,1.8087538,-0.03244778748252326
2,1,292614.809513652,-0.7785,1.7880992,-0.03352938060806196
2,1,292619.8097099266,-0.7785,1.7690685,-0.03461097207635642
2,1,292624.8099062012,-0.7785,1.7517383,-0.03569256417396334
2,1,292629.8101024758,-0.7785,1.7360897,-0.03677415628852116
2,1,292634.8102987504,-0.7785,1.722409,-0.03785574955891239
2,1,292639.810495025,-0.7785,1.7106773,-0.038937342031697436
2,1,292644.81069129973,-0.7785,1.7003976,-0.04001893607310786
2,1,292649.81088757445,-0.7785,1.692258,-0.041100527405864666
2,1,292654.8110838487,-0.7785,1.6854559,-0.0421821179501017
2,1,292659.8112801234,-0.7785,1.6799531,-0.04326371091277401
2,1,292664.81147639814,-0.7785,1.6752528,-0.04434530160782073
2,1,292669.81167267286,-0.7785,1.6714313,-0.045426891155031
2,1,292674.8118689476,-0.7785,1.6684315,-0.04650848161400359
2,1,292679.8120652223,-0.7785,1.665833,-0.047590072723282716
2,1,292684.812261497,-0.7785,1.6637312,-0.048671659461077724
2,1,292689.81245777174,-0.7785,1.6621262,-0.0497532435038719
2,1,292694.81265404646,-0.7785,1.6604257,-0.05083483024923007
2,1,292699.8128503212,-0.7785,1.6590309,-0.051916416517661684
2,1,292704.81304659584,-0.7785,1.6578462,-0.05299800148252978
2,1,292709.81324287056,-0.7785,1.6569482,-0.054079590367214554
2,1,292714.8134391453,-0.7785,1.6559737,-0.05516117934009433
2,1,292719.81363541994,-0.7785,1.6551713,-0.05624276820991768
2,1,292724.81383169466,-0.7785,1.6543305,-0.057324355235381264
2,1,292729.8140279694,-0.7785,1.6536236,-0.058405944027688776
2,1,292734.8142242441,-0.7785,1.6530886,-0.059487533321029615
2,1,292739.8144205188,-0.7785,1.6524389,-0.06056912333744765
2,1,292744.81461679353,-0.7785,1.6520376,-0.061650713942272804
2,1,292749.81481306814,-0.7785,1.6515218,-0.0627323042313854
2,1,292754.81500934274,-0.7785,1.6509295,-0.06381389561874669
2,1,292759.81520561734,-0.7785,1.650681,-0.06489548736475574
2,1,292764.81540189194,-0.7785,1.6502798,-0.06597708122499123
2,1,292769.81559816655,-0.7785,1.6498977,-0.06705867548646861
2,1,292774.81579444115,-0.7785,1.6494391,-0.0681402695918315
2,1,292779.815990716,-0.7785,1.6490378,-0.06922186461598344
2,1,292784.8161869906,-0.7785,1.6488277,-0.07030345918157035
2,1,292789.8163832652,-0.7785,1.6484455,-0.0713850520514581
2,1,292794.8165795398,-0.7785,1.6481589,-0.07246664526469179
2,1,292799.81677581463,-0.7785,1.647987,-0.07354824056225023
2,1,292804.81697208947,-0.7785,1.6476812,-0.07462983645368286
2,1,292809.8171683643,-0.7785,1.6473373,-0.07571142810206283
2,1,292814.81736463914,-0.7785,1.6471462,-0.07679301812042463
2,1,292819.817560914,-0.7785,1.646936,-0.07787460806733372
2,1,292824.8177571888,-0.7785,1.6465731,-0.07895619821586214
2,1,292829.81795346364,-0.7785,1.6464393,-0.0800377897768915
2,1,292834.8181497385,-0.7785,1.6463246,-0.08111937954170508
2,1,292839.8183460133,-0.7785,1.6459426,-0.08220097122177485
2,1,292844.81854228815,-0.7785,1.6456941,-0.08328256382107406
2,1,292849.818738563,-0.7785,1.645503,-0.08436415616464617
2,1,292854.8189348378,-0.7785,1.645312,-0.08544574953402415
2,1,292859.81913111266,-0.7785,1.6451018,-0.08652734543929168
2,1,292864.8193273875,-0.7785,1.644968,-0.08760894332566528
2,1,292869.8195236623,-0.7785,1.6447388,-0.08869053754961492
2,1,292874.81971993716,-0.7785,1.6443185,-0.08977213349184396
2,1,292879.819916212,-0.7785,1.6443375,-0.09085373064606059
2,1,292884.82011248684,-0.7785,1.6441655,-0.09193532827200494
2,1,292889.8203087617,-0.7785,1.6440127,-0.09301692497996822
2,1,292894.82050503604,-0.7785,1.6436688,-0.09409852138459684
2,1,292899.8207013104,-0.7785,1.6434777,-0.0951801178251174
2,1,292904.8208975848,-0.7785,1.6434586,-0.09626170959856778
2,1,292909.82109385915,-0.7785,1.6432102,-0.09734330175463031
2,1,292914.8212901335,-0.7785,1.6429619,-0.09842489391106371
2,1,292919.8214864079,-0.7785,1.6428089,-0.09950648155188233
2,1,292924.82168268226,-0.7785,1.6424842,-0.10058806871888376
2,1,292929.82187895663,-0.7785,1.6424077,-0.10166966025773025
2,1,292934.822075231,-0.7785,1.6421402,-0.10275125359693835
2,1,292939.82227150537,-0.7785,1.6420829,-0.10383284619816478
2,1,292944.82246777974,-0.7785,1.6417772,-0.10491444122544927
2,1,292949.8226640541,-0.7785,1.6416817,-0.10599603780614007
2,1,292954.8228603285,-0.7785,1.6412995,-0.10707763404979972
2,1,292959.82305660285,-0.7785,1.6411657,-0.1081592305634618
2,1,292964.8232528772,-0.7785,1.6411276,-0.10924082563283379
2,1,292969.8234491516,-0.7785,1.641032,-0.11032242005181314
2,1,292974.82364542596,-0.7785,1.6408027,-0.11140401364278464
2,1,292979.82384170033,-0.7785,1.6405352,-0.11248560777332388
2,1,292984.8240379747,-0.7785,1.6403059,-0.11356720252126458
2,1,292989.82423424907,-0.7785,1.6400957,-0.1146487992923823
2,1,292994.82443052344,-0.7785,1.6398855,-0.11573039665383435
2,1,292999.8246267978,-0.7785,1.6399047,-0.11681199332880977
2,1,293004.8248230722,-0.7785,1.6396754,-0.11789359155936709
2,1,293009.82501934655,-0.7785,1.6393505,-0.11897518957362577
2,1,293014.8252156209,-0.7785,1.6391977,-0.12005678603046144
2,1,293019.8254118953,-0.7785,1.6389302,-0.12113838192142716
2,1,293024.82560816966,-0.7785,1.6388347,-0.12221997805677193
2,1,293029.82580444403,-0.7785,1.6385672,-0.1233015738080641
2,1,293034.8260007184,-0.7785,1.6385099,-0.12438316845152779
2,1,293039.82619699277,-0.7785,1.6381469,-0.12546476446912028
2,1,293044.82639326714,-0.7785,1.6378984,-0.12654635881927614
2,1,293049.8265895415,-0.7785,1.6376119,-0.12762795156207685
2,1,293054.8267858159,-0.7785,1.6375927,-0.12870954477568802
2,1,293059.82698209025,-0.7785,1.6375163,-0.12979113553860125
2,1,293064.8271783646,-0.7785,1.6371915,-0.13087272581210074
2,1,293069.827374639,-0.7785,1.6370195,-0.13195431267690994
2,1,293074.82757091336,-0.7785,1.6368667,-0.13303589772736368
2,1,293079.82776718773,-0.7785,1.63658,-0.1341174845851892
2,1,293084.8279634621,-0.7785,1.6364654,-0.13519906812143662
2,1,293089.82815973647,-0.7785,1.6361597,-0.13628065249559618
2,1,293094.82835601084,-0.7785,1.6360642,-0.13736223837794864
2,1,293099.8285522852,-0.7785,1.6357203,-0.13844382665646413
2,1,293104.8287485596,-0.7785,1.6356246,-0.13952541624149353
2,1,293109.82894483395,-0.7785,1.6354718,-0.14060700318724254
2,1,293114.8291411083,-0.7785,1.6352426,-0.14168859036199588
2,1,293119.8293373827,-0.7785,1.6350132,-0.14277017856061133
2,1,293124.82953365706,-0.7785,1.6348795,-0.14385176478023998
2,1,293129.8297299314,-0.7785,1.6345356,-0.14493334829719204
2,1,293134.8299262058,-0.7785,1.6344018,-0.14601493373076457
2,1,293139.83012248017,-0.7785,1.6343063,-0.14709651773594823
2,1,293144.83031875454,-0.7785,1.6340579,-0.14817810167921922
2,1,293149.8305150289,-0.7785,1.6338286,-0.1492596866486305
2,1,293154.8307113033,-0.7785,1.6335229,-0.15034127026892047
2,1,293159.83090757765,-0.7785,1.6333319,-0.15142285569919156
2,1,293164.831103852,-0.7785,1.633179,-0.15250444044507883
2,1,293169.8313001264,-0.7785,1.6329688,-0.15358602297013343
2,1,293174.83149640076,-0.7785,1.632835,-0.15466760663954424
2,1,293179.8316926751,-0.7785,1.6325675,-0.1557491897826427
2,1,293184.8318889495,-0.7785,1.6322619,-0.15683077127249379
2,1,293189.83208522387,-0.7785,1.6321663,-0.15791235550317836
2,1,293194.83228149824,-0.7785,1.6318797,-0.15899393909745752
2,1,293199.8324777726,-0.7785,1.6317459,-0.1600755235506661
2,1,293204.832674047,-0.7785,1.6315167,-0.16115710924388307
2,1,293209.83287032135,-0.7785,1.6312873,-0.16223869657839673
2,1,293214.8330665957,-0.7785,1.6309626,-0.16332028543383217
2,1,293219.8332628701,-0.7785,1.6305614,-0.1644018829122219
2,1,293224.83345914446,-0.7785,1.6305231,-0.16548348196857177
2,1,293229.8336554188,-0.7785,1.6301982,-0.16656507338329157
2,1,293234.8338516932,-0.7785,1.6301218,-0.16764665908384654
2,1,293239.83404796757,-0.7785,1.6299881,-0.16872824927654861
2,1,293244.83424424194,-0.7785,1.6295487,-0.16980984449292222
2,1,293249.8344405163,-0.7785,1.6293766,-0.17089144318934943
2,1,293254.8346367907,-0.7785,1.6292621,-0.17197304222620194
2,1,293259.83483306505,-0.7785,1.6289563,-0.17305463887798783
2,1,293264.8350293394,-0.7785,1.6287271,-0.17413622253048416
2,1,293269.8352256138,-0.7785,1.6284977,-0.1752178067172898
2,1,293274.83542188816,-0.7785,1.6282876,-0.1762993916014002
2,1,293279.8356181625,-0.7785,1.6280583,-0.17738097844697365
2,1,293284.8358144369,-0.7785,1.6279627,-0.17846256503846905
2,1,293289.83601071173,-0.7785,1.6276188,-0.17954415107777047
2,1,293294.83620698657,-0.7785,1.6273513,-0.18062573632759843
2,1,293299.8364032614,-0.7785,1.627122,-0.18170732211272247
2,1,293304.83659953624,-0.7785,1.6267208,-0.18278890949730403
2,1,293309.8367958111,-0.7785,1.6266444,-0.18387049809340297
2,1,293314.8369920859,-0.7785,1.6263195,-0.18495208665237153
2,1,293319.83718836075,-0.7785,1.6260903,-0.18603367901024545
2,1,293324.8373846356,-0.7785,1.6259756,-0.18711527106575826
2,1,293329.8375809104,-0.7785,1.6256508,-0.18819686144769515
2,1,293334.83777718525,-0.7785,1.6254789,-0.1892784506059553
2,1,293339.8379734601,-0.7785,1.625154,-0.19036004103360896
2,1,293344.8381697349,-0.7785,1.6250776,-0.1914416308059327
2,1,293349.83836600976,-0.7785,1.6246573,-0.19252322097994873
2,1,293354.8385622846,-0.7785,1.6243324,-0.1936048098304966
2,1,293359.83875855943,-0.7785,1.6241987,-0.1946863997972143
2,1,293364.83895483427,-0.7785,1.6240267,-0.19576798870503562
2,1,293369.8391511091,-0.7785,1.6236827,-0.19684957719280313
2,1,293374.83934738394,-0.7785,1.6234152,-0.19793116500986274
2,1,293379.8395436588,-0.7785,1.6231477,-0.19901275260432882
2,1,293384.8397399336,-0.7785,1.6228994,-0.2000943404957353
2,1,293389.83993620775,-0.7785,1.6227274,-0.20117592895969405
2,1,293394.84013248235,-0.7785,1.6225363,-0.20225751819532434
2,1,293399.84032875695,-0.7785,1.6221924,-0.2033391065304344
2,1,293404.84052503156,-0.7785,1.6219631,-0.204420694703049
2,1,293409.84072130616,-0.7785,1.6218485,-0.2055022826402484
2,1,293414.84091758076,-0.7785,1.6214664,-0.20658387048608712
2,1,293419.84111385536,-0.7785,1.621218,-0.20766545876371514
2,1,293424.84131012997,-0.7785,1.6210269,-0.20874704961764798
2,1,293429.84150640457,-0.7785,1.620683,-0.2098286405593652
2,1,293434.8417026792,-0.7785,1.6203964,-0.21091023153665978
2,1,293439.8418989539,-0.7785,1.6200715,-0.211991824169427
2,1,293444.8420952286,-0.7785,1.6199378,-0.21307341551358153
2,1,293449.84229150333,-0.7785,1.6196321,-0.21415500867804868
2,1,293454.84248777805,-0.7785,1.619441,-0.21523659932503086
2,1,293459.84268405277,-0.7785,1.619269,-0.21631819084418133
2,1,293464.8428803275,-0.7785,1.6190398,-0.21739978169959434
2,1,293469.8430766022,-0.7785,1.6186959,-0.2184813710236117
2,1,293474.8432728769,-0.7785,1.6185048,-0.21956295903962833
2,1,293479.84346915164,-0.7785,1.6181799,-0.22064454693684296
2,1,293484.84366542636,-0.7785,1.618008,-0.221726136122657
2,1,293489.8438617011,-0.7785,1.6175112,-0.2228077252426477
2,1,293494.8440579758,-0.7785,1.6174538,-0.22388931518637786
2,1,293499.84425425046,-0.7785,1.6171291,-0.22497090168798947
2,1,293504.8444505252,-0.7785,1.6168233,-0.2260524867065183
2,1,293509.8446467999,-0.7785,1.6164985,-0.22713407207467806
2,1,293514.8448430748,-0.7785,1.6163647,-0.22821565754217557
2,1,293519.8450393495,-0.7785,1.6159636,-0.22929724587014966
2,1,293524.84523562423,-0.7785,1.615868,-0.2303788358827861
2,1,293529.84543189895,-0.7785,1.615524,-0.2314604256082606
2,1,293534.8456281737,-0.7785,1.6151801,-0.23254201883714712
2,1,293539.8458244484,-0.7785,1.6149126,-0.2336236122229495
2,1,293544.846020723,-0.7785,1.6145496,-0.234705205063674
2,1,293549.8462169976,-0.7785,1.614454,-0.23578679859643495
2,1,293554.8464132722,-0.7785,1.6141675,-0.23686839461130219
2,1,293559.8466095468,-0.7785,1.6138426,-0.23794999053269278
2,1,293564.8468058214,-0.7785,1.6134413,-0.2390315815667376
2,1,293569.847002096,-0.7785,1.6132504,-0.24011317107476773
2,1,293574.8471983706,-0.7785,1.6131548,-0.2411947611626749
2,1,293579.847394645,-0.7785,1.6126771,-0.24227635185641364
2,1,293584.8475909196,-0.7785,1.6123332,-0.24335794200916075
2,1,293589.8477871944,-0.7785,1.6121804,-0.24443953242308217
2,1,293594.84798346926,-0.7785,1.6117408,-0.24552112454342825
2,1,293599.8481797441,-0.7785,1.6114733,-0.2466027150286037
2,1,293604.8483760189,-0.7785,1.6112441,-0.2476843044076792
2,1,293609.84857229376,-0.7785,1.6111294,-0.2487658951035405
2,1,293614.8487685686,-0.7785,1.6107281,-0.2498474882618452
2,1,293619.84896484343,-0.7785,1.6103078,-0.2509290814834169
2,1,293624.84916111827,-0.7785,1.6101741,-0.25201067327922233
2,1,293629.8493573931,-0.7785,1.6098301,-0.25309226439525995
2,1,293634.84955366794,-0.7785,1.6095626,-0.25417385398109404
2,1,293639.8497499428,-0.7785,1.6090276,-0.2552554439472488
2,1,293644.8499462176,-0.7785,1.6090276,-0.25633703746990677
2,1,293649.85014249245,-0.7785,1.608722,-0.25741863173534457
2,1,293654.8503387673,-0.7785,1.6084545,-0.25850022519583155
2,1,293659.85053504165,-0.7785,1.6080914,-0.2595818169318833
2,1,293664.8507313165,-0.7785,1.6077284,-0.26066341072527216
2,1,293669.8509275913,-0.7785,1.6075182,-0.26174500370252113
2,1,293674.85112386616,-0.7785,1.6071934,-0.26282659346891757
2,1,293679.851320141,-0.7785,1.6069832,-0.2639081848910317
2,1,293684.85151641583,-0.7785,1.6065438,-0.26498977437115695
2,1,293689.85171269067,-0.7785,1.606238,-0.26607136243572155
2,1,293694.85190896504,-0.7785,1.6059132,-0.2671529508427016
2,1,293699.8521052394,-0.7785,1.6056266,-0.2682345470558337
2,1,293704.8523015138,-0.7785,1.6053591,-0.2693161471277507
2,1,293709.85249778815,-0.7785,1.605168,-0.2703977436714303
2,1,293714.8526940625,-0.7785,1.6047477,-0.27147934364654275
2,1,293719.8528903369,-0.7785,1.6043273,-0.2725609380671844
2,1,293724.85308661126,-0.7785,1.6040215,-0.2736425355012614
2,1,293729.8532828856,-0.7785,1.6037923,-0.27472412467586316
2,1,293734.85347916,-0.7785,1.603391,-0.27580571825125466
2,1,293739.85367543437,-0.7785,1.6031235,-0.2768873203465639
2,1,293744.85387170874,-0.7785,1.6028752,-0.27796892042526583
2,1,293749.8540679831,-0.7785,1.6023974,-0.279050524247517
2,1,293754.8542642575,-0.7785,1.6019771,-0.28013213085443756
2,1,293759.85446053185,-0.7785,1.601958,-0.28121373363923674
2,1,293764.8546568062,-0.7785,1.6016141,-0.2822953354817726
2,1,293769.8548530806,-0.7785,1.6012129,-0.28337694049407686
2,1,293774.85504935496,-0.7785,1.6010982,-0.28445854743019716
2,1,293779.8552456293,-0.7785,1.600525,-0.2855401502913102
2,1,293784.8554419037,-0.7785,1.6003339,-0.28662175365643017
2,1,293789.85563817807,-0.7785,1.6000473,-0.2877033542464771
2,1,293794.85583445244,-0.7785,1.599627,-0.2887849550087582
2,1,293799.8560307268,-0.7785,1.5992639,-0.2898665468304122
2,1,293804.8562270012,-0.7785,1.5991111,-0.29094814483022
2,1,293809.85642327555,-0.7785,1.5989009,-0.29202973480635525
2,1,293814.8566195499,-0.7785,1.5984997,-0.2931113350424731
2,1,293819.8568158243,-0.7785,1.598041,-0.29419292417605697
2,1,293824.85701209866,-0.7785,1.5979073,-0.2952745185168019
2,1,293829.857208373,-0.7785,1.5973723,-0.2963561171778074
2,1,293834.8574046474,-0.7785,1.5972195,-0.2974377175681887
2,1,293839.85760092176,-0.7785,1.5967227,-0.2985193182133666
2,1,293844.85779719613,-0.7785,1.596417,-0.29960091500386576
2,1,293849.8579934705,-0.7785,1.5963024,-0.300682513659636
2,1,293854.8581897449,-0.7785,1.5958055,-0.30176410894444233
2,1,293859.85838601924,-0.7785,1.5954043,-0.30284570604159744
2,1,293864.8585822936,-0.7785,1.5950986,-0.3039273113282254
2,1,293869.858778568,-0.7785,1.5948311,-0.30500892061619933
2,1,293874.85897484235,-0.7785,1.5945636,-0.30609053091155136
2,1,293879.8591711167,-0.7785,1.5940859,-0.30717213906669266
2,1,293884.8593673911,-0.7785,1.5939904,-0.30825374397957966
2,1,293889.85956366546,-0.7785,1.593379,-0.30933534700201265
2,1,293894.85975993983,-0.7785,1.5930923,-0.3104169503180581
2,1,293899.8599562142,-0.7785,1.592672,-0.3114985480557148
2,1,293904.8601524886,-0.7785,1.5923663,-0.31258015297403247
2,1,293909.86034876294,-0.7785,1.5920415,-0.31366174911241373
2,1,293914.8605450373,-0.7785,1.591602,-0.31474334984611446
2,1,293919.8607413117,-0.7785,1.5914491,-0.3158249541597231
2,1,293924.86093758605,-0.7785,1.591067,-0.3169065526005159
2,1,293929.8611338604,-0.7785,1.5904747,-0.317988141486108
2,1,293934.8613301348,-0.7785,1.59036,-0.31906973492235574
2,1,293939.86152640916,-0.7785,1.5899779,-0.32015132791037
2,1,293944.86172268353,-0.7785,1.5897104,-0.321232925957994
2,1,293949.8619189579,-0.7785,1.5892136,-0.32231452482767536
2,1,293954.8621152323,-0.7785,1.5888124,-0.3233961253141758
2,1,293959.86231150664,-0.7785,1.5885067,-0.32447772542066344
2,1,293964.862507781,-0.7785,1.5881628,-0.3255593218523658
2,1,293969.8627040554,-0.7785,1.5876659,-0.3266409236921565
2,1,293974.86290032975,-0.7785,1.5873793,-0.3277225256713923
2,1,293979.8630966041,-0.7785,1.5869399,-0.32880411768116186
2,1,293984.8632928785,-0.7785,1.5866724,-0.3298857162534458
2,1,293989.86348915286,-0.7785,1.5863093,-0.3309673185704214
2,1,293994.86368542723,-0.7785,1.5860418,-0.33204892064138214
2,1,293999.8638817016,-0.7785,1.5856215,-0.33313052446458696
2,1,294004.864077976,-0.7785,1.5853158,-0.3342121287849939
2,1,294009.86427425034,-0.7785,1.5849336,-0.33529372951028374
2,1,294014.8644705247,-0.7785,1.5847044,-0.33637532444445917
2,1,294019.8646667991,-0.7785,1.5842458,-0.33745692381262077
2,1,294024.86486307345,-0.7785,1.5838063,-0.33853851633682147
2,1,294029.8650593478,-0.7785,1.5832905,-0.3396201052471594
2,1,294034.8652556222,-0.7785,1.5830039,-0.34070170263475474
2,1,294039.86545189656,-0.7785,1.5826408,-0.34178329409741326
2,1,294044.86564817093,-0.7785,1.5822778,-0.34286488934817544
2,1,294049.8658444453,-0.7785,1.5820293,-0.34394648686453333
2,1,294054.8660407197,-0.7785,1.5815707,-0.3450280863808721
2,1,294059.86623699404,-0.7785,1.5811313,-0.3461096870487296
2,1,294064.8664332684,-0.7785,1.5807492,-0.3471912847377522
2,1,294069.8666295428,-0.7785,1.5804052,-0.3482728846282492
2,1,294074.86682581715,-0.7785,1.5799658,-0.34935448561130594
2,1,294079.8670220915,-0.7785,1.5796219,-0.3504360911663436
2,1,294084.86721836636,-0.7785,1.5792207,-0.3515176992316011
2,1,294089.8674146412,-0.7785,1.578743,-0.3525993068257236
2,1,294094.86761091603,-0.7785,1.5783417,-0.35368091526922224
2,1,294099.86780719087,-0.7785,1.5779405,-0.35476252301282984
2,1,294104.8680034657,-0.7785,1.577692,-0.3558441298948755
2,1,294109.86819974054,-0.7785,1.5771762,-0.3569257361284061
2,1,294114.8683960154,-0.7785,1.5766603,-0.3580073393763864
2,1,294119.8685922902,-0.7785,1.5764118,-0.35908894469206504
2,1,294124.86878856504,-0.7785,1.5759151,-0.3601705519414376
2,1,294129.8689848394,-0.7785,1.5754757,-0.3612521535670854
2,1,294134.86918111425,-0.7785,1.5749407,-0.36233376255873484
2,1,294139.8693773891,-0.7785,1.5747877,-0.36341537021723364
2,1,294144.8695736639,-0.7785,1.5743293,-0.3644969775176112
2,1,294149.86976993876,-0.7785,1.573928,-0.3655785771282544
2,1,294154.8699662136,-0.7785,1.573393,-0.3666601721602179
2,1,294159.8701624884,-0.7785,1.5729727,-0.36774176751169535
2,1,294164.87035876326,-0.7785,1.5724758,-0.36882336490482065
2,1,294169.8705550381,-0.7785,1.5722083,-0.3699049630725878
2,1,294174.87075131293,-0.7785,1.5716733,-0.3709865620119503
2,1,294179.87094758777,-0.7785,1.5713485,-0.37206815806439825
2,1,294184.8711438624,-0.7785,1.5708517,-0.3731497553890908
2,1,294189.871340137,-0.7785,1.5704887,-0.37423135145526104
2,1,294194.8715364116,-0.7785,1.5700684,-0.37531294507189233
2,1,294199.8717326862,-0.7785,1.5697244,-0.3763945469248921
2,1,294204.8719289608,-0.7785,1.5692468,-0.3774761487531692
2,1,294209.8721252354,-0.7785,1.5687499,-0.3785577489426762
2,1,294214.87232151,-0.7785,1.5682914,-0.379639345338427
2,1,294219.8725177846,-0.7785,1.5679475,-0.3807209414047794
2,1,294224.8727140592,-0.7785,1.567508,-0.38180253530603947
2,1,294229.8729103338,-0.7785,1.5668201,-0.38288412993749943
2,1,294234.8731066085,-0.7785,1.5664572,-0.38396572563731307
2,1,294239.87330288324,-0.7785,1.5661323,-0.3850473220306797
2,1,294244.87349915795,-0.7785,1.5656546,-0.3861289162957135
2,1,294249.8736954327,-0.7785,1.5649859,-0.3872105099609557
2,1,294254.8738917076,-0.7785,1.5645463,-0.38829210141300124
2,1,294259.87408798235,-0.7785,1.5640687,-0.3893736973482201
2,1,294264.87428425706,-0.7785,1.563744,-0.3904552921802563
2,1,294269.8744805318,-0.7785,1.563228,-0.3915368841672635
2,1,294274.8746768065,-0.7785,1.562865,-0.3926184791573183
2,1,294279.8748730812,-0.7785,1.5622917,-0.3937000732904636
2,1,294284.87506935594,-0.7785,1.5619097,-0.39478166706817974
2,1,294289.87526563066,-0.7785,1.5614511,-0.3958632592343817
2,1,294294.8754619054,-0.7785,1.560897,-0.39694485218733844
2,1,294299.87565818004,-0.7785,1.5604001,-0.3980264460816512
2,1,294304.87585445476,-0.7785,1.5599989,-0.3991080392771989
2,1,294309.8760507294,-0.7785,1.5593301,-0.40018963310427763
2,1,294314.87624700414,-0.7785,1.5588716,-0.4012712274889181
2,1,294319.87644327874,-0.7785,1.5582602,-0.40235282332063016
2,1,294324.87663955346,-0.7785,1.5577252,-0.40343441979692013
2,1,294329.8768358282,-0.7785,1.5572857,-0.4045160137595961
2,1,294334.8770321028,-0.7785,1.5568272,-0.4055976059457722
2,1,294339.8772283774,-0.7785,1.5562922,-0.40667919966037697
2,1,294344.877424652,-0.7785,1.5558909,-0.4077607944324741
2,1,294349.8776209266,-0.7785,1.5553176,-0.4088423873294323
2,1,294354.8778172012,-0.7785,1.5550884,-0.40992397703455513
2,1,294359.8780134758,-0.7785,1.5543623,-0.4110055673973755
2,1,294364.8782097504,-0.7785,1.5539802,-0.41208715913839433
2,1,294369.878406025,-0.7785,1.553407,-0.4131687493114037
2,1,294374.8786022996,-0.7785,1.5527,-0.4142503409151729
2,1,294379.8787985742,-0.7785,1.5522224,-0.41533193185880074
2,1,294384.87899484904,-0.7785,1.5517447,-0.41641352843920015
2,1,294389.8791911239,-0.7785,1.5513052,-0.41749513248034276
2,1,294394.87938739825,-0.7785,1.5507511,-0.4185767358344855
2,1,294399.8795836731,-0.7785,1.550197,-0.41965833501145533
2,1,294404.8797799479,-0.7785,1.5496429,-0.42073993285425465
2,1,294409.87997622276,-0.7785,1.5489742,-0.421821536523802
2,1,294414.8801724976,-0.7785,1.5484965,-0.42290313254551715
2,1,294419.8803687724,-0.7785,1.5478086,-0.42398473553894583
2,1,294424.88056504726,-0.7785,1.5472354,-0.42506634244788977
2,1,294429.8807613221,-0.7785,1.5467768,-0.42614794874176676
2,1,294434.88095759694,-0.7785,1.5462419,-0.4272295429206983
2,1,294439.8811538718,-0.7785,1.5457069,-0.4283111444554954
2,1,294444.8813501466,-0.7785,1.5451145,-0.4293927471852166
2,1,294449.88154642144,-0.7785,1.544484,-0.4304743453582256
2,1,294454.8817426963,-0.7785,1.5438153,-0.43155595252747625
2,1,294459.8819389711,-0.7785,1.543414,-0.43263755664585984
2,1,294464.88213524595,-0.7785,1.5428216,-0.433719159926328
2,1,294469.8823315208,-0.7785,1.5422866,-0.43480076248186783
2,1,294474.8825277956,-0.7785,1.5415797,-0.4358823618761959
2,1,294479.88272407046,-0.7785,1.5410447,-0.4369639575047952
2,1,294484.8829203453,-0.7785,1.5404714,-0.43804555174455334
2,1,294489.88311661966,-0.7785,1.5398219,-0.4391271505048767
2,1,294494.88331289403,-0.7785,1.5392678,-0.44020875645875557
2,1,294499.8835091684,-0.7785,1.5388092,-0.4412903615036768
2,1,294504.8837054428,-0.7785,1.5381021,-0.44237196342708623
2,1,294509.88390171714,-0.7785,1.5374526,-0.44345355517342644
2,1,294514.8840979915,-0.7785,1.5368985,-0.4445351632662014
2,1,294519.8842942659,-0.7785,1.5362488,-0.445616772862828
2,1,294524.88449054025,-0.7785,1.5356756,-0.44669837576998894
2,1,294529.8846868146,-0.7785,1.5351216,-0.44777997440222195
2,1,294534.884883089,-0.7785,1.5345483,-0.44886157988279685
2,1,294539.88507936336,-0.7785,1.5338795,-0.44994318493703295
2,1,294544.88527563773,-0.7785,1.5330962,-0.4510247836271752
2,1,294549.8854719121,-0.7785,1.5324084,-0.4521063858534193
2,1,294554.88566818647,-0.7785,1.5318733,-0.4531879868342806
2,1,294559.88586446084,-0.7785,1.5312427,-0.45426958892747715
2,1,294564.8860607352,-0.7785,1.5306122,-0.4553511914969281
2,1,294569.8862570096,-0.7785,1.5299244,-0.4564327886670923
2,1,294574.88645328395,-0.7785,1.5292174,-0.4575143817153304
2,1,294579.8866495583,-0.7785,1.5286251,-0.45859598109445926
2,1,294584.8868458327,-0.7785,1.5278608,-0.45967758586991786
2,1,294589.88704210706,-0.7785,1.527345,-0.46075918745452127
2,1,294594.88723838143,-0.7785,1.5266188,-0.461840781456288
2,1,294599.8874346558,-0.7785,1.5259119,-0.4629223837902443
2,1,294604.88763093017,-0.7785,1.5253386,-0.46400398622783323
2,1,294609.88782720454,-0.7785,1.5245553,-0.465085591447161
2,1,294614.8880234789,-0.7785,1.5239247,-0.46616718638638954
2,1,294619.8882197533,-0.7785,1.5232369,-0.4672487857986586
2,1,294624.88841602765,-0.7785,1.5225109,-0.4683303830845916
2,1,294629.888612302,-0.7785,1.5218039,-0.4694119779249824
2,1,294634.8888085764,-0.7785,1.5209823,-0.47049358540160097
2,1,294639.88900485076,-0.7785,1.5204282,-0.4715751931850477
2,1,294644.88920112513,-0.7785,1.5198168,-0.4726568000884782
2,1,294649.8893973995,-0.7785,1.5191289,-0.47373840895058356
2,1,294654.88959367387,-0.7785,1.5183837,-0.474820012986173
2,1,294659.88978994824,-0.7785,1.517543,-0.47590161799044384
2,1,294664.8899862226,-0.7785,1.5167596,-0.47698322717496394
2,1,294669.890182497,-0.7785,1.5162055,-0.47806483367799363
2,1,294674.89037877135,-0.7785,1.5153457,-0.4791464395733771
2,1,294679.8905750457,-0.7785,1.5147533,-0.4802280453543925
2,1,294684.8907713201,-0.7785,1.5138744,-0.4813096463186705
2,1,294689.89096759446,-0.7785,1.5133777,-0.48239124558036167
2,1,294694.89116386883,-0.7785,1.5124414,-0.4834728491188848
2,1,294699.8913601432,-0.7785,1.5116771,-0.4845544589704537
2,1,294704.89155641757,-0.7785,1.5109701,-0.4856360684214165
2,1,294709.89175269194,-0.7785,1.510053,-0.4867176756599244
2,1,294714.8919489663,-0.7785,1.5092696,-0.4877992814583013
2,1,294719.8921452407,-0.7785,1.5085244,-0.4888808833100395
2,1,294724.89234151505,-0.7785,1.5076455,-0.4899624884766304
2,1,294729.8925377894,-0.7785,1.5067666,-0.49104409544464583
2,1,294734.8927340638,-0.7785,1.5060787,-0.4921256949425138
2,1,294739.89293033816,-0.7785,1.5051998,-0.49320729479195313
2,1,294744.89312661253,-0.7785,1.5043018,-0.49428889456953246
2,1,294749.8933228869,-0.7785,1.5035566,-0.4953704957019419
2,1,294754.89351916127,-0.7785,1.5026777,-0.496452095324218
2,1,294759.89371543564,-0.7785,1.5018561,-0.4975336928071609
2,1,294764.89391171,-0.7785,1.5009007,-0.4986152863181827
2,1,294769.8941079844,-0.7785,1.5000409,-0.4996968809710507
2,1,294774.89430425875,-0.7785,1.4992193,-0.5007784754603138
2,1,294779.8945005331,-0.7785,1.498436,-0.5018600704262486
2,1,294784.8946968075,-0.7785,1.4974614,-0.502941665159818
2,1,294789.89489308186,-0.7785,1.4967355,-0.5040232589239443
2,1,294794.8950893562,-0.7785,1.49578,-0.5051048536913724
2,1,294799.8952856306,-0.7785,1.4949776,-0.5061864480846257
2,1,294804.89548190497,-0.7785,1.493984,-0.5072680412921406
2,1,294809.89567817934,-0.7785,1.4931433,-0.5083496344205073
2,1,294814.8958744537,-0.7785,1.4922452,-0.5094312257471613
2,1,294819.8960707281,-0.7785,1.4915192,-0.5105128177771137
2,1,294824.89626700245,-0.7785,1.4904873,-0.5115944096920555
2,1,294829.8964632768,-0.7785,1.4895129,-0.5126760042767324
2,1,294834.8966595512,-0.7785,1.488634,-0.5137575970782272
2,1,294839.89685582556,-0.7785,1.487736,-0.5148391906881232
2,1,294844.8970520999,-0.7785,1.4865705,-0.5159207866365942
2,1,294849.8972483743,-0.7785,1.4858253,-0.5170023836261067
2,1,294854.89744464867,-0.7785,1.4849272,-0.5180839789615572
2,1,294859.89764092304,-0.7785,1.4838954,-0.5191655746499964
2,1,294864.8978371974,-0.7785,1.4828827,-0.5202471708254749
2,1,294869.8980334718,-0.7785,1.4819847,-0.5213287668875622
2,1,294874.89822974615,-0.7785,1.4809911,-0.5224103637154898
2,1,294879.8984260205,-0.7785,1.4800167,-0.5234919608266155
2,1,294884.89862229535,-0.7785,1.4790996,-0.5245735588200259
2,1,294889.8988185702,-0.7785,1.4780678,-0.5256551566362084
2,1,294894.899014845,-0.7785,1.4771124,-0.5267367547492254
2,1,294899.89921111986,-0.7785,1.4762144,-0.5278183522564472
2,1,294904.8994073947,-0.7785,1.475068,-0.5288999491101273
2,1,294909.89960366953,-0.7785,1.4738642,-0.5299815453608997
2,1,294914.89979994437,-0.7785,1.4730045,-0.5310631410047049
2,1,294919.8999962192,-0.7785,1.4717816,-0.5321447390733561
2,1,294924.90019249404,-0.7785,1.4707307,-0.5332263375304508
2,1,294929.9003887689,-0.7785,1.469718,-0.5343079359600975
2,1,294934.9005850437,-0.7785,1.4688773,-0.5353895368227661
2,1,294939.90078131855,-0.7785,1.4676545,-0.5364711378035646
2,1,294944.9009775934,-0.7785,1.4664507,-0.5375527412618035
2,1,294949.9011738682,-0.7785,1.4653999,-0.5386343415014381
2,1,294954.90137014305,-0.7785,1.4643298,-0.5397159427302183
2,1,294959.9015664179,-0.7785,1.4631261,-0.5407975437590282
2,1,294964.9017626927,-0.7785,1.4620943,-0.5418791447456281
2,1,294969.90195896756,-0.7785,1.4608141,-0.5429607483398948
2,1,294974.9021552424,-0.7785,1.4598397,-0.5440423523220089
2,1,294979.902351517,-0.7785,1.4587123,-0.5451239540736179
2,1,294984.9025477916,-0.7785,1.4575086,-0.5462055555600988
2,1,294989.9027440662,-0.7785,1.4565341,-0.5472871563056211
2,1,294994.90294034104,-0.7785,1.4553304,-0.5483687552812299
2,1,294999.90313661564,-0.7785,1.4543368,-0.5494503535969291
2,1,295004.90333289024,-0.7785,1.4530184,-0.5505319507034554
2,1,295009.90352916485,-0.7785,1.4518338,-0.5516135462883347
2,1,295014.90372543945,-0.7785,1.4507829,-0.5526951412397292
2,1,295019.90392171405,-0.7785,1.4496174,-0.5537767339903812
2,1,295024.90411798866,-0.7785,1.4483563,-0.5548583252127668
2,1,295029.9043142634,-0.7785,1.4471525,-0.5559399178939264
2,1,295034.9045105381,-0.7785,1.4458151,-0.5570215113833282
2,1,295039.9047068128,-0.7785,1.4447068,-0.5581031039557822
2,1,295044.90490308753,-0.7785,1.4434075,-0.5591846965230705
2,1,295049.90509936225,-0.7785,1.4421083,-0.5602662897525331
2,1,295054.90529563685,-0.7785,1.4409428,-0.5613478843267163
2,1,295059.9054919116,-0.7785,1.4394715,-0.5624294771767325
2,1,295064.9056881863,-0.7785,1.4382486,-0.5635110713421968
2,1,295069.905884461,-0.7785,1.4370831,-0.5645926675584914
2,1,295074.90608073573,-0.7785,1.4355928,-0.5656742630373705
2,1,295079.90627701045,-0.7785,1.4344846,-0.5667558579878246
2,1,295084.9064732851,-0.7785,1.4332235,-0.5678374554231665
2,1,295089.90666955983,-0.7785,1.4316185,-0.5689190511694553
2,1,295094.90686583455,-0.7785,1.4304148,-0.5700006473403874
2,1,295099.90706210927,-0.7785,1.4289052,-0.571082243619164
2,1,295104.90725838393,-0.7785,1.4275678,-0.572163840616445
2,1,295109.90745465865,-0.7785,1.4262686,-0.5732454371224875
2,1,295114.90765093337,-0.7785,1.4249692,-0.5743270330413284
2,1,295119.9078472081,-0.7785,1.4235362,-0.5754086273529101
2,1,295124.9080434828,-0.7785,1.4221222,-0.5764902211257453
2,1,295129.9082397574,-0.7785,1.4207466,-0.5775718161441189
2,1,295134.90843603155,-0.7785,1.4192371,-0.5786534128199056
2,1,295139.90863230615,-0.7785,1.417957,-0.579735008433809
2,1,295144.90882858075,-0.7785,1.4163902,-0.5808166027549772
2,1,295149.90902485535,-0.7785,1.4148808,-0.5818981991759506
2,1,295154.90922112996,-0.7785,1.4134285,-0.5829797937668
2,1,295159.90941740456,-0.7785,1.4120529,-0.5840613879776333
2,1,295164.90961367916,-0.7785,1.4102759,-0.5851429817832743
2,1,295169.90980995377,-0.7785,1.4091486,-0.5862245747703845
2,1,295174.91000622837,-0.7785,1.4075435,-0.5873061682584817
2,1,295179.9102025032,-0.7785,1.4059004,-0.5883877639938164
2,1,295184.91039877804,-0.7785,1.4044673,-0.589469359903339
2,1,295189.9105950529,-0.7785,1.4029197,-0.5905509569332601
2,1,295194.9107913277,-0.7785,1.4014102,-0.5916325535200869
2,1,295199.91098760255,-0.7785,1.399767,-0.592714147012118
2,1,295204.9111838774,-0.7785,1.3982576,-0.5937957373001114
2,1,295209.9113801522,-0.7785,1.3964615,-0.5948773307776023
2,1,295214.91157642705,-0.7785,1.3948947,-0.5959589241483446
2,1,295219.9117727019,-0.7785,1.3931751,-0.5970405158634288
2,1,295224.9119689767,-0.7785,1.3914746,-0.5981221089196606
2,1,295229.91216525156,-0.7785,1.389946,-0.5992037015371624
2,1,295234.9123615264,-0.7785,1.3882645,-0.6002852920003139
2,1,295239.91255780123,-0.7785,1.3866978,-0.6013668825377427
2,1,295244.91275407607,-0.7785,1.3850355,-0.6024484728215638
2,1,295249.9129503509,-0.7785,1.3833541,-0.6035300648951599
2,1,295254.91314662574,-0.7785,1.3815771,-0.6046116580015457
2,1,295259.9133429006,-0.7785,1.3799912,-0.6056932489091955
2,1,295264.9135391754,-0.7785,1.3782333,-0.606774838082943
2,1,295269.91373545025,-0.7785,1.3764946,-0.6078564289679463
2,1,295274.9139317251,-0.7785,1.3746985,-0.608938020415452
2,1,295279.9141279999,-0.7785,1.3728833,-0.6100196101549203
2,1,295284.9143242743,-0.7785,1.3710682,-0.6111012038145233
2,1,295289.91452054866,-0.7785,1.3692912,-0.6121827947849798
2,1,295294.914716823,-0.7785,1.3674952,-0.6132643866730069
2,1,295299.9149130974,-0.7785,1.3655654,-0.6143459793477093
2,1,295304.91510937177,-0.7785,1.3636738,-0.6154275731320317
2,1,295309.91530564614,-0.7785,1.3618586,-0.6165091651793555
2,1,295314.9155019205,-0.7785,1.3599479,-0.6175907543708983
2,1,295319.9156981949,-0.7785,1.3581136,-0.6186723434989587
2,1,295324.91589446925,-0.7785,1.3561838,-0.6197539305153855
2,1,295329.9160907436,-0.7785,1.3543304,-0.6208355176827578
2,1,295334.916287018,-0.7785,1.352305,-0.6219171061655318
2,1,295339.91648329236,-0.7785,1.3502606,-0.6229986937137149
2,1,295344.9166795667,-0.7785,1.3483117,-0.6240802818261585
2,1,295349.9168758411,-0.7785,1.3463436,-0.6251618712042075
2,1,295354.91707211547,-0.7785,1.3443565,-0.6262434625074568
2,1,295359.91726838984,-0.7785,1.3423694,-0.6273250536677244
2,1,295364.9174646642,-0.7785,1.3403441,-0.6284066452722221
2,1,295369.9176609386,-0.7785,1.3382996,-0.6294882360931903
2,1,295374.91785721295,-0.7785,1.3362551,-0.6305698255082371
2,1,295379.9180534873,-0.7785,1.3341725,-0.6316514157354073
2,1,295384.9182497617,-0.7785,1.3319751,-0.6327330082964834
2,1,295389.91844603606,-0.7785,1.3299307,-0.633814600948685
2,1,295394.9186423104,-0.7785,1.3277715,-0.6348961948023276
2,1,295399.9188385848,-0.7785,1.325708,-0.6359777891252872
2,1,295404.91903485917,-0.7785,1.3233387,-0.6370593820751346
2,1,295409.91923113354,-0.7785,1.321256,-0.6381409779855248
2,1,295414.9194274079,-0.7785,1.3190205,-0.6392225739862161
2,1,295419.9196236823,-0.7785,1.316785,-0.6403041693082819
2,1,295424.91981995665,-0.7785,1.3146832,-0.6413857627147572
2,1,295429.920016231,-0.7785,1.3123903,-0.6424673539531003
2,1,295434.9202125054,-0.7785,1.3099065,-0.6435489452513294
2,1,295439.92040877976,-0.7785,1.3075945,-0.6446305392380626
2,1,295444.9206050541,-0.7785,1.3053972,-0.6457121342328295
2,1,295449.9208013285,-0.7785,1.3029133,-0.6467937283057873
2,1,295454.92099760287,-0.7785,1.3006395,-0.6478753213187692
2,1,295459.92119387724,-0.7785,1.2980027,-0.6489569138946902
2,1,295464.9213901516,-0.7785,1.2956526,-0.6500385079171398
2,1,295469.921586426,-0.7785,1.2931877,-0.6511201032780083
2,1,295474.92178270034,-0.7785,1.290551,-0.6522016990749907
2,1,295479.9219789747,-0.7785,1.2881626,-0.6532832968846201
2,1,295484.9221752491,-0.7785,1.2855067,-0.6543648929835729
2,1,295489.92237152345,-0.7785,1.2828891,-0.6554464885165796
2,1,295494.9225677978,-0.7785,1.2803861,-0.6565280857159931
2,1,295499.9227640722,-0.7785,1.2776155,-0.6576096856070894
2,1,295504.92296034656,-0.7785,1.2750169,-0.6586912835268217
2,1,295509.92315662093,-0.7785,1.272514,-0.659772882417378
2,1,295514.9233528953,-0.7785,1.2698963,-0.6608544821520287
2,1,295519.9235491697,-0.7785,1.2671448,-0.6619360788548693
2,1,295524.92374544404,-0.7785,1.264317,-0.6630176733005548
2,1,295529.9239417184,-0.7785,1.2615656,-0.6640992660406104
2,1,295534.9241379928,-0.7785,1.2588333,-0.6651808589414396
2,1,295539.92433426715,-0.7785,1.2562538,-0.6662624514790381
2,1,295544.9245305415,-0.7785,1.2534642,-0.6673440458253495
2,1,295549.9247268159,-0.7785,1.2505217,-0.6684256403743034
2,1,295554.92492309026,-0.7785,1.2476174,-0.669507234934814
2,1,295559.92511936463,-0.7785,1.2449998,-0.6705888297313921
2,1,295564.925315639,-0.7785,1.2419617,-0.6716704217345986
2,1,295569.9255119134,-0.7785,1.2392294,-0.6727520142131587
2,1,295574.92570818774,-0.7785,1.2362105,-0.6738336059996326
2,1,295579.9259044621,-0.7785,1.2333444,-0.6749152000696069
2,1,295584.9261007365,-0.7785,1.2303447,-0.6759967941479657
2,1,295589.92629701085,-0.7785,1.2271155,-0.6770783879711105
2,1,295594.9264932852,-0.7785,1.2240967,-0.6781599803991524
2,1,295599.9266895596,-0.7785,1.220963,-0.6792415732223333
2,1,295604.92688583396,-0.7785,1.2179251,-0.680323165006082
2,1,295609.92708210833,-0.7785,1.2148106,-0.6814047570282294
2,1,295614.9272783827,-0.7785,1.2115433,-0.6824863532132017
2,1,295619.9274746571,-0.7785,1.208467,-0.6835679512056385
2,1,295624.92767093144,-0.7785,1.2055627,-0.6846495513715156
2,1,295629.9278672058,-0.7785,1.2024482,-0.6857311510153686
2,1,295633.93286422454,-0.7785,1.2000408,-0.6865974788708132
2,1,295633.93306422466,-0.7785,1.2001746,-0.6865975221316889
2,2,295633.93386422447,0.7785,1.2723821,8.589999212159051e-08
2,2,295638.9340604993,0.7785,1.4653425,0.0010811669716040294
2,2,295643.9342567739,0.7785,1.5294658,0.0021622488769425284
2,2,295648.9344530485,0.7785,1.5782461,0.003243331264717711
2,2,295653.9346493231,0.7785,1.6193454,0.004324416070077154
2,2,295658.9348455977,0.7785,1.655649,0.005405499949819512
2,2,295663.9350418723,0.7785,1.6888188,0.006486584090365304
2,2,295668.9352381469,0.7785,1.7192755,0.007567669559160869
2,2,295673.9354344215,0.7785,1.7478788,0.008648752534098095
2,2,295678.93563069624,0.7785,1.7750299,0.00972983549628324
2,2,295683.93582697096,0.7785,1.8009391,0.010810918919712306
2,2,295688.9360232457,0.7785,1.8257018,0.011892000965333648
2,2,295693.9362195204,0.7785,1.8497767,0.012973084433558916
2,2,295698.9364157951,0.7785,1.8727052,0.014054169148931902
2,2,295703.93661206984,0.7785,1.8948312,0.015135253086937799
2,2,295708.93680834456,0.7785,1.9163457,0.016216335187368924
2,2,295713.9370046193,0.7785,1.9369622,0.017297418879581822
2,2,295718.937200894,0.7785,1.9567764,0.018378499749541283
2,2,295723.9373971687,0.7785,1.9758834,0.019459579547925127
2,2,295728.93759344367,0.7785,1.9942262,0.02054065822564231
2,2,295733.9377897184,0.7785,2.0116136,0.021621738585246932
2,2,295738.9379859931,0.7785,2.0281413,0.02270281830080019
2,2,295743.93818226777,0.7785,2.0439239,0.02378389958143234
2,2,295748.9383785425,0.7785,2.0587509,0.02486498147956199
2,2,295753.93857481715,0.7785,2.0727754,0.025946063018974327
2,2,295758.93877109187,0.7785,2.0861123,0.027027144576744898
2,2,295763.9389673666,0.7785,2.0986655,0.028108225466549393
2,2,295768.9391636413,0.7785,2.1102443,0.029189306479692458
2,2,295773.939359916,0.7785,2.1215558,0.030270387323846418
2,2,295778.93955619074,0.7785,2.131587,0.031351466563069155
2,2,295783.93975246535,0.7785,2.1415799,0.03243254696129428
2,2,295788.93994873995,0.7785,2.150847,0.03351362603117691
2,2,295793.9401450143,0.7785,2.1593494,0.034594706919524404
2,2,295798.9403412889,0.7785,2.1676037,0.035675788194987505
2,2,295803.9405375635,0.7785,2.1754186,0.03675686994017826
2,2,295808.9407338381,0.7785,2.1825264,0.03783795147524608
2,2,295813.94093011273,0.7785,2.1894622,0.03891903332546022
2,2,295818.94112638733,0.7785,2.1959777,0.04000011554160383
2,2,295823.94132266194,0.7785,2.2021875,0.041081197729931934
2,2,295828.9415189368,0.7785,2.2080152,0.04216227869411309
2,2,295833.9417152116,0.7785,2.2136137,0.04324335868216885
2,2,295838.94191148644,0.7785,2.2189445,0.044324438275198136
2,2,295843.9421077613,0.7785,2.2240078,0.045405519981801507
2,2,295848.9423040361,0.7785,2.2286701,0.04648660501261552
2,2,295853.94250031095,0.7785,2.2334085,0.04756769330999917
2,2,295858.9426965858,0.7785,2.2377458,0.04864878090594874
2,2,295863.9428928606,0.7785,2.241892,0.04972986721088488
2,2,295868.94308913546,0.7785,2.2462103,0.05081095603367686
2,2,295873.9432854098,0.7785,2.2500126,0.05189204324647122
2,2,295878.94348168466,0.7785,2.253834,0.05297313242234455
2,2,295883.9436779595,0.7785,2.2573497,0.054054219362378114
2,2,295888.94387423433,0.7785,2.2609801,0.0551353051409059
2,2,295893.94407050917,0.7785,2.2643237,0.05621638895540435
2,2,295898.944266784,0.7785,2.2675147,0.05729747211470868
2,2,295903.94446305884,0.7785,2.270801,0.05837855656182434
2,2,295908.9446593337,0.7785,2.2737246,0.05945964409467577
2,2,295913.9448556085,0.7785,2.2766287,0.06054073074189821
2,2,295918.94505188335,0.7785,2.2796094,0.06162181497967904
2,2,295923.9452481582,0.7785,2.282571,0.06270289785316585
2,2,295928.945444433,0.7785,2.285437,0.06378398356476755
2,2,295933.9456407074,0.7785,2.2880166,0.06486506687644784
2,2,295938.94583698176,0.7785,2.290768,0.06594614730262754
2,2,295943.9460332561,0.7785,2.2934048,0.06702722896547449
2,2,295948.9462295305,0.7785,2.2959652,0.068108312875145
2,2,295953.94642580487,0.7785,2.2984872,0.06918939786754381
2,2,295958.94662207924,0.7785,2.3010666,0.07027048274313409
2,2,295963.9468183536,0.7785,2.303417,0.07135157030439045
2,2,295968.947014628,0.7785,2.305977,0.0724326583263907
2,2,295973.94721090235,0.7785,2.3082318,0.07351374751385052
2,2,295978.9474071767,0.7785,2.310582,0.07459483558286892
2,2,295983.9476034511,0.7785,2.3129704,0.07567592247947388
2,2,295988.94779972546,0.7785,2.3152633,0.07675700789237022
2,2,295993.9479959998,0.7785,2.3173842,0.07783809304989046
2,2,295998.9481922742,0.7785,2.3196578,0.07891917697667414
2,2,296003.94838854857,0.7785,2.3220654,0.0800002613515887
2,2,296008.94858482294,0.7785,2.3242245,0.0810813451000121
2,2,296013.9487810973,0.7785,2.3265173,0.0821624288745655
2,2,296018.9489773717,0.7785,2.3287337,0.08324351241802508
2,2,296023.94917364605,0.7785,2.3308737,0.08432459879587757
2,2,296028.9493699204,0.7785,2.3331285,0.08540568466140165
2,2,296033.9495661948,0.7785,2.3352492,0.08648676858783763
2,2,296038.94976246916,0.7785,2.337504,0.08756785337908071
2,2,296043.9499587435,0.7785,2.339663,0.08864893664441839
2,2,296048.9501550179,0.7785,2.3418984,0.08973001730603312
2,2,296053.95035129227,0.7785,2.3440576,0.09081109804316033
2,2,296058.95054756664,0.7785,2.346121,0.09189218004327683
2,2,296063.950743841,0.7785,2.3481274,0.09297326415908339
2,2,296068.9509401154,0.7785,2.3503246,0.09405435017270845
2,2,296073.95113638975,0.7785,2.3524647,0.09513543799058267
2,2,296078.9513326641,0.7785,2.3545475,0.09621652481182749
2,2,296083.9515289385,0.7785,2.356802,0.09729760986174811
2,2,296088.95172521286,0.7785,2.3587892,0.09837869620643062
2,2,296093.9519214872,0.7785,2.3608527,0.09945978307345513
2,2,296098.9521177616,0.7785,2.362878,0.10054086863195237
2,2,296103.95231403597,0.7785,2.365152,0.10162195465455787
2,2,296108.95251031034,0.7785,2.3671772,0.10270304038635561
2,2,296113.9527065847,0.7785,2.3693554,0.1037841260415647
2,2,296118.9529028591,0.7785,2.371438,0.10486521107777293
2,2,296123.95309913345,0.7785,2.3736544,0.10594629581075246
2,2,296128.9532954078,0.7785,2.3756416,0.107027382906225
2,2,296133.9534916822,0.7785,2.377877,0.10810846832401223
2,2,296138.95368795656,0.7785,2.379979,0.1091895552470651
2,2,296143.9538842309,0.7785,2.382157,0.11027064256601533
2,2,296148.9540805053,0.7785,2.3842206,0.1113517285778357
2,2,296153.95427677967,0.7785,2.3865325,0.1124328142421908
2,2,296158.95447305404,0.7785,2.3884625,0.11351389904602702
2,2,296163.9546693284,0.7785,2.3907552,0.11459498286136656
2,2,296168.9548656028,0.7785,2.392819,0.11567606600593529
2,2,296173.95506187715,0.7785,2.3948634,0.11675714926173292
2,2,296178.9552581515,0.7785,2.3972707,0.11783823442381623
2,2,296183.9554544259,0.7785,2.3992198,0.1189193196563423
2,2,296188.95565070026,0.7785,2.401398,0.12000040559436881
2,2,296193.9558469746,0.7785,2.4036527,0.12108148965152107
2,2,296198.956043249,0.7785,2.4057925,0.12216257798230983
2,2,296203.95623952337,0.7785,2.408009,0.12324366535045375
2,2,296208.95643579774,0.7785,2.4100916,0.1243247531256411
2,2,296213.9566320721,0.7785,2.41248,0.12540584220303763
2,2,296218.9568283465,0.7785,2.4145818,0.12648693274656272
2,2,296223.95702462085,0.7785,2.41676,0.12756802115204932
2,2,296228.9572208952,0.7785,2.4189763,0.1286491087920666
2,2,296233.9574171696,0.7785,2.421231,0.1297301987689601
2,2,296238.95761344396,0.7785,2.4232755,0.13081128767420516
2,2,296243.9578097183,0.7785,2.425683,0.13189237846471866
2,2,296248.9580059927,0.7785,2.4277465,0.1329734661034776
2,2,296253.95820226707,0.7785,2.4298866,0.13405455491027898
2,2,296258.95839854144,0.7785,2.4319692,0.13513564054728217
2,2,296263.9585948158,0.7785,2.4343386,0.13621672488337755
2,2,296268.9587910902,0.7785,2.4364593,0.13729781012433437
2,2,296273.95898736455,0.7785,2.4386375,0.13837889758096802
2,2,296278.9591836389,0.7785,2.4407203,0.1394599826110999
2,2,296283.9593799133,0.7785,2.4429748,0.1405410699539251
2,2,296288.95957618766,0.7785,2.445153,0.14162215754893093
2,2,296293.959772462,0.7785,2.4474077,0.14270324648305444
2,2,296298.9599687364,0.7785,2.4495287,0.14378433363429044
2,2,296303.96016501077,0.7785,2.4516304,0.14486542055495913
2,2,296308.96036128514,0.7785,2.4536748,0.14594650849115187
2,2,296313.9605575595,0.7785,2.4560251,0.14702759570920138
2,2,296318.9607538339,0.7785,2.4579358,0.1481086828726762
2,2,296323.9609501087,0.7785,2.4601521,0.1491897702636222
2,2,296328.96114638355,0.7785,2.4623878,0.15027085589807232
2,2,296333.9613426584,0.7785,2.464203,0.1513519442041682
2,2,296338.9615389332,0.7785,2.4662855,0.15243303050826656
2,2,296343.9617352076,0.7785,2.4684255,0.153514115255581
2,2,296348.9619314824,0.7785,2.4703937,0.15459520134513247
2,2,296353.96212775726,0.7785,2.4725335,0.15567628778268233
2,2,296358.9623240321,0.7785,2.474578,0.15675737325056066
2,2,296363.96252030693,0.7785,2.476508,0.1578384590483838
2,2,296368.96271658177,0.7785,2.478495,0.15891954185718635
2,2,296373.9629128566,0.7785,2.480444,0.16000062508080076
2,2,296378.96310913144,0.7785,2.4826984,0.1610817080541353
2,2,296383.9633054063,0.7785,2.4844947,0.16216278882156485
2,2,296388.9635016811,0.7785,2.4865963,0.16324387094336423
2,2,296393.96369795594,0.7785,2.4882014,0.16432495650980214
2,2,296398.9638942308,0.7785,2.490112,0.1654060454552671
2,2,296403.9640905056,0.7785,2.4920993,0.16648713451694788
2,2,296408.96428678045,0.7785,2.4938762,0.1675682212769158
2,2,296413.9644830553,0.7785,2.4956148,0.1686493045146499
2,2,296418.9646793301,0.7785,2.4975257,0.169730388508055
2,2,296423.9648756047,0.7785,2.4991689,0.17081147250768547
2,2,296428.9650718793,0.7785,2.500793,0.17189255583747232
2,2,296433.96526815393,0.7785,2.5026462,0.17297364082072514
2,2,296438.96546442853,0.7785,2.5043087,0.1740547263316645
2,2,296443.96566070314,0.7785,2.505952,0.1751358112374445
2,2,296448.96585697774,0.7785,2.507595,0.17621689606429805
2,2,296453.96605325234,0.7785,2.5091236,0.1772979823507998
2,2,296458.96624952694,0.7785,2.5106711,0.17837906993959018
2,2,296463.96644580155,0.7785,2.5121233,0.17946015615843405
2,2,296468.9666420764,0.7785,2.513518,0.18054124133211047
2,2,296473.9668383511,0.7785,2.515257,0.18162232541934653
2,2,296478.9670346258,0.7785,2.5165753,0.1827034077045951
2,2,296483.96723090054,0.7785,2.517951,0.18378449082797438
2,2,296488.96742717526,0.7785,2.5192504,0.1848655736446712
2,2,296493.96762345,0.7785,2.5207024,0.1859466563295656
2,2,296498.9678197247,0.7785,2.5219252,0.1870277380885151
2,2,296503.9680159994,0.7785,2.5232437,0.18810882271161017
2,2,296508.96821227414,0.7785,2.524371,0.18918990845740177
2,2,296513.96840854886,0.7785,2.5255365,0.19027099450705784
2,2,296518.9686048236,0.7785,2.526683,0.19135208218716585
2,2,296523.9688010983,0.7785,2.5278485,0.19243316830437385
2,2,296528.968997373,0.7785,2.529014,0.19351425307674874
2,2,296533.96919364756,0.7785,2.5301032,0.19459533593978487
2,2,296538.9693899223,0.7785,2.5311158,0.19567642103754482
2,2,296543.969586197,0.7785,2.5321476,0.19675750701456932
2,2,296548.96978247166,0.7785,2.5331793,0.19783859385827846
2,2,296553.9699787464,0.7785,2.5340774,0.1989196781529188
2,2,296558.9701750211,0.7785,2.5350137,0.20000076424106292
2,2,296563.9703712958,0.7785,2.53595,0.20108184940969281
2,2,296568.97056757053,0.7785,2.5368097,0.20216293583229847
2,2,296573.97076384514,0.7785,2.5378988,0.20324402272730405
2,2,296578.97096011974,0.7785,2.5387394,0.20432511025340028
2,2,296583.97115639434,0.7785,2.539332,0.20540619851074615
2,2,296588.97135266894,0.7785,2.5403254,0.2064872849490874
2,2,296593.97154894355,0.7785,2.5410132,0.207568373075568
2,2,296598.97174521815,0.7785,2.5417967,0.20864946078761085
2,2,296603.97194149275,0.7785,2.542389,0.2097305487918423
2,2,296608.97213776736,0.7785,2.5431151,0.21081163518289722
2,2,296613.9723340415,0.7785,2.5437264,0.21189272047942212
2,2,296618.9725303161,0.7785,2.544357,0.21297380605490668
2,2,296623.97272659093,0.7785,2.5451977,0.2140548891741865
2,2,296628.97292286577,0.7785,2.5458093,0.21513597367966172
2,2,296633.9731191406,0.7785,2.5461721,0.21621705783638023
2,2,296638.97331541544,0.7785,2.5466115,0.21729814439696069
2,2,296643.9735116903,0.7785,2.5473378,0.21837922744949653
2,2,296648.9737079651,0.7785,2.547949,0.21946031345468753
2,2,296653.97390423995,0.7785,2.548446,0.22054140058433672
2,2,296658.9741005148,0.7785,2.549,0.22162248759974035
2,2,296663.9742967896,0.7785,2.5494204,0.22270357663619178
2,2,296668.97449306445,0.7785,2.5500128,0.2237846616950862
2,2,296673.9746893393,0.7785,2.550567,0.22486574714363938
2,2,296678.9748856141,0.7785,2.5509682,0.22594683358253698
2,2,296683.97508188896,0.7785,2.5514266,0.2270279183711144
2,2,296688.9752781638,0.7785,2.5518088,0.22810900386422206
2,2,296693.97547443863,0.7785,2.5525157,0.2291900885130034
2,2,296698.97567071347,0.7785,2.5528023,0.23027116950523185
2,2,296703.9758669883,0.7785,2.5531654,0.23135225217013553
2,2,296708.97606326314,0.7785,2.5534139,0.23243333446756662
2,2,296713.976259538,0.7785,2.5538723,0.23351441769146913
2,2,296718.9764558128,0.7785,2.5544074,0.23459550039318197
2,2,296723.97665208764,0.7785,2.5547895,0.2356765869445469
2,2,296728.976848362,0.7785,2.555057,0.23675767621284385
2,2,296733.9770446364,0.7785,2.5555346,0.23783876338017643
2,2,296738.97724091075,0.7785,2.555802,0.23891985032247828
2,2,296743.9774371851,0.7785,2.5562608,0.24000093521300614
2,2,296748.9776334595,0.7785,2.5565856,0.24108202186654668
2,2,296753.97782973386,0.7785,2.5569103,0.24216310990164008
2,2,296758.97802600823,0.7785,2.5573306,0.24324419623563018
2,2,296763.9782222826,0.7785,2.5576174,0.24432528162934045
2,2,296768.978418557,0.7785,2.557923,0.2454063651510642
2,2,296773.97861483134,0.7785,2.5582478,0.24648744839130832
2,2,296778.9788111057,0.7785,2.55863,0.2475685314816931
2,2,296783.9790073801,0.7785,2.5588403,0.2486496136480536
2,2,296788.97920365445,0.7785,2.559146,0.2497306956582466
2,2,296793.9793999288,0.7785,2.559337,0.2508117788961562
2,2,296798.9795962032,0.7785,2.559719,0.2518928614342874
2,2,296803.97979247756,0.7785,2.5600247,0.25297394435001735
2,2,296808.97998875193,0.7785,2.560216,0.25405502654058393
2,2,296813.9801850263,0.7785,2.5604644,0.2551361090159912
2,2,296818.9803813007,0.7785,2.5607126,0.2562171904427177
2,2,296823.98057757504,0.7785,2.56098,0.25729827130422983
2,2,296828.9807738494,0.7785,2.561305,0.258379352059755
2,2,296833.9809701238,0.7785,2.5616107,0.25946043374646366
2,2,296838.98116639815,0.7785,2.5616298,0.26054151564850403
2,2,296843.9813626725,0.7785,2.5621457,0.2616225977194143
2,2,296848.9815589469,0.7785,2.5623941,0.2627036780081391
2,2,296853.98175522126,0.7785,2.5624514,0.26378475991677575
2,2,296858.98195149563,0.7785,2.5628335,0.2648658412501017
2,2,296863.98214777,0.7785,2.5629864,0.2659469202133715
2,2,296868.9823440444,0.7785,2.5633876,0.267027998721136
2,2,296873.98254031874,0.7785,2.5634642,0.2681090786730051
2,2,296878.9827365931,0.7785,2.5637507,0.26919015976542565
2,2,296883.9829328675,0.7785,2.5638845,0.2702712410951323
2,2,296888.98312914185,0.7785,2.564171,0.27135232272279924
2,2,296893.9833254162,0.7785,2.5644004,0.2724334036730892
2,2,296898.9835216906,0.7785,2.5647633,0.27351448399189116
2,2,296903.98371796496,0.7785,2.5649545,0.2745955656362143
2,2,296908.98391423933,0.7785,2.5651073,0.2756766478735805
2,2,296913.9841105137,0.7785,2.5652792,0.27675772854805
2,2,296918.9843067881,0.7785,2.5656233,0.2778388089178172
2,2,296923.98450306244,0.7785,2.5659862,0.27891988893947345
2,2,296928.9846993368,0.7785,2.566139,0.28000096735428115
2,2,296933.9848956112,0.7785,2.56612,0.2810820450521642
2,2,296938.98509188555,0.7785,2.566693,0.28216312547660877
2,2,296943.9852881599,0.7785,2.5668077,0.28324420387480664
2,2,296948.9854844343,0.7785,2.566999,0.2843252845520643
2,2,296953.98568070866,0.7785,2.5673237,0.2854063645085263
2,2,296958.98587698303,0.7785,2.5676293,0.2864874467089078
2,2,296963.9860732574,0.7785,2.567515,0.2875685276495683
2,2,296968.9862695318,0.7785,2.5678778,0.2886496072265871
2,2,296973.98646580614,0.7785,2.5681071,0.28973068723894835
2,2,296978.9866620805,0.7785,2.5684128,0.29081176714280593
2,2,296983.9868583549,0.7785,2.5685465,0.2918928469669787
2,2,296988.98705462925,0.7785,2.568776,0.2929739252832467
2,2,296993.9872509036,0.7785,2.5689096,0.2940550054189762
2,2,296998.987447178,0.7785,2.5692728,0.29513608576393796
2,2,297003.98764345236,0.7785,2.5694063,0.2962171675243113
2,2,297008.98783972673,0.7785,2.569521,0.2972982493273219
2,2,297013.9880360011,0.7785,2.569693,0.29837932991310295
2,2,297018.9882322755,0.7785,2.570037,0.2994604088815186
2,2,297023.98842854984,0.7785,2.5699797,0.30054148818307125
2,2,297028.9886248242,0.7785,2.5701516,0.30162256645838753
2,2,297033.9888210986,0.7785,2.570572,0.30270364568659003
2,2,297038.98901737295,0.7785,2.5706866,0.303784724644257
2,2,297043.9892136473,0.7785,2.5709732,0.3048658054862089
2,2,297048.9894099217,0.7785,2.571126,0.3059468848379983
2,2,297053.98960619606,0.7785,2.5712597,0.30702796367387974
2,2,297058.98980247043,0.7785,2.571661,0.3081090428644651
2,2,297063.9899987448,0.7785,2.5718138,0.30919011989388867
2,2,297068.99019501917,0.7785,2.5719476,0.3102711962863704
2,2,297073.99039129354,0.7785,2.5721195,0.31135227346459365
2,2,297078.9905875679,0.7785,2.572387,0.31243335246948734
2,2,297083.9907838423,0.7785,2.5724635,0.31351443398588563
2,2,297088.99098011665,0.7785,2.5728457,0.3145955148508648
2,2,297093.991176391,0.7785,2.5729604,0.3156765953312682
2,2,297098.9913726654,0.7785,2.5731323,0.31675767572507596
2,2,297103.99156893976,0.7785,2.5734189,0.31783875742630496
2,2,297108.99176521413,0.7785,2.5735145,0.3189198394018312
2,2,297113.9919614885,0.7785,2.5738392,0.32000091931053665
2,2,297118.99215776287,0.7785,2.5741642,0.32108199937884346
2,2,297123.9923540377,0.7785,2.5741832,0.32216308109267555
2,2,297128.99255031254,0.7785,2.5744317,0.32324416001833484
2,2,297133.9927465874,0.7785,2.574527,0.32432523896291526
2,2,297138.9929428622,0.7785,2.5747182,0.32540631765728534
2,2,297143.99313913705,0.7785,2.5751195,0.32648739539677907
2,2,297148.9933354119,0.7785,2.5751576,0.32756847373166026
2,2,297153.9935316867,0.7785,2.575387,0.32864955329781115
2,2,297158.99372796156,0.7785,2.5756545,0.32973063468733765
2,2,297163.9939242364,0.7785,2.575941,0.3308117159159614
2,2,297168.9941205112,0.7785,2.5762467,0.33189279480808975
2,2,297173.99431678606,0.7785,2.5763996,0.3329738726399707
2,2,297178.9945130609,0.7785,2.5767436,0.3340549516699381
2,2,297183.99470933573,0.7785,2.57682,0.33513602948608007
2,2,297188.99490561057,0.7785,2.5769727,0.3362171078556578
2,2,297193.9951018854,0.7785,2.5772593,0.33729818637587633
2,2,297198.99529816024,0.7785,2.577202,0.3383792639423411
2,2,297203.9954944351,0.7785,2.5777752,0.33946034258393454
2,2,297208.9956907099,0.7785,2.5777943,0.34054142154240946
2,2,297213.99588698475,0.7785,2.5780046,0.34162250075458495
2,2,297218.9960832596,0.7785,2.5782146,0.3427035798825689
2,2,297223.9962795342,0.7785,2.578425,0.3437846577583784
2,2,297228.9964758088,0.7785,2.5788262,0.34486573586897395
2,2,297233.9966720834,0.7785,2.5788643,0.34594681541810113
2,2,297238.996868358,0.7785,2.5791318,0.3470278952143558
2,2,297243.9970646326,0.7785,2.5793993,0.3481089724251894
2,2,297248.9972609072,0.7785,2.579686,0.34919005074193754
2,2,297253.9974571818,0.7785,2.579858,0.35027113049248537
2,2,297258.9976534564,0.7785,2.5799725,0.3513522099816403
2,2,297263.997849731,0.7785,2.5803356,0.35243329198774376
2,2,297268.9980460056,0.7785,2.5804694,0.3535143732778829
2,2,297273.99824228033,0.7785,2.5808325,0.35459545560131484
2,2,297278.99843855505,0.7785,2.5810616,0.3556765400586328
2,2,297283.99863482977,0.7785,2.5814247,0.35675762578446013
2,2,297288.9988311045,0.7785,2.5815203,0.35783870818162306
2,2,297293.9990273792,0.7785,2.581654,0.35891978992542306
2,2,297298.9992236539,0.7785,2.582017,0.3600008716817201
2,2,297303.99941992864,0.7785,2.5821316,0.36108195348801886
2,2,297308.99961620336,0.7785,2.5823991,0.36216303925393034
2,2,297313.9998124781,0.7785,2.5826476,0.3632441230986881
2,2,297319.0000087528,0.7785,2.5829532,0.36432520505175664
2,2,297324.00020502746,0.7785,2.5831444,0.36540628813783665
2,2,297329.0004013022,0.7785,2.5832782,0.3664873723355665
2,2,297334.0005975769,0.7785,2.583622,0.367568457210362
2,2,297339.0007938516,0.7785,2.5839279,0.3686495411412352
2,2,297344.0009901263,0.7785,2.5840423,0.3697306239488059
2,2,297349.00118640054,0.7785,2.5842907,0.3708117080268728
2,2,297354.00138267525,0.7785,2.5846157,0.37189278996095065
2,2,297359.00157895,0.7785,2.5848258,0.3729738711239299
2,2,297364.0017752247,0.7785,2.5849786,0.3740549535941217
2,2,297369.0019714993,0.7785,2.585246,0.37513603540527163
2,2,297374.0021677739,0.7785,2.5854945,0.3762171183918218
2,2,297379.0023640485,0.7785,2.585934,0.37729819940249126
2,2,297384.0025603231,0.7785,2.5860868,0.3783792827573551
2,2,297389.0027565977,0.7785,2.5863736,0.379460365581678
2,2,297394.00295287254,0.7785,2.5865836,0.3805414494555195
2,2,297399.00314914715,0.7785,2.586794,0.38162253345497776
2,2,297404.00334542175,0.7785,2.5869658,0.3827036171938975
2,2,297409.00354169635,0.7785,2.5873861,0.38378470092189637
2,2,297414.00373797095,0.7785,2.5876918,0.3848657861892183
2,2,297419.00393424556,0.7785,2.5879593,0.38594686936644707
2,2,297424.0041305204,0.7785,2.5883415,0.38702795309191607
2,2,297429.0043267952,0.7785,2.588418,0.38810903749404013
2,2,297434.00452307006,0.7785,2.5887618,0.38919012313352686
2,2,297439.0047193449,0.7785,2.588953,0.3902712083131737
2,2,297444.00491561973,0.7785,2.5892396,0.39135229423322937
2,2,297449.00511189457,0.7785,2.5895452,0.3924333806060287
2,2,297454.0053081694,0.7785,2.5897746,0.39351446400943724
2,2,297459.00550444424,0.7785,2.5901566,0.39459554742898206
2,2,297464.0057007191,0.7785,2.5905006,0.39567663129909497
2,2,297469.0058969939,0.7785,2.5905197,0.396757713276214
2,2,297474.00609326875,0.7785,2.5908446,0.39783879470247685
2,2,297479.0062895436,0.7785,2.5911121,0.3989198763732711
2,2,297484.0064858184,0.7785,2.5913222,0.40000095934769175
2,2,297489.00668209326,0.7785,2.591819,0.4010820468182828
2,2,297494.0068783681,0.7785,2.592029,0.4021631328175498
2,2,297499.0070746429,0.7785,2.5922585,0.40324421748219924
2,2,297504.00727091776,0.7785,2.5926406,0.4043253026075164
2,2,297509.0074671926,0.7785,2.5929272,0.40540638689533204
2,2,297514.00766346743,0.7785,2.5932329,0.4064874712758627
2,2,297519.00785974227,0.7785,2.5935194,0.4075685574797988
2,2,297524.00805601664,0.7785,2.5938826,0.40864964268348614
2,2,297529.008252291,0.7785,2.59415,0.40973072991703613
2,2,297534.0084485654,0.7785,2.5946085,0.4108118157623476
2,2,297539.00864483975,0.7785,2.5949144,0.41189290123306704
2,2,297544.0088411141,0.7785,2.5951054,0.41297398910080385
2,2,297549.0090373885,0.7785,2.5954301,0.4140550785973998
2,2,297554.00923366286,0.7785,2.5958123,0.4151361653790771
2,2,297559.0094299372,0.7785,2.5961373,0.4162172515110439
2,2,297564.0096262116,0.7785,2.596443,0.4172983347026175
2,2,297569.00982248597,0.7785,2.596634,0.41837941763549374
2,2,297574.01001876034,0.7785,2.5971117,0.4194605015892022
2,2,297579.0102150347,0.7785,2.5974364,0.42054158442233663
2,2,297584.0104113091,0.7785,2.5978186,0.42162266484666194
2,2,297589.01060758345,0.7785,2.598277,0.42270374636381525
2,2,297594.0108038578,0.7785,2.598602,0.423784829354051
2,2,297599.0110001322,0.7785,2.5988886,0.4248659151322145
2,2,297604.01119640656,0.7785,2.599309,0.4259470021282632
2,2,297609.0113926809,0.7785,2.5996146,0.42702808869018477
2,2,297614.0115889553,0.7785,2.6001306,0.42810917534796056
2,2,297619.01178522967,0.7785,2.6004171,0.4291902621183295
2,2,297624.01198150404,0.7785,2.6006846,0.43027134815171353
2,2,297629.0121777784,0.7785,2.6010478,0.43135243355655994
2,2,297634.0123740528,0.7785,2.6013725,0.43243351767445265
2,2,297639.01257032715,0.7785,2.6018503,0.4335146033387316
2,2,297644.0127666015,0.7785,2.6020412,0.43459569074401583
2,2,297649.0129628759,0.7785,2.6024806,0.4356767773676911
2,2,297654.01315915026,0.7785,2.6030347,0.4367578624988562
2,2,297659.0133554246,0.7785,2.6032069,0.43783894549290664
2,2,297664.013551699,0.7785,2.6034935,0.4389200272458261
2,2,297669.01374797337,0.7785,2.6041048,0.44000110883478316
2,2,297674.01394424774,0.7785,2.6044297,0.44108218939455673
2,2,297679.0141405221,0.7785,2.60485,0.4421632706881595
2,2,297684.0143367965,0.7785,2.6051939,0.44324435193377393
2,2,297689.01453307085,0.7785,2.605595,0.4443254334980878
2,2,297694.0147293452,0.7785,2.606111,0.445406517667416
2,2,297699.0149256196,0.7785,2.606302,0.44648760287234845
2,2,297704.01512189396,0.7785,2.6066651,0.44756868814894224
2,2,297709.0153181683,0.7785,2.6071045,0.4486497722921901
2,2,297714.0155144427,0.7785,2.607372,0.4497308536713653
2,2,297719.01571071707,0.7785,2.607907,0.45081193750186094
2,2,297724.01590699144,0.7785,2.6081746,0.4518930245519644
2,2,297729.0161032658,0.7785,2.6086524,0.4529741133064263
2,2,297734.0162995402,0.7785,2.6090918,0.45405520172937375
2,2,297739.01649581455,0.7785,2.6095312,0.45513629105375203
2,2,297744.0166920889,0.7785,2.6097796,0.45621737883797614
2,2,297749.0168883633,0.7785,2.6101427,0.45729846606240665
2,2,297754.01708463766,0.7785,2.6106203,0.45837955371638134
2,2,297759.017280912,0.7785,2.6111171,0.45946064116731283
2,2,297764.0174771864,0.7785,2.6113846,0.46054172687818934
2,2,297769.01767346077,0.7785,2.6119196,0.4616228166463772
2,2,297774.01786973514,0.7785,2.6121297,0.46270390528888833
2,2,297779.0180660095,0.7785,2.6127794,0.46378499263774353
2,2,297784.0182622839,0.7785,2.6132188,0.46486608118796346
2,2,297789.01845855825,0.7785,2.6135628,0.4659471674506532
2,2,297794.0186548326,0.7785,2.614136,0.46702825399998493
2,2,297799.018851107,0.7785,2.6145754,0.4681093401225143
2,2,297804.01904738136,0.7785,2.615034,0.4691904271770517
2,2,297809.0192436557,0.7785,2.6154735,0.4702715161283911
2,2,297814.0194399301,0.7785,2.6160085,0.47135260365421244
2,2,297819.01963620447,0.7785,2.616467,0.4724336913494038
2,2,297824.01983247884,0.7785,2.616792,0.4735147799742686
2,2,297829.0200287532,0.7785,2.6174607,0.474595868798203
2,2,297834.0202250276,0.7785,2.6177282,0.47567695874997645
2,2,297839.02042130195,0.7785,2.6182823,0.4767580482312077
2,2,297844.0206175763,0.7785,2.6188936,0.47783914071459244
2,2,297849.0208138507,0.7785,2.6193333,0.47892023151408636
2,2,297854.02101012506,0.7785,2.6197345,0.480001321237584
2,2,297859.0212063994,0.7785,2.620212,0.48108241115649214
2,2,297864.0214026738,0.7785,2.6208043,0.48216350018136706
2,2,297869.02159894817,0.7785,2.621282,0.4832445868903664
2,2,297874.02179522254,0.7785,2.6217215,0.4843256726814708
2,2,297879.0219914969,0.7785,2.6224859,0.48540675718046566
2,2,297884.0221877713,0.7785,2.6227725,0.48648784419197844
2,2,297889.02238404565,0.7785,2.6237469,0.48756892842398425
2,2,297894.02258032,0.7785,2.6240335,0.4886500113057528
2,2,297899.0227765944,0.7785,2.624626,0.48973109606466037
2,2,297904.02297286876,0.7785,2.6253138,0.4908121811424362
2,2,297909.0231691431,0.7785,2.6258678,0.4918932656249206
2,2,297914.0233654175,0.7785,2.6264982,0.49297435125831107
2,2,297919.02356169233,0.7785,2.6270716,0.49405543687417447
2,2,297924.02375796717,0.7785,2.6276639,0.495136520791077
2,2,297929.023954242,0.7785,2.6283517,0.4962176071628399
2,2,297934.02415051684,0.7785,2.628772,0.4972986945547429
2,2,297939.0243467917,0.7785,2.6293836,0.4983797807065183
2,2,297944.0245430665,0.7785,2.6299949,0.4994608688234257
2,2,297949.02473934134,0.7785,2.6305299,0.5005419563905995
2,2,297954.0249356162,0.7785,2.631103,0.5016230434544716
2,2,297959.025131891,0.7785,2.6317527,0.502704129367292
2,2,297964.02532816585,0.7785,2.632498,0.5037852151832946
2,2,297969.0255244407,0.7785,2.6331668,0.504866300251123
2,2,297974.0257207155,0.7785,2.6338928,0.5059473864583307
2,2,297979.02591699036,0.7785,2.634485,0.5070284749898083
2,2,297984.0261132652,0.7785,2.6351728,0.5081095633103683
2,2,297989.02630954003,0.7785,2.6357079,0.509190649306506
2,2,297994.02650581487,0.7785,2.636606,0.5102717357382677
2,2,297999.0267020897,0.7785,2.6373703,0.5113528214465679
2,2,298004.02689836454,0.7785,2.6379626,0.5124339051196808
2,2,298009.0270946394,0.7785,2.6383638,0.5135149887391528
2,2,298014.0272909142,0.7785,2.6391664,0.5145960720448428
2,2,298019.0274871888,0.7785,2.6398923,0.5156771532098916
2,2,298024.0276834634,0.7785,2.6406376,0.5167582406878074
2,2,298029.027879738,0.7785,2.6414208,0.5178393289592697
2,2,298034.0280760126,0.7785,2.6421852,0.518920413908869
2,2,298039.0282722872,0.7785,2.6427968,0.5200014990546703
2,2,298044.0284685618,0.7785,2.64358,0.5210825827465454
2,2,298049.0286648364,0.7785,2.644287,0.5221636659793588
2,2,298054.02886111103,0.7785,2.6453378,0.5232447522195776
2,2,298059.02905738563,0.7785,2.6461213,0.5243258412262234
2,2,298064.02925366024,0.7785,2.6468856,0.5254069295749763
2,2,298069.02944993495,0.7785,2.6476882,0.5264880141344864
2,2,298074.0296462097,0.7785,2.648357,0.5275690986457665
2,2,298079.0298424844,0.7785,2.6491976,0.5286501850842534
2,2,298084.0300387591,0.7785,2.6502483,0.5297312717196344
2,2,298089.03023503337,0.7785,2.650726,0.5308123586297332
2,2,298094.0304313081,0.7785,2.651758,0.5318934459940293
2,2,298099.0306275828,0.7785,2.6526558,0.5329745317780971
2,2,298104.0308238575,0.7785,2.6536112,0.5340556178381575
2,2,298109.03102013224,0.7785,2.6545856,0.5351367053540149
2,2,298114.03121640696,0.7785,2.655541,0.5362177928113969
2,2,298119.0314126816,0.7785,2.65642,0.5372988799099292
2,2,298124.03160895634,0.7785,2.6573563,0.5383799667841626
2,2,298129.03180523106,0.7785,2.658388,0.539461052977234
2,2,298134.0320015058,0.7785,2.659286,0.5405421397077341
2,2,298139.0321977805,0.7785,2.6602414,0.5416232268251113
2,2,298144.03239405516,0.7785,2.6611204,0.5427043134654528
2,2,298149.0325903299,0.7785,2.6622286,0.5437854018256134
2,2,298154.0327866046,0.7785,2.663203,0.5448664896641109
2,2,298159.0329828793,0.7785,2.663948,0.5459475786218113
2,2,298164.03317915404,0.7785,2.6650755,0.5470286669187413
2,2,298169.03337542876,0.7785,2.666069,0.5481097572106189
2,2,298174.03357170336,0.7785,2.66712,0.5491908454634713
2,2,298179.03376797796,0.7785,2.6680562,0.5502719350290332
2,2,298184.03396425257,0.7785,2.6692407,0.551353026943634
2,2,298189.03416052717,0.7785,2.6701198,0.55243411854888
2,2,298194.03435680177,0.7785,2.671247,0.5535152097184394
2,2,298199.0345530764,0.7785,2.672317,0.5545963012447027
2,2,298204.034749351,0.7785,2.6735017,0.5556773923709195
2,2,298209.0349456256,0.7785,2.6745908,0.556758482686788
2,2,298214.0351419004,0.7785,2.6757755,0.5578395710682141
2,2,298219.035338175,0.7785,2.6770747,0.5589206578206719
2,2,298224.03553444985,0.7785,2.67803,0.5600017459497982
2,2,298229.0357307247,0.7785,2.6793866,0.5610828351846338
2,2,298234.0359269995,0.7785,2.6805904,0.5621639228804641
2,2,298239.03612327436,0.7785,2.681584,0.5632450108393795
2,2,298244.0363195492,0.7785,2.6829405,0.5643260986186961
2,2,298249.03651582403,0.7785,2.6840105,0.5654071858946051
2,2,298254.03671209887,0.7785,2.6852334,0.5664882751710315
2,2,298259.0369083737,0.7785,2.6864755,0.567569364624934
2,2,298264.03710464854,0.7785,2.6877174,0.568650453267624
2,2,298269.0373009234,0.7785,2.688902,0.569731540658113
2,2,298274.0374971982,0.7785,2.6901248,0.570812627153241
2,2,298279.03769347304,0.7785,2.6914814,0.5718937122834722
2,2,298284.0378897479,0.7785,2.6928763,0.5729747967458069
2,2,298289.0380860227,0.7785,2.694252,0.5740558810549775
2,2,298294.03828229755,0.7785,2.6953983,0.5751369629221459
2,2,298299.0384785724,0.7785,2.696927,0.5762180447070002
2,2,298304.0386748472,0.7785,2.6981306,0.5772991303382383
2,2,298309.03887112206,0.7785,2.699411,0.5783802159370316
2,2,298314.0390673969,0.7785,2.7008822,0.579461302606076
2,2,298319.03926367126,0.7785,2.7022197,0.5805423880439864
2,2,298324.03945994563,0.7785,2.7037482,0.5816234737333026
2,2,298329.03965622,0.7785,2.7052004,0.5827045576680733
2,2,298334.0398524944,0.7785,2.7067862,0.5837856408036682
2,2,298339.04004876874,0.7785,2.708315,0.5848667250695262
2,2,298344.0402450431,0.7785,2.7100534,0.5859478090777365
2,2,298349.0404413175,0.7785,2.7115438,0.5870288932914668
2,2,298354.04063759185,0.7785,2.7132635,0.5881099746655524
2,2,298359.0408338662,0.7785,2.7146773,0.5891910577585764
2,2,298364.0410301406,0.7785,2.7164545,0.5902721409777039
2,2,298369.04122641496,0.7785,2.7180977,0.5913532232163747
2,2,298374.04142268933,0.7785,2.719951,0.5924343065269755
2,2,298379.0416189637,0.7785,2.7212694,0.5935153890721434
2,2,298384.0418152381,0.7785,2.723161,0.59459646890881
2,2,298389.04201151244,0.7785,2.7248232,0.5956775499134263
2,2,298394.0422077868,0.7785,2.7266195,0.5967586326960094
2,2,298399.0424040612,0.7785,2.7282434,0.5978397170116405
2,2,298404.04260033555,0.7785,2.7300205,0.5989208006132544
2,2,298409.0427966099,0.7785,2.7318165,0.6000018849724466
2,2,298414.0429928843,0.7785,2.7335744,0.6010829687981242
2,2,298419.04318915866,0.7785,2.7354085,0.6021640514289837
2,2,298424.04338543303,0.7785,2.7374148,0.6032451337513361
2,2,298429.0435817074,0.7785,2.7391918,0.604326215057989
2,2,298434.0437779818,0.7785,2.7411408,0.6054072969223162
2,2,298439.04397425614,0.7785,2.7431853,0.6064883780769872
2,2,298444.0441705305,0.7785,2.745096,0.6075694591415459
2,2,298449.0443668049,0.7785,2.7470448,0.6086505420096882
2,2,298454.04456307925,0.7785,2.749032,0.6097316264404787
2,2,298459.0447593536,0.7785,2.7511528,0.6108127109042341
2,2,298464.044955628,0.7785,2.7531972,0.6118937961836624
2,2,298469.04515190236,0.7785,2.755299,0.6129748787751828
2,2,298474.04534817673,0.7785,2.7576492,0.6140559621224801
2,2,298479.0455444511,0.7785,2.7599611,0.6151370455671284
2,2,298484.0457407255,0.7785,2.762235,0.6162181293342942
2,2,298489.04593699984,0.7785,2.764394,0.6172992134441867
2,2,298494.0461332742,0.7785,2.7668588,0.6183802991588945
2,2,298499.0463295486,0.7785,2.7693427,0.6194613824985459
2,2,298504.04652582295,0.7785,2.7716165,0.620542466150827
2,2,298509.0467220973,0.7785,2.7741005,0.6216235520836646
2,2,298514.0469183717,0.7785,2.7765653,0.6227046385634477
2,2,298519.04711464606,0.7785,2.77903,0.6237857231373988
2,2,298524.04731092043,0.7785,2.7817814,0.6248668097357487
2,2,298529.0475071948,0.7785,2.7842653,0.6259478958257041
2,2,298534.0477034692,0.7785,2.7869785,0.6270289837040737
2,2,298539.04789974354,0.7785,2.7895198,0.628110069318096
2,2,298544.0480960179,0.7785,2.7921948,0.6291911576048634
2,2,298549.0482922923,0.7785,2.794908,0.6302722468919756
2,2,298554.04848856665,0.7785,2.7976403,0.6313533342356982
2,2,298559.048684841,0.7785,2.8003535,0.6324344209155343
2,2,298564.0488811154,0.7785,2.8031242,0.633515506333911
2,2,298569.04907738976,0.7785,2.8059518,0.6345965934280358
2,2,298574.04927366413,0.7785,2.8088179,0.6356776792932783
2,2,298579.0494699385,0.7785,2.8119323,0.6367587638446989
2,2,298584.0496662129,0.7785,2.8147602,0.6378398476744164
2,2,298589.04986248724,0.7785,2.8176455,0.6389209299357006
2,2,298594.0500587616,0.7785,2.8207982,0.6400020137462585
2,2,298599.050255036,0.7785,2.8241801,0.6410830976748866
2,2,298604.05045131035,0.7785,2.827218,0.6421641793518963
2,2,298609.0506475847,0.7785,2.83039,0.6432452632846603
2,2,298614.0508438591,0.7785,2.8335807,0.6443263481493925
2,2,298619.05104013346,0.7785,2.8369627,0.6454074328751731
2,2,298624.05123640783,0.7785,2.8402872,0.6464885174135369
2,2,298629.0514326822,0.7785,2.8436885,0.6475696020514436
2,2,298634.0516289566,0.7785,2.8470702,0.6486506854274705
2,2,298639.05182523094,0.7785,2.8504906,0.6497317677990961
2,2,298644.0520215053,0.7785,2.8540254,0.6508128498439161
2,2,298649.0522177797,0.7785,2.857713,0.651893931269169
2,2,298654.05241405405,0.7785,2.8609993,0.652975014992469
2,2,298659.0526103284,0.7785,2.864687,0.6540560961472691
2,2,298664.0528066028,0.7785,2.8681836,0.6551371776050396
2,2,298669.05300287716,0.7785,2.8717759,0.6562182570890884
2,2,298674.05319915153,0.7785,2.8753107,0.657299339616812
2,2,298679.0533954259,0.7785,2.879132,0.6583804224839542
2,2,298684.05359170027,0.7785,2.8827624,0.6594615064208706
2,2,298689.05378797464,0.7785,2.886641,0.6605425897257196
2,2,298694.053984249,0.7785,2.8904817,0.661623673544844
2,2,298699.0541805234,0.7785,2.8941693,0.6627047583950593
2,2,298704.05437679775,0.7785,2.8981435,0.6637858418471217
2,2,298709.0545730721,0.7785,2.9024808,0.664866927793016
2,2,298714.05476934696,0.7785,2.9066653,0.6659480126898454
2,2,298719.0549656218,0.7785,2.9112892,0.6670290957666271
2,2,298724.0551618966,0.7785,2.9152443,0.6681101797142625
2,2,298729.05535817146,0.7785,2.9195051,0.6691912632512781
2,2,298734.0555544463,0.7785,2.9239,0.6702723476718101
2,2,298739.05575072113,0.7785,2.928371,0.6713534330505067
2,2,298744.05594699597,0.7785,2.93267,0.67243451915887
2,2,298749.0561432708,0.7785,2.93695,0.6735156048220562
2,2,298754.05633954564,0.7785,2.94144,0.6745966905517677
2,2,298759.0565358205,0.7785,2.9457202,0.6756777741566433
2,2,298764.0567320953,0.7785,2.9501147,0.676758857168456
2,2,298769.05692837015,0.7785,2.9545286,0.6778399428991875
2,2,298774.057124645,0.7785,2.9589996,0.6789210274946558
2,2,298779.0573209198,0.7785,2.9636045,0.6800021116513412
2,2,298784.05751719465,0.7785,2.9680371,0.681083196777059
2,2,298789.0577134695,0.7785,2.972489,0.6821642825351755
2,2,298794.0579097443,0.7785,2.9769793,0.6832453680876858
2,2,298799.05810601916,0.7785,2.9816988,0.6843264525878727
2,2,298804.058302294,0.7785,2.9863226,0.6854075369012786
2,2,298809.05849856883,0.7785,2.9910994,0.6864886208777792
2,2,298814.05869484344,0.7785,2.9959145,0.6875697069234451
2,2,298818.3432916524,0.7785,3.0000033,0.6884960759484139
2,2,298818.3434916524,0.7785,2.9998887,0.6884961191860736
3,1,298818.3442916524,-0.7785,2.9273803,-8.560730351342096e-08
3,1,298823.3444879271,-0.7785,2.6563818,-0.0010816803469790351
3,1,298828.3446842018,-0.7785,2.5172632,-0.002163275557759735
3,1,298833.3448804765,-0.7785,2.4186516,-0.003244871063676145
3,1,298838.3450767512,-0.7785,2.3428922,-0.004326465832700332
3,1,298843.3452730259,-0.7785,2.2829533,-0.005408060548451212
3,1,298848.34546930064,-0.7785,2.2362173,-0.006489651488655143
3,1,298853.34566557535,-0.7785,2.2025506,-0.007571243997047345
3,1,298858.3458618501,-0.7785,2.1793165,-0.008652836125370529
3,1,298863.3460581247,-0.7785,2.1632283,-0.00973442915757166
3,1,298868.3462543993,-0.7785,2.151363,-0.010816020887947744
3,1,298873.3464506739,-0.7785,2.1415799,-0.011897614929974078
3,1,298878.3466469485,-0.7785,2.1330965,-0.012979208599623706
3,1,298883.3468432233,-0.7785,2.1249568,-0.014060802016251615
3,1,298888.3470394979,-0.7785,2.116951,-0.01514239490419295
3,1,298893.3472357725,-0.7785,2.1084864,-0.016223986367447506
3,1,298898.3474320471,-0.7785,2.099105,-0.017305579502602416
3,1,298903.34762832173,-0.7785,2.088768,-0.018387172308309208
3,1,298908.34782459633,-0.7785,2.0769598,-0.019468763624820442
3,1,298913.34802087117,-0.7785,2.0633748,-0.020550356345206498
3,1,298918.348217146,-0.7785,2.0474777,-0.02163194927261273
3,1,298923.34841342084,-0.7785,2.0289056,-0.02271354323520925
3,1,298928.3486096957,-0.7785,2.0078497,-0.02379513595826096
3,1,298933.3488059705,-0.7785,1.9843478,-0.024876726431525414
3,1,298938.34900224535,-0.7785,1.9591838,-0.02595831569284863
3,1,298943.3491985202,-0.7785,1.9337714,-0.02703990653347969
3,1,298948.349394795,-0.7785,1.9077476,-0.028121495384967988
3,1,298953.34959106985,-0.7785,1.8823161,-0.02920308266500632
3,1,298958.3497873447,-0.7785,1.8576871,-0.03028467352104187
3,1,298963.3499836195,-0.7785,1.834128,-0.03136626620360547
3,1,298968.35017989436,-0.7785,1.8118874,-0.03244785732933217
3,1,298973.3503761692,-0.7785,1.7909461,-0.033529453814529715
3,1,298978.35057244403,-0.7785,1.7717434,-0.034611051417761385
3,1,298983.35076871887,-0.7785,1.753993,-0.03569264875649082
3,1,298988.3509649937,-0.7785,1.7380385,-0.036774249101668606
3,1,298993.35116126854,-0.7785,1.7239184,-0.03785584852459697
3,1,298998.3513575434,-0.7785,1.7118618,-0.03893744805569782
3,1,299003.3515538182,-0.7785,1.7013721,-0.040019046103361586
3,1,299008.3517500926,-0.7785,1.6927166,-0.04110064454787639
3,1,299013.35194636695,-0.7785,1.6854178,-0.04218224162714349
3,1,299018.3521426413,-0.7785,1.6794754,-0.04326383758142591
3,1,299023.3523389157,-0.7785,1.6746795,-0.04434543422171474
3,1,299028.35253519006,-0.7785,1.6707435,-0.04542703316018648
3,1,299033.35273146443,-0.7785,1.6674379,-0.04650863033625153
3,1,299038.3529277388,-0.7785,1.6648203,-0.0475902252069215
3,1,299043.35312401317,-0.7785,1.6624128,-0.048671820731719335
3,1,299048.35332028754,-0.7785,1.6605594,-0.04975341622552607
3,1,299053.3535165619,-0.7785,1.6590117,-0.05083501303141316
3,1,299058.3537128363,-0.7785,1.6574832,-0.05191660973348552
3,1,299063.35390911065,-0.7785,1.6562412,-0.05299820587894983
3,1,299068.354105385,-0.7785,1.6550757,-0.05407980048543215
3,1,299073.3543016594,-0.7785,1.6541203,-0.05516139645632108
3,1,299078.35449793376,-0.7785,1.6533178,-0.05624299586914645
3,1,299083.35469420813,-0.7785,1.6524771,-0.05732459515502387
3,1,299088.3548904825,-0.7785,1.651732,-0.05840619533236491
3,1,299093.35508675687,-0.7785,1.651216,-0.059487796270287704
3,1,299098.35528303124,-0.7785,1.65049,-0.06056939632922412
3,1,299103.3554793056,-0.7785,1.6500888,-0.06165099433730709
3,1,299108.35567558,-0.7785,1.6496493,-0.06273259145317807
3,1,299113.35587185435,-0.7785,1.6492289,-0.0638141875902282
3,1,299118.3560681287,-0.7785,1.6485792,-0.06489578137632875
3,1,299123.3562644031,-0.7785,1.6482353,-0.0659773779975474
3,1,299128.35646067746,-0.7785,1.6477386,-0.06705897395854526
3,1,299133.35665695183,-0.7785,1.6473373,-0.06814056842046315
3,1,299138.3568532262,-0.7785,1.6470507,-0.06922216254927716
3,1,299143.35704950057,-0.7785,1.6466686,-0.07030375767372053
3,1,299148.35724577494,-0.7785,1.6463056,-0.07138535194712216
3,1,299153.3574420493,-0.7785,1.6459234,-0.07246694735099873
3,1,299158.3576383237,-0.7785,1.6457896,-0.07354854105866619
3,1,299163.35783459805,-0.7785,1.6453502,-0.07463013665522802
3,1,299168.3580308724,-0.7785,1.6451209,-0.07571173232442804
3,1,299173.3582271468,-0.7785,1.6448343,-0.07679332914321622
3,1,299178.35842342116,-0.7785,1.6446815,-0.07787492537442182
3,1,299183.35861969553,-0.7785,1.644433,-0.07895651922116348
3,1,299188.3588159699,-0.7785,1.64407,-0.08003811624009743
3,1,299193.35901224427,-0.7785,1.6440318,-0.08111971076156035
3,1,299198.35920851864,-0.7785,1.6437261,-0.0822013057694601
3,1,299203.359404793,-0.7785,1.6436114,-0.08328290105472011
3,1,299208.3596010674,-0.7785,1.6432675,-0.0843644986782008
3,1,299213.35979734175,-0.7785,1.6429045,-0.08544609448770685
3,1,299218.3599936161,-0.7785,1.6429427,-0.0865276886446377
3,1,299223.3601898905,-0.7785,1.642618,-0.0876092832694054
3,1,299228.36038616486,-0.7785,1.6424077,-0.08869087848029869
3,1,299233.3605824392,-0.7785,1.6421211,-0.08977247313855427
3,1,299238.3607787136,-0.7785,1.6419109,-0.09085406563085653
3,1,299243.36097498797,-0.7785,1.6418345,-0.09193565998865172
3,1,299248.36117126234,-0.7785,1.641567,-0.09301725483205257
3,1,299253.3613675367,-0.7785,1.6413378,-0.09409885094432703
3,1,299258.3615638111,-0.7785,1.6411657,-0.09518044731466312
3,1,299263.36176008545,-0.7785,1.6409365,-0.0962620429539979
3,1,299268.3619563598,-0.7785,1.6407835,-0.09734363980968468
3,1,299273.3621526342,-0.7785,1.640497,-0.09842523694449007
3,1,299278.36234890856,-0.7785,1.6404015,-0.09950683387464954
3,1,299283.3625451829,-0.7785,1.640134,-0.10058843032169017
3,1,299288.3627414573,-0.7785,1.6399812,-0.10167002600215215
3,1,299293.36293773167,-0.7785,1.6396945,-0.10275162311449983
3,1,299298.36313400604,-0.7785,1.6394652,-0.10383322409755659
3,1,299303.3633302804,-0.7785,1.6393124,-0.10491482306836054
3,1,299308.3635265548,-0.7785,1.6391213,-0.1059964227516751
3,1,299313.36372282915,-0.7785,1.6389302,-0.10707802500832417
3,1,299318.3639191035,-0.7785,1.63872,-0.10815962580882846
3,1,299323.3641153779,-0.7785,1.6384335,-0.10924122292014962
3,1,299328.36431165226,-0.7785,1.6382233,-0.11032281831229401
3,1,299333.3645079266,-0.7785,1.6381277,-0.11140441418489158
3,1,299338.364704201,-0.7785,1.6380322,-0.1124860088094043
3,1,299343.36490047537,-0.7785,1.6379558,-0.11356760390667459
3,1,299348.36509674974,-0.7785,1.6375736,-0.11464919776343975
3,1,299353.3652930241,-0.7785,1.6375545,-0.11573079311928491
3,1,299358.3654892985,-0.7785,1.637287,-0.11681238626156588
3,1,299363.36568557285,-0.7785,1.637115,-0.11789397926566343
3,1,299368.3658818472,-0.7785,1.6369431,-0.11897557242194487
3,1,299373.3660781216,-0.7785,1.6367137,-0.12005716656659385
3,1,299378.36627439596,-0.7785,1.6367137,-0.12113876059324881
3,1,299383.3664706703,-0.7785,1.6364654,-0.1222203567999006
3,1,299388.3666669447,-0.7785,1.6361406,-0.12330195080665755
3,1,299393.36686321907,-0.7785,1.6360642,-0.12438354148594878
3,1,299398.36705949344,-0.7785,1.6358731,-0.12546513330656298
3,1,299403.3672557683,-0.7785,1.6356246,-0.12654672426577418
3,1,299408.3674520431,-0.7785,1.6354909,-0.12762831653974463
3,1,299413.36764831794,-0.7785,1.6354145,-0.12870990994167006
3,1,299418.3678445928,-0.7785,1.6348987,-0.1297915063149069
3,1,299423.3680408676,-0.7785,1.6348795,-0.13087310143864828
3,1,299428.36823714245,-0.7785,1.6345356,-0.13195469723811426
3,1,299433.3684334173,-0.7785,1.6343063,-0.133036288705412
3,1,299438.3686296921,-0.7785,1.6340961,-0.13411788053242377
3,1,299443.36882596696,-0.7785,1.6339815,-0.13519947371991817
3,1,299448.3690222418,-0.7785,1.6337904,-0.13628106551354802
3,1,299453.36921851663,-0.7785,1.6336185,-0.13736265635222536
3,1,299458.36941479146,-0.7785,1.63337,-0.13844424698351165
3,1,299463.3696110663,-0.7785,1.6331981,-0.13952583886481662
3,1,299468.36980734114,-0.7785,1.6329114,-0.14060743011590845
3,1,299473.370003616,-0.7785,1.6327586,-0.1416890236842898
3,1,299478.3701998908,-0.7785,1.6324338,-0.14277061983335357
3,1,299483.37039616564,-0.7785,1.6321472,-0.14385221477998636
3,1,299488.3705924405,-0.7785,1.632109,-0.14493380569763656
3,1,299493.3707887153,-0.7785,1.6318223,-0.14601539513239273
3,1,299498.3709849897,-0.7785,1.6317459,-0.14709698401151441
3,1,299503.3711812643,-0.7785,1.6313256,-0.1481785755834448
3,1,299508.3713775389,-0.7785,1.6312301,-0.14926016601016134
3,1,299513.3715738135,-0.7785,1.6309434,-0.1503417573999631
3,1,299518.3717700881,-0.7785,1.6307524,-0.1514233494784204
3,1,299523.3719663627,-0.7785,1.6306378,-0.15250494231932704
3,1,299528.3721626373,-0.7785,1.6304084,-0.15358653640338457
3,1,299533.3723589119,-0.7785,1.6302556,-0.15466813048522018
3,1,299538.3725551865,-0.7785,1.6300263,-0.15574972440283508
3,1,299543.3727514611,-0.7785,1.6296824,-0.15683131477881812
3,1,299548.3729477357,-0.7785,1.6294913,-0.15791290749589282
3,1,299553.37314401043,-0.7785,1.6292812,-0.158994499737339
3,1,299558.37334028515,-0.7785,1.6291665,-0.16007609299317013
3,1,299563.37353655987,-0.7785,1.6287652,-0.16115768573828881
3,1,299568.3737328346,-0.7785,1.6286888,-0.16223927596441917
3,1,299573.3739291093,-0.7785,1.6284786,-0.16332086844195604
3,1,299578.374125384,-0.7785,1.6283449,-0.16440246093980151
3,1,299583.37432165875,-0.7785,1.6280583,-0.16548405414386932
3,1,299588.37451793347,-0.7785,1.6277525,-0.16656564775067578
3,1,299593.3747142082,-0.7785,1.627485,-0.16764724624410612
3,1,299598.3749104829,-0.7785,1.6273322,-0.1687288475451636
3,1,299603.3751067576,-0.7785,1.6269692,-0.16981045282746696
3,1,299608.37530303234,-0.7785,1.6268545,-0.17089205533476348
3,1,299613.375499307,-0.7785,1.6266444,-0.17197366040491735
3,1,299618.3756955817,-0.7785,1.6264342,-0.17305526605986896
3,1,299623.3758918567,-0.7785,1.6262814,-0.1741368716181948
3,1,299628.37608813134,-0.7785,1.6258992,-0.17521846870974708
3,1,299633.37628440605,-0.7785,1.6257081,-0.17630006979124754
3,1,299638.3764806808,-0.7785,1.6253833,-0.17738167849517872
3,1,299643.3766769555,-0.7785,1.6251158,-0.17846328785330068
3,1,299648.3768732302,-0.7785,1.6248865,-0.17954489300281481
3,1,299653.37706950493,-0.7785,1.6247528,-0.1806264903560977
3,1,299658.37726577953,-0.7785,1.6244279,-0.1817080980878142
3,1,299663.37746205414,-0.7785,1.6242942,-0.18278970539357606
3,1,299668.37765832874,-0.7785,1.6241413,-0.18387130884946726
3,1,299673.37785460334,-0.7785,1.6238357,-0.18495290759187946
3,1,299678.37805087795,-0.7785,1.6234726,-0.1860345086917547
3,1,299683.37824715255,-0.7785,1.6233197,-0.18711610294267544
3,1,299688.3784434269,-0.7785,1.6229185,-0.18819769940515038
3,1,299693.3786397015,-0.7785,1.6227657,-0.18927929714763175
3,1,299698.3788359761,-0.7785,1.62267,-0.190360894780626
3,1,299703.37903225096,-0.7785,1.6224791,-0.19144249214331982
3,1,299708.3792285258,-0.7785,1.6221352,-0.1925240906811159
3,1,299713.37942480063,-0.7785,1.6219441,-0.19360568920527244
3,1,299718.37962107547,-0.7785,1.6216956,-0.19468728628510248
3,1,299723.3798173503,-0.7785,1.6213708,-0.19576888246747864
3,1,299728.38001362514,-0.7785,1.6212944,-0.19685047899557498
3,1,299733.3802099,-0.7785,1.6210269,-0.19793207665419593
3,1,299738.3804061748,-0.7785,1.620702,-0.19901367362648595
3,1,299743.38060244964,-0.7785,1.6205301,-0.20009527161338608
3,1,299748.3807987245,-0.7785,1.620148,-0.20117686888321254
3,1,299753.3809949993,-0.7785,1.6199569,-0.20225845992359864
3,1,299758.38119127415,-0.7785,1.6195365,-0.2033400507837403
3,1,299763.381387549,-0.7785,1.6194984,-0.20442164343232594
3,1,299768.38158382336,-0.7785,1.6189824,-0.20550323580306784
3,1,299773.3817800982,-0.7785,1.6188296,-0.20658483149750712
3,1,299778.381976373,-0.7785,1.6185812,-0.20766642726995233
3,1,299783.38217264786,-0.7785,1.6182755,-0.20874802444849758
3,1,299788.3823689227,-0.7785,1.6179698,-0.2098296205180355
3,1,299793.38256519753,-0.7785,1.6178169,-0.21091121543957803
3,1,299798.38276147237,-0.7785,1.6176449,-0.21199281070243664
3,1,299803.3829577472,-0.7785,1.617301,-0.21307440475011216
3,1,299808.3831540216,-0.7785,1.6170717,-0.21415599998439033
3,1,299813.38335029595,-0.7785,1.6168042,-0.2152375975320175
3,1,299818.3835465703,-0.7785,1.6166131,-0.21631919618176101
3,1,299823.3837428447,-0.7785,1.6161546,-0.21740079560990477
3,1,299828.38393911906,-0.7785,1.6158489,-0.21848239494918464
3,1,299833.3841353934,-0.7785,1.6157342,-0.21956399374656227
3,1,299838.3843316678,-0.7785,1.6154858,-0.22064559304236053
3,1,299843.38452794217,-0.7785,1.6150655,-0.22172719161045232
3,1,299848.38472421654,-0.7785,1.6148553,-0.22280878956852698
3,1,299853.3849204909,-0.7785,1.6145878,-0.22389038825384455
3,1,299858.3851167653,-0.7785,1.614435,-0.22497198857354797
3,1,299863.38531303965,-0.7785,1.6142248,-0.22605358707327322
3,1,299868.385509314,-0.7785,1.6139,-0.22713518643160338
3,1,299873.3857055884,-0.7785,1.6134223,-0.22821678713503488
3,1,299878.38590186276,-0.7785,1.6132694,-0.22929838769797492
3,1,299883.3860981371,-0.7785,1.6129829,-0.23037998986645547
3,1,299888.3862944115,-0.7785,1.6126771,-0.23146159010238124
3,1,299893.38649068587,-0.7785,1.6124669,-0.23254318963204165
3,1,299898.38668696024,-0.7785,1.6122185,-0.2336247896713582
3,1,299903.3868832346,-0.7785,1.611951,-0.23470639142956343
3,1,299908.387079509,-0.7785,1.6116263,-0.23578799328634148
3,1,299913.38727578335,-0.7785,1.6112632,-0.2368695940567388
3,1,299918.3874720577,-0.7785,1.6111103,-0.23795119636196896
3,1,299923.3876683321,-0.7785,1.61069,-0.23903279985776216
3,1,299928.38786460645,-0.7785,1.6104989,-0.2401144033167826
3,1,299933.3880608808,-0.7785,1.6101931,-0.2411960050943527
3,1,299938.3882571552,-0.7785,1.6098684,-0.24227760629692013
3,1,299943.38845342956,-0.7785,1.6096582,-0.2433592096898821
3,1,299948.38864970393,-0.7785,1.6094098,-0.24444081372527615
3,1,299953.3888459783,-0.7785,1.6091232,-0.24552241803601718
3,1,299958.3890422527,-0.7785,1.6086837,-0.24660402229481607
3,1,299963.38923852704,-0.7785,1.6084354,-0.24768562599747052
3,1,299968.3894348014,-0.7785,1.6082251,-0.24876722757543793
3,1,299973.3896310758,-0.7785,1.6079385,-0.2498488259105219
3,1,299978.38982735015,-0.7785,1.6075755,-0.25093042420973716
3,1,299983.3900236245,-0.7785,1.6073271,-0.25201202408255474
3,1,299988.3902198989,-0.7785,1.6070979,-0.25309362422790466
3,1,299993.39041617326,-0.7785,1.6069068,-0.25417522501559064
3,1,299998.39061244763,-0.7785,1.6064482,-0.25525682696319957
3,1,300003.390808722,-0.7785,1.6061043,-0.2563384289298356
3,1,300008.3910049964,-0.7785,1.6057413,-0.25742003358639615
3,1,300013.39120127074,-0.7785,1.6055119,-0.2585016371541785
3,1,300018.3913975451,-0.7785,1.6052636,-0.25958324043061337
3,1,300023.3915938195,-0.7785,1.6049961,-0.2606648427678181
3,1,300028.39179009385,-0.7785,1.604633,-0.2617464431877832
3,1,300033.3919863682,-0.7785,1.6043273,-0.2628280433422029
3,1,300038.3921826426,-0.7785,1.6040407,-0.2639096433154212
3,1,300043.39237891696,-0.7785,1.6037159,-0.26499124212722314
3,1,300048.39257519133,-0.7785,1.603372,-0.2660728428406086
3,1,300053.3927714657,-0.7785,1.6032382,-0.267154446520408
3,1,300058.3929677401,-0.7785,1.6029325,-0.26823605333860384
3,1,300063.39316401444,-0.7785,1.6024357,-0.26931766203193863
3,1,300068.3933602888,-0.7785,1.6023402,-0.27039926751323873
3,1,300073.3935565632,-0.7785,1.6020727,-0.27148087303597396
3,1,300078.39375283755,-0.7785,1.601767,-0.2725624781002402
3,1,300083.3939491119,-0.7785,1.6011938,-0.27364408098049625
3,1,300088.3941453863,-0.7785,1.6009454,-0.27472568402506903
3,1,300093.39434166066,-0.7785,1.6005824,-0.27580728808304333
3,1,300098.39453793503,-0.7785,1.6004294,-0.27688889120760557
3,1,300103.3947342094,-0.7785,1.6000664,-0.27797049509038196
3,1,300108.3949304838,-0.7785,1.5998945,-0.2790520986394849
3,1,300113.39512675814,-0.7785,1.5994169,-0.2801337031054397
3,1,300118.3953230325,-0.7785,1.599092,-0.2812153084450165
3,1,300123.3955193069,-0.7785,1.5989009,-0.2822969141678379
3,1,300128.39571558125,-0.7785,1.5983659,-0.28337851736014746
3,1,300133.3959118556,-0.7785,1.5981367,-0.2844601218564907
3,1,300138.39610813,-0.7785,1.5979646,-0.2855417261347605
3,1,300143.39630440436,-0.7785,1.597659,-0.286623329023689
3,1,300148.39650067873,-0.7785,1.5973151,-0.28770493227958344
3,1,300153.3966969531,-0.7785,1.5968182,-0.28878653995154296
3,1,300158.3968932275,-0.7785,1.596608,-0.2898681454011698
3,1,300163.39708950184,-0.7785,1.596073,-0.2909497513831588
3,1,300168.3972857762,-0.7785,1.5958247,-0.29203135689298637
3,1,300173.3974820506,-0.7785,1.5953661,-0.29311296168879
3,1,300178.39767832495,-0.7785,1.5952514,-0.2941945668471786
3,1,300183.3978745993,-0.7785,1.5947164,-0.29527617337540113
3,1,300188.3980708737,-0.7785,1.5946019,-0.29635778152190967
3,1,300193.39826714806,-0.7785,1.5943152,-0.29743938655635044
3,1,300198.3984634229,-0.7785,1.5938184,-0.29852099094877965
3,1,300203.39865969773,-0.7785,1.5935509,-0.29960259640875786
3,1,300208.39885597257,-0.7785,1.5933025,-0.3006842039254605
3,1,300213.3990522474,-0.7785,1.5929012,-0.3017658082106212
3,1,300218.39924852224,-0.7785,1.5925192,-0.302847412444363
3,1,300223.3994447971,-0.7785,1.592156,-0.30392901597571037
3,1,300228.3996410719,-0.7785,1.5918313,-0.3050106177464657
3,1,300233.3998373463,-0.7785,1.5914682,-0.3060922201618254
3,1,300238.4000336211,-0.7785,1.5912007,-0.30717382081041733
3,1,300243.40022989595,-0.7785,1.5907995,-0.308255422316028
3,1,300248.4004261708,-0.7785,1.5903983,-0.30933702431799304
3,1,300253.4006224456,-0.7785,1.5902836,-0.3104186242692073
3,1,300258.40081872046,-0.7785,1.5897104,-0.3115002241722312
3,1,300263.4010149953,-0.7785,1.5894811,-0.3125818249775701
3,1,300268.40121127013,-0.7785,1.5890034,-0.31366342542742354
3,1,300273.40140754497,-0.7785,1.5887742,-0.3147450270629458
3,1,300278.4016038198,-0.7785,1.5883538,-0.3158266283303532
3,1,300283.40180009464,-0.7785,1.5879526,-0.3169082276080681
3,1,300288.4019963695,-0.7785,1.5875895,-0.3179898298952612
3,1,300293.4021926443,-0.7785,1.5872647,-0.3190714291327231
3,1,300298.4023889189,-0.7785,1.5870163,-0.3201530271938906
3,1,300303.4025851935,-0.7785,1.5865195,-0.3212346218565735
3,1,300308.4027814681,-0.7785,1.5861948,-0.32231621716017184
3,1,300313.4029777427,-0.7785,1.585889,-0.323397811060657
3,1,300318.4031740173,-0.7785,1.5853349,-0.3244794046781327
3,1,300323.4033702919,-0.7785,1.5851629,-0.32556099902812297
3,1,300328.4035665665,-0.7785,1.584819,-0.32664259464700013
3,1,300333.40376284113,-0.7785,1.584456,-0.32772419129622304
3,1,300338.40395911573,-0.7785,1.5840547,-0.32880578772978974
3,1,300343.40415539034,-0.7785,1.583558,-0.3298873836728334
3,1,300348.40435166506,-0.7785,1.5832905,-0.33096898049109835
3,1,300353.4045479398,-0.7785,1.5827364,-0.33205057708232927
3,1,300358.4047442145,-0.7785,1.5825261,-0.33313217186294325
3,1,300363.40494048945,-0.7785,1.582125,-0.33421376678449904
3,1,300368.40513676417,-0.7785,1.5818192,-0.3352953638952639
3,1,300373.4053330389,-0.7785,1.5813224,-0.33637696450723203
3,1,300378.4055293136,-0.7785,1.5809021,-0.3374585650269521
3,1,300383.4057255883,-0.7785,1.5806154,-0.33854016521047214
3,1,300388.40592186304,-0.7785,1.5800422,-0.339621766360306
3,1,300393.40611813776,-0.7785,1.57966,-0.3407033679973747
3,1,300398.4063144125,-0.7785,1.5794499,-0.3417849674563672
3,1,300403.4065106872,-0.7785,1.5790869,-0.34286656808051463
3,1,300408.4067069619,-0.7785,1.5786666,-0.3439481649550994
3,1,300413.4069032366,-0.7785,1.578208,-0.3450297610318826
3,1,300418.4070995113,-0.7785,1.577864,-0.3461113541930218
3,1,300423.40729578584,-0.7785,1.5775775,-0.34719294695150515
3,1,300428.40749206056,-0.7785,1.5771762,-0.34827453979866035
3,1,300433.4076883353,-0.7785,1.5767176,-0.3493561306024028
3,1,300438.40788461,-0.7785,1.5763164,-0.35043772173721255
3,1,300443.4080808847,-0.7785,1.5758004,-0.3515193146357834
3,1,300448.4082771593,-0.7785,1.5754757,-0.35260091043223935
3,1,300453.4084734339,-0.7785,1.5750362,-0.35368250387125544
3,1,300458.40866970853,-0.7785,1.574463,-0.3547640973497298
3,1,300463.40886598313,-0.7785,1.5741955,-0.3558456929448379
3,1,300468.40906225774,-0.7785,1.5736796,-0.35692729882377383
3,1,300473.40925853234,-0.7785,1.5733356,-0.35800890389889145
3,1,300478.40945480694,-0.7785,1.5728962,-0.35909050146064825
3,1,300483.40965108154,-0.7785,1.572514,-0.36017209740465217
3,1,300488.40984735615,-0.7785,1.5722847,-0.36125370131900575
3,1,300493.41004363075,-0.7785,1.5717689,-0.36233529954536425
3,1,300498.4102399056,-0.7785,1.5713676,-0.3634168957265152
3,1,300503.41043617995,-0.7785,1.5708517,-0.3644984932190379
3,1,300508.4106324548,-0.7785,1.5704696,-0.36558010354551673
3,1,300513.4108287296,-0.7785,1.5701638,-0.3666617143610451
3,1,300518.41102500446,-0.7785,1.5697626,-0.36774332093038165
3,1,300523.4112212793,-0.7785,1.5692085,-0.3688249185476933
3,1,300528.41141755413,-0.7785,1.5687691,-0.36990652676659164
3,1,300533.41161382897,-0.7785,1.5684252,-0.37098813582246176
3,1,300538.4118101038,-0.7785,1.5680239,-0.37206974380273294
3,1,300543.41200637864,-0.7785,1.5676227,-0.3731513506800003
3,1,300548.4122026535,-0.7785,1.5671641,-0.3742329560573135
3,1,300553.4123989283,-0.7785,1.5665909,-0.37531456094066973
3,1,300558.41259520315,-0.7785,1.5661705,-0.37639616779718144
3,1,300563.412791478,-0.7785,1.5657692,-0.3774777759269841
3,1,300568.4129877528,-0.7785,1.565368,-0.3785593715867335
3,1,300573.41318402765,-0.7785,1.564833,-0.3796409670937029
3,1,300578.4133803025,-0.7785,1.564298,-0.38072256052389086
3,1,300583.4135765773,-0.7785,1.564107,-0.3818041558796367
3,1,300588.41377285216,-0.7785,1.5635337,-0.3828857515473168
3,1,300593.413969127,-0.7785,1.5632663,-0.38396734972971025
3,1,300598.41416540183,-0.7785,1.5625592,-0.3850489484425453
3,1,300603.4143616762,-0.7785,1.5621198,-0.3861305473667516
3,1,300608.4145579506,-0.7785,1.5615848,-0.38721214603615145
3,1,300613.41475422494,-0.7785,1.5611836,-0.3882937438891266
3,1,300618.4149504993,-0.7785,1.5608587,-0.38937534246449346
3,1,300623.4151467737,-0.7785,1.5603046,-0.3904569396943153
3,1,300628.41534304805,-0.7785,1.5597696,-0.39153853488720136
3,1,300633.4155393224,-0.7785,1.5593493,-0.39262012876587454
3,1,300638.4157355968,-0.7785,1.5587952,-0.39370172158208167
3,1,300643.41593187116,-0.7785,1.5584704,-0.39478331238374786
3,1,300648.41612814553,-0.7785,1.5580691,-0.3958649037740099
3,1,300653.4163244199,-0.7785,1.5574003,-0.39694649435320506
3,1,300658.41652069427,-0.7785,1.5570374,-0.3980280845722292
3,1,300663.41671696864,-0.7785,1.5564833,-0.39910967600740005
3,1,300668.416913243,-0.7785,1.5560247,-0.4001912689553202
3,1,300673.4171095174,-0.7785,1.5555087,-0.40127286263061573
3,1,300678.41730579175,-0.7785,1.5551839,-0.4023544577668774
3,1,300683.4175020661,-0.7785,1.5545534,-0.4034360513635014
3,1,300688.4176983405,-0.7785,1.553961,-0.40451764193684536
3,1,300693.41789461486,-0.7785,1.5533688,-0.4055992333619827
3,1,300698.41809088923,-0.7785,1.5529293,-0.40668082532304534
3,1,300703.4182871636,-0.7785,1.5523369,-0.4077624210773012
3,1,300708.41848343797,-0.7785,1.5520504,-0.4088440176583596
3,1,300713.41867971234,-0.7785,1.5515727,-0.4099256139910421
3,1,300718.4188759867,-0.7785,1.5509231,-0.4110072120674022
3,1,300723.4190722611,-0.7785,1.5503498,-0.4120888109659355
3,1,300728.41926853545,-0.7785,1.5500633,-0.41317040846895525
3,1,300733.4194648098,-0.7785,1.5494328,-0.41425200571761545
3,1,300738.4196610842,-0.7785,1.5487448,-0.4153336032492156
3,1,300743.41985735856,-0.7785,1.5483245,-0.41641519886492706
3,1,300748.42005363293,-0.7785,1.547694,-0.4174967954578037
3,1,300753.4202499073,-0.7785,1.5472544,-0.41857839072486447
3,1,300758.42044618167,-0.7785,1.5465858,-0.41965998757813394
3,1,300763.42064245604,-0.7785,1.5460125,-0.4207415841854515
3,1,300768.4208387304,-0.7785,1.5454202,-0.4218231809884842
3,1,300773.4210350048,-0.7785,1.5448279,-0.4229047773701816
3,1,300778.42123127915,-0.7785,1.5443503,-0.4239863755287365
3,1,300783.4214275535,-0.7785,1.5437006,-0.42506797120967205
3,1,300788.4216238279,-0.7785,1.5432612,-0.42614956612298255
3,1,300793.42182010226,-0.7785,1.5426115,-0.4272311607535253
3,1,300798.42201637663,-0.7785,1.5422676,-0.4283127557006382
3,1,300803.422212651,-0.7785,1.5415605,-0.42939434973882334
3,1,300808.42240892537,-0.7785,1.5410256,-0.43047594361986746
3,1,300813.42260519974,-0.7785,1.540395,-0.43155753955459625
3,1,300818.4228014741,-0.7785,1.5398219,-0.43263913810675375
3,1,300823.4229977485,-0.7785,1.5392869,-0.43372073540172673
3,1,300828.42319402285,-0.7785,1.5387137,-0.4348023342662357
3,1,300833.4233902972,-0.7785,1.5380831,-0.43588393299307787
3,1,300838.4235865716,-0.7785,1.5373379,-0.4369655319785711
3,1,300843.42378284596,-0.7785,1.5369558,-0.43804712515331007
3,1,300848.4239791203,-0.7785,1.5361915,-0.43912871874657633
3,1,300853.4241753947,-0.7785,1.535733,-0.44021031260206
3,1,300858.42437166907,-0.7785,1.535045,-0.44129190441802835
3,1,300863.42456794344,-0.7785,1.5345292,-0.4423734991649657
3,1,300868.4247642178,-0.7785,1.5340323,-0.4434550941245261
3,1,300873.4249604922,-0.7785,1.5333254,-0.44453668859535156
3,1,300878.42515676655,-0.7785,1.5326949,-0.4456182817952371
3,1,300883.4253530409,-0.7785,1.5321409,-0.44669987330193683
3,1,300888.4255493153,-0.7785,1.5315294,-0.44778146803226104
3,1,300893.42574558966,-0.7785,1.5308415,-0.44886306190346376
3,1,300898.425941864,-0.7785,1.530211,-0.44994465331716366
3,1,300903.4261381384,-0.7785,1.5296186,-0.45102624530902863
3,1,300908.42633441277,-0.7785,1.5289117,-0.4521078368959562
3,1,300913.42653068714,-0.7785,1.5283576,-0.4531894296339554
3,1,300918.4267269615,-0.7785,1.5275742,-0.45427102178085205
3,1,300923.4269232359,-0.7785,1.5268863,-0.45535261787864256
3,1,300928.42711951025,-0.7785,1.5261221,-0.4564342131816217
3,1,300933.4273157846,-0.7785,1.5256635,-0.45751581064458374
3,1,300938.427512059,-0.7785,1.5249757,-0.4585974068257943
3,1,300943.42770833336,-0.7785,1.5242305,-0.45967900492189345
3,1,300948.4279046077,-0.7785,1.5237528,-0.4607606009662517
3,1,300953.4281008821,-0.7785,1.5229886,-0.4618421929202942
3,1,300958.42829715647,-0.7785,1.5223389,-0.46292378479529106
3,1,300963.42849343084,-0.7785,1.521632,-0.4640053797315394
3,1,300968.4286897052,-0.7785,1.520753,-0.46508697591623016
3,1,300973.4288859796,-0.7785,1.5201224,-0.4661685727590887
3,1,300978.42908225395,-0.7785,1.5194155,-0.46725016748348885
3,1,300983.4292785283,-0.7785,1.5185939,-0.46833175984333636
3,1,300988.4294748027,-0.7785,1.5179825,-0.4694133507704438
3,1,300993.42967107706,-0.7785,1.5172755,-0.4704949420253305
3,1,300998.4298673519,-0.7785,1.5165495,-0.4715765352700089
3,1,301003.4300636267,-0.7785,1.5160145,-0.47265812946604374
3,1,301008.43025990156,-0.7785,1.5153266,-0.4737397257263331
3,1,301013.4304561764,-0.7785,1.514333,-0.4748213216075336
3,1,301018.43065245124,-0.7785,1.5137025,-0.47590291747511443
3,1,301023.4308487261,-0.7785,1.5129381,-0.4769845128678151
3,1,301028.4310450009,-0.7785,1.5122886,-0.4780661078544526
3,1,301033.43124127574,-0.7785,1.5115815,-0.4791477047124275
3,1,301038.4314375506,-0.7785,1.5107026,-0.4802292999007207
3,1,301043.4316338254,-0.7785,1.5101677,-0.4813108927881322
3,1,301048.43183010025,-0.7785,1.5093843,-0.48239248641794275
3,1,301053.4320263751,-0.7785,1.5083525,-0.4834740794180302
3,1,301058.4322226499,-0.7785,1.5075309,-0.4845556720453105
3,1,301063.43241892476,-0.7785,1.5070914,-0.48563726401435686
3,1,301068.4326151996,-0.7785,1.5062698,-0.48671885588641983
3,1,301073.4328114744,-0.7785,1.5055056,-0.4878004470990402
3,1,301078.43300774926,-0.7785,1.504684,-0.4888820404665605
3,1,301083.4332040241,-0.7785,1.5039388,-0.4899636327011455
3,1,301088.43340029893,-0.7785,1.5029261,-0.49104522561048825
3,1,301093.43359657354,-0.7785,1.5022,-0.49212681791222784
3,1,301098.4337928484,-0.7785,1.5013975,-0.4932084087060494
3,1,301103.433989123,-0.7785,1.500595,-0.49428999890829484
3,1,301108.4341853976,-0.7785,1.499869,-0.49537158923038205
3,1,301113.4343816722,-0.7785,1.4988945,-0.49645317968852015
3,1,301118.4345779468,-0.7785,1.4982258,-0.4975347711822393
3,1,301123.4347742214,-0.7785,1.4972131,-0.4986163623964193
3,1,301128.434970496,-0.7785,1.4962959,-0.4996979529191159
3,1,301133.4351667706,-0.7785,1.4955508,-0.5007795445203684
3,1,301138.4353630452,-0.7785,1.4945954,-0.5018611393157512
3,1,301143.4355593199,-0.7785,1.4937547,-0.5029427338163623
3,1,301148.43575559463,-0.7785,1.4927802,-0.5040243281553688
3,1,301153.43595186935,-0.7785,1.4921306,-0.5051059209933019
3,1,301158.4361481441,-0.7785,1.4911561,-0.5061875154767205
3,1,301163.4363444187,-0.7785,1.4902581,-0.5072691084199948
3,1,301168.4365406934,-0.7785,1.489341,-0.5083506995930013
3,1,301173.4367369681,-0.7785,1.4884621,-0.5094322907215758
3,1,301178.43693324283,-0.7785,1.4874302,-0.5105138803143174
3,1,301183.43712951755,-0.7785,1.4865705,-0.511595469806867
3,1,301188.43732579227,-0.7785,1.485768,-0.512677060073704
3,1,301193.437522067,-0.7785,1.4847362,-0.5137586515422137
3,1,301198.43771834165,-0.7785,1.4838573,-0.5148402439541291
3,1,301203.43791461637,-0.7785,1.4829974,-0.5159218346054956
3,1,301208.4381108911,-0.7785,1.4819466,-0.5170034243021678
3,1,301213.4383071658,-0.7785,1.4810677,-0.5180850158360638
3,1,301218.43850344047,-0.7785,1.480055,-0.5191666088976037
3,1,301223.4386997152,-0.7785,1.4791378,-0.5202482019637762
3,1,301228.4388959899,-0.7785,1.4781824,-0.5213297931527103
3,1,301233.4390922646,-0.7785,1.4772271,-0.522411382625279
3,1,301238.43928853935,-0.7785,1.4761953,-0.5234929732969541
3,1,301243.4394848135,-0.7785,1.4752591,-0.5245745622572937
3,1,301248.4396810881,-0.7785,1.4743992,-0.5256561556070551
3,1,301253.4398773627,-0.7785,1.4732528,-0.5267377478012348
3,1,301258.4400736373,-0.7785,1.4720109,-0.5278193401344722
3,1,301263.4402699119,-0.7785,1.4711319,-0.5289009362582967
3,1,301268.4404661865,-0.7785,1.4701383,-0.5299825316066781
3,1,301273.4406624611,-0.7785,1.4691639,-0.5310641245193223
3,1,301278.4408587357,-0.7785,1.4679601,-0.5321457179991013
3,1,301283.4410550103,-0.7785,1.4668902,-0.53322731283377
3,1,301288.44125128514,-0.7785,1.4660113,-0.5343089084822045
3,1,301293.44144755974,-0.7785,1.4648075,-0.5353905058414213
3,1,301298.4416438346,-0.7785,1.4638139,-0.5364721038326626
3,1,301303.4418401094,-0.7785,1.4627248,-0.5375537000907102
3,1,301308.44203638425,-0.7785,1.4616548,-0.5386352976715405
3,1,301313.4422326591,-0.7785,1.4605083,-0.5397168937439295
3,1,301318.4424289339,-0.7785,1.4594957,-0.5407984903398791
3,1,301323.44262520876,-0.7785,1.458292,-0.541880084051911
3,1,301328.4428214836,-0.7785,1.4570692,-0.5429616808003955
3,1,301333.4430177584,-0.7785,1.4559609,-0.5440432773989975
3,1,301338.44321403326,-0.7785,1.4547763,-0.5451248733868738
3,1,301343.4434103081,-0.7785,1.4538783,-0.5462064692867471
3,1,301348.44360658294,-0.7785,1.4526745,-0.5472880619460914
3,1,301353.4438028578,-0.7785,1.4515471,-0.5483696552844485
3,1,301358.4439991326,-0.7785,1.4501905,-0.5494512517396484
3,1,301363.44419540744,-0.7785,1.4490633,-0.5505328494928718
3,1,301368.4443916823,-0.7785,1.4478977,-0.5516144460982688
3,1,301373.4445879571,-0.7785,1.4467704,-0.5526960436546711
3,1,301378.44478423195,-0.7785,1.445452,-0.5537776393149337
3,1,301383.4449805068,-0.7785,1.4440954,-0.5548592333444067
3,1,301388.4451767816,-0.7785,1.4430255,-0.55594082509832
3,1,301393.44537305646,-0.7785,1.4418026,-0.5570224181209016
3,1,301398.4455693308,-0.7785,1.4407899,-0.5581040132950089
3,1,301403.4457656052,-0.7785,1.4394333,-0.5591856097377911
3,1,301408.44596187957,-0.7785,1.4382105,-0.5602672069492746
3,1,301413.44615815394,-0.7785,1.4367583,-0.5613488044151076
3,1,301418.4463544283,-0.7785,1.4355354,-0.562430401454231
3,1,301423.4465507027,-0.7785,1.434389,-0.5635119970182983
3,1,301428.44674697705,-0.7785,1.4328796,-0.5645935908539601
3,1,301433.4469432514,-0.7785,1.4317714,-0.5656751849697472
3,1,301438.4471395258,-0.7785,1.4304148,-0.5667567777247967
3,1,301443.44733580016,-0.7785,1.4290582,-0.5678383711222683
3,1,301448.4475320745,-0.7785,1.4275678,-0.5689199661416386
3,1,301453.4477283489,-0.7785,1.426192,-0.5700015586297752
3,1,301458.44792462327,-0.7785,1.4248928,-0.5710831497303421
3,1,301463.44812089764,-0.7785,1.4234407,-0.5721647436621198
3,1,301468.448317172,-0.7785,1.4221988,-0.5732463389311176
3,1,301473.4485134464,-0.7785,1.4207466,-0.5743279353953509
3,1,301478.44870972075,-0.7785,1.4193518,-0.5754095319206756
3,1,301483.4489059951,-0.7785,1.4179187,-0.5764911300658856
3,1,301488.4491022695,-0.7785,1.4164283,-0.5775727292058144
3,1,301493.44929854386,-0.7785,1.4148616,-0.5786543254024128
3,1,301498.4494948182,-0.7785,1.4134668,-0.57973592276559
3,1,301503.4496910926,-0.7785,1.4119382,-0.5808175170414951
3,1,301508.44988736697,-0.7785,1.410467,-0.5818991086566156
3,1,301513.45008364134,-0.7785,1.4088047,-0.5829807021343979
3,1,301518.4502799157,-0.7785,1.407448,-0.5840622935571578
3,1,301523.4504761901,-0.7785,1.4057858,-0.5851438833713174
3,1,301528.45067246445,-0.7785,1.4043719,-0.586225473630227
3,1,301533.4508687388,-0.7785,1.4027095,-0.5873070632304093
3,1,301538.4510650132,-0.7785,1.4012,-0.5883886513205079
3,1,301543.45126128756,-0.7785,1.3996142,-0.5894702417237766
3,1,301548.4514575619,-0.7785,1.3979328,-0.5905518321160417
3,1,301553.4516538363,-0.7785,1.3964233,-0.5916334225553779
3,1,301558.45185011066,-0.7785,1.3948947,-0.5927150120682989
3,1,301563.45204638503,-0.7785,1.3931559,-0.5937965995998523
3,1,301568.4522426594,-0.7785,1.3914937,-0.5948781990726665
3,1,301573.4524389338,-0.7785,1.3898122,-0.595959804780792
3,1,301578.45263520814,-0.7785,1.3880353,-0.5970414095140936
3,1,301583.4528314825,-0.7785,1.3865067,-0.5981230161817744
3,1,301588.4530277569,-0.7785,1.3845196,-0.5992046208758793
3,1,301593.45322403125,-0.7785,1.3827236,-0.6002862181535272
3,1,301598.4534203056,-0.7785,1.3812904,-0.6013678220056337
3,1,301603.45361658,-0.7785,1.3796091,-0.6024494244731606
3,1,301608.45381285436,-0.7785,1.3779467,-0.6035310246978675
3,1,301613.45400912873,-0.7785,1.3761125,-0.6046126256917557
3,1,301618.4542054031,-0.7785,1.3744502,-0.6056942191901811
3,1,301623.4544016775,-0.7785,1.3724056,-0.6067758093296628
3,1,301628.45459795184,-0.7785,1.3708389,-0.607857402084497
3,1,301633.4547942262,-0.7785,1.3687944,-0.608939004830689
3,1,301638.4549905006,-0.7785,1.3670175,-0.610020610659143
3,1,301643.45518677495,-0.7785,1.3650304,-0.6111022109786445
3,1,301648.4553830493,-0.7785,1.3635974,-0.6121838169665973
3,1,301653.4555793237,-0.7785,1.3613619,-0.6132654173115533
3,1,301658.45577559806,-0.7785,1.3595657,-0.6143470138336693
3,1,301663.45597187243,-0.7785,1.357636,-0.6154286105769219
3,1,301668.4561681468,-0.7785,1.355668,-0.6165102087756537
3,1,301673.4563644212,-0.7785,1.3536999,-0.6175918046437411
3,1,301678.45656069554,-0.7785,1.3516554,-0.6186734112486152
3,1,301683.4567569699,-0.7785,1.3497256,-0.6197550193539932
3,1,301688.4569532443,-0.7785,1.3475474,-0.6208366284699283
3,1,301693.45714951865,-0.7785,1.345503,-0.6219182378181989
3,1,301698.457345793,-0.7785,1.3434585,-0.6229998460314613
3,1,301703.4575420674,-0.7785,1.3413758,-0.6240814539999904
3,1,301708.45773834176,-0.7785,1.3394078,-0.6251630631680232
3,1,301713.45793461613,-0.7785,1.3373634,-0.626244664385462
3,1,301718.4581308905,-0.7785,1.3352042,-0.6273262583963714
3,1,301723.4583271649,-0.7785,1.3330642,-0.6284078611676867
3,1,301728.45852343924,-0.7785,1.3310007,-0.6294894648888748
3,1,301733.4587197136,-0.7785,1.3286887,-0.630571066256312
3,1,301738.458915988,-0.7785,1.3266443,-0.6316526612402176
3,1,301743.45911226235,-0.7785,1.3243324,-0.6327342667413991
3,1,301748.4593085367,-0.7785,1.3221159,-0.6338158667773248
3,1,301753.4595048111,-0.7785,1.3198994,-0.6348974686393415
3,1,301758.45970108546,-0.7785,1.3175111,-0.6359790739609541
3,1,301763.45989735983,-0.7785,1.3151609,-0.6370606753428156
3,1,301768.4600936342,-0.7785,1.3129063,-0.6381422675568338
3,1,301773.4602899086,-0.7785,1.3106326,-0.6392238692261751
3,1,301778.46048618294,-0.7785,1.3080722,-0.6403054686770779
3,1,301783.4606824573,-0.7785,1.3056265,-0.6413870747480368
3,1,301788.4608787317,-0.7785,1.30341,-0.64246868145759
3,1,301793.4610750065,-0.7785,1.3007733,-0.6435502886351256
3,1,301798.46127128135,-0.7785,1.2983849,-0.6446318867987602
3,1,301803.4614675562,-0.7785,1.2959392,-0.6457134910133688
3,1,301808.461663831,-0.7785,1.2934362,-0.646795096709835
3,1,301813.46186010586,-0.7785,1.2910478,-0.6478767016761907
3,1,301818.4620563807,-0.7785,1.2886212,-0.6489583062194064
3,1,301823.46225265553,-0.7785,1.2860035,-0.6500399093572671
3,1,301828.46244893037,-0.7785,1.283424,-0.6511215125704813
3,1,301833.4626452052,-0.7785,1.2809592,-0.6522031180284561
3,1,301838.46284148004,-0.7785,1.2782843,-0.6532847228199318
3,1,301843.4630377549,-0.7785,1.2758194,-0.6543663288920397
3,1,301848.4632340297,-0.7785,1.2731826,-0.6554479252175134
3,1,301853.46343030455,-0.7785,1.2706988,-0.6565295281336183
3,1,301858.4636265794,-0.7785,1.26789,-0.6576111342383433
3,1,301863.4638228542,-0.7785,1.2652532,-0.6586927412695165
3,1,301868.46401912905,-0.7785,1.2623298,-0.6597743347397688
3,1,301873.4642154039,-0.7785,1.2596166,-0.6608559289360618
3,1,301878.4644116787,-0.7785,1.2567315,-0.6619375318219837
3,1,301883.46460795356,-0.7785,1.2538846,-0.6630191364857564
3,1,301888.4648042284,-0.7785,1.2510757,-0.6641007294618563
3,1,301893.465000503,-0.7785,1.2484391,-0.6651823282021856
3,1,301898.4651967776,-0.7785,1.2454584,-0.6662639340955193
3,1,301903.4653930522,-0.7785,1.2428789,-0.6673455279788152
3,1,301908.4655893268,-0.7785,1.2397835,-0.6684271192427949
3,1,301913.4657856014,-0.7785,1.2367455,-0.6695087095795977
3,1,301918.465981876,-0.7785,1.2339176,-0.6705902997090758
3,1,301923.4661781506,-0.7785,1.2312044,-0.6716718904213946
3,1,301928.4663744252,-0.7785,1.2281091,-0.6727534806669362
3,1,301933.4665706998,-0.7785,1.2249373,-0.6738350700956027
3,1,301938.4667669744,-0.7785,1.2219949,-0.674916658328365
3,1,301943.46696324914,-0.7785,1.2188804,-0.6759982447613783
3,1,301948.46715952386,-0.7785,1.2159188,-0.6770798309632314
3,1,301953.4673557986,-0.7785,1.2127852,-0.6781614194189813
3,1,301958.4675520733,-0.7785,1.2096325,-0.6792430098451548
3,1,301963.467748348,-0.7785,1.206518,-0.6803245973916392
3,1,301968.46794462274,-0.7785,1.2033464,-0.6814061817916175
3,1,301973.46814089746,-0.7785,1.2000599,-0.6824877690398468
3,1,301973.68314073514,-0.7785,1.1999644,-0.6825342754733006
3,1,301973.68334073527,-0.7785,1.1999835,-0.6825343187348849
3,2,301973.6841407351,0.7785,1.2742275,8.590423067410788e-08
3,2,301978.6843370097,0.7785,1.4712083,0.0010811815084649458
3,2,301983.6845332843,0.7785,1.5361533,0.0021622769332263203
3,2,301988.6847295589,0.7785,1.5854304,0.003243373361584213
3,2,301993.6849258335,0.7785,1.627122,0.004324468742277887
3,2,301998.6851221081,0.7785,1.663693,0.005405564621557792
3,2,302003.6853183827,0.7785,1.6971112,0.006486658362732993
3,2,302008.6855146573,0.7785,1.7279882,0.007567751848773824
3,2,302013.685710932,0.7785,1.7569546,0.008648844007207288
3,2,302018.68590720673,0.7785,1.7841058,0.009729934760398335
3,2,302023.68610348145,0.7785,1.8103206,0.010811026529613469
3,2,302028.68629975617,0.7785,1.8354846,0.011892118532786768
3,2,302033.6864960309,0.7785,1.8594258,0.01297320932335324
3,2,302038.6866923056,0.7785,1.8826218,0.014054300924936931
3,2,302043.6868885803,0.7785,1.9049007,0.015135394701775579
3,2,302048.6870848546,0.7785,1.9264343,0.01621648830322756
3,2,302053.6872811293,0.7785,1.9471846,0.01729758025497198
3,2,302058.687477404,0.7785,1.9671323,0.01837867285724481
3,2,302063.6876736787,0.7785,1.9862204,0.019459763801402515
3,2,302068.6878699534,0.7785,2.0046396,0.02054085339092877
3,2,302073.6880662281,0.7785,2.0218933,0.02162194468854202
3,2,302078.68826250284,0.7785,2.0383637,0.022703037719931866
3,2,302083.68845877756,0.7785,2.053802,0.023784128755854235
3,2,302088.6886550522,0.7785,2.0686102,0.02486522146117687
3,2,302093.68885132694,0.7785,2.0825965,0.025946312176022262
3,2,302098.68904760166,0.7785,2.0955129,0.0270274030696849
3,2,302103.6892438764,0.7785,2.107875,0.0281084918814169
3,2,302108.6894401511,0.7785,2.1193585,0.029189580160929093
3,2,302113.6896364258,0.7785,2.1303642,0.030270669104913866
3,2,302118.6898327004,0.7785,2.1405292,0.03135175796434945
3,2,302123.690028975,0.7785,2.1500444,0.032432847195572316
3,2,302128.6902252496,0.7785,2.1590247,0.033513934304134706
3,2,302133.6904215242,0.7785,2.1676228,0.034595020820955426
3,2,302138.6906177988,0.7785,2.1756287,0.03567610963136619
3,2,302143.69081407343,0.7785,2.183176,0.03675719626494579
3,2,302148.69101034803,0.7785,2.1904368,0.03783828494845827
3,2,302153.69120662264,0.7785,2.197067,0.03891937639654013
3,2,302158.69140289724,0.7785,2.2034488,0.040000467349780924
3,2,302163.6915991721,0.7785,2.2094293,0.041081556447241034
3,2,302168.6917954469,0.7785,2.215295,0.04216264374692903
3,2,302173.69199172175,0.7785,2.2206833,0.04324373138539658
3,2,302178.6921879966,0.7785,2.2260332,0.04432482060253951
3,2,302183.6923842714,0.7785,2.2308865,0.04540590923679537
3,2,302188.69258054625,0.7785,2.2354722,0.04648699704253011
3,2,302193.6927768211,0.7785,2.240096,0.0475680876840949
3,2,302198.6929730959,0.7785,2.2445288,0.04864917498637238
3,2,302203.69316937076,0.7785,2.2487516,0.04973026115102568
3,2,302208.6933656456,0.7785,2.2525346,0.05081134926923778
3,2,302213.69356192043,0.7785,2.256509,0.051892437468558546
3,2,302218.69375819527,0.7785,2.2601585,0.052973524478233516
3,2,302223.6939544701,0.7785,2.263808,0.054054611048443446
3,2,302228.69415074494,0.7785,2.2672853,0.055135696976770954
3,2,302233.6943470198,0.7785,2.270419,0.056216780040674735
3,2,302238.6945432946,0.7785,2.2738965,0.0572978640897572
3,2,302243.69473956944,0.7785,2.2771828,0.05837894855373435
3,2,302248.6949358443,0.7785,2.2801635,0.05946003522445095
3,2,302253.6951321191,0.7785,2.2830105,0.06054112119386262
3,2,302258.69532839395,0.7785,2.2857618,0.06162220740217301
3,2,302263.6955246683,0.7785,2.2888572,0.06270329452960027
3,2,302268.6957209427,0.7785,2.2914557,0.06378438219021426
3,2,302273.69591721706,0.7785,2.2942836,0.06486547059068747
3,2,302278.69611349143,0.7785,2.2971497,0.06594655877500773
3,2,302283.6963097658,0.7785,2.2995572,0.06702764864670237
3,2,302288.69650604017,0.7785,2.3021557,0.06810873800669776
3,2,302293.69670231454,0.7785,2.3047926,0.06918983097777763
3,2,302298.6968985889,0.7785,2.3072193,0.07027092380063069
3,2,302303.6970948633,0.7785,2.3097413,0.07135201411433682
3,2,302308.69729113765,0.7785,2.312206,0.07243310325286453
3,2,302313.697487412,0.7785,2.314671,0.07351419383798041
3,2,302318.6976836864,0.7785,2.3168108,0.07459528326535224
3,2,302323.69787996076,0.7785,2.3192756,0.07567637338131665
3,2,302328.69807623513,0.7785,2.321626,0.07675746293575564
3,2,302333.6982725095,0.7785,2.3238804,0.0778385522369676
3,2,302338.69846878387,0.7785,2.3261733,0.07891964214781588
3,2,302343.69866505824,0.7785,2.3284662,0.08000073076942231
3,2,302348.6988613326,0.7785,2.33074,0.08108181703667507
3,2,302353.699057607,0.7785,2.3328035,0.082162903136005
3,2,302358.69925388135,0.7785,2.3351538,0.08324398505809902
3,2,302363.6994501557,0.7785,2.337351,0.08432506848010751
3,2,302368.6996464301,0.7785,2.3394146,0.08540615521267718
3,2,302373.69984270446,0.7785,2.3417075,0.08648724097552232
3,2,302378.70003897883,0.7785,2.3438666,0.08756832387066217
3,2,302383.7002352532,0.7785,2.3461404,0.08864940961707299
3,2,302388.70043152757,0.7785,2.348242,0.08973049600499204
3,2,302393.70062780194,0.7785,2.3503056,0.09081158085549539
3,2,302398.7008240763,0.7785,2.3525221,0.09189266597890852
3,2,302403.7010203507,0.7785,2.3547003,0.09297374901963604
3,2,302408.70121662505,0.7785,2.3569167,0.09405483321444523
3,2,302413.7014128994,0.7785,2.358923,0.09513591756315362
3,2,302418.7016091738,0.7785,2.3611968,0.09621700333390963
3,2,302423.70180544816,0.7785,2.3632603,0.09729808714982865
3,2,302428.70200172253,0.7785,2.3654194,0.09837917107349632
3,2,302433.7021979969,0.7785,2.367483,0.09946025516569282
3,2,302438.70239427127,0.7785,2.3697948,0.10054134063588246
3,2,302443.70259054564,0.7785,2.3717628,0.10162242485265598
3,2,302448.70278682,0.7785,2.374094,0.10270350989336105
3,2,302453.7029830944,0.7785,2.3761194,0.10378459422716498
3,2,302458.70317936875,0.7785,2.3783357,0.10486567782579195
3,2,302463.7033756431,0.7785,2.380533,0.10594676131107077
3,2,302468.7035719175,0.7785,2.3827493,0.10702784512339034
3,2,302473.70376819186,0.7785,2.3848703,0.10810892943123313
3,2,302478.7039644662,0.7785,2.3868957,0.10919001609740653
3,2,302483.7041607406,0.7785,2.3890166,0.11027110257097746
3,2,302488.70435701497,0.7785,2.3914814,0.1113521914920343
3,2,302493.70455328934,0.7785,2.3934877,0.11243328038895459
3,2,302498.7047495637,0.7785,2.395895,0.11351437067354717
3,2,302503.7049458381,0.7785,2.3978822,0.11459546132856605
3,2,302508.70514211245,0.7785,2.4001942,0.11567655044140415
3,2,302513.7053383868,0.7785,2.402296,0.11675764084122907
3,2,302518.7055346612,0.7785,2.4043405,0.11783873050177426
3,2,302523.70573093556,0.7785,2.4065378,0.11891982050792706
3,2,302528.7059272099,0.7785,2.4086394,0.12000090842224491
3,2,302533.7061234843,0.7785,2.4108942,0.12108199663901659
3,2,302538.70631975867,0.7785,2.4130533,0.12216308569287922
3,2,302543.70651603304,0.7785,2.4154608,0.12324417475136451
3,2,302548.7067123074,0.7785,2.4175243,0.1243252639460398
3,2,302553.7069085818,0.7785,2.4198363,0.12540635549897286
3,2,302558.70710485615,0.7785,2.4221482,0.1264874464589887
3,2,302563.7073011305,0.7785,2.4244983,0.1275685329106748
3,2,302568.7074974049,0.7785,2.4263709,0.12864961817926499
3,2,302573.70769367926,0.7785,2.42874,0.12973070366381936
3,2,302578.7078899536,0.7785,2.4308991,0.13081178161082996
3,2,302583.708086228,0.7785,2.433173,0.1318928542426096
3,2,302588.70828250237,0.7785,2.4351602,0.1329739291695025
3,2,302593.70847877674,0.7785,2.4373574,0.13405500711740717
3,2,302598.7086750511,0.7785,2.43944,0.13513609317183492
3,2,302603.7088713255,0.7785,2.4416757,0.13621717450983323
3,2,302608.70906759985,0.7785,2.4440448,0.13729825186396305
3,2,302613.7092638742,0.7785,2.446032,0.13837933084582618
3,2,302618.7094601486,0.7785,2.4482102,0.13946041135715773
3,2,302623.70965642296,0.7785,2.450484,0.14054150019222494
3,2,302628.7098526973,0.7785,2.4526432,0.1416225826265944
3,2,302633.7100489717,0.7785,2.4546301,0.14270366542994972
3,2,302638.71024524607,0.7785,2.4567893,0.1437847414441638
3,2,302643.71044152044,0.7785,2.4590058,0.14486581745675864
3,2,302648.7106377948,0.7785,2.4612412,0.14594689107804162
3,2,302653.7108340692,0.7785,2.4633431,0.14702796452345449
3,2,302658.711030344,0.7785,2.465502,0.14810904705743325
3,2,302663.71122661885,0.7785,2.467451,0.14919013467065492
3,2,302668.7114228937,0.7785,2.4696293,0.15027121885253653
3,2,302673.7116191685,0.7785,2.4716928,0.15135229775263864
3,2,302678.71181544336,0.7785,2.473852,0.15243337086408998
3,2,302683.7120117182,0.7785,2.4757817,0.15351444321463173
3,2,302688.712207993,0.7785,2.4777114,0.15459551426643464
3,2,302693.71240426786,0.7785,2.4797368,0.1556765835424231
3,2,302698.7126005427,0.7785,2.481896,0.156757653424263
3,2,302703.71279681753,0.7785,2.4836347,0.1578387263325254
3,2,302708.71299309237,0.7785,2.4856791,0.15891979819366667
3,2,302713.7131893672,0.7785,2.4876854,0.16000087018719977
3,2,302718.71338564204,0.7785,2.4895005,0.1610819427322414
3,2,302723.7135819169,0.7785,2.4915833,0.16216301762750412
3,2,302728.7137781917,0.7785,2.4933603,0.16324409345716567
3,2,302733.71397446655,0.7785,2.4952137,0.164325167743961
3,2,302738.7141707414,0.7785,2.497048,0.16540624216861524
3,2,302743.7143670162,0.7785,2.4988823,0.16648731545818513
3,2,302748.71456329105,0.7785,2.5006592,0.1675683884477218
3,2,302753.7147595659,0.7785,2.5023596,0.1686494601189229
3,2,302758.7149558405,0.7785,2.5041175,0.16973053244690428
3,2,302763.7151521151,0.7785,2.5057225,0.17081160728278091
3,2,302768.7153483897,0.7785,2.5075376,0.17189269177429872
3,2,302773.7155446643,0.7785,2.509009,0.1729737641683618
3,2,302778.7157409389,0.7785,2.5105758,0.1740548448331985
3,2,302783.71593721304,0.7785,2.512257,0.17513591720295282
3,2,302788.71613348764,0.7785,2.5138621,0.17621698980667855
3,2,302793.71632976225,0.7785,2.5153716,0.17729806062390738
3,2,302798.71652603685,0.7785,2.51669,0.17837913229206867
3,2,302803.71672231145,0.7785,2.5182185,0.17946021042877766
3,2,302808.7169185862,0.7785,2.5196326,0.18054128272763886
3,2,302813.7171148609,0.7785,2.5208745,0.1816223544637362
3,2,302818.7173111356,0.7785,2.5223649,0.1827034296000699
3,2,302823.7175074103,0.7785,2.5235877,0.18378450184845924
3,2,302828.71770368505,0.7785,2.5249825,0.18486558012127213
3,2,302833.71789995977,0.7785,2.5260906,0.18594666016428668
3,2,302838.7180962345,0.7785,2.527409,0.18702773650798202
3,2,302843.7182925092,0.7785,2.528632,0.18810881166354154
3,2,302848.7184887839,0.7785,2.5296445,0.1891898842716449
3,2,302853.71868505864,0.7785,2.5308867,0.19027095878897776
3,2,302858.71888133336,0.7785,2.5319948,0.19135203071687623
3,2,302863.7190776081,0.7785,2.533122,0.1924331082448165
3,2,302868.71927388274,0.7785,2.5341346,0.19351418027291037
3,2,302873.71947015746,0.7785,2.5353003,0.1945952536352807
3,2,302878.7196664322,0.7785,2.5363894,0.19567632524797987
3,2,302883.71986270684,0.7785,2.5371728,0.19675739665080114
3,2,302888.72005898156,0.7785,2.538281,0.19783846549765272
3,2,302893.7202552563,0.7785,2.539179,0.19891953692548475
3,2,302898.720451531,0.7785,2.5399816,0.2000006052914924
3,2,302903.7206478057,0.7785,2.540956,0.2010816741739048
3,2,302908.72084408044,0.7785,2.541682,0.2021627433401909
3,2,302913.7210403553,0.7785,2.5425036,0.20324381669904126
3,2,302918.7212366299,0.7785,2.5431342,0.20432489408044352
3,2,302923.7214329045,0.7785,2.5440514,0.2054059658932686
3,2,302928.7216291791,0.7785,2.5449493,0.20648704817177854
3,2,302933.7218254537,0.7785,2.54558,0.20756812818841805
3,2,302938.7220217283,0.7785,2.5460002,0.20864920211864182
3,2,302943.7222180029,0.7785,2.5469365,0.20973027574075265
3,2,302948.7224142775,0.7785,2.5474524,0.21081134659091966
3,2,302953.7226105521,0.7785,2.5480828,0.21189241743484805
3,2,302958.7228068267,0.7785,2.5487325,0.21297349658671685
3,2,302963.72300310154,0.7785,2.5493248,0.21405457598991529
3,2,302968.72319937637,0.7785,2.5498407,0.21513564956389536
3,2,302973.7233956512,0.7785,2.5503948,0.21621672349124157
3,2,302978.72359192604,0.7785,2.5509872,0.21729779569258958
3,2,302983.7237882009,0.7785,2.5514266,0.2183788660569059
3,2,302988.7239844757,0.7785,2.5520573,0.21945994132741628
3,2,302993.72418075055,0.7785,2.5524392,0.22054101791283823
3,2,302998.7243770254,0.7785,2.5528405,0.22162209346713627
3,2,303003.7245733002,0.7785,2.5533946,0.22270316662252285
3,2,303008.72476957506,0.7785,2.5537767,0.22378425045200193
3,2,303013.7249658499,0.7785,2.5542927,0.22486533499691225
3,2,303018.7251621247,0.7785,2.5548277,0.22594640922681494
3,2,303023.72535839956,0.7785,2.5553627,0.22702748396401276
3,2,303028.7255546744,0.7785,2.5556111,0.2281085628786816
3,2,303033.72575094923,0.7785,2.5560696,0.22918964828962754
3,2,303038.72594722407,0.7785,2.5564137,0.2302707271011439
3,2,303043.7261434989,0.7785,2.5569296,0.23135180424498522
3,2,303048.72633977374,0.7785,2.5572734,0.23243288047549795
3,2,303053.7265360481,0.7785,2.5575218,0.23351395733459465
3,2,303058.72673232295,0.7785,2.5577893,0.23459503515187904
3,2,303063.7269285973,0.7785,2.5583243,0.23567611114681433
3,2,303068.7271248717,0.7785,2.5585918,0.2367571862548888
3,2,303073.72732114606,0.7785,2.5591269,0.23783825898196967
3,2,303078.7275174204,0.7785,2.559528,0.2389193333312936
3,2,303083.7277136948,0.7785,2.5596235,0.24000042064742586
3,2,303088.72790996917,0.7785,2.5599866,0.24108150523826488
3,2,303093.72810624354,0.7785,2.5603878,0.24216258361243548
3,2,303098.7283025179,0.7785,2.5606363,0.2432436708860597
3,2,303103.7284987923,0.7785,2.5610566,0.24432475590651243
3,2,303108.72869506665,0.7785,2.5614004,0.24540584147779818
3,2,303113.728891341,0.7785,2.5615726,0.24648692762196073
3,2,303118.7290876154,0.7785,2.5619738,0.24756801395988143
3,2,303123.72928388976,0.7785,2.5622795,0.24864910091936265
3,2,303128.7294801641,0.7785,2.5624132,0.24973018729235738
3,2,303133.7296764385,0.7785,2.5628908,0.2508112741504279
3,2,303138.72987271287,0.7785,2.563292,0.25189236020597494
3,2,303143.73006898724,0.7785,2.5633686,0.2529734472460185
3,2,303148.7302652616,0.7785,2.5637317,0.2540545327281688
3,2,303153.730461536,0.7785,2.563808,0.2551356178208988
3,2,303158.73065781035,0.7785,2.5640755,0.2562167018755543
3,2,303163.7308540847,0.7785,2.5644958,0.25729778809578563
3,2,303168.7310503591,0.7785,2.5644577,0.25837887482760363
3,2,303173.73124663346,0.7785,2.5650308,0.25945996148044875
3,2,303178.7314429078,0.7785,2.565241,0.260541049134387
3,2,303183.7316391822,0.7785,2.565604,0.2616221377252408
3,2,303188.73183545657,0.7785,2.5658333,0.2627032258383766
3,2,303193.73203173093,0.7785,2.5659862,0.2637843144640527
3,2,303198.7322280053,0.7785,2.5661583,0.26486540236347933
3,2,303203.7324242797,0.7785,2.5663683,0.26594649165328366
3,2,303208.73262055404,0.7785,2.5668077,0.2670275805153948
3,2,303213.7328168284,0.7785,2.5668843,0.2681086643246481
3,2,303218.7330131028,0.7785,2.5670753,0.2691897459343542
3,2,303223.73320937715,0.7785,2.5674574,0.2702708260579476
3,2,303228.7334056515,0.7785,2.567572,0.271351908050789
3,2,303233.7336019259,0.7785,2.5676868,0.2724329891859958
3,2,303238.73379820026,0.7785,2.5678968,0.273514070518027
3,2,303243.73399447463,0.7785,2.56826,0.2745951526916063
3,2,303248.734190749,0.7785,2.568604,0.27567623689564424
3,2,303253.7343870234,0.7785,2.5688715,0.27675732277478465
3,2,303258.73458329774,0.7785,2.5691006,0.2778384074072476
3,2,303263.7347795721,0.7785,2.5690625,0.2789194932053323
3,2,303268.7349758465,0.7785,2.5694637,0.280000579758396
3,2,303273.73517212085,0.7785,2.569693,0.2810816642076144
3,2,303278.7353683952,0.7785,2.5698268,0.2821627474274671
3,2,303283.7355646696,0.7785,2.5699987,0.28324383072305415
3,2,303288.73576094396,0.7785,2.5704381,0.28432491475468236
3,2,303293.73595721833,0.7785,2.570591,0.28540599953614365
3,2,303298.7361534927,0.7785,2.5708966,0.28648708459241545
3,2,303303.7363497671,0.7785,2.5709922,0.2875681698392897
3,2,303308.73654604144,0.7785,2.5712216,0.288649253680385
3,2,303313.7367423158,0.7785,2.5714316,0.289730336306347
3,2,303318.7369385902,0.7785,2.5715847,0.29081142013237893
3,2,303323.73713486455,0.7785,2.5719666,0.29189250265157574
3,2,303328.7373311389,0.7785,2.5721388,0.2929735840605102
3,2,303333.7375274133,0.7785,2.5724063,0.29405466515547724
3,2,303338.73772368766,0.7785,2.57254,0.2951357488288981
3,2,303343.73791996203,0.7785,2.5729413,0.296216832018561
3,2,303348.7381162364,0.7785,2.573228,0.297297913516068
3,2,303353.7383125108,0.7785,2.573457,0.2983789956240126
3,2,303358.73850878514,0.7785,2.5735908,0.2994600813988946
3,2,303363.7387050595,0.7785,2.5737436,0.30054116703417255
3,2,303368.7389013339,0.7785,2.5741258,0.301622252435244
3,2,303373.73909760825,0.7785,2.5743933,0.3027033383557567
3,2,303378.7392938826,0.7785,2.574508,0.30378442223886337
3,2,303383.739490157,0.7785,2.5746799,0.30486550457655076
3,2,303388.73968643136,0.7785,2.5747755,0.30594658897337335
3,2,303393.73988270573,0.7785,2.5747945,0.30702767296809635
3,2,303398.7400789801,0.7785,2.5752914,0.3081087587309051
3,2,303403.7402752545,0.7785,2.575578,0.30918984611367534
3,2,303408.74047152884,0.7785,2.5756927,0.3102709331219529
3,2,303413.7406678032,0.7785,2.5758264,0.3113520211507746
3,2,303418.7408640776,0.7785,2.5762658,0.3124331078413925
3,2,303423.74106035195,0.7785,2.5764952,0.31351419604717046
3,2,303428.7412566263,0.7785,2.5765905,0.3145952833605013
3,2,303433.7414529007,0.7785,2.576667,0.315676369297147
3,2,303438.74164917506,0.7785,2.5771449,0.3167574556720093
3,2,303443.74184544943,0.7785,2.577202,0.31783854336593237
3,2,303448.7420417238,0.7785,2.5774696,0.3189196307417388
3,2,303453.74223799864,0.7785,2.5776796,0.3200007188642656
3,2,303458.7424342735,0.7785,2.5779665,0.3210818097496896
3,2,303463.7426305483,0.7785,2.578272,0.32216290258306285
3,2,303468.74282682315,0.7785,2.578234,0.3232439945361649
3,2,303473.743023098,0.7785,2.578616,0.32432508445380814
3,2,303478.7432193728,0.7785,2.5787306,0.3254061749264898
3,2,303483.74341564765,0.7785,2.5790555,0.3264872665544982
3,2,303488.7436119225,0.7785,2.5792274,0.32756835739203316
3,2,303493.7438081973,0.7785,2.5794568,0.3286494476613703
3,2,303498.74400447216,0.7785,2.5797815,0.32973053992539336
3,2,303503.744200747,0.7785,2.579858,0.3308116332841352
3,2,303508.74439702183,0.7785,2.580221,0.33189272725401014
3,2,303513.74459329667,0.7785,2.5804312,0.3329738198290039
3,2,303518.7447895715,0.7785,2.5806987,0.33405491243499874
3,2,303523.7449858459,0.7785,2.580756,0.3351360037504205
3,2,303528.7451821207,0.7785,2.5808706,0.3362170951204335
3,2,303533.74537839554,0.7785,2.5811381,0.3372981855060692
3,2,303538.7455746704,0.7785,2.5814438,0.33837927526945893
3,2,303543.7457709452,0.7785,2.5815775,0.3394603654797709
3,2,303548.74596722005,0.7785,2.5817304,0.3405414563732315
3,2,303553.74616349465,0.7785,2.582017,0.34162254878112697
3,2,303558.74635976925,0.7785,2.582361,0.3427036397332386
3,2,303563.74655604386,0.7785,2.5822845,0.3437847324980599
3,2,303568.74675231846,0.7785,2.5827432,0.34486582498562357
3,2,303573.74694859306,0.7785,2.5828195,0.34594691602114197
3,2,303578.74714486767,0.7785,2.583068,0.3470280086971226
3,2,303583.74734114227,0.7785,2.583412,0.34810910100169007
3,2,303588.7475374169,0.7785,2.583641,0.34919019250377703
3,2,303593.7477336915,0.7785,2.583966,0.35027128458851264
3,2,303598.7479299661,0.7785,2.584157,0.3513523756896458
3,2,303603.7481262408,0.7785,2.5844436,0.3524334669297571
3,2,303608.7483225155,0.7785,2.5845773,0.3535145594811044
3,2,303613.74851879023,0.7785,2.5849977,0.35459565202920323
3,2,303618.74871506495,0.7785,2.585036,0.3556767413923411
3,2,303623.7489113397,0.7785,2.585227,0.356757829100864
3,2,303628.7491076144,0.7785,2.5855327,0.357838916659107
3,2,303633.7493038891,0.7785,2.5856664,0.3589200049832995
3,2,303638.74950016383,0.7785,2.5859149,0.360001094323983
3,2,303643.74969643855,0.7785,2.5861442,0.361082183833288
3,2,303648.7498927135,0.7785,2.5865264,0.36216327151556166
3,2,303653.7500889882,0.7785,2.586641,0.3632443571606479
3,2,303658.75028526294,0.7785,2.5869849,0.36432544322265537
3,2,303663.75048153766,0.7785,2.5872142,0.3654065295964713
3,2,303668.7506778123,0.7785,2.5874817,0.3664876143274309
3,2,303673.75087408704,0.7785,2.5876918,0.3675686987482642
3,2,303678.7510703617,0.7785,2.587902,0.368649785612027
3,2,303683.7512666364,0.7785,2.5881314,0.36973087229690965
3,2,303688.75146291114,0.7785,2.5883415,0.37081195911511466
3,2,303693.75165918586,0.7785,2.5887237,0.37189304655059197
3,2,303698.7518554606,0.7785,2.5890102,0.3729741353577013
3,2,303703.7520517353,0.7785,2.5892587,0.3740552251686257
3,2,303708.7522480099,0.7785,2.5894115,0.3751363142642944
3,2,303713.75244428427,0.7785,2.589679,0.37621740035362067
3,2,303718.7526405589,0.7785,2.590042,0.37729848548479566
3,2,303723.7528368335,0.7785,2.5903287,0.3783795721564858
3,2,303728.7530331081,0.7785,2.59073,0.37946065807672036
3,2,303733.7532293827,0.7785,2.5910165,0.380541745001121
3,2,303738.7534256573,0.7785,2.5911884,0.3816228330541686
3,2,303743.7536219319,0.7785,2.5915515,0.3827039196444289
3,2,303748.7538182065,0.7785,2.5918,0.3837850081373555
3,2,303753.7540144813,0.7785,2.5919144,0.38486609501286706
3,2,303758.75421075616,0.7785,2.5922012,0.3859471803439461
3,2,303763.754407031,0.7785,2.5926979,0.38702826326474243
3,2,303768.75460330583,0.7785,2.5929654,0.3881093458688725
3,2,303773.75479958067,0.7785,2.5929844,0.38919042927324465
3,2,303778.7549958555,0.7785,2.593424,0.39027151230519375
3,2,303783.75519213034,0.7785,2.5936532,0.3913525950877901
3,2,303788.7553884052,0.7785,2.5938253,0.3924336792604098
3,2,303793.75558467954,0.7785,2.594303,0.3935147649944725
3,2,303798.7557809544,0.7785,2.5945513,0.3945958472731712
3,2,303803.7559772292,0.7785,2.594666,0.3956769307302007
3,2,303808.75617350405,0.7785,2.5951054,0.3967580123141576
3,2,303813.7563697789,0.7785,2.595392,0.39783909471029727
3,2,303818.7565660537,0.7785,2.5956213,0.39892017585451756
3,2,303823.75676232856,0.7785,2.5959842,0.40000125706721035
3,2,303828.7569586034,0.7785,2.5961754,0.40108233916912495
3,2,303833.7571548782,0.7785,2.5965385,0.4021634214491614
3,2,303838.75735115306,0.7785,2.5967295,0.40324450592094674
3,2,303843.7575474279,0.7785,2.5970733,0.4043255905343494
3,2,303848.75774370274,0.7785,2.5974555,0.40540667463803964
3,2,303853.7579399776,0.7785,2.5977805,0.40648775687933975
3,2,303858.75813625194,0.7785,2.598067,0.40756883672156613
3,2,303863.7583325263,0.7785,2.5981433,0.40864992002210365
3,2,303868.7585288007,0.7785,2.5986784,0.40973100200114
3,2,303873.75872507505,0.7785,2.5989077,0.4108120831478769
3,2,303878.7589213494,0.7785,2.59929,0.411893165071428
3,2,303883.7591176238,0.7785,2.5995955,0.4129742479328051
3,2,303888.75931389816,0.7785,2.5998821,0.4140553301008279
3,2,303893.75951017253,0.7785,2.6001115,0.4151364115109379
3,2,303898.7597064469,0.7785,2.600589,0.41621749267424824
3,2,303903.7599027213,0.7785,2.6009521,0.417298574500094
3,2,303908.76009899564,0.7785,2.601086,0.418379658369134
3,2,303913.76029527,0.7785,2.6015062,0.41946074375682085
3,2,303918.7604915444,0.7785,2.6017737,0.4205418289042712
3,2,303923.76068781875,0.7785,2.602175,0.4216229144742424
3,2,303928.7608840931,0.7785,2.6024997,0.4227039996497665
3,2,303933.7610803675,0.7785,2.6028628,0.42378508630728734
3,2,303938.76127664186,0.7785,2.603245,0.4248661723157897
3,2,303943.76147291623,0.7785,2.6035507,0.42594725953531276
3,2,303948.7616691906,0.7785,2.6039329,0.4270283450712463
3,2,303953.76186546497,0.7785,2.6042385,0.4281094315272173
3,2,303958.76206173934,0.7785,2.6046016,0.4291905177865294
3,2,303963.7622580137,0.7785,2.604812,0.4302716066765985
3,2,303968.7624542881,0.7785,2.6052895,0.43135269545371674
3,2,303973.76265056245,0.7785,2.6056142,0.4324337844881383
3,2,303978.7628468368,0.7785,2.6061685,0.4335148711365628
3,2,303983.7630431112,0.7785,2.6064167,0.4345959581931234
3,2,303988.76323938556,0.7785,2.6069326,0.4356770429214869
3,2,303993.76343565993,0.7785,2.6070282,0.43675812850811424
3,2,303998.7636319343,0.7785,2.607525,0.4378392139008543
3,2,304003.76382820867,0.7785,2.607907,0.43892029929304793
3,2,304008.76402448304,0.7785,2.6083467,0.4400013850925334
3,2,304013.7642207574,0.7785,2.6085186,0.4410824706291955
3,2,304018.7644170318,0.7785,2.608939,0.4421635579062205
3,2,304023.76461330615,0.7785,2.609474,0.4432446452014017
3,2,304028.7648095805,0.7785,2.6099515,0.444325732097914
3,2,304033.7650058549,0.7785,2.6103146,0.44540681656434156
3,2,304038.76520212926,0.7785,2.610544,0.4464878994743329
3,2,304043.76539840363,0.7785,2.611079,0.44756898375785037
3,2,304048.765594678,0.7785,2.6113274,0.44865006820942643
3,2,304053.76579095237,0.7785,2.611824,0.4497311523491742
3,2,304058.76598722674,0.7785,2.6120915,0.4508122364152175
3,2,304063.7661835011,0.7785,2.6127603,0.4518933209608696
3,2,304068.7663797755,0.7785,2.6130853,0.4529744069636963
3,2,304073.76657604985,0.7785,2.6135247,0.4540554929806592
3,2,304078.7667723242,0.7785,2.6139832,0.4551365782629088
3,2,304083.7669685986,0.7785,2.6143844,0.4562176657019823
3,2,304088.76716487296,0.7785,2.6147285,0.45729875047793017
3,2,304093.76736114733,0.7785,2.6150913,0.45837983690506906
3,2,304098.7675574217,0.7785,2.6158366,0.4594609207943283
3,2,304103.76775369607,0.7785,2.6161232,0.4605420037484735
3,2,304108.76794997044,0.7785,2.6163526,0.4616230862911976
3,2,304113.7681462448,0.7785,2.6171167,0.46270416924922697
3,2,304118.7683425192,0.7785,2.617556,0.463785251626429
3,2,304123.76853879355,0.7785,2.6177473,0.4648663312359787
3,2,304128.7687350679,0.7785,2.6184542,0.4659474095829332
3,2,304133.7689313423,0.7785,2.6187983,0.4670284853387512
3,2,304138.76912761666,0.7785,2.619314,0.4681095642686821
3,2,304143.769323891,0.7785,2.6198683,0.4691906449470888
3,2,304148.7695201654,0.7785,2.6203077,0.4702717254864974
3,2,304153.76971643977,0.7785,2.6208236,0.4713528073823588
3,2,304158.76991271414,0.7785,2.621244,0.47243388675401976
3,2,304163.7701089885,0.7785,2.6219318,0.47351496783454256
3,2,304168.7703052629,0.7785,2.6223712,0.47459604803636046
3,2,304173.77050153725,0.7785,2.6227725,0.4756771279654904
3,2,304178.7706978116,0.7785,2.6233075,0.47675820714509526
3,2,304183.770894086,0.7785,2.623938,0.4778392873898616
3,2,304188.77109036036,0.7785,2.6243584,0.47892036611882555
3,2,304193.7712866347,0.7785,2.6247787,0.4800014464574692
3,2,304198.7714829091,0.7785,2.6254666,0.48108252754482006
3,2,304203.77167918347,0.7785,2.625887,0.4821636072028184
3,2,304208.77187545784,0.7785,2.6265175,0.48324468521097347
3,2,304213.7720717322,0.7785,2.6269186,0.48432576417922685
3,2,304218.7722680066,0.7785,2.627721,0.48540684173039306
3,2,304223.77246428095,0.7785,2.628218,0.4864879184803106
3,2,304228.7726605553,0.7785,2.6288102,0.48756899460352504
3,2,304233.7728568297,0.7785,2.6292307,0.4886500699063974
3,2,304238.77305310406,0.7785,2.6299186,0.4897311462025448
3,2,304243.7732493784,0.7785,2.6304152,0.4908122240548039
3,2,304248.77344565326,0.7785,2.6310267,0.4918933032085569
3,2,304253.7736419281,0.7785,2.6316571,0.4929743835382135
3,2,304258.77383820293,0.7785,2.6321921,0.4940554625715982
3,2,304263.7740344773,0.7785,2.633033,0.49513653994603996
3,2,304268.77423075214,0.7785,2.6336634,0.4962176168959311
3,2,304273.774427027,0.7785,2.633969,0.4972986958488495
3,2,304278.7746233018,0.7785,2.6346571,0.49837977595865435
3,2,304283.77481957665,0.7785,2.6352684,0.4994608584963286
3,2,304288.7750158515,0.7785,2.63588,0.5005419402633081
3,2,304293.7752121263,0.7785,2.636606,0.5016230215544142
3,2,304298.77540840115,0.7785,2.637313,0.5027041013549438
3,2,304303.775604676,0.7785,2.6379817,0.5037851791530057
3,2,304308.7758009508,0.7785,2.6385548,0.504866257608434
3,2,304313.77599722566,0.7785,2.6392236,0.5059473381535315
3,2,304318.7761935005,0.7785,2.6399305,0.5070284178076954
3,2,304323.77638977533,0.7785,2.640714,0.508109500513117
3,2,304328.77658605017,0.7785,2.6413636,0.5091905818465886
3,2,304333.776782325,0.7785,2.641975,0.5102716639229528
3,2,304338.77697859984,0.7785,2.6428921,0.5113527467623689
3,2,304343.7771748747,0.7785,2.6434271,0.5124338281173842
3,2,304348.7773711493,0.7785,2.6443825,0.5135149113715791
3,2,304353.7775674239,0.7785,2.6449175,0.5145959953800973
3,2,304358.7777636985,0.7785,2.6456628,0.5156770794511208
3,2,304363.7779599731,0.7785,2.6465607,0.516758160959191
3,2,304368.7781562477,0.7785,2.6471722,0.5178392441988127
3,2,304373.7783525223,0.7785,2.6479938,0.5189203281108608
3,2,304378.7785487969,0.7785,2.6486435,0.5200014105285509
3,2,304383.7787450715,0.7785,2.6495032,0.5210824925878217
3,2,304388.77894134633,0.7785,2.6502483,0.5221635750821368
3,2,304393.77913762094,0.7785,2.65107,0.523244656580071
3,2,304398.77933389565,0.7785,2.651968,0.5243257393839628
3,2,304403.7795301704,0.7785,2.6528661,0.5254068204935792
3,2,304408.7797264451,0.7785,2.653535,0.526487901203944
3,2,304413.7799227198,0.7785,2.6544902,0.5275689790604913
3,2,304418.78011899453,0.7785,2.655369,0.5286500564561887
3,2,304423.78031526925,0.7785,2.6559231,0.5297311352798942
3,2,304428.78051154397,0.7785,2.6569932,0.5308122150386972
3,2,304433.7807078187,0.7785,2.6578722,0.5318932926007778
3,2,304438.7809040934,0.7785,2.6587129,0.5329743729385472
3,2,304443.7811003681,0.7785,2.6594772,0.5340554543457333
3,2,304448.78129664273,0.7785,2.6606236,0.5351365371753544
3,2,304453.7814929174,0.7785,2.6615024,0.5362176187622285
3,2,304458.7816891921,0.7785,2.6623623,0.5372987024458351
3,2,304463.78188546683,0.7785,2.6633177,0.5383797860085371
3,2,304468.78208174155,0.7785,2.6641583,0.5394608698041541
3,2,304473.7822780162,0.7785,2.665171,0.540541952492244
3,2,304478.7824742909,0.7785,2.6661456,0.5416230349303587
3,2,304483.78267056565,0.7785,2.6673875,0.5427041171858877
3,2,304488.78286684037,0.7785,2.6681325,0.5437851952445975
3,2,304493.7830631151,0.7785,2.6693172,0.5448662725375464
3,2,304498.7832593897,0.7785,2.6702917,0.5459473437898792
3,2,304503.7834556643,0.7785,2.6713045,0.54702841261121
3,2,304508.7836519389,0.7785,2.672298,0.5481094839012229
3,2,304513.7838482135,0.7785,2.6734061,0.5491905680691306
3,2,304518.7840444881,0.7785,2.6742468,0.5502716398271558
3,2,304523.7842407627,0.7785,2.675508,0.5513527102982902
3,2,304528.78443703684,0.7785,2.676578,0.5524337797468442
3,2,304533.78463331144,0.7785,2.677839,0.5535148534831674
3,2,304538.78482958605,0.7785,2.6788135,0.5545959250198806
3,2,304543.78502586065,0.7785,2.6800363,0.5556769997343923
3,2,304548.7852221355,0.7785,2.6811445,0.5567580727899378
3,2,304553.7854184103,0.7785,2.6823483,0.5578391428827583
3,2,304558.78561468516,0.7785,2.683571,0.55892021181502
3,2,304563.78581096,0.7785,2.6847749,0.5600012937237362
3,2,304568.7860072348,0.7785,2.6859977,0.5610823688648582
3,2,304573.78620350966,0.7785,2.6871634,0.5621634480513242
3,2,304578.7863997845,0.7785,2.6883478,0.5632445179882984
3,2,304583.78659605933,0.7785,2.6897235,0.5643255853804788
3,2,304588.78679233417,0.7785,2.69108,0.5654066629451058
3,2,304593.786988609,0.7785,2.69215,0.5664877418120776
3,2,304598.78718488384,0.7785,2.693526,0.5675688214081832
3,2,304603.7873811587,0.7785,2.6946914,0.5686499051860778
3,2,304608.7875774335,0.7785,2.6961246,0.5697309892588763
3,2,304613.78777370835,0.7785,2.6974812,0.5708120723242437
3,2,304618.7879699832,0.7785,2.6989906,0.5718931567894129
3,2,304623.788166258,0.7785,2.7004428,0.5729742398358326
3,2,304628.78836253285,0.7785,2.7018185,0.5740553234533708
3,2,304633.7885588077,0.7785,2.7032897,0.5751364064717996
3,2,304638.7887550825,0.7785,2.7047226,0.576217490409885
3,2,304643.78895135736,0.7785,2.7061174,0.5772985760359243
3,2,304648.7891476322,0.7785,2.707837,0.5783796609775168
3,2,304653.78934390657,0.7785,2.709098,0.5794607468997183
3,2,304658.78954018094,0.7785,2.7105885,0.580541832545278
3,2,304663.7897364553,0.7785,2.7120407,0.5816229171159442
3,2,304668.7899327297,0.7785,2.7136457,0.5827040039035587
3,2,304673.79012900405,0.7785,2.7150595,0.5837850918019124
3,2,304678.7903252784,0.7785,2.7165883,0.584866178953751
3,2,304683.7905215528,0.7785,2.7184033,0.5859472669374288
3,2,304688.79071782716,0.7785,2.7200465,0.5870283523600109
3,2,304693.7909141015,0.7785,2.7218616,0.5881094395422546
3,2,304698.7911103759,0.7785,2.7236004,0.5891905292906173
3,2,304703.79130665027,0.7785,2.7252245,0.590271619103257
3,2,304708.79150292464,0.7785,2.726753,0.5913527110812274
3,2,304713.791699199,0.7785,2.7285492,0.5924338003545676
3,2,304718.7918954734,0.7785,2.7302496,0.593514887651484
3,2,304723.79209174775,0.7785,2.732256,0.5945959761556858
3,2,304728.7922880221,0.7785,2.733899,0.5956770661321688
3,2,304733.7924842965,0.7785,2.7358863,0.5967581561943897
3,2,304738.79268057086,0.7785,2.737778,0.5978392451758956
3,2,304743.7928768452,0.7785,2.739574,0.5989203336083633
3,2,304748.7930731196,0.7785,2.7413127,0.6000014228920051
3,2,304753.79326939397,0.7785,2.7432425,0.6010825100705434
3,2,304758.79346566834,0.7785,2.7451723,0.6021635963475316
3,2,304763.7936619427,0.7785,2.7471404,0.6032446842590381
3,2,304768.7938582171,0.7785,2.7491083,0.6043257730412227
3,2,304773.79405449145,0.7785,2.7511146,0.6054068599553482
3,2,304778.7942507658,0.7785,2.7531018,0.606487948418754
3,2,304783.7944470402,0.7785,2.7555285,0.607569035646827
3,2,304788.79464331456,0.7785,2.757611,0.6086501209307322
3,2,304793.7948395889,0.7785,2.7598083,0.6097312068943722
3,2,304798.7950358633,0.7785,2.7620056,0.6108122945695694
3,2,304803.79523213767,0.7785,2.7641456,0.6118933813557668
3,2,304808.79542841204,0.7785,2.7664194,0.6129744670394636
3,2,304813.7956246864,0.7785,2.7686548,0.6140555521857815
3,2,304818.7958209608,0.7785,2.770986,0.6151366383547991
3,2,304823.79601723514,0.7785,2.773508,0.6162177231176108
3,2,304828.7962135095,0.7785,2.7758965,0.6172988086132881
3,2,304833.7964097839,0.7785,2.7782466,0.6183798942840076
3,2,304838.79660605825,0.7785,2.7808452,0.6194609786014666
3,2,304843.7968023326,0.7785,2.7833292,0.6205420639982036
3,2,304848.796998607,0.7785,2.785775,0.6216231499848873
3,2,304853.79719488136,0.7785,2.7884688,0.6227042371808699
3,2,304858.79739115573,0.7785,2.790953,0.6237853239653353
3,2,304863.7975874301,0.7785,2.7935705,0.6248664101667083
3,2,304868.7977837045,0.7785,2.796188,0.62594749676983
3,2,304873.79797997884,0.7785,2.7989779,0.6270285860807144
3,2,304878.7981762532,0.7785,2.8016338,0.6281096753256166
3,2,304883.7983725276,0.7785,2.804347,0.6291907621925318
3,2,304888.79856880195,0.7785,2.8074422,0.6302718493872858
3,2,304893.7987650763,0.7785,2.8103657,0.6313529360268623
3,2,304898.7989613507,0.7785,2.8131745,0.6324340223073208
3,2,304903.79915762506,0.7785,2.8161743,0.6335151098420928
3,2,304908.79935389943,0.7785,2.8190403,0.6345961973681659
3,2,304913.7995501738,0.7785,2.8223267,0.6356772842398926
3,2,304918.7997464482,0.7785,2.8252692,0.6367583712917146
3,2,304923.79994272254,0.7785,2.8285556,0.6378394573157739
3,2,304928.8001389969,0.7785,2.8315935,0.6389205427198388
3,2,304933.8003352713,0.7785,2.834727,0.6400016290902539
3,2,304938.80053154565,0.7785,2.838109,0.6410827164445299
3,2,304943.80072782,0.7785,2.8411853,0.642163805286998
3,2,304948.8009240944,0.7785,2.8446245,0.6432448919205114
3,2,304953.80112036876,0.7785,2.847892,0.6443259760169033
3,2,304958.80131664313,0.7785,2.8514075,0.6454070579503918
3,2,304963.8015129175,0.7785,2.8547513,0.646488140837591
3,2,304968.8017091919,0.7785,2.858439,0.6475692285240899
3,2,304973.80190546624,0.7785,2.8617446,0.6486503170512893
3,2,304978.8021017406,0.7785,2.8653557,0.6497314035838854
3,2,304983.802298015,0.7785,2.8686996,0.650812492726284
3,2,304988.80249428935,0.7785,2.8721578,0.6518935820422548
3,2,304993.8026905637,0.7785,2.8761513,0.6529746721367251
3,2,304998.8028868381,0.7785,2.8799155,0.6540557596354561
3,2,305003.80308311246,0.7785,2.8836222,0.6551368478644435
3,2,305008.80327938683,0.7785,2.8875582,0.6562179348381006
3,2,305013.8034756612,0.7785,2.8913796,0.657299021933848
3,2,305018.8036719356,0.7785,2.8953156,0.6583801071285483
3,2,305023.80386820994,0.7785,2.899443,0.6594611921203114
3,2,305028.8040644843,0.7785,2.9034934,0.660542276909624
3,2,305033.8042607587,0.7785,2.9078116,0.6616233605337221
3,2,305038.80445703305,0.7785,2.9118433,0.6627044445705922
3,2,305043.8046533074,0.7785,2.9161997,0.6637855296375234
3,2,305048.80484958226,0.7785,2.9206707,0.6648666154442177
3,2,305053.8050458571,0.7785,2.9250271,0.6659477011761678
3,2,305058.80524213193,0.7785,2.9294791,0.6670287862301846
3,2,305063.80543840677,0.7785,2.9340074,0.6681098696606702
3,2,305068.8056346816,0.7785,2.9386888,0.6691909517516242
3,2,305073.80583095644,0.7785,2.9432936,0.6702720342843943
3,2,305078.8060272313,0.7785,2.9479175,0.6713531156928287
3,2,305083.8062235061,0.7785,2.9524076,0.6724341953651322
3,2,305088.80641978094,0.7785,2.9570124,0.6735152738365875
3,2,305093.8066160558,0.7785,2.9619994,0.6745963568965507
3,2,305098.8068123306,0.7785,2.9668334,0.6756774399840513
3,2,305103.80700860545,0.7785,2.9717631,0.6767585223438619
3,2,305108.8072048803,0.7785,2.976903,0.6778396035900128
3,2,305113.8074011551,0.7785,2.9816797,0.678920682600867
3,2,305118.80759742996,0.7785,2.9867811,0.6800017628811412
3,2,305123.8077937048,0.7785,2.9915962,0.6810828459423893
3,2,305128.8079899796,0.7785,2.9968123,0.6821639300571926
3,2,305131.903587674,0.7785,2.9999268,0.682833224965471
3,2,305131.9037876739,0.7785,2.9999268,0.6828332682091408
4,1,305131.90458767395,-0.7785,2.9274607,-8.56069458855523e-08
4,1,305136.90478394844,-0.7785,2.655713,-0.0010816865103344124
4,1,305141.90498022316,-0.7785,2.5174541,-0.002163286521388425
4,1,305146.9051764979,-0.7785,2.4189,-0.0032448860991232927
4,1,305151.9053727726,-0.7785,2.3435225,-0.004326485097534127
4,1,305156.9055690473,-0.7785,2.2835264,-0.005408083225107855
4,1,305161.90576532204,-0.7785,2.237077,-0.006489680990851588
4,1,305166.90596159676,-0.7785,2.202799,-0.007571278534995185
4,1,305171.9061578715,-0.7785,2.1796603,-0.008652876828246647
4,1,305176.9063541462,-0.7785,2.1633239,-0.009734474827302827
4,1,305181.9065504209,-0.7785,2.1513245,-0.01081607393360469
4,1,305186.9067466956,-0.7785,2.1415036,-0.011897671191725466
4,1,305191.9069429705,-0.7785,2.1330009,-0.012979269655386606
4,1,305196.90713924525,-0.7785,2.124823,-0.014060866651611196
4,1,305201.9073355199,-0.7785,2.1170847,-0.015142461141877703
4,1,305206.9075317946,-0.7785,2.1088495,-0.01622405699187186
4,1,305211.90772806935,-0.7785,2.0999265,-0.017305651841004688
4,1,305216.90792434406,-0.7785,2.089857,-0.018387243951525953
4,1,305221.9081206188,-0.7785,2.0786605,-0.019468837616496617
4,1,305226.9083168935,-0.7785,2.0658395,-0.020550430532856122
4,1,305231.9085131681,-0.7785,2.0507069,-0.02163202417503132
4,1,305236.9087094427,-0.7785,2.033262,-0.022713618384059935
4,1,305241.9089057173,-0.7785,2.0130086,-0.023795214572346873
4,1,305246.9091019919,-0.7785,1.9904813,-0.024876809874359106
4,1,305251.9092982665,-0.7785,1.9659668,-0.02595840475277106
4,1,305256.9094945409,-0.7785,1.9406881,-0.0270399995817509
4,1,305261.9096908155,-0.7785,1.9150847,-0.028121594663610062
4,1,305266.9098870901,-0.7785,1.8895959,-0.02920319071021676
4,1,305271.9100833647,-0.7785,1.8649478,-0.030284786391579444
4,1,305276.91027963953,-0.7785,1.8411404,-0.03136638249839015
4,1,305281.91047591437,-0.7785,1.8186513,-0.03244798257642653
4,1,305286.9106721892,-0.7785,1.7978055,-0.033529583171079555
4,1,305291.91086846404,-0.7785,1.7779533,-0.03461118304464221
4,1,305296.9110647389,-0.7785,1.7601264,-0.035692780167563096
4,1,305301.9112610137,-0.7785,1.7435223,-0.036774378799398745
4,1,305306.91145728854,-0.7785,1.7288672,-0.03785597594429056
4,1,305311.9116535634,-0.7785,1.7160082,-0.03893757047164109
4,1,305316.9118498382,-0.7785,1.7047541,-0.04001916609316071
4,1,305321.91204611305,-0.7785,1.6955062,-0.04110076174277399
4,1,305326.9122423879,-0.7785,1.687596,-0.042182357789642286
4,1,305331.9124386627,-0.7785,1.6809849,-0.043263953683200816
4,1,305336.9126349371,-0.7785,1.6757113,-0.04434554774796301
4,1,305341.9128312119,-0.7785,1.6713167,-0.045427140831586395
4,1,305346.91302748676,-0.7785,1.667782,-0.04650873596823878
4,1,305351.9132237616,-0.7785,1.6647439,-0.04759033266008232
4,1,305356.91342003644,-0.7785,1.6621644,-0.04867192867235674
4,1,305361.91361631127,-0.7785,1.6601964,-0.049753525201969684
4,1,305366.9138125861,-0.7785,1.6584194,-0.05083512086007331
4,1,305371.91400886094,-0.7785,1.6568335,-0.05191671722278993
4,1,305376.9142051358,-0.7785,1.6553814,-0.05299831355218094
4,1,305381.91440141015,-0.7785,1.6541967,-0.054079909463753316
4,1,305386.9145976845,-0.7785,1.6531076,-0.05516150597519346
4,1,305391.9147939589,-0.7785,1.6521332,-0.05624310360339947
4,1,305396.91499023326,-0.7785,1.651388,-0.057324701375289104
4,1,305401.9151865076,-0.7785,1.6505473,-0.05840629778612985
4,1,305406.915382782,-0.7785,1.6498021,-0.059487896531562015
4,1,305411.91557905637,-0.7785,1.6491525,-0.060569495858937505
4,1,305416.91577533074,-0.7785,1.6486175,-0.061651093034668106
4,1,305421.9159716051,-0.7785,1.647987,-0.06273268911279904
4,1,305426.9161678795,-0.7785,1.6475093,-0.06381428629513913
4,1,305431.91636415385,-0.7785,1.6470507,-0.06489588280193012
4,1,305436.9165604282,-0.7785,1.6465731,-0.06597748007230296
4,1,305441.9167567026,-0.7785,1.6461335,-0.06705908075944915
4,1,305446.91695297696,-0.7785,1.6458279,-0.06814068235790731
4,1,305451.9171492513,-0.7785,1.6454076,-0.06922228436311087
4,1,305456.9173455257,-0.7785,1.6450827,-0.07030388738028871
4,1,305461.91754180007,-0.7785,1.644586,-0.07138548799635636
4,1,305466.91773807444,-0.7785,1.6443757,-0.07246709098127153
4,1,305471.9179343488,-0.7785,1.6440318,-0.07354869354940123
4,1,305476.9181306232,-0.7785,1.6437835,-0.07463029364432891
4,1,305481.91832689755,-0.7785,1.6434968,-0.07571189487901661
4,1,305486.9185231719,-0.7785,1.6431147,-0.07679349535772867
4,1,305491.9187194463,-0.7785,1.6428281,-0.07787509723332856
4,1,305496.91891572066,-0.7785,1.642618,-0.07895669923241602
4,1,305501.919111995,-0.7785,1.6423122,-0.08003830628376868
4,1,305506.9193082694,-0.7785,1.6421975,-0.08111990892573198
4,1,305511.91950454377,-0.7785,1.6418536,-0.08220151052529283
4,1,305516.91970081814,-0.7785,1.641567,-0.08328311255421242
4,1,305521.9198970925,-0.7785,1.641395,-0.08436471382123895
4,1,305526.9200933669,-0.7785,1.6410702,-0.08544631522377001
4,1,305531.92028964125,-0.7785,1.6407645,-0.08652791403988334
4,1,305536.9204859156,-0.7785,1.6406881,-0.08760951161181264
4,1,305541.92068219,-0.7785,1.6404588,-0.08869111060969696
4,1,305546.92087846436,-0.7785,1.6401721,-0.08977270982615153
4,1,305551.9210747387,-0.7785,1.639962,-0.09085431094530556
4,1,305556.9212710131,-0.7785,1.6397518,-0.09193591110178828
4,1,305561.92146728747,-0.7785,1.6396563,-0.09301751094205843
4,1,305566.92166356184,-0.7785,1.6394079,-0.09409911189256442
4,1,305571.9218598362,-0.7785,1.6391786,-0.09518071308603551
4,1,305576.9220561106,-0.7785,1.6390449,-0.09626231226823727
4,1,305581.92225238495,-0.7785,1.638701,-0.09734391180004344
4,1,305586.9224486593,-0.7785,1.6386818,-0.0984255104320579
4,1,305591.9226449337,-0.7785,1.6383761,-0.0995071100684305
4,1,305596.92284120806,-0.7785,1.6382233,-0.10058870906136433
4,1,305601.9230374824,-0.7785,1.6379749,-0.1016703090028829
4,1,305606.9232337568,-0.7785,1.6377838,-0.10275190773891078
4,1,305611.92343003117,-0.7785,1.6375163,-0.10383351021089487
4,1,305616.92362630554,-0.7785,1.6374398,-0.1049151122510102
4,1,305621.9238225799,-0.7785,1.6371723,-0.10599671468891038
4,1,305626.9240188543,-0.7785,1.6368858,-0.1070783180398378
4,1,305631.92421512865,-0.7785,1.6366756,-0.10815991996881034
4,1,305636.924411403,-0.7785,1.6366183,-0.1092415206501815
4,1,305641.9246076774,-0.7785,1.636389,-0.11032312064361571
4,1,305646.92480395176,-0.7785,1.6361789,-0.11140472243337497
4,1,305651.9250002261,-0.7785,1.635854,-0.11248632290126878
4,1,305656.9251965005,-0.7785,1.635854,-0.11356792231178613
4,1,305661.92539277487,-0.7785,1.6357393,-0.11464952375638483
4,1,305666.92558904923,-0.7785,1.6353763,-0.11573112604905167
4,1,305671.9257853236,-0.7785,1.6352426,-0.11681272679720321
4,1,305676.925981598,-0.7785,1.634956,-0.11789432764634489
4,1,305681.92617787234,-0.7785,1.6348987,-0.11897592909482452
4,1,305686.9263741467,-0.7785,1.6346693,-0.12005752794597545
4,1,305691.9265704211,-0.7785,1.6343827,-0.12113912677193017
4,1,305696.92676669545,-0.7785,1.6341726,-0.12222072585797308
4,1,305701.9269629698,-0.7785,1.633905,-0.12330232501396535
4,1,305706.9271592442,-0.7785,1.6336185,-0.12438392540021073
4,1,305711.92735551856,-0.7785,1.6335229,-0.12546552664562396
4,1,305716.92755179293,-0.7785,1.63337,-0.12654712976643773
4,1,305721.9277480673,-0.7785,1.6332554,-0.12762873592291604
4,1,305726.9279443417,-0.7785,1.6329497,-0.12871034188693098
4,1,305731.92814061604,-0.7785,1.6327013,-0.12979194840283526
4,1,305736.9283368904,-0.7785,1.6324911,-0.13087355277756188
4,1,305741.9285331648,-0.7785,1.6323383,-0.13195515924747453
4,1,305746.92872943915,-0.7785,1.6320899,-0.1330367648025983
4,1,305751.9289257135,-0.7785,1.6319561,-0.13411836807211241
4,1,305756.9291219879,-0.7785,1.6315548,-0.13519997118148872
4,1,305761.92931826226,-0.7785,1.6315548,-0.136281573396898
4,1,305766.92951453663,-0.7785,1.6313447,-0.13736317567249803
4,1,305771.92971081147,-0.7785,1.6311728,-0.13844477820833526
4,1,305776.9299070863,-0.7785,1.6308097,-0.1395263806009094
4,1,305781.93010336114,-0.7785,1.6306951,-0.14060798231385815
4,1,305786.930299636,-0.7785,1.6303512,-0.1416895821647048
4,1,305791.9304959108,-0.7785,1.6301601,-0.14277118061712718
4,1,305796.93069218565,-0.7785,1.6299881,-0.14385278125931822
4,1,305801.9308884605,-0.7785,1.6298735,-0.14493438261309932
4,1,305806.93108473485,-0.7785,1.6295868,-0.14601598265779683
4,1,305811.9312810097,-0.7785,1.6294913,-0.14709758319291807
4,1,305816.9314772845,-0.7785,1.6292621,-0.148179183672554
4,1,305821.93167355936,-0.7785,1.629071,-0.14926078494449793
4,1,305826.9318698342,-0.7785,1.6287844,-0.15034238551202422
4,1,305831.93206610903,-0.7785,1.6286124,-0.15142398909810192
4,1,305836.93226238387,-0.7785,1.6282876,-0.15250559274659561
4,1,305841.9324586587,-0.7785,1.6281157,-0.1535871935900848
4,1,305846.93265493354,-0.7785,1.6279436,-0.1546687934910093
4,1,305851.9328512084,-0.7785,1.6278099,-0.1557503946905137
4,1,305856.9330474832,-0.7785,1.6273896,-0.1568319954492053
4,1,305861.93324375805,-0.7785,1.6272558,-0.15791359451067125
4,1,305866.9334400329,-0.7785,1.6269119,-0.1589951944189569
4,1,305871.9336363075,-0.7785,1.6268355,-0.1600767949869799
4,1,305876.9338325821,-0.7785,1.6265489,-0.16115839658312342
4,1,305881.9340288567,-0.7785,1.6264724,-0.1622399977739951
4,1,305886.9342251313,-0.7785,1.6261667,-0.16332159824230613
4,1,305891.9344214059,-0.7785,1.6260139,-0.16440319819589463
4,1,305896.9346176805,-0.7785,1.6256317,-0.16548479629738472
4,1,305901.9348139551,-0.7785,1.6254025,-0.16656639780373714
4,1,305906.9350102297,-0.7785,1.6252304,-0.16764800160831553
4,1,305911.9352065043,-0.7785,1.6248865,-0.1687296046799985
4,1,305916.9354027789,-0.7785,1.624791,-0.1698112074166835
4,1,305921.9355990536,-0.7785,1.6244471,-0.1708928116218051
4,1,305926.93579532835,-0.7785,1.6242177,-0.17197441421125673
4,1,305931.9359916033,-0.7785,1.624084,-0.17305601696612116
4,1,305936.936187878,-0.7785,1.6238165,-0.17413762225961363
4,1,305941.93638415274,-0.7785,1.6236446,-0.1752192292895682
4,1,305946.93658042746,-0.7785,1.6233771,-0.17630083568334587
4,1,305951.9367767022,-0.7785,1.6230905,-0.17738244218052765
4,1,305956.9369729769,-0.7785,1.6229376,-0.17846405069072718
4,1,305961.9371692516,-0.7785,1.62267,-0.17954565654515567
4,1,305966.93736552633,-0.7785,1.6225363,-0.18062725928441362
4,1,305971.93756180105,-0.7785,1.6220396,-0.18170886313549356
4,1,305976.9377580758,-0.7785,1.6220014,-0.18279046389431433
4,1,305981.9379543505,-0.7785,1.6216383,-0.18387206426190014
4,1,305986.93815062515,-0.7785,1.6214664,-0.18495366241524958
4,1,305991.9383468999,-0.7785,1.6211225,-0.18603526173502216
4,1,305996.9385431744,-0.7785,1.621046,-0.1871168620418609
4,1,306001.93873944914,-0.7785,1.6206448,-0.18819846333380216
4,1,306006.93893572385,-0.7785,1.6203773,-0.1892800646936828
4,1,306011.9391319986,-0.7785,1.62032,-0.19036166419728937
4,1,306016.9393282733,-0.7785,1.6199378,-0.19144326366151712
4,1,306021.9395245479,-0.7785,1.6197085,-0.19252486367345858
4,1,306026.9397208225,-0.7785,1.619441,-0.19360646332238127
4,1,306031.9399170971,-0.7785,1.6192499,-0.19468806267530397
4,1,306036.9401133717,-0.7785,1.6190971,-0.1957696595896119
4,1,306041.9403096463,-0.7785,1.6185812,-0.19685125665094794
4,1,306046.9405059209,-0.7785,1.6184857,-0.19793285495190496
4,1,306051.9407021955,-0.7785,1.6181035,-0.1990144547105366
4,1,306056.9408984701,-0.7785,1.6178169,-0.2000960538164345
4,1,306061.9410947447,-0.7785,1.6176641,-0.20117765408998076
4,1,306066.9412910193,-0.7785,1.6173774,-0.20225925241064374
4,1,306071.9414872937,-0.7785,1.6172055,-0.20334084921339496
4,1,306076.9416835685,-0.7785,1.6170144,-0.20442244330899925
4,1,306081.94187984336,-0.7785,1.6166896,-0.20550403892832675
4,1,306086.9420761182,-0.7785,1.6163456,-0.20658563503961774
4,1,306091.94227239303,-0.7785,1.6161928,-0.20766722855230185
4,1,306096.94246866787,-0.7785,1.6159636,-0.208748821621991
4,1,306101.9426649427,-0.7785,1.615868,-0.20983041702920874
4,1,306106.94286121754,-0.7785,1.6152948,-0.2109120127208466
4,1,306111.9430574924,-0.7785,1.6150846,-0.21199360932963104
4,1,306116.9432537672,-0.7785,1.6148553,-0.21307520804309524
4,1,306121.94345004205,-0.7785,1.6146642,-0.21415680553412117
4,1,306126.9436463169,-0.7785,1.614454,-0.21523840256645624
4,1,306131.9438425917,-0.7785,1.6141865,-0.2163199989582533
4,1,306136.94403886655,-0.7785,1.6138618,-0.2174015974692041
4,1,306141.9442351414,-0.7785,1.6136134,-0.21848319393112603
4,1,306146.9444314162,-0.7785,1.6132694,-0.21956478959182907
4,1,306151.94462769106,-0.7785,1.6129637,-0.22064638443062382
4,1,306156.9448239659,-0.7785,1.6129446,-0.22172798369251698
4,1,306161.94502024073,-0.7785,1.6126771,-0.2228095845449038
4,1,306166.94521651557,-0.7785,1.6123714,-0.2238911868022615
4,1,306171.9454127904,-0.7785,1.6118364,-0.2249727923338348
4,1,306176.9456090648,-0.7785,1.6117791,-0.22605439547989445
4,1,306181.94580533914,-0.7785,1.6115116,-0.22713599557132533
4,1,306186.9460016135,-0.7785,1.6110913,-0.2282175928188464
4,1,306191.9461978879,-0.7785,1.6109766,-0.2292991897600559
4,1,306196.94639416225,-0.7785,1.6107664,-0.23038078720389812
4,1,306201.9465904366,-0.7785,1.6104606,-0.23146238562959442
4,1,306206.946786711,-0.7785,1.6100976,-0.23254398681873423
4,1,306211.94698298536,-0.7785,1.6098875,-0.233625586983247
4,1,306216.94717925973,-0.7785,1.6095053,-0.2347071847381096
4,1,306221.9473755341,-0.7785,1.6092187,-0.23578878356651142
4,1,306226.9475718085,-0.7785,1.6088557,-0.23687038189863174
4,1,306231.94776808284,-0.7785,1.6086264,-0.2379519799237815
4,1,306236.9479643572,-0.7785,1.6083589,-0.2390335777517889
4,1,306241.9481606316,-0.7785,1.6082443,-0.24011517272130656
4,1,306246.94835690595,-0.7785,1.6078048,-0.2411967694729468
4,1,306251.9485531803,-0.7785,1.607671,-0.24227836376936907
4,1,306256.9487494547,-0.7785,1.6072124,-0.2433599590625863
4,1,306261.94894572906,-0.7785,1.6070979,-0.24444155321959662
4,1,306266.94914200343,-0.7785,1.606773,-0.2455231492243112
4,1,306271.9493382778,-0.7785,1.6065246,-0.2466047445192371
4,1,306276.9495345522,-0.7785,1.6061807,-0.2476863415647084
4,1,306281.94973082654,-0.7785,1.6058177,-0.24876793990570648
4,1,306286.9499271009,-0.7785,1.6055884,-0.2498495394396485
4,1,306291.9501233753,-0.7785,1.6051872,-0.2509311375269758
4,1,306296.95031964965,-0.7785,1.6049197,-0.25201273251417616
4,1,306301.950515924,-0.7785,1.6047286,-0.2530943240349459
4,1,306306.9507121984,-0.7785,1.604442,-0.2541759166985188
4,1,306311.95090847276,-0.7785,1.6042126,-0.2552575111552378
4,1,306316.95110474713,-0.7785,1.6037159,-0.2563391041724484
4,1,306321.9513010215,-0.7785,1.6035057,-0.2574206975221469
4,1,306326.9514972959,-0.7785,1.6031426,-0.25850229085432164
4,1,306331.95169357024,-0.7785,1.603028,-0.25958388221830797
4,1,306336.9518898446,-0.7785,1.602665,-0.26066547166003456
4,1,306341.952086119,-0.7785,1.6022446,-0.2617470645105508
4,1,306346.95228239335,-0.7785,1.6020344,-0.26282865864957705
4,1,306351.9524786677,-0.7785,1.601786,-0.2639102525423004
4,1,306356.9526749421,-0.7785,1.601404,-0.2649918472444349
4,1,306361.95287121646,-0.7785,1.6010982,-0.2660734443385171
4,1,306366.95306749083,-0.7785,1.6006397,-0.26715504120863814
4,1,306371.9532637652,-0.7785,1.6004868,-0.268236638838682
4,1,306376.9534600396,-0.7785,1.6001811,-0.26931823756611684
4,1,306381.95365631394,-0.7785,1.6000283,-0.2703998371427192
4,1,306386.9538525883,-0.7785,1.599455,-0.27148143621043697
4,1,306391.9540488627,-0.7785,1.5992831,-0.27256303633020984
4,1,306396.95424513705,-0.7785,1.5990156,-0.27364463671497835
4,1,306401.9544414114,-0.7785,1.5988054,-0.27472623321979245
4,1,306406.9546376858,-0.7785,1.5982895,-0.27580782815350097
4,1,306411.95483396016,-0.7785,1.5981748,-0.27688942412370443
4,1,306416.95503023453,-0.7785,1.5977927,-0.2779710173455113
4,1,306421.9552265089,-0.7785,1.5974296,-0.2790526090575225
4,1,306426.95542278327,-0.7785,1.5970666,-0.280134201462292
4,1,306431.95561905764,-0.7785,1.5966845,-0.2812157933682336
4,1,306436.955815332,-0.7785,1.5965507,-0.2822973883524769
4,1,306441.9560116064,-0.7785,1.5960922,-0.2833789846768181
4,1,306446.95620788075,-0.7785,1.5957291,-0.2844605823367106
4,1,306451.9564041551,-0.7785,1.5954999,-0.2855421787657871
4,1,306456.9566004295,-0.7785,1.595156,-0.2866237769740688
4,1,306461.95679670386,-0.7785,1.5946783,-0.2877053741737075
4,1,306466.95699297823,-0.7785,1.5943344,-0.2887869787876607
4,1,306471.9571892526,-0.7785,1.5941241,-0.2898685840386418
4,1,306476.95738552697,-0.7785,1.5937229,-0.2909501887551315
4,1,306481.95758180134,-0.7785,1.593379,-0.292031793806043
4,1,306486.9577780757,-0.7785,1.5930732,-0.2931133986051712
4,1,306491.9579743501,-0.7785,1.5927867,-0.29419499224469403
4,1,306496.95817062445,-0.7785,1.5924618,-0.2952765880666674
4,1,306501.9583668988,-0.7785,1.5919077,-0.29635819194818214
4,1,306506.9585631732,-0.7785,1.5916976,-0.29743978892984335
4,1,306511.95875944756,-0.7785,1.591258,-0.2985213889738223
4,1,306516.95895572193,-0.7785,1.5909332,-0.29960299510131955
4,1,306521.9591519963,-0.7785,1.5906466,-0.30068459404417225
4,1,306526.95934827067,-0.7785,1.5902454,-0.3017661901064384
4,1,306531.95954454504,-0.7785,1.5900543,-0.3028477859976955
4,1,306536.9597408194,-0.7785,1.589825,-0.3039293882934949
4,1,306541.9599370938,-0.7785,1.58929,-0.3050109909053082
4,1,306546.96013336815,-0.7785,1.5890799,-0.3060925883881087
4,1,306551.9603296425,-0.7785,1.588755,-0.30717418494369936
4,1,306556.9605259169,-0.7785,1.588373,-0.3082557809797031
4,1,306561.96072219126,-0.7785,1.5878761,-0.3093373739432463
4,1,306566.96091846563,-0.7785,1.5876086,-0.31041896992007584
4,1,306571.96111474046,-0.7785,1.5871882,-0.31150056605383447
4,1,306576.9613110153,-0.7785,1.5869399,-0.31258216103766057
4,1,306581.96150729014,-0.7785,1.5865387,-0.3136637541523082
4,1,306586.961703565,-0.7785,1.5862329,-0.31474535639478457
4,1,306591.9618998398,-0.7785,1.585889,-0.31582696048289893
4,1,306596.96209611464,-0.7785,1.5853922,-0.31690856508455034
4,1,306601.9622923895,-0.7785,1.5851057,-0.31799015888304205
4,1,306606.9624886643,-0.7785,1.5848954,-0.3190717621954218
4,1,306611.96268493915,-0.7785,1.5845133,-0.32015336802027317
4,1,306616.962881214,-0.7785,1.5839783,-0.32123497168780063
4,1,306621.9630774888,-0.7785,1.5836344,-0.32231656629523
4,1,306626.96327376366,-0.7785,1.5832713,-0.3233981606756087
4,1,306631.9634700385,-0.7785,1.5829656,-0.3244797524360355
4,1,306636.9636663133,-0.7785,1.5826598,-0.32556134073452847
4,1,306641.96386258816,-0.7785,1.5822395,-0.32664292975418463
4,1,306646.964058863,-0.7785,1.5818956,-0.3277245197001069
4,1,306651.96425513783,-0.7785,1.5813988,-0.32880610997110965
4,1,306656.96445141267,-0.7785,1.5809785,-0.32988770076343116
4,1,306661.9646476875,-0.7785,1.5807874,-0.3309692913449774
4,1,306666.9648439621,-0.7785,1.5805199,-0.3320508822444945
4,1,306671.96504023694,-0.7785,1.5800232,-0.3331324734107921
4,1,306676.96523651155,-0.7785,1.5797174,-0.3342140632007953
4,1,306681.96543278615,-0.7785,1.5792588,-0.3352956559079723
4,1,306686.96562906075,-0.7785,1.5790486,-0.33637724556053045
4,1,306691.96582533536,-0.7785,1.5784755,-0.33745883716024655
4,1,306696.96602160996,-0.7785,1.5781697,-0.3385404299561252
4,1,306701.96621788456,-0.7785,1.577692,-0.3396220300711993
4,1,306706.96641415916,-0.7785,1.5774628,-0.34070362780194186
4,1,306711.96661043377,-0.7785,1.5770233,-0.3417852207118872
4,1,306716.9668067085,-0.7785,1.5766603,-0.3428668119906886
4,1,306721.9670029832,-0.7785,1.5762781,-0.34394840127122767
4,1,306726.9671992579,-0.7785,1.5758196,-0.34502998860049944
4,1,306731.9673955325,-0.7785,1.5754757,-0.34611157708605167
4,1,306736.96759180725,-0.7785,1.5750552,-0.3471931638375061
4,1,306741.96778808197,-0.7785,1.5746732,-0.34827475233096583
4,1,306746.9679843567,-0.7785,1.5743101,-0.3493563430534373
4,1,306751.9681806314,-0.7785,1.5740235,-0.3504379334142874
4,1,306756.9683769061,-0.7785,1.5735841,-0.35151952599987757
4,1,306761.96857318084,-0.7785,1.573221,-0.35260111996155685
4,1,306766.96876945556,-0.7785,1.5727816,-0.35368271468491064
4,1,306771.9689657302,-0.7785,1.5722083,-0.3547643057743315
4,1,306776.96916200494,-0.7785,1.571807,-0.355845903910932
4,1,306781.96935827966,-0.7785,1.5715204,-0.3569275086893973
4,1,306786.9695545544,-0.7785,1.5712148,-0.3580091131107745
4,1,306791.96975082904,-0.7785,1.5708326,-0.3590907130326699
4,1,306796.96994710376,-0.7785,1.5702785,-0.36017230725954674
4,1,306801.9701433785,-0.7785,1.5698773,-0.3612539017523034
4,1,306806.9703396532,-0.7785,1.5693613,-0.3623354970955554
4,1,306811.97053592745,-0.7785,1.568941,-0.3634170948149234
4,1,306816.97073220205,-0.7785,1.5686353,-0.3644986963627408
4,1,306821.97092847666,-0.7785,1.5682149,-0.36558030208348596
4,1,306826.97112475126,-0.7785,1.5675653,-0.36666190922393765
4,1,306831.97132102586,-0.7785,1.5671641,-0.36774350656072663
4,1,306836.97151730047,-0.7785,1.5668201,-0.3688251026841803
4,1,306841.97171357507,-0.7785,1.5663806,-0.36990670148261756
4,1,306846.9719098497,-0.7785,1.566075,-0.3709883011159172
4,1,306851.9721061243,-0.7785,1.5656164,-0.3720699003960262
4,1,306856.9723023991,-0.7785,1.5651196,-0.3731514983841847
4,1,306861.9724986737,-0.7785,1.564642,-0.3742330978335014
4,1,306866.9726949483,-0.7785,1.5641643,-0.37531469809459356
4,1,306871.97289122315,-0.7785,1.5636483,-0.3763962995573783
4,1,306876.973087498,-0.7785,1.5631325,-0.37747790259183817
4,1,306881.9732837728,-0.7785,1.562865,-0.378559509019915
4,1,306886.97348004766,-0.7785,1.56233,-0.37964111464806766
4,1,306891.9736763225,-0.7785,1.5618714,-0.38072271687171894
4,1,306896.97387259733,-0.7785,1.5613747,-0.3818043140645031
4,1,306901.97406887216,-0.7785,1.5609351,-0.38288591257695065
4,1,306906.974265147,-0.7785,1.5605531,-0.383967514916076
4,1,306911.97446142184,-0.7785,1.5599225,-0.3850491249446641
4,1,306916.9746576967,-0.7785,1.5595785,-0.3861307288933433
4,1,306921.9748539715,-0.7785,1.5590627,-0.3872123322198428
4,1,306926.97505024634,-0.7785,1.5585277,-0.38829393991403816
4,1,306931.9752465212,-0.7785,1.5582219,-0.3893755453220543
4,1,306936.975442796,-0.7785,1.5577252,-0.39045714617884525
4,1,306941.97563907085,-0.7785,1.5570947,-0.3915387445270787
4,1,306946.9758353457,-0.7785,1.5566552,-0.392620342871408
4,1,306951.9760316205,-0.7785,1.5563303,-0.39370194136113623
4,1,306956.97622789536,-0.7785,1.5556234,-0.394783538113154
4,1,306961.9764241702,-0.7785,1.5553559,-0.39586513736447065
4,1,306966.976620445,-0.7785,1.5547254,-0.39694673213716053
4,1,306971.9768167194,-0.7785,1.5543432,-0.3980283274422888
4,1,306976.97701299377,-0.7785,1.5537701,-0.39910992447421323
4,1,306981.97720926814,-0.7785,1.553235,-0.4001915233067907
4,1,306986.9774055425,-0.7785,1.5528529,-0.4012731214317683
4,1,306991.9776018169,-0.7785,1.5523369,-0.402354718544414
4,1,306996.97779809125,-0.7785,1.5517828,-0.40343631292723653
4,1,307001.9779943656,-0.7785,1.5512097,-0.4045179082043903
4,1,307006.97819064,-0.7785,1.5506364,-0.4055995030344894
4,1,307011.97838691436,-0.7785,1.5500823,-0.406681097948833
4,1,307016.9785831887,-0.7785,1.5496429,-0.4077626903182669
4,1,307021.9787794631,-0.7785,1.5491652,-0.40884428483113683
4,1,307026.97897573747,-0.7785,1.5484773,-0.4099258892748492
4,1,307031.97917201184,-0.7785,1.5480379,-0.41100748555139405
4,1,307036.9793682862,-0.7785,1.5474455,-0.41208908286865586
4,1,307041.9795645606,-0.7785,1.5469297,-0.41317067855994605
4,1,307046.97976083495,-0.7785,1.546261,-0.41425227423004013
4,1,307051.9799571093,-0.7785,1.5457641,-0.41533386607818173
4,1,307056.9801533837,-0.7785,1.5452673,-0.4164154644706716
4,1,307061.98034965806,-0.7785,1.5447897,-0.41749706012650695
4,1,307066.9805459324,-0.7785,1.5441782,-0.41857865160442426
4,1,307071.9807422068,-0.7785,1.5437579,-0.4196602445403639
4,1,307076.98093848117,-0.7785,1.5431465,-0.4207418366065989
4,1,307081.98113475554,-0.7785,1.5426306,-0.421823428929273
4,1,307086.9813310299,-0.7785,1.5418663,-0.4229050297163861
4,1,307091.9815273043,-0.7785,1.5415797,-0.42398662813969823
4,1,307096.98172357865,-0.7785,1.54093,-0.42506821939550543
4,1,307101.981919853,-0.7785,1.5405097,-0.42614981063345114
4,1,307106.9821161274,-0.7785,1.5398028,-0.42723140172531576
4,1,307111.98231240176,-0.7785,1.5392486,-0.4283130010688143
4,1,307116.9825086761,-0.7785,1.5387518,-0.42939460256157025
4,1,307121.9827049505,-0.7785,1.5380067,-0.4304761956214213
4,1,307126.98290122487,-0.7785,1.5373571,-0.4315577884009683
4,1,307131.98309749924,-0.7785,1.5369558,-0.4326393810142713
4,1,307136.9832937736,-0.7785,1.5364399,-0.4337209745407638
4,1,307141.983490048,-0.7785,1.5357138,-0.4348025694377062
4,1,307146.98368632235,-0.7785,1.535217,-0.43588416394847007
4,1,307151.9838825967,-0.7785,1.534682,-0.43696575905969115
4,1,307156.9840788711,-0.7785,1.5339942,-0.4380473525865612
4,1,307161.98427514546,-0.7785,1.5334018,-0.43912894451391077
4,1,307166.9844714198,-0.7785,1.5329051,-0.4402105431631907
4,1,307171.9846676942,-0.7785,1.5322554,-0.4412921438398167
4,1,307176.98486396857,-0.7785,1.5314529,-0.44237373559555787
4,1,307181.98506024294,-0.7785,1.5308988,-0.443455332838092
4,1,307186.9852565173,-0.7785,1.5303066,-0.4445369274274082
4,1,307191.9854527917,-0.7785,1.529676,-0.44561852289949233
4,1,307196.98564906605,-0.7785,1.5290264,-0.44670011803076043
4,1,307201.9858453404,-0.7785,1.5284531,-0.44778171150899637
4,1,307206.9860416148,-0.7785,1.5277843,-0.4488633048777849
4,1,307211.98623788916,-0.7785,1.5271156,-0.44994490118727126
4,1,307216.9864341635,-0.7785,1.5264469,-0.4510264956897832
4,1,307221.9866304379,-0.7785,1.5258163,-0.45210808859843715
4,1,307226.98682671227,-0.7785,1.5252432,-0.45318968440966845
4,1,307231.98702298664,-0.7785,1.5244597,-0.4542712828006384
4,1,307236.987219261,-0.7785,1.5240203,-0.45535288010687003
4,1,307241.9874155354,-0.7785,1.5233898,-0.45643447642772433
4,1,307246.98761180975,-0.7785,1.522721,-0.4575160715035038
4,1,307251.9878080841,-0.7785,1.522014,-0.45859766716365385
4,1,307256.9880043585,-0.7785,1.5212307,-0.459679265544044
4,1,307261.98820063286,-0.7785,1.520581,-0.4607608625511961
4,1,307266.9883969072,-0.7785,1.5198168,-0.4618424555792613
4,1,307271.9885931816,-0.7785,1.519148,-0.46292404852688346
4,1,307276.98878945597,-0.7785,1.5184411,-0.46400564247077736
4,1,307281.98898573034,-0.7785,1.5178297,-0.4650872337247004
4,1,307286.9891820047,-0.7785,1.5169698,-0.4661688256653451
4,1,307291.9893782791,-0.7785,1.5162628,-0.46725041826718083
4,1,307296.98957455344,-0.7785,1.5156132,-0.46833200826433
4,1,307301.9897708278,-0.7785,1.5148871,-0.46941359728659227
4,1,307306.9899671022,-0.7785,1.5141993,-0.4704951844457524
4,1,307311.99016337655,-0.7785,1.5134923,-0.4715767707371848
4,1,307316.9903596509,-0.7785,1.512728,-0.47265835758563585
4,1,307321.9905559253,-0.7785,1.5118873,-0.47373994559646354
4,1,307326.99075219966,-0.7785,1.5111039,-0.47482153451453685
4,1,307331.99094847403,-0.7785,1.5104734,-0.47590312084494074
4,1,307336.9911447484,-0.7785,1.50969,-0.47698471084925903
4,1,307341.9913410228,-0.7785,1.5090594,-0.47806630296862496
4,1,307346.99153729714,-0.7785,1.508085,-0.479147896595644
4,1,307351.9917335715,-0.7785,1.5074927,-0.48022949321799846
4,1,307356.9919298459,-0.7785,1.5065564,-0.4813110898924076
4,1,307361.99212612025,-0.7785,1.505754,-0.48239268750743436
4,1,307366.9923223951,-0.7785,1.505047,-0.48347428796362246
4,1,307371.9925186699,-0.7785,1.5040725,-0.4845558880263703
4,1,307376.99271494476,-0.7785,1.5031744,-0.4856374853437381
4,1,307381.9929112196,-0.7785,1.5024484,-0.4867190828282903
4,1,307386.99310749443,-0.7785,1.5015695,-0.4878006784028348
4,1,307391.99330376927,-0.7785,1.5007479,-0.48888227464705075
4,1,307396.9935000441,-0.7785,1.5000601,-0.4899638722750846
4,1,307401.99369631894,-0.7785,1.4994487,-0.4910454689472884
4,1,307406.9938925938,-0.7785,1.4984741,-0.4921270648563938
4,1,307411.9940888686,-0.7785,1.4976716,-0.4932086609558566
4,1,307416.99428514345,-0.7785,1.4967163,-0.49429025661466885
4,1,307421.9944814183,-0.7785,1.4959711,-0.49537185057143407
4,1,307426.9946776931,-0.7785,1.4950922,-0.4964534451221066
4,1,307431.99487396795,-0.7785,1.4942132,-0.4975350415038934
4,1,307436.9950702428,-0.7785,1.4935254,-0.4986166377250291
4,1,307441.9952665176,-0.7785,1.4926465,-0.49969823841456945
4,1,307446.99546279246,-0.7785,1.491653,-0.5007798374449847
4,1,307451.9956590673,-0.7785,1.490774,-0.5018614354021587
4,1,307456.99585534213,-0.7785,1.4898378,-0.5029430358723208
4,1,307461.99605161697,-0.7785,1.4889206,-0.5040246380207544
4,1,307466.99624789157,-0.7785,1.4880608,-0.5051062401230904
4,1,307471.9964441662,-0.7785,1.4872774,-0.506187842048278
4,1,307476.9966404408,-0.7785,1.4863985,-0.5072694438771611
4,1,307481.9968367154,-0.7785,1.4854048,-0.5083510478647257
4,1,307486.99703299,-0.7785,1.4845642,-0.5094326476644118
4,1,307491.9972292646,-0.7785,1.4835134,-0.5105142460728955
4,1,307496.9974255392,-0.7785,1.4826916,-0.5115958461287822
4,1,307501.9976218138,-0.7785,1.4815835,-0.5126774449382396
4,1,307506.9978180884,-0.7785,1.4806855,-0.513759042578095
4,1,307511.998014363,-0.7785,1.4797875,-0.5148406401803697
4,1,307516.9982106377,-0.7785,1.4788129,-0.5159222393589985
4,1,307521.99840691243,-0.7785,1.4779149,-0.5170038401608571
4,1,307526.99860318715,-0.7785,1.4767685,-0.5180854413113135
4,1,307531.9987994619,-0.7785,1.4758705,-0.519167043439094
4,1,307536.9989957366,-0.7785,1.4749533,-0.5202486427390448
4,1,307541.9991920113,-0.7785,1.4739406,-0.5213302411299221
4,1,307546.999388286,-0.7785,1.472928,-0.522411838970175
4,1,307551.9995845603,-0.7785,1.4718007,-0.5234934366100535
4,1,307556.999780835,-0.7785,1.4709982,-0.5245750342343521
4,1,307561.9999771097,-0.7785,1.4699664,-0.525656633250939
4,1,307567.0001733844,-0.7785,1.4688964,-0.5267382306364846
4,1,307572.0003696591,-0.7785,1.4679028,-0.5278198299495318
4,1,307577.0005659338,-0.7785,1.4667946,-0.5289014281251468
4,1,307582.00076220854,-0.7785,1.4658393,-0.5299830284922227
4,1,307587.00095848326,-0.7785,1.4648075,-0.5310646309169237
4,1,307592.0011547579,-0.7785,1.463642,-0.5321462337068688
4,1,307597.00135103264,-0.7785,1.462591,-0.5332278350970882
4,1,307602.00154730736,-0.7785,1.4614065,-0.5343094344959595
4,1,307607.0017435821,-0.7785,1.4604129,-0.5353910333603492
4,1,307612.0019398568,-0.7785,1.4593811,-0.5364726315906019
4,1,307617.0021361315,-0.7785,1.4583875,-0.5375542301107715
4,1,307622.0023324061,-0.7785,1.4571456,-0.5386358274225199
4,1,307627.0025286807,-0.7785,1.4559991,-0.539717425347716
4,1,307632.0027249553,-0.7785,1.4547954,-0.5407990217270193
4,1,307637.0029212299,-0.7785,1.4538783,-0.541880619817731
4,1,307642.00311750453,-0.7785,1.4524453,-0.5429622177580137
4,1,307647.00331377913,-0.7785,1.451337,-0.5440438179294406
4,1,307652.00351005374,-0.7785,1.4504007,-0.5451254174194871
4,1,307657.00370632834,-0.7785,1.4491014,-0.5462070188556021
4,1,307662.00390260294,-0.7785,1.4480314,-0.5472886194030582
4,1,307667.0040988778,-0.7785,1.4465603,-0.5483702193046152
4,1,307672.0042951526,-0.7785,1.445624,-0.5494518160108234
4,1,307677.00449142745,-0.7785,1.4444011,-0.5505334156813295
4,1,307682.0046877023,-0.7785,1.4433885,-0.5516150168317694
4,1,307687.0048839771,-0.7785,1.4419554,-0.5526966190797062
4,1,307692.00508025195,-0.7785,1.4406562,-0.5537782221174146
4,1,307697.0052765268,-0.7785,1.4395671,-0.5548598240698615
4,1,307702.0054728016,-0.7785,1.4380767,-0.5559414260732504
4,1,307707.00566907646,-0.7785,1.4369303,-0.5570230252516076
4,1,307712.0058653513,-0.7785,1.435631,-0.558104621650799
4,1,307717.00606162613,-0.7785,1.4343699,-0.5591862196259041
4,1,307722.00625790097,-0.7785,1.4332044,-0.5602678180416298
4,1,307727.0064541758,-0.7785,1.431695,-0.5613494155474311
4,1,307732.00665045064,-0.7785,1.4304339,-0.5624310107993589
4,1,307737.0068467255,-0.7785,1.4290009,-0.5635126057033876
4,1,307742.0070430003,-0.7785,1.4277589,-0.5645941995939089
4,1,307747.00723927515,-0.7785,1.4262494,-0.5656757955226839
4,1,307752.00743555,-0.7785,1.4250457,-0.566757388352567
4,1,307757.0076318248,-0.7785,1.4237082,-0.5678389824451712
4,1,307762.00782809965,-0.7785,1.4222752,-0.5689205769795717
4,1,307767.008024374,-0.7785,1.4209377,-0.5700021710326414
4,1,307772.0082206484,-0.7785,1.4194664,-0.5710837667609162
4,1,307777.00841692276,-0.7785,1.4179952,-0.572165363086062
4,1,307782.00861319713,-0.7785,1.4167341,-0.5732469592907435
4,1,307787.0088094715,-0.7785,1.4153584,-0.574328556108631
4,1,307792.0090057459,-0.7785,1.413696,-0.5754101548436721
4,1,307797.00920202024,-0.7785,1.4123394,-0.576491751737986
4,1,307802.0093982946,-0.7785,1.410658,-0.5775733500079518
4,1,307807.009594569,-0.7785,1.409225,-0.578654949616658
4,1,307812.00979084335,-0.7785,1.4077729,-0.5797365502524647
4,1,307817.0099871177,-0.7785,1.4063016,-0.5808181479031318
4,1,307822.0101833921,-0.7785,1.4046775,-0.5818997433064024
4,1,307827.01037966646,-0.7785,1.403149,-0.5829813386005765
4,1,307832.01057594083,-0.7785,1.4016968,-0.5840629326312549
4,1,307837.0107722152,-0.7785,1.3999199,-0.5851445268329554
4,1,307842.0109684896,-0.7785,1.3984678,-0.5862261217194404
4,1,307847.01116476394,-0.7785,1.3968245,-0.5873077159259888
4,1,307852.0113610383,-0.7785,1.3950475,-0.5883893113311536
4,1,307857.0115573127,-0.7785,1.3934234,-0.5894709068013867
4,1,307862.01175358705,-0.7785,1.3919713,-0.5905525037712925
4,1,307867.0119498614,-0.7785,1.3902899,-0.591634101664269
4,1,307872.0121461358,-0.7785,1.3884556,-0.5927156960648537
4,1,307877.01234241016,-0.7785,1.386736,-0.5937972884390725
4,1,307882.01253868453,-0.7785,1.3852648,-0.5948788789602989
4,1,307887.0127349589,-0.7785,1.3838508,-0.5959604716032552
4,1,307892.0129312333,-0.7785,1.381921,-0.5970420653676828
4,1,307897.01312750764,-0.7785,1.3804498,-0.598123658347008
4,1,307902.013323782,-0.7785,1.3786155,-0.5992052543337849
4,1,307907.0135200564,-0.7785,1.3767622,-0.6002868512314466
4,1,307912.01371633075,-0.7785,1.3750616,-0.6013684482499998
4,1,307917.0139126051,-0.7785,1.3732655,-0.6024500463069983
4,1,307922.0141088795,-0.7785,1.3714312,-0.6035316441809874
4,1,307927.01430515386,-0.7785,1.3696543,-0.6046132388854465
4,1,307932.01450142823,-0.7785,1.3678008,-0.6056948320560761
4,1,307937.0146977026,-0.7785,1.3659284,-0.6067764270192127
4,1,307942.014893977,-0.7785,1.3640177,-0.6078580217430997
4,1,307947.01509025134,-0.7785,1.3622025,-0.6089396144213254
4,1,307952.0152865257,-0.7785,1.360139,-0.6100212079944354
4,1,307957.0154828001,-0.7785,1.3581901,-0.6111028024330114
4,1,307962.01567907445,-0.7785,1.3563749,-0.612184398985698
4,1,307967.0158753488,-0.7785,1.3544832,-0.613265994305628
4,1,307972.0160716232,-0.7785,1.3526108,-0.6143475882593898
4,1,307977.01626789756,-0.7785,1.3504899,-0.6154291821140125
4,1,307982.01646417193,-0.7785,1.3485792,-0.6165107765913581
4,1,307987.0166604463,-0.7785,1.3465538,-0.6175923690662393
4,1,307992.0168567207,-0.7785,1.3445094,-0.618673962363479
4,1,307997.01705299504,-0.7785,1.3425413,-0.6197555567946011
4,1,308002.0172492694,-0.7785,1.3404586,-0.6208371507969308
4,1,308007.0174455438,-0.7785,1.3383187,-0.6219187438710804
4,1,308012.01764181815,-0.7785,1.3360068,-0.6230003401244059
4,1,308017.0178380925,-0.7785,1.3339623,-0.6240819349937877
4,1,308022.0180343669,-0.7785,1.331784,-0.6251635274653741
4,1,308027.01823064126,-0.7785,1.3296441,-0.6262451184561493
4,1,308032.01842691563,-0.7785,1.3276187,-0.6273267116306863
4,1,308037.01862319,-0.7785,1.325345,-0.6284083026672445
4,1,308042.01881946437,-0.7785,1.3229184,-0.6294898926975504
4,1,308047.01901573874,-0.7785,1.3205873,-0.6305714856560438
4,1,308052.0192120131,-0.7785,1.3185047,-0.6316530807908087
4,1,308057.0194082875,-0.7785,1.3162692,-0.6327346766966624
4,1,308062.01960456185,-0.7785,1.3138235,-0.6338162708555867
4,1,308067.0198008362,-0.7785,1.3116261,-0.6348978647459026
4,1,308072.0199971106,-0.7785,1.309276,-0.6359794599953568
4,1,308077.02019338496,-0.7785,1.3069067,-0.6370610542498306
4,1,308082.02038965933,-0.7785,1.3046329,-0.6381426493911421
4,1,308087.0205859337,-0.7785,1.3020725,-0.6392242439483545
4,1,308092.02078220807,-0.7785,1.2996268,-0.6403058367535779
4,1,308097.02097848244,-0.7785,1.2972767,-0.6413874297612551
4,1,308102.0211747568,-0.7785,1.2947737,-0.6424690216510934
4,1,308107.0213710312,-0.7785,1.2922707,-0.6435506154478732
4,1,308112.02156730555,-0.7785,1.2897867,-0.644632207274832
4,1,308117.0217635799,-0.7785,1.2873029,-0.6457137978350695
4,1,308122.0219598543,-0.7785,1.2846851,-0.6467953919901924
4,1,308127.02215612866,-0.7785,1.2819719,-0.6478769861441562
4,1,308132.02235240303,-0.7785,1.27966,-0.6489585808663576
4,1,308137.0225486774,-0.7785,1.2768512,-0.6500401746930522
4,1,308142.02274495177,-0.7785,1.274138,-0.651121771393098
4,1,308147.02294122614,-0.7785,1.2715968,-0.6522033691635737
4,1,308152.0231375005,-0.7785,1.2689791,-0.6532849657731363
4,1,308157.0233337749,-0.7785,1.2661321,-0.6543665621764768
4,1,308162.0235300497,-0.7785,1.2636673,-0.6554481628398805
4,1,308167.02372632455,-0.7785,1.2610306,-0.6565297613324003
4,1,308172.0239225994,-0.7785,1.2583174,-0.6576113569449064
4,1,308177.0241188742,-0.7785,1.2554896,-0.6586929523442298
4,1,308182.02431514906,-0.7785,1.252547,-0.6597745470912532
4,1,308187.0245114239,-0.7785,1.2499866,-0.6608561420219814
4,1,308192.0247076987,-0.7785,1.247197,-0.661937737076535
4,1,308197.02490397356,-0.7785,1.2441972,-0.6630193302891892
4,1,308202.0251002484,-0.7785,1.2413312,-0.6641009238526996
4,1,308207.02529652324,-0.7785,1.238446,-0.6651825191181013
4,1,308212.0254927981,-0.7785,1.2353698,-0.6662641144823707
4,1,308217.0256890729,-0.7785,1.2324464,-0.6673457075261947
4,1,308222.02588534774,-0.7785,1.2296376,-0.6684273035444032
4,1,308227.0260816226,-0.7785,1.226485,-0.6695088998925862
4,1,308232.0262778974,-0.7785,1.2233706,-0.670590498182523
4,1,308237.02647417225,-0.7785,1.2205045,-0.6716720969226571
4,1,308242.0266704471,-0.7785,1.2173518,-0.6727536942200474
4,1,308247.0268667219,-0.7785,1.2142565,-0.6738352920449057
4,1,308252.02706299676,-0.7785,1.2111993,-0.6749168895203616
4,1,308257.0272592716,-0.7785,1.2080657,-0.6759984853387553
4,1,308262.0274555462,-0.7785,1.2048367,-0.6770800807050511
4,1,308267.0276518208,-0.7785,1.2017987,-0.678161676310398
4,1,308269.6734498497,-0.7785,1.1997733,-0.6787339917243995
4,1,308269.67364984937,-0.7785,1.2000408,-0.6787340349877488
4,2,308269.67444984894,0.7785,1.274388,8.59003398153517e-08
4,2,308274.67464612424,0.7785,1.4732146,0.001081169267985556
4,2,308279.6748423986,0.7785,1.5387328,0.002162251816547579
4,2,308284.675038673,0.7785,1.5885831,0.003243335838649008
4,2,308289.67523494735,0.7785,1.6302365,0.004324418996963236
4,2,308294.6754312217,0.7785,1.6672851,0.005405501122709777
4,2,308299.6756274961,0.7785,1.7007034,0.006486584694736533
4,2,308304.67582377046,0.7785,1.7318097,0.007567666697912746
4,2,308309.67602004483,0.7785,1.7609098,0.008648749612559875
4,2,308314.6762163192,0.7785,1.7883857,0.009729833221382565
4,2,308319.6764125936,0.7785,1.8146006,0.01081091701208883
4,2,308324.67660886794,0.7785,1.8397838,0.011891999746925301
4,2,308329.6768051423,0.7785,1.8640306,0.012973083440810442
4,2,308334.6770014167,0.7785,1.8872839,0.01405416655234827
4,2,308339.67719769105,0.7785,1.9098111,0.015135249648620685
4,2,308344.6773939654,0.7785,1.9313257,0.016216331865833863
4,2,308349.6775902398,0.7785,1.952076,0.017297414488308956
4,2,308354.67778651416,0.7785,1.97189,0.018378498893436457
4,2,308359.67798278853,0.7785,1.990978,0.019459582404673097
4,2,308364.6781790629,0.7785,2.0092635,0.020540666568603778
4,2,308369.6783753373,0.7785,2.0265746,0.021621752470324433
4,2,308374.67857161164,0.7785,2.0431404,0.022702837252610256
4,2,308379.678767886,0.7785,2.0586362,0.023783922058863767
4,2,308384.6789641604,0.7785,2.0733485,0.024865006518165266
4,2,308389.67916043475,0.7785,2.0872204,0.02594609288162655
4,2,308394.6793567091,0.7785,2.1001558,0.027027179608474172
4,2,308399.6795529835,0.7785,2.1124227,0.028108263739281228
4,2,308404.6797492583,0.7785,2.1238487,0.02918934885750214
4,2,308409.67994553316,0.7785,2.1345294,0.030270432798822716
4,2,308414.680141808,0.7785,2.1449618,0.03135151552333765
4,2,308419.68033808284,0.7785,2.1541905,0.03243260001407729
4,2,308424.68053435767,0.7785,2.1632092,0.03351368454283144
4,2,308429.6807306325,0.7785,2.1716545,0.03459476983041895
4,2,308434.68092690734,0.7785,2.179584,0.03567585531888736
4,2,308439.6811231822,0.7785,2.1869593,0.03675693832129239
4,2,308444.681319457,0.7785,2.194048,0.03783801995757221
4,2,308449.68151573185,0.7785,2.2006972,0.038919099550346524
4,2,308454.6817120067,0.7785,2.207079,0.04000017708575063
4,2,308459.6819082815,0.7785,2.213117,0.04108125625270605
4,2,308464.68210455636,0.7785,2.218887,0.04216233744008673
4,2,308469.6823008312,0.7785,2.2242181,0.0432434202708635
4,2,308474.682497106,0.7785,2.2293386,0.0443245043264197
4,2,308479.68269338086,0.7785,2.2342684,0.04540558917203877
4,2,308484.6828896557,0.7785,2.2390833,0.04648667430415088
4,2,308489.68308593007,0.7785,2.2434015,0.04756775882986851
4,2,308494.6832822049,0.7785,2.247605,0.04864883953486218
4,2,308499.68347847974,0.7785,2.251866,0.04972991933175922
4,2,308504.68367475434,0.7785,2.2557638,0.050811000703785164
4,2,308509.68387102894,0.7785,2.259566,0.05189208184968101
4,2,308514.68406730355,0.7785,2.2634258,0.05297316255362167
4,2,308519.68426357815,0.7785,2.266846,0.054054244453022884
4,2,308524.68445985275,0.7785,2.2703426,0.05513532825831573
4,2,308529.68465612736,0.7785,2.27382,0.05621641260647774
4,2,308534.68485240196,0.7785,2.2769153,0.05729749657471313
4,2,308539.68504867656,0.7785,2.2800872,0.05837858029137387
4,2,308544.68524495116,0.7785,2.283087,0.05945966299754713
4,2,308549.68544122577,0.7785,2.2858956,0.06054074552732376
4,2,308554.6856375005,0.7785,2.2888381,0.061621827842861424
4,2,308559.6858337752,0.7785,2.2917807,0.06270290878630348
4,2,308564.6860300499,0.7785,2.294685,0.06378398750602207
4,2,308569.68622632464,0.7785,2.2973025,0.06486506872154277
4,2,308574.68642259936,0.7785,2.2998056,0.0659461467170285
4,2,308579.6866188741,0.7785,2.3024998,0.0670272235655884
4,2,308584.6868151488,0.7785,2.3051174,0.06810830264381569
4,2,308589.6870114235,0.7785,2.3076012,0.069189383093622
4,2,308594.68720769824,0.7785,2.310219,0.0702704625071221
4,2,308599.68740397296,0.7785,2.3124545,0.07135153905892042
4,2,308604.6876002477,0.7785,2.3149192,0.07243261660351356
4,2,308609.6877965224,0.7785,2.3172505,0.07351369557918774
4,2,308614.6879927973,0.7785,2.3196006,0.07459477690627178
4,2,308619.688189072,0.7785,2.3219507,0.07567585909910335
4,2,308624.68838534673,0.7785,2.3243582,0.07675694162797929
4,2,308629.6885816214,0.7785,2.3266892,0.07783802207393449
4,2,308634.6887778961,0.7785,2.3288102,0.07891910199199784
4,2,308639.68897417083,0.7785,2.331275,0.08000018273530736
4,2,308644.68917044555,0.7785,2.3333766,0.08108126327452064
4,2,308649.68936672027,0.7785,2.3355932,0.08216234425749382
4,2,308654.689562995,0.7785,2.337886,0.0832434299392634
4,2,308659.6897592696,0.7785,2.3399878,0.08432451595636871
4,2,308664.6899555442,0.7785,2.3423953,0.08540560065916843
4,2,308669.6901518188,0.7785,2.344478,0.08648668622664941
4,2,308674.6903480934,0.7785,2.3467135,0.08756776933939259
4,2,308679.69054436777,0.7785,2.34893,0.08864885239030255
4,2,308684.69074064237,0.7785,2.3511462,0.08972993462055591
4,2,308689.690936917,0.7785,2.353229,0.0908110171076258
4,2,308694.6911331916,0.7785,2.3554454,0.09189209807495607
4,2,308699.6913294662,0.7785,2.3576045,0.09297318181862434
4,2,308704.691525741,0.7785,2.3597827,0.09405426579878397
4,2,308709.69172201585,0.7785,2.3621328,0.09513535006672806
4,2,308714.6919182907,0.7785,2.3644447,0.09621643572580152
4,2,308719.6921145655,0.7785,2.3665657,0.09729752104373773
4,2,308724.69231084036,0.7785,2.3685145,0.09837860429604517
4,2,308729.6925071152,0.7785,2.370922,0.0994596867173016
4,2,308734.69270339,0.7785,2.3729665,0.10054076922705106
4,2,308739.69289966486,0.7785,2.3751256,0.10162185208819971
4,2,308744.6930959397,0.7785,2.3771892,0.10270293526041176
4,2,308749.69329221454,0.7785,2.379253,0.10378401920716299
4,2,308754.69348848937,0.7785,2.381584,0.10486509736108779
4,2,308759.69368476374,0.7785,2.3838577,0.10594616962624588
4,2,308764.6938810386,0.7785,2.3859212,0.10702724189354312
4,2,308769.6940773134,0.7785,2.3880994,0.10810831602606508
4,2,308774.69427358825,0.7785,2.390354,0.10918939464493924
4,2,308779.6944698631,0.7785,2.3924177,0.11027047502949502
4,2,308784.6946661379,0.7785,2.3946912,0.11135155145334866
4,2,308789.69486241275,0.7785,2.396965,0.11243262163286408
4,2,308794.6950586876,0.7785,2.3989713,0.11351369146010279
4,2,308799.6952549624,0.7785,2.4011495,0.1145947615179552
4,2,308804.69545123726,0.7785,2.4034996,0.11567583141310678
4,2,308809.69564751163,0.7785,2.405697,0.1167569081908663
4,2,308814.695843786,0.7785,2.4079516,0.11783798165624008
4,2,308819.6960400604,0.7785,2.4100916,0.1189190548710856
4,2,308824.69623633474,0.7785,2.412289,0.120000126270622
4,2,308829.6964326091,0.7785,2.4146008,0.12108120503107042
4,2,308834.6966288835,0.7785,2.416779,0.12216227687832049
4,2,308839.69682515785,0.7785,2.4191484,0.12324334713796772
4,2,308844.6970214322,0.7785,2.421212,0.1243244197029703
4,2,308849.6972177066,0.7785,2.4236195,0.1254054935300317
4,2,308854.69741398096,0.7785,2.425702,0.1264865699439115
4,2,308859.69761025533,0.7785,2.4278803,0.1275676388975713
4,2,308864.6978065297,0.7785,2.4300394,0.12864871377744277
4,2,308869.69800280407,0.7785,2.4323132,0.12972979882607527
4,2,308874.69819907844,0.7785,2.4344532,0.13081087210571105
4,2,308879.6983953528,0.7785,2.4367077,0.13189194542944763
4,2,308884.6985916272,0.7785,2.4389815,0.1329730170749128
4,2,308889.69878790155,0.7785,2.441045,0.13405408901478186
4,2,308894.6989841759,0.7785,2.4432616,0.13513515751106872
4,2,308899.6991804503,0.7785,2.4455736,0.13621622498898042
4,2,308904.69937672466,0.7785,2.4478662,0.13729729674439628
4,2,308909.69957299903,0.7785,2.4497962,0.13837836512469914
4,2,308914.6997692734,0.7785,2.4521081,0.13945943686007128
4,2,308919.69996554777,0.7785,2.4541526,0.14054050963631604
4,2,308924.70016182214,0.7785,2.456197,0.1416215838502513
4,2,308929.7003580965,0.7785,2.4585662,0.14270265363680987
4,2,308934.7005543709,0.7785,2.4605916,0.14378372199049264
4,2,308939.70075064525,0.7785,2.4625978,0.14486479277746878
4,2,308944.7009469196,0.7785,2.4648335,0.14594586766321463
4,2,308949.701143194,0.7785,2.4669542,0.14702694326530896
4,2,308954.70133946836,0.7785,2.4690177,0.1481080197182066
4,2,308959.70153574273,0.7785,2.4711387,0.14918909191326965
4,2,308964.7017320171,0.7785,2.4732022,0.1502701648020579
4,2,308969.70192829147,0.7785,2.4750366,0.15135124912981196
4,2,308974.70212456584,0.7785,2.4772148,0.1524323295789825
4,2,308979.7023208402,0.7785,2.479049,0.15351341030834453
4,2,308984.7025171146,0.7785,2.4812465,0.1545944984481302
4,2,308989.70271338895,0.7785,2.483138,0.15567558066656859
4,2,308994.7029096633,0.7785,2.4852207,0.15675665635164915
4,2,308999.7031059377,0.7785,2.4870358,0.15783773049601588
4,2,309004.70330221206,0.7785,2.4889083,0.1589188091625936
4,2,309009.70349848643,0.7785,2.4909146,0.15999989014989804
4,2,309014.7036947608,0.7785,2.4928253,0.1610809648693668
4,2,309019.70389103517,0.7785,2.4944875,0.16216204445531968
4,2,309024.70408730954,0.7785,2.496341,0.1632431208516691
4,2,309029.7042835839,0.7785,2.498118,0.1643241985844672
4,2,309034.7044798583,0.7785,2.5000668,0.16540527414563302
4,2,309039.70467613265,0.7785,2.5019011,0.16648635512003637
4,2,309044.704872407,0.7785,2.5035825,0.16756742951705392
4,2,309049.7050686814,0.7785,2.5053022,0.16864850467792486
4,2,309054.70526495576,0.7785,2.5068307,0.16972959043283264
4,2,309059.7054612301,0.7785,2.5085504,0.17081067128059269
4,2,309064.7056575045,0.7785,2.510079,0.17189174694380166
4,2,309069.70585377887,0.7785,2.511684,0.17297282139899997
4,2,309074.70605005324,0.7785,2.5133271,0.17405389580146474
4,2,309079.7062463276,0.7785,2.5147028,0.17513497065708375
4,2,309084.706442602,0.7785,2.5162888,0.17621604496349563
4,2,309089.70663887635,0.7785,2.5177026,0.1772971175135275
4,2,309094.7068351507,0.7785,2.5191739,0.17837818904749225
4,2,309099.7070314251,0.7785,2.5204158,0.1794592645913396
4,2,309104.70722769946,0.7785,2.5217533,0.18054033831548033
4,2,309109.7074239738,0.7785,2.523129,0.18162140820864509
4,2,309114.7076202482,0.7785,2.524371,0.18270248398507308
4,2,309119.70781652257,0.7785,2.5257468,0.18378355536080074
4,2,309124.70801279694,0.7785,2.5269313,0.1848646231229405
4,2,309129.7082090713,0.7785,2.5282116,0.18594569747461218
4,2,309134.7084053457,0.7785,2.529358,0.18702677312582072
4,2,309139.70860162005,0.7785,2.5303707,0.18810785491489704
4,2,309144.7087978944,0.7785,2.531479,0.1891889257075853
4,2,309149.7089941688,0.7785,2.5326252,0.1902699989785751
4,2,309154.70919044316,0.7785,2.533829,0.19135107396764892
4,2,309159.7093867175,0.7785,2.5347652,0.19243215272325281
4,2,309164.7095829919,0.7785,2.5357587,0.1935132239943048
4,2,309169.70977926627,0.7785,2.5366378,0.19459429830098487
4,2,309174.70997554064,0.7785,2.5376122,0.19567537081534006
4,2,309179.710171815,0.7785,2.5385866,0.19675644083017446
4,2,309184.7103680894,0.7785,2.539542,0.19783751003305453
4,2,309189.71056436375,0.7785,2.5403445,0.19891857872325516
4,2,309194.7107606381,0.7785,2.5412235,0.19999966010997364
4,2,309199.71095691295,0.7785,2.5419877,0.20108073288353287
4,2,309204.7111531878,0.7785,2.5428476,0.20216180728826924
4,2,309209.7113494626,0.7785,2.5436692,0.20324288675542015
4,2,309214.71154573746,0.7785,2.544338,0.20432396178678677
4,2,309219.7117420123,0.7785,2.5451787,0.20540503433527224
4,2,309224.71193828713,0.7785,2.5459046,0.206486110984246
4,2,309229.7121345615,0.7785,2.546497,0.2075671833150553
4,2,309234.71233083634,0.7785,2.5472803,0.2086482544187838
4,2,309239.7125271112,0.7785,2.547949,0.20972932713329467
4,2,309244.712723386,0.7785,2.548465,0.2108103969067998
4,2,309249.71291966084,0.7785,2.549172,0.21189147322081203
4,2,309254.7131159357,0.7785,2.5496116,0.212972545451714
4,2,309259.7133122105,0.7785,2.5501847,0.21405361813937965
4,2,309264.71350848535,0.7785,2.5507197,0.21513469231556862
4,2,309269.7137047602,0.7785,2.5512738,0.21621577240503836
4,2,309274.713901035,0.7785,2.551866,0.21729684356705026
4,2,309279.71409730986,0.7785,2.552363,0.21837791562389344
4,2,309284.7142935847,0.7785,2.5529552,0.21945898777659745
4,2,309289.7144898595,0.7785,2.5533755,0.22054005826508347
4,2,309294.71468613436,0.7785,2.5537195,0.22162112914807278
4,2,309299.71488240897,0.7785,2.554178,0.22270220159517073
4,2,309304.71507868357,0.7785,2.5546558,0.2237832715224724
4,2,309309.7152749582,0.7785,2.5550952,0.22486434578594575
4,2,309314.7154712328,0.7785,2.55542,0.2259454216469726
4,2,309319.7156675074,0.7785,2.5559168,0.22702649300042135
4,2,309324.715863782,0.7785,2.556337,0.22810757020914563
4,2,309329.7160600566,0.7785,2.5565474,0.22918865223409077
4,2,309334.7162563312,0.7785,2.5571015,0.23026972550516997
4,2,309339.7164526058,0.7785,2.5574453,0.2313508027331333
4,2,309344.7166488804,0.7785,2.557923,0.2324318862274323
4,2,309349.7168451551,0.7785,2.5581524,0.23351295856831147
4,2,309354.71704143006,0.7785,2.558611,0.23459403792768724
4,2,309359.7172377048,0.7785,2.5589547,0.23567512390488063
4,2,309364.7174339795,0.7785,2.5592415,0.23675620120159793
4,2,309369.7176302542,0.7785,2.559509,0.23783727597765136
4,2,309374.71782652894,0.7785,2.559891,0.23891835556001473
4,2,309379.71802280366,0.7785,2.5603688,0.23999943275160268
4,2,309384.7182190784,0.7785,2.5605025,0.24108050664124564
4,2,309389.7184153531,0.7785,2.560961,0.24216158087837375
4,2,309394.7186116278,0.7785,2.5612667,0.24324265802905304
4,2,309399.71880790254,0.7785,2.5615535,0.24432374450606778
4,2,309404.71900417726,0.7785,2.5617635,0.245404822488616
4,2,309409.719200452,0.7785,2.5621266,0.24648589632031992
4,2,309414.7193967265,0.7785,2.5625088,0.24756696975532513
4,2,309419.71959300124,0.7785,2.5627954,0.24864805100244955
4,2,309424.7197892759,0.7785,2.5630438,0.24972912728150032
4,2,309429.7199855506,0.7785,2.5631776,0.25081019694461104
4,2,309434.72018182534,0.7785,2.5635023,0.2518912658424445
4,2,309439.72037810006,0.7785,2.5639036,0.25297233227471855
4,2,309444.7205743748,0.7785,2.5639992,0.25405339827245155
4,2,309449.7207706494,0.7785,2.5644386,0.2551344666522577
4,2,309454.720966924,0.7785,2.5646296,0.25621553574339895
4,2,309459.7211631986,0.7785,2.5649545,0.2572966114832065
4,2,309464.7213594732,0.7785,2.565222,0.25837768535858735
4,2,309469.7215557478,0.7785,2.5653365,0.25945875550842296
4,2,309474.7217520224,0.7785,2.5656996,0.2605398242353434
4,2,309479.721948297,0.7785,2.565929,0.26162090341216004
4,2,309484.7221445716,0.7785,2.5660052,0.262701972785675
4,2,309489.7223408462,0.7785,2.5664258,0.2637830417823031
4,2,309494.72253712034,0.7785,2.5669034,0.2648641105251479
4,2,309499.7227333952,0.7785,2.567018,0.2659451897447243
4,2,309504.72292967,0.7785,2.5673618,0.2670262704134088
4,2,309509.72312594485,0.7785,2.5674765,0.268107346423136
4,2,309514.7233222197,0.7785,2.5678015,0.26918841876938954
4,2,309519.7235184945,0.7785,2.5678587,0.2702694924529097
4,2,309524.72371476935,0.7785,2.56826,0.2713505683064032
4,2,309529.7239110442,0.7785,2.5685656,0.27243164117949886
4,2,309534.724107319,0.7785,2.568604,0.2735127145866919
4,2,309539.72430359386,0.7785,2.5688715,0.274593796629439
4,2,309544.7244998687,0.7785,2.569139,0.27567486954766535
4,2,309549.72469614353,0.7785,2.569349,0.276755944730037
4,2,309554.72489241837,0.7785,2.56954,0.27783702077371236
4,2,309559.7250886932,0.7785,2.569865,0.278918095285247
4,2,309564.72528496804,0.7785,2.5699797,0.2799991713527609
4,2,309569.7254812429,0.7785,2.5700943,0.2810802424958384
4,2,309574.7256775177,0.7785,2.5705147,0.2821613200362526
4,2,309579.72587379254,0.7785,2.5706484,0.2832424014599624
4,2,309584.7260700674,0.7785,2.5708394,0.28432348007232305
4,2,309589.7262663422,0.7785,2.570916,0.28540455241728185
4,2,309594.72646261705,0.7785,2.5712788,0.28648562555609836
4,2,309599.7266588919,0.7785,2.5717566,0.28756669736647966
4,2,309604.72685516626,0.7785,2.5717375,0.28864776989518964
4,2,309609.7270514406,0.7785,2.5721195,0.2897288430936671
4,2,309614.727247715,0.7785,2.5721004,0.2908099162926015
4,2,309619.72744398937,0.7785,2.5724444,0.2918909954976012
4,2,309624.72764026374,0.7785,2.5728076,0.29297207176752255
4,2,309629.7278365381,0.7785,2.5728457,0.29405314473698235
4,2,309634.7280328125,0.7785,2.5731323,0.29513422131959627
4,2,309639.72822908685,0.7785,2.573075,0.29621529833413524
4,2,309644.7284253612,0.7785,2.573476,0.29729636932865144
4,2,309649.7286216356,0.7785,2.573782,0.2983774515835712
4,2,309654.72881790996,0.7785,2.573973,0.2994585314561728
4,2,309659.7290141843,0.7785,2.5742214,0.30053960436252786
4,2,309664.7292104587,0.7785,2.5744507,0.3016206795195907
4,2,309669.72940673307,0.7785,2.5747373,0.3027017474889593
4,2,309674.72960300744,0.7785,2.5748901,0.30378281492188935
4,2,309679.7297992818,0.7785,2.5751002,0.3048638798534509
4,2,309684.7299955562,0.7785,2.5753295,0.3059449510911673
4,2,309689.73019183055,0.7785,2.5756161,0.3070260200894975
4,2,309694.7303881049,0.7785,2.5757499,0.3081071005023357
4,2,309699.7305843793,0.7785,2.5759792,0.30918818108257684
4,2,309704.73078065366,0.7785,2.5762277,0.31026925953849854
4,2,309709.730976928,0.7785,2.5765333,0.311350336734633
4,2,309714.7311732024,0.7785,2.5767052,0.31243141356860965
4,2,309719.73136947677,0.7785,2.5767627,0.31351249363554223
4,2,309724.73156575114,0.7785,2.5770683,0.3145935737635199
4,2,309729.7317620255,0.7785,2.577393,0.3156746523033516
4,2,309734.7319582999,0.7785,2.5775652,0.3167557312455015
4,2,309739.73215457425,0.7785,2.577699,0.3178368089846045
4,2,309744.7323508486,0.7785,2.5780237,0.31891788565699625
4,2,309749.732547123,0.7785,2.5781765,0.31999896412323614
4,2,309754.73274339736,0.7785,2.5785587,0.32108004380636446
4,2,309759.7329396717,0.7785,2.5786352,0.322161122748362
4,2,309764.7331359461,0.7785,2.5788262,0.3232422012344999
4,2,309769.73333222046,0.7785,2.5790172,0.3243232787192765
4,2,309774.73352849483,0.7785,2.5792656,0.32540435717285376
4,2,309779.7337247692,0.7785,2.5794375,0.3264854369002915
4,2,309784.7339210436,0.7785,2.5796287,0.32756651587464447
4,2,309789.73411731794,0.7785,2.5799918,0.32864759308158725
4,2,309794.7343135923,0.7785,2.580221,0.32972867346937496
4,2,309799.7345098667,0.7785,2.5803165,0.3308097547527887
4,2,309804.73470614105,0.7785,2.5806797,0.3318908363972178
4,2,309809.7349024154,0.7785,2.5808325,0.3329719185100301
4,2,309814.7350986898,0.7785,2.5809662,0.33405299965460805
4,2,309819.73529496416,0.7785,2.581272,0.33513408142570367
4,2,309824.73549123853,0.7785,2.5815012,0.336215163149695
4,2,309829.7356875129,0.7785,2.5817878,0.33729624511480044
4,2,309834.7358837873,0.7785,2.5819788,0.33837732735861387
4,2,309839.73608006164,0.7785,2.5820363,0.3394584075719586
4,2,309844.736276336,0.7785,2.5822654,0.34053948765560366
4,2,309849.7364726104,0.7785,2.5827622,0.3416205668791901
4,2,309854.73666888475,0.7785,2.582724,0.34270164725228197
4,2,309859.7368651591,0.7785,2.5831444,0.3437827262663515
4,2,309864.7370614335,0.7785,2.5832973,0.34486380400635186
4,2,309869.73725770786,0.7785,2.583412,0.3459448825088777
4,2,309874.73745398223,0.7785,2.5840232,0.3470259608495737
4,2,309879.7376502566,0.7785,2.5840807,0.34810703881121396
4,2,309884.737846531,0.7785,2.5843291,0.349188117965414
4,2,309889.73804280534,0.7785,2.584673,0.35026919627442016
4,2,309894.7382390797,0.7785,2.5847495,0.3513502765444754
4,2,309899.7384353541,0.7785,2.5851698,0.3524313571422238
4,2,309904.73863162845,0.7785,2.5851507,0.3535124383331377
4,2,309909.7388279028,0.7785,2.5856283,0.3545935212189064
4,2,309914.7390241772,0.7785,2.5858767,0.3556746042484282
4,2,309919.73922045156,0.7785,2.5860295,0.3567556877439127
4,2,309924.73941672593,0.7785,2.586316,0.35783677259520413
4,2,309929.7396130003,0.7785,2.5865455,0.35891785500929807
4,2,309934.7398092747,0.7785,2.5867174,0.3599989378284784
4,2,309939.74000554904,0.7785,2.5869467,0.36108002110109777
4,2,309944.7402018234,0.7785,2.5872142,0.36216110230294585
4,2,309949.7403980978,0.7785,2.5874627,0.3632421830952239
4,2,309954.74059437215,0.7785,2.587864,0.36432326320264785
4,2,309959.7407906465,0.7785,2.5880358,0.36540434618075074
4,2,309964.7409869209,0.7785,2.5883033,0.36648542724163713
4,2,309969.74118319526,0.7785,2.5887427,0.3675665084477602
4,2,309974.74137946963,0.7785,2.5888383,0.3686475881849996
4,2,309979.741575744,0.7785,2.5891058,0.36972866679498934
4,2,309984.7417720184,0.7785,2.5894496,0.3708097458584645
4,2,309989.74196829274,0.7785,2.5895643,0.37189082508618354
4,2,309994.7421645671,0.7785,2.5899084,0.37297190470694225
4,2,309999.74236084195,0.7785,2.5902712,0.3740529868959724
4,2,310004.7425571168,0.7785,2.5906153,0.3751340705089575
4,2,310009.7427533916,0.7785,2.5909019,0.3762151533995939
4,2,310014.74294966646,0.7785,2.590921,0.3772962348164094
4,2,310019.7431459413,0.7785,2.591284,0.37837731554636084
4,2,310024.7433422161,0.7785,2.5913413,0.3794583954741099
4,2,310029.74353849096,0.7785,2.5917044,0.3805394765847463
4,2,310034.7437347658,0.7785,2.5920866,0.3816205574002933
4,2,310039.74393104063,0.7785,2.5924494,0.3827016372781335
4,2,310044.74412731547,0.7785,2.5926788,0.3837827181876506
4,2,310049.7443235903,0.7785,2.5927744,0.3848637983239133
4,2,310054.74451986514,0.7785,2.5931566,0.385944878597578
4,2,310059.74471614,0.7785,2.5933285,0.38702595554660485
4,2,310064.7449124148,0.7785,2.593787,0.38810703113813594
4,2,310069.74510868965,0.7785,2.5940354,0.3891881068414555
4,2,310074.7453049645,0.7785,2.5942838,0.3902691819066113
4,2,310079.7455012393,0.7785,2.5944557,0.3913502564525676
4,2,310084.74569751415,0.7785,2.594647,0.3924313309223194
4,2,310089.745893789,0.7785,2.5951626,0.3935124076919164
4,2,310094.7460900638,0.7785,2.595411,0.394593484043612
4,2,310099.7462863384,0.7785,2.5956595,0.3956745598105264
4,2,310104.74648261303,0.7785,2.5960798,0.3967556347851262
4,2,310109.74667888763,0.7785,2.5963283,0.39783671184537867
4,2,310114.74687516224,0.7785,2.596653,0.39891778800513406
4,2,310119.74707143684,0.7785,2.5968633,0.3999988649106396
4,2,310124.74726771144,0.7785,2.5973027,0.40107994431687455
4,2,310129.74746398604,0.7785,2.5976083,0.40216102270672777
4,2,310134.74766026065,0.7785,2.5979524,0.40324210159304136
4,2,310139.74785653525,0.7785,2.5982962,0.40432318022818425
4,2,310144.74805280997,0.7785,2.5985637,0.40540425804175995
4,2,310149.7482490847,0.7785,2.598755,0.40648533468750514
4,2,310154.7484453593,0.7785,2.599137,0.4075664119398137
4,2,310159.748641634,0.7785,2.599347,0.4086474894806584
4,2,310164.74883790873,0.7785,2.5996912,0.4097285683883965
4,2,310169.74903418345,0.7785,2.6001115,0.4108096453988824
4,2,310174.74923045817,0.7785,2.6002262,0.41189071916914716
4,2,310179.7494267329,0.7785,2.6007802,0.41297179422173963
4,2,310184.7496230076,0.7785,2.6011431,0.4140528689609276
4,2,310189.7498192823,0.7785,2.6013725,0.4151339441527764
4,2,310194.75001555705,0.7785,2.6016781,0.41621502139572364
4,2,310199.7502118317,0.7785,2.6020412,0.4172960985254486
4,2,310204.7504081064,0.7785,2.6022515,0.4183771761916683
4,2,310209.75060438114,0.7785,2.6025953,0.41945825068133136
4,2,310214.75080065586,0.7785,2.6031113,0.42053932542050276
4,2,310219.7509969305,0.7785,2.603264,0.421620402485911
4,2,310224.75119320524,0.7785,2.6036844,0.4227014791616075
4,2,310229.75138947996,0.7785,2.6040666,0.42378255582607843
4,2,310234.7515857542,0.7785,2.6043913,0.42486363674052285
4,2,310239.75178202894,0.7785,2.6047163,0.42594471557837454
4,2,310244.75197830354,0.7785,2.605213,0.42702579323739537
4,2,310249.75217457814,0.7785,2.6054997,0.4281068715339541
4,2,310254.75237085274,0.7785,2.6059391,0.42918795046054387
4,2,310259.75256712735,0.7785,2.6063976,0.4302690276980638
4,2,310264.75276340195,0.7785,2.6066651,0.4313501045918173
4,2,310269.75295967655,0.7785,2.6070473,0.4324311805348005
4,2,310274.75315595116,0.7785,2.6074295,0.4335122565469715
4,2,310279.753352226,0.7785,2.607869,0.43459333236818243
4,2,310284.7535485006,0.7785,2.6082892,0.4356744089537004
4,2,310289.7537447752,0.7785,2.608595,0.43675548302403155
4,2,310294.7539410498,0.7785,2.60913,0.43783655486131773
4,2,310299.75413732463,0.7785,2.6093593,0.43891762852633726
4,2,310304.75433359947,0.7785,2.6098561,0.4399987024630546
4,2,310309.7545298743,0.7785,2.610219,0.44107977841325663
4,2,310314.75472614914,0.7785,2.6103911,0.4421608551130897
4,2,310319.754922424,0.7785,2.6108687,0.4432419292860733
4,2,310324.7551186988,0.7785,2.6113465,0.44432300352906917
4,2,310329.75531497365,0.7785,2.6116903,0.4454040801198092
4,2,310334.7555112485,0.7785,2.6122253,0.4464851556349238
4,2,310339.7557075233,0.7785,2.6125503,0.4475662311301801
4,2,310344.75590379816,0.7785,2.612875,0.4486473078011745
4,2,310349.756100073,0.7785,2.6135056,0.4497283844845004
4,2,310354.7562963478,0.7785,2.6138875,0.4508094652014051
4,2,310359.75649262266,0.7785,2.6143272,0.45189054553676716
4,2,310364.7566888975,0.7785,2.6148813,0.45297162352344467
4,2,310369.75688517233,0.7785,2.6150532,0.4540527015226292
4,2,310374.75708144717,0.7785,2.6154544,0.4551337796253603
4,2,310379.757277722,0.7785,2.6160276,0.45621485611664003
4,2,310384.75747399684,0.7785,2.6165245,0.45729593033073423
4,2,310389.7576702717,0.7785,2.617002,0.4583770049722202
4,2,310394.7578665465,0.7785,2.6174798,0.4594580799556912
4,2,310399.7580628209,0.7785,2.617862,0.4605391583015264
4,2,310404.75825909525,0.7785,2.6183395,0.4616202359441129
4,2,310409.7584553696,0.7785,2.6189127,0.46270131353455196
4,2,310414.758651644,0.7785,2.619314,0.4637823920434456
4,2,310419.75884791836,0.7785,2.619658,0.46486346914707366
4,2,310424.75904419273,0.7785,2.6200593,0.4659445489264602
4,2,310429.7592404671,0.7785,2.620556,0.4670256257428965
4,2,310434.7594367415,0.7785,2.6210146,0.4681067008514346
4,2,310439.75963301584,0.7785,2.6215305,0.46918777315616683
4,2,310444.7598292902,0.7785,2.621989,0.47026884332536073
4,2,310449.7600255646,0.7785,2.6224859,0.4713499143366722
4,2,310454.76022183895,0.7785,2.62304,0.4724309895495714
4,2,310459.7604181133,0.7785,2.623575,0.4735120669017674
4,2,310464.7606143877,0.7785,2.62411,0.4745931445526919
4,2,310469.76081066206,0.7785,2.6247022,0.4756742215428294
4,2,310474.76100693643,0.7785,2.6250272,0.47675530053098414
4,2,310479.7612032108,0.7785,2.6256003,0.47783637940930407
4,2,310484.76139948517,0.7785,2.626078,0.4789174567166641
4,2,310489.76159575954,0.7785,2.6267276,0.479998531983777
4,2,310494.7617920339,0.7785,2.6272626,0.48107960663007443
4,2,310499.7619883083,0.7785,2.6277976,0.4821606821544509
4,2,310504.76218458265,0.7785,2.6283898,0.4832417570952251
4,2,310509.762380857,0.7785,2.6290395,0.4843228337358873
4,2,310514.7625771314,0.7785,2.629651,0.4854039097291901
4,2,310519.76277340576,0.7785,2.6300714,0.48648498638349186
4,2,310524.76296968013,0.7785,2.6307402,0.4875660626522575
4,2,310529.7631659545,0.7785,2.6313705,0.4886471390910388
4,2,310534.76336222887,0.7785,2.631944,0.48972821666834826
4,2,310539.76355850324,0.7785,2.6325934,0.4908092919323882
4,2,310544.7637547776,0.7785,2.6330903,0.49189037046711054
4,2,310549.763951052,0.7785,2.633759,0.49297144698380174
4,2,310554.76414732635,0.7785,2.6341603,0.49405252858052395
4,2,310559.7643436007,0.7785,2.6349247,0.4951336090986968
4,2,310564.7645398751,0.7785,2.6355932,0.49621469131054885
4,2,310569.76473614946,0.7785,2.6361666,0.4972957765536216
4,2,310574.76493242383,0.7785,2.6369882,0.4983768585981833
4,2,310579.7651286982,0.7785,2.6374085,0.49945793885556267
4,2,310584.76532497257,0.7785,2.6381345,0.5005390202685933
4,2,310589.76552124694,0.7785,2.638937,0.5016201011417483
4,2,310594.7657175213,0.7785,2.6395292,0.5027011820922369
4,2,310599.7659137957,0.7785,2.6402364,0.5037822620524076
4,2,310604.76611007005,0.7785,2.6410005,0.5048633429225724
4,2,310609.7663063444,0.7785,2.6415355,0.5059444214595795
4,2,310614.7665026188,0.7785,2.6422234,0.5070255013104387
4,2,310619.76669889316,0.7785,2.6430068,0.5081065820488606
4,2,310624.76689516753,0.7785,2.6436756,0.5091876607035704
4,2,310629.7670914419,0.7785,2.6444972,0.5102687417883913
4,2,310634.76728771627,0.7785,2.645185,0.5113498214882222
4,2,310639.76748399064,0.7785,2.6461594,0.512430901303143
4,2,310644.767680265,0.7785,2.6465607,0.5135119806133052
4,2,310649.7678765394,0.7785,2.6475735,0.5145930491458284
4,2,310654.76807281375,0.7785,2.6483185,0.5156741153503365
4,2,310659.7682690881,0.7785,2.6491401,0.5167551855066491
4,2,310664.7684653625,0.7785,2.6499426,0.5178362624720507
4,2,310669.76866163686,0.7785,2.6506495,0.5189173312061436
4,2,310674.76885791123,0.7785,2.651452,0.519998395110674
4,2,310679.7690541856,0.7785,2.6522546,0.521079459179253
4,2,310684.76925045997,0.7785,2.6530762,0.522160523557657
4,2,310689.76944673434,0.7785,2.6540124,0.5232415935537821
4,2,310694.7696430087,0.7785,2.654853,0.524322670840913
4,2,310699.7698392831,0.7785,2.6556747,0.5254037384015162
4,2,310704.77003555745,0.7785,2.6563628,0.5264848080739087
4,2,310709.7702318318,0.7785,2.6572988,0.527565883140654
4,2,310714.7704281062,0.7785,2.6581588,0.5286469578983757
4,2,310719.77062438056,0.7785,2.659095,0.5297280280765566
4,2,310724.7708206549,0.7785,2.6600504,0.5308090973009606
4,2,310729.7710169293,0.7785,2.660872,0.5318901685030997
4,2,310734.77121320367,0.7785,2.6619992,0.5329712434383803
4,2,310739.77140947804,0.7785,2.6627061,0.5340523222252634
4,2,310744.7716057524,0.7785,2.6636615,0.5351333951895145
4,2,310749.7718020268,0.7785,2.6647506,0.5362144755557584
4,2,310754.77199830115,0.7785,2.6656106,0.5372955486826738
4,2,310759.7721945755,0.7785,2.666604,0.5383766203451628
4,2,310764.7723908499,0.7785,2.667636,0.5394576968139616
4,2,310769.77258712426,0.7785,2.6686103,0.5405387669549824
4,2,310774.7727833986,0.7785,2.6695466,0.5416198370716215
4,2,310779.772979673,0.7785,2.6705782,0.5427009116768381
4,2,310784.77317594737,0.7785,2.6716673,0.5437819871140461
4,2,310789.77337222174,0.7785,2.672833,0.5448630584621404
4,2,310794.7735684966,0.7785,2.6738455,0.5459441311963772
4,2,310799.7737647714,0.7785,2.6749156,0.5470252045857915
4,2,310804.77396104624,0.7785,2.6759284,0.5481062753263356
4,2,310809.7741573211,0.7785,2.676788,0.5491873471629297
4,2,310814.7743535959,0.7785,2.67803,0.5502684224364667
4,2,310819.77454987075,0.7785,2.6792147,0.5513495005845536
4,2,310824.7747461456,0.7785,2.68017,0.5524305722711856
4,2,310829.7749424204,0.7785,2.6815076,0.5535116468458913
4,2,310834.77513869526,0.7785,2.6826348,0.5545927222273094
4,2,310839.7753349701,0.7785,2.6839151,0.5556737960864944
4,2,310844.77553124493,0.7785,2.6849468,0.5567548779524176
4,2,310849.77572751977,0.7785,2.686227,0.5578359490100585
4,2,310854.7759237946,0.7785,2.6874309,0.5589170260665823
4,2,310859.77612006944,0.7785,2.6885962,0.559998095717792
4,2,310864.7763163443,0.7785,2.6897619,0.5610791719123267
4,2,310869.7765126191,0.7785,2.6910994,0.5621602402514262
4,2,310874.77670889394,0.7785,2.6923223,0.5632413078350897
4,2,310879.7769051688,0.7785,2.693698,0.5643223804257224
4,2,310884.7771014436,0.7785,2.6950355,0.56540345726308
4,2,310889.77729771845,0.7785,2.696373,0.5664845226987345
4,2,310894.77749399305,0.7785,2.6977677,0.5675655886797816
4,2,310899.77769026766,0.7785,2.6990287,0.568646664395999
4,2,310904.77788654226,0.7785,2.700672,0.5697277333464368
4,2,310909.77808281686,0.7785,2.7019522,0.5708088017398195
4,2,310914.77827909146,0.7785,2.7034807,0.5718898722688334
4,2,310919.77847536607,0.7785,2.7047226,0.5729709405442519
4,2,310924.77867164067,0.7785,2.706213,0.5740520108305425
4,2,310929.7788679153,0.7785,2.7075696,0.5751330761396994
4,2,310934.7790641899,0.7785,2.7089262,0.5762141472716508
4,2,310939.7792604645,0.7785,2.7105694,0.5772952257906043
4,2,310944.7794567392,0.7785,2.7120216,0.5783762965637389
4,2,310949.7796530139,0.7785,2.7136075,0.5794573630964832
4,2,310954.77984928864,0.7785,2.7149067,0.5805384299633215
4,2,310959.78004556336,0.7785,2.7166455,0.5816195063983709
4,2,310964.7802418381,0.7785,2.7182505,0.5827005741406027
4,2,310969.7804381128,0.7785,2.7199893,0.5837816518840171
4,2,310974.78063438705,0.7785,2.7215178,0.5848627318545028
4,2,310979.78083066177,0.7785,2.7229125,0.5859437992458653
4,2,310984.7810269365,0.7785,2.7245176,0.5870248645820894
4,2,310989.7812232112,0.7785,2.7264857,0.5881059417520706
4,2,310994.78141948587,0.7785,2.7282817,0.5891870197597389
4,2,310999.7816157606,0.7785,2.730116,0.5902680969590456
4,2,311004.7818120353,0.7785,2.7315872,0.5913491686096103
4,2,311009.78200831,0.7785,2.733517,0.5924302384276136
4,2,311014.78220458474,0.7785,2.7353323,0.5935113074095492
4,2,311019.7824008594,0.7785,2.7371092,0.5945923770196515
4,2,311024.7825971341,0.7785,2.7389052,0.5956734471450095
4,2,311029.78279340884,0.7785,2.7408924,0.5967545220141323
4,2,311034.78298968356,0.7785,2.7428987,0.5978356002589111
4,2,311039.7831859583,0.7785,2.744771,0.5989166846414419
4,2,311044.783382233,0.7785,2.746701,0.5999977559052221
4,2,311049.7835785076,0.7785,2.748516,0.6010788262250767
4,2,311054.7837747822,0.7785,2.7506177,0.6021599026331715
4,2,311059.7839710568,0.7785,2.7527769,0.6032409800704498
4,2,311064.7841673314,0.7785,2.7546303,0.6043220530487378
4,2,311069.784363606,0.7785,2.7566557,0.6054031232116036
4,2,311074.7845598806,0.7785,2.7587957,0.6064841933586677
4,2,311079.7847561552,0.7785,2.7611458,0.6075652646519588
4,2,311084.7849524298,0.7785,2.7632093,0.6086463360971325
4,2,311089.7851487044,0.7785,2.7655597,0.6097274064587335
4,2,311094.78534497926,0.7785,2.7677379,0.6108084780388985
4,2,311099.7855412541,0.7785,2.7701452,0.6118895558390797
4,2,311104.78573752893,0.7785,2.7725146,0.6129706338023656
4,2,311109.78593380377,0.7785,2.7750366,0.6140517115398559
4,2,311114.7861300786,0.7785,2.7775397,0.6151327893929992
4,2,311119.78632635344,0.7785,2.7800426,0.6162138672443908
4,2,311124.7865226283,0.7785,2.7826796,0.6172949454276047
4,2,311129.7867189031,0.7785,2.7853162,0.6183760227478592
4,2,311134.78691517795,0.7785,2.788106,0.6194571020112118
4,2,311139.7871114528,0.7785,2.7906854,0.6205381807185426
4,2,311144.7873077276,0.7785,2.7932458,0.6216192592220122
4,2,311149.78750400245,0.7785,2.7960162,0.6227003361136597
4,2,311154.7877002773,0.7785,2.7988822,0.6237814131566632
4,2,311159.7878965521,0.7785,2.8015954,0.6248624878682775
4,2,311164.78809282696,0.7785,2.8045952,0.6259435617551455
4,2,311169.7882891018,0.7785,2.8073277,0.6270246389155073
4,2,311174.78848537663,0.7785,2.8102129,0.628105717792506
4,2,311179.78868165147,0.7785,2.8132699,0.6291867967753095
4,2,311184.7888779263,0.7785,2.8163652,0.6302678750951505
4,2,311189.78907420114,0.7785,2.8192503,0.6313489519874006
4,2,311194.7892704755,0.7785,2.8223648,0.632430028894436
4,2,311199.7894667499,0.7785,2.8255558,0.6335111076182375
4,2,311204.78966302425,0.7785,2.8286512,0.6345921873358636
4,2,311209.7898592986,0.7785,2.8316128,0.6356732663738346
4,2,311214.790055573,0.7785,2.8349755,0.6367543446703171
4,2,311219.79025184736,0.7785,2.8381283,0.6378354225372025
4,2,311224.7904481217,0.7785,2.8416057,0.638916501365034
4,2,311229.7906443961,0.7785,2.8451595,0.6399975820504011
4,2,311234.79084067047,0.7785,2.8483505,0.6410786619753389
4,2,311239.79103694484,0.7785,2.8517706,0.6421597415242376
4,2,311244.7912332192,0.7785,2.85521,0.6432408200274059
4,2,311249.7914294936,0.7785,2.8584774,0.6443219005053158
4,2,311254.79162576795,0.7785,2.8622413,0.6454029799294421
4,2,311259.7918220423,0.7785,2.8657954,0.646484057734332
4,2,311264.7920183167,0.7785,2.8695211,0.6475651361723426
4,2,311269.79221459106,0.7785,2.8731897,0.6486462153247247
4,2,311274.7924108654,0.7785,2.8768392,0.6497272943821003
4,2,311279.7926071398,0.7785,2.8806605,0.6508083726242135
4,2,311284.79280341417,0.7785,2.8843672,0.6518894526869672
4,2,311289.79299968854,0.7785,2.8883033,0.6529705335989313
4,2,311294.7931959629,0.7785,2.8921058,0.6540516132400582
4,2,311299.7933922373,0.7785,2.8961563,0.6551326953578342
4,2,311304.79358851165,0.7785,2.900207,0.6562137763588742
4,2,311309.793784786,0.7785,2.9043915,0.6572948568064851
4,2,311314.7939810604,0.7785,2.9084804,0.6583759336281501
4,2,311319.79417733476,0.7785,2.912703,0.6594570106586134
4,2,311324.7943736091,0.7785,2.9172125,0.6605380873038519
4,2,311329.7945698835,0.7785,2.9214542,0.6616191663875264
4,2,311334.79476615787,0.7785,2.9259062,0.6627002462487667
4,2,311339.79496243224,0.7785,2.93053,0.6637813288784373
4,2,311344.7951587066,0.7785,2.934982,0.664862410470613
4,2,311349.795354981,0.7785,2.9394913,0.6659434934113173
4,2,311354.79555125535,0.7785,2.9441342,0.6670245753715418
4,2,311359.7957475297,0.7785,2.9489493,0.6681056543376925
4,2,311364.7959438041,0.7785,2.953936,0.6691867344792535
4,2,311369.79614007846,0.7785,2.958713,0.6702678159602201
4,2,311374.7963363528,0.7785,2.9636235,0.6713488974107984
4,2,311379.7965326272,0.7785,2.9686105,0.6724299780255275
4,2,311384.79672890157,0.7785,2.97354,0.6735110602327238
4,2,311389.79692517594,0.7785,2.9784887,0.6745921429943492
4,2,311394.7971214503,0.7785,2.983686,0.675673223914731
4,2,311399.7973177247,0.7785,2.988864,0.6767543030319297
4,2,311404.79751399904,0.7785,2.9940228,0.6778353823326082
4,2,311409.7977102734,0.7785,2.9994874,0.6789164602586015
4,2,311410.30410989,0.7785,3.0000415,0.6790259474769517
4,2,311410.3043098897,0.7785,3.000099,0.6790259907223898
5,1,311410.3051098897,-0.7785,2.9268186,-8.561225401030647e-08
5,1,311415.30530616455,-0.7785,2.6566303,-0.0010816868979301717
5,1,311420.3055024394,-0.7785,2.5187345,-0.002163286867476172
5,1,311425.3056987142,-0.7785,2.4205813,-0.0032448853690061306
5,1,311430.30589498905,-0.7785,2.3452804,-0.004326484277294742
5,1,311435.3060912639,-0.7785,2.2852077,-0.005408083839873473
5,1,311440.3062875387,-0.7785,2.2384336,-0.0064896824912726876
5,1,311445.3064838131,-0.7785,2.204251,-0.007571280531552102
5,1,311450.30668008793,-0.7785,2.180501,-0.008652877506762743
5,1,311455.30687636277,-0.7785,2.164088,-0.009734475613709952
5,1,311460.3070726376,-0.7785,2.151898,-0.010816074541439612
5,1,311465.30726891244,-0.7785,2.1420577,-0.011897674049999979
5,1,311470.3074651873,-0.7785,2.1336124,-0.012979273550560076
5,1,311475.3076614621,-0.7785,2.125549,-0.014060872970021433
5,1,311480.30785773695,-0.7785,2.1178873,-0.015142471563614077
5,1,311485.3080540118,-0.7785,2.1099005,-0.016224070377406148
5,1,311490.3082502866,-0.7785,2.1011877,-0.017305669267283545
5,1,311495.30844656145,-0.7785,2.0916915,-0.01838726808626122
5,1,311500.30864283605,-0.7785,2.0809915,-0.019468866759406196
5,1,311505.30883911066,-0.7785,2.0688012,-0.02055046486912171
5,1,311510.30903538526,-0.7785,2.0545092,-0.02163206477399336
5,1,311515.30923165986,-0.7785,2.0380578,-0.022713663125554718
5,1,311520.30942793447,-0.7785,2.0190082,-0.023795261121862463
5,1,311525.30962420907,-0.7785,1.9973788,-0.024876860704541204
5,1,311530.3098204837,-0.7785,1.9735333,-0.02595846120405859
5,1,311535.3100167583,-0.7785,1.9488087,-0.02704006059471435
5,1,311540.3102130329,-0.7785,1.9234345,-0.028121658148934442
5,1,311545.3104093075,-0.7785,1.8981941,-0.029203255534314444
5,1,311550.3106055822,-0.7785,1.8733549,-0.030284852627651557
5,1,311555.3108018569,-0.7785,1.8496047,-0.031366448421759736
5,1,311560.31099813164,-0.7785,1.8271158,-0.03244804309021764
5,1,311565.31119440636,-0.7785,1.8055056,-0.033529637382553684
5,1,311570.3113906813,-0.7785,1.7858063,-0.03461123188485371
5,1,311575.311586956,-0.7785,1.7672342,-0.03569282665745749
5,1,311580.31178323075,-0.7785,1.7502862,-0.03677441949787074
5,1,311585.31197950547,-0.7785,1.7350197,-0.03785601383461886
5,1,311590.3121757802,-0.7785,1.7213773,-0.038937609114819104
5,1,311595.3123720549,-0.7785,1.7094353,-0.04001920487674408
5,1,311600.3125683296,-0.7785,1.699385,-0.04110079802491599
5,1,311605.31276460434,-0.7785,1.6910734,-0.0421823926385906
5,1,311610.31296087906,-0.7785,1.6837554,-0.043263985368321344
5,1,311615.3131571537,-0.7785,1.6780424,-0.044345580032395
5,1,311620.31335342844,-0.7785,1.6731318,-0.04542717520604532
5,1,311625.3135497031,-0.7785,1.6692531,-0.04650876987943385
5,1,311630.3137459777,-0.7785,1.6660813,-0.04759036526063747
5,1,311635.3139422524,-0.7785,1.6631198,-0.04867196080990964
5,1,311640.31413852714,-0.7785,1.6608269,-0.04975355953003301
5,1,311645.31433480186,-0.7785,1.6586297,-0.05083515461994874
5,1,311650.31453107647,-0.7785,1.657101,-0.05191675211083559
5,1,311655.31472735107,-0.7785,1.6556107,-0.05299834935852886
5,1,311660.3149236257,-0.7785,1.6541203,-0.05407994885173441
5,1,311665.3151199003,-0.7785,1.6528784,-0.055161548290782514
5,1,311670.3153161749,-0.7785,1.652095,-0.05624314478009609
5,1,311675.3155124495,-0.7785,1.6511779,-0.05732473880278072
5,1,311680.3157087241,-0.7785,1.6502607,-0.058406332710047575
5,1,311685.3159049987,-0.7785,1.6494964,-0.05948792633213269
5,1,311690.3161012733,-0.7785,1.6486175,-0.06056952217102052
5,1,311695.3162975479,-0.7785,1.6479297,-0.06165112016732495
5,1,311700.3164938227,-0.7785,1.6473373,-0.06273271410269209
5,1,311705.31669009756,-0.7785,1.6467642,-0.06381430520331198
5,1,311710.31688637193,-0.7785,1.6463246,-0.06489589891834392
5,1,311715.31708264677,-0.7785,1.6458852,-0.06597749069836736
5,1,311720.3172789216,-0.7785,1.6453693,-0.06705908086946938
5,1,311725.31747519644,-0.7785,1.6449107,-0.06814067247324519
5,1,311730.3176714713,-0.7785,1.6445094,-0.06922226364077462
5,1,311735.3178677461,-0.7785,1.6442802,-0.07030385513305333
5,1,311740.31806402095,-0.7785,1.6436305,-0.07138544537706508
5,1,311745.3182602958,-0.7785,1.6434013,-0.07246703955134087
5,1,311750.3184565706,-0.7785,1.6430383,-0.07354863841615451
5,1,311755.31865284545,-0.7785,1.6427134,-0.07463023669506112
5,1,311760.3188491203,-0.7785,1.6424459,-0.07571183418931232
5,1,311765.3190453951,-0.7785,1.6422739,-0.07679343222708834
5,1,311770.31924166996,-0.7785,1.64193,-0.07787503068391813
5,1,311775.3194379448,-0.7785,1.6416053,-0.07895662682940562
5,1,311780.31963421963,-0.7785,1.6412995,-0.08003822159232364
5,1,311785.31983049447,-0.7785,1.6410893,-0.08111981511141855
5,1,311790.3200267693,-0.7785,1.6408218,-0.08220141011222533
5,1,311795.32022304414,-0.7785,1.6405352,-0.08328300615268944
5,1,311800.320419319,-0.7785,1.6401913,-0.08436460243070786
5,1,311805.32061559334,-0.7785,1.6400384,-0.0854461975729101
5,1,311810.3208118677,-0.7785,1.6397136,-0.08652779170881375
5,1,311815.3210081421,-0.7785,1.6394461,-0.08760938732477358
5,1,311820.32120441645,-0.7785,1.639255,-0.08869098538431523
5,1,311825.3214006908,-0.7785,1.6389875,-0.08977258414859571
5,1,311830.3215969652,-0.7785,1.6388347,-0.09085418056256901
5,1,311835.32179323956,-0.7785,1.6385863,-0.0919357780344486
5,1,311840.32198951393,-0.7785,1.6382424,-0.09301737481742102
5,1,311845.3221857883,-0.7785,1.6380895,-0.09409897118919423
5,1,311850.3223820627,-0.7785,1.6378411,-0.09518056759559113
5,1,311855.32257833704,-0.7785,1.6377456,-0.09626216675465965
5,1,311860.3227746114,-0.7785,1.6374781,-0.09734376645303101
5,1,311865.3229708858,-0.7785,1.637287,-0.09842536595327653
5,1,311870.32316716015,-0.7785,1.6369431,-0.09950696308987006
5,1,311875.3233634345,-0.7785,1.6369048,-0.10058856078986987
5,1,311880.3235597089,-0.7785,1.6365228,-0.10167015650641917
5,1,311885.32375598326,-0.7785,1.6363126,-0.1027517520267864
5,1,311890.32395225763,-0.7785,1.6360832,-0.10383334583258627
5,1,311895.324148532,-0.7785,1.6359878,-0.10491495101255839
5,1,311900.3243448064,-0.7785,1.6357393,-0.10599655366077355
5,1,311905.32454108074,-0.7785,1.635682,-0.10707815802417528
5,1,311910.3247373551,-0.7785,1.6354718,-0.10815975841033125
5,1,311915.3249336295,-0.7785,1.6351088,-0.10924136487130984
5,1,311920.32512990385,-0.7785,1.6348222,-0.11032297111836073
5,1,311925.3253261782,-0.7785,1.6345356,-0.11140457004915671
5,1,311930.3255224526,-0.7785,1.6344018,-0.11248617264953584
5,1,311935.32571872696,-0.7785,1.6343637,-0.11356777744885282
5,1,311940.32591500133,-0.7785,1.6339624,-0.11464938266745538
5,1,311945.3261112757,-0.7785,1.6339241,-0.11573098185729315
5,1,311950.3263075501,-0.7785,1.6336758,-0.11681257510174974
5,1,311955.32650382444,-0.7785,1.6334274,-0.11789417657389571
5,1,311960.3267000988,-0.7785,1.6334847,-0.11897577910347445
5,1,311965.3268963732,-0.7785,1.6330261,-0.12005738007303407
5,1,311970.32709264755,-0.7785,1.6327777,-0.12113898241396742
5,1,311975.3272889219,-0.7785,1.6325675,-0.1222205881876614
5,1,311980.3274851963,-0.7785,1.6326249,-0.12330218994257514
5,1,311985.32768147066,-0.7785,1.6322619,-0.12438379622895517
5,1,311990.32787774503,-0.7785,1.6320708,-0.12546540421817698
5,1,311995.3280740194,-0.7785,1.6317269,-0.12654701231896875
5,1,312000.3282702938,-0.7785,1.6316695,-0.12762861429822775
5,1,312005.32846656814,-0.7785,1.6315358,-0.1287102140782078
5,1,312010.3286628425,-0.7785,1.6311536,-0.129791816871749
5,1,312015.3288591169,-0.7785,1.6311345,-0.13087342377752065
5,1,312020.32905539125,-0.7785,1.6306568,-0.13195502832773326
5,1,312025.3292516656,-0.7785,1.6306378,-0.13303663316371372
5,1,312030.32944794,-0.7785,1.6304657,-0.13411824024051758
5,1,312035.32964421436,-0.7785,1.6302365,-0.1351998449625141
5,1,312040.32984048873,-0.7785,1.629969,-0.1362814517541892
5,1,312045.3300367631,-0.7785,1.6300263,-0.13736305667902032
5,1,312050.3302330375,-0.7785,1.6296633,-0.1384446509185963
5,1,312055.33042931184,-0.7785,1.6293576,-0.13952625451842612
5,1,312060.3306255862,-0.7785,1.6292048,-0.1406078586409423
5,1,312065.3308218606,-0.7785,1.6289372,-0.14168946400247678
5,1,312070.33101813495,-0.7785,1.6287271,-0.14277106944878565
5,1,312075.3312144093,-0.7785,1.6284404,-0.1438526768497659
5,1,312080.3314106837,-0.7785,1.6282876,-0.14493428600665595
5,1,312085.33160695806,-0.7785,1.6282111,-0.14601589507805637
5,1,312090.33180323243,-0.7785,1.628001,-0.14709750127345983
5,1,312095.3319995068,-0.7785,1.6276952,-0.14817910178442792
5,1,312100.3321957812,-0.7785,1.627466,-0.14926070864271782
5,1,312105.33239205554,-0.7785,1.6272367,-0.1503423071663578
5,1,312110.3325883299,-0.7785,1.6269692,-0.15142391259849067
5,1,312115.3327846043,-0.7785,1.6267972,-0.15250551649931068
5,1,312120.33298087865,-0.7785,1.6266634,-0.1535871238381001
5,1,312125.333177153,-0.7785,1.6263386,-0.15466873237420448
5,1,312130.3333734274,-0.7785,1.6261094,-0.15575033921347387
5,1,312135.33356970176,-0.7785,1.6259183,-0.15683194641987477
5,1,312140.33376597613,-0.7785,1.6257464,-0.1579135545540617
5,1,312145.3339622505,-0.7785,1.6254215,-0.15899515830477734
5,1,312150.33415852487,-0.7785,1.6253068,-0.16007676305022167
5,1,312155.33435479924,-0.7785,1.6249248,-0.16115836905682412
5,1,312160.3345510736,-0.7785,1.6247718,-0.1622399727549122
5,1,312165.334747348,-0.7785,1.6245617,-0.1633215648661719
5,1,312170.33494362235,-0.7785,1.624256,-0.16440315521096185
5,1,312175.3351398967,-0.7785,1.6240267,-0.16548473826322949
5,1,312180.3353361711,-0.7785,1.6238738,-0.16656633162901463
5,1,312185.33553244546,-0.7785,1.6236063,-0.1676479412530296
5,1,312190.33572871983,-0.7785,1.6234344,-0.1687295486003491
5,1,312195.3359249942,-0.7785,1.6232243,-0.16981115512731668
5,1,312200.33612126904,-0.7785,1.6229949,-0.170892766990049
5,1,312205.3363175439,-0.7785,1.622823,-0.17197437649274863
5,1,312210.3365138187,-0.7785,1.6224408,-0.17305598293922672
5,1,312215.33671009354,-0.7785,1.6223071,-0.1741375889089604
5,1,312220.3369063684,-0.7785,1.6219441,-0.17521919298830957
5,1,312225.3371026432,-0.7785,1.621753,-0.17630079658546047
5,1,312230.33729891805,-0.7785,1.621409,-0.17738239129460848
5,1,312235.3374951929,-0.7785,1.6211416,-0.17846399395698967
5,1,312240.3376914677,-0.7785,1.6211797,-0.17954559638367754
5,1,312245.33788774256,-0.7785,1.6208358,-0.1806272048416932
5,1,312250.3380840174,-0.7785,1.620702,-0.18170880754250285
5,1,312255.3382802922,-0.7785,1.6202053,-0.18279040479628572
5,1,312260.33847656706,-0.7785,1.6201289,-0.18387201226568217
5,1,312265.3386728419,-0.7785,1.6198423,-0.1849536202691826
5,1,312270.33886911673,-0.7785,1.6196512,-0.18603522836545436
5,1,312275.33906539157,-0.7785,1.6194028,-0.18711683758520412
5,1,312280.3392616664,-0.7785,1.6190588,-0.18819844760272564
5,1,312285.33945794124,-0.7785,1.6189634,-0.18928005706463252
5,1,312290.3396542161,-0.7785,1.6186002,-0.1903616679797768
5,1,312295.3398504907,-0.7785,1.6183519,-0.19144327394008961
5,1,312300.3400467653,-0.7785,1.6181799,-0.19252488693178688
5,1,312305.3402430401,-0.7785,1.6177979,-0.19360649876768715
5,1,312310.3404393147,-0.7785,1.6175876,-0.19468810903075992
5,1,312315.3406355893,-0.7785,1.6172819,-0.19576971929734938
5,1,312320.3408318639,-0.7785,1.6170717,-0.19685131511382586
5,1,312325.34102813853,-0.7785,1.6168042,-0.19793290859973425
5,1,312330.34122441313,-0.7785,1.6164603,-0.1990145164720548
5,1,312335.34142068774,-0.7785,1.6162692,-0.2000961229384309
5,1,312340.34161696234,-0.7785,1.6161928,-0.2011777322264578
5,1,312345.34181323706,-0.7785,1.6157725,-0.20225934085709513
5,1,312350.3420095118,-0.7785,1.6155431,-0.2033409434471461
5,1,312355.3422057865,-0.7785,1.6154476,-0.20442254434561394
5,1,312360.3424020612,-0.7785,1.6150846,-0.20550414657125535
5,1,312365.34259833593,-0.7785,1.6148553,-0.20658575158439738
5,1,312370.34279461054,-0.7785,1.614626,-0.20766735899563957
5,1,312375.34299088526,-0.7785,1.6143776,-0.20874896735039017
5,1,312380.34318716,-0.7785,1.6139573,-0.20983057605001326
5,1,312385.3433834347,-0.7785,1.6137662,-0.21091218450523744
5,1,312390.3435797094,-0.7785,1.6134796,-0.21199378672210373
5,1,312395.34377598413,-0.7785,1.6132504,-0.2130753937731981
5,1,312400.3439722588,-0.7785,1.6130593,-0.2141570024294356
5,1,312405.3441685335,-0.7785,1.6125816,-0.21523860537032613
5,1,312410.34436480823,-0.7785,1.6124096,-0.21632021027378237
5,1,312415.34456108295,-0.7785,1.6122377,-0.2174018123933838
5,1,312420.3447573576,-0.7785,1.6118938,-0.21848342270455753
5,1,312425.34495363233,-0.7785,1.6114925,-0.21956503085088724
5,1,312430.34514990705,-0.7785,1.6113588,-0.22064663674853902
5,1,312435.34534618177,-0.7785,1.6110148,-0.2217282432603703
5,1,312440.3455424565,-0.7785,1.6107473,-0.2228098475075794
5,1,312445.3457387311,-0.7785,1.6106517,-0.22389145254279832
5,1,312450.3459350052,-0.7785,1.6103078,-0.2249730586506558
5,1,312455.34613127983,-0.7785,1.6100403,-0.22605466427172216
5,1,312460.34632755443,-0.7785,1.6097728,-0.2271362720888753
5,1,312465.34652382904,-0.7785,1.6093907,-0.22821787931305162
5,1,312470.34672010364,-0.7785,1.6092187,-0.2292994883916609
5,1,312475.34691637824,-0.7785,1.6088748,-0.2303810972055461
5,1,312480.34711265285,-0.7785,1.608569,-0.23146270827992418
5,1,312485.34730892745,-0.7785,1.6084545,-0.23254432087889307
5,1,312490.34750520205,-0.7785,1.6082634,-0.233625935251269
5,1,312495.3477014769,-0.7785,1.6079004,-0.23470754834167487
5,1,312500.3478977517,-0.7785,1.6075373,-0.23578915563526742
5,1,312505.34809402656,-0.7785,1.6073844,-0.23687077273064183
5,1,312510.3482903014,-0.7785,1.6071552,-0.2379523891111049
5,1,312515.34848657623,-0.7785,1.6068113,-0.2390339971283442
5,1,312520.34868285106,-0.7785,1.6065629,-0.24011561163544318
5,1,312525.3488791259,-0.7785,1.6062763,-0.24119722329484086
5,1,312530.34907540074,-0.7785,1.6060088,-0.24227883707154454
5,1,312535.3492716756,-0.7785,1.6056839,-0.24336044496605128
5,1,312540.3494679504,-0.7785,1.6053782,-0.24444204364074598
5,1,312545.34966422524,-0.7785,1.6051298,-0.24552365251680874
5,1,312550.3498605001,-0.7785,1.6048623,-0.24660526324476134
5,1,312555.3500567749,-0.7785,1.6046522,-0.24768687250384686
5,1,312560.35025304975,-0.7785,1.6041936,-0.24876848209632102
5,1,312565.3504493246,-0.7785,1.6041362,-0.24985009380675352
5,1,312570.3506455994,-0.7785,1.603735,-0.2509317000835935
5,1,312575.35084187426,-0.7785,1.6034293,-0.2520133095116383
5,1,312580.3510381491,-0.7785,1.6030854,-0.25309492311098836
5,1,312585.3512344239,-0.7785,1.6027796,-0.2541765366702675
5,1,312590.35143069876,-0.7785,1.602493,-0.2552581497698293
5,1,312595.3516269736,-0.7785,1.6022255,-0.2563397612937125
5,1,312600.35182324797,-0.7785,1.6019198,-0.2574213724980585
5,1,312605.35201952234,-0.7785,1.6015568,-0.25850298356087664
5,1,312610.3522157967,-0.7785,1.6013849,-0.2595845961205793
5,1,312615.3524120711,-0.7785,1.6010408,-0.26066621147376295
5,1,312620.35260834545,-0.7785,1.6007925,-0.2617478259261515
5,1,312625.3528046198,-0.7785,1.6003722,-0.26282943127561936
5,1,312630.3530008942,-0.7785,1.6000283,-0.26391104199693927
5,1,312635.35319716856,-0.7785,1.5998563,-0.2649926499890486
5,1,312640.3533934429,-0.7785,1.5994933,-0.2660742635497682
5,1,312645.3535897173,-0.7785,1.5991111,-0.26715587331262886
5,1,312650.35378599167,-0.7785,1.5987862,-0.2682374860845671
5,1,312655.35398226604,-0.7785,1.5986334,-0.26931909272358806
5,1,312660.3541785404,-0.7785,1.5982322,-0.27040070263080124
5,1,312665.3543748148,-0.7785,1.598022,-0.2714823067015872
5,1,312670.35457108915,-0.7785,1.5976781,-0.2725639198628961
5,1,312675.3547673635,-0.7785,1.5973151,-0.27364553240967115
5,1,312680.3549636379,-0.7785,1.5968946,-0.2747271434052155
5,1,312685.35515991226,-0.7785,1.5966463,-0.2758087502996589
5,1,312690.3553561866,-0.7785,1.5963788,-0.2768903617352974
5,1,312695.355552461,-0.7785,1.596054,-0.277971968879981
5,1,312700.35574873537,-0.7785,1.5955954,-0.2790535737015967
5,1,312705.35594500974,-0.7785,1.5954235,-0.2801351775423452
5,1,312710.3561412841,-0.7785,1.5950222,-0.28121677654867683
5,1,312715.3563375585,-0.7785,1.5946019,-0.2822983720081049
5,1,312720.35653383285,-0.7785,1.5943916,-0.28337996807994426
5,1,312725.3567301072,-0.7785,1.5940477,-0.2844615610829358
5,1,312730.3569263816,-0.7785,1.593742,-0.2855431631758906
5,1,312735.35712265596,-0.7785,1.593379,-0.28662475896792255
5,1,312740.3573189303,-0.7785,1.5929968,-0.2877063640000056
5,1,312745.3575152047,-0.7785,1.5927103,-0.28878796922079697
5,1,312750.35771147907,-0.7785,1.5924618,-0.28986957188945983
5,1,312755.35790775344,-0.7785,1.5919077,-0.29095117065249526
5,1,312760.3581040278,-0.7785,1.5916976,-0.29203276958510255
5,1,312765.3583003022,-0.7785,1.5913537,-0.29311437114273814
5,1,312770.35849657655,-0.7785,1.590895,-0.29419597391305674
5,1,312775.3586928509,-0.7785,1.590704,-0.29527757608675603
5,1,312780.3588891253,-0.7785,1.59036,-0.29635917806073336
5,1,312785.35908539966,-0.7785,1.5898441,-0.2974407798165577
5,1,312790.359281674,-0.7785,1.5894428,-0.29852237982034324
5,1,312795.3594779484,-0.7785,1.5892519,-0.29960397536076744
5,1,312800.35967422277,-0.7785,1.5889844,-0.3006855631305573
5,1,312805.35987049714,-0.7785,1.5885831,-0.301767146401766
5,1,312810.3600667715,-0.7785,1.5881628,-0.30284873307252563
5,1,312815.3602630459,-0.7785,1.5879717,-0.3039303263978723
5,1,312820.36045932025,-0.7785,1.5876086,-0.3050119149744375
5,1,312825.3606555946,-0.7785,1.5872265,-0.3060935095703566
5,1,312830.360851869,-0.7785,1.5868634,-0.3071751096189218
5,1,312835.36104814336,-0.7785,1.586596,-0.30825670974407565
5,1,312840.3612444177,-0.7785,1.5860991,-0.30933830776559945
5,1,312845.3614406921,-0.7785,1.5857552,-0.31041991333647206
5,1,312850.36163696647,-0.7785,1.5855451,-0.3115015202537242
5,1,312855.36183324084,-0.7785,1.5850674,-0.3125831203623411
5,1,312860.3620295152,-0.7785,1.5847235,-0.3136647234734227
5,1,312865.3622257896,-0.7785,1.5841502,-0.31474631757903065
5,1,312870.36242206395,-0.7785,1.5837681,-0.31582792143050464
5,1,312875.3626183383,-0.7785,1.5835388,-0.31690952417147455
5,1,312880.3628146127,-0.7785,1.583214,-0.3179911234003037
5,1,312885.36301088706,-0.7785,1.5829273,-0.31907271948062677
5,1,312890.3632071614,-0.7785,1.5826217,-0.3201543235947486
5,1,312895.3634034358,-0.7785,1.5823351,-0.3212359236496286
5,1,312900.36359971017,-0.7785,1.5816664,-0.3223175209753311
5,1,312905.36379598454,-0.7785,1.5813224,-0.3233991158600016
5,1,312910.3639922589,-0.7785,1.5810359,-0.32448072030607167
5,1,312915.3641885333,-0.7785,1.5805773,-0.32556232052816586
5,1,312920.36438480765,-0.7785,1.5803097,-0.32664391677244803
5,1,312925.364581082,-0.7785,1.5799085,-0.32772551851048703
5,1,312930.3647773564,-0.7785,1.5794308,-0.3288071222405927
5,1,312935.36497363076,-0.7785,1.579125,-0.32988872310098977
5,1,312940.3651699051,-0.7785,1.5787238,-0.33097033211666316
5,1,312945.3653661795,-0.7785,1.5783417,-0.33205194123099546
5,1,312950.36556245387,-0.7785,1.5779214,-0.3331335523510572
5,1,312955.36575872824,-0.7785,1.5775583,-0.3342151625053151
5,1,312960.3659550026,-0.7785,1.5771189,-0.3352967742785609
5,1,312965.366151277,-0.7785,1.5767176,-0.3363783766774962
5,1,312970.36634755135,-0.7785,1.5764118,-0.33745998050605885
5,1,312975.3665438257,-0.7785,1.5759724,-0.33854158923984534
5,1,312980.3667401001,-0.7785,1.5755521,-0.33962319710161587
5,1,312985.36693637446,-0.7785,1.5751508,-0.3407048035784493
5,1,312990.3671326488,-0.7785,1.5747877,-0.3417864065216048
5,1,312995.36732892366,-0.7785,1.5743293,-0.3428680109325412
5,1,313000.3675251985,-0.7785,1.5740044,-0.3439496182742281
5,1,313005.36772147333,-0.7785,1.5736222,-0.3450312232921186
5,1,313010.36791774817,-0.7785,1.5732592,-0.34611282065336535
5,1,313015.368114023,-0.7785,1.5729727,-0.3471944225393662
5,1,313020.36831029784,-0.7785,1.5723803,-0.3482760277471969
5,1,313025.3685065727,-0.7785,1.571979,-0.3493576280298527
5,1,313030.3687028475,-0.7785,1.5716351,-0.3504392292967799
5,1,313035.36889912235,-0.7785,1.5712148,-0.35152082575897997
5,1,313040.3690953972,-0.7785,1.5709473,-0.3526024292394879
5,1,313045.369291672,-0.7785,1.5704696,-0.35368403588061825
5,1,313050.36948794685,-0.7785,1.570011,-0.3547656423087845
5,1,313055.3696842217,-0.7785,1.5696288,-0.35584724869842627
5,1,313060.3698804965,-0.7785,1.5692276,-0.3569288509750859
5,1,313065.37007677136,-0.7785,1.5688072,-0.3580104566982881
5,1,313070.3702730462,-0.7785,1.5683296,-0.3590920662213858
5,1,313075.37046932103,-0.7785,1.567871,-0.3601736742122103
5,1,313080.37066559587,-0.7785,1.5673742,-0.3612552794672379
5,1,313085.3708618707,-0.7785,1.5668011,-0.36233687339282655
5,1,313090.37105814554,-0.7785,1.5665526,-0.36341846725231364
5,1,313095.37125442014,-0.7785,1.566094,-0.36450006125716655
5,1,313100.37145069474,-0.7785,1.5656737,-0.3655816553583207
5,1,313105.37164696935,-0.7785,1.5652725,-0.36666324910845316
5,1,313110.37184324395,-0.7785,1.5648712,-0.36774484573264543
5,1,313115.37203951855,-0.7785,1.5644318,-0.3688264429826037
5,1,313120.37223579315,-0.7785,1.5639923,-0.36990804158211044
5,1,313125.37243206776,-0.7785,1.563591,-0.37098964257794576
5,1,313130.37262834236,-0.7785,1.5632089,-0.37207124288077775
5,1,313135.37282461696,-0.7785,1.5626357,-0.37315284274737326
5,1,313140.37302089157,-0.7785,1.5622153,-0.3742344428292343
5,1,313145.3732171663,-0.7785,1.5617186,-0.37531604155253656
5,1,313150.373413441,-0.7785,1.5612026,-0.3763976404764283
5,1,313155.3736097157,-0.7785,1.5607823,-0.3774792383137274
5,1,313160.37380599044,-0.7785,1.5604765,-0.3785608377868727
5,1,313165.37400226516,-0.7785,1.5599415,-0.3796424387267525
5,1,313170.3741985399,-0.7785,1.5595212,-0.38072404032596235
5,1,313175.3743948146,-0.7785,1.5588143,-0.38180564144980195
5,1,313180.3745910893,-0.7785,1.5584513,-0.3828872400362387
5,1,313185.3747873636,-0.7785,1.5580118,-0.3839688410523396
5,1,313190.3749836383,-0.7785,1.5572475,-0.3850504412950272
5,1,313195.37517991295,-0.7785,1.5570182,-0.3861320402479332
5,1,313200.3753761877,-0.7785,1.5565978,-0.38721363801345504
5,1,313205.3755724624,-0.7785,1.5561584,-0.38829523489369894
5,1,313210.3757687371,-0.7785,1.5556425,-0.38937683338347023
5,1,313215.37596501183,-0.7785,1.5553559,-0.3904584313187958
5,1,313220.3761612865,-0.7785,1.5545151,-0.39154002938019516
5,1,313225.3763575612,-0.7785,1.5540757,-0.39262162897287095
5,1,313230.37655383593,-0.7785,1.5536935,-0.39370322607867536
5,1,313235.37675011065,-0.7785,1.5530249,-0.3947848220301067
5,1,313240.37694638537,-0.7785,1.5526427,-0.39586641858518073
5,1,313245.3771426601,-0.7785,1.5521077,-0.39694801632797005
5,1,313250.3773389347,-0.7785,1.5518593,-0.39802961209914367
5,1,313255.3775352093,-0.7785,1.551267,-0.3991112066086823
5,1,313260.3777314839,-0.7785,1.5506364,-0.4001928033361496
5,1,313265.3779277585,-0.7785,1.550197,-0.4012743961826922
5,1,313270.3781240331,-0.7785,1.5498339,-0.4023559869885638
5,1,313275.3783203077,-0.7785,1.5493562,-0.4034375802792835
5,1,313280.3785165823,-0.7785,1.5488786,-0.4045191748401219
5,1,313285.3787128569,-0.7785,1.5483627,-0.4056007699816122
5,1,313290.3789091315,-0.7785,1.5477513,-0.4066823668250436
5,1,313295.37910540635,-0.7785,1.5472927,-0.4077639641376629
5,1,313300.3793016812,-0.7785,1.546796,-0.4088455621637498
5,1,313305.379497956,-0.7785,1.5461463,-0.40992715827653753
5,1,313310.37969423085,-0.7785,1.5456686,-0.411008753098186
5,1,313315.3798905057,-0.7785,1.5450381,-0.4120903481628691
5,1,313320.3800867805,-0.7785,1.5446178,-0.41317194384441724
5,1,313325.38028305536,-0.7785,1.5440445,-0.41425353893873706
5,1,313330.3804793302,-0.7785,1.5435286,-0.4153351339297157
5,1,313335.38067560503,-0.7785,1.5429937,-0.4164167304520569
5,1,313340.38087187987,-0.7785,1.5424204,-0.4174983282355595
5,1,313345.3810681547,-0.7785,1.5418854,-0.41857992662021465
5,1,313350.38126442954,-0.7785,1.5412549,-0.4196615255343975
5,1,313355.3814607044,-0.7785,1.5407008,-0.42074312527038604
5,1,313360.3816569792,-0.7785,1.5401658,-0.42182472775460567
5,1,313365.38185325405,-0.7785,1.5394015,-0.4229063264935244
5,1,313370.3820495289,-0.7785,1.5390767,-0.42398792482406517
5,1,313375.3822458037,-0.7785,1.5383888,-0.4250695242372846
5,1,313380.38244207855,-0.7785,1.5378156,-0.4261511249634023
5,1,313385.3826383534,-0.7785,1.5373379,-0.4272327240087816
5,1,313390.3828346282,-0.7785,1.5366883,-0.4283143278923328
5,1,313395.3830309026,-0.7785,1.5360196,-0.42939593023346484
5,1,313400.38322717696,-0.7785,1.5354081,-0.43047753042777664
5,1,313405.38342345133,-0.7785,1.5348731,-0.4315591346600349
5,1,313410.3836197257,-0.7785,1.5340897,-0.4326407356170511
5,1,313415.3838160001,-0.7785,1.5337076,-0.4337223357154888
5,1,313420.38401227444,-0.7785,1.5330006,-0.4348039348031907
5,1,313425.3842085488,-0.7785,1.5324084,-0.4358855355098607
5,1,313430.3844048232,-0.7785,1.5317013,-0.4369671371436611
5,1,313435.38460109755,-0.7785,1.5309944,-0.43804873815555656
5,1,313440.3847973719,-0.7785,1.5304594,-0.43913034038236687
5,1,313445.3849936463,-0.7785,1.529867,-0.44021194210563713
5,1,313450.38518992066,-0.7785,1.529313,-0.4412935432969492
5,1,313455.38538619503,-0.7785,1.5285678,-0.4423751439642305
5,1,313460.3855824694,-0.7785,1.5281283,-0.44345674578363314
5,1,313465.3857787438,-0.7785,1.527345,-0.4445383441724805
5,1,313470.38597501814,-0.7785,1.526829,-0.44561994422361534
5,1,313475.3861712925,-0.7785,1.5262749,-0.4467015425773357
5,1,313480.3863675669,-0.7785,1.5254724,-0.4477831411942205
5,1,313485.38656384125,-0.7785,1.5248419,-0.44886474211133137
5,1,313490.3867601156,-0.7785,1.5240394,-0.44994634249878207
5,1,313495.38695639,-0.7785,1.5233133,-0.451027941305309
5,1,313500.38715266436,-0.7785,1.522893,-0.4521095436576368
5,1,313505.38734893873,-0.7785,1.522186,-0.45319114411861317
5,1,313510.3875452131,-0.7785,1.5214982,-0.45427274886268987
5,1,313515.3877414875,-0.7785,1.5206957,-0.455354353910694
5,1,313520.38793776184,-0.7785,1.5201607,-0.456435956740296
5,1,313525.3881340362,-0.7785,1.5194155,-0.45751755832983004
5,1,313530.3883303106,-0.7785,1.5186703,-0.4585991582671862
5,1,313535.38852658495,-0.7785,1.5180972,-0.45968075863025865
5,1,313540.3887228593,-0.7785,1.5174092,-0.4607623608251242
5,1,313545.3889191337,-0.7785,1.5167023,-0.4618439639792636
5,1,313550.38911540806,-0.7785,1.5160335,-0.4629255677229823
5,1,313555.38931168243,-0.7785,1.5152884,-0.4640071717974174
5,1,313560.3895079568,-0.7785,1.5146579,-0.46508877252476694
5,1,313565.3897042312,-0.7785,1.5138171,-0.46617037355063967
5,1,313570.38990050554,-0.7785,1.513263,-0.4672519733088872
5,1,313575.3900967799,-0.7785,1.5125942,-0.4683335739924041
5,1,313580.3902930543,-0.7785,1.5117918,-0.4694151729256306
5,1,313585.39048932865,-0.7785,1.510932,-0.47049677236986104
5,1,313590.390685603,-0.7785,1.5103779,-0.4715783703386745
5,1,313595.3908818774,-0.7785,1.5096709,-0.4726599679337966
5,1,313600.39107815176,-0.7785,1.5087919,-0.4737415646682707
5,1,313605.39127442613,-0.7785,1.5080467,-0.4748231598805184
5,1,313610.3914707005,-0.7785,1.5072825,-0.47590475906106444
5,1,313615.3916669749,-0.7785,1.5065373,-0.47698635635615333
5,1,313620.39186324924,-0.7785,1.5056967,-0.4780679592298429
5,1,313625.3920595236,-0.7785,1.5047604,-0.4791495621788827
5,1,313630.392255798,-0.7785,1.5042444,-0.480231170379605
5,1,313635.39245207235,-0.7785,1.5033847,-0.4813127718005307
5,1,313640.3926483467,-0.7785,1.5025439,-0.48239438213203956
5,1,313645.3928446211,-0.7785,1.5016268,-0.483475991956197
5,1,313650.39304089546,-0.7785,1.5009007,-0.48455759715173585
5,1,313655.39323716983,-0.7785,1.5001173,-0.48563919718757875
5,1,313660.3934334442,-0.7785,1.4991812,-0.4867208052400941
5,1,313665.3936297186,-0.7785,1.4983022,-0.48780241459889817
5,1,313670.39382599294,-0.7785,1.4974424,-0.48888401520881
5,1,313675.3940222673,-0.7785,1.4966398,-0.4899656197125806
5,1,313680.3942185417,-0.7785,1.4960093,-0.49104722832515113
5,1,313685.39441481605,-0.7785,1.495054,-0.4921288350388203
5,1,313690.3946110904,-0.7785,1.4940223,-0.493210443991432
5,1,313695.3948073648,-0.7785,1.4933343,-0.49429205362649037
5,1,313700.39500363916,-0.7785,1.4924746,-0.49537365878163386
5,1,313705.39519991353,-0.7785,1.4916338,-0.496455259216967
5,1,313710.3953961879,-0.7785,1.4905639,-0.4975368649640276
5,1,313715.3955924623,-0.7785,1.489704,-0.4986184652543658
5,1,313720.39578873664,-0.7785,1.4888442,-0.4997000698273739
5,1,313725.395985011,-0.7785,1.4880416,-0.500781680670698
5,1,313730.3961812854,-0.7785,1.487201,-0.5018632899444627
5,1,313735.39637755975,-0.7785,1.4864367,-0.5029448983713184
5,1,313740.3965738341,-0.7785,1.485424,-0.5040265072798227
5,1,313745.3967701085,-0.7785,1.4845451,-0.5051081173365408
5,1,313750.39696638286,-0.7785,1.4835706,-0.5061897175720527
5,1,313755.39716265723,-0.7785,1.4827682,-0.5072713196517123
5,1,313760.3973589316,-0.7785,1.4815644,-0.5083529287759424
5,1,313765.397555206,-0.7785,1.4807619,-0.5094345277052549
5,1,313770.39775148034,-0.7785,1.4796919,-0.5105161265907414
5,1,313775.3979477547,-0.7785,1.4787174,-0.5115977340987087
5,1,313780.3981440291,-0.7785,1.477743,-0.5126793451158166
5,1,313785.39834030345,-0.7785,1.4768449,-0.5137609522123694
5,1,313790.3985365783,-0.7785,1.4759086,-0.5148425620765911
5,1,313795.3987328531,-0.7785,1.4748387,-0.5159241695608324
5,1,313800.39892912796,-0.7785,1.473998,-0.5170057770610114
5,1,313805.3991254028,-0.7785,1.4729662,-0.5180873837286525
5,1,313810.3993216776,-0.7785,1.4720299,-0.5191689883179492
5,1,313815.39951795246,-0.7785,1.4709982,-0.5202505935994182
5,1,313820.3997142273,-0.7785,1.4698517,-0.521332190295189
5,1,313825.39991050214,-0.7785,1.4688582,-0.5224137869827575
5,1,313830.400106777,-0.7785,1.4678264,-0.5234953961799866
5,1,313835.4003030518,-0.7785,1.4669284,-0.5245769975583348
5,1,313840.40049932664,-0.7785,1.4655527,-0.5256585985244406
5,1,313845.4006956015,-0.7785,1.4646928,-0.5267402099185944
5,1,313850.4008918763,-0.7785,1.4636801,-0.527821822760823
5,1,313855.40108815115,-0.7785,1.4626293,-0.528903436223089
5,1,313860.401284426,-0.7785,1.4613682,-0.5299850393364356
5,1,313865.4014807008,-0.7785,1.4603174,-0.531066636156896
5,1,313870.40167697566,-0.7785,1.4593428,-0.5321482348271633
5,1,313875.4018732505,-0.7785,1.4581773,-0.5332298324029768
5,1,313880.4020695253,-0.7785,1.4568017,-0.5343114287825019
5,1,313885.40226580016,-0.7785,1.4558845,-0.5353930253474571
5,1,313890.40246207477,-0.7785,1.4547572,-0.5364746212779308
5,1,313895.40265834937,-0.7785,1.4536108,-0.5375562161028145
5,1,313900.402854624,-0.7785,1.4524834,-0.5386378100831268
5,1,313905.4030508986,-0.7785,1.4511077,-0.5397194031168909
5,1,313910.4032471732,-0.7785,1.4500186,-0.5408009953339654
5,1,313915.4034434478,-0.7785,1.4487385,-0.5418825858893882
5,1,313920.4036397224,-0.7785,1.4476875,-0.5429641749061933
5,1,313925.4038359965,-0.7785,1.4465793,-0.5440457646522314
5,1,313930.4040322711,-0.7785,1.4454712,-0.5451273559487553
5,1,313935.4042285457,-0.7785,1.4440954,-0.5462089483416337
5,1,313940.40442482044,-0.7785,1.4429681,-0.5472905423611659
5,1,313945.40462109516,-0.7785,1.4418217,-0.5483721377902553
5,1,313950.4048173699,-0.7785,1.4407517,-0.5494537333375505
5,1,313955.4050136446,-0.7785,1.4393377,-0.550535327636304
5,1,313960.4052099193,-0.7785,1.4381913,-0.551616922903325
5,1,313965.40540619404,-0.7785,1.4369684,-0.5526985172025387
5,1,313970.40560246876,-0.7785,1.4356501,-0.5537801108214847
5,1,313975.4057987435,-0.7785,1.4345037,-0.55486170251782
5,1,313980.4059950182,-0.7785,1.4332426,-0.5559432955657038
5,1,313985.4061912929,-0.7785,1.4319816,-0.5570248880025538
5,1,313990.40638756764,-0.7785,1.430625,-0.5581064811382385
5,1,313995.40658384236,-0.7785,1.429211,-0.5591880729978407
5,1,314000.406780117,-0.7785,1.4278927,-0.5602696642515915
5,1,314005.40697639174,-0.7785,1.4265742,-0.5613512556184157
5,1,314010.40717266646,-0.7785,1.4251603,-0.5624328476032109
5,1,314015.4073689411,-0.7785,1.4240139,-0.5635144379498055
5,1,314020.40756521584,-0.7785,1.4223516,-0.5645960294229644
5,1,314025.40776149055,-0.7785,1.4210331,-0.565677620294166
5,1,314030.4079577653,-0.7785,1.4195428,-0.5667592110778548
5,1,314035.40815404,-0.7785,1.4183391,-0.5678408003399893
5,1,314040.4083503147,-0.7785,1.4169443,-0.5689223905346882
5,1,314045.4085465893,-0.7785,1.4155113,-0.5700039811921244
5,1,314050.40874286415,-0.7785,1.4141737,-0.5710855755187563
5,1,314055.40893913875,-0.7785,1.4126643,-0.572167171678572
5,1,314060.40913541336,-0.7785,1.411193,-0.5732487661623085
5,1,314065.40933168796,-0.7785,1.4096072,-0.5743303601560484
5,1,314070.40952796256,-0.7785,1.4080786,-0.5754119543828624
5,1,314075.40972423716,-0.7785,1.40655,-0.5764935512839778
5,1,314080.40992051177,-0.7785,1.4048113,-0.5775751546756186
5,1,314085.41011678637,-0.7785,1.4034929,-0.5786567625344552
5,1,314090.410313061,-0.7785,1.4020981,-0.5797383681857147
5,1,314095.4105093358,-0.7785,1.4003975,-0.5808199720744979
5,1,314100.41070561064,-0.7785,1.3990028,-0.5819015800410898
5,1,314105.4109018855,-0.7785,1.397264,-0.58298318547011
5,1,314110.4110981603,-0.7785,1.3959265,-0.5840647941334504
5,1,314115.41129443515,-0.7785,1.3943024,-0.5851464038818073
5,1,314120.41149071,-0.7785,1.3926209,-0.5862280129141402
5,1,314125.4116869848,-0.7785,1.391016,-0.5873096157013037
5,1,314130.41188325966,-0.7785,1.3893346,-0.5883912240217982
5,1,314135.4120795345,-0.7785,1.3878059,-0.5894728337435184
5,1,314140.4122758093,-0.7785,1.3861628,-0.5905544321522009
5,1,314145.41247208416,-0.7785,1.3844049,-0.591636033732632
5,1,314150.412668359,-0.7785,1.3826662,-0.5927176378121632
5,1,314155.41286463384,-0.7785,1.3809657,-0.5937992437307396
5,1,314160.4130609087,-0.7785,1.3790932,-0.5948808503695817
5,1,314165.4132571835,-0.7785,1.3775073,-0.5959624520750766
5,1,314170.41345345834,-0.7785,1.3757495,-0.5970440601525364
5,1,314175.4136497332,-0.7785,1.3741254,-0.5981256679020548
5,1,314180.413846008,-0.7785,1.3721,-0.5992072754881075
5,1,314185.41404228285,-0.7785,1.3703039,-0.6002888823110849
5,1,314190.4142385572,-0.7785,1.3686607,-0.6013704900801735
5,1,314195.4144348316,-0.7785,1.3668838,-0.6024520952391051
5,1,314200.41463110596,-0.7785,1.3649157,-0.6035336946000016
5,1,314205.41482738033,-0.7785,1.3630432,-0.6046152954558653
5,1,314210.4150236547,-0.7785,1.3613045,-0.6056968915003528
5,1,314215.41521992907,-0.7785,1.3593556,-0.6067784898061345
5,1,314220.41541620344,-0.7785,1.3575404,-0.6078600941197729
5,1,314225.4156124778,-0.7785,1.3555914,-0.6089416976293051
5,1,314230.4158087522,-0.7785,1.3535852,-0.6100232994496183
5,1,314235.41600502655,-0.7785,1.35177,-0.6111048927082542
5,1,314240.4162013009,-0.7785,1.3496873,-0.6121864893439899
5,1,314245.4163975753,-0.7785,1.3478531,-0.6132680886331026
5,1,314250.41659384966,-0.7785,1.3457896,-0.6143496872647263
5,1,314255.416790124,-0.7785,1.343726,-0.6154312821307835
5,1,314260.4169863984,-0.7785,1.3416624,-0.6165128794639333
5,1,314265.41718267277,-0.7785,1.3395797,-0.6175944810449671
5,1,314270.41737894714,-0.7785,1.3374588,-0.6186760865791199
5,1,314275.4175752215,-0.7785,1.335338,-0.6197576919090573
5,1,314280.4177714959,-0.7785,1.3333317,-0.6208392989553535
5,1,314285.41796777025,-0.7785,1.3310771,-0.6219209047538695
5,1,314290.4181640446,-0.7785,1.3288798,-0.6230025098023174
5,1,314295.418360319,-0.7785,1.3268735,-0.6240841127390555
5,1,314300.41855659336,-0.7785,1.3247335,-0.6251657135311192
5,1,314305.4187528677,-0.7785,1.3222878,-0.6262473169474826
5,1,314310.4189491421,-0.7785,1.3202243,-0.6273289213364879
5,1,314315.41914541647,-0.7785,1.3178741,-0.6284105269553191
5,1,314320.41934169084,-0.7785,1.3158296,-0.6294921299476517
5,1,314325.4195379652,-0.7785,1.3133839,-0.6305737347243189
5,1,314330.4197342396,-0.7785,1.3111484,-0.6316553421335543
5,1,314335.41993051395,-0.7785,1.3087218,-0.6327369477471139
5,1,314340.4201267883,-0.7785,1.3064672,-0.6338185520878592
5,1,314345.4203230627,-0.7785,1.3040406,-0.6349001581189194
5,1,314350.42051933706,-0.7785,1.3016522,-0.635981764165745
5,1,314355.4207156114,-0.7785,1.2993785,-0.6370633614188391
5,1,314360.4209118858,-0.7785,1.2968372,-0.6381449631033399
5,1,314365.42110816017,-0.7785,1.2944106,-0.6392265619511464
5,1,314370.42130443454,-0.7785,1.2919841,-0.6403081627809828
5,1,314375.4215007089,-0.7785,1.2892709,-0.6413897625209217
5,1,314380.4216969833,-0.7785,1.2868443,-0.6424713645454305
5,1,314385.42189325765,-0.7785,1.2842457,-0.6435529698253298
5,1,314390.422089532,-0.7785,1.2817044,-0.6446345751177924
5,1,314395.4222858064,-0.7785,1.2791632,-0.6457161817548961
5,1,314400.42248208076,-0.7785,1.27645,-0.6467977837324067
5,1,314405.4226783551,-0.7785,1.2739087,-0.6478793887078124
5,1,314410.4228746295,-0.7785,1.2712338,-0.6489609844183052
5,1,314415.42307090387,-0.7785,1.2685014,-0.6500425747938081
5,1,314420.42326717824,-0.7785,1.2658838,-0.651124170121563
5,1,314425.4234634526,-0.7785,1.263247,-0.6522057721050937
5,1,314430.423659727,-0.7785,1.2603427,-0.6532873665597763
5,1,314435.42385600135,-0.7785,1.2577633,-0.6543689583002122
5,1,314440.4240522757,-0.7785,1.2548208,-0.6554505606226416
5,1,314445.4242485501,-0.7785,1.2520503,-0.6565321627525116
5,1,314450.42444482446,-0.7785,1.2490313,-0.6576137655043428
5,1,314455.4246410988,-0.7785,1.2461843,-0.6586953660187647
5,1,314460.4248373732,-0.7785,1.2432992,-0.6597769660228615
5,1,314465.42503364757,-0.7785,1.2405478,-0.6608585665244385
5,1,314470.42522992194,-0.7785,1.2374333,-0.6619401699210993
5,1,314475.4254261963,-0.7785,1.2342234,-0.6630217714284882
5,1,314480.4256224707,-0.7785,1.2315292,-0.6641033711356711
5,1,314485.42581874505,-0.7785,1.2285485,-0.6651849670833606
5,1,314490.4260150194,-0.7785,1.2254533,-0.6662665594325753
5,1,314495.4262112938,-0.7785,1.2223196,-0.6673481605312618
5,1,314500.42640756816,-0.7785,1.2192817,-0.6684297626885566
5,1,314505.4266038425,-0.7785,1.2161863,-0.6695113671992812
5,1,314510.4268001169,-0.7785,1.2131292,-0.6705929655931983
5,1,314515.42699639127,-0.7785,1.2101675,-0.6716745622044596
5,1,314520.42719266564,-0.7785,1.2072442,-0.6727561534420676
5,1,314525.42738894,-0.7785,1.2038814,-0.6738377415979266
5,1,314530.4275852144,-0.7785,1.200786,-0.6749193397634884
5,1,314531.59938435117,-0.7785,1.1999644,-0.6751728133068873
5,1,314531.5995843513,-0.7785,1.1999835,-0.6751728565730678
5,2,314531.60038435133,0.7785,1.2747892,8.589998218748305e-08
5,2,314536.60058062663,0.7785,1.4749916,0.0010811615473495589
5,2,314541.60077690147,0.7785,1.5410256,0.002162236218144496
5,2,314546.6009731763,0.7785,1.5911816,0.003243312045150333
5,2,314551.60116945114,0.7785,1.6331408,0.004324393097370863
5,2,314556.601365726,0.7785,1.6703614,0.005405476356609
5,2,314561.6015620008,0.7785,1.7040663,0.006486562281323804
5,2,314566.6017582752,0.7785,1.7351916,0.00756764862297641
5,2,314571.60195454955,0.7785,1.7643872,0.008648728432118894
5,2,314576.6021508239,0.7785,1.7920352,0.009729810365289452
5,2,314581.6023470983,0.7785,1.8184221,0.010810883145686654
5,2,314586.60254337266,0.7785,1.8436625,0.011891962350699638
5,2,314591.60273964703,0.7785,1.867852,0.012973045787413916
5,2,314596.6029359214,0.7785,1.8911817,0.014054127086328137
5,2,314601.60313219577,0.7785,1.9136708,0.015135205736289422
5,2,314606.60332847014,0.7785,1.9352427,0.01621627796149254
5,2,314611.6035247445,0.7785,1.956184,0.01729735289686587
5,2,314616.6037210189,0.7785,1.9762273,0.018378423536731137
5,2,314621.60391729325,0.7785,1.9954108,0.019459493778384393
5,2,314626.6041135676,0.7785,2.0135052,0.02054056789784961
5,2,314631.604309842,0.7785,2.0308545,0.02162164257319768
5,2,314636.60450611636,0.7785,2.047325,0.022702720048950777
5,2,314641.60470239073,0.7785,2.0630116,0.02378379161163171
5,2,314646.6048986651,0.7785,2.0774567,0.024864867326819234
5,2,314651.60509493947,0.7785,2.0912519,0.02594594879942139
5,2,314656.60529121384,0.7785,2.1042066,0.027027023291816315
5,2,314661.6054874882,0.7785,2.1163588,0.028108097243464657
5,2,314666.6056837626,0.7785,2.1275172,0.029189171291427483
5,2,314671.60588003695,0.7785,2.138332,0.030270247608611984
5,2,314676.6060763113,0.7785,2.1483629,0.03135132419183519
5,2,314681.6062725857,0.7785,2.1577446,0.032432398472484615
5,2,314686.60646886006,0.7785,2.1667821,0.033513470080677
5,2,314691.60666513443,0.7785,2.1750746,0.03459454371008277
5,2,314696.6068614088,0.7785,2.1828895,0.03567561487852865
5,2,314701.60705768317,0.7785,2.190303,0.036756683606896136
5,2,314706.60725395754,0.7785,2.1976018,0.03783775033324626
5,2,314711.6074502319,0.7785,2.2039454,0.03891881976975335
5,2,314716.6076465063,0.7785,2.2101743,0.03999988847735855
5,2,314721.60784278065,0.7785,2.2161167,0.04108095593705111
5,2,314726.608039055,0.7785,2.2217915,0.04216202184190022
5,2,314731.6082353294,0.7785,2.2271988,0.04324308810215526
5,2,314736.60843160376,0.7785,2.2322621,0.04432415712245968
5,2,314741.60862787813,0.7785,2.2372682,0.045405228748612934
5,2,314746.6088241525,0.7785,2.2418349,0.04648630445882678
5,2,314751.60902042687,0.7785,2.2464013,0.047567374778542254
5,2,314756.60921670124,0.7785,2.2505667,0.04864844439233343
5,2,314761.6094129756,0.7785,2.2546175,0.04972951223970453
5,2,314766.60960925,0.7785,2.2585726,0.050810580689761374
5,2,314771.60980552435,0.7785,2.2623367,0.05189165115157432
5,2,314776.6100017987,0.7785,2.2658906,0.052972722075363
5,2,314781.6101980731,0.7785,2.269502,0.05405379730159376
5,2,314786.61039434746,0.7785,2.2728646,0.05513486885470815
5,2,314791.6105906218,0.7785,2.2762465,0.056215947377595644
5,2,314796.6107868962,0.7785,2.2793229,0.057297021791395224
5,2,314801.61098317057,0.7785,2.2825902,0.05837809640727773
5,2,314806.61117944494,0.7785,2.285628,0.059459174868100234
5,2,314811.6113757193,0.7785,2.2885134,0.06054024741084378
5,2,314816.6115719937,0.7785,2.2913985,0.061621321355412415
5,2,314821.61176826805,0.7785,2.2942646,0.06270238874612584
5,2,314826.6119645424,0.7785,2.2970352,0.06378346558155948
5,2,314831.6121608168,0.7785,2.2998438,0.06486454587028424
5,2,314836.61235709116,0.7785,2.3022895,0.06594562551584178
5,2,314841.6125533655,0.7785,2.3051364,0.06702670067419278
5,2,314846.6127496399,0.7785,2.3076205,0.06810777901720338
5,2,314851.61294591427,0.7785,2.310047,0.06918885014113121
5,2,314856.61314218864,0.7785,2.312703,0.07026992123609119
5,2,314861.613338463,0.7785,2.3151295,0.07135099128540356
5,2,314866.6135347374,0.7785,2.3176134,0.07243205803947977
5,2,314871.61373101175,0.7785,2.3200781,0.07351312687089044
5,2,314876.6139272861,0.7785,2.32218,0.07459421035024853
5,2,314881.6141235605,0.7785,2.3245492,0.07567528252356581
5,2,314886.61431983486,0.7785,2.3268611,0.07675635519343944
5,2,314891.6145161092,0.7785,2.32946,0.07783742818619475
5,2,314896.6147123836,0.7785,2.331485,0.07891850376392072
5,2,314901.61490865797,0.7785,2.333778,0.07999957241467964
5,2,314906.61510493234,0.7785,2.3360898,0.0810806397683819
5,2,314911.6153012067,0.7785,2.3383064,0.08216170879592828
5,2,314916.6154974811,0.7785,2.340561,0.08324277889460656
5,2,314921.61569375545,0.7785,2.3428538,0.08432385265217555
5,2,314926.6158900298,0.7785,2.3451467,0.08540492550327049
5,2,314931.6160863042,0.7785,2.347191,0.08648599251789847
5,2,314936.61628257856,0.7785,2.3495605,0.08756705986668996
5,2,314941.6164788529,0.7785,2.351796,0.08864813561420307
5,2,314946.6166751273,0.7785,2.3538978,0.08972920528890026
5,2,314951.61687140167,0.7785,2.3561907,0.09081027817257244
5,2,314956.61706767604,0.7785,2.358388,0.09189134915919103
5,2,314961.6172639509,0.7785,2.360528,0.09297242441935338
5,2,314966.6174602257,0.7785,2.3627443,0.0940534914989107
5,2,314971.61765650054,0.7785,2.3647697,0.09513455953480467
5,2,314976.6178527754,0.7785,2.366948,0.09621563465989959
5,2,314981.6180490502,0.7785,2.3692026,0.09729671656999321
5,2,314986.61824532505,0.7785,2.3715336,0.098377799109694
5,2,314991.6184415999,0.7785,2.3736928,0.09945888258393604
5,2,314996.6186378747,0.7785,2.3760047,0.10053996746491059
5,2,315001.61883414956,0.7785,2.378183,0.10162105247315763
5,2,315006.6190304244,0.7785,2.3802273,0.10270213726486761
5,2,315011.61922669923,0.7785,2.3825774,0.10378322257006829
5,2,315016.61942297406,0.7785,2.3845646,0.10486430822347931
5,2,315021.6196192489,0.7785,2.3869338,0.1059453922915889
5,2,315026.61981552374,0.7785,2.38894,0.10702647551914386
5,2,315031.6200117986,0.7785,2.3911948,0.10810755887341829
5,2,315036.6202080734,0.7785,2.3934684,0.10918864047449495
5,2,315041.62040434824,0.7785,2.3958378,0.11026972326002185
5,2,315046.6206006231,0.7785,2.397825,0.11135080842812192
5,2,315051.6207968979,0.7785,2.400156,0.11243189319981799
5,2,315056.62099317275,0.7785,2.4022577,0.11351297892947328
5,2,315061.62118944735,0.7785,2.4044168,0.11459406518169574
5,2,315066.6213857215,0.7785,2.4066331,0.1156751508648263
5,2,315071.6215819961,0.7785,2.409079,0.11675623461679947
5,2,315076.6217782707,0.7785,2.411047,0.11783731740107138
5,2,315081.6219745453,0.7785,2.4133399,0.1189183984683454
5,2,315086.6221708199,0.7785,2.415537,0.11999947913965252
5,2,315091.6223670945,0.7785,2.4176962,0.12108055840843916
5,2,315096.6225633691,0.7785,2.4200273,0.12216163727712963
5,2,315101.6227596437,0.7785,2.4222054,0.12324272013757627
5,2,315106.6229559183,0.7785,2.4244983,0.12432380466461514
5,2,315111.62315219303,0.7785,2.4265428,0.12540488936217295
5,2,315116.62334846775,0.7785,2.4287784,0.1264859711932871
5,2,315121.62354474247,0.7785,2.4310138,0.1275670533376601
5,2,315126.6237410172,0.7785,2.4331348,0.12864813765332103
5,2,315131.6239372919,0.7785,2.435504,0.12972922278202906
5,2,315136.6241335666,0.7785,2.4376822,0.1308103086584674
5,2,315141.62432984135,0.7785,2.439956,0.1318913908316758
5,2,315146.62452611607,0.7785,2.442115,0.13297247370299037
5,2,315151.6247223908,0.7785,2.4443698,0.13405355539672245
5,2,315156.6249186655,0.7785,2.4465096,0.13513463647902677
5,2,315161.6251149402,0.7785,2.448707,0.13621572027366693
5,2,315166.62531121494,0.7785,2.4509044,0.1372968043056826
5,2,315171.6255074896,0.7785,2.453006,0.13837788822130698
5,2,315176.6257037643,0.7785,2.4552798,0.1394589706818528
5,2,315181.62590003904,0.7785,2.4574962,0.14054005231890748
5,2,315186.6260963137,0.7785,2.4593306,0.14162113414037894
5,2,315191.62629258865,0.7785,2.461566,0.1427022145753106
5,2,315196.6264888634,0.7785,2.4635532,0.1437832933242222
5,2,315201.6266851381,0.7785,2.4657888,0.14486437288753196
5,2,315206.6268814128,0.7785,2.4677758,0.14594545143660906
5,2,315211.62707768753,0.7785,2.4700305,0.1470265291962028
5,2,315216.62727396213,0.7785,2.471903,0.1481076057731907
5,2,315221.62747023674,0.7785,2.4739666,0.14918868430695606
5,2,315226.62766651134,0.7785,2.476011,0.15026976463436093
5,2,315231.62786278594,0.7785,2.4780364,0.15135084404917895
5,2,315236.62805906055,0.7785,2.4800043,0.15243192145994974
5,2,315241.62825533515,0.7785,2.4820297,0.1535129990286927
5,2,315246.62845160975,0.7785,2.4841316,0.1545940774723259
5,2,315251.62864788435,0.7785,2.4861379,0.15567515591756842
5,2,315256.6288441587,0.7785,2.4878957,0.15675623337140024
5,2,315261.62904043356,0.7785,2.4897873,0.1578373097289669
5,2,315266.6292367084,0.7785,2.4918509,0.1589183852393363
5,2,315271.62943298323,0.7785,2.493704,0.159999460713476
5,2,315276.62962925807,0.7785,2.4954429,0.16108054016825896
5,2,315281.6298255329,0.7785,2.4972773,0.1621616208565567
5,2,315286.63002180774,0.7785,2.4989014,0.16324270136714983
5,2,315291.6302180826,0.7785,2.5006592,0.16432378132242303
5,2,315296.6304143574,0.7785,2.5025315,0.1654048607883984
5,2,315301.63061063224,0.7785,2.5041556,0.16648593935613507
5,2,315306.6308069071,0.7785,2.5057225,0.16756701888455292
5,2,315311.6310031819,0.7785,2.5074232,0.1686480999277864
5,2,315316.63119945675,0.7785,2.509009,0.16972918178593457
5,2,315321.6313957316,0.7785,2.5104992,0.17081026353237042
5,2,315326.6315920064,0.7785,2.5123146,0.17189134265499983
5,2,315331.63178828126,0.7785,2.5136712,0.17297242081151745
5,2,315336.6319845556,0.7785,2.5153334,0.17405349980725854
5,2,315341.63218083046,0.7785,2.516709,0.17513458066736667
5,2,315346.6323771053,0.7785,2.5181422,0.1762156612288125
5,2,315351.63257338013,0.7785,2.5197089,0.17729674049575803
5,2,315356.63276965497,0.7785,2.5210655,0.17837782266658556
5,2,315361.6329659298,0.7785,2.5224602,0.17945890464010514
5,2,315366.6331622042,0.7785,2.5235302,0.18053998666862325
5,2,315371.63335847855,0.7785,2.5248868,0.18162106890467813
5,2,315376.6335547529,0.7785,2.5263772,0.1827021534316309
5,2,315381.6337510273,0.7785,2.527581,0.18378323630467067
5,2,315386.63394730166,0.7785,2.5287848,0.18486432027335972
5,2,315391.634143576,0.7785,2.5299695,0.18594540433176368
5,2,315396.6343398504,0.7785,2.5311348,0.18702648995773008
5,2,315401.63453612477,0.7785,2.5323195,0.18810757322729307
5,2,315406.63473239914,0.7785,2.5332367,0.18918865641063132
5,2,315411.6349286735,0.7785,2.5342112,0.19026973899152885
5,2,315416.6351249479,0.7785,2.5353003,0.1913508223626151
5,2,315421.63532122225,0.7785,2.5363321,0.19243190418821915
5,2,315426.6355174966,0.7785,2.5371153,0.19351298507922898
5,2,315431.635713771,0.7785,2.5383,0.194594066853977
5,2,315436.63591004536,0.7785,2.5390453,0.19567514796322263
5,2,315441.6361063197,0.7785,2.5400388,0.19675623078597596
5,2,315446.6363025941,0.7785,2.5407267,0.19783731142250377
5,2,315451.63649886847,0.7785,2.5415864,0.19891839160631775
5,2,315456.63669514284,0.7785,2.542408,0.19999947018640915
5,2,315461.6368914172,0.7785,2.5432105,0.20108054954602003
5,2,315466.6370876916,0.7785,2.5438411,0.2021616307901907
5,2,315471.63728396595,0.7785,2.5446246,0.20324271327454527
5,2,315476.6374802403,0.7785,2.545255,0.20432379469839412
5,2,315481.6376765147,0.7785,2.5462103,0.20540487660647444
5,2,315486.63787278906,0.7785,2.5469174,0.20648595771403788
5,2,315491.6380690634,0.7785,2.5473568,0.20756703888717307
5,2,315496.6382653378,0.7785,2.5480447,0.20864812364058044
5,2,315501.63846161216,0.7785,2.5485606,0.20972920566304537
5,2,315506.63865788653,0.7785,2.5494013,0.21081029069054802
5,2,315511.6388541609,0.7785,2.5496879,0.21189137655635026
5,2,315516.6390504353,0.7785,2.5504138,0.21297246445297877
5,2,315521.63924670964,0.7785,2.5510635,0.21405355061514855
5,2,315526.639442984,0.7785,2.551312,0.2151346365408336
5,2,315531.6396392584,0.7785,2.5518851,0.2162157228873804
5,2,315536.63983553275,0.7785,2.552363,0.21729681081777164
5,2,315541.6400318071,0.7785,2.5529933,0.2183778988813031
5,2,315546.6402280815,0.7785,2.553452,0.219458984293461
5,2,315551.64042435586,0.7785,2.553968,0.22054007088157881
5,2,315556.64062063023,0.7785,2.5544264,0.22162115604702315
5,2,315561.6408169046,0.7785,2.5548468,0.22270224150245402
5,2,315566.641013179,0.7785,2.5553436,0.2237833286937046
5,2,315571.64120945334,0.7785,2.5557065,0.22486441123674658
5,2,315576.6414057277,0.7785,2.5559359,0.2259454948864117
5,2,315581.6416020021,0.7785,2.5566237,0.227026579606914
5,2,315586.64179827645,0.7785,2.5569677,0.2281076586613557
5,2,315591.6419945508,0.7785,2.5572925,0.22918873842435428
5,2,315596.6421908252,0.7785,2.5577319,0.23026981824686144
5,2,315601.64238709956,0.7785,2.5579803,0.23135089933938463
5,2,315606.64258337393,0.7785,2.5584006,0.23243198244029628
5,2,315611.6427796483,0.7785,2.5587637,0.23351306658166
5,2,315616.6429759227,0.7785,2.559184,0.23459415026978003
5,2,315621.64317219704,0.7785,2.5595663,0.23567523386183065
5,2,315626.6433684714,0.7785,2.559719,0.23675631533033994
5,2,315631.6435647458,0.7785,2.5600438,0.23783739752513847
5,2,315636.64376102015,0.7785,2.5603688,0.23891847808391864
5,2,315641.6439572945,0.7785,2.5607126,0.23999955901015152
5,2,315646.6441535689,0.7785,2.5610185,0.24108063917240846
5,2,315651.64434984326,0.7785,2.561477,0.2421617190071942
5,2,315656.64454611763,0.7785,2.561668,0.24324279915794744
5,2,315661.644742392,0.7785,2.5619354,0.2443238788955511
5,2,315666.6449386664,0.7785,2.5623941,0.24540495903417814
5,2,315671.64513494074,0.7785,2.5626616,0.24648603997539825
5,2,315676.6453312151,0.7785,2.563063,0.24756712035145376
5,2,315681.6455274895,0.7785,2.5631583,0.24864819899932558
5,2,315686.64572376385,0.7785,2.5634832,0.24972927952799548
5,2,315691.6459200382,0.7785,2.5637126,0.25081035826049597
5,2,315696.6461163126,0.7785,2.5639608,0.25189143499281025
5,2,315701.64631258696,0.7785,2.5641901,0.252972512857179
5,2,315706.64650886133,0.7785,2.5644958,0.254053591728502
5,2,315711.6467051357,0.7785,2.564878,0.25513467154598585
5,2,315716.6469014101,0.7785,2.5650117,0.2562157517187034
5,2,315721.64709768444,0.7785,2.5652602,0.2572968293521108
5,2,315726.6472939588,0.7785,2.5655086,0.2583779082603224
5,2,315731.6474902332,0.7785,2.5657377,0.2594589858888886
5,2,315736.64768650755,0.7785,2.5661964,0.26054006583478734
5,2,315741.6478827819,0.7785,2.5662346,0.2616211454687485
5,2,315746.6480790563,0.7785,2.5667124,0.2627022250940802
5,2,315751.64827533066,0.7785,2.5667887,0.2637833026393389
5,2,315756.6484716055,0.7785,2.566999,0.2648643818343615
5,2,315761.64866788033,0.7785,2.5672855,0.2659454614820549
5,2,315766.64886415517,0.7785,2.5673428,0.2670265409301853
5,2,315771.64906043,0.7785,2.5678396,0.268107620109714
5,2,315776.64925670484,0.7785,2.5679924,0.26918869984732097
5,2,315781.6494529797,0.7785,2.5683172,0.2702697781989279
5,2,315786.6496492545,0.7785,2.5686803,0.271350857392063
5,2,315791.64984552935,0.7785,2.5688906,0.2724319367608265
5,2,315796.6500418042,0.7785,2.5689669,0.2735130157650414
5,2,315801.650238079,0.7785,2.5691006,0.2745940955214768
5,2,315806.6504343534,0.7785,2.5694828,0.2756751750106119
5,2,315811.6506306282,0.7785,2.5697694,0.27675625339633586
5,2,315816.65082690306,0.7785,2.5699413,0.2778373336328337
5,2,315821.6510231779,0.7785,2.570056,0.27891841374526116
5,2,315826.65121945273,0.7785,2.5704,0.27999949651014167
5,2,315831.65141572757,0.7785,2.5706484,0.2810805826497345
5,2,315836.6516120024,0.7785,2.5707822,0.28216166644872914
5,2,315841.65180827724,0.7785,2.5710878,0.2832427492488029
5,2,315846.6520045521,0.7785,2.5712407,0.28432383280284557
5,2,315851.6522008269,0.7785,2.5715082,0.2854049158411028
5,2,315856.6523971015,0.7785,2.57168,0.2864859989563526
5,2,315861.6525933761,0.7785,2.5718904,0.28756708056467123
5,2,315866.6527896507,0.7785,2.5721004,0.288648161389202
5,2,315871.6529859253,0.7785,2.5723488,0.28972924418567964
5,2,315876.6531821999,0.7785,2.572712,0.2908103258198634
5,2,315881.6533784745,0.7785,2.5729604,0.29189140538483543
5,2,315886.6535747491,0.7785,2.5731514,0.29297248537660325
5,2,315891.65377102373,0.7785,2.573438,0.29405356803224836
5,2,315896.65396729833,0.7785,2.573476,0.2951346487701471
5,2,315901.65416357294,0.7785,2.573763,0.2962157297282254
5,2,315906.65435984766,0.7785,2.573973,0.2972968081430199
5,2,315911.6545561224,0.7785,2.5742404,0.2983778878407249
5,2,315916.6547523971,0.7785,2.574336,0.29945896741294886
5,2,315921.6549486718,0.7785,2.5746417,0.3005400462688972
5,2,315926.65514494653,0.7785,2.5747945,0.3016211250053415
5,2,315931.6553412215,0.7785,2.5749474,0.3027022060082193
5,2,315936.6555374962,0.7785,2.5751958,0.303783283832696
5,2,315941.6557337709,0.7785,2.5756161,0.3048643619790444
5,2,315946.65593004564,0.7785,2.5756352,0.30594543808404295
5,2,315951.65612632036,0.7785,2.5760365,0.30702651486827287
5,2,315956.6563225951,0.7785,2.5762086,0.3081075915182864
5,2,315961.6565188698,0.7785,2.5763805,0.3091886678240533
5,2,315966.6567151445,0.7785,2.5767052,0.31026974430156434
5,2,315971.6569114192,0.7785,2.5768774,0.311350820268353
5,2,315976.6571076939,0.7785,2.577164,0.31243189893094714
5,2,315981.65730396856,0.7785,2.5772212,0.313512978597863
5,2,315986.6575002433,0.7785,2.5775461,0.3145940569250022
5,2,315991.6576965179,0.7785,2.57789,0.315675134378887
5,2,315996.6578927926,0.7785,2.5780618,0.31675621335099813
5,2,316001.6580890673,0.7785,2.578272,0.31783729219752893
5,2,316006.6582853419,0.7785,2.5783484,0.3189183689799343
5,2,316011.6584816165,0.7785,2.5785587,0.31999944427808136
5,2,316016.65867789113,0.7785,2.5789027,0.3210805201513603
5,2,316021.65887416573,0.7785,2.5790746,0.3221615976564554
5,2,316026.65907044034,0.7785,2.579323,0.3232426729159058
5,2,316031.65926671494,0.7785,2.5795522,0.3243237498938376
5,2,316036.65946298954,0.7785,2.5798006,0.3254048268687395
5,2,316041.65965926414,0.7785,2.58003,0.3264859043744075
5,2,316046.65985553875,0.7785,2.5803356,0.3275669824362233
5,2,316051.66005181335,0.7785,2.5803928,0.3286480597244933
5,2,316056.6602480882,0.7785,2.5806222,0.3297291354692745
5,2,316061.660444363,0.7785,2.5810235,0.33081020925269206
5,2,316066.66064063786,0.7785,2.581272,0.3318912857002319
5,2,316071.6608369122,0.7785,2.5813866,0.33297236275291786
5,2,316076.66103318706,0.7785,2.5814822,0.3340534399041237
5,2,316081.6612294619,0.7785,2.5817494,0.33513451863568705
5,2,316086.66142573673,0.7785,2.5818832,0.33621559581741706
5,2,316091.66162201157,0.7785,2.5822654,0.3372966726055047
5,2,316096.6618182864,0.7785,2.5826285,0.3383777519051765
5,2,316101.66201456124,0.7785,2.5827622,0.3394588319779669
5,2,316106.6622108361,0.7785,2.5828578,0.3405399108527337
5,2,316111.6624071109,0.7785,2.5831444,0.3416209889120527
5,2,316116.66260338575,0.7785,2.5832973,0.3427020670263239
5,2,316121.6627996606,0.7785,2.5837367,0.3437831416032117
5,2,316126.6629959354,0.7785,2.5838132,0.3448642167137002
5,2,316131.66319221025,0.7785,2.584138,0.34594529088248166
5,2,316136.6633884851,0.7785,2.5843673,0.34702636301647644
5,2,316141.6635847599,0.7785,2.5846157,0.3481074342287615
5,2,316146.66378103476,0.7785,2.5847685,0.3491885066144667
5,2,316151.6639773096,0.7785,2.5851123,0.3502695791510644
5,2,316156.66417358443,0.7785,2.585246,0.3513506521155737
5,2,316161.6643698588,0.7785,2.585552,0.3524317251117331
5,2,316166.6645661332,0.7785,2.585762,0.35351280083983827
5,2,316171.66476240754,0.7785,2.5859723,0.35459387549051663
5,2,316176.6649586819,0.7785,2.5861633,0.35567494897240753
5,2,316181.6651549563,0.7785,2.5864308,0.35675602236616966
5,2,316186.66535123065,0.7785,2.5865836,0.35783709727872104
5,2,316191.665547505,0.7785,2.587023,0.35891817380451846
5,2,316196.6657437794,0.7785,2.5872142,0.35999925105052216
5,2,316201.66594005376,0.7785,2.5876155,0.3610803296478592
5,2,316206.66613632813,0.7785,2.5877683,0.362161407483972
5,2,316211.6663326025,0.7785,2.5879784,0.363242484755013
5,2,316216.66652887687,0.7785,2.5885134,0.36432356336082045
5,2,316221.66672515124,0.7785,2.5886662,0.3654046420203417
5,2,316226.6669214256,0.7785,2.5890484,0.36648572251273553
5,2,316231.6671177,0.7785,2.5891821,0.3675668011248015
5,2,316236.66731397435,0.7785,2.5892968,0.36864787770313384
5,2,316241.6675102487,0.7785,2.5895834,0.36972895648606646
5,2,316246.6677065231,0.7785,2.5897555,0.37081003513457406
5,2,316251.66790279746,0.7785,2.5901184,0.3718911135555277
5,2,316256.66809907183,0.7785,2.590386,0.37297219097832535
5,2,316261.6682953462,0.7785,2.5906343,0.3740532683377898
5,2,316266.66849162057,0.7785,2.590959,0.37513434584212996
5,2,316271.66868789494,0.7785,2.591303,0.3762154249197082
5,2,316276.6688841693,0.7785,2.5914369,0.37729650250017344
5,2,316281.6690804437,0.7785,2.5917616,0.37837758046337994
5,2,316286.66927671805,0.7785,2.5920675,0.3794586602917813
5,2,316291.6694729924,0.7785,2.5923731,0.3805397412888477
5,2,316296.6696692668,0.7785,2.5926023,0.381620821320193
5,2,316301.66986554116,0.7785,2.5927744,0.382701901108901
5,2,316306.67006181553,0.7785,2.5933094,0.38378298046011755
5,2,316311.6702580899,0.7785,2.5934813,0.3848640610158347
5,2,316316.67045436427,0.7785,2.593806,0.3859451423953046
5,2,316321.67065063864,0.7785,2.5941882,0.38702622242326234
5,2,316326.670846913,0.7785,2.594303,0.3881073040393064
5,2,316331.6710431874,0.7785,2.5947042,0.3891883849279916
5,2,316336.67123946175,0.7785,2.5951054,0.3902694659735828
5,2,316341.6714357361,0.7785,2.5951626,0.3913505459310614
5,2,316346.6716320105,0.7785,2.5956404,0.39243162695392997
5,2,316351.67182828486,0.7785,2.5958889,0.3935127077484167
5,2,316356.67202455923,0.7785,2.5963283,0.39459378792343563
5,2,316361.6722208336,0.7785,2.5965192,0.39567486987220274
5,2,316366.67241710797,0.7785,2.5968251,0.39675595159998894
5,2,316371.67261338234,0.7785,2.597016,0.3978370341979864
5,2,316376.6728096567,0.7785,2.5974746,0.39891811452599724
5,2,316381.6730059311,0.7785,2.5979142,0.399999195295152
5,2,316386.67320220545,0.7785,2.5982008,0.4010802750855819
5,2,316391.6733984798,0.7785,2.5984683,0.4021613550628989
5,2,316396.6735947542,0.7785,2.5986784,0.40324243440283364
5,2,316401.67379102856,0.7785,2.5989459,0.4043235156151059
5,2,316406.67398730293,0.7785,2.5994427,0.4054045958487427
5,2,316411.6741835773,0.7785,2.5997674,0.40648567534923913
5,2,316416.67437985167,0.7785,2.6000159,0.4075667538526558
5,2,316421.67457612604,0.7785,2.60036,0.40864783301411767
5,2,316426.6747724004,0.7785,2.6007802,0.4097289124737253
5,2,316431.6749686748,0.7785,2.6010094,0.41080999277721875
5,2,316436.67516494915,0.7785,2.6013916,0.41189107220526566
5,2,316441.6753612235,0.7785,2.6017928,0.4129721506061259
5,2,316446.6755574979,0.7785,2.602175,0.41405322708426284
5,2,316451.67575377226,0.7785,2.6024425,0.41513430318877464
5,2,316456.6759500466,0.7785,2.6029203,0.41621537993129126
5,2,316461.676146321,0.7785,2.6031113,0.41729645756050976
5,2,316466.67634259537,0.7785,2.6035507,0.4183775355963379
5,2,316471.67653886974,0.7785,2.6038756,0.4194586118221485
5,2,316476.6767351441,0.7785,2.604277,0.42053969083546633
5,2,316481.6769314185,0.7785,2.604506,0.4216207684792317
5,2,316486.67712769285,0.7785,2.6050029,0.42270184694985585
5,2,316491.6773239672,0.7785,2.6054614,0.42378292449113764
5,2,316496.6775202416,0.7785,2.6056716,0.42486400205807257
5,2,316501.67771651596,0.7785,2.6061492,0.42594507841186097
5,2,316506.6779127903,0.7785,2.6063976,0.4270261536929247
5,2,316511.6781090647,0.7785,2.6069708,0.4281072298764391
5,2,316516.67830533907,0.7785,2.607353,0.42918831006568375
5,2,316521.67850161344,0.7785,2.6077352,0.43026938912207585
5,2,316526.6786978878,0.7785,2.6079645,0.4313504680958129
5,2,316531.6788941622,0.7785,2.6085567,0.43243154496937697
5,2,316536.67909043655,0.7785,2.6089008,0.4335126220294804
5,2,316541.6792867109,0.7785,2.60913,0.43459369997822944
5,2,316546.6794829853,0.7785,2.6096268,0.4356747781107893
5,2,316551.67967925966,0.7785,2.6100662,0.43675585890088514
5,2,316556.6798755345,0.7785,2.6103911,0.43783693748732777
5,2,316561.6800718093,0.7785,2.6108115,0.43891801630600663
5,2,316566.68026808416,0.7785,2.6112127,0.43999909508115753
5,2,316571.680464359,0.7785,2.611633,0.44108017230850166
5,2,316576.68066063384,0.7785,2.6120534,0.44216124991627576
5,2,316581.6808569087,0.7785,2.612531,0.44324232564107285
5,2,316586.6810531835,0.7785,2.6127603,0.444323403461268
5,2,316591.68124945834,0.7785,2.61341,0.4454044829714899
5,2,316596.6814457332,0.7785,2.6137922,0.4464855608770223
5,2,316601.681642008,0.7785,2.614155,0.4475666398032842
5,2,316606.68183828285,0.7785,2.6145754,0.4486477189493846
5,2,316611.6820345577,0.7785,2.6151679,0.449728797517767
5,2,316616.6822308325,0.7785,2.6155117,0.45080987687035445
5,2,316621.68242710736,0.7785,2.6160657,0.45189095679918306
5,2,316626.6826233822,0.7785,2.6163526,0.4529720389349498
5,2,316631.682819657,0.7785,2.6168683,0.4540531197644642
5,2,316636.68301593186,0.7785,2.6172504,0.4551342009748258
5,2,316641.6832122067,0.7785,2.6177855,0.45621528264355043
5,2,316646.68340848153,0.7785,2.6181486,0.4572963670800267
5,2,316651.68360475614,0.7785,2.6187217,0.458377448621757
5,2,316656.68380103074,0.7785,2.6193333,0.45945853346964766
5,2,316661.68399730534,0.7785,2.619849,0.4605396174612646
5,2,316666.6841935802,0.7785,2.620193,0.46162069970972386
5,2,316671.6843898548,0.7785,2.6205368,0.4627017835794096
5,2,316676.6845861294,0.7785,2.6211293,0.4637828659745327
5,2,316681.684782404,0.7785,2.621779,0.46486394775419815
5,2,316686.6849786786,0.7785,2.6220655,0.4659450287476651
5,2,316691.6851749532,0.7785,2.6227343,0.4670261104475033
5,2,316696.6853712278,0.7785,2.62325,0.46810719266922324
5,2,316701.6855675025,0.7785,2.623785,0.46918827499402943
5,2,316706.68576377723,0.7785,2.6242054,0.4702693593239789
5,2,316711.68596005195,0.7785,2.624664,0.47135044321834757
5,2,316716.6861563267,0.7785,2.6252372,0.47243152402097033
5,2,316721.6863526014,0.7785,2.6256957,0.47351260666271094
5,2,316726.6865488761,0.7785,2.6261926,0.4745936869901059
5,2,316731.6867451507,0.7785,2.626804,0.47567476746223086
5,2,316736.68694142543,0.7785,2.6272435,0.476755847641548
5,2,316741.68713770015,0.7785,2.6278932,0.47783692822837215
5,2,316746.68733397487,0.7785,2.6286001,0.4789180091407635
5,2,316751.6875302496,0.7785,2.6290777,0.4799990890833939
5,2,316756.68772652425,0.7785,2.6295745,0.48108016678603205
5,2,316761.68792279897,0.7785,2.630186,0.4821612427199852
5,2,316766.6881190737,0.7785,2.6308165,0.4832423203290507
5,2,316771.6883153484,0.7785,2.6314662,0.48432339802632773
5,2,316776.68851162307,0.7785,2.6320968,0.48540447302353096
5,2,316781.6887078978,0.7785,2.63267,0.48648554599126226
5,2,316786.6889041725,0.7785,2.6331284,0.48756661823791975
5,2,316791.6891004472,0.7785,2.6339118,0.48864769384582224
5,2,316796.68929672195,0.7785,2.634485,0.48972876936677145
5,2,316801.68949299655,0.7785,2.6350775,0.49080984710193387
5,2,316806.68968927115,0.7785,2.6356125,0.49189092801354706
5,2,316811.6898855453,0.7785,2.6364148,0.49297201032795224
5,2,316816.6900818199,0.7785,2.6368926,0.4940530896945667
5,2,316821.6902780945,0.7785,2.6378098,0.4951341699535156
5,2,316826.6904743691,0.7785,2.6382682,0.49621524997963556
5,2,316831.6906706437,0.7785,2.6388798,0.4972963297534656
5,2,316836.6908669183,0.7785,2.6397204,0.4983774076139799
5,2,316841.6910631929,0.7785,2.6404846,0.49945848719729036
5,2,316846.6912594675,0.7785,2.6413064,0.5005395660191183
5,2,316851.69145574234,0.7785,2.6417267,0.5016206456775505
5,2,316856.6916520172,0.7785,2.6426055,0.5027017260171214
5,2,316861.691848292,0.7785,2.6432743,0.5037828062112999
5,2,316866.69204456685,0.7785,2.643943,0.5048638848489926
5,2,316871.6922408417,0.7785,2.6447837,0.5059449639168057
5,2,316876.6924371165,0.7785,2.6454525,0.5070260421350571
5,2,316881.69263339136,0.7785,2.6463122,0.5081071198970317
5,2,316886.6928296662,0.7785,2.6470194,0.5091881977178792
5,2,316891.69302594103,0.7785,2.6476688,0.5102692762017521
5,2,316896.69322221586,0.7785,2.6484714,0.5113503512018164
5,2,316901.6934184907,0.7785,2.6492548,0.5124314233118666
5,2,316906.69361476554,0.7785,2.6500764,0.5135124972060958
5,2,316911.6938110404,0.7785,2.6509745,0.5145935731176243
5,2,316916.6940073152,0.7785,2.6516242,0.515674650544697
5,2,316921.69420359004,0.7785,2.6525795,0.5167557273776835
5,2,316926.6943998649,0.7785,2.6532674,0.5178368045214022
5,2,316931.6945961397,0.7785,2.65407,0.5189178815461336
5,2,316936.69479241455,0.7785,2.6549678,0.5199989607402786
5,2,316941.6949886894,0.7785,2.6557703,0.5210800429437132
5,2,316946.6951849642,0.7785,2.6568785,0.5221611279166445
5,2,316951.69538123906,0.7785,2.6576428,0.5232422114161754
5,2,316956.6955775134,0.7785,2.6584454,0.5243232948250345
5,2,316961.6957737878,0.7785,2.6593816,0.5254043764113259
5,2,316966.69597006217,0.7785,2.6602032,0.5264854605857338
5,2,316971.69616633654,0.7785,2.661101,0.5275665442646317
5,2,316976.6963626109,0.7785,2.6618845,0.5286476292609147
5,2,316981.6965588853,0.7785,2.6629546,0.5297287131636512
5,2,316986.69675515965,0.7785,2.6638908,0.5308097962857027
5,2,316991.696951434,0.7785,2.6649418,0.5318908795529047
5,2,316996.6971477084,0.7785,2.6660118,0.5329719609942641
5,2,317001.69734398276,0.7785,2.6669862,0.5340530408246126
5,2,317006.6975402571,0.7785,2.6681325,0.5351341211503353
5,2,317011.6977365315,0.7785,2.6689734,0.5362152002395166
5,2,317016.69793280587,0.7785,2.669986,0.5372962822046353
5,2,317021.69812908024,0.7785,2.6711323,0.5383773644466506
5,2,317026.6983253546,0.7785,2.671954,0.5394584468875865
5,2,317031.698521629,0.7785,2.6730814,0.5405395311736008
5,2,317036.69871790335,0.7785,2.6741896,0.5416206143103083
5,2,317041.6989141777,0.7785,2.675183,0.5427016975149718
5,2,317046.6991104521,0.7785,2.6761003,0.5437827810879191
5,2,317051.69930672646,0.7785,2.6771321,0.5448638663875104
5,2,317056.6995030008,0.7785,2.6783166,0.5459449492517386
5,2,317061.6996992752,0.7785,2.6794822,0.54702603169938
5,2,317066.69989554957,0.7785,2.6805904,0.5481071146175438
5,2,317071.70009182394,0.7785,2.681737,0.5491881970712749
5,2,317076.7002880983,0.7785,2.6827877,0.5502692789071078
5,2,317081.7004843727,0.7785,2.6838768,0.5513503629544186
5,2,317086.70068064705,0.7785,2.6850424,0.5524314458662809
5,2,317091.7008769214,0.7785,2.68638,0.5535125296885114
5,2,317096.7010731958,0.7785,2.687679,0.5545936134440277
5,2,317101.70126947016,0.7785,2.6888828,0.5556746966785365
5,2,317106.7014657445,0.7785,2.690144,0.5567557789138861
5,2,317111.7016620189,0.7785,2.6913476,0.5578368614611368
5,2,317116.70185829327,0.7785,2.6925323,0.5589179447137786
5,2,317121.70205456764,0.7785,2.69408,0.5599990274093655
5,2,317126.702250842,0.7785,2.695341,0.5610801086306347
5,2,317131.7024471164,0.7785,2.6965258,0.562161191284452
5,2,317136.70264339074,0.7785,2.6978824,0.5632422772393598
5,2,317141.7028396651,0.7785,2.6991816,0.564323361938007
5,2,317146.7030359395,0.7785,2.7007484,0.5654044496373044
5,2,317151.70323221385,0.7785,2.7019522,0.5664855352910267
5,2,317156.7034284882,0.7785,2.7034426,0.5675666243183851
5,2,317161.7036247626,0.7785,2.7047036,0.5686477103096352
5,2,317166.70382103696,0.7785,2.7062702,0.5697287967503044
5,2,317171.70401731133,0.7785,2.7077224,0.5708098823644923
5,2,317176.7042135857,0.7785,2.7089071,0.5718909670552486
5,2,317181.7044098601,0.7785,2.7106268,0.5729720530038118
5,2,317186.70460613444,0.7785,2.7122126,0.5740531406985627
5,2,317191.7048024088,0.7785,2.7136075,0.5751342284784224
5,2,317196.7049986832,0.7785,2.7151742,0.5762153146820274
5,2,317201.70519495755,0.7785,2.7168365,0.5772963988001817
5,2,317206.7053912319,0.7785,2.7183077,0.5783774805822645
5,2,317211.7055875063,0.7785,2.719951,0.5794585598140068
5,2,317216.70578378066,0.7785,2.721575,0.5805396405177257
5,2,317221.70598005503,0.7785,2.723161,0.5816207214777577
5,2,317226.7061763294,0.7785,2.724976,0.5827018041723842
5,2,317231.7063726038,0.7785,2.726543,0.5837828871183767
5,2,317236.70656887814,0.7785,2.7282627,0.5848639712316799
5,2,317241.7067651525,0.7785,2.729963,0.5859450570238605
5,2,317246.7069614269,0.7785,2.7316637,0.5870261421517373
5,2,317251.70715770125,0.7785,2.7336125,0.5881072249936469
5,2,317256.7073539756,0.7785,2.7354276,0.5891883096685782
5,2,317261.70755025,0.7785,2.7369754,0.5902693936588507
5,2,317266.70774652436,0.7785,2.7391918,0.5913504778773362
5,2,317271.70794279873,0.7785,2.7408159,0.5924315621270148
5,2,317276.7081390731,0.7785,2.7427266,0.5935126457324101
5,2,317281.7083353475,0.7785,2.7449048,0.594593726017499
5,2,317286.70853162184,0.7785,2.7468348,0.5956748090218678
5,2,317291.7087278962,0.7785,2.7487454,0.5967558921654331
5,2,317296.7089241706,0.7785,2.7510383,0.5978369753723681
5,2,317301.70912044495,0.7785,2.7530828,0.5989180596137286
5,2,317306.7093167193,0.7785,2.7552226,0.5999991433644302
5,2,317311.7095129937,0.7785,2.7571716,0.6010802267705772
5,2,317316.70970926806,0.7785,2.7595217,0.6021613086236987
5,2,317321.70990554243,0.7785,2.7617574,0.6032423885257548
5,2,317326.7101018168,0.7785,2.7638972,0.6043234701696077
5,2,317331.7102980912,0.7785,2.7661328,0.605404553193497
5,2,317336.71049436554,0.7785,2.768483,0.6064856346159881
5,2,317341.7106906399,0.7785,2.7709095,0.6075667160080082
5,2,317346.7108869143,0.7785,2.7732215,0.6086477985770014
5,2,317351.7110831891,0.7785,2.7756863,0.6097288797394937
5,2,317356.71127946395,0.7785,2.7780938,0.6108099616446667
5,2,317361.7114757388,0.7785,2.7805967,0.6118910445900897
5,2,317366.7116720136,0.7785,2.7829661,0.6129721277774645
5,2,317371.71186828846,0.7785,2.7856984,0.6140532095949424
5,2,317376.7120645633,0.7785,2.7883544,0.6151342916208113
5,2,317381.71226083813,0.7785,2.790953,0.6162153735049769
5,2,317386.71245711297,0.7785,2.7935896,0.6172964566545326
5,2,317391.7126533878,0.7785,2.7962074,0.6183775430387098
5,2,317396.71284966264,0.7785,2.799016,0.6194586276761531
5,2,317401.7130459375,0.7785,2.8017483,0.6205397124727606
5,2,317406.7132422123,0.7785,2.8044043,0.6216207975376487
5,2,317411.71343848715,0.7785,2.8074422,0.62270188281611
5,2,317416.713634762,0.7785,2.8102891,0.6237829676102473
5,2,317421.7138310368,0.7785,2.8132508,0.6248640500615312
5,2,317426.71402731165,0.7785,2.8164227,0.6259451336091864
5,2,317431.7142235865,0.7785,2.8195372,0.6270262164635731
5,2,317436.7144198613,0.7785,2.8223457,0.628107299348163
5,2,317441.71461613616,0.7785,2.8254983,0.62918838275432
5,2,317446.714812411,0.7785,2.8286893,0.6302694647237169
5,2,317451.7150086856,0.7785,2.8317273,0.6313505498822273
5,2,317456.7152049602,0.7785,2.835033,0.6324316320812611
5,2,317461.7154012348,0.7785,2.8383002,0.633512715012412
5,2,317466.7155975094,0.7785,2.8415103,0.6345937967067037
5,2,317471.715793784,0.7785,2.8448157,0.6356748797924989
5,2,317476.7159900586,0.7785,2.8481402,0.6367559630060237
5,2,317481.7161863332,0.7785,2.851446,0.6378370468490198
5,2,317486.7163826078,0.7785,2.854866,0.6389181306630778
5,2,317491.7165788824,0.7785,2.85842,0.6399992138075571
5,2,317496.716775157,0.7785,2.8621075,0.6410803007162916
5,2,317501.71697143174,0.7785,2.8656232,0.6421613864205818
5,2,317506.71716770646,0.7785,2.8692536,0.643242471798775
5,2,317511.7173639812,0.7785,2.872846,0.6443235555992929
5,2,317516.7175602559,0.7785,2.8763423,0.6454046373645969
5,2,317521.7177565306,0.7785,2.8800108,0.6464857190491001
5,2,317526.71795280534,0.7785,2.8837178,0.6475668029900101
5,2,317531.71814908006,0.7785,2.8876154,0.6486478827459853
5,2,317536.7183453548,0.7785,2.8915133,0.6497289598372222
5,2,317541.7185416295,0.7785,2.895564,0.6508100366722783
5,2,317546.7187379042,0.7785,2.8996148,0.6518911116602527
5,2,317551.7189341784,0.7785,2.9036272,0.652972183643355
5,2,317556.71913045313,0.7785,2.9077353,0.6540532554448849
5,2,317561.71932672785,0.7785,2.9119961,0.6551343260378479
5,2,317566.71952300257,0.7785,2.9163334,0.6562153988851248
5,2,317571.7197192773,0.7785,2.920709,0.6572964723315112
5,2,317576.71991555195,0.7785,2.924989,0.6583775461895174
5,2,317581.72011182667,0.7785,2.9294026,0.6594586211992012
5,2,317586.7203081014,0.7785,2.9339693,0.660539695340495
5,2,317591.7205043761,0.7785,2.938574,0.6616207698791464
5,2,317596.7207006508,0.7785,2.942988,0.6627018449523986
5,2,317601.72089692554,0.7785,2.9478602,0.6637829213170781
5,2,317606.72109320015,0.7785,2.9525986,0.6648639968940027
5,2,317611.72128947475,0.7785,2.9574137,0.6659450725955341
5,2,317616.72148574935,0.7785,2.962477,0.6670261470534147
5,2,317621.72168202396,0.7785,2.967483,0.6681072219352696
5,2,317626.72187829856,0.7785,2.9723363,0.6691882979228205
5,2,317631.72207457316,0.7785,2.9775333,0.670269372628918
5,2,317636.72227084776,0.7785,2.9827113,0.671350445091384
5,2,317641.72246712237,0.7785,2.9878895,0.6724315149054038
5,2,317646.72266339697,0.7785,2.9932013,0.6735125855361561
5,2,317651.7228596718,0.7785,2.998494,0.6745936567338944
5,2,317653.15405860194,0.7785,3.0000606,0.6749030890033749
5,2,317653.15425860183,0.7785,2.9998696,0.6749031322413855
